run_id,constraint_id,constraint_type,day,hour,asset_type,asset_id,constraint_name,active_flag,local_row,global_row,unit
20260718_162525_stage_0_6a88ecee,EQ-DURATION-S01,equality,0,0,storage,1,storage_duration,true,1,1,MWh
20260718_162525_stage_0_6a88ecee,EQ-DURATION-S02,equality,0,0,storage,2,storage_duration,true,2,2,MWh
20260718_162525_stage_0_6a88ecee,EQ-QBIND-D001-QW1,equality,1,0,wind_capacity,1,daily_capacity_binding,true,1,3,MW
20260718_162525_stage_0_6a88ecee,EQ-QBIND-D001-QW2,equality,1,0,wind_capacity,2,daily_capacity_binding,true,2,4,MW
20260718_162525_stage_0_6a88ecee,EQ-QBIND-D001-QW3,equality,1,0,wind_capacity,3,daily_capacity_binding,true,3,5,MW
20260718_162525_stage_0_6a88ecee,EQ-QBIND-D001-QW4,equality,1,0,wind_capacity,4,daily_capacity_binding,true,4,6,MW
20260718_162525_stage_0_6a88ecee,EQ-QBIND-D001-QW5,equality,1,0,wind_capacity,5,daily_capacity_binding,true,5,7,MW
20260718_162525_stage_0_6a88ecee,EQ-QBIND-D001-QP1,equality,1,0,solar_capacity,1,daily_capacity_binding,true,6,8,MW
20260718_162525_stage_0_6a88ecee,EQ-QBIND-D001-QP2,equality,1,0,solar_capacity,2,daily_capacity_binding,true,7,9,MW
20260718_162525_stage_0_6a88ecee,EQ-QBIND-D001-QP3,equality,1,0,solar_capacity,3,daily_capacity_binding,true,8,10,MW
20260718_162525_stage_0_6a88ecee,EQ-QBIND-D001-QP4,equality,1,0,solar_capacity,4,daily_capacity_binding,true,9,11,MW
20260718_162525_stage_0_6a88ecee,EQ-QBIND-D001-QP5,equality,1,0,solar_capacity,5,daily_capacity_binding,true,10,12,MW
20260718_162525_stage_0_6a88ecee,EQ-QBIND-D001-QS1,equality,1,0,storage_power_capacity,1,daily_capacity_binding,true,11,13,MW
20260718_162525_stage_0_6a88ecee,EQ-QBIND-D001-QS2,equality,1,0,storage_power_capacity,2,daily_capacity_binding,true,12,14,MW
20260718_162525_stage_0_6a88ecee,EQ-QBIND-D001-ES1,equality,1,0,storage_energy_capacity,1,daily_capacity_binding,true,13,15,MWh
20260718_162525_stage_0_6a88ecee,EQ-QBIND-D001-ES2,equality,1,0,storage_energy_capacity,2,daily_capacity_binding,true,14,16,MWh
20260718_162525_stage_0_6a88ecee,EQ-BAL-D001-H01,equality,1,1,system,0,hourly_power_balance,true,1,17,MW
20260718_162525_stage_0_6a88ecee,EQ-SOC-D001-H01-S01,equality,1,1,storage,1,soc_dynamics,true,2,18,MWh
20260718_162525_stage_0_6a88ecee,EQ-SOC-D001-H01-S02,equality,1,1,storage,2,soc_dynamics,true,3,19,MWh
20260718_162525_stage_0_6a88ecee,EQ-BAL-D001-H02,equality,1,2,system,0,hourly_power_balance,true,1,20,MW
20260718_162525_stage_0_6a88ecee,EQ-SOC-D001-H02-S01,equality,1,2,storage,1,soc_dynamics,true,2,21,MWh
20260718_162525_stage_0_6a88ecee,EQ-SOC-D001-H02-S02,equality,1,2,storage,2,soc_dynamics,true,3,22,MWh
20260718_162525_stage_0_6a88ecee,EQ-BAL-D001-H03,equality,1,3,system,0,hourly_power_balance,true,1,23,MW
20260718_162525_stage_0_6a88ecee,EQ-SOC-D001-H03-S01,equality,1,3,storage,1,soc_dynamics,true,2,24,MWh
20260718_162525_stage_0_6a88ecee,EQ-SOC-D001-H03-S02,equality,1,3,storage,2,soc_dynamics,true,3,25,MWh
20260718_162525_stage_0_6a88ecee,EQ-BAL-D001-H04,equality,1,4,system,0,hourly_power_balance,true,1,26,MW
20260718_162525_stage_0_6a88ecee,EQ-SOC-D001-H04-S01,equality,1,4,storage,1,soc_dynamics,true,2,27,MWh
20260718_162525_stage_0_6a88ecee,EQ-SOC-D001-H04-S02,equality,1,4,storage,2,soc_dynamics,true,3,28,MWh
20260718_162525_stage_0_6a88ecee,EQ-BAL-D001-H05,equality,1,5,system,0,hourly_power_balance,true,1,29,MW
20260718_162525_stage_0_6a88ecee,EQ-SOC-D001-H05-S01,equality,1,5,storage,1,soc_dynamics,true,2,30,MWh
20260718_162525_stage_0_6a88ecee,EQ-SOC-D001-H05-S02,equality,1,5,storage,2,soc_dynamics,true,3,31,MWh
20260718_162525_stage_0_6a88ecee,EQ-BAL-D001-H06,equality,1,6,system,0,hourly_power_balance,true,1,32,MW
20260718_162525_stage_0_6a88ecee,EQ-SOC-D001-H06-S01,equality,1,6,storage,1,soc_dynamics,true,2,33,MWh
20260718_162525_stage_0_6a88ecee,EQ-SOC-D001-H06-S02,equality,1,6,storage,2,soc_dynamics,true,3,34,MWh
20260718_162525_stage_0_6a88ecee,EQ-BAL-D001-H07,equality,1,7,system,0,hourly_power_balance,true,1,35,MW
20260718_162525_stage_0_6a88ecee,EQ-SOC-D001-H07-S01,equality,1,7,storage,1,soc_dynamics,true,2,36,MWh
20260718_162525_stage_0_6a88ecee,EQ-SOC-D001-H07-S02,equality,1,7,storage,2,soc_dynamics,true,3,37,MWh
20260718_162525_stage_0_6a88ecee,EQ-BAL-D001-H08,equality,1,8,system,0,hourly_power_balance,true,1,38,MW
20260718_162525_stage_0_6a88ecee,EQ-SOC-D001-H08-S01,equality,1,8,storage,1,soc_dynamics,true,2,39,MWh
20260718_162525_stage_0_6a88ecee,EQ-SOC-D001-H08-S02,equality,1,8,storage,2,soc_dynamics,true,3,40,MWh
20260718_162525_stage_0_6a88ecee,EQ-BAL-D001-H09,equality,1,9,system,0,hourly_power_balance,true,1,41,MW
20260718_162525_stage_0_6a88ecee,EQ-SOC-D001-H09-S01,equality,1,9,storage,1,soc_dynamics,true,2,42,MWh
20260718_162525_stage_0_6a88ecee,EQ-SOC-D001-H09-S02,equality,1,9,storage,2,soc_dynamics,true,3,43,MWh
20260718_162525_stage_0_6a88ecee,EQ-BAL-D001-H10,equality,1,10,system,0,hourly_power_balance,true,1,44,MW
20260718_162525_stage_0_6a88ecee,EQ-SOC-D001-H10-S01,equality,1,10,storage,1,soc_dynamics,true,2,45,MWh
20260718_162525_stage_0_6a88ecee,EQ-SOC-D001-H10-S02,equality,1,10,storage,2,soc_dynamics,true,3,46,MWh
20260718_162525_stage_0_6a88ecee,EQ-BAL-D001-H11,equality,1,11,system,0,hourly_power_balance,true,1,47,MW
20260718_162525_stage_0_6a88ecee,EQ-SOC-D001-H11-S01,equality,1,11,storage,1,soc_dynamics,true,2,48,MWh
20260718_162525_stage_0_6a88ecee,EQ-SOC-D001-H11-S02,equality,1,11,storage,2,soc_dynamics,true,3,49,MWh
20260718_162525_stage_0_6a88ecee,EQ-BAL-D001-H12,equality,1,12,system,0,hourly_power_balance,true,1,50,MW
20260718_162525_stage_0_6a88ecee,EQ-SOC-D001-H12-S01,equality,1,12,storage,1,soc_dynamics,true,2,51,MWh
20260718_162525_stage_0_6a88ecee,EQ-SOC-D001-H12-S02,equality,1,12,storage,2,soc_dynamics,true,3,52,MWh
20260718_162525_stage_0_6a88ecee,EQ-BAL-D001-H13,equality,1,13,system,0,hourly_power_balance,true,1,53,MW
20260718_162525_stage_0_6a88ecee,EQ-SOC-D001-H13-S01,equality,1,13,storage,1,soc_dynamics,true,2,54,MWh
20260718_162525_stage_0_6a88ecee,EQ-SOC-D001-H13-S02,equality,1,13,storage,2,soc_dynamics,true,3,55,MWh
20260718_162525_stage_0_6a88ecee,EQ-BAL-D001-H14,equality,1,14,system,0,hourly_power_balance,true,1,56,MW
20260718_162525_stage_0_6a88ecee,EQ-SOC-D001-H14-S01,equality,1,14,storage,1,soc_dynamics,true,2,57,MWh
20260718_162525_stage_0_6a88ecee,EQ-SOC-D001-H14-S02,equality,1,14,storage,2,soc_dynamics,true,3,58,MWh
20260718_162525_stage_0_6a88ecee,EQ-BAL-D001-H15,equality,1,15,system,0,hourly_power_balance,true,1,59,MW
20260718_162525_stage_0_6a88ecee,EQ-SOC-D001-H15-S01,equality,1,15,storage,1,soc_dynamics,true,2,60,MWh
20260718_162525_stage_0_6a88ecee,EQ-SOC-D001-H15-S02,equality,1,15,storage,2,soc_dynamics,true,3,61,MWh
20260718_162525_stage_0_6a88ecee,EQ-BAL-D001-H16,equality,1,16,system,0,hourly_power_balance,true,1,62,MW
20260718_162525_stage_0_6a88ecee,EQ-SOC-D001-H16-S01,equality,1,16,storage,1,soc_dynamics,true,2,63,MWh
20260718_162525_stage_0_6a88ecee,EQ-SOC-D001-H16-S02,equality,1,16,storage,2,soc_dynamics,true,3,64,MWh
20260718_162525_stage_0_6a88ecee,EQ-BAL-D001-H17,equality,1,17,system,0,hourly_power_balance,true,1,65,MW
20260718_162525_stage_0_6a88ecee,EQ-SOC-D001-H17-S01,equality,1,17,storage,1,soc_dynamics,true,2,66,MWh
20260718_162525_stage_0_6a88ecee,EQ-SOC-D001-H17-S02,equality,1,17,storage,2,soc_dynamics,true,3,67,MWh
20260718_162525_stage_0_6a88ecee,EQ-BAL-D001-H18,equality,1,18,system,0,hourly_power_balance,true,1,68,MW
20260718_162525_stage_0_6a88ecee,EQ-SOC-D001-H18-S01,equality,1,18,storage,1,soc_dynamics,true,2,69,MWh
20260718_162525_stage_0_6a88ecee,EQ-SOC-D001-H18-S02,equality,1,18,storage,2,soc_dynamics,true,3,70,MWh
20260718_162525_stage_0_6a88ecee,EQ-BAL-D001-H19,equality,1,19,system,0,hourly_power_balance,true,1,71,MW
20260718_162525_stage_0_6a88ecee,EQ-SOC-D001-H19-S01,equality,1,19,storage,1,soc_dynamics,true,2,72,MWh
20260718_162525_stage_0_6a88ecee,EQ-SOC-D001-H19-S02,equality,1,19,storage,2,soc_dynamics,true,3,73,MWh
20260718_162525_stage_0_6a88ecee,EQ-BAL-D001-H20,equality,1,20,system,0,hourly_power_balance,true,1,74,MW
20260718_162525_stage_0_6a88ecee,EQ-SOC-D001-H20-S01,equality,1,20,storage,1,soc_dynamics,true,2,75,MWh
20260718_162525_stage_0_6a88ecee,EQ-SOC-D001-H20-S02,equality,1,20,storage,2,soc_dynamics,true,3,76,MWh
20260718_162525_stage_0_6a88ecee,EQ-BAL-D001-H21,equality,1,21,system,0,hourly_power_balance,true,1,77,MW
20260718_162525_stage_0_6a88ecee,EQ-SOC-D001-H21-S01,equality,1,21,storage,1,soc_dynamics,true,2,78,MWh
20260718_162525_stage_0_6a88ecee,EQ-SOC-D001-H21-S02,equality,1,21,storage,2,soc_dynamics,true,3,79,MWh
20260718_162525_stage_0_6a88ecee,EQ-BAL-D001-H22,equality,1,22,system,0,hourly_power_balance,true,1,80,MW
20260718_162525_stage_0_6a88ecee,EQ-SOC-D001-H22-S01,equality,1,22,storage,1,soc_dynamics,true,2,81,MWh
20260718_162525_stage_0_6a88ecee,EQ-SOC-D001-H22-S02,equality,1,22,storage,2,soc_dynamics,true,3,82,MWh
20260718_162525_stage_0_6a88ecee,EQ-BAL-D001-H23,equality,1,23,system,0,hourly_power_balance,true,1,83,MW
20260718_162525_stage_0_6a88ecee,EQ-SOC-D001-H23-S01,equality,1,23,storage,1,soc_dynamics,true,2,84,MWh
20260718_162525_stage_0_6a88ecee,EQ-SOC-D001-H23-S02,equality,1,23,storage,2,soc_dynamics,true,3,85,MWh
20260718_162525_stage_0_6a88ecee,EQ-BAL-D001-H24,equality,1,24,system,0,hourly_power_balance,true,1,86,MW
20260718_162525_stage_0_6a88ecee,EQ-SOC-D001-H24-S01,equality,1,24,storage,1,soc_dynamics,true,2,87,MWh
20260718_162525_stage_0_6a88ecee,EQ-SOC-D001-H24-S02,equality,1,24,storage,2,soc_dynamics,true,3,88,MWh
20260718_162525_stage_0_6a88ecee,EQ-SOC-END-D001-S01,equality,1,24,storage,1,terminal_soc,true,4,89,MWh
20260718_162525_stage_0_6a88ecee,EQ-SOC-END-D001-S02,equality,1,24,storage,2,terminal_soc,true,5,90,MWh
20260718_162525_stage_0_6a88ecee,INEQ-Q-LOWER-QW1,inequality,0,0,wind_capacity,1,global_capacity_lower_bound,true,1,91,MW
20260718_162525_stage_0_6a88ecee,INEQ-Q-UPPER-QW1,inequality,0,0,wind_capacity,1,global_capacity_upper_bound,true,2,92,MW
20260718_162525_stage_0_6a88ecee,INEQ-Q-LOWER-QW2,inequality,0,0,wind_capacity,2,global_capacity_lower_bound,true,3,93,MW
20260718_162525_stage_0_6a88ecee,INEQ-Q-UPPER-QW2,inequality,0,0,wind_capacity,2,global_capacity_upper_bound,true,4,94,MW
20260718_162525_stage_0_6a88ecee,INEQ-Q-LOWER-QW3,inequality,0,0,wind_capacity,3,global_capacity_lower_bound,true,5,95,MW
20260718_162525_stage_0_6a88ecee,INEQ-Q-UPPER-QW3,inequality,0,0,wind_capacity,3,global_capacity_upper_bound,true,6,96,MW
20260718_162525_stage_0_6a88ecee,INEQ-Q-LOWER-QW4,inequality,0,0,wind_capacity,4,global_capacity_lower_bound,true,7,97,MW
20260718_162525_stage_0_6a88ecee,INEQ-Q-UPPER-QW4,inequality,0,0,wind_capacity,4,global_capacity_upper_bound,true,8,98,MW
20260718_162525_stage_0_6a88ecee,INEQ-Q-LOWER-QW5,inequality,0,0,wind_capacity,5,global_capacity_lower_bound,true,9,99,MW
20260718_162525_stage_0_6a88ecee,INEQ-Q-UPPER-QW5,inequality,0,0,wind_capacity,5,global_capacity_upper_bound,true,10,100,MW
20260718_162525_stage_0_6a88ecee,INEQ-Q-LOWER-QP1,inequality,0,0,solar_capacity,1,global_capacity_lower_bound,true,11,101,MW
20260718_162525_stage_0_6a88ecee,INEQ-Q-UPPER-QP1,inequality,0,0,solar_capacity,1,global_capacity_upper_bound,true,12,102,MW
20260718_162525_stage_0_6a88ecee,INEQ-Q-LOWER-QP2,inequality,0,0,solar_capacity,2,global_capacity_lower_bound,true,13,103,MW
20260718_162525_stage_0_6a88ecee,INEQ-Q-UPPER-QP2,inequality,0,0,solar_capacity,2,global_capacity_upper_bound,true,14,104,MW
20260718_162525_stage_0_6a88ecee,INEQ-Q-LOWER-QP3,inequality,0,0,solar_capacity,3,global_capacity_lower_bound,true,15,105,MW
20260718_162525_stage_0_6a88ecee,INEQ-Q-UPPER-QP3,inequality,0,0,solar_capacity,3,global_capacity_upper_bound,true,16,106,MW
20260718_162525_stage_0_6a88ecee,INEQ-Q-LOWER-QP4,inequality,0,0,solar_capacity,4,global_capacity_lower_bound,true,17,107,MW
20260718_162525_stage_0_6a88ecee,INEQ-Q-UPPER-QP4,inequality,0,0,solar_capacity,4,global_capacity_upper_bound,true,18,108,MW
20260718_162525_stage_0_6a88ecee,INEQ-Q-LOWER-QP5,inequality,0,0,solar_capacity,5,global_capacity_lower_bound,true,19,109,MW
20260718_162525_stage_0_6a88ecee,INEQ-Q-UPPER-QP5,inequality,0,0,solar_capacity,5,global_capacity_upper_bound,true,20,110,MW
20260718_162525_stage_0_6a88ecee,INEQ-Q-LOWER-QS1,inequality,0,0,storage_power_capacity,1,global_capacity_lower_bound,true,21,111,MW
20260718_162525_stage_0_6a88ecee,INEQ-Q-UPPER-QS1,inequality,0,0,storage_power_capacity,1,global_capacity_upper_bound,true,22,112,MW
20260718_162525_stage_0_6a88ecee,INEQ-Q-LOWER-QS2,inequality,0,0,storage_power_capacity,2,global_capacity_lower_bound,true,23,113,MW
20260718_162525_stage_0_6a88ecee,INEQ-Q-UPPER-QS2,inequality,0,0,storage_power_capacity,2,global_capacity_upper_bound,true,24,114,MW
20260718_162525_stage_0_6a88ecee,INEQ-Q-LOWER-ES1,inequality,0,0,storage_energy_capacity,1,global_capacity_lower_bound,true,25,115,MWh
20260718_162525_stage_0_6a88ecee,INEQ-Q-UPPER-ES1,inequality,0,0,storage_energy_capacity,1,global_capacity_upper_bound,true,26,116,MWh
20260718_162525_stage_0_6a88ecee,INEQ-Q-LOWER-ES2,inequality,0,0,storage_energy_capacity,2,global_capacity_lower_bound,true,27,117,MWh
20260718_162525_stage_0_6a88ecee,INEQ-Q-UPPER-ES2,inequality,0,0,storage_energy_capacity,2,global_capacity_upper_bound,true,28,118,MWh
20260718_162525_stage_0_6a88ecee,INEQ-LOWER-D001-H01-PW01,inequality,1,1,wind,1,pw_lower_bound,true,1,119,MW
20260718_162525_stage_0_6a88ecee,INEQ-UPPER-D001-H01-PW01,inequality,1,1,wind,1,pw_upper_bound,true,2,120,MW
20260718_162525_stage_0_6a88ecee,INEQ-LOWER-D001-H01-PW02,inequality,1,1,wind,2,pw_lower_bound,true,3,121,MW
20260718_162525_stage_0_6a88ecee,INEQ-UPPER-D001-H01-PW02,inequality,1,1,wind,2,pw_upper_bound,true,4,122,MW
20260718_162525_stage_0_6a88ecee,INEQ-LOWER-D001-H01-PW03,inequality,1,1,wind,3,pw_lower_bound,true,5,123,MW
20260718_162525_stage_0_6a88ecee,INEQ-UPPER-D001-H01-PW03,inequality,1,1,wind,3,pw_upper_bound,true,6,124,MW
20260718_162525_stage_0_6a88ecee,INEQ-LOWER-D001-H01-PW04,inequality,1,1,wind,4,pw_lower_bound,true,7,125,MW
20260718_162525_stage_0_6a88ecee,INEQ-UPPER-D001-H01-PW04,inequality,1,1,wind,4,pw_upper_bound,true,8,126,MW
20260718_162525_stage_0_6a88ecee,INEQ-LOWER-D001-H01-PW05,inequality,1,1,wind,5,pw_lower_bound,true,9,127,MW
20260718_162525_stage_0_6a88ecee,INEQ-UPPER-D001-H01-PW05,inequality,1,1,wind,5,pw_upper_bound,true,10,128,MW
20260718_162525_stage_0_6a88ecee,INEQ-LOWER-D001-H01-PH01,inequality,1,1,hydro,1,ph_lower_bound,true,11,129,MW
20260718_162525_stage_0_6a88ecee,INEQ-UPPER-D001-H01-PH01,inequality,1,1,hydro,1,ph_upper_bound,true,12,130,MW
20260718_162525_stage_0_6a88ecee,INEQ-LOWER-D001-H01-PH02,inequality,1,1,hydro,2,ph_lower_bound,true,13,131,MW
20260718_162525_stage_0_6a88ecee,INEQ-UPPER-D001-H01-PH02,inequality,1,1,hydro,2,ph_upper_bound,true,14,132,MW
20260718_162525_stage_0_6a88ecee,INEQ-LOWER-D001-H01-PH03,inequality,1,1,hydro,3,ph_lower_bound,true,15,133,MW
20260718_162525_stage_0_6a88ecee,INEQ-UPPER-D001-H01-PH03,inequality,1,1,hydro,3,ph_upper_bound,true,16,134,MW
20260718_162525_stage_0_6a88ecee,INEQ-LOWER-D001-H01-PH04,inequality,1,1,hydro,4,ph_lower_bound,true,17,135,MW
20260718_162525_stage_0_6a88ecee,INEQ-UPPER-D001-H01-PH04,inequality,1,1,hydro,4,ph_upper_bound,true,18,136,MW
20260718_162525_stage_0_6a88ecee,INEQ-LOWER-D001-H01-PF01,inequality,1,1,thermal,1,pf_lower_bound,true,19,137,MW
20260718_162525_stage_0_6a88ecee,INEQ-UPPER-D001-H01-PF01,inequality,1,1,thermal,1,pf_upper_bound,true,20,138,MW
20260718_162525_stage_0_6a88ecee,INEQ-LOWER-D001-H01-PF02,inequality,1,1,thermal,2,pf_lower_bound,true,21,139,MW
20260718_162525_stage_0_6a88ecee,INEQ-UPPER-D001-H01-PF02,inequality,1,1,thermal,2,pf_upper_bound,true,22,140,MW
20260718_162525_stage_0_6a88ecee,INEQ-LOWER-D001-H01-PF03,inequality,1,1,thermal,3,pf_lower_bound,true,23,141,MW
20260718_162525_stage_0_6a88ecee,INEQ-UPPER-D001-H01-PF03,inequality,1,1,thermal,3,pf_upper_bound,true,24,142,MW
20260718_162525_stage_0_6a88ecee,INEQ-LOWER-D001-H01-PF04,inequality,1,1,thermal,4,pf_lower_bound,true,25,143,MW
20260718_162525_stage_0_6a88ecee,INEQ-UPPER-D001-H01-PF04,inequality,1,1,thermal,4,pf_upper_bound,true,26,144,MW
20260718_162525_stage_0_6a88ecee,INEQ-LOWER-D001-H01-Pch01,inequality,1,1,storage,1,pch_lower_bound,true,27,145,MW
20260718_162525_stage_0_6a88ecee,INEQ-UPPER-D001-H01-Pch01,inequality,1,1,storage,1,pch_upper_bound,true,28,146,MW
20260718_162525_stage_0_6a88ecee,INEQ-LOWER-D001-H01-Pch02,inequality,1,1,storage,2,pch_lower_bound,true,29,147,MW
20260718_162525_stage_0_6a88ecee,INEQ-UPPER-D001-H01-Pch02,inequality,1,1,storage,2,pch_upper_bound,true,30,148,MW
20260718_162525_stage_0_6a88ecee,INEQ-LOWER-D001-H01-Pdis01,inequality,1,1,storage,1,pdis_lower_bound,true,31,149,MW
20260718_162525_stage_0_6a88ecee,INEQ-UPPER-D001-H01-Pdis01,inequality,1,1,storage,1,pdis_upper_bound,true,32,150,MW
20260718_162525_stage_0_6a88ecee,INEQ-LOWER-D001-H01-Pdis02,inequality,1,1,storage,2,pdis_lower_bound,true,33,151,MW
20260718_162525_stage_0_6a88ecee,INEQ-UPPER-D001-H01-Pdis02,inequality,1,1,storage,2,pdis_upper_bound,true,34,152,MW
20260718_162525_stage_0_6a88ecee,INEQ-LOWER-D001-H01-SOC01,inequality,1,1,storage,1,soc_lower_bound,true,35,153,MWh
20260718_162525_stage_0_6a88ecee,INEQ-UPPER-D001-H01-SOC01,inequality,1,1,storage,1,soc_upper_bound,true,36,154,MWh
20260718_162525_stage_0_6a88ecee,INEQ-LOWER-D001-H01-SOC02,inequality,1,1,storage,2,soc_lower_bound,true,37,155,MWh
20260718_162525_stage_0_6a88ecee,INEQ-UPPER-D001-H01-SOC02,inequality,1,1,storage,2,soc_upper_bound,true,38,156,MWh
20260718_162525_stage_0_6a88ecee,INEQ-LOWER-D001-H02-PW01,inequality,1,2,wind,1,pw_lower_bound,true,1,157,MW
20260718_162525_stage_0_6a88ecee,INEQ-UPPER-D001-H02-PW01,inequality,1,2,wind,1,pw_upper_bound,true,2,158,MW
20260718_162525_stage_0_6a88ecee,INEQ-LOWER-D001-H02-PW02,inequality,1,2,wind,2,pw_lower_bound,true,3,159,MW
20260718_162525_stage_0_6a88ecee,INEQ-UPPER-D001-H02-PW02,inequality,1,2,wind,2,pw_upper_bound,true,4,160,MW
20260718_162525_stage_0_6a88ecee,INEQ-LOWER-D001-H02-PW03,inequality,1,2,wind,3,pw_lower_bound,true,5,161,MW
20260718_162525_stage_0_6a88ecee,INEQ-UPPER-D001-H02-PW03,inequality,1,2,wind,3,pw_upper_bound,true,6,162,MW
20260718_162525_stage_0_6a88ecee,INEQ-LOWER-D001-H02-PW04,inequality,1,2,wind,4,pw_lower_bound,true,7,163,MW
20260718_162525_stage_0_6a88ecee,INEQ-UPPER-D001-H02-PW04,inequality,1,2,wind,4,pw_upper_bound,true,8,164,MW
20260718_162525_stage_0_6a88ecee,INEQ-LOWER-D001-H02-PW05,inequality,1,2,wind,5,pw_lower_bound,true,9,165,MW
20260718_162525_stage_0_6a88ecee,INEQ-UPPER-D001-H02-PW05,inequality,1,2,wind,5,pw_upper_bound,true,10,166,MW
20260718_162525_stage_0_6a88ecee,INEQ-LOWER-D001-H02-PH01,inequality,1,2,hydro,1,ph_lower_bound,true,11,167,MW
20260718_162525_stage_0_6a88ecee,INEQ-UPPER-D001-H02-PH01,inequality,1,2,hydro,1,ph_upper_bound,true,12,168,MW
20260718_162525_stage_0_6a88ecee,INEQ-LOWER-D001-H02-PH02,inequality,1,2,hydro,2,ph_lower_bound,true,13,169,MW
20260718_162525_stage_0_6a88ecee,INEQ-UPPER-D001-H02-PH02,inequality,1,2,hydro,2,ph_upper_bound,true,14,170,MW
20260718_162525_stage_0_6a88ecee,INEQ-LOWER-D001-H02-PH03,inequality,1,2,hydro,3,ph_lower_bound,true,15,171,MW
20260718_162525_stage_0_6a88ecee,INEQ-UPPER-D001-H02-PH03,inequality,1,2,hydro,3,ph_upper_bound,true,16,172,MW
20260718_162525_stage_0_6a88ecee,INEQ-LOWER-D001-H02-PH04,inequality,1,2,hydro,4,ph_lower_bound,true,17,173,MW
20260718_162525_stage_0_6a88ecee,INEQ-UPPER-D001-H02-PH04,inequality,1,2,hydro,4,ph_upper_bound,true,18,174,MW
20260718_162525_stage_0_6a88ecee,INEQ-LOWER-D001-H02-PF01,inequality,1,2,thermal,1,pf_lower_bound,true,19,175,MW
20260718_162525_stage_0_6a88ecee,INEQ-UPPER-D001-H02-PF01,inequality,1,2,thermal,1,pf_upper_bound,true,20,176,MW
20260718_162525_stage_0_6a88ecee,INEQ-LOWER-D001-H02-PF02,inequality,1,2,thermal,2,pf_lower_bound,true,21,177,MW
20260718_162525_stage_0_6a88ecee,INEQ-UPPER-D001-H02-PF02,inequality,1,2,thermal,2,pf_upper_bound,true,22,178,MW
20260718_162525_stage_0_6a88ecee,INEQ-LOWER-D001-H02-PF03,inequality,1,2,thermal,3,pf_lower_bound,true,23,179,MW
20260718_162525_stage_0_6a88ecee,INEQ-UPPER-D001-H02-PF03,inequality,1,2,thermal,3,pf_upper_bound,true,24,180,MW
20260718_162525_stage_0_6a88ecee,INEQ-LOWER-D001-H02-PF04,inequality,1,2,thermal,4,pf_lower_bound,true,25,181,MW
20260718_162525_stage_0_6a88ecee,INEQ-UPPER-D001-H02-PF04,inequality,1,2,thermal,4,pf_upper_bound,true,26,182,MW
20260718_162525_stage_0_6a88ecee,INEQ-LOWER-D001-H02-Pch01,inequality,1,2,storage,1,pch_lower_bound,true,27,183,MW
20260718_162525_stage_0_6a88ecee,INEQ-UPPER-D001-H02-Pch01,inequality,1,2,storage,1,pch_upper_bound,true,28,184,MW
20260718_162525_stage_0_6a88ecee,INEQ-LOWER-D001-H02-Pch02,inequality,1,2,storage,2,pch_lower_bound,true,29,185,MW
20260718_162525_stage_0_6a88ecee,INEQ-UPPER-D001-H02-Pch02,inequality,1,2,storage,2,pch_upper_bound,true,30,186,MW
20260718_162525_stage_0_6a88ecee,INEQ-LOWER-D001-H02-Pdis01,inequality,1,2,storage,1,pdis_lower_bound,true,31,187,MW
20260718_162525_stage_0_6a88ecee,INEQ-UPPER-D001-H02-Pdis01,inequality,1,2,storage,1,pdis_upper_bound,true,32,188,MW
20260718_162525_stage_0_6a88ecee,INEQ-LOWER-D001-H02-Pdis02,inequality,1,2,storage,2,pdis_lower_bound,true,33,189,MW
20260718_162525_stage_0_6a88ecee,INEQ-UPPER-D001-H02-Pdis02,inequality,1,2,storage,2,pdis_upper_bound,true,34,190,MW
20260718_162525_stage_0_6a88ecee,INEQ-LOWER-D001-H02-SOC01,inequality,1,2,storage,1,soc_lower_bound,true,35,191,MWh
20260718_162525_stage_0_6a88ecee,INEQ-UPPER-D001-H02-SOC01,inequality,1,2,storage,1,soc_upper_bound,true,36,192,MWh
20260718_162525_stage_0_6a88ecee,INEQ-LOWER-D001-H02-SOC02,inequality,1,2,storage,2,soc_lower_bound,true,37,193,MWh
20260718_162525_stage_0_6a88ecee,INEQ-UPPER-D001-H02-SOC02,inequality,1,2,storage,2,soc_upper_bound,true,38,194,MWh
20260718_162525_stage_0_6a88ecee,INEQ-LOWER-D001-H03-PW01,inequality,1,3,wind,1,pw_lower_bound,true,1,195,MW
20260718_162525_stage_0_6a88ecee,INEQ-UPPER-D001-H03-PW01,inequality,1,3,wind,1,pw_upper_bound,true,2,196,MW
20260718_162525_stage_0_6a88ecee,INEQ-LOWER-D001-H03-PW02,inequality,1,3,wind,2,pw_lower_bound,true,3,197,MW
20260718_162525_stage_0_6a88ecee,INEQ-UPPER-D001-H03-PW02,inequality,1,3,wind,2,pw_upper_bound,true,4,198,MW
20260718_162525_stage_0_6a88ecee,INEQ-LOWER-D001-H03-PW03,inequality,1,3,wind,3,pw_lower_bound,true,5,199,MW
20260718_162525_stage_0_6a88ecee,INEQ-UPPER-D001-H03-PW03,inequality,1,3,wind,3,pw_upper_bound,true,6,200,MW
20260718_162525_stage_0_6a88ecee,INEQ-LOWER-D001-H03-PW04,inequality,1,3,wind,4,pw_lower_bound,true,7,201,MW
20260718_162525_stage_0_6a88ecee,INEQ-UPPER-D001-H03-PW04,inequality,1,3,wind,4,pw_upper_bound,true,8,202,MW
20260718_162525_stage_0_6a88ecee,INEQ-LOWER-D001-H03-PW05,inequality,1,3,wind,5,pw_lower_bound,true,9,203,MW
20260718_162525_stage_0_6a88ecee,INEQ-UPPER-D001-H03-PW05,inequality,1,3,wind,5,pw_upper_bound,true,10,204,MW
20260718_162525_stage_0_6a88ecee,INEQ-LOWER-D001-H03-PH01,inequality,1,3,hydro,1,ph_lower_bound,true,11,205,MW
20260718_162525_stage_0_6a88ecee,INEQ-UPPER-D001-H03-PH01,inequality,1,3,hydro,1,ph_upper_bound,true,12,206,MW
20260718_162525_stage_0_6a88ecee,INEQ-LOWER-D001-H03-PH02,inequality,1,3,hydro,2,ph_lower_bound,true,13,207,MW
20260718_162525_stage_0_6a88ecee,INEQ-UPPER-D001-H03-PH02,inequality,1,3,hydro,2,ph_upper_bound,true,14,208,MW
20260718_162525_stage_0_6a88ecee,INEQ-LOWER-D001-H03-PH03,inequality,1,3,hydro,3,ph_lower_bound,true,15,209,MW
20260718_162525_stage_0_6a88ecee,INEQ-UPPER-D001-H03-PH03,inequality,1,3,hydro,3,ph_upper_bound,true,16,210,MW
20260718_162525_stage_0_6a88ecee,INEQ-LOWER-D001-H03-PH04,inequality,1,3,hydro,4,ph_lower_bound,true,17,211,MW
20260718_162525_stage_0_6a88ecee,INEQ-UPPER-D001-H03-PH04,inequality,1,3,hydro,4,ph_upper_bound,true,18,212,MW
20260718_162525_stage_0_6a88ecee,INEQ-LOWER-D001-H03-PF01,inequality,1,3,thermal,1,pf_lower_bound,true,19,213,MW
20260718_162525_stage_0_6a88ecee,INEQ-UPPER-D001-H03-PF01,inequality,1,3,thermal,1,pf_upper_bound,true,20,214,MW
20260718_162525_stage_0_6a88ecee,INEQ-LOWER-D001-H03-PF02,inequality,1,3,thermal,2,pf_lower_bound,true,21,215,MW
20260718_162525_stage_0_6a88ecee,INEQ-UPPER-D001-H03-PF02,inequality,1,3,thermal,2,pf_upper_bound,true,22,216,MW
20260718_162525_stage_0_6a88ecee,INEQ-LOWER-D001-H03-PF03,inequality,1,3,thermal,3,pf_lower_bound,true,23,217,MW
20260718_162525_stage_0_6a88ecee,INEQ-UPPER-D001-H03-PF03,inequality,1,3,thermal,3,pf_upper_bound,true,24,218,MW
20260718_162525_stage_0_6a88ecee,INEQ-LOWER-D001-H03-PF04,inequality,1,3,thermal,4,pf_lower_bound,true,25,219,MW
20260718_162525_stage_0_6a88ecee,INEQ-UPPER-D001-H03-PF04,inequality,1,3,thermal,4,pf_upper_bound,true,26,220,MW
20260718_162525_stage_0_6a88ecee,INEQ-LOWER-D001-H03-Pch01,inequality,1,3,storage,1,pch_lower_bound,true,27,221,MW
20260718_162525_stage_0_6a88ecee,INEQ-UPPER-D001-H03-Pch01,inequality,1,3,storage,1,pch_upper_bound,true,28,222,MW
20260718_162525_stage_0_6a88ecee,INEQ-LOWER-D001-H03-Pch02,inequality,1,3,storage,2,pch_lower_bound,true,29,223,MW
20260718_162525_stage_0_6a88ecee,INEQ-UPPER-D001-H03-Pch02,inequality,1,3,storage,2,pch_upper_bound,true,30,224,MW
20260718_162525_stage_0_6a88ecee,INEQ-LOWER-D001-H03-Pdis01,inequality,1,3,storage,1,pdis_lower_bound,true,31,225,MW
20260718_162525_stage_0_6a88ecee,INEQ-UPPER-D001-H03-Pdis01,inequality,1,3,storage,1,pdis_upper_bound,true,32,226,MW
20260718_162525_stage_0_6a88ecee,INEQ-LOWER-D001-H03-Pdis02,inequality,1,3,storage,2,pdis_lower_bound,true,33,227,MW
20260718_162525_stage_0_6a88ecee,INEQ-UPPER-D001-H03-Pdis02,inequality,1,3,storage,2,pdis_upper_bound,true,34,228,MW
20260718_162525_stage_0_6a88ecee,INEQ-LOWER-D001-H03-SOC01,inequality,1,3,storage,1,soc_lower_bound,true,35,229,MWh
20260718_162525_stage_0_6a88ecee,INEQ-UPPER-D001-H03-SOC01,inequality,1,3,storage,1,soc_upper_bound,true,36,230,MWh
20260718_162525_stage_0_6a88ecee,INEQ-LOWER-D001-H03-SOC02,inequality,1,3,storage,2,soc_lower_bound,true,37,231,MWh
20260718_162525_stage_0_6a88ecee,INEQ-UPPER-D001-H03-SOC02,inequality,1,3,storage,2,soc_upper_bound,true,38,232,MWh
20260718_162525_stage_0_6a88ecee,INEQ-LOWER-D001-H04-PW01,inequality,1,4,wind,1,pw_lower_bound,true,1,233,MW
20260718_162525_stage_0_6a88ecee,INEQ-UPPER-D001-H04-PW01,inequality,1,4,wind,1,pw_upper_bound,true,2,234,MW
20260718_162525_stage_0_6a88ecee,INEQ-LOWER-D001-H04-PW02,inequality,1,4,wind,2,pw_lower_bound,true,3,235,MW
20260718_162525_stage_0_6a88ecee,INEQ-UPPER-D001-H04-PW02,inequality,1,4,wind,2,pw_upper_bound,true,4,236,MW
20260718_162525_stage_0_6a88ecee,INEQ-LOWER-D001-H04-PW03,inequality,1,4,wind,3,pw_lower_bound,true,5,237,MW
20260718_162525_stage_0_6a88ecee,INEQ-UPPER-D001-H04-PW03,inequality,1,4,wind,3,pw_upper_bound,true,6,238,MW
20260718_162525_stage_0_6a88ecee,INEQ-LOWER-D001-H04-PW04,inequality,1,4,wind,4,pw_lower_bound,true,7,239,MW
20260718_162525_stage_0_6a88ecee,INEQ-UPPER-D001-H04-PW04,inequality,1,4,wind,4,pw_upper_bound,true,8,240,MW
20260718_162525_stage_0_6a88ecee,INEQ-LOWER-D001-H04-PW05,inequality,1,4,wind,5,pw_lower_bound,true,9,241,MW
20260718_162525_stage_0_6a88ecee,INEQ-UPPER-D001-H04-PW05,inequality,1,4,wind,5,pw_upper_bound,true,10,242,MW
20260718_162525_stage_0_6a88ecee,INEQ-LOWER-D001-H04-PH01,inequality,1,4,hydro,1,ph_lower_bound,true,11,243,MW
20260718_162525_stage_0_6a88ecee,INEQ-UPPER-D001-H04-PH01,inequality,1,4,hydro,1,ph_upper_bound,true,12,244,MW
20260718_162525_stage_0_6a88ecee,INEQ-LOWER-D001-H04-PH02,inequality,1,4,hydro,2,ph_lower_bound,true,13,245,MW
20260718_162525_stage_0_6a88ecee,INEQ-UPPER-D001-H04-PH02,inequality,1,4,hydro,2,ph_upper_bound,true,14,246,MW
20260718_162525_stage_0_6a88ecee,INEQ-LOWER-D001-H04-PH03,inequality,1,4,hydro,3,ph_lower_bound,true,15,247,MW
20260718_162525_stage_0_6a88ecee,INEQ-UPPER-D001-H04-PH03,inequality,1,4,hydro,3,ph_upper_bound,true,16,248,MW
20260718_162525_stage_0_6a88ecee,INEQ-LOWER-D001-H04-PH04,inequality,1,4,hydro,4,ph_lower_bound,true,17,249,MW
20260718_162525_stage_0_6a88ecee,INEQ-UPPER-D001-H04-PH04,inequality,1,4,hydro,4,ph_upper_bound,true,18,250,MW
20260718_162525_stage_0_6a88ecee,INEQ-LOWER-D001-H04-PF01,inequality,1,4,thermal,1,pf_lower_bound,true,19,251,MW
20260718_162525_stage_0_6a88ecee,INEQ-UPPER-D001-H04-PF01,inequality,1,4,thermal,1,pf_upper_bound,true,20,252,MW
20260718_162525_stage_0_6a88ecee,INEQ-LOWER-D001-H04-PF02,inequality,1,4,thermal,2,pf_lower_bound,true,21,253,MW
20260718_162525_stage_0_6a88ecee,INEQ-UPPER-D001-H04-PF02,inequality,1,4,thermal,2,pf_upper_bound,true,22,254,MW
20260718_162525_stage_0_6a88ecee,INEQ-LOWER-D001-H04-PF03,inequality,1,4,thermal,3,pf_lower_bound,true,23,255,MW
20260718_162525_stage_0_6a88ecee,INEQ-UPPER-D001-H04-PF03,inequality,1,4,thermal,3,pf_upper_bound,true,24,256,MW
20260718_162525_stage_0_6a88ecee,INEQ-LOWER-D001-H04-PF04,inequality,1,4,thermal,4,pf_lower_bound,true,25,257,MW
20260718_162525_stage_0_6a88ecee,INEQ-UPPER-D001-H04-PF04,inequality,1,4,thermal,4,pf_upper_bound,true,26,258,MW
20260718_162525_stage_0_6a88ecee,INEQ-LOWER-D001-H04-Pch01,inequality,1,4,storage,1,pch_lower_bound,true,27,259,MW
20260718_162525_stage_0_6a88ecee,INEQ-UPPER-D001-H04-Pch01,inequality,1,4,storage,1,pch_upper_bound,true,28,260,MW
20260718_162525_stage_0_6a88ecee,INEQ-LOWER-D001-H04-Pch02,inequality,1,4,storage,2,pch_lower_bound,true,29,261,MW
20260718_162525_stage_0_6a88ecee,INEQ-UPPER-D001-H04-Pch02,inequality,1,4,storage,2,pch_upper_bound,true,30,262,MW
20260718_162525_stage_0_6a88ecee,INEQ-LOWER-D001-H04-Pdis01,inequality,1,4,storage,1,pdis_lower_bound,true,31,263,MW
20260718_162525_stage_0_6a88ecee,INEQ-UPPER-D001-H04-Pdis01,inequality,1,4,storage,1,pdis_upper_bound,true,32,264,MW
20260718_162525_stage_0_6a88ecee,INEQ-LOWER-D001-H04-Pdis02,inequality,1,4,storage,2,pdis_lower_bound,true,33,265,MW
20260718_162525_stage_0_6a88ecee,INEQ-UPPER-D001-H04-Pdis02,inequality,1,4,storage,2,pdis_upper_bound,true,34,266,MW
20260718_162525_stage_0_6a88ecee,INEQ-LOWER-D001-H04-SOC01,inequality,1,4,storage,1,soc_lower_bound,true,35,267,MWh
20260718_162525_stage_0_6a88ecee,INEQ-UPPER-D001-H04-SOC01,inequality,1,4,storage,1,soc_upper_bound,true,36,268,MWh
20260718_162525_stage_0_6a88ecee,INEQ-LOWER-D001-H04-SOC02,inequality,1,4,storage,2,soc_lower_bound,true,37,269,MWh
20260718_162525_stage_0_6a88ecee,INEQ-UPPER-D001-H04-SOC02,inequality,1,4,storage,2,soc_upper_bound,true,38,270,MWh
20260718_162525_stage_0_6a88ecee,INEQ-LOWER-D001-H05-PW01,inequality,1,5,wind,1,pw_lower_bound,true,1,271,MW
20260718_162525_stage_0_6a88ecee,INEQ-UPPER-D001-H05-PW01,inequality,1,5,wind,1,pw_upper_bound,true,2,272,MW
20260718_162525_stage_0_6a88ecee,INEQ-LOWER-D001-H05-PW02,inequality,1,5,wind,2,pw_lower_bound,true,3,273,MW
20260718_162525_stage_0_6a88ecee,INEQ-UPPER-D001-H05-PW02,inequality,1,5,wind,2,pw_upper_bound,true,4,274,MW
20260718_162525_stage_0_6a88ecee,INEQ-LOWER-D001-H05-PW03,inequality,1,5,wind,3,pw_lower_bound,true,5,275,MW
20260718_162525_stage_0_6a88ecee,INEQ-UPPER-D001-H05-PW03,inequality,1,5,wind,3,pw_upper_bound,true,6,276,MW
20260718_162525_stage_0_6a88ecee,INEQ-LOWER-D001-H05-PW04,inequality,1,5,wind,4,pw_lower_bound,true,7,277,MW
20260718_162525_stage_0_6a88ecee,INEQ-UPPER-D001-H05-PW04,inequality,1,5,wind,4,pw_upper_bound,true,8,278,MW
20260718_162525_stage_0_6a88ecee,INEQ-LOWER-D001-H05-PW05,inequality,1,5,wind,5,pw_lower_bound,true,9,279,MW
20260718_162525_stage_0_6a88ecee,INEQ-UPPER-D001-H05-PW05,inequality,1,5,wind,5,pw_upper_bound,true,10,280,MW
20260718_162525_stage_0_6a88ecee,INEQ-LOWER-D001-H05-PH01,inequality,1,5,hydro,1,ph_lower_bound,true,11,281,MW
20260718_162525_stage_0_6a88ecee,INEQ-UPPER-D001-H05-PH01,inequality,1,5,hydro,1,ph_upper_bound,true,12,282,MW
20260718_162525_stage_0_6a88ecee,INEQ-LOWER-D001-H05-PH02,inequality,1,5,hydro,2,ph_lower_bound,true,13,283,MW
20260718_162525_stage_0_6a88ecee,INEQ-UPPER-D001-H05-PH02,inequality,1,5,hydro,2,ph_upper_bound,true,14,284,MW
20260718_162525_stage_0_6a88ecee,INEQ-LOWER-D001-H05-PH03,inequality,1,5,hydro,3,ph_lower_bound,true,15,285,MW
20260718_162525_stage_0_6a88ecee,INEQ-UPPER-D001-H05-PH03,inequality,1,5,hydro,3,ph_upper_bound,true,16,286,MW
20260718_162525_stage_0_6a88ecee,INEQ-LOWER-D001-H05-PH04,inequality,1,5,hydro,4,ph_lower_bound,true,17,287,MW
20260718_162525_stage_0_6a88ecee,INEQ-UPPER-D001-H05-PH04,inequality,1,5,hydro,4,ph_upper_bound,true,18,288,MW
20260718_162525_stage_0_6a88ecee,INEQ-LOWER-D001-H05-PF01,inequality,1,5,thermal,1,pf_lower_bound,true,19,289,MW
20260718_162525_stage_0_6a88ecee,INEQ-UPPER-D001-H05-PF01,inequality,1,5,thermal,1,pf_upper_bound,true,20,290,MW
20260718_162525_stage_0_6a88ecee,INEQ-LOWER-D001-H05-PF02,inequality,1,5,thermal,2,pf_lower_bound,true,21,291,MW
20260718_162525_stage_0_6a88ecee,INEQ-UPPER-D001-H05-PF02,inequality,1,5,thermal,2,pf_upper_bound,true,22,292,MW
20260718_162525_stage_0_6a88ecee,INEQ-LOWER-D001-H05-PF03,inequality,1,5,thermal,3,pf_lower_bound,true,23,293,MW
20260718_162525_stage_0_6a88ecee,INEQ-UPPER-D001-H05-PF03,inequality,1,5,thermal,3,pf_upper_bound,true,24,294,MW
20260718_162525_stage_0_6a88ecee,INEQ-LOWER-D001-H05-PF04,inequality,1,5,thermal,4,pf_lower_bound,true,25,295,MW
20260718_162525_stage_0_6a88ecee,INEQ-UPPER-D001-H05-PF04,inequality,1,5,thermal,4,pf_upper_bound,true,26,296,MW
20260718_162525_stage_0_6a88ecee,INEQ-LOWER-D001-H05-Pch01,inequality,1,5,storage,1,pch_lower_bound,true,27,297,MW
20260718_162525_stage_0_6a88ecee,INEQ-UPPER-D001-H05-Pch01,inequality,1,5,storage,1,pch_upper_bound,true,28,298,MW
20260718_162525_stage_0_6a88ecee,INEQ-LOWER-D001-H05-Pch02,inequality,1,5,storage,2,pch_lower_bound,true,29,299,MW
20260718_162525_stage_0_6a88ecee,INEQ-UPPER-D001-H05-Pch02,inequality,1,5,storage,2,pch_upper_bound,true,30,300,MW
20260718_162525_stage_0_6a88ecee,INEQ-LOWER-D001-H05-Pdis01,inequality,1,5,storage,1,pdis_lower_bound,true,31,301,MW
20260718_162525_stage_0_6a88ecee,INEQ-UPPER-D001-H05-Pdis01,inequality,1,5,storage,1,pdis_upper_bound,true,32,302,MW
20260718_162525_stage_0_6a88ecee,INEQ-LOWER-D001-H05-Pdis02,inequality,1,5,storage,2,pdis_lower_bound,true,33,303,MW
20260718_162525_stage_0_6a88ecee,INEQ-UPPER-D001-H05-Pdis02,inequality,1,5,storage,2,pdis_upper_bound,true,34,304,MW
20260718_162525_stage_0_6a88ecee,INEQ-LOWER-D001-H05-SOC01,inequality,1,5,storage,1,soc_lower_bound,true,35,305,MWh
20260718_162525_stage_0_6a88ecee,INEQ-UPPER-D001-H05-SOC01,inequality,1,5,storage,1,soc_upper_bound,true,36,306,MWh
20260718_162525_stage_0_6a88ecee,INEQ-LOWER-D001-H05-SOC02,inequality,1,5,storage,2,soc_lower_bound,true,37,307,MWh
20260718_162525_stage_0_6a88ecee,INEQ-UPPER-D001-H05-SOC02,inequality,1,5,storage,2,soc_upper_bound,true,38,308,MWh
20260718_162525_stage_0_6a88ecee,INEQ-LOWER-D001-H06-PW01,inequality,1,6,wind,1,pw_lower_bound,true,1,309,MW
20260718_162525_stage_0_6a88ecee,INEQ-UPPER-D001-H06-PW01,inequality,1,6,wind,1,pw_upper_bound,true,2,310,MW
20260718_162525_stage_0_6a88ecee,INEQ-LOWER-D001-H06-PW02,inequality,1,6,wind,2,pw_lower_bound,true,3,311,MW
20260718_162525_stage_0_6a88ecee,INEQ-UPPER-D001-H06-PW02,inequality,1,6,wind,2,pw_upper_bound,true,4,312,MW
20260718_162525_stage_0_6a88ecee,INEQ-LOWER-D001-H06-PW03,inequality,1,6,wind,3,pw_lower_bound,true,5,313,MW
20260718_162525_stage_0_6a88ecee,INEQ-UPPER-D001-H06-PW03,inequality,1,6,wind,3,pw_upper_bound,true,6,314,MW
20260718_162525_stage_0_6a88ecee,INEQ-LOWER-D001-H06-PW04,inequality,1,6,wind,4,pw_lower_bound,true,7,315,MW
20260718_162525_stage_0_6a88ecee,INEQ-UPPER-D001-H06-PW04,inequality,1,6,wind,4,pw_upper_bound,true,8,316,MW
20260718_162525_stage_0_6a88ecee,INEQ-LOWER-D001-H06-PW05,inequality,1,6,wind,5,pw_lower_bound,true,9,317,MW
20260718_162525_stage_0_6a88ecee,INEQ-UPPER-D001-H06-PW05,inequality,1,6,wind,5,pw_upper_bound,true,10,318,MW
20260718_162525_stage_0_6a88ecee,INEQ-LOWER-D001-H06-PH01,inequality,1,6,hydro,1,ph_lower_bound,true,11,319,MW
20260718_162525_stage_0_6a88ecee,INEQ-UPPER-D001-H06-PH01,inequality,1,6,hydro,1,ph_upper_bound,true,12,320,MW
20260718_162525_stage_0_6a88ecee,INEQ-LOWER-D001-H06-PH02,inequality,1,6,hydro,2,ph_lower_bound,true,13,321,MW
20260718_162525_stage_0_6a88ecee,INEQ-UPPER-D001-H06-PH02,inequality,1,6,hydro,2,ph_upper_bound,true,14,322,MW
20260718_162525_stage_0_6a88ecee,INEQ-LOWER-D001-H06-PH03,inequality,1,6,hydro,3,ph_lower_bound,true,15,323,MW
20260718_162525_stage_0_6a88ecee,INEQ-UPPER-D001-H06-PH03,inequality,1,6,hydro,3,ph_upper_bound,true,16,324,MW
20260718_162525_stage_0_6a88ecee,INEQ-LOWER-D001-H06-PH04,inequality,1,6,hydro,4,ph_lower_bound,true,17,325,MW
20260718_162525_stage_0_6a88ecee,INEQ-UPPER-D001-H06-PH04,inequality,1,6,hydro,4,ph_upper_bound,true,18,326,MW
20260718_162525_stage_0_6a88ecee,INEQ-LOWER-D001-H06-PF01,inequality,1,6,thermal,1,pf_lower_bound,true,19,327,MW
20260718_162525_stage_0_6a88ecee,INEQ-UPPER-D001-H06-PF01,inequality,1,6,thermal,1,pf_upper_bound,true,20,328,MW
20260718_162525_stage_0_6a88ecee,INEQ-LOWER-D001-H06-PF02,inequality,1,6,thermal,2,pf_lower_bound,true,21,329,MW
20260718_162525_stage_0_6a88ecee,INEQ-UPPER-D001-H06-PF02,inequality,1,6,thermal,2,pf_upper_bound,true,22,330,MW
20260718_162525_stage_0_6a88ecee,INEQ-LOWER-D001-H06-PF03,inequality,1,6,thermal,3,pf_lower_bound,true,23,331,MW
20260718_162525_stage_0_6a88ecee,INEQ-UPPER-D001-H06-PF03,inequality,1,6,thermal,3,pf_upper_bound,true,24,332,MW
20260718_162525_stage_0_6a88ecee,INEQ-LOWER-D001-H06-PF04,inequality,1,6,thermal,4,pf_lower_bound,true,25,333,MW
20260718_162525_stage_0_6a88ecee,INEQ-UPPER-D001-H06-PF04,inequality,1,6,thermal,4,pf_upper_bound,true,26,334,MW
20260718_162525_stage_0_6a88ecee,INEQ-LOWER-D001-H06-Pch01,inequality,1,6,storage,1,pch_lower_bound,true,27,335,MW
20260718_162525_stage_0_6a88ecee,INEQ-UPPER-D001-H06-Pch01,inequality,1,6,storage,1,pch_upper_bound,true,28,336,MW
20260718_162525_stage_0_6a88ecee,INEQ-LOWER-D001-H06-Pch02,inequality,1,6,storage,2,pch_lower_bound,true,29,337,MW
20260718_162525_stage_0_6a88ecee,INEQ-UPPER-D001-H06-Pch02,inequality,1,6,storage,2,pch_upper_bound,true,30,338,MW
20260718_162525_stage_0_6a88ecee,INEQ-LOWER-D001-H06-Pdis01,inequality,1,6,storage,1,pdis_lower_bound,true,31,339,MW
20260718_162525_stage_0_6a88ecee,INEQ-UPPER-D001-H06-Pdis01,inequality,1,6,storage,1,pdis_upper_bound,true,32,340,MW
20260718_162525_stage_0_6a88ecee,INEQ-LOWER-D001-H06-Pdis02,inequality,1,6,storage,2,pdis_lower_bound,true,33,341,MW
20260718_162525_stage_0_6a88ecee,INEQ-UPPER-D001-H06-Pdis02,inequality,1,6,storage,2,pdis_upper_bound,true,34,342,MW
20260718_162525_stage_0_6a88ecee,INEQ-LOWER-D001-H06-SOC01,inequality,1,6,storage,1,soc_lower_bound,true,35,343,MWh
20260718_162525_stage_0_6a88ecee,INEQ-UPPER-D001-H06-SOC01,inequality,1,6,storage,1,soc_upper_bound,true,36,344,MWh
20260718_162525_stage_0_6a88ecee,INEQ-LOWER-D001-H06-SOC02,inequality,1,6,storage,2,soc_lower_bound,true,37,345,MWh
20260718_162525_stage_0_6a88ecee,INEQ-UPPER-D001-H06-SOC02,inequality,1,6,storage,2,soc_upper_bound,true,38,346,MWh
20260718_162525_stage_0_6a88ecee,INEQ-LOWER-D001-H07-PW01,inequality,1,7,wind,1,pw_lower_bound,true,1,347,MW
20260718_162525_stage_0_6a88ecee,INEQ-UPPER-D001-H07-PW01,inequality,1,7,wind,1,pw_upper_bound,true,2,348,MW
20260718_162525_stage_0_6a88ecee,INEQ-LOWER-D001-H07-PW02,inequality,1,7,wind,2,pw_lower_bound,true,3,349,MW
20260718_162525_stage_0_6a88ecee,INEQ-UPPER-D001-H07-PW02,inequality,1,7,wind,2,pw_upper_bound,true,4,350,MW
20260718_162525_stage_0_6a88ecee,INEQ-LOWER-D001-H07-PW03,inequality,1,7,wind,3,pw_lower_bound,true,5,351,MW
20260718_162525_stage_0_6a88ecee,INEQ-UPPER-D001-H07-PW03,inequality,1,7,wind,3,pw_upper_bound,true,6,352,MW
20260718_162525_stage_0_6a88ecee,INEQ-LOWER-D001-H07-PW04,inequality,1,7,wind,4,pw_lower_bound,true,7,353,MW
20260718_162525_stage_0_6a88ecee,INEQ-UPPER-D001-H07-PW04,inequality,1,7,wind,4,pw_upper_bound,true,8,354,MW
20260718_162525_stage_0_6a88ecee,INEQ-LOWER-D001-H07-PW05,inequality,1,7,wind,5,pw_lower_bound,true,9,355,MW
20260718_162525_stage_0_6a88ecee,INEQ-UPPER-D001-H07-PW05,inequality,1,7,wind,5,pw_upper_bound,true,10,356,MW
20260718_162525_stage_0_6a88ecee,INEQ-LOWER-D001-H07-PH01,inequality,1,7,hydro,1,ph_lower_bound,true,11,357,MW
20260718_162525_stage_0_6a88ecee,INEQ-UPPER-D001-H07-PH01,inequality,1,7,hydro,1,ph_upper_bound,true,12,358,MW
20260718_162525_stage_0_6a88ecee,INEQ-LOWER-D001-H07-PH02,inequality,1,7,hydro,2,ph_lower_bound,true,13,359,MW
20260718_162525_stage_0_6a88ecee,INEQ-UPPER-D001-H07-PH02,inequality,1,7,hydro,2,ph_upper_bound,true,14,360,MW
20260718_162525_stage_0_6a88ecee,INEQ-LOWER-D001-H07-PH03,inequality,1,7,hydro,3,ph_lower_bound,true,15,361,MW
20260718_162525_stage_0_6a88ecee,INEQ-UPPER-D001-H07-PH03,inequality,1,7,hydro,3,ph_upper_bound,true,16,362,MW
20260718_162525_stage_0_6a88ecee,INEQ-LOWER-D001-H07-PH04,inequality,1,7,hydro,4,ph_lower_bound,true,17,363,MW
20260718_162525_stage_0_6a88ecee,INEQ-UPPER-D001-H07-PH04,inequality,1,7,hydro,4,ph_upper_bound,true,18,364,MW
20260718_162525_stage_0_6a88ecee,INEQ-LOWER-D001-H07-PF01,inequality,1,7,thermal,1,pf_lower_bound,true,19,365,MW
20260718_162525_stage_0_6a88ecee,INEQ-UPPER-D001-H07-PF01,inequality,1,7,thermal,1,pf_upper_bound,true,20,366,MW
20260718_162525_stage_0_6a88ecee,INEQ-LOWER-D001-H07-PF02,inequality,1,7,thermal,2,pf_lower_bound,true,21,367,MW
20260718_162525_stage_0_6a88ecee,INEQ-UPPER-D001-H07-PF02,inequality,1,7,thermal,2,pf_upper_bound,true,22,368,MW
20260718_162525_stage_0_6a88ecee,INEQ-LOWER-D001-H07-PF03,inequality,1,7,thermal,3,pf_lower_bound,true,23,369,MW
20260718_162525_stage_0_6a88ecee,INEQ-UPPER-D001-H07-PF03,inequality,1,7,thermal,3,pf_upper_bound,true,24,370,MW
20260718_162525_stage_0_6a88ecee,INEQ-LOWER-D001-H07-PF04,inequality,1,7,thermal,4,pf_lower_bound,true,25,371,MW
20260718_162525_stage_0_6a88ecee,INEQ-UPPER-D001-H07-PF04,inequality,1,7,thermal,4,pf_upper_bound,true,26,372,MW
20260718_162525_stage_0_6a88ecee,INEQ-LOWER-D001-H07-Pch01,inequality,1,7,storage,1,pch_lower_bound,true,27,373,MW
20260718_162525_stage_0_6a88ecee,INEQ-UPPER-D001-H07-Pch01,inequality,1,7,storage,1,pch_upper_bound,true,28,374,MW
20260718_162525_stage_0_6a88ecee,INEQ-LOWER-D001-H07-Pch02,inequality,1,7,storage,2,pch_lower_bound,true,29,375,MW
20260718_162525_stage_0_6a88ecee,INEQ-UPPER-D001-H07-Pch02,inequality,1,7,storage,2,pch_upper_bound,true,30,376,MW
20260718_162525_stage_0_6a88ecee,INEQ-LOWER-D001-H07-Pdis01,inequality,1,7,storage,1,pdis_lower_bound,true,31,377,MW
20260718_162525_stage_0_6a88ecee,INEQ-UPPER-D001-H07-Pdis01,inequality,1,7,storage,1,pdis_upper_bound,true,32,378,MW
20260718_162525_stage_0_6a88ecee,INEQ-LOWER-D001-H07-Pdis02,inequality,1,7,storage,2,pdis_lower_bound,true,33,379,MW
20260718_162525_stage_0_6a88ecee,INEQ-UPPER-D001-H07-Pdis02,inequality,1,7,storage,2,pdis_upper_bound,true,34,380,MW
20260718_162525_stage_0_6a88ecee,INEQ-LOWER-D001-H07-SOC01,inequality,1,7,storage,1,soc_lower_bound,true,35,381,MWh
20260718_162525_stage_0_6a88ecee,INEQ-UPPER-D001-H07-SOC01,inequality,1,7,storage,1,soc_upper_bound,true,36,382,MWh
20260718_162525_stage_0_6a88ecee,INEQ-LOWER-D001-H07-SOC02,inequality,1,7,storage,2,soc_lower_bound,true,37,383,MWh
20260718_162525_stage_0_6a88ecee,INEQ-UPPER-D001-H07-SOC02,inequality,1,7,storage,2,soc_upper_bound,true,38,384,MWh
20260718_162525_stage_0_6a88ecee,INEQ-LOWER-D001-H08-PW01,inequality,1,8,wind,1,pw_lower_bound,true,1,385,MW
20260718_162525_stage_0_6a88ecee,INEQ-UPPER-D001-H08-PW01,inequality,1,8,wind,1,pw_upper_bound,true,2,386,MW
20260718_162525_stage_0_6a88ecee,INEQ-LOWER-D001-H08-PW02,inequality,1,8,wind,2,pw_lower_bound,true,3,387,MW
20260718_162525_stage_0_6a88ecee,INEQ-UPPER-D001-H08-PW02,inequality,1,8,wind,2,pw_upper_bound,true,4,388,MW
20260718_162525_stage_0_6a88ecee,INEQ-LOWER-D001-H08-PW03,inequality,1,8,wind,3,pw_lower_bound,true,5,389,MW
20260718_162525_stage_0_6a88ecee,INEQ-UPPER-D001-H08-PW03,inequality,1,8,wind,3,pw_upper_bound,true,6,390,MW
20260718_162525_stage_0_6a88ecee,INEQ-LOWER-D001-H08-PW04,inequality,1,8,wind,4,pw_lower_bound,true,7,391,MW
20260718_162525_stage_0_6a88ecee,INEQ-UPPER-D001-H08-PW04,inequality,1,8,wind,4,pw_upper_bound,true,8,392,MW
20260718_162525_stage_0_6a88ecee,INEQ-LOWER-D001-H08-PW05,inequality,1,8,wind,5,pw_lower_bound,true,9,393,MW
20260718_162525_stage_0_6a88ecee,INEQ-UPPER-D001-H08-PW05,inequality,1,8,wind,5,pw_upper_bound,true,10,394,MW
20260718_162525_stage_0_6a88ecee,INEQ-LOWER-D001-H08-PP01,inequality,1,8,solar,1,pp_lower_bound,true,11,395,MW
20260718_162525_stage_0_6a88ecee,INEQ-UPPER-D001-H08-PP01,inequality,1,8,solar,1,pp_upper_bound,true,12,396,MW
20260718_162525_stage_0_6a88ecee,INEQ-LOWER-D001-H08-PP02,inequality,1,8,solar,2,pp_lower_bound,true,13,397,MW
20260718_162525_stage_0_6a88ecee,INEQ-UPPER-D001-H08-PP02,inequality,1,8,solar,2,pp_upper_bound,true,14,398,MW
20260718_162525_stage_0_6a88ecee,INEQ-LOWER-D001-H08-PP03,inequality,1,8,solar,3,pp_lower_bound,true,15,399,MW
20260718_162525_stage_0_6a88ecee,INEQ-UPPER-D001-H08-PP03,inequality,1,8,solar,3,pp_upper_bound,true,16,400,MW
20260718_162525_stage_0_6a88ecee,INEQ-LOWER-D001-H08-PP04,inequality,1,8,solar,4,pp_lower_bound,true,17,401,MW
20260718_162525_stage_0_6a88ecee,INEQ-UPPER-D001-H08-PP04,inequality,1,8,solar,4,pp_upper_bound,true,18,402,MW
20260718_162525_stage_0_6a88ecee,INEQ-LOWER-D001-H08-PP05,inequality,1,8,solar,5,pp_lower_bound,true,19,403,MW
20260718_162525_stage_0_6a88ecee,INEQ-UPPER-D001-H08-PP05,inequality,1,8,solar,5,pp_upper_bound,true,20,404,MW
20260718_162525_stage_0_6a88ecee,INEQ-LOWER-D001-H08-PH01,inequality,1,8,hydro,1,ph_lower_bound,true,21,405,MW
20260718_162525_stage_0_6a88ecee,INEQ-UPPER-D001-H08-PH01,inequality,1,8,hydro,1,ph_upper_bound,true,22,406,MW
20260718_162525_stage_0_6a88ecee,INEQ-LOWER-D001-H08-PH02,inequality,1,8,hydro,2,ph_lower_bound,true,23,407,MW
20260718_162525_stage_0_6a88ecee,INEQ-UPPER-D001-H08-PH02,inequality,1,8,hydro,2,ph_upper_bound,true,24,408,MW
20260718_162525_stage_0_6a88ecee,INEQ-LOWER-D001-H08-PH03,inequality,1,8,hydro,3,ph_lower_bound,true,25,409,MW
20260718_162525_stage_0_6a88ecee,INEQ-UPPER-D001-H08-PH03,inequality,1,8,hydro,3,ph_upper_bound,true,26,410,MW
20260718_162525_stage_0_6a88ecee,INEQ-LOWER-D001-H08-PH04,inequality,1,8,hydro,4,ph_lower_bound,true,27,411,MW
20260718_162525_stage_0_6a88ecee,INEQ-UPPER-D001-H08-PH04,inequality,1,8,hydro,4,ph_upper_bound,true,28,412,MW
20260718_162525_stage_0_6a88ecee,INEQ-LOWER-D001-H08-PF01,inequality,1,8,thermal,1,pf_lower_bound,true,29,413,MW
20260718_162525_stage_0_6a88ecee,INEQ-UPPER-D001-H08-PF01,inequality,1,8,thermal,1,pf_upper_bound,true,30,414,MW
20260718_162525_stage_0_6a88ecee,INEQ-LOWER-D001-H08-PF02,inequality,1,8,thermal,2,pf_lower_bound,true,31,415,MW
20260718_162525_stage_0_6a88ecee,INEQ-UPPER-D001-H08-PF02,inequality,1,8,thermal,2,pf_upper_bound,true,32,416,MW
20260718_162525_stage_0_6a88ecee,INEQ-LOWER-D001-H08-PF03,inequality,1,8,thermal,3,pf_lower_bound,true,33,417,MW
20260718_162525_stage_0_6a88ecee,INEQ-UPPER-D001-H08-PF03,inequality,1,8,thermal,3,pf_upper_bound,true,34,418,MW
20260718_162525_stage_0_6a88ecee,INEQ-LOWER-D001-H08-PF04,inequality,1,8,thermal,4,pf_lower_bound,true,35,419,MW
20260718_162525_stage_0_6a88ecee,INEQ-UPPER-D001-H08-PF04,inequality,1,8,thermal,4,pf_upper_bound,true,36,420,MW
20260718_162525_stage_0_6a88ecee,INEQ-LOWER-D001-H08-Pch01,inequality,1,8,storage,1,pch_lower_bound,true,37,421,MW
20260718_162525_stage_0_6a88ecee,INEQ-UPPER-D001-H08-Pch01,inequality,1,8,storage,1,pch_upper_bound,true,38,422,MW
20260718_162525_stage_0_6a88ecee,INEQ-LOWER-D001-H08-Pch02,inequality,1,8,storage,2,pch_lower_bound,true,39,423,MW
20260718_162525_stage_0_6a88ecee,INEQ-UPPER-D001-H08-Pch02,inequality,1,8,storage,2,pch_upper_bound,true,40,424,MW
20260718_162525_stage_0_6a88ecee,INEQ-LOWER-D001-H08-Pdis01,inequality,1,8,storage,1,pdis_lower_bound,true,41,425,MW
20260718_162525_stage_0_6a88ecee,INEQ-UPPER-D001-H08-Pdis01,inequality,1,8,storage,1,pdis_upper_bound,true,42,426,MW
20260718_162525_stage_0_6a88ecee,INEQ-LOWER-D001-H08-Pdis02,inequality,1,8,storage,2,pdis_lower_bound,true,43,427,MW
20260718_162525_stage_0_6a88ecee,INEQ-UPPER-D001-H08-Pdis02,inequality,1,8,storage,2,pdis_upper_bound,true,44,428,MW
20260718_162525_stage_0_6a88ecee,INEQ-LOWER-D001-H08-SOC01,inequality,1,8,storage,1,soc_lower_bound,true,45,429,MWh
20260718_162525_stage_0_6a88ecee,INEQ-UPPER-D001-H08-SOC01,inequality,1,8,storage,1,soc_upper_bound,true,46,430,MWh
20260718_162525_stage_0_6a88ecee,INEQ-LOWER-D001-H08-SOC02,inequality,1,8,storage,2,soc_lower_bound,true,47,431,MWh
20260718_162525_stage_0_6a88ecee,INEQ-UPPER-D001-H08-SOC02,inequality,1,8,storage,2,soc_upper_bound,true,48,432,MWh
20260718_162525_stage_0_6a88ecee,INEQ-LOWER-D001-H09-PW01,inequality,1,9,wind,1,pw_lower_bound,true,1,433,MW
20260718_162525_stage_0_6a88ecee,INEQ-UPPER-D001-H09-PW01,inequality,1,9,wind,1,pw_upper_bound,true,2,434,MW
20260718_162525_stage_0_6a88ecee,INEQ-LOWER-D001-H09-PW02,inequality,1,9,wind,2,pw_lower_bound,true,3,435,MW
20260718_162525_stage_0_6a88ecee,INEQ-UPPER-D001-H09-PW02,inequality,1,9,wind,2,pw_upper_bound,true,4,436,MW
20260718_162525_stage_0_6a88ecee,INEQ-LOWER-D001-H09-PW03,inequality,1,9,wind,3,pw_lower_bound,true,5,437,MW
20260718_162525_stage_0_6a88ecee,INEQ-UPPER-D001-H09-PW03,inequality,1,9,wind,3,pw_upper_bound,true,6,438,MW
20260718_162525_stage_0_6a88ecee,INEQ-LOWER-D001-H09-PW04,inequality,1,9,wind,4,pw_lower_bound,true,7,439,MW
20260718_162525_stage_0_6a88ecee,INEQ-UPPER-D001-H09-PW04,inequality,1,9,wind,4,pw_upper_bound,true,8,440,MW
20260718_162525_stage_0_6a88ecee,INEQ-LOWER-D001-H09-PW05,inequality,1,9,wind,5,pw_lower_bound,true,9,441,MW
20260718_162525_stage_0_6a88ecee,INEQ-UPPER-D001-H09-PW05,inequality,1,9,wind,5,pw_upper_bound,true,10,442,MW
20260718_162525_stage_0_6a88ecee,INEQ-LOWER-D001-H09-PP01,inequality,1,9,solar,1,pp_lower_bound,true,11,443,MW
20260718_162525_stage_0_6a88ecee,INEQ-UPPER-D001-H09-PP01,inequality,1,9,solar,1,pp_upper_bound,true,12,444,MW
20260718_162525_stage_0_6a88ecee,INEQ-LOWER-D001-H09-PP02,inequality,1,9,solar,2,pp_lower_bound,true,13,445,MW
20260718_162525_stage_0_6a88ecee,INEQ-UPPER-D001-H09-PP02,inequality,1,9,solar,2,pp_upper_bound,true,14,446,MW
20260718_162525_stage_0_6a88ecee,INEQ-LOWER-D001-H09-PP03,inequality,1,9,solar,3,pp_lower_bound,true,15,447,MW
20260718_162525_stage_0_6a88ecee,INEQ-UPPER-D001-H09-PP03,inequality,1,9,solar,3,pp_upper_bound,true,16,448,MW
20260718_162525_stage_0_6a88ecee,INEQ-LOWER-D001-H09-PP04,inequality,1,9,solar,4,pp_lower_bound,true,17,449,MW
20260718_162525_stage_0_6a88ecee,INEQ-UPPER-D001-H09-PP04,inequality,1,9,solar,4,pp_upper_bound,true,18,450,MW
20260718_162525_stage_0_6a88ecee,INEQ-LOWER-D001-H09-PP05,inequality,1,9,solar,5,pp_lower_bound,true,19,451,MW
20260718_162525_stage_0_6a88ecee,INEQ-UPPER-D001-H09-PP05,inequality,1,9,solar,5,pp_upper_bound,true,20,452,MW
20260718_162525_stage_0_6a88ecee,INEQ-LOWER-D001-H09-PH01,inequality,1,9,hydro,1,ph_lower_bound,true,21,453,MW
20260718_162525_stage_0_6a88ecee,INEQ-UPPER-D001-H09-PH01,inequality,1,9,hydro,1,ph_upper_bound,true,22,454,MW
20260718_162525_stage_0_6a88ecee,INEQ-LOWER-D001-H09-PH02,inequality,1,9,hydro,2,ph_lower_bound,true,23,455,MW
20260718_162525_stage_0_6a88ecee,INEQ-UPPER-D001-H09-PH02,inequality,1,9,hydro,2,ph_upper_bound,true,24,456,MW
20260718_162525_stage_0_6a88ecee,INEQ-LOWER-D001-H09-PH03,inequality,1,9,hydro,3,ph_lower_bound,true,25,457,MW
20260718_162525_stage_0_6a88ecee,INEQ-UPPER-D001-H09-PH03,inequality,1,9,hydro,3,ph_upper_bound,true,26,458,MW
20260718_162525_stage_0_6a88ecee,INEQ-LOWER-D001-H09-PH04,inequality,1,9,hydro,4,ph_lower_bound,true,27,459,MW
20260718_162525_stage_0_6a88ecee,INEQ-UPPER-D001-H09-PH04,inequality,1,9,hydro,4,ph_upper_bound,true,28,460,MW
20260718_162525_stage_0_6a88ecee,INEQ-LOWER-D001-H09-PF01,inequality,1,9,thermal,1,pf_lower_bound,true,29,461,MW
20260718_162525_stage_0_6a88ecee,INEQ-UPPER-D001-H09-PF01,inequality,1,9,thermal,1,pf_upper_bound,true,30,462,MW
20260718_162525_stage_0_6a88ecee,INEQ-LOWER-D001-H09-PF02,inequality,1,9,thermal,2,pf_lower_bound,true,31,463,MW
20260718_162525_stage_0_6a88ecee,INEQ-UPPER-D001-H09-PF02,inequality,1,9,thermal,2,pf_upper_bound,true,32,464,MW
20260718_162525_stage_0_6a88ecee,INEQ-LOWER-D001-H09-PF03,inequality,1,9,thermal,3,pf_lower_bound,true,33,465,MW
20260718_162525_stage_0_6a88ecee,INEQ-UPPER-D001-H09-PF03,inequality,1,9,thermal,3,pf_upper_bound,true,34,466,MW
20260718_162525_stage_0_6a88ecee,INEQ-LOWER-D001-H09-PF04,inequality,1,9,thermal,4,pf_lower_bound,true,35,467,MW
20260718_162525_stage_0_6a88ecee,INEQ-UPPER-D001-H09-PF04,inequality,1,9,thermal,4,pf_upper_bound,true,36,468,MW
20260718_162525_stage_0_6a88ecee,INEQ-LOWER-D001-H09-Pch01,inequality,1,9,storage,1,pch_lower_bound,true,37,469,MW
20260718_162525_stage_0_6a88ecee,INEQ-UPPER-D001-H09-Pch01,inequality,1,9,storage,1,pch_upper_bound,true,38,470,MW
20260718_162525_stage_0_6a88ecee,INEQ-LOWER-D001-H09-Pch02,inequality,1,9,storage,2,pch_lower_bound,true,39,471,MW
20260718_162525_stage_0_6a88ecee,INEQ-UPPER-D001-H09-Pch02,inequality,1,9,storage,2,pch_upper_bound,true,40,472,MW
20260718_162525_stage_0_6a88ecee,INEQ-LOWER-D001-H09-Pdis01,inequality,1,9,storage,1,pdis_lower_bound,true,41,473,MW
20260718_162525_stage_0_6a88ecee,INEQ-UPPER-D001-H09-Pdis01,inequality,1,9,storage,1,pdis_upper_bound,true,42,474,MW
20260718_162525_stage_0_6a88ecee,INEQ-LOWER-D001-H09-Pdis02,inequality,1,9,storage,2,pdis_lower_bound,true,43,475,MW
20260718_162525_stage_0_6a88ecee,INEQ-UPPER-D001-H09-Pdis02,inequality,1,9,storage,2,pdis_upper_bound,true,44,476,MW
20260718_162525_stage_0_6a88ecee,INEQ-LOWER-D001-H09-SOC01,inequality,1,9,storage,1,soc_lower_bound,true,45,477,MWh
20260718_162525_stage_0_6a88ecee,INEQ-UPPER-D001-H09-SOC01,inequality,1,9,storage,1,soc_upper_bound,true,46,478,MWh
20260718_162525_stage_0_6a88ecee,INEQ-LOWER-D001-H09-SOC02,inequality,1,9,storage,2,soc_lower_bound,true,47,479,MWh
20260718_162525_stage_0_6a88ecee,INEQ-UPPER-D001-H09-SOC02,inequality,1,9,storage,2,soc_upper_bound,true,48,480,MWh
20260718_162525_stage_0_6a88ecee,INEQ-LOWER-D001-H10-PW01,inequality,1,10,wind,1,pw_lower_bound,true,1,481,MW
20260718_162525_stage_0_6a88ecee,INEQ-UPPER-D001-H10-PW01,inequality,1,10,wind,1,pw_upper_bound,true,2,482,MW
20260718_162525_stage_0_6a88ecee,INEQ-LOWER-D001-H10-PW02,inequality,1,10,wind,2,pw_lower_bound,true,3,483,MW
20260718_162525_stage_0_6a88ecee,INEQ-UPPER-D001-H10-PW02,inequality,1,10,wind,2,pw_upper_bound,true,4,484,MW
20260718_162525_stage_0_6a88ecee,INEQ-LOWER-D001-H10-PW03,inequality,1,10,wind,3,pw_lower_bound,true,5,485,MW
20260718_162525_stage_0_6a88ecee,INEQ-UPPER-D001-H10-PW03,inequality,1,10,wind,3,pw_upper_bound,true,6,486,MW
20260718_162525_stage_0_6a88ecee,INEQ-LOWER-D001-H10-PW04,inequality,1,10,wind,4,pw_lower_bound,true,7,487,MW
20260718_162525_stage_0_6a88ecee,INEQ-UPPER-D001-H10-PW04,inequality,1,10,wind,4,pw_upper_bound,true,8,488,MW
20260718_162525_stage_0_6a88ecee,INEQ-LOWER-D001-H10-PW05,inequality,1,10,wind,5,pw_lower_bound,true,9,489,MW
20260718_162525_stage_0_6a88ecee,INEQ-UPPER-D001-H10-PW05,inequality,1,10,wind,5,pw_upper_bound,true,10,490,MW
20260718_162525_stage_0_6a88ecee,INEQ-LOWER-D001-H10-PP01,inequality,1,10,solar,1,pp_lower_bound,true,11,491,MW
20260718_162525_stage_0_6a88ecee,INEQ-UPPER-D001-H10-PP01,inequality,1,10,solar,1,pp_upper_bound,true,12,492,MW
20260718_162525_stage_0_6a88ecee,INEQ-LOWER-D001-H10-PP02,inequality,1,10,solar,2,pp_lower_bound,true,13,493,MW
20260718_162525_stage_0_6a88ecee,INEQ-UPPER-D001-H10-PP02,inequality,1,10,solar,2,pp_upper_bound,true,14,494,MW
20260718_162525_stage_0_6a88ecee,INEQ-LOWER-D001-H10-PP03,inequality,1,10,solar,3,pp_lower_bound,true,15,495,MW
20260718_162525_stage_0_6a88ecee,INEQ-UPPER-D001-H10-PP03,inequality,1,10,solar,3,pp_upper_bound,true,16,496,MW
20260718_162525_stage_0_6a88ecee,INEQ-LOWER-D001-H10-PP04,inequality,1,10,solar,4,pp_lower_bound,true,17,497,MW
20260718_162525_stage_0_6a88ecee,INEQ-UPPER-D001-H10-PP04,inequality,1,10,solar,4,pp_upper_bound,true,18,498,MW
20260718_162525_stage_0_6a88ecee,INEQ-LOWER-D001-H10-PP05,inequality,1,10,solar,5,pp_lower_bound,true,19,499,MW
20260718_162525_stage_0_6a88ecee,INEQ-UPPER-D001-H10-PP05,inequality,1,10,solar,5,pp_upper_bound,true,20,500,MW
20260718_162525_stage_0_6a88ecee,INEQ-LOWER-D001-H10-PH01,inequality,1,10,hydro,1,ph_lower_bound,true,21,501,MW
20260718_162525_stage_0_6a88ecee,INEQ-UPPER-D001-H10-PH01,inequality,1,10,hydro,1,ph_upper_bound,true,22,502,MW
20260718_162525_stage_0_6a88ecee,INEQ-LOWER-D001-H10-PH02,inequality,1,10,hydro,2,ph_lower_bound,true,23,503,MW
20260718_162525_stage_0_6a88ecee,INEQ-UPPER-D001-H10-PH02,inequality,1,10,hydro,2,ph_upper_bound,true,24,504,MW
20260718_162525_stage_0_6a88ecee,INEQ-LOWER-D001-H10-PH03,inequality,1,10,hydro,3,ph_lower_bound,true,25,505,MW
20260718_162525_stage_0_6a88ecee,INEQ-UPPER-D001-H10-PH03,inequality,1,10,hydro,3,ph_upper_bound,true,26,506,MW
20260718_162525_stage_0_6a88ecee,INEQ-LOWER-D001-H10-PH04,inequality,1,10,hydro,4,ph_lower_bound,true,27,507,MW
20260718_162525_stage_0_6a88ecee,INEQ-UPPER-D001-H10-PH04,inequality,1,10,hydro,4,ph_upper_bound,true,28,508,MW
20260718_162525_stage_0_6a88ecee,INEQ-LOWER-D001-H10-PF01,inequality,1,10,thermal,1,pf_lower_bound,true,29,509,MW
20260718_162525_stage_0_6a88ecee,INEQ-UPPER-D001-H10-PF01,inequality,1,10,thermal,1,pf_upper_bound,true,30,510,MW
20260718_162525_stage_0_6a88ecee,INEQ-LOWER-D001-H10-PF02,inequality,1,10,thermal,2,pf_lower_bound,true,31,511,MW
20260718_162525_stage_0_6a88ecee,INEQ-UPPER-D001-H10-PF02,inequality,1,10,thermal,2,pf_upper_bound,true,32,512,MW
20260718_162525_stage_0_6a88ecee,INEQ-LOWER-D001-H10-PF03,inequality,1,10,thermal,3,pf_lower_bound,true,33,513,MW
20260718_162525_stage_0_6a88ecee,INEQ-UPPER-D001-H10-PF03,inequality,1,10,thermal,3,pf_upper_bound,true,34,514,MW
20260718_162525_stage_0_6a88ecee,INEQ-LOWER-D001-H10-PF04,inequality,1,10,thermal,4,pf_lower_bound,true,35,515,MW
20260718_162525_stage_0_6a88ecee,INEQ-UPPER-D001-H10-PF04,inequality,1,10,thermal,4,pf_upper_bound,true,36,516,MW
20260718_162525_stage_0_6a88ecee,INEQ-LOWER-D001-H10-Pch01,inequality,1,10,storage,1,pch_lower_bound,true,37,517,MW
20260718_162525_stage_0_6a88ecee,INEQ-UPPER-D001-H10-Pch01,inequality,1,10,storage,1,pch_upper_bound,true,38,518,MW
20260718_162525_stage_0_6a88ecee,INEQ-LOWER-D001-H10-Pch02,inequality,1,10,storage,2,pch_lower_bound,true,39,519,MW
20260718_162525_stage_0_6a88ecee,INEQ-UPPER-D001-H10-Pch02,inequality,1,10,storage,2,pch_upper_bound,true,40,520,MW
20260718_162525_stage_0_6a88ecee,INEQ-LOWER-D001-H10-Pdis01,inequality,1,10,storage,1,pdis_lower_bound,true,41,521,MW
20260718_162525_stage_0_6a88ecee,INEQ-UPPER-D001-H10-Pdis01,inequality,1,10,storage,1,pdis_upper_bound,true,42,522,MW
20260718_162525_stage_0_6a88ecee,INEQ-LOWER-D001-H10-Pdis02,inequality,1,10,storage,2,pdis_lower_bound,true,43,523,MW
20260718_162525_stage_0_6a88ecee,INEQ-UPPER-D001-H10-Pdis02,inequality,1,10,storage,2,pdis_upper_bound,true,44,524,MW
20260718_162525_stage_0_6a88ecee,INEQ-LOWER-D001-H10-SOC01,inequality,1,10,storage,1,soc_lower_bound,true,45,525,MWh
20260718_162525_stage_0_6a88ecee,INEQ-UPPER-D001-H10-SOC01,inequality,1,10,storage,1,soc_upper_bound,true,46,526,MWh
20260718_162525_stage_0_6a88ecee,INEQ-LOWER-D001-H10-SOC02,inequality,1,10,storage,2,soc_lower_bound,true,47,527,MWh
20260718_162525_stage_0_6a88ecee,INEQ-UPPER-D001-H10-SOC02,inequality,1,10,storage,2,soc_upper_bound,true,48,528,MWh
20260718_162525_stage_0_6a88ecee,INEQ-LOWER-D001-H11-PW01,inequality,1,11,wind,1,pw_lower_bound,true,1,529,MW
20260718_162525_stage_0_6a88ecee,INEQ-UPPER-D001-H11-PW01,inequality,1,11,wind,1,pw_upper_bound,true,2,530,MW
20260718_162525_stage_0_6a88ecee,INEQ-LOWER-D001-H11-PW02,inequality,1,11,wind,2,pw_lower_bound,true,3,531,MW
20260718_162525_stage_0_6a88ecee,INEQ-UPPER-D001-H11-PW02,inequality,1,11,wind,2,pw_upper_bound,true,4,532,MW
20260718_162525_stage_0_6a88ecee,INEQ-LOWER-D001-H11-PW03,inequality,1,11,wind,3,pw_lower_bound,true,5,533,MW
20260718_162525_stage_0_6a88ecee,INEQ-UPPER-D001-H11-PW03,inequality,1,11,wind,3,pw_upper_bound,true,6,534,MW
20260718_162525_stage_0_6a88ecee,INEQ-LOWER-D001-H11-PW04,inequality,1,11,wind,4,pw_lower_bound,true,7,535,MW
20260718_162525_stage_0_6a88ecee,INEQ-UPPER-D001-H11-PW04,inequality,1,11,wind,4,pw_upper_bound,true,8,536,MW
20260718_162525_stage_0_6a88ecee,INEQ-LOWER-D001-H11-PW05,inequality,1,11,wind,5,pw_lower_bound,true,9,537,MW
20260718_162525_stage_0_6a88ecee,INEQ-UPPER-D001-H11-PW05,inequality,1,11,wind,5,pw_upper_bound,true,10,538,MW
20260718_162525_stage_0_6a88ecee,INEQ-LOWER-D001-H11-PP01,inequality,1,11,solar,1,pp_lower_bound,true,11,539,MW
20260718_162525_stage_0_6a88ecee,INEQ-UPPER-D001-H11-PP01,inequality,1,11,solar,1,pp_upper_bound,true,12,540,MW
20260718_162525_stage_0_6a88ecee,INEQ-LOWER-D001-H11-PP02,inequality,1,11,solar,2,pp_lower_bound,true,13,541,MW
20260718_162525_stage_0_6a88ecee,INEQ-UPPER-D001-H11-PP02,inequality,1,11,solar,2,pp_upper_bound,true,14,542,MW
20260718_162525_stage_0_6a88ecee,INEQ-LOWER-D001-H11-PP03,inequality,1,11,solar,3,pp_lower_bound,true,15,543,MW
20260718_162525_stage_0_6a88ecee,INEQ-UPPER-D001-H11-PP03,inequality,1,11,solar,3,pp_upper_bound,true,16,544,MW
20260718_162525_stage_0_6a88ecee,INEQ-LOWER-D001-H11-PP04,inequality,1,11,solar,4,pp_lower_bound,true,17,545,MW
20260718_162525_stage_0_6a88ecee,INEQ-UPPER-D001-H11-PP04,inequality,1,11,solar,4,pp_upper_bound,true,18,546,MW
20260718_162525_stage_0_6a88ecee,INEQ-LOWER-D001-H11-PP05,inequality,1,11,solar,5,pp_lower_bound,true,19,547,MW
20260718_162525_stage_0_6a88ecee,INEQ-UPPER-D001-H11-PP05,inequality,1,11,solar,5,pp_upper_bound,true,20,548,MW
20260718_162525_stage_0_6a88ecee,INEQ-LOWER-D001-H11-PH01,inequality,1,11,hydro,1,ph_lower_bound,true,21,549,MW
20260718_162525_stage_0_6a88ecee,INEQ-UPPER-D001-H11-PH01,inequality,1,11,hydro,1,ph_upper_bound,true,22,550,MW
20260718_162525_stage_0_6a88ecee,INEQ-LOWER-D001-H11-PH02,inequality,1,11,hydro,2,ph_lower_bound,true,23,551,MW
20260718_162525_stage_0_6a88ecee,INEQ-UPPER-D001-H11-PH02,inequality,1,11,hydro,2,ph_upper_bound,true,24,552,MW
20260718_162525_stage_0_6a88ecee,INEQ-LOWER-D001-H11-PH03,inequality,1,11,hydro,3,ph_lower_bound,true,25,553,MW
20260718_162525_stage_0_6a88ecee,INEQ-UPPER-D001-H11-PH03,inequality,1,11,hydro,3,ph_upper_bound,true,26,554,MW
20260718_162525_stage_0_6a88ecee,INEQ-LOWER-D001-H11-PH04,inequality,1,11,hydro,4,ph_lower_bound,true,27,555,MW
20260718_162525_stage_0_6a88ecee,INEQ-UPPER-D001-H11-PH04,inequality,1,11,hydro,4,ph_upper_bound,true,28,556,MW
20260718_162525_stage_0_6a88ecee,INEQ-LOWER-D001-H11-PF01,inequality,1,11,thermal,1,pf_lower_bound,true,29,557,MW
20260718_162525_stage_0_6a88ecee,INEQ-UPPER-D001-H11-PF01,inequality,1,11,thermal,1,pf_upper_bound,true,30,558,MW
20260718_162525_stage_0_6a88ecee,INEQ-LOWER-D001-H11-PF02,inequality,1,11,thermal,2,pf_lower_bound,true,31,559,MW
20260718_162525_stage_0_6a88ecee,INEQ-UPPER-D001-H11-PF02,inequality,1,11,thermal,2,pf_upper_bound,true,32,560,MW
20260718_162525_stage_0_6a88ecee,INEQ-LOWER-D001-H11-PF03,inequality,1,11,thermal,3,pf_lower_bound,true,33,561,MW
20260718_162525_stage_0_6a88ecee,INEQ-UPPER-D001-H11-PF03,inequality,1,11,thermal,3,pf_upper_bound,true,34,562,MW
20260718_162525_stage_0_6a88ecee,INEQ-LOWER-D001-H11-PF04,inequality,1,11,thermal,4,pf_lower_bound,true,35,563,MW
20260718_162525_stage_0_6a88ecee,INEQ-UPPER-D001-H11-PF04,inequality,1,11,thermal,4,pf_upper_bound,true,36,564,MW
20260718_162525_stage_0_6a88ecee,INEQ-LOWER-D001-H11-Pch01,inequality,1,11,storage,1,pch_lower_bound,true,37,565,MW
20260718_162525_stage_0_6a88ecee,INEQ-UPPER-D001-H11-Pch01,inequality,1,11,storage,1,pch_upper_bound,true,38,566,MW
20260718_162525_stage_0_6a88ecee,INEQ-LOWER-D001-H11-Pch02,inequality,1,11,storage,2,pch_lower_bound,true,39,567,MW
20260718_162525_stage_0_6a88ecee,INEQ-UPPER-D001-H11-Pch02,inequality,1,11,storage,2,pch_upper_bound,true,40,568,MW
20260718_162525_stage_0_6a88ecee,INEQ-LOWER-D001-H11-Pdis01,inequality,1,11,storage,1,pdis_lower_bound,true,41,569,MW
20260718_162525_stage_0_6a88ecee,INEQ-UPPER-D001-H11-Pdis01,inequality,1,11,storage,1,pdis_upper_bound,true,42,570,MW
20260718_162525_stage_0_6a88ecee,INEQ-LOWER-D001-H11-Pdis02,inequality,1,11,storage,2,pdis_lower_bound,true,43,571,MW
20260718_162525_stage_0_6a88ecee,INEQ-UPPER-D001-H11-Pdis02,inequality,1,11,storage,2,pdis_upper_bound,true,44,572,MW
20260718_162525_stage_0_6a88ecee,INEQ-LOWER-D001-H11-SOC01,inequality,1,11,storage,1,soc_lower_bound,true,45,573,MWh
20260718_162525_stage_0_6a88ecee,INEQ-UPPER-D001-H11-SOC01,inequality,1,11,storage,1,soc_upper_bound,true,46,574,MWh
20260718_162525_stage_0_6a88ecee,INEQ-LOWER-D001-H11-SOC02,inequality,1,11,storage,2,soc_lower_bound,true,47,575,MWh
20260718_162525_stage_0_6a88ecee,INEQ-UPPER-D001-H11-SOC02,inequality,1,11,storage,2,soc_upper_bound,true,48,576,MWh
20260718_162525_stage_0_6a88ecee,INEQ-LOWER-D001-H12-PW01,inequality,1,12,wind,1,pw_lower_bound,true,1,577,MW
20260718_162525_stage_0_6a88ecee,INEQ-UPPER-D001-H12-PW01,inequality,1,12,wind,1,pw_upper_bound,true,2,578,MW
20260718_162525_stage_0_6a88ecee,INEQ-LOWER-D001-H12-PW02,inequality,1,12,wind,2,pw_lower_bound,true,3,579,MW
20260718_162525_stage_0_6a88ecee,INEQ-UPPER-D001-H12-PW02,inequality,1,12,wind,2,pw_upper_bound,true,4,580,MW
20260718_162525_stage_0_6a88ecee,INEQ-LOWER-D001-H12-PW03,inequality,1,12,wind,3,pw_lower_bound,true,5,581,MW
20260718_162525_stage_0_6a88ecee,INEQ-UPPER-D001-H12-PW03,inequality,1,12,wind,3,pw_upper_bound,true,6,582,MW
20260718_162525_stage_0_6a88ecee,INEQ-LOWER-D001-H12-PW04,inequality,1,12,wind,4,pw_lower_bound,true,7,583,MW
20260718_162525_stage_0_6a88ecee,INEQ-UPPER-D001-H12-PW04,inequality,1,12,wind,4,pw_upper_bound,true,8,584,MW
20260718_162525_stage_0_6a88ecee,INEQ-LOWER-D001-H12-PW05,inequality,1,12,wind,5,pw_lower_bound,true,9,585,MW
20260718_162525_stage_0_6a88ecee,INEQ-UPPER-D001-H12-PW05,inequality,1,12,wind,5,pw_upper_bound,true,10,586,MW
20260718_162525_stage_0_6a88ecee,INEQ-LOWER-D001-H12-PP01,inequality,1,12,solar,1,pp_lower_bound,true,11,587,MW
20260718_162525_stage_0_6a88ecee,INEQ-UPPER-D001-H12-PP01,inequality,1,12,solar,1,pp_upper_bound,true,12,588,MW
20260718_162525_stage_0_6a88ecee,INEQ-LOWER-D001-H12-PP02,inequality,1,12,solar,2,pp_lower_bound,true,13,589,MW
20260718_162525_stage_0_6a88ecee,INEQ-UPPER-D001-H12-PP02,inequality,1,12,solar,2,pp_upper_bound,true,14,590,MW
20260718_162525_stage_0_6a88ecee,INEQ-LOWER-D001-H12-PP03,inequality,1,12,solar,3,pp_lower_bound,true,15,591,MW
20260718_162525_stage_0_6a88ecee,INEQ-UPPER-D001-H12-PP03,inequality,1,12,solar,3,pp_upper_bound,true,16,592,MW
20260718_162525_stage_0_6a88ecee,INEQ-LOWER-D001-H12-PP04,inequality,1,12,solar,4,pp_lower_bound,true,17,593,MW
20260718_162525_stage_0_6a88ecee,INEQ-UPPER-D001-H12-PP04,inequality,1,12,solar,4,pp_upper_bound,true,18,594,MW
20260718_162525_stage_0_6a88ecee,INEQ-LOWER-D001-H12-PP05,inequality,1,12,solar,5,pp_lower_bound,true,19,595,MW
20260718_162525_stage_0_6a88ecee,INEQ-UPPER-D001-H12-PP05,inequality,1,12,solar,5,pp_upper_bound,true,20,596,MW
20260718_162525_stage_0_6a88ecee,INEQ-LOWER-D001-H12-PH01,inequality,1,12,hydro,1,ph_lower_bound,true,21,597,MW
20260718_162525_stage_0_6a88ecee,INEQ-UPPER-D001-H12-PH01,inequality,1,12,hydro,1,ph_upper_bound,true,22,598,MW
20260718_162525_stage_0_6a88ecee,INEQ-LOWER-D001-H12-PH02,inequality,1,12,hydro,2,ph_lower_bound,true,23,599,MW
20260718_162525_stage_0_6a88ecee,INEQ-UPPER-D001-H12-PH02,inequality,1,12,hydro,2,ph_upper_bound,true,24,600,MW
20260718_162525_stage_0_6a88ecee,INEQ-LOWER-D001-H12-PH03,inequality,1,12,hydro,3,ph_lower_bound,true,25,601,MW
20260718_162525_stage_0_6a88ecee,INEQ-UPPER-D001-H12-PH03,inequality,1,12,hydro,3,ph_upper_bound,true,26,602,MW
20260718_162525_stage_0_6a88ecee,INEQ-LOWER-D001-H12-PH04,inequality,1,12,hydro,4,ph_lower_bound,true,27,603,MW
20260718_162525_stage_0_6a88ecee,INEQ-UPPER-D001-H12-PH04,inequality,1,12,hydro,4,ph_upper_bound,true,28,604,MW
20260718_162525_stage_0_6a88ecee,INEQ-LOWER-D001-H12-PF01,inequality,1,12,thermal,1,pf_lower_bound,true,29,605,MW
20260718_162525_stage_0_6a88ecee,INEQ-UPPER-D001-H12-PF01,inequality,1,12,thermal,1,pf_upper_bound,true,30,606,MW
20260718_162525_stage_0_6a88ecee,INEQ-LOWER-D001-H12-PF02,inequality,1,12,thermal,2,pf_lower_bound,true,31,607,MW
20260718_162525_stage_0_6a88ecee,INEQ-UPPER-D001-H12-PF02,inequality,1,12,thermal,2,pf_upper_bound,true,32,608,MW
20260718_162525_stage_0_6a88ecee,INEQ-LOWER-D001-H12-PF03,inequality,1,12,thermal,3,pf_lower_bound,true,33,609,MW
20260718_162525_stage_0_6a88ecee,INEQ-UPPER-D001-H12-PF03,inequality,1,12,thermal,3,pf_upper_bound,true,34,610,MW
20260718_162525_stage_0_6a88ecee,INEQ-LOWER-D001-H12-PF04,inequality,1,12,thermal,4,pf_lower_bound,true,35,611,MW
20260718_162525_stage_0_6a88ecee,INEQ-UPPER-D001-H12-PF04,inequality,1,12,thermal,4,pf_upper_bound,true,36,612,MW
20260718_162525_stage_0_6a88ecee,INEQ-LOWER-D001-H12-Pch01,inequality,1,12,storage,1,pch_lower_bound,true,37,613,MW
20260718_162525_stage_0_6a88ecee,INEQ-UPPER-D001-H12-Pch01,inequality,1,12,storage,1,pch_upper_bound,true,38,614,MW
20260718_162525_stage_0_6a88ecee,INEQ-LOWER-D001-H12-Pch02,inequality,1,12,storage,2,pch_lower_bound,true,39,615,MW
20260718_162525_stage_0_6a88ecee,INEQ-UPPER-D001-H12-Pch02,inequality,1,12,storage,2,pch_upper_bound,true,40,616,MW
20260718_162525_stage_0_6a88ecee,INEQ-LOWER-D001-H12-Pdis01,inequality,1,12,storage,1,pdis_lower_bound,true,41,617,MW
20260718_162525_stage_0_6a88ecee,INEQ-UPPER-D001-H12-Pdis01,inequality,1,12,storage,1,pdis_upper_bound,true,42,618,MW
20260718_162525_stage_0_6a88ecee,INEQ-LOWER-D001-H12-Pdis02,inequality,1,12,storage,2,pdis_lower_bound,true,43,619,MW
20260718_162525_stage_0_6a88ecee,INEQ-UPPER-D001-H12-Pdis02,inequality,1,12,storage,2,pdis_upper_bound,true,44,620,MW
20260718_162525_stage_0_6a88ecee,INEQ-LOWER-D001-H12-SOC01,inequality,1,12,storage,1,soc_lower_bound,true,45,621,MWh
20260718_162525_stage_0_6a88ecee,INEQ-UPPER-D001-H12-SOC01,inequality,1,12,storage,1,soc_upper_bound,true,46,622,MWh
20260718_162525_stage_0_6a88ecee,INEQ-LOWER-D001-H12-SOC02,inequality,1,12,storage,2,soc_lower_bound,true,47,623,MWh
20260718_162525_stage_0_6a88ecee,INEQ-UPPER-D001-H12-SOC02,inequality,1,12,storage,2,soc_upper_bound,true,48,624,MWh
20260718_162525_stage_0_6a88ecee,INEQ-LOWER-D001-H13-PW01,inequality,1,13,wind,1,pw_lower_bound,true,1,625,MW
20260718_162525_stage_0_6a88ecee,INEQ-UPPER-D001-H13-PW01,inequality,1,13,wind,1,pw_upper_bound,true,2,626,MW
20260718_162525_stage_0_6a88ecee,INEQ-LOWER-D001-H13-PW02,inequality,1,13,wind,2,pw_lower_bound,true,3,627,MW
20260718_162525_stage_0_6a88ecee,INEQ-UPPER-D001-H13-PW02,inequality,1,13,wind,2,pw_upper_bound,true,4,628,MW
20260718_162525_stage_0_6a88ecee,INEQ-LOWER-D001-H13-PW03,inequality,1,13,wind,3,pw_lower_bound,true,5,629,MW
20260718_162525_stage_0_6a88ecee,INEQ-UPPER-D001-H13-PW03,inequality,1,13,wind,3,pw_upper_bound,true,6,630,MW
20260718_162525_stage_0_6a88ecee,INEQ-LOWER-D001-H13-PW04,inequality,1,13,wind,4,pw_lower_bound,true,7,631,MW
20260718_162525_stage_0_6a88ecee,INEQ-UPPER-D001-H13-PW04,inequality,1,13,wind,4,pw_upper_bound,true,8,632,MW
20260718_162525_stage_0_6a88ecee,INEQ-LOWER-D001-H13-PW05,inequality,1,13,wind,5,pw_lower_bound,true,9,633,MW
20260718_162525_stage_0_6a88ecee,INEQ-UPPER-D001-H13-PW05,inequality,1,13,wind,5,pw_upper_bound,true,10,634,MW
20260718_162525_stage_0_6a88ecee,INEQ-LOWER-D001-H13-PP01,inequality,1,13,solar,1,pp_lower_bound,true,11,635,MW
20260718_162525_stage_0_6a88ecee,INEQ-UPPER-D001-H13-PP01,inequality,1,13,solar,1,pp_upper_bound,true,12,636,MW
20260718_162525_stage_0_6a88ecee,INEQ-LOWER-D001-H13-PP02,inequality,1,13,solar,2,pp_lower_bound,true,13,637,MW
20260718_162525_stage_0_6a88ecee,INEQ-UPPER-D001-H13-PP02,inequality,1,13,solar,2,pp_upper_bound,true,14,638,MW
20260718_162525_stage_0_6a88ecee,INEQ-LOWER-D001-H13-PP03,inequality,1,13,solar,3,pp_lower_bound,true,15,639,MW
20260718_162525_stage_0_6a88ecee,INEQ-UPPER-D001-H13-PP03,inequality,1,13,solar,3,pp_upper_bound,true,16,640,MW
20260718_162525_stage_0_6a88ecee,INEQ-LOWER-D001-H13-PP04,inequality,1,13,solar,4,pp_lower_bound,true,17,641,MW
20260718_162525_stage_0_6a88ecee,INEQ-UPPER-D001-H13-PP04,inequality,1,13,solar,4,pp_upper_bound,true,18,642,MW
20260718_162525_stage_0_6a88ecee,INEQ-LOWER-D001-H13-PP05,inequality,1,13,solar,5,pp_lower_bound,true,19,643,MW
20260718_162525_stage_0_6a88ecee,INEQ-UPPER-D001-H13-PP05,inequality,1,13,solar,5,pp_upper_bound,true,20,644,MW
20260718_162525_stage_0_6a88ecee,INEQ-LOWER-D001-H13-PH01,inequality,1,13,hydro,1,ph_lower_bound,true,21,645,MW
20260718_162525_stage_0_6a88ecee,INEQ-UPPER-D001-H13-PH01,inequality,1,13,hydro,1,ph_upper_bound,true,22,646,MW
20260718_162525_stage_0_6a88ecee,INEQ-LOWER-D001-H13-PH02,inequality,1,13,hydro,2,ph_lower_bound,true,23,647,MW
20260718_162525_stage_0_6a88ecee,INEQ-UPPER-D001-H13-PH02,inequality,1,13,hydro,2,ph_upper_bound,true,24,648,MW
20260718_162525_stage_0_6a88ecee,INEQ-LOWER-D001-H13-PH03,inequality,1,13,hydro,3,ph_lower_bound,true,25,649,MW
20260718_162525_stage_0_6a88ecee,INEQ-UPPER-D001-H13-PH03,inequality,1,13,hydro,3,ph_upper_bound,true,26,650,MW
20260718_162525_stage_0_6a88ecee,INEQ-LOWER-D001-H13-PH04,inequality,1,13,hydro,4,ph_lower_bound,true,27,651,MW
20260718_162525_stage_0_6a88ecee,INEQ-UPPER-D001-H13-PH04,inequality,1,13,hydro,4,ph_upper_bound,true,28,652,MW
20260718_162525_stage_0_6a88ecee,INEQ-LOWER-D001-H13-PF01,inequality,1,13,thermal,1,pf_lower_bound,true,29,653,MW
20260718_162525_stage_0_6a88ecee,INEQ-UPPER-D001-H13-PF01,inequality,1,13,thermal,1,pf_upper_bound,true,30,654,MW
20260718_162525_stage_0_6a88ecee,INEQ-LOWER-D001-H13-PF02,inequality,1,13,thermal,2,pf_lower_bound,true,31,655,MW
20260718_162525_stage_0_6a88ecee,INEQ-UPPER-D001-H13-PF02,inequality,1,13,thermal,2,pf_upper_bound,true,32,656,MW
20260718_162525_stage_0_6a88ecee,INEQ-LOWER-D001-H13-PF03,inequality,1,13,thermal,3,pf_lower_bound,true,33,657,MW
20260718_162525_stage_0_6a88ecee,INEQ-UPPER-D001-H13-PF03,inequality,1,13,thermal,3,pf_upper_bound,true,34,658,MW
20260718_162525_stage_0_6a88ecee,INEQ-LOWER-D001-H13-PF04,inequality,1,13,thermal,4,pf_lower_bound,true,35,659,MW
20260718_162525_stage_0_6a88ecee,INEQ-UPPER-D001-H13-PF04,inequality,1,13,thermal,4,pf_upper_bound,true,36,660,MW
20260718_162525_stage_0_6a88ecee,INEQ-LOWER-D001-H13-Pch01,inequality,1,13,storage,1,pch_lower_bound,true,37,661,MW
20260718_162525_stage_0_6a88ecee,INEQ-UPPER-D001-H13-Pch01,inequality,1,13,storage,1,pch_upper_bound,true,38,662,MW
20260718_162525_stage_0_6a88ecee,INEQ-LOWER-D001-H13-Pch02,inequality,1,13,storage,2,pch_lower_bound,true,39,663,MW
20260718_162525_stage_0_6a88ecee,INEQ-UPPER-D001-H13-Pch02,inequality,1,13,storage,2,pch_upper_bound,true,40,664,MW
20260718_162525_stage_0_6a88ecee,INEQ-LOWER-D001-H13-Pdis01,inequality,1,13,storage,1,pdis_lower_bound,true,41,665,MW
20260718_162525_stage_0_6a88ecee,INEQ-UPPER-D001-H13-Pdis01,inequality,1,13,storage,1,pdis_upper_bound,true,42,666,MW
20260718_162525_stage_0_6a88ecee,INEQ-LOWER-D001-H13-Pdis02,inequality,1,13,storage,2,pdis_lower_bound,true,43,667,MW
20260718_162525_stage_0_6a88ecee,INEQ-UPPER-D001-H13-Pdis02,inequality,1,13,storage,2,pdis_upper_bound,true,44,668,MW
20260718_162525_stage_0_6a88ecee,INEQ-LOWER-D001-H13-SOC01,inequality,1,13,storage,1,soc_lower_bound,true,45,669,MWh
20260718_162525_stage_0_6a88ecee,INEQ-UPPER-D001-H13-SOC01,inequality,1,13,storage,1,soc_upper_bound,true,46,670,MWh
20260718_162525_stage_0_6a88ecee,INEQ-LOWER-D001-H13-SOC02,inequality,1,13,storage,2,soc_lower_bound,true,47,671,MWh
20260718_162525_stage_0_6a88ecee,INEQ-UPPER-D001-H13-SOC02,inequality,1,13,storage,2,soc_upper_bound,true,48,672,MWh
20260718_162525_stage_0_6a88ecee,INEQ-LOWER-D001-H14-PW01,inequality,1,14,wind,1,pw_lower_bound,true,1,673,MW
20260718_162525_stage_0_6a88ecee,INEQ-UPPER-D001-H14-PW01,inequality,1,14,wind,1,pw_upper_bound,true,2,674,MW
20260718_162525_stage_0_6a88ecee,INEQ-LOWER-D001-H14-PW02,inequality,1,14,wind,2,pw_lower_bound,true,3,675,MW
20260718_162525_stage_0_6a88ecee,INEQ-UPPER-D001-H14-PW02,inequality,1,14,wind,2,pw_upper_bound,true,4,676,MW
20260718_162525_stage_0_6a88ecee,INEQ-LOWER-D001-H14-PW03,inequality,1,14,wind,3,pw_lower_bound,true,5,677,MW
20260718_162525_stage_0_6a88ecee,INEQ-UPPER-D001-H14-PW03,inequality,1,14,wind,3,pw_upper_bound,true,6,678,MW
20260718_162525_stage_0_6a88ecee,INEQ-LOWER-D001-H14-PW04,inequality,1,14,wind,4,pw_lower_bound,true,7,679,MW
20260718_162525_stage_0_6a88ecee,INEQ-UPPER-D001-H14-PW04,inequality,1,14,wind,4,pw_upper_bound,true,8,680,MW
20260718_162525_stage_0_6a88ecee,INEQ-LOWER-D001-H14-PW05,inequality,1,14,wind,5,pw_lower_bound,true,9,681,MW
20260718_162525_stage_0_6a88ecee,INEQ-UPPER-D001-H14-PW05,inequality,1,14,wind,5,pw_upper_bound,true,10,682,MW
20260718_162525_stage_0_6a88ecee,INEQ-LOWER-D001-H14-PP01,inequality,1,14,solar,1,pp_lower_bound,true,11,683,MW
20260718_162525_stage_0_6a88ecee,INEQ-UPPER-D001-H14-PP01,inequality,1,14,solar,1,pp_upper_bound,true,12,684,MW
20260718_162525_stage_0_6a88ecee,INEQ-LOWER-D001-H14-PP02,inequality,1,14,solar,2,pp_lower_bound,true,13,685,MW
20260718_162525_stage_0_6a88ecee,INEQ-UPPER-D001-H14-PP02,inequality,1,14,solar,2,pp_upper_bound,true,14,686,MW
20260718_162525_stage_0_6a88ecee,INEQ-LOWER-D001-H14-PP03,inequality,1,14,solar,3,pp_lower_bound,true,15,687,MW
20260718_162525_stage_0_6a88ecee,INEQ-UPPER-D001-H14-PP03,inequality,1,14,solar,3,pp_upper_bound,true,16,688,MW
20260718_162525_stage_0_6a88ecee,INEQ-LOWER-D001-H14-PP04,inequality,1,14,solar,4,pp_lower_bound,true,17,689,MW
20260718_162525_stage_0_6a88ecee,INEQ-UPPER-D001-H14-PP04,inequality,1,14,solar,4,pp_upper_bound,true,18,690,MW
20260718_162525_stage_0_6a88ecee,INEQ-LOWER-D001-H14-PP05,inequality,1,14,solar,5,pp_lower_bound,true,19,691,MW
20260718_162525_stage_0_6a88ecee,INEQ-UPPER-D001-H14-PP05,inequality,1,14,solar,5,pp_upper_bound,true,20,692,MW
20260718_162525_stage_0_6a88ecee,INEQ-LOWER-D001-H14-PH01,inequality,1,14,hydro,1,ph_lower_bound,true,21,693,MW
20260718_162525_stage_0_6a88ecee,INEQ-UPPER-D001-H14-PH01,inequality,1,14,hydro,1,ph_upper_bound,true,22,694,MW
20260718_162525_stage_0_6a88ecee,INEQ-LOWER-D001-H14-PH02,inequality,1,14,hydro,2,ph_lower_bound,true,23,695,MW
20260718_162525_stage_0_6a88ecee,INEQ-UPPER-D001-H14-PH02,inequality,1,14,hydro,2,ph_upper_bound,true,24,696,MW
20260718_162525_stage_0_6a88ecee,INEQ-LOWER-D001-H14-PH03,inequality,1,14,hydro,3,ph_lower_bound,true,25,697,MW
20260718_162525_stage_0_6a88ecee,INEQ-UPPER-D001-H14-PH03,inequality,1,14,hydro,3,ph_upper_bound,true,26,698,MW
20260718_162525_stage_0_6a88ecee,INEQ-LOWER-D001-H14-PH04,inequality,1,14,hydro,4,ph_lower_bound,true,27,699,MW
20260718_162525_stage_0_6a88ecee,INEQ-UPPER-D001-H14-PH04,inequality,1,14,hydro,4,ph_upper_bound,true,28,700,MW
20260718_162525_stage_0_6a88ecee,INEQ-LOWER-D001-H14-PF01,inequality,1,14,thermal,1,pf_lower_bound,true,29,701,MW
20260718_162525_stage_0_6a88ecee,INEQ-UPPER-D001-H14-PF01,inequality,1,14,thermal,1,pf_upper_bound,true,30,702,MW
20260718_162525_stage_0_6a88ecee,INEQ-LOWER-D001-H14-PF02,inequality,1,14,thermal,2,pf_lower_bound,true,31,703,MW
20260718_162525_stage_0_6a88ecee,INEQ-UPPER-D001-H14-PF02,inequality,1,14,thermal,2,pf_upper_bound,true,32,704,MW
20260718_162525_stage_0_6a88ecee,INEQ-LOWER-D001-H14-PF03,inequality,1,14,thermal,3,pf_lower_bound,true,33,705,MW
20260718_162525_stage_0_6a88ecee,INEQ-UPPER-D001-H14-PF03,inequality,1,14,thermal,3,pf_upper_bound,true,34,706,MW
20260718_162525_stage_0_6a88ecee,INEQ-LOWER-D001-H14-PF04,inequality,1,14,thermal,4,pf_lower_bound,true,35,707,MW
20260718_162525_stage_0_6a88ecee,INEQ-UPPER-D001-H14-PF04,inequality,1,14,thermal,4,pf_upper_bound,true,36,708,MW
20260718_162525_stage_0_6a88ecee,INEQ-LOWER-D001-H14-Pch01,inequality,1,14,storage,1,pch_lower_bound,true,37,709,MW
20260718_162525_stage_0_6a88ecee,INEQ-UPPER-D001-H14-Pch01,inequality,1,14,storage,1,pch_upper_bound,true,38,710,MW
20260718_162525_stage_0_6a88ecee,INEQ-LOWER-D001-H14-Pch02,inequality,1,14,storage,2,pch_lower_bound,true,39,711,MW
20260718_162525_stage_0_6a88ecee,INEQ-UPPER-D001-H14-Pch02,inequality,1,14,storage,2,pch_upper_bound,true,40,712,MW
20260718_162525_stage_0_6a88ecee,INEQ-LOWER-D001-H14-Pdis01,inequality,1,14,storage,1,pdis_lower_bound,true,41,713,MW
20260718_162525_stage_0_6a88ecee,INEQ-UPPER-D001-H14-Pdis01,inequality,1,14,storage,1,pdis_upper_bound,true,42,714,MW
20260718_162525_stage_0_6a88ecee,INEQ-LOWER-D001-H14-Pdis02,inequality,1,14,storage,2,pdis_lower_bound,true,43,715,MW
20260718_162525_stage_0_6a88ecee,INEQ-UPPER-D001-H14-Pdis02,inequality,1,14,storage,2,pdis_upper_bound,true,44,716,MW
20260718_162525_stage_0_6a88ecee,INEQ-LOWER-D001-H14-SOC01,inequality,1,14,storage,1,soc_lower_bound,true,45,717,MWh
20260718_162525_stage_0_6a88ecee,INEQ-UPPER-D001-H14-SOC01,inequality,1,14,storage,1,soc_upper_bound,true,46,718,MWh
20260718_162525_stage_0_6a88ecee,INEQ-LOWER-D001-H14-SOC02,inequality,1,14,storage,2,soc_lower_bound,true,47,719,MWh
20260718_162525_stage_0_6a88ecee,INEQ-UPPER-D001-H14-SOC02,inequality,1,14,storage,2,soc_upper_bound,true,48,720,MWh
20260718_162525_stage_0_6a88ecee,INEQ-LOWER-D001-H15-PW01,inequality,1,15,wind,1,pw_lower_bound,true,1,721,MW
20260718_162525_stage_0_6a88ecee,INEQ-UPPER-D001-H15-PW01,inequality,1,15,wind,1,pw_upper_bound,true,2,722,MW
20260718_162525_stage_0_6a88ecee,INEQ-LOWER-D001-H15-PW02,inequality,1,15,wind,2,pw_lower_bound,true,3,723,MW
20260718_162525_stage_0_6a88ecee,INEQ-UPPER-D001-H15-PW02,inequality,1,15,wind,2,pw_upper_bound,true,4,724,MW
20260718_162525_stage_0_6a88ecee,INEQ-LOWER-D001-H15-PW03,inequality,1,15,wind,3,pw_lower_bound,true,5,725,MW
20260718_162525_stage_0_6a88ecee,INEQ-UPPER-D001-H15-PW03,inequality,1,15,wind,3,pw_upper_bound,true,6,726,MW
20260718_162525_stage_0_6a88ecee,INEQ-LOWER-D001-H15-PW04,inequality,1,15,wind,4,pw_lower_bound,true,7,727,MW
20260718_162525_stage_0_6a88ecee,INEQ-UPPER-D001-H15-PW04,inequality,1,15,wind,4,pw_upper_bound,true,8,728,MW
20260718_162525_stage_0_6a88ecee,INEQ-LOWER-D001-H15-PW05,inequality,1,15,wind,5,pw_lower_bound,true,9,729,MW
20260718_162525_stage_0_6a88ecee,INEQ-UPPER-D001-H15-PW05,inequality,1,15,wind,5,pw_upper_bound,true,10,730,MW
20260718_162525_stage_0_6a88ecee,INEQ-LOWER-D001-H15-PP01,inequality,1,15,solar,1,pp_lower_bound,true,11,731,MW
20260718_162525_stage_0_6a88ecee,INEQ-UPPER-D001-H15-PP01,inequality,1,15,solar,1,pp_upper_bound,true,12,732,MW
20260718_162525_stage_0_6a88ecee,INEQ-LOWER-D001-H15-PP02,inequality,1,15,solar,2,pp_lower_bound,true,13,733,MW
20260718_162525_stage_0_6a88ecee,INEQ-UPPER-D001-H15-PP02,inequality,1,15,solar,2,pp_upper_bound,true,14,734,MW
20260718_162525_stage_0_6a88ecee,INEQ-LOWER-D001-H15-PP03,inequality,1,15,solar,3,pp_lower_bound,true,15,735,MW
20260718_162525_stage_0_6a88ecee,INEQ-UPPER-D001-H15-PP03,inequality,1,15,solar,3,pp_upper_bound,true,16,736,MW
20260718_162525_stage_0_6a88ecee,INEQ-LOWER-D001-H15-PP04,inequality,1,15,solar,4,pp_lower_bound,true,17,737,MW
20260718_162525_stage_0_6a88ecee,INEQ-UPPER-D001-H15-PP04,inequality,1,15,solar,4,pp_upper_bound,true,18,738,MW
20260718_162525_stage_0_6a88ecee,INEQ-LOWER-D001-H15-PP05,inequality,1,15,solar,5,pp_lower_bound,true,19,739,MW
20260718_162525_stage_0_6a88ecee,INEQ-UPPER-D001-H15-PP05,inequality,1,15,solar,5,pp_upper_bound,true,20,740,MW
20260718_162525_stage_0_6a88ecee,INEQ-LOWER-D001-H15-PH01,inequality,1,15,hydro,1,ph_lower_bound,true,21,741,MW
20260718_162525_stage_0_6a88ecee,INEQ-UPPER-D001-H15-PH01,inequality,1,15,hydro,1,ph_upper_bound,true,22,742,MW
20260718_162525_stage_0_6a88ecee,INEQ-LOWER-D001-H15-PH02,inequality,1,15,hydro,2,ph_lower_bound,true,23,743,MW
20260718_162525_stage_0_6a88ecee,INEQ-UPPER-D001-H15-PH02,inequality,1,15,hydro,2,ph_upper_bound,true,24,744,MW
20260718_162525_stage_0_6a88ecee,INEQ-LOWER-D001-H15-PH03,inequality,1,15,hydro,3,ph_lower_bound,true,25,745,MW
20260718_162525_stage_0_6a88ecee,INEQ-UPPER-D001-H15-PH03,inequality,1,15,hydro,3,ph_upper_bound,true,26,746,MW
20260718_162525_stage_0_6a88ecee,INEQ-LOWER-D001-H15-PH04,inequality,1,15,hydro,4,ph_lower_bound,true,27,747,MW
20260718_162525_stage_0_6a88ecee,INEQ-UPPER-D001-H15-PH04,inequality,1,15,hydro,4,ph_upper_bound,true,28,748,MW
20260718_162525_stage_0_6a88ecee,INEQ-LOWER-D001-H15-PF01,inequality,1,15,thermal,1,pf_lower_bound,true,29,749,MW
20260718_162525_stage_0_6a88ecee,INEQ-UPPER-D001-H15-PF01,inequality,1,15,thermal,1,pf_upper_bound,true,30,750,MW
20260718_162525_stage_0_6a88ecee,INEQ-LOWER-D001-H15-PF02,inequality,1,15,thermal,2,pf_lower_bound,true,31,751,MW
20260718_162525_stage_0_6a88ecee,INEQ-UPPER-D001-H15-PF02,inequality,1,15,thermal,2,pf_upper_bound,true,32,752,MW
20260718_162525_stage_0_6a88ecee,INEQ-LOWER-D001-H15-PF03,inequality,1,15,thermal,3,pf_lower_bound,true,33,753,MW
20260718_162525_stage_0_6a88ecee,INEQ-UPPER-D001-H15-PF03,inequality,1,15,thermal,3,pf_upper_bound,true,34,754,MW
20260718_162525_stage_0_6a88ecee,INEQ-LOWER-D001-H15-PF04,inequality,1,15,thermal,4,pf_lower_bound,true,35,755,MW
20260718_162525_stage_0_6a88ecee,INEQ-UPPER-D001-H15-PF04,inequality,1,15,thermal,4,pf_upper_bound,true,36,756,MW
20260718_162525_stage_0_6a88ecee,INEQ-LOWER-D001-H15-Pch01,inequality,1,15,storage,1,pch_lower_bound,true,37,757,MW
20260718_162525_stage_0_6a88ecee,INEQ-UPPER-D001-H15-Pch01,inequality,1,15,storage,1,pch_upper_bound,true,38,758,MW
20260718_162525_stage_0_6a88ecee,INEQ-LOWER-D001-H15-Pch02,inequality,1,15,storage,2,pch_lower_bound,true,39,759,MW
20260718_162525_stage_0_6a88ecee,INEQ-UPPER-D001-H15-Pch02,inequality,1,15,storage,2,pch_upper_bound,true,40,760,MW
20260718_162525_stage_0_6a88ecee,INEQ-LOWER-D001-H15-Pdis01,inequality,1,15,storage,1,pdis_lower_bound,true,41,761,MW
20260718_162525_stage_0_6a88ecee,INEQ-UPPER-D001-H15-Pdis01,inequality,1,15,storage,1,pdis_upper_bound,true,42,762,MW
20260718_162525_stage_0_6a88ecee,INEQ-LOWER-D001-H15-Pdis02,inequality,1,15,storage,2,pdis_lower_bound,true,43,763,MW
20260718_162525_stage_0_6a88ecee,INEQ-UPPER-D001-H15-Pdis02,inequality,1,15,storage,2,pdis_upper_bound,true,44,764,MW
20260718_162525_stage_0_6a88ecee,INEQ-LOWER-D001-H15-SOC01,inequality,1,15,storage,1,soc_lower_bound,true,45,765,MWh
20260718_162525_stage_0_6a88ecee,INEQ-UPPER-D001-H15-SOC01,inequality,1,15,storage,1,soc_upper_bound,true,46,766,MWh
20260718_162525_stage_0_6a88ecee,INEQ-LOWER-D001-H15-SOC02,inequality,1,15,storage,2,soc_lower_bound,true,47,767,MWh
20260718_162525_stage_0_6a88ecee,INEQ-UPPER-D001-H15-SOC02,inequality,1,15,storage,2,soc_upper_bound,true,48,768,MWh
20260718_162525_stage_0_6a88ecee,INEQ-LOWER-D001-H16-PW01,inequality,1,16,wind,1,pw_lower_bound,true,1,769,MW
20260718_162525_stage_0_6a88ecee,INEQ-UPPER-D001-H16-PW01,inequality,1,16,wind,1,pw_upper_bound,true,2,770,MW
20260718_162525_stage_0_6a88ecee,INEQ-LOWER-D001-H16-PW02,inequality,1,16,wind,2,pw_lower_bound,true,3,771,MW
20260718_162525_stage_0_6a88ecee,INEQ-UPPER-D001-H16-PW02,inequality,1,16,wind,2,pw_upper_bound,true,4,772,MW
20260718_162525_stage_0_6a88ecee,INEQ-LOWER-D001-H16-PW03,inequality,1,16,wind,3,pw_lower_bound,true,5,773,MW
20260718_162525_stage_0_6a88ecee,INEQ-UPPER-D001-H16-PW03,inequality,1,16,wind,3,pw_upper_bound,true,6,774,MW
20260718_162525_stage_0_6a88ecee,INEQ-LOWER-D001-H16-PW04,inequality,1,16,wind,4,pw_lower_bound,true,7,775,MW
20260718_162525_stage_0_6a88ecee,INEQ-UPPER-D001-H16-PW04,inequality,1,16,wind,4,pw_upper_bound,true,8,776,MW
20260718_162525_stage_0_6a88ecee,INEQ-LOWER-D001-H16-PW05,inequality,1,16,wind,5,pw_lower_bound,true,9,777,MW
20260718_162525_stage_0_6a88ecee,INEQ-UPPER-D001-H16-PW05,inequality,1,16,wind,5,pw_upper_bound,true,10,778,MW
20260718_162525_stage_0_6a88ecee,INEQ-LOWER-D001-H16-PP01,inequality,1,16,solar,1,pp_lower_bound,true,11,779,MW
20260718_162525_stage_0_6a88ecee,INEQ-UPPER-D001-H16-PP01,inequality,1,16,solar,1,pp_upper_bound,true,12,780,MW
20260718_162525_stage_0_6a88ecee,INEQ-LOWER-D001-H16-PP02,inequality,1,16,solar,2,pp_lower_bound,true,13,781,MW
20260718_162525_stage_0_6a88ecee,INEQ-UPPER-D001-H16-PP02,inequality,1,16,solar,2,pp_upper_bound,true,14,782,MW
20260718_162525_stage_0_6a88ecee,INEQ-LOWER-D001-H16-PP03,inequality,1,16,solar,3,pp_lower_bound,true,15,783,MW
20260718_162525_stage_0_6a88ecee,INEQ-UPPER-D001-H16-PP03,inequality,1,16,solar,3,pp_upper_bound,true,16,784,MW
20260718_162525_stage_0_6a88ecee,INEQ-LOWER-D001-H16-PP04,inequality,1,16,solar,4,pp_lower_bound,true,17,785,MW
20260718_162525_stage_0_6a88ecee,INEQ-UPPER-D001-H16-PP04,inequality,1,16,solar,4,pp_upper_bound,true,18,786,MW
20260718_162525_stage_0_6a88ecee,INEQ-LOWER-D001-H16-PP05,inequality,1,16,solar,5,pp_lower_bound,true,19,787,MW
20260718_162525_stage_0_6a88ecee,INEQ-UPPER-D001-H16-PP05,inequality,1,16,solar,5,pp_upper_bound,true,20,788,MW
20260718_162525_stage_0_6a88ecee,INEQ-LOWER-D001-H16-PH01,inequality,1,16,hydro,1,ph_lower_bound,true,21,789,MW
20260718_162525_stage_0_6a88ecee,INEQ-UPPER-D001-H16-PH01,inequality,1,16,hydro,1,ph_upper_bound,true,22,790,MW
20260718_162525_stage_0_6a88ecee,INEQ-LOWER-D001-H16-PH02,inequality,1,16,hydro,2,ph_lower_bound,true,23,791,MW
20260718_162525_stage_0_6a88ecee,INEQ-UPPER-D001-H16-PH02,inequality,1,16,hydro,2,ph_upper_bound,true,24,792,MW
20260718_162525_stage_0_6a88ecee,INEQ-LOWER-D001-H16-PH03,inequality,1,16,hydro,3,ph_lower_bound,true,25,793,MW
20260718_162525_stage_0_6a88ecee,INEQ-UPPER-D001-H16-PH03,inequality,1,16,hydro,3,ph_upper_bound,true,26,794,MW
20260718_162525_stage_0_6a88ecee,INEQ-LOWER-D001-H16-PH04,inequality,1,16,hydro,4,ph_lower_bound,true,27,795,MW
20260718_162525_stage_0_6a88ecee,INEQ-UPPER-D001-H16-PH04,inequality,1,16,hydro,4,ph_upper_bound,true,28,796,MW
20260718_162525_stage_0_6a88ecee,INEQ-LOWER-D001-H16-PF01,inequality,1,16,thermal,1,pf_lower_bound,true,29,797,MW
20260718_162525_stage_0_6a88ecee,INEQ-UPPER-D001-H16-PF01,inequality,1,16,thermal,1,pf_upper_bound,true,30,798,MW
20260718_162525_stage_0_6a88ecee,INEQ-LOWER-D001-H16-PF02,inequality,1,16,thermal,2,pf_lower_bound,true,31,799,MW
20260718_162525_stage_0_6a88ecee,INEQ-UPPER-D001-H16-PF02,inequality,1,16,thermal,2,pf_upper_bound,true,32,800,MW
20260718_162525_stage_0_6a88ecee,INEQ-LOWER-D001-H16-PF03,inequality,1,16,thermal,3,pf_lower_bound,true,33,801,MW
20260718_162525_stage_0_6a88ecee,INEQ-UPPER-D001-H16-PF03,inequality,1,16,thermal,3,pf_upper_bound,true,34,802,MW
20260718_162525_stage_0_6a88ecee,INEQ-LOWER-D001-H16-PF04,inequality,1,16,thermal,4,pf_lower_bound,true,35,803,MW
20260718_162525_stage_0_6a88ecee,INEQ-UPPER-D001-H16-PF04,inequality,1,16,thermal,4,pf_upper_bound,true,36,804,MW
20260718_162525_stage_0_6a88ecee,INEQ-LOWER-D001-H16-Pch01,inequality,1,16,storage,1,pch_lower_bound,true,37,805,MW
20260718_162525_stage_0_6a88ecee,INEQ-UPPER-D001-H16-Pch01,inequality,1,16,storage,1,pch_upper_bound,true,38,806,MW
20260718_162525_stage_0_6a88ecee,INEQ-LOWER-D001-H16-Pch02,inequality,1,16,storage,2,pch_lower_bound,true,39,807,MW
20260718_162525_stage_0_6a88ecee,INEQ-UPPER-D001-H16-Pch02,inequality,1,16,storage,2,pch_upper_bound,true,40,808,MW
20260718_162525_stage_0_6a88ecee,INEQ-LOWER-D001-H16-Pdis01,inequality,1,16,storage,1,pdis_lower_bound,true,41,809,MW
20260718_162525_stage_0_6a88ecee,INEQ-UPPER-D001-H16-Pdis01,inequality,1,16,storage,1,pdis_upper_bound,true,42,810,MW
20260718_162525_stage_0_6a88ecee,INEQ-LOWER-D001-H16-Pdis02,inequality,1,16,storage,2,pdis_lower_bound,true,43,811,MW
20260718_162525_stage_0_6a88ecee,INEQ-UPPER-D001-H16-Pdis02,inequality,1,16,storage,2,pdis_upper_bound,true,44,812,MW
20260718_162525_stage_0_6a88ecee,INEQ-LOWER-D001-H16-SOC01,inequality,1,16,storage,1,soc_lower_bound,true,45,813,MWh
20260718_162525_stage_0_6a88ecee,INEQ-UPPER-D001-H16-SOC01,inequality,1,16,storage,1,soc_upper_bound,true,46,814,MWh
20260718_162525_stage_0_6a88ecee,INEQ-LOWER-D001-H16-SOC02,inequality,1,16,storage,2,soc_lower_bound,true,47,815,MWh
20260718_162525_stage_0_6a88ecee,INEQ-UPPER-D001-H16-SOC02,inequality,1,16,storage,2,soc_upper_bound,true,48,816,MWh
20260718_162525_stage_0_6a88ecee,INEQ-LOWER-D001-H17-PW01,inequality,1,17,wind,1,pw_lower_bound,true,1,817,MW
20260718_162525_stage_0_6a88ecee,INEQ-UPPER-D001-H17-PW01,inequality,1,17,wind,1,pw_upper_bound,true,2,818,MW
20260718_162525_stage_0_6a88ecee,INEQ-LOWER-D001-H17-PW02,inequality,1,17,wind,2,pw_lower_bound,true,3,819,MW
20260718_162525_stage_0_6a88ecee,INEQ-UPPER-D001-H17-PW02,inequality,1,17,wind,2,pw_upper_bound,true,4,820,MW
20260718_162525_stage_0_6a88ecee,INEQ-LOWER-D001-H17-PW03,inequality,1,17,wind,3,pw_lower_bound,true,5,821,MW
20260718_162525_stage_0_6a88ecee,INEQ-UPPER-D001-H17-PW03,inequality,1,17,wind,3,pw_upper_bound,true,6,822,MW
20260718_162525_stage_0_6a88ecee,INEQ-LOWER-D001-H17-PW04,inequality,1,17,wind,4,pw_lower_bound,true,7,823,MW
20260718_162525_stage_0_6a88ecee,INEQ-UPPER-D001-H17-PW04,inequality,1,17,wind,4,pw_upper_bound,true,8,824,MW
20260718_162525_stage_0_6a88ecee,INEQ-LOWER-D001-H17-PW05,inequality,1,17,wind,5,pw_lower_bound,true,9,825,MW
20260718_162525_stage_0_6a88ecee,INEQ-UPPER-D001-H17-PW05,inequality,1,17,wind,5,pw_upper_bound,true,10,826,MW
20260718_162525_stage_0_6a88ecee,INEQ-LOWER-D001-H17-PP01,inequality,1,17,solar,1,pp_lower_bound,true,11,827,MW
20260718_162525_stage_0_6a88ecee,INEQ-UPPER-D001-H17-PP01,inequality,1,17,solar,1,pp_upper_bound,true,12,828,MW
20260718_162525_stage_0_6a88ecee,INEQ-LOWER-D001-H17-PP02,inequality,1,17,solar,2,pp_lower_bound,true,13,829,MW
20260718_162525_stage_0_6a88ecee,INEQ-UPPER-D001-H17-PP02,inequality,1,17,solar,2,pp_upper_bound,true,14,830,MW
20260718_162525_stage_0_6a88ecee,INEQ-LOWER-D001-H17-PP03,inequality,1,17,solar,3,pp_lower_bound,true,15,831,MW
20260718_162525_stage_0_6a88ecee,INEQ-UPPER-D001-H17-PP03,inequality,1,17,solar,3,pp_upper_bound,true,16,832,MW
20260718_162525_stage_0_6a88ecee,INEQ-LOWER-D001-H17-PP04,inequality,1,17,solar,4,pp_lower_bound,true,17,833,MW
20260718_162525_stage_0_6a88ecee,INEQ-UPPER-D001-H17-PP04,inequality,1,17,solar,4,pp_upper_bound,true,18,834,MW
20260718_162525_stage_0_6a88ecee,INEQ-LOWER-D001-H17-PP05,inequality,1,17,solar,5,pp_lower_bound,true,19,835,MW
20260718_162525_stage_0_6a88ecee,INEQ-UPPER-D001-H17-PP05,inequality,1,17,solar,5,pp_upper_bound,true,20,836,MW
20260718_162525_stage_0_6a88ecee,INEQ-LOWER-D001-H17-PH01,inequality,1,17,hydro,1,ph_lower_bound,true,21,837,MW
20260718_162525_stage_0_6a88ecee,INEQ-UPPER-D001-H17-PH01,inequality,1,17,hydro,1,ph_upper_bound,true,22,838,MW
20260718_162525_stage_0_6a88ecee,INEQ-LOWER-D001-H17-PH02,inequality,1,17,hydro,2,ph_lower_bound,true,23,839,MW
20260718_162525_stage_0_6a88ecee,INEQ-UPPER-D001-H17-PH02,inequality,1,17,hydro,2,ph_upper_bound,true,24,840,MW
20260718_162525_stage_0_6a88ecee,INEQ-LOWER-D001-H17-PH03,inequality,1,17,hydro,3,ph_lower_bound,true,25,841,MW
20260718_162525_stage_0_6a88ecee,INEQ-UPPER-D001-H17-PH03,inequality,1,17,hydro,3,ph_upper_bound,true,26,842,MW
20260718_162525_stage_0_6a88ecee,INEQ-LOWER-D001-H17-PH04,inequality,1,17,hydro,4,ph_lower_bound,true,27,843,MW
20260718_162525_stage_0_6a88ecee,INEQ-UPPER-D001-H17-PH04,inequality,1,17,hydro,4,ph_upper_bound,true,28,844,MW
20260718_162525_stage_0_6a88ecee,INEQ-LOWER-D001-H17-PF01,inequality,1,17,thermal,1,pf_lower_bound,true,29,845,MW
20260718_162525_stage_0_6a88ecee,INEQ-UPPER-D001-H17-PF01,inequality,1,17,thermal,1,pf_upper_bound,true,30,846,MW
20260718_162525_stage_0_6a88ecee,INEQ-LOWER-D001-H17-PF02,inequality,1,17,thermal,2,pf_lower_bound,true,31,847,MW
20260718_162525_stage_0_6a88ecee,INEQ-UPPER-D001-H17-PF02,inequality,1,17,thermal,2,pf_upper_bound,true,32,848,MW
20260718_162525_stage_0_6a88ecee,INEQ-LOWER-D001-H17-PF03,inequality,1,17,thermal,3,pf_lower_bound,true,33,849,MW
20260718_162525_stage_0_6a88ecee,INEQ-UPPER-D001-H17-PF03,inequality,1,17,thermal,3,pf_upper_bound,true,34,850,MW
20260718_162525_stage_0_6a88ecee,INEQ-LOWER-D001-H17-PF04,inequality,1,17,thermal,4,pf_lower_bound,true,35,851,MW
20260718_162525_stage_0_6a88ecee,INEQ-UPPER-D001-H17-PF04,inequality,1,17,thermal,4,pf_upper_bound,true,36,852,MW
20260718_162525_stage_0_6a88ecee,INEQ-LOWER-D001-H17-Pch01,inequality,1,17,storage,1,pch_lower_bound,true,37,853,MW
20260718_162525_stage_0_6a88ecee,INEQ-UPPER-D001-H17-Pch01,inequality,1,17,storage,1,pch_upper_bound,true,38,854,MW
20260718_162525_stage_0_6a88ecee,INEQ-LOWER-D001-H17-Pch02,inequality,1,17,storage,2,pch_lower_bound,true,39,855,MW
20260718_162525_stage_0_6a88ecee,INEQ-UPPER-D001-H17-Pch02,inequality,1,17,storage,2,pch_upper_bound,true,40,856,MW
20260718_162525_stage_0_6a88ecee,INEQ-LOWER-D001-H17-Pdis01,inequality,1,17,storage,1,pdis_lower_bound,true,41,857,MW
20260718_162525_stage_0_6a88ecee,INEQ-UPPER-D001-H17-Pdis01,inequality,1,17,storage,1,pdis_upper_bound,true,42,858,MW
20260718_162525_stage_0_6a88ecee,INEQ-LOWER-D001-H17-Pdis02,inequality,1,17,storage,2,pdis_lower_bound,true,43,859,MW
20260718_162525_stage_0_6a88ecee,INEQ-UPPER-D001-H17-Pdis02,inequality,1,17,storage,2,pdis_upper_bound,true,44,860,MW
20260718_162525_stage_0_6a88ecee,INEQ-LOWER-D001-H17-SOC01,inequality,1,17,storage,1,soc_lower_bound,true,45,861,MWh
20260718_162525_stage_0_6a88ecee,INEQ-UPPER-D001-H17-SOC01,inequality,1,17,storage,1,soc_upper_bound,true,46,862,MWh
20260718_162525_stage_0_6a88ecee,INEQ-LOWER-D001-H17-SOC02,inequality,1,17,storage,2,soc_lower_bound,true,47,863,MWh
20260718_162525_stage_0_6a88ecee,INEQ-UPPER-D001-H17-SOC02,inequality,1,17,storage,2,soc_upper_bound,true,48,864,MWh
20260718_162525_stage_0_6a88ecee,INEQ-LOWER-D001-H18-PW01,inequality,1,18,wind,1,pw_lower_bound,true,1,865,MW
20260718_162525_stage_0_6a88ecee,INEQ-UPPER-D001-H18-PW01,inequality,1,18,wind,1,pw_upper_bound,true,2,866,MW
20260718_162525_stage_0_6a88ecee,INEQ-LOWER-D001-H18-PW02,inequality,1,18,wind,2,pw_lower_bound,true,3,867,MW
20260718_162525_stage_0_6a88ecee,INEQ-UPPER-D001-H18-PW02,inequality,1,18,wind,2,pw_upper_bound,true,4,868,MW
20260718_162525_stage_0_6a88ecee,INEQ-LOWER-D001-H18-PW03,inequality,1,18,wind,3,pw_lower_bound,true,5,869,MW
20260718_162525_stage_0_6a88ecee,INEQ-UPPER-D001-H18-PW03,inequality,1,18,wind,3,pw_upper_bound,true,6,870,MW
20260718_162525_stage_0_6a88ecee,INEQ-LOWER-D001-H18-PW04,inequality,1,18,wind,4,pw_lower_bound,true,7,871,MW
20260718_162525_stage_0_6a88ecee,INEQ-UPPER-D001-H18-PW04,inequality,1,18,wind,4,pw_upper_bound,true,8,872,MW
20260718_162525_stage_0_6a88ecee,INEQ-LOWER-D001-H18-PW05,inequality,1,18,wind,5,pw_lower_bound,true,9,873,MW
20260718_162525_stage_0_6a88ecee,INEQ-UPPER-D001-H18-PW05,inequality,1,18,wind,5,pw_upper_bound,true,10,874,MW
20260718_162525_stage_0_6a88ecee,INEQ-LOWER-D001-H18-PP01,inequality,1,18,solar,1,pp_lower_bound,true,11,875,MW
20260718_162525_stage_0_6a88ecee,INEQ-UPPER-D001-H18-PP01,inequality,1,18,solar,1,pp_upper_bound,true,12,876,MW
20260718_162525_stage_0_6a88ecee,INEQ-LOWER-D001-H18-PP02,inequality,1,18,solar,2,pp_lower_bound,true,13,877,MW
20260718_162525_stage_0_6a88ecee,INEQ-UPPER-D001-H18-PP02,inequality,1,18,solar,2,pp_upper_bound,true,14,878,MW
20260718_162525_stage_0_6a88ecee,INEQ-LOWER-D001-H18-PP03,inequality,1,18,solar,3,pp_lower_bound,true,15,879,MW
20260718_162525_stage_0_6a88ecee,INEQ-UPPER-D001-H18-PP03,inequality,1,18,solar,3,pp_upper_bound,true,16,880,MW
20260718_162525_stage_0_6a88ecee,INEQ-LOWER-D001-H18-PP04,inequality,1,18,solar,4,pp_lower_bound,true,17,881,MW
20260718_162525_stage_0_6a88ecee,INEQ-UPPER-D001-H18-PP04,inequality,1,18,solar,4,pp_upper_bound,true,18,882,MW
20260718_162525_stage_0_6a88ecee,INEQ-LOWER-D001-H18-PP05,inequality,1,18,solar,5,pp_lower_bound,true,19,883,MW
20260718_162525_stage_0_6a88ecee,INEQ-UPPER-D001-H18-PP05,inequality,1,18,solar,5,pp_upper_bound,true,20,884,MW
20260718_162525_stage_0_6a88ecee,INEQ-LOWER-D001-H18-PH01,inequality,1,18,hydro,1,ph_lower_bound,true,21,885,MW
20260718_162525_stage_0_6a88ecee,INEQ-UPPER-D001-H18-PH01,inequality,1,18,hydro,1,ph_upper_bound,true,22,886,MW
20260718_162525_stage_0_6a88ecee,INEQ-LOWER-D001-H18-PH02,inequality,1,18,hydro,2,ph_lower_bound,true,23,887,MW
20260718_162525_stage_0_6a88ecee,INEQ-UPPER-D001-H18-PH02,inequality,1,18,hydro,2,ph_upper_bound,true,24,888,MW
20260718_162525_stage_0_6a88ecee,INEQ-LOWER-D001-H18-PH03,inequality,1,18,hydro,3,ph_lower_bound,true,25,889,MW
20260718_162525_stage_0_6a88ecee,INEQ-UPPER-D001-H18-PH03,inequality,1,18,hydro,3,ph_upper_bound,true,26,890,MW
20260718_162525_stage_0_6a88ecee,INEQ-LOWER-D001-H18-PH04,inequality,1,18,hydro,4,ph_lower_bound,true,27,891,MW
20260718_162525_stage_0_6a88ecee,INEQ-UPPER-D001-H18-PH04,inequality,1,18,hydro,4,ph_upper_bound,true,28,892,MW
20260718_162525_stage_0_6a88ecee,INEQ-LOWER-D001-H18-PF01,inequality,1,18,thermal,1,pf_lower_bound,true,29,893,MW
20260718_162525_stage_0_6a88ecee,INEQ-UPPER-D001-H18-PF01,inequality,1,18,thermal,1,pf_upper_bound,true,30,894,MW
20260718_162525_stage_0_6a88ecee,INEQ-LOWER-D001-H18-PF02,inequality,1,18,thermal,2,pf_lower_bound,true,31,895,MW
20260718_162525_stage_0_6a88ecee,INEQ-UPPER-D001-H18-PF02,inequality,1,18,thermal,2,pf_upper_bound,true,32,896,MW
20260718_162525_stage_0_6a88ecee,INEQ-LOWER-D001-H18-PF03,inequality,1,18,thermal,3,pf_lower_bound,true,33,897,MW
20260718_162525_stage_0_6a88ecee,INEQ-UPPER-D001-H18-PF03,inequality,1,18,thermal,3,pf_upper_bound,true,34,898,MW
20260718_162525_stage_0_6a88ecee,INEQ-LOWER-D001-H18-PF04,inequality,1,18,thermal,4,pf_lower_bound,true,35,899,MW
20260718_162525_stage_0_6a88ecee,INEQ-UPPER-D001-H18-PF04,inequality,1,18,thermal,4,pf_upper_bound,true,36,900,MW
20260718_162525_stage_0_6a88ecee,INEQ-LOWER-D001-H18-Pch01,inequality,1,18,storage,1,pch_lower_bound,true,37,901,MW
20260718_162525_stage_0_6a88ecee,INEQ-UPPER-D001-H18-Pch01,inequality,1,18,storage,1,pch_upper_bound,true,38,902,MW
20260718_162525_stage_0_6a88ecee,INEQ-LOWER-D001-H18-Pch02,inequality,1,18,storage,2,pch_lower_bound,true,39,903,MW
20260718_162525_stage_0_6a88ecee,INEQ-UPPER-D001-H18-Pch02,inequality,1,18,storage,2,pch_upper_bound,true,40,904,MW
20260718_162525_stage_0_6a88ecee,INEQ-LOWER-D001-H18-Pdis01,inequality,1,18,storage,1,pdis_lower_bound,true,41,905,MW
20260718_162525_stage_0_6a88ecee,INEQ-UPPER-D001-H18-Pdis01,inequality,1,18,storage,1,pdis_upper_bound,true,42,906,MW
20260718_162525_stage_0_6a88ecee,INEQ-LOWER-D001-H18-Pdis02,inequality,1,18,storage,2,pdis_lower_bound,true,43,907,MW
20260718_162525_stage_0_6a88ecee,INEQ-UPPER-D001-H18-Pdis02,inequality,1,18,storage,2,pdis_upper_bound,true,44,908,MW
20260718_162525_stage_0_6a88ecee,INEQ-LOWER-D001-H18-SOC01,inequality,1,18,storage,1,soc_lower_bound,true,45,909,MWh
20260718_162525_stage_0_6a88ecee,INEQ-UPPER-D001-H18-SOC01,inequality,1,18,storage,1,soc_upper_bound,true,46,910,MWh
20260718_162525_stage_0_6a88ecee,INEQ-LOWER-D001-H18-SOC02,inequality,1,18,storage,2,soc_lower_bound,true,47,911,MWh
20260718_162525_stage_0_6a88ecee,INEQ-UPPER-D001-H18-SOC02,inequality,1,18,storage,2,soc_upper_bound,true,48,912,MWh
20260718_162525_stage_0_6a88ecee,INEQ-LOWER-D001-H19-PW01,inequality,1,19,wind,1,pw_lower_bound,true,1,913,MW
20260718_162525_stage_0_6a88ecee,INEQ-UPPER-D001-H19-PW01,inequality,1,19,wind,1,pw_upper_bound,true,2,914,MW
20260718_162525_stage_0_6a88ecee,INEQ-LOWER-D001-H19-PW02,inequality,1,19,wind,2,pw_lower_bound,true,3,915,MW
20260718_162525_stage_0_6a88ecee,INEQ-UPPER-D001-H19-PW02,inequality,1,19,wind,2,pw_upper_bound,true,4,916,MW
20260718_162525_stage_0_6a88ecee,INEQ-LOWER-D001-H19-PW03,inequality,1,19,wind,3,pw_lower_bound,true,5,917,MW
20260718_162525_stage_0_6a88ecee,INEQ-UPPER-D001-H19-PW03,inequality,1,19,wind,3,pw_upper_bound,true,6,918,MW
20260718_162525_stage_0_6a88ecee,INEQ-LOWER-D001-H19-PW04,inequality,1,19,wind,4,pw_lower_bound,true,7,919,MW
20260718_162525_stage_0_6a88ecee,INEQ-UPPER-D001-H19-PW04,inequality,1,19,wind,4,pw_upper_bound,true,8,920,MW
20260718_162525_stage_0_6a88ecee,INEQ-LOWER-D001-H19-PW05,inequality,1,19,wind,5,pw_lower_bound,true,9,921,MW
20260718_162525_stage_0_6a88ecee,INEQ-UPPER-D001-H19-PW05,inequality,1,19,wind,5,pw_upper_bound,true,10,922,MW
20260718_162525_stage_0_6a88ecee,INEQ-LOWER-D001-H19-PP01,inequality,1,19,solar,1,pp_lower_bound,true,11,923,MW
20260718_162525_stage_0_6a88ecee,INEQ-UPPER-D001-H19-PP01,inequality,1,19,solar,1,pp_upper_bound,true,12,924,MW
20260718_162525_stage_0_6a88ecee,INEQ-LOWER-D001-H19-PP02,inequality,1,19,solar,2,pp_lower_bound,true,13,925,MW
20260718_162525_stage_0_6a88ecee,INEQ-UPPER-D001-H19-PP02,inequality,1,19,solar,2,pp_upper_bound,true,14,926,MW
20260718_162525_stage_0_6a88ecee,INEQ-LOWER-D001-H19-PP03,inequality,1,19,solar,3,pp_lower_bound,true,15,927,MW
20260718_162525_stage_0_6a88ecee,INEQ-UPPER-D001-H19-PP03,inequality,1,19,solar,3,pp_upper_bound,true,16,928,MW
20260718_162525_stage_0_6a88ecee,INEQ-LOWER-D001-H19-PP04,inequality,1,19,solar,4,pp_lower_bound,true,17,929,MW
20260718_162525_stage_0_6a88ecee,INEQ-UPPER-D001-H19-PP04,inequality,1,19,solar,4,pp_upper_bound,true,18,930,MW
20260718_162525_stage_0_6a88ecee,INEQ-LOWER-D001-H19-PP05,inequality,1,19,solar,5,pp_lower_bound,true,19,931,MW
20260718_162525_stage_0_6a88ecee,INEQ-UPPER-D001-H19-PP05,inequality,1,19,solar,5,pp_upper_bound,true,20,932,MW
20260718_162525_stage_0_6a88ecee,INEQ-LOWER-D001-H19-PH01,inequality,1,19,hydro,1,ph_lower_bound,true,21,933,MW
20260718_162525_stage_0_6a88ecee,INEQ-UPPER-D001-H19-PH01,inequality,1,19,hydro,1,ph_upper_bound,true,22,934,MW
20260718_162525_stage_0_6a88ecee,INEQ-LOWER-D001-H19-PH02,inequality,1,19,hydro,2,ph_lower_bound,true,23,935,MW
20260718_162525_stage_0_6a88ecee,INEQ-UPPER-D001-H19-PH02,inequality,1,19,hydro,2,ph_upper_bound,true,24,936,MW
20260718_162525_stage_0_6a88ecee,INEQ-LOWER-D001-H19-PH03,inequality,1,19,hydro,3,ph_lower_bound,true,25,937,MW
20260718_162525_stage_0_6a88ecee,INEQ-UPPER-D001-H19-PH03,inequality,1,19,hydro,3,ph_upper_bound,true,26,938,MW
20260718_162525_stage_0_6a88ecee,INEQ-LOWER-D001-H19-PH04,inequality,1,19,hydro,4,ph_lower_bound,true,27,939,MW
20260718_162525_stage_0_6a88ecee,INEQ-UPPER-D001-H19-PH04,inequality,1,19,hydro,4,ph_upper_bound,true,28,940,MW
20260718_162525_stage_0_6a88ecee,INEQ-LOWER-D001-H19-PF01,inequality,1,19,thermal,1,pf_lower_bound,true,29,941,MW
20260718_162525_stage_0_6a88ecee,INEQ-UPPER-D001-H19-PF01,inequality,1,19,thermal,1,pf_upper_bound,true,30,942,MW
20260718_162525_stage_0_6a88ecee,INEQ-LOWER-D001-H19-PF02,inequality,1,19,thermal,2,pf_lower_bound,true,31,943,MW
20260718_162525_stage_0_6a88ecee,INEQ-UPPER-D001-H19-PF02,inequality,1,19,thermal,2,pf_upper_bound,true,32,944,MW
20260718_162525_stage_0_6a88ecee,INEQ-LOWER-D001-H19-PF03,inequality,1,19,thermal,3,pf_lower_bound,true,33,945,MW
20260718_162525_stage_0_6a88ecee,INEQ-UPPER-D001-H19-PF03,inequality,1,19,thermal,3,pf_upper_bound,true,34,946,MW
20260718_162525_stage_0_6a88ecee,INEQ-LOWER-D001-H19-PF04,inequality,1,19,thermal,4,pf_lower_bound,true,35,947,MW
20260718_162525_stage_0_6a88ecee,INEQ-UPPER-D001-H19-PF04,inequality,1,19,thermal,4,pf_upper_bound,true,36,948,MW
20260718_162525_stage_0_6a88ecee,INEQ-LOWER-D001-H19-Pch01,inequality,1,19,storage,1,pch_lower_bound,true,37,949,MW
20260718_162525_stage_0_6a88ecee,INEQ-UPPER-D001-H19-Pch01,inequality,1,19,storage,1,pch_upper_bound,true,38,950,MW
20260718_162525_stage_0_6a88ecee,INEQ-LOWER-D001-H19-Pch02,inequality,1,19,storage,2,pch_lower_bound,true,39,951,MW
20260718_162525_stage_0_6a88ecee,INEQ-UPPER-D001-H19-Pch02,inequality,1,19,storage,2,pch_upper_bound,true,40,952,MW
20260718_162525_stage_0_6a88ecee,INEQ-LOWER-D001-H19-Pdis01,inequality,1,19,storage,1,pdis_lower_bound,true,41,953,MW
20260718_162525_stage_0_6a88ecee,INEQ-UPPER-D001-H19-Pdis01,inequality,1,19,storage,1,pdis_upper_bound,true,42,954,MW
20260718_162525_stage_0_6a88ecee,INEQ-LOWER-D001-H19-Pdis02,inequality,1,19,storage,2,pdis_lower_bound,true,43,955,MW
20260718_162525_stage_0_6a88ecee,INEQ-UPPER-D001-H19-Pdis02,inequality,1,19,storage,2,pdis_upper_bound,true,44,956,MW
20260718_162525_stage_0_6a88ecee,INEQ-LOWER-D001-H19-SOC01,inequality,1,19,storage,1,soc_lower_bound,true,45,957,MWh
20260718_162525_stage_0_6a88ecee,INEQ-UPPER-D001-H19-SOC01,inequality,1,19,storage,1,soc_upper_bound,true,46,958,MWh
20260718_162525_stage_0_6a88ecee,INEQ-LOWER-D001-H19-SOC02,inequality,1,19,storage,2,soc_lower_bound,true,47,959,MWh
20260718_162525_stage_0_6a88ecee,INEQ-UPPER-D001-H19-SOC02,inequality,1,19,storage,2,soc_upper_bound,true,48,960,MWh
20260718_162525_stage_0_6a88ecee,INEQ-LOWER-D001-H20-PW01,inequality,1,20,wind,1,pw_lower_bound,true,1,961,MW
20260718_162525_stage_0_6a88ecee,INEQ-UPPER-D001-H20-PW01,inequality,1,20,wind,1,pw_upper_bound,true,2,962,MW
20260718_162525_stage_0_6a88ecee,INEQ-LOWER-D001-H20-PW02,inequality,1,20,wind,2,pw_lower_bound,true,3,963,MW
20260718_162525_stage_0_6a88ecee,INEQ-UPPER-D001-H20-PW02,inequality,1,20,wind,2,pw_upper_bound,true,4,964,MW
20260718_162525_stage_0_6a88ecee,INEQ-LOWER-D001-H20-PW03,inequality,1,20,wind,3,pw_lower_bound,true,5,965,MW
20260718_162525_stage_0_6a88ecee,INEQ-UPPER-D001-H20-PW03,inequality,1,20,wind,3,pw_upper_bound,true,6,966,MW
20260718_162525_stage_0_6a88ecee,INEQ-LOWER-D001-H20-PW04,inequality,1,20,wind,4,pw_lower_bound,true,7,967,MW
20260718_162525_stage_0_6a88ecee,INEQ-UPPER-D001-H20-PW04,inequality,1,20,wind,4,pw_upper_bound,true,8,968,MW
20260718_162525_stage_0_6a88ecee,INEQ-LOWER-D001-H20-PW05,inequality,1,20,wind,5,pw_lower_bound,true,9,969,MW
20260718_162525_stage_0_6a88ecee,INEQ-UPPER-D001-H20-PW05,inequality,1,20,wind,5,pw_upper_bound,true,10,970,MW
20260718_162525_stage_0_6a88ecee,INEQ-LOWER-D001-H20-PH01,inequality,1,20,hydro,1,ph_lower_bound,true,11,971,MW
20260718_162525_stage_0_6a88ecee,INEQ-UPPER-D001-H20-PH01,inequality,1,20,hydro,1,ph_upper_bound,true,12,972,MW
20260718_162525_stage_0_6a88ecee,INEQ-LOWER-D001-H20-PH02,inequality,1,20,hydro,2,ph_lower_bound,true,13,973,MW
20260718_162525_stage_0_6a88ecee,INEQ-UPPER-D001-H20-PH02,inequality,1,20,hydro,2,ph_upper_bound,true,14,974,MW
20260718_162525_stage_0_6a88ecee,INEQ-LOWER-D001-H20-PH03,inequality,1,20,hydro,3,ph_lower_bound,true,15,975,MW
20260718_162525_stage_0_6a88ecee,INEQ-UPPER-D001-H20-PH03,inequality,1,20,hydro,3,ph_upper_bound,true,16,976,MW
20260718_162525_stage_0_6a88ecee,INEQ-LOWER-D001-H20-PH04,inequality,1,20,hydro,4,ph_lower_bound,true,17,977,MW
20260718_162525_stage_0_6a88ecee,INEQ-UPPER-D001-H20-PH04,inequality,1,20,hydro,4,ph_upper_bound,true,18,978,MW
20260718_162525_stage_0_6a88ecee,INEQ-LOWER-D001-H20-PF01,inequality,1,20,thermal,1,pf_lower_bound,true,19,979,MW
20260718_162525_stage_0_6a88ecee,INEQ-UPPER-D001-H20-PF01,inequality,1,20,thermal,1,pf_upper_bound,true,20,980,MW
20260718_162525_stage_0_6a88ecee,INEQ-LOWER-D001-H20-PF02,inequality,1,20,thermal,2,pf_lower_bound,true,21,981,MW
20260718_162525_stage_0_6a88ecee,INEQ-UPPER-D001-H20-PF02,inequality,1,20,thermal,2,pf_upper_bound,true,22,982,MW
20260718_162525_stage_0_6a88ecee,INEQ-LOWER-D001-H20-PF03,inequality,1,20,thermal,3,pf_lower_bound,true,23,983,MW
20260718_162525_stage_0_6a88ecee,INEQ-UPPER-D001-H20-PF03,inequality,1,20,thermal,3,pf_upper_bound,true,24,984,MW
20260718_162525_stage_0_6a88ecee,INEQ-LOWER-D001-H20-PF04,inequality,1,20,thermal,4,pf_lower_bound,true,25,985,MW
20260718_162525_stage_0_6a88ecee,INEQ-UPPER-D001-H20-PF04,inequality,1,20,thermal,4,pf_upper_bound,true,26,986,MW
20260718_162525_stage_0_6a88ecee,INEQ-LOWER-D001-H20-Pch01,inequality,1,20,storage,1,pch_lower_bound,true,27,987,MW
20260718_162525_stage_0_6a88ecee,INEQ-UPPER-D001-H20-Pch01,inequality,1,20,storage,1,pch_upper_bound,true,28,988,MW
20260718_162525_stage_0_6a88ecee,INEQ-LOWER-D001-H20-Pch02,inequality,1,20,storage,2,pch_lower_bound,true,29,989,MW
20260718_162525_stage_0_6a88ecee,INEQ-UPPER-D001-H20-Pch02,inequality,1,20,storage,2,pch_upper_bound,true,30,990,MW
20260718_162525_stage_0_6a88ecee,INEQ-LOWER-D001-H20-Pdis01,inequality,1,20,storage,1,pdis_lower_bound,true,31,991,MW
20260718_162525_stage_0_6a88ecee,INEQ-UPPER-D001-H20-Pdis01,inequality,1,20,storage,1,pdis_upper_bound,true,32,992,MW
20260718_162525_stage_0_6a88ecee,INEQ-LOWER-D001-H20-Pdis02,inequality,1,20,storage,2,pdis_lower_bound,true,33,993,MW
20260718_162525_stage_0_6a88ecee,INEQ-UPPER-D001-H20-Pdis02,inequality,1,20,storage,2,pdis_upper_bound,true,34,994,MW
20260718_162525_stage_0_6a88ecee,INEQ-LOWER-D001-H20-SOC01,inequality,1,20,storage,1,soc_lower_bound,true,35,995,MWh
20260718_162525_stage_0_6a88ecee,INEQ-UPPER-D001-H20-SOC01,inequality,1,20,storage,1,soc_upper_bound,true,36,996,MWh
20260718_162525_stage_0_6a88ecee,INEQ-LOWER-D001-H20-SOC02,inequality,1,20,storage,2,soc_lower_bound,true,37,997,MWh
20260718_162525_stage_0_6a88ecee,INEQ-UPPER-D001-H20-SOC02,inequality,1,20,storage,2,soc_upper_bound,true,38,998,MWh
20260718_162525_stage_0_6a88ecee,INEQ-LOWER-D001-H21-PW01,inequality,1,21,wind,1,pw_lower_bound,true,1,999,MW
20260718_162525_stage_0_6a88ecee,INEQ-UPPER-D001-H21-PW01,inequality,1,21,wind,1,pw_upper_bound,true,2,1000,MW
20260718_162525_stage_0_6a88ecee,INEQ-LOWER-D001-H21-PW02,inequality,1,21,wind,2,pw_lower_bound,true,3,1001,MW
20260718_162525_stage_0_6a88ecee,INEQ-UPPER-D001-H21-PW02,inequality,1,21,wind,2,pw_upper_bound,true,4,1002,MW
20260718_162525_stage_0_6a88ecee,INEQ-LOWER-D001-H21-PW03,inequality,1,21,wind,3,pw_lower_bound,true,5,1003,MW
20260718_162525_stage_0_6a88ecee,INEQ-UPPER-D001-H21-PW03,inequality,1,21,wind,3,pw_upper_bound,true,6,1004,MW
20260718_162525_stage_0_6a88ecee,INEQ-LOWER-D001-H21-PW04,inequality,1,21,wind,4,pw_lower_bound,true,7,1005,MW
20260718_162525_stage_0_6a88ecee,INEQ-UPPER-D001-H21-PW04,inequality,1,21,wind,4,pw_upper_bound,true,8,1006,MW
20260718_162525_stage_0_6a88ecee,INEQ-LOWER-D001-H21-PW05,inequality,1,21,wind,5,pw_lower_bound,true,9,1007,MW
20260718_162525_stage_0_6a88ecee,INEQ-UPPER-D001-H21-PW05,inequality,1,21,wind,5,pw_upper_bound,true,10,1008,MW
20260718_162525_stage_0_6a88ecee,INEQ-LOWER-D001-H21-PH01,inequality,1,21,hydro,1,ph_lower_bound,true,11,1009,MW
20260718_162525_stage_0_6a88ecee,INEQ-UPPER-D001-H21-PH01,inequality,1,21,hydro,1,ph_upper_bound,true,12,1010,MW
20260718_162525_stage_0_6a88ecee,INEQ-LOWER-D001-H21-PH02,inequality,1,21,hydro,2,ph_lower_bound,true,13,1011,MW
20260718_162525_stage_0_6a88ecee,INEQ-UPPER-D001-H21-PH02,inequality,1,21,hydro,2,ph_upper_bound,true,14,1012,MW
20260718_162525_stage_0_6a88ecee,INEQ-LOWER-D001-H21-PH03,inequality,1,21,hydro,3,ph_lower_bound,true,15,1013,MW
20260718_162525_stage_0_6a88ecee,INEQ-UPPER-D001-H21-PH03,inequality,1,21,hydro,3,ph_upper_bound,true,16,1014,MW
20260718_162525_stage_0_6a88ecee,INEQ-LOWER-D001-H21-PH04,inequality,1,21,hydro,4,ph_lower_bound,true,17,1015,MW
20260718_162525_stage_0_6a88ecee,INEQ-UPPER-D001-H21-PH04,inequality,1,21,hydro,4,ph_upper_bound,true,18,1016,MW
20260718_162525_stage_0_6a88ecee,INEQ-LOWER-D001-H21-PF01,inequality,1,21,thermal,1,pf_lower_bound,true,19,1017,MW
20260718_162525_stage_0_6a88ecee,INEQ-UPPER-D001-H21-PF01,inequality,1,21,thermal,1,pf_upper_bound,true,20,1018,MW
20260718_162525_stage_0_6a88ecee,INEQ-LOWER-D001-H21-PF02,inequality,1,21,thermal,2,pf_lower_bound,true,21,1019,MW
20260718_162525_stage_0_6a88ecee,INEQ-UPPER-D001-H21-PF02,inequality,1,21,thermal,2,pf_upper_bound,true,22,1020,MW
20260718_162525_stage_0_6a88ecee,INEQ-LOWER-D001-H21-PF03,inequality,1,21,thermal,3,pf_lower_bound,true,23,1021,MW
20260718_162525_stage_0_6a88ecee,INEQ-UPPER-D001-H21-PF03,inequality,1,21,thermal,3,pf_upper_bound,true,24,1022,MW
20260718_162525_stage_0_6a88ecee,INEQ-LOWER-D001-H21-PF04,inequality,1,21,thermal,4,pf_lower_bound,true,25,1023,MW
20260718_162525_stage_0_6a88ecee,INEQ-UPPER-D001-H21-PF04,inequality,1,21,thermal,4,pf_upper_bound,true,26,1024,MW
20260718_162525_stage_0_6a88ecee,INEQ-LOWER-D001-H21-Pch01,inequality,1,21,storage,1,pch_lower_bound,true,27,1025,MW
20260718_162525_stage_0_6a88ecee,INEQ-UPPER-D001-H21-Pch01,inequality,1,21,storage,1,pch_upper_bound,true,28,1026,MW
20260718_162525_stage_0_6a88ecee,INEQ-LOWER-D001-H21-Pch02,inequality,1,21,storage,2,pch_lower_bound,true,29,1027,MW
20260718_162525_stage_0_6a88ecee,INEQ-UPPER-D001-H21-Pch02,inequality,1,21,storage,2,pch_upper_bound,true,30,1028,MW
20260718_162525_stage_0_6a88ecee,INEQ-LOWER-D001-H21-Pdis01,inequality,1,21,storage,1,pdis_lower_bound,true,31,1029,MW
20260718_162525_stage_0_6a88ecee,INEQ-UPPER-D001-H21-Pdis01,inequality,1,21,storage,1,pdis_upper_bound,true,32,1030,MW
20260718_162525_stage_0_6a88ecee,INEQ-LOWER-D001-H21-Pdis02,inequality,1,21,storage,2,pdis_lower_bound,true,33,1031,MW
20260718_162525_stage_0_6a88ecee,INEQ-UPPER-D001-H21-Pdis02,inequality,1,21,storage,2,pdis_upper_bound,true,34,1032,MW
20260718_162525_stage_0_6a88ecee,INEQ-LOWER-D001-H21-SOC01,inequality,1,21,storage,1,soc_lower_bound,true,35,1033,MWh
20260718_162525_stage_0_6a88ecee,INEQ-UPPER-D001-H21-SOC01,inequality,1,21,storage,1,soc_upper_bound,true,36,1034,MWh
20260718_162525_stage_0_6a88ecee,INEQ-LOWER-D001-H21-SOC02,inequality,1,21,storage,2,soc_lower_bound,true,37,1035,MWh
20260718_162525_stage_0_6a88ecee,INEQ-UPPER-D001-H21-SOC02,inequality,1,21,storage,2,soc_upper_bound,true,38,1036,MWh
20260718_162525_stage_0_6a88ecee,INEQ-LOWER-D001-H22-PW01,inequality,1,22,wind,1,pw_lower_bound,true,1,1037,MW
20260718_162525_stage_0_6a88ecee,INEQ-UPPER-D001-H22-PW01,inequality,1,22,wind,1,pw_upper_bound,true,2,1038,MW
20260718_162525_stage_0_6a88ecee,INEQ-LOWER-D001-H22-PW02,inequality,1,22,wind,2,pw_lower_bound,true,3,1039,MW
20260718_162525_stage_0_6a88ecee,INEQ-UPPER-D001-H22-PW02,inequality,1,22,wind,2,pw_upper_bound,true,4,1040,MW
20260718_162525_stage_0_6a88ecee,INEQ-LOWER-D001-H22-PW03,inequality,1,22,wind,3,pw_lower_bound,true,5,1041,MW
20260718_162525_stage_0_6a88ecee,INEQ-UPPER-D001-H22-PW03,inequality,1,22,wind,3,pw_upper_bound,true,6,1042,MW
20260718_162525_stage_0_6a88ecee,INEQ-LOWER-D001-H22-PW04,inequality,1,22,wind,4,pw_lower_bound,true,7,1043,MW
20260718_162525_stage_0_6a88ecee,INEQ-UPPER-D001-H22-PW04,inequality,1,22,wind,4,pw_upper_bound,true,8,1044,MW
20260718_162525_stage_0_6a88ecee,INEQ-LOWER-D001-H22-PW05,inequality,1,22,wind,5,pw_lower_bound,true,9,1045,MW
20260718_162525_stage_0_6a88ecee,INEQ-UPPER-D001-H22-PW05,inequality,1,22,wind,5,pw_upper_bound,true,10,1046,MW
20260718_162525_stage_0_6a88ecee,INEQ-LOWER-D001-H22-PH01,inequality,1,22,hydro,1,ph_lower_bound,true,11,1047,MW
20260718_162525_stage_0_6a88ecee,INEQ-UPPER-D001-H22-PH01,inequality,1,22,hydro,1,ph_upper_bound,true,12,1048,MW
20260718_162525_stage_0_6a88ecee,INEQ-LOWER-D001-H22-PH02,inequality,1,22,hydro,2,ph_lower_bound,true,13,1049,MW
20260718_162525_stage_0_6a88ecee,INEQ-UPPER-D001-H22-PH02,inequality,1,22,hydro,2,ph_upper_bound,true,14,1050,MW
20260718_162525_stage_0_6a88ecee,INEQ-LOWER-D001-H22-PH03,inequality,1,22,hydro,3,ph_lower_bound,true,15,1051,MW
20260718_162525_stage_0_6a88ecee,INEQ-UPPER-D001-H22-PH03,inequality,1,22,hydro,3,ph_upper_bound,true,16,1052,MW
20260718_162525_stage_0_6a88ecee,INEQ-LOWER-D001-H22-PH04,inequality,1,22,hydro,4,ph_lower_bound,true,17,1053,MW
20260718_162525_stage_0_6a88ecee,INEQ-UPPER-D001-H22-PH04,inequality,1,22,hydro,4,ph_upper_bound,true,18,1054,MW
20260718_162525_stage_0_6a88ecee,INEQ-LOWER-D001-H22-PF01,inequality,1,22,thermal,1,pf_lower_bound,true,19,1055,MW
20260718_162525_stage_0_6a88ecee,INEQ-UPPER-D001-H22-PF01,inequality,1,22,thermal,1,pf_upper_bound,true,20,1056,MW
20260718_162525_stage_0_6a88ecee,INEQ-LOWER-D001-H22-PF02,inequality,1,22,thermal,2,pf_lower_bound,true,21,1057,MW
20260718_162525_stage_0_6a88ecee,INEQ-UPPER-D001-H22-PF02,inequality,1,22,thermal,2,pf_upper_bound,true,22,1058,MW
20260718_162525_stage_0_6a88ecee,INEQ-LOWER-D001-H22-PF03,inequality,1,22,thermal,3,pf_lower_bound,true,23,1059,MW
20260718_162525_stage_0_6a88ecee,INEQ-UPPER-D001-H22-PF03,inequality,1,22,thermal,3,pf_upper_bound,true,24,1060,MW
20260718_162525_stage_0_6a88ecee,INEQ-LOWER-D001-H22-PF04,inequality,1,22,thermal,4,pf_lower_bound,true,25,1061,MW
20260718_162525_stage_0_6a88ecee,INEQ-UPPER-D001-H22-PF04,inequality,1,22,thermal,4,pf_upper_bound,true,26,1062,MW
20260718_162525_stage_0_6a88ecee,INEQ-LOWER-D001-H22-Pch01,inequality,1,22,storage,1,pch_lower_bound,true,27,1063,MW
20260718_162525_stage_0_6a88ecee,INEQ-UPPER-D001-H22-Pch01,inequality,1,22,storage,1,pch_upper_bound,true,28,1064,MW
20260718_162525_stage_0_6a88ecee,INEQ-LOWER-D001-H22-Pch02,inequality,1,22,storage,2,pch_lower_bound,true,29,1065,MW
20260718_162525_stage_0_6a88ecee,INEQ-UPPER-D001-H22-Pch02,inequality,1,22,storage,2,pch_upper_bound,true,30,1066,MW
20260718_162525_stage_0_6a88ecee,INEQ-LOWER-D001-H22-Pdis01,inequality,1,22,storage,1,pdis_lower_bound,true,31,1067,MW
20260718_162525_stage_0_6a88ecee,INEQ-UPPER-D001-H22-Pdis01,inequality,1,22,storage,1,pdis_upper_bound,true,32,1068,MW
20260718_162525_stage_0_6a88ecee,INEQ-LOWER-D001-H22-Pdis02,inequality,1,22,storage,2,pdis_lower_bound,true,33,1069,MW
20260718_162525_stage_0_6a88ecee,INEQ-UPPER-D001-H22-Pdis02,inequality,1,22,storage,2,pdis_upper_bound,true,34,1070,MW
20260718_162525_stage_0_6a88ecee,INEQ-LOWER-D001-H22-SOC01,inequality,1,22,storage,1,soc_lower_bound,true,35,1071,MWh
20260718_162525_stage_0_6a88ecee,INEQ-UPPER-D001-H22-SOC01,inequality,1,22,storage,1,soc_upper_bound,true,36,1072,MWh
20260718_162525_stage_0_6a88ecee,INEQ-LOWER-D001-H22-SOC02,inequality,1,22,storage,2,soc_lower_bound,true,37,1073,MWh
20260718_162525_stage_0_6a88ecee,INEQ-UPPER-D001-H22-SOC02,inequality,1,22,storage,2,soc_upper_bound,true,38,1074,MWh
20260718_162525_stage_0_6a88ecee,INEQ-LOWER-D001-H23-PW01,inequality,1,23,wind,1,pw_lower_bound,true,1,1075,MW
20260718_162525_stage_0_6a88ecee,INEQ-UPPER-D001-H23-PW01,inequality,1,23,wind,1,pw_upper_bound,true,2,1076,MW
20260718_162525_stage_0_6a88ecee,INEQ-LOWER-D001-H23-PW02,inequality,1,23,wind,2,pw_lower_bound,true,3,1077,MW
20260718_162525_stage_0_6a88ecee,INEQ-UPPER-D001-H23-PW02,inequality,1,23,wind,2,pw_upper_bound,true,4,1078,MW
20260718_162525_stage_0_6a88ecee,INEQ-LOWER-D001-H23-PW03,inequality,1,23,wind,3,pw_lower_bound,true,5,1079,MW
20260718_162525_stage_0_6a88ecee,INEQ-UPPER-D001-H23-PW03,inequality,1,23,wind,3,pw_upper_bound,true,6,1080,MW
20260718_162525_stage_0_6a88ecee,INEQ-LOWER-D001-H23-PW04,inequality,1,23,wind,4,pw_lower_bound,true,7,1081,MW
20260718_162525_stage_0_6a88ecee,INEQ-UPPER-D001-H23-PW04,inequality,1,23,wind,4,pw_upper_bound,true,8,1082,MW
20260718_162525_stage_0_6a88ecee,INEQ-LOWER-D001-H23-PW05,inequality,1,23,wind,5,pw_lower_bound,true,9,1083,MW
20260718_162525_stage_0_6a88ecee,INEQ-UPPER-D001-H23-PW05,inequality,1,23,wind,5,pw_upper_bound,true,10,1084,MW
20260718_162525_stage_0_6a88ecee,INEQ-LOWER-D001-H23-PH01,inequality,1,23,hydro,1,ph_lower_bound,true,11,1085,MW
20260718_162525_stage_0_6a88ecee,INEQ-UPPER-D001-H23-PH01,inequality,1,23,hydro,1,ph_upper_bound,true,12,1086,MW
20260718_162525_stage_0_6a88ecee,INEQ-LOWER-D001-H23-PH02,inequality,1,23,hydro,2,ph_lower_bound,true,13,1087,MW
20260718_162525_stage_0_6a88ecee,INEQ-UPPER-D001-H23-PH02,inequality,1,23,hydro,2,ph_upper_bound,true,14,1088,MW
20260718_162525_stage_0_6a88ecee,INEQ-LOWER-D001-H23-PH03,inequality,1,23,hydro,3,ph_lower_bound,true,15,1089,MW
20260718_162525_stage_0_6a88ecee,INEQ-UPPER-D001-H23-PH03,inequality,1,23,hydro,3,ph_upper_bound,true,16,1090,MW
20260718_162525_stage_0_6a88ecee,INEQ-LOWER-D001-H23-PH04,inequality,1,23,hydro,4,ph_lower_bound,true,17,1091,MW
20260718_162525_stage_0_6a88ecee,INEQ-UPPER-D001-H23-PH04,inequality,1,23,hydro,4,ph_upper_bound,true,18,1092,MW
20260718_162525_stage_0_6a88ecee,INEQ-LOWER-D001-H23-PF01,inequality,1,23,thermal,1,pf_lower_bound,true,19,1093,MW
20260718_162525_stage_0_6a88ecee,INEQ-UPPER-D001-H23-PF01,inequality,1,23,thermal,1,pf_upper_bound,true,20,1094,MW
20260718_162525_stage_0_6a88ecee,INEQ-LOWER-D001-H23-PF02,inequality,1,23,thermal,2,pf_lower_bound,true,21,1095,MW
20260718_162525_stage_0_6a88ecee,INEQ-UPPER-D001-H23-PF02,inequality,1,23,thermal,2,pf_upper_bound,true,22,1096,MW
20260718_162525_stage_0_6a88ecee,INEQ-LOWER-D001-H23-PF03,inequality,1,23,thermal,3,pf_lower_bound,true,23,1097,MW
20260718_162525_stage_0_6a88ecee,INEQ-UPPER-D001-H23-PF03,inequality,1,23,thermal,3,pf_upper_bound,true,24,1098,MW
20260718_162525_stage_0_6a88ecee,INEQ-LOWER-D001-H23-PF04,inequality,1,23,thermal,4,pf_lower_bound,true,25,1099,MW
20260718_162525_stage_0_6a88ecee,INEQ-UPPER-D001-H23-PF04,inequality,1,23,thermal,4,pf_upper_bound,true,26,1100,MW
20260718_162525_stage_0_6a88ecee,INEQ-LOWER-D001-H23-Pch01,inequality,1,23,storage,1,pch_lower_bound,true,27,1101,MW
20260718_162525_stage_0_6a88ecee,INEQ-UPPER-D001-H23-Pch01,inequality,1,23,storage,1,pch_upper_bound,true,28,1102,MW
20260718_162525_stage_0_6a88ecee,INEQ-LOWER-D001-H23-Pch02,inequality,1,23,storage,2,pch_lower_bound,true,29,1103,MW
20260718_162525_stage_0_6a88ecee,INEQ-UPPER-D001-H23-Pch02,inequality,1,23,storage,2,pch_upper_bound,true,30,1104,MW
20260718_162525_stage_0_6a88ecee,INEQ-LOWER-D001-H23-Pdis01,inequality,1,23,storage,1,pdis_lower_bound,true,31,1105,MW
20260718_162525_stage_0_6a88ecee,INEQ-UPPER-D001-H23-Pdis01,inequality,1,23,storage,1,pdis_upper_bound,true,32,1106,MW
20260718_162525_stage_0_6a88ecee,INEQ-LOWER-D001-H23-Pdis02,inequality,1,23,storage,2,pdis_lower_bound,true,33,1107,MW
20260718_162525_stage_0_6a88ecee,INEQ-UPPER-D001-H23-Pdis02,inequality,1,23,storage,2,pdis_upper_bound,true,34,1108,MW
20260718_162525_stage_0_6a88ecee,INEQ-LOWER-D001-H23-SOC01,inequality,1,23,storage,1,soc_lower_bound,true,35,1109,MWh
20260718_162525_stage_0_6a88ecee,INEQ-UPPER-D001-H23-SOC01,inequality,1,23,storage,1,soc_upper_bound,true,36,1110,MWh
20260718_162525_stage_0_6a88ecee,INEQ-LOWER-D001-H23-SOC02,inequality,1,23,storage,2,soc_lower_bound,true,37,1111,MWh
20260718_162525_stage_0_6a88ecee,INEQ-UPPER-D001-H23-SOC02,inequality,1,23,storage,2,soc_upper_bound,true,38,1112,MWh
20260718_162525_stage_0_6a88ecee,INEQ-LOWER-D001-H24-PW01,inequality,1,24,wind,1,pw_lower_bound,true,1,1113,MW
20260718_162525_stage_0_6a88ecee,INEQ-UPPER-D001-H24-PW01,inequality,1,24,wind,1,pw_upper_bound,true,2,1114,MW
20260718_162525_stage_0_6a88ecee,INEQ-LOWER-D001-H24-PW02,inequality,1,24,wind,2,pw_lower_bound,true,3,1115,MW
20260718_162525_stage_0_6a88ecee,INEQ-UPPER-D001-H24-PW02,inequality,1,24,wind,2,pw_upper_bound,true,4,1116,MW
20260718_162525_stage_0_6a88ecee,INEQ-LOWER-D001-H24-PW03,inequality,1,24,wind,3,pw_lower_bound,true,5,1117,MW
20260718_162525_stage_0_6a88ecee,INEQ-UPPER-D001-H24-PW03,inequality,1,24,wind,3,pw_upper_bound,true,6,1118,MW
20260718_162525_stage_0_6a88ecee,INEQ-LOWER-D001-H24-PW04,inequality,1,24,wind,4,pw_lower_bound,true,7,1119,MW
20260718_162525_stage_0_6a88ecee,INEQ-UPPER-D001-H24-PW04,inequality,1,24,wind,4,pw_upper_bound,true,8,1120,MW
20260718_162525_stage_0_6a88ecee,INEQ-LOWER-D001-H24-PW05,inequality,1,24,wind,5,pw_lower_bound,true,9,1121,MW
20260718_162525_stage_0_6a88ecee,INEQ-UPPER-D001-H24-PW05,inequality,1,24,wind,5,pw_upper_bound,true,10,1122,MW
20260718_162525_stage_0_6a88ecee,INEQ-LOWER-D001-H24-PH01,inequality,1,24,hydro,1,ph_lower_bound,true,11,1123,MW
20260718_162525_stage_0_6a88ecee,INEQ-UPPER-D001-H24-PH01,inequality,1,24,hydro,1,ph_upper_bound,true,12,1124,MW
20260718_162525_stage_0_6a88ecee,INEQ-LOWER-D001-H24-PH02,inequality,1,24,hydro,2,ph_lower_bound,true,13,1125,MW
20260718_162525_stage_0_6a88ecee,INEQ-UPPER-D001-H24-PH02,inequality,1,24,hydro,2,ph_upper_bound,true,14,1126,MW
20260718_162525_stage_0_6a88ecee,INEQ-LOWER-D001-H24-PH03,inequality,1,24,hydro,3,ph_lower_bound,true,15,1127,MW
20260718_162525_stage_0_6a88ecee,INEQ-UPPER-D001-H24-PH03,inequality,1,24,hydro,3,ph_upper_bound,true,16,1128,MW
20260718_162525_stage_0_6a88ecee,INEQ-LOWER-D001-H24-PH04,inequality,1,24,hydro,4,ph_lower_bound,true,17,1129,MW
20260718_162525_stage_0_6a88ecee,INEQ-UPPER-D001-H24-PH04,inequality,1,24,hydro,4,ph_upper_bound,true,18,1130,MW
20260718_162525_stage_0_6a88ecee,INEQ-LOWER-D001-H24-PF01,inequality,1,24,thermal,1,pf_lower_bound,true,19,1131,MW
20260718_162525_stage_0_6a88ecee,INEQ-UPPER-D001-H24-PF01,inequality,1,24,thermal,1,pf_upper_bound,true,20,1132,MW
20260718_162525_stage_0_6a88ecee,INEQ-LOWER-D001-H24-PF02,inequality,1,24,thermal,2,pf_lower_bound,true,21,1133,MW
20260718_162525_stage_0_6a88ecee,INEQ-UPPER-D001-H24-PF02,inequality,1,24,thermal,2,pf_upper_bound,true,22,1134,MW
20260718_162525_stage_0_6a88ecee,INEQ-LOWER-D001-H24-PF03,inequality,1,24,thermal,3,pf_lower_bound,true,23,1135,MW
20260718_162525_stage_0_6a88ecee,INEQ-UPPER-D001-H24-PF03,inequality,1,24,thermal,3,pf_upper_bound,true,24,1136,MW
20260718_162525_stage_0_6a88ecee,INEQ-LOWER-D001-H24-PF04,inequality,1,24,thermal,4,pf_lower_bound,true,25,1137,MW
20260718_162525_stage_0_6a88ecee,INEQ-UPPER-D001-H24-PF04,inequality,1,24,thermal,4,pf_upper_bound,true,26,1138,MW
20260718_162525_stage_0_6a88ecee,INEQ-LOWER-D001-H24-Pch01,inequality,1,24,storage,1,pch_lower_bound,true,27,1139,MW
20260718_162525_stage_0_6a88ecee,INEQ-UPPER-D001-H24-Pch01,inequality,1,24,storage,1,pch_upper_bound,true,28,1140,MW
20260718_162525_stage_0_6a88ecee,INEQ-LOWER-D001-H24-Pch02,inequality,1,24,storage,2,pch_lower_bound,true,29,1141,MW
20260718_162525_stage_0_6a88ecee,INEQ-UPPER-D001-H24-Pch02,inequality,1,24,storage,2,pch_upper_bound,true,30,1142,MW
20260718_162525_stage_0_6a88ecee,INEQ-LOWER-D001-H24-Pdis01,inequality,1,24,storage,1,pdis_lower_bound,true,31,1143,MW
20260718_162525_stage_0_6a88ecee,INEQ-UPPER-D001-H24-Pdis01,inequality,1,24,storage,1,pdis_upper_bound,true,32,1144,MW
20260718_162525_stage_0_6a88ecee,INEQ-LOWER-D001-H24-Pdis02,inequality,1,24,storage,2,pdis_lower_bound,true,33,1145,MW
20260718_162525_stage_0_6a88ecee,INEQ-UPPER-D001-H24-Pdis02,inequality,1,24,storage,2,pdis_upper_bound,true,34,1146,MW
20260718_162525_stage_0_6a88ecee,INEQ-LOWER-D001-H24-SOC01,inequality,1,24,storage,1,soc_lower_bound,true,35,1147,MWh
20260718_162525_stage_0_6a88ecee,INEQ-UPPER-D001-H24-SOC01,inequality,1,24,storage,1,soc_upper_bound,true,36,1148,MWh
20260718_162525_stage_0_6a88ecee,INEQ-LOWER-D001-H24-SOC02,inequality,1,24,storage,2,soc_lower_bound,true,37,1149,MWh
20260718_162525_stage_0_6a88ecee,INEQ-UPPER-D001-H24-SOC02,inequality,1,24,storage,2,soc_upper_bound,true,38,1150,MWh
