run_id,space_name,canonical_index,solver_index,object_type,object_name
20260718_162525_stage_0_6a88ecee,variable,1,1,variable,QW1
20260718_162525_stage_0_6a88ecee,variable,2,2,variable,QW2
20260718_162525_stage_0_6a88ecee,variable,3,3,variable,QW3
20260718_162525_stage_0_6a88ecee,variable,4,4,variable,QW4
20260718_162525_stage_0_6a88ecee,variable,5,5,variable,QW5
20260718_162525_stage_0_6a88ecee,variable,6,6,variable,QP1
20260718_162525_stage_0_6a88ecee,variable,7,7,variable,QP2
20260718_162525_stage_0_6a88ecee,variable,8,8,variable,QP3
20260718_162525_stage_0_6a88ecee,variable,9,9,variable,QP4
20260718_162525_stage_0_6a88ecee,variable,10,10,variable,QP5
20260718_162525_stage_0_6a88ecee,variable,11,11,variable,QS1
20260718_162525_stage_0_6a88ecee,variable,12,12,variable,QS2
20260718_162525_stage_0_6a88ecee,variable,13,13,variable,ES1
20260718_162525_stage_0_6a88ecee,variable,14,14,variable,ES2
20260718_162525_stage_0_6a88ecee,variable,15,15,variable,QW1_d001
20260718_162525_stage_0_6a88ecee,variable,16,16,variable,QW2_d001
20260718_162525_stage_0_6a88ecee,variable,17,17,variable,QW3_d001
20260718_162525_stage_0_6a88ecee,variable,18,18,variable,QW4_d001
20260718_162525_stage_0_6a88ecee,variable,19,19,variable,QW5_d001
20260718_162525_stage_0_6a88ecee,variable,20,20,variable,QP1_d001
20260718_162525_stage_0_6a88ecee,variable,21,21,variable,QP2_d001
20260718_162525_stage_0_6a88ecee,variable,22,22,variable,QP3_d001
20260718_162525_stage_0_6a88ecee,variable,23,23,variable,QP4_d001
20260718_162525_stage_0_6a88ecee,variable,24,24,variable,QP5_d001
20260718_162525_stage_0_6a88ecee,variable,25,25,variable,QS1_d001
20260718_162525_stage_0_6a88ecee,variable,26,26,variable,QS2_d001
20260718_162525_stage_0_6a88ecee,variable,27,27,variable,ES1_d001
20260718_162525_stage_0_6a88ecee,variable,28,28,variable,ES2_d001
20260718_162525_stage_0_6a88ecee,variable,29,29,variable,PW
20260718_162525_stage_0_6a88ecee,variable,30,30,variable,PW
20260718_162525_stage_0_6a88ecee,variable,31,31,variable,PW
20260718_162525_stage_0_6a88ecee,variable,32,32,variable,PW
20260718_162525_stage_0_6a88ecee,variable,33,33,variable,PW
20260718_162525_stage_0_6a88ecee,variable,34,34,variable,PH
20260718_162525_stage_0_6a88ecee,variable,35,35,variable,PH
20260718_162525_stage_0_6a88ecee,variable,36,36,variable,PH
20260718_162525_stage_0_6a88ecee,variable,37,37,variable,PH
20260718_162525_stage_0_6a88ecee,variable,38,38,variable,PF
20260718_162525_stage_0_6a88ecee,variable,39,39,variable,PF
20260718_162525_stage_0_6a88ecee,variable,40,40,variable,PF
20260718_162525_stage_0_6a88ecee,variable,41,41,variable,PF
20260718_162525_stage_0_6a88ecee,variable,42,42,variable,Pch
20260718_162525_stage_0_6a88ecee,variable,43,43,variable,Pch
20260718_162525_stage_0_6a88ecee,variable,44,44,variable,Pdis
20260718_162525_stage_0_6a88ecee,variable,45,45,variable,Pdis
20260718_162525_stage_0_6a88ecee,variable,46,46,variable,SOC
20260718_162525_stage_0_6a88ecee,variable,47,47,variable,SOC
20260718_162525_stage_0_6a88ecee,variable,48,48,variable,PW
20260718_162525_stage_0_6a88ecee,variable,49,49,variable,PW
20260718_162525_stage_0_6a88ecee,variable,50,50,variable,PW
20260718_162525_stage_0_6a88ecee,variable,51,51,variable,PW
20260718_162525_stage_0_6a88ecee,variable,52,52,variable,PW
20260718_162525_stage_0_6a88ecee,variable,53,53,variable,PH
20260718_162525_stage_0_6a88ecee,variable,54,54,variable,PH
20260718_162525_stage_0_6a88ecee,variable,55,55,variable,PH
20260718_162525_stage_0_6a88ecee,variable,56,56,variable,PH
20260718_162525_stage_0_6a88ecee,variable,57,57,variable,PF
20260718_162525_stage_0_6a88ecee,variable,58,58,variable,PF
20260718_162525_stage_0_6a88ecee,variable,59,59,variable,PF
20260718_162525_stage_0_6a88ecee,variable,60,60,variable,PF
20260718_162525_stage_0_6a88ecee,variable,61,61,variable,Pch
20260718_162525_stage_0_6a88ecee,variable,62,62,variable,Pch
20260718_162525_stage_0_6a88ecee,variable,63,63,variable,Pdis
20260718_162525_stage_0_6a88ecee,variable,64,64,variable,Pdis
20260718_162525_stage_0_6a88ecee,variable,65,65,variable,SOC
20260718_162525_stage_0_6a88ecee,variable,66,66,variable,SOC
20260718_162525_stage_0_6a88ecee,variable,67,67,variable,PW
20260718_162525_stage_0_6a88ecee,variable,68,68,variable,PW
20260718_162525_stage_0_6a88ecee,variable,69,69,variable,PW
20260718_162525_stage_0_6a88ecee,variable,70,70,variable,PW
20260718_162525_stage_0_6a88ecee,variable,71,71,variable,PW
20260718_162525_stage_0_6a88ecee,variable,72,72,variable,PH
20260718_162525_stage_0_6a88ecee,variable,73,73,variable,PH
20260718_162525_stage_0_6a88ecee,variable,74,74,variable,PH
20260718_162525_stage_0_6a88ecee,variable,75,75,variable,PH
20260718_162525_stage_0_6a88ecee,variable,76,76,variable,PF
20260718_162525_stage_0_6a88ecee,variable,77,77,variable,PF
20260718_162525_stage_0_6a88ecee,variable,78,78,variable,PF
20260718_162525_stage_0_6a88ecee,variable,79,79,variable,PF
20260718_162525_stage_0_6a88ecee,variable,80,80,variable,Pch
20260718_162525_stage_0_6a88ecee,variable,81,81,variable,Pch
20260718_162525_stage_0_6a88ecee,variable,82,82,variable,Pdis
20260718_162525_stage_0_6a88ecee,variable,83,83,variable,Pdis
20260718_162525_stage_0_6a88ecee,variable,84,84,variable,SOC
20260718_162525_stage_0_6a88ecee,variable,85,85,variable,SOC
20260718_162525_stage_0_6a88ecee,variable,86,86,variable,PW
20260718_162525_stage_0_6a88ecee,variable,87,87,variable,PW
20260718_162525_stage_0_6a88ecee,variable,88,88,variable,PW
20260718_162525_stage_0_6a88ecee,variable,89,89,variable,PW
20260718_162525_stage_0_6a88ecee,variable,90,90,variable,PW
20260718_162525_stage_0_6a88ecee,variable,91,91,variable,PH
20260718_162525_stage_0_6a88ecee,variable,92,92,variable,PH
20260718_162525_stage_0_6a88ecee,variable,93,93,variable,PH
20260718_162525_stage_0_6a88ecee,variable,94,94,variable,PH
20260718_162525_stage_0_6a88ecee,variable,95,95,variable,PF
20260718_162525_stage_0_6a88ecee,variable,96,96,variable,PF
20260718_162525_stage_0_6a88ecee,variable,97,97,variable,PF
20260718_162525_stage_0_6a88ecee,variable,98,98,variable,PF
20260718_162525_stage_0_6a88ecee,variable,99,99,variable,Pch
20260718_162525_stage_0_6a88ecee,variable,100,100,variable,Pch
20260718_162525_stage_0_6a88ecee,variable,101,101,variable,Pdis
20260718_162525_stage_0_6a88ecee,variable,102,102,variable,Pdis
20260718_162525_stage_0_6a88ecee,variable,103,103,variable,SOC
20260718_162525_stage_0_6a88ecee,variable,104,104,variable,SOC
20260718_162525_stage_0_6a88ecee,variable,105,105,variable,PW
20260718_162525_stage_0_6a88ecee,variable,106,106,variable,PW
20260718_162525_stage_0_6a88ecee,variable,107,107,variable,PW
20260718_162525_stage_0_6a88ecee,variable,108,108,variable,PW
20260718_162525_stage_0_6a88ecee,variable,109,109,variable,PW
20260718_162525_stage_0_6a88ecee,variable,110,110,variable,PH
20260718_162525_stage_0_6a88ecee,variable,111,111,variable,PH
20260718_162525_stage_0_6a88ecee,variable,112,112,variable,PH
20260718_162525_stage_0_6a88ecee,variable,113,113,variable,PH
20260718_162525_stage_0_6a88ecee,variable,114,114,variable,PF
20260718_162525_stage_0_6a88ecee,variable,115,115,variable,PF
20260718_162525_stage_0_6a88ecee,variable,116,116,variable,PF
20260718_162525_stage_0_6a88ecee,variable,117,117,variable,PF
20260718_162525_stage_0_6a88ecee,variable,118,118,variable,Pch
20260718_162525_stage_0_6a88ecee,variable,119,119,variable,Pch
20260718_162525_stage_0_6a88ecee,variable,120,120,variable,Pdis
20260718_162525_stage_0_6a88ecee,variable,121,121,variable,Pdis
20260718_162525_stage_0_6a88ecee,variable,122,122,variable,SOC
20260718_162525_stage_0_6a88ecee,variable,123,123,variable,SOC
20260718_162525_stage_0_6a88ecee,variable,124,124,variable,PW
20260718_162525_stage_0_6a88ecee,variable,125,125,variable,PW
20260718_162525_stage_0_6a88ecee,variable,126,126,variable,PW
20260718_162525_stage_0_6a88ecee,variable,127,127,variable,PW
20260718_162525_stage_0_6a88ecee,variable,128,128,variable,PW
20260718_162525_stage_0_6a88ecee,variable,129,129,variable,PH
20260718_162525_stage_0_6a88ecee,variable,130,130,variable,PH
20260718_162525_stage_0_6a88ecee,variable,131,131,variable,PH
20260718_162525_stage_0_6a88ecee,variable,132,132,variable,PH
20260718_162525_stage_0_6a88ecee,variable,133,133,variable,PF
20260718_162525_stage_0_6a88ecee,variable,134,134,variable,PF
20260718_162525_stage_0_6a88ecee,variable,135,135,variable,PF
20260718_162525_stage_0_6a88ecee,variable,136,136,variable,PF
20260718_162525_stage_0_6a88ecee,variable,137,137,variable,Pch
20260718_162525_stage_0_6a88ecee,variable,138,138,variable,Pch
20260718_162525_stage_0_6a88ecee,variable,139,139,variable,Pdis
20260718_162525_stage_0_6a88ecee,variable,140,140,variable,Pdis
20260718_162525_stage_0_6a88ecee,variable,141,141,variable,SOC
20260718_162525_stage_0_6a88ecee,variable,142,142,variable,SOC
20260718_162525_stage_0_6a88ecee,variable,143,143,variable,PW
20260718_162525_stage_0_6a88ecee,variable,144,144,variable,PW
20260718_162525_stage_0_6a88ecee,variable,145,145,variable,PW
20260718_162525_stage_0_6a88ecee,variable,146,146,variable,PW
20260718_162525_stage_0_6a88ecee,variable,147,147,variable,PW
20260718_162525_stage_0_6a88ecee,variable,148,148,variable,PH
20260718_162525_stage_0_6a88ecee,variable,149,149,variable,PH
20260718_162525_stage_0_6a88ecee,variable,150,150,variable,PH
20260718_162525_stage_0_6a88ecee,variable,151,151,variable,PH
20260718_162525_stage_0_6a88ecee,variable,152,152,variable,PF
20260718_162525_stage_0_6a88ecee,variable,153,153,variable,PF
20260718_162525_stage_0_6a88ecee,variable,154,154,variable,PF
20260718_162525_stage_0_6a88ecee,variable,155,155,variable,PF
20260718_162525_stage_0_6a88ecee,variable,156,156,variable,Pch
20260718_162525_stage_0_6a88ecee,variable,157,157,variable,Pch
20260718_162525_stage_0_6a88ecee,variable,158,158,variable,Pdis
20260718_162525_stage_0_6a88ecee,variable,159,159,variable,Pdis
20260718_162525_stage_0_6a88ecee,variable,160,160,variable,SOC
20260718_162525_stage_0_6a88ecee,variable,161,161,variable,SOC
20260718_162525_stage_0_6a88ecee,variable,162,162,variable,PW
20260718_162525_stage_0_6a88ecee,variable,163,163,variable,PW
20260718_162525_stage_0_6a88ecee,variable,164,164,variable,PW
20260718_162525_stage_0_6a88ecee,variable,165,165,variable,PW
20260718_162525_stage_0_6a88ecee,variable,166,166,variable,PW
20260718_162525_stage_0_6a88ecee,variable,167,167,variable,PP
20260718_162525_stage_0_6a88ecee,variable,168,168,variable,PP
20260718_162525_stage_0_6a88ecee,variable,169,169,variable,PP
20260718_162525_stage_0_6a88ecee,variable,170,170,variable,PP
20260718_162525_stage_0_6a88ecee,variable,171,171,variable,PP
20260718_162525_stage_0_6a88ecee,variable,172,172,variable,PH
20260718_162525_stage_0_6a88ecee,variable,173,173,variable,PH
20260718_162525_stage_0_6a88ecee,variable,174,174,variable,PH
20260718_162525_stage_0_6a88ecee,variable,175,175,variable,PH
20260718_162525_stage_0_6a88ecee,variable,176,176,variable,PF
20260718_162525_stage_0_6a88ecee,variable,177,177,variable,PF
20260718_162525_stage_0_6a88ecee,variable,178,178,variable,PF
20260718_162525_stage_0_6a88ecee,variable,179,179,variable,PF
20260718_162525_stage_0_6a88ecee,variable,180,180,variable,Pch
20260718_162525_stage_0_6a88ecee,variable,181,181,variable,Pch
20260718_162525_stage_0_6a88ecee,variable,182,182,variable,Pdis
20260718_162525_stage_0_6a88ecee,variable,183,183,variable,Pdis
20260718_162525_stage_0_6a88ecee,variable,184,184,variable,SOC
20260718_162525_stage_0_6a88ecee,variable,185,185,variable,SOC
20260718_162525_stage_0_6a88ecee,variable,186,186,variable,PW
20260718_162525_stage_0_6a88ecee,variable,187,187,variable,PW
20260718_162525_stage_0_6a88ecee,variable,188,188,variable,PW
20260718_162525_stage_0_6a88ecee,variable,189,189,variable,PW
20260718_162525_stage_0_6a88ecee,variable,190,190,variable,PW
20260718_162525_stage_0_6a88ecee,variable,191,191,variable,PP
20260718_162525_stage_0_6a88ecee,variable,192,192,variable,PP
20260718_162525_stage_0_6a88ecee,variable,193,193,variable,PP
20260718_162525_stage_0_6a88ecee,variable,194,194,variable,PP
20260718_162525_stage_0_6a88ecee,variable,195,195,variable,PP
20260718_162525_stage_0_6a88ecee,variable,196,196,variable,PH
20260718_162525_stage_0_6a88ecee,variable,197,197,variable,PH
20260718_162525_stage_0_6a88ecee,variable,198,198,variable,PH
20260718_162525_stage_0_6a88ecee,variable,199,199,variable,PH
20260718_162525_stage_0_6a88ecee,variable,200,200,variable,PF
20260718_162525_stage_0_6a88ecee,variable,201,201,variable,PF
20260718_162525_stage_0_6a88ecee,variable,202,202,variable,PF
20260718_162525_stage_0_6a88ecee,variable,203,203,variable,PF
20260718_162525_stage_0_6a88ecee,variable,204,204,variable,Pch
20260718_162525_stage_0_6a88ecee,variable,205,205,variable,Pch
20260718_162525_stage_0_6a88ecee,variable,206,206,variable,Pdis
20260718_162525_stage_0_6a88ecee,variable,207,207,variable,Pdis
20260718_162525_stage_0_6a88ecee,variable,208,208,variable,SOC
20260718_162525_stage_0_6a88ecee,variable,209,209,variable,SOC
20260718_162525_stage_0_6a88ecee,variable,210,210,variable,PW
20260718_162525_stage_0_6a88ecee,variable,211,211,variable,PW
20260718_162525_stage_0_6a88ecee,variable,212,212,variable,PW
20260718_162525_stage_0_6a88ecee,variable,213,213,variable,PW
20260718_162525_stage_0_6a88ecee,variable,214,214,variable,PW
20260718_162525_stage_0_6a88ecee,variable,215,215,variable,PP
20260718_162525_stage_0_6a88ecee,variable,216,216,variable,PP
20260718_162525_stage_0_6a88ecee,variable,217,217,variable,PP
20260718_162525_stage_0_6a88ecee,variable,218,218,variable,PP
20260718_162525_stage_0_6a88ecee,variable,219,219,variable,PP
20260718_162525_stage_0_6a88ecee,variable,220,220,variable,PH
20260718_162525_stage_0_6a88ecee,variable,221,221,variable,PH
20260718_162525_stage_0_6a88ecee,variable,222,222,variable,PH
20260718_162525_stage_0_6a88ecee,variable,223,223,variable,PH
20260718_162525_stage_0_6a88ecee,variable,224,224,variable,PF
20260718_162525_stage_0_6a88ecee,variable,225,225,variable,PF
20260718_162525_stage_0_6a88ecee,variable,226,226,variable,PF
20260718_162525_stage_0_6a88ecee,variable,227,227,variable,PF
20260718_162525_stage_0_6a88ecee,variable,228,228,variable,Pch
20260718_162525_stage_0_6a88ecee,variable,229,229,variable,Pch
20260718_162525_stage_0_6a88ecee,variable,230,230,variable,Pdis
20260718_162525_stage_0_6a88ecee,variable,231,231,variable,Pdis
20260718_162525_stage_0_6a88ecee,variable,232,232,variable,SOC
20260718_162525_stage_0_6a88ecee,variable,233,233,variable,SOC
20260718_162525_stage_0_6a88ecee,variable,234,234,variable,PW
20260718_162525_stage_0_6a88ecee,variable,235,235,variable,PW
20260718_162525_stage_0_6a88ecee,variable,236,236,variable,PW
20260718_162525_stage_0_6a88ecee,variable,237,237,variable,PW
20260718_162525_stage_0_6a88ecee,variable,238,238,variable,PW
20260718_162525_stage_0_6a88ecee,variable,239,239,variable,PP
20260718_162525_stage_0_6a88ecee,variable,240,240,variable,PP
20260718_162525_stage_0_6a88ecee,variable,241,241,variable,PP
20260718_162525_stage_0_6a88ecee,variable,242,242,variable,PP
20260718_162525_stage_0_6a88ecee,variable,243,243,variable,PP
20260718_162525_stage_0_6a88ecee,variable,244,244,variable,PH
20260718_162525_stage_0_6a88ecee,variable,245,245,variable,PH
20260718_162525_stage_0_6a88ecee,variable,246,246,variable,PH
20260718_162525_stage_0_6a88ecee,variable,247,247,variable,PH
20260718_162525_stage_0_6a88ecee,variable,248,248,variable,PF
20260718_162525_stage_0_6a88ecee,variable,249,249,variable,PF
20260718_162525_stage_0_6a88ecee,variable,250,250,variable,PF
20260718_162525_stage_0_6a88ecee,variable,251,251,variable,PF
20260718_162525_stage_0_6a88ecee,variable,252,252,variable,Pch
20260718_162525_stage_0_6a88ecee,variable,253,253,variable,Pch
20260718_162525_stage_0_6a88ecee,variable,254,254,variable,Pdis
20260718_162525_stage_0_6a88ecee,variable,255,255,variable,Pdis
20260718_162525_stage_0_6a88ecee,variable,256,256,variable,SOC
20260718_162525_stage_0_6a88ecee,variable,257,257,variable,SOC
20260718_162525_stage_0_6a88ecee,variable,258,258,variable,PW
20260718_162525_stage_0_6a88ecee,variable,259,259,variable,PW
20260718_162525_stage_0_6a88ecee,variable,260,260,variable,PW
20260718_162525_stage_0_6a88ecee,variable,261,261,variable,PW
20260718_162525_stage_0_6a88ecee,variable,262,262,variable,PW
20260718_162525_stage_0_6a88ecee,variable,263,263,variable,PP
20260718_162525_stage_0_6a88ecee,variable,264,264,variable,PP
20260718_162525_stage_0_6a88ecee,variable,265,265,variable,PP
20260718_162525_stage_0_6a88ecee,variable,266,266,variable,PP
20260718_162525_stage_0_6a88ecee,variable,267,267,variable,PP
20260718_162525_stage_0_6a88ecee,variable,268,268,variable,PH
20260718_162525_stage_0_6a88ecee,variable,269,269,variable,PH
20260718_162525_stage_0_6a88ecee,variable,270,270,variable,PH
20260718_162525_stage_0_6a88ecee,variable,271,271,variable,PH
20260718_162525_stage_0_6a88ecee,variable,272,272,variable,PF
20260718_162525_stage_0_6a88ecee,variable,273,273,variable,PF
20260718_162525_stage_0_6a88ecee,variable,274,274,variable,PF
20260718_162525_stage_0_6a88ecee,variable,275,275,variable,PF
20260718_162525_stage_0_6a88ecee,variable,276,276,variable,Pch
20260718_162525_stage_0_6a88ecee,variable,277,277,variable,Pch
20260718_162525_stage_0_6a88ecee,variable,278,278,variable,Pdis
20260718_162525_stage_0_6a88ecee,variable,279,279,variable,Pdis
20260718_162525_stage_0_6a88ecee,variable,280,280,variable,SOC
20260718_162525_stage_0_6a88ecee,variable,281,281,variable,SOC
20260718_162525_stage_0_6a88ecee,variable,282,282,variable,PW
20260718_162525_stage_0_6a88ecee,variable,283,283,variable,PW
20260718_162525_stage_0_6a88ecee,variable,284,284,variable,PW
20260718_162525_stage_0_6a88ecee,variable,285,285,variable,PW
20260718_162525_stage_0_6a88ecee,variable,286,286,variable,PW
20260718_162525_stage_0_6a88ecee,variable,287,287,variable,PP
20260718_162525_stage_0_6a88ecee,variable,288,288,variable,PP
20260718_162525_stage_0_6a88ecee,variable,289,289,variable,PP
20260718_162525_stage_0_6a88ecee,variable,290,290,variable,PP
20260718_162525_stage_0_6a88ecee,variable,291,291,variable,PP
20260718_162525_stage_0_6a88ecee,variable,292,292,variable,PH
20260718_162525_stage_0_6a88ecee,variable,293,293,variable,PH
20260718_162525_stage_0_6a88ecee,variable,294,294,variable,PH
20260718_162525_stage_0_6a88ecee,variable,295,295,variable,PH
20260718_162525_stage_0_6a88ecee,variable,296,296,variable,PF
20260718_162525_stage_0_6a88ecee,variable,297,297,variable,PF
20260718_162525_stage_0_6a88ecee,variable,298,298,variable,PF
20260718_162525_stage_0_6a88ecee,variable,299,299,variable,PF
20260718_162525_stage_0_6a88ecee,variable,300,300,variable,Pch
20260718_162525_stage_0_6a88ecee,variable,301,301,variable,Pch
20260718_162525_stage_0_6a88ecee,variable,302,302,variable,Pdis
20260718_162525_stage_0_6a88ecee,variable,303,303,variable,Pdis
20260718_162525_stage_0_6a88ecee,variable,304,304,variable,SOC
20260718_162525_stage_0_6a88ecee,variable,305,305,variable,SOC
20260718_162525_stage_0_6a88ecee,variable,306,306,variable,PW
20260718_162525_stage_0_6a88ecee,variable,307,307,variable,PW
20260718_162525_stage_0_6a88ecee,variable,308,308,variable,PW
20260718_162525_stage_0_6a88ecee,variable,309,309,variable,PW
20260718_162525_stage_0_6a88ecee,variable,310,310,variable,PW
20260718_162525_stage_0_6a88ecee,variable,311,311,variable,PP
20260718_162525_stage_0_6a88ecee,variable,312,312,variable,PP
20260718_162525_stage_0_6a88ecee,variable,313,313,variable,PP
20260718_162525_stage_0_6a88ecee,variable,314,314,variable,PP
20260718_162525_stage_0_6a88ecee,variable,315,315,variable,PP
20260718_162525_stage_0_6a88ecee,variable,316,316,variable,PH
20260718_162525_stage_0_6a88ecee,variable,317,317,variable,PH
20260718_162525_stage_0_6a88ecee,variable,318,318,variable,PH
20260718_162525_stage_0_6a88ecee,variable,319,319,variable,PH
20260718_162525_stage_0_6a88ecee,variable,320,320,variable,PF
20260718_162525_stage_0_6a88ecee,variable,321,321,variable,PF
20260718_162525_stage_0_6a88ecee,variable,322,322,variable,PF
20260718_162525_stage_0_6a88ecee,variable,323,323,variable,PF
20260718_162525_stage_0_6a88ecee,variable,324,324,variable,Pch
20260718_162525_stage_0_6a88ecee,variable,325,325,variable,Pch
20260718_162525_stage_0_6a88ecee,variable,326,326,variable,Pdis
20260718_162525_stage_0_6a88ecee,variable,327,327,variable,Pdis
20260718_162525_stage_0_6a88ecee,variable,328,328,variable,SOC
20260718_162525_stage_0_6a88ecee,variable,329,329,variable,SOC
20260718_162525_stage_0_6a88ecee,variable,330,330,variable,PW
20260718_162525_stage_0_6a88ecee,variable,331,331,variable,PW
20260718_162525_stage_0_6a88ecee,variable,332,332,variable,PW
20260718_162525_stage_0_6a88ecee,variable,333,333,variable,PW
20260718_162525_stage_0_6a88ecee,variable,334,334,variable,PW
20260718_162525_stage_0_6a88ecee,variable,335,335,variable,PP
20260718_162525_stage_0_6a88ecee,variable,336,336,variable,PP
20260718_162525_stage_0_6a88ecee,variable,337,337,variable,PP
20260718_162525_stage_0_6a88ecee,variable,338,338,variable,PP
20260718_162525_stage_0_6a88ecee,variable,339,339,variable,PP
20260718_162525_stage_0_6a88ecee,variable,340,340,variable,PH
20260718_162525_stage_0_6a88ecee,variable,341,341,variable,PH
20260718_162525_stage_0_6a88ecee,variable,342,342,variable,PH
20260718_162525_stage_0_6a88ecee,variable,343,343,variable,PH
20260718_162525_stage_0_6a88ecee,variable,344,344,variable,PF
20260718_162525_stage_0_6a88ecee,variable,345,345,variable,PF
20260718_162525_stage_0_6a88ecee,variable,346,346,variable,PF
20260718_162525_stage_0_6a88ecee,variable,347,347,variable,PF
20260718_162525_stage_0_6a88ecee,variable,348,348,variable,Pch
20260718_162525_stage_0_6a88ecee,variable,349,349,variable,Pch
20260718_162525_stage_0_6a88ecee,variable,350,350,variable,Pdis
20260718_162525_stage_0_6a88ecee,variable,351,351,variable,Pdis
20260718_162525_stage_0_6a88ecee,variable,352,352,variable,SOC
20260718_162525_stage_0_6a88ecee,variable,353,353,variable,SOC
20260718_162525_stage_0_6a88ecee,variable,354,354,variable,PW
20260718_162525_stage_0_6a88ecee,variable,355,355,variable,PW
20260718_162525_stage_0_6a88ecee,variable,356,356,variable,PW
20260718_162525_stage_0_6a88ecee,variable,357,357,variable,PW
20260718_162525_stage_0_6a88ecee,variable,358,358,variable,PW
20260718_162525_stage_0_6a88ecee,variable,359,359,variable,PP
20260718_162525_stage_0_6a88ecee,variable,360,360,variable,PP
20260718_162525_stage_0_6a88ecee,variable,361,361,variable,PP
20260718_162525_stage_0_6a88ecee,variable,362,362,variable,PP
20260718_162525_stage_0_6a88ecee,variable,363,363,variable,PP
20260718_162525_stage_0_6a88ecee,variable,364,364,variable,PH
20260718_162525_stage_0_6a88ecee,variable,365,365,variable,PH
20260718_162525_stage_0_6a88ecee,variable,366,366,variable,PH
20260718_162525_stage_0_6a88ecee,variable,367,367,variable,PH
20260718_162525_stage_0_6a88ecee,variable,368,368,variable,PF
20260718_162525_stage_0_6a88ecee,variable,369,369,variable,PF
20260718_162525_stage_0_6a88ecee,variable,370,370,variable,PF
20260718_162525_stage_0_6a88ecee,variable,371,371,variable,PF
20260718_162525_stage_0_6a88ecee,variable,372,372,variable,Pch
20260718_162525_stage_0_6a88ecee,variable,373,373,variable,Pch
20260718_162525_stage_0_6a88ecee,variable,374,374,variable,Pdis
20260718_162525_stage_0_6a88ecee,variable,375,375,variable,Pdis
20260718_162525_stage_0_6a88ecee,variable,376,376,variable,SOC
20260718_162525_stage_0_6a88ecee,variable,377,377,variable,SOC
20260718_162525_stage_0_6a88ecee,variable,378,378,variable,PW
20260718_162525_stage_0_6a88ecee,variable,379,379,variable,PW
20260718_162525_stage_0_6a88ecee,variable,380,380,variable,PW
20260718_162525_stage_0_6a88ecee,variable,381,381,variable,PW
20260718_162525_stage_0_6a88ecee,variable,382,382,variable,PW
20260718_162525_stage_0_6a88ecee,variable,383,383,variable,PP
20260718_162525_stage_0_6a88ecee,variable,384,384,variable,PP
20260718_162525_stage_0_6a88ecee,variable,385,385,variable,PP
20260718_162525_stage_0_6a88ecee,variable,386,386,variable,PP
20260718_162525_stage_0_6a88ecee,variable,387,387,variable,PP
20260718_162525_stage_0_6a88ecee,variable,388,388,variable,PH
20260718_162525_stage_0_6a88ecee,variable,389,389,variable,PH
20260718_162525_stage_0_6a88ecee,variable,390,390,variable,PH
20260718_162525_stage_0_6a88ecee,variable,391,391,variable,PH
20260718_162525_stage_0_6a88ecee,variable,392,392,variable,PF
20260718_162525_stage_0_6a88ecee,variable,393,393,variable,PF
20260718_162525_stage_0_6a88ecee,variable,394,394,variable,PF
20260718_162525_stage_0_6a88ecee,variable,395,395,variable,PF
20260718_162525_stage_0_6a88ecee,variable,396,396,variable,Pch
20260718_162525_stage_0_6a88ecee,variable,397,397,variable,Pch
20260718_162525_stage_0_6a88ecee,variable,398,398,variable,Pdis
20260718_162525_stage_0_6a88ecee,variable,399,399,variable,Pdis
20260718_162525_stage_0_6a88ecee,variable,400,400,variable,SOC
20260718_162525_stage_0_6a88ecee,variable,401,401,variable,SOC
20260718_162525_stage_0_6a88ecee,variable,402,402,variable,PW
20260718_162525_stage_0_6a88ecee,variable,403,403,variable,PW
20260718_162525_stage_0_6a88ecee,variable,404,404,variable,PW
20260718_162525_stage_0_6a88ecee,variable,405,405,variable,PW
20260718_162525_stage_0_6a88ecee,variable,406,406,variable,PW
20260718_162525_stage_0_6a88ecee,variable,407,407,variable,PP
20260718_162525_stage_0_6a88ecee,variable,408,408,variable,PP
20260718_162525_stage_0_6a88ecee,variable,409,409,variable,PP
20260718_162525_stage_0_6a88ecee,variable,410,410,variable,PP
20260718_162525_stage_0_6a88ecee,variable,411,411,variable,PP
20260718_162525_stage_0_6a88ecee,variable,412,412,variable,PH
20260718_162525_stage_0_6a88ecee,variable,413,413,variable,PH
20260718_162525_stage_0_6a88ecee,variable,414,414,variable,PH
20260718_162525_stage_0_6a88ecee,variable,415,415,variable,PH
20260718_162525_stage_0_6a88ecee,variable,416,416,variable,PF
20260718_162525_stage_0_6a88ecee,variable,417,417,variable,PF
20260718_162525_stage_0_6a88ecee,variable,418,418,variable,PF
20260718_162525_stage_0_6a88ecee,variable,419,419,variable,PF
20260718_162525_stage_0_6a88ecee,variable,420,420,variable,Pch
20260718_162525_stage_0_6a88ecee,variable,421,421,variable,Pch
20260718_162525_stage_0_6a88ecee,variable,422,422,variable,Pdis
20260718_162525_stage_0_6a88ecee,variable,423,423,variable,Pdis
20260718_162525_stage_0_6a88ecee,variable,424,424,variable,SOC
20260718_162525_stage_0_6a88ecee,variable,425,425,variable,SOC
20260718_162525_stage_0_6a88ecee,variable,426,426,variable,PW
20260718_162525_stage_0_6a88ecee,variable,427,427,variable,PW
20260718_162525_stage_0_6a88ecee,variable,428,428,variable,PW
20260718_162525_stage_0_6a88ecee,variable,429,429,variable,PW
20260718_162525_stage_0_6a88ecee,variable,430,430,variable,PW
20260718_162525_stage_0_6a88ecee,variable,431,431,variable,PP
20260718_162525_stage_0_6a88ecee,variable,432,432,variable,PP
20260718_162525_stage_0_6a88ecee,variable,433,433,variable,PP
20260718_162525_stage_0_6a88ecee,variable,434,434,variable,PP
20260718_162525_stage_0_6a88ecee,variable,435,435,variable,PP
20260718_162525_stage_0_6a88ecee,variable,436,436,variable,PH
20260718_162525_stage_0_6a88ecee,variable,437,437,variable,PH
20260718_162525_stage_0_6a88ecee,variable,438,438,variable,PH
20260718_162525_stage_0_6a88ecee,variable,439,439,variable,PH
20260718_162525_stage_0_6a88ecee,variable,440,440,variable,PF
20260718_162525_stage_0_6a88ecee,variable,441,441,variable,PF
20260718_162525_stage_0_6a88ecee,variable,442,442,variable,PF
20260718_162525_stage_0_6a88ecee,variable,443,443,variable,PF
20260718_162525_stage_0_6a88ecee,variable,444,444,variable,Pch
20260718_162525_stage_0_6a88ecee,variable,445,445,variable,Pch
20260718_162525_stage_0_6a88ecee,variable,446,446,variable,Pdis
20260718_162525_stage_0_6a88ecee,variable,447,447,variable,Pdis
20260718_162525_stage_0_6a88ecee,variable,448,448,variable,SOC
20260718_162525_stage_0_6a88ecee,variable,449,449,variable,SOC
20260718_162525_stage_0_6a88ecee,variable,450,450,variable,PW
20260718_162525_stage_0_6a88ecee,variable,451,451,variable,PW
20260718_162525_stage_0_6a88ecee,variable,452,452,variable,PW
20260718_162525_stage_0_6a88ecee,variable,453,453,variable,PW
20260718_162525_stage_0_6a88ecee,variable,454,454,variable,PW
20260718_162525_stage_0_6a88ecee,variable,455,455,variable,PH
20260718_162525_stage_0_6a88ecee,variable,456,456,variable,PH
20260718_162525_stage_0_6a88ecee,variable,457,457,variable,PH
20260718_162525_stage_0_6a88ecee,variable,458,458,variable,PH
20260718_162525_stage_0_6a88ecee,variable,459,459,variable,PF
20260718_162525_stage_0_6a88ecee,variable,460,460,variable,PF
20260718_162525_stage_0_6a88ecee,variable,461,461,variable,PF
20260718_162525_stage_0_6a88ecee,variable,462,462,variable,PF
20260718_162525_stage_0_6a88ecee,variable,463,463,variable,Pch
20260718_162525_stage_0_6a88ecee,variable,464,464,variable,Pch
20260718_162525_stage_0_6a88ecee,variable,465,465,variable,Pdis
20260718_162525_stage_0_6a88ecee,variable,466,466,variable,Pdis
20260718_162525_stage_0_6a88ecee,variable,467,467,variable,SOC
20260718_162525_stage_0_6a88ecee,variable,468,468,variable,SOC
20260718_162525_stage_0_6a88ecee,variable,469,469,variable,PW
20260718_162525_stage_0_6a88ecee,variable,470,470,variable,PW
20260718_162525_stage_0_6a88ecee,variable,471,471,variable,PW
20260718_162525_stage_0_6a88ecee,variable,472,472,variable,PW
20260718_162525_stage_0_6a88ecee,variable,473,473,variable,PW
20260718_162525_stage_0_6a88ecee,variable,474,474,variable,PH
20260718_162525_stage_0_6a88ecee,variable,475,475,variable,PH
20260718_162525_stage_0_6a88ecee,variable,476,476,variable,PH
20260718_162525_stage_0_6a88ecee,variable,477,477,variable,PH
20260718_162525_stage_0_6a88ecee,variable,478,478,variable,PF
20260718_162525_stage_0_6a88ecee,variable,479,479,variable,PF
20260718_162525_stage_0_6a88ecee,variable,480,480,variable,PF
20260718_162525_stage_0_6a88ecee,variable,481,481,variable,PF
20260718_162525_stage_0_6a88ecee,variable,482,482,variable,Pch
20260718_162525_stage_0_6a88ecee,variable,483,483,variable,Pch
20260718_162525_stage_0_6a88ecee,variable,484,484,variable,Pdis
20260718_162525_stage_0_6a88ecee,variable,485,485,variable,Pdis
20260718_162525_stage_0_6a88ecee,variable,486,486,variable,SOC
20260718_162525_stage_0_6a88ecee,variable,487,487,variable,SOC
20260718_162525_stage_0_6a88ecee,variable,488,488,variable,PW
20260718_162525_stage_0_6a88ecee,variable,489,489,variable,PW
20260718_162525_stage_0_6a88ecee,variable,490,490,variable,PW
20260718_162525_stage_0_6a88ecee,variable,491,491,variable,PW
20260718_162525_stage_0_6a88ecee,variable,492,492,variable,PW
20260718_162525_stage_0_6a88ecee,variable,493,493,variable,PH
20260718_162525_stage_0_6a88ecee,variable,494,494,variable,PH
20260718_162525_stage_0_6a88ecee,variable,495,495,variable,PH
20260718_162525_stage_0_6a88ecee,variable,496,496,variable,PH
20260718_162525_stage_0_6a88ecee,variable,497,497,variable,PF
20260718_162525_stage_0_6a88ecee,variable,498,498,variable,PF
20260718_162525_stage_0_6a88ecee,variable,499,499,variable,PF
20260718_162525_stage_0_6a88ecee,variable,500,500,variable,PF
20260718_162525_stage_0_6a88ecee,variable,501,501,variable,Pch
20260718_162525_stage_0_6a88ecee,variable,502,502,variable,Pch
20260718_162525_stage_0_6a88ecee,variable,503,503,variable,Pdis
20260718_162525_stage_0_6a88ecee,variable,504,504,variable,Pdis
20260718_162525_stage_0_6a88ecee,variable,505,505,variable,SOC
20260718_162525_stage_0_6a88ecee,variable,506,506,variable,SOC
20260718_162525_stage_0_6a88ecee,variable,507,507,variable,PW
20260718_162525_stage_0_6a88ecee,variable,508,508,variable,PW
20260718_162525_stage_0_6a88ecee,variable,509,509,variable,PW
20260718_162525_stage_0_6a88ecee,variable,510,510,variable,PW
20260718_162525_stage_0_6a88ecee,variable,511,511,variable,PW
20260718_162525_stage_0_6a88ecee,variable,512,512,variable,PH
20260718_162525_stage_0_6a88ecee,variable,513,513,variable,PH
20260718_162525_stage_0_6a88ecee,variable,514,514,variable,PH
20260718_162525_stage_0_6a88ecee,variable,515,515,variable,PH
20260718_162525_stage_0_6a88ecee,variable,516,516,variable,PF
20260718_162525_stage_0_6a88ecee,variable,517,517,variable,PF
20260718_162525_stage_0_6a88ecee,variable,518,518,variable,PF
20260718_162525_stage_0_6a88ecee,variable,519,519,variable,PF
20260718_162525_stage_0_6a88ecee,variable,520,520,variable,Pch
20260718_162525_stage_0_6a88ecee,variable,521,521,variable,Pch
20260718_162525_stage_0_6a88ecee,variable,522,522,variable,Pdis
20260718_162525_stage_0_6a88ecee,variable,523,523,variable,Pdis
20260718_162525_stage_0_6a88ecee,variable,524,524,variable,SOC
20260718_162525_stage_0_6a88ecee,variable,525,525,variable,SOC
20260718_162525_stage_0_6a88ecee,variable,526,526,variable,PW
20260718_162525_stage_0_6a88ecee,variable,527,527,variable,PW
20260718_162525_stage_0_6a88ecee,variable,528,528,variable,PW
20260718_162525_stage_0_6a88ecee,variable,529,529,variable,PW
20260718_162525_stage_0_6a88ecee,variable,530,530,variable,PW
20260718_162525_stage_0_6a88ecee,variable,531,531,variable,PH
20260718_162525_stage_0_6a88ecee,variable,532,532,variable,PH
20260718_162525_stage_0_6a88ecee,variable,533,533,variable,PH
20260718_162525_stage_0_6a88ecee,variable,534,534,variable,PH
20260718_162525_stage_0_6a88ecee,variable,535,535,variable,PF
20260718_162525_stage_0_6a88ecee,variable,536,536,variable,PF
20260718_162525_stage_0_6a88ecee,variable,537,537,variable,PF
20260718_162525_stage_0_6a88ecee,variable,538,538,variable,PF
20260718_162525_stage_0_6a88ecee,variable,539,539,variable,Pch
20260718_162525_stage_0_6a88ecee,variable,540,540,variable,Pch
20260718_162525_stage_0_6a88ecee,variable,541,541,variable,Pdis
20260718_162525_stage_0_6a88ecee,variable,542,542,variable,Pdis
20260718_162525_stage_0_6a88ecee,variable,543,543,variable,SOC
20260718_162525_stage_0_6a88ecee,variable,544,544,variable,SOC
20260718_162525_stage_0_6a88ecee,equality,1,1,constraint,EQ-DURATION-S01
20260718_162525_stage_0_6a88ecee,equality,2,2,constraint,EQ-DURATION-S02
20260718_162525_stage_0_6a88ecee,equality,3,3,constraint,EQ-QBIND-D001-QW1
20260718_162525_stage_0_6a88ecee,equality,4,4,constraint,EQ-QBIND-D001-QW2
20260718_162525_stage_0_6a88ecee,equality,5,5,constraint,EQ-QBIND-D001-QW3
20260718_162525_stage_0_6a88ecee,equality,6,6,constraint,EQ-QBIND-D001-QW4
20260718_162525_stage_0_6a88ecee,equality,7,7,constraint,EQ-QBIND-D001-QW5
20260718_162525_stage_0_6a88ecee,equality,8,8,constraint,EQ-QBIND-D001-QP1
20260718_162525_stage_0_6a88ecee,equality,9,9,constraint,EQ-QBIND-D001-QP2
20260718_162525_stage_0_6a88ecee,equality,10,10,constraint,EQ-QBIND-D001-QP3
20260718_162525_stage_0_6a88ecee,equality,11,11,constraint,EQ-QBIND-D001-QP4
20260718_162525_stage_0_6a88ecee,equality,12,12,constraint,EQ-QBIND-D001-QP5
20260718_162525_stage_0_6a88ecee,equality,13,13,constraint,EQ-QBIND-D001-QS1
20260718_162525_stage_0_6a88ecee,equality,14,14,constraint,EQ-QBIND-D001-QS2
20260718_162525_stage_0_6a88ecee,equality,15,15,constraint,EQ-QBIND-D001-ES1
20260718_162525_stage_0_6a88ecee,equality,16,16,constraint,EQ-QBIND-D001-ES2
20260718_162525_stage_0_6a88ecee,equality,17,17,constraint,EQ-BAL-D001-H01
20260718_162525_stage_0_6a88ecee,equality,18,18,constraint,EQ-SOC-D001-H01-S01
20260718_162525_stage_0_6a88ecee,equality,19,19,constraint,EQ-SOC-D001-H01-S02
20260718_162525_stage_0_6a88ecee,equality,20,20,constraint,EQ-BAL-D001-H02
20260718_162525_stage_0_6a88ecee,equality,21,21,constraint,EQ-SOC-D001-H02-S01
20260718_162525_stage_0_6a88ecee,equality,22,22,constraint,EQ-SOC-D001-H02-S02
20260718_162525_stage_0_6a88ecee,equality,23,23,constraint,EQ-BAL-D001-H03
20260718_162525_stage_0_6a88ecee,equality,24,24,constraint,EQ-SOC-D001-H03-S01
20260718_162525_stage_0_6a88ecee,equality,25,25,constraint,EQ-SOC-D001-H03-S02
20260718_162525_stage_0_6a88ecee,equality,26,26,constraint,EQ-BAL-D001-H04
20260718_162525_stage_0_6a88ecee,equality,27,27,constraint,EQ-SOC-D001-H04-S01
20260718_162525_stage_0_6a88ecee,equality,28,28,constraint,EQ-SOC-D001-H04-S02
20260718_162525_stage_0_6a88ecee,equality,29,29,constraint,EQ-BAL-D001-H05
20260718_162525_stage_0_6a88ecee,equality,30,30,constraint,EQ-SOC-D001-H05-S01
20260718_162525_stage_0_6a88ecee,equality,31,31,constraint,EQ-SOC-D001-H05-S02
20260718_162525_stage_0_6a88ecee,equality,32,32,constraint,EQ-BAL-D001-H06
20260718_162525_stage_0_6a88ecee,equality,33,33,constraint,EQ-SOC-D001-H06-S01
20260718_162525_stage_0_6a88ecee,equality,34,34,constraint,EQ-SOC-D001-H06-S02
20260718_162525_stage_0_6a88ecee,equality,35,35,constraint,EQ-BAL-D001-H07
20260718_162525_stage_0_6a88ecee,equality,36,36,constraint,EQ-SOC-D001-H07-S01
20260718_162525_stage_0_6a88ecee,equality,37,37,constraint,EQ-SOC-D001-H07-S02
20260718_162525_stage_0_6a88ecee,equality,38,38,constraint,EQ-BAL-D001-H08
20260718_162525_stage_0_6a88ecee,equality,39,39,constraint,EQ-SOC-D001-H08-S01
20260718_162525_stage_0_6a88ecee,equality,40,40,constraint,EQ-SOC-D001-H08-S02
20260718_162525_stage_0_6a88ecee,equality,41,41,constraint,EQ-BAL-D001-H09
20260718_162525_stage_0_6a88ecee,equality,42,42,constraint,EQ-SOC-D001-H09-S01
20260718_162525_stage_0_6a88ecee,equality,43,43,constraint,EQ-SOC-D001-H09-S02
20260718_162525_stage_0_6a88ecee,equality,44,44,constraint,EQ-BAL-D001-H10
20260718_162525_stage_0_6a88ecee,equality,45,45,constraint,EQ-SOC-D001-H10-S01
20260718_162525_stage_0_6a88ecee,equality,46,46,constraint,EQ-SOC-D001-H10-S02
20260718_162525_stage_0_6a88ecee,equality,47,47,constraint,EQ-BAL-D001-H11
20260718_162525_stage_0_6a88ecee,equality,48,48,constraint,EQ-SOC-D001-H11-S01
20260718_162525_stage_0_6a88ecee,equality,49,49,constraint,EQ-SOC-D001-H11-S02
20260718_162525_stage_0_6a88ecee,equality,50,50,constraint,EQ-BAL-D001-H12
20260718_162525_stage_0_6a88ecee,equality,51,51,constraint,EQ-SOC-D001-H12-S01
20260718_162525_stage_0_6a88ecee,equality,52,52,constraint,EQ-SOC-D001-H12-S02
20260718_162525_stage_0_6a88ecee,equality,53,53,constraint,EQ-BAL-D001-H13
20260718_162525_stage_0_6a88ecee,equality,54,54,constraint,EQ-SOC-D001-H13-S01
20260718_162525_stage_0_6a88ecee,equality,55,55,constraint,EQ-SOC-D001-H13-S02
20260718_162525_stage_0_6a88ecee,equality,56,56,constraint,EQ-BAL-D001-H14
20260718_162525_stage_0_6a88ecee,equality,57,57,constraint,EQ-SOC-D001-H14-S01
20260718_162525_stage_0_6a88ecee,equality,58,58,constraint,EQ-SOC-D001-H14-S02
20260718_162525_stage_0_6a88ecee,equality,59,59,constraint,EQ-BAL-D001-H15
20260718_162525_stage_0_6a88ecee,equality,60,60,constraint,EQ-SOC-D001-H15-S01
20260718_162525_stage_0_6a88ecee,equality,61,61,constraint,EQ-SOC-D001-H15-S02
20260718_162525_stage_0_6a88ecee,equality,62,62,constraint,EQ-BAL-D001-H16
20260718_162525_stage_0_6a88ecee,equality,63,63,constraint,EQ-SOC-D001-H16-S01
20260718_162525_stage_0_6a88ecee,equality,64,64,constraint,EQ-SOC-D001-H16-S02
20260718_162525_stage_0_6a88ecee,equality,65,65,constraint,EQ-BAL-D001-H17
20260718_162525_stage_0_6a88ecee,equality,66,66,constraint,EQ-SOC-D001-H17-S01
20260718_162525_stage_0_6a88ecee,equality,67,67,constraint,EQ-SOC-D001-H17-S02
20260718_162525_stage_0_6a88ecee,equality,68,68,constraint,EQ-BAL-D001-H18
20260718_162525_stage_0_6a88ecee,equality,69,69,constraint,EQ-SOC-D001-H18-S01
20260718_162525_stage_0_6a88ecee,equality,70,70,constraint,EQ-SOC-D001-H18-S02
20260718_162525_stage_0_6a88ecee,equality,71,71,constraint,EQ-BAL-D001-H19
20260718_162525_stage_0_6a88ecee,equality,72,72,constraint,EQ-SOC-D001-H19-S01
20260718_162525_stage_0_6a88ecee,equality,73,73,constraint,EQ-SOC-D001-H19-S02
20260718_162525_stage_0_6a88ecee,equality,74,74,constraint,EQ-BAL-D001-H20
20260718_162525_stage_0_6a88ecee,equality,75,75,constraint,EQ-SOC-D001-H20-S01
20260718_162525_stage_0_6a88ecee,equality,76,76,constraint,EQ-SOC-D001-H20-S02
20260718_162525_stage_0_6a88ecee,equality,77,77,constraint,EQ-BAL-D001-H21
20260718_162525_stage_0_6a88ecee,equality,78,78,constraint,EQ-SOC-D001-H21-S01
20260718_162525_stage_0_6a88ecee,equality,79,79,constraint,EQ-SOC-D001-H21-S02
20260718_162525_stage_0_6a88ecee,equality,80,80,constraint,EQ-BAL-D001-H22
20260718_162525_stage_0_6a88ecee,equality,81,81,constraint,EQ-SOC-D001-H22-S01
20260718_162525_stage_0_6a88ecee,equality,82,82,constraint,EQ-SOC-D001-H22-S02
20260718_162525_stage_0_6a88ecee,equality,83,83,constraint,EQ-BAL-D001-H23
20260718_162525_stage_0_6a88ecee,equality,84,84,constraint,EQ-SOC-D001-H23-S01
20260718_162525_stage_0_6a88ecee,equality,85,85,constraint,EQ-SOC-D001-H23-S02
20260718_162525_stage_0_6a88ecee,equality,86,86,constraint,EQ-BAL-D001-H24
20260718_162525_stage_0_6a88ecee,equality,87,87,constraint,EQ-SOC-D001-H24-S01
20260718_162525_stage_0_6a88ecee,equality,88,88,constraint,EQ-SOC-D001-H24-S02
20260718_162525_stage_0_6a88ecee,equality,89,89,constraint,EQ-SOC-END-D001-S01
20260718_162525_stage_0_6a88ecee,equality,90,90,constraint,EQ-SOC-END-D001-S02
20260718_162525_stage_0_6a88ecee,inequality,1,1,constraint,INEQ-Q-LOWER-QW1
20260718_162525_stage_0_6a88ecee,inequality,2,2,constraint,INEQ-Q-UPPER-QW1
20260718_162525_stage_0_6a88ecee,inequality,3,3,constraint,INEQ-Q-LOWER-QW2
20260718_162525_stage_0_6a88ecee,inequality,4,4,constraint,INEQ-Q-UPPER-QW2
20260718_162525_stage_0_6a88ecee,inequality,5,5,constraint,INEQ-Q-LOWER-QW3
20260718_162525_stage_0_6a88ecee,inequality,6,6,constraint,INEQ-Q-UPPER-QW3
20260718_162525_stage_0_6a88ecee,inequality,7,7,constraint,INEQ-Q-LOWER-QW4
20260718_162525_stage_0_6a88ecee,inequality,8,8,constraint,INEQ-Q-UPPER-QW4
20260718_162525_stage_0_6a88ecee,inequality,9,9,constraint,INEQ-Q-LOWER-QW5
20260718_162525_stage_0_6a88ecee,inequality,10,10,constraint,INEQ-Q-UPPER-QW5
20260718_162525_stage_0_6a88ecee,inequality,11,11,constraint,INEQ-Q-LOWER-QP1
20260718_162525_stage_0_6a88ecee,inequality,12,12,constraint,INEQ-Q-UPPER-QP1
20260718_162525_stage_0_6a88ecee,inequality,13,13,constraint,INEQ-Q-LOWER-QP2
20260718_162525_stage_0_6a88ecee,inequality,14,14,constraint,INEQ-Q-UPPER-QP2
20260718_162525_stage_0_6a88ecee,inequality,15,15,constraint,INEQ-Q-LOWER-QP3
20260718_162525_stage_0_6a88ecee,inequality,16,16,constraint,INEQ-Q-UPPER-QP3
20260718_162525_stage_0_6a88ecee,inequality,17,17,constraint,INEQ-Q-LOWER-QP4
20260718_162525_stage_0_6a88ecee,inequality,18,18,constraint,INEQ-Q-UPPER-QP4
20260718_162525_stage_0_6a88ecee,inequality,19,19,constraint,INEQ-Q-LOWER-QP5
20260718_162525_stage_0_6a88ecee,inequality,20,20,constraint,INEQ-Q-UPPER-QP5
20260718_162525_stage_0_6a88ecee,inequality,21,21,constraint,INEQ-Q-LOWER-QS1
20260718_162525_stage_0_6a88ecee,inequality,22,22,constraint,INEQ-Q-UPPER-QS1
20260718_162525_stage_0_6a88ecee,inequality,23,23,constraint,INEQ-Q-LOWER-QS2
20260718_162525_stage_0_6a88ecee,inequality,24,24,constraint,INEQ-Q-UPPER-QS2
20260718_162525_stage_0_6a88ecee,inequality,25,25,constraint,INEQ-Q-LOWER-ES1
20260718_162525_stage_0_6a88ecee,inequality,26,26,constraint,INEQ-Q-UPPER-ES1
20260718_162525_stage_0_6a88ecee,inequality,27,27,constraint,INEQ-Q-LOWER-ES2
20260718_162525_stage_0_6a88ecee,inequality,28,28,constraint,INEQ-Q-UPPER-ES2
20260718_162525_stage_0_6a88ecee,inequality,29,29,constraint,INEQ-LOWER-D001-H01-PW01
20260718_162525_stage_0_6a88ecee,inequality,30,30,constraint,INEQ-UPPER-D001-H01-PW01
20260718_162525_stage_0_6a88ecee,inequality,31,31,constraint,INEQ-LOWER-D001-H01-PW02
20260718_162525_stage_0_6a88ecee,inequality,32,32,constraint,INEQ-UPPER-D001-H01-PW02
20260718_162525_stage_0_6a88ecee,inequality,33,33,constraint,INEQ-LOWER-D001-H01-PW03
20260718_162525_stage_0_6a88ecee,inequality,34,34,constraint,INEQ-UPPER-D001-H01-PW03
20260718_162525_stage_0_6a88ecee,inequality,35,35,constraint,INEQ-LOWER-D001-H01-PW04
20260718_162525_stage_0_6a88ecee,inequality,36,36,constraint,INEQ-UPPER-D001-H01-PW04
20260718_162525_stage_0_6a88ecee,inequality,37,37,constraint,INEQ-LOWER-D001-H01-PW05
20260718_162525_stage_0_6a88ecee,inequality,38,38,constraint,INEQ-UPPER-D001-H01-PW05
20260718_162525_stage_0_6a88ecee,inequality,39,39,constraint,INEQ-LOWER-D001-H01-PH01
20260718_162525_stage_0_6a88ecee,inequality,40,40,constraint,INEQ-UPPER-D001-H01-PH01
20260718_162525_stage_0_6a88ecee,inequality,41,41,constraint,INEQ-LOWER-D001-H01-PH02
20260718_162525_stage_0_6a88ecee,inequality,42,42,constraint,INEQ-UPPER-D001-H01-PH02
20260718_162525_stage_0_6a88ecee,inequality,43,43,constraint,INEQ-LOWER-D001-H01-PH03
20260718_162525_stage_0_6a88ecee,inequality,44,44,constraint,INEQ-UPPER-D001-H01-PH03
20260718_162525_stage_0_6a88ecee,inequality,45,45,constraint,INEQ-LOWER-D001-H01-PH04
20260718_162525_stage_0_6a88ecee,inequality,46,46,constraint,INEQ-UPPER-D001-H01-PH04
20260718_162525_stage_0_6a88ecee,inequality,47,47,constraint,INEQ-LOWER-D001-H01-PF01
20260718_162525_stage_0_6a88ecee,inequality,48,48,constraint,INEQ-UPPER-D001-H01-PF01
20260718_162525_stage_0_6a88ecee,inequality,49,49,constraint,INEQ-LOWER-D001-H01-PF02
20260718_162525_stage_0_6a88ecee,inequality,50,50,constraint,INEQ-UPPER-D001-H01-PF02
20260718_162525_stage_0_6a88ecee,inequality,51,51,constraint,INEQ-LOWER-D001-H01-PF03
20260718_162525_stage_0_6a88ecee,inequality,52,52,constraint,INEQ-UPPER-D001-H01-PF03
20260718_162525_stage_0_6a88ecee,inequality,53,53,constraint,INEQ-LOWER-D001-H01-PF04
20260718_162525_stage_0_6a88ecee,inequality,54,54,constraint,INEQ-UPPER-D001-H01-PF04
20260718_162525_stage_0_6a88ecee,inequality,55,55,constraint,INEQ-LOWER-D001-H01-Pch01
20260718_162525_stage_0_6a88ecee,inequality,56,56,constraint,INEQ-UPPER-D001-H01-Pch01
20260718_162525_stage_0_6a88ecee,inequality,57,57,constraint,INEQ-LOWER-D001-H01-Pch02
20260718_162525_stage_0_6a88ecee,inequality,58,58,constraint,INEQ-UPPER-D001-H01-Pch02
20260718_162525_stage_0_6a88ecee,inequality,59,59,constraint,INEQ-LOWER-D001-H01-Pdis01
20260718_162525_stage_0_6a88ecee,inequality,60,60,constraint,INEQ-UPPER-D001-H01-Pdis01
20260718_162525_stage_0_6a88ecee,inequality,61,61,constraint,INEQ-LOWER-D001-H01-Pdis02
20260718_162525_stage_0_6a88ecee,inequality,62,62,constraint,INEQ-UPPER-D001-H01-Pdis02
20260718_162525_stage_0_6a88ecee,inequality,63,63,constraint,INEQ-LOWER-D001-H01-SOC01
20260718_162525_stage_0_6a88ecee,inequality,64,64,constraint,INEQ-UPPER-D001-H01-SOC01
20260718_162525_stage_0_6a88ecee,inequality,65,65,constraint,INEQ-LOWER-D001-H01-SOC02
20260718_162525_stage_0_6a88ecee,inequality,66,66,constraint,INEQ-UPPER-D001-H01-SOC02
20260718_162525_stage_0_6a88ecee,inequality,67,67,constraint,INEQ-LOWER-D001-H02-PW01
20260718_162525_stage_0_6a88ecee,inequality,68,68,constraint,INEQ-UPPER-D001-H02-PW01
20260718_162525_stage_0_6a88ecee,inequality,69,69,constraint,INEQ-LOWER-D001-H02-PW02
20260718_162525_stage_0_6a88ecee,inequality,70,70,constraint,INEQ-UPPER-D001-H02-PW02
20260718_162525_stage_0_6a88ecee,inequality,71,71,constraint,INEQ-LOWER-D001-H02-PW03
20260718_162525_stage_0_6a88ecee,inequality,72,72,constraint,INEQ-UPPER-D001-H02-PW03
20260718_162525_stage_0_6a88ecee,inequality,73,73,constraint,INEQ-LOWER-D001-H02-PW04
20260718_162525_stage_0_6a88ecee,inequality,74,74,constraint,INEQ-UPPER-D001-H02-PW04
20260718_162525_stage_0_6a88ecee,inequality,75,75,constraint,INEQ-LOWER-D001-H02-PW05
20260718_162525_stage_0_6a88ecee,inequality,76,76,constraint,INEQ-UPPER-D001-H02-PW05
20260718_162525_stage_0_6a88ecee,inequality,77,77,constraint,INEQ-LOWER-D001-H02-PH01
20260718_162525_stage_0_6a88ecee,inequality,78,78,constraint,INEQ-UPPER-D001-H02-PH01
20260718_162525_stage_0_6a88ecee,inequality,79,79,constraint,INEQ-LOWER-D001-H02-PH02
20260718_162525_stage_0_6a88ecee,inequality,80,80,constraint,INEQ-UPPER-D001-H02-PH02
20260718_162525_stage_0_6a88ecee,inequality,81,81,constraint,INEQ-LOWER-D001-H02-PH03
20260718_162525_stage_0_6a88ecee,inequality,82,82,constraint,INEQ-UPPER-D001-H02-PH03
20260718_162525_stage_0_6a88ecee,inequality,83,83,constraint,INEQ-LOWER-D001-H02-PH04
20260718_162525_stage_0_6a88ecee,inequality,84,84,constraint,INEQ-UPPER-D001-H02-PH04
20260718_162525_stage_0_6a88ecee,inequality,85,85,constraint,INEQ-LOWER-D001-H02-PF01
20260718_162525_stage_0_6a88ecee,inequality,86,86,constraint,INEQ-UPPER-D001-H02-PF01
20260718_162525_stage_0_6a88ecee,inequality,87,87,constraint,INEQ-LOWER-D001-H02-PF02
20260718_162525_stage_0_6a88ecee,inequality,88,88,constraint,INEQ-UPPER-D001-H02-PF02
20260718_162525_stage_0_6a88ecee,inequality,89,89,constraint,INEQ-LOWER-D001-H02-PF03
20260718_162525_stage_0_6a88ecee,inequality,90,90,constraint,INEQ-UPPER-D001-H02-PF03
20260718_162525_stage_0_6a88ecee,inequality,91,91,constraint,INEQ-LOWER-D001-H02-PF04
20260718_162525_stage_0_6a88ecee,inequality,92,92,constraint,INEQ-UPPER-D001-H02-PF04
20260718_162525_stage_0_6a88ecee,inequality,93,93,constraint,INEQ-LOWER-D001-H02-Pch01
20260718_162525_stage_0_6a88ecee,inequality,94,94,constraint,INEQ-UPPER-D001-H02-Pch01
20260718_162525_stage_0_6a88ecee,inequality,95,95,constraint,INEQ-LOWER-D001-H02-Pch02
20260718_162525_stage_0_6a88ecee,inequality,96,96,constraint,INEQ-UPPER-D001-H02-Pch02
20260718_162525_stage_0_6a88ecee,inequality,97,97,constraint,INEQ-LOWER-D001-H02-Pdis01
20260718_162525_stage_0_6a88ecee,inequality,98,98,constraint,INEQ-UPPER-D001-H02-Pdis01
20260718_162525_stage_0_6a88ecee,inequality,99,99,constraint,INEQ-LOWER-D001-H02-Pdis02
20260718_162525_stage_0_6a88ecee,inequality,100,100,constraint,INEQ-UPPER-D001-H02-Pdis02
20260718_162525_stage_0_6a88ecee,inequality,101,101,constraint,INEQ-LOWER-D001-H02-SOC01
20260718_162525_stage_0_6a88ecee,inequality,102,102,constraint,INEQ-UPPER-D001-H02-SOC01
20260718_162525_stage_0_6a88ecee,inequality,103,103,constraint,INEQ-LOWER-D001-H02-SOC02
20260718_162525_stage_0_6a88ecee,inequality,104,104,constraint,INEQ-UPPER-D001-H02-SOC02
20260718_162525_stage_0_6a88ecee,inequality,105,105,constraint,INEQ-LOWER-D001-H03-PW01
20260718_162525_stage_0_6a88ecee,inequality,106,106,constraint,INEQ-UPPER-D001-H03-PW01
20260718_162525_stage_0_6a88ecee,inequality,107,107,constraint,INEQ-LOWER-D001-H03-PW02
20260718_162525_stage_0_6a88ecee,inequality,108,108,constraint,INEQ-UPPER-D001-H03-PW02
20260718_162525_stage_0_6a88ecee,inequality,109,109,constraint,INEQ-LOWER-D001-H03-PW03
20260718_162525_stage_0_6a88ecee,inequality,110,110,constraint,INEQ-UPPER-D001-H03-PW03
20260718_162525_stage_0_6a88ecee,inequality,111,111,constraint,INEQ-LOWER-D001-H03-PW04
20260718_162525_stage_0_6a88ecee,inequality,112,112,constraint,INEQ-UPPER-D001-H03-PW04
20260718_162525_stage_0_6a88ecee,inequality,113,113,constraint,INEQ-LOWER-D001-H03-PW05
20260718_162525_stage_0_6a88ecee,inequality,114,114,constraint,INEQ-UPPER-D001-H03-PW05
20260718_162525_stage_0_6a88ecee,inequality,115,115,constraint,INEQ-LOWER-D001-H03-PH01
20260718_162525_stage_0_6a88ecee,inequality,116,116,constraint,INEQ-UPPER-D001-H03-PH01
20260718_162525_stage_0_6a88ecee,inequality,117,117,constraint,INEQ-LOWER-D001-H03-PH02
20260718_162525_stage_0_6a88ecee,inequality,118,118,constraint,INEQ-UPPER-D001-H03-PH02
20260718_162525_stage_0_6a88ecee,inequality,119,119,constraint,INEQ-LOWER-D001-H03-PH03
20260718_162525_stage_0_6a88ecee,inequality,120,120,constraint,INEQ-UPPER-D001-H03-PH03
20260718_162525_stage_0_6a88ecee,inequality,121,121,constraint,INEQ-LOWER-D001-H03-PH04
20260718_162525_stage_0_6a88ecee,inequality,122,122,constraint,INEQ-UPPER-D001-H03-PH04
20260718_162525_stage_0_6a88ecee,inequality,123,123,constraint,INEQ-LOWER-D001-H03-PF01
20260718_162525_stage_0_6a88ecee,inequality,124,124,constraint,INEQ-UPPER-D001-H03-PF01
20260718_162525_stage_0_6a88ecee,inequality,125,125,constraint,INEQ-LOWER-D001-H03-PF02
20260718_162525_stage_0_6a88ecee,inequality,126,126,constraint,INEQ-UPPER-D001-H03-PF02
20260718_162525_stage_0_6a88ecee,inequality,127,127,constraint,INEQ-LOWER-D001-H03-PF03
20260718_162525_stage_0_6a88ecee,inequality,128,128,constraint,INEQ-UPPER-D001-H03-PF03
20260718_162525_stage_0_6a88ecee,inequality,129,129,constraint,INEQ-LOWER-D001-H03-PF04
20260718_162525_stage_0_6a88ecee,inequality,130,130,constraint,INEQ-UPPER-D001-H03-PF04
20260718_162525_stage_0_6a88ecee,inequality,131,131,constraint,INEQ-LOWER-D001-H03-Pch01
20260718_162525_stage_0_6a88ecee,inequality,132,132,constraint,INEQ-UPPER-D001-H03-Pch01
20260718_162525_stage_0_6a88ecee,inequality,133,133,constraint,INEQ-LOWER-D001-H03-Pch02
20260718_162525_stage_0_6a88ecee,inequality,134,134,constraint,INEQ-UPPER-D001-H03-Pch02
20260718_162525_stage_0_6a88ecee,inequality,135,135,constraint,INEQ-LOWER-D001-H03-Pdis01
20260718_162525_stage_0_6a88ecee,inequality,136,136,constraint,INEQ-UPPER-D001-H03-Pdis01
20260718_162525_stage_0_6a88ecee,inequality,137,137,constraint,INEQ-LOWER-D001-H03-Pdis02
20260718_162525_stage_0_6a88ecee,inequality,138,138,constraint,INEQ-UPPER-D001-H03-Pdis02
20260718_162525_stage_0_6a88ecee,inequality,139,139,constraint,INEQ-LOWER-D001-H03-SOC01
20260718_162525_stage_0_6a88ecee,inequality,140,140,constraint,INEQ-UPPER-D001-H03-SOC01
20260718_162525_stage_0_6a88ecee,inequality,141,141,constraint,INEQ-LOWER-D001-H03-SOC02
20260718_162525_stage_0_6a88ecee,inequality,142,142,constraint,INEQ-UPPER-D001-H03-SOC02
20260718_162525_stage_0_6a88ecee,inequality,143,143,constraint,INEQ-LOWER-D001-H04-PW01
20260718_162525_stage_0_6a88ecee,inequality,144,144,constraint,INEQ-UPPER-D001-H04-PW01
20260718_162525_stage_0_6a88ecee,inequality,145,145,constraint,INEQ-LOWER-D001-H04-PW02
20260718_162525_stage_0_6a88ecee,inequality,146,146,constraint,INEQ-UPPER-D001-H04-PW02
20260718_162525_stage_0_6a88ecee,inequality,147,147,constraint,INEQ-LOWER-D001-H04-PW03
20260718_162525_stage_0_6a88ecee,inequality,148,148,constraint,INEQ-UPPER-D001-H04-PW03
20260718_162525_stage_0_6a88ecee,inequality,149,149,constraint,INEQ-LOWER-D001-H04-PW04
20260718_162525_stage_0_6a88ecee,inequality,150,150,constraint,INEQ-UPPER-D001-H04-PW04
20260718_162525_stage_0_6a88ecee,inequality,151,151,constraint,INEQ-LOWER-D001-H04-PW05
20260718_162525_stage_0_6a88ecee,inequality,152,152,constraint,INEQ-UPPER-D001-H04-PW05
20260718_162525_stage_0_6a88ecee,inequality,153,153,constraint,INEQ-LOWER-D001-H04-PH01
20260718_162525_stage_0_6a88ecee,inequality,154,154,constraint,INEQ-UPPER-D001-H04-PH01
20260718_162525_stage_0_6a88ecee,inequality,155,155,constraint,INEQ-LOWER-D001-H04-PH02
20260718_162525_stage_0_6a88ecee,inequality,156,156,constraint,INEQ-UPPER-D001-H04-PH02
20260718_162525_stage_0_6a88ecee,inequality,157,157,constraint,INEQ-LOWER-D001-H04-PH03
20260718_162525_stage_0_6a88ecee,inequality,158,158,constraint,INEQ-UPPER-D001-H04-PH03
20260718_162525_stage_0_6a88ecee,inequality,159,159,constraint,INEQ-LOWER-D001-H04-PH04
20260718_162525_stage_0_6a88ecee,inequality,160,160,constraint,INEQ-UPPER-D001-H04-PH04
20260718_162525_stage_0_6a88ecee,inequality,161,161,constraint,INEQ-LOWER-D001-H04-PF01
20260718_162525_stage_0_6a88ecee,inequality,162,162,constraint,INEQ-UPPER-D001-H04-PF01
20260718_162525_stage_0_6a88ecee,inequality,163,163,constraint,INEQ-LOWER-D001-H04-PF02
20260718_162525_stage_0_6a88ecee,inequality,164,164,constraint,INEQ-UPPER-D001-H04-PF02
20260718_162525_stage_0_6a88ecee,inequality,165,165,constraint,INEQ-LOWER-D001-H04-PF03
20260718_162525_stage_0_6a88ecee,inequality,166,166,constraint,INEQ-UPPER-D001-H04-PF03
20260718_162525_stage_0_6a88ecee,inequality,167,167,constraint,INEQ-LOWER-D001-H04-PF04
20260718_162525_stage_0_6a88ecee,inequality,168,168,constraint,INEQ-UPPER-D001-H04-PF04
20260718_162525_stage_0_6a88ecee,inequality,169,169,constraint,INEQ-LOWER-D001-H04-Pch01
20260718_162525_stage_0_6a88ecee,inequality,170,170,constraint,INEQ-UPPER-D001-H04-Pch01
20260718_162525_stage_0_6a88ecee,inequality,171,171,constraint,INEQ-LOWER-D001-H04-Pch02
20260718_162525_stage_0_6a88ecee,inequality,172,172,constraint,INEQ-UPPER-D001-H04-Pch02
20260718_162525_stage_0_6a88ecee,inequality,173,173,constraint,INEQ-LOWER-D001-H04-Pdis01
20260718_162525_stage_0_6a88ecee,inequality,174,174,constraint,INEQ-UPPER-D001-H04-Pdis01
20260718_162525_stage_0_6a88ecee,inequality,175,175,constraint,INEQ-LOWER-D001-H04-Pdis02
20260718_162525_stage_0_6a88ecee,inequality,176,176,constraint,INEQ-UPPER-D001-H04-Pdis02
20260718_162525_stage_0_6a88ecee,inequality,177,177,constraint,INEQ-LOWER-D001-H04-SOC01
20260718_162525_stage_0_6a88ecee,inequality,178,178,constraint,INEQ-UPPER-D001-H04-SOC01
20260718_162525_stage_0_6a88ecee,inequality,179,179,constraint,INEQ-LOWER-D001-H04-SOC02
20260718_162525_stage_0_6a88ecee,inequality,180,180,constraint,INEQ-UPPER-D001-H04-SOC02
20260718_162525_stage_0_6a88ecee,inequality,181,181,constraint,INEQ-LOWER-D001-H05-PW01
20260718_162525_stage_0_6a88ecee,inequality,182,182,constraint,INEQ-UPPER-D001-H05-PW01
20260718_162525_stage_0_6a88ecee,inequality,183,183,constraint,INEQ-LOWER-D001-H05-PW02
20260718_162525_stage_0_6a88ecee,inequality,184,184,constraint,INEQ-UPPER-D001-H05-PW02
20260718_162525_stage_0_6a88ecee,inequality,185,185,constraint,INEQ-LOWER-D001-H05-PW03
20260718_162525_stage_0_6a88ecee,inequality,186,186,constraint,INEQ-UPPER-D001-H05-PW03
20260718_162525_stage_0_6a88ecee,inequality,187,187,constraint,INEQ-LOWER-D001-H05-PW04
20260718_162525_stage_0_6a88ecee,inequality,188,188,constraint,INEQ-UPPER-D001-H05-PW04
20260718_162525_stage_0_6a88ecee,inequality,189,189,constraint,INEQ-LOWER-D001-H05-PW05
20260718_162525_stage_0_6a88ecee,inequality,190,190,constraint,INEQ-UPPER-D001-H05-PW05
20260718_162525_stage_0_6a88ecee,inequality,191,191,constraint,INEQ-LOWER-D001-H05-PH01
20260718_162525_stage_0_6a88ecee,inequality,192,192,constraint,INEQ-UPPER-D001-H05-PH01
20260718_162525_stage_0_6a88ecee,inequality,193,193,constraint,INEQ-LOWER-D001-H05-PH02
20260718_162525_stage_0_6a88ecee,inequality,194,194,constraint,INEQ-UPPER-D001-H05-PH02
20260718_162525_stage_0_6a88ecee,inequality,195,195,constraint,INEQ-LOWER-D001-H05-PH03
20260718_162525_stage_0_6a88ecee,inequality,196,196,constraint,INEQ-UPPER-D001-H05-PH03
20260718_162525_stage_0_6a88ecee,inequality,197,197,constraint,INEQ-LOWER-D001-H05-PH04
20260718_162525_stage_0_6a88ecee,inequality,198,198,constraint,INEQ-UPPER-D001-H05-PH04
20260718_162525_stage_0_6a88ecee,inequality,199,199,constraint,INEQ-LOWER-D001-H05-PF01
20260718_162525_stage_0_6a88ecee,inequality,200,200,constraint,INEQ-UPPER-D001-H05-PF01
20260718_162525_stage_0_6a88ecee,inequality,201,201,constraint,INEQ-LOWER-D001-H05-PF02
20260718_162525_stage_0_6a88ecee,inequality,202,202,constraint,INEQ-UPPER-D001-H05-PF02
20260718_162525_stage_0_6a88ecee,inequality,203,203,constraint,INEQ-LOWER-D001-H05-PF03
20260718_162525_stage_0_6a88ecee,inequality,204,204,constraint,INEQ-UPPER-D001-H05-PF03
20260718_162525_stage_0_6a88ecee,inequality,205,205,constraint,INEQ-LOWER-D001-H05-PF04
20260718_162525_stage_0_6a88ecee,inequality,206,206,constraint,INEQ-UPPER-D001-H05-PF04
20260718_162525_stage_0_6a88ecee,inequality,207,207,constraint,INEQ-LOWER-D001-H05-Pch01
20260718_162525_stage_0_6a88ecee,inequality,208,208,constraint,INEQ-UPPER-D001-H05-Pch01
20260718_162525_stage_0_6a88ecee,inequality,209,209,constraint,INEQ-LOWER-D001-H05-Pch02
20260718_162525_stage_0_6a88ecee,inequality,210,210,constraint,INEQ-UPPER-D001-H05-Pch02
20260718_162525_stage_0_6a88ecee,inequality,211,211,constraint,INEQ-LOWER-D001-H05-Pdis01
20260718_162525_stage_0_6a88ecee,inequality,212,212,constraint,INEQ-UPPER-D001-H05-Pdis01
20260718_162525_stage_0_6a88ecee,inequality,213,213,constraint,INEQ-LOWER-D001-H05-Pdis02
20260718_162525_stage_0_6a88ecee,inequality,214,214,constraint,INEQ-UPPER-D001-H05-Pdis02
20260718_162525_stage_0_6a88ecee,inequality,215,215,constraint,INEQ-LOWER-D001-H05-SOC01
20260718_162525_stage_0_6a88ecee,inequality,216,216,constraint,INEQ-UPPER-D001-H05-SOC01
20260718_162525_stage_0_6a88ecee,inequality,217,217,constraint,INEQ-LOWER-D001-H05-SOC02
20260718_162525_stage_0_6a88ecee,inequality,218,218,constraint,INEQ-UPPER-D001-H05-SOC02
20260718_162525_stage_0_6a88ecee,inequality,219,219,constraint,INEQ-LOWER-D001-H06-PW01
20260718_162525_stage_0_6a88ecee,inequality,220,220,constraint,INEQ-UPPER-D001-H06-PW01
20260718_162525_stage_0_6a88ecee,inequality,221,221,constraint,INEQ-LOWER-D001-H06-PW02
20260718_162525_stage_0_6a88ecee,inequality,222,222,constraint,INEQ-UPPER-D001-H06-PW02
20260718_162525_stage_0_6a88ecee,inequality,223,223,constraint,INEQ-LOWER-D001-H06-PW03
20260718_162525_stage_0_6a88ecee,inequality,224,224,constraint,INEQ-UPPER-D001-H06-PW03
20260718_162525_stage_0_6a88ecee,inequality,225,225,constraint,INEQ-LOWER-D001-H06-PW04
20260718_162525_stage_0_6a88ecee,inequality,226,226,constraint,INEQ-UPPER-D001-H06-PW04
20260718_162525_stage_0_6a88ecee,inequality,227,227,constraint,INEQ-LOWER-D001-H06-PW05
20260718_162525_stage_0_6a88ecee,inequality,228,228,constraint,INEQ-UPPER-D001-H06-PW05
20260718_162525_stage_0_6a88ecee,inequality,229,229,constraint,INEQ-LOWER-D001-H06-PH01
20260718_162525_stage_0_6a88ecee,inequality,230,230,constraint,INEQ-UPPER-D001-H06-PH01
20260718_162525_stage_0_6a88ecee,inequality,231,231,constraint,INEQ-LOWER-D001-H06-PH02
20260718_162525_stage_0_6a88ecee,inequality,232,232,constraint,INEQ-UPPER-D001-H06-PH02
20260718_162525_stage_0_6a88ecee,inequality,233,233,constraint,INEQ-LOWER-D001-H06-PH03
20260718_162525_stage_0_6a88ecee,inequality,234,234,constraint,INEQ-UPPER-D001-H06-PH03
20260718_162525_stage_0_6a88ecee,inequality,235,235,constraint,INEQ-LOWER-D001-H06-PH04
20260718_162525_stage_0_6a88ecee,inequality,236,236,constraint,INEQ-UPPER-D001-H06-PH04
20260718_162525_stage_0_6a88ecee,inequality,237,237,constraint,INEQ-LOWER-D001-H06-PF01
20260718_162525_stage_0_6a88ecee,inequality,238,238,constraint,INEQ-UPPER-D001-H06-PF01
20260718_162525_stage_0_6a88ecee,inequality,239,239,constraint,INEQ-LOWER-D001-H06-PF02
20260718_162525_stage_0_6a88ecee,inequality,240,240,constraint,INEQ-UPPER-D001-H06-PF02
20260718_162525_stage_0_6a88ecee,inequality,241,241,constraint,INEQ-LOWER-D001-H06-PF03
20260718_162525_stage_0_6a88ecee,inequality,242,242,constraint,INEQ-UPPER-D001-H06-PF03
20260718_162525_stage_0_6a88ecee,inequality,243,243,constraint,INEQ-LOWER-D001-H06-PF04
20260718_162525_stage_0_6a88ecee,inequality,244,244,constraint,INEQ-UPPER-D001-H06-PF04
20260718_162525_stage_0_6a88ecee,inequality,245,245,constraint,INEQ-LOWER-D001-H06-Pch01
20260718_162525_stage_0_6a88ecee,inequality,246,246,constraint,INEQ-UPPER-D001-H06-Pch01
20260718_162525_stage_0_6a88ecee,inequality,247,247,constraint,INEQ-LOWER-D001-H06-Pch02
20260718_162525_stage_0_6a88ecee,inequality,248,248,constraint,INEQ-UPPER-D001-H06-Pch02
20260718_162525_stage_0_6a88ecee,inequality,249,249,constraint,INEQ-LOWER-D001-H06-Pdis01
20260718_162525_stage_0_6a88ecee,inequality,250,250,constraint,INEQ-UPPER-D001-H06-Pdis01
20260718_162525_stage_0_6a88ecee,inequality,251,251,constraint,INEQ-LOWER-D001-H06-Pdis02
20260718_162525_stage_0_6a88ecee,inequality,252,252,constraint,INEQ-UPPER-D001-H06-Pdis02
20260718_162525_stage_0_6a88ecee,inequality,253,253,constraint,INEQ-LOWER-D001-H06-SOC01
20260718_162525_stage_0_6a88ecee,inequality,254,254,constraint,INEQ-UPPER-D001-H06-SOC01
20260718_162525_stage_0_6a88ecee,inequality,255,255,constraint,INEQ-LOWER-D001-H06-SOC02
20260718_162525_stage_0_6a88ecee,inequality,256,256,constraint,INEQ-UPPER-D001-H06-SOC02
20260718_162525_stage_0_6a88ecee,inequality,257,257,constraint,INEQ-LOWER-D001-H07-PW01
20260718_162525_stage_0_6a88ecee,inequality,258,258,constraint,INEQ-UPPER-D001-H07-PW01
20260718_162525_stage_0_6a88ecee,inequality,259,259,constraint,INEQ-LOWER-D001-H07-PW02
20260718_162525_stage_0_6a88ecee,inequality,260,260,constraint,INEQ-UPPER-D001-H07-PW02
20260718_162525_stage_0_6a88ecee,inequality,261,261,constraint,INEQ-LOWER-D001-H07-PW03
20260718_162525_stage_0_6a88ecee,inequality,262,262,constraint,INEQ-UPPER-D001-H07-PW03
20260718_162525_stage_0_6a88ecee,inequality,263,263,constraint,INEQ-LOWER-D001-H07-PW04
20260718_162525_stage_0_6a88ecee,inequality,264,264,constraint,INEQ-UPPER-D001-H07-PW04
20260718_162525_stage_0_6a88ecee,inequality,265,265,constraint,INEQ-LOWER-D001-H07-PW05
20260718_162525_stage_0_6a88ecee,inequality,266,266,constraint,INEQ-UPPER-D001-H07-PW05
20260718_162525_stage_0_6a88ecee,inequality,267,267,constraint,INEQ-LOWER-D001-H07-PH01
20260718_162525_stage_0_6a88ecee,inequality,268,268,constraint,INEQ-UPPER-D001-H07-PH01
20260718_162525_stage_0_6a88ecee,inequality,269,269,constraint,INEQ-LOWER-D001-H07-PH02
20260718_162525_stage_0_6a88ecee,inequality,270,270,constraint,INEQ-UPPER-D001-H07-PH02
20260718_162525_stage_0_6a88ecee,inequality,271,271,constraint,INEQ-LOWER-D001-H07-PH03
20260718_162525_stage_0_6a88ecee,inequality,272,272,constraint,INEQ-UPPER-D001-H07-PH03
20260718_162525_stage_0_6a88ecee,inequality,273,273,constraint,INEQ-LOWER-D001-H07-PH04
20260718_162525_stage_0_6a88ecee,inequality,274,274,constraint,INEQ-UPPER-D001-H07-PH04
20260718_162525_stage_0_6a88ecee,inequality,275,275,constraint,INEQ-LOWER-D001-H07-PF01
20260718_162525_stage_0_6a88ecee,inequality,276,276,constraint,INEQ-UPPER-D001-H07-PF01
20260718_162525_stage_0_6a88ecee,inequality,277,277,constraint,INEQ-LOWER-D001-H07-PF02
20260718_162525_stage_0_6a88ecee,inequality,278,278,constraint,INEQ-UPPER-D001-H07-PF02
20260718_162525_stage_0_6a88ecee,inequality,279,279,constraint,INEQ-LOWER-D001-H07-PF03
20260718_162525_stage_0_6a88ecee,inequality,280,280,constraint,INEQ-UPPER-D001-H07-PF03
20260718_162525_stage_0_6a88ecee,inequality,281,281,constraint,INEQ-LOWER-D001-H07-PF04
20260718_162525_stage_0_6a88ecee,inequality,282,282,constraint,INEQ-UPPER-D001-H07-PF04
20260718_162525_stage_0_6a88ecee,inequality,283,283,constraint,INEQ-LOWER-D001-H07-Pch01
20260718_162525_stage_0_6a88ecee,inequality,284,284,constraint,INEQ-UPPER-D001-H07-Pch01
20260718_162525_stage_0_6a88ecee,inequality,285,285,constraint,INEQ-LOWER-D001-H07-Pch02
20260718_162525_stage_0_6a88ecee,inequality,286,286,constraint,INEQ-UPPER-D001-H07-Pch02
20260718_162525_stage_0_6a88ecee,inequality,287,287,constraint,INEQ-LOWER-D001-H07-Pdis01
20260718_162525_stage_0_6a88ecee,inequality,288,288,constraint,INEQ-UPPER-D001-H07-Pdis01
20260718_162525_stage_0_6a88ecee,inequality,289,289,constraint,INEQ-LOWER-D001-H07-Pdis02
20260718_162525_stage_0_6a88ecee,inequality,290,290,constraint,INEQ-UPPER-D001-H07-Pdis02
20260718_162525_stage_0_6a88ecee,inequality,291,291,constraint,INEQ-LOWER-D001-H07-SOC01
20260718_162525_stage_0_6a88ecee,inequality,292,292,constraint,INEQ-UPPER-D001-H07-SOC01
20260718_162525_stage_0_6a88ecee,inequality,293,293,constraint,INEQ-LOWER-D001-H07-SOC02
20260718_162525_stage_0_6a88ecee,inequality,294,294,constraint,INEQ-UPPER-D001-H07-SOC02
20260718_162525_stage_0_6a88ecee,inequality,295,295,constraint,INEQ-LOWER-D001-H08-PW01
20260718_162525_stage_0_6a88ecee,inequality,296,296,constraint,INEQ-UPPER-D001-H08-PW01
20260718_162525_stage_0_6a88ecee,inequality,297,297,constraint,INEQ-LOWER-D001-H08-PW02
20260718_162525_stage_0_6a88ecee,inequality,298,298,constraint,INEQ-UPPER-D001-H08-PW02
20260718_162525_stage_0_6a88ecee,inequality,299,299,constraint,INEQ-LOWER-D001-H08-PW03
20260718_162525_stage_0_6a88ecee,inequality,300,300,constraint,INEQ-UPPER-D001-H08-PW03
20260718_162525_stage_0_6a88ecee,inequality,301,301,constraint,INEQ-LOWER-D001-H08-PW04
20260718_162525_stage_0_6a88ecee,inequality,302,302,constraint,INEQ-UPPER-D001-H08-PW04
20260718_162525_stage_0_6a88ecee,inequality,303,303,constraint,INEQ-LOWER-D001-H08-PW05
20260718_162525_stage_0_6a88ecee,inequality,304,304,constraint,INEQ-UPPER-D001-H08-PW05
20260718_162525_stage_0_6a88ecee,inequality,305,305,constraint,INEQ-LOWER-D001-H08-PP01
20260718_162525_stage_0_6a88ecee,inequality,306,306,constraint,INEQ-UPPER-D001-H08-PP01
20260718_162525_stage_0_6a88ecee,inequality,307,307,constraint,INEQ-LOWER-D001-H08-PP02
20260718_162525_stage_0_6a88ecee,inequality,308,308,constraint,INEQ-UPPER-D001-H08-PP02
20260718_162525_stage_0_6a88ecee,inequality,309,309,constraint,INEQ-LOWER-D001-H08-PP03
20260718_162525_stage_0_6a88ecee,inequality,310,310,constraint,INEQ-UPPER-D001-H08-PP03
20260718_162525_stage_0_6a88ecee,inequality,311,311,constraint,INEQ-LOWER-D001-H08-PP04
20260718_162525_stage_0_6a88ecee,inequality,312,312,constraint,INEQ-UPPER-D001-H08-PP04
20260718_162525_stage_0_6a88ecee,inequality,313,313,constraint,INEQ-LOWER-D001-H08-PP05
20260718_162525_stage_0_6a88ecee,inequality,314,314,constraint,INEQ-UPPER-D001-H08-PP05
20260718_162525_stage_0_6a88ecee,inequality,315,315,constraint,INEQ-LOWER-D001-H08-PH01
20260718_162525_stage_0_6a88ecee,inequality,316,316,constraint,INEQ-UPPER-D001-H08-PH01
20260718_162525_stage_0_6a88ecee,inequality,317,317,constraint,INEQ-LOWER-D001-H08-PH02
20260718_162525_stage_0_6a88ecee,inequality,318,318,constraint,INEQ-UPPER-D001-H08-PH02
20260718_162525_stage_0_6a88ecee,inequality,319,319,constraint,INEQ-LOWER-D001-H08-PH03
20260718_162525_stage_0_6a88ecee,inequality,320,320,constraint,INEQ-UPPER-D001-H08-PH03
20260718_162525_stage_0_6a88ecee,inequality,321,321,constraint,INEQ-LOWER-D001-H08-PH04
20260718_162525_stage_0_6a88ecee,inequality,322,322,constraint,INEQ-UPPER-D001-H08-PH04
20260718_162525_stage_0_6a88ecee,inequality,323,323,constraint,INEQ-LOWER-D001-H08-PF01
20260718_162525_stage_0_6a88ecee,inequality,324,324,constraint,INEQ-UPPER-D001-H08-PF01
20260718_162525_stage_0_6a88ecee,inequality,325,325,constraint,INEQ-LOWER-D001-H08-PF02
20260718_162525_stage_0_6a88ecee,inequality,326,326,constraint,INEQ-UPPER-D001-H08-PF02
20260718_162525_stage_0_6a88ecee,inequality,327,327,constraint,INEQ-LOWER-D001-H08-PF03
20260718_162525_stage_0_6a88ecee,inequality,328,328,constraint,INEQ-UPPER-D001-H08-PF03
20260718_162525_stage_0_6a88ecee,inequality,329,329,constraint,INEQ-LOWER-D001-H08-PF04
20260718_162525_stage_0_6a88ecee,inequality,330,330,constraint,INEQ-UPPER-D001-H08-PF04
20260718_162525_stage_0_6a88ecee,inequality,331,331,constraint,INEQ-LOWER-D001-H08-Pch01
20260718_162525_stage_0_6a88ecee,inequality,332,332,constraint,INEQ-UPPER-D001-H08-Pch01
20260718_162525_stage_0_6a88ecee,inequality,333,333,constraint,INEQ-LOWER-D001-H08-Pch02
20260718_162525_stage_0_6a88ecee,inequality,334,334,constraint,INEQ-UPPER-D001-H08-Pch02
20260718_162525_stage_0_6a88ecee,inequality,335,335,constraint,INEQ-LOWER-D001-H08-Pdis01
20260718_162525_stage_0_6a88ecee,inequality,336,336,constraint,INEQ-UPPER-D001-H08-Pdis01
20260718_162525_stage_0_6a88ecee,inequality,337,337,constraint,INEQ-LOWER-D001-H08-Pdis02
20260718_162525_stage_0_6a88ecee,inequality,338,338,constraint,INEQ-UPPER-D001-H08-Pdis02
20260718_162525_stage_0_6a88ecee,inequality,339,339,constraint,INEQ-LOWER-D001-H08-SOC01
20260718_162525_stage_0_6a88ecee,inequality,340,340,constraint,INEQ-UPPER-D001-H08-SOC01
20260718_162525_stage_0_6a88ecee,inequality,341,341,constraint,INEQ-LOWER-D001-H08-SOC02
20260718_162525_stage_0_6a88ecee,inequality,342,342,constraint,INEQ-UPPER-D001-H08-SOC02
20260718_162525_stage_0_6a88ecee,inequality,343,343,constraint,INEQ-LOWER-D001-H09-PW01
20260718_162525_stage_0_6a88ecee,inequality,344,344,constraint,INEQ-UPPER-D001-H09-PW01
20260718_162525_stage_0_6a88ecee,inequality,345,345,constraint,INEQ-LOWER-D001-H09-PW02
20260718_162525_stage_0_6a88ecee,inequality,346,346,constraint,INEQ-UPPER-D001-H09-PW02
20260718_162525_stage_0_6a88ecee,inequality,347,347,constraint,INEQ-LOWER-D001-H09-PW03
20260718_162525_stage_0_6a88ecee,inequality,348,348,constraint,INEQ-UPPER-D001-H09-PW03
20260718_162525_stage_0_6a88ecee,inequality,349,349,constraint,INEQ-LOWER-D001-H09-PW04
20260718_162525_stage_0_6a88ecee,inequality,350,350,constraint,INEQ-UPPER-D001-H09-PW04
20260718_162525_stage_0_6a88ecee,inequality,351,351,constraint,INEQ-LOWER-D001-H09-PW05
20260718_162525_stage_0_6a88ecee,inequality,352,352,constraint,INEQ-UPPER-D001-H09-PW05
20260718_162525_stage_0_6a88ecee,inequality,353,353,constraint,INEQ-LOWER-D001-H09-PP01
20260718_162525_stage_0_6a88ecee,inequality,354,354,constraint,INEQ-UPPER-D001-H09-PP01
20260718_162525_stage_0_6a88ecee,inequality,355,355,constraint,INEQ-LOWER-D001-H09-PP02
20260718_162525_stage_0_6a88ecee,inequality,356,356,constraint,INEQ-UPPER-D001-H09-PP02
20260718_162525_stage_0_6a88ecee,inequality,357,357,constraint,INEQ-LOWER-D001-H09-PP03
20260718_162525_stage_0_6a88ecee,inequality,358,358,constraint,INEQ-UPPER-D001-H09-PP03
20260718_162525_stage_0_6a88ecee,inequality,359,359,constraint,INEQ-LOWER-D001-H09-PP04
20260718_162525_stage_0_6a88ecee,inequality,360,360,constraint,INEQ-UPPER-D001-H09-PP04
20260718_162525_stage_0_6a88ecee,inequality,361,361,constraint,INEQ-LOWER-D001-H09-PP05
20260718_162525_stage_0_6a88ecee,inequality,362,362,constraint,INEQ-UPPER-D001-H09-PP05
20260718_162525_stage_0_6a88ecee,inequality,363,363,constraint,INEQ-LOWER-D001-H09-PH01
20260718_162525_stage_0_6a88ecee,inequality,364,364,constraint,INEQ-UPPER-D001-H09-PH01
20260718_162525_stage_0_6a88ecee,inequality,365,365,constraint,INEQ-LOWER-D001-H09-PH02
20260718_162525_stage_0_6a88ecee,inequality,366,366,constraint,INEQ-UPPER-D001-H09-PH02
20260718_162525_stage_0_6a88ecee,inequality,367,367,constraint,INEQ-LOWER-D001-H09-PH03
20260718_162525_stage_0_6a88ecee,inequality,368,368,constraint,INEQ-UPPER-D001-H09-PH03
20260718_162525_stage_0_6a88ecee,inequality,369,369,constraint,INEQ-LOWER-D001-H09-PH04
20260718_162525_stage_0_6a88ecee,inequality,370,370,constraint,INEQ-UPPER-D001-H09-PH04
20260718_162525_stage_0_6a88ecee,inequality,371,371,constraint,INEQ-LOWER-D001-H09-PF01
20260718_162525_stage_0_6a88ecee,inequality,372,372,constraint,INEQ-UPPER-D001-H09-PF01
20260718_162525_stage_0_6a88ecee,inequality,373,373,constraint,INEQ-LOWER-D001-H09-PF02
20260718_162525_stage_0_6a88ecee,inequality,374,374,constraint,INEQ-UPPER-D001-H09-PF02
20260718_162525_stage_0_6a88ecee,inequality,375,375,constraint,INEQ-LOWER-D001-H09-PF03
20260718_162525_stage_0_6a88ecee,inequality,376,376,constraint,INEQ-UPPER-D001-H09-PF03
20260718_162525_stage_0_6a88ecee,inequality,377,377,constraint,INEQ-LOWER-D001-H09-PF04
20260718_162525_stage_0_6a88ecee,inequality,378,378,constraint,INEQ-UPPER-D001-H09-PF04
20260718_162525_stage_0_6a88ecee,inequality,379,379,constraint,INEQ-LOWER-D001-H09-Pch01
20260718_162525_stage_0_6a88ecee,inequality,380,380,constraint,INEQ-UPPER-D001-H09-Pch01
20260718_162525_stage_0_6a88ecee,inequality,381,381,constraint,INEQ-LOWER-D001-H09-Pch02
20260718_162525_stage_0_6a88ecee,inequality,382,382,constraint,INEQ-UPPER-D001-H09-Pch02
20260718_162525_stage_0_6a88ecee,inequality,383,383,constraint,INEQ-LOWER-D001-H09-Pdis01
20260718_162525_stage_0_6a88ecee,inequality,384,384,constraint,INEQ-UPPER-D001-H09-Pdis01
20260718_162525_stage_0_6a88ecee,inequality,385,385,constraint,INEQ-LOWER-D001-H09-Pdis02
20260718_162525_stage_0_6a88ecee,inequality,386,386,constraint,INEQ-UPPER-D001-H09-Pdis02
20260718_162525_stage_0_6a88ecee,inequality,387,387,constraint,INEQ-LOWER-D001-H09-SOC01
20260718_162525_stage_0_6a88ecee,inequality,388,388,constraint,INEQ-UPPER-D001-H09-SOC01
20260718_162525_stage_0_6a88ecee,inequality,389,389,constraint,INEQ-LOWER-D001-H09-SOC02
20260718_162525_stage_0_6a88ecee,inequality,390,390,constraint,INEQ-UPPER-D001-H09-SOC02
20260718_162525_stage_0_6a88ecee,inequality,391,391,constraint,INEQ-LOWER-D001-H10-PW01
20260718_162525_stage_0_6a88ecee,inequality,392,392,constraint,INEQ-UPPER-D001-H10-PW01
20260718_162525_stage_0_6a88ecee,inequality,393,393,constraint,INEQ-LOWER-D001-H10-PW02
20260718_162525_stage_0_6a88ecee,inequality,394,394,constraint,INEQ-UPPER-D001-H10-PW02
20260718_162525_stage_0_6a88ecee,inequality,395,395,constraint,INEQ-LOWER-D001-H10-PW03
20260718_162525_stage_0_6a88ecee,inequality,396,396,constraint,INEQ-UPPER-D001-H10-PW03
20260718_162525_stage_0_6a88ecee,inequality,397,397,constraint,INEQ-LOWER-D001-H10-PW04
20260718_162525_stage_0_6a88ecee,inequality,398,398,constraint,INEQ-UPPER-D001-H10-PW04
20260718_162525_stage_0_6a88ecee,inequality,399,399,constraint,INEQ-LOWER-D001-H10-PW05
20260718_162525_stage_0_6a88ecee,inequality,400,400,constraint,INEQ-UPPER-D001-H10-PW05
20260718_162525_stage_0_6a88ecee,inequality,401,401,constraint,INEQ-LOWER-D001-H10-PP01
20260718_162525_stage_0_6a88ecee,inequality,402,402,constraint,INEQ-UPPER-D001-H10-PP01
20260718_162525_stage_0_6a88ecee,inequality,403,403,constraint,INEQ-LOWER-D001-H10-PP02
20260718_162525_stage_0_6a88ecee,inequality,404,404,constraint,INEQ-UPPER-D001-H10-PP02
20260718_162525_stage_0_6a88ecee,inequality,405,405,constraint,INEQ-LOWER-D001-H10-PP03
20260718_162525_stage_0_6a88ecee,inequality,406,406,constraint,INEQ-UPPER-D001-H10-PP03
20260718_162525_stage_0_6a88ecee,inequality,407,407,constraint,INEQ-LOWER-D001-H10-PP04
20260718_162525_stage_0_6a88ecee,inequality,408,408,constraint,INEQ-UPPER-D001-H10-PP04
20260718_162525_stage_0_6a88ecee,inequality,409,409,constraint,INEQ-LOWER-D001-H10-PP05
20260718_162525_stage_0_6a88ecee,inequality,410,410,constraint,INEQ-UPPER-D001-H10-PP05
20260718_162525_stage_0_6a88ecee,inequality,411,411,constraint,INEQ-LOWER-D001-H10-PH01
20260718_162525_stage_0_6a88ecee,inequality,412,412,constraint,INEQ-UPPER-D001-H10-PH01
20260718_162525_stage_0_6a88ecee,inequality,413,413,constraint,INEQ-LOWER-D001-H10-PH02
20260718_162525_stage_0_6a88ecee,inequality,414,414,constraint,INEQ-UPPER-D001-H10-PH02
20260718_162525_stage_0_6a88ecee,inequality,415,415,constraint,INEQ-LOWER-D001-H10-PH03
20260718_162525_stage_0_6a88ecee,inequality,416,416,constraint,INEQ-UPPER-D001-H10-PH03
20260718_162525_stage_0_6a88ecee,inequality,417,417,constraint,INEQ-LOWER-D001-H10-PH04
20260718_162525_stage_0_6a88ecee,inequality,418,418,constraint,INEQ-UPPER-D001-H10-PH04
20260718_162525_stage_0_6a88ecee,inequality,419,419,constraint,INEQ-LOWER-D001-H10-PF01
20260718_162525_stage_0_6a88ecee,inequality,420,420,constraint,INEQ-UPPER-D001-H10-PF01
20260718_162525_stage_0_6a88ecee,inequality,421,421,constraint,INEQ-LOWER-D001-H10-PF02
20260718_162525_stage_0_6a88ecee,inequality,422,422,constraint,INEQ-UPPER-D001-H10-PF02
20260718_162525_stage_0_6a88ecee,inequality,423,423,constraint,INEQ-LOWER-D001-H10-PF03
20260718_162525_stage_0_6a88ecee,inequality,424,424,constraint,INEQ-UPPER-D001-H10-PF03
20260718_162525_stage_0_6a88ecee,inequality,425,425,constraint,INEQ-LOWER-D001-H10-PF04
20260718_162525_stage_0_6a88ecee,inequality,426,426,constraint,INEQ-UPPER-D001-H10-PF04
20260718_162525_stage_0_6a88ecee,inequality,427,427,constraint,INEQ-LOWER-D001-H10-Pch01
20260718_162525_stage_0_6a88ecee,inequality,428,428,constraint,INEQ-UPPER-D001-H10-Pch01
20260718_162525_stage_0_6a88ecee,inequality,429,429,constraint,INEQ-LOWER-D001-H10-Pch02
20260718_162525_stage_0_6a88ecee,inequality,430,430,constraint,INEQ-UPPER-D001-H10-Pch02
20260718_162525_stage_0_6a88ecee,inequality,431,431,constraint,INEQ-LOWER-D001-H10-Pdis01
20260718_162525_stage_0_6a88ecee,inequality,432,432,constraint,INEQ-UPPER-D001-H10-Pdis01
20260718_162525_stage_0_6a88ecee,inequality,433,433,constraint,INEQ-LOWER-D001-H10-Pdis02
20260718_162525_stage_0_6a88ecee,inequality,434,434,constraint,INEQ-UPPER-D001-H10-Pdis02
20260718_162525_stage_0_6a88ecee,inequality,435,435,constraint,INEQ-LOWER-D001-H10-SOC01
20260718_162525_stage_0_6a88ecee,inequality,436,436,constraint,INEQ-UPPER-D001-H10-SOC01
20260718_162525_stage_0_6a88ecee,inequality,437,437,constraint,INEQ-LOWER-D001-H10-SOC02
20260718_162525_stage_0_6a88ecee,inequality,438,438,constraint,INEQ-UPPER-D001-H10-SOC02
20260718_162525_stage_0_6a88ecee,inequality,439,439,constraint,INEQ-LOWER-D001-H11-PW01
20260718_162525_stage_0_6a88ecee,inequality,440,440,constraint,INEQ-UPPER-D001-H11-PW01
20260718_162525_stage_0_6a88ecee,inequality,441,441,constraint,INEQ-LOWER-D001-H11-PW02
20260718_162525_stage_0_6a88ecee,inequality,442,442,constraint,INEQ-UPPER-D001-H11-PW02
20260718_162525_stage_0_6a88ecee,inequality,443,443,constraint,INEQ-LOWER-D001-H11-PW03
20260718_162525_stage_0_6a88ecee,inequality,444,444,constraint,INEQ-UPPER-D001-H11-PW03
20260718_162525_stage_0_6a88ecee,inequality,445,445,constraint,INEQ-LOWER-D001-H11-PW04
20260718_162525_stage_0_6a88ecee,inequality,446,446,constraint,INEQ-UPPER-D001-H11-PW04
20260718_162525_stage_0_6a88ecee,inequality,447,447,constraint,INEQ-LOWER-D001-H11-PW05
20260718_162525_stage_0_6a88ecee,inequality,448,448,constraint,INEQ-UPPER-D001-H11-PW05
20260718_162525_stage_0_6a88ecee,inequality,449,449,constraint,INEQ-LOWER-D001-H11-PP01
20260718_162525_stage_0_6a88ecee,inequality,450,450,constraint,INEQ-UPPER-D001-H11-PP01
20260718_162525_stage_0_6a88ecee,inequality,451,451,constraint,INEQ-LOWER-D001-H11-PP02
20260718_162525_stage_0_6a88ecee,inequality,452,452,constraint,INEQ-UPPER-D001-H11-PP02
20260718_162525_stage_0_6a88ecee,inequality,453,453,constraint,INEQ-LOWER-D001-H11-PP03
20260718_162525_stage_0_6a88ecee,inequality,454,454,constraint,INEQ-UPPER-D001-H11-PP03
20260718_162525_stage_0_6a88ecee,inequality,455,455,constraint,INEQ-LOWER-D001-H11-PP04
20260718_162525_stage_0_6a88ecee,inequality,456,456,constraint,INEQ-UPPER-D001-H11-PP04
20260718_162525_stage_0_6a88ecee,inequality,457,457,constraint,INEQ-LOWER-D001-H11-PP05
20260718_162525_stage_0_6a88ecee,inequality,458,458,constraint,INEQ-UPPER-D001-H11-PP05
20260718_162525_stage_0_6a88ecee,inequality,459,459,constraint,INEQ-LOWER-D001-H11-PH01
20260718_162525_stage_0_6a88ecee,inequality,460,460,constraint,INEQ-UPPER-D001-H11-PH01
20260718_162525_stage_0_6a88ecee,inequality,461,461,constraint,INEQ-LOWER-D001-H11-PH02
20260718_162525_stage_0_6a88ecee,inequality,462,462,constraint,INEQ-UPPER-D001-H11-PH02
20260718_162525_stage_0_6a88ecee,inequality,463,463,constraint,INEQ-LOWER-D001-H11-PH03
20260718_162525_stage_0_6a88ecee,inequality,464,464,constraint,INEQ-UPPER-D001-H11-PH03
20260718_162525_stage_0_6a88ecee,inequality,465,465,constraint,INEQ-LOWER-D001-H11-PH04
20260718_162525_stage_0_6a88ecee,inequality,466,466,constraint,INEQ-UPPER-D001-H11-PH04
20260718_162525_stage_0_6a88ecee,inequality,467,467,constraint,INEQ-LOWER-D001-H11-PF01
20260718_162525_stage_0_6a88ecee,inequality,468,468,constraint,INEQ-UPPER-D001-H11-PF01
20260718_162525_stage_0_6a88ecee,inequality,469,469,constraint,INEQ-LOWER-D001-H11-PF02
20260718_162525_stage_0_6a88ecee,inequality,470,470,constraint,INEQ-UPPER-D001-H11-PF02
20260718_162525_stage_0_6a88ecee,inequality,471,471,constraint,INEQ-LOWER-D001-H11-PF03
20260718_162525_stage_0_6a88ecee,inequality,472,472,constraint,INEQ-UPPER-D001-H11-PF03
20260718_162525_stage_0_6a88ecee,inequality,473,473,constraint,INEQ-LOWER-D001-H11-PF04
20260718_162525_stage_0_6a88ecee,inequality,474,474,constraint,INEQ-UPPER-D001-H11-PF04
20260718_162525_stage_0_6a88ecee,inequality,475,475,constraint,INEQ-LOWER-D001-H11-Pch01
20260718_162525_stage_0_6a88ecee,inequality,476,476,constraint,INEQ-UPPER-D001-H11-Pch01
20260718_162525_stage_0_6a88ecee,inequality,477,477,constraint,INEQ-LOWER-D001-H11-Pch02
20260718_162525_stage_0_6a88ecee,inequality,478,478,constraint,INEQ-UPPER-D001-H11-Pch02
20260718_162525_stage_0_6a88ecee,inequality,479,479,constraint,INEQ-LOWER-D001-H11-Pdis01
20260718_162525_stage_0_6a88ecee,inequality,480,480,constraint,INEQ-UPPER-D001-H11-Pdis01
20260718_162525_stage_0_6a88ecee,inequality,481,481,constraint,INEQ-LOWER-D001-H11-Pdis02
20260718_162525_stage_0_6a88ecee,inequality,482,482,constraint,INEQ-UPPER-D001-H11-Pdis02
20260718_162525_stage_0_6a88ecee,inequality,483,483,constraint,INEQ-LOWER-D001-H11-SOC01
20260718_162525_stage_0_6a88ecee,inequality,484,484,constraint,INEQ-UPPER-D001-H11-SOC01
20260718_162525_stage_0_6a88ecee,inequality,485,485,constraint,INEQ-LOWER-D001-H11-SOC02
20260718_162525_stage_0_6a88ecee,inequality,486,486,constraint,INEQ-UPPER-D001-H11-SOC02
20260718_162525_stage_0_6a88ecee,inequality,487,487,constraint,INEQ-LOWER-D001-H12-PW01
20260718_162525_stage_0_6a88ecee,inequality,488,488,constraint,INEQ-UPPER-D001-H12-PW01
20260718_162525_stage_0_6a88ecee,inequality,489,489,constraint,INEQ-LOWER-D001-H12-PW02
20260718_162525_stage_0_6a88ecee,inequality,490,490,constraint,INEQ-UPPER-D001-H12-PW02
20260718_162525_stage_0_6a88ecee,inequality,491,491,constraint,INEQ-LOWER-D001-H12-PW03
20260718_162525_stage_0_6a88ecee,inequality,492,492,constraint,INEQ-UPPER-D001-H12-PW03
20260718_162525_stage_0_6a88ecee,inequality,493,493,constraint,INEQ-LOWER-D001-H12-PW04
20260718_162525_stage_0_6a88ecee,inequality,494,494,constraint,INEQ-UPPER-D001-H12-PW04
20260718_162525_stage_0_6a88ecee,inequality,495,495,constraint,INEQ-LOWER-D001-H12-PW05
20260718_162525_stage_0_6a88ecee,inequality,496,496,constraint,INEQ-UPPER-D001-H12-PW05
20260718_162525_stage_0_6a88ecee,inequality,497,497,constraint,INEQ-LOWER-D001-H12-PP01
20260718_162525_stage_0_6a88ecee,inequality,498,498,constraint,INEQ-UPPER-D001-H12-PP01
20260718_162525_stage_0_6a88ecee,inequality,499,499,constraint,INEQ-LOWER-D001-H12-PP02
20260718_162525_stage_0_6a88ecee,inequality,500,500,constraint,INEQ-UPPER-D001-H12-PP02
20260718_162525_stage_0_6a88ecee,inequality,501,501,constraint,INEQ-LOWER-D001-H12-PP03
20260718_162525_stage_0_6a88ecee,inequality,502,502,constraint,INEQ-UPPER-D001-H12-PP03
20260718_162525_stage_0_6a88ecee,inequality,503,503,constraint,INEQ-LOWER-D001-H12-PP04
20260718_162525_stage_0_6a88ecee,inequality,504,504,constraint,INEQ-UPPER-D001-H12-PP04
20260718_162525_stage_0_6a88ecee,inequality,505,505,constraint,INEQ-LOWER-D001-H12-PP05
20260718_162525_stage_0_6a88ecee,inequality,506,506,constraint,INEQ-UPPER-D001-H12-PP05
20260718_162525_stage_0_6a88ecee,inequality,507,507,constraint,INEQ-LOWER-D001-H12-PH01
20260718_162525_stage_0_6a88ecee,inequality,508,508,constraint,INEQ-UPPER-D001-H12-PH01
20260718_162525_stage_0_6a88ecee,inequality,509,509,constraint,INEQ-LOWER-D001-H12-PH02
20260718_162525_stage_0_6a88ecee,inequality,510,510,constraint,INEQ-UPPER-D001-H12-PH02
20260718_162525_stage_0_6a88ecee,inequality,511,511,constraint,INEQ-LOWER-D001-H12-PH03
20260718_162525_stage_0_6a88ecee,inequality,512,512,constraint,INEQ-UPPER-D001-H12-PH03
20260718_162525_stage_0_6a88ecee,inequality,513,513,constraint,INEQ-LOWER-D001-H12-PH04
20260718_162525_stage_0_6a88ecee,inequality,514,514,constraint,INEQ-UPPER-D001-H12-PH04
20260718_162525_stage_0_6a88ecee,inequality,515,515,constraint,INEQ-LOWER-D001-H12-PF01
20260718_162525_stage_0_6a88ecee,inequality,516,516,constraint,INEQ-UPPER-D001-H12-PF01
20260718_162525_stage_0_6a88ecee,inequality,517,517,constraint,INEQ-LOWER-D001-H12-PF02
20260718_162525_stage_0_6a88ecee,inequality,518,518,constraint,INEQ-UPPER-D001-H12-PF02
20260718_162525_stage_0_6a88ecee,inequality,519,519,constraint,INEQ-LOWER-D001-H12-PF03
20260718_162525_stage_0_6a88ecee,inequality,520,520,constraint,INEQ-UPPER-D001-H12-PF03
20260718_162525_stage_0_6a88ecee,inequality,521,521,constraint,INEQ-LOWER-D001-H12-PF04
20260718_162525_stage_0_6a88ecee,inequality,522,522,constraint,INEQ-UPPER-D001-H12-PF04
20260718_162525_stage_0_6a88ecee,inequality,523,523,constraint,INEQ-LOWER-D001-H12-Pch01
20260718_162525_stage_0_6a88ecee,inequality,524,524,constraint,INEQ-UPPER-D001-H12-Pch01
20260718_162525_stage_0_6a88ecee,inequality,525,525,constraint,INEQ-LOWER-D001-H12-Pch02
20260718_162525_stage_0_6a88ecee,inequality,526,526,constraint,INEQ-UPPER-D001-H12-Pch02
20260718_162525_stage_0_6a88ecee,inequality,527,527,constraint,INEQ-LOWER-D001-H12-Pdis01
20260718_162525_stage_0_6a88ecee,inequality,528,528,constraint,INEQ-UPPER-D001-H12-Pdis01
20260718_162525_stage_0_6a88ecee,inequality,529,529,constraint,INEQ-LOWER-D001-H12-Pdis02
20260718_162525_stage_0_6a88ecee,inequality,530,530,constraint,INEQ-UPPER-D001-H12-Pdis02
20260718_162525_stage_0_6a88ecee,inequality,531,531,constraint,INEQ-LOWER-D001-H12-SOC01
20260718_162525_stage_0_6a88ecee,inequality,532,532,constraint,INEQ-UPPER-D001-H12-SOC01
20260718_162525_stage_0_6a88ecee,inequality,533,533,constraint,INEQ-LOWER-D001-H12-SOC02
20260718_162525_stage_0_6a88ecee,inequality,534,534,constraint,INEQ-UPPER-D001-H12-SOC02
20260718_162525_stage_0_6a88ecee,inequality,535,535,constraint,INEQ-LOWER-D001-H13-PW01
20260718_162525_stage_0_6a88ecee,inequality,536,536,constraint,INEQ-UPPER-D001-H13-PW01
20260718_162525_stage_0_6a88ecee,inequality,537,537,constraint,INEQ-LOWER-D001-H13-PW02
20260718_162525_stage_0_6a88ecee,inequality,538,538,constraint,INEQ-UPPER-D001-H13-PW02
20260718_162525_stage_0_6a88ecee,inequality,539,539,constraint,INEQ-LOWER-D001-H13-PW03
20260718_162525_stage_0_6a88ecee,inequality,540,540,constraint,INEQ-UPPER-D001-H13-PW03
20260718_162525_stage_0_6a88ecee,inequality,541,541,constraint,INEQ-LOWER-D001-H13-PW04
20260718_162525_stage_0_6a88ecee,inequality,542,542,constraint,INEQ-UPPER-D001-H13-PW04
20260718_162525_stage_0_6a88ecee,inequality,543,543,constraint,INEQ-LOWER-D001-H13-PW05
20260718_162525_stage_0_6a88ecee,inequality,544,544,constraint,INEQ-UPPER-D001-H13-PW05
20260718_162525_stage_0_6a88ecee,inequality,545,545,constraint,INEQ-LOWER-D001-H13-PP01
20260718_162525_stage_0_6a88ecee,inequality,546,546,constraint,INEQ-UPPER-D001-H13-PP01
20260718_162525_stage_0_6a88ecee,inequality,547,547,constraint,INEQ-LOWER-D001-H13-PP02
20260718_162525_stage_0_6a88ecee,inequality,548,548,constraint,INEQ-UPPER-D001-H13-PP02
20260718_162525_stage_0_6a88ecee,inequality,549,549,constraint,INEQ-LOWER-D001-H13-PP03
20260718_162525_stage_0_6a88ecee,inequality,550,550,constraint,INEQ-UPPER-D001-H13-PP03
20260718_162525_stage_0_6a88ecee,inequality,551,551,constraint,INEQ-LOWER-D001-H13-PP04
20260718_162525_stage_0_6a88ecee,inequality,552,552,constraint,INEQ-UPPER-D001-H13-PP04
20260718_162525_stage_0_6a88ecee,inequality,553,553,constraint,INEQ-LOWER-D001-H13-PP05
20260718_162525_stage_0_6a88ecee,inequality,554,554,constraint,INEQ-UPPER-D001-H13-PP05
20260718_162525_stage_0_6a88ecee,inequality,555,555,constraint,INEQ-LOWER-D001-H13-PH01
20260718_162525_stage_0_6a88ecee,inequality,556,556,constraint,INEQ-UPPER-D001-H13-PH01
20260718_162525_stage_0_6a88ecee,inequality,557,557,constraint,INEQ-LOWER-D001-H13-PH02
20260718_162525_stage_0_6a88ecee,inequality,558,558,constraint,INEQ-UPPER-D001-H13-PH02
20260718_162525_stage_0_6a88ecee,inequality,559,559,constraint,INEQ-LOWER-D001-H13-PH03
20260718_162525_stage_0_6a88ecee,inequality,560,560,constraint,INEQ-UPPER-D001-H13-PH03
20260718_162525_stage_0_6a88ecee,inequality,561,561,constraint,INEQ-LOWER-D001-H13-PH04
20260718_162525_stage_0_6a88ecee,inequality,562,562,constraint,INEQ-UPPER-D001-H13-PH04
20260718_162525_stage_0_6a88ecee,inequality,563,563,constraint,INEQ-LOWER-D001-H13-PF01
20260718_162525_stage_0_6a88ecee,inequality,564,564,constraint,INEQ-UPPER-D001-H13-PF01
20260718_162525_stage_0_6a88ecee,inequality,565,565,constraint,INEQ-LOWER-D001-H13-PF02
20260718_162525_stage_0_6a88ecee,inequality,566,566,constraint,INEQ-UPPER-D001-H13-PF02
20260718_162525_stage_0_6a88ecee,inequality,567,567,constraint,INEQ-LOWER-D001-H13-PF03
20260718_162525_stage_0_6a88ecee,inequality,568,568,constraint,INEQ-UPPER-D001-H13-PF03
20260718_162525_stage_0_6a88ecee,inequality,569,569,constraint,INEQ-LOWER-D001-H13-PF04
20260718_162525_stage_0_6a88ecee,inequality,570,570,constraint,INEQ-UPPER-D001-H13-PF04
20260718_162525_stage_0_6a88ecee,inequality,571,571,constraint,INEQ-LOWER-D001-H13-Pch01
20260718_162525_stage_0_6a88ecee,inequality,572,572,constraint,INEQ-UPPER-D001-H13-Pch01
20260718_162525_stage_0_6a88ecee,inequality,573,573,constraint,INEQ-LOWER-D001-H13-Pch02
20260718_162525_stage_0_6a88ecee,inequality,574,574,constraint,INEQ-UPPER-D001-H13-Pch02
20260718_162525_stage_0_6a88ecee,inequality,575,575,constraint,INEQ-LOWER-D001-H13-Pdis01
20260718_162525_stage_0_6a88ecee,inequality,576,576,constraint,INEQ-UPPER-D001-H13-Pdis01
20260718_162525_stage_0_6a88ecee,inequality,577,577,constraint,INEQ-LOWER-D001-H13-Pdis02
20260718_162525_stage_0_6a88ecee,inequality,578,578,constraint,INEQ-UPPER-D001-H13-Pdis02
20260718_162525_stage_0_6a88ecee,inequality,579,579,constraint,INEQ-LOWER-D001-H13-SOC01
20260718_162525_stage_0_6a88ecee,inequality,580,580,constraint,INEQ-UPPER-D001-H13-SOC01
20260718_162525_stage_0_6a88ecee,inequality,581,581,constraint,INEQ-LOWER-D001-H13-SOC02
20260718_162525_stage_0_6a88ecee,inequality,582,582,constraint,INEQ-UPPER-D001-H13-SOC02
20260718_162525_stage_0_6a88ecee,inequality,583,583,constraint,INEQ-LOWER-D001-H14-PW01
20260718_162525_stage_0_6a88ecee,inequality,584,584,constraint,INEQ-UPPER-D001-H14-PW01
20260718_162525_stage_0_6a88ecee,inequality,585,585,constraint,INEQ-LOWER-D001-H14-PW02
20260718_162525_stage_0_6a88ecee,inequality,586,586,constraint,INEQ-UPPER-D001-H14-PW02
20260718_162525_stage_0_6a88ecee,inequality,587,587,constraint,INEQ-LOWER-D001-H14-PW03
20260718_162525_stage_0_6a88ecee,inequality,588,588,constraint,INEQ-UPPER-D001-H14-PW03
20260718_162525_stage_0_6a88ecee,inequality,589,589,constraint,INEQ-LOWER-D001-H14-PW04
20260718_162525_stage_0_6a88ecee,inequality,590,590,constraint,INEQ-UPPER-D001-H14-PW04
20260718_162525_stage_0_6a88ecee,inequality,591,591,constraint,INEQ-LOWER-D001-H14-PW05
20260718_162525_stage_0_6a88ecee,inequality,592,592,constraint,INEQ-UPPER-D001-H14-PW05
20260718_162525_stage_0_6a88ecee,inequality,593,593,constraint,INEQ-LOWER-D001-H14-PP01
20260718_162525_stage_0_6a88ecee,inequality,594,594,constraint,INEQ-UPPER-D001-H14-PP01
20260718_162525_stage_0_6a88ecee,inequality,595,595,constraint,INEQ-LOWER-D001-H14-PP02
20260718_162525_stage_0_6a88ecee,inequality,596,596,constraint,INEQ-UPPER-D001-H14-PP02
20260718_162525_stage_0_6a88ecee,inequality,597,597,constraint,INEQ-LOWER-D001-H14-PP03
20260718_162525_stage_0_6a88ecee,inequality,598,598,constraint,INEQ-UPPER-D001-H14-PP03
20260718_162525_stage_0_6a88ecee,inequality,599,599,constraint,INEQ-LOWER-D001-H14-PP04
20260718_162525_stage_0_6a88ecee,inequality,600,600,constraint,INEQ-UPPER-D001-H14-PP04
20260718_162525_stage_0_6a88ecee,inequality,601,601,constraint,INEQ-LOWER-D001-H14-PP05
20260718_162525_stage_0_6a88ecee,inequality,602,602,constraint,INEQ-UPPER-D001-H14-PP05
20260718_162525_stage_0_6a88ecee,inequality,603,603,constraint,INEQ-LOWER-D001-H14-PH01
20260718_162525_stage_0_6a88ecee,inequality,604,604,constraint,INEQ-UPPER-D001-H14-PH01
20260718_162525_stage_0_6a88ecee,inequality,605,605,constraint,INEQ-LOWER-D001-H14-PH02
20260718_162525_stage_0_6a88ecee,inequality,606,606,constraint,INEQ-UPPER-D001-H14-PH02
20260718_162525_stage_0_6a88ecee,inequality,607,607,constraint,INEQ-LOWER-D001-H14-PH03
20260718_162525_stage_0_6a88ecee,inequality,608,608,constraint,INEQ-UPPER-D001-H14-PH03
20260718_162525_stage_0_6a88ecee,inequality,609,609,constraint,INEQ-LOWER-D001-H14-PH04
20260718_162525_stage_0_6a88ecee,inequality,610,610,constraint,INEQ-UPPER-D001-H14-PH04
20260718_162525_stage_0_6a88ecee,inequality,611,611,constraint,INEQ-LOWER-D001-H14-PF01
20260718_162525_stage_0_6a88ecee,inequality,612,612,constraint,INEQ-UPPER-D001-H14-PF01
20260718_162525_stage_0_6a88ecee,inequality,613,613,constraint,INEQ-LOWER-D001-H14-PF02
20260718_162525_stage_0_6a88ecee,inequality,614,614,constraint,INEQ-UPPER-D001-H14-PF02
20260718_162525_stage_0_6a88ecee,inequality,615,615,constraint,INEQ-LOWER-D001-H14-PF03
20260718_162525_stage_0_6a88ecee,inequality,616,616,constraint,INEQ-UPPER-D001-H14-PF03
20260718_162525_stage_0_6a88ecee,inequality,617,617,constraint,INEQ-LOWER-D001-H14-PF04
20260718_162525_stage_0_6a88ecee,inequality,618,618,constraint,INEQ-UPPER-D001-H14-PF04
20260718_162525_stage_0_6a88ecee,inequality,619,619,constraint,INEQ-LOWER-D001-H14-Pch01
20260718_162525_stage_0_6a88ecee,inequality,620,620,constraint,INEQ-UPPER-D001-H14-Pch01
20260718_162525_stage_0_6a88ecee,inequality,621,621,constraint,INEQ-LOWER-D001-H14-Pch02
20260718_162525_stage_0_6a88ecee,inequality,622,622,constraint,INEQ-UPPER-D001-H14-Pch02
20260718_162525_stage_0_6a88ecee,inequality,623,623,constraint,INEQ-LOWER-D001-H14-Pdis01
20260718_162525_stage_0_6a88ecee,inequality,624,624,constraint,INEQ-UPPER-D001-H14-Pdis01
20260718_162525_stage_0_6a88ecee,inequality,625,625,constraint,INEQ-LOWER-D001-H14-Pdis02
20260718_162525_stage_0_6a88ecee,inequality,626,626,constraint,INEQ-UPPER-D001-H14-Pdis02
20260718_162525_stage_0_6a88ecee,inequality,627,627,constraint,INEQ-LOWER-D001-H14-SOC01
20260718_162525_stage_0_6a88ecee,inequality,628,628,constraint,INEQ-UPPER-D001-H14-SOC01
20260718_162525_stage_0_6a88ecee,inequality,629,629,constraint,INEQ-LOWER-D001-H14-SOC02
20260718_162525_stage_0_6a88ecee,inequality,630,630,constraint,INEQ-UPPER-D001-H14-SOC02
20260718_162525_stage_0_6a88ecee,inequality,631,631,constraint,INEQ-LOWER-D001-H15-PW01
20260718_162525_stage_0_6a88ecee,inequality,632,632,constraint,INEQ-UPPER-D001-H15-PW01
20260718_162525_stage_0_6a88ecee,inequality,633,633,constraint,INEQ-LOWER-D001-H15-PW02
20260718_162525_stage_0_6a88ecee,inequality,634,634,constraint,INEQ-UPPER-D001-H15-PW02
20260718_162525_stage_0_6a88ecee,inequality,635,635,constraint,INEQ-LOWER-D001-H15-PW03
20260718_162525_stage_0_6a88ecee,inequality,636,636,constraint,INEQ-UPPER-D001-H15-PW03
20260718_162525_stage_0_6a88ecee,inequality,637,637,constraint,INEQ-LOWER-D001-H15-PW04
20260718_162525_stage_0_6a88ecee,inequality,638,638,constraint,INEQ-UPPER-D001-H15-PW04
20260718_162525_stage_0_6a88ecee,inequality,639,639,constraint,INEQ-LOWER-D001-H15-PW05
20260718_162525_stage_0_6a88ecee,inequality,640,640,constraint,INEQ-UPPER-D001-H15-PW05
20260718_162525_stage_0_6a88ecee,inequality,641,641,constraint,INEQ-LOWER-D001-H15-PP01
20260718_162525_stage_0_6a88ecee,inequality,642,642,constraint,INEQ-UPPER-D001-H15-PP01
20260718_162525_stage_0_6a88ecee,inequality,643,643,constraint,INEQ-LOWER-D001-H15-PP02
20260718_162525_stage_0_6a88ecee,inequality,644,644,constraint,INEQ-UPPER-D001-H15-PP02
20260718_162525_stage_0_6a88ecee,inequality,645,645,constraint,INEQ-LOWER-D001-H15-PP03
20260718_162525_stage_0_6a88ecee,inequality,646,646,constraint,INEQ-UPPER-D001-H15-PP03
20260718_162525_stage_0_6a88ecee,inequality,647,647,constraint,INEQ-LOWER-D001-H15-PP04
20260718_162525_stage_0_6a88ecee,inequality,648,648,constraint,INEQ-UPPER-D001-H15-PP04
20260718_162525_stage_0_6a88ecee,inequality,649,649,constraint,INEQ-LOWER-D001-H15-PP05
20260718_162525_stage_0_6a88ecee,inequality,650,650,constraint,INEQ-UPPER-D001-H15-PP05
20260718_162525_stage_0_6a88ecee,inequality,651,651,constraint,INEQ-LOWER-D001-H15-PH01
20260718_162525_stage_0_6a88ecee,inequality,652,652,constraint,INEQ-UPPER-D001-H15-PH01
20260718_162525_stage_0_6a88ecee,inequality,653,653,constraint,INEQ-LOWER-D001-H15-PH02
20260718_162525_stage_0_6a88ecee,inequality,654,654,constraint,INEQ-UPPER-D001-H15-PH02
20260718_162525_stage_0_6a88ecee,inequality,655,655,constraint,INEQ-LOWER-D001-H15-PH03
20260718_162525_stage_0_6a88ecee,inequality,656,656,constraint,INEQ-UPPER-D001-H15-PH03
20260718_162525_stage_0_6a88ecee,inequality,657,657,constraint,INEQ-LOWER-D001-H15-PH04
20260718_162525_stage_0_6a88ecee,inequality,658,658,constraint,INEQ-UPPER-D001-H15-PH04
20260718_162525_stage_0_6a88ecee,inequality,659,659,constraint,INEQ-LOWER-D001-H15-PF01
20260718_162525_stage_0_6a88ecee,inequality,660,660,constraint,INEQ-UPPER-D001-H15-PF01
20260718_162525_stage_0_6a88ecee,inequality,661,661,constraint,INEQ-LOWER-D001-H15-PF02
20260718_162525_stage_0_6a88ecee,inequality,662,662,constraint,INEQ-UPPER-D001-H15-PF02
20260718_162525_stage_0_6a88ecee,inequality,663,663,constraint,INEQ-LOWER-D001-H15-PF03
20260718_162525_stage_0_6a88ecee,inequality,664,664,constraint,INEQ-UPPER-D001-H15-PF03
20260718_162525_stage_0_6a88ecee,inequality,665,665,constraint,INEQ-LOWER-D001-H15-PF04
20260718_162525_stage_0_6a88ecee,inequality,666,666,constraint,INEQ-UPPER-D001-H15-PF04
20260718_162525_stage_0_6a88ecee,inequality,667,667,constraint,INEQ-LOWER-D001-H15-Pch01
20260718_162525_stage_0_6a88ecee,inequality,668,668,constraint,INEQ-UPPER-D001-H15-Pch01
20260718_162525_stage_0_6a88ecee,inequality,669,669,constraint,INEQ-LOWER-D001-H15-Pch02
20260718_162525_stage_0_6a88ecee,inequality,670,670,constraint,INEQ-UPPER-D001-H15-Pch02
20260718_162525_stage_0_6a88ecee,inequality,671,671,constraint,INEQ-LOWER-D001-H15-Pdis01
20260718_162525_stage_0_6a88ecee,inequality,672,672,constraint,INEQ-UPPER-D001-H15-Pdis01
20260718_162525_stage_0_6a88ecee,inequality,673,673,constraint,INEQ-LOWER-D001-H15-Pdis02
20260718_162525_stage_0_6a88ecee,inequality,674,674,constraint,INEQ-UPPER-D001-H15-Pdis02
20260718_162525_stage_0_6a88ecee,inequality,675,675,constraint,INEQ-LOWER-D001-H15-SOC01
20260718_162525_stage_0_6a88ecee,inequality,676,676,constraint,INEQ-UPPER-D001-H15-SOC01
20260718_162525_stage_0_6a88ecee,inequality,677,677,constraint,INEQ-LOWER-D001-H15-SOC02
20260718_162525_stage_0_6a88ecee,inequality,678,678,constraint,INEQ-UPPER-D001-H15-SOC02
20260718_162525_stage_0_6a88ecee,inequality,679,679,constraint,INEQ-LOWER-D001-H16-PW01
20260718_162525_stage_0_6a88ecee,inequality,680,680,constraint,INEQ-UPPER-D001-H16-PW01
20260718_162525_stage_0_6a88ecee,inequality,681,681,constraint,INEQ-LOWER-D001-H16-PW02
20260718_162525_stage_0_6a88ecee,inequality,682,682,constraint,INEQ-UPPER-D001-H16-PW02
20260718_162525_stage_0_6a88ecee,inequality,683,683,constraint,INEQ-LOWER-D001-H16-PW03
20260718_162525_stage_0_6a88ecee,inequality,684,684,constraint,INEQ-UPPER-D001-H16-PW03
20260718_162525_stage_0_6a88ecee,inequality,685,685,constraint,INEQ-LOWER-D001-H16-PW04
20260718_162525_stage_0_6a88ecee,inequality,686,686,constraint,INEQ-UPPER-D001-H16-PW04
20260718_162525_stage_0_6a88ecee,inequality,687,687,constraint,INEQ-LOWER-D001-H16-PW05
20260718_162525_stage_0_6a88ecee,inequality,688,688,constraint,INEQ-UPPER-D001-H16-PW05
20260718_162525_stage_0_6a88ecee,inequality,689,689,constraint,INEQ-LOWER-D001-H16-PP01
20260718_162525_stage_0_6a88ecee,inequality,690,690,constraint,INEQ-UPPER-D001-H16-PP01
20260718_162525_stage_0_6a88ecee,inequality,691,691,constraint,INEQ-LOWER-D001-H16-PP02
20260718_162525_stage_0_6a88ecee,inequality,692,692,constraint,INEQ-UPPER-D001-H16-PP02
20260718_162525_stage_0_6a88ecee,inequality,693,693,constraint,INEQ-LOWER-D001-H16-PP03
20260718_162525_stage_0_6a88ecee,inequality,694,694,constraint,INEQ-UPPER-D001-H16-PP03
20260718_162525_stage_0_6a88ecee,inequality,695,695,constraint,INEQ-LOWER-D001-H16-PP04
20260718_162525_stage_0_6a88ecee,inequality,696,696,constraint,INEQ-UPPER-D001-H16-PP04
20260718_162525_stage_0_6a88ecee,inequality,697,697,constraint,INEQ-LOWER-D001-H16-PP05
20260718_162525_stage_0_6a88ecee,inequality,698,698,constraint,INEQ-UPPER-D001-H16-PP05
20260718_162525_stage_0_6a88ecee,inequality,699,699,constraint,INEQ-LOWER-D001-H16-PH01
20260718_162525_stage_0_6a88ecee,inequality,700,700,constraint,INEQ-UPPER-D001-H16-PH01
20260718_162525_stage_0_6a88ecee,inequality,701,701,constraint,INEQ-LOWER-D001-H16-PH02
20260718_162525_stage_0_6a88ecee,inequality,702,702,constraint,INEQ-UPPER-D001-H16-PH02
20260718_162525_stage_0_6a88ecee,inequality,703,703,constraint,INEQ-LOWER-D001-H16-PH03
20260718_162525_stage_0_6a88ecee,inequality,704,704,constraint,INEQ-UPPER-D001-H16-PH03
20260718_162525_stage_0_6a88ecee,inequality,705,705,constraint,INEQ-LOWER-D001-H16-PH04
20260718_162525_stage_0_6a88ecee,inequality,706,706,constraint,INEQ-UPPER-D001-H16-PH04
20260718_162525_stage_0_6a88ecee,inequality,707,707,constraint,INEQ-LOWER-D001-H16-PF01
20260718_162525_stage_0_6a88ecee,inequality,708,708,constraint,INEQ-UPPER-D001-H16-PF01
20260718_162525_stage_0_6a88ecee,inequality,709,709,constraint,INEQ-LOWER-D001-H16-PF02
20260718_162525_stage_0_6a88ecee,inequality,710,710,constraint,INEQ-UPPER-D001-H16-PF02
20260718_162525_stage_0_6a88ecee,inequality,711,711,constraint,INEQ-LOWER-D001-H16-PF03
20260718_162525_stage_0_6a88ecee,inequality,712,712,constraint,INEQ-UPPER-D001-H16-PF03
20260718_162525_stage_0_6a88ecee,inequality,713,713,constraint,INEQ-LOWER-D001-H16-PF04
20260718_162525_stage_0_6a88ecee,inequality,714,714,constraint,INEQ-UPPER-D001-H16-PF04
20260718_162525_stage_0_6a88ecee,inequality,715,715,constraint,INEQ-LOWER-D001-H16-Pch01
20260718_162525_stage_0_6a88ecee,inequality,716,716,constraint,INEQ-UPPER-D001-H16-Pch01
20260718_162525_stage_0_6a88ecee,inequality,717,717,constraint,INEQ-LOWER-D001-H16-Pch02
20260718_162525_stage_0_6a88ecee,inequality,718,718,constraint,INEQ-UPPER-D001-H16-Pch02
20260718_162525_stage_0_6a88ecee,inequality,719,719,constraint,INEQ-LOWER-D001-H16-Pdis01
20260718_162525_stage_0_6a88ecee,inequality,720,720,constraint,INEQ-UPPER-D001-H16-Pdis01
20260718_162525_stage_0_6a88ecee,inequality,721,721,constraint,INEQ-LOWER-D001-H16-Pdis02
20260718_162525_stage_0_6a88ecee,inequality,722,722,constraint,INEQ-UPPER-D001-H16-Pdis02
20260718_162525_stage_0_6a88ecee,inequality,723,723,constraint,INEQ-LOWER-D001-H16-SOC01
20260718_162525_stage_0_6a88ecee,inequality,724,724,constraint,INEQ-UPPER-D001-H16-SOC01
20260718_162525_stage_0_6a88ecee,inequality,725,725,constraint,INEQ-LOWER-D001-H16-SOC02
20260718_162525_stage_0_6a88ecee,inequality,726,726,constraint,INEQ-UPPER-D001-H16-SOC02
20260718_162525_stage_0_6a88ecee,inequality,727,727,constraint,INEQ-LOWER-D001-H17-PW01
20260718_162525_stage_0_6a88ecee,inequality,728,728,constraint,INEQ-UPPER-D001-H17-PW01
20260718_162525_stage_0_6a88ecee,inequality,729,729,constraint,INEQ-LOWER-D001-H17-PW02
20260718_162525_stage_0_6a88ecee,inequality,730,730,constraint,INEQ-UPPER-D001-H17-PW02
20260718_162525_stage_0_6a88ecee,inequality,731,731,constraint,INEQ-LOWER-D001-H17-PW03
20260718_162525_stage_0_6a88ecee,inequality,732,732,constraint,INEQ-UPPER-D001-H17-PW03
20260718_162525_stage_0_6a88ecee,inequality,733,733,constraint,INEQ-LOWER-D001-H17-PW04
20260718_162525_stage_0_6a88ecee,inequality,734,734,constraint,INEQ-UPPER-D001-H17-PW04
20260718_162525_stage_0_6a88ecee,inequality,735,735,constraint,INEQ-LOWER-D001-H17-PW05
20260718_162525_stage_0_6a88ecee,inequality,736,736,constraint,INEQ-UPPER-D001-H17-PW05
20260718_162525_stage_0_6a88ecee,inequality,737,737,constraint,INEQ-LOWER-D001-H17-PP01
20260718_162525_stage_0_6a88ecee,inequality,738,738,constraint,INEQ-UPPER-D001-H17-PP01
20260718_162525_stage_0_6a88ecee,inequality,739,739,constraint,INEQ-LOWER-D001-H17-PP02
20260718_162525_stage_0_6a88ecee,inequality,740,740,constraint,INEQ-UPPER-D001-H17-PP02
20260718_162525_stage_0_6a88ecee,inequality,741,741,constraint,INEQ-LOWER-D001-H17-PP03
20260718_162525_stage_0_6a88ecee,inequality,742,742,constraint,INEQ-UPPER-D001-H17-PP03
20260718_162525_stage_0_6a88ecee,inequality,743,743,constraint,INEQ-LOWER-D001-H17-PP04
20260718_162525_stage_0_6a88ecee,inequality,744,744,constraint,INEQ-UPPER-D001-H17-PP04
20260718_162525_stage_0_6a88ecee,inequality,745,745,constraint,INEQ-LOWER-D001-H17-PP05
20260718_162525_stage_0_6a88ecee,inequality,746,746,constraint,INEQ-UPPER-D001-H17-PP05
20260718_162525_stage_0_6a88ecee,inequality,747,747,constraint,INEQ-LOWER-D001-H17-PH01
20260718_162525_stage_0_6a88ecee,inequality,748,748,constraint,INEQ-UPPER-D001-H17-PH01
20260718_162525_stage_0_6a88ecee,inequality,749,749,constraint,INEQ-LOWER-D001-H17-PH02
20260718_162525_stage_0_6a88ecee,inequality,750,750,constraint,INEQ-UPPER-D001-H17-PH02
20260718_162525_stage_0_6a88ecee,inequality,751,751,constraint,INEQ-LOWER-D001-H17-PH03
20260718_162525_stage_0_6a88ecee,inequality,752,752,constraint,INEQ-UPPER-D001-H17-PH03
20260718_162525_stage_0_6a88ecee,inequality,753,753,constraint,INEQ-LOWER-D001-H17-PH04
20260718_162525_stage_0_6a88ecee,inequality,754,754,constraint,INEQ-UPPER-D001-H17-PH04
20260718_162525_stage_0_6a88ecee,inequality,755,755,constraint,INEQ-LOWER-D001-H17-PF01
20260718_162525_stage_0_6a88ecee,inequality,756,756,constraint,INEQ-UPPER-D001-H17-PF01
20260718_162525_stage_0_6a88ecee,inequality,757,757,constraint,INEQ-LOWER-D001-H17-PF02
20260718_162525_stage_0_6a88ecee,inequality,758,758,constraint,INEQ-UPPER-D001-H17-PF02
20260718_162525_stage_0_6a88ecee,inequality,759,759,constraint,INEQ-LOWER-D001-H17-PF03
20260718_162525_stage_0_6a88ecee,inequality,760,760,constraint,INEQ-UPPER-D001-H17-PF03
20260718_162525_stage_0_6a88ecee,inequality,761,761,constraint,INEQ-LOWER-D001-H17-PF04
20260718_162525_stage_0_6a88ecee,inequality,762,762,constraint,INEQ-UPPER-D001-H17-PF04
20260718_162525_stage_0_6a88ecee,inequality,763,763,constraint,INEQ-LOWER-D001-H17-Pch01
20260718_162525_stage_0_6a88ecee,inequality,764,764,constraint,INEQ-UPPER-D001-H17-Pch01
20260718_162525_stage_0_6a88ecee,inequality,765,765,constraint,INEQ-LOWER-D001-H17-Pch02
20260718_162525_stage_0_6a88ecee,inequality,766,766,constraint,INEQ-UPPER-D001-H17-Pch02
20260718_162525_stage_0_6a88ecee,inequality,767,767,constraint,INEQ-LOWER-D001-H17-Pdis01
20260718_162525_stage_0_6a88ecee,inequality,768,768,constraint,INEQ-UPPER-D001-H17-Pdis01
20260718_162525_stage_0_6a88ecee,inequality,769,769,constraint,INEQ-LOWER-D001-H17-Pdis02
20260718_162525_stage_0_6a88ecee,inequality,770,770,constraint,INEQ-UPPER-D001-H17-Pdis02
20260718_162525_stage_0_6a88ecee,inequality,771,771,constraint,INEQ-LOWER-D001-H17-SOC01
20260718_162525_stage_0_6a88ecee,inequality,772,772,constraint,INEQ-UPPER-D001-H17-SOC01
20260718_162525_stage_0_6a88ecee,inequality,773,773,constraint,INEQ-LOWER-D001-H17-SOC02
20260718_162525_stage_0_6a88ecee,inequality,774,774,constraint,INEQ-UPPER-D001-H17-SOC02
20260718_162525_stage_0_6a88ecee,inequality,775,775,constraint,INEQ-LOWER-D001-H18-PW01
20260718_162525_stage_0_6a88ecee,inequality,776,776,constraint,INEQ-UPPER-D001-H18-PW01
20260718_162525_stage_0_6a88ecee,inequality,777,777,constraint,INEQ-LOWER-D001-H18-PW02
20260718_162525_stage_0_6a88ecee,inequality,778,778,constraint,INEQ-UPPER-D001-H18-PW02
20260718_162525_stage_0_6a88ecee,inequality,779,779,constraint,INEQ-LOWER-D001-H18-PW03
20260718_162525_stage_0_6a88ecee,inequality,780,780,constraint,INEQ-UPPER-D001-H18-PW03
20260718_162525_stage_0_6a88ecee,inequality,781,781,constraint,INEQ-LOWER-D001-H18-PW04
20260718_162525_stage_0_6a88ecee,inequality,782,782,constraint,INEQ-UPPER-D001-H18-PW04
20260718_162525_stage_0_6a88ecee,inequality,783,783,constraint,INEQ-LOWER-D001-H18-PW05
20260718_162525_stage_0_6a88ecee,inequality,784,784,constraint,INEQ-UPPER-D001-H18-PW05
20260718_162525_stage_0_6a88ecee,inequality,785,785,constraint,INEQ-LOWER-D001-H18-PP01
20260718_162525_stage_0_6a88ecee,inequality,786,786,constraint,INEQ-UPPER-D001-H18-PP01
20260718_162525_stage_0_6a88ecee,inequality,787,787,constraint,INEQ-LOWER-D001-H18-PP02
20260718_162525_stage_0_6a88ecee,inequality,788,788,constraint,INEQ-UPPER-D001-H18-PP02
20260718_162525_stage_0_6a88ecee,inequality,789,789,constraint,INEQ-LOWER-D001-H18-PP03
20260718_162525_stage_0_6a88ecee,inequality,790,790,constraint,INEQ-UPPER-D001-H18-PP03
20260718_162525_stage_0_6a88ecee,inequality,791,791,constraint,INEQ-LOWER-D001-H18-PP04
20260718_162525_stage_0_6a88ecee,inequality,792,792,constraint,INEQ-UPPER-D001-H18-PP04
20260718_162525_stage_0_6a88ecee,inequality,793,793,constraint,INEQ-LOWER-D001-H18-PP05
20260718_162525_stage_0_6a88ecee,inequality,794,794,constraint,INEQ-UPPER-D001-H18-PP05
20260718_162525_stage_0_6a88ecee,inequality,795,795,constraint,INEQ-LOWER-D001-H18-PH01
20260718_162525_stage_0_6a88ecee,inequality,796,796,constraint,INEQ-UPPER-D001-H18-PH01
20260718_162525_stage_0_6a88ecee,inequality,797,797,constraint,INEQ-LOWER-D001-H18-PH02
20260718_162525_stage_0_6a88ecee,inequality,798,798,constraint,INEQ-UPPER-D001-H18-PH02
20260718_162525_stage_0_6a88ecee,inequality,799,799,constraint,INEQ-LOWER-D001-H18-PH03
20260718_162525_stage_0_6a88ecee,inequality,800,800,constraint,INEQ-UPPER-D001-H18-PH03
20260718_162525_stage_0_6a88ecee,inequality,801,801,constraint,INEQ-LOWER-D001-H18-PH04
20260718_162525_stage_0_6a88ecee,inequality,802,802,constraint,INEQ-UPPER-D001-H18-PH04
20260718_162525_stage_0_6a88ecee,inequality,803,803,constraint,INEQ-LOWER-D001-H18-PF01
20260718_162525_stage_0_6a88ecee,inequality,804,804,constraint,INEQ-UPPER-D001-H18-PF01
20260718_162525_stage_0_6a88ecee,inequality,805,805,constraint,INEQ-LOWER-D001-H18-PF02
20260718_162525_stage_0_6a88ecee,inequality,806,806,constraint,INEQ-UPPER-D001-H18-PF02
20260718_162525_stage_0_6a88ecee,inequality,807,807,constraint,INEQ-LOWER-D001-H18-PF03
20260718_162525_stage_0_6a88ecee,inequality,808,808,constraint,INEQ-UPPER-D001-H18-PF03
20260718_162525_stage_0_6a88ecee,inequality,809,809,constraint,INEQ-LOWER-D001-H18-PF04
20260718_162525_stage_0_6a88ecee,inequality,810,810,constraint,INEQ-UPPER-D001-H18-PF04
20260718_162525_stage_0_6a88ecee,inequality,811,811,constraint,INEQ-LOWER-D001-H18-Pch01
20260718_162525_stage_0_6a88ecee,inequality,812,812,constraint,INEQ-UPPER-D001-H18-Pch01
20260718_162525_stage_0_6a88ecee,inequality,813,813,constraint,INEQ-LOWER-D001-H18-Pch02
20260718_162525_stage_0_6a88ecee,inequality,814,814,constraint,INEQ-UPPER-D001-H18-Pch02
20260718_162525_stage_0_6a88ecee,inequality,815,815,constraint,INEQ-LOWER-D001-H18-Pdis01
20260718_162525_stage_0_6a88ecee,inequality,816,816,constraint,INEQ-UPPER-D001-H18-Pdis01
20260718_162525_stage_0_6a88ecee,inequality,817,817,constraint,INEQ-LOWER-D001-H18-Pdis02
20260718_162525_stage_0_6a88ecee,inequality,818,818,constraint,INEQ-UPPER-D001-H18-Pdis02
20260718_162525_stage_0_6a88ecee,inequality,819,819,constraint,INEQ-LOWER-D001-H18-SOC01
20260718_162525_stage_0_6a88ecee,inequality,820,820,constraint,INEQ-UPPER-D001-H18-SOC01
20260718_162525_stage_0_6a88ecee,inequality,821,821,constraint,INEQ-LOWER-D001-H18-SOC02
20260718_162525_stage_0_6a88ecee,inequality,822,822,constraint,INEQ-UPPER-D001-H18-SOC02
20260718_162525_stage_0_6a88ecee,inequality,823,823,constraint,INEQ-LOWER-D001-H19-PW01
20260718_162525_stage_0_6a88ecee,inequality,824,824,constraint,INEQ-UPPER-D001-H19-PW01
20260718_162525_stage_0_6a88ecee,inequality,825,825,constraint,INEQ-LOWER-D001-H19-PW02
20260718_162525_stage_0_6a88ecee,inequality,826,826,constraint,INEQ-UPPER-D001-H19-PW02
20260718_162525_stage_0_6a88ecee,inequality,827,827,constraint,INEQ-LOWER-D001-H19-PW03
20260718_162525_stage_0_6a88ecee,inequality,828,828,constraint,INEQ-UPPER-D001-H19-PW03
20260718_162525_stage_0_6a88ecee,inequality,829,829,constraint,INEQ-LOWER-D001-H19-PW04
20260718_162525_stage_0_6a88ecee,inequality,830,830,constraint,INEQ-UPPER-D001-H19-PW04
20260718_162525_stage_0_6a88ecee,inequality,831,831,constraint,INEQ-LOWER-D001-H19-PW05
20260718_162525_stage_0_6a88ecee,inequality,832,832,constraint,INEQ-UPPER-D001-H19-PW05
20260718_162525_stage_0_6a88ecee,inequality,833,833,constraint,INEQ-LOWER-D001-H19-PP01
20260718_162525_stage_0_6a88ecee,inequality,834,834,constraint,INEQ-UPPER-D001-H19-PP01
20260718_162525_stage_0_6a88ecee,inequality,835,835,constraint,INEQ-LOWER-D001-H19-PP02
20260718_162525_stage_0_6a88ecee,inequality,836,836,constraint,INEQ-UPPER-D001-H19-PP02
20260718_162525_stage_0_6a88ecee,inequality,837,837,constraint,INEQ-LOWER-D001-H19-PP03
20260718_162525_stage_0_6a88ecee,inequality,838,838,constraint,INEQ-UPPER-D001-H19-PP03
20260718_162525_stage_0_6a88ecee,inequality,839,839,constraint,INEQ-LOWER-D001-H19-PP04
20260718_162525_stage_0_6a88ecee,inequality,840,840,constraint,INEQ-UPPER-D001-H19-PP04
20260718_162525_stage_0_6a88ecee,inequality,841,841,constraint,INEQ-LOWER-D001-H19-PP05
20260718_162525_stage_0_6a88ecee,inequality,842,842,constraint,INEQ-UPPER-D001-H19-PP05
20260718_162525_stage_0_6a88ecee,inequality,843,843,constraint,INEQ-LOWER-D001-H19-PH01
20260718_162525_stage_0_6a88ecee,inequality,844,844,constraint,INEQ-UPPER-D001-H19-PH01
20260718_162525_stage_0_6a88ecee,inequality,845,845,constraint,INEQ-LOWER-D001-H19-PH02
20260718_162525_stage_0_6a88ecee,inequality,846,846,constraint,INEQ-UPPER-D001-H19-PH02
20260718_162525_stage_0_6a88ecee,inequality,847,847,constraint,INEQ-LOWER-D001-H19-PH03
20260718_162525_stage_0_6a88ecee,inequality,848,848,constraint,INEQ-UPPER-D001-H19-PH03
20260718_162525_stage_0_6a88ecee,inequality,849,849,constraint,INEQ-LOWER-D001-H19-PH04
20260718_162525_stage_0_6a88ecee,inequality,850,850,constraint,INEQ-UPPER-D001-H19-PH04
20260718_162525_stage_0_6a88ecee,inequality,851,851,constraint,INEQ-LOWER-D001-H19-PF01
20260718_162525_stage_0_6a88ecee,inequality,852,852,constraint,INEQ-UPPER-D001-H19-PF01
20260718_162525_stage_0_6a88ecee,inequality,853,853,constraint,INEQ-LOWER-D001-H19-PF02
20260718_162525_stage_0_6a88ecee,inequality,854,854,constraint,INEQ-UPPER-D001-H19-PF02
20260718_162525_stage_0_6a88ecee,inequality,855,855,constraint,INEQ-LOWER-D001-H19-PF03
20260718_162525_stage_0_6a88ecee,inequality,856,856,constraint,INEQ-UPPER-D001-H19-PF03
20260718_162525_stage_0_6a88ecee,inequality,857,857,constraint,INEQ-LOWER-D001-H19-PF04
20260718_162525_stage_0_6a88ecee,inequality,858,858,constraint,INEQ-UPPER-D001-H19-PF04
20260718_162525_stage_0_6a88ecee,inequality,859,859,constraint,INEQ-LOWER-D001-H19-Pch01
20260718_162525_stage_0_6a88ecee,inequality,860,860,constraint,INEQ-UPPER-D001-H19-Pch01
20260718_162525_stage_0_6a88ecee,inequality,861,861,constraint,INEQ-LOWER-D001-H19-Pch02
20260718_162525_stage_0_6a88ecee,inequality,862,862,constraint,INEQ-UPPER-D001-H19-Pch02
20260718_162525_stage_0_6a88ecee,inequality,863,863,constraint,INEQ-LOWER-D001-H19-Pdis01
20260718_162525_stage_0_6a88ecee,inequality,864,864,constraint,INEQ-UPPER-D001-H19-Pdis01
20260718_162525_stage_0_6a88ecee,inequality,865,865,constraint,INEQ-LOWER-D001-H19-Pdis02
20260718_162525_stage_0_6a88ecee,inequality,866,866,constraint,INEQ-UPPER-D001-H19-Pdis02
20260718_162525_stage_0_6a88ecee,inequality,867,867,constraint,INEQ-LOWER-D001-H19-SOC01
20260718_162525_stage_0_6a88ecee,inequality,868,868,constraint,INEQ-UPPER-D001-H19-SOC01
20260718_162525_stage_0_6a88ecee,inequality,869,869,constraint,INEQ-LOWER-D001-H19-SOC02
20260718_162525_stage_0_6a88ecee,inequality,870,870,constraint,INEQ-UPPER-D001-H19-SOC02
20260718_162525_stage_0_6a88ecee,inequality,871,871,constraint,INEQ-LOWER-D001-H20-PW01
20260718_162525_stage_0_6a88ecee,inequality,872,872,constraint,INEQ-UPPER-D001-H20-PW01
20260718_162525_stage_0_6a88ecee,inequality,873,873,constraint,INEQ-LOWER-D001-H20-PW02
20260718_162525_stage_0_6a88ecee,inequality,874,874,constraint,INEQ-UPPER-D001-H20-PW02
20260718_162525_stage_0_6a88ecee,inequality,875,875,constraint,INEQ-LOWER-D001-H20-PW03
20260718_162525_stage_0_6a88ecee,inequality,876,876,constraint,INEQ-UPPER-D001-H20-PW03
20260718_162525_stage_0_6a88ecee,inequality,877,877,constraint,INEQ-LOWER-D001-H20-PW04
20260718_162525_stage_0_6a88ecee,inequality,878,878,constraint,INEQ-UPPER-D001-H20-PW04
20260718_162525_stage_0_6a88ecee,inequality,879,879,constraint,INEQ-LOWER-D001-H20-PW05
20260718_162525_stage_0_6a88ecee,inequality,880,880,constraint,INEQ-UPPER-D001-H20-PW05
20260718_162525_stage_0_6a88ecee,inequality,881,881,constraint,INEQ-LOWER-D001-H20-PH01
20260718_162525_stage_0_6a88ecee,inequality,882,882,constraint,INEQ-UPPER-D001-H20-PH01
20260718_162525_stage_0_6a88ecee,inequality,883,883,constraint,INEQ-LOWER-D001-H20-PH02
20260718_162525_stage_0_6a88ecee,inequality,884,884,constraint,INEQ-UPPER-D001-H20-PH02
20260718_162525_stage_0_6a88ecee,inequality,885,885,constraint,INEQ-LOWER-D001-H20-PH03
20260718_162525_stage_0_6a88ecee,inequality,886,886,constraint,INEQ-UPPER-D001-H20-PH03
20260718_162525_stage_0_6a88ecee,inequality,887,887,constraint,INEQ-LOWER-D001-H20-PH04
20260718_162525_stage_0_6a88ecee,inequality,888,888,constraint,INEQ-UPPER-D001-H20-PH04
20260718_162525_stage_0_6a88ecee,inequality,889,889,constraint,INEQ-LOWER-D001-H20-PF01
20260718_162525_stage_0_6a88ecee,inequality,890,890,constraint,INEQ-UPPER-D001-H20-PF01
20260718_162525_stage_0_6a88ecee,inequality,891,891,constraint,INEQ-LOWER-D001-H20-PF02
20260718_162525_stage_0_6a88ecee,inequality,892,892,constraint,INEQ-UPPER-D001-H20-PF02
20260718_162525_stage_0_6a88ecee,inequality,893,893,constraint,INEQ-LOWER-D001-H20-PF03
20260718_162525_stage_0_6a88ecee,inequality,894,894,constraint,INEQ-UPPER-D001-H20-PF03
20260718_162525_stage_0_6a88ecee,inequality,895,895,constraint,INEQ-LOWER-D001-H20-PF04
20260718_162525_stage_0_6a88ecee,inequality,896,896,constraint,INEQ-UPPER-D001-H20-PF04
20260718_162525_stage_0_6a88ecee,inequality,897,897,constraint,INEQ-LOWER-D001-H20-Pch01
20260718_162525_stage_0_6a88ecee,inequality,898,898,constraint,INEQ-UPPER-D001-H20-Pch01
20260718_162525_stage_0_6a88ecee,inequality,899,899,constraint,INEQ-LOWER-D001-H20-Pch02
20260718_162525_stage_0_6a88ecee,inequality,900,900,constraint,INEQ-UPPER-D001-H20-Pch02
20260718_162525_stage_0_6a88ecee,inequality,901,901,constraint,INEQ-LOWER-D001-H20-Pdis01
20260718_162525_stage_0_6a88ecee,inequality,902,902,constraint,INEQ-UPPER-D001-H20-Pdis01
20260718_162525_stage_0_6a88ecee,inequality,903,903,constraint,INEQ-LOWER-D001-H20-Pdis02
20260718_162525_stage_0_6a88ecee,inequality,904,904,constraint,INEQ-UPPER-D001-H20-Pdis02
20260718_162525_stage_0_6a88ecee,inequality,905,905,constraint,INEQ-LOWER-D001-H20-SOC01
20260718_162525_stage_0_6a88ecee,inequality,906,906,constraint,INEQ-UPPER-D001-H20-SOC01
20260718_162525_stage_0_6a88ecee,inequality,907,907,constraint,INEQ-LOWER-D001-H20-SOC02
20260718_162525_stage_0_6a88ecee,inequality,908,908,constraint,INEQ-UPPER-D001-H20-SOC02
20260718_162525_stage_0_6a88ecee,inequality,909,909,constraint,INEQ-LOWER-D001-H21-PW01
20260718_162525_stage_0_6a88ecee,inequality,910,910,constraint,INEQ-UPPER-D001-H21-PW01
20260718_162525_stage_0_6a88ecee,inequality,911,911,constraint,INEQ-LOWER-D001-H21-PW02
20260718_162525_stage_0_6a88ecee,inequality,912,912,constraint,INEQ-UPPER-D001-H21-PW02
20260718_162525_stage_0_6a88ecee,inequality,913,913,constraint,INEQ-LOWER-D001-H21-PW03
20260718_162525_stage_0_6a88ecee,inequality,914,914,constraint,INEQ-UPPER-D001-H21-PW03
20260718_162525_stage_0_6a88ecee,inequality,915,915,constraint,INEQ-LOWER-D001-H21-PW04
20260718_162525_stage_0_6a88ecee,inequality,916,916,constraint,INEQ-UPPER-D001-H21-PW04
20260718_162525_stage_0_6a88ecee,inequality,917,917,constraint,INEQ-LOWER-D001-H21-PW05
20260718_162525_stage_0_6a88ecee,inequality,918,918,constraint,INEQ-UPPER-D001-H21-PW05
20260718_162525_stage_0_6a88ecee,inequality,919,919,constraint,INEQ-LOWER-D001-H21-PH01
20260718_162525_stage_0_6a88ecee,inequality,920,920,constraint,INEQ-UPPER-D001-H21-PH01
20260718_162525_stage_0_6a88ecee,inequality,921,921,constraint,INEQ-LOWER-D001-H21-PH02
20260718_162525_stage_0_6a88ecee,inequality,922,922,constraint,INEQ-UPPER-D001-H21-PH02
20260718_162525_stage_0_6a88ecee,inequality,923,923,constraint,INEQ-LOWER-D001-H21-PH03
20260718_162525_stage_0_6a88ecee,inequality,924,924,constraint,INEQ-UPPER-D001-H21-PH03
20260718_162525_stage_0_6a88ecee,inequality,925,925,constraint,INEQ-LOWER-D001-H21-PH04
20260718_162525_stage_0_6a88ecee,inequality,926,926,constraint,INEQ-UPPER-D001-H21-PH04
20260718_162525_stage_0_6a88ecee,inequality,927,927,constraint,INEQ-LOWER-D001-H21-PF01
20260718_162525_stage_0_6a88ecee,inequality,928,928,constraint,INEQ-UPPER-D001-H21-PF01
20260718_162525_stage_0_6a88ecee,inequality,929,929,constraint,INEQ-LOWER-D001-H21-PF02
20260718_162525_stage_0_6a88ecee,inequality,930,930,constraint,INEQ-UPPER-D001-H21-PF02
20260718_162525_stage_0_6a88ecee,inequality,931,931,constraint,INEQ-LOWER-D001-H21-PF03
20260718_162525_stage_0_6a88ecee,inequality,932,932,constraint,INEQ-UPPER-D001-H21-PF03
20260718_162525_stage_0_6a88ecee,inequality,933,933,constraint,INEQ-LOWER-D001-H21-PF04
20260718_162525_stage_0_6a88ecee,inequality,934,934,constraint,INEQ-UPPER-D001-H21-PF04
20260718_162525_stage_0_6a88ecee,inequality,935,935,constraint,INEQ-LOWER-D001-H21-Pch01
20260718_162525_stage_0_6a88ecee,inequality,936,936,constraint,INEQ-UPPER-D001-H21-Pch01
20260718_162525_stage_0_6a88ecee,inequality,937,937,constraint,INEQ-LOWER-D001-H21-Pch02
20260718_162525_stage_0_6a88ecee,inequality,938,938,constraint,INEQ-UPPER-D001-H21-Pch02
20260718_162525_stage_0_6a88ecee,inequality,939,939,constraint,INEQ-LOWER-D001-H21-Pdis01
20260718_162525_stage_0_6a88ecee,inequality,940,940,constraint,INEQ-UPPER-D001-H21-Pdis01
20260718_162525_stage_0_6a88ecee,inequality,941,941,constraint,INEQ-LOWER-D001-H21-Pdis02
20260718_162525_stage_0_6a88ecee,inequality,942,942,constraint,INEQ-UPPER-D001-H21-Pdis02
20260718_162525_stage_0_6a88ecee,inequality,943,943,constraint,INEQ-LOWER-D001-H21-SOC01
20260718_162525_stage_0_6a88ecee,inequality,944,944,constraint,INEQ-UPPER-D001-H21-SOC01
20260718_162525_stage_0_6a88ecee,inequality,945,945,constraint,INEQ-LOWER-D001-H21-SOC02
20260718_162525_stage_0_6a88ecee,inequality,946,946,constraint,INEQ-UPPER-D001-H21-SOC02
20260718_162525_stage_0_6a88ecee,inequality,947,947,constraint,INEQ-LOWER-D001-H22-PW01
20260718_162525_stage_0_6a88ecee,inequality,948,948,constraint,INEQ-UPPER-D001-H22-PW01
20260718_162525_stage_0_6a88ecee,inequality,949,949,constraint,INEQ-LOWER-D001-H22-PW02
20260718_162525_stage_0_6a88ecee,inequality,950,950,constraint,INEQ-UPPER-D001-H22-PW02
20260718_162525_stage_0_6a88ecee,inequality,951,951,constraint,INEQ-LOWER-D001-H22-PW03
20260718_162525_stage_0_6a88ecee,inequality,952,952,constraint,INEQ-UPPER-D001-H22-PW03
20260718_162525_stage_0_6a88ecee,inequality,953,953,constraint,INEQ-LOWER-D001-H22-PW04
20260718_162525_stage_0_6a88ecee,inequality,954,954,constraint,INEQ-UPPER-D001-H22-PW04
20260718_162525_stage_0_6a88ecee,inequality,955,955,constraint,INEQ-LOWER-D001-H22-PW05
20260718_162525_stage_0_6a88ecee,inequality,956,956,constraint,INEQ-UPPER-D001-H22-PW05
20260718_162525_stage_0_6a88ecee,inequality,957,957,constraint,INEQ-LOWER-D001-H22-PH01
20260718_162525_stage_0_6a88ecee,inequality,958,958,constraint,INEQ-UPPER-D001-H22-PH01
20260718_162525_stage_0_6a88ecee,inequality,959,959,constraint,INEQ-LOWER-D001-H22-PH02
20260718_162525_stage_0_6a88ecee,inequality,960,960,constraint,INEQ-UPPER-D001-H22-PH02
20260718_162525_stage_0_6a88ecee,inequality,961,961,constraint,INEQ-LOWER-D001-H22-PH03
20260718_162525_stage_0_6a88ecee,inequality,962,962,constraint,INEQ-UPPER-D001-H22-PH03
20260718_162525_stage_0_6a88ecee,inequality,963,963,constraint,INEQ-LOWER-D001-H22-PH04
20260718_162525_stage_0_6a88ecee,inequality,964,964,constraint,INEQ-UPPER-D001-H22-PH04
20260718_162525_stage_0_6a88ecee,inequality,965,965,constraint,INEQ-LOWER-D001-H22-PF01
20260718_162525_stage_0_6a88ecee,inequality,966,966,constraint,INEQ-UPPER-D001-H22-PF01
20260718_162525_stage_0_6a88ecee,inequality,967,967,constraint,INEQ-LOWER-D001-H22-PF02
20260718_162525_stage_0_6a88ecee,inequality,968,968,constraint,INEQ-UPPER-D001-H22-PF02
20260718_162525_stage_0_6a88ecee,inequality,969,969,constraint,INEQ-LOWER-D001-H22-PF03
20260718_162525_stage_0_6a88ecee,inequality,970,970,constraint,INEQ-UPPER-D001-H22-PF03
20260718_162525_stage_0_6a88ecee,inequality,971,971,constraint,INEQ-LOWER-D001-H22-PF04
20260718_162525_stage_0_6a88ecee,inequality,972,972,constraint,INEQ-UPPER-D001-H22-PF04
20260718_162525_stage_0_6a88ecee,inequality,973,973,constraint,INEQ-LOWER-D001-H22-Pch01
20260718_162525_stage_0_6a88ecee,inequality,974,974,constraint,INEQ-UPPER-D001-H22-Pch01
20260718_162525_stage_0_6a88ecee,inequality,975,975,constraint,INEQ-LOWER-D001-H22-Pch02
20260718_162525_stage_0_6a88ecee,inequality,976,976,constraint,INEQ-UPPER-D001-H22-Pch02
20260718_162525_stage_0_6a88ecee,inequality,977,977,constraint,INEQ-LOWER-D001-H22-Pdis01
20260718_162525_stage_0_6a88ecee,inequality,978,978,constraint,INEQ-UPPER-D001-H22-Pdis01
20260718_162525_stage_0_6a88ecee,inequality,979,979,constraint,INEQ-LOWER-D001-H22-Pdis02
20260718_162525_stage_0_6a88ecee,inequality,980,980,constraint,INEQ-UPPER-D001-H22-Pdis02
20260718_162525_stage_0_6a88ecee,inequality,981,981,constraint,INEQ-LOWER-D001-H22-SOC01
20260718_162525_stage_0_6a88ecee,inequality,982,982,constraint,INEQ-UPPER-D001-H22-SOC01
20260718_162525_stage_0_6a88ecee,inequality,983,983,constraint,INEQ-LOWER-D001-H22-SOC02
20260718_162525_stage_0_6a88ecee,inequality,984,984,constraint,INEQ-UPPER-D001-H22-SOC02
20260718_162525_stage_0_6a88ecee,inequality,985,985,constraint,INEQ-LOWER-D001-H23-PW01
20260718_162525_stage_0_6a88ecee,inequality,986,986,constraint,INEQ-UPPER-D001-H23-PW01
20260718_162525_stage_0_6a88ecee,inequality,987,987,constraint,INEQ-LOWER-D001-H23-PW02
20260718_162525_stage_0_6a88ecee,inequality,988,988,constraint,INEQ-UPPER-D001-H23-PW02
20260718_162525_stage_0_6a88ecee,inequality,989,989,constraint,INEQ-LOWER-D001-H23-PW03
20260718_162525_stage_0_6a88ecee,inequality,990,990,constraint,INEQ-UPPER-D001-H23-PW03
20260718_162525_stage_0_6a88ecee,inequality,991,991,constraint,INEQ-LOWER-D001-H23-PW04
20260718_162525_stage_0_6a88ecee,inequality,992,992,constraint,INEQ-UPPER-D001-H23-PW04
20260718_162525_stage_0_6a88ecee,inequality,993,993,constraint,INEQ-LOWER-D001-H23-PW05
20260718_162525_stage_0_6a88ecee,inequality,994,994,constraint,INEQ-UPPER-D001-H23-PW05
20260718_162525_stage_0_6a88ecee,inequality,995,995,constraint,INEQ-LOWER-D001-H23-PH01
20260718_162525_stage_0_6a88ecee,inequality,996,996,constraint,INEQ-UPPER-D001-H23-PH01
20260718_162525_stage_0_6a88ecee,inequality,997,997,constraint,INEQ-LOWER-D001-H23-PH02
20260718_162525_stage_0_6a88ecee,inequality,998,998,constraint,INEQ-UPPER-D001-H23-PH02
20260718_162525_stage_0_6a88ecee,inequality,999,999,constraint,INEQ-LOWER-D001-H23-PH03
20260718_162525_stage_0_6a88ecee,inequality,1000,1000,constraint,INEQ-UPPER-D001-H23-PH03
20260718_162525_stage_0_6a88ecee,inequality,1001,1001,constraint,INEQ-LOWER-D001-H23-PH04
20260718_162525_stage_0_6a88ecee,inequality,1002,1002,constraint,INEQ-UPPER-D001-H23-PH04
20260718_162525_stage_0_6a88ecee,inequality,1003,1003,constraint,INEQ-LOWER-D001-H23-PF01
20260718_162525_stage_0_6a88ecee,inequality,1004,1004,constraint,INEQ-UPPER-D001-H23-PF01
20260718_162525_stage_0_6a88ecee,inequality,1005,1005,constraint,INEQ-LOWER-D001-H23-PF02
20260718_162525_stage_0_6a88ecee,inequality,1006,1006,constraint,INEQ-UPPER-D001-H23-PF02
20260718_162525_stage_0_6a88ecee,inequality,1007,1007,constraint,INEQ-LOWER-D001-H23-PF03
20260718_162525_stage_0_6a88ecee,inequality,1008,1008,constraint,INEQ-UPPER-D001-H23-PF03
20260718_162525_stage_0_6a88ecee,inequality,1009,1009,constraint,INEQ-LOWER-D001-H23-PF04
20260718_162525_stage_0_6a88ecee,inequality,1010,1010,constraint,INEQ-UPPER-D001-H23-PF04
20260718_162525_stage_0_6a88ecee,inequality,1011,1011,constraint,INEQ-LOWER-D001-H23-Pch01
20260718_162525_stage_0_6a88ecee,inequality,1012,1012,constraint,INEQ-UPPER-D001-H23-Pch01
20260718_162525_stage_0_6a88ecee,inequality,1013,1013,constraint,INEQ-LOWER-D001-H23-Pch02
20260718_162525_stage_0_6a88ecee,inequality,1014,1014,constraint,INEQ-UPPER-D001-H23-Pch02
20260718_162525_stage_0_6a88ecee,inequality,1015,1015,constraint,INEQ-LOWER-D001-H23-Pdis01
20260718_162525_stage_0_6a88ecee,inequality,1016,1016,constraint,INEQ-UPPER-D001-H23-Pdis01
20260718_162525_stage_0_6a88ecee,inequality,1017,1017,constraint,INEQ-LOWER-D001-H23-Pdis02
20260718_162525_stage_0_6a88ecee,inequality,1018,1018,constraint,INEQ-UPPER-D001-H23-Pdis02
20260718_162525_stage_0_6a88ecee,inequality,1019,1019,constraint,INEQ-LOWER-D001-H23-SOC01
20260718_162525_stage_0_6a88ecee,inequality,1020,1020,constraint,INEQ-UPPER-D001-H23-SOC01
20260718_162525_stage_0_6a88ecee,inequality,1021,1021,constraint,INEQ-LOWER-D001-H23-SOC02
20260718_162525_stage_0_6a88ecee,inequality,1022,1022,constraint,INEQ-UPPER-D001-H23-SOC02
20260718_162525_stage_0_6a88ecee,inequality,1023,1023,constraint,INEQ-LOWER-D001-H24-PW01
20260718_162525_stage_0_6a88ecee,inequality,1024,1024,constraint,INEQ-UPPER-D001-H24-PW01
20260718_162525_stage_0_6a88ecee,inequality,1025,1025,constraint,INEQ-LOWER-D001-H24-PW02
20260718_162525_stage_0_6a88ecee,inequality,1026,1026,constraint,INEQ-UPPER-D001-H24-PW02
20260718_162525_stage_0_6a88ecee,inequality,1027,1027,constraint,INEQ-LOWER-D001-H24-PW03
20260718_162525_stage_0_6a88ecee,inequality,1028,1028,constraint,INEQ-UPPER-D001-H24-PW03
20260718_162525_stage_0_6a88ecee,inequality,1029,1029,constraint,INEQ-LOWER-D001-H24-PW04
20260718_162525_stage_0_6a88ecee,inequality,1030,1030,constraint,INEQ-UPPER-D001-H24-PW04
20260718_162525_stage_0_6a88ecee,inequality,1031,1031,constraint,INEQ-LOWER-D001-H24-PW05
20260718_162525_stage_0_6a88ecee,inequality,1032,1032,constraint,INEQ-UPPER-D001-H24-PW05
20260718_162525_stage_0_6a88ecee,inequality,1033,1033,constraint,INEQ-LOWER-D001-H24-PH01
20260718_162525_stage_0_6a88ecee,inequality,1034,1034,constraint,INEQ-UPPER-D001-H24-PH01
20260718_162525_stage_0_6a88ecee,inequality,1035,1035,constraint,INEQ-LOWER-D001-H24-PH02
20260718_162525_stage_0_6a88ecee,inequality,1036,1036,constraint,INEQ-UPPER-D001-H24-PH02
20260718_162525_stage_0_6a88ecee,inequality,1037,1037,constraint,INEQ-LOWER-D001-H24-PH03
20260718_162525_stage_0_6a88ecee,inequality,1038,1038,constraint,INEQ-UPPER-D001-H24-PH03
20260718_162525_stage_0_6a88ecee,inequality,1039,1039,constraint,INEQ-LOWER-D001-H24-PH04
20260718_162525_stage_0_6a88ecee,inequality,1040,1040,constraint,INEQ-UPPER-D001-H24-PH04
20260718_162525_stage_0_6a88ecee,inequality,1041,1041,constraint,INEQ-LOWER-D001-H24-PF01
20260718_162525_stage_0_6a88ecee,inequality,1042,1042,constraint,INEQ-UPPER-D001-H24-PF01
20260718_162525_stage_0_6a88ecee,inequality,1043,1043,constraint,INEQ-LOWER-D001-H24-PF02
20260718_162525_stage_0_6a88ecee,inequality,1044,1044,constraint,INEQ-UPPER-D001-H24-PF02
20260718_162525_stage_0_6a88ecee,inequality,1045,1045,constraint,INEQ-LOWER-D001-H24-PF03
20260718_162525_stage_0_6a88ecee,inequality,1046,1046,constraint,INEQ-UPPER-D001-H24-PF03
20260718_162525_stage_0_6a88ecee,inequality,1047,1047,constraint,INEQ-LOWER-D001-H24-PF04
20260718_162525_stage_0_6a88ecee,inequality,1048,1048,constraint,INEQ-UPPER-D001-H24-PF04
20260718_162525_stage_0_6a88ecee,inequality,1049,1049,constraint,INEQ-LOWER-D001-H24-Pch01
20260718_162525_stage_0_6a88ecee,inequality,1050,1050,constraint,INEQ-UPPER-D001-H24-Pch01
20260718_162525_stage_0_6a88ecee,inequality,1051,1051,constraint,INEQ-LOWER-D001-H24-Pch02
20260718_162525_stage_0_6a88ecee,inequality,1052,1052,constraint,INEQ-UPPER-D001-H24-Pch02
20260718_162525_stage_0_6a88ecee,inequality,1053,1053,constraint,INEQ-LOWER-D001-H24-Pdis01
20260718_162525_stage_0_6a88ecee,inequality,1054,1054,constraint,INEQ-UPPER-D001-H24-Pdis01
20260718_162525_stage_0_6a88ecee,inequality,1055,1055,constraint,INEQ-LOWER-D001-H24-Pdis02
20260718_162525_stage_0_6a88ecee,inequality,1056,1056,constraint,INEQ-UPPER-D001-H24-Pdis02
20260718_162525_stage_0_6a88ecee,inequality,1057,1057,constraint,INEQ-LOWER-D001-H24-SOC01
20260718_162525_stage_0_6a88ecee,inequality,1058,1058,constraint,INEQ-UPPER-D001-H24-SOC01
20260718_162525_stage_0_6a88ecee,inequality,1059,1059,constraint,INEQ-LOWER-D001-H24-SOC02
20260718_162525_stage_0_6a88ecee,inequality,1060,1060,constraint,INEQ-UPPER-D001-H24-SOC02
