run_id,day,hour,PW_1,PW_2,PW_3,PW_4,PW_5,PP_1,PP_2,PP_3,PP_4,PP_5,PH_1,PH_2,PH_3,PH_4,PF_1,PF_2,PF_3,PF_4,Pch_1,Pch_2,Pdis_1,Pdis_2,SOC_1,SOC_2
20260811_155000_stage_B_2C_30day_full_final,1,1,1317.9428732024819,691.08013767693535,814.17981224213111,581.49475410133618,648.70894301917838,0,0,0,0,0,2.7299524911192692,2.732992945681,2.2487920672189516,2.2321723601388266,440.35398883367776,440.35398883367776,229.91091635309203,229.91091635309203,153.23032330413048,149.37822804025484,135.74613593309005,132.98217493153396,287.07824824728647,280.62689438392886
20260811_155000_stage_B_2C_30day_full_final,1,2,1233.6233951245918,700.97751607048815,849.51344110965749,568.0499025929638,650.14296866488007,0,0,0,0,0,2.7736707246455947,2.7771135351333176,2.2589907333228001,2.2426040259778954,402.95989672268439,402.95989672268439,213.44417295856206,213.44417295856206,164.21721943390196,160.7831859132535,126.35115987722112,123.48150352578051,294.48356809644139,288.13009112165645
20260811_155000_stage_B_2C_30day_full_final,1,3,1113.6927162221646,652.92307871545142,810.37744114152167,588.79467517033265,712.868710134308,0,0,0,0,0,2.7783113741667518,2.7818171795522617,2.2598796780488595,2.2435193878007968,399.58209936212552,399.58209936212552,211.98815801084797,211.98815801084797,163.57737265626096,160.17900246305405,127.39944306049615,124.49626830952487,300.14826675319159,293.96200632782194
20260811_155000_stage_B_2C_30day_full_final,1,4,1118.9436392913121,592.58358071350415,863.2388362039236,643.33702412202558,601.26445118386084,0,0,0,0,0,2.7767457125883737,2.7802406421294599,2.2595484330740798,2.2431795041598166,401.853577110522,401.853577110522,212.89951982351613,212.89951982351613,162.84231467988712,159.38607172015938,128.08482826136861,125.21011846402405,304.38987411912484,298.28711702704982
20260811_155000_stage_B_2C_30day_full_final,1,5,1134.4504724968299,653.70713067780571,823.18872611722736,527.19610098422152,632.13946526544362,0,0,0,0,0,2.7882654514806284,2.791824910108184,2.2632476182818868,2.2469035157053798,395.95596677566266,395.95596677566266,210.48857251096314,210.48857251096314,166.45589034553171,163.07402423969251,124.34897966239647,121.51971931247154,316.03464247188515,310.03182849558243
20260811_155000_stage_B_2C_30day_full_final,1,6,1235.3567771930182,628.19071180577009,774.53993944168451,581.07813810335119,711.17468918182362,0,0,0,0,0,2.7870958328949476,2.7906244118497789,2.2632217752453148,2.2468630547151314,396.66078710148128,396.66078710148128,210.8550502213954,210.8550502213954,171.5802474250215,168.0812481647454,118.38861626756422,115.81314387609446,338.91395819044425,332.623680870415
20260811_155000_stage_B_2C_30day_full_final,1,7,1347.8066111656044,617.80828819327405,940.79815995655997,556.76280832624184,755.95800273382702,0,0,0,0,0,2.7483025866544679,2.7514223301986087,2.2552682540506748,2.2386672889462811,432.96302764059556,432.96302764059556,226.61456319372394,226.61456319372394,171.03783249419931,166.81133528260307,115.8807156037723,113.68573966903256,364.09165676436561,356.43639410361044
20260811_155000_stage_B_2C_30day_full_final,1,8,1354.0218055377688,708.33971500839584,951.81505465731618,643.3156559425795,756.71146807350237,61.339344560802751,39.989284157744422,19.610970957674763,32.468333178935332,10.057805513053681,2.7560869272462076,2.7590759111524958,2.2614034135829586,2.2446994633006931,446.48687658427548,446.48687658427548,232.93061740714978,232.93061740714978,187.37813239473823,182.78146098312109,97.515674425041865,96.118227666908894,424.38122655847246,414.14167824740952
20260811_155000_stage_B_2C_30day_full_final,1,9,1401.265172320479,772.41695315011816,935.85499908165264,601.49911912569928,683.19677466039821,69.29583234893947,113.70912078756068,58.909697180420011,43.507573531834417,42.231054092058315,2.7584807041868356,2.7607999908231089,2.2816032490712779,2.2641585187054076,509.38046580640008,509.38046580640008,267.52324989948283,267.52324989948283,199.53273255552185,194.69279304386868,79.891674219106292,78.575081226571001,515.19215894832405,502.05954617959009
20260811_155000_stage_B_2C_30day_full_final,1,10,1046.2336143280015,765.26747028554576,919.28889791308234,540.15165793677568,618.73127829083921,147.07071363938391,100.39022028646329,75.112613856345433,112.61748343724599,117.19900265349398,3.0963659712157114,3.0970459061837525,2.5617595492123315,2.5377801264305724,604.56780842034107,604.56780842034107,338.60920002497591,338.60920002497591,119.28193263901898,118.69344197969164,75.360418755949311,72.905034791909117,538.81209970571956,527.87804974808023
20260811_155000_stage_B_2C_30day_full_final,1,11,580.87335291721388,428.55216055651221,540.65517506869776,418.85421748919816,465.44547638709423,293.48051602238991,127.88305489316656,202.69987562856105,233.36953876159882,104.15936776728537,29.5328671843561,31.311977804597262,15.092282943549497,14.282168664784793,627.76255037769522,627.76255037769522,358.05129903472471,358.05129903472471,10.108487601454362,10.330883822513943,151.33729631069392,151.28234419942649,379.75718709070151,369.0843516334233
20260811_155000_stage_B_2C_30day_full_final,1,12,147.85807077238402,154.87429418815316,357.83816980851537,236.68530617869223,224.04191683451907,379.77350103517318,365.28475125194018,326.45229274334366,279.56889577456695,188.78702592009782,47.735842195281499,56.562450328004253,17.460950173130936,16.334260701788146,627.82902177250344,627.82902177250344,358.10606284905589,358.10606284905589,9.3832646490667475,9.4717611831904911,200.25831798396396,197.46881069958431,165.69288307045852,158.19914703209108
20260811_155000_stage_B_2C_30day_full_final,1,13,321.10406494891498,90.164835403887963,62.440260304099297,32.488477850246177,219.02499896061278,753.8337394497272,639.94666531239727,561.97592688603754,524.29726915830156,541.76710939329064,13.179248936139116,13.360952493534343,9.4089415149327884,9.1301385281595095,628.42176775071869,628.42176775071869,358.50558888987928,358.50558888987928,12.391867525885401,11.051872549163017,24.81797902572885,22.648418627840432,149.2700315929448,142.98092273984827
20260811_155000_stage_B_2C_30day_full_final,1,14,180.07778017023438,214.04995392028439,51.078556448752011,132.14454328398645,26.84545621733648,1001.6098514343946,851.36617542525391,700.09455042587638,708.24847994498793,586.21984475336455,1.0751085777630749,1.0734492910912148,1.0596126481598349,1.0608016185438922,620.76164929553636,620.76164929553636,350.72007808410575,350.72007808410575,298.60015512699482,292.5380807189091,1.0763016684263986,1.0943152581647602,416.81428046454323,405.04928954446012
20260811_155000_stage_B_2C_30day_full_final,1,15,104.28509590680706,52.854018423309249,22.321057730140673,122.91471574392544,100.19287732387173,981.1124456119237,765.2978663096095,654.19447171855597,695.70145780703569,630.4173480384477,8.0488741977184137,8.0956755325470766,6.2878619484713285,6.1709751516398823,628.50505710274638,628.50505710274638,358.52757930362174,358.52757930362174,100.04639838378723,100.66662824735577,9.7339910122211357,9.0190213621816717,496.04049344081676,485.62812012021237
20260811_155000_stage_B_2C_30day_full_final,1,16,221.94294477685676,77.721137973232558,187.93660040949231,222.68641633504947,234.87301978710843,717.46829380038571,773.79880345884089,560.9832740029367,594.8024113564436,533.896136609157,9.6996196226706122,9.7747442327578753,7.4140886506506458,7.2513257649657143,628.38923534748653,628.38923534748653,358.46113259145568,358.46113259145568,47.868637134771006,45.76461434915727,10.497081148842812,9.186617676654004,527.45884336339623,516.60892006039433
20260811_155000_stage_B_2C_30day_full_final,1,17,413.95679550364912,218.05464641747588,147.57614165359013,186.73273602054343,311.21484080227486,451.45650639158788,474.35524719597589,355.34286019933057,299.77466456208361,303.90440401271417,213.74905864737053,221.91495340301219,61.74505330520693,54.440772446610843,626.67504696482865,626.67504696482865,357.27477688246546,357.27477688246546,12.477563993224273,12.625503418698385,39.22588646507257,43.758852690834267,495.10433266277295,479.35092570296274
20260811_155000_stage_B_2C_30day_full_final,1,18,219.44693074021524,253.00798985500205,341.73582754675641,172.52975649015931,219.19167807924981,233.8395199549561,150.04197328477323,95.828922945157586,84.452584860972138,92.773161658880213,208.68671303484834,215.05093860824462,61.482239752290432,54.335326220652107,626.68071807423371,626.68071807423371,357.28897193870569,357.28897193870569,16.506930071792532,17.439357345894241,21.031897426393673,22.571446933256087,486.59179480917066,469.96696183287202
20260811_155000_stage_B_2C_30day_full_final,1,19,496.19701082060965,191.38707651995875,261.3258819888473,143.1792016756132,349.37897167610635,186.30401227712858,145.77543455030593,101.59968083689795,139.77620459828944,50.592552204289206,203.72768022183166,210.55368922386421,59.486939848319231,52.663165966165252,626.83811717345122,626.83811717345122,357.37414484555973,357.37414484555973,21.305489964953274,21.790868094676483,15.698536450623251,17.025795162758765,488.3239174991582,470.66119293723762
20260811_155000_stage_B_2C_30day_full_final,1,20,281.66753547004663,189.5307085695415,123.57310175800703,164.25606556996831,216.24853032818871,0,0,0,0,0,287.47395388814056,287.68262115588061,137.11178400951252,136.53583795790178,626.8426777863441,626.8426777863441,357.51686770274858,357.51686770274858,9.5517012127927714,10.651051490388394,121.05752125987777,116.34600175793096,362.41209163525224,350.97380399199773
20260811_155000_stage_B_2C_30day_full_final,1,21,268.26351230866931,47.786522148036745,195.0775198925694,69.520198389341573,235.28463755133197,0,0,0,0,0,287.83045444792458,288.02990116915822,137.47986711579836,136.939330885857,626.8408356076759,626.8408356076759,357.51973235234357,357.51973235234357,9.5104392835326852,10.602147576938627,120.5098285601714,114.66967847157495,237.0716774791301,233.10498295393694
20260811_155000_stage_B_2C_30day_full_final,1,22,360.43800086601556,201.81589899460053,269.10705884895083,244.76653571624607,330.43698117835959,0,0,0,0,0,281.90524450382924,282.31654306052229,130.47713666507653,129.1195213776744,626.89901839480672,626.89901839480672,357.50415656859582,357.50415656859582,12.524255698153858,13.647497886163087,27.977249519652407,29.005232926584451,217.25767480785416,213.15969446638968
20260811_155000_stage_B_2C_30day_full_final,1,23,655.43813148407662,536.71242616422967,561.49415630495298,467.33115251351495,532.32263071366469,0,0,0,0,0,81.781197646752204,88.807748795634538,29.491536184786899,27.220011695674685,626.70750210847666,626.70750210847666,357.25827938627003,357.25827938627003,60.490934468473966,60.585764769927053,10.759322732795077,11.786822012825263,259.74471279304208,254.59041385618448
20260811_155000_stage_B_2C_30day_full_final,1,24,999.25880819116787,616.90573017365671,556.3904502789652,434.14501613509566,609.56525900293786,0,0,0,0,0,78.646631578132954,85.276877664545751,28.935160070092994,26.728867796199459,626.7064388437534,626.7064388437534,357.25714132781542,357.25714132781542,58.154542123846348,58.327366162841621,10.875423154751013,11.826523898004325,299.99999719922471,293.94446129384835
20260811_155000_stage_B_2C_30day_full_final,2,1,935.20188337428613,620.24622559751697,634.03900814302301,528.76971540229113,614.02944435581492,0,0,0,0,0,4.2473838162971287,4.2601515023506016,3.5482500529643874,3.5506703743009482,523.4644703084133,523.4644703084133,276.78049350090123,276.78049350090123,128.87411905571099,126.79185351364582,150.54207855550274,146.74123377637926,248.71772817658382,245.01131414904157
20260811_155000_stage_B_2C_30day_full_final,2,2,1003.0297522056127,656.15962698108194,761.32594674763425,527.93838799209766,681.46615268407174,0,0,0,0,0,4.325918253026769,4.340044598683785,3.5192590411315363,3.5215682555832526,418.98988920190988,418.98988920190988,220.42462131184598,220.42462131184598,182.93619427202188,178.92296047687199,104.35658096019566,103.04689600226443,297.40854639896384,291.54542746459924
20260811_155000_stage_B_2C_30day_full_final,2,3,858.40564832736004,602.32041930931689,602.30750702373643,517.31849132978982,610.77693812693701,0,0,0,0,0,4.2588919338566811,4.2727085532117508,3.5179488859332815,3.5203092136230318,481.70901675041574,481.70901675041574,251.10504230667178,251.10504230667178,150.24271029386134,146.49443518069316,133.73312924608135,130.67703541053456,284.03461983445976,278.19371311551811
20260811_155000_stage_B_2C_30day_full_final,2,4,906.75629976531548,506.97556758363385,749.66755326600173,528.61147690019516,523.198600908662,0,0,0,0,0,4.2906946599543252,4.3047258306696481,3.5164166145217712,3.518748846371873,452.60607926771598,452.60607926771598,235.79410022778367,235.79410022778367,162.66147015534,159.01695502432366,123.42372574084087,120.61425607249748,293.29246992888693,287.29313255685656
20260811_155000_stage_B_2C_30day_full_final,2,5,870.85459664182031,464.68577396577069,780.39909597550877,555.2153878482269,642.65537129467884,0,0,0,0,0,4.3235912859861392,4.33776459522685,3.5182155016015182,3.5205261424899525,422.7410657036101,422.7410657036101,221.88316346561825,221.88316346561825,173.79251149648289,170.42137499400434,113.94175474906825,111.51335015165073,323.10378055453464,316.76864766073743
20260811_155000_stage_B_2C_30day_full_final,2,6,1041.2016743152451,563.46264217247483,664.765996648542,574.00432153876602,521.94884498339957,0,0,0,0,0,4.317938028131044,4.3320684284801585,3.5195651002297548,3.5218825887944529,431.60684350580465,431.60684350580465,225.9097250691247,225.9097250691247,177.7763039668292,174.0196976223238,108.8132438305377,106.87468680469311,362.19884986852787,354.63672351561422
20260811_155000_stage_B_2C_30day_full_final,2,7,992.18903655293036,493.63976244373941,788.69078623214364,501.23965105112779,515.45689233124347,0,0,0,0,0,4.2711718490959774,4.2847520708857276,3.5417690224201395,3.5441709999256386,508.07043722448003,508.07043722448003,266.74128148398484,266.74128148398484,151.04677282109947,147.25323937029958,127.51992149178119,124.29866072917589,356.45214374998272,349.05501591646646
20260811_155000_stage_B_2C_30day_full_final,2,8,1080.3990224798897,491.45948471547291,655.51990171424768,427.51709267214551,643.10812790846671,9.570753487052535,68.115254213050179,32.97574935382255,48.667698259724446,72.869345281859296,4.3147590723004923,4.3283561837390137,3.5667919093001359,3.569210094292611,520.57409525779804,520.57409525779804,274.51344812267666,274.51344812267666,159.5927225997566,154.88485860186034,115.37203923145462,112.94890786385068,371.8944393881473,362.95260214275112
20260811_155000_stage_B_2C_30day_full_final,2,9,907.42651141565523,560.40859078476467,648.43421262239656,428.12268251805091,563.12606817417475,78.44980653369889,97.35565272505012,73.527781019868826,20.395278546024901,118.83956818476652,4.3377226578364825,4.3498081377153799,3.6293367003844241,3.631847726514104,560.52373094432164,560.52373094432164,302.92564204182281,302.92564204182281,113.22567701844281,112.92237177105228,155.87438691853879,151.34004815176701,300.60378546192504,296.42712767917919
20260811_155000_stage_B_2C_30day_full_final,2,10,481.47415714740549,431.87359795603192,390.42280213090379,330.56707275518949,442.63861298751635,543.89047027647428,505.6541616095422,311.04729433615898,268.61584211814738,354.61032762888897,4.4031950972544571,4.4178252361677162,3.5924612959082864,3.5948826313396118,529.88508863196182,529.88508863196182,278.78963773044597,278.78963773044597,184.93486387301064,180.10047202938151,90.886459552976021,89.996720417671838,366.0602078887722,358.52119648598722
20260811_155000_stage_B_2C_30day_full_final,2,11,221.60639592458261,29.149270990291193,171.49709630797352,15.114050336053545,52.09504865695552,683.94514563702387,697.00661010317208,561.0645056371618,600.0653275521413,559.35028339718087,4.4904148416024778,4.5057851923420538,3.6950309617188273,3.6976380311353272,579.15134293106291,579.15134293106291,315.37086732298235,315.37086732298235,103.30493746664662,100.89235291687075,161.73052244064672,156.13974386544464,279.33407111914687,275.83570981623228
20260811_155000_stage_B_2C_30day_full_final,2,12,160.77021558625111,81.371438456724306,101.42190319162745,60.810626437510471,23.971278090896536,807.27912448669917,760.79601192387463,663.77806829004908,544.69906663652353,563.83906630137267,4.4665565417519844,4.4819617287431806,3.653495440628546,3.6560263397075201,567.56097332102468,567.56097332102468,305.1404442702875,305.1404442702875,142.07659097971128,138.74337269577194,121.75309191512424,118.66919712537306,271.92178976186023,268.85008176979022
20260811_155000_stage_B_2C_30day_full_final,2,13,132.61434296629756,19.394887449997075,17.816699963904345,72.85692414740025,6.5407010734636044,850.90978597592925,826.72350732217274,797.9961161249206,612.17986428127438,590.44924698191937,4.4466339517365627,4.4616076198816037,3.5975332667936906,3.5999374991007604,524.7646122966471,524.7646122966471,272.48648865808076,272.48648865808076,202.94164926822947,198.11355819342779,76.990606942960511,75.974609984450638,369.02415527775503,362.73605082781893
20260811_155000_stage_B_2C_30day_full_final,2,14,123.54217589953373,70.23742246594351,135.57491563437657,89.964840474898395,85.774741226337696,793.86965370760538,801.88999256211343,709.77637642284856,586.01064829922564,508.64124044535464,4.4636424320139412,4.4787540956277487,3.6221664476625524,3.6246157352163895,545.94560615359524,545.94560615359524,287.8626030383391,287.8626030383391,201.57625418860775,196.69714854783396,75.159294708621516,74.026503795193747,466.93245659347798,457.51181363732098
20260811_155000_stage_B_2C_30day_full_final,2,15,150.29963983575962,37.223478031450846,79.576114720415703,17.964382954078559,68.884271848372819,757.91007064003702,722.15567862539831,793.16846714252586,601.78328797643542,596.90719332484207,4.6324416858981055,4.649017029985143,3.7803752368628527,3.7830947602673826,590.41451326812432,590.41451326812432,324.08285339255025,324.08285339255025,175.74576413814327,172.11397283020563,78.827738847104314,77.319750987565513,537.51726782102446,526.50355475387767
20260811_155000_stage_B_2C_30day_full_final,2,16,182.57992488815253,92.537021488015043,69.449223990815042,59.499169369981082,105.90156827250007,633.6628071267653,656.28708564018814,477.59571822360039,536.82569964626953,480.52640582636184,84.291780589435447,91.194817578322088,30.825769985684769,31.003351154021018,627.49311881650306,627.49311881650306,357.65716575443957,357.65716575443957,14.345980642082713,12.655902937949072,42.082596829415742,42.438373828619611,503.67020947732595,490.74011869956541
20260811_155000_stage_B_2C_30day_full_final,2,17,94.434851221223454,114.31537963966029,151.6999852712886,40.898551407066172,92.373788204243127,601.0053702685874,567.99408798199352,448.06991978323555,353.14580867201357,341.13492832432649,201.77534110623787,210.68804445537054,58.787111436015465,59.247477411484738,625.44137493720382,625.44137493720382,356.16769506053231,356.16769506053231,21.650095766688988,20.565214269463674,34.874220001749315,38.55230485618462,484.40616233206913,466.41291725743343
20260811_155000_stage_B_2C_30day_full_final,2,18,166.35357014437758,14.082903060695452,11.772732077933128,114.61275512119205,103.93624202224284,68.573511689682746,182.23700951552379,146.39133529410856,20.93835814657735,72.240046010650047,258.33396539397972,259.94467515371508,98.132070847937271,98.578594551836758,624.95704153680163,624.95704153680163,355.91197591294565,355.91197591294565,24.585836048738656,26.090194889860019,30.402374246625968,32.407852762026153,472.75299894634941,453.88536736716719
20260811_155000_stage_B_2C_30day_full_final,2,19,159.94033934268015,34.642273926669112,4.7835796582618446,5.0065434647287717,54.668813574076246,90.344884552562974,66.443438674932679,23.597531836713721,17.915304494018592,9.0357191428508603,284.18479964332994,284.46730926285181,133.33490788672057,133.39198238481896,625.08938355491273,625.08938355491273,356.15261793658749,356.15261793658749,13.93586434121775,15.396504637055546,172.25219764799078,162.83874050206606,293.9039461334558,286.8102876493316
20260811_155000_stage_B_2C_30day_full_final,2,20,21.222247700713247,132.98808943187123,176.0671874333342,13.993120864639158,22.063055439283872,0,0,0,0,0,283.35671743085607,283.66632578009393,132.43111503745439,132.49434294615838,625.00662952334778,625.00662952334778,356.09709477397593,356.09709477397593,14.550638440197712,16.122401725168139,137.94779201430595,132.23559749200851,153.7241962692934,154.39200754419505
20260811_155000_stage_B_2C_30day_full_final,2,21,462.69385496841284,198.20344107906536,313.47894280955956,86.937328880542339,273.83520135804463,0,0,0,0,0,134.48908566575062,144.42792459778582,40.356259197250722,40.641032689617774,624.95834833030517,624.95834833030517,355.77529166979087,355.77529166979087,80.890071867597669,80.614154453579516,16.679463498057768,18.294411576897502,207.99252373006706,206.61762257808567
20260811_155000_stage_B_2C_30day_full_final,2,22,506.2207920969721,131.40929965071481,369.59588451125461,262.03956582155342,249.47019339850613,0,0,0,0,0,101.60991858570166,109.76567836539922,34.789033694469524,35.008135036615244,624.8887778773028,624.8887778773028,355.70933489316428,355.70933489316428,88.60583649464742,87.244938756132001,16.523795205864083,18.222253342794627,269.37800412429016,264.89111929994414
20260811_155000_stage_B_2C_30day_full_final,2,23,87.62817177687019,183.92211123243939,123.45909360814569,45.565880806985902,223.15424741767262,0,0,0,0,0,252.28026843504983,254.53783417726592,92.747045371444514,93.216222069790248,624.67030435731851,624.67030435731851,355.73987057751117,355.73987057751117,26.412475205537778,28.460739714790591,28.147622286354739,29.394367868650168,261.87409593554639,257.84537630031093
20260811_155000_stage_B_2C_30day_full_final,2,24,358.70938279577791,225.85340042788508,261.06104302702101,88.791151650287361,51.975693251007264,0,0,0,0,0,119.4543970018711,128.72313683106998,37.764008193565203,38.018520699487709,624.77361817792439,624.7736181779245,355.66493882740326,355.66493882740326,64.435513272234928,64.119014396891771,17.879454613199464,19.44722516729885,299.99999719922471,293.94446129384835
20260811_155000_stage_B_2C_30day_full_final,3,1,182.95793036430848,123.37575170169332,44.467300444935532,179.79182459650141,26.960550435715742,0,0,0,0,0,271.76876236965728,271.49618021930036,118.29380315926257,115.94572870361948,624.74295229861582,624.74295229861582,355.76026514739885,355.76026514739885,19.180416151207499,20.680051818628115,63.496338238442391,60.299862844369372,246.71088480370904,245.55666032575874
20260811_155000_stage_B_2C_30day_full_final,3,2,100.92463166491022,85.390709995329871,143.76576981939851,24.82921077400178,15.518650135515625,0,0,0,0,0,268.80682703539264,268.48728924949057,114.87080768775103,112.06811224443639,624.59097565561115,624.59097565561115,355.66109753954765,355.66109753954765,19.844983993906105,21.65206831235804,58.981302911274931,57.349594398445262,199.03658938569706,201.32175025305273
20260811_155000_stage_B_2C_30day_full_final,3,3,58.990475515944425,129.32048909654932,167.83400762085716,19.122548647065017,13.369967527074007,0,0,0,0,0,244.9404758850325,244.05440532262494,87.36244916674292,81.315769748453818,624.45717296134046,624.45717296134046,355.50974121201375,355.50974121201375,25.212877219313718,27.488001180293075,37.465395766820329,38.991065755733636,180.09996136438997,182.73754492005659
20260811_155000_stage_B_2C_30day_full_final,3,4,226.12352118539874,121.92774475474474,94.966468747374776,103.67447392238101,123.47169771689383,0,0,0,0,0,123.10964831327169,120.61686835563481,40.357684719270985,37.399462133423846,624.53137543566459,624.53137543566459,355.41285649548627,355.41285649548627,40.570622703047022,42.890289388995264,25.115438728505932,26.809439652840496,188.70747876545906,191.55053908921835
20260811_155000_stage_B_2C_30day_full_final,3,5,110.63538508187148,30.893819336999858,72.09060464257719,76.31383349984327,180.50975540963142,0,0,0,0,0,176.53248158816103,173.93987582459411,51.582892944195727,47.209877782579966,624.29634762138653,624.29634762138653,355.33039039885534,355.33039039885534,28.512545694593214,30.847756181594146,34.461806528103359,35.936493197146639,176.07787374825617,179.38408276693414
20260811_155000_stage_B_2C_30day_full_final,3,6,102.25205608101622,168.08570907666095,50.460964777116843,116.93641660731592,83.397421419626369,0,0,0,0,0,175.18986773616552,172.57450043877634,51.183957642199722,46.83693001567697,624.17345073057902,624.17345073057902,355.26098989333855,355.26098989333855,25.188416296568292,27.254322518216412,42.632953432206378,44.023080340187853,151.3775001571604,154.99843932200909
20260811_155000_stage_B_2C_30day_full_final,3,7,167.45875474358917,65.542850609064942,227.52471439280089,85.702314392923753,225.84239414601876,0,0,0,0,0,149.51891097735356,146.79716886904453,45.212336199374406,41.572401860647958,624.18493306950006,624.18493306950006,355.24245148945613,355.24245148945613,22.872888039129567,24.389192833932231,55.564695183889924,57.670770380441532,110.22454918805477,112.87007911650183
20260811_155000_stage_B_2C_30day_full_final,3,8,453.42681143956787,312.41044041741839,322.8876754023168,231.04392598292728,394.51269720611191,71.155082503544946,12.283587351406219,65.338097938757485,70.924037819008888,69.090711788151182,56.271520781966906,55.426976428396245,26.278631923987462,24.839140768616765,623.84455843125988,623.84455843125988,354.90526337007685,354.90526337007685,24.317427903581617,25.19383349164303,61.156174330291527,64.966105710080924,64.158929489843359,63.359967358890366
20260811_155000_stage_B_2C_30day_full_final,3,9,911.75832759808748,567.43050767815589,747.60853241992061,446.69323301576145,546.77492836935369,75.227217965421062,149.72362442023692,80.566549244666888,77.012022538930765,35.344526762997326,4.7011918000973987,4.6978135666508525,3.8804139256894477,3.8474658241209498,523.29935452178904,523.29935452178904,276.28465695646554,276.28465695646554,208.86289725524654,205.00828650201265,70.767478097825702,68.66932757283368,173.50500579975895,171.56817235199756
20260811_155000_stage_B_2C_30day_full_final,3,10,1137.5195940117028,632.54586038113587,742.96764185859456,588.1198868465068,605.9267586159599,367.7999788294876,406.67114919552552,373.35940088125625,278.78265242488584,295.78104537238249,4.7002039562197702,4.6964940845659884,3.8408066991382914,3.8085243025896158,484.2314476282657,484.2314476282657,250.92767743644006,250.92767743644006,193.72323104878154,189.33928553281891,88.856546106702794,87.367722885535429,249.12641806954818,244.89828168093965
20260811_155000_stage_B_2C_30day_full_final,3,11,1189.2289256369831,679.21023316183846,943.96183508662807,680.88223608541432,681.99478254039059,447.57385867785621,538.08996462901189,485.21752374012772,381.25917553655842,323.43893229138473,4.6757054346045157,4.6720422359469724,3.8322776327887174,3.8000218847427338,487.49600956486097,487.49600956486097,252.57629650625273,252.57629650625273,175.92737422250809,171.74394547383946,105.91805279773396,103.77114018211213,289.77432953898995,284.16656573838179
20260811_155000_stage_B_2C_30day_full_final,3,12,1139.4551408439752,591.28470169455011,698.12807480055415,560.58453852831531,550.75246407780446,663.2964515177905,651.17916293243206,594.5838920132868,435.01068307649433,485.48435171030343,4.6868418684556872,4.6831521172952337,3.8395109555200926,3.8071423381027252,496.91297157397332,496.91297157397332,257.51413137709386,257.51413137709386,167.40797333219041,163.41833951785128,113.84402797442046,111.35197049860783,313.94814112193859,307.51865963932818
20260811_155000_stage_B_2C_30day_full_final,3,13,676.95815406952261,378.60906118523155,582.51229748764877,490.89663763442934,550.44263695686823,809.38015920918156,732.24257017283026,667.97375500059184,551.74725204826052,495.24586677560075,4.7038506040868793,4.7001149595918985,3.848542398052115,3.8160480206297289,505.0758014699307,505.0758014699307,261.97154592712093,261.97154592712093,167.2325478353176,163.46791098159318,113.06459966707112,110.46421783320936,338.83010121031202,331.90175970808491
20260811_155000_stage_B_2C_30day_full_final,3,14,738.52948111438195,376.20867167786338,384.8899283759784,328.73877814372975,283.0721127339354,714.07654459669209,649.07416545219507,688.96792686034291,477.96629158885747,475.04402716992786,4.7357333922776359,4.7319177330223487,3.8606180627966236,3.8280262547161534,505.71362009382079,505.71362009382079,262.17048633303017,262.17048633303017,180.45685257848763,176.32758385799818,99.616508595558571,97.675491830508705,390.55625898033026,382.06826092416259
20260811_155000_stage_B_2C_30day_full_final,3,15,367.65733558020872,120.72674035015393,322.09498808010466,99.66012166586988,169.12492699662243,768.69843988930245,620.82495620133466,697.10872847551752,542.2209804711398,474.58622267061503,4.7869227320531262,4.782998531894374,3.883110311488946,3.8503129168890053,512.39468773438421,512.39468773438421,265.71968681660962,265.71968681660962,206.03265996550601,200.95527408382236,75.73768333781716,75.014716736329291,491.83267146282213,479.57832233701458
20260811_155000_stage_B_2C_30day_full_final,3,16,452.93350516098803,142.30329065010073,245.898802023531,164.35635155750819,238.80634696085224,585.467630805054,604.13483415952942,433.23867330386599,407.81473786063123,320.69917554906834,5.0477787081839383,5.0435573895802079,4.1592649109880337,4.1208244095701305,593.42407007262761,593.42407007262761,328.19807692895807,328.19807692895807,153.67216718371856,151.5218613475113,85.349119160067389,82.575841918539552,535.30526730587201,524.19706208473076
20260811_155000_stage_B_2C_30day_full_final,3,17,396.68644273988463,162.76300061510099,312.84894358117424,219.84023450637017,148.61570645093155,315.55169448287319,477.28732398141852,372.22280255282311,285.91333186170402,202.60818850602854,70.632387042021278,69.477652738943902,30.556195196360317,28.735283306444309,624.01398673371443,624.01398673371443,355.06184623190211,355.06184623190211,17.821265545143007,18.831251979059889,168.30271264833345,166.45895138255869,364.34139224279687,356.19079844081944
20260811_155000_stage_B_2C_30day_full_final,3,18,448.4473263701795,350.41420130644138,491.29004770047447,319.08218580300417,465.31111371363551,192.1329903569287,147.00774370696658,139.83883264035055,104.36454785832099,32.667646609722766,61.81568526677929,60.876291490854314,28.126393310152014,26.53208694661777,623.86679399496313,623.86679399496313,354.93689985142981,354.93689985142981,21.45068964396107,22.593547938863814,94.498591389219541,94.031165420391616,278.64857804545159,272.04591889647247
20260811_155000_stage_B_2C_30day_full_final,3,19,823.4728690796004,417.08174969245698,479.78330275447217,380.55550428427864,352.26676416717277,66.636930559553988,91.086026216763045,60.571810800602996,27.715255256709689,63.639509420616307,52.307129777434007,51.610845474169508,25.595290534376176,24.259015507172965,623.84168651311916,623.84168651311916,354.89372053242403,354.89372053242403,23.114734895466448,23.680145967615402,71.634839315076363,71.107223931539536,219.8575735457315,214.35002367672701
20260811_155000_stage_B_2C_30day_full_final,3,20,622.2353671930523,444.51562164822184,580.25073132658781,415.303183116632,314.00554962009329,0,0,0,0,0,36.5422820067174,36.184210897484789,20.535781063912921,19.650006903933519,623.51268874528978,623.51268874528978,354.63909355815531,354.63909355815531,28.179327600923859,28.468974331283395,46.138150749248446,44.983852799431453,193.95435644295347,189.99004190884705
20260811_155000_stage_B_2C_30day_full_final,3,21,848.1987747280624,378.81308739479653,506.2513067228914,387.82357002962249,439.62245233353224,0,0,0,0,0,34.309783017960996,33.99240181152944,19.686873861518613,18.869575006787542,623.47240558707074,623.47240558707074,354.59618722714032,354.59618722714032,27.270910132000449,27.522702800680293,51.306692113099466,49.781910284458199,161.49073988053212,159.44724078006129
20260811_155000_stage_B_2C_30day_full_final,3,22,616.94642618709622,293.50186577688186,508.58933617200177,373.4533325070488,378.19751829703694,0,0,0,0,0,29.832949026852699,29.589341910337982,17.910864923860576,17.225830147051475,623.23433607324887,623.23433607324887,354.42544744325374,354.42544744325374,26.906925791533325,28.087489084139513,57.581004969109323,56.846377925388438,121.72807868279064,121.56333881646631
20260811_155000_stage_B_2C_30day_full_final,3,23,911.04306312092251,428.54288095382009,455.96632855481653,460.11292564505112,539.34073329840419,0,0,0,0,0,23.115549362822641,22.967198005493671,14.934188048916306,14.449949550185593,622.80908110863493,622.80908110863493,354.08701568095989,354.08701568095989,26.848548929879502,28.440321302198889,69.710462552334434,71.31339756012342,68.435703217088445,67.922519588307992
20260811_155000_stage_B_2C_30day_full_final,3,24,1150.9741175141951,624.59192529024176,775.22796843420349,633.51852304127272,623.65643469403869,0,0,0,0,0,4.9447209650378019,4.939985836160341,4.0354439380565044,3.9978687067402126,549.40894152201156,549.40894152201156,295.91106649926564,295.91106649926564,278.38602065820891,272.6634127291133,17.084812149226561,17.437616775595405,299.99999719922471,293.94446129384835
20260811_155000_stage_B_2C_30day_full_final,4,1,1022.9252072878136,699.15559568722131,795.05512446331591,533.53934872211403,583.43004518968178,0,0,0,0,0,3.1751113166921203,3.1701107396925328,2.7422697162008496,2.7390935209784493,525.57133602982822,525.57133602982822,278.18824265018236,278.18824265018236,129.66489889602073,127.34503426320576,148.64283559844009,144.91603355705374,251.53969998515439,247.53717706734062
20260811_155000_stage_B_2C_30day_full_final,4,2,1065.095903100108,666.76345798619957,753.55335206176437,650.58969667781992,608.83321095685039,0,0,0,0,0,3.1911849070184917,3.1863229091316749,2.7243063779159407,2.7212016997688004,475.18255520339017,475.18255520339017,247.69094322993334,247.69094322993334,160.18655724838533,155.81032111634801,123.01237479190762,120.57887002960194,259.02718507324829,253.78994381694048
20260811_155000_stage_B_2C_30day_full_final,4,3,1075.4240099690119,553.84713239601354,800.74592820359464,617.11928145649506,672.6084995226397,0,0,0,0,0,3.212361668191368,3.2077389421819071,2.7219914511824368,2.7189374438830067,441.09894706660316,441.09894706660316,230.34504222253491,230.34504222253491,164.92785365725348,161.0770577119867,122.0250945576897,119.4859571800815,271.87881496734337,265.99712111319349
20260811_155000_stage_B_2C_30day_full_final,4,4,1223.0455437734381,651.14496789276177,853.43075408702873,495.3135778638657,566.79330966998032,0,0,0,0,0,3.2551237325220095,3.2507033656645508,2.7301114660030485,2.7270975769027097,400.05468698485777,400.05468698485777,212.27127386700809,212.27127386700809,171.63963870853792,168.29746217104557,118.10213474216467,115.49185500551948,295.1298956470668,289.14055372766842
20260811_155000_stage_B_2C_30day_full_final,4,5,1113.8562145200283,650.19249204736673,810.27941079719847,529.88929987644008,696.17827963888465,0,0,0,0,0,3.2574597143723087,3.2530488066637284,2.7299237420500964,2.7269123119868044,395.87744952292627,395.87744952292627,210.52569813648452,210.52569813648452,171.4400126091295,168.22238699503271,118.6304945849797,115.86256824536946,317.6142463453059,311.80451508389848
20260811_155000_stage_B_2C_30day_full_final,4,6,1245.2120531907212,640.20309305151738,757.27101771868263,537.97794828742406,659.64255052072087,0,0,0,0,0,3.2332392466967192,3.2287375059089709,2.7249555715659386,2.721925203019532,418.44189234615237,418.44189234615237,220.02255476980943,220.02255476980943,169.25745169891107,165.72043149756377,119.25822916399801,116.5752395042952,337.43680935877245,331.42485953804453
20260811_155000_stage_B_2C_30day_full_final,4,7,1279.2622443050186,742.14873269757982,775.59586535601022,647.96586088208608,715.94454807588875,0,0,0,0,0,3.2120826500061579,3.2074374472028357,2.7217839136255377,2.7187255192692446,438.85491145291059,438.85491145291059,229.3482042844395,229.3482042844395,173.29558177415265,169.21012901575702,112.77279189808597,110.54940657043562,368.0997308465254,360.88130168507496
20260811_155000_stage_B_2C_30day_full_final,4,8,1082.8438425943198,697.09238250421004,827.00861927573885,592.35391545265009,716.89230060591274,132.80322893557354,80.911326186154227,5.4102240287890115,8.7169400219575532,88.280313706880193,3.2098745555659534,3.2049706127634758,2.737148606622327,2.7340207307394486,497.06943088978443,497.06943088978443,259.64268104911088,259.64268104911088,164.62995582232108,160.36308976850805,115.02267422118379,112.3470396739765,388.46371972974345,380.37803839453619
20260811_155000_stage_B_2C_30day_full_final,4,9,1103.4941081986201,642.2802859890528,801.87589100915216,527.60371515314932,527.67210758707131,118.86105236642103,39.973055171330685,102.92681084781093,152.4698270831941,131.73725286315846,3.2263124872800435,3.221182882033256,2.7773003423341476,2.7740530963870023,552.34989731612256,552.34989731612256,296.55548273856505,296.55548273856505,124.07608211935158,122.59862456883066,146.10295865005756,141.86803285175245,337.79557291487373,333.08565289342556
20260811_155000_stage_B_2C_30day_full_final,4,10,718.8471716445905,477.98015637664804,548.95278179683487,521.73746961111249,590.50900292154415,365.23816456624564,377.57998013870071,291.17736791328588,287.64446820580451,264.53648167253789,3.2629161756403326,3.2576550312889583,2.7838528918462297,2.7805902759824255,551.14050053419078,551.14050053419078,294.77628707470438,294.77628707470438,148.16530751213384,144.83800916426605,119.28266915952118,115.59901307702795,338.60805060965953,334.99651327790059
20260811_155000_stage_B_2C_30day_full_final,4,11,741.5093675930317,429.20893360003686,377.64388353380588,318.21152939180206,412.59387667955758,638.16245798982845,476.16091858585509,419.7595788901927,482.80187216389186,434.89162097786942,3.2975707098696847,3.2927888071300533,2.7721544082740999,2.7690138478858177,516.55771054734362,516.55771054734362,269.23358089953007,269.23358089953007,209.8028480507933,205.93035759254539,71.19407175016336,69.880983820397475,448.32608968852531,442.68829753297211
20260811_155000_stage_B_2C_30day_full_final,4,12,215.26421779102336,185.13224095813518,250.43920914643655,106.3916445694848,109.76229034653495,894.22538220053173,683.38301227896295,738.49513199944181,556.67153031301189,577.40210229758804,3.3676580358351753,3.3618944021968438,2.8506650504162017,2.8472125490691718,580.75558347058984,580.75558347058984,315.95676334230285,315.95676334230285,172.83308584525682,169.30907660553086,85.493440111053985,83.629836775278918,508.88315571475198,502.14442561652885
20260811_155000_stage_B_2C_30day_full_final,4,13,31.830226426242511,48.338633987565565,100.12450092130032,19.738798458576696,49.041287399429798,827.37547782448598,775.09164967615322,647.36867804724022,576.98333720425751,624.95846455421076,3.652296150735741,3.6441986485689184,3.104544829774265,3.100228364841918,611.93858203145805,611.93858203145805,343.32304354384871,343.32304354384871,84.690959457483132,82.166677797515419,116.76366017696176,115.21840343403805,455.36761902986268,448.07398737425058
20260811_155000_stage_B_2C_30day_full_final,4,14,119.85889300724314,1.6246038585457809,135.50573567981354,12.819738380760141,22.467505115858899,935.38406235018999,683.37268355551782,641.51146174004737,621.51069188883014,535.6655703612654,3.7783947587302142,3.7695307383343613,3.203981721033458,3.199348013360833,614.74608446594914,614.74608446594914,345.98523251620668,345.98523251620668,75.77833624959726,72.982563971006741,114.25618523822276,109.36987984853869,396.61680472314174,392.2362062275584
20260811_155000_stage_B_2C_30day_full_final,4,15,204.53161373392021,64.829169165709573,115.26181375224724,85.645699133138791,94.045314723840193,836.24852662947467,869.53717415046003,764.69997950187314,570.1399646119628,635.82959671057324,3.7117231749420081,3.7035863678668033,3.1248795060488126,3.1205426014441633,612.55652025457834,612.55652025457834,343.65087854874065,343.65087854874065,210.93487463751785,204.49861658547408,43.939504330075842,44.64960552277676,537.63652041904629,526.6742883513997
20260811_155000_stage_B_2C_30day_full_final,4,16,166.16744297182859,30.137627307593981,22.526522337894367,79.899975338197322,9.927689896270083,605.54844742207536,612.29926260492357,528.72526018913709,448.14203681570802,498.83159863766087,135.3081654795821,128.48554449925138,49.632438285915441,48.795587859330197,627.76387543771716,627.76387543771716,357.98375470624319,357.98375470624319,9.1412820994059309,8.533458661044369,59.383727223261062,62.368153603901632,479.88175517155486,465.05645269756008
20260811_155000_stage_B_2C_30day_full_final,4,17,81.594535508550678,10.447762202022336,92.277016075534988,92.527856534830519,6.7496750649082236,332.03942970580783,284.31025128076294,380.78658080606397,313.61220144586349,331.651069924056,198.17808317940799,190.34321113923855,63.739867898279449,62.497096973297353,626.25163518046179,626.25163518046179,356.87069907461347,356.87069907461347,16.321982642530028,16.351911784164624,36.459833908290577,39.21475426962904,454.06061298506489,436.20122411483152
20260811_155000_stage_B_2C_30day_full_final,4,18,76.481072350828413,44.998934869976544,104.95218176936973,95.276957761081135,107.65006164731257,123.43760377588848,193.70263330694831,147.03004461067613,62.208795315519716,168.10781538049866,122.03647456894653,116.09259416175091,44.248925839620476,43.474498081444167,626.09629877934799,626.09629877934799,356.74564605241312,356.74564605241312,24.313027502969859,24.433508956467687,21.029279080685328,22.334774275367948,452.57647209253184,433.37496631413245
20260811_155000_stage_B_2C_30day_full_final,4,19,185.47215470211964,9.4917700234784022,153.54945426397279,84.020575185292515,46.486677768160177,72.575789698065776,52.763227573474836,62.921232001849383,0.463221205099759,10.684314285450549,237.24336203038121,234.3365705526179,90.122435661151854,88.960055678472585,626.02725599045652,626.02725599045652,356.7746178541517,356.7746178541517,19.025622092533471,20.329585407692367,26.60995208412012,28.050667097301922,440.13291854901189,420.50418529516463
20260811_155000_stage_B_2C_30day_full_final,4,20,111.91953619324185,85.301670876070787,0.74516004034237771,78.520290117084116,103.69086089846144,0,0,0,0,0,279.79061012748184,279.45486173666495,130.3471258701407,130.16573410826598,626.00654056373537,626.00654056373537,356.86032250896585,356.86032250896585,12.089426653622512,13.355459301132472,126.0641048624187,113.71120497917974,310.94217491236247,306.17831535598407
20260811_155000_stage_B_2C_30day_full_final,4,21,160.3964879628524,28.805194574686123,108.94379520809248,73.68089888932839,102.53387262778702,0,0,0,0,0,265.65668506329615,264.62606457382816,115.58315733075567,115.05502851217408,626.0170895119154,626.0170895119154,356.8094160150859,356.8094160150859,16.63827737591086,18.022218133202703,31.524669165379571,32.201630546931213,290.88921436692715,286.6187221792764
20260811_155000_stage_B_2C_30day_full_final,4,22,89.984142981956367,63.579438487695164,62.953444871205107,76.452744955492648,70.77502840914083,0,0,0,0,0,246.73562771961156,244.44002471279524,97.616885728240732,96.603360732398613,625.90875180118394,625.90875180118394,356.71910380731072,356.71910380731072,20.454256908652834,22.124605859433032,23.500401648058922,24.682051304502068,283.18648819798261,279.10636600331941
20260811_155000_stage_B_2C_30day_full_final,4,23,143.51781048244032,115.84826748013604,170.07858837303627,30.032319726270273,66.455493563089888,0,0,0,0,0,146.29716836038708,139.07807478079542,50.610391524059231,49.683381898879333,626.05753540095736,626.05753540095736,356.74121272319439,356.74121272319439,31.158496248541816,31.627845858370719,17.095948136400821,18.491401533113809,292.23363689233611,287.02542557239326
20260811_155000_stage_B_2C_30day_full_final,4,24,39.687320060701232,29.6726157186853,117.72507066093931,19.698121636694221,89.695922863134214,0,0,0,0,0,153.17186983964956,145.98053995234704,52.390930202462918,51.417987314908338,625.96874333642688,625.96874333642688,356.69632163424598,356.69632163424598,30.093104964712527,30.715588537174515,17.385690745217332,18.652494565801764,299.99999719922471,293.94446129384835
20260811_155000_stage_B_2C_30day_full_final,5,1,176.59580372027025,46.253592006222526,77.535130031833333,64.745708519816489,131.58821802714255,0,0,0,0,0,254.1828705089998,254.07313178304935,101.84812189732523,102.02934152876259,620.05573547584788,620.05573547584788,352.02067763558199,352.02067763558199,37.299866776272374,40.453702130328949,72.124817844701269,72.624006815618031,253.43119080375737,249.65945230490206
20260811_155000_stage_B_2C_30day_full_final,5,2,146.36618746522606,76.484470034631045,139.43789224062942,22.806371120182952,95.645107752766535,0,0,0,0,0,236.10245469719575,235.90167941200127,85.420922863372397,85.674205513080082,619.84137084341182,619.84137084341182,351.78259662732182,351.78259662732182,46.528639722983485,50.040817381395513,53.607691837574841,55.874539226250739,235.74286451269273,232.61336658565708
20260811_155000_stage_B_2C_30day_full_final,5,3,187.65963588117705,81.118352273762255,178.40638987048021,113.85527310888139,127.75882386385386,0,0,0,0,0,152.65900893368081,152.11026072258326,51.992990983774497,52.187933497851922,619.72608516786238,619.72608516786238,351.45204599560924,351.45204599560924,85.414122362473236,88.954799569149031,35.823768633984933,38.440221834649272,272.81138726782387,269.96132860383705
20260811_155000_stage_B_2C_30day_full_final,5,4,125.98371360831399,114.81609105604936,174.61193034753256,45.470123027594525,103.6377876888825,0,0,0,0,0,168.92646526011583,168.39740720544356,55.817832747815515,56.032319609400446,619.5870780011395,619.5870780011395,351.41908700257102,351.41908700257102,71.728827126941695,75.185689250924085,39.334953904441136,41.87356191485523,293.66182734380345,291.10226902427388
20260811_155000_stage_B_2C_30day_full_final,5,5,157.91479458234036,2.4355208550664398,68.396753936556593,10.497969187520196,2.5162861390331348,0,0,0,0,0,232.16103683123947,231.94033969598365,82.649550058369087,82.908530392597086,619.45339523291341,619.45339523291341,351.55378959365521,351.55378959365521,42.725864047625016,46.305750420591352,61.915786888891574,63.680676247480505,263.3197862212308,262.02113746116117
20260811_155000_stage_B_2C_30day_full_final,5,6,8.4092848776095774,32.074486961019659,45.868288048433072,52.457025863613467,73.704701022903436,0,0,0,0,0,247.55008217240248,247.41316474574123,95.742545272725749,95.953111642418293,619.27857723455418,619.27857723455418,351.54885352572325,351.54885352572325,34.213754858391937,37.711396941416446,96.58272602626387,94.514873646123064,186.79802556460146,190.94486843496563
20260811_155000_stage_B_2C_30day_full_final,5,7,67.982371927044596,129.29042752727878,280.14342209182587,128.2113034796802,53.607416450590392,0,0,0,0,0,217.95215343537694,217.64984724302158,73.71011621006167,73.97538018102135,619.34206853052672,619.34206853052672,351.42783156506579,351.42783156506579,38.882392153043149,42.131807176924262,78.083137392939378,78.868823199942355,135.03313695462958,141.23146911648357
20260811_155000_stage_B_2C_30day_full_final,5,8,601.18109388558059,226.67396536850555,327.91813738136358,234.90318121337776,196.66662889609324,5.0475682146799592,123.2645386616593,35.273175969393243,1.379014080024511,81.613127616948702,90.132294565134544,89.791939330453332,38.564281084586376,38.686885032235814,618.89893582605362,618.89893582605362,350.7762832372054,350.7762832372054,51.269239755831535,51.326097503175248,59.938954427877228,62.210113404575594,114.57661448168105,118.30260864203497
20260811_155000_stage_B_2C_30day_full_final,5,9,639.82848464913377,415.66657691449541,336.93416235645793,279.0322644255113,297.63498652184705,34.334421500458227,172.56826635970873,124.12898772068552,68.877168819491914,53.924776530637871,44.148539454250681,44.056526835773155,25.727747281375404,25.784208985815159,617.2718697792061,617.2718697792061,349.51524446237033,349.51524446237033,50.442385371667413,51.059892306452952,75.423505097212555,79.857425742113122,76.170866763723254,75.52603867105033
20260811_155000_stage_B_2C_30day_full_final,5,10,1000.7754834423637,619.08224764680313,628.59424892937443,418.17961797264127,595.76806125842302,6.7330569169479961,19.130025882044386,12.401986894672609,34.690311514012812,3.2579967792957252,10.007886614369127,10.003349499535702,7.9147344903195069,7.9200670743386317,567.1343016261734,567.1343016261734,308.76817481394988,308.76817481394988,266.84946812332424,259.80768802374456,24.511137821076741,25.881990530604483,289.10079049574091,280.59519063619325
20260811_155000_stage_B_2C_30day_full_final,5,11,769.00881694552027,421.8867480684645,434.73241280111631,319.30472757821997,386.87199015959004,64.561315133307005,175.90805190018654,53.888453051091687,161.0752928898566,153.15084167826706,12.034450302502135,12.027833024586581,9.3740297028892314,9.3815223987429661,601.14580885229361,601.14580885229361,335.79977959224539,335.79977959224539,181.77349323039479,176.78548235040657,55.492033045627075,55.969280011755487,391.03911990795501,377.51403584960849
20260811_155000_stage_B_2C_30day_full_final,5,12,419.25685042145415,172.49945160302434,171.29851821097301,212.71070515134625,217.64682762023179,311.11861377880217,160.92471919987821,81.75814505087385,117.30458117572987,148.22581922347356,17.009098280319279,16.997286095881584,13.034223320008298,13.048285855471725,613.18340405246886,613.18340405246886,345.97322070106401,345.97322070106401,29.278338909560606,31.948228767250637,255.19902019378034,244.88117298849764,133.83515804458142,134.17724953069205
20260811_155000_stage_B_2C_30day_full_final,5,13,572.43384257253263,252.60911648146785,414.09017708967389,263.25363841824515,218.93229247947684,212.10313336341366,160.81671219088389,93.205501469581122,66.496850691290376,169.86747018259553,11.905532410557029,11.899190860200648,9.3916605775824706,9.3991227345250117,602.16629814338341,602.16629814338341,336.68741120019484,336.68741120019484,94.241115106168621,93.608418138038644,108.00582878297134,105.73204425205441,98.645685214609586,100.94477668597735
20260811_155000_stage_B_2C_30day_full_final,5,14,448.08208306220348,363.34159409307028,368.52693091562372,221.07666625126859,328.61503289603058,321.74396795221531,207.30443005281282,229.30182280801498,141.81667055952508,127.35519732438284,9.445592880338447,9.4416966743197239,7.5814862425538969,7.586278374229547,564.76212667980678,564.76212667980678,305.94812692452666,305.94812692452666,169.3628421126036,165.31022353584382,91.995028087066117,90.038080266125135,148.85554524143484,149.68166646143112
20260811_155000_stage_B_2C_30day_full_final,5,15,623.82235063174573,428.78310122897216,530.6588191851223,302.56167965099013,298.76879544902619,192.13128863126295,177.38604221711569,225.03607546969982,197.4183062358255,158.82980148181056,8.9860620267134745,8.9826266684463629,7.1544660192358558,7.1586863534915848,497.08519934227553,497.08519934227553,258.73989570714144,258.73989570714144,191.52641080667348,186.36772902708239,89.519700513522281,89.046147971941352,221.76298106352732,218.47245817253713
20260811_155000_stage_B_2C_30day_full_final,5,16,865.82509355945592,379.42172024328659,580.97226166244707,449.23534839854096,357.28724943902705,219.53865495751094,88.945365709520757,101.25003044140097,152.76762433577633,92.880008472396597,8.9037468350672597,8.9003805562285265,7.0776934169099777,7.0818226579588366,462.77469230013355,462.77469230013355,239.97799607163452,239.97799607163452,184.10622665278561,180.06993729340408,100.03319905436889,98.55058746275634,276.31058610173557,271.03474900020484
20260811_155000_stage_B_2C_30day_full_final,5,17,694.72447653891652,535.54739856708738,665.64979566865293,474.01455730117328,403.33688358805989,132.67351003248712,82.577224804309466,17.200659243634849,89.448718398059981,85.812255124371958,8.8169563739423218,8.8136125928028441,7.0704654659079473,7.0746162470552685,478.7387517522198,478.7387517522198,248.89101714238788,248.89101714238788,166.22451515665369,162.5577153067361,116.67184619013565,114.08971653757577,296.27726508701761,290.57034106784977
20260811_155000_stage_B_2C_30day_full_final,5,18,823.75271672809356,454.26406715126672,697.00158075458194,471.56445546649138,568.3677504164699,53.821276106887339,41.85165879228218,39.648337611439231,2.5531845395382855,61.641888723292148,8.7563291376550048,8.7529876514107006,7.0832296009775666,7.0874210038933434,496.17970207079577,496.17970207079577,259.22414283858689,259.22414283858689,150.29349670315807,146.52644691312108,131.40889209467176,128.45647801856282,285.53153201466904,279.71472326903336
20260811_155000_stage_B_2C_30day_full_final,5,19,827.49530252803004,572.83238294078319,745.2127881413511,457.91497634020573,512.22268696104379,106.90704451390673,114.14777736923085,91.249156541063769,16.237444403847871,65.241778696102784,8.8006914257311379,8.7973742579666823,7.045400610959268,7.04951285482686,462.42280165609873,462.42280165609873,240.32580138963587,240.32580138963587,169.35656807926719,165.65038619896498,115.27516376286302,113.08026683884974,309.86892799393945,303.15532991604653
20260811_155000_stage_B_2C_30day_full_final,5,20,1004.2957287845544,455.71153391045675,676.48619653887181,558.69470068031831,540.81435383849021,0,0,0,0,0,8.6993831937543238,8.696033438363802,7.1092293673330014,7.1134807489683736,513.91998298593705,513.91998298593705,270.47309681340295,270.47309681340295,129.86005179469583,127.84818296055396,152.39126743744384,148.91016721801535,257.41934412311701,252.76295322719471
20260811_155000_stage_B_2C_30day_full_final,5,21,1037.1577247234136,569.54622871129743,639.47276514476209,558.97090003677181,628.27727528843195,0,0,0,0,0,8.6777285257354233,8.6744741974083084,6.9882016169655028,6.9922710484499824,448.13988414077994,448.13988414077994,233.68709106825909,233.68709106825909,163.22926802632696,159.14966502628218,123.1789359554131,120.78847738588209,267.46020095190778,261.78823243320187
20260811_155000_stage_B_2C_30day_full_final,5,22,1045.7463486259016,487.72561164052985,762.50237380125975,497.55415126598939,618.85580295832938,0,0,0,0,0,8.7450994640010649,8.741837754194135,6.973563196668656,6.9775885724510678,409.17399246354319,409.17399246354319,216.01316662121215,216.01316662121215,168.54508357004838,164.95426141828619,120.89833369976478,118.40431583973377,284.81929427632377,278.68671677662195
20260811_155000_stage_B_2C_30day_full_final,5,23,1069.3156800300737,576.12645848271723,570.04387138083564,474.07592952604296,601.0472411685522,0,0,0,0,0,8.7392402747454589,8.7359798655574039,6.9701514496757708,6.9741759096341021,409.18110126140488,409.18110126140488,215.92073447974659,215.92073447974659,163.37828827345686,159.86564368559939,126.88532410347663,124.1262082854428,290.87606027412755,284.64778688761385
20260811_155000_stage_B_2C_30day_full_final,5,24,899.01389897649562,486.21045654482543,730.00469795354934,418.02815464874334,594.21294918546096,0,0,0,0,0,8.7869542620561667,8.783674466569515,6.9758964950352054,6.9799152584548532,394.92337163661961,394.92337163661961,209.97389269482827,209.97389269482827,165.37449681203933,162.0601150610627,125.7417991851644,122.9016862338497,299.99999719922471,293.94446129384835
20260811_155000_stage_B_2C_30day_full_final,6,1,1154.1250100547427,671.31481690440501,896.17792118543969,740.18890234595222,707.88354842189415,0,0,0,0,0,7.0431849004482823,7.014525802709314,5.3505186806608824,5.3730706278386302,494.24600537037628,494.24600537037628,258.49673274625769,258.49673274625769,141.67548192099898,138.04015684757346,141.41143400183051,138.34722960938171,270.38411537053435,264.46145844624039
20260811_155000_stage_B_2C_30day_full_final,6,2,1216.1310209170451,742.93749929239596,984.09849893812702,620.63424360834267,686.98596043498708,0,0,0,0,0,7.0647988652490241,7.0366283132327156,5.3084572248253963,5.3304278381357184,436.23796626483977,436.23796626483977,228.3067855170471,228.3067855170471,167.42306200781459,163.73810025598294,119.57125299365397,116.97287027403071,288.20792340684085,281.85589281659088
20260811_155000_stage_B_2C_30day_full_final,6,3,1212.6636019968923,632.1201663981517,898.40721945698454,632.59370697027407,639.82224776014334,0,0,0,0,0,7.0560107334469393,7.0277902696593948,5.3107197283488077,5.3327574247232965,446.58281312750074,446.58281312750074,233.04796044580954,233.04796044580954,158.6573149829841,154.94155640414911,128.51550489133922,125.48759861054893,288.20450145670515,281.87262845749291
20260811_155000_stage_B_2C_30day_full_final,6,4,1158.0840707533969,638.25339370148106,918.15787753260497,615.9193016644241,694.01825490325598,0,0,0,0,0,7.0773001990495565,7.049187739133715,5.3037665629789794,5.3256481958394293,423.97620346557579,423.97620346557579,222.59578534515958,222.59578534515958,164.95614053038204,161.61640926273606,123.63010919680708,120.60966172267456,299.29823993759669,293.31666154653919
20260811_155000_stage_B_2C_30day_full_final,6,5,1284.4509584925618,578.46633809578941,819.53844730213348,654.70765387389872,721.4447343945792,0,0,0,0,0,7.1043697846189016,7.0762727684346647,5.3042108716505627,5.3260048737832379,406.59494824841158,406.59494824841158,215.13478035021177,215.13478035021177,171.39716776150311,168.3020757149429,117.84200194281831,114.97879387893065,322.62013320870693,317.03431426895378
20260811_155000_stage_B_2C_30day_full_final,6,6,1222.6783534986735,643.65352582499634,877.01161111724332,559.5944510478206,799.59656947546421,0,0,0,0,0,7.0720337119716792,7.0438121656900536,5.3111127812173198,5.3331032228397737,437.74210920305694,437.74210920305694,228.9306081768535,228.9306081768535,166.35916404890534,162.75734427643317,120.6512007133653,117.82530000623409,338.28649117120472,332.59892411081688
20260811_155000_stage_B_2C_30day_full_final,6,7,1258.0942298165539,774.14780467419553,952.82652554630863,706.28231706665292,816.36447448689773,0,0,0,0,0,7.061791812689699,7.0333862364570372,5.3221778555293007,5.3443432660833787,455.74259152545835,455.74259152545835,237.81103764067973,237.81103764067973,170.1015844687594,165.9114473859357,114.37699561839027,112.05172714266202,364.29236650598801,357.41730771075669
20260811_155000_stage_B_2C_30day_full_final,6,8,1157.8129936252924,812.05214009153235,1050.0254449934055,644.88707891772026,726.17929461772542,88.520983274086561,25.758766346144661,67.270303518331772,65.900203518501726,26.505050486560577,7.1552532608676032,7.1258352471705173,5.4040760553891278,5.4269719161186067,506.63171322551045,506.63171322551045,265.89825216206441,265.89825216206441,157.97365591541629,153.81415468504875,119.91583203365535,116.78765192281587,373.2288434591344,366.08598923528291
20260811_155000_stage_B_2C_30day_full_final,6,9,1428.8921844024142,786.37490927714202,967.49849421137492,725.37931492846576,819.34605947416935,21.460143621381867,28.926216973677843,45.773838301393369,63.643609453865771,65.898265500078239,7.2226556990687261,7.1926030076572429,5.4548424393718218,5.4781623499495522,521.0901492610941,521.0901492610941,275.29103384648027,275.29103384648027,167.99389233848805,162.76032763218964,105.81858898023899,103.63196513528096,406.84713658573042,397.42365617616366
20260811_155000_stage_B_2C_30day_full_final,6,10,1434.353056587908,711.87595124365782,1004.2362698732328,678.09066100689836,751.25075509476369,58.927525968048478,137.06225277025447,143.47323832549907,128.20759353039386,99.348541828375417,7.3844018059605672,7.3530580056797286,5.5497408605268994,5.5738060865108947,541.84243495361068,541.84243495361068,289.31456816145851,289.31456816145851,182.9375634818295,176.94406992074732,87.789956733339523,87.090817451388318,473.94654734899962,459.90574415884925
20260811_155000_stage_B_2C_30day_full_final,6,11,1190.7897371982087,671.54413737792993,798.34450907031544,598.19213679364816,622.61774432080165,296.46892767625019,101.69688845069211,137.25394313025566,196.97152699506768,90.624793281875512,8.2099808164850483,8.1712428739532452,6.1070673955105077,6.136195023624337,589.41841825990923,589.41841825990923,326.07717932478062,326.07717932478062,113.5360660478472,111.19994955676263,117.05442978140164,113.56156024921047,446.06852925717141,433.80618737192384
20260811_155000_stage_B_2C_30day_full_final,6,12,953.31539782788025,652.64348721564068,868.63336725838496,655.06616821329624,604.68288166802415,318.3681395554367,146.0034776269454,93.231680392922414,94.957808124628627,83.357006003313984,8.8108476610939892,8.7669589669421484,6.5005605508013149,6.5334357874134081,598.72630848569122,598.72630848569122,333.80723459333865,333.80723459333865,87.084413996450934,87.973560210505056,134.21389774630322,124.90577344986845,375.31794880252914,374.19819883930262
20260811_155000_stage_B_2C_30day_full_final,6,13,1131.8821592874965,688.24276698174276,732.51163364319791,469.58839835575634,712.69042963068637,163.18461181808121,243.90769587270682,172.76246397844736,186.69695430440879,105.04680646885339,8.2419958241407176,8.2028526882433486,6.0651079514320836,6.0936454635096942,584.87021845021673,584.87021845021673,322.29170741208583,322.29170741208583,229.95080406890071,221.05470946777743,44.96525830256833,46.598881240801262,532.31227435057497,521.3709026483009
20260811_155000_stage_B_2C_30day_full_final,6,14,766.07428097337197,474.64552231642824,428.18095689493884,395.69272445988651,431.70008314829374,349.76191429074572,335.47986187690697,217.44589469724053,244.7295065180966,122.91322457831077,145.67005036746244,139.40103305709661,31.753947245226783,32.53010918094278,621.61989406808789,621.61989406808789,353.02293983537845,353.02293983537845,42.790557438709044,42.367443859337996,43.707233719282399,46.185990166883528,522.26018302398836,508.18383526961225
20260811_155000_stage_B_2C_30day_full_final,6,15,401.58374762804578,380.24624027734086,463.24514231534755,377.84910246203236,421.00738524840187,48.739373616850095,116.99977358014785,12.593623412140326,87.748655439420119,133.13633378639864,286.96314436172747,286.83330402238158,133.78338620484416,134.00118402636093,623.99317577913814,623.99317577913814,355.06091850784065,355.06091850784065,20.988633275772855,22.730143420594846,99.212067134752502,101.66812460621732,430.91432282245796,415.67638145234946
20260811_155000_stage_B_2C_30day_full_final,6,16,450.43452085431034,392.86628835753834,344.93902556596686,271.19020107737714,395.9709736979346,90.672852986560883,209.67268056377472,28.562742719762351,106.32664209106444,154.42426377298565,288.74171174231049,288.64206750349371,136.58939241326689,136.74390129190181,624.39759484051319,624.39759484051319,355.36234938237908,355.36234938237908,18.355007051014937,19.823957025220349,159.65499766157484,153.22681333062752,270.0393873221775,263.26592796324024
20260811_155000_stage_B_2C_30day_full_final,6,17,586.00013183637304,282.00128399361301,390.83093877780965,426.405929943101,382.21224643388962,107.6221622785328,64.573478684391972,74.232341066872337,86.27002701555061,49.169249238975965,288.71658402410304,288.61458518503582,136.58652658988677,136.74060261290387,624.35672352393112,624.35672352393112,355.34335290984211,355.34335290984211,18.089480735696331,19.700856147631292,172.67539639484608,165.73869993989959,94.458368434475091,96.842587451776012
20260811_155000_stage_B_2C_30day_full_final,6,18,946.60538915442976,407.20489841185872,712.51499482739268,385.60031992362889,498.42544944954255,35.752582591664776,114.1318713637432,69.536527742150042,3.8797871948385967,52.986881876159273,270.7822265110687,270.11801779105241,97.967675279567061,99.7395831114206,623.19379919944311,623.19379919944311,354.26417150752309,354.26417150752309,46.243062926522718,48.29310255618757,31.445724580032163,32.928294260230054,101.13743109053213,103.71938612986727
20260811_155000_stage_B_2C_30day_full_final,6,19,798.36666388081301,550.01498167373143,732.00860173783667,611.81810140241646,534.55583882266433,134.36713866438052,64.275401380358588,101.40319307924879,32.575192854351442,24.095615123200023,227.82803992615379,224.5467603874599,43.94459564780805,45.427241323119695,622.2484564121944,622.2484564121944,353.50457039737978,353.50457039737978,52.068792832884853,54.090746886600051,33.948407810302214,35.477712386491888,110.27889151757051,112.98137789837195
20260811_155000_stage_B_2C_30day_full_final,6,20,1165.4967165090384,782.90130940440679,964.33822241599307,574.0546767483429,827.04583416353887,0,0,0,0,0,91.782844642678896,87.41406668069834,25.174092005002208,25.7046841079238,621.31520010598717,621.31520010598717,352.73935848498746,352.73935848498746,61.088551457136994,61.895744712499692,34.586205475527564,36.37652683453743,126.82947063396304,128.26918499013587
20260811_155000_stage_B_2C_30day_full_final,6,21,1176.6115438010652,660.48571459572463,759.99947784930907,632.24374845394448,717.92748488300572,0,0,0,0,0,66.446154536517668,63.866914439160105,22.365193269998613,22.786761929865218,620.90130270928364,620.90130270928364,352.42621970970708,352.42621970970708,46.638664003748382,47.689868932650299,46.586079461558001,48.354414878268663,117.04195772449457,117.46293938700009
20260811_155000_stage_B_2C_30day_full_final,6,22,1057.1371430906136,755.12859577247696,1001.283683122875,663.74670419797621,709.90997730275728,0,0,0,0,0,44.149457459938297,42.996019978947004,18.904738124917976,19.204987703876967,620.29145397801892,620.29145397801892,351.93908440874725,351.93908440874725,39.069482397282414,40.27376984130791,70.259603415795681,72.161265294883705,74.138265864498365,73.530148583195384
20260811_155000_stage_B_2C_30day_full_final,6,23,1206.5922473279359,731.13748385877193,1078.7067991724236,684.101404724806,811.7143527815698,0,0,0,0,0,10.474669793691916,10.406637083373639,7.314967515860598,7.357034345029156,606.99268878896044,606.99268878896044,340.86894973384022,340.86894973384022,141.10302475909759,145.30239668485879,56.2942002740009,56.582347520893634,138.58187673212961,141.43303057635316
20260811_155000_stage_B_2C_30day_full_final,6,24,1353.2576858479438,751.77473754270511,845.0085600216031,646.39918558692136,822.56802992345149,0,0,0,0,0,9.0927992922723977,9.0409784470531491,6.5152001342039005,6.5487211769918643,596.60585766141139,596.60585766141139,332.24917919779335,332.24917919779335,228.53796888731222,220.82716598335691,39.839446378337421,41.609716800773427,299.99999719922471,293.94446129384835
20260811_155000_stage_B_2C_30day_full_final,7,1,1314.2449980569265,658.10519387036663,1005.4372610120345,702.89981517830574,758.06300742538463,0,0,0,0,0,42.273052114096089,42.815821877515468,23.832590567011504,23.756636947311254,581.41561992022741,581.41561992022741,319.94494400716843,319.94494400716843,90.061820947989702,91.863071454899583,167.65463897167029,160.12074852747574,194.77270386167055,198.7092827949516
20260811_155000_stage_B_2C_30day_full_final,7,2,1191.0935277087378,725.07229709772912,1063.5303231849007,764.19391247825104,787.93683575637749,0,0,0,0,0,31.512310664855011,31.808277054708025,19.55198644847243,19.500056034523062,555.23831913789502,555.23831913789502,299.80946708838309,299.80946708838309,146.29827391724712,141.5686534734607,112.97103226904848,110.60079624055084,200.91778119936123,203.23129732045427
20260811_155000_stage_B_2C_30day_full_final,7,3,1242.9336730326024,878.0374182948359,938.22147364973307,690.56642878101991,872.29844702751109,0,0,0,0,0,26.817256266707478,27.028277354126114,17.380273192279436,17.339077632986914,510.85682716626957,510.85682716626957,269.45506109870911,269.45506109870911,182.34594410816126,176.64300289091634,93.92978640012926,93.813058837189388,260.6627015632294,257.97326788095751
20260811_155000_stage_B_2C_30day_full_final,7,4,1325.8796045867261,740.3936300369661,1008.8883293629252,717.57326827025258,781.13139539314091,0,0,0,0,0,26.147313207796188,26.347182506592471,17.049109203734957,17.009480602004629,497.68769955647326,497.68769955647326,261.41227379956655,261.41227379956655,182.42421921672775,177.94790748839034,96.229334937537303,95.5235318853628,317.92301559435401,311.9891269701057
20260811_155000_stage_B_2C_30day_full_final,7,5,1216.2777933692873,787.23816871370639,950.25023529879832,657.83534757019061,789.24900509459269,0,0,0,0,0,27.339632946273014,27.559831829233854,17.633952262685508,17.59150823334333,520.02416452269586,520.02416452269586,275.22748760724409,275.22748760724409,165.05821057862389,160.34339783231204,108.1273477552418,105.79548107770366,346.3339076092912,338.7476504884047
20260811_155000_stage_B_2C_30day_full_final,7,6,1349.1124283005879,750.65032351518744,969.74694700590908,768.27534639887415,810.39891252598011,0,0,0,0,0,27.490400480788363,27.713079803034525,17.700288281008238,17.657569890665396,520.98442690807246,520.98442690807246,275.93569254352127,275.93569254352127,178.72618216038111,173.17340430077681,95.045443671990924,94.268607683943387,401.58142302919981,389.86081693250003
20260811_155000_stage_B_2C_30day_full_final,7,7,1364.3770034479078,897.82503485536415,1154.3425501432368,764.45941009654859,862.2336999328686,0,0,0,0,0,30.667955949724853,30.948795601054478,19.164266211630459,19.114329700942854,549.86834094307574,549.86834094307574,295.91386638334416,295.91386638334416,169.02457919462216,163.22177081197106,94.478626203794761,93.07026321067778,448.72729296681007,433.34900709585418
20260811_155000_stage_B_2C_30day_full_final,7,8,1318.3742840939192,822.87638864580254,1032.8056568739039,763.32078771092006,828.47652126762182,83.044001501499793,111.68325726652679,43.407586381208468,72.784472593990131,29.813522605328529,45.015383190046762,45.645468122865054,24.716191341007846,24.634560090629215,584.17878250238141,584.17878250238141,322.17818194009476,322.17818194009476,112.47100472700799,110.64638727654659,123.38485933327652,120.42052210005602,412.85690907303228,399.13017553357287
20260811_155000_stage_B_2C_30day_full_final,7,9,1494.0255974502452,924.06470515889919,1133.7685702213207,759.3652943372615,876.35446665953214,16.071780816556018,104.4045778593014,42.299288009412564,62.825125316660092,57.20876977401258,53.912477434656395,54.824945363340184,27.538162115603978,27.437887360228888,589.90019993573128,589.90019993573128,326.77991850686328,326.77991850686328,111.80243522551019,109.95452451008605,113.25437083749338,111.04070413588369,387.64091095655431,374.71068744166831
20260811_155000_stage_B_2C_30day_full_final,7,10,1323.9772207332705,842.47707900870307,1008.6507484152128,828.25822842804462,961.73567695938834,99.3325458209018,117.47532258351269,74.761994931609536,93.928202369125046,2.9447385292413091,100.89825090971914,103.7988285055979,37.812190820000417,37.632362985000036,599.25701725235717,599.25701725235717,334.44086327595465,334.44086327595465,63.968268190223014,66.899722506065544,189.77087171688495,180.01796692345073,234.35582819788283,234.9004744488488
20260811_155000_stage_B_2C_30day_full_final,7,11,1478.3318349036083,868.25113307788104,1099.3272383928363,872.5164450692024,1002.7435483230394,12.937652024209296,119.90357910751334,94.045787339970047,99.112046869192,3.3359968615368243,55.311672032177334,56.274764942097626,27.941458667332238,27.838316340780747,590.50819067327711,590.50819067327711,327.27316508580401,327.27316508580401,114.96188832489121,112.93262548565176,108.12839248416468,106.33193585684016,217.67886937454634,218.39324198944604
20260811_155000_stage_B_2C_30day_full_final,7,12,1404.0919386891371,873.94638873009035,1155.5873406052215,735.49947685822497,870.47337478909139,200.02669454250508,19.769586454117082,60.437154688655468,68.627093342719846,37.610061696792528,52.71093579040366,53.584148175478603,27.162557175117122,27.064789873149426,589.32806865941802,589.32806865941802,326.31979682401061,326.31979682401061,99.622012479671127,99.322003399343714,132.63619827567544,128.42054522577695,159.96512696661085,165.09355035354761
20260811_155000_stage_B_2C_30day_full_final,7,13,1293.0407670476945,845.43289626843693,1142.4661070369891,835.45422801360189,922.3760751315674,28.84862492993172,185.18858474155437,83.843347239692008,131.37503538884627,89.385846408749273,29.580632400036993,29.842603411136761,18.627303526347724,18.580172933337632,542.83821758180773,542.83821758180773,290.68311938371937,290.68311938371937,214.26526312273768,206.74912312224947,63.695222956247669,66.234264879762435,282.03139382568844,277.57413351939175
20260811_155000_stage_B_2C_30day_full_final,7,14,1515.9809165590009,866.17104702266897,1140.9838691991515,758.6074950395838,899.04640210487969,103.09259038738084,64.550373116321737,41.356708499328896,82.672937823502707,30.151059163199122,29.83732420706033,30.103998917765775,18.752487706085724,18.704718080272041,543.87305288137247,543.87305288137247,291.5978644092437,291.5978644092437,207.86439010776652,200.61848643467363,67.695991419864427,69.833122715142309,393.89157667838441,380.53841273821769
20260811_155000_stage_B_2C_30day_full_final,7,15,1349.8713425992373,924.38444948020458,1061.1045551207042,839.95283648236887,830.79533966723181,68.832105656651336,56.492239724916331,17.977966070756501,23.098289209649288,20.73710414973845,42.035965892151005,42.584009488052146,23.683291285021848,23.607949313288476,580.73263779655815,580.73263779655815,319.46220972825586,319.46220972825586,117.3876016994203,116.64810349183951,121.85582393695661,116.6327420647029,364.14505827791095,355.92977025342543
20260811_155000_stage_B_2C_30day_full_final,7,16,1401.9793910358321,919.6618156103284,1168.6494709548601,780.84349517246255,868.54440025933343,100.83960429294247,144.3027928602566,4.0596094578307138,101.7410496198829,34.918038614567408,39.554916606454064,40.039548544203576,22.753414212191373,22.683737110885119,577.36555399264523,577.36555399264523,316.7518600952165,316.7518600952165,162.06852170663149,157.1300145962679,85.273313137247612,85.11911063789907,415.25860210582641,402.7699937924009
20260811_155000_stage_B_2C_30day_full_final,7,17,1485.3885391329864,901.57945241851291,1144.1360294035414,806.29403278708105,799.49463078692463,103.98855930511751,87.165437645889384,75.881520458930751,38.947127934722332,35.853798842474127,48.989950731549975,49.744762207303779,26.017438889706721,25.927257362862729,586.95007814076484,586.95007814076484,324.40724258387337,324.40724258387337,144.88208324082569,141.68495321510576,87.544725351510593,86.899131747538377,448.38055996533541,433.73186085539783
20260811_155000_stage_B_2C_30day_full_final,7,18,1420.9909791488694,898.4574986516925,1223.4904331891971,733.18727198412341,980.81162212566812,29.567804643123885,116.07795155755623,19.561315622498377,60.652602753897369,55.934002273055739,95.002498676337581,97.683379406280494,36.823381867120858,36.65013202339231,598.50244665460116,598.50244665460116,333.84464827221473,333.84464827221473,95.974418351490812,95.679475250870212,112.14872246403598,109.92010736187703,410.14784485497063,397.70993595687293
20260811_155000_stage_B_2C_30day_full_final,7,19,1586.9365531118565,878.62651413178673,1056.2254424916653,842.87042086969984,1006.3559141393873,109.30322102715982,110.45506255678438,74.002685568572147,52.587881307680192,94.415050433526886,105.59420308259757,108.74003523850644,38.622500566238003,38.433825732141834,599.67034628897648,599.67034628897648,334.74647094646156,334.74647094646156,121.37901299429747,118.42515091131982,83.24437322208334,84.556845955055195,426.89520852530154,410.3405207158886
20260811_155000_stage_B_2C_30day_full_final,7,20,1566.7779584159609,942.98504429900447,1057.1407680808834,761.30785854069848,865.27749473839958,0,0,0,0,0,229.46813953921159,231.29659797939189,70.865233659570535,70.467567846355479,607.34059049651341,607.34059049651341,341.04005828653663,341.04005828653663,59.639568500964131,63.087888234208101,165.13327237904761,155.24622369054765,297.08940642167175,294.62381602606723
20260811_155000_stage_B_2C_30day_full_final,7,21,1533.3876384690593,856.43131590258054,1233.4850542566521,800.38913000467596,974.15432953254981,0,0,0,0,0,182.10472215895601,185.80150384311199,52.36582632987686,52.056617532339658,604.40036720998921,604.40036720998921,338.57776083487335,338.57776083487335,95.708554668147713,95.661664493754344,92.963629838663209,92.274195203712921,279.93418358004556,278.19243051076501
20260811_155000_stage_B_2C_30day_full_final,7,22,1406.3047593964941,831.30644693140664,1075.9185978651599,869.89852962817622,1006.8276194242678,0,0,0,0,0,171.1032034142564,175.10884620326641,49.911324783623492,49.622025187132785,603.76340052033265,603.76340052033265,338.0759535048611,338.0759535048611,100.03098842532826,99.988238890030544,90.344895832203804,89.994270598983505,269.57885557150325,268.18821151292178
20260811_155000_stage_B_2C_30day_full_final,7,23,1496.7213033734261,868.65629628930799,1162.006925003582,799.26813972244304,888.50012736639735,0,0,0,0,0,128.95572783632136,133.01517668449188,42.604347748794851,42.379633749884242,601.64687952975305,601.64687952975305,336.30684427950644,336.30684427950644,130.25323685229435,126.91739522102577,73.813939091674968,75.341567588477801,304.79128085892938,298.70101433575854
20260811_155000_stage_B_2C_30day_full_final,7,24,1241.1801091434249,874.20554129146535,1020.7680609616276,753.97621342340562,854.42503771448946,0,0,0,0,0,158.13212509239426,162.3609053276337,47.435919661623565,47.16810356506393,603.0868751882997,603.0868751882997,337.53232977581013,337.53232977581013,103.99605517892877,103.81172977265177,88.548959988666411,88.368398853566873,299.99999719922471,293.94446129384835
20260811_155000_stage_B_2C_30day_full_final,8,1,1073.647199730879,665.06372103547471,706.1801460960786,625.53028308753289,710.65608768303116,0,0,0,0,0,9.0583088071390456,9.1202110057041885,6.8449576626520505,6.854399909324691,393.48062504780989,393.48062504780989,209.51806047994035,209.51806047994035,165.58417080961357,161.88381243802101,125.51670714392083,122.9985900303964,309.56274299018702,302.97479245429355
20260811_155000_stage_B_2C_30day_full_final,8,2,1205.5551117293644,603.34727623814888,836.58821115645617,615.13716170651549,592.16831790036065,0,0,0,0,0,9.0684044756301851,9.1303737382917998,6.8497452938912549,6.8591926362426197,393.87470862570029,393.87470862570029,209.71844844036659,209.71844844036659,168.69066257963715,164.75058335532654,121.87533222669427,119.67580470123326,325.96730350442243,318.27720113938375
20260811_155000_stage_B_2C_30day_full_final,8,3,1041.6725835996281,631.52854740860789,658.23009958531304,511.76048640942281,591.06465992083542,0,0,0,0,0,9.102721807077101,9.1648907723912316,6.8612044231262459,6.8706607311955246,392.65834892740747,392.65834892740747,209.18403692362884,209.18403692362884,177.94759274295035,173.63210676546333,111.57228992934463,110.06678321939934,362.15092594047258,352.24967142896816
20260811_155000_stage_B_2C_30day_full_final,8,4,832.34156320176714,484.77984323440228,786.36032841940789,441.52855611300612,533.53628381262581,0,0,0,0,0,9.1256078344332874,9.1881873678693449,6.8808718448702724,6.8903749995989356,406.73206542165616,406.73206542165616,215.01438234741957,215.01438234741957,193.68832432332331,188.32752015932678,94.020058551525466,93.871273564990915,432.00368610754634,417.4430245001501
20260811_155000_stage_B_2C_30day_full_final,8,5,780.92257197783078,415.83022635025861,512.11190087328907,376.33465774530634,466.56389775861692,0,0,0,0,0,9.41738022265762,9.4886788140105764,7.1950747036956404,7.2057106472805375,534.91701002955381,534.91701002955381,285.06853300026773,285.06853300026773,166.62264076454397,162.32120907592338,103.26058342346845,100.64208126440917,467.23008121400449,451.70757793024882
20260811_155000_stage_B_2C_30day_full_final,8,6,783.13136369562983,390.58189255316864,488.86801053614045,422.5461471820621,397.96910096082308,0,0,0,0,0,10.443728590160838,10.533538060413235,7.8695851370222787,7.8824143826360409,577.23884276666024,577.23884276666024,316.90526138896081,316.90526138896081,146.09896353353554,143.69553680543055,97.26128373339418,94.419227196273823,490.65105535708182,476.12330861483201
20260811_155000_stage_B_2C_30day_full_final,8,7,670.77765417429271,381.71197805405342,574.71457631451392,449.39148377485373,499.73117274923436,0,0,0,0,0,12.98359591966228,13.126132965743512,9.4534447866250346,9.4720824353486037,601.2975921747784,601.2975921747784,336.30377425393129,336.30377425393129,85.212923966177129,86.865257125363087,119.60016377076711,115.91316328902693,434.45361607023318,425.50963637318449
20260811_155000_stage_B_2C_30day_full_final,8,8,619.89208815746429,459.75317492834495,645.65159568027047,511.10520212593536,552.0769319820987,44.133862692491775,55.304158023531102,89.439592597210051,41.831972543594816,66.495026706344888,13.032707977981479,13.174836756005416,9.4158833279610832,9.4343211944368566,601.4047592843018,601.4047592843018,336.26838589333823,336.26838589333823,146.90690818157239,142.90965323413721,66.275611542745864,67.453304824012278,493.0302650528198,479.18020781278346
20260811_155000_stage_B_2C_30day_full_final,8,9,809.59098047041073,562.0298802309685,508.83731357275042,420.5146056607374,474.94461519165606,23.920341013964443,75.651992467758618,45.183414144178883,3.3269531617518004,26.351881148796231,18.523654704272715,18.824300460023341,12.551204820643015,12.583990576928969,612.15653981858691,612.15653981858691,345.15797936258588,345.15797936258588,54.261757079070627,55.928048928037178,139.44903174611005,133.27660827381214,386.92247781719442,381.43033154378134
20260811_155000_stage_B_2C_30day_full_final,8,10,591.80785691625772,524.20062090906436,473.9058791727856,322.63867312826164,422.18902034579742,38.330127170960722,184.14927734571941,83.396126469965793,138.75734985705628,31.398619720212153,21.675639637170846,22.10013005340458,14.187555298020113,14.229486844387379,614.27121307730522,614.27121307730522,346.92742529489317,346.92742529489317,38.224432835146622,40.48432764420064,212.47011664119754,200.87500422468972,185.24655998971789,194.67177728501755
20260811_155000_stage_B_2C_30day_full_final,8,11,657.58474691524339,423.17241042774543,439.49234539956842,342.20300402181863,534.54147480674419,136.06160110027369,283.9731503948214,246.32525440129442,155.32411198360236,107.4329700274364,15.826921321847486,16.042153089912642,10.989198727123922,11.014499500169043,609.57622221119107,609.57622221119107,342.91105502980861,342.91105502980861,114.16361587628828,109.93430282806263,63.496575158608273,65.642946946142416,217.44206410214613,220.67604211233791
20260811_155000_stage_B_2C_30day_full_final,8,12,695.84016888693145,541.73345495720878,536.72337727910019,327.64724477164435,403.05970346810273,169.43927750244492,241.12685277037875,157.29525565636644,106.59142224188963,139.26052923696386,14.858263729949121,15.046279269231739,10.438780759357549,10.461612968423127,607.84070697245954,607.84070697245954,341.46073135806751,341.46073135806751,145.20541143844147,138.00497827092724,56.44144427313401,58.643845277187893,285.4142185377051,279.72069447040747
20260811_155000_stage_B_2C_30day_full_final,8,13,674.31585635111003,306.84714348605843,542.63030770093803,274.54668904640818,406.34440215136107,13.07621715094662,215.31513243415608,115.68391861414037,88.531674051595758,21.311349908360928,17.598538294641859,17.871385124073214,12.055613005588873,12.086078150142907,611.69679867266109,611.69679867266109,344.77450945388688,344.77450945388688,49.337382385401469,51.633532839460521,174.68708612881218,165.12690737343181,135.72110031921963,142.71653249988677
20260811_155000_stage_B_2C_30day_full_final,8,14,593.44292945139443,368.9154278173844,630.48631737402116,352.32518489583799,417.88486668945609,218.77085643058228,328.1815793234091,117.28489263247737,229.36249268568881,116.78754152520024,11.872541937549942,11.987980528031981,8.6638083273975628,8.6793999571242093,596.03192497342025,596.03192497342025,331.54235187086232,331.54235187086232,237.77377042796238,229.02553786624551,37.449465078072798,39.555469952014683,308.10697695097156,304.88899441060266
20260811_155000_stage_B_2C_30day_full_final,8,15,726.53040004123511,403.46624613321495,551.31277030920569,350.03389946277531,493.76765401290123,367.32593665296326,192.09585858535507,212.5612701392794,121.51136667852572,213.5794072417749,10.68728625491598,10.778644042926077,7.9275540617776334,7.9404445965638502,580.25001738252695,580.25001738252695,318.39553243449666,318.39553243449666,264.23011624105487,256.46299638267334,25.947250549349118,27.936024226915521,517.08380317975536,504.66566423621356
20260811_155000_stage_B_2C_30day_full_final,8,16,627.32956434784433,330.13009704103285,550.88236962719122,425.27050669790958,365.26981275472667,205.97271426779605,90.899765574030184,119.75136054997704,137.83455578778396,77.983131822518089,33.622794006930427,34.647066914053077,18.824316760477707,18.89952805168366,616.46027528337049,616.46027528337049,348.80842577278423,348.80842577278423,45.320508066385266,46.82954080218952,111.43508048753915,112.85998206477117,434.05550434223636,421.41227088621622
20260811_155000_stage_B_2C_30day_full_final,8,17,882.51608169768258,367.75004480014087,428.79421114346098,395.88648186097907,523.92581993158501,139.50525098561332,190.98290994638836,139.46973107802521,77.24586330693117,6.5287047882455109,31.915862032384169,32.825514495499149,18.150402260638391,18.220040289619245,616.2800884957054,616.2800884957054,348.60338977710893,348.60338977710893,72.839752311563842,73.702729846750785,55.464960073165003,57.593646922328254,437.98354800801616,423.75178672348272
20260811_155000_stage_B_2C_30day_full_final,8,18,780.97593161608461,505.82398297038037,680.5877050728144,519.43882817271026,585.09408857813969,92.43556112539008,75.852795096627361,102.52279386241972,62.43212546567355,57.849182920899146,32.29327579101254,33.208404065312799,18.23429322785239,18.304243151896095,616.42109128583775,616.42109128583775,348.65881675969956,348.65881675969956,126.60292144360228,128.27609350937107,38.740421789718781,40.9255659549668,508.88126420757095,493.72741982084239
20260811_155000_stage_B_2C_30day_full_final,8,19,600.6325961089907,406.76763344101749,463.8017510964587,402.96808264763746,361.91355111234378,49.901069204656615,103.71555867761776,152.48963378595019,90.261094016855196,2.2765740993637165,228.38530327160166,232.43887746013482,60.362991819533534,60.965728159788299,620.22474163049867,620.22474163049867,351.84426692294682,351.84426692294682,42.296822560800699,43.74001303327389,65.602817233654761,69.415556351579582,474.05638536378643,455.96503560458939
20260811_155000_stage_B_2C_30day_full_final,8,20,757.02783394218534,416.97313247006696,355.25621357154927,420.04321659478376,389.22669420751657,0,0,0,0,0,271.01194425103955,271.85123927982573,111.40315207200007,111.71518588969617,621.39622452737046,621.39622452737046,352.8701079814328,352.8701079814328,29.463569409126936,31.932714467543452,121.92269778951038,116.43230879088928,365.10393362143333,355.33524663550128
20260811_155000_stage_B_2C_30day_full_final,8,21,611.66397366679496,345.25883284832219,466.04902855925593,428.55905966754256,420.86978238442617,0,0,0,0,0,269.68638865794384,270.60339810837877,109.23766743032353,109.57969217310736,621.43269554456742,621.43269554456742,352.86482168358179,352.86482168358179,32.941550250349273,35.158135002611438,84.648951386418418,83.347875914147522,300.69693841739371,294.36881712213227
20260811_155000_stage_B_2C_30day_full_final,8,22,554.36544633400456,493.33992950015744,485.95011698440737,384.58180146961615,435.14558311132123,0,0,0,0,0,251.0063702535482,253.34130148684599,79.64606330784892,80.31144581583149,620.87557926448937,620.87557926448937,352.33941725265851,352.33941725265851,58.41589780663611,60.302823759585927,40.961012801543546,43.639657466800394,307.75900999720665,300.15285020931492
20260811_155000_stage_B_2C_30day_full_final,8,23,514.64287583547582,405.68235784392647,345.05807322391149,394.51512099938776,361.79971789972603,0,0,0,0,0,272.05055964724176,272.82297535712945,113.49489533296334,113.78265096564333,621.34670208037141,621.34670208037141,352.86608002071762,352.86608002071762,30.292129611046974,32.765331297535788,107.37123010832133,103.41143949267767,215.72055986012523,214.74004894078828
20260811_155000_stage_B_2C_30day_full_final,8,24,809.65496082533821,357.48797687983676,442.10160134365015,400.01775721995006,479.90908446582949,0,0,0,0,0,191.20371529912791,200.05120924252316,45.795564430587795,46.197811629895959,620.17014686148332,620.17014686148332,351.68370175562154,351.68370175562154,130.21556706393176,127.63661108346581,29.623115716595212,32.101683859853303,299.99999719922471,293.94446129384835
20260811_155000_stage_B_2C_30day_full_final,9,1,682.53452218798486,442.89859370783643,601.09202739200555,281.77480502079919,472.0243006301227,0,0,0,0,0,109.69926069459773,108.10277937902798,35.171125800565875,35.633100764686397,606.53250077580242,606.53250077580242,340.47480507877464,340.47480507877464,101.44967728894126,101.06673932507347,79.293239282492848,80.278050044741491,303.20110755650211,295.70669330336858
20260811_155000_stage_B_2C_30day_full_final,9,2,471.65702094449733,272.96234124117666,468.69591134265301,381.75191420032877,305.35180796312414,0,0,0,0,0,180.32523864994874,178.52017341393571,45.420916890046222,46.143356818507975,608.44951256212732,608.44951256212732,342.26216922447901,342.26216922447901,61.91631759490479,65.410407388261604,140.28515769879834,134.78952224693569,203.05339594880706,204.80992412287551
20260811_155000_stage_B_2C_30day_full_final,9,3,655.12385696497313,264.72732507620475,514.40849771048022,294.32339743978588,363.71857619740399,0,0,0,0,0,98.915738029823828,97.535742739942791,33.688755472336865,34.115628850411902,605.73465811881181,605.73465811881181,339.89817003608277,339.89817003608277,86.440310883930479,87.461064661139091,98.314132093949553,97.764068659967208,171.61175119551152,174.89813936238147
20260811_155000_stage_B_2C_30day_full_final,9,4,696.61267286407519,402.77354538267588,570.48686847604461,416.01356187612515,411.15233510454186,0,0,0,0,0,39.502012624289499,39.252384930473276,21.362484427909518,21.537825499718526,595.14417746684694,595.14417746684694,331.14348540674393,331.14348540674393,210.95602760196221,201.31492682177264,48.811417849596495,52.190519641102775,307.23726731550352,298.09210723408484
20260811_155000_stage_B_2C_30day_full_final,9,5,434.22081353875882,259.55511163972153,362.65422500465877,323.12231857523125,373.8808219215241,0,0,0,0,0,104.14386157853278,102.67013161263559,34.392988292602972,34.838298421077759,605.25504238604742,605.25504238604742,339.74659935435142,339.74659935435142,59.040534617613737,62.368401478420026,175.27292341329854,166.65415861719384,165.62605578991332,169.05238121222513
20260811_155000_stage_B_2C_30day_full_final,9,6,745.31407287874708,382.13097341274369,613.72193672059018,453.76313983167114,487.97414485990618,0,0,0,0,0,29.000805671115764,28.866299020024034,17.46172345007507,17.578904635063463,581.2433252859613,581.2433252859613,320.08408388237297,320.08408388237297,237.47086708996531,227.33214107562901,41.412866927356042,44.923322421632342,333.33553958493104,323.73650548958858
20260811_155000_stage_B_2C_30day_full_final,9,7,541.61843704360274,305.05461350276386,376.43164426257704,339.8824524419727,356.09076720549109,0,0,0,0,0,108.65038488099077,107.10770100439886,34.812245512685053,35.269761870524817,605.11459039431134,605.11459039431134,339.71693785274198,339.71693785274198,45.664557697200159,49.129181902700211,225.11239181592515,215.10028356486134,124.30876171693859,128.9524541299505
20260811_155000_stage_B_2C_30day_full_final,9,8,750.74482971072575,398.62230337921551,478.77445039143765,290.672529048108,451.49239490163939,43.059693340175507,92.934711595006078,98.528683700138131,126.28545818249192,66.485542784528135,31.511141601568799,31.355319952652547,18.353742057530297,18.483136878593985,586.87872929642776,586.87872929642776,324.37838423286144,324.37838423286144,125.85255452935756,122.94359079079531,105.33469756863798,103.64328316912683,120.53750793931803,124.4424823204143
20260811_155000_stage_B_2C_30day_full_final,9,9,977.48267939836546,584.97781816779673,634.04937764286933,450.21409499727366,603.87203703507191,101.31225842751252,17.535240044918545,94.964947483782581,80.202796775372903,12.895385800886563,20.633757904674418,20.570055192280531,13.609484519329259,13.680337881947175,511.76181976868236,511.76181976868236,269.15159960381015,269.15159960381015,203.54437218238652,197.4774320202913,76.4420531484284,76.752641037182926,218.79182829410107,216.89145887513996
20260811_155000_stage_B_2C_30day_full_final,9,10,858.19128284146893,530.205881077095,699.16325011648451,565.23177155144958,619.26276486817733,138.73756911430195,7.8732174870386631,75.442579199629378,50.361068030223343,91.798978902724087,20.570475200507698,20.506907221657766,13.588828365546386,13.659711885705569,513.32171300216555,513.32171300216555,269.97345407489877,269.97345407489877,177.09497764571466,171.94945960919304,99.554205397802292,98.305611840967643,267.56152439990831,262.41751492233857
20260811_155000_stage_B_2C_30day_full_final,9,11,976.58328091288172,594.54728403711454,750.90301319740365,536.67926633624802,553.89823647527555,100.88848632025724,29.672611585829682,140.9881103520226,117.60400283452032,88.530234397856773,19.569968981692252,19.51365732581818,13.046153129227998,13.110960820782569,462.43041750081176,462.43041750081176,240.45046199048525,240.45046199048525,201.27574668685133,196.39530580812391,83.206611138820307,83.167415666629751,356.25790626382963,346.76505052006149
20260811_155000_stage_B_2C_30day_full_final,9,12,659.52359036461041,483.3549915416458,566.16727978390179,490.35028174904028,444.61415013938017,168.85768970866013,169.67429032659308,88.612122227772531,106.69486803056419,129.09456557731301,22.476784714539527,22.399601301016677,14.533924132823181,14.615505449702901,552.17724718344016,552.17724718344016,296.71211327267503,296.71211327267503,125.85054348580795,124.12666696893425,143.08241445390172,138.14643004104695,310.54293489672153,304.98301741316129
20260811_155000_stage_B_2C_30day_full_final,9,13,696.81439106834739,456.25963887224509,651.65586781406898,396.28777927542171,420.24438330179942,234.1634564376468,132.71879533992268,137.31320621727409,151.0725307274206,99.276112576051176,21.149807059494638,21.082751761761074,13.86239297164326,13.936003941627558,529.15159153941681,529.15159153941681,280.02011691596226,280.02011691596226,173.82180922879863,169.12568338813531,100.00877185126313,98.758186490188066,355.86170559012578,347.46481414005183
20260811_155000_stage_B_2C_30day_full_final,9,14,748.95972572824587,503.51999348719994,663.07989286539942,387.51243158894914,524.79372030325476,240.6622139478969,106.11009301967907,200.92944055875685,170.86783146069521,68.566600276263941,20.465725642206081,20.403734355355891,13.504853568438161,13.574341777768202,507.47167911754951,507.47167911754951,265.7159315475111,265.7159315475111,209.99185027182523,203.90055173537974,71.96510286066561,72.601479236310226,464.89314543402901,450.3070004393266
20260811_155000_stage_B_2C_30day_full_final,9,15,690.25940490834489,463.40798890521097,619.87117391648087,391.35575601474142,502.86905530555367,150.06606045819419,146.58092680949673,179.08818740036619,99.507230926750282,117.34403952932266,27.345542173404027,27.230176371462736,16.671025210711672,16.777426601033778,578.84078420773915,578.84078420773915,317.51493119828672,317.51493119828672,159.64595018760232,156.40620625602475,88.801172485844489,86.165558614655353,509.90653117415502,495.33307649790976
20260811_155000_stage_B_2C_30day_full_final,9,16,674.9499604273534,394.74795824545583,519.59615424724404,452.75105685131962,329.38544034409779,159.16455366177235,145.42447335394382,50.346059653249476,89.335934879495568,108.47891053692008,134.99000732171032,133.08592060442541,38.031973949894386,38.566654909038434,607.17863836235654,607.17863836235654,341.06098009149196,341.06098009149196,88.038999656989972,87.591070154341693,89.444032234134866,90.851741683579874,489.75937282751835,473.21865998839496
20260811_155000_stage_B_2C_30day_full_final,9,17,525.98355615401681,374.23467480451558,322.68892690419494,295.56445085557704,275.21892965971119,89.965694427059404,106.3904769601704,18.903886550476376,50.040025459847371,26.197036883051116,274.44743975739988,274.31694024176204,118.34919917995609,118.72693561468827,615.47148120961128,615.47148120961128,348.14066731514913,348.14066731514913,28.909497214147667,31.601411025372467,246.22165493815706,236.0367827994161,242.19830372229885,239.39683791187903
20260811_155000_stage_B_2C_30day_full_final,9,18,772.08313347355261,420.33015838552103,385.55008434215529,437.57726253661173,428.71969478877941,22.280446698327765,10.863306602794285,19.062152998072357,48.82515769016986,14.95455968506587,258.97952348482193,258.65571577389375,93.178302273536431,94.109264053671367,613.4294585709722,613.4294585709722,346.26347482066996,346.26347482066996,49.829068002206206,53.189555620388845,146.69937353609501,141.76462051624358,124.04516099528998,129.75119295218056
20260811_155000_stage_B_2C_30day_full_final,9,19,930.23705242923722,481.05038104104631,596.46010917538854,456.49649436149008,426.46115308610757,80.059146053897805,29.078551222739584,65.252079244334354,52.804062715379324,84.661732709405058,155.30433593912201,153.34280132167024,41.045675504254881,41.654919388142496,608.29048988010027,608.29048988010027,341.88061059144133,341.88061059144133,88.37410896625866,87.881383291602347,85.375634393949724,86.62916272861186,108.72004307164529,112.58981266060958
20260811_155000_stage_B_2C_30day_full_final,9,20,941.75242310738088,642.90065327496234,668.01786615172682,639.29087695336273,748.8953438097351,0,0,0,0,0,41.727666730491556,41.449071674980942,22.035480144055914,22.222036552918471,596.0724412434721,596.0724412434721,331.94540983356717,331.94540983356717,143.33047335262242,142.26956036802818,75.604897496059579,75.668015670897034,153.71202742671693,156.55684402417154
20260811_155000_stage_B_2C_30day_full_final,9,21,1009.1816995365435,644.96222319945889,746.06661838830951,492.24842362613157,553.85984280171147,0,0,0,0,0,34.542178282903265,34.350938730251904,19.570202841211554,19.717585555458218,590.11504191226481,590.11504191226481,327.15040109431254,327.15040109431254,132.00000842370022,130.54429772981439,92.26740873508048,91.246298443300134,169.99269196906869,172.66193593289327
20260811_155000_stage_B_2C_30day_full_final,9,22,773.65915167237483,611.06998967842912,806.61464835553932,565.36901753916447,563.00912639123203,0,0,0,0,0,29.817707878355659,29.675200246081499,17.735940649806448,17.857366184579767,582.40365188825263,582.40365188825263,321.01374205113223,321.01374205113223,133.05475777929203,130.95977591356524,102.14654683303539,100.22505038548955,176.24581082261426,179.16456716011351
20260811_155000_stage_B_2C_30day_full_final,9,23,861.81781267055339,560.44675318734573,853.28990724776804,497.05882973067907,542.33818410173933,0,0,0,0,0,26.246862872137655,26.137411835770376,16.23263760237554,16.334442082971719,571.55053870454663,571.55053870454663,312.44879399295479,312.44879399295479,138.2866960570029,135.25633159239774,109.14924719169031,106.49227373136613,179.42689594981653,182.57051700286479
20260811_155000_stage_B_2C_30day_full_final,9,24,1136.2940827010184,653.33279844740264,641.82923746785832,553.7468701868263,677.53532354623258,0,0,0,0,0,20.52958608303576,20.465793598349059,13.554953509944815,13.625368990370305,500.89791694629002,500.89791694629002,263.46367368005474,263.46367368005474,216.41176089101512,209.29800120043922,66.777735197254898,69.294831110470483,299.99999719922471,293.94446129384835
20260811_155000_stage_B_2C_30day_full_final,10,1,820.75716527454085,594.17773505668333,699.72818562940699,478.73363985210608,653.96303036623567,0,0,0,0,0,13.307755757920734,13.328837092003624,9.2355544337072324,9.2714380911756731,580.69562351979232,580.69562351979232,319.35687245512554,319.35687245512554,83.850257751479703,86.452486969598809,182.7593572116464,174.93505400581643,172.39927671817168,177.37941733780241
20260811_155000_stage_B_2C_30day_full_final,10,2,1181.8716802138749,719.29411325115814,760.25266834840511,538.38976918643948,656.64457386568733,0,0,0,0,0,11.142414824352683,11.157022011912177,7.9293059688356609,7.9553034963636806,471.69765858102721,471.69765858102721,246.3744645168747,246.3744645168747,211.98151331522104,205.6178360443252,72.670146907700769,74.148105089012816,282.43803102664748,280.04868634545863
20260811_155000_stage_B_2C_30day_full_final,10,3,1124.7286874103384,501.28694166480966,656.291369004898,469.99208059243756,639.12661387659705,0,0,0,0,0,11.52254181918013,11.53839212210738,8.1730135399368127,8.200892707757907,522.66222465149463,522.66222465149463,276.66623051814969,276.66623051814969,169.98282723997173,164.76293675645474,103.3485376348559,101.87978328422061,320.5908670594489,315.13557022157829
20260811_155000_stage_B_2C_30day_full_final,10,4,930.64550244479437,581.43112263306762,676.03096530381242,443.72556782703822,548.59931069363847,0,0,0,0,0,11.683955105171398,11.70032074899804,8.2744719124195107,8.3031332657125265,535.37597969078502,535.37597969078502,285.28753005353593,285.28753005353593,158.03020573151875,153.57336090035028,111.3624366695646,108.51976053901087,339.08201147385512,332.77408332188145
20260811_155000_stage_B_2C_30day_full_final,10,5,1071.4329644529803,486.23577767240954,762.04593712138899,545.62025766387205,612.5490913195905,0,0,0,0,0,11.284715501618674,11.299733032388001,8.0144048770967498,8.0409933357958625,491.57066775652623,491.57066775652623,257.46490740352692,257.46490740352692,211.94150130046532,206.01729119906975,71.255732436225131,72.108034766062005,450.65632660402366,438.06960677208656
20260811_155000_stage_B_2C_30day_full_final,10,6,949.21515925874428,514.49014907321703,612.1349746283978,495.52744089405587,649.62175799493616,0,0,0,0,0,12.670517892199536,12.689899928748723,8.8074414422006004,8.8398571406018558,566.06551361818276,566.06551361818276,307.97679165740669,307.97679165740669,177.73593714490357,174.95447691918991,81.705250489707453,78.903354770104542,519.83505837920643,507.8582418103523
20260811_155000_stage_B_2C_30day_full_final,10,7,725.79029130591334,598.22512568167315,569.20621677447514,552.56270861951157,560.51302468685503,0,0,0,0,0,30.404918693941521,30.527994850323338,16.523894250666867,16.638333871749378,611.64101523500108,611.64101523500108,344.84098701702231,344.84098701702231,66.376342710003755,67.873734948723751,94.857000749598981,96.036563669970988,474.17709931865551,462.23731029756948
20260811_155000_stage_B_2C_30day_full_final,10,8,736.23488744516544,539.93050374353402,618.02118477966053,465.02930255505805,579.17198331753946,103.0629430809186,95.443449903024714,34.903623961555851,60.205761622492197,54.978403107421656,38.855405679490964,39.058017516665387,18.87026385231604,19.019460263587298,613.55609794443308,613.55609794443308,346.33190547011083,346.33190547011083,84.250171114881127,84.541140984673106,62.224002384869372,64.006112057167215,480.86447289441583,467.20643489803399
20260811_155000_stage_B_2C_30day_full_final,10,9,787.94728184341693,448.07076094176716,661.91215830433794,393.69377660760608,484.56179703450982,46.128188305985027,109.2372332514143,4.0533580545876173,80.951697617481273,73.588939033926167,143.3453994781018,144.9228579806782,32.705299872759554,33.144688593515617,617.08427251230967,617.08427251230967,349.24942121572934,349.24942121572934,44.999110788805375,47.227277880346492,109.50789250324043,105.78767178974533,399.68823648962893,392.16912744618429
20260811_155000_stage_B_2C_30day_full_final,10,10,831.63992016943996,563.05915138199225,694.78820264444164,618.28664098937747,521.98777477464625,95.037309732837514,160.25262972887381,194.6555272337576,144.30895864418414,70.179395031816838,54.014429367580533,54.4006216330855,22.140935126837739,22.345479209775466,615.33251892417832,615.33251892417832,347.69467706635146,347.69467706635146,166.53082703689867,161.79186787299795,36.424657889464513,38.74666937072476,509.09413872343276,494.72995367552164
20260811_155000_stage_B_2C_30day_full_final,10,11,677.30822814447458,416.7450950578658,411.35732657302657,276.13946210308097,402.7559891404793,171.08002248624371,213.81051781970055,141.74039314751124,165.75846655643332,209.55675959540406,265.78385755222905,265.96685747616579,90.532355756753375,91.652661916865625,619.9749186510187,619.9749186510187,351.56125132280931,351.56125132280931,54.027768094346023,55.257785607304164,51.87037476250476,54.154845665256531,500.08538027222767,484.28990998292147
20260811_155000_stage_B_2C_30day_full_final,10,12,351.68208357638662,290.71046361203071,403.16076642293956,219.56201548132057,290.88596407297871,107.47685543965612,112.69030296564506,137.83431836625854,190.14736696890068,65.134432652647007,287.45806401898739,287.48324707837929,135.30469194731006,135.40271454465019,622.32823530711596,622.32823530711596,353.69488994115517,353.69488994115517,19.401485781703936,21.151396872093464,246.04498723626637,237.52835777289624,244.16339832435403,239.40576964236521
20260811_155000_stage_B_2C_30day_full_final,10,13,553.65871984021123,300.5879956981467,344.21925989226895,325.97944519730669,411.82699667792974,251.59530575592251,159.52245530211715,84.109057244497279,77.191141714149822,33.890165138584258,284.76049543479178,284.79520982735505,130.92209418570218,131.08687771506629,621.96708911264022,621.96708911264022,353.30593404585153,353.30593404585153,26.233833960490017,28.161172654725547,157.83580854932532,151.86793212485694,92.400728278433576,96.008678226221647
20260811_155000_stage_B_2C_30day_full_final,10,14,672.68696189439061,501.52013799598802,608.70901653106932,426.00946480021662,425.79592592997966,192.60106650611147,96.108934395409378,182.62793011555752,176.3990592518627,30.684895225471401,222.55111423952297,223.34556902416716,45.978985611543216,46.77370480360667,618.54669612475425,618.54669612475425,350.34638322601211,350.34638322601211,107.8763823420615,106.99598432740376,36.860382517619129,38.433059125415383,148.53349181115661,149.6016650926457
20260811_155000_stage_B_2C_30day_full_final,10,15,584.40444879119502,482.40502177018351,592.43553041589792,389.57019531621756,348.1919268846305,219.9885385997982,188.46009835066621,72.778968110219395,99.398040236816769,168.42729421458992,247.61909440359949,248.01689601313467,61.366450439147464,62.526968434671474,618.92652898017855,618.92652898017855,350.74861912718268,350.74861912718268,43.107263273494169,45.115452122547325,86.164985331519986,87.117961869030992,91.591156166723607,93.407836592903735
20260811_155000_stage_B_2C_30day_full_final,10,16,950.91086309248703,451.58866386854351,508.38311994060177,486.05756075669348,617.51392507919456,293.05944597072062,307.98853408133806,126.67940663602015,232.18705919289431,127.92124034569494,32.906783052874594,33.044669564048291,17.041386486238181,17.162248521733691,612.9360982268463,612.9360982268463,345.6827957842919,345.6827957842919,165.3471127928309,160.2112768886835,41.791598320922297,44.084096749232273,193.96844843480224,188.61565607134966
20260811_155000_stage_B_2C_30day_full_final,10,17,937.23897826754626,604.18900421799776,704.03611699022053,558.21233757743721,504.46263430885216,148.41370282627398,34.233642892599931,84.499385766808146,80.348278619656909,93.688808540743139,47.500784972779194,47.791706819009235,20.838589674331811,21.01958235303502,614.61892851970572,614.61892851970572,347.1889598984605,347.1889598984605,53.241308434409405,54.810224546320846,111.02916922759285,106.93303308951242,118.51988243955643,119.13037695246902
20260811_155000_stage_B_2C_30day_full_final,10,18,1016.4248356064061,699.48922054288948,702.92335580426379,533.10589163392251,671.06435979283265,89.297788169020592,16.647880203107409,75.025789634518262,109.43396345159263,87.006710202956043,27.689412607473734,27.787699663280929,15.404155304448693,15.503441905838866,610.94141222951464,610.94141222951464,344.15129095947674,344.15129095947674,71.711544959568755,72.070545763905514,92.779428831980653,94.012750990960186,79.972018645412078,79.535255927806219
20260811_155000_stage_B_2C_30day_full_final,10,19,1373.7359882322623,701.00293649334708,914.20575653515073,678.84690551112124,831.18503519444266,78.19864536868829,76.987066720637344,10.30653087124904,36.914805378975927,13.25113311300675,11.912109938044921,11.928997564418349,8.3796628982272932,8.4088800496030913,541.04120631334706,541.04120631334706,289.14982870467304,289.14982870467304,202.10119836370654,197.54799089149506,72.589459092889683,71.413206257099077,181.20814262509282,177.98044077781944
20260811_155000_stage_B_2C_30day_full_final,10,20,1279.4414582534578,743.51739630596478,909.47584114721531,758.006175593536,915.13532494093272,0,0,0,0,0,11.711953733808038,11.728363493481405,8.2907823817599962,8.3195725993757694,534.66533078071723,534.66533078071723,284.75549407177294,284.75549407177294,163.52577577319832,159.05034197533013,105.68283840305295,102.42476119096405,210.95596481757909,207.32045834343427
20260811_155000_stage_B_2C_30day_full_final,10,21,1410.5569241646735,795.71426703364784,942.1009630279666,675.6866377691224,849.18501278559927,0,0,0,0,0,11.173845608932499,11.188644317247343,7.9638873172283233,7.9902734119732051,483.25366926960334,483.25366926960334,252.70520582655004,252.70520582655004,184.64048803437396,180.14074578565481,96.229595784372066,95.073432406959128,270.21063095476893,263.80998243168006
20260811_155000_stage_B_2C_30day_full_final,10,22,1287.2063037492587,680.77791091975712,913.183452706146,704.38598798085684,742.23534254299739,0,0,0,0,0,11.312087914561351,11.327364318064797,8.063861030720032,8.0910661482229234,508.8075452587388,508.8075452587388,267.5908445563158,267.5908445563158,153.57413757430942,149.44326465859677,123.5952913432051,120.04195394900749,271.09925327919728,264.92897179218659
20260811_155000_stage_B_2C_30day_full_final,10,23,1197.4826131885975,764.8400665308892,930.76007891966435,702.1763385293192,766.08940151274544,0,0,0,0,0,11.093436665829481,11.108038708804568,7.9206055290820423,7.9467244343989734,476.4159433158116,476.4159433158116,248.78123584464259,248.78123584464259,171.18379830007956,167.51009782100709,110.66485973605477,108.21737404479224,302.20371648698574,295.4465331146572
20260811_155000_stage_B_2C_30day_full_final,10,24,1176.2140627997287,667.3683320544128,800.53690754297372,642.07578137428402,723.38709552862986,0,0,0,0,0,11.221129191493654,11.236148675953013,8.0099262437296481,8.0367470823967437,500.57022390592891,500.57022390592891,262.46532906186826,262.46532906186826,153.1935759702414,149.39825785559987,126.07014389488053,122.36445350176389,299.99999719922471,293.94446129384835
20260811_155000_stage_B_2C_30day_full_final,11,1,1412.9983319447038,862.29880619912069,1014.3637437654289,745.22442345507648,822.42854100001728,0,0,0,0,0,14.594595587411479,14.745656983595275,10.511948740786925,10.069982345648651,567.65904739975838,567.65904739975838,309.06074712071489,309.06074712071489,108.78315412267534,108.66289905331152,151.68687382110386,145.08356029214735,229.36386499729485,230.53711456166494
20260811_155000_stage_B_2C_30day_full_final,11,2,1332.471673479437,875.11014196528026,1060.8540966992214,807.43955189715393,920.68891864059651,0,0,0,0,0,13.397210885506857,13.526372716045421,9.726346509250229,9.3455374065713794,528.1416743901334,528.1416743901334,280.68187880952786,280.68187880952786,174.57026208324802,168.79221628882129,96.903111742131813,96.252410031550966,278.8069767142938,275.5029869643252
20260811_155000_stage_B_2C_30day_full_final,11,3,1363.8792892875667,883.94227796745088,1019.2348670170569,796.51249671084031,740.54208400498771,0,0,0,0,0,13.326234522185148,13.454090156129141,9.6791492150128224,9.3018015072842637,524.34420628294311,524.34420628294311,278.14069566061102,278.14069566061102,173.33369327978289,168.35935351499231,99.073998004632656,97.776954514520426,324.72508066095088,318.38534455612887
20260811_155000_stage_B_2C_30day_full_final,11,4,1346.4497060544202,724.92156983282166,936.62737022573617,676.91544011721192,850.76845727917589,0,0,0,0,0,13.766177639735826,13.902654555181261,9.9683181143321136,9.5683494420951742,546.10134069594062,546.10134069594062,293.02898109548073,293.02898109548073,144.6030715218462,141.51194499761039,119.93532696337566,115.03100271252626,321.60637062686175,317.93386981783794
20260811_155000_stage_B_2C_30day_full_final,11,5,1273.9497804101752,830.81165975943827,1084.868040763155,743.6715520668339,875.24920586417784,0,0,0,0,0,13.220766280584407,13.34622221710894,9.6000896471228732,9.2293587345628882,515.30929356905278,515.30929356905278,272.30035716971327,272.30035716971327,197.23471051466714,192.42351807300497,80.421379017638358,80.070872349344555,409.76052229268623,402.14740013982623
20260811_155000_stage_B_2C_30day_full_final,11,6,1493.4058665338971,858.87584516675088,1032.7299437412867,806.52810201752209,765.52445124349094,0,0,0,0,0,13.693139169744791,13.827886538156784,9.8781086068595609,9.4866200249087047,536.17167264704392,536.17167264704392,286.1114038907703,286.1114038907703,208.83541915282885,204.43005762212897,67.929049204999416,66.820311451712811,522.23567819134405,511.8896614978392
20260811_155000_stage_B_2C_30day_full_final,11,7,1259.0552204950561,851.74418900069566,1045.2254007422207,691.40103579171296,767.90185003038573,0,0,0,0,0,57.34649456419065,60.019628917911334,26.382391014210278,23.730854596797784,612.34601214270253,612.34601214270253,345.43667525878635,345.43667525878635,53.82770523643007,56.542855884696039,125.45284386612555,126.54527729884123,431.28856416399174,422.1723681286864
20260811_155000_stage_B_2C_30day_full_final,11,8,1421.9745375345847,865.53360574187798,1013.1846816844494,866.62697219132633,801.01947505116721,47.111802137134006,117.72225711501918,64.416021980156927,24.023093889657915,72.329030386611464,47.168619721222086,48.924849162237535,23.687734792231719,21.543595737016197,611.74120791374708,611.74120791374708,344.86853854693993,344.86853854693993,103.50843965274855,102.19523713568402,57.005296971846612,60.2126097705194,461.10694099385785,447.24518180578036
20260811_155000_stage_B_2C_30day_full_final,11,9,1152.8806672066426,743.29188843166355,1087.3043825700231,708.341647807502,741.06405028755069,141.02653597143319,9.6607238681996339,84.011957839788707,23.252464076257645,0.40471868163834679,233.0403705490304,236.43920030909806,66.718340329375195,54.778944202404418,616.90497043318419,616.90497043318419,349.14187273322705,349.14187273322705,32.676081573105897,35.678778750132679,216.76335379118194,207.28192806862856,249.66724353056216,249.0428292713126
20260811_155000_stage_B_2C_30day_full_final,11,10,1186.7585958197396,883.12165248000838,907.02711642614224,803.23336204813438,745.19122453998534,127.90749524836512,156.38819619220197,276.71950805687925,92.586047222732006,79.017496079048485,175.21736783445252,183.9945123300046,45.201160954581667,38.252420833564166,615.70370829637432,615.70370829637432,348.13297588492446,348.13297588492446,42.801045933527199,45.146666006265264,145.81470720933061,143.84348030202631,126.17184352703593,129.84873945247767
20260811_155000_stage_B_2C_30day_full_final,11,11,1301.5679161108505,682.96377769118772,893.67940713458609,715.4851773910566,743.23825856794042,293.60531450707623,256.19641906995548,343.42476871891449,248.51570630737635,177.10780591535809,52.564117948978918,54.578794738691229,25.450256883911322,23.039209559968679,613.70364241565369,613.70364241565369,346.34337615420105,346.34337615420105,59.727218459564803,59.024606437505639,91.956674584408589,95.284182627099895,77.752257269079138,77.099571216121589
20260811_155000_stage_B_2C_30day_full_final,11,12,1419.8600817508934,873.94761355345804,1045.5116045015857,646.20452265623692,840.29720698165329,315.49040742106752,388.33145079914544,262.13598245659023,205.48286399830963,221.75942795449248,13.835680582116701,13.973029827450421,9.9564343820599142,9.5582495231413223,552.55763546078833,552.55763546078833,296.6420938928789,296.6420938928789,216.30468872222292,210.94608841038391,61.367317072231202,61.139444964840614,204.24056926104507,199.01833415786643
20260811_155000_stage_B_2C_30day_full_final,11,13,1433.5593119597436,712.11661946385595,1063.569354773681,672.37349360943517,694.3996015208005,288.30318909879122,278.01743859453302,294.92087473921578,199.43555574542907,178.37719212637433,13.675861145749609,13.810060163265279,9.8608531957074881,9.4699696397499018,547.24196809202181,547.24196809202181,292.77463718800027,292.77463718800027,198.46494040492649,193.49767649873309,75.183597759195493,74.856432808088996,299.3216847819283,289.9924287755162
20260811_155000_stage_B_2C_30day_full_final,11,14,1347.099053188218,860.71507695730133,1060.4464541725006,789.82695392655057,848.33872931775852,64.565148451339923,194.40466249841913,176.10495936704675,146.25124026561448,36.757001067065971,14.588328213227404,14.742210746856699,10.468967856159248,10.027456206945896,571.06299307414326,571.06299307414326,311.25878658241334,311.25878658241334,125.099791467073,123.95796678280126,128.36508031855013,121.71287638320773,269.28363008168276,266.31806956536201
20260811_155000_stage_B_2C_30day_full_final,11,15,1435.4220556257612,890.69596440374482,1089.1736032057006,684.58510115588342,818.51028550761555,188.06187288184285,266.63698414989653,172.45434997482218,134.0992914176382,235.16978996123237,13.898918477992746,14.038179573197223,10.016290389315969,9.6123331849006082,555.28114560631025,555.28114560631025,298.91844044070388,298.91844044070388,170.68192537871562,165.79702562472056,93.837331710141243,91.867427289720865,318.63366102236967,313.4604734168098
20260811_155000_stage_B_2C_30day_full_final,11,16,1393.2597691196365,860.72274476766256,1115.19228791004,759.98806759481158,880.03332205151059,324.59575060998452,326.60897654691331,179.5094198747388,153.39918006166192,190.68002027069707,13.708172648387936,13.843192793105494,9.892989038293754,9.4992928799217466,549.10643647345398,549.10643647345398,294.24691933644306,294.24691933644306,190.76117060330867,186.34090502841676,80.300123450718388,79.162054393845438,401.09635517566045,393.20944972700107
20260811_155000_stage_B_2C_30day_full_final,11,17,1536.6007292065794,862.55035579645516,1023.0836351427937,744.56593794355524,833.53060427250591,223.60507930794421,241.77531482291093,239.36256637158044,303.3665106494978,220.16879150320551,13.953588382778802,14.093181179348786,10.035605563988753,9.6315025843260127,555.65177201000745,555.65177201000745,299.06961603536547,299.06961603536547,210.18997555485151,204.68304127443017,64.813861621338816,64.292976389728281,518.25193137353915,505.98754644095681
20260811_155000_stage_B_2C_30day_full_final,11,18,1518.2694295986767,993.14829257355257,1051.9323444873435,770.82041701895866,869.53046068964466,239.21214309412062,205.55237272219088,80.980420125044972,112.90221454634904,92.513696180857735,33.660682943339026,34.516137239374743,19.279102401062765,17.847344977822466,609.99674063652571,609.99674063652571,343.30300136853981,343.30300136853981,93.780111587034128,94.225977222459804,70.099219518635678,71.142326682390404,524.76601011449713,511.74389629407017
20260811_155000_stage_B_2C_30day_full_final,11,19,1176.2402822679353,813.09498694150898,939.38348157862481,746.57110039178849,754.73928173683589,96.324785305767378,56.092090487033445,100.5962404060035,4.3112111179622072,41.814247638009782,283.6331296264479,283.84831242431744,130.46264846556491,128.38308501995567,620.94808377654533,620.94808377654533,352.44813008513444,352.44813008513444,24.008295223069176,26.223902518720767,232.68603335192327,225.25885325875061,287.83343875756702,285.05779382897367
20260811_155000_stage_B_2C_30day_full_final,11,20,1351.570595959163,800.57006682456586,1057.6150779927461,912.65160634540234,954.88276111814912,0,0,0,0,0,281.83295949498705,282.09257122134562,127.67478535177801,124.94733073442775,620.68813433575383,620.68813433575383,352.1822401844214,352.1822401844214,28.567393526411383,30.806171066677489,182.89352814463439,176.90153236554016,110.32906165952123,116.22608960504976
20260811_155000_stage_B_2C_30day_full_final,11,21,1511.561233994719,963.19272930722093,1107.6987723536047,837.54758774413881,962.10464712769613,0,0,0,0,0,246.3202865175198,249.13062587257187,77.787031208009168,64.78695956677754,617.67958528855536,617.67958528855536,349.67082775172901,349.67082775172901,69.558154082979286,71.925122793827043,52.355134489670682,54.297442614310242,114.7590286790131,120.62820832581626
20260811_155000_stage_B_2C_30day_full_final,11,22,1591.491099806158,894.67640205275097,1226.5395859473992,922.13206470947375,960.08866979855463,0,0,0,0,0,98.558300604064485,105.95960550471973,33.815246345191767,29.672584712946254,614.91775231085569,614.91775231085569,347.37293720142634,347.37293720142634,107.23889783462006,107.42269765550081,47.441848907438903,49.704808076859855,158.56087127746079,162.08107168592272
20260811_155000_stage_B_2C_30day_full_final,11,23,1537.315501647993,891.03248180135449,1106.4629014571626,819.83314351703973,945.81741895978826,0,0,0,0,0,84.05442043947906,90.064719067960397,31.572065787727336,27.92119631588676,614.44672155100568,614.44672155100568,346.99839594597427,346.99839594597427,76.639087934203616,77.961750662125453,63.062703717174564,64.5740508908019,157.4663796213834,160.49770184761118
20260811_155000_stage_B_2C_30day_full_final,11,24,1642.1652391334146,878.3869050056187,1090.4400491674407,806.91259307580469,1024.2233400583584,0,0,0,0,0,33.143629475662436,33.97351285205567,19.715063473855714,18.261602187255892,610.2998752484134,610.2998752484134,343.45535893523078,343.45535893523078,204.53651296995938,197.30592637259403,37.394319685609922,39.71571686018769,299.99999719922471,293.94446129384835
20260811_155000_stage_B_2C_30day_full_final,12,1,1454.8242321975583,781.06564128777347,999.83629739750029,657.08551271548276,888.19612938129569,0,0,0,0,0,4.0403613812006176,4.0576966329400532,3.4019702612543901,3.3861697020458918,494.78143462861891,494.78143462861891,259.07108571199564,259.07108571199564,153.77475339418149,149.39533094759182,126.37411147842489,123.19692122506706,297.98159583351594,291.51479111882878
20260811_155000_stage_B_2C_30day_full_final,12,2,1283.6434219563159,793.89119001560834,960.73951462732452,682.65160250217411,877.71558283423553,0,0,0,0,0,4.0380501370241557,4.0553916531047429,3.3986331530045057,3.3829758854892926,490.09889299507142,490.09889299507142,256.34300087050531,256.34300087050531,157.24822071808353,152.92792675416112,123.39871337403601,120.37728360277654,302.39531295308444,295.39738786115538
20260811_155000_stage_B_2C_30day_full_final,12,3,1192.5632504839994,717.93969732811934,924.92282057585533,661.90298543886615,767.77015809430247,0,0,0,0,0,4.033323437565401,4.0506340943407659,3.4044656686460599,3.3883205507816663,509.34359916420783,509.34359916420783,267.78318422809627,267.78318422809627,140.72754067661583,137.27074458684046,138.80748566780915,134.96157713856223,274.81955993113968,268.98375005757589
20260811_155000_stage_B_2C_30day_full_final,12,4,1402.7839217056314,674.98189247406674,951.56252236394323,721.37251194496582,683.60607976290009,0,0,0,0,0,4.0495147325979826,4.0667957411505009,3.393238963780397,3.3784260111295068,460.51244382747296,460.51244382747296,240.31749760945553,240.31749760945553,170.00258151217929,166.37988110984304,114.01905534802798,111.50862069997174,301.13404401651434,294.82717561202156
20260811_155000_stage_B_2C_30day_full_final,12,5,1369.9565165182287,793.96258329937154,919.70099547524308,703.34006051873371,657.08071209352647,0,0,0,0,0,4.0553255479025703,4.0725548424268734,3.3924606786362346,3.3779277019742446,448.63149006939096,448.63149006939096,234.4383926559295,234.4383926559295,176.60604055862581,173.11789473931555,108.36682555199492,106.27820761926355,339.67189657261656,332.54638352266829
20260811_155000_stage_B_2C_30day_full_final,12,6,1245.0436894257878,788.03979539354998,1004.9335650197442,709.94982304918653,739.2774320170588,0,0,0,0,0,4.0476008570255919,4.0650019487453006,3.4002201454066303,3.384831451057452,482.98973353410577,482.98973353410577,252.3496428366241,252.3496428366241,169.33511449974984,164.6293109692424,111.52682692995337,109.61688649001773,368.15480303355429,358.91622285052222
20260811_155000_stage_B_2C_30day_full_final,12,7,1342.9346462530805,793.94836553125594,966.81264520865341,702.8624764813211,809.50637879008048,0,0,0,0,0,4.0703195348023939,4.0874382342664681,3.4432123543243032,3.4260092174214658,538.37175635343033,538.37175635343033,287.15564902009817,287.15564902009817,131.30790156248679,128.77302552432752,140.90315038572032,137.03147434882976,329.77285845565888,322.55475210149524
20260811_155000_stage_B_2C_30day_full_final,12,8,1258.4309415456701,789.39341483606177,1089.3759372560903,819.58952440787311,784.98249264991011,96.848588162253691,87.851384092241574,75.634338681501461,16.077034505241144,49.73555955578157,4.0965913682527644,4.1141962711873319,3.4455492148776816,3.4290283300877475,530.03279767006995,530.03279767006995,281.18945144212512,281.18945144212512,157.99566469935792,152.72178116198717,113.64449853414764,111.62386822577679,345.69729164713914,335.97783489642063
20260811_155000_stage_B_2C_30day_full_final,12,9,1416.3142405116098,763.08738697694605,1034.6349962026088,680.63209363752969,813.71646975476006,111.72652536904866,103.32444244595681,45.188042257654068,57.089854993440795,2.0137844500223396,4.1530244839384736,4.1694722503488215,3.5226375332386315,3.5039268616214359,570.69329395107502,570.69329395107502,311.11075225198255,311.11075225198255,85.390813659674805,88.012063794193281,192.09609869166141,184.62178862736849,209.10891428344482,210.05337161411836
20260811_155000_stage_B_2C_30day_full_final,12,10,1293.9816593018611,727.97228447769749,879.67809300782392,718.78016683798637,849.50372722804082,379.21714981141406,330.13069782709516,242.23098266476566,221.0054142539303,184.9565644262446,4.0975467598675914,4.1149479707603005,3.4187252615450601,3.4040565836723622,489.79963276062733,489.79963276062733,254.64676981317376,254.64676981317376,184.66083989386024,179.51715772533049,96.666689638016379,96.126486420866016,267.89623725678973,264.81160643262024
20260811_155000_stage_B_2C_30day_full_final,12,11,1321.78618276165,791.2938827267966,1009.2798961747205,610.37332581211751,716.56611746263525,619.3013047787432,544.97290015356771,456.04986793539911,357.09400053838209,297.32414528125355,4.103465474905823,4.1208821472446209,3.4192754308699222,3.404752353863377,488.46010478744677,488.46010478744677,253.17440268722873,253.17440268722873,177.07517558766403,172.81313126989593,104.61632607218726,102.91296680387342,311.02353298325716,305.99568368233389
20260811_155000_stage_B_2C_30day_full_final,12,12,1059.7029988006104,633.66139892732076,882.62540527652379,551.27281182765307,761.24871192977912,797.62091027233259,826.95964529392666,678.61415392926153,518.38820186530461,508.22758504651665,4.1107110873559964,4.1282453553413552,3.426193388654879,3.411408440504764,503.84921514733657,503.84921514733657,261.55962057490302,261.55962057490302,171.56391831121445,167.39819163857993,108.44360873634885,106.30244832788003,344.93816086740708,338.54022468163362
20260811_155000_stage_B_2C_30day_full_final,12,13,598.85922903721405,421.54253511857354,612.27754243802224,328.52071430697555,399.93361267493935,891.37412407134968,737.9910945148074,711.04329438770401,650.4130070816293,594.95261456410901,4.1425280886223952,4.1601424615899285,3.442634978429068,3.4279259828128081,513.60544824391343,513.60544824391343,266.95724230499019,266.95724230499019,180.85360096376837,176.79382103436791,98.128717404772232,96.312323788777618,398.67449350727395,390.64097051392304
20260811_155000_stage_B_2C_30day_full_final,12,14,502.35262912069476,236.00878021237614,420.13716442614384,293.85218323273921,361.45264961031904,859.16700952127917,790.26772559949086,624.18426171871704,634.47050377496828,588.27437856418021,4.1697243655767089,4.1875908822980366,3.4660738509098596,3.4507202313289556,537.45039701049552,537.45039701049552,282.89586411676845,282.89586411676845,193.16147502026996,188.36926144414008,83.183828582757059,82.21299051610228,480.09334482245345,468.82553857353548
20260811_155000_stage_B_2C_30day_full_final,12,15,638.14146389384541,364.24102624089079,622.66428604192924,426.69285515202978,426.81286838129853,663.21981266770388,683.14150031646102,491.93598741541268,491.65355585465414,365.01235408542459,4.3583360200058188,4.3781517186607646,3.6293226444309612,3.6092757434846603,589.70856507729081,589.70856507729081,324.91276345950178,324.91276345950178,153.75934837760119,150.58041575417369,89.223870006486706,86.382440875469882,519.33912502175372,508.36742289065859
20260811_155000_stage_B_2C_30day_full_final,12,16,697.24039174483357,370.52331990896852,468.55193468325439,423.82543942094782,349.04553878966544,685.10120971520837,642.14787215493391,673.49462194258228,439.25447100784265,410.03643595823291,5.170621870502595,5.1978275398487748,4.2088045554692162,4.1752787367461739,614.47556801418023,614.47556801418023,346.26752902647524,346.26752902647524,104.02821345871125,101.86103144977419,69.23192652907494,67.197356269064556,536.04015432451047,525.37862200760583
20260811_155000_stage_B_2C_30day_full_final,12,17,726.15676535226623,424.4565385734108,378.89361953297379,249.12346612697328,473.93259487824577,597.42172265128477,369.69639686643694,488.12351175296067,328.74666117447703,290.22272443430808,229.97499816893543,235.75471226361131,46.140941468469045,40.785437583101576,625.2891483628589,625.2891483628589,356.07425451157252,356.07425451157252,16.816153163101379,17.527103089365479,78.849596236331848,83.336763439817247,463.56402968648854,448.55661096601563
20260811_155000_stage_B_2C_30day_full_final,12,18,776.30844757358796,461.32722783063184,608.59783553850741,304.90498485682713,321.5881178640056,237.15837936982575,85.405564220495009,228.66078642286638,215.60335991805621,142.43501982007965,150.75044772065343,159.58814261147501,35.197255886543523,31.993786520986564,625.17358725059523,625.17358725059523,355.96377420770273,355.96377420770273,25.675124931200038,26.355087847643652,29.469919457754244,30.766214249951716,453.92728717150817,438.09150752894857
20260811_155000_stage_B_2C_30day_full_final,12,19,876.85988220881802,427.41586720222085,497.50924496363814,365.51579439139545,398.74676217158157,131.8323593666378,145.63621340503178,81.319553828561183,65.782159512866798,98.672718776767169,122.05216771722623,130.30156186620607,33.170209130386155,30.362440468770362,625.16818827652946,625.16818827652946,355.94528779337946,355.94528779337946,35.654684150365377,36.392780030078704,21.769690936464052,22.873886094054953,461.8279574218771,445.42958056262506
20260811_155000_stage_B_2C_30day_full_final,12,20,1054.543235278411,503.42225961706822,672.43612565557248,615.62403085063477,555.21291713992878,0,0,0,0,0,87.146769162785617,94.045753140034989,30.404193188145797,28.100218496043393,625.15891775500234,625.15891775500234,355.91589357308203,355.91589357308203,68.041905573272658,69.264984990961068,16.568287499869328,17.653477879572105,504.65646410463438,488.15309163274316
20260811_155000_stage_B_2C_30day_full_final,12,21,489.84760145181758,468.68806876597813,479.7751336487816,342.99267507341222,322.8216377096893,0,0,0,0,0,270.20617460804527,271.02542412399288,100.40930128433108,94.555249677661919,625.39486377157732,625.39486377157732,356.17717961449841,356.17717961449841,36.189251763745133,38.948903662703223,20.219296091065676,21.453506219521753,514.76090614637644,499.36987579637412
20260811_155000_stage_B_2C_30day_full_final,12,22,391.5617787035643,159.08709555367977,392.26771839338772,154.13005135726027,253.63527060964057,0,0,0,0,0,291.37845558711103,291.46689757473501,140.32326480692896,140.00124810486946,626.04481730793668,626.04481730793668,356.79759660334804,356.79759660334804,12.916696816018547,14.065743725719109,120.50151569295146,116.94431633503915,392.49536028862485,382.09091588836668
20260811_155000_stage_B_2C_30day_full_final,12,23,378.20177265866675,325.51790289198124,228.90978009108554,251.73272962814568,203.98314546126906,0,0,0,0,0,291.5510535399651,291.64200775117257,140.47408439065333,140.16572534823925,626.11789876070168,626.11789876070168,356.84199830265425,356.84199830265425,13.081420648522188,13.969439046337495,96.544222887230745,92.408640919737337,296.99728010870507,291.98714334147337
20260811_155000_stage_B_2C_30day_full_final,12,24,304.19414866795302,335.496123611766,206.93769439277969,214.50566612645645,215.3369730137812,0,0,0,0,0,287.50224817672921,287.68253215059337,134.93010206970447,134.15203915423803,625.76671666231539,625.76671666231539,356.53460698289928,356.53460698289928,27.97374638082297,29.26911212352443,19.956289186998994,21.94639466291731,299.99999719922471,293.94446129384835
20260811_155000_stage_B_2C_30day_full_final,13,1,273.91098936202673,183.69644663833955,394.22976107341714,236.76182814667828,348.35492615333516,0,0,0,0,0,39.039453591495359,39.505747974255073,23.406247581706442,22.916484283834937,609.81316462352595,609.81316462352595,343.35475754690009,343.35475754690009,107.31185329145447,107.68637805725696,62.506047421915284,64.334454780855125,327.12950135940559,319.37947401109614
20260811_155000_stage_B_2C_30day_full_final,13,2,547.01440930541503,171.12462038145375,168.69647707441968,184.06326924023003,158.71759878399115,0,0,0,0,0,44.21615328924009,44.815290852709325,25.39973000205827,24.827036647348056,610.71924564309484,610.71924564309484,344.10147989008777,344.10147989008777,86.587196631382881,88.330795317888118,72.677949063009137,73.724006243031567,324.30470159097325,316.96162730493802
20260811_155000_stage_B_2C_30day_full_final,13,3,412.7099081489431,153.13384677662535,316.80202621642007,111.51550961184162,108.99297631899009,0,0,0,0,0,47.158642042574442,47.840203239202573,26.442227884895875,25.823753565440295,611.08982933042682,611.08982933042682,344.41468959501162,344.41468959501162,81.257738394559567,83.170913269004657,76.130928094122922,76.869591913630288,312.84674604149592,306.40479156523094
20260811_155000_stage_B_2C_30day_full_final,13,4,210.60641262827531,145.51386794091056,231.30133321437199,145.55849842465028,225.29184378407248,0,0,0,0,0,55.439435233098685,56.385601230198944,29.128707756709872,28.382325380758431,611.63686376050123,611.63686376050123,344.95856548319802,344.95856548319802,65.3292217712346,67.87234533918766,96.86714108770046,95.535541942276424,264.01288887149519,261.33930021241468
20260811_155000_stage_B_2C_30day_full_final,13,5,435.47104341808608,249.46700128854781,398.59391019393371,171.09278954638887,278.11511475710387,0,0,0,0,0,24.860690724908565,25.044682896296674,16.898425720199072,16.640648984287967,604.37882348058906,604.37882348058906,338.65284255172048,338.65284255172048,247.31799997869942,237.8363258515999,30.08349689475644,32.823189341171215,453.17298119148433,438.9217830997755
20260811_155000_stage_B_2C_30day_full_final,13,6,372.20487560101424,118.42647694045039,305.11935559780386,198.27464640562823,158.70271184559076,0,0,0,0,0,59.292765627349198,60.349730307393415,30.179880127416393,29.389594241889085,612.45335668723874,612.45335668723874,345.45898066185475,345.45898066185475,98.18582733483494,99.21120254980336,58.968744490644902,60.663574001271421,476.01939858100792,460.80789428207447
20260811_155000_stage_B_2C_30day_full_final,13,7,27.419548762460757,116.21637589024429,70.489213168982474,45.257750163960232,205.59380121295223,0,0,0,0,0,253.44987868488673,254.14158841153247,98.14548432514718,96.07045053150415,615.58084264143054,615.58084264143054,348.64815767892384,348.64815767892384,32.599901175671761,35.851682393512839,212.31270867041482,200.89678310638993,269.45630000531844,269.85576054024773
20260811_155000_stage_B_2C_30day_full_final,13,8,103.69411534604427,112.45070471427427,163.15964647060434,94.695088063379629,69.050391594979757,150.43186428224956,46.23927879869845,143.92434903552015,97.672511257239833,115.35974046374307,209.52019891581622,211.82210753477105,64.216723206520086,61.693451527723987,615.71291637276011,615.71291637276011,348.25530990392838,348.25530990392838,51.549060679723155,54.128019988512975,96.473128214449332,97.337328688844224,208.6580899343478,210.41839109786025
20260811_155000_stage_B_2C_30day_full_final,13,9,224.79693811503509,140.76019061436631,107.38354943739617,75.904469519527566,53.426418996813311,170.45090799523643,170.17714644622467,139.97910405633132,143.84496563120811,21.059343849437894,200.08601937543474,202.70387201256412,60.562008676133708,58.177978827090371,615.41492162451186,615.41492162451198,348.02889858195095,348.02889858195095,47.314982681871953,49.918454831828122,121.18377732543115,119.84910622254344,116.5929328753313,122.1793268659018
20260811_155000_stage_B_2C_30day_full_final,13,10,117.08198017082186,77.524615328714759,58.350785074570446,52.401780463045775,165.71945974755042,305.18632125368327,225.49726367847464,340.01490242965758,259.62061247761324,227.70720845171314,55.909253938390613,56.743706300026808,28.962487530067847,28.254704019812191,614.28528467755382,614.28528467755382,346.69315586875871,346.69315586875871,65.285105503134005,62.805181807622219,87.553435280375581,89.604890073613262,78.067933072179017,79.143001522080297
20260811_155000_stage_B_2C_30day_full_final,13,11,60.895904305510577,111.78424727228342,40.908919693582561,59.183848614180697,24.321780651066426,502.75012517975625,494.09349866535985,368.21418007634281,320.94056197061252,250.74793609893968,15.351206949968137,15.409032502612598,11.321657909495224,11.206108738558772,579.14837266895415,579.14837266895415,316.07654495350636,316.07654495350636,167.82415022877237,164.34929452237668,88.419741295062892,86.17485958289511,130.86551128355967,131.3075226112249
20260811_155000_stage_B_2C_30day_full_final,13,12,129.21884396972047,18.962926963467734,75.859744633567615,51.278128387556777,17.793760376783808,579.42917492060258,650.83149454837155,599.22650808385004,425.73993294355284,386.28595108930148,13.310625526872668,13.352501763383673,9.9274518283913924,9.8403557876829506,487.96263862283519,487.96263862283519,250.63505208470747,250.63505208470747,205.03568845417792,199.83219682937977,78.646144019582891,77.968959025784969,228.01302642611657,224.52432306235002
20260811_155000_stage_B_2C_30day_full_final,13,13,38.845352653414039,17.847302238010887,16.760855879807472,10.77988775451222,72.456488753532838,806.53477517339309,785.09494108971103,701.23311650444737,576.6030007175026,548.62101661275801,13.249928382475922,13.291431832799152,9.9081276629858479,9.8210625379497696,489.91452743100513,489.91452743100513,251.50421138926947,251.50421138926947,182.89753450514291,178.56517792435389,99.626451453949855,97.951495541696943,281.92475030968973,276.39798814793869
20260811_155000_stage_B_2C_30day_full_final,13,14,9.4901949988839558,24.093166160595704,31.099955496081897,63.672633935755641,86.168198132462337,696.13689297154724,800.2436920938236,700.76966019826068,484.8196386157544,496.04323423937194,13.228877601904456,13.270281086067795,9.8911278158566471,9.8043887716972851,485.89931084631718,485.89931084631718,249.32498847302764,249.32498847302764,179.31846313482632,175.22031054543783,103.6630828592948,101.69515006421551,328.13016395403918,321.10165645637113
20260811_155000_stage_B_2C_30day_full_final,13,15,5.9787716951815471,19.465033777981006,69.305300587756633,9.2512971421061359,38.174179264307867,643.15172866660077,664.82343008039288,591.72396590715891,484.48333075438836,521.03334108058698,13.241792738945211,13.283240967247389,9.8871807986237616,9.8007108029400776,481.55414847141486,481.55414847141486,246.98105102080049,246.98105102080049,190.12896558281273,185.61529669630789,93.252345785730185,91.818213244742907,395.63251543887043,386.13518654444499
20260811_155000_stage_B_2C_30day_full_final,13,16,113.48880631383427,51.014224002666637,45.681614798350886,64.570916024094416,12.064157403904746,545.23083113194616,521.00130973525461,502.83199989412202,416.46617651371361,445.1905930934758,13.335087276157227,13.377120224665733,9.9388366357502527,9.8516104868916283,488.54360170615723,488.54360170615723,251.10187055995451,251.10187055995451,214.44250674475862,208.98256869704244,70.271605924807886,69.819241449942027,510.55120937047775,496.6425634274031
20260811_155000_stage_B_2C_30day_full_final,13,17,137.77670607986119,76.127276358668411,80.574980935784026,60.325110663063931,57.701369497989525,360.21384816732046,374.57643564941003,251.7259629357286,266.77400513058387,221.00332458505855,21.541576834120896,21.664040667782043,14.927937034307204,14.726144771000131,603.79826020633163,603.79826020633163,337.51484935527395,337.51484935527395,115.56130906890269,112.93441633513656,89.095271070171179,87.115515899978917,515.56164189896663,501.48852046238284
20260811_155000_stage_B_2C_30day_full_final,13,18,168.12049128855384,46.709165582567664,74.597218996075085,157.19598435293494,103.19506889091534,191.54966879756117,193.42266712866294,55.137246017456292,89.187412286595446,162.94429369966474,197.42224159140426,200.03150855217677,60.031073747085991,57.667138410983767,614.89834181778519,614.89834181778519,347.74424369502327,347.74424369502327,37.358637980037116,40.111863970763416,200.54776817591522,194.42638340662967,326.35356255220546,321.55988313981459
20260811_155000_stage_B_2C_30day_full_final,13,19,386.88116703730441,186.56055511546936,368.55275553118838,204.16665920382388,269.90321239310066,94.543743156576383,106.43582142254671,111.61733230047463,20.078131439642885,71.263836171384696,105.71404348988558,108.45405977754862,40.253074662078951,38.923905127936841,614.15652350044923,614.15652350044923,346.86489594303742,346.86489594303742,61.153873626668073,62.519488311930438,88.472641122926177,89.809585099736822,283.08911423517759,278.03899473195531
20260811_155000_stage_B_2C_30day_full_final,13,20,565.21101831390297,270.46893342783858,356.16401736708224,228.97498366011655,241.93714287935208,0,0,0,0,0,140.42533560976784,143.93950121574204,46.80545456252527,45.10029278724403,614.49283311819283,614.49283311819283,347.26043796687418,347.26043796687418,48.537213098924767,51.52030622369756,130.74887193704461,126.77542539187183,181.49608164971568,183.54568656453603
20260811_155000_stage_B_2C_30day_full_final,13,21,538.06466409810946,495.06880796657936,510.2982885768385,410.28167447114805,414.74360787525626,0,0,0,0,0,30.765273821084264,31.051536177092121,19.78236208219743,19.430131224446029,607.92228332887532,607.92228332887532,341.59622894387843,341.59622894387843,233.37966976299705,223.56433877377398,32.789852427347157,35.630785271165479,355.10461507269389,345.16383004852651
20260811_155000_stage_B_2C_30day_full_final,13,22,439.385654471348,284.75961417886401,341.23174335777679,224.24543299763431,340.58383334204461,0,0,0,0,0,78.56860334244324,80.377926189492513,35.059939897939039,34.012150349797302,613.24292400582601,613.24292400582601,346.1732581371561,346.1732581371561,63.123089259379718,65.218825929469233,91.016727976679817,90.267924798863945,310.78569765426897,303.56307916408878
20260811_155000_stage_B_2C_30day_full_final,13,23,321.74689164466037,261.8358814842714,355.63525007215782,137.5633866474752,282.351656714331,0,0,0,0,0,108.31254153781501,111.23501939876687,41.023259672725906,39.641470561434659,613.79065746890456,613.79065746890456,346.71880909704447,346.71880909704447,50.346787214282706,53.37782142023589,129.18033425147823,124.17998351750488,212.56410142325868,213.62535897840692
20260811_155000_stage_B_2C_30day_full_final,13,24,442.00132835792272,415.74695626995987,302.21190568779025,251.03950831302711,293.16657853802241,0,0,0,0,0,39.919309104463238,40.405411630347707,23.68767465468655,23.1875698242421,610.29576047609964,610.29576047609964,343.64612256309994,343.64612256309994,155.6100018495103,151.07689381677531,47.351795299734,50.085091907690746,299.99999719922471,293.94446129384835
20260811_155000_stage_B_2C_30day_full_final,14,1,439.52995188954316,220.33772255824871,369.64179349413826,272.61852930104169,286.52540681002637,0,0,0,0,0,11.765323251124428,11.69469464307096,8.6682711974948674,8.6668478786639955,578.0939513826728,578.0939513826728,317.73650170287334,317.73650170287334,194.83586937970992,187.67895759621715,64.85795241226792,66.547427369214162,403.28788807177705,388.91393716465018
20260811_155000_stage_B_2C_30day_full_final,14,2,436.64721565721118,147.49182533885104,179.28637136739303,206.73219411423563,247.64521978677985,0,0,0,0,0,13.013662691277272,12.924243026802982,9.438326110195689,9.4366260926794947,592.25530214790717,592.25530214790717,329.04962377678612,329.04962377678612,125.42662891018233,125.40408035484134,94.371597561004862,91.233575669205706,411.31452346760238,400.40696985155654
20260811_155000_stage_B_2C_30day_full_final,14,3,380.35644633775962,242.38082421506473,333.06910210486944,138.59227714339079,226.50877923264269,0,0,0,0,0,12.958552967691386,12.872015044559753,9.3871267274100134,9.3854655859670597,591.65998042335889,591.65998042335889,328.40923804261581,328.40923804261581,185.98285020126607,182.63351071332372,61.342493855565969,61.624840767718375,510.54076214255741,496.30508419608316
20260811_155000_stage_B_2C_30day_full_final,14,4,293.44885437144171,121.01400995604986,162.92879471689474,187.43857904467927,180.14478526302605,0,0,0,0,0,22.675459216876948,22.413235697930819,14.655511573977158,14.651491703362662,611.56347370198182,611.56347370198182,344.78937010910965,344.78937010910965,83.06459912485073,84.276860736068173,71.940414370442795,73.324636324053714,505.36510760998669,490.68244072070695
20260811_155000_stage_B_2C_30day_full_final,14,5,37.047099657233389,53.585668533856108,124.83657679264807,89.945980674933409,55.322253563831701,0,0,0,0,0,84.649229134727776,81.324226550148694,30.771834405679719,30.754753395613545,616.78417899374654,616.78417899374654,349.27641646322286,349.27641646322286,42.164807149243977,44.767461503299558,119.02269732463371,117.55075770529909,411.06599257249161,400.36120306778889
20260811_155000_stage_B_2C_30day_full_final,14,6,214.22248910717207,167.1957076944785,176.66575820192165,28.711641506642405,117.75382646699551,0,0,0,0,0,68.296233037132168,66.025941922374784,28.059626125151215,28.045404146403659,617.06430319190611,617.06430319190611,349.303640584368,349.303640584368,61.117068124710826,62.497088703955392,62.249153820780656,63.652487247064755,396.90562741719754,385.88359707127677
20260811_155000_stage_B_2C_30day_full_final,14,7,70.449088376000148,108.96169827743722,38.657128487564243,15.134839052629923,178.3876883122025,0,0,0,0,0,187.78584025940654,182.64218416337019,46.615815728749261,46.5815429550521,617.64360264522566,617.64360264522566,350.09913660028246,350.09913660028246,35.650151044172276,38.843792659826967,150.28599951241915,143.50664008815102,262.00631945426437,261.3911881449535
20260811_155000_stage_B_2C_30day_full_final,14,8,323.05388855476843,203.36002378711075,36.985093535665392,74.229572779267954,72.10266068374527,21.52171817718661,18.290413273919469,111.02048064787434,98.78650354647219,20.971047966620251,98.830480583434806,94.692283438525962,32.781795054135245,32.76286673815563,617.74913053463729,617.74913053463729,349.84510794279583,349.84510794279583,51.219901345696123,52.803010250916692,74.01299468509292,75.432611189770824,225.86756990417609,225.0998849377001
20260811_155000_stage_B_2C_30day_full_final,14,9,193.19065390566823,98.531067608794174,97.465431079533957,106.31436625968888,4.6137089851386905,94.649256213504202,40.994444653400016,129.23796257685555,143.7915816489168,24.783504553839006,138.17194129519012,132.35315829670847,37.842479005056163,37.81787936437032,617.76186494988713,617.76186494988713,349.99254150249334,349.99254150249334,38.020902648606487,40.472523696314916,137.88673694324967,135.34044105024597,106.87889679542265,111.14688843077718
20260811_155000_stage_B_2C_30day_full_final,14,10,155.28600220405261,90.093431462072061,62.112193028331539,28.028295356128506,69.977515492305528,240.76580481567527,240.26139689553497,285.97090877873478,312.44534125950514,205.55526734264433,34.392343998867624,33.797120779418279,19.054026887078468,19.047364018290065,616.86485715508343,616.86485715508343,348.83364711964191,348.83364711964191,59.297261010361659,57.386655518213232,78.320224151464302,80.17967150902183,73.223960425343392,73.706354498255934
20260811_155000_stage_B_2C_30day_full_final,14,11,42.443876406896017,23.588701994413782,26.761273776780367,27.668019503326693,62.182550742001226,513.6034327468069,358.97794229314718,469.34552174107591,275.12761355200814,384.22728774358575,10.680288920990629,10.628205824544404,7.9514720678724844,7.9503026062135422,558.88549440889199,558.88549440889199,299.20105313478052,299.20105313478052,190.76170577626019,186.19743498104364,80.603220411484813,79.046335338809925,155.35036183343902,153.45478449362855
20260811_155000_stage_B_2C_30day_full_final,14,12,50.856669089851813,62.996542905703585,3.8845516567034069,10.258218168182314,47.177193129966078,735.78873472794317,584.60455918496598,568.07648655503863,421.13079761520675,478.70672127239743,10.129466714903616,10.084139299306683,7.5480509482090792,7.5470137250473206,484.39231056912013,484.39231056912013,248.56052633852298,248.56052633852298,198.79826614161945,194.1450943075231,84.730852001382459,83.517689639047845,240.12341024824931,235.387936438124
20260811_155000_stage_B_2C_30day_full_final,14,13,67.534708817429276,26.329164826427018,100.89452473427207,73.627142212736132,16.580064585869913,553.47506006718481,655.1676371236473,573.53242379109588,484.1420629100939,379.67332076737711,10.107988633016841,10.062848583023435,7.5349273716728504,7.5338933638968717,480.61675439306629,480.61675439306629,246.57953034707992,246.57953034707992,182.36892288919711,178.35667635181508,101.06563211150849,99.071629861467628,291.96029405796173,285.82935641979356
20260811_155000_stage_B_2C_30day_full_final,14,14,13.049669599934401,7.8973398222514923,80.482228703297196,45.825677636276964,58.974966075575189,720.89372976650941,737.98993863962323,544.4489121818732,574.38798056713483,461.16238212419103,10.09414868789049,10.049095282217005,7.533868482552422,7.5328328473593258,483.87762021708784,483.87762021708784,248.30810477272684,248.30810477272684,178.19878880086384,174.39787781093793,105.06421728721156,102.8382289282754,335.60118477072632,328.5227476404429
20260811_155000_stage_B_2C_30day_full_final,14,15,85.934220892387017,27.284769515286673,55.536614522573473,50.821044223843835,9.2054075301450755,459.95118199259383,517.79444856759585,457.40057480889919,335.51830339689059,319.67382837353057,10.132722720251646,10.087523735168482,7.5308723011313035,7.5298448359928969,468.3540278925733,468.3540278925733,240.24174555776125,240.24174555776125,195.89955080685027,191.52669637110753,88.679070002593065,87.154272858405164,413.37848049401038,404.05869342065608
20260811_155000_stage_B_2C_30day_full_final,14,16,123.9753752122142,74.899026905271143,50.760837491313204,0.95432640819548664,73.053354634280637,480.06774596699654,505.6884078126821,362.02159272572231,289.02375758695098,357.98100497475207,10.248313219212172,10.201770050218339,7.6268212988602446,7.625762479572284,504.81629428121659,504.81629428121659,261.23436680614151,261.23436680614151,214.32525332043156,209.48000755109291,69.32042079738558,68.255421133181429,529.24851870752593,516.75134340199361
20260811_155000_stage_B_2C_30day_full_final,14,17,37.196789757984597,18.254860942843312,78.383436590526429,1.0149772995378652,13.169525805763373,239.64371306931136,278.86904983963592,250.90073270163549,196.14311325907647,166.30324134862829,100.54154708031156,96.40714297094317,32.869689791789504,32.850684835076798,617.95840378810692,617.95840378810692,350.00617371185677,350.00617371185677,45.072484994551701,45.220290660900304,88.759061116072601,93.0560542463882,471.19257618476394,454.05398916748373
20260811_155000_stage_B_2C_30day_full_final,14,18,76.947217181519846,118.06325557721429,172.49783658645961,113.0667374603903,57.860604106839666,241.18642506981621,167.9037985218807,199.90186223879772,159.06015146122465,137.92541572854799,154.57592720083721,148.27774542394363,39.879969978972142,39.853434588413265,618.61265459260676,618.61265459260676,350.47880787907451,350.47880787907451,61.521282958957258,61.817130017223157,52.87548506523553,55.279621842725533,467.81119188645278,448.2676041355117
20260811_155000_stage_B_2C_30day_full_final,14,19,53.257869187824781,18.185664210416842,0,85.17187336446473,106.13975605077471,144.33288124551029,66.514295340272582,95.535078283908362,97.88527464909518,9.701215922204705,266.2794582484608,265.58815938530086,105.69945281405083,105.67104626970668,619.6946681056429,619.6946681056429,351.72244701045918,351.72244701045918,29.503344875239119,31.997430984237933,167.99247223963721,160.71204841564415,307.70589978568228,298.49634933727668
20260811_155000_stage_B_2C_30day_full_final,14,20,229.53460308691231,164.07841343266557,233.23841919816189,116.99243223378598,64.081002407245265,0,0,0,0,0,261.27524505620147,260.35985455114013,97.35985755479858,97.322985581433045,619.58719464278226,619.58719464278226,351.58777937998684,351.58777937998684,34.046558878943188,36.758495575805121,113.25008445410492,110.96220885276021,212.51437560550235,208.287652185768
20260811_155000_stage_B_2C_30day_full_final,14,21,106.15305162112682,90.529745578866581,188.64708552618885,175.24424961424475,113.25323308756757,0,0,0,0,0,259.86670043052897,258.90600781246422,95.646134022669017,95.607887860619243,619.17254037492228,619.17254037492228,351.34684739767874,351.34684739767874,31.762973407808918,34.333502081193693,147.12772696600541,144.07587742351862,77.625799488080119,79.103495810488852
20260811_155000_stage_B_2C_30day_full_final,14,22,595.87268147514806,390.36662178231308,504.4118415153257,334.97105736640185,379.58366260998599,0,0,0,0,0,13.754256107261947,13.664560658767643,10.010147109272934,10.008300373849021,598.37295042555877,598.37295042555877,333.67104553995375,333.67104553995375,263.06654669657229,254.21584740009487,24.156705030567196,26.39456813674844,287.54490814769827,278.57046054085379
20260811_155000_stage_B_2C_30day_full_final,14,23,483.58635398056822,264.62874644332061,473.96774361288982,344.10821383798555,286.38373258518806,0,0,0,0,0,17.785990809292013,17.635591222182423,12.343800553565661,12.340984880428145,608.36378371386888,608.36378371386888,341.97622654295594,341.97622654295594,172.93227896904122,167.41086869682499,47.11126877542582,49.770700451370395,390.83810502491775,373.9394640886959
20260811_155000_stage_B_2C_30day_full_final,14,24,455.57012211119826,221.21689230601069,231.91358193812806,120.82279909211378,252.08761623274862,0,0,0,0,0,24.013860561836534,23.758308677572678,15.740863613345773,15.736302798982917,612.70555223082158,612.70555223082158,345.7115906599854,345.7115906599854,55.413332810119492,57.452102305869403,126.63909661932054,118.531705383117,299.99999719922471,293.94446129384835
20260811_155000_stage_B_2C_30day_full_final,15,1,89.78479471183644,137.73543375332952,196.70243034015414,145.43796365815567,153.49543870697516,0,0,0,0,0,50.798454170084703,48.795723797628852,23.285503815513561,24.874097564725826,620.18648856523657,620.18648856523657,351.94389868421371,351.94389868421371,39.779385756461032,40.772856910453804,67.831047475641995,67.550580173968569,260.43361385154856,255.58383231995839
20260811_155000_stage_B_2C_30day_full_final,15,2,156.61319528138819,27.158366170289518,26.005963836575638,118.29675869120102,122.11800309881505,0,0,0,0,0,67.997268718921461,64.470675412803743,26.703415162238542,28.806331216876618,620.22265133606379,620.22265133606379,352.07253865173874,352.07253865173874,31.352196271766534,33.538287689631353,119.54463956764565,112.58548682903663,155.82321319875467,160.67330587503039
20260811_155000_stage_B_2C_30day_full_final,15,3,224.44169044623811,111.80768807603495,167.04582845477469,14.633444195608339,162.54748322813913,0,0,0,0,0,36.019491211757469,34.999798327237961,19.220095354822007,20.302211855154933,619.54416024405396,619.54416024405396,351.41984856506184,351.41984856506184,41.725934896931335,43.357678835558275,70.623455116636563,71.514409847854523,114.90604892084106,120.23476144052749
20260811_155000_stage_B_2C_30day_full_final,15,4,205.77779151262339,260.94221922857957,223.48107076700668,224.93065400927506,145.91631500843081,0,0,0,0,0,17.879964594661867,17.615466020412708,11.851612684757351,12.261190642459557,616.76978293020716,616.76978293020716,349.06164251612341,349.06164251612341,143.24373075855786,141.56146831976486,35.049379965117623,37.436683752336272,204.88165108674548,206.04376764794253
20260811_155000_stage_B_2C_30day_full_final,15,5,252.18998745369097,147.45459223036835,234.66082158752425,179.53690474570331,185.57446914503305,0,0,0,0,0,17.208733798123369,16.960939649095849,11.51166201585656,11.899180439264535,616.38989555429578,616.38989555429578,348.77215671526903,348.77215671526903,133.28320050530303,130.35353212713866,37.020517197691987,39.294819830960257,283.70262354408283,279.70103563907895
20260811_155000_stage_B_2C_30day_full_final,15,6,415.11508676317976,120.52441495234397,306.54598271399408,118.96523727430005,257.55993632697135,0,0,0,0,0,15.899981741292617,15.691954352218449,10.81957031336664,11.158940213986599,615.83585099428149,615.83585099428149,348.24017299775971,348.24017299775971,197.65228441510911,187.97242996841942,31.312878581861707,33.878683165931449,426.79759220450165,411.23324131517694
20260811_155000_stage_B_2C_30day_full_final,15,7,295.33786102938717,43.236132599688261,185.34831671381306,182.89469023540516,156.56163695813882,0,0,0,0,0,25.453299740601615,24.898318779189953,15.296325884929459,15.986191246069023,618.29763945537024,618.29763945537024,350.45761292225927,350.45761292225927,41.308675739712825,43.708283837676476,91.591902541064087,90.901779093843686,362.20661976906064,349.56871999814905
20260811_155000_stage_B_2C_30day_full_final,15,8,255.72241930611906,23.643844083834665,41.494132560497079,51.801008249423028,187.41180788639383,52.864639293782218,68.030291591191698,106.27353832482795,84.797718871749836,22.287740666492205,29.778707523000573,29.011370059340294,16.957661748170384,17.803983664613899,618.85190061360345,618.85190061360345,350.91360958549313,350.91360958549313,34.217374570513016,36.622970465663457,138.59894367482957,134.83151713371669,239.00343057715597,232.71659660200558
20260811_155000_stage_B_2C_30day_full_final,15,9,219.01512787486243,160.44704815360714,5.9244016981533942,6.3499671028262394,11.746834773802215,140.2986982098582,187.62367011959694,84.461323330522191,122.95987608104616,133.76117474672608,29.822096287253498,29.039423355979483,16.95507177232426,17.805896344712892,618.76600503120778,618.76600503120778,350.86761959770797,350.86761959770797,31.363755673733841,33.639741468884424,176.67308539983506,172.85255263367998,70.92738246147718,70.933972108801612
20260811_155000_stage_B_2C_30day_full_final,15,10,64.865846605209583,38.447773355066481,108.09038832138209,52.265704617644936,28.834239324890504,289.79470545847789,329.07086017643491,324.43563722768641,326.39046522202591,325.19365608380758,7.9873484200077529,7.936154246275704,6.1783351867769829,6.2851649849888211,590.3888425898399,590.3888425898399,325.78716619772553,325.78716619772553,152.6470226974086,149.76913766032791,88.705216964938785,85.58264658699089,109.74835070587959,110.63436646199558
20260811_155000_stage_B_2C_30day_full_final,15,11,91.200008498360063,76.221619705802027,33.255466604637235,55.101171985336748,31.427750675536796,607.53028270180141,478.2362961319584,397.42462827360691,405.83288822248772,347.97806315863119,7.3199690795708854,7.2815350381189434,5.6082691522036381,5.693163101772746,482.41025659111176,482.41025659111176,247.76475387386506,247.76475387386506,208.44320580181358,203.28725414781812,75.96919139077464,75.300135299078221,212.93702327109551,209.92607819605612
20260811_155000_stage_B_2C_30day_full_final,15,12,30.719403894702083,55.63362321236086,75.92468885956913,35.006965562392637,43.823495625032535,701.04761859810185,557.50051783254935,517.37272633574514,431.39308553733269,462.41837727320683,7.2754881945931524,7.2374690852991508,5.5895820024750957,5.6741531435617105,480.83412315293776,480.83412315293776,246.70913402084165,246.70913402084165,182.78543897747707,178.48216419650024,100.62597370228249,98.937919967213944,265.63728090384438,260.62900378711305
20260811_155000_stage_B_2C_30day_full_final,15,13,63.959966913492615,61.73541613554989,56.777652952425427,55.26962082880199,52.576062297796206,514.4921723666821,668.81220713972516,585.37844493240448,441.3483451810352,348.79851966865942,7.2707506516373108,7.232823514986924,5.5843695536675453,5.6687761484798855,476.14818737722743,476.14818737722743,244.2079220139268,244.2079220139268,173.92639507769067,170.07030609260229,110.31899082001166,108.06036328262921,299.59438000708633,293.62520895642274
20260811_155000_stage_B_2C_30day_full_final,15,14,95.434991234621108,1.551989138722726,50.336760770695101,39.19702297315542,42.8802746054522,563.04634232569754,548.29725109855963,588.255492705601,414.1553589500615,440.51372744224727,7.2771391695733429,7.239209291928554,5.5850156090324843,5.6693592721178927,473.09613132212507,473.09613132212507,242.56541102692671,242.56541102692671,175.40587056790119,171.38350533696499,109.06224419331353,106.96411242598336,336.27939219229341,329.02134995304306
20260811_155000_stage_B_2C_30day_full_final,15,15,43.551400523329789,69.999179261854025,81.025034853491647,52.058963730737453,2.1338587686370278,715.03875186335915,545.77532078301715,494.83232556628553,474.67236463797377,452.73424950304957,7.2751511092492276,7.2371329189678137,5.589688374854096,5.6742548659257999,481.07026749586248,481.07026749586248,246.85674344712055,246.85674344712055,183.16688582367354,178.9365053397712,100.20475087772699,98.446941639019698,389.79097734723638,380.67871404881521
20260811_155000_stage_B_2C_30day_full_final,15,16,108.62718747428568,55.743187396964558,76.960231606324356,41.208257613057718,41.357380772499219,420.98198775342235,425.33911864576902,434.50953361615944,411.44878542852479,365.25550625424773,7.3336944154482664,7.2951366525623138,5.6133877322146581,5.6983421953268625,481.79210024836777,481.79210024836783,247.47863829877721,247.47863829877721,209.9431978969379,204.60810232540373,74.614090456298143,74.023995114946374,495.8353105030381,482.5771226806271
20260811_155000_stage_B_2C_30day_full_final,15,17,92.572817205157804,57.002530757379319,37.932652285622517,20.787324767712875,28.556154717141641,416.18058423018789,297.00135792602669,246.54190469550073,336.6441712777895,265.9540647728731,8.1228662283775126,8.0696910677859996,6.273396367673393,6.3832239722290627,593.77634279434983,593.77634279434983,328.65623724179005,328.65623724179005,148.40136912072529,146.19544644386841,87.419515444420441,84.289399776435118,532.26374777344597,520.49813583962509
20260811_155000_stage_B_2C_30day_full_final,15,18,191.9233505278294,123.80488439843593,22.407758703673029,60.160531115670317,189.70236347291433,241.89538644299876,91.433745405536996,133.07120741051935,132.44977875004528,186.29951101767261,93.624552653411541,87.220080226521276,30.345643216534139,33.050127883386686,620.84304112558152,620.84304112558152,352.45507339798104,352.45507339798104,34.037101888246532,35.197043379066798,80.154652601050032,85.094342393989194,473.83641436058974,457.62620555413042
20260811_155000_stage_B_2C_30day_full_final,15,19,319.23808093730554,107.65405885093497,179.57539800740705,172.50400440564931,175.21163483285702,140.62421680387465,128.07858461280787,69.525460714734848,6.3501674893428701,65.236715905057864,117.74324246843899,109.61292512957206,33.817078059035772,37.097725171005521,621.4515493039728,621.4515493039728,352.85625297572977,352.85625297572977,45.935654095424745,46.832259673558049,44.730294526785045,47.152721294768156,465.47817579448883,447.38332671058993
20260811_155000_stage_B_2C_30day_full_final,15,20,216.03580377194504,296.57862694972874,218.23902797059407,116.37407385920892,134.610921782433,0,0,0,0,0,234.36644143684256,230.1908727528492,63.437384252187378,71.267802250258526,621.93411455798991,621.93411455798991,353.38088280704125,353.38088280704125,35.285958323428531,38.052978420615766,54.948185524055887,56.659801463878978,436.18199881440165,418.67567232927843
20260811_155000_stage_B_2C_30day_full_final,15,21,160.96535115519225,238.28170594958272,292.1918530740798,111.69895580694981,130.44748360357806,0,0,0,0,0,233.8072921354408,229.63569133918864,62.79033782201811,70.602578995335193,622.18883903539211,622.18883903539211,353.52337176548679,353.52337176548679,44.938819836195741,47.840343497188705,39.333898005574675,41.59959384468624,432.92260554967254,415.51021053820801
20260811_155000_stage_B_2C_30day_full_final,15,22,16.756319523289502,159.82879008231959,81.344531189264202,45.305074282131613,193.0574032662868,0,0,0,0,0,272.26167756593873,271.4822439684375,114.31065395535863,117.47069944930863,622.34354812330992,622.34354812330992,353.86744324733564,353.86744324733564,25.541313912421469,28.06140007425741,97.464369178465802,91.898968784587012,347.61604453922325,338.65550528883188
20260811_155000_stage_B_2C_30day_full_final,15,23,144.66383161667727,82.024608255051461,151.24901924172417,59.336321816725679,123.49326209777711,0,0,0,0,0,269.45162385286903,268.48733798696077,109.24114888286707,113.19244439421554,622.49796891054746,622.49796891054746,353.91535916144301,353.91535916144301,29.393805585895464,31.864879923060254,63.898604977625624,63.393826242481119,303.07201959138962,296.89631250571819
20260811_155000_stage_B_2C_30day_full_final,15,24,244.7543292807384,26.89695004165743,162.51842707937732,51.60939364210806,105.38297711831426,0,0,0,0,0,255.47083585027275,253.46244683076077,85.834176501175747,93.193748675404066,622.46789554141117,622.46789554141117,353.78304095618955,353.78304095618955,43.45094686419263,46.268233444450587,37.96008711294435,40.133935180687914,299.99999719922471,293.94446129384835
20260811_155000_stage_B_2C_30day_full_final,16,1,148.76631263580427,34.668637951573196,4.1021110998561143,15.365060890249099,55.355623896722363,0,0,0,0,0,109.41212184598595,109.95564312368387,36.117687694073361,37.499423534462593,584.02227379076351,584.02227379076351,322.45912157084058,322.45912157084058,113.54115375060691,112.87899687709204,122.94004416809339,119.27469306398693,265.5869864991115,263.00812174546792
20260811_155000_stage_B_2C_30day_full_final,16,2,116.35568006627157,93.609546379215871,6.2626817020524239,48.9386654622176,14.969130544654421,0,0,0,0,0,86.94806845285126,87.331923588844646,32.753478780638069,33.904731675039258,579.26795219803216,579.26795219803216,318.56727706621228,318.56727706621228,134.95881540503618,131.82850170081988,105.88306141554175,104.15989051004001,269.40207434637551,265.92056159838353
20260811_155000_stage_B_2C_30day_full_final,16,3,71.942043287601606,6.1400348337011739,11.704015869000362,29.903520125066912,97.320733753590346,0,0,0,0,0,83.336128798973121,83.693192500247335,32.130243032769727,33.242400802351149,577.97196542056463,577.97196542056463,317.58232526395483,317.58232526395483,131.26208761641618,128.64425201072902,110.89248168337579,108.49296357142879,264.32408466406571,261.15265110645231
20260811_155000_stage_B_2C_30day_full_final,16,4,24.92836394714957,28.51017595543167,72.59530851142847,50.064175749155211,56.208420869633407,0,0,0,0,0,72.766752065863628,73.046320298372677,30.206546571604068,31.194536632206127,573.72517883579178,573.72517883579178,314.18848842473795,314.18848842473795,142.88058752486776,139.14095196767266,104.1291931926214,102.54441117801483,277.21750988908957,272.44127323511896
20260811_155000_stage_B_2C_30day_full_final,16,5,58.519977968590425,47.88091092765471,106.57471280827441,0,46.175194353935701,0,0,0,0,0,67.988761667596535,68.234438361292121,29.245217535653289,30.172490014852269,571.13142709210547,571.13142709210547,312.11080168438133,312.11080168438133,148.56021110071029,144.29129769174412,101.40485156008535,100.17049604154563,298.24964259074494,291.00289000041568
20260811_155000_stage_B_2C_30day_full_final,16,6,126.22066430418454,39.734273037926933,42.293170527581594,0.96622850216749745,86.955724660479675,0,0,0,0,0,67.470631087940092,67.712218370309401,29.118558357403661,30.037830725818363,570.88571290765276,570.88571290765276,311.88605746791802,311.88605746791802,150.06251695936598,145.63971487288771,100.40626811595497,99.243123391345335,321.74338772533542,311.80849628451983
20260811_155000_stage_B_2C_30day_full_final,16,7,112.92172613667761,14.45139090674826,23.02317715459326,46.430276233210563,35.750825175079974,0,0,0,0,0,85.16077977008004,85.528402418212181,32.31236131578035,33.440374961233012,578.47502441698077,578.47502441698077,318.00976752725853,318.00976752725853,116.6967586639603,116.1282341685225,127.68226067059958,123.15383420178938,284.90129200001132,279.48631347864625
20260811_155000_stage_B_2C_30day_full_final,16,8,39.564425869490513,36.970728396579673,32.567786578447418,20.240407483031408,34.104681367580177,91.319582238745681,4.0056195433947757,43.139417424536035,26.559160778453187,5.9362919918632651,86.308185763111965,86.681333485236905,32.383249462068825,33.514971238551162,579.27914302560225,579.27914302560225,318.4921798087293,318.4921798087293,111.56819749790827,111.38265998072103,134.73127501868373,129.38109517019188,235.61125306070241,235.97393504997066
20260811_155000_stage_B_2C_30day_full_final,16,9,64.445813624898022,66.241930966542611,79.325111184516913,2.4464046670082209,6.2169675298607538,138.81419278403675,81.14280510068437,121.64919290145018,49.958542535062129,60.449624923517469,63.297274856688709,63.507527348646903,28.003172670846759,28.853376894844285,569.23326581468859,569.23326581468859,310.08177782636238,310.08177782636238,145.97119734188703,141.37527395039848,107.74250594788458,106.62194007369501,247.2714351707514,244.74285930122383
20260811_155000_stage_B_2C_30day_full_final,16,10,126.60704281739753,63.854564803494149,79.583148401253027,29.057444787377015,63.491856546285625,90.198968545223352,141.2720914938111,106.00904082813246,11.14686108699633,39.626910629818376,60.356789598391899,60.548880209230468,27.324124254396022,28.136266533296201,566.63814366952613,566.63814366952613,308.0662401526194,308.0662401526194,137.0746233893471,134.06797385472697,118.80215860720955,115.71768045746943,238.63619776870883,236.82883526217881
20260811_155000_stage_B_2C_30day_full_final,16,11,133.4596833183937,84.827599730790311,150.0685266190111,105.28840707639414,13.58563876636504,7.290729924185543,10.650386339894517,112.49228193122796,71.998240819631775,56.935646463548927,56.024929371707785,56.191879747946672,26.290610878855098,27.046685974660665,561.75762700606674,561.75762700606674,304.33180595820164,304.33180595820164,130.99989393111633,128.41394454912754,129.46957855121383,125.61414703788017,212.68101502758691,212.83011086986016
20260811_155000_stage_B_2C_30day_full_final,16,12,93.150950209666718,58.215182438802735,44.687588062993505,34.90219325997824,52.39508204797864,188.87240000116211,146.65142677265129,71.150648346663417,127.77454119768218,44.692640046182937,46.673693239502612,46.788255099747133,23.791337357073996,24.40771734379857,544.38861841890969,544.38861841890969,290.71911913350061,290.71911913350061,145.76246060905049,142.82739164009371,123.79164467235933,120.42907704808036,206.32095771755527,207.56467773696633
20260811_155000_stage_B_2C_30day_full_final,16,13,87.735575393352434,42.7727369957069,96.376743595998008,55.465060028092068,41.711245607003669,185.09190154047619,202.1495112458831,257.18093066841561,190.22753725679109,166.37297731700903,35.380894693600453,35.44370888373129,20.126212307677953,20.556990369995457,433.47817731086013,433.47817731086019,224.376545142244,224.376545142244,200.58227979307759,194.50664482945234,86.104910666215872,86.682543146372737,291.17288656886308,286.30672125417038
20260811_155000_stage_B_2C_30day_full_final,16,14,15.773788556410301,12.248724182292237,16.032454818341506,29.083701867244244,3.7531298391862498,281.52792467195252,201.08862215225693,270.07926355035022,169.66628122589202,129.17063481195254,37.311915977485619,37.382683700597696,20.818946680386567,21.283859825635172,479.62604755535614,479.62604755535614,247.39547525845941,247.39547525845941,179.96702896808793,175.01797054285032,103.25369279060487,102.46632923271807,338.41688731724787,329.97141781749337
20260811_155000_stage_B_2C_30day_full_final,16,15,145.03577521705435,59.76040061667846,123.40383757280972,51.447191046571398,21.016293890600821,170.94911843607304,163.53153435528137,128.13377136237824,154.52616702585172,103.83852516078558,38.970593442249218,39.048436418327334,21.397652882166057,21.890470162447887,500.44373809492538,500.44373809492538,260.33249909064602,260.33249909064602,177.24711728493102,172.29965531465547,102.99890101437555,102.04562962479328,383.49606952437972,371.65707468424637
20260811_155000_stage_B_2C_30day_full_final,16,16,113.31197781690958,16.009618230679553,20.956256188009885,40.701496593876705,68.848211535361358,218.59878086117428,168.91384387394726,199.54459799623868,167.96641565208063,110.99200581433981,41.582765209706658,41.67196600435841,22.247867581986558,22.781775251536359,522.25492002608837,522.25492002608837,274.41815497115385,274.41815497115385,187.45631520338407,180.74636938198319,89.987180022597826,90.741775958078861,452.22099762676112,433.50461161905469
20260811_155000_stage_B_2C_30day_full_final,16,17,50.240945578226018,46.632276210067928,9.2643135965279075,54.020676230693809,59.822171056260999,41.35410035677122,113.98249354826,79.596179064966506,86.315017633077105,79.578981522826169,83.252960038980461,83.601544704069255,31.726122850633928,32.813732426458984,579.01383010450468,579.01383010450468,318.04619219192222,318.04619219192222,114.49750061347704,112.76025689043634,132.33886497860487,128.59733311463461,408.22556486932962,392.10291713752019
20260811_155000_stage_B_2C_30day_full_final,16,18,14.075722885886707,10.076945292040451,68.157759654370707,8.0183363029569765,52.60761320765365,109.79284430719471,69.971932296569506,89.47185424788907,72.697536216020168,3.765288440415655,133.98680444948513,134.63115719833704,39.045197282748092,40.636169991217876,587.95367603466627,587.95367603466627,325.47842232881874,325.47842232881874,95.008236385507644,95.926860385297942,146.33428657981759,140.80145169123202,331.13932586093358,321.99103404958606
20260811_155000_stage_B_2C_30day_full_final,16,19,143.0580664889207,56.327142464391379,74.140492260386424,82.198865825665877,85.800187511892318,75.401042076545764,39.430871502577553,98.06618009199579,71.766194748335934,0.39670807571185429,114.56219599642957,115.12345627943546,36.565679785944432,37.972910345369712,585.87870526747122,585.87870526747122,323.61637818568448,323.61637818568448,121.94506866620759,119.58899289996052,111.80929163282077,109.92460957343357,316.65734140183054,307.48267257795771
20260811_155000_stage_B_2C_30day_full_final,16,20,222.66700305505802,78.950684196714064,157.47388217936822,13.035341832040395,54.026223367113076,0,0,0,0,0,147.12895196783373,147.80434114014244,41.122139382417764,42.859128562669191,588.99167242245562,588.99167242245562,326.47502773518579,326.47502773518579,95.951581963105824,97.498454394184819,141.08198590416362,136.36695445448674,246.25600305288845,243.71244324996121
20260811_155000_stage_B_2C_30day_full_final,16,21,178.24781408696276,205.21173542670658,38.807240708160215,20.116022533392012,115.28447181479426,0,0,0,0,0,116.80347915967135,117.38385931429617,37.022657417694404,38.467363378819037,585.2979770578745,585.2979770578745,323.45630174870536,323.45630174870536,106.5051609764797,106.70116184837904,131.20473986101285,127.14838151018951,196.32760364170568,198.46750945773616
20260811_155000_stage_B_2C_30day_full_final,16,22,77.640576677817748,143.90382938769193,105.85461200891021,147.76341389010855,126.1438280475648,0,0,0,0,0,81.95015226513442,82.294179806454764,31.759895821668017,32.850213026373353,577.43753362371433,577.43753362371433,317.18600216219869,317.18600216219869,114.72505720325181,114.09417630674129,131.86847295373963,127.54298805270395,153.0596296204773,159.43783696413223
20260811_155000_stage_B_2C_30day_full_final,16,23,345.53967166920944,152.53529949978653,215.66866224804636,141.63832833709426,148.88429700189025,0,0,0,0,0,44.045851983147685,44.148503591448574,23.156620348259654,23.739448759510907,532.32082820869596,532.32082820869596,283.21827679834735,283.21827679834735,172.23940347021502,166.56916740828902,99.406534050354352,98.967143375669565,197.62338824327708,199.38659499195956
20260811_155000_stage_B_2C_30day_full_final,16,24,513.12287145262917,181.60665112056495,336.43148974125836,174.26358341028447,261.22319730191316,0,0,0,0,0,34.395195935330733,34.454933992089522,19.821943858608748,20.24144852400784,405.52926586211623,405.52926586211623,214.56276773395729,214.56276773395729,209.97833433355964,203.2024803863458,77.943502749830472,79.491929441240131,299.99999719922471,293.94446129384835
20260811_155000_stage_B_2C_30day_full_final,17,1,864.57730317458891,400.57653169464118,481.96320701716797,390.04193002418185,466.22379925246503,0,0,0,0,0,296.01280403156937,296.01628861363292,145.63373692566606,145.70067426530511,624.97131035128689,624.97131035128689,355.88700565070565,355.88700565070565,16.779950801477703,18.337883994479302,119.87957544822218,116.77535234452969,181.90242464475219,180.69816539495784
20260811_155000_stage_B_2C_30day_full_final,17,2,790.55176238337378,339.81971779222022,488.10236323010076,413.49092427824189,419.51875519355815,0,0,0,0,0,296.03376631442154,296.04236781604959,145.58625243868809,145.65117796707682,624.66776364618306,624.66776364618306,355.69093802637741,355.69093802637741,17.156131047391597,18.936231184889138,119.87822235356457,120.69964911986395,64.144917750110707,63.63005221706478
20260811_155000_stage_B_2C_30day_full_final,17,3,1158.3455732049133,681.96987529442299,957.22650534214506,632.138437766837,775.47476629507457,0,0,0,0,0,33.334366673606254,33.1991141119208,15.705675841411072,16.225733886069872,578.04768954718975,578.04768954718975,317.30664290060935,317.30664290060935,163.85377651732227,162.99276987688069,83.188771660019228,79.329061422184864,119.18134810456834,122.18014352605203
20260811_155000_stage_B_2C_30day_full_final,17,4,1188.8513624540681,804.73447032088598,1057.2560056776063,640.96298828961369,780.8188363847031,0,0,0,0,0,22.485353460571631,22.425085479575202,12.426525262025701,12.754506286898973,482.14520683166239,482.14520683166239,252.07583307378226,252.07583307378226,202.8069801598613,197.17864893643801,79.591238365496508,79.237177303965623,213.27292095344737,211.59961945332893
20260811_155000_stage_B_2C_30day_full_final,17,5,1330.2766504771189,679.59510851127231,943.55490123137542,718.38664036508362,777.88211999197085,0,0,0,0,0,21.902295079818611,21.845312537456131,12.220619957988262,12.537394874620919,457.99524866558835,457.99524866558835,239.2109703818798,239.2109703818798,188.31370910834485,183.99580687846324,95.493072397129509,94.202962468035523,276.65184537636935,272.52588734612851
20260811_155000_stage_B_2C_30day_full_final,17,6,1414.0664342764874,797.13722723414912,888.62396060255412,654.34778973770176,728.46129034244359,0,0,0,0,0,22.027188778105845,21.969313331991909,12.266376459352802,12.586183695648018,465.82364970627248,465.82364970627248,243.20573150175946,243.20573150175946,176.82906268002702,172.87764939712937,106.12685498754963,104.03533021510718,317.87927402444961,312.52096045342586
20260811_155000_stage_B_2C_30day_full_final,17,7,1361.2587819893918,845.36333783931127,918.11420668685571,737.3915117425131,850.76403699809907,0,0,0,0,0,22.386367681219721,22.326161046444749,12.394013598698928,12.721685533669712,482.369342587208,482.369342587208,252.16085865470774,252.16085865470774,171.44166457868138,166.78725637843604,109.27865686372388,107.16975849335958,350.75604229668073,343.55198175695205
20260811_155000_stage_B_2C_30day_full_final,17,8,1321.3644636609499,778.86326563880414,981.69614524986036,780.4622673990425,844.60837590546964,31.316742477740661,57.340837177927874,46.907523338286389,47.517984653877292,45.408445507097653,22.955665139274995,22.892416699341794,12.587713294343084,12.925353355885647,500.42069296807267,500.42069296807267,262.44112209421894,262.44112209421894,175.72533303902196,170.68639984734227,102.59778103479398,101.24312222908459,394.91130754869613,384.67738358724392
20260811_155000_stage_B_2C_30day_full_final,17,9,1359.5114645564977,801.58828194134924,1078.3782796486264,813.79912571037096,862.00049075985703,90.432957372995091,11.011694259143827,36.982911238956824,25.40866581931547,30.966990787299068,24.569781525363876,24.496693724939387,13.128802710836723,13.496709509224175,531.55160550509311,531.55160550509311,282.61676606674837,282.61676606674837,175.32902445375598,169.52225918435678,96.000790781394429,94.740900148259072,446.03988424441593,431.97975002176605
20260811_155000_stage_B_2C_30day_full_final,17,10,1364.0811831399317,847.86268583139884,1050.8320919904879,790.7900979245336,910.32661578379032,86.849776699694431,36.135523729678319,17.375335171949274,16.057015418304339,59.021539071227124,30.017729207828136,29.90777211033193,14.769080585285733,15.235280410224668,569.73785162861293,569.73785162861293,310.69909343749458,310.69909343749458,156.33490876855907,152.06781029959583,95.236392279758235,93.030709581514515,480.92308849194342,465.47332420083063
20260811_155000_stage_B_2C_30day_full_final,17,11,1178.4536627939167,747.17124190004427,856.68398406244773,634.07457704050387,715.37030105287761,102.97433286845248,97.2636899530535,84.217546079525917,89.75268001431462,56.531877005122517,89.564881915916743,88.707846439149733,23.588902425743978,24.824322780246785,602.06564877026437,602.06564877026437,336.74619748787649,336.74619748787649,57.655959631684389,60.553420782334683,200.32720598611462,191.0786355803051,310.22766773144286,307.66180781570398
20260811_155000_stage_B_2C_30day_full_final,17,12,1241.2172361225296,814.40168471203526,876.41991822350758,685.66692898762813,698.05236994863219,147.98185545560699,35.517334988082389,33.337355208180909,159.12182709489355,41.00919294988983,73.722981218790764,73.108092024559539,22.135400164205091,23.214087813411229,600.39338710973107,600.39338710973107,335.34050365149108,335.34050365149108,70.025041466468267,72.039415284201425,167.29911960548199,158.39129071079003,187.36229437850659,196.50695855949638
20260811_155000_stage_B_2C_30day_full_final,17,13,1005.8173873812118,710.98163972039606,846.10239008437975,728.39814063512006,787.84467944874041,225.28128602706019,216.20361951639296,127.59829056123911,76.154754521583044,165.53357542461185,41.190894315162993,40.985677198956544,17.395076567084548,18.049129326880227,589.55059985959599,589.55059985959599,326.40395797320747,326.40395797320747,137.90021780851384,133.08695012617954,90.804096657367026,90.737414882900495,210.57904967576144,215.4658638031685
20260811_155000_stage_B_2C_30day_full_final,17,14,1243.3159839591094,853.30478773082609,899.97381724237357,805.9266633447711,751.31944667799087,130.78537656282452,97.608524282569832,132.39241499697658,144.62527801015494,33.047104597590305,34.939805574189371,34.790653733108655,16.039846997962623,16.59053648434972,581.5837925143818,581.5837925143818,320.03217551343243,320.03217551343243,163.308837460365,157.7875947106493,81.649723587372307,81.554532333217452,266.83508829300962,266.85855200584467
20260811_155000_stage_B_2C_30day_full_final,17,15,1476.3956941371105,904.52783694951825,1075.8278915119602,743.68765222833463,757.37467670124749,52.604608847208553,79.432185748979776,93.944070322311617,67.351598040929588,126.07627166032498,31.622431030583634,31.499953280397154,15.217982845840107,15.709731155299993,573.70016929575604,573.70016929575604,313.80411198130633,313.80411198130633,191.84082952155748,183.98530186841214,69.09153673796115,70.453447637837243,362.7234607091213,354.16371520092969
20260811_155000_stage_B_2C_30day_full_final,17,16,1544.878749029901,779.96532690173365,1130.4489192667318,778.05680740109472,791.69142426988446,28.595267647331617,92.368944730178825,142.59874270667729,7.9096637359045578,122.94281124896388,34.716025635203515,34.568582665370563,16.01137597052287,16.55595797803392,580.61287217762379,580.61287217762379,319.24255988287416,319.24255988287416,177.78451784224876,170.57289870541877,73.369263538380935,73.968689700759327,441.20812283561088,425.49189103496298
20260811_155000_stage_B_2C_30day_full_final,17,17,1312.0864332192752,867.85862822634715,959.6467741716034,780.33867185477311,981.61774219285826,48.147449961327759,71.51685322952045,25.815202228392167,83.850021108818368,99.336427746609928,51.249233660443537,50.932569695641291,19.329024711324351,20.129376096300607,594.63338045273417,594.63338045273417,330.65868826937026,330.65868826937026,123.3473108685652,121.73966489837963,91.835265479372097,90.813164740127277,450.18151875135055,434.15407306558564
20260811_155000_stage_B_2C_30day_full_final,17,18,1185.5270802663972,806.38333902349211,1101.4439708063724,744.03871751002782,790.78506813222577,66.674667241804968,99.015745739239563,5.518182936409624,12.947787069084823,32.017909595742893,149.83054867582379,148.37686734782679,28.230369915528964,29.951336076808591,605.23303597449853,605.23303597449853,339.38287008289564,339.38287008289564,60.96682036486596,63.68109025335562,171.00966105299469,163.66484711365055,315.04092257640224,309.61722416732732
20260811_155000_stage_B_2C_30day_full_final,17,19,1447.0703414172974,876.31909741770028,1161.7558332279839,719.29102874749219,984.16316184674133,87.988369058846942,47.979797212803682,15.328228648350546,97.645297690299671,44.465693189564433,74.921230299807789,74.267180630816981,22.477945106644125,23.55866603166298,600.30830310497311,600.30830310497311,335.27610029735013,335.27610029735013,128.55928560245238,125.78091527053425,77.054316819439236,78.885206722886181,345.12837204145478,335.16981821871246
20260811_155000_stage_B_2C_30day_full_final,17,20,1289.4252406496812,967.70286317785099,1212.8671270373031,896.30830588525498,938.13832112028365,0,0,0,0,0,106.0573981065285,104.89038904408447,25.25724789219727,26.614434186497796,603.14982068369466,603.14982068369466,337.62940633408721,337.62940633408721,93.352374709392535,92.588579690102875,99.18653181177713,97.934641452472874,318.93825171126667,309.68327165927951
20260811_155000_stage_B_2C_30day_full_final,17,21,1451.0723181184626,824.00695943061419,1027.0745451963876,691.92814691027809,774.30928354975515,0,0,0,0,0,173.41215665806121,172.01515323702711,30.317900647822849,32.279437218001668,606.46117398163813,606.46117398163813,340.33746355274383,340.33746355274383,60.534961751296692,63.339508979592274,165.79554220529963,158.0657524904162,189.20244817043437,191.06021586267224
20260811_155000_stage_B_2C_30day_full_final,17,22,1318.851286637869,774.10805066468811,1045.5289061259514,858.94988185735463,939.44819026989092,0,0,0,0,0,86.445351893998875,85.58261839391875,23.752714592354895,24.945733702565001,601.59159835847629,601.59159835847629,336.3645851461269,336.3645851461269,86.617846695740781,86.823519978121794,116.30850152397146,113.60776400209416,137.92684183663263,142.97053495176593
20260811_155000_stage_B_2C_30day_full_final,17,23,1602.0712849963506,811.86805338946795,993.50278475289008,898.09001316996432,844.00486516934666,0,0,0,0,0,39.009213953809834,38.82420049257415,17.285280494616927,17.901901676047331,586.9345709780589,586.9345709780589,324.4689468182828,324.4689468182828,157.58944305660495,154.79069338586226,78.469356986210542,78.546145768504417,192.56916615845435,195.00866370070378
20260811_155000_stage_B_2C_30day_full_final,17,24,1415.9258047558797,814.44704335502877,1042.2499793952932,831.94933854257044,972.6066391996992,0,0,0,0,0,31.00251057011198,30.884258204575119,15.270725441604972,15.749034519579235,572.12723489276709,572.12723489276709,312.88075424169659,312.88075424169659,199.28441160416909,192.14372777870935,64.732625462683671,66.594201666924462,299.99999719922471,293.94446129384835
20260811_155000_stage_B_2C_30day_full_final,18,1,1206.8651053441272,816.01049700980673,1073.8535715670948,756.20953220105628,748.28950239554513,0,0,0,0,0,4.0758954222872159,4.0799465883523318,3.3981321537589282,3.4000428315842024,494.46890063675954,494.46890063675954,258.7572944077225,258.7572944077225,148.99415427363772,144.76468006446333,132.16087472934785,128.96334400617749,287.24931967955655,280.94006890055704
20260811_155000_stage_B_2C_30day_full_final,18,2,1361.5671796660329,714.93928423129682,933.7816141877903,705.19347514162769,730.73801731080232,0,0,0,0,0,4.0808751217387478,4.0848295983715888,3.3950974452143314,3.3969892448590713,484.51538566412842,484.51538566412842,253.00507581868601,253.00507581868601,152.9792031028428,148.90253917801215,129.46236698067864,126.20109038681412,281.08352804913881,274.7289203976411
20260811_155000_stage_B_2C_30day_full_final,18,3,1374.6616926224801,695.72279081227259,958.73851910440885,689.55540905720648,699.5454022057761,0,0,0,0,0,4.0931485570678481,4.0968766452573711,3.3890436167380922,3.3908941124978127,455.65576936817899,455.65576936817899,237.74593668658841,237.74593668658841,165.18895138316628,161.63774234964279,119.88987300941594,116.93963188015327,296.54261428352629,290.26996420103825
20260811_155000_stage_B_2C_30day_full_final,18,4,1279.3024829388887,684.24032916176111,920.55246684954545,646.80724279641106,775.3490013635826,0,0,0,0,0,4.0894229169858809,4.0931664517842208,3.3882482712420465,3.3901014398754632,459.15468802256373,459.15468802256373,239.44533206749475,239.44533206749475,162.21224700057985,158.65663399166095,122.81088848427189,119.64549013777258,306.07709382374605,300.1215013071191
20260811_155000_stage_B_2C_30day_full_final,18,5,1266.5337008439681,687.58966838110268,888.95886675669874,684.12570975562835,749.66232419590392,0,0,0,0,0,4.0852756863678197,4.089073182608014,3.3889762500935499,3.3908389383896962,466.38896723291919,466.38896723291919,243.15055988125243,243.15055988125243,160.02406269713944,156.30063670019231,124.3078248868308,121.11338629139722,311.97894482135945,306.22164512462865
20260811_155000_stage_B_2C_30day_full_final,18,6,1284.5650131999653,768.28553618516253,1007.5066816483675,690.18633330037028,713.61654686570796,0,0,0,0,0,4.0917338108678214,4.0955037761696609,3.3901939245532686,3.3920518603578094,460.35229165248052,460.35229165248052,240.14256866730727,240.14256866730727,167.42629964574783,163.63511152406164,116.79968315949668,114.14241279921407,332.88518876975837,326.66834238604633
20260811_155000_stage_B_2C_30day_full_final,18,7,1365.3125590214859,815.43825389113294,1031.5219560162554,736.0622026274832,731.91384145745781,0,0,0,0,0,4.0808821402779518,4.0850022222021654,3.4054212432950939,3.4073481819446303,504.23757661073699,504.23757661073699,264.58278391350967,264.58278391350967,145.81375266961959,141.72705064369379,133.90740467213377,130.7652107911498,315.33156098115626,308.92800930853758
20260811_155000_stage_B_2C_30day_full_final,18,8,1352.1469182913709,805.01948467923103,1106.9915409225418,727.29058541151642,887.56182046024674,21.098074814550031,70.812402050263316,20.90555800548568,37.923829672353932,2.7884336124856755,4.0976962862233171,4.1017640259090253,3.4110190907993436,3.4129387177221147,503.40979006643551,503.40979006643551,263.9619102586866,263.9619102586866,152.90965999008483,148.41377579891977,125.97616869099082,123.04180040706932,312.976734204465,305.78729596415502
20260811_155000_stage_B_2C_30day_full_final,18,9,1396.917036649837,849.11781994905573,1013.3655067680668,733.04991459197879,794.36243940567965,148.31766424128415,135.22528604508184,69.677801796197571,27.638334964448305,18.020299613395402,4.1119618748781459,4.1161234581661246,3.4277345389347378,3.4296832714385621,525.12367995955833,525.12367995955833,277.5684108326069,277.5684108326069,134.94615273130609,132.20971602535317,142.46330194268936,138.53077806119643,276.13571394854125,270.85295365231013
20260811_155000_stage_B_2C_30day_full_final,18,10,1281.9396057139581,767.5483982469035,937.94025866356935,687.91838008807804,802.85599123110069,369.83573150313259,208.02862950148372,222.85534272766989,244.4800023378296,206.93952136774831,4.1475663319705891,4.1511466238954471,3.4119276888970562,3.4137667398540059,473.07645738417318,473.07645738417318,245.30166292882191,245.30166292882191,177.51320150444079,173.90441751023948,105.66772880188246,103.52738082071721,318.48900774489078,312.33650627739542
20260811_155000_stage_B_2C_30day_full_final,18,11,1161.6033957227044,537.20781538008112,710.97175384648506,625.23716020280585,718.55465317986818,559.81976133528019,509.36344750919096,451.49104680090096,455.66514705155339,286.16382349769907,4.1661803190781175,4.1697693466926982,3.423042712708686,3.4248910565838697,489.86382388605392,489.86382388605392,253.73603920207071,253.73603920207071,175.67347759569168,172.23660405334553,105.96750542580233,103.48096208535448,358.85346488567728,352.37060316390131
20260811_155000_stage_B_2C_30day_full_final,18,12,661.241308960016,363.84064042873712,533.61330330691396,367.10719932372291,377.38204629078058,786.17991777837085,686.8962201370914,587.009953009779,503.88927950179925,444.50572522534907,4.1957993686430175,4.1996303454613946,3.4541003287214225,3.4560112395499853,533.22283397249396,533.22283397249396,280.55327770240558,280.55327770240558,158.67210776645143,155.16119067832284,116.15631673743252,113.15362311260633,372.59578772278087,366.28942687149589
20260811_155000_stage_B_2C_30day_full_final,18,13,544.82466815335681,310.71924511659716,378.97025376223553,268.32482939544713,260.9342461717967,896.41198598746371,702.85240509404969,694.96438801616887,538.40379458271912,504.74353715281251,4.222570974540468,4.2263516104562155,3.4648546086280056,3.4667622672250467,534.66343388701853,534.66343388701853,280.95009907232145,280.95009907232145,185.48289100611223,181.25910851523267,90.29399411820178,88.691046590967019,439.20372949694661,430.87701721190854
20260811_155000_stage_B_2C_30day_full_final,18,14,483.62380962600935,300.32813097937304,339.88433512719934,173.42301566161601,262.76957784467845,922.32746410681295,704.39066039656302,620.97797046362143,679.02933762565112,610.17269577807065,4.2834786035523633,4.2876304767876317,3.5173180256665599,3.5193225812008193,564.50152317492109,564.50152317492109,303.16409851889182,303.16409851889182,198.61724628909326,194.29154529055901,73.104320881308794,71.938480013915466,536.73222795567631,525.80776351350562
20260811_155000_stage_B_2C_30day_full_final,18,15,221.68144551417703,291.08363737520136,229.5084497814301,217.86148623896219,221.25192089455101,872.99375651637638,775.840954582221,630.79271807117607,670.67649862312339,624.98211153365526,9.784742846295142,9.813881134398617,7.3405678391853382,7.3510276140922928,626.198653647941,626.198653647941,356.4297621663577,356.4297621663577,40.085830269302591,36.932789212210366,36.62759226415573,34.170997023916087,532.11215046009795,521.07949933347709
20260811_155000_stage_B_2C_30day_full_final,18,16,431.01616387903601,224.30009048593192,169.27656539435807,230.43493743025354,168.40764620949136,744.70008300147015,555.74480666114664,614.60487577634763,523.23736121742547,458.44929973311997,114.65652489301389,116.94257012256269,32.980470362418131,33.172758870455517,627.31300476131037,627.31300476131037,357.56118282365827,357.56118282365827,11.808236549322327,10.970756196254758,61.885137790810163,63.221325747799092,473.97829914247643,460.70726241255227
20260811_155000_stage_B_2C_30day_full_final,18,17,490.39684234592363,263.60350566648322,553.11988469999608,387.93363711087886,368.69241250374574,504.03158595387106,505.98577938715727,500.22806279900919,283.15530270476302,296.16876153659359,132.30199004825877,134.7982730005323,36.666424300972153,36.891499546496377,625.95335077496804,625.95335077496804,356.5648840980619,356.5648840980619,18.468474455143419,17.723659590968406,37.040569414577931,40.141133280791969,449.44373791368588,432.05729684354384
20260811_155000_stage_B_2C_30day_full_final,18,18,546.51523601306997,193.1480102884361,303.33541060146433,253.64115496389957,372.18468107059721,129.51489586304706,87.493766841489403,84.152574199277822,160.25862412649806,88.48750035830146,122.34492335938329,124.51853907899802,34.612445035004868,34.824693428198444,624.94161241810878,624.94161241810878,355.8178271123445,355.8178271123445,31.369051905646078,32.236896635058365,23.026015305166208,24.028598946966639,452.09142317858255,434.37206054068906
20260811_155000_stage_B_2C_30day_full_final,18,19,616.94714912255006,268.12254278470891,299.53267463479011,314.27661199589932,367.99570737039767,16.712442245400258,65.993660986342192,93.705910662862777,90.821972248323931,53.392927635149618,107.043624848934,108.78535230637665,33.705470861968685,33.904176628580551,625.02299033292513,625.02299033292513,355.85287933973666,355.85287933973666,42.00414715304084,42.33689764433614,20.133008340816811,21.516072778952463,467.52514634874512,448.56852088842197
20260811_155000_stage_B_2C_30day_full_final,18,20,553.30812216477159,355.50585597541306,293.22792580845174,282.17292770288788,320.5156756470181,0,0,0,0,0,200.08647381510843,202.31255480250482,50.422488902697715,50.80520128720449,625.13404147251947,625.13404147251947,355.96250871586039,355.96250871586039,40.053670250919666,41.901263568562428,20.032302753259593,21.372304583404038,481.31533540428421,462.53265300745682
20260811_155000_stage_B_2C_30day_full_final,18,21,242.07734717025414,263.45736619254126,335.67972697149457,156.63250481430043,133.87114364697885,0,0,0,0,0,282.6950229349082,282.80915365615851,130.06216340766349,130.1411166612219,625.46985675903181,625.46985675903181,356.35621380648388,356.35621380648388,15.378810073974998,16.799749274166722,81.430143984363326,79.670728777225946,404.67832671045755,389.12939537951092
20260811_155000_stage_B_2C_30day_full_final,18,22,183.50003236990307,95.167144304202907,146.89998484274412,180.33608692271676,214.18500173457011,0,0,0,0,0,284.77812817086658,284.86743677533804,132.96505646358048,133.02200888761595,625.42190777443454,625.42190777443454,356.36181147518147,356.36181147518147,14.379004055745119,15.825287505371607,114.56212931311303,106.35384327723418,290.32817556828024,285.20121715964063
20260811_155000_stage_B_2C_30day_full_final,18,23,126.49994278277401,161.78119000444917,242.48335610952498,109.26396793724258,116.93137541465147,0,0,0,0,0,281.50488131208692,281.63280363714557,128.46016504878205,128.55068606504184,625.35564459525153,625.35564459525153,356.28186784193298,356.28186784193298,17.459658226310214,18.96511675770471,47.372301007715954,48.669080790231227,253.40597796338616,248.19306580798477
20260811_155000_stage_B_2C_30day_full_final,18,24,332.18586631433715,157.34338901947808,161.80007461266763,146.77973376549042,134.54727826697959,0,0,0,0,0,226.72358079498611,228.13985318617731,55.102531980253374,55.567289686090724,625.17123702480899,625.17123702480899,355.99734138698744,355.99734138698744,71.627488751318054,72.666622830370429,16.083648576312768,17.683708555322681,299.99999719922471,293.94446129384835
20260811_155000_stage_B_2C_30day_full_final,19,1,251.73810147657244,170.63341337036687,208.96353223413124,83.303614711909276,188.37998370144393,0,0,0,0,0,128.31319554105417,125.93920568372226,49.447924234617041,49.005675583989259,625.13980818081518,625.13980818081518,355.94663532321442,355.94663532321442,32.523114124221387,34.590960243145858,24.003804915594301,25.212735905907337,302.59990556036365,297.06217450611592
20260811_155000_stage_B_2C_30day_full_final,19,2,107.79810673528509,79.415531099419326,112.08897914274156,49.427647491563278,63.880623704432182,0,0,0,0,0,235.34820504313535,234.28948546443465,92.241012989007942,91.699219783891024,624.87069649688431,624.87069649688431,355.89014761216197,355.89014761216197,21.196863056387055,23.520558681839674,38.374438370149768,38.632483696075354,279.0388174553899,275.30569543524354
20260811_155000_stage_B_2C_30day_full_final,19,3,70.937276888085449,17.088230833114054,154.10807320878502,71.079487285538747,119.74180786500867,0,0,0,0,0,194.64040359066621,192.58012883734187,70.082302021491529,69.459542085483292,624.9058287282088,624.9058287282088,355.87007457214207,355.87007457214207,25.19027237428573,27.528769478022348,30.238877274085365,31.21110536200565,268.11131006548584,265.40258200767948
20260811_155000_stage_B_2C_30day_full_final,19,4,211.50573441727312,4.4646755112638283,146.42271432467481,104.12410073214741,67.972554129289989,0,0,0,0,0,143.74481925831017,141.26351962034093,53.478748354216769,52.987894251563624,625.01158554488541,625.01158554488541,355.88968167681401,355.88968167681401,29.517741614769157,31.589629471962404,26.079016667460056,27.261059376791501,265.70059233271132,263.54318255823284
20260811_155000_stage_B_2C_30day_full_final,19,5,35.813409815103029,78.253352389728292,160.43226816798668,121.13909348907401,126.01499783380231,0,0,0,0,0,136.88923781092777,134.44955657230517,51.676583671757037,51.20667622560611,624.93893307011319,624.93893307011319,355.84612671527742,355.84612671527742,29.506827360713402,31.583079824880247,26.237651156563246,27.406960481958198,263.10379122783866,261.51577608733822
20260811_155000_stage_B_2C_30day_full_final,19,6,119.4411611617371,143.95661891239135,2.5424854469242355,85.251682279659292,97.563708907243196,0,0,0,0,0,193.0378963791855,190.94822332008309,69.417680469778574,68.798343288242577,624.85511259793111,624.85511259793111,355.84084068632387,355.84084068632387,23.762718255242728,25.875520847756643,33.204511616422295,34.084020752822589,247.59633586153225,246.93261068051635
20260811_155000_stage_B_2C_30day_full_final,19,7,296.93030611875173,38.503765234615059,18.066681175813763,117.51461756302858,7.5617891808721751,0,0,0,0,0,248.98489765650044,248.28009165542198,102.62849803691515,102.2094547316716,624.85999819758592,624.85999819758592,355.90388534919515,355.90388534919515,17.756087150133695,19.731434739559727,63.949926325939558,61.329727116601902,192.52134060116381,196.54676070545131
20260811_155000_stage_B_2C_30day_full_final,19,8,276.85938898857853,154.20461530697071,166.8481680801757,20.178165617224533,102.8013226766368,103.54892976251203,66.053459655587645,52.692182882415686,62.462906256869971,55.005217316118802,142.95995854744177,140.51158342848728,53.081369104744191,52.595373492615352,625.09454190728525,625.09454190728525,355.9269941042711,355.9269941042711,24.381763391180623,25.421428074098234,33.365025180362395,34.59245314542482,177.39267745282379,180.98998692166757
20260811_155000_stage_B_2C_30day_full_final,19,9,117.77638096128344,116.25987857197426,169.43331243141196,23.934934238163944,2.8522917963199479,136.3950117547412,232.82472641166305,104.30990813415305,171.23187886430142,83.893259935162632,181.02831729374418,178.71970187834944,64.058383034156606,63.464677284416069,625.09831319825878,625.09831319825878,355.94969063307485,355.94969063307485,19.7992951043123,20.849338402587783,50.575613415722991,51.794349838668751,139.01691702923486,142.20511388547646
20260811_155000_stage_B_2C_30day_full_final,19,10,55.814587667593422,66.969201836853387,22.922267848965969,65.327851836146479,56.35185766424344,367.29222388507156,327.50609602450345,235.29401964519533,331.0588587315064,268.16062413686763,150.58087562239908,148.02070596680096,55.269626013463267,54.754332543801333,625.03867731929427,625.03867731929427,355.88765205072656,355.88765205072656,17.570758437388591,18.167661861933809,82.218885675561552,86.343746460308324,63.476282205593932,62.618513494207789
20260811_155000_stage_B_2C_30day_full_final,19,11,58.292249095446344,28.363217287575623,70.486489833174119,114.77210589436245,6.140892873588828,515.27495674996612,638.54769291538003,432.91267074227125,505.56959084037982,476.16895392383634,4.1905740480746578,4.190612237136949,3.5619857572201026,3.5595695354185195,571.10219398071831,571.10219398071831,308.61234091309751,308.61234091309751,189.70663907861393,185.82429284822445,78.019142865421543,76.051157539954289,147.52432085921143,145.35909090210501
20260811_155000_stage_B_2C_30day_full_final,19,12,79.239028461276163,2.0810111820560837,40.157790749554344,1.4357791551952535,93.525528136220274,725.76087191351962,568.42887796866728,623.6699771116821,446.26588337932941,368.35689332060963,4.1602204050380003,4.1597334213450496,3.4886798448540044,3.486315343407278,520.66115169737645,520.66115169737645,270.63322630106313,270.63322630106313,192.10745241688051,187.52218788619692,87.157521628022479,85.666772285421146,223.57933733660118,218.9437574603254
20260811_155000_stage_B_2C_30day_full_final,19,13,127.19672979079084,49.434370063574477,78.393780348953314,30.404199412942432,109.25662699684096,782.98680325272448,698.54555682678028,539.81994386248914,486.60138355753247,496.78977270039468,4.1708868557565415,4.1701793589979328,3.4783116973685151,3.4759391209526527,495.04642523422109,495.04642523422109,254.61234752467757,254.61234752467757,184.95163170476502,180.98008680196526,96.951463675903966,94.938225466930191,282.31195734210758,276.33891839661607
20260811_155000_stage_B_2C_30day_full_final,19,14,78.11998597615181,48.891454500625059,48.457811464274172,61.535660075744737,50.484327900171913,876.00073416030364,765.91641240010313,622.32700732031117,633.10027736344875,492.53004645772035,4.1571581633084955,4.1564868152003731,3.4734829187972664,3.4711126647089632,497.13450169828724,497.13450169828724,255.68119573378038,255.68119573378038,178.3360003646724,174.49976381441491,103.38192028883999,101.20049084524325,327.94555734937944,320.94371600154147
20260811_155000_stage_B_2C_30day_full_final,19,15,177.89581298888771,84.083034611718958,169.88556293431455,79.176947415847692,52.13494286322198,663.32048454909034,550.6487557163,517.98333798241117,380.35437169260268,376.42550336346312,4.1856601467027632,4.1848796044563086,3.4822894843757513,3.4799089982497002,490.58534617064311,490.58534617064311,252.29172110929051,252.29172110929051,190.12279386773923,185.79907484261551,92.245788763868802,90.680453034976352,396.56075098160164,387.40682443214399
20260811_155000_stage_B_2C_30day_full_final,19,16,90.171652780384463,128.19086445773232,184.64075025573914,5.374994735433928,129.23460370276487,569.21257566704253,486.40256704003303,500.89228609034694,389.4144664950116,406.66534008397122,4.1533505825396162,4.1529549041903548,3.4981054430669847,3.4957242735309042,536.15563989498332,536.15563989498332,281.9325224673384,281.9325224673384,186.90166118264492,181.68507677477791,88.925774416609514,87.984402304381121,465.96583002752703,453.16294652457623
20260811_155000_stage_B_2C_30day_full_final,19,17,41.756885035405389,70.157965129448741,63.704105334271787,61.149043219036237,108.33466674857601,575.06638161528849,460.42381892177519,469.94053648303873,363.55007963288591,393.39806450076111,4.2401906703366157,4.2402844693378885,3.6284859953305117,3.6259429146463065,586.18268242780152,586.18268242780152,321.83338397203238,321.83338397203238,146.37258147115452,141.58464423284207,99.926305556476962,98.782336677714341,486.67192495548051,470.83097447000711
20260811_155000_stage_B_2C_30day_full_final,19,18,392.54862125494481,199.20757244140259,130.94497932030072,136.12790440523446,186.61801353724087,150.34175986440258,123.36113183352397,86.159796508005044,40.654410904871625,35.401619948795116,4.589201812571809,4.5977830130688657,4.1632909153147937,4.1604651857255339,609.01981639128815,609.01981639128815,342.63014261430141,342.63014261430141,33.134853155546892,35.924175501362008,253.2333998855176,243.64915981480885,235.12284847823088,232.44144373811196
20260811_155000_stage_B_2C_30day_full_final,19,19,773.91793972610481,421.47307426699678,483.31689867672492,453.70239733895482,461.5981123660647,66.298461452122837,3.468871231008527,40.052808320446225,111.34927006535612,92.628192263188225,4.4200043254792911,4.4212157618947519,3.8170955268308386,3.8142670525014477,594.81027201025688,594.81027201025688,330.67818911079166,330.67818911079166,155.49304395170046,148.71406121631898,73.777240196066174,75.174334356181959,293.09187670579888,282.75706065926357
20260811_155000_stage_B_2C_30day_full_final,19,20,697.38427487048079,444.0303078858181,578.93834337866451,354.82929771928855,405.39400634579783,0,0,0,0,0,4.4148399112563377,4.422484301705401,3.9767814307673497,3.9742426808348705,603.25912286678454,603.25912286678454,337.80131477602907,337.80131477602907,55.9363541856453,59.485332826638512,202.86827493930335,193.06795826273978,118.02540109587592,121.77390657797176
20260811_155000_stage_B_2C_30day_full_final,19,21,875.6196058320005,493.21078357308511,535.124369172603,394.99603131499765,513.98429277702144,0,0,0,0,0,4.1755701255381652,4.1766765163074133,3.6305806131176221,3.6280322243835341,576.31558361449163,576.31558361449163,315.94189638955953,315.94189638955953,143.20059784967657,140.54553452473726,101.68679567627605,98.998434540982061,133.92061063138931,138.26662704914423
20260811_155000_stage_B_2C_30day_full_final,19,22,793.01800901848981,485.41730531074649,626.71778164660975,390.80052768505283,624.70775796469138,0,0,0,0,0,4.0150380163829249,4.015289357068319,3.4613837554042171,3.4590527194126719,523.02556291082453,523.02556291082453,276.77956782167826,276.77956782167826,174.05158509357375,168.8967359581614,99.68861312673414,98.037300986134866,179.80191151923441,181.34335498245076
20260811_155000_stage_B_2C_30day_full_final,19,23,936.2285689980198,543.72879413274632,772.59833578729013,500.04667958015523,525.76518290698164,0,0,0,0,0,4.105915909393608,4.1052040356768273,3.4309072526431375,3.4285828596353625,397.61787667858016,397.61787667858016,211.23990667318733,211.23990667318733,195.69342564868768,190.28997153260693,92.438749720598921,92.390909294618382,253.21627269127671,249.94776347888771
20260811_155000_stage_B_2C_30day_full_final,19,24,1079.7008085215843,558.72423477533778,699.33663581973622,458.05093468473643,513.48830463131412,0,0,0,0,0,4.1064661186126479,4.1057166480243872,3.4296200466936901,3.4272902883055822,393.49326979647361,393.49326979647361,209.50349967050968,209.50349967050968,182.93704765050867,178.4375332847286,106.07365653975886,104.93737392716559,299.99999719922471,293.94446129384835
20260811_155000_stage_B_2C_30day_full_final,20,1,845.37110649495992,405.43667588585322,472.04443803438329,419.6142539159398,476.62866927593296,0,0,0,0,0,7.4313994584910645,7.4677884835865527,5.617848894418163,5.652122068294573,392.56446003883906,392.56446003883906,208.84658704815416,208.84658704815416,165.39287084326895,161.96513110735842,125.97064400101223,123.30096126376861,308.88619873481974,302.71201121961695
20260811_155000_stage_B_2C_30day_full_final,20,2,854.65849286088155,359.66319033995092,446.44918710906524,401.73965161523239,409.68357114234595,0,0,0,0,0,7.4254658747294737,7.4619130629052952,5.619514649673742,5.6538563926889642,399.95330680122112,399.95330680122112,211.83940715425288,211.83940715425288,166.05269188599425,162.58384659524344,124.65110080765905,122.04516671515732,319.83239831259345,313.43173236071681
20260811_155000_stage_B_2C_30day_full_final,20,3,650.90450311756263,351.44017240720507,522.9691345029114,292.70116412767345,362.26918984251859,0,0,0,0,0,7.3487274118773582,7.3856656792883797,5.6172677615036903,5.6521177701856677,447.73774686976714,447.73774686976714,232.99478793541368,232.99478793541368,153.74630146417704,150.44597367495089,134.73504709816706,131.70421580987227,308.49846174350046,302.49509110164786
20260811_155000_stage_B_2C_30day_full_final,20,4,623.7232220062624,318.32050078135796,529.98013778318375,324.91256509482361,436.98034518298078,0,0,0,0,0,7.3901964547965902,7.4269190375266243,5.6214174103131196,5.6560463270382391,428.12283995400873,428.12283995400873,223.90698887494199,223.90698887494199,165.49126482946403,161.94926490326893,122.96985515135594,120.39966684519253,320.80742769962251,314.47202190882047
20260811_155000_stage_B_2C_30day_full_final,20,5,601.82944143915586,420.2650650383539,386.58848657109053,368.79238192637439,322.57349207869396,0,0,0,0,0,7.3481713561677466,7.3853252291297844,5.6236038278369938,5.6586151295724916,456.62533445792792,456.62533445792792,237.47009508727893,237.47009508727893,159.45126648165382,155.89427861566989,126.93633299443469,124.15377041610013,323.27319753929459,316.82823886725652
20260811_155000_stage_B_2C_30day_full_final,20,6,754.36810759112029,430.69473675258848,556.24514022381891,303.59348928468978,326.73687197156488,0,0,0,0,0,7.420230377671535,7.4570470472061334,5.6328318023106929,5.6674946951235725,426.18375664942323,426.18375664942323,223.1642492838325,223.1642492838325,180.72757618301767,176.61957456153809,106.23552413974598,104.599664992204,367.88854483762606,359.56400598130301
20260811_155000_stage_B_2C_30day_full_final,20,7,799.40316999864933,434.21592335725489,620.24725879906441,320.31148039148337,472.91476171849752,0,0,0,0,0,7.4072199791529068,7.4444815204881865,5.6441303109855854,5.6791547754483416,449.25838234344434,449.25838234344434,234.0811039653199,234.0811039653199,193.40440338883076,188.54245999914895,91.422472354746148,90.577837564680891,440.37198304896691,428.61017824200269
20260811_155000_stage_B_2C_30day_full_final,20,8,817.00993686005734,336.83854434745695,472.0289774630466,389.79568615399916,422.43460020457672,86.031578916668906,24.507492438344276,48.050472929960023,29.563336529591627,2.8000039172328504,7.6073296272814419,7.6485387446744308,5.8232669347893316,5.8611925636026285,534.56701178648802,534.56701178648802,284.24544612361461,284.24544612361461,193.56044129391756,189.79126658260776,80.93618563782438,78.789648787212357,524.64728506035465,511.87826395833588
20260811_155000_stage_B_2C_30day_full_final,20,9,564.9046304614543,334.58500581022713,291.09794367015451,148.81782962164229,171.26651686586828,45.410303337757625,86.04277337946175,85.169118173091675,107.39620823454804,60.604957226141501,14.266061086377874,14.408787552858104,10.101766618925732,10.21623367221968,615.88687142349784,615.88687142349784,348.19898782706741,348.19898782706741,38.776081782968603,41.036250219728025,195.49491757558667,191.85756021525228,342.32918358104115,335.63582225025527
20260811_155000_stage_B_2C_30day_full_final,20,10,121.33058204288147,152.2889072786104,212.67453599694667,77.845862991211916,139.08128806659764,383.86578704526227,214.5465131013122,319.44355506504547,141.13071765953677,177.10906686752412,17.300259449655016,17.51885470663095,11.655786877651286,11.808022100881676,618.15080268917688,618.15080268917688,350.02351588038056,350.02351588038056,24.538787336320109,25.684849689700982,256.26412879556392,250.01113184159385,79.676171299769365,80.962040480326337
20260811_155000_stage_B_2C_30day_full_final,20,11,167.4473639204997,149.41240281479438,153.05726897239103,142.41482490316102,37.976962931463945,498.94106299154333,430.57301144816489,298.22422155563441,400.31948424108674,353.58502573553557,8.3705649930932537,8.4213383569798346,6.3270292539114994,6.3718251585344499,590.4620808329795,590.4620808329795,325.76137851704397,325.76137851704397,160.75547830940684,157.75114750551717,83.243452645742551,81.37386719234064,131.86337661629943,132.52266524380209
20260811_155000_stage_B_2C_30day_full_final,20,12,1.6972204485438933,72.073253919476926,10.081603617148208,39.846147935066476,1.06754140250257,738.40141263865394,672.39410970340839,565.72547290416651,423.50549795621896,376.44156223013306,7.7096082600539857,7.7497246066179626,5.8249393316661662,5.8619946428532526,538.01182424795331,538.01182424795331,282.45004867418231,282.45004867418231,219.70378250090002,213.82658850569536,62.014993991130794,62.211541574683849,260.69123198807529,255.84265981594589
20260811_155000_stage_B_2C_30day_full_final,20,13,1.6899129668895094,33.150975711559042,85.321139984659496,17.473474995742745,12.653198136154758,677.87252577224024,632.63022658779141,540.48628006186038,458.78149099925963,393.3397984332878,7.6786099956268226,7.7170819682715548,5.7609485364916493,5.7966784566000928,494.74881210289385,494.74881210289385,254.3767454623017,254.3767454623017,232.09936721350658,226.35656261319838,54.825315501755625,55.027156588123219,408.66364525605832,398.42228106990979
20260811_155000_stage_B_2C_30day_full_final,20,14,365.76671778530215,34.228001332439561,154.56954928524223,62.134838805796477,135.93158593544598,409.4075725874435,450.89372424783897,348.34946362882664,214.30025550420402,280.55411970982595,7.9483897495316826,7.992639034292381,6.0174487233269103,6.0575008373363506,568.56554742361652,568.56554742361652,307.68920188677339,307.68920188677339,191.45157753720477,186.13770459877873,75.895842666630202,75.032133681721177,496.64135096550905,482.57717778467594
20260811_155000_stage_B_2C_30day_full_final,20,15,408.47409870466885,149.21453463256569,170.90046854015199,194.59343670450343,260.95281084891764,225.02027222715549,329.52434553401673,198.77147684513531,215.14179773728557,157.70853830318271,9.2590918639262672,9.3232705077029223,6.8953130510612652,6.9490254904850683,600.52753808339628,600.52753808339628,335.00128815093831,335.00128815093831,135.58789627068262,134.56129812919005,79.672597882105507,76.690463058339702,530.1453488512285,518.47072048056975
20260811_155000_stage_B_2C_30day_full_final,20,16,215.33524947070808,244.62147324840268,250.64408174081657,119.37768777306451,83.322792635917466,230.70705666075213,282.42480266730041,212.25870657028233,272.70725062240768,139.62938601419381,38.841555791370133,39.938719742919936,19.644759966172547,20.058864879402073,621.23206052884962,621.23206052884962,352.61677064167333,352.61677064167333,36.399197115784105,36.249012003318377,71.429180013728711,74.008978980616106,483.53887068462444,468.8626324162052
20260811_155000_stage_B_2C_30day_full_final,20,17,230.47436497915126,241.62661251213984,171.75796341086661,191.21195791305254,152.89323226302048,342.66952595068426,254.59696794015531,224.75351518381197,175.92329518862616,145.93228525427241,50.739301135536294,52.54317939976891,22.778954141378048,23.325956571617624,621.31234124327443,621.31234124327443,352.68577873642164,352.68577873642164,51.94199008731902,51.738163926907276,41.397843100264588,43.058959110486363,484.28905831847322,467.58369204988111
20260811_155000_stage_B_2C_30day_full_final,20,18,457.74896215932165,163.73934409330451,332.15798493652574,140.2024316355523,150.77324758088483,158.47818627505202,150.4047982980214,44.763594289159123,12.142277090906694,78.257701368997999,130.45588710664302,138.36179871579864,33.263830648419614,34.471184686180464,621.05043885821124,621.05043885821124,352.56090769015276,352.56090769015276,51.887572096638337,52.497389314126934,40.043716480421779,41.897322948848476,486.49485489386785,468.27876137831942
20260811_155000_stage_B_2C_30day_full_final,20,19,97.442951114886682,203.31904883499038,210.56102831500846,97.485722648429885,120.89245444782118,70.0749522813624,112.44042519921636,46.266945147444261,54.060790436306704,15.859853222885645,251.5264511444758,253.19817166599961,74.413340393604784,77.708570634557333,621.79622510095555,621.79622510095555,353.30049461179868,353.30049461179868,39.228822731094517,41.832982141207744,46.437962895932017,49.179697063872595,470.20305880081747,451.28433745665899
20260811_155000_stage_B_2C_30day_full_final,20,20,164.83241575665187,86.276071139219169,204.81044863099555,19.360098093800318,182.62105241919124,0,0,0,0,0,279.38420389746619,279.73381799829838,124.00170301286238,124.73392055399312,622.35988962592182,622.35988962592182,353.93696744112572,353.93696744112572,22.429442112512262,24.731785560201402,154.58875170976916,144.22503032636962,318.6242770245575,313.29291076487385
20260811_155000_stage_B_2C_30day_full_final,20,21,236.57820560143261,114.81687469622946,111.866012877778,71.642978543584462,144.61553925237132,0,0,0,0,0,276.82665182739765,277.27507236852779,119.45690501941273,120.44515820652806,622.38806765992138,622.38806765992138,353.8966045420774,353.8966045420774,26.126520180795069,28.35327639824558,84.7864040107617,83.600649771019476,247.93102961976047,245.92124866660652
20260811_155000_stage_B_2C_30day_full_final,20,22,92.93536535516786,112.72761346959059,177.94686948448523,70.676894100561867,30.090631245604634,0,0,0,0,0,276.42551322428864,276.87351780496073,119.21814734585112,120.21457895703605,622.1302891274222,622.1302891274222,353.7533107976501,353.7533107976501,25.422050813115533,27.859683665986196,98.103774069559748,96.301629571850455,161.80668194094238,163.99315333060497
20260811_155000_stage_B_2C_30day_full_final,20,23,219.10676913623678,125.2527294567455,221.78142850587253,70.846766770982953,276.62500232416295,0,0,0,0,0,211.12261232038841,216.19009593070012,46.785099618567905,48.930225615797099,621.64158305514684,621.64158305514684,353.07086303117302,353.07086303117302,86.557460799330968,87.818993447638945,27.99342415944006,30.317408235436467,208.60459203874041,209.34423828299487
20260811_155000_stage_B_2C_30day_full_final,20,24,302.52943773532695,105.57582180494221,351.53680506803465,131.87562156387614,129.87188832035511,0,0,0,0,0,144.06110004487473,152.59582010596441,34.925936167365172,36.219687539303322,621.51087476588191,621.51087476588191,352.86231783696854,352.86231783696854,132.67176376435421,128.07791098059769,25.20826400469139,27.602907184515807,299.99999719922471,293.94446129384835
20260811_155000_stage_B_2C_30day_full_final,21,1,211.71637314748162,67.724994622544386,32.824316580153166,107.07164447666057,120.31642237017283,0,0,0,0,0,35.757610850297851,35.107349098957208,20.642268290958398,20.983932435760252,544.43551965247389,544.43551965247389,291.87196479006792,291.87196479006792,144.69629234974713,141.46444285363921,122.35315058972104,119.04770385559556,294.27871521430706,288.98723335590643
20260811_155000_stage_B_2C_30day_full_final,21,2,150.76010060800988,21.757402680358609,45.514434366229644,73.538182550617776,143.64192695243131,0,0,0,0,0,36.001261197072118,35.3396796338005,20.731363580275907,21.076715587797562,545.73316261291222,545.73316261291211,292.8362371063107,292.8362371063107,139.60185534685863,136.88701014056835,127.46383018628508,123.52516870610307,278.29390704171868,274.93535503119239
20260811_155000_stage_B_2C_30day_full_final,21,3,202.02942645375947,75.484222609126533,65.1238448177712,128.85193297533004,128.03101219094253,0,0,0,0,0,32.284196514800847,31.76474122272931,19.291477916536969,19.587090537758666,517.54518908592854,517.54518908592866,273.42832018313203,273.42832018313203,177.51138688228923,172.30832745444604,97.847750832983664,97.576999726875229,329.33443208801941,321.59396115477693
20260811_155000_stage_B_2C_30day_full_final,21,4,136.07446536259656,47.374393741344804,73.904406336920431,45.818518125055938,85.476406424940663,0,0,0,0,0,35.322154966551693,34.688237017565704,20.477166502517932,20.813161636349477,542.02621874211184,542.02621874211184,290.16506432057878,290.16506432057878,150.07756261643181,146.38491304465634,117.49908781508984,114.63191160677373,333.84969642604159,325.9715922207746
20260811_155000_stage_B_2C_30day_full_final,21,5,126.97825512906154,95.991951179430373,81.466863252172686,9.161510286792776,36.821584480655957,0,0,0,0,0,36.648283986128405,35.963436619155246,20.966996469807537,21.31966212846568,548.41444206650942,548.41444206650942,294.79960464404468,294.79960464404468,148.04080798453694,144.34005105440221,116.72303715818104,113.91118492798005,337.39416010303472,329.30965491642542
20260811_155000_stage_B_2C_30day_full_final,21,6,276.27249946189198,91.183136063371904,123.19415922582033,135.23689000672485,68.83729129603708,0,0,0,0,0,32.930031715529744,32.391978568625369,19.545220472504614,19.847468977924279,522.84490491769145,522.84490491769134,276.91892749744778,276.91892749744778,200.71766995120481,193.63769521004136,76.878476321435684,78.510548221101985,432.61953381307944,416.3496381375715
20260811_155000_stage_B_2C_30day_full_final,21,7,80.007446282249944,43.803878866346302,3.365416871548331,89.612987913206467,93.334057049092252,0,0,0,0,0,56.115414760281887,54.502085117893301,26.826666227037929,27.405311327279314,580.07465658565945,580.07465658565945,319.26084063914021,319.26084063914021,105.79853791254946,106.37492181149314,141.8769951978698,136.65220566163754,370.19711215896331,360.25128369942934
20260811_155000_stage_B_2C_30day_full_final,21,8,38.755078583262268,53.69109784298697,55.140799940445667,21.129049503060457,52.870268302073377,53.554015934911874,56.816261955052568,50.98575757588339,63.372312775108107,43.876124829156012,59.737790697035223,57.938007169286543,27.67638657742329,28.285335773224652,583.04957175131847,583.04957175131847,321.31746588093404,321.31746588093404,117.56551558433611,115.8257815199369,121.83036784778102,118.99856653307633,340.63900079844217,332.2738575861764
20260811_155000_stage_B_2C_30day_full_final,21,9,84.24836649679014,9.2775458778863413,81.494986446020008,30.464240004633794,32.212904993588936,102.56431023552121,118.61064096749958,64.536130597204476,60.804385490496614,64.197084317525693,62.017510981658937,60.091432248780762,28.188955666209406,28.818102516335788,584.5214432333089,584.5214432333089,322.37702901990411,322.37702901990411,123.92348798267973,121.24852515927959,112.7769866841426,111.0714851112392,326.86237700047326,317.98476899481784
20260811_155000_stage_B_2C_30day_full_final,21,10,59.434920688258458,64.243205230334581,86.578564458636436,37.826589085723455,22.51803101247344,13.667773181321376,6.6159233674042186,7.5725078762874514,120.33805732084538,84.301414105413144,84.581738067017881,81.177874688507671,32.61070142037277,33.448400903867473,590.20376193810216,590.20376193810216,327.30615351595304,327.30615351595304,85.92903815866589,87.85948782730371,159.92740009786152,153.92559357353443,226.50140012342644,226.02987073546402
20260811_155000_stage_B_2C_30day_full_final,21,11,61.137629908316789,61.085539602111353,47.417972925860759,16.712455301328383,22.0681625057404,68.603054832339225,72.290557015332112,68.027820412734243,47.16880326967997,67.914200116683219,69.349748734088919,66.948333455241212,29.696640710293202,30.39910126131667,586.75191808683314,586.75191808683314,324.39686773839645,324.39686773839645,90.72114543328729,91.653728398067898,158.51911515542963,152.73816697440012,132.01808084068551,138.80915187772518
20260811_155000_stage_B_2C_30day_full_final,21,12,65.773001998935499,67.27445843681744,99.809244122558582,55.854148886464607,9.4390217359768496,192.44047408421994,206.48041378619735,206.24635359139876,97.254145869706605,72.636133840306755,32.819581434761091,32.29103667868722,19.415593013374522,19.712931903904384,526.97120114759275,526.97120114759275,277.72050899195546,277.72050899195546,181.12601725171604,175.10390629707337,94.69937843067143,94.700585455711717,189.80996477759496,191.17979481652262
20260811_155000_stage_B_2C_30day_full_final,21,13,35.888581803450528,33.713485874662076,79.259216512782316,7.6681335976317762,64.743877864151585,313.29162622979737,294.7080719532338,220.79161145624488,198.74560812474689,114.35595925814282,28.281273765124048,27.904785641919805,17.481329372645302,17.717345273818463,411.20136990026151,411.20136990026145,214.52357144627499,214.52357144627499,201.89502620505613,196.09686652927593,85.904173944741643,86.086929368166224,276.0664062013214,272.01483095046399
20260811_155000_stage_B_2C_30day_full_final,21,14,100.01548917601403,19.331253645163688,26.383700795714564,23.458774295246009,50.14560037850412,299.24428821737303,136.5794882887345,177.37447331974585,169.8643734923152,92.107715321611366,29.259436912699151,28.850496489996367,17.933648865897375,18.184369413081935,461.93781283078181,461.93781283078187,237.99901938460394,237.99901938460394,178.02104373796149,173.36671689688524,107.0151718401289,105.76581575184908,317.37959907645461,310.52730310005069
20260811_155000_stage_B_2C_30day_full_final,21,15,1.6845022487251062,26.246375590874703,13.732493654294688,3.8232590589321864,62.280384640032317,245.94974463343556,309.56956858358819,215.48681169912174,214.14604398214556,201.81466711253725,28.621194783804629,28.233520723119128,17.638999579771543,17.880163289158485,432.58817314618278,432.58817314618278,223.62047762196389,223.62047762196389,194.62882798170148,189.08170940319829,92.151213441153644,92.034292827910633,390.15530710314852,378.44051619858408
20260811_155000_stage_B_2C_30day_full_final,21,16,70.468365447067086,7.9805273362078299,84.483797855399729,61.072029717246814,43.784153559644359,209.14975929784197,171.71635089380649,130.93355096394075,131.21313539177075,162.79621266951105,31.417915138127054,30.938128368494286,18.848057478453367,19.12715527322495,510.17322261674849,510.17322261674849,266.31295026579699,266.31295026579699,185.41607743038381,179.25776860812582,93.805132711632808,93.967228171049086,452.80185155534645,435.36447664473167
20260811_155000_stage_B_2C_30day_full_final,21,17,14.362079545792623,67.784870046329402,52.149040676984825,32.297210682913139,9.300100610367334,153.86856637326531,63.617667745742068,41.526557780620145,133.90560367411948,145.07601246744818,45.738621269836649,44.67458823407619,23.870240958019338,24.32519270287526,572.44726870793772,572.44726870793772,312.4625715056527,312.4625715056527,139.22521091660192,135.30561900164054,112.21552349766006,109.99927322501068,453.42062638288832,434.91811905175194
20260811_155000_stage_B_2C_30day_full_final,21,18,10.695840768703484,15.585688612749486,116.6948717127632,59.312318316620519,120.52640713498646,116.3037660153755,9.9356649219175885,92.185955844998503,73.499809699717417,60.100667713050193,74.616880136204927,71.892255590472772,30.879793581137125,31.630163675446664,588.43233080631819,588.43233080631819,325.71008067652542,325.71008067652542,117.93892208763042,115.52822278441319,111.67682195310117,109.6454162291119,435.4802985360875,417.06527930315514
20260811_155000_stage_B_2C_30day_full_final,21,19,15.806858044417828,120.4829433573975,148.85151562805657,2.5119623650206262,101.26640215591348,46.408615205542432,33.487054990450943,67.015413541555233,20.836544971831461,33.026239623329829,125.51707623571468,119.57479301697049,39.102366296723872,40.25653951930525,595.32088374627153,595.32088374627153,331.4596814697432,331.4596814697432,106.81166835620962,105.92930298365982,108.39884199275167,106.63667396285818,411.16764228695206,393.91645869638438
20260811_155000_stage_B_2C_30day_full_final,21,20,7.9226886785588944,63.733802229237028,96.518153234329191,17.476153400969469,86.892394722230378,0,0,0,0,0,203.21753733171352,198.47622777939551,53.80738446973276,55.708641751675678,599.64758936668284,599.64758936668284,335.42564471554635,335.42564471554635,79.54732285951377,82.370366076148358,136.83461696291945,131.18362021044271,330.72176956838194,322.29021015331477
20260811_155000_stage_B_2C_30day_full_final,21,21,110.82701919226203,58.519339030080928,86.252748856422699,19.548101481857145,89.397132992588695,0,0,0,0,0,187.54517969934554,181.77151024974748,49.64150205078915,51.33993369112968,599.2095793394127,599.2095793394127,334.83706047207613,334.83706047207613,99.609071101338003,100.51377791260562,104.52105948353966,102.66604266320309,304.23542302231988,298.67922953776747
20260811_155000_stage_B_2C_30day_full_final,21,22,110.63729459122696,68.882065479987446,76.410039421092492,50.479604179743802,14.813467162369269,0,0,0,0,0,182.32483630295468,176.27116854103525,48.504590076492441,50.146381237825729,598.91784032438125,598.91784032438125,334.57203982386807,334.57203982386807,105.57707868574225,105.7730032781735,98.491372791928299,97.409501882760495,289.81993518178973,285.64215261838979
20260811_155000_stage_B_2C_30day_full_final,21,23,72.254809810716097,91.126403855385277,44.501382295636496,53.019999520732611,0,0,0,0,0,0,180.57902143179601,174.44148090154826,48.140997793414321,49.766289559233549,598.64675514730936,598.64675514730936,334.39278730211112,334.39278730211112,104.36029549140528,104.71750387754828,100.21686679982975,98.951462501820075,272.39212690202146,269.94183666171642
20260811_155000_stage_B_2C_30day_full_final,21,24,138.30379414340845,37.250490887169924,41.484627776994991,36.240203076888712,69.129960358419979,0,0,0,0,0,143.24803933397018,136.56115079914423,41.881064273890253,43.177418916907953,596.7910523738982,596.7910523738982,332.64499273966311,332.64499273966311,132.26988235180198,129.30587742459772,82.291521437476689,83.135398545005415,299.99999719922471,293.94446129384835
20260811_155000_stage_B_2C_30day_full_final,22,1,190.42069788598135,95.463197302450794,146.47157290709424,107.45011972825222,15.201104982151728,0,0,0,0,0,264.66927126943949,265.33909304823158,107.25079666524486,110.70878022282727,620.92446793610145,620.92446793610145,352.66968269216716,352.66968269216716,32.488261785231416,35.140278959860659,85.358370078640746,82.107235398240874,234.3967993852209,234.34045080412199
20260811_155000_stage_B_2C_30day_full_final,22,2,190.21178166181053,51.488217318528555,127.21561270469992,81.843804305506055,49.98886399989442,0,0,0,0,0,255.50209503685372,256.51090324042639,95.280593429689389,100.21914964965687,620.63804710180921,620.63804710180921,352.42220988825835,352.42220988825835,37.284512945916234,40.290065312130359,66.422351191964438,66.7706917388807,194.15024860102943,196.41185209739425
20260811_155000_stage_B_2C_30day_full_final,22,3,196.59894765383032,77.666383903129329,135.82504939860468,99.441765283135112,10.168518402808065,0,0,0,0,0,234.11481855037238,236.12101399374021,73.481435239288814,79.967648658485047,620.28838053024754,620.28838053024754,352.0959050448696,352.0959050448696,43.836530698248936,47.147939137663649,55.443223401864039,57.38709420042008,171.9995446718267,175.08155932082539
20260811_155000_stage_B_2C_30day_full_final,22,4,164.74691106373353,116.2975231298316,63.461447228710313,81.463818617840346,36.178056998983514,0,0,0,0,0,225.99589742604218,228.41833049961841,67.960043548624128,74.371043347085717,619.85406144302976,619.85406144302976,351.81958209074838,351.81958209074838,38.314194164508706,41.613752038401451,73.28205926228145,74.405528012602488,125.05780912846049,129.86112725249492
20260811_155000_stage_B_2C_30day_full_final,22,5,405.75572797091195,208.19344112804129,174.00227519738408,215.02819141199936,300.81461949317901,0,0,0,0,0,58.428785224963264,59.951910215662288,27.816026156104581,29.551973099601099,618.88331640905983,618.88331640905983,350.72111697735107,350.72111697735107,73.037652561170205,74.244753695919385,43.009800483080873,45.520789103340292,143.00302923009025,146.10275101955531
20260811_155000_stage_B_2C_30day_full_final,22,6,297.08427694365315,116.27956364207654,233.66564634616753,159.41907233139753,88.41515744737346,0,0,0,0,0,66.437287173184117,68.401654298246029,29.714246189039802,31.71505010433339,618.50913759731202,618.50913759731202,350.58061304311201,350.58061304311201,41.955760797888829,44.126466023308389,86.889305155708655,89.881465909169023,84.21954155295893,85.948274985900085
20260811_155000_stage_B_2C_30day_full_final,22,7,566.6141558424232,341.93129735277034,346.72381607499489,242.17010285597564,307.21035529750498,0,0,0,0,0,17.712659518608518,17.868086580165439,12.262461917880884,12.614023655791994,612.0020809372553,612.0020809372553,345.18195856455475,345.18195856455475,85.683818170118826,87.729225254869931,65.853680012995326,68.084325312257945,88.164222336071049,89.255327368329631
20260811_155000_stage_B_2C_30day_full_final,22,8,453.515048283434,312.67426133093824,482.95217778318892,317.42305137232694,341.16444933519671,118.50700834582142,92.390708149967281,56.656210868850231,50.609094852456018,11.384032874600635,11.612325814468438,11.675816295942772,8.6529903334851461,8.8284903795498817,598.45929480442442,598.45929480442442,333.84184512820036,333.84184512820036,151.08426147450214,150.48358904245313,69.667379080305977,69.252525551173193,146.73185868500505,147.74330689412281
20260811_155000_stage_B_2C_30day_full_final,22,9,560.44975616585111,352.32505328347401,361.66499231034464,337.11956000762854,211.08902121504937,163.1973008999199,138.72201328315774,83.39740433333867,15.801883374337436,14.595921797287151,11.091376633981863,11.149407425270724,8.37777571816126,8.5432309565344617,596.3261556071127,596.3261556071127,332.17427872135124,332.17427872135124,96.466576804928152,96.2573731673141,120.30163769250863,117.89674621846856,99.883291484430757,103.37855805751822
20260811_155000_stage_B_2C_30day_full_final,22,10,652.0787334082612,409.04315901961638,487.83561353977126,434.90022899651132,406.84479521831616,187.88412136619459,168.60678208466666,128.16254977450029,72.931492806585211,153.18347145453993,8.7348641450264779,8.7653633761314325,6.7336331323121827,6.8337084608907919,479.84707449147879,479.84707449147879,248.99125950232278,248.99125950232278,211.07543876440201,205.57239141613411,73.334710494642195,73.097934914966018,208.36817471167902,207.17378264874338
20260811_155000_stage_B_2C_30day_full_final,22,11,645.92209538672284,400.12349005108229,311.6861620072176,345.78548756747989,351.42387799487068,467.67023914977648,383.86658318804393,350.00542355680273,232.8344830722707,226.8621495482798,8.7410365546209032,8.7714506353327408,6.7273350476198752,6.8270116732713113,479.88876656484371,479.88876656484371,247.87252961190811,247.87252961190811,185.4745501046749,180.95337279272709,97.498909208073997,96.159595902433054,266.96314846358194,263.18782271504989
20260811_155000_stage_B_2C_30day_full_final,22,12,186.16290763921285,95.973694008285051,107.84233833090737,29.949366373839457,55.337662227028339,472.18440579465647,599.72504981753616,495.21640560689127,324.70824003440538,386.16485761435638,8.8103984786014102,8.8411497010323661,6.7678811920756399,6.8685043006223587,496.85500857716443,496.85500857716443,256.30058163737704,256.30058163737704,166.80771193540491,162.71585350053013,115.34032328970626,113.31920059769492,288.93417443910607,283.72186797919932
20260811_155000_stage_B_2C_30day_full_final,22,13,45.261811468557191,97.02599680283349,67.036406317736891,20.414286701550672,42.292025213827998,649.42846212707559,623.3866299010898,389.29186209387973,427.62518255584553,363.77720504453447,8.8071669928746221,8.8377703530941272,6.739275911311509,6.838536648887283,473.57141663699076,473.57141663699076,242.96941520812291,242.96941520812291,177.46732629288775,173.81411400089195,106.8280715934434,104.60908687701023,329.9569107766568,323.92225182776855
20260811_155000_stage_B_2C_30day_full_final,22,14,45.693644460244577,47.388286144517373,59.660793507646915,83.50084278431315,5.403543369890623,470.48182731914665,571.95329572472144,510.90052186992733,400.91396721180661,372.58981999334407,8.8088939111347226,8.8396468083165001,6.7744679793446396,6.8754115664821107,502.68875165510997,502.68875165510997,259.59086565050461,259.59086565050461,169.61414552163802,165.62696311606169,111.54468951467339,109.35222186095977,358.67109784093844,351.48404989782432
20260811_155000_stage_B_2C_30day_full_final,22,15,165.7317081376921,1.0352345949108379,68.750621371561962,73.641451796991404,43.881385682666647,503.4066943955512,546.35352506825211,517.95465649962546,423.37133949001253,375.5290137129237,8.8505029729633637,8.8815332878452029,6.7981678006586934,6.8996626883937111,507.29093204396236,507.29093204396236,262.53438017326215,262.53438017326215,186.1649662732533,181.70990561844226,94.346260036863896,92.792489920333551,421.39038966812882,411.9201983762739
20260811_155000_stage_B_2C_30day_full_final,22,16,450.94062651540298,218.68642797263416,144.49135613314536,136.87785912304793,234.01555887901495,281.15678477570754,382.90431073188387,376.12191225844839,272.88743392110808,318.01618155226589,8.9471138979633569,8.9791535997080452,6.8876148424447567,6.992322767645577,529.15948665626343,529.15948665626343,278.37815306791765,278.37815306791765,209.12579166535684,204.47199590435017,70.99759381498302,69.620257335941105,530.71738681696877,518.58915320581013
20260811_155000_stage_B_2C_30day_full_final,22,17,322.38701727740261,144.01037780684749,179.2703107231803,190.70023430917513,76.025758381390361,222.39365063925172,262.51124151993855,132.75257937508735,157.78934285394035,92.585174575757947,93.294821387829401,96.711372796808632,34.344016592358464,37.0167442894166,618.82053531269128,618.82053531269128,350.82458797754282,350.82458797754282,35.919567924888064,37.829080958500413,125.05071954689403,127.61504022764157,424.09975400837544,410.84083692663688
20260811_155000_stage_B_2C_30day_full_final,22,18,372.84701492783176,266.02504401990655,127.56839550964978,90.347929698467283,292.9304265403818,24.368475458707039,148.32765978889205,115.99705665435964,115.73253208536073,7.5593586238644033,138.2134403864161,143.18540212828546,42.012826380452026,45.778140113827774,619.41418963796536,619.41418963796536,351.30393566796386,351.30393566796386,35.227330997253645,37.708621027983611,116.28177886096942,114.32422023600823,326.60237539371519,317.75168447847955
20260811_155000_stage_B_2C_30day_full_final,22,19,419.69078723562222,220.07245183973271,370.42625844460724,232.64797790091558,162.4888309973766,56.405363212908249,115.21753555048825,73.337805691610185,40.448252114916436,1.2959051226269933,140.45901558604263,145.42211851477853,42.566030835585551,46.392263848752698,619.58267613274813,619.58267613274802,351.40416414594421,351.40416414594421,35.745838981471074,37.948076692649494,108.78299309651024,106.06664512426352,237.90363814758507,234.05312558601568
20260811_155000_stage_B_2C_30day_full_final,22,20,356.07675943070183,259.81677270682957,474.52543360986118,248.53852307057332,407.61834440189716,0,0,0,0,0,120.71898854452284,125.27600421534417,39.420032201354132,42.785022092725484,619.3455867069689,619.3455867069689,351.23437067235562,351.23437067235562,35.946546494484636,38.398295256786952,111.09961181985643,107.30943489895711,146.81151685944772,149.37888587383796
20260811_155000_stage_B_2C_30day_full_final,22,21,592.0881071204999,316.09549375436893,463.3409203421927,349.3662685472886,265.57999336373979,0,0,0,0,0,48.140428885633149,49.19757815436234,24.817371831809016,26.223822251716459,618.08981928900403,618.08981928900403,350.15469669191918,350.15469669191918,49.890326232664314,51.254736744475608,69.327696379426357,70.478350384255961,114.682036713928,117.19887073913711
20260811_155000_stage_B_2C_30day_full_final,22,22,491.90842337670222,454.45513311930489,471.79967633529668,401.44031005603705,379.72294666392685,0,0,0,0,0,28.404550862829531,28.784032274572397,17.669620637567025,18.387629238948936,616.06798537336806,616.06798537336806,348.55272148852509,348.55272148852509,55.998644306612483,57.990203968533976,74.668362576903277,77.506749409270995,82.115969282208951,83.271443856072068
20260811_155000_stage_B_2C_30day_full_final,22,23,754.60438070248915,414.32995211971246,555.77853420964539,307.91573866066705,345.65135344137622,0,0,0,0,0,12.912933745492646,12.997402482899023,9.4462344856944451,9.6589695980394517,603.7374043699831,603.7374043699831,338.42899075353108,338.42899075353108,113.45556441289095,116.02670056467439,75.822198015940231,76.031777268580996,99.979090569432771,103.2157218436335
20260811_155000_stage_B_2C_30day_full_final,22,24,828.4799930500759,494.53877536361733,651.80944283245094,502.87931093220647,587.08508363826593,0,0,0,0,0,8.7246720872150831,8.7555845921578204,6.7436952895981443,6.844965126593582,474.11972689586094,474.11972689586094,247.69793877883424,247.69793877883424,261.31889941436168,253.53464158335819,31.649492558820253,33.707194177326784,299.99999719922471,293.94446129384835
20260811_155000_stage_B_2C_30day_full_final,23,1,1145.3338046459212,624.48346609080818,699.39848593526222,548.3867131904135,530.7425126848093,0,0,0,0,0,6.2930314781759789,6.2753841633592797,5.0677007753512484,5.0837734507713401,389.50282634423684,389.50282634423684,207.80892096327995,207.80892096327995,162.5914779898234,159.10485547429619,129.38836842320407,126.61959801100946,302.56747358650568,296.45038898626001
20260811_155000_stage_B_2C_30day_full_final,23,2,1165.1553907105615,525.31594591392491,705.21042015416094,566.87837163674783,665.72671992885682,0,0,0,0,0,6.2899247721481473,6.2722879225605448,5.0670640544727092,5.0831396730861496,390.38797805949417,390.38797805949417,208.18325131140884,208.18325131140884,163.15159103506855,159.5926181136301,128.64713964937846,125.95534599099408,306.4626392409802,300.13336085408923
20260811_155000_stage_B_2C_30day_full_final,23,3,1091.0181134525637,616.22019312130578,810.81450457481355,562.97802501922774,533.89985584010776,0,0,0,0,0,6.2913411909738768,6.2736993961919296,5.0679368049741438,5.0840166443482326,391.08809293373417,391.08809293373417,208.46840917517616,208.46840917517616,165.1662961620921,161.50384493046184,126.22484162005885,123.68460921016822,314.86248176457553,308.05947772465129
20260811_155000_stage_B_2C_30day_full_final,23,4,953.81529535286495,613.57521127995824,698.49166015873413,474.5835506912747,561.05526977177215,0,0,0,0,0,6.3111733236967984,6.2934734395664682,5.074855900664069,5.0909403496903929,389.98775419429586,389.98775419429586,207.98526969454366,207.98526969454366,170.76574403398661,166.97182178450896,119.85971483146815,117.64037294112772,335.37419047131004,327.62259184056745
20260811_155000_stage_B_2C_30day_full_final,23,5,972.88435340085334,500.58519776863631,659.00170218836683,474.20081286268152,545.5435188549427,0,0,0,0,0,6.3272782699815586,6.3095544339464977,5.0826619157177113,5.0987615207812249,391.85976314557217,391.85976314557217,208.77869785347235,208.77869785347235,181.94526369368268,177.56861705158946,107.24999993762924,105.95311759364655,379.95826119825853,369.70866097183517
20260811_155000_stage_B_2C_30day_full_final,23,6,941.52509237603215,483.29930194239193,658.75648436713436,404.95289246751645,517.02845000568652,0,0,0,0,0,6.2590814016446199,6.2414937743829588,5.1015769130654611,5.1180813285202502,463.50421848905626,463.50421848905626,241.37458993444321,241.37458993444321,182.32570374851804,177.10171396199641,101.07535271140604,100.31199357573449,431.74544711480706,417.64243289792699
20260811_155000_stage_B_2C_30day_full_final,23,7,786.47627331012177,465.69294377356255,640.73950723035261,456.97995732404991,486.02506718941856,0,0,0,0,0,6.4077988633671774,6.3895376676297682,5.3103831134563491,5.3287125203967216,553.05440900911822,553.05440900911822,297.81101984796254,297.81101984796254,141.20340939739023,139.26496673945002,122.16726192864155,117.22007550168249,423.08711342952313,412.73637462822921
20260811_155000_stage_B_2C_30day_full_final,23,8,1002.8396945363502,427.60824736196719,553.96573803395836,414.34805156266714,496.5921311852951,58.803606250308164,58.760035278649298,74.11838873665036,82.556359697299456,0.79278918519822428,6.5748233497590025,6.555895511219707,5.4009370603735949,5.4196456861692539,562.17828810830599,562.17828810830599,304.42642396606402,304.42642396606402,176.00896904037535,171.43018412322476,85.904708907607713,83.988676671387722,486.04550900185228,473.7027884820339
20260811_155000_stage_B_2C_30day_full_final,23,9,627.69358000449131,466.90187130630238,561.60128346523095,469.01691525373661,520.85742814131618,100.10645006584531,30.326963551590136,7.7696260324392936,120.93522885307166,77.728916687987891,7.2509123566505185,7.2335712474875091,6.0647678050649541,6.0878565959968638,599.54919915455594,599.54919915455594,334.3996133709544,334.3996133709544,82.346034575179303,83.994527350887481,146.17671402325277,142.69085148458143,397.73836898256599,390.75247255940906
20260811_155000_stage_B_2C_30day_full_final,23,10,568.95354233782666,229.49833320451796,311.88782930437475,183.33266767444979,270.12163257271681,368.66135243459951,315.628510108451,330.91475536320507,292.458710739065,130.53941483296745,7.7208452605295239,7.6987389726239401,6.37541542033832,6.4009951976577915,605.79231505225084,605.79231505225084,339.36361611166063,339.36361611166063,58.111256526220487,59.104795464772231,192.53113014529887,184.18031609454687,236.11502191694336,239.30199281709628
20260811_155000_stage_B_2C_30day_full_final,23,11,27.909766006111838,196.98708090879768,177.27119056188201,116.11812442287766,121.10258810540326,563.44933736040286,541.13294651216825,585.28802477984323,490.53805755431824,356.84202450518774,7.4617566713418073,7.4369168583122036,6.0891471514973388,6.1129636370338636,604.29126799756364,604.29126799756364,337.46927637703686,337.46927637703686,86.298587044938088,82.741025354486055,132.39309029117834,129.38550832386792,166.68031660052281,170.00723972072464
20260811_155000_stage_B_2C_30day_full_final,23,12,11.70140885431597,9.3360141374048204,137.98527178572064,151.49815400446786,5.1497093596483952,789.3736730873685,675.50473871328927,561.83125848380735,533.96495271015112,473.68721943627759,7.0596441625149655,7.0367989989367814,5.7512747332355225,5.7725223181485532,598.49955085333806,598.49955085333806,331.62813248503414,331.62813248503414,132.47131146012569,128.91519664452591,98.560345958170515,96.918154684449632,176.3930014055575,178.34407816252045
20260811_155000_stage_B_2C_30day_full_final,23,13,84.076367855428842,29.578731699207882,87.888222841514718,77.222841753878356,23.929662599601713,703.74084280848012,687.2807650819409,625.77739083226629,512.4771729495551,597.17528083897639,6.7202073697640845,6.6997524145329077,5.4500633210385256,5.4689402769600939,581.02249459598579,581.02249459598579,315.6483601404293,315.6483601404293,202.03502275068081,196.05794076960458,65.980696119577203,65.284315284731505,284.9126373038622,282.25809676101852
20260811_155000_stage_B_2C_30day_full_final,23,14,35.182981032217654,49.723398146465669,16.950843899015577,23.281619409447448,55.826636039582709,680.77617784837435,675.22494315787753,736.66558683797871,525.24123451250614,605.60575014826622,6.748992066037383,6.7283032939819041,5.4815487585021838,5.5006895192815062,584.8875499527519,584.8875499527519,318.85271267301141,318.85271267301141,185.71907150555734,180.34330558355776,75.436970949028051,74.206176219025764,368.2409450488326,362.11576487619186
20260811_155000_stage_B_2C_30day_full_final,23,15,83.202682156486205,70.230376788714452,89.218017986745608,33.418348624767468,98.572691494910217,787.7342168457111,663.77449007495431,713.39577789120779,598.73717746092268,527.91198828554127,6.7123645097050746,6.6922203655840722,5.4374996807839526,5.4561826420114752,578.70994617801739,578.70994617801739,313.64825244463168,313.64825244463168,220.32078536427858,214.41091590793505,55.031623362697843,54.48964585617113,505.38340369590782,494.54153824203217
20260811_155000_stage_B_2C_30day_full_final,23,16,167.60700732029369,96.408219092641914,124.36032366467884,67.583393503791029,25.362193791150258,715.49027875117099,675.16905875110206,620.48735990595037,439.19815230779074,447.93011710479243,7.9860185115393669,7.9574130451870877,6.4498504720924714,6.4764260663292381,610.86826049756667,610.86826049756667,342.77816346478551,342.77816346478551,124.2411669115902,121.22439342398074,75.76814939176586,73.938750730590712,533.01362125882144,521.48932484518082
20260811_155000_stage_B_2C_30day_full_final,23,17,244.95052351729964,121.80511772227941,179.20120525658675,93.11951584019117,35.106238155873022,404.8556699973123,460.97514551901457,259.27713557783278,275.59909454059596,294.3652690793237,196.49167361930299,191.20392011532232,60.973920466453002,62.668814677018815,622.63727646246423,622.63727646246423,353.8861510110259,353.8861510110259,27.713005848254628,27.913315426421718,73.289740388709973,78.696481854578948,476.52228164590576,459.17077333498378
20260811_155000_stage_B_2C_30day_full_final,23,18,164.76946142273874,46.402055907801639,43.348399209467324,107.47997505321449,44.718830941302365,28.027138088611135,22.296174513910813,42.986803846898781,66.215708953708685,0.86661280916061822,242.7978804853087,241.08004568520698,90.578059716274254,92.146342217611704,622.33150548508752,622.33150548508752,353.87106609157348,353.87106609157348,29.513270950525655,31.87635093663819,56.558919667480389,58.712070215145189,440.24098142640059,422.62385560557442
20260811_155000_stage_B_2C_30day_full_final,23,19,156.33056836606184,126.97714711886451,95.20209198337993,117.71617948714261,89.713898521122942,55.827681359045563,60.369746851174739,89.404280830358772,86.886265429794321,83.94138439295827,187.66415579137364,182.96364000260263,60.071700607124342,61.697250587257805,622.68978950143674,622.68978950143674,353.94837411254809,353.94837411254809,58.066405794648915,59.280586852926817,28.468392903759305,30.836281187584085,460.86919897074108,441.71384912033693
20260811_155000_stage_B_2C_30day_full_final,23,20,106.86908081269945,89.801504378593549,62.856742054939737,1.088324471507242,42.071875888419946,0,0,0,0,0,278.72666447276441,278.45614104431814,128.37695068079501,128.6785739669352,622.91144645484906,622.91144645484906,354.45720419884788,354.45720419884788,19.835395382541002,21.959873784346215,159.91189203431125,150.22021805420866,301.04117477690511,294.56638213268332
20260811_155000_stage_B_2C_30day_full_final,23,21,6.1504686871463514,103.04810168754,47.593928208506057,28.004059719670341,40.980968918323271,0,0,0,0,0,277.24767387739911,276.93959518366563,126.79664983968338,127.14105054352237,622.83450397346576,622.83450397346576,354.39201696382423,354.39201696382423,21.192718512574661,23.39024256593774,120.30863607881638,115.91878645965967,186.43835912842621,186.81894882018307
20260811_155000_stage_B_2C_30day_full_final,23,22,214.90775931845735,58.564340083994203,185.67750522570387,33.115299662159124,35.25726937311633,0,0,0,0,0,224.30622195628897,221.45436427094637,76.541565421743698,78.374110154461093,622.61293496448536,622.61293496448536,353.98193389245313,353.98193389245313,54.295069969514195,56.625980342742935,28.620317691718483,30.912559439789604,203.50356911019082,203.43504286221918
20260811_155000_stage_B_2C_30day_full_final,23,23,323.48542462291539,36.044557728346639,91.344591538634234,58.267811432975535,143.41111381885204,0,0,0,0,0,174.78311331300714,169.59076727322278,56.206143097379339,57.733067221069525,622.56768412130668,622.56768412130668,353.86637937200049,353.86637937200049,68.755760486812491,69.674151798240089,26.328623002195798,28.366572249839901,236.12972799032684,234.62336586970198
20260811_155000_stage_B_2C_30day_full_final,23,24,316.73780862554253,261.06350345643074,187.97148546154824,240.38876587046315,275.15737946022938,0,0,0,0,0,111.87475239761393,107.31586228574776,42.192297674111551,43.203858951205156,622.54145974019866,622.54145974019866,353.75807362474438,353.75807362474438,100.21727127713588,97.848795791485543,23.692747446471952,25.868538709371606,299.99999719922471,293.94446129384835
20260811_155000_stage_B_2C_30day_full_final,24,1,930.71999971111529,511.90999969306182,536.31999970282175,525.34999969680985,591.47999968138947,0,0,0,0,0,299.99999982082159,299.99999982082159,149.99999982082173,149.9999998208217,629.99999982082147,629.99999982082147,359.99999982082147,359.99999982082147,9.4304455658102094e-07,9.43044544603023e-07,74.075406891747946,70.144597942571451,217.69399039046709,216.00601998417574
20260811_155000_stage_B_2C_30day_full_final,24,2,829.91999972299675,464.52999970488668,552.95999969916079,410.39999972394435,532.1199996953826,0,0,0,0,0,299.99999982082159,299.99999982082159,149.99999982082173,149.9999998208217,629.99999982082147,629.99999982082147,359.99999982082147,359.99999982082147,9.4304447298613659e-07,9.4304446392934183e-07,70.707467843472088,69.362536929674292,139.13013807979368,138.93653535549984
20260811_155000_stage_B_2C_30day_full_final,24,3,777.83999972913568,401.69999972056746,583.67999969240191,464.54999971116195,368.87999973386388,0,0,0,0,0,299.99999982082159,299.99999982082159,149.99999982082176,149.99999982082173,629.99999982082147,629.99999982082147,359.99999982082153,359.99999982082153,9.4304434097270598e-07,9.4304434001269917e-07,71.217125360641333,72.132879371744636,59.999999638932103,58.788892457856832
20260811_155000_stage_B_2C_30day_full_final,24,4,1126.9284169911789,727.02772178430848,840.81378655623666,689.81713124939358,756.71908559927726,0,0,0,0,0,44.723587505211484,45.674293810327903,12.529581406215639,13.43307214619648,584.62217272879116,584.62217272879116,322.48757519782913,322.48757519782913,162.73064755934524,162.77162625620662,78.595316531915316,75.020784382048873,119.12945296243691,121.92692899727736
20260811_155000_stage_B_2C_30day_full_final,24,5,1224.4119850144029,737.9858463806338,997.64502103140865,651.08182498573819,772.26575352000793,0,0,0,0,0,27.784501542162324,28.160323689038588,10.412194299516607,11.028172767748584,530.58743796111276,530.58743796111276,282.15976053955421,282.15976053955421,195.04355538770119,189.50692193069409,79.529770066573334,78.750687019829513,206.30224162628645,204.98239537953594
20260811_155000_stage_B_2C_30day_full_final,24,6,1304.5508285345938,752.98978541967324,1010.3734055598587,702.52967249078893,850.03862218204017,0,0,0,0,0,25.419525703715539,25.731805916630375,10.021996359271231,10.587994480047897,491.76842570732856,491.76842570732856,257.86996910831425,257.86996910831425,199.72632683080585,194.77535540128864,81.472585805542096,81.508670148646573,295.53084043452048,289.71502618664391
20260811_155000_stage_B_2C_30day_full_final,24,7,1398.5156434927358,841.21388289889478,881.89528808929276,768.63228456006016,853.84890950862848,0,0,0,0,0,26.826404730518874,27.178144603931777,10.244527601953878,10.841972020470468,520.37246098459786,520.37246098459786,275.35368236010186,275.35368236010186,172.66097913227711,167.48533736301351,100.62731904445728,98.869653254946755,339.11758938195067,330.59665953008192
20260811_155000_stage_B_2C_30day_full_final,24,8,1268.2844759793497,799.29646463539677,1027.9655533680407,781.86805811556053,724.18888823134148,56.871477341280972,69.297316244640044,27.138853497604163,0.42334018046437949,36.296567165716532,29.535422693609323,29.962428928756129,10.631803163819836,11.283355763231146,548.92500597847106,548.92500597847106,294.82163129200239,294.82163129200239,139.67896460838881,136.24841822958962,124.9273324246423,120.46277056357529,326.02051039100911,319.3727130882956
20260811_155000_stage_B_2C_30day_full_final,24,9,1528.7719564317124,775.95538766928905,1000.4540519848339,761.14555668264916,915.21321376492972,134.39504967532113,84.596659051364171,15.732417915059139,65.468571445476087,22.441864316832497,27.388475061745247,27.751692498382106,10.342281204567596,10.949477574820271,528.76049207319318,528.76049207319318,280.65422282847999,280.65422282847999,185.52125170080171,180.03300340122991,88.097103949479347,88.021066072224585,395.10396586675364,383.60123162470859
20260811_155000_stage_B_2C_30day_full_final,24,10,1185.3629968150724,760.93169523690392,1068.2323953686334,806.56304815395561,879.4920870176129,116.84721221772483,151.17191828408741,32.080137182879113,130.0617370871428,72.678108324330708,34.442141239480549,35.017122622357846,11.247604818818116,11.986588669010123,570.48164812657956,570.48164812657956,310.96856770238861,310.96856770238861,123.23410278754547,120.92646209342388,130.05142633580334,125.09391384921865,361.51307355798531,353.44180989854715
20260811_155000_stage_B_2C_30day_full_final,24,11,1242.0893854873646,670.59980756133382,956.52783292848221,641.36023251819904,788.73016236417709,230.32327055246256,201.2077432127499,114.26644872231122,69.261604357218175,160.43293850759335,40.219470836098566,40.994766788496847,11.829438333403072,12.657451856288841,581.6720855639195,581.6720855639195,319.74793720480955,319.74793720480955,96.273867532124967,96.002492710191063,158.03738285086212,150.89837782781876,272.56246228038424,272.17918908458716
20260811_155000_stage_B_2C_30day_full_final,24,12,1334.842641726915,860.41829091008117,1024.4634961489437,654.12126701158866,762.70624263906006,179.35248676342113,180.17720764101963,96.805399917990542,81.903304079836118,186.601253713901,33.770567402297324,34.319996803153309,11.188541924193832,11.914521208710299,568.99466487322184,568.99466487322184,309.6859195195355,309.6859195195355,144.64490009739308,139.53911931825999,108.21129985281569,106.02633288621206,282.50809475379839,279.95735993078546
20260811_155000_stage_B_2C_30day_full_final,24,13,1168.8243656722148,734.67953969489599,955.77227556859793,725.64820960577742,850.34919487737056,129.43205588750675,160.85224001455779,175.98049078527856,184.44341707723763,98.820049470958395,32.425580524901704,32.932668144934865,11.029402395462602,11.731616129739496,564.5662539118598,564.5662539118598,306.2562180606937,306.2562180606937,155.64810947341883,150.08053371953491,101.30704689555822,99.85554650285269,310.02800784036623,304.07923305297504
20260811_155000_stage_B_2C_30day_full_final,24,14,1178.230330269052,705.50738361964295,978.76363863143376,707.01831280633928,811.13246649784219,135.81249285803506,154.83953411558517,237.4463530682815,91.565991858306518,103.76362176850699,35.619174828420071,36.230552175049674,11.392620563816939,12.149817095912425,573.76885880408736,573.76885880408736,313.45390052958396,313.45390052958396,121.06577652340175,118.06411346343953,129.96488155280986,125.24719961046149,274.58178276386127,271.17338004733563
20260811_155000_stage_B_2C_30day_full_final,24,15,1485.5166818862954,911.8972227311699,998.51209381150227,808.78767028765492,977.45439741283053,18.425998228718743,125.54817250725132,36.070799338855842,3.9427144956299642,90.514059843319828,31.899160067011554,32.393004738875,10.979402042698567,11.674538421386302,561.15779904000067,561.15779904000067,303.87242227897138,303.87242227897138,155.20377740527476,149.82257209108363,102.00329392550323,99.34669711971128,300.92818917804942,295.62847590740944
20260811_155000_stage_B_2C_30day_full_final,24,16,1291.615351121719,898.26346639076462,1126.713725143205,829.62474309857589,836.50548724171836,227.10737760079823,214.95962577961578,127.81181356344055,121.46478827004093,201.39570665842103,27.35555137457197,27.714402975154862,10.339176258993911,10.943824834527481,529.85399688072596,529.85399688072596,280.94590037734599,280.94590037734599,215.5621878973522,209.52421442524101,65.015587651863697,66.655979843038267,422.69461645026229,410.13806906452828
20260811_155000_stage_B_2C_30day_full_final,24,17,1255.6146862598962,834.20604032211622,939.54308286688592,687.44200393023596,757.28000720161879,177.29487569876636,222.98977656808961,165.44500878298922,146.77236815047803,193.39140963761403,41.844706260193959,42.672094960043445,12.069251629008944,12.92151838266135,583.23635718643425,583.23635718643425,321.07400739082561,321.07400739082561,113.87059091992816,111.5749388437807,126.17731023195027,121.16065972663944,384.98113690936395,375.9325587721093
20260811_155000_stage_B_2C_30day_full_final,24,18,1515.7451386593323,855.08322674835574,1060.4104412192087,790.72841060046915,910.46139552982493,30.934403078517217,192.83947326249523,158.79936196116518,63.750592277499408,150.50473697010409,39.594084961179654,40.335739206362689,11.93021066622244,12.751131398686644,579.4203025705574,579.4203025705574,318.11827170527158,318.11827170527158,165.1418607631839,158.92206594583496,82.765558679564691,82.352872938373864,441.64707973004641,427.45922596961213
20260811_155000_stage_B_2C_30day_full_final,24,19,1603.1888571460786,929.3075967354855,1069.5938344222143,783.94811691176062,888.61933872844247,42.629762190903328,30.94511058319922,56.764881217309792,1.3027832519645957,62.210211228838283,77.575669326065807,80.239288895677859,14.388731462873315,15.598985905339251,596.26758116246981,596.26758116246981,332.00424453709843,332.00424453709843,85.165280724912478,85.451291757748237,140.86135712019603,136.89839595717638,361.78321336002762,352.25605971027846
20260811_155000_stage_B_2C_30day_full_final,24,20,1554.3011938064003,978.48890088941016,1197.3890662776614,791.96898974371572,1004.8537586054861,0,0,0,0,0,80.183482040813416,83.0463755169678,14.589476064577077,15.827064088257224,596.76539092679309,596.76539092679309,332.38396584898908,332.38396584898908,94.053677205810857,93.424929288395319,121.12925616408121,117.40232974527167,311.84346044072271,305.89146301953241
20260811_155000_stage_B_2C_30day_full_final,24,21,1416.571820381557,881.85725924631754,1153.490675475213,797.29326535327311,937.61947605468094,0,0,0,0,0,99.825952393833063,103.80534786623251,15.232660077382615,16.597240493345168,599.08698333232019,599.08698333232019,334.27679402405141,334.27679402405141,76.692073961442262,77.969231996702689,150.87216902951263,144.76788487405327,213.23058363989557,215.21056640095011
20260811_155000_stage_B_2C_30day_full_final,24,22,1457.9095663390003,960.56827428770634,1103.0892018720485,861.02967536299218,869.03053237806728,0,0,0,0,0,60.968259992134463,62.708176726551727,13.787321445207095,14.876218005146471,592.70451132556377,592.70451132556377,329.09023327767113,329.09023327767113,108.42792593136674,107.32714428861492,110.55288850033287,107.64546610432554,187.97917419997802,192.19892281145295
20260811_155000_stage_B_2C_30day_full_final,24,23,1493.1752258628142,910.58297720095095,1178.3244787174024,884.29772262760275,914.90579693383302,0,0,0,0,0,39.397099166364896,40.136444961604191,12.191285966260633,13.018832208242358,578.2349664780179,578.2349664780179,317.52650113763394,317.52650113763394,173.7106572064632,167.61540570493423,76.343398987872263,77.429865047146663,259.49276681038128,257.01960456017531
20260811_155000_stage_B_2C_30day_full_final,24,24,1405.3529452103139,940.58332911330137,993.04464674155315,851.96671529649745,875.51568256467147,0,0,0,0,0,40.043876171459651,40.808653706860923,12.246219957527194,13.083828927595983,579.10403321746617,579.10403321746617,318.24558463294511,318.24558463294511,153.91962432230002,149.53434925842461,88.21838835110394,87.890451839018212,299.99999719922471,293.94446129384835
20260811_155000_stage_B_2C_30day_full_final,25,1,1092.4978752616091,693.87166664115887,781.00318242347532,527.21179492214299,623.50450959393845,0,0,0,0,0,2.9524194252055982,2.9519378584230727,2.497447594198694,2.4930645243979721,391.97526149952523,391.97526149952523,208.82574734165058,208.82574734165058,161.33200606464064,157.81482938338692,130.66983395466178,127.8910855664641,300.01009826333257,293.87660155393644
20260811_155000_stage_B_2C_30day_full_final,25,2,1155.5035205293123,586.79176384637799,745.90662726007088,475.91792013594107,612.62676286544433,0,0,0,0,0,2.9611181328577922,2.9606266281373363,2.500684118040962,2.4962905094395387,389.96671673038793,389.96671673038793,207.99770990293672,207.99770990293672,162.08355934363206,158.61773279437324,129.95444536506869,127.15267948066662,301.49147348919172,295.35180609035393
20260811_155000_stage_B_2C_30day_full_final,25,3,914.68263270494458,569.43371475366177,814.33468790528593,543.99329926503492,625.51600963419094,0,0,0,0,0,2.9604503423592377,2.9599557368206244,2.5001407638260091,2.4957434199998247,390.30123125230074,390.30123125230074,208.09656362769869,208.09656362769869,162.54515895956027,159.11021223481754,129.39791825204702,126.58522865620827,304.00665182829937,297.90074303923609
20260811_155000_stage_B_2C_30day_full_final,25,4,1038.5318900266527,517.39804333834104,837.50058390207266,576.41398704778248,627.35204289216756,0,0,0,0,0,2.9574443776375636,2.9569566253131603,2.4993995526626938,2.4950089682218199,391.81672366080619,391.81672366080619,208.74491627767688,208.74491627767688,163.35317858924276,159.79723672186816,128.30515350336719,125.61662519992512,308.46323088820981,302.14422808900065
20260811_155000_stage_B_2C_30day_full_final,25,5,890.37556264087402,482.23009966636113,801.32743493698604,436.85501662044635,556.08998217437079,0,0,0,0,0,2.9771664127785038,2.9766530940332951,2.5065909622558711,2.5021735148477546,387.85550367697141,387.85550367697141,207.10107420338414,207.10107420338414,167.7804373719423,164.31683290344591,123.48011496768983,120.86331952403178,322.26549678108023,315.73680045317775
20260811_155000_stage_B_2C_30day_full_final,25,6,925.20559967653935,477.8845550352695,632.98616714411503,503.41828318566337,543.75030130425409,0,0,0,0,0,2.979416524985433,2.9789033928376258,2.5077923198819607,2.503375939668735,389.12429319020623,389.12429319020623,207.65145953144875,207.65145953144875,174.91015768202141,171.2167233076907,115.24458275656447,113.11639826662181,351.63510229871679,344.14696446718625
20260811_155000_stage_B_2C_30day_full_final,25,7,686.36243838396103,523.97346967667886,536.34561828052244,449.08087876088899,513.23766096812324,0,0,0,0,0,2.8936762583044287,2.8933181852398326,2.4866064586083194,2.4823338616869162,457.54559906925778,457.54559906925778,238.15402854182599,238.15402854182599,165.78445628738405,161.82464618160188,119.42569962172485,117.02814679108012,368.1458911554459,359.7578718183168
20260811_155000_stage_B_2C_30day_full_final,25,8,823.36552670373874,328.20099230507407,473.7294466981964,416.344436632775,457.56600710444889,38.786745127858147,23.257981011250862,58.616891844593056,24.662598629634857,49.681203871062806,2.8735893757152891,2.8733301582873105,2.4968617855994353,2.4926511686850619,514.72085935233167,514.72085935233167,270.78855965955592,270.78855965955592,147.99037928258227,144.5013840685871,129.94155089530213,126.5831120151734,356.95773151498986,349.16121524096366
20260811_155000_stage_B_2C_30day_full_final,25,9,926.51642225702187,423.10584207456969,619.41279424922277,403.35924627522337,546.18505947502331,22.039712250079063,64.331235859456456,60.540971944398223,42.186832164722404,36.658385222951217,2.9210864787887534,2.9207542013660963,2.5070941940814135,2.502819370820109,486.94880467773936,486.94880467773936,254.01954718879125,254.01954718879125,191.32053240663927,185.96891534807881,90.16461894079724,89.999869063134255,428.9633007467462,416.53338453964091
20260811_155000_stage_B_2C_30day_full_final,25,10,642.88960183245831,454.92393336881167,645.98919948014361,360.63140222475192,570.67428205516387,49.231293794763886,37.460381768631933,37.46739896595502,41.28317771802206,45.077135201122573,2.8983263352488646,2.8982347631541079,2.5482542337817429,2.5439971474570529,562.80938027675882,562.80938027675882,305.12389217927682,305.12389217927682,136.04398787908491,134.57591408986403,121.90414434915294,116.33259381825899,415.95384056108588,408.3932696446754
20260811_155000_stage_B_2C_30day_full_final,25,11,799.07349708249444,482.83272969148851,535.03263712203341,408.69095183879449,508.77862298982632,24.102190663100831,143.92049406658398,61.503055235851711,82.073986387782043,39.714128246551155,2.9584908121230411,2.9582671042913558,2.5667067325110913,2.5622774689503562,557.61491600123031,557.61491600123031,301.10103164609325,301.10103164609325,200.03483064939343,194.97675282065046,70.741263351044552,70.070389381970386,517.38378442215742,506.01635898107145
20260811_155000_stage_B_2C_30day_full_final,25,12,629.92950520964735,415.18765845371433,427.23229252640459,350.78146876917555,399.50714111533102,3.1320583171166465,131.41021094981176,105.28877614420743,87.532305129762989,78.022160368006013,3.3651574095429413,3.3648143329497837,2.9167611938273574,2.9104336520478875,608.53974394147224,608.53974394147224,342.11031534381328,342.11031534381328,106.00542160520519,105.46353771345537,70.206263766274901,69.381833410268143,534.78170412653662,523.84261691177221
20260811_155000_stage_B_2C_30day_full_final,25,13,314.75908703016466,206.93565969300909,403.5854290438316,180.14687555444655,329.32312017886159,264.77004851647575,154.68665865879436,87.420225602935346,189.81177966396709,158.18527249581717,6.2452670596483797,6.2406079005724795,5.1483939661835816,5.1258694126803075,624.30776381954536,624.30776381954536,355.20973695909561,355.20973695909561,35.78260723839837,36.383844563238803,30.132115545143293,30.615039921825211,533.50592225760238,522.57136599443686
20260811_155000_stage_B_2C_30day_full_final,25,14,192.47009090391546,136.70381682764335,333.97262646892574,235.89319946741344,214.81349763017039,267.73452650641468,153.11948007879354,131.08771095801183,238.48344655340111,238.0895304106306,36.829265820911317,36.62047391486638,22.127194694532186,21.752159124276726,626.66084514943259,626.66084514943259,357.18255479281487,357.18255479281487,12.777687362632621,12.704665662502217,43.336448360698526,44.762085420033941,496.85423159430678,484.26991462398456
20260811_155000_stage_B_2C_30day_full_final,25,15,86.713676806615339,34.9348238529318,94.921885079805222,49.07293377877032,18.165166831127632,209.73007421439749,178.81378897543715,146.25777680496267,90.847481558714591,155.0046770996361,102.62913974827497,101.38511459190819,39.885074586276659,38.699242998587714,626.32521581966603,626.32521581966603,356.95220847157384,356.95220847157384,14.770872749516853,15.089649436027061,42.231279133378635,44.013537542239625,463.22437358733993,448.94666851392077
20260811_155000_stage_B_2C_30day_full_final,25,16,143.72666042596202,171.53565247622404,175.40785698207989,189.30845985909892,27.599950915258216,293.6548454452502,161.62073601262833,80.231877180388267,211.52427697824893,139.40348624466003,121.63343311310764,120.14794345732464,43.795211663449216,42.405397752689822,626.4489165309725,626.4489165309725,357.02180301934789,357.02180301934789,16.364777724233388,16.075873470037436,31.221323164597692,32.282100422662374,443.26231446737489,427.54595416732957
20260811_155000_stage_B_2C_30day_full_final,25,17,3.7454390668598903,148.97513084197536,89.904510165080254,42.547619552098887,70.933145339803787,129.35262423586158,35.728082954789471,1.1962008130699837,102.6509024917106,54.279598033716738,215.5588070869093,214.52738886009053,76.123426780688462,73.734438548981302,626.31263131631204,626.31263131631204,357.00129933550716,357.00129933550716,14.781366572088213,16.036198910167339,37.426205234976095,37.506184172004112,414.98087189894767,400.30499521758657
20260811_155000_stage_B_2C_30day_full_final,25,18,68.407563220911584,95.594310321208113,69.517007047634053,104.11080072051715,70.96353816487246,101.07529502785998,7.0618599561836133,104.24576602236162,48.286038120240178,66.801993925138177,234.5788312120502,233.8587185367347,88.391461546208987,86.153972805084564,626.36475286209043,626.36475286209043,357.04447135278048,357.04447135278048,14.603897326728088,15.871855385650903,37.079629550867807,37.530518104764568,386.92479110314969,372.8890893927117
20260811_155000_stage_B_2C_30day_full_final,25,19,272.88651061948093,49.427252981887861,40.217184200733435,109.82929979938598,0,72.803566121729347,46.527503816810288,103.32428812019351,46.642392391942735,33.278480352000194,249.32452256239421,248.85366042949619,100.51425548989812,98.754208470127764,626.44670729417294,626.44670729417294,357.10232388926897,357.10232388926897,14.07339032941759,15.296589078522183,39.821245186173364,40.067546498801235,355.34501441498861,342.13652345360254
20260811_155000_stage_B_2C_30day_full_final,25,20,291.305548506734,210.6484879289836,158.85418946728615,161.88156764352661,286.66482648701867,0,0,0,0,0,175.5732013862719,174.05056379537911,58.847140082303724,56.786601625903785,626.50075502600055,626.50075502600055,357.08510584875614,357.08510584875614,19.192873622214272,19.619259742350238,23.007941406053845,24.020343285590226,347.05422133492158,333.10458690439538
20260811_155000_stage_B_2C_30day_full_final,25,21,242.67900483852415,125.39756895840144,79.743621275178185,128.75838356395187,149.19834819886498,0,0,0,0,0,247.64953468770838,247.15191998938559,99.314529966925065,97.513948393536651,626.35012973995629,626.35012973995629,357.04791580368607,357.04791580368607,14.955296498669377,16.322930248312922,33.507097616976544,33.568178170245211,323.28387972041656,310.49724838316013
20260811_155000_stage_B_2C_30day_full_final,25,22,8.4904224470616523,99.742433401837644,77.21940302206437,126.87824954641594,148.14793491972691,0,0,0,0,0,263.74308950970305,263.49375287942303,114.60213562409851,113.56717325183772,626.21191358316491,626.21191358316491,356.99425733713696,356.99425733713696,13.255385377311173,14.726482799420195,49.035066757427451,46.649864976531184,280.73031905174372,271.91789959538124
20260811_155000_stage_B_2C_30day_full_final,25,23,365.02716824149172,249.62340439713685,165.15371142069571,143.77622334341333,60.251070297684343,0,0,0,0,0,63.820567898297533,63.171781368382405,30.276757355465648,29.54471884642442,626.44105268144801,626.44105268144801,357.00001568033389,357.00001568033389,29.375053870383383,31.528736975124556,16.347320532873791,17.028930420079213,289.00417805411797,281.37272907290532
20260811_155000_stage_B_2C_30day_full_final,25,24,423.71736704914071,189.99089820262964,172.80593042720636,231.92434116061699,234.74271817814349,0,0,0,0,0,54.68986959651788,54.194682773061025,27.710629452559438,27.087470020405657,626.43313265351139,626.43313265351139,356.98781769341986,356.98781769341986,31.6407028694113,34.122514629001266,15.732732093627071,16.32467785064232,299.99999719922471,293.94446129384835
20260811_155000_stage_B_2C_30day_full_final,26,1,168.64444619054066,2.8497721076818991,57.784180027167338,43.589557660663807,12.654788745988485,0,0,0,0,0,219.85011807228858,220.58896541193897,66.143280128422177,69.281445590233858,607.58540745528262,607.58540745528273,342.05384454933215,342.05384454933215,57.317993225678435,60.543880692226367,155.76507299393825,151.43174297981056,178.51388777573723,180.17646171706255
20260811_155000_stage_B_2C_30day_full_final,26,2,80.466865620459231,77.05953338867613,71.229083944976338,64.866639704544966,109.29338226921166,0,0,0,0,0,156.84756036658757,158.28827760469801,47.292013461946347,49.477631296959075,605.30385811045335,605.30385811045335,340.06242304630598,340.06242304630598,67.91266199433133,69.730026459282371,136.13268777198343,135.95645071005234,88.376741601764948,91.870762519247421
20260811_155000_stage_B_2C_30day_full_final,26,3,424.0924280945805,198.5726478311565,121.39714850737973,216.12802070880076,247.89897216063258,0,0,0,0,0,23.669605767254502,23.730476418456067,15.868097321130593,16.14388686009811,543.56952146279593,543.56952146279593,291.06862594528201,291.06862594528201,190.85974823418252,186.27456887995393,80.881017628722063,79.475720999768029,170.28271764728248,171.21151784479702
20260811_155000_stage_B_2C_30day_full_final,26,4,397.29816850702531,243.92734566436522,335.9706671357186,203.45110460388045,313.45155462003459,0,0,0,0,0,20.657214122991459,20.701784136510799,14.223045164559526,14.441205048702544,457.34159656585393,457.34159656585393,238.34499547938711,238.34499547938711,208.13867004412054,202.16449716368831,77.06087865855794,77.747015454980072,271.98432217748223,266.77399256436087
20260811_155000_stage_B_2C_30day_full_final,26,5,511.91330373675999,280.56881873415608,346.02435202572667,209.87790199537159,279.73533047760765,0,0,0,0,0,20.201573255127052,20.24368386991663,13.935352346085038,14.143164941862668,411.6281451100561,411.6281451100561,217.08393087725665,217.08393087725665,214.39497511750255,207.89708106995982,73.483939696021721,74.740483134202037,383.2909778987659,370.83638426710019
20260811_155000_stage_B_2C_30day_full_final,26,6,314.77300836585277,138.68458138547598,227.12487807261667,216.229756707212,307.76712641203676,0,0,0,0,0,22.584110686975109,22.639646238164463,15.317610043569005,15.575577755563614,530.66604076202918,530.66604076202918,281.94654672762078,281.94654672762078,173.79005727825381,168.38385795465751,98.502619298860935,97.749825287284182,430.25467467268214,413.7709394404207
20260811_155000_stage_B_2C_30day_full_final,26,7,239.65929127991478,78.350249703240053,224.79973219277667,160.73660522689718,138.88138624881921,0,0,0,0,0,31.879467947001906,31.994203428274602,19.807155164400644,20.247366205355959,583.31454885808103,583.31454885808114,321.73453876087729,321.73453876087729,78.011679427586216,81.556442123508418,191.11185937870857,182.00262953778872,288.11867573672242,284.94659342070202
20260811_155000_stage_B_2C_30day_full_final,26,8,383.54399850125873,140.45956186787504,133.45873616022271,180.22650618727198,214.59792361497443,74.914452627621557,2.7945201101498403,63.636372311528262,35.296614540962004,72.560463599564343,27.068464787326185,27.149935231160956,17.548297180904825,17.888534036491649,570.42543289403875,570.42543289403875,311.07962050258368,311.07962050258368,135.12853570446325,131.69665497907013,117.31226308614323,115.35844004683291,279.38739888613571,275.29753840538427
20260811_155000_stage_B_2C_30day_full_final,26,9,245.15763962140485,150.75584853434458,199.66630435381876,183.29142409439658,285.75480981458736,102.60634991327044,24.575084650432334,19.475542894779963,76.776680705661576,58.185571073283555,28.306084239284875,28.396186500695297,18.14051331978138,18.506319007243846,575.39380432259918,575.39380432259918,315.06094559569107,315.06094559569107,106.73354875202193,107.17521715632488,149.6514396197669,143.75346772901511,209.16821540765889,212.0291585916155
20260811_155000_stage_B_2C_30day_full_final,26,10,456.7429952117206,248.94869502021507,320.83972113732864,188.41422999825761,276.57537982137427,129.07149063511565,60.638614526871848,137.42891270147618,81.436827744335631,73.363554970381244,22.108842699441595,22.160728713653089,15.003304377286778,15.247526038927155,518.55725501765619,518.55725501765619,272.94835268021359,272.94835268021359,204.76988941190376,197.65548959796334,74.888308923654051,76.545031094088174,310.25188374097888,304.8690646807957
20260811_155000_stage_B_2C_30day_full_final,26,11,157.11449817901303,82.585273046416731,157.09239991999365,121.32521055691797,194.10947068733444,129.19331679871277,182.9030700247331,166.77354570292331,140.26709760258575,121.73931169638723,26.007873235676257,26.082922517920892,17.021395318972807,17.341834140141003,567.46501889525393,567.46501889525393,308.28293907431851,308.28293907431851,115.64977330314387,114.29049953072592,146.91648611689089,141.97065135010564,251.09613958392967,249.98534609166515
20260811_155000_stage_B_2C_30day_full_final,26,12,335.2847720733792,57.395916511982847,211.19210086256689,200.02120687165791,236.49642212308709,148.94897531666598,124.36665164862222,179.29303174105053,34.123173767587261,74.880933685348481,23.685228033733775,23.746296341195901,15.854743171222593,16.130825215747844,549.00953225910587,549.00953225910587,294.09063535887884,294.09063535887884,150.7100666983838,146.83895820820274,116.30231519237368,113.6260971143944,257.51040495428208,255.88918946305375
20260811_155000_stage_B_2C_30day_full_final,26,13,81.899126801498497,107.47181317640947,43.903905162182816,161.06539171866996,109.63150707630153,348.64270652295357,203.24428630321552,279.32885585629464,221.52065154264403,208.85483972525685,21.690495531821167,21.739782570652942,14.742817171313439,14.977121111454668,508.9505393179922,508.95053931799214,264.95204545192234,264.95204545192234,195.83007807784915,190.2182817077221,84.634885284249521,84.895004690823555,339.71871379740242,332.75786001019969
20260811_155000_stage_B_2C_30day_full_final,26,14,96.048613698732296,51.547298572278088,14.23731625713825,27.285178164146263,8.8044508004745925,382.91682993215716,423.84755091335393,260.58566294303148,225.60730875603426,264.55919105133592,22.006603619691031,22.057398648487123,14.91042348903812,15.150231298542064,519.72808366074014,519.72808366074014,271.48272050351466,271.48272050351466,199.54390443781804,193.57905061518454,80.324744142942293,80.81254443711093,430.0585120770582,417.18728952263149
20260811_155000_stage_B_2C_30day_full_final,26,15,177.33785289849678,65.278685260766082,75.073025971425778,111.51858010702222,131.02887421067575,301.73889130854781,145.81312666703209,147.81951564233051,227.49845300345387,202.28090634795873,25.67014543513255,25.742094279298378,16.80351002765601,17.112702936874697,565.66996780809961,565.66996780809961,306.40841104877728,306.40841104877728,173.5227557604149,168.33921238248791,88.946230460120702,88.042615872356777,487.39984730574201,470.86745191980765
20260811_155000_stage_B_2C_30day_full_final,26,16,98.074719759966797,21.734092855362412,118.99012567343738,75.610382747620406,109.10944964044754,180.35166062181179,250.4428719293378,201.94453162668273,112.14724494111464,96.317231445085611,48.282912341374697,48.549619761539127,25.653556032541044,26.375686571406401,597.7950830184808,597.7950830184808,333.15990500192271,333.15990500192271,98.900230479668366,96.586437039544194,115.6421857390866,114.35041979159048,447.91873724956963,430.73922326474144
20260811_155000_stage_B_2C_30day_full_final,26,17,343.39589234802219,116.76236181107976,156.14451745519574,120.32205440715006,43.4674180789698,97.243413040941164,134.41166617314067,67.63123440815086,71.173728724866535,103.65719185039237,67.009715216170846,67.515339663779585,30.827938125055713,31.855676222663867,601.34173082741563,601.34173082741563,336.25335390988386,336.25335390988386,103.98662999885624,102.78953241317419,95.252611397109135,94.915234014742467,435.67046936286363,417.78843130910667
20260811_155000_stage_B_2C_30day_full_final,26,18,214.48890333094886,56.055140952819777,75.682017313778189,87.126860516493522,215.59618349696291,28.283697686765972,111.96403224551121,108.46364345444296,112.12716717187639,114.5174362595383,129.59500218236988,130.96419863825002,42.377369142958933,44.203235830280946,605.59797608731026,605.59797608731026,339.87003927401474,339.87003927401474,78.425292233311183,79.704769224008487,113.75457837424177,111.99456413743043,379.85925640146422,365.08431901356977
20260811_155000_stage_B_2C_30day_full_final,26,19,329.38889079683452,99.087988457798374,122.20386098948029,166.42988784059375,179.98867507693674,18.875089271264375,85.483743299605308,25.866336116145266,24.186958223542216,75.842826648692608,161.2549596289233,162.69048208307234,47.907584427854758,50.123625513930271,606.70619501349063,606.70619501349063,340.82098600446449,340.82098600446449,76.217474139900588,78.663847898057583,111.54819290638184,108.94785872099098,324.51254656472804,314.82860576516504
20260811_155000_stage_B_2C_30day_full_final,26,20,349.79691876144346,323.18713593931557,208.93691642341352,255.73385056321428,268.44159120343699,0,0,0,0,0,117.40353486736937,118.66434710926818,40.73251142021676,42.436534408558032,605.34214969383527,605.34214969383527,339.58198714290313,339.58198714290313,113.08278769287014,112.05978478238382,74.555299369782745,75.405658735757299,343.44783396633017,331.89834680735783
20260811_155000_stage_B_2C_30day_full_final,26,21,189.13005416442715,174.77869871747319,324.91495994325425,99.959646763162652,274.03323222100556,0,0,0,0,0,172.42566318329659,173.8036181886938,50.34763195329549,52.730099292905628,607.09396600838852,607.09396600838852,341.1607572663886,341.1607572663886,81.470565589770203,83.763374724521327,99.02146131481102,97.57942802241196,306.74749709177775,298.86379736785818
20260811_155000_stage_B_2C_30day_full_final,26,22,350.17149856371276,208.87072910939068,83.307143768639506,108.03520737107161,20.371690331799424,0,0,0,0,0,205.6037285745609,206.57102870330169,59.48892714270108,62.404244673226472,607.77805473915532,607.77805473915532,341.92795851987739,341.92795851987739,63.656274670508822,67.089617096848471,135.89145488074166,130.61821213014676,213.04763887218951,214.11310594374777
20260811_155000_stage_B_2C_30day_full_final,26,23,261.14607800260899,103.87633090029971,121.96787604867995,256.50304905484171,154.78363149027186,0,0,0,0,0,152.01326669592382,153.48731917148197,46.471111874897225,48.594330062273649,606.01464695193351,606.01464695193351,340.37605702935684,340.37605702935684,76.563259188932363,78.806688275577613,112.95101372583881,110.79453247481155,156.45344578018563,161.93408930864368
20260811_155000_stage_B_2C_30day_full_final,26,24,437.79817393761545,201.5754142865292,330.68117063418424,280.17392750044792,211.19527019877435,0,0,0,0,0,41.355569549491911,41.553261986004088,23.664863849500694,24.277732221258919,593.518368059566,593.518368059566,329.79780112554653,329.79780112554653,217.42684409882108,208.39679521808574,46.923847442909889,49.992069339965312,299.99999719922471,293.94446129384835
20260811_155000_stage_B_2C_30day_full_final,27,1,398.10414730520068,174.52416233428306,284.59744216282269,292.72889523746045,255.66440763690869,0,0,0,0,0,9.0090944958989354,8.9493215678623628,6.9687479362281373,7.0205671727761363,475.53088697187167,475.53088697187172,247.82239281993006,247.82239281993006,180.37975869374867,176.33746465489028,102.00308503102382,100.44079288456962,349.00501887801653,341.04729850039456
20260811_155000_stage_B_2C_30day_full_final,27,2,397.39917008102589,217.78645239251236,216.10201880038824,213.19893232224558,221.12008548784783,0,0,0,0,0,9.0625362179835651,9.0015386372533399,7.0210943225474436,7.0738292183540237,495.69394917614369,495.69394917614369,259.38922059651287,259.38922059651287,182.64691194084003,178.25231181017375,97.186832990299266,95.780393735243251,405.40186963555118,395.05171942372505
20260811_155000_stage_B_2C_30day_full_final,27,3,412.77320414406762,81.11020675393587,307.78949821343502,217.54256879435133,202.62911325781232,0,0,0,0,0,9.2070459836926428,9.1439743634781649,7.1124272977736824,7.166424839119987,511.69895740264309,511.69895740264315,269.39982121016345,269.39982121016345,205.51644485806008,200.26833718226735,74.77695205715878,74.335809109888842,507.28116772207329,492.69787943233354
20260811_155000_stage_B_2C_30day_full_final,27,4,226.93157517433724,42.660116562736569,120.69413995533783,114.18763670662247,154.79468538072092,0,0,0,0,0,12.365736847811091,12.238859389518455,9.2279144800284971,9.3237968213111913,599.35944217567271,599.35944217567271,334.94097313214627,334.94097313214627,113.45979248217857,113.88113362370424,88.110722765094337,88.204911406726211,511.49417788370698,497.18544257508267
20260811_155000_stage_B_2C_30day_full_final,27,5,112.35361972630371,27.478571912193207,28.252934709751592,61.049178481120165,138.64706656580466,0,0,0,0,0,21.817680540724901,21.433656318780908,14.568566726672653,14.806717139936772,613.17111168273698,613.17111168273698,346.30451258660918,346.30451258660918,52.720548382144692,55.417212181497447,119.73430186100853,119.04421804265209,425.90455824873851,414.78958015770547
20260811_155000_stage_B_2C_30day_full_final,27,6,79.946000551496368,143.23119064751714,70.448380401707425,1.0052545167940157,48.933434003890611,0,0,0,0,0,24.417261159025163,23.945776539806015,15.878727194925004,16.158404719268106,614.30239694519298,614.30239694519298,347.19458897291662,347.19458897291662,50.767387014684921,53.458251370071054,115.24408413693817,112.02315267716891,343.54622418757924,338.43183674947096
20260811_155000_stage_B_2C_30day_full_final,27,7,171.09165996099861,87.538393015854069,186.53988854465553,52.376249723527579,182.31018447703983,0,0,0,0,0,24.755067101442481,24.274166611143233,16.002299647477443,16.284502867693682,614.60456070589748,614.60456070589748,347.36789910767772,347.36789910767772,53.144761305643925,55.601113373377039,103.13179581019156,100.49674729184672,276.78562512911179,276.8097862390141
20260811_155000_stage_B_2C_30day_full_final,27,8,165.05083894685561,137.15285917661419,169.01312078274898,93.093636750387915,46.107574251825504,85.121638885743238,129.24810408427237,107.31700590089065,36.775594358221809,92.975458389250065,20.428638903803186,20.101715579725219,13.762005262375553,13.96953482633495,613.31167826578712,613.31167826578712,346.12647013526731,346.12647013526731,105.8623769201713,103.24771521862482,53.445063965784392,56.67100527185351,312.67835995083874,306.7649463003836
20260811_155000_stage_B_2C_30day_full_final,27,9,141.69786601506507,62.765531925740973,39.830108541391247,117.94704916488757,77.244688108804922,58.76874152413437,45.106555119637967,74.875601802469987,67.092851270888616,84.421517824084034,27.305047025956657,26.718481186847473,17.193057916415416,17.519970716128643,615.26933227472784,615.26933227472784,347.96242647630567,347.96242647630567,41.027682840875123,43.728798631020538,168.10836557833122,161.69753024904392,162.81620164281381,166.45694256936443
20260811_155000_stage_B_2C_30day_full_final,27,10,15.665430441191026,101.12678309235319,212.48454208085508,117.8045218665289,9.8568073123412763,180.52283455747136,169.04602721591897,138.902800955575,10.069842227692003,109.55572863354541,21.366433542781255,21.001776522214989,14.310313244726377,14.537843734523342,613.74356236945016,613.74356236945016,346.6209503238033,346.6209503238033,52.229578306280018,53.294943988642714,117.69449762698984,120.8493138537079,79.051158088477095,80.145376766134248
20260811_155000_stage_B_2C_30day_full_final,27,11,39.030915822746231,14.924222123791795,2.6513094630603335,74.23259401774547,72.451207098526169,342.6600277638359,260.48821458080914,209.28631654264805,216.70969516682737,230.7605419292357,10.185963376220771,10.106997233880787,7.8000934822867887,7.865724885314755,582.96520753201685,582.96520753201685,319.96231063810046,319.96231063810046,164.23523290380541,160.93353237017766,86.217990164856261,83.941915281962366,131.06510085206165,131.71676114155818
20260811_155000_stage_B_2C_30day_full_final,27,12,128.01393839976183,54.101958147115369,87.387171366042608,12.655917877763889,50.721134989663007,355.51827587626298,359.5797395334115,226.47930679204219,205.6183866026071,140.94084249827546,9.3949496516545139,9.3307321642918044,7.2007991427411957,7.2556608827687006,536.52946319544606,536.52946319544606,283.4562068484272,283.4562068484272,189.82382288483674,184.84137882232699,85.700602141550064,84.794445553464669,206.68365018002569,203.8579514666917
20260811_155000_stage_B_2C_30day_full_final,27,13,59.862325609054423,44.367498889250385,23.372867570318224,21.953601231775142,22.188190147973121,226.00974963953584,336.41822795986724,208.98568150885316,202.81299792887941,210.59580791152317,9.2852700119436982,9.2222697490050951,7.1445189423814668,7.1987572753876981,531.57545108524721,531.57545108524721,279.88546051007489,279.88546051007489,160.90289744990775,156.97077276301121,113.98085599112628,111.55322665540024,224.85086233924676,221.18361733629041
20260811_155000_stage_B_2C_30day_full_final,27,14,137.93408307409223,36.641626587326122,109.47671298811483,73.724111878914826,70.517727601051291,303.12218140980065,221.24341896150071,252.35130715836812,278.55807324563574,151.25315411789887,9.2640447634362744,9.2032631095862794,7.0281581447060182,7.0797430497225227,466.53722779157596,466.53722779157596,239.95116560057537,239.95116560057537,185.50676636041243,181.18742874679612,98.92507068106454,97.394731551686974,281.89020686243504,276.03593481764358
20260811_155000_stage_B_2C_30day_full_final,27,15,192.86993671930551,146.27950088641373,47.640521240953149,54.776262595763072,71.263468739019132,393.40028651066672,266.15068595973412,286.05199927967607,189.88354843800872,164.98432559707484,9.274818800514252,9.2142088284458712,7.0114524518576999,7.0626238231044702,444.08055711075264,444.08055711075269,228.84058942209464,228.84058942209464,189.09729966272246,184.97009278644461,97.014533143690699,95.346926369243945,344.28385084367341,336.56798902628384
20260811_155000_stage_B_2C_30day_full_final,27,16,435.90882170940779,142.26681278234804,157.04428468151627,139.55587907554482,173.92973354152662,343.32309867089879,408.13838865354478,246.28961463784771,270.67170480680659,224.79989379790049,9.2370450193821618,9.176327571378625,7.0225900120157805,7.0742041249512306,469.56218125942809,469.56218125942809,241.84678206972762,241.84678206972762,191.95132102133985,187.90402007161961,92.195360092690763,90.403655256886196,414.60075077100055,405.23310124975683
20260811_155000_stage_B_2C_30day_full_final,27,17,273.27589530564393,123.50723182417957,218.58338081337061,31.812525221833617,160.73296742036604,201.94409250579542,225.79160888290431,162.15020344151787,184.75402305716045,213.02684161487096,9.3104742274476173,9.2484311374419228,7.0927414201107064,7.1453668203028062,497.02112155010724,497.0211215501073,258.03431985998367,258.03431985998367,214.90762713607441,210.2425441738348,68.962509462214626,67.700995334566699,531.39260467989561,519.22806285668969
20260811_155000_stage_B_2C_30day_full_final,27,18,112.4291012478479,93.183843393507289,7.9693345068681909,72.367046217818427,84.550499927626674,107.75642128924304,95.755577208438012,66.521066662335642,3.5790361661599386,25.983708441963568,158.61760227363374,149.72445119790513,45.005278129002626,47.042269054014959,618.93970873665012,618.93970873665012,350.98833272239284,350.98833272239284,40.054142324115716,41.7502372192968,88.302149471358462,93.160911437602962,469.32783335897949,453.2911525344976
20260811_155000_stage_B_2C_30day_full_final,27,19,212.76627232031342,38.675768816790537,192.47114339152805,12.024113846080498,1.8040804326073392,2.6839073401371549,47.070276023514019,96.155677092734976,59.419492305598247,75.976121848863386,197.01290838607162,189.62177733675691,53.883451777975836,56.471061049144986,619.72727969885079,619.72727969885079,351.51684843667715,351.51684843667715,51.930328857014821,54.009315075584496,52.018547792788944,55.396787900638017,458.26674289386057,440.3475495462593
20260811_155000_stage_B_2C_30day_full_final,27,20,120.13159373653757,65.733865744331666,49.958796611809703,36.020387383631935,17.111356941988912,0,0,0,0,0,267.36428255822648,266.39181920959174,111.20531110690676,112.69759978895873,620.00587269087339,620.00587269087339,352.11914198730682,352.11914198730682,29.080479371188503,32.000510359407947,138.61542190890975,131.6005253833433,330.42203887358602,322.92520288823385
20260811_155000_stage_B_2C_30day_full_final,27,21,108.3506595771449,67.625092564728092,37.268493686292324,64.816999176373912,67.643126607038255,0,0,0,0,0,261.18693045272533,259.80054459877965,102.26265305733293,104.3428895709681,620.07546142053411,620.07546142053411,352.07332981341801,352.07332981341801,35.53729716191674,38.668746494090037,77.981398176499496,78.629673720219699,275.75960834542286,270.36077059933763
20260811_155000_stage_B_2C_30day_full_final,27,22,263.02117663576979,152.84861073808497,29.368818838970007,96.242636577079296,26.702823452170854,0,0,0,0,0,213.78664600730616,207.92047892000451,60.259191008467802,63.179207913553604,620.07497353116037,620.07497353116037,351.77853182051086,351.77853182051086,75.453404784685077,78.236487149728262,36.902461357564512,39.75082978210019,302.66493780990123,296.60602038731469
20260811_155000_stage_B_2C_30day_full_final,27,23,134.63574144009343,98.823436111922703,82.29201723653668,24.545620142185701,45.361512688102373,0,0,0,0,0,232.32360689755171,228.38111340416046,70.807073727692114,74.038133613916941,619.9514229182895,619.9514229182895,351.79216063186635,351.79216063186635,59.480290659565597,62.825799808751768,42.388524103989496,45.222144001853465,309.09883928796637,302.90241354646537
20260811_155000_stage_B_2C_30day_full_final,27,24,19.026619702511081,0.54355375264031081,40.78134694973155,42.138647861280667,56.922284689564584,0,0,0,0,0,244.05536434008101,241.28067664248559,81.240501208723714,84.381821607346964,619.76427453647375,619.76427453647375,351.75988544763686,351.75988544763686,49.995625258749079,53.532014898147672,48.685414339454297,51.423089094854873,299.99999719922471,293.94446129384835
20260811_155000_stage_B_2C_30day_full_final,28,1,169.52014036708951,73.788715677261621,143.44923193055004,102.5879646201665,126.51333492434712,0,0,0,0,0,285.62434459403579,285.38665120626945,133.09108394183497,134.1501837880848,621.64535104823074,621.64535104823074,353.45211636447539,353.45211636447539,23.439627877637726,25.978675927227485,155.59139822931024,149.52031970050328,148.21633092319837,151.19158107223839
20260811_155000_stage_B_2C_30day_full_final,28,2,766.4127399540605,552.0991019108485,470.70099401538607,449.24061163693921,399.52732228678781,0,0,0,0,0,282.44481747644164,282.14877226840633,126.9547904204082,128.97578833546024,622.3613230156443,622.3613230156443,353.66074296007355,353.66074296007355,28.096950398423864,30.010423056828706,87.532537537567492,90.025765661512494,76.245211240038216,78.172333310592535
20260811_155000_stage_B_2C_30day_full_final,28,3,1168.8859690991792,700.83863453790968,919.04934806959375,649.35495229221237,840.55112476607007,0,0,0,0,0,45.336696314210002,43.726811417652812,20.803761463310842,22.532710539165155,617.2082785522573,617.2082785522573,349.3459089938043,349.3459089938043,66.620655416503055,66.033225495088075,53.472024135939819,54.993473184223944,76.790440963846692,76.498377162589705
20260811_155000_stage_B_2C_30day_full_final,28,4,1243.5165971304657,788.41437562687543,913.50902609606555,707.47049564347628,804.91168595620775,0,0,0,0,0,13.723446143462917,13.594605974100681,9.4173395489923486,9.7479454908003085,600.65206347641333,600.65206347641333,335.69518015890407,335.69518015890407,140.53826611193438,143.71609542135212,68.509466204051321,68.744890448154749,127.15325134897527,129.45965143274574
20260811_155000_stage_B_2C_30day_full_final,28,5,1266.0449980459746,886.78303865721057,1064.6268311310862,694.33970594567893,824.64360075803586,0,0,0,0,0,11.066818093611245,10.981024515272257,7.9094734310850106,8.1430838059819202,575.01189462639218,575.01189462639218,315.20680535576128,315.20680535576128,233.05599170139229,224.87232742776368,45.12692156994283,47.825423210968999,286.76261991362509,278.70538699443421
20260811_155000_stage_B_2C_30day_full_final,28,6,1308.8604948406182,867.7529480790613,995.76143034148367,790.82829389333415,830.1131051560501,0,0,0,0,0,11.568654048870348,11.476195335372493,8.2249138908434727,8.4778007675010247,585.62825105190404,585.62825105190404,323.51993380471743,323.51993380471743,192.12889743353952,185.04647286123847,61.971937768841642,63.843226459559403,390.82091897176434,374.31029428114954
20260811_155000_stage_B_2C_30day_full_final,28,7,1426.6594161628097,873.00442276413048,1039.7615654874189,764.73181227805185,954.59604430448042,0,0,0,0,0,12.651368178675376,12.54734577014349,8.8970781305088487,9.1918682031709249,596.65941570447444,596.65941570447444,332.45726948793589,332.45726948793589,107.45956549311889,108.40828793854882,99.013750138617041,96.579811628838627,377.51924998377433,364.56685161602263
20260811_155000_stage_B_2C_30day_full_final,28,8,1400.6069321911914,835.58584481001469,1130.6010942334353,761.88504746828653,1004.6675592202778,129.5194591968781,83.521927314262555,103.48360822717692,61.586957902339861,50.45382388836925,12.540906203964527,12.435298347059142,8.8106100004557,9.099802539766447,596.54661603997761,596.54661603997761,332.33401833733376,332.33401833733376,140.01008301044624,136.08224522158969,76.004309072432775,77.527878861502046,419.07909239047274,400.89878469156235
20260811_155000_stage_B_2C_30day_full_final,28,9,1550.8618812518018,889.33236651433344,1116.554201928524,907.40472143815634,910.77115649450946,8.1816685553350119,119.31338368034869,74.372907473597351,90.917520666478538,43.010099407806969,14.081137369523942,13.955218184892315,9.7238123230513853,10.074977617489848,603.93245636938479,603.93245636938479,338.40471369633866,338.40471369633866,74.260571271678117,75.681519167200889,130.63302744728048,126.07966995430151,340.76579826022737,328.92362977059719
20260811_155000_stage_B_2C_30day_full_final,28,10,1567.9037839525918,882.05880135645248,1110.153544044683,837.52636928411539,924.04987515393691,35.517849868525559,76.344438237528436,100.29881580102537,12.166395656970071,75.586887844861693,16.370833910997629,16.21168276244601,11.027623367697315,11.478508458418588,609.30702288846044,609.30702288846044,342.85117494111677,342.85117494111677,38.039855774088942,41.010657527926,238.95540255879908,229.08330538380909,109.49566561379733,111.29621556372051
20260811_155000_stage_B_2C_30day_full_final,28,11,1454.0100783496068,858.69726591207814,1224.829225919173,862.62388667346875,879.72669660080737,114.30672851417697,282.60237286016888,167.40153207805159,155.15141259670895,114.73446986468784,11.133056284884919,11.055056530499982,8.069469495956314,8.3124501027370243,589.04532294852834,589.04532294852834,325.95579512611835,325.95579512611835,126.90439741338881,124.1883727704508,100.47426018833842,97.962572063202643,112.07155640991562,114.21844876467888
20260811_155000_stage_B_2C_30day_full_final,28,12,1394.0207585942214,735.02347899572476,925.55663090252324,766.71478345454022,748.89248233844114,491.56690186073678,407.9389591127125,340.39330665304414,318.62246961118984,311.1090543531302,9.394319528010687,9.3366762777860934,6.9224383859912679,7.1001603882519104,503.80345084609314,503.80345084609314,262.75924418872114,262.75924418872114,206.20669480878493,200.81027572210184,75.820108516230391,75.479051488722874,213.41301671978829,211.08208414932287
20260811_155000_stage_B_2C_30day_full_final,28,13,1443.475019603743,744.3100293331629,946.7238734747682,735.99604902065118,900.66839693219151,759.36694185151441,698.12854010317483,602.4082736203078,503.13543899759185,561.96876876572412,9.359557966976837,9.301946365493162,6.8974694102403289,7.0741412308049991,500.44309471410742,500.44309471410742,259.97603667944526,259.97603667944526,183.48206803491124,178.82985171647269,97.004184045812991,95.655026242121536,270.76445123363845,265.74558820290218
20260811_155000_stage_B_2C_30day_full_final,28,14,1434.7034529832508,768.20793644179003,962.2836246045872,690.07497081627685,842.06149794691726,612.59507078943682,604.80476735153695,507.72311513641648,553.47856152189581,403.03981284109113,9.3445758833175745,9.2870607233966016,6.8831809855791493,7.0590165084838015,493.52308913239,493.52308913239,256.03500982336845,256.03500982336845,178.66387462883699,174.76954859916097,102.46087395085983,100.30970683164277,317.71652289863641,311.58295212921058
20260811_155000_stage_B_2C_30day_full_final,28,15,1393.0337716288111,740.89454852987001,1005.1783420506015,767.81007033653486,887.67959785094899,675.84322757043969,564.38760709608198,637.5019973087301,448.0458757021712,418.73121332326349,9.3449624973285204,9.2875600375812883,6.8867075711915691,7.062742686239476,495.5060379808034,495.5060379808034,257.19557909720851,257.19557909720851,182.87856560515704,178.59949686929107,98.059506728087797,96.327097400539884,373.35222446762469,365.29239108875026
20260811_155000_stage_B_2C_30day_full_final,28,16,1093.5719190639763,671.98978628557825,986.81366145919594,593.25725194909342,798.1117784007796,438.51264970184423,389.93230831346762,489.36739040835789,298.40814016857775,379.21601237297745,9.4350230382975475,9.3772516690810299,6.962925946636032,7.1430089681003484,518.58786579091907,518.58786579091907,271.92484914214708,271.92484914214708,188.19734514589612,183.16122225536796,89.74976506897157,88.48426472019753,443.00787391118507,431.82164142947306
20260811_155000_stage_B_2C_30day_full_final,28,17,1280.6838191324382,850.65370108191917,1083.7133417400962,752.90855677832997,796.53456723451006,404.15487415597397,320.63182734121614,173.30379250323705,280.02774580887075,162.44251593635167,9.7910401281486603,9.7321617528721962,7.243322346644252,7.4380811860623508,557.29336959376883,557.29336959376883,300.13307731794168,300.13307731794168,193.65183239258931,190.23029697144375,76.233104883125307,73.536783530814603,532.59107319437635,521.32137144731178
20260811_155000_stage_B_2C_30day_full_final,28,18,1094.7327610323928,707.31317630219723,1019.5773501531528,731.05657608953265,671.26559085659926,59.613017584615584,62.786561364847771,63.726564692321304,46.867082644320099,69.586054245806906,183.0277437602717,174.8391692000919,39.94941846473629,46.572262258032985,619.62017023885016,619.62017023885016,351.33199785728846,351.33199785728846,39.453314494703847,41.275111278823907,86.148074066442575,91.762686865887687,472.37897394356236,456.51043063615543
20260811_155000_stage_B_2C_30day_full_final,28,19,964.38018900463999,603.48650051955883,789.54007843254863,640.24285200705526,752.01259352020929,92.194544187715209,27.847437553538317,58.207035573858953,6.3801078187634488,60.65647846864379,273.49768845788157,272.70124255952453,110.77078490053114,115.31091901491389,621.41324873743747,621.41324873743747,352.88808588432238,352.88808588432238,21.752509578019403,24.17660361856646,244.47151715855011,235.62647477513295,220.32121349872423,216.4621796982733
20260811_155000_stage_B_2C_30day_full_final,28,20,1369.1409880516726,902.10877113198353,963.81873664568411,734.05665764111779,903.36768359172197,0,0,0,0,0,173.69051610078409,164.60865289179458,38.128059934477747,44.179134636831208,619.74182093069282,619.74182093069282,351.38296363586147,351.38296363586147,59.352485348683537,59.915983539542943,46.035535630830765,47.884163498220126,222.58785516717185,217.18193877472862
20260811_155000_stage_B_2C_30day_full_final,28,21,1599.294801473862,1005.0375136115839,1104.6687156997164,803.43854540286327,950.30271351326633,0,0,0,0,0,111.93433161173459,104.33280368447534,30.819083762367097,34.798263587666334,619.24652942344119,619.24652942344119,350.9599044321435,350.9599044321435,77.82066074218632,79.033241213655558,40.023550394973661,41.790711502165003,248.15583828516887,241.87773197572403
20260811_155000_stage_B_2C_30day_full_final,28,22,1575.7795407904514,981.39885177969813,1060.0179784872157,862.86434865803324,961.81636174659366,0,0,0,0,0,106.75795998732173,99.546841624943383,30.207168237742653,34.044625534789759,619.18988463064341,619.18988463064341,350.91496054125679,350.91496054125679,73.32134883727295,74.811567482222628,42.02726320360528,43.462285925299113,267.44809312359763,260.91671390383681
20260811_155000_stage_B_2C_30day_full_final,28,23,1398.4689379894257,977.18155021860059,1030.6078812379569,869.36561379313798,915.32040075475186,0,0,0,0,0,101.36445913495589,94.605137113128478,29.597769142753592,33.280911307320501,619.10463794070017,619.10463794070017,350.85176544333399,350.85176544333399,72.324735180082087,74.060559017050068,42.767855370558266,43.911971366473431,285.02051548505108,278.78013772310032
20260811_155000_stage_B_2C_30day_full_final,28,24,1535.6014774571847,759.10573304469028,1080.3263609612445,843.91986401644363,846.86392344058447,0,0,0,0,0,101.16643816945795,94.422371054641289,29.565867869790786,33.244059398882534,619.13907904539326,619.13907904539326,350.86946844723764,350.86946844723764,70.522814109863859,72.128584004624514,43.641945886233557,44.776261830072514,299.99999719922471,293.94446129384835
20260811_155000_stage_B_2C_30day_full_final,29,1,1122.6483099093862,529.03219430364925,766.9375754273683,492.37517736741921,583.96594303768347,0,0,0,0,0,0.79805811471715671,0.7982690270455175,0.68450327030135238,0.68527449596019518,389.7220827437082,389.7220827437082,207.84172344737161,207.84172344737161,161.96340978448737,158.54243668408728,130.14601061236985,127.30691852051788,301.16038754707466,295.18052262006256
20260811_155000_stage_B_2C_30day_full_final,29,2,1217.5132902515234,684.82823910826892,715.41104279292119,500.14687526681297,619.23445046862753,0,0,0,0,0,0.79559486744787566,0.79580588398882501,0.68355221261256238,0.68433234682177335,391.85043938491663,391.85043938491663,208.75119015357961,208.75119015357961,161.51673642616475,157.97557286617422,130.47322200991024,127.72264500641054,301.55520365294495,295.44448819249652
20260811_155000_stage_B_2C_30day_full_final,29,3,1046.3971197139097,613.27098925497944,776.18430218371782,571.82334618144262,677.49181264638446,0,0,0,0,0,0.79495828529913193,0.79516887792379132,0.68324954790185499,0.68403155394871062,392.95298150969376,392.95298150969376,209.1693410350353,209.1693410350353,161.72363990260308,158.19422464708694,130.15205194919969,127.3961892655236,302.49308851062148,296.26796896873742
20260811_155000_stage_B_2C_30day_full_final,29,4,902.45484886615282,532.97871870972301,841.58977971961019,540.54406410973013,610.99044955223633,0,0,0,0,0,0.79756984505141326,0.79778019961204261,0.68425080367654922,0.6850238302249767,390.79396653413983,390.79396653413983,208.24748533488992,208.24748533488992,163.45071146285201,160.00030644754051,128.31309811538048,125.53253042093365,307.0286198100988,300.78765541493095
20260811_155000_stage_B_2C_30day_full_final,29,5,921.86735468119912,510.06309339804505,698.11479528608993,460.62091382206512,549.58346425511627,0,0,0,0,0,0.80116114086604351,0.8013717219964247,0.68569391156590465,0.68645471690480675,388.21874628581918,388.21874628581918,207.17419587623945,207.17419587623945,166.86774615407413,163.47473994836477,124.53687973026172,121.79541911420991,318.8352805373637,312.58667790822608
20260811_155000_stage_B_2C_30day_full_final,29,6,869.34643087791119,612.66767203733389,695.57385703608554,538.10993245750888,530.33056238756149,0,0,0,0,0,0.79845985563491861,0.79867175357410281,0.68470292616801653,0.68547043751474246,393.45123086122811,393.45123086122811,209.31771633159488,209.31771633159488,171.54797638397403,167.97819393040771,118.73767590039611,116.25484025904717,341.2977082825002,334.59500771331841
20260811_155000_stage_B_2C_30day_full_final,29,7,956.05563975643554,565.90818278082793,808.65892190811076,482.3245956085201,695.44741641590133,0,0,0,0,0,0.78815066894331653,0.78836973808746935,0.68133441033873876,0.68212950591015042,421.24428091591403,421.24428091591403,221.09990207889686,221.09990207889686,175.82045660102355,171.72463065230627,111.78411688785175,109.73786358278224,375.33154490358606,367.21621576396939
20260811_155000_stage_B_2C_30day_full_final,29,8,986.84667063576103,634.40887263033551,777.96431986625737,503.50166929801418,653.3231630039005,9.8988346966742036,74.943368930879885,39.98210922864601,59.367865318114049,52.667937440159754,0.78935879892713889,0.78958612267180617,0.68261680368964606,0.68340355474796599,444.47795209623217,444.47795209623217,231.57567571793501,231.57567571793501,192.93899125261322,188.40996562439918,92.342047562261484,91.049877357637058,446.3743619617585,435.61865442855424
20260811_155000_stage_B_2C_30day_full_final,29,9,1057.3639204396591,592.01141987288759,818.4481093845543,495.73926404108238,598.66261155027496,25.90126058548131,94.908089726788774,43.255755487925555,19.066822629737963,54.230134232967984,0.77642722031037126,0.77668284908536167,0.68235425618162049,0.68326974941158602,532.20613688394508,532.20613688394508,282.52650074182969,282.52650074182969,198.59954030329931,195.09339232366617,77.183209111472621,74.538326237594717,539.35482699975842,528.38234503363753
20260811_155000_stage_B_2C_30day_full_final,29,10,827.34439780090452,394.77098536769864,585.42955544854055,341.26592122468833,329.99994236611201,202.665956015635,36.064239732936571,78.089095392842111,111.91073653361153,69.928897929461868,6.4231055892642681,6.407281738580668,4.7884361158724014,4.9238434447659358,629.13272537153307,629.13272537153307,359.25206128368706,359.25206128368706,4.0824319347280955,4.127844361417889,46.57511222476613,44.853196060024587,491.27889104682919,482.26052044777424
20260811_155000_stage_B_2C_30day_full_final,29,11,296.68017681903558,163.12686248509979,227.18136065077155,212.13617515103411,118.09069047830477,316.2310910400227,116.01014448215527,164.47674677113994,135.44188703914415,83.273489110011141,7.8837959396575492,7.8609695516636533,5.7241120609657292,5.9199434679690084,629.1521285130101,629.1521285130101,359.27147107606163,359.27147107606163,3.7051808470953844,3.7989288924812716,148.57398289439999,142.04548262005727,329.53135059321448,327.85124242872183
20260811_155000_stage_B_2C_30day_full_final,29,12,91.827237567749464,129.20633287079653,51.881166156683598,64.009526994106267,136.16728360813161,620.69855419561725,529.61037431628904,577.23677857627092,422.71597635242739,428.20343097161708,7.8812042478717226,7.8529321020197012,5.5529170238908563,5.7401835181690535,629.29901137884133,629.29901137884133,359.37465258879013,359.37465258879013,2.8320296409694872,2.3432779196986973,74.292871720972798,74.951209402789146,249.53254202456168,246.68107099779604
20260811_155000_stage_B_2C_30day_full_final,29,13,195.15405966964212,101.15256123344263,120.31750678784171,80.450065339299002,81.072100413606066,799.57154785807336,684.05874330616757,581.08289947381365,525.62814228909258,504.32038468352727,0.851409799848177,0.8516061307028312,0.73155345703803254,0.73314033159166392,604.93412260344076,604.93412260344076,337.51683380687325,337.51683380687325,299.16937794076057,293.07721942665017,0.65894908164032906,0.71001469145584872,518.05281652497899,509.6616632690525
20260811_155000_stage_B_2C_30day_full_final,29,14,155.62348017633434,85.88972647156875,22.315996963595691,101.02266924198284,105.37607236220272,536.62207635876553,646.18281537120913,493.70361031315241,499.93589949678795,392.89387106346754,3.403744328485824,3.3994795596771707,2.7143060467360889,2.7569591391961636,629.26159536491321,629.26159536491321,359.33213378052909,359.33213378052909,24.847815730531845,21.809489140896964,3.8879957920837298,3.7411438952980278,536.0958553579203,525.13337694552877
20260811_155000_stage_B_2C_30day_full_final,29,15,85.301041203901605,3.6413078373785761,105.86170422858856,98.419800628225332,72.758328940319842,559.63403011327216,487.75247447120461,438.31668359373754,424.63677800200207,497.42930941936805,122.55493285388685,120.12787165109393,29.596612313694305,34.379116110339773,629.57783511242906,629.57783511242906,359.6025917366357,359.6025917366357,1.7771010369650391,1.7089822949223841,22.200966031140069,22.514272235602807,513.02750625658939,501.65560297140047
20260811_155000_stage_B_2C_30day_full_final,29,16,167.35809237813038,91.057616554449424,71.08283470257139,56.406426219872571,30.167333705330783,389.99461955379064,487.31159682756845,264.24136822057335,367.1346361805065,301.09364772076299,203.41765140592952,201.38689097424927,57.923200847092097,69.117338333970835,629.07763751105961,629.07763751105961,359.22904439921484,359.22904439921484,3.5381417278929872,3.5272182329185795,20.049804139261241,22.708938376203385,493.93427365695806,479.59794562969
20260811_155000_stage_B_2C_30day_full_final,29,17,163.98416585567915,58.103489971872321,80.024252533250532,99.115798287657029,40.746275693178944,157.23453845348664,171.04098584632666,214.33350608225922,207.61356527578855,200.78571088474249,132.55815306183675,130.59112575130385,33.414154183268032,39.463598389905926,629.05472374946578,629.05472374946578,359.21036113866558,359.21036113866558,4.1177478614404901,4.0930518609262512,10.871351679006752,11.799957996541185,485.56096708891369,470.17062786392216
20260811_155000_stage_B_2C_30day_full_final,29,18,170.70283507968043,138.39770118375799,85.140935152124683,133.29645000853361,108.54516612551639,189.02730571563905,208.82267488415692,154.85359964126309,158.08789437173411,136.54112133632719,121.66369951041287,119.81940544482445,31.151204584032268,36.516073227156866,629.07214411199084,629.07214411199084,359.21849147061891,359.21849147061891,4.2020095476457406,4.0562711562943079,9.1694174137589943,9.941525859801656,479.15453411095154,462.77513206036298
20260811_155000_stage_B_2C_30day_full_final,29,19,148.86729767897361,47.818734717834865,122.24191198544457,78.234679374772583,69.354025621690752,57.335671688648695,72.826339158341383,67.551830216162244,50.64294193578592,63.681438509875889,233.50620231830283,232.2394098528988,82.208101496041678,93.231783058176816,629.00687560721212,629.00687560721212,359.19093068317136,359.19093068317136,4.1830211123286789,4.4121236235456225,10.798566151004856,11.660598391151288,470.92084627759721,453.78982288694147
20260811_155000_stage_B_2C_30day_full_final,29,20,137.1257686769068,92.097978093116808,27.618171905745321,92.495781300995972,28.076625892408639,0,0,0,0,0,289.34330753414514,289.2920690582676,139.71906816426127,140.27064662520732,628.93850275588898,628.93850275588898,359.16878522236772,359.16878522236772,3.2205506935432489,3.5578373376134085,102.49239859393622,92.031996229652378,359.93889901963479,354.73410290229089
20260811_155000_stage_B_2C_30day_full_final,29,21,91.801942701042393,57.105567395690002,123.53461709856531,68.764114855098754,24.896863084733933,0,0,0,0,0,288.35232206756211,288.28927337634866,138.64114094618716,139.31959524034679,628.95363501781969,628.95363501781969,359.17533817023417,359.17533817023417,3.3277370249713365,3.646926459560297,45.743195040957865,44.26808530189129,312.10809007437808,308.82957526934928
20260811_155000_stage_B_2C_30day_full_final,29,22,61.56039035585129,96.187425947450166,82.581987271415272,70.636272450078152,97.947222241947685,0,0,0,0,0,260.76092547875481,260.12997272384223,108.02696247838848,114.67697747799046,628.93601642128681,628.93601642128681,359.15302970738651,359.15302970738651,4.3766786872343468,4.7246583724920095,9.9650879311420102,10.450020445519083,304.9747809693979,301.47063397623759
20260811_155000_stage_B_2C_30day_full_final,29,23,135.43026247438624,209.41794563986466,248.88282180110846,78.223357764771876,126.54827479673311,0,0,0,0,0,125.32990872551407,123.30290954083243,32.012917935478519,37.538369828081919,629.03325700481184,629.03325700481184,359.19771794640963,359.19771794640963,4.4084851262515103,4.120582012855694,7.3949836744319244,7.9853650554613482,300.72576905587766,296.30652994840625
20260811_155000_stage_B_2C_30day_full_final,29,24,827.28491429930227,518.27219840905548,593.05740620224401,401.04575731661254,389.29614243361505,0,0,0,0,0,23.45329134745473,23.198851357048476,13.152360264550783,14.018019332371731,629.06802227126332,629.06802227126332,359.20489866245276,359.20489866245276,6.0567911444771827,5.0160472227686022,5.5591954980141658,6.1888600395446236,299.99999719922471,293.94446129384835
20260811_155000_stage_B_2C_30day_full_final,30,1,528.96160236091123,398.69148924408302,361.64181246485447,321.91407631453302,311.67791634583443,0,0,0,0,0,8.3350357009312184,8.278733727837384,6.4898285388534411,6.4976381361445101,450.81696231145241,450.81696231145241,234.5605137044883,234.5605137044883,162.18158005787149,158.03699893662795,124.49445940431919,122.48103472431694,307.63624213539879,300.08772175423911
20260811_155000_stage_B_2C_30day_full_final,30,2,501.30289934107907,399.92866373700605,481.73372428787252,272.58412792163313,311.79990413053582,0,0,0,0,0,8.4238081098041366,8.3675742022958985,6.4908293864563245,6.4985254292466337,408.86710001050454,408.86710001050454,215.55419856806625,215.55419856806625,181.60651780414565,176.79046034243859,106.59068665834081,105.83363778517183,352.64801187208451,341.60620519002072
20260811_155000_stage_B_2C_30day_full_final,30,3,570.72652903809796,294.88237797704306,497.30500461060319,269.49209587833428,415.59709124101784,0,0,0,0,0,8.5031647310773124,8.4466780386621174,6.5027248079014033,6.5103711197094265,378.63133476056561,378.63133476056561,203.48415538815655,203.48415538815655,204.39832052347637,197.85800293520035,84.474311711191532,85.584994007593778,442.74615399744488,424.58397004548573
20260811_155000_stage_B_2C_30day_full_final,30,4,439.38587008947667,210.76318224450833,151.06783047128872,190.03918861811096,197.41406028163038,0,0,0,0,0,8.7853745887761416,8.7207474669956238,6.916758358550803,6.9259057590395052,558.00083206761644,558.00083206761644,301.82691801294499,301.82691801294499,132.91716669422931,130.50524103180868,128.47355809457846,125.27443159195931,419.62320613938618,402.8448740941588
20260811_155000_stage_B_2C_30day_full_final,30,5,217.19475227821002,220.25195987598676,220.43809367011266,196.49675420386762,146.22411219675857,0,0,0,0,0,9.1675095002412892,9.1010656610934237,7.2662880995295511,7.2763741720714767,578.70220247077987,578.70220247077987,317.93667875638232,317.93667875638232,103.68290819831616,104.42368298290273,148.26592967289591,143.1459893961277,348.19790165909745,337.77508944974039
20260811_155000_stage_B_2C_30day_full_final,30,6,189.21645911116761,100.66325345718195,174.45781448945007,224.42619663807602,255.49489051140941,0,0,0,0,0,9.3068321804142737,9.2433580677551728,7.4414134263573697,7.4519120182289456,585.12516019869076,585.12516019869076,323.11977263664483,323.11977263664483,85.060411461429794,87.646108929238011,172.92801104722386,165.58651377273142,232.61003747746889,232.67157218301969
20260811_155000_stage_B_2C_30day_full_final,30,7,417.33104264681413,193.16630906920054,159.11904642818328,246.48253101725112,196.60411035952569,0,0,0,0,0,9.1547687060762239,9.0876111774283697,7.2430938230812316,7.2531312393300587,577.75133575113125,577.75133575113125,317.16129405610633,317.16129405610633,102.14514845289999,102.95268873553866,152.50513570104442,147.32579740602873,155.09052030614086,161.63366159386135
20260811_155000_stage_B_2C_30day_full_final,30,8,649.81377848693046,222.70791243253217,409.32445126990535,325.0248851920004,345.00642463362158,89.704284888967038,6.5976733204281368,78.276218344747335,17.979069542321142,23.569759468941871,8.5086813116487754,8.4514556316801439,6.5610035249504373,6.568863719514038,453.86478174098983,453.86478174098983,236.15031582746738,236.15031582746738,214.7357099610372,207.78910470043508,71.400855608810431,72.999302147558168,269.01837526128503,267.5335201047439
20260811_155000_stage_B_2C_30day_full_final,30,9,632.68862757008878,327.6994263918819,359.53023275892508,222.3839295750314,364.77295421233947,55.284385819175689,18.008822625488826,11.595789180063461,8.7328069277997553,69.472686375676531,8.4991394902773152,8.4404518701493441,6.624899881906944,6.6330673048795079,505.17529264236214,505.17529264236214,264.79709019960404,264.79709019960404,180.50176501056657,175.025626221316,97.839903040776264,97.375502523489473,322.75896039215462,316.86158090005108
20260811_155000_stage_B_2C_30day_full_final,30,10,555.92436611012636,325.44668814897949,367.7755777938213,311.70790793399959,276.36594317024935,47.770090855165591,44.299703971559133,16.813852339025555,42.235163051607294,31.271444676783954,8.5475308541861086,8.4872706520759511,6.7065610558114708,6.7150246586536886,533.52406784453569,533.52406784453569,283.42413507935692,283.42413507935692,154.7044792924253,150.71885527025299,117.06024503098533,114.39955841186232,331.92605283202033,325.39793018565399
20260811_155000_stage_B_2C_30day_full_final,30,11,385.19805538043289,180.64921994635023,223.48521895062683,220.53021690792062,226.00355423936702,174.44737815352781,84.661634193830196,138.0913466348031,128.67196899266574,77.761118833505151,8.7320073428061438,8.6690650834562266,6.8461799383435151,6.855008866452474,555.46720661414599,555.46720661414599,298.96930164604072,298.96930164604072,125.48422125137455,124.12238331261221,142.59178356622252,137.53983101330357,286.42653688467686,284.28604070777885
20260811_155000_stage_B_2C_30day_full_final,30,12,93.680203817144985,136.70631417132347,138.06008654096374,142.68623367502525,161.94986503545417,236.67676462101528,306.73015295080285,341.29149959603433,229.07481352476748,179.85282506909473,8.7259955630150028,8.6641908628781028,6.7779205751546217,6.7864605596303678,544.92214858572083,544.92214858572083,290.00474792881369,290.00474792881369,152.49683279596022,148.53565595635393,117.96685407451344,115.54851508642801,292.59940409602603,289.58089208357734
20260811_155000_stage_B_2C_30day_full_final,30,13,71.698568849480523,81.000435463839295,31.002455384939758,27.440489852105593,40.60244673912338,443.66732706487238,458.16766575527373,391.13427454246209,286.37958521025888,282.86154717846443,8.6771693035849164,8.6178105860945422,6.6640897781492487,6.6721841804473421,507.47771353874867,507.47771353874867,262.8890352026425,262.8890352026425,198.09696712824891,193.01344730260683,83.053406245883153,82.737460813093222,378.60511201602435,371.36248264137544
20260811_155000_stage_B_2C_30day_full_final,30,14,100.0670785452439,35.39707768698139,145.50768838742277,18.187066535162792,76.078486732131239,362.55867326159932,425.70599267685043,332.12549341647093,259.29141789576755,262.46740653866516,8.7802298854391765,8.7186849712749321,6.7772601485902575,6.7857102828901157,541.51656909858696,541.51656909858696,286.51573872342715,286.51573872342715,189.5455952119602,184.39653300806381,85.083842498871817,84.345403112634159,454.65854493026433,443.60224777903932
20260811_155000_stage_B_2C_30day_full_final,30,15,78.459599109944193,80.33839463465435,55.450300934443874,54.920413859981458,72.847117713793253,257.48183750582103,389.11566123128216,353.78730085074932,307.13292389505227,208.50660839489515,9.3388130102118527,9.2678692466655495,7.2362449927406685,7.2460423314628146,582.90221850811827,582.90221850811827,319.50069601614905,319.50069601614905,150.98123325582142,147.07971061342573,97.36707695495285,94.758910154062264,482.35601379944495,470.68630938216432
20260811_155000_stage_B_2C_30day_full_final,30,16,53.215993373155349,86.135556861060692,13.09000931200776,6.3351552041945896,57.414816890124918,430.4471497237858,400.71760350687828,333.16450613205876,217.11984926285768,280.62841667527977,10.395894419440657,10.308944110708504,7.9534197932529818,7.9652590017166061,599.72461601347925,599.72461601347925,333.69643373527754,333.69643373527754,149.81965745752004,146.76949732545273,78.513014475762546,76.34146654317469,529.9570227603657,517.95500526043327
20260811_155000_stage_B_2C_30day_full_final,30,17,107.65574569779204,52.755271436525398,135.22218417350371,40.847065793849794,7.2778829284875322,176.63720410709067,251.17062940396465,193.08119445105567,98.317615771563965,32.155684891499043,118.52366172489045,110.09463623397265,38.411180579014172,38.674240738398645,619.37791852216333,619.37791852216333,351.30113304189052,351.30113304189052,39.24032105700357,40.45404619243547,81.223500791569748,86.288565398153708,475.02497749881354,458.48746305789837
20260811_155000_stage_B_2C_30day_full_final,30,18,159.69767326990987,158.09433978283303,148.31190926386753,82.300097477607764,143.9445655047729,33.402981862705794,61.152336176900377,65.170788505995247,48.158084306479047,32.430021035657333,186.59442403333063,177.69339825315049,51.474406054809918,51.887368794213295,619.96104247583423,619.96104247583423,351.80581329446755,351.80581329446755,46.022371173881275,48.42139122728026,53.939419356085679,56.65823718223885,456.51242338187785,439.1131182932964
20260811_155000_stage_B_2C_30day_full_final,30,19,160.08633078324422,51.324430902446572,1.438701410818028,22.057334894485564,50.869513846926203,149.28507934158279,151.30966728888805,135.82712760851376,67.469816753093241,96.772801777343091,233.64377783337116,229.35332040091066,70.743225496111634,71.309426818723836,620.75715078031692,620.75715078031692,352.37672660618335,352.37672660618335,47.199506133537092,49.123114233794908,47.788541289825844,50.775769148047175,445.89359969114327,426.90639982810399
20260811_155000_stage_B_2C_30day_full_final,30,20,152.37791042359004,36.816661967508459,122.67755720102521,22.600520823101448,86.140886782486959,0,0,0,0,0,274.50514260151391,273.82722666611596,121.08648871288474,121.24415673700595,620.93912653887276,620.93912653887276,352.87928465273768,352.87928465273768,24.792989452596149,27.485438027810989,173.22974878403798,160.13530439791487,275.72979154954868,273.71517805545079
20260811_155000_stage_B_2C_30day_full_final,30,21,225.42825117767433,143.45061613484103,40.004828606153652,109.3012738792244,103.61216060117572,0,0,0,0,0,258.78114778273601,257.02442460396429,99.213434958485436,99.62213732314278,620.81689157814287,620.81689157814287,352.59865095941223,352.59865095941223,39.772665636306833,42.637542408951674,53.597085625050703,55.543762277700161,251.97287326105732,250.37367480384046
20260811_155000_stage_B_2C_30day_full_final,30,22,175.34955465089885,29.446384367956981,86.766231651389205,126.25039965252485,68.972362843641505,0,0,0,0,0,259.63020040198268,257.96269955019972,100.61598828161402,101.0078398184108,620.66983843507512,620.66983843507512,352.52734345967912,352.52734345967912,36.863161856150782,39.846776425675912,61.377893812663736,62.93601946103594,216.95205913974405,216.30686307468667
20260811_155000_stage_B_2C_30day_full_final,30,23,98.485851852867881,94.219477811681756,146.22699080028545,84.636067210433865,113.92140670216,0,0,0,0,0,247.80366292344851,245.10572417984051,85.896762881207962,86.424687242111503,620.42147085829549,620.42147085829549,352.29753863224943,352.29753863224943,41.87747893609226,45.034327955633806,53.228499035108626,55.524657271489318,195.49901347655083,195.14369459976876
20260811_155000_stage_B_2C_30day_full_final,30,24,349.9538733166217,221.27698474939942,411.57914609684781,216.77937469388925,349.17587756646071,0,0,0,0,0,91.946887492944086,85.667510342826489,34.611500088610683,34.82185960042667,620.16327800602551,620.16327800602551,351.69225049889479,351.69225049889479,150.25587412643765,147.38883946718863,27.656372692007995,30.464269943750807,299.99999719922471,293.94446129384835
