run_id,constraint_id,constraint_type,day,hour,asset_type,asset_id,constraint_name,active_flag,local_row,global_row,unit,window_position,predecessor_hour,boundary_role
20260811_121452_stage_B_2C_4168a6e9,EQ-DURATION-S01,equality,0,0,storage,1,storage_duration,true,1,1,MWh,0,NaN,
20260811_121452_stage_B_2C_4168a6e9,EQ-DURATION-S02,equality,0,0,storage,2,storage_duration,true,2,2,MWh,0,NaN,
20260811_121452_stage_B_2C_4168a6e9,EQ-QBIND-D014-QW1,equality,14,0,wind_capacity,1,daily_capacity_binding,true,1,3,MW,0,NaN,
20260811_121452_stage_B_2C_4168a6e9,EQ-QBIND-D014-QW2,equality,14,0,wind_capacity,2,daily_capacity_binding,true,2,4,MW,0,NaN,
20260811_121452_stage_B_2C_4168a6e9,EQ-QBIND-D014-QW3,equality,14,0,wind_capacity,3,daily_capacity_binding,true,3,5,MW,0,NaN,
20260811_121452_stage_B_2C_4168a6e9,EQ-QBIND-D014-QW4,equality,14,0,wind_capacity,4,daily_capacity_binding,true,4,6,MW,0,NaN,
20260811_121452_stage_B_2C_4168a6e9,EQ-QBIND-D014-QW5,equality,14,0,wind_capacity,5,daily_capacity_binding,true,5,7,MW,0,NaN,
20260811_121452_stage_B_2C_4168a6e9,EQ-QBIND-D014-QP1,equality,14,0,solar_capacity,1,daily_capacity_binding,true,6,8,MW,0,NaN,
20260811_121452_stage_B_2C_4168a6e9,EQ-QBIND-D014-QP2,equality,14,0,solar_capacity,2,daily_capacity_binding,true,7,9,MW,0,NaN,
20260811_121452_stage_B_2C_4168a6e9,EQ-QBIND-D014-QP3,equality,14,0,solar_capacity,3,daily_capacity_binding,true,8,10,MW,0,NaN,
20260811_121452_stage_B_2C_4168a6e9,EQ-QBIND-D014-QP4,equality,14,0,solar_capacity,4,daily_capacity_binding,true,9,11,MW,0,NaN,
20260811_121452_stage_B_2C_4168a6e9,EQ-QBIND-D014-QP5,equality,14,0,solar_capacity,5,daily_capacity_binding,true,10,12,MW,0,NaN,
20260811_121452_stage_B_2C_4168a6e9,EQ-QBIND-D014-QS1,equality,14,0,storage_power_capacity,1,daily_capacity_binding,true,11,13,MW,0,NaN,
20260811_121452_stage_B_2C_4168a6e9,EQ-QBIND-D014-QS2,equality,14,0,storage_power_capacity,2,daily_capacity_binding,true,12,14,MW,0,NaN,
20260811_121452_stage_B_2C_4168a6e9,EQ-QBIND-D014-ES1,equality,14,0,storage_energy_capacity,1,daily_capacity_binding,true,13,15,MWh,0,NaN,
20260811_121452_stage_B_2C_4168a6e9,EQ-QBIND-D014-ES2,equality,14,0,storage_energy_capacity,2,daily_capacity_binding,true,14,16,MWh,0,NaN,
20260811_121452_stage_B_2C_4168a6e9,EQ-BAL-D014-H01,equality,14,1,system,0,hourly_power_balance,true,1,17,MW,1,NaN,
20260811_121452_stage_B_2C_4168a6e9,EQ-SOC-D014-H01-S01,equality,14,1,storage,1,soc_dynamics,true,2,18,MWh,1,NaN,formal_daily_fixed_half_energy
20260811_121452_stage_B_2C_4168a6e9,EQ-SOC-D014-H01-S02,equality,14,1,storage,2,soc_dynamics,true,3,19,MWh,1,NaN,formal_daily_fixed_half_energy
20260811_121452_stage_B_2C_4168a6e9,EQ-BAL-D014-H02,equality,14,2,system,0,hourly_power_balance,true,1,20,MW,2,NaN,
20260811_121452_stage_B_2C_4168a6e9,EQ-SOC-D014-H02-S01,equality,14,2,storage,1,soc_dynamics,true,2,21,MWh,2,1,previous_physical_hour
20260811_121452_stage_B_2C_4168a6e9,EQ-SOC-D014-H02-S02,equality,14,2,storage,2,soc_dynamics,true,3,22,MWh,2,1,previous_physical_hour
20260811_121452_stage_B_2C_4168a6e9,EQ-BAL-D014-H03,equality,14,3,system,0,hourly_power_balance,true,1,23,MW,3,NaN,
20260811_121452_stage_B_2C_4168a6e9,EQ-SOC-D014-H03-S01,equality,14,3,storage,1,soc_dynamics,true,2,24,MWh,3,2,previous_physical_hour
20260811_121452_stage_B_2C_4168a6e9,EQ-SOC-D014-H03-S02,equality,14,3,storage,2,soc_dynamics,true,3,25,MWh,3,2,previous_physical_hour
20260811_121452_stage_B_2C_4168a6e9,EQ-BAL-D014-H04,equality,14,4,system,0,hourly_power_balance,true,1,26,MW,4,NaN,
20260811_121452_stage_B_2C_4168a6e9,EQ-SOC-D014-H04-S01,equality,14,4,storage,1,soc_dynamics,true,2,27,MWh,4,3,previous_physical_hour
20260811_121452_stage_B_2C_4168a6e9,EQ-SOC-D014-H04-S02,equality,14,4,storage,2,soc_dynamics,true,3,28,MWh,4,3,previous_physical_hour
20260811_121452_stage_B_2C_4168a6e9,EQ-BAL-D014-H05,equality,14,5,system,0,hourly_power_balance,true,1,29,MW,5,NaN,
20260811_121452_stage_B_2C_4168a6e9,EQ-SOC-D014-H05-S01,equality,14,5,storage,1,soc_dynamics,true,2,30,MWh,5,4,previous_physical_hour
20260811_121452_stage_B_2C_4168a6e9,EQ-SOC-D014-H05-S02,equality,14,5,storage,2,soc_dynamics,true,3,31,MWh,5,4,previous_physical_hour
20260811_121452_stage_B_2C_4168a6e9,EQ-BAL-D014-H06,equality,14,6,system,0,hourly_power_balance,true,1,32,MW,6,NaN,
20260811_121452_stage_B_2C_4168a6e9,EQ-SOC-D014-H06-S01,equality,14,6,storage,1,soc_dynamics,true,2,33,MWh,6,5,previous_physical_hour
20260811_121452_stage_B_2C_4168a6e9,EQ-SOC-D014-H06-S02,equality,14,6,storage,2,soc_dynamics,true,3,34,MWh,6,5,previous_physical_hour
20260811_121452_stage_B_2C_4168a6e9,EQ-BAL-D014-H07,equality,14,7,system,0,hourly_power_balance,true,1,35,MW,7,NaN,
20260811_121452_stage_B_2C_4168a6e9,EQ-SOC-D014-H07-S01,equality,14,7,storage,1,soc_dynamics,true,2,36,MWh,7,6,previous_physical_hour
20260811_121452_stage_B_2C_4168a6e9,EQ-SOC-D014-H07-S02,equality,14,7,storage,2,soc_dynamics,true,3,37,MWh,7,6,previous_physical_hour
20260811_121452_stage_B_2C_4168a6e9,EQ-BAL-D014-H08,equality,14,8,system,0,hourly_power_balance,true,1,38,MW,8,NaN,
20260811_121452_stage_B_2C_4168a6e9,EQ-SOC-D014-H08-S01,equality,14,8,storage,1,soc_dynamics,true,2,39,MWh,8,7,previous_physical_hour
20260811_121452_stage_B_2C_4168a6e9,EQ-SOC-D014-H08-S02,equality,14,8,storage,2,soc_dynamics,true,3,40,MWh,8,7,previous_physical_hour
20260811_121452_stage_B_2C_4168a6e9,EQ-BAL-D014-H09,equality,14,9,system,0,hourly_power_balance,true,1,41,MW,9,NaN,
20260811_121452_stage_B_2C_4168a6e9,EQ-SOC-D014-H09-S01,equality,14,9,storage,1,soc_dynamics,true,2,42,MWh,9,8,previous_physical_hour
20260811_121452_stage_B_2C_4168a6e9,EQ-SOC-D014-H09-S02,equality,14,9,storage,2,soc_dynamics,true,3,43,MWh,9,8,previous_physical_hour
20260811_121452_stage_B_2C_4168a6e9,EQ-BAL-D014-H10,equality,14,10,system,0,hourly_power_balance,true,1,44,MW,10,NaN,
20260811_121452_stage_B_2C_4168a6e9,EQ-SOC-D014-H10-S01,equality,14,10,storage,1,soc_dynamics,true,2,45,MWh,10,9,previous_physical_hour
20260811_121452_stage_B_2C_4168a6e9,EQ-SOC-D014-H10-S02,equality,14,10,storage,2,soc_dynamics,true,3,46,MWh,10,9,previous_physical_hour
20260811_121452_stage_B_2C_4168a6e9,EQ-BAL-D014-H11,equality,14,11,system,0,hourly_power_balance,true,1,47,MW,11,NaN,
20260811_121452_stage_B_2C_4168a6e9,EQ-SOC-D014-H11-S01,equality,14,11,storage,1,soc_dynamics,true,2,48,MWh,11,10,previous_physical_hour
20260811_121452_stage_B_2C_4168a6e9,EQ-SOC-D014-H11-S02,equality,14,11,storage,2,soc_dynamics,true,3,49,MWh,11,10,previous_physical_hour
20260811_121452_stage_B_2C_4168a6e9,EQ-BAL-D014-H12,equality,14,12,system,0,hourly_power_balance,true,1,50,MW,12,NaN,
20260811_121452_stage_B_2C_4168a6e9,EQ-SOC-D014-H12-S01,equality,14,12,storage,1,soc_dynamics,true,2,51,MWh,12,11,previous_physical_hour
20260811_121452_stage_B_2C_4168a6e9,EQ-SOC-D014-H12-S02,equality,14,12,storage,2,soc_dynamics,true,3,52,MWh,12,11,previous_physical_hour
20260811_121452_stage_B_2C_4168a6e9,EQ-BAL-D014-H13,equality,14,13,system,0,hourly_power_balance,true,1,53,MW,13,NaN,
20260811_121452_stage_B_2C_4168a6e9,EQ-SOC-D014-H13-S01,equality,14,13,storage,1,soc_dynamics,true,2,54,MWh,13,12,previous_physical_hour
20260811_121452_stage_B_2C_4168a6e9,EQ-SOC-D014-H13-S02,equality,14,13,storage,2,soc_dynamics,true,3,55,MWh,13,12,previous_physical_hour
20260811_121452_stage_B_2C_4168a6e9,EQ-BAL-D014-H14,equality,14,14,system,0,hourly_power_balance,true,1,56,MW,14,NaN,
20260811_121452_stage_B_2C_4168a6e9,EQ-SOC-D014-H14-S01,equality,14,14,storage,1,soc_dynamics,true,2,57,MWh,14,13,previous_physical_hour
20260811_121452_stage_B_2C_4168a6e9,EQ-SOC-D014-H14-S02,equality,14,14,storage,2,soc_dynamics,true,3,58,MWh,14,13,previous_physical_hour
20260811_121452_stage_B_2C_4168a6e9,EQ-BAL-D014-H15,equality,14,15,system,0,hourly_power_balance,true,1,59,MW,15,NaN,
20260811_121452_stage_B_2C_4168a6e9,EQ-SOC-D014-H15-S01,equality,14,15,storage,1,soc_dynamics,true,2,60,MWh,15,14,previous_physical_hour
20260811_121452_stage_B_2C_4168a6e9,EQ-SOC-D014-H15-S02,equality,14,15,storage,2,soc_dynamics,true,3,61,MWh,15,14,previous_physical_hour
20260811_121452_stage_B_2C_4168a6e9,EQ-BAL-D014-H16,equality,14,16,system,0,hourly_power_balance,true,1,62,MW,16,NaN,
20260811_121452_stage_B_2C_4168a6e9,EQ-SOC-D014-H16-S01,equality,14,16,storage,1,soc_dynamics,true,2,63,MWh,16,15,previous_physical_hour
20260811_121452_stage_B_2C_4168a6e9,EQ-SOC-D014-H16-S02,equality,14,16,storage,2,soc_dynamics,true,3,64,MWh,16,15,previous_physical_hour
20260811_121452_stage_B_2C_4168a6e9,EQ-BAL-D014-H17,equality,14,17,system,0,hourly_power_balance,true,1,65,MW,17,NaN,
20260811_121452_stage_B_2C_4168a6e9,EQ-SOC-D014-H17-S01,equality,14,17,storage,1,soc_dynamics,true,2,66,MWh,17,16,previous_physical_hour
20260811_121452_stage_B_2C_4168a6e9,EQ-SOC-D014-H17-S02,equality,14,17,storage,2,soc_dynamics,true,3,67,MWh,17,16,previous_physical_hour
20260811_121452_stage_B_2C_4168a6e9,EQ-BAL-D014-H18,equality,14,18,system,0,hourly_power_balance,true,1,68,MW,18,NaN,
20260811_121452_stage_B_2C_4168a6e9,EQ-SOC-D014-H18-S01,equality,14,18,storage,1,soc_dynamics,true,2,69,MWh,18,17,previous_physical_hour
20260811_121452_stage_B_2C_4168a6e9,EQ-SOC-D014-H18-S02,equality,14,18,storage,2,soc_dynamics,true,3,70,MWh,18,17,previous_physical_hour
20260811_121452_stage_B_2C_4168a6e9,EQ-BAL-D014-H19,equality,14,19,system,0,hourly_power_balance,true,1,71,MW,19,NaN,
20260811_121452_stage_B_2C_4168a6e9,EQ-SOC-D014-H19-S01,equality,14,19,storage,1,soc_dynamics,true,2,72,MWh,19,18,previous_physical_hour
20260811_121452_stage_B_2C_4168a6e9,EQ-SOC-D014-H19-S02,equality,14,19,storage,2,soc_dynamics,true,3,73,MWh,19,18,previous_physical_hour
20260811_121452_stage_B_2C_4168a6e9,EQ-BAL-D014-H20,equality,14,20,system,0,hourly_power_balance,true,1,74,MW,20,NaN,
20260811_121452_stage_B_2C_4168a6e9,EQ-SOC-D014-H20-S01,equality,14,20,storage,1,soc_dynamics,true,2,75,MWh,20,19,previous_physical_hour
20260811_121452_stage_B_2C_4168a6e9,EQ-SOC-D014-H20-S02,equality,14,20,storage,2,soc_dynamics,true,3,76,MWh,20,19,previous_physical_hour
20260811_121452_stage_B_2C_4168a6e9,EQ-BAL-D014-H21,equality,14,21,system,0,hourly_power_balance,true,1,77,MW,21,NaN,
20260811_121452_stage_B_2C_4168a6e9,EQ-SOC-D014-H21-S01,equality,14,21,storage,1,soc_dynamics,true,2,78,MWh,21,20,previous_physical_hour
20260811_121452_stage_B_2C_4168a6e9,EQ-SOC-D014-H21-S02,equality,14,21,storage,2,soc_dynamics,true,3,79,MWh,21,20,previous_physical_hour
20260811_121452_stage_B_2C_4168a6e9,EQ-BAL-D014-H22,equality,14,22,system,0,hourly_power_balance,true,1,80,MW,22,NaN,
20260811_121452_stage_B_2C_4168a6e9,EQ-SOC-D014-H22-S01,equality,14,22,storage,1,soc_dynamics,true,2,81,MWh,22,21,previous_physical_hour
20260811_121452_stage_B_2C_4168a6e9,EQ-SOC-D014-H22-S02,equality,14,22,storage,2,soc_dynamics,true,3,82,MWh,22,21,previous_physical_hour
20260811_121452_stage_B_2C_4168a6e9,EQ-BAL-D014-H23,equality,14,23,system,0,hourly_power_balance,true,1,83,MW,23,NaN,
20260811_121452_stage_B_2C_4168a6e9,EQ-SOC-D014-H23-S01,equality,14,23,storage,1,soc_dynamics,true,2,84,MWh,23,22,previous_physical_hour
20260811_121452_stage_B_2C_4168a6e9,EQ-SOC-D014-H23-S02,equality,14,23,storage,2,soc_dynamics,true,3,85,MWh,23,22,previous_physical_hour
20260811_121452_stage_B_2C_4168a6e9,EQ-BAL-D014-H24,equality,14,24,system,0,hourly_power_balance,true,1,86,MW,24,NaN,
20260811_121452_stage_B_2C_4168a6e9,EQ-SOC-D014-H24-S01,equality,14,24,storage,1,soc_dynamics,true,2,87,MWh,24,23,previous_physical_hour
20260811_121452_stage_B_2C_4168a6e9,EQ-SOC-D014-H24-S02,equality,14,24,storage,2,soc_dynamics,true,3,88,MWh,24,23,previous_physical_hour
20260811_121452_stage_B_2C_4168a6e9,EQ-SOC-END-D014-S01,equality,14,24,storage,1,terminal_soc,true,4,89,MWh,24,NaN,formal_day_terminal_fixed_half_energy
20260811_121452_stage_B_2C_4168a6e9,EQ-SOC-END-D014-S02,equality,14,24,storage,2,terminal_soc,true,5,90,MWh,24,NaN,formal_day_terminal_fixed_half_energy
20260811_121452_stage_B_2C_4168a6e9,EQ-QBIND-D015-QW1,equality,15,0,wind_capacity,1,daily_capacity_binding,true,1,91,MW,0,NaN,
20260811_121452_stage_B_2C_4168a6e9,EQ-QBIND-D015-QW2,equality,15,0,wind_capacity,2,daily_capacity_binding,true,2,92,MW,0,NaN,
20260811_121452_stage_B_2C_4168a6e9,EQ-QBIND-D015-QW3,equality,15,0,wind_capacity,3,daily_capacity_binding,true,3,93,MW,0,NaN,
20260811_121452_stage_B_2C_4168a6e9,EQ-QBIND-D015-QW4,equality,15,0,wind_capacity,4,daily_capacity_binding,true,4,94,MW,0,NaN,
20260811_121452_stage_B_2C_4168a6e9,EQ-QBIND-D015-QW5,equality,15,0,wind_capacity,5,daily_capacity_binding,true,5,95,MW,0,NaN,
20260811_121452_stage_B_2C_4168a6e9,EQ-QBIND-D015-QP1,equality,15,0,solar_capacity,1,daily_capacity_binding,true,6,96,MW,0,NaN,
20260811_121452_stage_B_2C_4168a6e9,EQ-QBIND-D015-QP2,equality,15,0,solar_capacity,2,daily_capacity_binding,true,7,97,MW,0,NaN,
20260811_121452_stage_B_2C_4168a6e9,EQ-QBIND-D015-QP3,equality,15,0,solar_capacity,3,daily_capacity_binding,true,8,98,MW,0,NaN,
20260811_121452_stage_B_2C_4168a6e9,EQ-QBIND-D015-QP4,equality,15,0,solar_capacity,4,daily_capacity_binding,true,9,99,MW,0,NaN,
20260811_121452_stage_B_2C_4168a6e9,EQ-QBIND-D015-QP5,equality,15,0,solar_capacity,5,daily_capacity_binding,true,10,100,MW,0,NaN,
20260811_121452_stage_B_2C_4168a6e9,EQ-QBIND-D015-QS1,equality,15,0,storage_power_capacity,1,daily_capacity_binding,true,11,101,MW,0,NaN,
20260811_121452_stage_B_2C_4168a6e9,EQ-QBIND-D015-QS2,equality,15,0,storage_power_capacity,2,daily_capacity_binding,true,12,102,MW,0,NaN,
20260811_121452_stage_B_2C_4168a6e9,EQ-QBIND-D015-ES1,equality,15,0,storage_energy_capacity,1,daily_capacity_binding,true,13,103,MWh,0,NaN,
20260811_121452_stage_B_2C_4168a6e9,EQ-QBIND-D015-ES2,equality,15,0,storage_energy_capacity,2,daily_capacity_binding,true,14,104,MWh,0,NaN,
20260811_121452_stage_B_2C_4168a6e9,EQ-BAL-D015-H01,equality,15,1,system,0,hourly_power_balance,true,1,105,MW,1,NaN,
20260811_121452_stage_B_2C_4168a6e9,EQ-SOC-D015-H01-S01,equality,15,1,storage,1,soc_dynamics,true,2,106,MWh,1,NaN,formal_daily_fixed_half_energy
20260811_121452_stage_B_2C_4168a6e9,EQ-SOC-D015-H01-S02,equality,15,1,storage,2,soc_dynamics,true,3,107,MWh,1,NaN,formal_daily_fixed_half_energy
20260811_121452_stage_B_2C_4168a6e9,EQ-BAL-D015-H02,equality,15,2,system,0,hourly_power_balance,true,1,108,MW,2,NaN,
20260811_121452_stage_B_2C_4168a6e9,EQ-SOC-D015-H02-S01,equality,15,2,storage,1,soc_dynamics,true,2,109,MWh,2,1,previous_physical_hour
20260811_121452_stage_B_2C_4168a6e9,EQ-SOC-D015-H02-S02,equality,15,2,storage,2,soc_dynamics,true,3,110,MWh,2,1,previous_physical_hour
20260811_121452_stage_B_2C_4168a6e9,EQ-BAL-D015-H03,equality,15,3,system,0,hourly_power_balance,true,1,111,MW,3,NaN,
20260811_121452_stage_B_2C_4168a6e9,EQ-SOC-D015-H03-S01,equality,15,3,storage,1,soc_dynamics,true,2,112,MWh,3,2,previous_physical_hour
20260811_121452_stage_B_2C_4168a6e9,EQ-SOC-D015-H03-S02,equality,15,3,storage,2,soc_dynamics,true,3,113,MWh,3,2,previous_physical_hour
20260811_121452_stage_B_2C_4168a6e9,EQ-BAL-D015-H04,equality,15,4,system,0,hourly_power_balance,true,1,114,MW,4,NaN,
20260811_121452_stage_B_2C_4168a6e9,EQ-SOC-D015-H04-S01,equality,15,4,storage,1,soc_dynamics,true,2,115,MWh,4,3,previous_physical_hour
20260811_121452_stage_B_2C_4168a6e9,EQ-SOC-D015-H04-S02,equality,15,4,storage,2,soc_dynamics,true,3,116,MWh,4,3,previous_physical_hour
20260811_121452_stage_B_2C_4168a6e9,EQ-BAL-D015-H05,equality,15,5,system,0,hourly_power_balance,true,1,117,MW,5,NaN,
20260811_121452_stage_B_2C_4168a6e9,EQ-SOC-D015-H05-S01,equality,15,5,storage,1,soc_dynamics,true,2,118,MWh,5,4,previous_physical_hour
20260811_121452_stage_B_2C_4168a6e9,EQ-SOC-D015-H05-S02,equality,15,5,storage,2,soc_dynamics,true,3,119,MWh,5,4,previous_physical_hour
20260811_121452_stage_B_2C_4168a6e9,EQ-BAL-D015-H06,equality,15,6,system,0,hourly_power_balance,true,1,120,MW,6,NaN,
20260811_121452_stage_B_2C_4168a6e9,EQ-SOC-D015-H06-S01,equality,15,6,storage,1,soc_dynamics,true,2,121,MWh,6,5,previous_physical_hour
20260811_121452_stage_B_2C_4168a6e9,EQ-SOC-D015-H06-S02,equality,15,6,storage,2,soc_dynamics,true,3,122,MWh,6,5,previous_physical_hour
20260811_121452_stage_B_2C_4168a6e9,EQ-BAL-D015-H07,equality,15,7,system,0,hourly_power_balance,true,1,123,MW,7,NaN,
20260811_121452_stage_B_2C_4168a6e9,EQ-SOC-D015-H07-S01,equality,15,7,storage,1,soc_dynamics,true,2,124,MWh,7,6,previous_physical_hour
20260811_121452_stage_B_2C_4168a6e9,EQ-SOC-D015-H07-S02,equality,15,7,storage,2,soc_dynamics,true,3,125,MWh,7,6,previous_physical_hour
20260811_121452_stage_B_2C_4168a6e9,EQ-BAL-D015-H08,equality,15,8,system,0,hourly_power_balance,true,1,126,MW,8,NaN,
20260811_121452_stage_B_2C_4168a6e9,EQ-SOC-D015-H08-S01,equality,15,8,storage,1,soc_dynamics,true,2,127,MWh,8,7,previous_physical_hour
20260811_121452_stage_B_2C_4168a6e9,EQ-SOC-D015-H08-S02,equality,15,8,storage,2,soc_dynamics,true,3,128,MWh,8,7,previous_physical_hour
20260811_121452_stage_B_2C_4168a6e9,EQ-BAL-D015-H09,equality,15,9,system,0,hourly_power_balance,true,1,129,MW,9,NaN,
20260811_121452_stage_B_2C_4168a6e9,EQ-SOC-D015-H09-S01,equality,15,9,storage,1,soc_dynamics,true,2,130,MWh,9,8,previous_physical_hour
20260811_121452_stage_B_2C_4168a6e9,EQ-SOC-D015-H09-S02,equality,15,9,storage,2,soc_dynamics,true,3,131,MWh,9,8,previous_physical_hour
20260811_121452_stage_B_2C_4168a6e9,EQ-BAL-D015-H10,equality,15,10,system,0,hourly_power_balance,true,1,132,MW,10,NaN,
20260811_121452_stage_B_2C_4168a6e9,EQ-SOC-D015-H10-S01,equality,15,10,storage,1,soc_dynamics,true,2,133,MWh,10,9,previous_physical_hour
20260811_121452_stage_B_2C_4168a6e9,EQ-SOC-D015-H10-S02,equality,15,10,storage,2,soc_dynamics,true,3,134,MWh,10,9,previous_physical_hour
20260811_121452_stage_B_2C_4168a6e9,EQ-BAL-D015-H11,equality,15,11,system,0,hourly_power_balance,true,1,135,MW,11,NaN,
20260811_121452_stage_B_2C_4168a6e9,EQ-SOC-D015-H11-S01,equality,15,11,storage,1,soc_dynamics,true,2,136,MWh,11,10,previous_physical_hour
20260811_121452_stage_B_2C_4168a6e9,EQ-SOC-D015-H11-S02,equality,15,11,storage,2,soc_dynamics,true,3,137,MWh,11,10,previous_physical_hour
20260811_121452_stage_B_2C_4168a6e9,EQ-BAL-D015-H12,equality,15,12,system,0,hourly_power_balance,true,1,138,MW,12,NaN,
20260811_121452_stage_B_2C_4168a6e9,EQ-SOC-D015-H12-S01,equality,15,12,storage,1,soc_dynamics,true,2,139,MWh,12,11,previous_physical_hour
20260811_121452_stage_B_2C_4168a6e9,EQ-SOC-D015-H12-S02,equality,15,12,storage,2,soc_dynamics,true,3,140,MWh,12,11,previous_physical_hour
20260811_121452_stage_B_2C_4168a6e9,EQ-BAL-D015-H13,equality,15,13,system,0,hourly_power_balance,true,1,141,MW,13,NaN,
20260811_121452_stage_B_2C_4168a6e9,EQ-SOC-D015-H13-S01,equality,15,13,storage,1,soc_dynamics,true,2,142,MWh,13,12,previous_physical_hour
20260811_121452_stage_B_2C_4168a6e9,EQ-SOC-D015-H13-S02,equality,15,13,storage,2,soc_dynamics,true,3,143,MWh,13,12,previous_physical_hour
20260811_121452_stage_B_2C_4168a6e9,EQ-BAL-D015-H14,equality,15,14,system,0,hourly_power_balance,true,1,144,MW,14,NaN,
20260811_121452_stage_B_2C_4168a6e9,EQ-SOC-D015-H14-S01,equality,15,14,storage,1,soc_dynamics,true,2,145,MWh,14,13,previous_physical_hour
20260811_121452_stage_B_2C_4168a6e9,EQ-SOC-D015-H14-S02,equality,15,14,storage,2,soc_dynamics,true,3,146,MWh,14,13,previous_physical_hour
20260811_121452_stage_B_2C_4168a6e9,EQ-BAL-D015-H15,equality,15,15,system,0,hourly_power_balance,true,1,147,MW,15,NaN,
20260811_121452_stage_B_2C_4168a6e9,EQ-SOC-D015-H15-S01,equality,15,15,storage,1,soc_dynamics,true,2,148,MWh,15,14,previous_physical_hour
20260811_121452_stage_B_2C_4168a6e9,EQ-SOC-D015-H15-S02,equality,15,15,storage,2,soc_dynamics,true,3,149,MWh,15,14,previous_physical_hour
20260811_121452_stage_B_2C_4168a6e9,EQ-BAL-D015-H16,equality,15,16,system,0,hourly_power_balance,true,1,150,MW,16,NaN,
20260811_121452_stage_B_2C_4168a6e9,EQ-SOC-D015-H16-S01,equality,15,16,storage,1,soc_dynamics,true,2,151,MWh,16,15,previous_physical_hour
20260811_121452_stage_B_2C_4168a6e9,EQ-SOC-D015-H16-S02,equality,15,16,storage,2,soc_dynamics,true,3,152,MWh,16,15,previous_physical_hour
20260811_121452_stage_B_2C_4168a6e9,EQ-BAL-D015-H17,equality,15,17,system,0,hourly_power_balance,true,1,153,MW,17,NaN,
20260811_121452_stage_B_2C_4168a6e9,EQ-SOC-D015-H17-S01,equality,15,17,storage,1,soc_dynamics,true,2,154,MWh,17,16,previous_physical_hour
20260811_121452_stage_B_2C_4168a6e9,EQ-SOC-D015-H17-S02,equality,15,17,storage,2,soc_dynamics,true,3,155,MWh,17,16,previous_physical_hour
20260811_121452_stage_B_2C_4168a6e9,EQ-BAL-D015-H18,equality,15,18,system,0,hourly_power_balance,true,1,156,MW,18,NaN,
20260811_121452_stage_B_2C_4168a6e9,EQ-SOC-D015-H18-S01,equality,15,18,storage,1,soc_dynamics,true,2,157,MWh,18,17,previous_physical_hour
20260811_121452_stage_B_2C_4168a6e9,EQ-SOC-D015-H18-S02,equality,15,18,storage,2,soc_dynamics,true,3,158,MWh,18,17,previous_physical_hour
20260811_121452_stage_B_2C_4168a6e9,EQ-BAL-D015-H19,equality,15,19,system,0,hourly_power_balance,true,1,159,MW,19,NaN,
20260811_121452_stage_B_2C_4168a6e9,EQ-SOC-D015-H19-S01,equality,15,19,storage,1,soc_dynamics,true,2,160,MWh,19,18,previous_physical_hour
20260811_121452_stage_B_2C_4168a6e9,EQ-SOC-D015-H19-S02,equality,15,19,storage,2,soc_dynamics,true,3,161,MWh,19,18,previous_physical_hour
20260811_121452_stage_B_2C_4168a6e9,EQ-BAL-D015-H20,equality,15,20,system,0,hourly_power_balance,true,1,162,MW,20,NaN,
20260811_121452_stage_B_2C_4168a6e9,EQ-SOC-D015-H20-S01,equality,15,20,storage,1,soc_dynamics,true,2,163,MWh,20,19,previous_physical_hour
20260811_121452_stage_B_2C_4168a6e9,EQ-SOC-D015-H20-S02,equality,15,20,storage,2,soc_dynamics,true,3,164,MWh,20,19,previous_physical_hour
20260811_121452_stage_B_2C_4168a6e9,EQ-BAL-D015-H21,equality,15,21,system,0,hourly_power_balance,true,1,165,MW,21,NaN,
20260811_121452_stage_B_2C_4168a6e9,EQ-SOC-D015-H21-S01,equality,15,21,storage,1,soc_dynamics,true,2,166,MWh,21,20,previous_physical_hour
20260811_121452_stage_B_2C_4168a6e9,EQ-SOC-D015-H21-S02,equality,15,21,storage,2,soc_dynamics,true,3,167,MWh,21,20,previous_physical_hour
20260811_121452_stage_B_2C_4168a6e9,EQ-BAL-D015-H22,equality,15,22,system,0,hourly_power_balance,true,1,168,MW,22,NaN,
20260811_121452_stage_B_2C_4168a6e9,EQ-SOC-D015-H22-S01,equality,15,22,storage,1,soc_dynamics,true,2,169,MWh,22,21,previous_physical_hour
20260811_121452_stage_B_2C_4168a6e9,EQ-SOC-D015-H22-S02,equality,15,22,storage,2,soc_dynamics,true,3,170,MWh,22,21,previous_physical_hour
20260811_121452_stage_B_2C_4168a6e9,EQ-BAL-D015-H23,equality,15,23,system,0,hourly_power_balance,true,1,171,MW,23,NaN,
20260811_121452_stage_B_2C_4168a6e9,EQ-SOC-D015-H23-S01,equality,15,23,storage,1,soc_dynamics,true,2,172,MWh,23,22,previous_physical_hour
20260811_121452_stage_B_2C_4168a6e9,EQ-SOC-D015-H23-S02,equality,15,23,storage,2,soc_dynamics,true,3,173,MWh,23,22,previous_physical_hour
20260811_121452_stage_B_2C_4168a6e9,EQ-BAL-D015-H24,equality,15,24,system,0,hourly_power_balance,true,1,174,MW,24,NaN,
20260811_121452_stage_B_2C_4168a6e9,EQ-SOC-D015-H24-S01,equality,15,24,storage,1,soc_dynamics,true,2,175,MWh,24,23,previous_physical_hour
20260811_121452_stage_B_2C_4168a6e9,EQ-SOC-D015-H24-S02,equality,15,24,storage,2,soc_dynamics,true,3,176,MWh,24,23,previous_physical_hour
20260811_121452_stage_B_2C_4168a6e9,EQ-SOC-END-D015-S01,equality,15,24,storage,1,terminal_soc,true,4,177,MWh,24,NaN,formal_day_terminal_fixed_half_energy
20260811_121452_stage_B_2C_4168a6e9,EQ-SOC-END-D015-S02,equality,15,24,storage,2,terminal_soc,true,5,178,MWh,24,NaN,formal_day_terminal_fixed_half_energy
20260811_121452_stage_B_2C_4168a6e9,EQ-QBIND-D016-QW1,equality,16,0,wind_capacity,1,daily_capacity_binding,true,1,179,MW,0,NaN,
20260811_121452_stage_B_2C_4168a6e9,EQ-QBIND-D016-QW2,equality,16,0,wind_capacity,2,daily_capacity_binding,true,2,180,MW,0,NaN,
20260811_121452_stage_B_2C_4168a6e9,EQ-QBIND-D016-QW3,equality,16,0,wind_capacity,3,daily_capacity_binding,true,3,181,MW,0,NaN,
20260811_121452_stage_B_2C_4168a6e9,EQ-QBIND-D016-QW4,equality,16,0,wind_capacity,4,daily_capacity_binding,true,4,182,MW,0,NaN,
20260811_121452_stage_B_2C_4168a6e9,EQ-QBIND-D016-QW5,equality,16,0,wind_capacity,5,daily_capacity_binding,true,5,183,MW,0,NaN,
20260811_121452_stage_B_2C_4168a6e9,EQ-QBIND-D016-QP1,equality,16,0,solar_capacity,1,daily_capacity_binding,true,6,184,MW,0,NaN,
20260811_121452_stage_B_2C_4168a6e9,EQ-QBIND-D016-QP2,equality,16,0,solar_capacity,2,daily_capacity_binding,true,7,185,MW,0,NaN,
20260811_121452_stage_B_2C_4168a6e9,EQ-QBIND-D016-QP3,equality,16,0,solar_capacity,3,daily_capacity_binding,true,8,186,MW,0,NaN,
20260811_121452_stage_B_2C_4168a6e9,EQ-QBIND-D016-QP4,equality,16,0,solar_capacity,4,daily_capacity_binding,true,9,187,MW,0,NaN,
20260811_121452_stage_B_2C_4168a6e9,EQ-QBIND-D016-QP5,equality,16,0,solar_capacity,5,daily_capacity_binding,true,10,188,MW,0,NaN,
20260811_121452_stage_B_2C_4168a6e9,EQ-QBIND-D016-QS1,equality,16,0,storage_power_capacity,1,daily_capacity_binding,true,11,189,MW,0,NaN,
20260811_121452_stage_B_2C_4168a6e9,EQ-QBIND-D016-QS2,equality,16,0,storage_power_capacity,2,daily_capacity_binding,true,12,190,MW,0,NaN,
20260811_121452_stage_B_2C_4168a6e9,EQ-QBIND-D016-ES1,equality,16,0,storage_energy_capacity,1,daily_capacity_binding,true,13,191,MWh,0,NaN,
20260811_121452_stage_B_2C_4168a6e9,EQ-QBIND-D016-ES2,equality,16,0,storage_energy_capacity,2,daily_capacity_binding,true,14,192,MWh,0,NaN,
20260811_121452_stage_B_2C_4168a6e9,EQ-BAL-D016-H01,equality,16,1,system,0,hourly_power_balance,true,1,193,MW,1,NaN,
20260811_121452_stage_B_2C_4168a6e9,EQ-SOC-D016-H01-S01,equality,16,1,storage,1,soc_dynamics,true,2,194,MWh,1,NaN,formal_daily_fixed_half_energy
20260811_121452_stage_B_2C_4168a6e9,EQ-SOC-D016-H01-S02,equality,16,1,storage,2,soc_dynamics,true,3,195,MWh,1,NaN,formal_daily_fixed_half_energy
20260811_121452_stage_B_2C_4168a6e9,EQ-BAL-D016-H02,equality,16,2,system,0,hourly_power_balance,true,1,196,MW,2,NaN,
20260811_121452_stage_B_2C_4168a6e9,EQ-SOC-D016-H02-S01,equality,16,2,storage,1,soc_dynamics,true,2,197,MWh,2,1,previous_physical_hour
20260811_121452_stage_B_2C_4168a6e9,EQ-SOC-D016-H02-S02,equality,16,2,storage,2,soc_dynamics,true,3,198,MWh,2,1,previous_physical_hour
20260811_121452_stage_B_2C_4168a6e9,EQ-BAL-D016-H03,equality,16,3,system,0,hourly_power_balance,true,1,199,MW,3,NaN,
20260811_121452_stage_B_2C_4168a6e9,EQ-SOC-D016-H03-S01,equality,16,3,storage,1,soc_dynamics,true,2,200,MWh,3,2,previous_physical_hour
20260811_121452_stage_B_2C_4168a6e9,EQ-SOC-D016-H03-S02,equality,16,3,storage,2,soc_dynamics,true,3,201,MWh,3,2,previous_physical_hour
20260811_121452_stage_B_2C_4168a6e9,EQ-BAL-D016-H04,equality,16,4,system,0,hourly_power_balance,true,1,202,MW,4,NaN,
20260811_121452_stage_B_2C_4168a6e9,EQ-SOC-D016-H04-S01,equality,16,4,storage,1,soc_dynamics,true,2,203,MWh,4,3,previous_physical_hour
20260811_121452_stage_B_2C_4168a6e9,EQ-SOC-D016-H04-S02,equality,16,4,storage,2,soc_dynamics,true,3,204,MWh,4,3,previous_physical_hour
20260811_121452_stage_B_2C_4168a6e9,EQ-BAL-D016-H05,equality,16,5,system,0,hourly_power_balance,true,1,205,MW,5,NaN,
20260811_121452_stage_B_2C_4168a6e9,EQ-SOC-D016-H05-S01,equality,16,5,storage,1,soc_dynamics,true,2,206,MWh,5,4,previous_physical_hour
20260811_121452_stage_B_2C_4168a6e9,EQ-SOC-D016-H05-S02,equality,16,5,storage,2,soc_dynamics,true,3,207,MWh,5,4,previous_physical_hour
20260811_121452_stage_B_2C_4168a6e9,EQ-BAL-D016-H06,equality,16,6,system,0,hourly_power_balance,true,1,208,MW,6,NaN,
20260811_121452_stage_B_2C_4168a6e9,EQ-SOC-D016-H06-S01,equality,16,6,storage,1,soc_dynamics,true,2,209,MWh,6,5,previous_physical_hour
20260811_121452_stage_B_2C_4168a6e9,EQ-SOC-D016-H06-S02,equality,16,6,storage,2,soc_dynamics,true,3,210,MWh,6,5,previous_physical_hour
20260811_121452_stage_B_2C_4168a6e9,EQ-BAL-D016-H07,equality,16,7,system,0,hourly_power_balance,true,1,211,MW,7,NaN,
20260811_121452_stage_B_2C_4168a6e9,EQ-SOC-D016-H07-S01,equality,16,7,storage,1,soc_dynamics,true,2,212,MWh,7,6,previous_physical_hour
20260811_121452_stage_B_2C_4168a6e9,EQ-SOC-D016-H07-S02,equality,16,7,storage,2,soc_dynamics,true,3,213,MWh,7,6,previous_physical_hour
20260811_121452_stage_B_2C_4168a6e9,EQ-BAL-D016-H08,equality,16,8,system,0,hourly_power_balance,true,1,214,MW,8,NaN,
20260811_121452_stage_B_2C_4168a6e9,EQ-SOC-D016-H08-S01,equality,16,8,storage,1,soc_dynamics,true,2,215,MWh,8,7,previous_physical_hour
20260811_121452_stage_B_2C_4168a6e9,EQ-SOC-D016-H08-S02,equality,16,8,storage,2,soc_dynamics,true,3,216,MWh,8,7,previous_physical_hour
20260811_121452_stage_B_2C_4168a6e9,EQ-BAL-D016-H09,equality,16,9,system,0,hourly_power_balance,true,1,217,MW,9,NaN,
20260811_121452_stage_B_2C_4168a6e9,EQ-SOC-D016-H09-S01,equality,16,9,storage,1,soc_dynamics,true,2,218,MWh,9,8,previous_physical_hour
20260811_121452_stage_B_2C_4168a6e9,EQ-SOC-D016-H09-S02,equality,16,9,storage,2,soc_dynamics,true,3,219,MWh,9,8,previous_physical_hour
20260811_121452_stage_B_2C_4168a6e9,EQ-BAL-D016-H10,equality,16,10,system,0,hourly_power_balance,true,1,220,MW,10,NaN,
20260811_121452_stage_B_2C_4168a6e9,EQ-SOC-D016-H10-S01,equality,16,10,storage,1,soc_dynamics,true,2,221,MWh,10,9,previous_physical_hour
20260811_121452_stage_B_2C_4168a6e9,EQ-SOC-D016-H10-S02,equality,16,10,storage,2,soc_dynamics,true,3,222,MWh,10,9,previous_physical_hour
20260811_121452_stage_B_2C_4168a6e9,EQ-BAL-D016-H11,equality,16,11,system,0,hourly_power_balance,true,1,223,MW,11,NaN,
20260811_121452_stage_B_2C_4168a6e9,EQ-SOC-D016-H11-S01,equality,16,11,storage,1,soc_dynamics,true,2,224,MWh,11,10,previous_physical_hour
20260811_121452_stage_B_2C_4168a6e9,EQ-SOC-D016-H11-S02,equality,16,11,storage,2,soc_dynamics,true,3,225,MWh,11,10,previous_physical_hour
20260811_121452_stage_B_2C_4168a6e9,EQ-BAL-D016-H12,equality,16,12,system,0,hourly_power_balance,true,1,226,MW,12,NaN,
20260811_121452_stage_B_2C_4168a6e9,EQ-SOC-D016-H12-S01,equality,16,12,storage,1,soc_dynamics,true,2,227,MWh,12,11,previous_physical_hour
20260811_121452_stage_B_2C_4168a6e9,EQ-SOC-D016-H12-S02,equality,16,12,storage,2,soc_dynamics,true,3,228,MWh,12,11,previous_physical_hour
20260811_121452_stage_B_2C_4168a6e9,EQ-BAL-D016-H13,equality,16,13,system,0,hourly_power_balance,true,1,229,MW,13,NaN,
20260811_121452_stage_B_2C_4168a6e9,EQ-SOC-D016-H13-S01,equality,16,13,storage,1,soc_dynamics,true,2,230,MWh,13,12,previous_physical_hour
20260811_121452_stage_B_2C_4168a6e9,EQ-SOC-D016-H13-S02,equality,16,13,storage,2,soc_dynamics,true,3,231,MWh,13,12,previous_physical_hour
20260811_121452_stage_B_2C_4168a6e9,EQ-BAL-D016-H14,equality,16,14,system,0,hourly_power_balance,true,1,232,MW,14,NaN,
20260811_121452_stage_B_2C_4168a6e9,EQ-SOC-D016-H14-S01,equality,16,14,storage,1,soc_dynamics,true,2,233,MWh,14,13,previous_physical_hour
20260811_121452_stage_B_2C_4168a6e9,EQ-SOC-D016-H14-S02,equality,16,14,storage,2,soc_dynamics,true,3,234,MWh,14,13,previous_physical_hour
20260811_121452_stage_B_2C_4168a6e9,EQ-BAL-D016-H15,equality,16,15,system,0,hourly_power_balance,true,1,235,MW,15,NaN,
20260811_121452_stage_B_2C_4168a6e9,EQ-SOC-D016-H15-S01,equality,16,15,storage,1,soc_dynamics,true,2,236,MWh,15,14,previous_physical_hour
20260811_121452_stage_B_2C_4168a6e9,EQ-SOC-D016-H15-S02,equality,16,15,storage,2,soc_dynamics,true,3,237,MWh,15,14,previous_physical_hour
20260811_121452_stage_B_2C_4168a6e9,EQ-BAL-D016-H16,equality,16,16,system,0,hourly_power_balance,true,1,238,MW,16,NaN,
20260811_121452_stage_B_2C_4168a6e9,EQ-SOC-D016-H16-S01,equality,16,16,storage,1,soc_dynamics,true,2,239,MWh,16,15,previous_physical_hour
20260811_121452_stage_B_2C_4168a6e9,EQ-SOC-D016-H16-S02,equality,16,16,storage,2,soc_dynamics,true,3,240,MWh,16,15,previous_physical_hour
20260811_121452_stage_B_2C_4168a6e9,EQ-BAL-D016-H17,equality,16,17,system,0,hourly_power_balance,true,1,241,MW,17,NaN,
20260811_121452_stage_B_2C_4168a6e9,EQ-SOC-D016-H17-S01,equality,16,17,storage,1,soc_dynamics,true,2,242,MWh,17,16,previous_physical_hour
20260811_121452_stage_B_2C_4168a6e9,EQ-SOC-D016-H17-S02,equality,16,17,storage,2,soc_dynamics,true,3,243,MWh,17,16,previous_physical_hour
20260811_121452_stage_B_2C_4168a6e9,EQ-BAL-D016-H18,equality,16,18,system,0,hourly_power_balance,true,1,244,MW,18,NaN,
20260811_121452_stage_B_2C_4168a6e9,EQ-SOC-D016-H18-S01,equality,16,18,storage,1,soc_dynamics,true,2,245,MWh,18,17,previous_physical_hour
20260811_121452_stage_B_2C_4168a6e9,EQ-SOC-D016-H18-S02,equality,16,18,storage,2,soc_dynamics,true,3,246,MWh,18,17,previous_physical_hour
20260811_121452_stage_B_2C_4168a6e9,EQ-BAL-D016-H19,equality,16,19,system,0,hourly_power_balance,true,1,247,MW,19,NaN,
20260811_121452_stage_B_2C_4168a6e9,EQ-SOC-D016-H19-S01,equality,16,19,storage,1,soc_dynamics,true,2,248,MWh,19,18,previous_physical_hour
20260811_121452_stage_B_2C_4168a6e9,EQ-SOC-D016-H19-S02,equality,16,19,storage,2,soc_dynamics,true,3,249,MWh,19,18,previous_physical_hour
20260811_121452_stage_B_2C_4168a6e9,EQ-BAL-D016-H20,equality,16,20,system,0,hourly_power_balance,true,1,250,MW,20,NaN,
20260811_121452_stage_B_2C_4168a6e9,EQ-SOC-D016-H20-S01,equality,16,20,storage,1,soc_dynamics,true,2,251,MWh,20,19,previous_physical_hour
20260811_121452_stage_B_2C_4168a6e9,EQ-SOC-D016-H20-S02,equality,16,20,storage,2,soc_dynamics,true,3,252,MWh,20,19,previous_physical_hour
20260811_121452_stage_B_2C_4168a6e9,EQ-BAL-D016-H21,equality,16,21,system,0,hourly_power_balance,true,1,253,MW,21,NaN,
20260811_121452_stage_B_2C_4168a6e9,EQ-SOC-D016-H21-S01,equality,16,21,storage,1,soc_dynamics,true,2,254,MWh,21,20,previous_physical_hour
20260811_121452_stage_B_2C_4168a6e9,EQ-SOC-D016-H21-S02,equality,16,21,storage,2,soc_dynamics,true,3,255,MWh,21,20,previous_physical_hour
20260811_121452_stage_B_2C_4168a6e9,EQ-BAL-D016-H22,equality,16,22,system,0,hourly_power_balance,true,1,256,MW,22,NaN,
20260811_121452_stage_B_2C_4168a6e9,EQ-SOC-D016-H22-S01,equality,16,22,storage,1,soc_dynamics,true,2,257,MWh,22,21,previous_physical_hour
20260811_121452_stage_B_2C_4168a6e9,EQ-SOC-D016-H22-S02,equality,16,22,storage,2,soc_dynamics,true,3,258,MWh,22,21,previous_physical_hour
20260811_121452_stage_B_2C_4168a6e9,EQ-BAL-D016-H23,equality,16,23,system,0,hourly_power_balance,true,1,259,MW,23,NaN,
20260811_121452_stage_B_2C_4168a6e9,EQ-SOC-D016-H23-S01,equality,16,23,storage,1,soc_dynamics,true,2,260,MWh,23,22,previous_physical_hour
20260811_121452_stage_B_2C_4168a6e9,EQ-SOC-D016-H23-S02,equality,16,23,storage,2,soc_dynamics,true,3,261,MWh,23,22,previous_physical_hour
20260811_121452_stage_B_2C_4168a6e9,EQ-BAL-D016-H24,equality,16,24,system,0,hourly_power_balance,true,1,262,MW,24,NaN,
20260811_121452_stage_B_2C_4168a6e9,EQ-SOC-D016-H24-S01,equality,16,24,storage,1,soc_dynamics,true,2,263,MWh,24,23,previous_physical_hour
20260811_121452_stage_B_2C_4168a6e9,EQ-SOC-D016-H24-S02,equality,16,24,storage,2,soc_dynamics,true,3,264,MWh,24,23,previous_physical_hour
20260811_121452_stage_B_2C_4168a6e9,EQ-SOC-END-D016-S01,equality,16,24,storage,1,terminal_soc,true,4,265,MWh,24,NaN,formal_day_terminal_fixed_half_energy
20260811_121452_stage_B_2C_4168a6e9,EQ-SOC-END-D016-S02,equality,16,24,storage,2,terminal_soc,true,5,266,MWh,24,NaN,formal_day_terminal_fixed_half_energy
20260811_121452_stage_B_2C_4168a6e9,EQ-QBIND-D017-QW1,equality,17,0,wind_capacity,1,daily_capacity_binding,true,1,267,MW,0,NaN,
20260811_121452_stage_B_2C_4168a6e9,EQ-QBIND-D017-QW2,equality,17,0,wind_capacity,2,daily_capacity_binding,true,2,268,MW,0,NaN,
20260811_121452_stage_B_2C_4168a6e9,EQ-QBIND-D017-QW3,equality,17,0,wind_capacity,3,daily_capacity_binding,true,3,269,MW,0,NaN,
20260811_121452_stage_B_2C_4168a6e9,EQ-QBIND-D017-QW4,equality,17,0,wind_capacity,4,daily_capacity_binding,true,4,270,MW,0,NaN,
20260811_121452_stage_B_2C_4168a6e9,EQ-QBIND-D017-QW5,equality,17,0,wind_capacity,5,daily_capacity_binding,true,5,271,MW,0,NaN,
20260811_121452_stage_B_2C_4168a6e9,EQ-QBIND-D017-QP1,equality,17,0,solar_capacity,1,daily_capacity_binding,true,6,272,MW,0,NaN,
20260811_121452_stage_B_2C_4168a6e9,EQ-QBIND-D017-QP2,equality,17,0,solar_capacity,2,daily_capacity_binding,true,7,273,MW,0,NaN,
20260811_121452_stage_B_2C_4168a6e9,EQ-QBIND-D017-QP3,equality,17,0,solar_capacity,3,daily_capacity_binding,true,8,274,MW,0,NaN,
20260811_121452_stage_B_2C_4168a6e9,EQ-QBIND-D017-QP4,equality,17,0,solar_capacity,4,daily_capacity_binding,true,9,275,MW,0,NaN,
20260811_121452_stage_B_2C_4168a6e9,EQ-QBIND-D017-QP5,equality,17,0,solar_capacity,5,daily_capacity_binding,true,10,276,MW,0,NaN,
20260811_121452_stage_B_2C_4168a6e9,EQ-QBIND-D017-QS1,equality,17,0,storage_power_capacity,1,daily_capacity_binding,true,11,277,MW,0,NaN,
20260811_121452_stage_B_2C_4168a6e9,EQ-QBIND-D017-QS2,equality,17,0,storage_power_capacity,2,daily_capacity_binding,true,12,278,MW,0,NaN,
20260811_121452_stage_B_2C_4168a6e9,EQ-QBIND-D017-ES1,equality,17,0,storage_energy_capacity,1,daily_capacity_binding,true,13,279,MWh,0,NaN,
20260811_121452_stage_B_2C_4168a6e9,EQ-QBIND-D017-ES2,equality,17,0,storage_energy_capacity,2,daily_capacity_binding,true,14,280,MWh,0,NaN,
20260811_121452_stage_B_2C_4168a6e9,EQ-BAL-D017-H01,equality,17,1,system,0,hourly_power_balance,true,1,281,MW,1,NaN,
20260811_121452_stage_B_2C_4168a6e9,EQ-SOC-D017-H01-S01,equality,17,1,storage,1,soc_dynamics,true,2,282,MWh,1,NaN,formal_daily_fixed_half_energy
20260811_121452_stage_B_2C_4168a6e9,EQ-SOC-D017-H01-S02,equality,17,1,storage,2,soc_dynamics,true,3,283,MWh,1,NaN,formal_daily_fixed_half_energy
20260811_121452_stage_B_2C_4168a6e9,EQ-BAL-D017-H02,equality,17,2,system,0,hourly_power_balance,true,1,284,MW,2,NaN,
20260811_121452_stage_B_2C_4168a6e9,EQ-SOC-D017-H02-S01,equality,17,2,storage,1,soc_dynamics,true,2,285,MWh,2,1,previous_physical_hour
20260811_121452_stage_B_2C_4168a6e9,EQ-SOC-D017-H02-S02,equality,17,2,storage,2,soc_dynamics,true,3,286,MWh,2,1,previous_physical_hour
20260811_121452_stage_B_2C_4168a6e9,EQ-BAL-D017-H03,equality,17,3,system,0,hourly_power_balance,true,1,287,MW,3,NaN,
20260811_121452_stage_B_2C_4168a6e9,EQ-SOC-D017-H03-S01,equality,17,3,storage,1,soc_dynamics,true,2,288,MWh,3,2,previous_physical_hour
20260811_121452_stage_B_2C_4168a6e9,EQ-SOC-D017-H03-S02,equality,17,3,storage,2,soc_dynamics,true,3,289,MWh,3,2,previous_physical_hour
20260811_121452_stage_B_2C_4168a6e9,EQ-BAL-D017-H04,equality,17,4,system,0,hourly_power_balance,true,1,290,MW,4,NaN,
20260811_121452_stage_B_2C_4168a6e9,EQ-SOC-D017-H04-S01,equality,17,4,storage,1,soc_dynamics,true,2,291,MWh,4,3,previous_physical_hour
20260811_121452_stage_B_2C_4168a6e9,EQ-SOC-D017-H04-S02,equality,17,4,storage,2,soc_dynamics,true,3,292,MWh,4,3,previous_physical_hour
20260811_121452_stage_B_2C_4168a6e9,EQ-BAL-D017-H05,equality,17,5,system,0,hourly_power_balance,true,1,293,MW,5,NaN,
20260811_121452_stage_B_2C_4168a6e9,EQ-SOC-D017-H05-S01,equality,17,5,storage,1,soc_dynamics,true,2,294,MWh,5,4,previous_physical_hour
20260811_121452_stage_B_2C_4168a6e9,EQ-SOC-D017-H05-S02,equality,17,5,storage,2,soc_dynamics,true,3,295,MWh,5,4,previous_physical_hour
20260811_121452_stage_B_2C_4168a6e9,EQ-BAL-D017-H06,equality,17,6,system,0,hourly_power_balance,true,1,296,MW,6,NaN,
20260811_121452_stage_B_2C_4168a6e9,EQ-SOC-D017-H06-S01,equality,17,6,storage,1,soc_dynamics,true,2,297,MWh,6,5,previous_physical_hour
20260811_121452_stage_B_2C_4168a6e9,EQ-SOC-D017-H06-S02,equality,17,6,storage,2,soc_dynamics,true,3,298,MWh,6,5,previous_physical_hour
20260811_121452_stage_B_2C_4168a6e9,EQ-BAL-D017-H07,equality,17,7,system,0,hourly_power_balance,true,1,299,MW,7,NaN,
20260811_121452_stage_B_2C_4168a6e9,EQ-SOC-D017-H07-S01,equality,17,7,storage,1,soc_dynamics,true,2,300,MWh,7,6,previous_physical_hour
20260811_121452_stage_B_2C_4168a6e9,EQ-SOC-D017-H07-S02,equality,17,7,storage,2,soc_dynamics,true,3,301,MWh,7,6,previous_physical_hour
20260811_121452_stage_B_2C_4168a6e9,EQ-BAL-D017-H08,equality,17,8,system,0,hourly_power_balance,true,1,302,MW,8,NaN,
20260811_121452_stage_B_2C_4168a6e9,EQ-SOC-D017-H08-S01,equality,17,8,storage,1,soc_dynamics,true,2,303,MWh,8,7,previous_physical_hour
20260811_121452_stage_B_2C_4168a6e9,EQ-SOC-D017-H08-S02,equality,17,8,storage,2,soc_dynamics,true,3,304,MWh,8,7,previous_physical_hour
20260811_121452_stage_B_2C_4168a6e9,EQ-BAL-D017-H09,equality,17,9,system,0,hourly_power_balance,true,1,305,MW,9,NaN,
20260811_121452_stage_B_2C_4168a6e9,EQ-SOC-D017-H09-S01,equality,17,9,storage,1,soc_dynamics,true,2,306,MWh,9,8,previous_physical_hour
20260811_121452_stage_B_2C_4168a6e9,EQ-SOC-D017-H09-S02,equality,17,9,storage,2,soc_dynamics,true,3,307,MWh,9,8,previous_physical_hour
20260811_121452_stage_B_2C_4168a6e9,EQ-BAL-D017-H10,equality,17,10,system,0,hourly_power_balance,true,1,308,MW,10,NaN,
20260811_121452_stage_B_2C_4168a6e9,EQ-SOC-D017-H10-S01,equality,17,10,storage,1,soc_dynamics,true,2,309,MWh,10,9,previous_physical_hour
20260811_121452_stage_B_2C_4168a6e9,EQ-SOC-D017-H10-S02,equality,17,10,storage,2,soc_dynamics,true,3,310,MWh,10,9,previous_physical_hour
20260811_121452_stage_B_2C_4168a6e9,EQ-BAL-D017-H11,equality,17,11,system,0,hourly_power_balance,true,1,311,MW,11,NaN,
20260811_121452_stage_B_2C_4168a6e9,EQ-SOC-D017-H11-S01,equality,17,11,storage,1,soc_dynamics,true,2,312,MWh,11,10,previous_physical_hour
20260811_121452_stage_B_2C_4168a6e9,EQ-SOC-D017-H11-S02,equality,17,11,storage,2,soc_dynamics,true,3,313,MWh,11,10,previous_physical_hour
20260811_121452_stage_B_2C_4168a6e9,EQ-BAL-D017-H12,equality,17,12,system,0,hourly_power_balance,true,1,314,MW,12,NaN,
20260811_121452_stage_B_2C_4168a6e9,EQ-SOC-D017-H12-S01,equality,17,12,storage,1,soc_dynamics,true,2,315,MWh,12,11,previous_physical_hour
20260811_121452_stage_B_2C_4168a6e9,EQ-SOC-D017-H12-S02,equality,17,12,storage,2,soc_dynamics,true,3,316,MWh,12,11,previous_physical_hour
20260811_121452_stage_B_2C_4168a6e9,EQ-BAL-D017-H13,equality,17,13,system,0,hourly_power_balance,true,1,317,MW,13,NaN,
20260811_121452_stage_B_2C_4168a6e9,EQ-SOC-D017-H13-S01,equality,17,13,storage,1,soc_dynamics,true,2,318,MWh,13,12,previous_physical_hour
20260811_121452_stage_B_2C_4168a6e9,EQ-SOC-D017-H13-S02,equality,17,13,storage,2,soc_dynamics,true,3,319,MWh,13,12,previous_physical_hour
20260811_121452_stage_B_2C_4168a6e9,EQ-BAL-D017-H14,equality,17,14,system,0,hourly_power_balance,true,1,320,MW,14,NaN,
20260811_121452_stage_B_2C_4168a6e9,EQ-SOC-D017-H14-S01,equality,17,14,storage,1,soc_dynamics,true,2,321,MWh,14,13,previous_physical_hour
20260811_121452_stage_B_2C_4168a6e9,EQ-SOC-D017-H14-S02,equality,17,14,storage,2,soc_dynamics,true,3,322,MWh,14,13,previous_physical_hour
20260811_121452_stage_B_2C_4168a6e9,EQ-BAL-D017-H15,equality,17,15,system,0,hourly_power_balance,true,1,323,MW,15,NaN,
20260811_121452_stage_B_2C_4168a6e9,EQ-SOC-D017-H15-S01,equality,17,15,storage,1,soc_dynamics,true,2,324,MWh,15,14,previous_physical_hour
20260811_121452_stage_B_2C_4168a6e9,EQ-SOC-D017-H15-S02,equality,17,15,storage,2,soc_dynamics,true,3,325,MWh,15,14,previous_physical_hour
20260811_121452_stage_B_2C_4168a6e9,EQ-BAL-D017-H16,equality,17,16,system,0,hourly_power_balance,true,1,326,MW,16,NaN,
20260811_121452_stage_B_2C_4168a6e9,EQ-SOC-D017-H16-S01,equality,17,16,storage,1,soc_dynamics,true,2,327,MWh,16,15,previous_physical_hour
20260811_121452_stage_B_2C_4168a6e9,EQ-SOC-D017-H16-S02,equality,17,16,storage,2,soc_dynamics,true,3,328,MWh,16,15,previous_physical_hour
20260811_121452_stage_B_2C_4168a6e9,EQ-BAL-D017-H17,equality,17,17,system,0,hourly_power_balance,true,1,329,MW,17,NaN,
20260811_121452_stage_B_2C_4168a6e9,EQ-SOC-D017-H17-S01,equality,17,17,storage,1,soc_dynamics,true,2,330,MWh,17,16,previous_physical_hour
20260811_121452_stage_B_2C_4168a6e9,EQ-SOC-D017-H17-S02,equality,17,17,storage,2,soc_dynamics,true,3,331,MWh,17,16,previous_physical_hour
20260811_121452_stage_B_2C_4168a6e9,EQ-BAL-D017-H18,equality,17,18,system,0,hourly_power_balance,true,1,332,MW,18,NaN,
20260811_121452_stage_B_2C_4168a6e9,EQ-SOC-D017-H18-S01,equality,17,18,storage,1,soc_dynamics,true,2,333,MWh,18,17,previous_physical_hour
20260811_121452_stage_B_2C_4168a6e9,EQ-SOC-D017-H18-S02,equality,17,18,storage,2,soc_dynamics,true,3,334,MWh,18,17,previous_physical_hour
20260811_121452_stage_B_2C_4168a6e9,EQ-BAL-D017-H19,equality,17,19,system,0,hourly_power_balance,true,1,335,MW,19,NaN,
20260811_121452_stage_B_2C_4168a6e9,EQ-SOC-D017-H19-S01,equality,17,19,storage,1,soc_dynamics,true,2,336,MWh,19,18,previous_physical_hour
20260811_121452_stage_B_2C_4168a6e9,EQ-SOC-D017-H19-S02,equality,17,19,storage,2,soc_dynamics,true,3,337,MWh,19,18,previous_physical_hour
20260811_121452_stage_B_2C_4168a6e9,EQ-BAL-D017-H20,equality,17,20,system,0,hourly_power_balance,true,1,338,MW,20,NaN,
20260811_121452_stage_B_2C_4168a6e9,EQ-SOC-D017-H20-S01,equality,17,20,storage,1,soc_dynamics,true,2,339,MWh,20,19,previous_physical_hour
20260811_121452_stage_B_2C_4168a6e9,EQ-SOC-D017-H20-S02,equality,17,20,storage,2,soc_dynamics,true,3,340,MWh,20,19,previous_physical_hour
20260811_121452_stage_B_2C_4168a6e9,EQ-BAL-D017-H21,equality,17,21,system,0,hourly_power_balance,true,1,341,MW,21,NaN,
20260811_121452_stage_B_2C_4168a6e9,EQ-SOC-D017-H21-S01,equality,17,21,storage,1,soc_dynamics,true,2,342,MWh,21,20,previous_physical_hour
20260811_121452_stage_B_2C_4168a6e9,EQ-SOC-D017-H21-S02,equality,17,21,storage,2,soc_dynamics,true,3,343,MWh,21,20,previous_physical_hour
20260811_121452_stage_B_2C_4168a6e9,EQ-BAL-D017-H22,equality,17,22,system,0,hourly_power_balance,true,1,344,MW,22,NaN,
20260811_121452_stage_B_2C_4168a6e9,EQ-SOC-D017-H22-S01,equality,17,22,storage,1,soc_dynamics,true,2,345,MWh,22,21,previous_physical_hour
20260811_121452_stage_B_2C_4168a6e9,EQ-SOC-D017-H22-S02,equality,17,22,storage,2,soc_dynamics,true,3,346,MWh,22,21,previous_physical_hour
20260811_121452_stage_B_2C_4168a6e9,EQ-BAL-D017-H23,equality,17,23,system,0,hourly_power_balance,true,1,347,MW,23,NaN,
20260811_121452_stage_B_2C_4168a6e9,EQ-SOC-D017-H23-S01,equality,17,23,storage,1,soc_dynamics,true,2,348,MWh,23,22,previous_physical_hour
20260811_121452_stage_B_2C_4168a6e9,EQ-SOC-D017-H23-S02,equality,17,23,storage,2,soc_dynamics,true,3,349,MWh,23,22,previous_physical_hour
20260811_121452_stage_B_2C_4168a6e9,EQ-BAL-D017-H24,equality,17,24,system,0,hourly_power_balance,true,1,350,MW,24,NaN,
20260811_121452_stage_B_2C_4168a6e9,EQ-SOC-D017-H24-S01,equality,17,24,storage,1,soc_dynamics,true,2,351,MWh,24,23,previous_physical_hour
20260811_121452_stage_B_2C_4168a6e9,EQ-SOC-D017-H24-S02,equality,17,24,storage,2,soc_dynamics,true,3,352,MWh,24,23,previous_physical_hour
20260811_121452_stage_B_2C_4168a6e9,EQ-SOC-END-D017-S01,equality,17,24,storage,1,terminal_soc,true,4,353,MWh,24,NaN,formal_day_terminal_fixed_half_energy
20260811_121452_stage_B_2C_4168a6e9,EQ-SOC-END-D017-S02,equality,17,24,storage,2,terminal_soc,true,5,354,MWh,24,NaN,formal_day_terminal_fixed_half_energy
20260811_121452_stage_B_2C_4168a6e9,EQ-QBIND-D018-QW1,equality,18,0,wind_capacity,1,daily_capacity_binding,true,1,355,MW,0,NaN,
20260811_121452_stage_B_2C_4168a6e9,EQ-QBIND-D018-QW2,equality,18,0,wind_capacity,2,daily_capacity_binding,true,2,356,MW,0,NaN,
20260811_121452_stage_B_2C_4168a6e9,EQ-QBIND-D018-QW3,equality,18,0,wind_capacity,3,daily_capacity_binding,true,3,357,MW,0,NaN,
20260811_121452_stage_B_2C_4168a6e9,EQ-QBIND-D018-QW4,equality,18,0,wind_capacity,4,daily_capacity_binding,true,4,358,MW,0,NaN,
20260811_121452_stage_B_2C_4168a6e9,EQ-QBIND-D018-QW5,equality,18,0,wind_capacity,5,daily_capacity_binding,true,5,359,MW,0,NaN,
20260811_121452_stage_B_2C_4168a6e9,EQ-QBIND-D018-QP1,equality,18,0,solar_capacity,1,daily_capacity_binding,true,6,360,MW,0,NaN,
20260811_121452_stage_B_2C_4168a6e9,EQ-QBIND-D018-QP2,equality,18,0,solar_capacity,2,daily_capacity_binding,true,7,361,MW,0,NaN,
20260811_121452_stage_B_2C_4168a6e9,EQ-QBIND-D018-QP3,equality,18,0,solar_capacity,3,daily_capacity_binding,true,8,362,MW,0,NaN,
20260811_121452_stage_B_2C_4168a6e9,EQ-QBIND-D018-QP4,equality,18,0,solar_capacity,4,daily_capacity_binding,true,9,363,MW,0,NaN,
20260811_121452_stage_B_2C_4168a6e9,EQ-QBIND-D018-QP5,equality,18,0,solar_capacity,5,daily_capacity_binding,true,10,364,MW,0,NaN,
20260811_121452_stage_B_2C_4168a6e9,EQ-QBIND-D018-QS1,equality,18,0,storage_power_capacity,1,daily_capacity_binding,true,11,365,MW,0,NaN,
20260811_121452_stage_B_2C_4168a6e9,EQ-QBIND-D018-QS2,equality,18,0,storage_power_capacity,2,daily_capacity_binding,true,12,366,MW,0,NaN,
20260811_121452_stage_B_2C_4168a6e9,EQ-QBIND-D018-ES1,equality,18,0,storage_energy_capacity,1,daily_capacity_binding,true,13,367,MWh,0,NaN,
20260811_121452_stage_B_2C_4168a6e9,EQ-QBIND-D018-ES2,equality,18,0,storage_energy_capacity,2,daily_capacity_binding,true,14,368,MWh,0,NaN,
20260811_121452_stage_B_2C_4168a6e9,EQ-BAL-D018-H01,equality,18,1,system,0,hourly_power_balance,true,1,369,MW,1,NaN,
20260811_121452_stage_B_2C_4168a6e9,EQ-SOC-D018-H01-S01,equality,18,1,storage,1,soc_dynamics,true,2,370,MWh,1,NaN,formal_daily_fixed_half_energy
20260811_121452_stage_B_2C_4168a6e9,EQ-SOC-D018-H01-S02,equality,18,1,storage,2,soc_dynamics,true,3,371,MWh,1,NaN,formal_daily_fixed_half_energy
20260811_121452_stage_B_2C_4168a6e9,EQ-BAL-D018-H02,equality,18,2,system,0,hourly_power_balance,true,1,372,MW,2,NaN,
20260811_121452_stage_B_2C_4168a6e9,EQ-SOC-D018-H02-S01,equality,18,2,storage,1,soc_dynamics,true,2,373,MWh,2,1,previous_physical_hour
20260811_121452_stage_B_2C_4168a6e9,EQ-SOC-D018-H02-S02,equality,18,2,storage,2,soc_dynamics,true,3,374,MWh,2,1,previous_physical_hour
20260811_121452_stage_B_2C_4168a6e9,EQ-BAL-D018-H03,equality,18,3,system,0,hourly_power_balance,true,1,375,MW,3,NaN,
20260811_121452_stage_B_2C_4168a6e9,EQ-SOC-D018-H03-S01,equality,18,3,storage,1,soc_dynamics,true,2,376,MWh,3,2,previous_physical_hour
20260811_121452_stage_B_2C_4168a6e9,EQ-SOC-D018-H03-S02,equality,18,3,storage,2,soc_dynamics,true,3,377,MWh,3,2,previous_physical_hour
20260811_121452_stage_B_2C_4168a6e9,EQ-BAL-D018-H04,equality,18,4,system,0,hourly_power_balance,true,1,378,MW,4,NaN,
20260811_121452_stage_B_2C_4168a6e9,EQ-SOC-D018-H04-S01,equality,18,4,storage,1,soc_dynamics,true,2,379,MWh,4,3,previous_physical_hour
20260811_121452_stage_B_2C_4168a6e9,EQ-SOC-D018-H04-S02,equality,18,4,storage,2,soc_dynamics,true,3,380,MWh,4,3,previous_physical_hour
20260811_121452_stage_B_2C_4168a6e9,EQ-BAL-D018-H05,equality,18,5,system,0,hourly_power_balance,true,1,381,MW,5,NaN,
20260811_121452_stage_B_2C_4168a6e9,EQ-SOC-D018-H05-S01,equality,18,5,storage,1,soc_dynamics,true,2,382,MWh,5,4,previous_physical_hour
20260811_121452_stage_B_2C_4168a6e9,EQ-SOC-D018-H05-S02,equality,18,5,storage,2,soc_dynamics,true,3,383,MWh,5,4,previous_physical_hour
20260811_121452_stage_B_2C_4168a6e9,EQ-BAL-D018-H06,equality,18,6,system,0,hourly_power_balance,true,1,384,MW,6,NaN,
20260811_121452_stage_B_2C_4168a6e9,EQ-SOC-D018-H06-S01,equality,18,6,storage,1,soc_dynamics,true,2,385,MWh,6,5,previous_physical_hour
20260811_121452_stage_B_2C_4168a6e9,EQ-SOC-D018-H06-S02,equality,18,6,storage,2,soc_dynamics,true,3,386,MWh,6,5,previous_physical_hour
20260811_121452_stage_B_2C_4168a6e9,EQ-BAL-D018-H07,equality,18,7,system,0,hourly_power_balance,true,1,387,MW,7,NaN,
20260811_121452_stage_B_2C_4168a6e9,EQ-SOC-D018-H07-S01,equality,18,7,storage,1,soc_dynamics,true,2,388,MWh,7,6,previous_physical_hour
20260811_121452_stage_B_2C_4168a6e9,EQ-SOC-D018-H07-S02,equality,18,7,storage,2,soc_dynamics,true,3,389,MWh,7,6,previous_physical_hour
20260811_121452_stage_B_2C_4168a6e9,EQ-BAL-D018-H08,equality,18,8,system,0,hourly_power_balance,true,1,390,MW,8,NaN,
20260811_121452_stage_B_2C_4168a6e9,EQ-SOC-D018-H08-S01,equality,18,8,storage,1,soc_dynamics,true,2,391,MWh,8,7,previous_physical_hour
20260811_121452_stage_B_2C_4168a6e9,EQ-SOC-D018-H08-S02,equality,18,8,storage,2,soc_dynamics,true,3,392,MWh,8,7,previous_physical_hour
20260811_121452_stage_B_2C_4168a6e9,EQ-BAL-D018-H09,equality,18,9,system,0,hourly_power_balance,true,1,393,MW,9,NaN,
20260811_121452_stage_B_2C_4168a6e9,EQ-SOC-D018-H09-S01,equality,18,9,storage,1,soc_dynamics,true,2,394,MWh,9,8,previous_physical_hour
20260811_121452_stage_B_2C_4168a6e9,EQ-SOC-D018-H09-S02,equality,18,9,storage,2,soc_dynamics,true,3,395,MWh,9,8,previous_physical_hour
20260811_121452_stage_B_2C_4168a6e9,EQ-BAL-D018-H10,equality,18,10,system,0,hourly_power_balance,true,1,396,MW,10,NaN,
20260811_121452_stage_B_2C_4168a6e9,EQ-SOC-D018-H10-S01,equality,18,10,storage,1,soc_dynamics,true,2,397,MWh,10,9,previous_physical_hour
20260811_121452_stage_B_2C_4168a6e9,EQ-SOC-D018-H10-S02,equality,18,10,storage,2,soc_dynamics,true,3,398,MWh,10,9,previous_physical_hour
20260811_121452_stage_B_2C_4168a6e9,EQ-BAL-D018-H11,equality,18,11,system,0,hourly_power_balance,true,1,399,MW,11,NaN,
20260811_121452_stage_B_2C_4168a6e9,EQ-SOC-D018-H11-S01,equality,18,11,storage,1,soc_dynamics,true,2,400,MWh,11,10,previous_physical_hour
20260811_121452_stage_B_2C_4168a6e9,EQ-SOC-D018-H11-S02,equality,18,11,storage,2,soc_dynamics,true,3,401,MWh,11,10,previous_physical_hour
20260811_121452_stage_B_2C_4168a6e9,EQ-BAL-D018-H12,equality,18,12,system,0,hourly_power_balance,true,1,402,MW,12,NaN,
20260811_121452_stage_B_2C_4168a6e9,EQ-SOC-D018-H12-S01,equality,18,12,storage,1,soc_dynamics,true,2,403,MWh,12,11,previous_physical_hour
20260811_121452_stage_B_2C_4168a6e9,EQ-SOC-D018-H12-S02,equality,18,12,storage,2,soc_dynamics,true,3,404,MWh,12,11,previous_physical_hour
20260811_121452_stage_B_2C_4168a6e9,EQ-BAL-D018-H13,equality,18,13,system,0,hourly_power_balance,true,1,405,MW,13,NaN,
20260811_121452_stage_B_2C_4168a6e9,EQ-SOC-D018-H13-S01,equality,18,13,storage,1,soc_dynamics,true,2,406,MWh,13,12,previous_physical_hour
20260811_121452_stage_B_2C_4168a6e9,EQ-SOC-D018-H13-S02,equality,18,13,storage,2,soc_dynamics,true,3,407,MWh,13,12,previous_physical_hour
20260811_121452_stage_B_2C_4168a6e9,EQ-BAL-D018-H14,equality,18,14,system,0,hourly_power_balance,true,1,408,MW,14,NaN,
20260811_121452_stage_B_2C_4168a6e9,EQ-SOC-D018-H14-S01,equality,18,14,storage,1,soc_dynamics,true,2,409,MWh,14,13,previous_physical_hour
20260811_121452_stage_B_2C_4168a6e9,EQ-SOC-D018-H14-S02,equality,18,14,storage,2,soc_dynamics,true,3,410,MWh,14,13,previous_physical_hour
20260811_121452_stage_B_2C_4168a6e9,EQ-BAL-D018-H15,equality,18,15,system,0,hourly_power_balance,true,1,411,MW,15,NaN,
20260811_121452_stage_B_2C_4168a6e9,EQ-SOC-D018-H15-S01,equality,18,15,storage,1,soc_dynamics,true,2,412,MWh,15,14,previous_physical_hour
20260811_121452_stage_B_2C_4168a6e9,EQ-SOC-D018-H15-S02,equality,18,15,storage,2,soc_dynamics,true,3,413,MWh,15,14,previous_physical_hour
20260811_121452_stage_B_2C_4168a6e9,EQ-BAL-D018-H16,equality,18,16,system,0,hourly_power_balance,true,1,414,MW,16,NaN,
20260811_121452_stage_B_2C_4168a6e9,EQ-SOC-D018-H16-S01,equality,18,16,storage,1,soc_dynamics,true,2,415,MWh,16,15,previous_physical_hour
20260811_121452_stage_B_2C_4168a6e9,EQ-SOC-D018-H16-S02,equality,18,16,storage,2,soc_dynamics,true,3,416,MWh,16,15,previous_physical_hour
20260811_121452_stage_B_2C_4168a6e9,EQ-BAL-D018-H17,equality,18,17,system,0,hourly_power_balance,true,1,417,MW,17,NaN,
20260811_121452_stage_B_2C_4168a6e9,EQ-SOC-D018-H17-S01,equality,18,17,storage,1,soc_dynamics,true,2,418,MWh,17,16,previous_physical_hour
20260811_121452_stage_B_2C_4168a6e9,EQ-SOC-D018-H17-S02,equality,18,17,storage,2,soc_dynamics,true,3,419,MWh,17,16,previous_physical_hour
20260811_121452_stage_B_2C_4168a6e9,EQ-BAL-D018-H18,equality,18,18,system,0,hourly_power_balance,true,1,420,MW,18,NaN,
20260811_121452_stage_B_2C_4168a6e9,EQ-SOC-D018-H18-S01,equality,18,18,storage,1,soc_dynamics,true,2,421,MWh,18,17,previous_physical_hour
20260811_121452_stage_B_2C_4168a6e9,EQ-SOC-D018-H18-S02,equality,18,18,storage,2,soc_dynamics,true,3,422,MWh,18,17,previous_physical_hour
20260811_121452_stage_B_2C_4168a6e9,EQ-BAL-D018-H19,equality,18,19,system,0,hourly_power_balance,true,1,423,MW,19,NaN,
20260811_121452_stage_B_2C_4168a6e9,EQ-SOC-D018-H19-S01,equality,18,19,storage,1,soc_dynamics,true,2,424,MWh,19,18,previous_physical_hour
20260811_121452_stage_B_2C_4168a6e9,EQ-SOC-D018-H19-S02,equality,18,19,storage,2,soc_dynamics,true,3,425,MWh,19,18,previous_physical_hour
20260811_121452_stage_B_2C_4168a6e9,EQ-BAL-D018-H20,equality,18,20,system,0,hourly_power_balance,true,1,426,MW,20,NaN,
20260811_121452_stage_B_2C_4168a6e9,EQ-SOC-D018-H20-S01,equality,18,20,storage,1,soc_dynamics,true,2,427,MWh,20,19,previous_physical_hour
20260811_121452_stage_B_2C_4168a6e9,EQ-SOC-D018-H20-S02,equality,18,20,storage,2,soc_dynamics,true,3,428,MWh,20,19,previous_physical_hour
20260811_121452_stage_B_2C_4168a6e9,EQ-BAL-D018-H21,equality,18,21,system,0,hourly_power_balance,true,1,429,MW,21,NaN,
20260811_121452_stage_B_2C_4168a6e9,EQ-SOC-D018-H21-S01,equality,18,21,storage,1,soc_dynamics,true,2,430,MWh,21,20,previous_physical_hour
20260811_121452_stage_B_2C_4168a6e9,EQ-SOC-D018-H21-S02,equality,18,21,storage,2,soc_dynamics,true,3,431,MWh,21,20,previous_physical_hour
20260811_121452_stage_B_2C_4168a6e9,EQ-BAL-D018-H22,equality,18,22,system,0,hourly_power_balance,true,1,432,MW,22,NaN,
20260811_121452_stage_B_2C_4168a6e9,EQ-SOC-D018-H22-S01,equality,18,22,storage,1,soc_dynamics,true,2,433,MWh,22,21,previous_physical_hour
20260811_121452_stage_B_2C_4168a6e9,EQ-SOC-D018-H22-S02,equality,18,22,storage,2,soc_dynamics,true,3,434,MWh,22,21,previous_physical_hour
20260811_121452_stage_B_2C_4168a6e9,EQ-BAL-D018-H23,equality,18,23,system,0,hourly_power_balance,true,1,435,MW,23,NaN,
20260811_121452_stage_B_2C_4168a6e9,EQ-SOC-D018-H23-S01,equality,18,23,storage,1,soc_dynamics,true,2,436,MWh,23,22,previous_physical_hour
20260811_121452_stage_B_2C_4168a6e9,EQ-SOC-D018-H23-S02,equality,18,23,storage,2,soc_dynamics,true,3,437,MWh,23,22,previous_physical_hour
20260811_121452_stage_B_2C_4168a6e9,EQ-BAL-D018-H24,equality,18,24,system,0,hourly_power_balance,true,1,438,MW,24,NaN,
20260811_121452_stage_B_2C_4168a6e9,EQ-SOC-D018-H24-S01,equality,18,24,storage,1,soc_dynamics,true,2,439,MWh,24,23,previous_physical_hour
20260811_121452_stage_B_2C_4168a6e9,EQ-SOC-D018-H24-S02,equality,18,24,storage,2,soc_dynamics,true,3,440,MWh,24,23,previous_physical_hour
20260811_121452_stage_B_2C_4168a6e9,EQ-SOC-END-D018-S01,equality,18,24,storage,1,terminal_soc,true,4,441,MWh,24,NaN,formal_day_terminal_fixed_half_energy
20260811_121452_stage_B_2C_4168a6e9,EQ-SOC-END-D018-S02,equality,18,24,storage,2,terminal_soc,true,5,442,MWh,24,NaN,formal_day_terminal_fixed_half_energy
20260811_121452_stage_B_2C_4168a6e9,EQ-QBIND-D019-QW1,equality,19,0,wind_capacity,1,daily_capacity_binding,true,1,443,MW,0,NaN,
20260811_121452_stage_B_2C_4168a6e9,EQ-QBIND-D019-QW2,equality,19,0,wind_capacity,2,daily_capacity_binding,true,2,444,MW,0,NaN,
20260811_121452_stage_B_2C_4168a6e9,EQ-QBIND-D019-QW3,equality,19,0,wind_capacity,3,daily_capacity_binding,true,3,445,MW,0,NaN,
20260811_121452_stage_B_2C_4168a6e9,EQ-QBIND-D019-QW4,equality,19,0,wind_capacity,4,daily_capacity_binding,true,4,446,MW,0,NaN,
20260811_121452_stage_B_2C_4168a6e9,EQ-QBIND-D019-QW5,equality,19,0,wind_capacity,5,daily_capacity_binding,true,5,447,MW,0,NaN,
20260811_121452_stage_B_2C_4168a6e9,EQ-QBIND-D019-QP1,equality,19,0,solar_capacity,1,daily_capacity_binding,true,6,448,MW,0,NaN,
20260811_121452_stage_B_2C_4168a6e9,EQ-QBIND-D019-QP2,equality,19,0,solar_capacity,2,daily_capacity_binding,true,7,449,MW,0,NaN,
20260811_121452_stage_B_2C_4168a6e9,EQ-QBIND-D019-QP3,equality,19,0,solar_capacity,3,daily_capacity_binding,true,8,450,MW,0,NaN,
20260811_121452_stage_B_2C_4168a6e9,EQ-QBIND-D019-QP4,equality,19,0,solar_capacity,4,daily_capacity_binding,true,9,451,MW,0,NaN,
20260811_121452_stage_B_2C_4168a6e9,EQ-QBIND-D019-QP5,equality,19,0,solar_capacity,5,daily_capacity_binding,true,10,452,MW,0,NaN,
20260811_121452_stage_B_2C_4168a6e9,EQ-QBIND-D019-QS1,equality,19,0,storage_power_capacity,1,daily_capacity_binding,true,11,453,MW,0,NaN,
20260811_121452_stage_B_2C_4168a6e9,EQ-QBIND-D019-QS2,equality,19,0,storage_power_capacity,2,daily_capacity_binding,true,12,454,MW,0,NaN,
20260811_121452_stage_B_2C_4168a6e9,EQ-QBIND-D019-ES1,equality,19,0,storage_energy_capacity,1,daily_capacity_binding,true,13,455,MWh,0,NaN,
20260811_121452_stage_B_2C_4168a6e9,EQ-QBIND-D019-ES2,equality,19,0,storage_energy_capacity,2,daily_capacity_binding,true,14,456,MWh,0,NaN,
20260811_121452_stage_B_2C_4168a6e9,EQ-BAL-D019-H01,equality,19,1,system,0,hourly_power_balance,true,1,457,MW,1,NaN,
20260811_121452_stage_B_2C_4168a6e9,EQ-SOC-D019-H01-S01,equality,19,1,storage,1,soc_dynamics,true,2,458,MWh,1,NaN,formal_daily_fixed_half_energy
20260811_121452_stage_B_2C_4168a6e9,EQ-SOC-D019-H01-S02,equality,19,1,storage,2,soc_dynamics,true,3,459,MWh,1,NaN,formal_daily_fixed_half_energy
20260811_121452_stage_B_2C_4168a6e9,EQ-BAL-D019-H02,equality,19,2,system,0,hourly_power_balance,true,1,460,MW,2,NaN,
20260811_121452_stage_B_2C_4168a6e9,EQ-SOC-D019-H02-S01,equality,19,2,storage,1,soc_dynamics,true,2,461,MWh,2,1,previous_physical_hour
20260811_121452_stage_B_2C_4168a6e9,EQ-SOC-D019-H02-S02,equality,19,2,storage,2,soc_dynamics,true,3,462,MWh,2,1,previous_physical_hour
20260811_121452_stage_B_2C_4168a6e9,EQ-BAL-D019-H03,equality,19,3,system,0,hourly_power_balance,true,1,463,MW,3,NaN,
20260811_121452_stage_B_2C_4168a6e9,EQ-SOC-D019-H03-S01,equality,19,3,storage,1,soc_dynamics,true,2,464,MWh,3,2,previous_physical_hour
20260811_121452_stage_B_2C_4168a6e9,EQ-SOC-D019-H03-S02,equality,19,3,storage,2,soc_dynamics,true,3,465,MWh,3,2,previous_physical_hour
20260811_121452_stage_B_2C_4168a6e9,EQ-BAL-D019-H04,equality,19,4,system,0,hourly_power_balance,true,1,466,MW,4,NaN,
20260811_121452_stage_B_2C_4168a6e9,EQ-SOC-D019-H04-S01,equality,19,4,storage,1,soc_dynamics,true,2,467,MWh,4,3,previous_physical_hour
20260811_121452_stage_B_2C_4168a6e9,EQ-SOC-D019-H04-S02,equality,19,4,storage,2,soc_dynamics,true,3,468,MWh,4,3,previous_physical_hour
20260811_121452_stage_B_2C_4168a6e9,EQ-BAL-D019-H05,equality,19,5,system,0,hourly_power_balance,true,1,469,MW,5,NaN,
20260811_121452_stage_B_2C_4168a6e9,EQ-SOC-D019-H05-S01,equality,19,5,storage,1,soc_dynamics,true,2,470,MWh,5,4,previous_physical_hour
20260811_121452_stage_B_2C_4168a6e9,EQ-SOC-D019-H05-S02,equality,19,5,storage,2,soc_dynamics,true,3,471,MWh,5,4,previous_physical_hour
20260811_121452_stage_B_2C_4168a6e9,EQ-BAL-D019-H06,equality,19,6,system,0,hourly_power_balance,true,1,472,MW,6,NaN,
20260811_121452_stage_B_2C_4168a6e9,EQ-SOC-D019-H06-S01,equality,19,6,storage,1,soc_dynamics,true,2,473,MWh,6,5,previous_physical_hour
20260811_121452_stage_B_2C_4168a6e9,EQ-SOC-D019-H06-S02,equality,19,6,storage,2,soc_dynamics,true,3,474,MWh,6,5,previous_physical_hour
20260811_121452_stage_B_2C_4168a6e9,EQ-BAL-D019-H07,equality,19,7,system,0,hourly_power_balance,true,1,475,MW,7,NaN,
20260811_121452_stage_B_2C_4168a6e9,EQ-SOC-D019-H07-S01,equality,19,7,storage,1,soc_dynamics,true,2,476,MWh,7,6,previous_physical_hour
20260811_121452_stage_B_2C_4168a6e9,EQ-SOC-D019-H07-S02,equality,19,7,storage,2,soc_dynamics,true,3,477,MWh,7,6,previous_physical_hour
20260811_121452_stage_B_2C_4168a6e9,EQ-BAL-D019-H08,equality,19,8,system,0,hourly_power_balance,true,1,478,MW,8,NaN,
20260811_121452_stage_B_2C_4168a6e9,EQ-SOC-D019-H08-S01,equality,19,8,storage,1,soc_dynamics,true,2,479,MWh,8,7,previous_physical_hour
20260811_121452_stage_B_2C_4168a6e9,EQ-SOC-D019-H08-S02,equality,19,8,storage,2,soc_dynamics,true,3,480,MWh,8,7,previous_physical_hour
20260811_121452_stage_B_2C_4168a6e9,EQ-BAL-D019-H09,equality,19,9,system,0,hourly_power_balance,true,1,481,MW,9,NaN,
20260811_121452_stage_B_2C_4168a6e9,EQ-SOC-D019-H09-S01,equality,19,9,storage,1,soc_dynamics,true,2,482,MWh,9,8,previous_physical_hour
20260811_121452_stage_B_2C_4168a6e9,EQ-SOC-D019-H09-S02,equality,19,9,storage,2,soc_dynamics,true,3,483,MWh,9,8,previous_physical_hour
20260811_121452_stage_B_2C_4168a6e9,EQ-BAL-D019-H10,equality,19,10,system,0,hourly_power_balance,true,1,484,MW,10,NaN,
20260811_121452_stage_B_2C_4168a6e9,EQ-SOC-D019-H10-S01,equality,19,10,storage,1,soc_dynamics,true,2,485,MWh,10,9,previous_physical_hour
20260811_121452_stage_B_2C_4168a6e9,EQ-SOC-D019-H10-S02,equality,19,10,storage,2,soc_dynamics,true,3,486,MWh,10,9,previous_physical_hour
20260811_121452_stage_B_2C_4168a6e9,EQ-BAL-D019-H11,equality,19,11,system,0,hourly_power_balance,true,1,487,MW,11,NaN,
20260811_121452_stage_B_2C_4168a6e9,EQ-SOC-D019-H11-S01,equality,19,11,storage,1,soc_dynamics,true,2,488,MWh,11,10,previous_physical_hour
20260811_121452_stage_B_2C_4168a6e9,EQ-SOC-D019-H11-S02,equality,19,11,storage,2,soc_dynamics,true,3,489,MWh,11,10,previous_physical_hour
20260811_121452_stage_B_2C_4168a6e9,EQ-BAL-D019-H12,equality,19,12,system,0,hourly_power_balance,true,1,490,MW,12,NaN,
20260811_121452_stage_B_2C_4168a6e9,EQ-SOC-D019-H12-S01,equality,19,12,storage,1,soc_dynamics,true,2,491,MWh,12,11,previous_physical_hour
20260811_121452_stage_B_2C_4168a6e9,EQ-SOC-D019-H12-S02,equality,19,12,storage,2,soc_dynamics,true,3,492,MWh,12,11,previous_physical_hour
20260811_121452_stage_B_2C_4168a6e9,EQ-BAL-D019-H13,equality,19,13,system,0,hourly_power_balance,true,1,493,MW,13,NaN,
20260811_121452_stage_B_2C_4168a6e9,EQ-SOC-D019-H13-S01,equality,19,13,storage,1,soc_dynamics,true,2,494,MWh,13,12,previous_physical_hour
20260811_121452_stage_B_2C_4168a6e9,EQ-SOC-D019-H13-S02,equality,19,13,storage,2,soc_dynamics,true,3,495,MWh,13,12,previous_physical_hour
20260811_121452_stage_B_2C_4168a6e9,EQ-BAL-D019-H14,equality,19,14,system,0,hourly_power_balance,true,1,496,MW,14,NaN,
20260811_121452_stage_B_2C_4168a6e9,EQ-SOC-D019-H14-S01,equality,19,14,storage,1,soc_dynamics,true,2,497,MWh,14,13,previous_physical_hour
20260811_121452_stage_B_2C_4168a6e9,EQ-SOC-D019-H14-S02,equality,19,14,storage,2,soc_dynamics,true,3,498,MWh,14,13,previous_physical_hour
20260811_121452_stage_B_2C_4168a6e9,EQ-BAL-D019-H15,equality,19,15,system,0,hourly_power_balance,true,1,499,MW,15,NaN,
20260811_121452_stage_B_2C_4168a6e9,EQ-SOC-D019-H15-S01,equality,19,15,storage,1,soc_dynamics,true,2,500,MWh,15,14,previous_physical_hour
20260811_121452_stage_B_2C_4168a6e9,EQ-SOC-D019-H15-S02,equality,19,15,storage,2,soc_dynamics,true,3,501,MWh,15,14,previous_physical_hour
20260811_121452_stage_B_2C_4168a6e9,EQ-BAL-D019-H16,equality,19,16,system,0,hourly_power_balance,true,1,502,MW,16,NaN,
20260811_121452_stage_B_2C_4168a6e9,EQ-SOC-D019-H16-S01,equality,19,16,storage,1,soc_dynamics,true,2,503,MWh,16,15,previous_physical_hour
20260811_121452_stage_B_2C_4168a6e9,EQ-SOC-D019-H16-S02,equality,19,16,storage,2,soc_dynamics,true,3,504,MWh,16,15,previous_physical_hour
20260811_121452_stage_B_2C_4168a6e9,EQ-BAL-D019-H17,equality,19,17,system,0,hourly_power_balance,true,1,505,MW,17,NaN,
20260811_121452_stage_B_2C_4168a6e9,EQ-SOC-D019-H17-S01,equality,19,17,storage,1,soc_dynamics,true,2,506,MWh,17,16,previous_physical_hour
20260811_121452_stage_B_2C_4168a6e9,EQ-SOC-D019-H17-S02,equality,19,17,storage,2,soc_dynamics,true,3,507,MWh,17,16,previous_physical_hour
20260811_121452_stage_B_2C_4168a6e9,EQ-BAL-D019-H18,equality,19,18,system,0,hourly_power_balance,true,1,508,MW,18,NaN,
20260811_121452_stage_B_2C_4168a6e9,EQ-SOC-D019-H18-S01,equality,19,18,storage,1,soc_dynamics,true,2,509,MWh,18,17,previous_physical_hour
20260811_121452_stage_B_2C_4168a6e9,EQ-SOC-D019-H18-S02,equality,19,18,storage,2,soc_dynamics,true,3,510,MWh,18,17,previous_physical_hour
20260811_121452_stage_B_2C_4168a6e9,EQ-BAL-D019-H19,equality,19,19,system,0,hourly_power_balance,true,1,511,MW,19,NaN,
20260811_121452_stage_B_2C_4168a6e9,EQ-SOC-D019-H19-S01,equality,19,19,storage,1,soc_dynamics,true,2,512,MWh,19,18,previous_physical_hour
20260811_121452_stage_B_2C_4168a6e9,EQ-SOC-D019-H19-S02,equality,19,19,storage,2,soc_dynamics,true,3,513,MWh,19,18,previous_physical_hour
20260811_121452_stage_B_2C_4168a6e9,EQ-BAL-D019-H20,equality,19,20,system,0,hourly_power_balance,true,1,514,MW,20,NaN,
20260811_121452_stage_B_2C_4168a6e9,EQ-SOC-D019-H20-S01,equality,19,20,storage,1,soc_dynamics,true,2,515,MWh,20,19,previous_physical_hour
20260811_121452_stage_B_2C_4168a6e9,EQ-SOC-D019-H20-S02,equality,19,20,storage,2,soc_dynamics,true,3,516,MWh,20,19,previous_physical_hour
20260811_121452_stage_B_2C_4168a6e9,EQ-BAL-D019-H21,equality,19,21,system,0,hourly_power_balance,true,1,517,MW,21,NaN,
20260811_121452_stage_B_2C_4168a6e9,EQ-SOC-D019-H21-S01,equality,19,21,storage,1,soc_dynamics,true,2,518,MWh,21,20,previous_physical_hour
20260811_121452_stage_B_2C_4168a6e9,EQ-SOC-D019-H21-S02,equality,19,21,storage,2,soc_dynamics,true,3,519,MWh,21,20,previous_physical_hour
20260811_121452_stage_B_2C_4168a6e9,EQ-BAL-D019-H22,equality,19,22,system,0,hourly_power_balance,true,1,520,MW,22,NaN,
20260811_121452_stage_B_2C_4168a6e9,EQ-SOC-D019-H22-S01,equality,19,22,storage,1,soc_dynamics,true,2,521,MWh,22,21,previous_physical_hour
20260811_121452_stage_B_2C_4168a6e9,EQ-SOC-D019-H22-S02,equality,19,22,storage,2,soc_dynamics,true,3,522,MWh,22,21,previous_physical_hour
20260811_121452_stage_B_2C_4168a6e9,EQ-BAL-D019-H23,equality,19,23,system,0,hourly_power_balance,true,1,523,MW,23,NaN,
20260811_121452_stage_B_2C_4168a6e9,EQ-SOC-D019-H23-S01,equality,19,23,storage,1,soc_dynamics,true,2,524,MWh,23,22,previous_physical_hour
20260811_121452_stage_B_2C_4168a6e9,EQ-SOC-D019-H23-S02,equality,19,23,storage,2,soc_dynamics,true,3,525,MWh,23,22,previous_physical_hour
20260811_121452_stage_B_2C_4168a6e9,EQ-BAL-D019-H24,equality,19,24,system,0,hourly_power_balance,true,1,526,MW,24,NaN,
20260811_121452_stage_B_2C_4168a6e9,EQ-SOC-D019-H24-S01,equality,19,24,storage,1,soc_dynamics,true,2,527,MWh,24,23,previous_physical_hour
20260811_121452_stage_B_2C_4168a6e9,EQ-SOC-D019-H24-S02,equality,19,24,storage,2,soc_dynamics,true,3,528,MWh,24,23,previous_physical_hour
20260811_121452_stage_B_2C_4168a6e9,EQ-SOC-END-D019-S01,equality,19,24,storage,1,terminal_soc,true,4,529,MWh,24,NaN,formal_day_terminal_fixed_half_energy
20260811_121452_stage_B_2C_4168a6e9,EQ-SOC-END-D019-S02,equality,19,24,storage,2,terminal_soc,true,5,530,MWh,24,NaN,formal_day_terminal_fixed_half_energy
20260811_121452_stage_B_2C_4168a6e9,EQ-QBIND-D020-QW1,equality,20,0,wind_capacity,1,daily_capacity_binding,true,1,531,MW,0,NaN,
20260811_121452_stage_B_2C_4168a6e9,EQ-QBIND-D020-QW2,equality,20,0,wind_capacity,2,daily_capacity_binding,true,2,532,MW,0,NaN,
20260811_121452_stage_B_2C_4168a6e9,EQ-QBIND-D020-QW3,equality,20,0,wind_capacity,3,daily_capacity_binding,true,3,533,MW,0,NaN,
20260811_121452_stage_B_2C_4168a6e9,EQ-QBIND-D020-QW4,equality,20,0,wind_capacity,4,daily_capacity_binding,true,4,534,MW,0,NaN,
20260811_121452_stage_B_2C_4168a6e9,EQ-QBIND-D020-QW5,equality,20,0,wind_capacity,5,daily_capacity_binding,true,5,535,MW,0,NaN,
20260811_121452_stage_B_2C_4168a6e9,EQ-QBIND-D020-QP1,equality,20,0,solar_capacity,1,daily_capacity_binding,true,6,536,MW,0,NaN,
20260811_121452_stage_B_2C_4168a6e9,EQ-QBIND-D020-QP2,equality,20,0,solar_capacity,2,daily_capacity_binding,true,7,537,MW,0,NaN,
20260811_121452_stage_B_2C_4168a6e9,EQ-QBIND-D020-QP3,equality,20,0,solar_capacity,3,daily_capacity_binding,true,8,538,MW,0,NaN,
20260811_121452_stage_B_2C_4168a6e9,EQ-QBIND-D020-QP4,equality,20,0,solar_capacity,4,daily_capacity_binding,true,9,539,MW,0,NaN,
20260811_121452_stage_B_2C_4168a6e9,EQ-QBIND-D020-QP5,equality,20,0,solar_capacity,5,daily_capacity_binding,true,10,540,MW,0,NaN,
20260811_121452_stage_B_2C_4168a6e9,EQ-QBIND-D020-QS1,equality,20,0,storage_power_capacity,1,daily_capacity_binding,true,11,541,MW,0,NaN,
20260811_121452_stage_B_2C_4168a6e9,EQ-QBIND-D020-QS2,equality,20,0,storage_power_capacity,2,daily_capacity_binding,true,12,542,MW,0,NaN,
20260811_121452_stage_B_2C_4168a6e9,EQ-QBIND-D020-ES1,equality,20,0,storage_energy_capacity,1,daily_capacity_binding,true,13,543,MWh,0,NaN,
20260811_121452_stage_B_2C_4168a6e9,EQ-QBIND-D020-ES2,equality,20,0,storage_energy_capacity,2,daily_capacity_binding,true,14,544,MWh,0,NaN,
20260811_121452_stage_B_2C_4168a6e9,EQ-BAL-D020-H01,equality,20,1,system,0,hourly_power_balance,true,1,545,MW,1,NaN,
20260811_121452_stage_B_2C_4168a6e9,EQ-SOC-D020-H01-S01,equality,20,1,storage,1,soc_dynamics,true,2,546,MWh,1,NaN,formal_daily_fixed_half_energy
20260811_121452_stage_B_2C_4168a6e9,EQ-SOC-D020-H01-S02,equality,20,1,storage,2,soc_dynamics,true,3,547,MWh,1,NaN,formal_daily_fixed_half_energy
20260811_121452_stage_B_2C_4168a6e9,EQ-BAL-D020-H02,equality,20,2,system,0,hourly_power_balance,true,1,548,MW,2,NaN,
20260811_121452_stage_B_2C_4168a6e9,EQ-SOC-D020-H02-S01,equality,20,2,storage,1,soc_dynamics,true,2,549,MWh,2,1,previous_physical_hour
20260811_121452_stage_B_2C_4168a6e9,EQ-SOC-D020-H02-S02,equality,20,2,storage,2,soc_dynamics,true,3,550,MWh,2,1,previous_physical_hour
20260811_121452_stage_B_2C_4168a6e9,EQ-BAL-D020-H03,equality,20,3,system,0,hourly_power_balance,true,1,551,MW,3,NaN,
20260811_121452_stage_B_2C_4168a6e9,EQ-SOC-D020-H03-S01,equality,20,3,storage,1,soc_dynamics,true,2,552,MWh,3,2,previous_physical_hour
20260811_121452_stage_B_2C_4168a6e9,EQ-SOC-D020-H03-S02,equality,20,3,storage,2,soc_dynamics,true,3,553,MWh,3,2,previous_physical_hour
20260811_121452_stage_B_2C_4168a6e9,EQ-BAL-D020-H04,equality,20,4,system,0,hourly_power_balance,true,1,554,MW,4,NaN,
20260811_121452_stage_B_2C_4168a6e9,EQ-SOC-D020-H04-S01,equality,20,4,storage,1,soc_dynamics,true,2,555,MWh,4,3,previous_physical_hour
20260811_121452_stage_B_2C_4168a6e9,EQ-SOC-D020-H04-S02,equality,20,4,storage,2,soc_dynamics,true,3,556,MWh,4,3,previous_physical_hour
20260811_121452_stage_B_2C_4168a6e9,EQ-BAL-D020-H05,equality,20,5,system,0,hourly_power_balance,true,1,557,MW,5,NaN,
20260811_121452_stage_B_2C_4168a6e9,EQ-SOC-D020-H05-S01,equality,20,5,storage,1,soc_dynamics,true,2,558,MWh,5,4,previous_physical_hour
20260811_121452_stage_B_2C_4168a6e9,EQ-SOC-D020-H05-S02,equality,20,5,storage,2,soc_dynamics,true,3,559,MWh,5,4,previous_physical_hour
20260811_121452_stage_B_2C_4168a6e9,EQ-BAL-D020-H06,equality,20,6,system,0,hourly_power_balance,true,1,560,MW,6,NaN,
20260811_121452_stage_B_2C_4168a6e9,EQ-SOC-D020-H06-S01,equality,20,6,storage,1,soc_dynamics,true,2,561,MWh,6,5,previous_physical_hour
20260811_121452_stage_B_2C_4168a6e9,EQ-SOC-D020-H06-S02,equality,20,6,storage,2,soc_dynamics,true,3,562,MWh,6,5,previous_physical_hour
20260811_121452_stage_B_2C_4168a6e9,EQ-BAL-D020-H07,equality,20,7,system,0,hourly_power_balance,true,1,563,MW,7,NaN,
20260811_121452_stage_B_2C_4168a6e9,EQ-SOC-D020-H07-S01,equality,20,7,storage,1,soc_dynamics,true,2,564,MWh,7,6,previous_physical_hour
20260811_121452_stage_B_2C_4168a6e9,EQ-SOC-D020-H07-S02,equality,20,7,storage,2,soc_dynamics,true,3,565,MWh,7,6,previous_physical_hour
20260811_121452_stage_B_2C_4168a6e9,EQ-BAL-D020-H08,equality,20,8,system,0,hourly_power_balance,true,1,566,MW,8,NaN,
20260811_121452_stage_B_2C_4168a6e9,EQ-SOC-D020-H08-S01,equality,20,8,storage,1,soc_dynamics,true,2,567,MWh,8,7,previous_physical_hour
20260811_121452_stage_B_2C_4168a6e9,EQ-SOC-D020-H08-S02,equality,20,8,storage,2,soc_dynamics,true,3,568,MWh,8,7,previous_physical_hour
20260811_121452_stage_B_2C_4168a6e9,EQ-BAL-D020-H09,equality,20,9,system,0,hourly_power_balance,true,1,569,MW,9,NaN,
20260811_121452_stage_B_2C_4168a6e9,EQ-SOC-D020-H09-S01,equality,20,9,storage,1,soc_dynamics,true,2,570,MWh,9,8,previous_physical_hour
20260811_121452_stage_B_2C_4168a6e9,EQ-SOC-D020-H09-S02,equality,20,9,storage,2,soc_dynamics,true,3,571,MWh,9,8,previous_physical_hour
20260811_121452_stage_B_2C_4168a6e9,EQ-BAL-D020-H10,equality,20,10,system,0,hourly_power_balance,true,1,572,MW,10,NaN,
20260811_121452_stage_B_2C_4168a6e9,EQ-SOC-D020-H10-S01,equality,20,10,storage,1,soc_dynamics,true,2,573,MWh,10,9,previous_physical_hour
20260811_121452_stage_B_2C_4168a6e9,EQ-SOC-D020-H10-S02,equality,20,10,storage,2,soc_dynamics,true,3,574,MWh,10,9,previous_physical_hour
20260811_121452_stage_B_2C_4168a6e9,EQ-BAL-D020-H11,equality,20,11,system,0,hourly_power_balance,true,1,575,MW,11,NaN,
20260811_121452_stage_B_2C_4168a6e9,EQ-SOC-D020-H11-S01,equality,20,11,storage,1,soc_dynamics,true,2,576,MWh,11,10,previous_physical_hour
20260811_121452_stage_B_2C_4168a6e9,EQ-SOC-D020-H11-S02,equality,20,11,storage,2,soc_dynamics,true,3,577,MWh,11,10,previous_physical_hour
20260811_121452_stage_B_2C_4168a6e9,EQ-BAL-D020-H12,equality,20,12,system,0,hourly_power_balance,true,1,578,MW,12,NaN,
20260811_121452_stage_B_2C_4168a6e9,EQ-SOC-D020-H12-S01,equality,20,12,storage,1,soc_dynamics,true,2,579,MWh,12,11,previous_physical_hour
20260811_121452_stage_B_2C_4168a6e9,EQ-SOC-D020-H12-S02,equality,20,12,storage,2,soc_dynamics,true,3,580,MWh,12,11,previous_physical_hour
20260811_121452_stage_B_2C_4168a6e9,EQ-BAL-D020-H13,equality,20,13,system,0,hourly_power_balance,true,1,581,MW,13,NaN,
20260811_121452_stage_B_2C_4168a6e9,EQ-SOC-D020-H13-S01,equality,20,13,storage,1,soc_dynamics,true,2,582,MWh,13,12,previous_physical_hour
20260811_121452_stage_B_2C_4168a6e9,EQ-SOC-D020-H13-S02,equality,20,13,storage,2,soc_dynamics,true,3,583,MWh,13,12,previous_physical_hour
20260811_121452_stage_B_2C_4168a6e9,EQ-BAL-D020-H14,equality,20,14,system,0,hourly_power_balance,true,1,584,MW,14,NaN,
20260811_121452_stage_B_2C_4168a6e9,EQ-SOC-D020-H14-S01,equality,20,14,storage,1,soc_dynamics,true,2,585,MWh,14,13,previous_physical_hour
20260811_121452_stage_B_2C_4168a6e9,EQ-SOC-D020-H14-S02,equality,20,14,storage,2,soc_dynamics,true,3,586,MWh,14,13,previous_physical_hour
20260811_121452_stage_B_2C_4168a6e9,EQ-BAL-D020-H15,equality,20,15,system,0,hourly_power_balance,true,1,587,MW,15,NaN,
20260811_121452_stage_B_2C_4168a6e9,EQ-SOC-D020-H15-S01,equality,20,15,storage,1,soc_dynamics,true,2,588,MWh,15,14,previous_physical_hour
20260811_121452_stage_B_2C_4168a6e9,EQ-SOC-D020-H15-S02,equality,20,15,storage,2,soc_dynamics,true,3,589,MWh,15,14,previous_physical_hour
20260811_121452_stage_B_2C_4168a6e9,EQ-BAL-D020-H16,equality,20,16,system,0,hourly_power_balance,true,1,590,MW,16,NaN,
20260811_121452_stage_B_2C_4168a6e9,EQ-SOC-D020-H16-S01,equality,20,16,storage,1,soc_dynamics,true,2,591,MWh,16,15,previous_physical_hour
20260811_121452_stage_B_2C_4168a6e9,EQ-SOC-D020-H16-S02,equality,20,16,storage,2,soc_dynamics,true,3,592,MWh,16,15,previous_physical_hour
20260811_121452_stage_B_2C_4168a6e9,EQ-BAL-D020-H17,equality,20,17,system,0,hourly_power_balance,true,1,593,MW,17,NaN,
20260811_121452_stage_B_2C_4168a6e9,EQ-SOC-D020-H17-S01,equality,20,17,storage,1,soc_dynamics,true,2,594,MWh,17,16,previous_physical_hour
20260811_121452_stage_B_2C_4168a6e9,EQ-SOC-D020-H17-S02,equality,20,17,storage,2,soc_dynamics,true,3,595,MWh,17,16,previous_physical_hour
20260811_121452_stage_B_2C_4168a6e9,EQ-BAL-D020-H18,equality,20,18,system,0,hourly_power_balance,true,1,596,MW,18,NaN,
20260811_121452_stage_B_2C_4168a6e9,EQ-SOC-D020-H18-S01,equality,20,18,storage,1,soc_dynamics,true,2,597,MWh,18,17,previous_physical_hour
20260811_121452_stage_B_2C_4168a6e9,EQ-SOC-D020-H18-S02,equality,20,18,storage,2,soc_dynamics,true,3,598,MWh,18,17,previous_physical_hour
20260811_121452_stage_B_2C_4168a6e9,EQ-BAL-D020-H19,equality,20,19,system,0,hourly_power_balance,true,1,599,MW,19,NaN,
20260811_121452_stage_B_2C_4168a6e9,EQ-SOC-D020-H19-S01,equality,20,19,storage,1,soc_dynamics,true,2,600,MWh,19,18,previous_physical_hour
20260811_121452_stage_B_2C_4168a6e9,EQ-SOC-D020-H19-S02,equality,20,19,storage,2,soc_dynamics,true,3,601,MWh,19,18,previous_physical_hour
20260811_121452_stage_B_2C_4168a6e9,EQ-BAL-D020-H20,equality,20,20,system,0,hourly_power_balance,true,1,602,MW,20,NaN,
20260811_121452_stage_B_2C_4168a6e9,EQ-SOC-D020-H20-S01,equality,20,20,storage,1,soc_dynamics,true,2,603,MWh,20,19,previous_physical_hour
20260811_121452_stage_B_2C_4168a6e9,EQ-SOC-D020-H20-S02,equality,20,20,storage,2,soc_dynamics,true,3,604,MWh,20,19,previous_physical_hour
20260811_121452_stage_B_2C_4168a6e9,EQ-BAL-D020-H21,equality,20,21,system,0,hourly_power_balance,true,1,605,MW,21,NaN,
20260811_121452_stage_B_2C_4168a6e9,EQ-SOC-D020-H21-S01,equality,20,21,storage,1,soc_dynamics,true,2,606,MWh,21,20,previous_physical_hour
20260811_121452_stage_B_2C_4168a6e9,EQ-SOC-D020-H21-S02,equality,20,21,storage,2,soc_dynamics,true,3,607,MWh,21,20,previous_physical_hour
20260811_121452_stage_B_2C_4168a6e9,EQ-BAL-D020-H22,equality,20,22,system,0,hourly_power_balance,true,1,608,MW,22,NaN,
20260811_121452_stage_B_2C_4168a6e9,EQ-SOC-D020-H22-S01,equality,20,22,storage,1,soc_dynamics,true,2,609,MWh,22,21,previous_physical_hour
20260811_121452_stage_B_2C_4168a6e9,EQ-SOC-D020-H22-S02,equality,20,22,storage,2,soc_dynamics,true,3,610,MWh,22,21,previous_physical_hour
20260811_121452_stage_B_2C_4168a6e9,EQ-BAL-D020-H23,equality,20,23,system,0,hourly_power_balance,true,1,611,MW,23,NaN,
20260811_121452_stage_B_2C_4168a6e9,EQ-SOC-D020-H23-S01,equality,20,23,storage,1,soc_dynamics,true,2,612,MWh,23,22,previous_physical_hour
20260811_121452_stage_B_2C_4168a6e9,EQ-SOC-D020-H23-S02,equality,20,23,storage,2,soc_dynamics,true,3,613,MWh,23,22,previous_physical_hour
20260811_121452_stage_B_2C_4168a6e9,EQ-BAL-D020-H24,equality,20,24,system,0,hourly_power_balance,true,1,614,MW,24,NaN,
20260811_121452_stage_B_2C_4168a6e9,EQ-SOC-D020-H24-S01,equality,20,24,storage,1,soc_dynamics,true,2,615,MWh,24,23,previous_physical_hour
20260811_121452_stage_B_2C_4168a6e9,EQ-SOC-D020-H24-S02,equality,20,24,storage,2,soc_dynamics,true,3,616,MWh,24,23,previous_physical_hour
20260811_121452_stage_B_2C_4168a6e9,EQ-SOC-END-D020-S01,equality,20,24,storage,1,terminal_soc,true,4,617,MWh,24,NaN,formal_day_terminal_fixed_half_energy
20260811_121452_stage_B_2C_4168a6e9,EQ-SOC-END-D020-S02,equality,20,24,storage,2,terminal_soc,true,5,618,MWh,24,NaN,formal_day_terminal_fixed_half_energy
20260811_121452_stage_B_2C_4168a6e9,INEQ-Q-LOWER-QW1,inequality,0,0,wind_capacity,1,global_capacity_lower_bound,true,1,619,MW,0,NaN,
20260811_121452_stage_B_2C_4168a6e9,INEQ-Q-UPPER-QW1,inequality,0,0,wind_capacity,1,global_capacity_upper_bound,true,2,620,MW,0,NaN,
20260811_121452_stage_B_2C_4168a6e9,INEQ-Q-LOWER-QW2,inequality,0,0,wind_capacity,2,global_capacity_lower_bound,true,3,621,MW,0,NaN,
20260811_121452_stage_B_2C_4168a6e9,INEQ-Q-UPPER-QW2,inequality,0,0,wind_capacity,2,global_capacity_upper_bound,true,4,622,MW,0,NaN,
20260811_121452_stage_B_2C_4168a6e9,INEQ-Q-LOWER-QW3,inequality,0,0,wind_capacity,3,global_capacity_lower_bound,true,5,623,MW,0,NaN,
20260811_121452_stage_B_2C_4168a6e9,INEQ-Q-UPPER-QW3,inequality,0,0,wind_capacity,3,global_capacity_upper_bound,true,6,624,MW,0,NaN,
20260811_121452_stage_B_2C_4168a6e9,INEQ-Q-LOWER-QW4,inequality,0,0,wind_capacity,4,global_capacity_lower_bound,true,7,625,MW,0,NaN,
20260811_121452_stage_B_2C_4168a6e9,INEQ-Q-UPPER-QW4,inequality,0,0,wind_capacity,4,global_capacity_upper_bound,true,8,626,MW,0,NaN,
20260811_121452_stage_B_2C_4168a6e9,INEQ-Q-LOWER-QW5,inequality,0,0,wind_capacity,5,global_capacity_lower_bound,true,9,627,MW,0,NaN,
20260811_121452_stage_B_2C_4168a6e9,INEQ-Q-UPPER-QW5,inequality,0,0,wind_capacity,5,global_capacity_upper_bound,true,10,628,MW,0,NaN,
20260811_121452_stage_B_2C_4168a6e9,INEQ-Q-LOWER-QP1,inequality,0,0,solar_capacity,1,global_capacity_lower_bound,true,11,629,MW,0,NaN,
20260811_121452_stage_B_2C_4168a6e9,INEQ-Q-UPPER-QP1,inequality,0,0,solar_capacity,1,global_capacity_upper_bound,true,12,630,MW,0,NaN,
20260811_121452_stage_B_2C_4168a6e9,INEQ-Q-LOWER-QP2,inequality,0,0,solar_capacity,2,global_capacity_lower_bound,true,13,631,MW,0,NaN,
20260811_121452_stage_B_2C_4168a6e9,INEQ-Q-UPPER-QP2,inequality,0,0,solar_capacity,2,global_capacity_upper_bound,true,14,632,MW,0,NaN,
20260811_121452_stage_B_2C_4168a6e9,INEQ-Q-LOWER-QP3,inequality,0,0,solar_capacity,3,global_capacity_lower_bound,true,15,633,MW,0,NaN,
20260811_121452_stage_B_2C_4168a6e9,INEQ-Q-UPPER-QP3,inequality,0,0,solar_capacity,3,global_capacity_upper_bound,true,16,634,MW,0,NaN,
20260811_121452_stage_B_2C_4168a6e9,INEQ-Q-LOWER-QP4,inequality,0,0,solar_capacity,4,global_capacity_lower_bound,true,17,635,MW,0,NaN,
20260811_121452_stage_B_2C_4168a6e9,INEQ-Q-UPPER-QP4,inequality,0,0,solar_capacity,4,global_capacity_upper_bound,true,18,636,MW,0,NaN,
20260811_121452_stage_B_2C_4168a6e9,INEQ-Q-LOWER-QP5,inequality,0,0,solar_capacity,5,global_capacity_lower_bound,true,19,637,MW,0,NaN,
20260811_121452_stage_B_2C_4168a6e9,INEQ-Q-UPPER-QP5,inequality,0,0,solar_capacity,5,global_capacity_upper_bound,true,20,638,MW,0,NaN,
20260811_121452_stage_B_2C_4168a6e9,INEQ-Q-LOWER-QS1,inequality,0,0,storage_power_capacity,1,global_capacity_lower_bound,true,21,639,MW,0,NaN,
20260811_121452_stage_B_2C_4168a6e9,INEQ-Q-UPPER-QS1,inequality,0,0,storage_power_capacity,1,global_capacity_upper_bound,true,22,640,MW,0,NaN,
20260811_121452_stage_B_2C_4168a6e9,INEQ-Q-LOWER-QS2,inequality,0,0,storage_power_capacity,2,global_capacity_lower_bound,true,23,641,MW,0,NaN,
20260811_121452_stage_B_2C_4168a6e9,INEQ-Q-UPPER-QS2,inequality,0,0,storage_power_capacity,2,global_capacity_upper_bound,true,24,642,MW,0,NaN,
20260811_121452_stage_B_2C_4168a6e9,INEQ-Q-LOWER-ES1,inequality,0,0,storage_energy_capacity,1,global_capacity_lower_bound,true,25,643,MWh,0,NaN,
20260811_121452_stage_B_2C_4168a6e9,INEQ-Q-UPPER-ES1,inequality,0,0,storage_energy_capacity,1,global_capacity_upper_bound,true,26,644,MWh,0,NaN,
20260811_121452_stage_B_2C_4168a6e9,INEQ-Q-LOWER-ES2,inequality,0,0,storage_energy_capacity,2,global_capacity_lower_bound,true,27,645,MWh,0,NaN,
20260811_121452_stage_B_2C_4168a6e9,INEQ-Q-UPPER-ES2,inequality,0,0,storage_energy_capacity,2,global_capacity_upper_bound,true,28,646,MWh,0,NaN,
20260811_121452_stage_B_2C_4168a6e9,INEQ-LOWER-D014-H01-PW01,inequality,14,1,wind,1,pw_lower_bound,true,1,647,MW,0,NaN,
20260811_121452_stage_B_2C_4168a6e9,INEQ-UPPER-D014-H01-PW01,inequality,14,1,wind,1,pw_upper_bound,true,2,648,MW,0,NaN,
20260811_121452_stage_B_2C_4168a6e9,INEQ-LOWER-D014-H01-PW02,inequality,14,1,wind,2,pw_lower_bound,true,3,649,MW,0,NaN,
20260811_121452_stage_B_2C_4168a6e9,INEQ-UPPER-D014-H01-PW02,inequality,14,1,wind,2,pw_upper_bound,true,4,650,MW,0,NaN,
20260811_121452_stage_B_2C_4168a6e9,INEQ-LOWER-D014-H01-PW03,inequality,14,1,wind,3,pw_lower_bound,true,5,651,MW,0,NaN,
20260811_121452_stage_B_2C_4168a6e9,INEQ-UPPER-D014-H01-PW03,inequality,14,1,wind,3,pw_upper_bound,true,6,652,MW,0,NaN,
20260811_121452_stage_B_2C_4168a6e9,INEQ-LOWER-D014-H01-PW04,inequality,14,1,wind,4,pw_lower_bound,true,7,653,MW,0,NaN,
20260811_121452_stage_B_2C_4168a6e9,INEQ-UPPER-D014-H01-PW04,inequality,14,1,wind,4,pw_upper_bound,true,8,654,MW,0,NaN,
20260811_121452_stage_B_2C_4168a6e9,INEQ-LOWER-D014-H01-PW05,inequality,14,1,wind,5,pw_lower_bound,true,9,655,MW,0,NaN,
20260811_121452_stage_B_2C_4168a6e9,INEQ-UPPER-D014-H01-PW05,inequality,14,1,wind,5,pw_upper_bound,true,10,656,MW,0,NaN,
20260811_121452_stage_B_2C_4168a6e9,INEQ-LOWER-D014-H01-PH01,inequality,14,1,hydro,1,ph_lower_bound,true,11,657,MW,0,NaN,
20260811_121452_stage_B_2C_4168a6e9,INEQ-UPPER-D014-H01-PH01,inequality,14,1,hydro,1,ph_upper_bound,true,12,658,MW,0,NaN,
20260811_121452_stage_B_2C_4168a6e9,INEQ-LOWER-D014-H01-PH02,inequality,14,1,hydro,2,ph_lower_bound,true,13,659,MW,0,NaN,
20260811_121452_stage_B_2C_4168a6e9,INEQ-UPPER-D014-H01-PH02,inequality,14,1,hydro,2,ph_upper_bound,true,14,660,MW,0,NaN,
20260811_121452_stage_B_2C_4168a6e9,INEQ-LOWER-D014-H01-PH03,inequality,14,1,hydro,3,ph_lower_bound,true,15,661,MW,0,NaN,
20260811_121452_stage_B_2C_4168a6e9,INEQ-UPPER-D014-H01-PH03,inequality,14,1,hydro,3,ph_upper_bound,true,16,662,MW,0,NaN,
20260811_121452_stage_B_2C_4168a6e9,INEQ-LOWER-D014-H01-PH04,inequality,14,1,hydro,4,ph_lower_bound,true,17,663,MW,0,NaN,
20260811_121452_stage_B_2C_4168a6e9,INEQ-UPPER-D014-H01-PH04,inequality,14,1,hydro,4,ph_upper_bound,true,18,664,MW,0,NaN,
20260811_121452_stage_B_2C_4168a6e9,INEQ-LOWER-D014-H01-PF01,inequality,14,1,thermal,1,pf_lower_bound,true,19,665,MW,0,NaN,
20260811_121452_stage_B_2C_4168a6e9,INEQ-UPPER-D014-H01-PF01,inequality,14,1,thermal,1,pf_upper_bound,true,20,666,MW,0,NaN,
20260811_121452_stage_B_2C_4168a6e9,INEQ-LOWER-D014-H01-PF02,inequality,14,1,thermal,2,pf_lower_bound,true,21,667,MW,0,NaN,
20260811_121452_stage_B_2C_4168a6e9,INEQ-UPPER-D014-H01-PF02,inequality,14,1,thermal,2,pf_upper_bound,true,22,668,MW,0,NaN,
20260811_121452_stage_B_2C_4168a6e9,INEQ-LOWER-D014-H01-PF03,inequality,14,1,thermal,3,pf_lower_bound,true,23,669,MW,0,NaN,
20260811_121452_stage_B_2C_4168a6e9,INEQ-UPPER-D014-H01-PF03,inequality,14,1,thermal,3,pf_upper_bound,true,24,670,MW,0,NaN,
20260811_121452_stage_B_2C_4168a6e9,INEQ-LOWER-D014-H01-PF04,inequality,14,1,thermal,4,pf_lower_bound,true,25,671,MW,0,NaN,
20260811_121452_stage_B_2C_4168a6e9,INEQ-UPPER-D014-H01-PF04,inequality,14,1,thermal,4,pf_upper_bound,true,26,672,MW,0,NaN,
20260811_121452_stage_B_2C_4168a6e9,INEQ-LOWER-D014-H01-Pch01,inequality,14,1,storage,1,pch_lower_bound,true,27,673,MW,0,NaN,
20260811_121452_stage_B_2C_4168a6e9,INEQ-UPPER-D014-H01-Pch01,inequality,14,1,storage,1,pch_upper_bound,true,28,674,MW,0,NaN,
20260811_121452_stage_B_2C_4168a6e9,INEQ-LOWER-D014-H01-Pch02,inequality,14,1,storage,2,pch_lower_bound,true,29,675,MW,0,NaN,
20260811_121452_stage_B_2C_4168a6e9,INEQ-UPPER-D014-H01-Pch02,inequality,14,1,storage,2,pch_upper_bound,true,30,676,MW,0,NaN,
20260811_121452_stage_B_2C_4168a6e9,INEQ-LOWER-D014-H01-Pdis01,inequality,14,1,storage,1,pdis_lower_bound,true,31,677,MW,0,NaN,
20260811_121452_stage_B_2C_4168a6e9,INEQ-UPPER-D014-H01-Pdis01,inequality,14,1,storage,1,pdis_upper_bound,true,32,678,MW,0,NaN,
20260811_121452_stage_B_2C_4168a6e9,INEQ-LOWER-D014-H01-Pdis02,inequality,14,1,storage,2,pdis_lower_bound,true,33,679,MW,0,NaN,
20260811_121452_stage_B_2C_4168a6e9,INEQ-UPPER-D014-H01-Pdis02,inequality,14,1,storage,2,pdis_upper_bound,true,34,680,MW,0,NaN,
20260811_121452_stage_B_2C_4168a6e9,INEQ-LOWER-D014-H01-SOC01,inequality,14,1,storage,1,soc_lower_bound,true,35,681,MWh,0,NaN,
20260811_121452_stage_B_2C_4168a6e9,INEQ-UPPER-D014-H01-SOC01,inequality,14,1,storage,1,soc_upper_bound,true,36,682,MWh,0,NaN,
20260811_121452_stage_B_2C_4168a6e9,INEQ-LOWER-D014-H01-SOC02,inequality,14,1,storage,2,soc_lower_bound,true,37,683,MWh,0,NaN,
20260811_121452_stage_B_2C_4168a6e9,INEQ-UPPER-D014-H01-SOC02,inequality,14,1,storage,2,soc_upper_bound,true,38,684,MWh,0,NaN,
20260811_121452_stage_B_2C_4168a6e9,INEQ-LOWER-D014-H02-PW01,inequality,14,2,wind,1,pw_lower_bound,true,1,685,MW,0,NaN,
20260811_121452_stage_B_2C_4168a6e9,INEQ-UPPER-D014-H02-PW01,inequality,14,2,wind,1,pw_upper_bound,true,2,686,MW,0,NaN,
20260811_121452_stage_B_2C_4168a6e9,INEQ-LOWER-D014-H02-PW02,inequality,14,2,wind,2,pw_lower_bound,true,3,687,MW,0,NaN,
20260811_121452_stage_B_2C_4168a6e9,INEQ-UPPER-D014-H02-PW02,inequality,14,2,wind,2,pw_upper_bound,true,4,688,MW,0,NaN,
20260811_121452_stage_B_2C_4168a6e9,INEQ-LOWER-D014-H02-PW03,inequality,14,2,wind,3,pw_lower_bound,true,5,689,MW,0,NaN,
20260811_121452_stage_B_2C_4168a6e9,INEQ-UPPER-D014-H02-PW03,inequality,14,2,wind,3,pw_upper_bound,true,6,690,MW,0,NaN,
20260811_121452_stage_B_2C_4168a6e9,INEQ-LOWER-D014-H02-PW04,inequality,14,2,wind,4,pw_lower_bound,true,7,691,MW,0,NaN,
20260811_121452_stage_B_2C_4168a6e9,INEQ-UPPER-D014-H02-PW04,inequality,14,2,wind,4,pw_upper_bound,true,8,692,MW,0,NaN,
20260811_121452_stage_B_2C_4168a6e9,INEQ-LOWER-D014-H02-PW05,inequality,14,2,wind,5,pw_lower_bound,true,9,693,MW,0,NaN,
20260811_121452_stage_B_2C_4168a6e9,INEQ-UPPER-D014-H02-PW05,inequality,14,2,wind,5,pw_upper_bound,true,10,694,MW,0,NaN,
20260811_121452_stage_B_2C_4168a6e9,INEQ-LOWER-D014-H02-PH01,inequality,14,2,hydro,1,ph_lower_bound,true,11,695,MW,0,NaN,
20260811_121452_stage_B_2C_4168a6e9,INEQ-UPPER-D014-H02-PH01,inequality,14,2,hydro,1,ph_upper_bound,true,12,696,MW,0,NaN,
20260811_121452_stage_B_2C_4168a6e9,INEQ-LOWER-D014-H02-PH02,inequality,14,2,hydro,2,ph_lower_bound,true,13,697,MW,0,NaN,
20260811_121452_stage_B_2C_4168a6e9,INEQ-UPPER-D014-H02-PH02,inequality,14,2,hydro,2,ph_upper_bound,true,14,698,MW,0,NaN,
20260811_121452_stage_B_2C_4168a6e9,INEQ-LOWER-D014-H02-PH03,inequality,14,2,hydro,3,ph_lower_bound,true,15,699,MW,0,NaN,
20260811_121452_stage_B_2C_4168a6e9,INEQ-UPPER-D014-H02-PH03,inequality,14,2,hydro,3,ph_upper_bound,true,16,700,MW,0,NaN,
20260811_121452_stage_B_2C_4168a6e9,INEQ-LOWER-D014-H02-PH04,inequality,14,2,hydro,4,ph_lower_bound,true,17,701,MW,0,NaN,
20260811_121452_stage_B_2C_4168a6e9,INEQ-UPPER-D014-H02-PH04,inequality,14,2,hydro,4,ph_upper_bound,true,18,702,MW,0,NaN,
20260811_121452_stage_B_2C_4168a6e9,INEQ-LOWER-D014-H02-PF01,inequality,14,2,thermal,1,pf_lower_bound,true,19,703,MW,0,NaN,
20260811_121452_stage_B_2C_4168a6e9,INEQ-UPPER-D014-H02-PF01,inequality,14,2,thermal,1,pf_upper_bound,true,20,704,MW,0,NaN,
20260811_121452_stage_B_2C_4168a6e9,INEQ-LOWER-D014-H02-PF02,inequality,14,2,thermal,2,pf_lower_bound,true,21,705,MW,0,NaN,
20260811_121452_stage_B_2C_4168a6e9,INEQ-UPPER-D014-H02-PF02,inequality,14,2,thermal,2,pf_upper_bound,true,22,706,MW,0,NaN,
20260811_121452_stage_B_2C_4168a6e9,INEQ-LOWER-D014-H02-PF03,inequality,14,2,thermal,3,pf_lower_bound,true,23,707,MW,0,NaN,
20260811_121452_stage_B_2C_4168a6e9,INEQ-UPPER-D014-H02-PF03,inequality,14,2,thermal,3,pf_upper_bound,true,24,708,MW,0,NaN,
20260811_121452_stage_B_2C_4168a6e9,INEQ-LOWER-D014-H02-PF04,inequality,14,2,thermal,4,pf_lower_bound,true,25,709,MW,0,NaN,
20260811_121452_stage_B_2C_4168a6e9,INEQ-UPPER-D014-H02-PF04,inequality,14,2,thermal,4,pf_upper_bound,true,26,710,MW,0,NaN,
20260811_121452_stage_B_2C_4168a6e9,INEQ-LOWER-D014-H02-Pch01,inequality,14,2,storage,1,pch_lower_bound,true,27,711,MW,0,NaN,
20260811_121452_stage_B_2C_4168a6e9,INEQ-UPPER-D014-H02-Pch01,inequality,14,2,storage,1,pch_upper_bound,true,28,712,MW,0,NaN,
20260811_121452_stage_B_2C_4168a6e9,INEQ-LOWER-D014-H02-Pch02,inequality,14,2,storage,2,pch_lower_bound,true,29,713,MW,0,NaN,
20260811_121452_stage_B_2C_4168a6e9,INEQ-UPPER-D014-H02-Pch02,inequality,14,2,storage,2,pch_upper_bound,true,30,714,MW,0,NaN,
20260811_121452_stage_B_2C_4168a6e9,INEQ-LOWER-D014-H02-Pdis01,inequality,14,2,storage,1,pdis_lower_bound,true,31,715,MW,0,NaN,
20260811_121452_stage_B_2C_4168a6e9,INEQ-UPPER-D014-H02-Pdis01,inequality,14,2,storage,1,pdis_upper_bound,true,32,716,MW,0,NaN,
20260811_121452_stage_B_2C_4168a6e9,INEQ-LOWER-D014-H02-Pdis02,inequality,14,2,storage,2,pdis_lower_bound,true,33,717,MW,0,NaN,
20260811_121452_stage_B_2C_4168a6e9,INEQ-UPPER-D014-H02-Pdis02,inequality,14,2,storage,2,pdis_upper_bound,true,34,718,MW,0,NaN,
20260811_121452_stage_B_2C_4168a6e9,INEQ-LOWER-D014-H02-SOC01,inequality,14,2,storage,1,soc_lower_bound,true,35,719,MWh,0,NaN,
20260811_121452_stage_B_2C_4168a6e9,INEQ-UPPER-D014-H02-SOC01,inequality,14,2,storage,1,soc_upper_bound,true,36,720,MWh,0,NaN,
20260811_121452_stage_B_2C_4168a6e9,INEQ-LOWER-D014-H02-SOC02,inequality,14,2,storage,2,soc_lower_bound,true,37,721,MWh,0,NaN,
20260811_121452_stage_B_2C_4168a6e9,INEQ-UPPER-D014-H02-SOC02,inequality,14,2,storage,2,soc_upper_bound,true,38,722,MWh,0,NaN,
20260811_121452_stage_B_2C_4168a6e9,INEQ-LOWER-D014-H03-PW01,inequality,14,3,wind,1,pw_lower_bound,true,1,723,MW,0,NaN,
20260811_121452_stage_B_2C_4168a6e9,INEQ-UPPER-D014-H03-PW01,inequality,14,3,wind,1,pw_upper_bound,true,2,724,MW,0,NaN,
20260811_121452_stage_B_2C_4168a6e9,INEQ-LOWER-D014-H03-PW02,inequality,14,3,wind,2,pw_lower_bound,true,3,725,MW,0,NaN,
20260811_121452_stage_B_2C_4168a6e9,INEQ-UPPER-D014-H03-PW02,inequality,14,3,wind,2,pw_upper_bound,true,4,726,MW,0,NaN,
20260811_121452_stage_B_2C_4168a6e9,INEQ-LOWER-D014-H03-PW03,inequality,14,3,wind,3,pw_lower_bound,true,5,727,MW,0,NaN,
20260811_121452_stage_B_2C_4168a6e9,INEQ-UPPER-D014-H03-PW03,inequality,14,3,wind,3,pw_upper_bound,true,6,728,MW,0,NaN,
20260811_121452_stage_B_2C_4168a6e9,INEQ-LOWER-D014-H03-PW04,inequality,14,3,wind,4,pw_lower_bound,true,7,729,MW,0,NaN,
20260811_121452_stage_B_2C_4168a6e9,INEQ-UPPER-D014-H03-PW04,inequality,14,3,wind,4,pw_upper_bound,true,8,730,MW,0,NaN,
20260811_121452_stage_B_2C_4168a6e9,INEQ-LOWER-D014-H03-PW05,inequality,14,3,wind,5,pw_lower_bound,true,9,731,MW,0,NaN,
20260811_121452_stage_B_2C_4168a6e9,INEQ-UPPER-D014-H03-PW05,inequality,14,3,wind,5,pw_upper_bound,true,10,732,MW,0,NaN,
20260811_121452_stage_B_2C_4168a6e9,INEQ-LOWER-D014-H03-PH01,inequality,14,3,hydro,1,ph_lower_bound,true,11,733,MW,0,NaN,
20260811_121452_stage_B_2C_4168a6e9,INEQ-UPPER-D014-H03-PH01,inequality,14,3,hydro,1,ph_upper_bound,true,12,734,MW,0,NaN,
20260811_121452_stage_B_2C_4168a6e9,INEQ-LOWER-D014-H03-PH02,inequality,14,3,hydro,2,ph_lower_bound,true,13,735,MW,0,NaN,
20260811_121452_stage_B_2C_4168a6e9,INEQ-UPPER-D014-H03-PH02,inequality,14,3,hydro,2,ph_upper_bound,true,14,736,MW,0,NaN,
20260811_121452_stage_B_2C_4168a6e9,INEQ-LOWER-D014-H03-PH03,inequality,14,3,hydro,3,ph_lower_bound,true,15,737,MW,0,NaN,
20260811_121452_stage_B_2C_4168a6e9,INEQ-UPPER-D014-H03-PH03,inequality,14,3,hydro,3,ph_upper_bound,true,16,738,MW,0,NaN,
20260811_121452_stage_B_2C_4168a6e9,INEQ-LOWER-D014-H03-PH04,inequality,14,3,hydro,4,ph_lower_bound,true,17,739,MW,0,NaN,
20260811_121452_stage_B_2C_4168a6e9,INEQ-UPPER-D014-H03-PH04,inequality,14,3,hydro,4,ph_upper_bound,true,18,740,MW,0,NaN,
20260811_121452_stage_B_2C_4168a6e9,INEQ-LOWER-D014-H03-PF01,inequality,14,3,thermal,1,pf_lower_bound,true,19,741,MW,0,NaN,
20260811_121452_stage_B_2C_4168a6e9,INEQ-UPPER-D014-H03-PF01,inequality,14,3,thermal,1,pf_upper_bound,true,20,742,MW,0,NaN,
20260811_121452_stage_B_2C_4168a6e9,INEQ-LOWER-D014-H03-PF02,inequality,14,3,thermal,2,pf_lower_bound,true,21,743,MW,0,NaN,
20260811_121452_stage_B_2C_4168a6e9,INEQ-UPPER-D014-H03-PF02,inequality,14,3,thermal,2,pf_upper_bound,true,22,744,MW,0,NaN,
20260811_121452_stage_B_2C_4168a6e9,INEQ-LOWER-D014-H03-PF03,inequality,14,3,thermal,3,pf_lower_bound,true,23,745,MW,0,NaN,
20260811_121452_stage_B_2C_4168a6e9,INEQ-UPPER-D014-H03-PF03,inequality,14,3,thermal,3,pf_upper_bound,true,24,746,MW,0,NaN,
20260811_121452_stage_B_2C_4168a6e9,INEQ-LOWER-D014-H03-PF04,inequality,14,3,thermal,4,pf_lower_bound,true,25,747,MW,0,NaN,
20260811_121452_stage_B_2C_4168a6e9,INEQ-UPPER-D014-H03-PF04,inequality,14,3,thermal,4,pf_upper_bound,true,26,748,MW,0,NaN,
20260811_121452_stage_B_2C_4168a6e9,INEQ-LOWER-D014-H03-Pch01,inequality,14,3,storage,1,pch_lower_bound,true,27,749,MW,0,NaN,
20260811_121452_stage_B_2C_4168a6e9,INEQ-UPPER-D014-H03-Pch01,inequality,14,3,storage,1,pch_upper_bound,true,28,750,MW,0,NaN,
20260811_121452_stage_B_2C_4168a6e9,INEQ-LOWER-D014-H03-Pch02,inequality,14,3,storage,2,pch_lower_bound,true,29,751,MW,0,NaN,
20260811_121452_stage_B_2C_4168a6e9,INEQ-UPPER-D014-H03-Pch02,inequality,14,3,storage,2,pch_upper_bound,true,30,752,MW,0,NaN,
20260811_121452_stage_B_2C_4168a6e9,INEQ-LOWER-D014-H03-Pdis01,inequality,14,3,storage,1,pdis_lower_bound,true,31,753,MW,0,NaN,
20260811_121452_stage_B_2C_4168a6e9,INEQ-UPPER-D014-H03-Pdis01,inequality,14,3,storage,1,pdis_upper_bound,true,32,754,MW,0,NaN,
20260811_121452_stage_B_2C_4168a6e9,INEQ-LOWER-D014-H03-Pdis02,inequality,14,3,storage,2,pdis_lower_bound,true,33,755,MW,0,NaN,
20260811_121452_stage_B_2C_4168a6e9,INEQ-UPPER-D014-H03-Pdis02,inequality,14,3,storage,2,pdis_upper_bound,true,34,756,MW,0,NaN,
20260811_121452_stage_B_2C_4168a6e9,INEQ-LOWER-D014-H03-SOC01,inequality,14,3,storage,1,soc_lower_bound,true,35,757,MWh,0,NaN,
20260811_121452_stage_B_2C_4168a6e9,INEQ-UPPER-D014-H03-SOC01,inequality,14,3,storage,1,soc_upper_bound,true,36,758,MWh,0,NaN,
20260811_121452_stage_B_2C_4168a6e9,INEQ-LOWER-D014-H03-SOC02,inequality,14,3,storage,2,soc_lower_bound,true,37,759,MWh,0,NaN,
20260811_121452_stage_B_2C_4168a6e9,INEQ-UPPER-D014-H03-SOC02,inequality,14,3,storage,2,soc_upper_bound,true,38,760,MWh,0,NaN,
20260811_121452_stage_B_2C_4168a6e9,INEQ-LOWER-D014-H04-PW01,inequality,14,4,wind,1,pw_lower_bound,true,1,761,MW,0,NaN,
20260811_121452_stage_B_2C_4168a6e9,INEQ-UPPER-D014-H04-PW01,inequality,14,4,wind,1,pw_upper_bound,true,2,762,MW,0,NaN,
20260811_121452_stage_B_2C_4168a6e9,INEQ-LOWER-D014-H04-PW02,inequality,14,4,wind,2,pw_lower_bound,true,3,763,MW,0,NaN,
20260811_121452_stage_B_2C_4168a6e9,INEQ-UPPER-D014-H04-PW02,inequality,14,4,wind,2,pw_upper_bound,true,4,764,MW,0,NaN,
20260811_121452_stage_B_2C_4168a6e9,INEQ-LOWER-D014-H04-PW03,inequality,14,4,wind,3,pw_lower_bound,true,5,765,MW,0,NaN,
20260811_121452_stage_B_2C_4168a6e9,INEQ-UPPER-D014-H04-PW03,inequality,14,4,wind,3,pw_upper_bound,true,6,766,MW,0,NaN,
20260811_121452_stage_B_2C_4168a6e9,INEQ-LOWER-D014-H04-PW04,inequality,14,4,wind,4,pw_lower_bound,true,7,767,MW,0,NaN,
20260811_121452_stage_B_2C_4168a6e9,INEQ-UPPER-D014-H04-PW04,inequality,14,4,wind,4,pw_upper_bound,true,8,768,MW,0,NaN,
20260811_121452_stage_B_2C_4168a6e9,INEQ-LOWER-D014-H04-PW05,inequality,14,4,wind,5,pw_lower_bound,true,9,769,MW,0,NaN,
20260811_121452_stage_B_2C_4168a6e9,INEQ-UPPER-D014-H04-PW05,inequality,14,4,wind,5,pw_upper_bound,true,10,770,MW,0,NaN,
20260811_121452_stage_B_2C_4168a6e9,INEQ-LOWER-D014-H04-PH01,inequality,14,4,hydro,1,ph_lower_bound,true,11,771,MW,0,NaN,
20260811_121452_stage_B_2C_4168a6e9,INEQ-UPPER-D014-H04-PH01,inequality,14,4,hydro,1,ph_upper_bound,true,12,772,MW,0,NaN,
20260811_121452_stage_B_2C_4168a6e9,INEQ-LOWER-D014-H04-PH02,inequality,14,4,hydro,2,ph_lower_bound,true,13,773,MW,0,NaN,
20260811_121452_stage_B_2C_4168a6e9,INEQ-UPPER-D014-H04-PH02,inequality,14,4,hydro,2,ph_upper_bound,true,14,774,MW,0,NaN,
20260811_121452_stage_B_2C_4168a6e9,INEQ-LOWER-D014-H04-PH03,inequality,14,4,hydro,3,ph_lower_bound,true,15,775,MW,0,NaN,
20260811_121452_stage_B_2C_4168a6e9,INEQ-UPPER-D014-H04-PH03,inequality,14,4,hydro,3,ph_upper_bound,true,16,776,MW,0,NaN,
20260811_121452_stage_B_2C_4168a6e9,INEQ-LOWER-D014-H04-PH04,inequality,14,4,hydro,4,ph_lower_bound,true,17,777,MW,0,NaN,
20260811_121452_stage_B_2C_4168a6e9,INEQ-UPPER-D014-H04-PH04,inequality,14,4,hydro,4,ph_upper_bound,true,18,778,MW,0,NaN,
20260811_121452_stage_B_2C_4168a6e9,INEQ-LOWER-D014-H04-PF01,inequality,14,4,thermal,1,pf_lower_bound,true,19,779,MW,0,NaN,
20260811_121452_stage_B_2C_4168a6e9,INEQ-UPPER-D014-H04-PF01,inequality,14,4,thermal,1,pf_upper_bound,true,20,780,MW,0,NaN,
20260811_121452_stage_B_2C_4168a6e9,INEQ-LOWER-D014-H04-PF02,inequality,14,4,thermal,2,pf_lower_bound,true,21,781,MW,0,NaN,
20260811_121452_stage_B_2C_4168a6e9,INEQ-UPPER-D014-H04-PF02,inequality,14,4,thermal,2,pf_upper_bound,true,22,782,MW,0,NaN,
20260811_121452_stage_B_2C_4168a6e9,INEQ-LOWER-D014-H04-PF03,inequality,14,4,thermal,3,pf_lower_bound,true,23,783,MW,0,NaN,
20260811_121452_stage_B_2C_4168a6e9,INEQ-UPPER-D014-H04-PF03,inequality,14,4,thermal,3,pf_upper_bound,true,24,784,MW,0,NaN,
20260811_121452_stage_B_2C_4168a6e9,INEQ-LOWER-D014-H04-PF04,inequality,14,4,thermal,4,pf_lower_bound,true,25,785,MW,0,NaN,
20260811_121452_stage_B_2C_4168a6e9,INEQ-UPPER-D014-H04-PF04,inequality,14,4,thermal,4,pf_upper_bound,true,26,786,MW,0,NaN,
20260811_121452_stage_B_2C_4168a6e9,INEQ-LOWER-D014-H04-Pch01,inequality,14,4,storage,1,pch_lower_bound,true,27,787,MW,0,NaN,
20260811_121452_stage_B_2C_4168a6e9,INEQ-UPPER-D014-H04-Pch01,inequality,14,4,storage,1,pch_upper_bound,true,28,788,MW,0,NaN,
20260811_121452_stage_B_2C_4168a6e9,INEQ-LOWER-D014-H04-Pch02,inequality,14,4,storage,2,pch_lower_bound,true,29,789,MW,0,NaN,
20260811_121452_stage_B_2C_4168a6e9,INEQ-UPPER-D014-H04-Pch02,inequality,14,4,storage,2,pch_upper_bound,true,30,790,MW,0,NaN,
20260811_121452_stage_B_2C_4168a6e9,INEQ-LOWER-D014-H04-Pdis01,inequality,14,4,storage,1,pdis_lower_bound,true,31,791,MW,0,NaN,
20260811_121452_stage_B_2C_4168a6e9,INEQ-UPPER-D014-H04-Pdis01,inequality,14,4,storage,1,pdis_upper_bound,true,32,792,MW,0,NaN,
20260811_121452_stage_B_2C_4168a6e9,INEQ-LOWER-D014-H04-Pdis02,inequality,14,4,storage,2,pdis_lower_bound,true,33,793,MW,0,NaN,
20260811_121452_stage_B_2C_4168a6e9,INEQ-UPPER-D014-H04-Pdis02,inequality,14,4,storage,2,pdis_upper_bound,true,34,794,MW,0,NaN,
20260811_121452_stage_B_2C_4168a6e9,INEQ-LOWER-D014-H04-SOC01,inequality,14,4,storage,1,soc_lower_bound,true,35,795,MWh,0,NaN,
20260811_121452_stage_B_2C_4168a6e9,INEQ-UPPER-D014-H04-SOC01,inequality,14,4,storage,1,soc_upper_bound,true,36,796,MWh,0,NaN,
20260811_121452_stage_B_2C_4168a6e9,INEQ-LOWER-D014-H04-SOC02,inequality,14,4,storage,2,soc_lower_bound,true,37,797,MWh,0,NaN,
20260811_121452_stage_B_2C_4168a6e9,INEQ-UPPER-D014-H04-SOC02,inequality,14,4,storage,2,soc_upper_bound,true,38,798,MWh,0,NaN,
20260811_121452_stage_B_2C_4168a6e9,INEQ-LOWER-D014-H05-PW01,inequality,14,5,wind,1,pw_lower_bound,true,1,799,MW,0,NaN,
20260811_121452_stage_B_2C_4168a6e9,INEQ-UPPER-D014-H05-PW01,inequality,14,5,wind,1,pw_upper_bound,true,2,800,MW,0,NaN,
20260811_121452_stage_B_2C_4168a6e9,INEQ-LOWER-D014-H05-PW02,inequality,14,5,wind,2,pw_lower_bound,true,3,801,MW,0,NaN,
20260811_121452_stage_B_2C_4168a6e9,INEQ-UPPER-D014-H05-PW02,inequality,14,5,wind,2,pw_upper_bound,true,4,802,MW,0,NaN,
20260811_121452_stage_B_2C_4168a6e9,INEQ-LOWER-D014-H05-PW03,inequality,14,5,wind,3,pw_lower_bound,true,5,803,MW,0,NaN,
20260811_121452_stage_B_2C_4168a6e9,INEQ-UPPER-D014-H05-PW03,inequality,14,5,wind,3,pw_upper_bound,true,6,804,MW,0,NaN,
20260811_121452_stage_B_2C_4168a6e9,INEQ-LOWER-D014-H05-PW04,inequality,14,5,wind,4,pw_lower_bound,true,7,805,MW,0,NaN,
20260811_121452_stage_B_2C_4168a6e9,INEQ-UPPER-D014-H05-PW04,inequality,14,5,wind,4,pw_upper_bound,true,8,806,MW,0,NaN,
20260811_121452_stage_B_2C_4168a6e9,INEQ-LOWER-D014-H05-PW05,inequality,14,5,wind,5,pw_lower_bound,true,9,807,MW,0,NaN,
20260811_121452_stage_B_2C_4168a6e9,INEQ-UPPER-D014-H05-PW05,inequality,14,5,wind,5,pw_upper_bound,true,10,808,MW,0,NaN,
20260811_121452_stage_B_2C_4168a6e9,INEQ-LOWER-D014-H05-PH01,inequality,14,5,hydro,1,ph_lower_bound,true,11,809,MW,0,NaN,
20260811_121452_stage_B_2C_4168a6e9,INEQ-UPPER-D014-H05-PH01,inequality,14,5,hydro,1,ph_upper_bound,true,12,810,MW,0,NaN,
20260811_121452_stage_B_2C_4168a6e9,INEQ-LOWER-D014-H05-PH02,inequality,14,5,hydro,2,ph_lower_bound,true,13,811,MW,0,NaN,
20260811_121452_stage_B_2C_4168a6e9,INEQ-UPPER-D014-H05-PH02,inequality,14,5,hydro,2,ph_upper_bound,true,14,812,MW,0,NaN,
20260811_121452_stage_B_2C_4168a6e9,INEQ-LOWER-D014-H05-PH03,inequality,14,5,hydro,3,ph_lower_bound,true,15,813,MW,0,NaN,
20260811_121452_stage_B_2C_4168a6e9,INEQ-UPPER-D014-H05-PH03,inequality,14,5,hydro,3,ph_upper_bound,true,16,814,MW,0,NaN,
20260811_121452_stage_B_2C_4168a6e9,INEQ-LOWER-D014-H05-PH04,inequality,14,5,hydro,4,ph_lower_bound,true,17,815,MW,0,NaN,
20260811_121452_stage_B_2C_4168a6e9,INEQ-UPPER-D014-H05-PH04,inequality,14,5,hydro,4,ph_upper_bound,true,18,816,MW,0,NaN,
20260811_121452_stage_B_2C_4168a6e9,INEQ-LOWER-D014-H05-PF01,inequality,14,5,thermal,1,pf_lower_bound,true,19,817,MW,0,NaN,
20260811_121452_stage_B_2C_4168a6e9,INEQ-UPPER-D014-H05-PF01,inequality,14,5,thermal,1,pf_upper_bound,true,20,818,MW,0,NaN,
20260811_121452_stage_B_2C_4168a6e9,INEQ-LOWER-D014-H05-PF02,inequality,14,5,thermal,2,pf_lower_bound,true,21,819,MW,0,NaN,
20260811_121452_stage_B_2C_4168a6e9,INEQ-UPPER-D014-H05-PF02,inequality,14,5,thermal,2,pf_upper_bound,true,22,820,MW,0,NaN,
20260811_121452_stage_B_2C_4168a6e9,INEQ-LOWER-D014-H05-PF03,inequality,14,5,thermal,3,pf_lower_bound,true,23,821,MW,0,NaN,
20260811_121452_stage_B_2C_4168a6e9,INEQ-UPPER-D014-H05-PF03,inequality,14,5,thermal,3,pf_upper_bound,true,24,822,MW,0,NaN,
20260811_121452_stage_B_2C_4168a6e9,INEQ-LOWER-D014-H05-PF04,inequality,14,5,thermal,4,pf_lower_bound,true,25,823,MW,0,NaN,
20260811_121452_stage_B_2C_4168a6e9,INEQ-UPPER-D014-H05-PF04,inequality,14,5,thermal,4,pf_upper_bound,true,26,824,MW,0,NaN,
20260811_121452_stage_B_2C_4168a6e9,INEQ-LOWER-D014-H05-Pch01,inequality,14,5,storage,1,pch_lower_bound,true,27,825,MW,0,NaN,
20260811_121452_stage_B_2C_4168a6e9,INEQ-UPPER-D014-H05-Pch01,inequality,14,5,storage,1,pch_upper_bound,true,28,826,MW,0,NaN,
20260811_121452_stage_B_2C_4168a6e9,INEQ-LOWER-D014-H05-Pch02,inequality,14,5,storage,2,pch_lower_bound,true,29,827,MW,0,NaN,
20260811_121452_stage_B_2C_4168a6e9,INEQ-UPPER-D014-H05-Pch02,inequality,14,5,storage,2,pch_upper_bound,true,30,828,MW,0,NaN,
20260811_121452_stage_B_2C_4168a6e9,INEQ-LOWER-D014-H05-Pdis01,inequality,14,5,storage,1,pdis_lower_bound,true,31,829,MW,0,NaN,
20260811_121452_stage_B_2C_4168a6e9,INEQ-UPPER-D014-H05-Pdis01,inequality,14,5,storage,1,pdis_upper_bound,true,32,830,MW,0,NaN,
20260811_121452_stage_B_2C_4168a6e9,INEQ-LOWER-D014-H05-Pdis02,inequality,14,5,storage,2,pdis_lower_bound,true,33,831,MW,0,NaN,
20260811_121452_stage_B_2C_4168a6e9,INEQ-UPPER-D014-H05-Pdis02,inequality,14,5,storage,2,pdis_upper_bound,true,34,832,MW,0,NaN,
20260811_121452_stage_B_2C_4168a6e9,INEQ-LOWER-D014-H05-SOC01,inequality,14,5,storage,1,soc_lower_bound,true,35,833,MWh,0,NaN,
20260811_121452_stage_B_2C_4168a6e9,INEQ-UPPER-D014-H05-SOC01,inequality,14,5,storage,1,soc_upper_bound,true,36,834,MWh,0,NaN,
20260811_121452_stage_B_2C_4168a6e9,INEQ-LOWER-D014-H05-SOC02,inequality,14,5,storage,2,soc_lower_bound,true,37,835,MWh,0,NaN,
20260811_121452_stage_B_2C_4168a6e9,INEQ-UPPER-D014-H05-SOC02,inequality,14,5,storage,2,soc_upper_bound,true,38,836,MWh,0,NaN,
20260811_121452_stage_B_2C_4168a6e9,INEQ-LOWER-D014-H06-PW01,inequality,14,6,wind,1,pw_lower_bound,true,1,837,MW,0,NaN,
20260811_121452_stage_B_2C_4168a6e9,INEQ-UPPER-D014-H06-PW01,inequality,14,6,wind,1,pw_upper_bound,true,2,838,MW,0,NaN,
20260811_121452_stage_B_2C_4168a6e9,INEQ-LOWER-D014-H06-PW02,inequality,14,6,wind,2,pw_lower_bound,true,3,839,MW,0,NaN,
20260811_121452_stage_B_2C_4168a6e9,INEQ-UPPER-D014-H06-PW02,inequality,14,6,wind,2,pw_upper_bound,true,4,840,MW,0,NaN,
20260811_121452_stage_B_2C_4168a6e9,INEQ-LOWER-D014-H06-PW03,inequality,14,6,wind,3,pw_lower_bound,true,5,841,MW,0,NaN,
20260811_121452_stage_B_2C_4168a6e9,INEQ-UPPER-D014-H06-PW03,inequality,14,6,wind,3,pw_upper_bound,true,6,842,MW,0,NaN,
20260811_121452_stage_B_2C_4168a6e9,INEQ-LOWER-D014-H06-PW04,inequality,14,6,wind,4,pw_lower_bound,true,7,843,MW,0,NaN,
20260811_121452_stage_B_2C_4168a6e9,INEQ-UPPER-D014-H06-PW04,inequality,14,6,wind,4,pw_upper_bound,true,8,844,MW,0,NaN,
20260811_121452_stage_B_2C_4168a6e9,INEQ-LOWER-D014-H06-PW05,inequality,14,6,wind,5,pw_lower_bound,true,9,845,MW,0,NaN,
20260811_121452_stage_B_2C_4168a6e9,INEQ-UPPER-D014-H06-PW05,inequality,14,6,wind,5,pw_upper_bound,true,10,846,MW,0,NaN,
20260811_121452_stage_B_2C_4168a6e9,INEQ-LOWER-D014-H06-PH01,inequality,14,6,hydro,1,ph_lower_bound,true,11,847,MW,0,NaN,
20260811_121452_stage_B_2C_4168a6e9,INEQ-UPPER-D014-H06-PH01,inequality,14,6,hydro,1,ph_upper_bound,true,12,848,MW,0,NaN,
20260811_121452_stage_B_2C_4168a6e9,INEQ-LOWER-D014-H06-PH02,inequality,14,6,hydro,2,ph_lower_bound,true,13,849,MW,0,NaN,
20260811_121452_stage_B_2C_4168a6e9,INEQ-UPPER-D014-H06-PH02,inequality,14,6,hydro,2,ph_upper_bound,true,14,850,MW,0,NaN,
20260811_121452_stage_B_2C_4168a6e9,INEQ-LOWER-D014-H06-PH03,inequality,14,6,hydro,3,ph_lower_bound,true,15,851,MW,0,NaN,
20260811_121452_stage_B_2C_4168a6e9,INEQ-UPPER-D014-H06-PH03,inequality,14,6,hydro,3,ph_upper_bound,true,16,852,MW,0,NaN,
20260811_121452_stage_B_2C_4168a6e9,INEQ-LOWER-D014-H06-PH04,inequality,14,6,hydro,4,ph_lower_bound,true,17,853,MW,0,NaN,
20260811_121452_stage_B_2C_4168a6e9,INEQ-UPPER-D014-H06-PH04,inequality,14,6,hydro,4,ph_upper_bound,true,18,854,MW,0,NaN,
20260811_121452_stage_B_2C_4168a6e9,INEQ-LOWER-D014-H06-PF01,inequality,14,6,thermal,1,pf_lower_bound,true,19,855,MW,0,NaN,
20260811_121452_stage_B_2C_4168a6e9,INEQ-UPPER-D014-H06-PF01,inequality,14,6,thermal,1,pf_upper_bound,true,20,856,MW,0,NaN,
20260811_121452_stage_B_2C_4168a6e9,INEQ-LOWER-D014-H06-PF02,inequality,14,6,thermal,2,pf_lower_bound,true,21,857,MW,0,NaN,
20260811_121452_stage_B_2C_4168a6e9,INEQ-UPPER-D014-H06-PF02,inequality,14,6,thermal,2,pf_upper_bound,true,22,858,MW,0,NaN,
20260811_121452_stage_B_2C_4168a6e9,INEQ-LOWER-D014-H06-PF03,inequality,14,6,thermal,3,pf_lower_bound,true,23,859,MW,0,NaN,
20260811_121452_stage_B_2C_4168a6e9,INEQ-UPPER-D014-H06-PF03,inequality,14,6,thermal,3,pf_upper_bound,true,24,860,MW,0,NaN,
20260811_121452_stage_B_2C_4168a6e9,INEQ-LOWER-D014-H06-PF04,inequality,14,6,thermal,4,pf_lower_bound,true,25,861,MW,0,NaN,
20260811_121452_stage_B_2C_4168a6e9,INEQ-UPPER-D014-H06-PF04,inequality,14,6,thermal,4,pf_upper_bound,true,26,862,MW,0,NaN,
20260811_121452_stage_B_2C_4168a6e9,INEQ-LOWER-D014-H06-Pch01,inequality,14,6,storage,1,pch_lower_bound,true,27,863,MW,0,NaN,
20260811_121452_stage_B_2C_4168a6e9,INEQ-UPPER-D014-H06-Pch01,inequality,14,6,storage,1,pch_upper_bound,true,28,864,MW,0,NaN,
20260811_121452_stage_B_2C_4168a6e9,INEQ-LOWER-D014-H06-Pch02,inequality,14,6,storage,2,pch_lower_bound,true,29,865,MW,0,NaN,
20260811_121452_stage_B_2C_4168a6e9,INEQ-UPPER-D014-H06-Pch02,inequality,14,6,storage,2,pch_upper_bound,true,30,866,MW,0,NaN,
20260811_121452_stage_B_2C_4168a6e9,INEQ-LOWER-D014-H06-Pdis01,inequality,14,6,storage,1,pdis_lower_bound,true,31,867,MW,0,NaN,
20260811_121452_stage_B_2C_4168a6e9,INEQ-UPPER-D014-H06-Pdis01,inequality,14,6,storage,1,pdis_upper_bound,true,32,868,MW,0,NaN,
20260811_121452_stage_B_2C_4168a6e9,INEQ-LOWER-D014-H06-Pdis02,inequality,14,6,storage,2,pdis_lower_bound,true,33,869,MW,0,NaN,
20260811_121452_stage_B_2C_4168a6e9,INEQ-UPPER-D014-H06-Pdis02,inequality,14,6,storage,2,pdis_upper_bound,true,34,870,MW,0,NaN,
20260811_121452_stage_B_2C_4168a6e9,INEQ-LOWER-D014-H06-SOC01,inequality,14,6,storage,1,soc_lower_bound,true,35,871,MWh,0,NaN,
20260811_121452_stage_B_2C_4168a6e9,INEQ-UPPER-D014-H06-SOC01,inequality,14,6,storage,1,soc_upper_bound,true,36,872,MWh,0,NaN,
20260811_121452_stage_B_2C_4168a6e9,INEQ-LOWER-D014-H06-SOC02,inequality,14,6,storage,2,soc_lower_bound,true,37,873,MWh,0,NaN,
20260811_121452_stage_B_2C_4168a6e9,INEQ-UPPER-D014-H06-SOC02,inequality,14,6,storage,2,soc_upper_bound,true,38,874,MWh,0,NaN,
20260811_121452_stage_B_2C_4168a6e9,INEQ-LOWER-D014-H07-PW01,inequality,14,7,wind,1,pw_lower_bound,true,1,875,MW,0,NaN,
20260811_121452_stage_B_2C_4168a6e9,INEQ-UPPER-D014-H07-PW01,inequality,14,7,wind,1,pw_upper_bound,true,2,876,MW,0,NaN,
20260811_121452_stage_B_2C_4168a6e9,INEQ-LOWER-D014-H07-PW02,inequality,14,7,wind,2,pw_lower_bound,true,3,877,MW,0,NaN,
20260811_121452_stage_B_2C_4168a6e9,INEQ-UPPER-D014-H07-PW02,inequality,14,7,wind,2,pw_upper_bound,true,4,878,MW,0,NaN,
20260811_121452_stage_B_2C_4168a6e9,INEQ-LOWER-D014-H07-PW03,inequality,14,7,wind,3,pw_lower_bound,true,5,879,MW,0,NaN,
20260811_121452_stage_B_2C_4168a6e9,INEQ-UPPER-D014-H07-PW03,inequality,14,7,wind,3,pw_upper_bound,true,6,880,MW,0,NaN,
20260811_121452_stage_B_2C_4168a6e9,INEQ-LOWER-D014-H07-PW04,inequality,14,7,wind,4,pw_lower_bound,true,7,881,MW,0,NaN,
20260811_121452_stage_B_2C_4168a6e9,INEQ-UPPER-D014-H07-PW04,inequality,14,7,wind,4,pw_upper_bound,true,8,882,MW,0,NaN,
20260811_121452_stage_B_2C_4168a6e9,INEQ-LOWER-D014-H07-PW05,inequality,14,7,wind,5,pw_lower_bound,true,9,883,MW,0,NaN,
20260811_121452_stage_B_2C_4168a6e9,INEQ-UPPER-D014-H07-PW05,inequality,14,7,wind,5,pw_upper_bound,true,10,884,MW,0,NaN,
20260811_121452_stage_B_2C_4168a6e9,INEQ-LOWER-D014-H07-PH01,inequality,14,7,hydro,1,ph_lower_bound,true,11,885,MW,0,NaN,
20260811_121452_stage_B_2C_4168a6e9,INEQ-UPPER-D014-H07-PH01,inequality,14,7,hydro,1,ph_upper_bound,true,12,886,MW,0,NaN,
20260811_121452_stage_B_2C_4168a6e9,INEQ-LOWER-D014-H07-PH02,inequality,14,7,hydro,2,ph_lower_bound,true,13,887,MW,0,NaN,
20260811_121452_stage_B_2C_4168a6e9,INEQ-UPPER-D014-H07-PH02,inequality,14,7,hydro,2,ph_upper_bound,true,14,888,MW,0,NaN,
20260811_121452_stage_B_2C_4168a6e9,INEQ-LOWER-D014-H07-PH03,inequality,14,7,hydro,3,ph_lower_bound,true,15,889,MW,0,NaN,
20260811_121452_stage_B_2C_4168a6e9,INEQ-UPPER-D014-H07-PH03,inequality,14,7,hydro,3,ph_upper_bound,true,16,890,MW,0,NaN,
20260811_121452_stage_B_2C_4168a6e9,INEQ-LOWER-D014-H07-PH04,inequality,14,7,hydro,4,ph_lower_bound,true,17,891,MW,0,NaN,
20260811_121452_stage_B_2C_4168a6e9,INEQ-UPPER-D014-H07-PH04,inequality,14,7,hydro,4,ph_upper_bound,true,18,892,MW,0,NaN,
20260811_121452_stage_B_2C_4168a6e9,INEQ-LOWER-D014-H07-PF01,inequality,14,7,thermal,1,pf_lower_bound,true,19,893,MW,0,NaN,
20260811_121452_stage_B_2C_4168a6e9,INEQ-UPPER-D014-H07-PF01,inequality,14,7,thermal,1,pf_upper_bound,true,20,894,MW,0,NaN,
20260811_121452_stage_B_2C_4168a6e9,INEQ-LOWER-D014-H07-PF02,inequality,14,7,thermal,2,pf_lower_bound,true,21,895,MW,0,NaN,
20260811_121452_stage_B_2C_4168a6e9,INEQ-UPPER-D014-H07-PF02,inequality,14,7,thermal,2,pf_upper_bound,true,22,896,MW,0,NaN,
20260811_121452_stage_B_2C_4168a6e9,INEQ-LOWER-D014-H07-PF03,inequality,14,7,thermal,3,pf_lower_bound,true,23,897,MW,0,NaN,
20260811_121452_stage_B_2C_4168a6e9,INEQ-UPPER-D014-H07-PF03,inequality,14,7,thermal,3,pf_upper_bound,true,24,898,MW,0,NaN,
20260811_121452_stage_B_2C_4168a6e9,INEQ-LOWER-D014-H07-PF04,inequality,14,7,thermal,4,pf_lower_bound,true,25,899,MW,0,NaN,
20260811_121452_stage_B_2C_4168a6e9,INEQ-UPPER-D014-H07-PF04,inequality,14,7,thermal,4,pf_upper_bound,true,26,900,MW,0,NaN,
20260811_121452_stage_B_2C_4168a6e9,INEQ-LOWER-D014-H07-Pch01,inequality,14,7,storage,1,pch_lower_bound,true,27,901,MW,0,NaN,
20260811_121452_stage_B_2C_4168a6e9,INEQ-UPPER-D014-H07-Pch01,inequality,14,7,storage,1,pch_upper_bound,true,28,902,MW,0,NaN,
20260811_121452_stage_B_2C_4168a6e9,INEQ-LOWER-D014-H07-Pch02,inequality,14,7,storage,2,pch_lower_bound,true,29,903,MW,0,NaN,
20260811_121452_stage_B_2C_4168a6e9,INEQ-UPPER-D014-H07-Pch02,inequality,14,7,storage,2,pch_upper_bound,true,30,904,MW,0,NaN,
20260811_121452_stage_B_2C_4168a6e9,INEQ-LOWER-D014-H07-Pdis01,inequality,14,7,storage,1,pdis_lower_bound,true,31,905,MW,0,NaN,
20260811_121452_stage_B_2C_4168a6e9,INEQ-UPPER-D014-H07-Pdis01,inequality,14,7,storage,1,pdis_upper_bound,true,32,906,MW,0,NaN,
20260811_121452_stage_B_2C_4168a6e9,INEQ-LOWER-D014-H07-Pdis02,inequality,14,7,storage,2,pdis_lower_bound,true,33,907,MW,0,NaN,
20260811_121452_stage_B_2C_4168a6e9,INEQ-UPPER-D014-H07-Pdis02,inequality,14,7,storage,2,pdis_upper_bound,true,34,908,MW,0,NaN,
20260811_121452_stage_B_2C_4168a6e9,INEQ-LOWER-D014-H07-SOC01,inequality,14,7,storage,1,soc_lower_bound,true,35,909,MWh,0,NaN,
20260811_121452_stage_B_2C_4168a6e9,INEQ-UPPER-D014-H07-SOC01,inequality,14,7,storage,1,soc_upper_bound,true,36,910,MWh,0,NaN,
20260811_121452_stage_B_2C_4168a6e9,INEQ-LOWER-D014-H07-SOC02,inequality,14,7,storage,2,soc_lower_bound,true,37,911,MWh,0,NaN,
20260811_121452_stage_B_2C_4168a6e9,INEQ-UPPER-D014-H07-SOC02,inequality,14,7,storage,2,soc_upper_bound,true,38,912,MWh,0,NaN,
20260811_121452_stage_B_2C_4168a6e9,INEQ-LOWER-D014-H08-PW01,inequality,14,8,wind,1,pw_lower_bound,true,1,913,MW,0,NaN,
20260811_121452_stage_B_2C_4168a6e9,INEQ-UPPER-D014-H08-PW01,inequality,14,8,wind,1,pw_upper_bound,true,2,914,MW,0,NaN,
20260811_121452_stage_B_2C_4168a6e9,INEQ-LOWER-D014-H08-PW02,inequality,14,8,wind,2,pw_lower_bound,true,3,915,MW,0,NaN,
20260811_121452_stage_B_2C_4168a6e9,INEQ-UPPER-D014-H08-PW02,inequality,14,8,wind,2,pw_upper_bound,true,4,916,MW,0,NaN,
20260811_121452_stage_B_2C_4168a6e9,INEQ-LOWER-D014-H08-PW03,inequality,14,8,wind,3,pw_lower_bound,true,5,917,MW,0,NaN,
20260811_121452_stage_B_2C_4168a6e9,INEQ-UPPER-D014-H08-PW03,inequality,14,8,wind,3,pw_upper_bound,true,6,918,MW,0,NaN,
20260811_121452_stage_B_2C_4168a6e9,INEQ-LOWER-D014-H08-PW04,inequality,14,8,wind,4,pw_lower_bound,true,7,919,MW,0,NaN,
20260811_121452_stage_B_2C_4168a6e9,INEQ-UPPER-D014-H08-PW04,inequality,14,8,wind,4,pw_upper_bound,true,8,920,MW,0,NaN,
20260811_121452_stage_B_2C_4168a6e9,INEQ-LOWER-D014-H08-PW05,inequality,14,8,wind,5,pw_lower_bound,true,9,921,MW,0,NaN,
20260811_121452_stage_B_2C_4168a6e9,INEQ-UPPER-D014-H08-PW05,inequality,14,8,wind,5,pw_upper_bound,true,10,922,MW,0,NaN,
20260811_121452_stage_B_2C_4168a6e9,INEQ-LOWER-D014-H08-PP01,inequality,14,8,solar,1,pp_lower_bound,true,11,923,MW,0,NaN,
20260811_121452_stage_B_2C_4168a6e9,INEQ-UPPER-D014-H08-PP01,inequality,14,8,solar,1,pp_upper_bound,true,12,924,MW,0,NaN,
20260811_121452_stage_B_2C_4168a6e9,INEQ-LOWER-D014-H08-PP02,inequality,14,8,solar,2,pp_lower_bound,true,13,925,MW,0,NaN,
20260811_121452_stage_B_2C_4168a6e9,INEQ-UPPER-D014-H08-PP02,inequality,14,8,solar,2,pp_upper_bound,true,14,926,MW,0,NaN,
20260811_121452_stage_B_2C_4168a6e9,INEQ-LOWER-D014-H08-PP03,inequality,14,8,solar,3,pp_lower_bound,true,15,927,MW,0,NaN,
20260811_121452_stage_B_2C_4168a6e9,INEQ-UPPER-D014-H08-PP03,inequality,14,8,solar,3,pp_upper_bound,true,16,928,MW,0,NaN,
20260811_121452_stage_B_2C_4168a6e9,INEQ-LOWER-D014-H08-PP04,inequality,14,8,solar,4,pp_lower_bound,true,17,929,MW,0,NaN,
20260811_121452_stage_B_2C_4168a6e9,INEQ-UPPER-D014-H08-PP04,inequality,14,8,solar,4,pp_upper_bound,true,18,930,MW,0,NaN,
20260811_121452_stage_B_2C_4168a6e9,INEQ-LOWER-D014-H08-PP05,inequality,14,8,solar,5,pp_lower_bound,true,19,931,MW,0,NaN,
20260811_121452_stage_B_2C_4168a6e9,INEQ-UPPER-D014-H08-PP05,inequality,14,8,solar,5,pp_upper_bound,true,20,932,MW,0,NaN,
20260811_121452_stage_B_2C_4168a6e9,INEQ-LOWER-D014-H08-PH01,inequality,14,8,hydro,1,ph_lower_bound,true,21,933,MW,0,NaN,
20260811_121452_stage_B_2C_4168a6e9,INEQ-UPPER-D014-H08-PH01,inequality,14,8,hydro,1,ph_upper_bound,true,22,934,MW,0,NaN,
20260811_121452_stage_B_2C_4168a6e9,INEQ-LOWER-D014-H08-PH02,inequality,14,8,hydro,2,ph_lower_bound,true,23,935,MW,0,NaN,
20260811_121452_stage_B_2C_4168a6e9,INEQ-UPPER-D014-H08-PH02,inequality,14,8,hydro,2,ph_upper_bound,true,24,936,MW,0,NaN,
20260811_121452_stage_B_2C_4168a6e9,INEQ-LOWER-D014-H08-PH03,inequality,14,8,hydro,3,ph_lower_bound,true,25,937,MW,0,NaN,
20260811_121452_stage_B_2C_4168a6e9,INEQ-UPPER-D014-H08-PH03,inequality,14,8,hydro,3,ph_upper_bound,true,26,938,MW,0,NaN,
20260811_121452_stage_B_2C_4168a6e9,INEQ-LOWER-D014-H08-PH04,inequality,14,8,hydro,4,ph_lower_bound,true,27,939,MW,0,NaN,
20260811_121452_stage_B_2C_4168a6e9,INEQ-UPPER-D014-H08-PH04,inequality,14,8,hydro,4,ph_upper_bound,true,28,940,MW,0,NaN,
20260811_121452_stage_B_2C_4168a6e9,INEQ-LOWER-D014-H08-PF01,inequality,14,8,thermal,1,pf_lower_bound,true,29,941,MW,0,NaN,
20260811_121452_stage_B_2C_4168a6e9,INEQ-UPPER-D014-H08-PF01,inequality,14,8,thermal,1,pf_upper_bound,true,30,942,MW,0,NaN,
20260811_121452_stage_B_2C_4168a6e9,INEQ-LOWER-D014-H08-PF02,inequality,14,8,thermal,2,pf_lower_bound,true,31,943,MW,0,NaN,
20260811_121452_stage_B_2C_4168a6e9,INEQ-UPPER-D014-H08-PF02,inequality,14,8,thermal,2,pf_upper_bound,true,32,944,MW,0,NaN,
20260811_121452_stage_B_2C_4168a6e9,INEQ-LOWER-D014-H08-PF03,inequality,14,8,thermal,3,pf_lower_bound,true,33,945,MW,0,NaN,
20260811_121452_stage_B_2C_4168a6e9,INEQ-UPPER-D014-H08-PF03,inequality,14,8,thermal,3,pf_upper_bound,true,34,946,MW,0,NaN,
20260811_121452_stage_B_2C_4168a6e9,INEQ-LOWER-D014-H08-PF04,inequality,14,8,thermal,4,pf_lower_bound,true,35,947,MW,0,NaN,
20260811_121452_stage_B_2C_4168a6e9,INEQ-UPPER-D014-H08-PF04,inequality,14,8,thermal,4,pf_upper_bound,true,36,948,MW,0,NaN,
20260811_121452_stage_B_2C_4168a6e9,INEQ-LOWER-D014-H08-Pch01,inequality,14,8,storage,1,pch_lower_bound,true,37,949,MW,0,NaN,
20260811_121452_stage_B_2C_4168a6e9,INEQ-UPPER-D014-H08-Pch01,inequality,14,8,storage,1,pch_upper_bound,true,38,950,MW,0,NaN,
20260811_121452_stage_B_2C_4168a6e9,INEQ-LOWER-D014-H08-Pch02,inequality,14,8,storage,2,pch_lower_bound,true,39,951,MW,0,NaN,
20260811_121452_stage_B_2C_4168a6e9,INEQ-UPPER-D014-H08-Pch02,inequality,14,8,storage,2,pch_upper_bound,true,40,952,MW,0,NaN,
20260811_121452_stage_B_2C_4168a6e9,INEQ-LOWER-D014-H08-Pdis01,inequality,14,8,storage,1,pdis_lower_bound,true,41,953,MW,0,NaN,
20260811_121452_stage_B_2C_4168a6e9,INEQ-UPPER-D014-H08-Pdis01,inequality,14,8,storage,1,pdis_upper_bound,true,42,954,MW,0,NaN,
20260811_121452_stage_B_2C_4168a6e9,INEQ-LOWER-D014-H08-Pdis02,inequality,14,8,storage,2,pdis_lower_bound,true,43,955,MW,0,NaN,
20260811_121452_stage_B_2C_4168a6e9,INEQ-UPPER-D014-H08-Pdis02,inequality,14,8,storage,2,pdis_upper_bound,true,44,956,MW,0,NaN,
20260811_121452_stage_B_2C_4168a6e9,INEQ-LOWER-D014-H08-SOC01,inequality,14,8,storage,1,soc_lower_bound,true,45,957,MWh,0,NaN,
20260811_121452_stage_B_2C_4168a6e9,INEQ-UPPER-D014-H08-SOC01,inequality,14,8,storage,1,soc_upper_bound,true,46,958,MWh,0,NaN,
20260811_121452_stage_B_2C_4168a6e9,INEQ-LOWER-D014-H08-SOC02,inequality,14,8,storage,2,soc_lower_bound,true,47,959,MWh,0,NaN,
20260811_121452_stage_B_2C_4168a6e9,INEQ-UPPER-D014-H08-SOC02,inequality,14,8,storage,2,soc_upper_bound,true,48,960,MWh,0,NaN,
20260811_121452_stage_B_2C_4168a6e9,INEQ-LOWER-D014-H09-PW01,inequality,14,9,wind,1,pw_lower_bound,true,1,961,MW,0,NaN,
20260811_121452_stage_B_2C_4168a6e9,INEQ-UPPER-D014-H09-PW01,inequality,14,9,wind,1,pw_upper_bound,true,2,962,MW,0,NaN,
20260811_121452_stage_B_2C_4168a6e9,INEQ-LOWER-D014-H09-PW02,inequality,14,9,wind,2,pw_lower_bound,true,3,963,MW,0,NaN,
20260811_121452_stage_B_2C_4168a6e9,INEQ-UPPER-D014-H09-PW02,inequality,14,9,wind,2,pw_upper_bound,true,4,964,MW,0,NaN,
20260811_121452_stage_B_2C_4168a6e9,INEQ-LOWER-D014-H09-PW03,inequality,14,9,wind,3,pw_lower_bound,true,5,965,MW,0,NaN,
20260811_121452_stage_B_2C_4168a6e9,INEQ-UPPER-D014-H09-PW03,inequality,14,9,wind,3,pw_upper_bound,true,6,966,MW,0,NaN,
20260811_121452_stage_B_2C_4168a6e9,INEQ-LOWER-D014-H09-PW04,inequality,14,9,wind,4,pw_lower_bound,true,7,967,MW,0,NaN,
20260811_121452_stage_B_2C_4168a6e9,INEQ-UPPER-D014-H09-PW04,inequality,14,9,wind,4,pw_upper_bound,true,8,968,MW,0,NaN,
20260811_121452_stage_B_2C_4168a6e9,INEQ-LOWER-D014-H09-PW05,inequality,14,9,wind,5,pw_lower_bound,true,9,969,MW,0,NaN,
20260811_121452_stage_B_2C_4168a6e9,INEQ-UPPER-D014-H09-PW05,inequality,14,9,wind,5,pw_upper_bound,true,10,970,MW,0,NaN,
20260811_121452_stage_B_2C_4168a6e9,INEQ-LOWER-D014-H09-PP01,inequality,14,9,solar,1,pp_lower_bound,true,11,971,MW,0,NaN,
20260811_121452_stage_B_2C_4168a6e9,INEQ-UPPER-D014-H09-PP01,inequality,14,9,solar,1,pp_upper_bound,true,12,972,MW,0,NaN,
20260811_121452_stage_B_2C_4168a6e9,INEQ-LOWER-D014-H09-PP02,inequality,14,9,solar,2,pp_lower_bound,true,13,973,MW,0,NaN,
20260811_121452_stage_B_2C_4168a6e9,INEQ-UPPER-D014-H09-PP02,inequality,14,9,solar,2,pp_upper_bound,true,14,974,MW,0,NaN,
20260811_121452_stage_B_2C_4168a6e9,INEQ-LOWER-D014-H09-PP03,inequality,14,9,solar,3,pp_lower_bound,true,15,975,MW,0,NaN,
20260811_121452_stage_B_2C_4168a6e9,INEQ-UPPER-D014-H09-PP03,inequality,14,9,solar,3,pp_upper_bound,true,16,976,MW,0,NaN,
20260811_121452_stage_B_2C_4168a6e9,INEQ-LOWER-D014-H09-PP04,inequality,14,9,solar,4,pp_lower_bound,true,17,977,MW,0,NaN,
20260811_121452_stage_B_2C_4168a6e9,INEQ-UPPER-D014-H09-PP04,inequality,14,9,solar,4,pp_upper_bound,true,18,978,MW,0,NaN,
20260811_121452_stage_B_2C_4168a6e9,INEQ-LOWER-D014-H09-PP05,inequality,14,9,solar,5,pp_lower_bound,true,19,979,MW,0,NaN,
20260811_121452_stage_B_2C_4168a6e9,INEQ-UPPER-D014-H09-PP05,inequality,14,9,solar,5,pp_upper_bound,true,20,980,MW,0,NaN,
20260811_121452_stage_B_2C_4168a6e9,INEQ-LOWER-D014-H09-PH01,inequality,14,9,hydro,1,ph_lower_bound,true,21,981,MW,0,NaN,
20260811_121452_stage_B_2C_4168a6e9,INEQ-UPPER-D014-H09-PH01,inequality,14,9,hydro,1,ph_upper_bound,true,22,982,MW,0,NaN,
20260811_121452_stage_B_2C_4168a6e9,INEQ-LOWER-D014-H09-PH02,inequality,14,9,hydro,2,ph_lower_bound,true,23,983,MW,0,NaN,
20260811_121452_stage_B_2C_4168a6e9,INEQ-UPPER-D014-H09-PH02,inequality,14,9,hydro,2,ph_upper_bound,true,24,984,MW,0,NaN,
20260811_121452_stage_B_2C_4168a6e9,INEQ-LOWER-D014-H09-PH03,inequality,14,9,hydro,3,ph_lower_bound,true,25,985,MW,0,NaN,
20260811_121452_stage_B_2C_4168a6e9,INEQ-UPPER-D014-H09-PH03,inequality,14,9,hydro,3,ph_upper_bound,true,26,986,MW,0,NaN,
20260811_121452_stage_B_2C_4168a6e9,INEQ-LOWER-D014-H09-PH04,inequality,14,9,hydro,4,ph_lower_bound,true,27,987,MW,0,NaN,
20260811_121452_stage_B_2C_4168a6e9,INEQ-UPPER-D014-H09-PH04,inequality,14,9,hydro,4,ph_upper_bound,true,28,988,MW,0,NaN,
20260811_121452_stage_B_2C_4168a6e9,INEQ-LOWER-D014-H09-PF01,inequality,14,9,thermal,1,pf_lower_bound,true,29,989,MW,0,NaN,
20260811_121452_stage_B_2C_4168a6e9,INEQ-UPPER-D014-H09-PF01,inequality,14,9,thermal,1,pf_upper_bound,true,30,990,MW,0,NaN,
20260811_121452_stage_B_2C_4168a6e9,INEQ-LOWER-D014-H09-PF02,inequality,14,9,thermal,2,pf_lower_bound,true,31,991,MW,0,NaN,
20260811_121452_stage_B_2C_4168a6e9,INEQ-UPPER-D014-H09-PF02,inequality,14,9,thermal,2,pf_upper_bound,true,32,992,MW,0,NaN,
20260811_121452_stage_B_2C_4168a6e9,INEQ-LOWER-D014-H09-PF03,inequality,14,9,thermal,3,pf_lower_bound,true,33,993,MW,0,NaN,
20260811_121452_stage_B_2C_4168a6e9,INEQ-UPPER-D014-H09-PF03,inequality,14,9,thermal,3,pf_upper_bound,true,34,994,MW,0,NaN,
20260811_121452_stage_B_2C_4168a6e9,INEQ-LOWER-D014-H09-PF04,inequality,14,9,thermal,4,pf_lower_bound,true,35,995,MW,0,NaN,
20260811_121452_stage_B_2C_4168a6e9,INEQ-UPPER-D014-H09-PF04,inequality,14,9,thermal,4,pf_upper_bound,true,36,996,MW,0,NaN,
20260811_121452_stage_B_2C_4168a6e9,INEQ-LOWER-D014-H09-Pch01,inequality,14,9,storage,1,pch_lower_bound,true,37,997,MW,0,NaN,
20260811_121452_stage_B_2C_4168a6e9,INEQ-UPPER-D014-H09-Pch01,inequality,14,9,storage,1,pch_upper_bound,true,38,998,MW,0,NaN,
20260811_121452_stage_B_2C_4168a6e9,INEQ-LOWER-D014-H09-Pch02,inequality,14,9,storage,2,pch_lower_bound,true,39,999,MW,0,NaN,
20260811_121452_stage_B_2C_4168a6e9,INEQ-UPPER-D014-H09-Pch02,inequality,14,9,storage,2,pch_upper_bound,true,40,1000,MW,0,NaN,
20260811_121452_stage_B_2C_4168a6e9,INEQ-LOWER-D014-H09-Pdis01,inequality,14,9,storage,1,pdis_lower_bound,true,41,1001,MW,0,NaN,
20260811_121452_stage_B_2C_4168a6e9,INEQ-UPPER-D014-H09-Pdis01,inequality,14,9,storage,1,pdis_upper_bound,true,42,1002,MW,0,NaN,
20260811_121452_stage_B_2C_4168a6e9,INEQ-LOWER-D014-H09-Pdis02,inequality,14,9,storage,2,pdis_lower_bound,true,43,1003,MW,0,NaN,
20260811_121452_stage_B_2C_4168a6e9,INEQ-UPPER-D014-H09-Pdis02,inequality,14,9,storage,2,pdis_upper_bound,true,44,1004,MW,0,NaN,
20260811_121452_stage_B_2C_4168a6e9,INEQ-LOWER-D014-H09-SOC01,inequality,14,9,storage,1,soc_lower_bound,true,45,1005,MWh,0,NaN,
20260811_121452_stage_B_2C_4168a6e9,INEQ-UPPER-D014-H09-SOC01,inequality,14,9,storage,1,soc_upper_bound,true,46,1006,MWh,0,NaN,
20260811_121452_stage_B_2C_4168a6e9,INEQ-LOWER-D014-H09-SOC02,inequality,14,9,storage,2,soc_lower_bound,true,47,1007,MWh,0,NaN,
20260811_121452_stage_B_2C_4168a6e9,INEQ-UPPER-D014-H09-SOC02,inequality,14,9,storage,2,soc_upper_bound,true,48,1008,MWh,0,NaN,
20260811_121452_stage_B_2C_4168a6e9,INEQ-LOWER-D014-H10-PW01,inequality,14,10,wind,1,pw_lower_bound,true,1,1009,MW,0,NaN,
20260811_121452_stage_B_2C_4168a6e9,INEQ-UPPER-D014-H10-PW01,inequality,14,10,wind,1,pw_upper_bound,true,2,1010,MW,0,NaN,
20260811_121452_stage_B_2C_4168a6e9,INEQ-LOWER-D014-H10-PW02,inequality,14,10,wind,2,pw_lower_bound,true,3,1011,MW,0,NaN,
20260811_121452_stage_B_2C_4168a6e9,INEQ-UPPER-D014-H10-PW02,inequality,14,10,wind,2,pw_upper_bound,true,4,1012,MW,0,NaN,
20260811_121452_stage_B_2C_4168a6e9,INEQ-LOWER-D014-H10-PW03,inequality,14,10,wind,3,pw_lower_bound,true,5,1013,MW,0,NaN,
20260811_121452_stage_B_2C_4168a6e9,INEQ-UPPER-D014-H10-PW03,inequality,14,10,wind,3,pw_upper_bound,true,6,1014,MW,0,NaN,
20260811_121452_stage_B_2C_4168a6e9,INEQ-LOWER-D014-H10-PW04,inequality,14,10,wind,4,pw_lower_bound,true,7,1015,MW,0,NaN,
20260811_121452_stage_B_2C_4168a6e9,INEQ-UPPER-D014-H10-PW04,inequality,14,10,wind,4,pw_upper_bound,true,8,1016,MW,0,NaN,
20260811_121452_stage_B_2C_4168a6e9,INEQ-LOWER-D014-H10-PW05,inequality,14,10,wind,5,pw_lower_bound,true,9,1017,MW,0,NaN,
20260811_121452_stage_B_2C_4168a6e9,INEQ-UPPER-D014-H10-PW05,inequality,14,10,wind,5,pw_upper_bound,true,10,1018,MW,0,NaN,
20260811_121452_stage_B_2C_4168a6e9,INEQ-LOWER-D014-H10-PP01,inequality,14,10,solar,1,pp_lower_bound,true,11,1019,MW,0,NaN,
20260811_121452_stage_B_2C_4168a6e9,INEQ-UPPER-D014-H10-PP01,inequality,14,10,solar,1,pp_upper_bound,true,12,1020,MW,0,NaN,
20260811_121452_stage_B_2C_4168a6e9,INEQ-LOWER-D014-H10-PP02,inequality,14,10,solar,2,pp_lower_bound,true,13,1021,MW,0,NaN,
20260811_121452_stage_B_2C_4168a6e9,INEQ-UPPER-D014-H10-PP02,inequality,14,10,solar,2,pp_upper_bound,true,14,1022,MW,0,NaN,
20260811_121452_stage_B_2C_4168a6e9,INEQ-LOWER-D014-H10-PP03,inequality,14,10,solar,3,pp_lower_bound,true,15,1023,MW,0,NaN,
20260811_121452_stage_B_2C_4168a6e9,INEQ-UPPER-D014-H10-PP03,inequality,14,10,solar,3,pp_upper_bound,true,16,1024,MW,0,NaN,
20260811_121452_stage_B_2C_4168a6e9,INEQ-LOWER-D014-H10-PP04,inequality,14,10,solar,4,pp_lower_bound,true,17,1025,MW,0,NaN,
20260811_121452_stage_B_2C_4168a6e9,INEQ-UPPER-D014-H10-PP04,inequality,14,10,solar,4,pp_upper_bound,true,18,1026,MW,0,NaN,
20260811_121452_stage_B_2C_4168a6e9,INEQ-LOWER-D014-H10-PP05,inequality,14,10,solar,5,pp_lower_bound,true,19,1027,MW,0,NaN,
20260811_121452_stage_B_2C_4168a6e9,INEQ-UPPER-D014-H10-PP05,inequality,14,10,solar,5,pp_upper_bound,true,20,1028,MW,0,NaN,
20260811_121452_stage_B_2C_4168a6e9,INEQ-LOWER-D014-H10-PH01,inequality,14,10,hydro,1,ph_lower_bound,true,21,1029,MW,0,NaN,
20260811_121452_stage_B_2C_4168a6e9,INEQ-UPPER-D014-H10-PH01,inequality,14,10,hydro,1,ph_upper_bound,true,22,1030,MW,0,NaN,
20260811_121452_stage_B_2C_4168a6e9,INEQ-LOWER-D014-H10-PH02,inequality,14,10,hydro,2,ph_lower_bound,true,23,1031,MW,0,NaN,
20260811_121452_stage_B_2C_4168a6e9,INEQ-UPPER-D014-H10-PH02,inequality,14,10,hydro,2,ph_upper_bound,true,24,1032,MW,0,NaN,
20260811_121452_stage_B_2C_4168a6e9,INEQ-LOWER-D014-H10-PH03,inequality,14,10,hydro,3,ph_lower_bound,true,25,1033,MW,0,NaN,
20260811_121452_stage_B_2C_4168a6e9,INEQ-UPPER-D014-H10-PH03,inequality,14,10,hydro,3,ph_upper_bound,true,26,1034,MW,0,NaN,
20260811_121452_stage_B_2C_4168a6e9,INEQ-LOWER-D014-H10-PH04,inequality,14,10,hydro,4,ph_lower_bound,true,27,1035,MW,0,NaN,
20260811_121452_stage_B_2C_4168a6e9,INEQ-UPPER-D014-H10-PH04,inequality,14,10,hydro,4,ph_upper_bound,true,28,1036,MW,0,NaN,
20260811_121452_stage_B_2C_4168a6e9,INEQ-LOWER-D014-H10-PF01,inequality,14,10,thermal,1,pf_lower_bound,true,29,1037,MW,0,NaN,
20260811_121452_stage_B_2C_4168a6e9,INEQ-UPPER-D014-H10-PF01,inequality,14,10,thermal,1,pf_upper_bound,true,30,1038,MW,0,NaN,
20260811_121452_stage_B_2C_4168a6e9,INEQ-LOWER-D014-H10-PF02,inequality,14,10,thermal,2,pf_lower_bound,true,31,1039,MW,0,NaN,
20260811_121452_stage_B_2C_4168a6e9,INEQ-UPPER-D014-H10-PF02,inequality,14,10,thermal,2,pf_upper_bound,true,32,1040,MW,0,NaN,
20260811_121452_stage_B_2C_4168a6e9,INEQ-LOWER-D014-H10-PF03,inequality,14,10,thermal,3,pf_lower_bound,true,33,1041,MW,0,NaN,
20260811_121452_stage_B_2C_4168a6e9,INEQ-UPPER-D014-H10-PF03,inequality,14,10,thermal,3,pf_upper_bound,true,34,1042,MW,0,NaN,
20260811_121452_stage_B_2C_4168a6e9,INEQ-LOWER-D014-H10-PF04,inequality,14,10,thermal,4,pf_lower_bound,true,35,1043,MW,0,NaN,
20260811_121452_stage_B_2C_4168a6e9,INEQ-UPPER-D014-H10-PF04,inequality,14,10,thermal,4,pf_upper_bound,true,36,1044,MW,0,NaN,
20260811_121452_stage_B_2C_4168a6e9,INEQ-LOWER-D014-H10-Pch01,inequality,14,10,storage,1,pch_lower_bound,true,37,1045,MW,0,NaN,
20260811_121452_stage_B_2C_4168a6e9,INEQ-UPPER-D014-H10-Pch01,inequality,14,10,storage,1,pch_upper_bound,true,38,1046,MW,0,NaN,
20260811_121452_stage_B_2C_4168a6e9,INEQ-LOWER-D014-H10-Pch02,inequality,14,10,storage,2,pch_lower_bound,true,39,1047,MW,0,NaN,
20260811_121452_stage_B_2C_4168a6e9,INEQ-UPPER-D014-H10-Pch02,inequality,14,10,storage,2,pch_upper_bound,true,40,1048,MW,0,NaN,
20260811_121452_stage_B_2C_4168a6e9,INEQ-LOWER-D014-H10-Pdis01,inequality,14,10,storage,1,pdis_lower_bound,true,41,1049,MW,0,NaN,
20260811_121452_stage_B_2C_4168a6e9,INEQ-UPPER-D014-H10-Pdis01,inequality,14,10,storage,1,pdis_upper_bound,true,42,1050,MW,0,NaN,
20260811_121452_stage_B_2C_4168a6e9,INEQ-LOWER-D014-H10-Pdis02,inequality,14,10,storage,2,pdis_lower_bound,true,43,1051,MW,0,NaN,
20260811_121452_stage_B_2C_4168a6e9,INEQ-UPPER-D014-H10-Pdis02,inequality,14,10,storage,2,pdis_upper_bound,true,44,1052,MW,0,NaN,
20260811_121452_stage_B_2C_4168a6e9,INEQ-LOWER-D014-H10-SOC01,inequality,14,10,storage,1,soc_lower_bound,true,45,1053,MWh,0,NaN,
20260811_121452_stage_B_2C_4168a6e9,INEQ-UPPER-D014-H10-SOC01,inequality,14,10,storage,1,soc_upper_bound,true,46,1054,MWh,0,NaN,
20260811_121452_stage_B_2C_4168a6e9,INEQ-LOWER-D014-H10-SOC02,inequality,14,10,storage,2,soc_lower_bound,true,47,1055,MWh,0,NaN,
20260811_121452_stage_B_2C_4168a6e9,INEQ-UPPER-D014-H10-SOC02,inequality,14,10,storage,2,soc_upper_bound,true,48,1056,MWh,0,NaN,
20260811_121452_stage_B_2C_4168a6e9,INEQ-LOWER-D014-H11-PW01,inequality,14,11,wind,1,pw_lower_bound,true,1,1057,MW,0,NaN,
20260811_121452_stage_B_2C_4168a6e9,INEQ-UPPER-D014-H11-PW01,inequality,14,11,wind,1,pw_upper_bound,true,2,1058,MW,0,NaN,
20260811_121452_stage_B_2C_4168a6e9,INEQ-LOWER-D014-H11-PW02,inequality,14,11,wind,2,pw_lower_bound,true,3,1059,MW,0,NaN,
20260811_121452_stage_B_2C_4168a6e9,INEQ-UPPER-D014-H11-PW02,inequality,14,11,wind,2,pw_upper_bound,true,4,1060,MW,0,NaN,
20260811_121452_stage_B_2C_4168a6e9,INEQ-LOWER-D014-H11-PW03,inequality,14,11,wind,3,pw_lower_bound,true,5,1061,MW,0,NaN,
20260811_121452_stage_B_2C_4168a6e9,INEQ-UPPER-D014-H11-PW03,inequality,14,11,wind,3,pw_upper_bound,true,6,1062,MW,0,NaN,
20260811_121452_stage_B_2C_4168a6e9,INEQ-LOWER-D014-H11-PW04,inequality,14,11,wind,4,pw_lower_bound,true,7,1063,MW,0,NaN,
20260811_121452_stage_B_2C_4168a6e9,INEQ-UPPER-D014-H11-PW04,inequality,14,11,wind,4,pw_upper_bound,true,8,1064,MW,0,NaN,
20260811_121452_stage_B_2C_4168a6e9,INEQ-LOWER-D014-H11-PW05,inequality,14,11,wind,5,pw_lower_bound,true,9,1065,MW,0,NaN,
20260811_121452_stage_B_2C_4168a6e9,INEQ-UPPER-D014-H11-PW05,inequality,14,11,wind,5,pw_upper_bound,true,10,1066,MW,0,NaN,
20260811_121452_stage_B_2C_4168a6e9,INEQ-LOWER-D014-H11-PP01,inequality,14,11,solar,1,pp_lower_bound,true,11,1067,MW,0,NaN,
20260811_121452_stage_B_2C_4168a6e9,INEQ-UPPER-D014-H11-PP01,inequality,14,11,solar,1,pp_upper_bound,true,12,1068,MW,0,NaN,
20260811_121452_stage_B_2C_4168a6e9,INEQ-LOWER-D014-H11-PP02,inequality,14,11,solar,2,pp_lower_bound,true,13,1069,MW,0,NaN,
20260811_121452_stage_B_2C_4168a6e9,INEQ-UPPER-D014-H11-PP02,inequality,14,11,solar,2,pp_upper_bound,true,14,1070,MW,0,NaN,
20260811_121452_stage_B_2C_4168a6e9,INEQ-LOWER-D014-H11-PP03,inequality,14,11,solar,3,pp_lower_bound,true,15,1071,MW,0,NaN,
20260811_121452_stage_B_2C_4168a6e9,INEQ-UPPER-D014-H11-PP03,inequality,14,11,solar,3,pp_upper_bound,true,16,1072,MW,0,NaN,
20260811_121452_stage_B_2C_4168a6e9,INEQ-LOWER-D014-H11-PP04,inequality,14,11,solar,4,pp_lower_bound,true,17,1073,MW,0,NaN,
20260811_121452_stage_B_2C_4168a6e9,INEQ-UPPER-D014-H11-PP04,inequality,14,11,solar,4,pp_upper_bound,true,18,1074,MW,0,NaN,
20260811_121452_stage_B_2C_4168a6e9,INEQ-LOWER-D014-H11-PP05,inequality,14,11,solar,5,pp_lower_bound,true,19,1075,MW,0,NaN,
20260811_121452_stage_B_2C_4168a6e9,INEQ-UPPER-D014-H11-PP05,inequality,14,11,solar,5,pp_upper_bound,true,20,1076,MW,0,NaN,
20260811_121452_stage_B_2C_4168a6e9,INEQ-LOWER-D014-H11-PH01,inequality,14,11,hydro,1,ph_lower_bound,true,21,1077,MW,0,NaN,
20260811_121452_stage_B_2C_4168a6e9,INEQ-UPPER-D014-H11-PH01,inequality,14,11,hydro,1,ph_upper_bound,true,22,1078,MW,0,NaN,
20260811_121452_stage_B_2C_4168a6e9,INEQ-LOWER-D014-H11-PH02,inequality,14,11,hydro,2,ph_lower_bound,true,23,1079,MW,0,NaN,
20260811_121452_stage_B_2C_4168a6e9,INEQ-UPPER-D014-H11-PH02,inequality,14,11,hydro,2,ph_upper_bound,true,24,1080,MW,0,NaN,
20260811_121452_stage_B_2C_4168a6e9,INEQ-LOWER-D014-H11-PH03,inequality,14,11,hydro,3,ph_lower_bound,true,25,1081,MW,0,NaN,
20260811_121452_stage_B_2C_4168a6e9,INEQ-UPPER-D014-H11-PH03,inequality,14,11,hydro,3,ph_upper_bound,true,26,1082,MW,0,NaN,
20260811_121452_stage_B_2C_4168a6e9,INEQ-LOWER-D014-H11-PH04,inequality,14,11,hydro,4,ph_lower_bound,true,27,1083,MW,0,NaN,
20260811_121452_stage_B_2C_4168a6e9,INEQ-UPPER-D014-H11-PH04,inequality,14,11,hydro,4,ph_upper_bound,true,28,1084,MW,0,NaN,
20260811_121452_stage_B_2C_4168a6e9,INEQ-LOWER-D014-H11-PF01,inequality,14,11,thermal,1,pf_lower_bound,true,29,1085,MW,0,NaN,
20260811_121452_stage_B_2C_4168a6e9,INEQ-UPPER-D014-H11-PF01,inequality,14,11,thermal,1,pf_upper_bound,true,30,1086,MW,0,NaN,
20260811_121452_stage_B_2C_4168a6e9,INEQ-LOWER-D014-H11-PF02,inequality,14,11,thermal,2,pf_lower_bound,true,31,1087,MW,0,NaN,
20260811_121452_stage_B_2C_4168a6e9,INEQ-UPPER-D014-H11-PF02,inequality,14,11,thermal,2,pf_upper_bound,true,32,1088,MW,0,NaN,
20260811_121452_stage_B_2C_4168a6e9,INEQ-LOWER-D014-H11-PF03,inequality,14,11,thermal,3,pf_lower_bound,true,33,1089,MW,0,NaN,
20260811_121452_stage_B_2C_4168a6e9,INEQ-UPPER-D014-H11-PF03,inequality,14,11,thermal,3,pf_upper_bound,true,34,1090,MW,0,NaN,
20260811_121452_stage_B_2C_4168a6e9,INEQ-LOWER-D014-H11-PF04,inequality,14,11,thermal,4,pf_lower_bound,true,35,1091,MW,0,NaN,
20260811_121452_stage_B_2C_4168a6e9,INEQ-UPPER-D014-H11-PF04,inequality,14,11,thermal,4,pf_upper_bound,true,36,1092,MW,0,NaN,
20260811_121452_stage_B_2C_4168a6e9,INEQ-LOWER-D014-H11-Pch01,inequality,14,11,storage,1,pch_lower_bound,true,37,1093,MW,0,NaN,
20260811_121452_stage_B_2C_4168a6e9,INEQ-UPPER-D014-H11-Pch01,inequality,14,11,storage,1,pch_upper_bound,true,38,1094,MW,0,NaN,
20260811_121452_stage_B_2C_4168a6e9,INEQ-LOWER-D014-H11-Pch02,inequality,14,11,storage,2,pch_lower_bound,true,39,1095,MW,0,NaN,
20260811_121452_stage_B_2C_4168a6e9,INEQ-UPPER-D014-H11-Pch02,inequality,14,11,storage,2,pch_upper_bound,true,40,1096,MW,0,NaN,
20260811_121452_stage_B_2C_4168a6e9,INEQ-LOWER-D014-H11-Pdis01,inequality,14,11,storage,1,pdis_lower_bound,true,41,1097,MW,0,NaN,
20260811_121452_stage_B_2C_4168a6e9,INEQ-UPPER-D014-H11-Pdis01,inequality,14,11,storage,1,pdis_upper_bound,true,42,1098,MW,0,NaN,
20260811_121452_stage_B_2C_4168a6e9,INEQ-LOWER-D014-H11-Pdis02,inequality,14,11,storage,2,pdis_lower_bound,true,43,1099,MW,0,NaN,
20260811_121452_stage_B_2C_4168a6e9,INEQ-UPPER-D014-H11-Pdis02,inequality,14,11,storage,2,pdis_upper_bound,true,44,1100,MW,0,NaN,
20260811_121452_stage_B_2C_4168a6e9,INEQ-LOWER-D014-H11-SOC01,inequality,14,11,storage,1,soc_lower_bound,true,45,1101,MWh,0,NaN,
20260811_121452_stage_B_2C_4168a6e9,INEQ-UPPER-D014-H11-SOC01,inequality,14,11,storage,1,soc_upper_bound,true,46,1102,MWh,0,NaN,
20260811_121452_stage_B_2C_4168a6e9,INEQ-LOWER-D014-H11-SOC02,inequality,14,11,storage,2,soc_lower_bound,true,47,1103,MWh,0,NaN,
20260811_121452_stage_B_2C_4168a6e9,INEQ-UPPER-D014-H11-SOC02,inequality,14,11,storage,2,soc_upper_bound,true,48,1104,MWh,0,NaN,
20260811_121452_stage_B_2C_4168a6e9,INEQ-LOWER-D014-H12-PW01,inequality,14,12,wind,1,pw_lower_bound,true,1,1105,MW,0,NaN,
20260811_121452_stage_B_2C_4168a6e9,INEQ-UPPER-D014-H12-PW01,inequality,14,12,wind,1,pw_upper_bound,true,2,1106,MW,0,NaN,
20260811_121452_stage_B_2C_4168a6e9,INEQ-LOWER-D014-H12-PW02,inequality,14,12,wind,2,pw_lower_bound,true,3,1107,MW,0,NaN,
20260811_121452_stage_B_2C_4168a6e9,INEQ-UPPER-D014-H12-PW02,inequality,14,12,wind,2,pw_upper_bound,true,4,1108,MW,0,NaN,
20260811_121452_stage_B_2C_4168a6e9,INEQ-LOWER-D014-H12-PW03,inequality,14,12,wind,3,pw_lower_bound,true,5,1109,MW,0,NaN,
20260811_121452_stage_B_2C_4168a6e9,INEQ-UPPER-D014-H12-PW03,inequality,14,12,wind,3,pw_upper_bound,true,6,1110,MW,0,NaN,
20260811_121452_stage_B_2C_4168a6e9,INEQ-LOWER-D014-H12-PW04,inequality,14,12,wind,4,pw_lower_bound,true,7,1111,MW,0,NaN,
20260811_121452_stage_B_2C_4168a6e9,INEQ-UPPER-D014-H12-PW04,inequality,14,12,wind,4,pw_upper_bound,true,8,1112,MW,0,NaN,
20260811_121452_stage_B_2C_4168a6e9,INEQ-LOWER-D014-H12-PW05,inequality,14,12,wind,5,pw_lower_bound,true,9,1113,MW,0,NaN,
20260811_121452_stage_B_2C_4168a6e9,INEQ-UPPER-D014-H12-PW05,inequality,14,12,wind,5,pw_upper_bound,true,10,1114,MW,0,NaN,
20260811_121452_stage_B_2C_4168a6e9,INEQ-LOWER-D014-H12-PP01,inequality,14,12,solar,1,pp_lower_bound,true,11,1115,MW,0,NaN,
20260811_121452_stage_B_2C_4168a6e9,INEQ-UPPER-D014-H12-PP01,inequality,14,12,solar,1,pp_upper_bound,true,12,1116,MW,0,NaN,
20260811_121452_stage_B_2C_4168a6e9,INEQ-LOWER-D014-H12-PP02,inequality,14,12,solar,2,pp_lower_bound,true,13,1117,MW,0,NaN,
20260811_121452_stage_B_2C_4168a6e9,INEQ-UPPER-D014-H12-PP02,inequality,14,12,solar,2,pp_upper_bound,true,14,1118,MW,0,NaN,
20260811_121452_stage_B_2C_4168a6e9,INEQ-LOWER-D014-H12-PP03,inequality,14,12,solar,3,pp_lower_bound,true,15,1119,MW,0,NaN,
20260811_121452_stage_B_2C_4168a6e9,INEQ-UPPER-D014-H12-PP03,inequality,14,12,solar,3,pp_upper_bound,true,16,1120,MW,0,NaN,
20260811_121452_stage_B_2C_4168a6e9,INEQ-LOWER-D014-H12-PP04,inequality,14,12,solar,4,pp_lower_bound,true,17,1121,MW,0,NaN,
20260811_121452_stage_B_2C_4168a6e9,INEQ-UPPER-D014-H12-PP04,inequality,14,12,solar,4,pp_upper_bound,true,18,1122,MW,0,NaN,
20260811_121452_stage_B_2C_4168a6e9,INEQ-LOWER-D014-H12-PP05,inequality,14,12,solar,5,pp_lower_bound,true,19,1123,MW,0,NaN,
20260811_121452_stage_B_2C_4168a6e9,INEQ-UPPER-D014-H12-PP05,inequality,14,12,solar,5,pp_upper_bound,true,20,1124,MW,0,NaN,
20260811_121452_stage_B_2C_4168a6e9,INEQ-LOWER-D014-H12-PH01,inequality,14,12,hydro,1,ph_lower_bound,true,21,1125,MW,0,NaN,
20260811_121452_stage_B_2C_4168a6e9,INEQ-UPPER-D014-H12-PH01,inequality,14,12,hydro,1,ph_upper_bound,true,22,1126,MW,0,NaN,
20260811_121452_stage_B_2C_4168a6e9,INEQ-LOWER-D014-H12-PH02,inequality,14,12,hydro,2,ph_lower_bound,true,23,1127,MW,0,NaN,
20260811_121452_stage_B_2C_4168a6e9,INEQ-UPPER-D014-H12-PH02,inequality,14,12,hydro,2,ph_upper_bound,true,24,1128,MW,0,NaN,
20260811_121452_stage_B_2C_4168a6e9,INEQ-LOWER-D014-H12-PH03,inequality,14,12,hydro,3,ph_lower_bound,true,25,1129,MW,0,NaN,
20260811_121452_stage_B_2C_4168a6e9,INEQ-UPPER-D014-H12-PH03,inequality,14,12,hydro,3,ph_upper_bound,true,26,1130,MW,0,NaN,
20260811_121452_stage_B_2C_4168a6e9,INEQ-LOWER-D014-H12-PH04,inequality,14,12,hydro,4,ph_lower_bound,true,27,1131,MW,0,NaN,
20260811_121452_stage_B_2C_4168a6e9,INEQ-UPPER-D014-H12-PH04,inequality,14,12,hydro,4,ph_upper_bound,true,28,1132,MW,0,NaN,
20260811_121452_stage_B_2C_4168a6e9,INEQ-LOWER-D014-H12-PF01,inequality,14,12,thermal,1,pf_lower_bound,true,29,1133,MW,0,NaN,
20260811_121452_stage_B_2C_4168a6e9,INEQ-UPPER-D014-H12-PF01,inequality,14,12,thermal,1,pf_upper_bound,true,30,1134,MW,0,NaN,
20260811_121452_stage_B_2C_4168a6e9,INEQ-LOWER-D014-H12-PF02,inequality,14,12,thermal,2,pf_lower_bound,true,31,1135,MW,0,NaN,
20260811_121452_stage_B_2C_4168a6e9,INEQ-UPPER-D014-H12-PF02,inequality,14,12,thermal,2,pf_upper_bound,true,32,1136,MW,0,NaN,
20260811_121452_stage_B_2C_4168a6e9,INEQ-LOWER-D014-H12-PF03,inequality,14,12,thermal,3,pf_lower_bound,true,33,1137,MW,0,NaN,
20260811_121452_stage_B_2C_4168a6e9,INEQ-UPPER-D014-H12-PF03,inequality,14,12,thermal,3,pf_upper_bound,true,34,1138,MW,0,NaN,
20260811_121452_stage_B_2C_4168a6e9,INEQ-LOWER-D014-H12-PF04,inequality,14,12,thermal,4,pf_lower_bound,true,35,1139,MW,0,NaN,
20260811_121452_stage_B_2C_4168a6e9,INEQ-UPPER-D014-H12-PF04,inequality,14,12,thermal,4,pf_upper_bound,true,36,1140,MW,0,NaN,
20260811_121452_stage_B_2C_4168a6e9,INEQ-LOWER-D014-H12-Pch01,inequality,14,12,storage,1,pch_lower_bound,true,37,1141,MW,0,NaN,
20260811_121452_stage_B_2C_4168a6e9,INEQ-UPPER-D014-H12-Pch01,inequality,14,12,storage,1,pch_upper_bound,true,38,1142,MW,0,NaN,
20260811_121452_stage_B_2C_4168a6e9,INEQ-LOWER-D014-H12-Pch02,inequality,14,12,storage,2,pch_lower_bound,true,39,1143,MW,0,NaN,
20260811_121452_stage_B_2C_4168a6e9,INEQ-UPPER-D014-H12-Pch02,inequality,14,12,storage,2,pch_upper_bound,true,40,1144,MW,0,NaN,
20260811_121452_stage_B_2C_4168a6e9,INEQ-LOWER-D014-H12-Pdis01,inequality,14,12,storage,1,pdis_lower_bound,true,41,1145,MW,0,NaN,
20260811_121452_stage_B_2C_4168a6e9,INEQ-UPPER-D014-H12-Pdis01,inequality,14,12,storage,1,pdis_upper_bound,true,42,1146,MW,0,NaN,
20260811_121452_stage_B_2C_4168a6e9,INEQ-LOWER-D014-H12-Pdis02,inequality,14,12,storage,2,pdis_lower_bound,true,43,1147,MW,0,NaN,
20260811_121452_stage_B_2C_4168a6e9,INEQ-UPPER-D014-H12-Pdis02,inequality,14,12,storage,2,pdis_upper_bound,true,44,1148,MW,0,NaN,
20260811_121452_stage_B_2C_4168a6e9,INEQ-LOWER-D014-H12-SOC01,inequality,14,12,storage,1,soc_lower_bound,true,45,1149,MWh,0,NaN,
20260811_121452_stage_B_2C_4168a6e9,INEQ-UPPER-D014-H12-SOC01,inequality,14,12,storage,1,soc_upper_bound,true,46,1150,MWh,0,NaN,
20260811_121452_stage_B_2C_4168a6e9,INEQ-LOWER-D014-H12-SOC02,inequality,14,12,storage,2,soc_lower_bound,true,47,1151,MWh,0,NaN,
20260811_121452_stage_B_2C_4168a6e9,INEQ-UPPER-D014-H12-SOC02,inequality,14,12,storage,2,soc_upper_bound,true,48,1152,MWh,0,NaN,
20260811_121452_stage_B_2C_4168a6e9,INEQ-LOWER-D014-H13-PW01,inequality,14,13,wind,1,pw_lower_bound,true,1,1153,MW,0,NaN,
20260811_121452_stage_B_2C_4168a6e9,INEQ-UPPER-D014-H13-PW01,inequality,14,13,wind,1,pw_upper_bound,true,2,1154,MW,0,NaN,
20260811_121452_stage_B_2C_4168a6e9,INEQ-LOWER-D014-H13-PW02,inequality,14,13,wind,2,pw_lower_bound,true,3,1155,MW,0,NaN,
20260811_121452_stage_B_2C_4168a6e9,INEQ-UPPER-D014-H13-PW02,inequality,14,13,wind,2,pw_upper_bound,true,4,1156,MW,0,NaN,
20260811_121452_stage_B_2C_4168a6e9,INEQ-LOWER-D014-H13-PW03,inequality,14,13,wind,3,pw_lower_bound,true,5,1157,MW,0,NaN,
20260811_121452_stage_B_2C_4168a6e9,INEQ-UPPER-D014-H13-PW03,inequality,14,13,wind,3,pw_upper_bound,true,6,1158,MW,0,NaN,
20260811_121452_stage_B_2C_4168a6e9,INEQ-LOWER-D014-H13-PW04,inequality,14,13,wind,4,pw_lower_bound,true,7,1159,MW,0,NaN,
20260811_121452_stage_B_2C_4168a6e9,INEQ-UPPER-D014-H13-PW04,inequality,14,13,wind,4,pw_upper_bound,true,8,1160,MW,0,NaN,
20260811_121452_stage_B_2C_4168a6e9,INEQ-LOWER-D014-H13-PW05,inequality,14,13,wind,5,pw_lower_bound,true,9,1161,MW,0,NaN,
20260811_121452_stage_B_2C_4168a6e9,INEQ-UPPER-D014-H13-PW05,inequality,14,13,wind,5,pw_upper_bound,true,10,1162,MW,0,NaN,
20260811_121452_stage_B_2C_4168a6e9,INEQ-LOWER-D014-H13-PP01,inequality,14,13,solar,1,pp_lower_bound,true,11,1163,MW,0,NaN,
20260811_121452_stage_B_2C_4168a6e9,INEQ-UPPER-D014-H13-PP01,inequality,14,13,solar,1,pp_upper_bound,true,12,1164,MW,0,NaN,
20260811_121452_stage_B_2C_4168a6e9,INEQ-LOWER-D014-H13-PP02,inequality,14,13,solar,2,pp_lower_bound,true,13,1165,MW,0,NaN,
20260811_121452_stage_B_2C_4168a6e9,INEQ-UPPER-D014-H13-PP02,inequality,14,13,solar,2,pp_upper_bound,true,14,1166,MW,0,NaN,
20260811_121452_stage_B_2C_4168a6e9,INEQ-LOWER-D014-H13-PP03,inequality,14,13,solar,3,pp_lower_bound,true,15,1167,MW,0,NaN,
20260811_121452_stage_B_2C_4168a6e9,INEQ-UPPER-D014-H13-PP03,inequality,14,13,solar,3,pp_upper_bound,true,16,1168,MW,0,NaN,
20260811_121452_stage_B_2C_4168a6e9,INEQ-LOWER-D014-H13-PP04,inequality,14,13,solar,4,pp_lower_bound,true,17,1169,MW,0,NaN,
20260811_121452_stage_B_2C_4168a6e9,INEQ-UPPER-D014-H13-PP04,inequality,14,13,solar,4,pp_upper_bound,true,18,1170,MW,0,NaN,
20260811_121452_stage_B_2C_4168a6e9,INEQ-LOWER-D014-H13-PP05,inequality,14,13,solar,5,pp_lower_bound,true,19,1171,MW,0,NaN,
20260811_121452_stage_B_2C_4168a6e9,INEQ-UPPER-D014-H13-PP05,inequality,14,13,solar,5,pp_upper_bound,true,20,1172,MW,0,NaN,
20260811_121452_stage_B_2C_4168a6e9,INEQ-LOWER-D014-H13-PH01,inequality,14,13,hydro,1,ph_lower_bound,true,21,1173,MW,0,NaN,
20260811_121452_stage_B_2C_4168a6e9,INEQ-UPPER-D014-H13-PH01,inequality,14,13,hydro,1,ph_upper_bound,true,22,1174,MW,0,NaN,
20260811_121452_stage_B_2C_4168a6e9,INEQ-LOWER-D014-H13-PH02,inequality,14,13,hydro,2,ph_lower_bound,true,23,1175,MW,0,NaN,
20260811_121452_stage_B_2C_4168a6e9,INEQ-UPPER-D014-H13-PH02,inequality,14,13,hydro,2,ph_upper_bound,true,24,1176,MW,0,NaN,
20260811_121452_stage_B_2C_4168a6e9,INEQ-LOWER-D014-H13-PH03,inequality,14,13,hydro,3,ph_lower_bound,true,25,1177,MW,0,NaN,
20260811_121452_stage_B_2C_4168a6e9,INEQ-UPPER-D014-H13-PH03,inequality,14,13,hydro,3,ph_upper_bound,true,26,1178,MW,0,NaN,
20260811_121452_stage_B_2C_4168a6e9,INEQ-LOWER-D014-H13-PH04,inequality,14,13,hydro,4,ph_lower_bound,true,27,1179,MW,0,NaN,
20260811_121452_stage_B_2C_4168a6e9,INEQ-UPPER-D014-H13-PH04,inequality,14,13,hydro,4,ph_upper_bound,true,28,1180,MW,0,NaN,
20260811_121452_stage_B_2C_4168a6e9,INEQ-LOWER-D014-H13-PF01,inequality,14,13,thermal,1,pf_lower_bound,true,29,1181,MW,0,NaN,
20260811_121452_stage_B_2C_4168a6e9,INEQ-UPPER-D014-H13-PF01,inequality,14,13,thermal,1,pf_upper_bound,true,30,1182,MW,0,NaN,
20260811_121452_stage_B_2C_4168a6e9,INEQ-LOWER-D014-H13-PF02,inequality,14,13,thermal,2,pf_lower_bound,true,31,1183,MW,0,NaN,
20260811_121452_stage_B_2C_4168a6e9,INEQ-UPPER-D014-H13-PF02,inequality,14,13,thermal,2,pf_upper_bound,true,32,1184,MW,0,NaN,
20260811_121452_stage_B_2C_4168a6e9,INEQ-LOWER-D014-H13-PF03,inequality,14,13,thermal,3,pf_lower_bound,true,33,1185,MW,0,NaN,
20260811_121452_stage_B_2C_4168a6e9,INEQ-UPPER-D014-H13-PF03,inequality,14,13,thermal,3,pf_upper_bound,true,34,1186,MW,0,NaN,
20260811_121452_stage_B_2C_4168a6e9,INEQ-LOWER-D014-H13-PF04,inequality,14,13,thermal,4,pf_lower_bound,true,35,1187,MW,0,NaN,
20260811_121452_stage_B_2C_4168a6e9,INEQ-UPPER-D014-H13-PF04,inequality,14,13,thermal,4,pf_upper_bound,true,36,1188,MW,0,NaN,
20260811_121452_stage_B_2C_4168a6e9,INEQ-LOWER-D014-H13-Pch01,inequality,14,13,storage,1,pch_lower_bound,true,37,1189,MW,0,NaN,
20260811_121452_stage_B_2C_4168a6e9,INEQ-UPPER-D014-H13-Pch01,inequality,14,13,storage,1,pch_upper_bound,true,38,1190,MW,0,NaN,
20260811_121452_stage_B_2C_4168a6e9,INEQ-LOWER-D014-H13-Pch02,inequality,14,13,storage,2,pch_lower_bound,true,39,1191,MW,0,NaN,
20260811_121452_stage_B_2C_4168a6e9,INEQ-UPPER-D014-H13-Pch02,inequality,14,13,storage,2,pch_upper_bound,true,40,1192,MW,0,NaN,
20260811_121452_stage_B_2C_4168a6e9,INEQ-LOWER-D014-H13-Pdis01,inequality,14,13,storage,1,pdis_lower_bound,true,41,1193,MW,0,NaN,
20260811_121452_stage_B_2C_4168a6e9,INEQ-UPPER-D014-H13-Pdis01,inequality,14,13,storage,1,pdis_upper_bound,true,42,1194,MW,0,NaN,
20260811_121452_stage_B_2C_4168a6e9,INEQ-LOWER-D014-H13-Pdis02,inequality,14,13,storage,2,pdis_lower_bound,true,43,1195,MW,0,NaN,
20260811_121452_stage_B_2C_4168a6e9,INEQ-UPPER-D014-H13-Pdis02,inequality,14,13,storage,2,pdis_upper_bound,true,44,1196,MW,0,NaN,
20260811_121452_stage_B_2C_4168a6e9,INEQ-LOWER-D014-H13-SOC01,inequality,14,13,storage,1,soc_lower_bound,true,45,1197,MWh,0,NaN,
20260811_121452_stage_B_2C_4168a6e9,INEQ-UPPER-D014-H13-SOC01,inequality,14,13,storage,1,soc_upper_bound,true,46,1198,MWh,0,NaN,
20260811_121452_stage_B_2C_4168a6e9,INEQ-LOWER-D014-H13-SOC02,inequality,14,13,storage,2,soc_lower_bound,true,47,1199,MWh,0,NaN,
20260811_121452_stage_B_2C_4168a6e9,INEQ-UPPER-D014-H13-SOC02,inequality,14,13,storage,2,soc_upper_bound,true,48,1200,MWh,0,NaN,
20260811_121452_stage_B_2C_4168a6e9,INEQ-LOWER-D014-H14-PW01,inequality,14,14,wind,1,pw_lower_bound,true,1,1201,MW,0,NaN,
20260811_121452_stage_B_2C_4168a6e9,INEQ-UPPER-D014-H14-PW01,inequality,14,14,wind,1,pw_upper_bound,true,2,1202,MW,0,NaN,
20260811_121452_stage_B_2C_4168a6e9,INEQ-LOWER-D014-H14-PW02,inequality,14,14,wind,2,pw_lower_bound,true,3,1203,MW,0,NaN,
20260811_121452_stage_B_2C_4168a6e9,INEQ-UPPER-D014-H14-PW02,inequality,14,14,wind,2,pw_upper_bound,true,4,1204,MW,0,NaN,
20260811_121452_stage_B_2C_4168a6e9,INEQ-LOWER-D014-H14-PW03,inequality,14,14,wind,3,pw_lower_bound,true,5,1205,MW,0,NaN,
20260811_121452_stage_B_2C_4168a6e9,INEQ-UPPER-D014-H14-PW03,inequality,14,14,wind,3,pw_upper_bound,true,6,1206,MW,0,NaN,
20260811_121452_stage_B_2C_4168a6e9,INEQ-LOWER-D014-H14-PW04,inequality,14,14,wind,4,pw_lower_bound,true,7,1207,MW,0,NaN,
20260811_121452_stage_B_2C_4168a6e9,INEQ-UPPER-D014-H14-PW04,inequality,14,14,wind,4,pw_upper_bound,true,8,1208,MW,0,NaN,
20260811_121452_stage_B_2C_4168a6e9,INEQ-LOWER-D014-H14-PW05,inequality,14,14,wind,5,pw_lower_bound,true,9,1209,MW,0,NaN,
20260811_121452_stage_B_2C_4168a6e9,INEQ-UPPER-D014-H14-PW05,inequality,14,14,wind,5,pw_upper_bound,true,10,1210,MW,0,NaN,
20260811_121452_stage_B_2C_4168a6e9,INEQ-LOWER-D014-H14-PP01,inequality,14,14,solar,1,pp_lower_bound,true,11,1211,MW,0,NaN,
20260811_121452_stage_B_2C_4168a6e9,INEQ-UPPER-D014-H14-PP01,inequality,14,14,solar,1,pp_upper_bound,true,12,1212,MW,0,NaN,
20260811_121452_stage_B_2C_4168a6e9,INEQ-LOWER-D014-H14-PP02,inequality,14,14,solar,2,pp_lower_bound,true,13,1213,MW,0,NaN,
20260811_121452_stage_B_2C_4168a6e9,INEQ-UPPER-D014-H14-PP02,inequality,14,14,solar,2,pp_upper_bound,true,14,1214,MW,0,NaN,
20260811_121452_stage_B_2C_4168a6e9,INEQ-LOWER-D014-H14-PP03,inequality,14,14,solar,3,pp_lower_bound,true,15,1215,MW,0,NaN,
20260811_121452_stage_B_2C_4168a6e9,INEQ-UPPER-D014-H14-PP03,inequality,14,14,solar,3,pp_upper_bound,true,16,1216,MW,0,NaN,
20260811_121452_stage_B_2C_4168a6e9,INEQ-LOWER-D014-H14-PP04,inequality,14,14,solar,4,pp_lower_bound,true,17,1217,MW,0,NaN,
20260811_121452_stage_B_2C_4168a6e9,INEQ-UPPER-D014-H14-PP04,inequality,14,14,solar,4,pp_upper_bound,true,18,1218,MW,0,NaN,
20260811_121452_stage_B_2C_4168a6e9,INEQ-LOWER-D014-H14-PP05,inequality,14,14,solar,5,pp_lower_bound,true,19,1219,MW,0,NaN,
20260811_121452_stage_B_2C_4168a6e9,INEQ-UPPER-D014-H14-PP05,inequality,14,14,solar,5,pp_upper_bound,true,20,1220,MW,0,NaN,
20260811_121452_stage_B_2C_4168a6e9,INEQ-LOWER-D014-H14-PH01,inequality,14,14,hydro,1,ph_lower_bound,true,21,1221,MW,0,NaN,
20260811_121452_stage_B_2C_4168a6e9,INEQ-UPPER-D014-H14-PH01,inequality,14,14,hydro,1,ph_upper_bound,true,22,1222,MW,0,NaN,
20260811_121452_stage_B_2C_4168a6e9,INEQ-LOWER-D014-H14-PH02,inequality,14,14,hydro,2,ph_lower_bound,true,23,1223,MW,0,NaN,
20260811_121452_stage_B_2C_4168a6e9,INEQ-UPPER-D014-H14-PH02,inequality,14,14,hydro,2,ph_upper_bound,true,24,1224,MW,0,NaN,
20260811_121452_stage_B_2C_4168a6e9,INEQ-LOWER-D014-H14-PH03,inequality,14,14,hydro,3,ph_lower_bound,true,25,1225,MW,0,NaN,
20260811_121452_stage_B_2C_4168a6e9,INEQ-UPPER-D014-H14-PH03,inequality,14,14,hydro,3,ph_upper_bound,true,26,1226,MW,0,NaN,
20260811_121452_stage_B_2C_4168a6e9,INEQ-LOWER-D014-H14-PH04,inequality,14,14,hydro,4,ph_lower_bound,true,27,1227,MW,0,NaN,
20260811_121452_stage_B_2C_4168a6e9,INEQ-UPPER-D014-H14-PH04,inequality,14,14,hydro,4,ph_upper_bound,true,28,1228,MW,0,NaN,
20260811_121452_stage_B_2C_4168a6e9,INEQ-LOWER-D014-H14-PF01,inequality,14,14,thermal,1,pf_lower_bound,true,29,1229,MW,0,NaN,
20260811_121452_stage_B_2C_4168a6e9,INEQ-UPPER-D014-H14-PF01,inequality,14,14,thermal,1,pf_upper_bound,true,30,1230,MW,0,NaN,
20260811_121452_stage_B_2C_4168a6e9,INEQ-LOWER-D014-H14-PF02,inequality,14,14,thermal,2,pf_lower_bound,true,31,1231,MW,0,NaN,
20260811_121452_stage_B_2C_4168a6e9,INEQ-UPPER-D014-H14-PF02,inequality,14,14,thermal,2,pf_upper_bound,true,32,1232,MW,0,NaN,
20260811_121452_stage_B_2C_4168a6e9,INEQ-LOWER-D014-H14-PF03,inequality,14,14,thermal,3,pf_lower_bound,true,33,1233,MW,0,NaN,
20260811_121452_stage_B_2C_4168a6e9,INEQ-UPPER-D014-H14-PF03,inequality,14,14,thermal,3,pf_upper_bound,true,34,1234,MW,0,NaN,
20260811_121452_stage_B_2C_4168a6e9,INEQ-LOWER-D014-H14-PF04,inequality,14,14,thermal,4,pf_lower_bound,true,35,1235,MW,0,NaN,
20260811_121452_stage_B_2C_4168a6e9,INEQ-UPPER-D014-H14-PF04,inequality,14,14,thermal,4,pf_upper_bound,true,36,1236,MW,0,NaN,
20260811_121452_stage_B_2C_4168a6e9,INEQ-LOWER-D014-H14-Pch01,inequality,14,14,storage,1,pch_lower_bound,true,37,1237,MW,0,NaN,
20260811_121452_stage_B_2C_4168a6e9,INEQ-UPPER-D014-H14-Pch01,inequality,14,14,storage,1,pch_upper_bound,true,38,1238,MW,0,NaN,
20260811_121452_stage_B_2C_4168a6e9,INEQ-LOWER-D014-H14-Pch02,inequality,14,14,storage,2,pch_lower_bound,true,39,1239,MW,0,NaN,
20260811_121452_stage_B_2C_4168a6e9,INEQ-UPPER-D014-H14-Pch02,inequality,14,14,storage,2,pch_upper_bound,true,40,1240,MW,0,NaN,
20260811_121452_stage_B_2C_4168a6e9,INEQ-LOWER-D014-H14-Pdis01,inequality,14,14,storage,1,pdis_lower_bound,true,41,1241,MW,0,NaN,
20260811_121452_stage_B_2C_4168a6e9,INEQ-UPPER-D014-H14-Pdis01,inequality,14,14,storage,1,pdis_upper_bound,true,42,1242,MW,0,NaN,
20260811_121452_stage_B_2C_4168a6e9,INEQ-LOWER-D014-H14-Pdis02,inequality,14,14,storage,2,pdis_lower_bound,true,43,1243,MW,0,NaN,
20260811_121452_stage_B_2C_4168a6e9,INEQ-UPPER-D014-H14-Pdis02,inequality,14,14,storage,2,pdis_upper_bound,true,44,1244,MW,0,NaN,
20260811_121452_stage_B_2C_4168a6e9,INEQ-LOWER-D014-H14-SOC01,inequality,14,14,storage,1,soc_lower_bound,true,45,1245,MWh,0,NaN,
20260811_121452_stage_B_2C_4168a6e9,INEQ-UPPER-D014-H14-SOC01,inequality,14,14,storage,1,soc_upper_bound,true,46,1246,MWh,0,NaN,
20260811_121452_stage_B_2C_4168a6e9,INEQ-LOWER-D014-H14-SOC02,inequality,14,14,storage,2,soc_lower_bound,true,47,1247,MWh,0,NaN,
20260811_121452_stage_B_2C_4168a6e9,INEQ-UPPER-D014-H14-SOC02,inequality,14,14,storage,2,soc_upper_bound,true,48,1248,MWh,0,NaN,
20260811_121452_stage_B_2C_4168a6e9,INEQ-LOWER-D014-H15-PW01,inequality,14,15,wind,1,pw_lower_bound,true,1,1249,MW,0,NaN,
20260811_121452_stage_B_2C_4168a6e9,INEQ-UPPER-D014-H15-PW01,inequality,14,15,wind,1,pw_upper_bound,true,2,1250,MW,0,NaN,
20260811_121452_stage_B_2C_4168a6e9,INEQ-LOWER-D014-H15-PW02,inequality,14,15,wind,2,pw_lower_bound,true,3,1251,MW,0,NaN,
20260811_121452_stage_B_2C_4168a6e9,INEQ-UPPER-D014-H15-PW02,inequality,14,15,wind,2,pw_upper_bound,true,4,1252,MW,0,NaN,
20260811_121452_stage_B_2C_4168a6e9,INEQ-LOWER-D014-H15-PW03,inequality,14,15,wind,3,pw_lower_bound,true,5,1253,MW,0,NaN,
20260811_121452_stage_B_2C_4168a6e9,INEQ-UPPER-D014-H15-PW03,inequality,14,15,wind,3,pw_upper_bound,true,6,1254,MW,0,NaN,
20260811_121452_stage_B_2C_4168a6e9,INEQ-LOWER-D014-H15-PW04,inequality,14,15,wind,4,pw_lower_bound,true,7,1255,MW,0,NaN,
20260811_121452_stage_B_2C_4168a6e9,INEQ-UPPER-D014-H15-PW04,inequality,14,15,wind,4,pw_upper_bound,true,8,1256,MW,0,NaN,
20260811_121452_stage_B_2C_4168a6e9,INEQ-LOWER-D014-H15-PW05,inequality,14,15,wind,5,pw_lower_bound,true,9,1257,MW,0,NaN,
20260811_121452_stage_B_2C_4168a6e9,INEQ-UPPER-D014-H15-PW05,inequality,14,15,wind,5,pw_upper_bound,true,10,1258,MW,0,NaN,
20260811_121452_stage_B_2C_4168a6e9,INEQ-LOWER-D014-H15-PP01,inequality,14,15,solar,1,pp_lower_bound,true,11,1259,MW,0,NaN,
20260811_121452_stage_B_2C_4168a6e9,INEQ-UPPER-D014-H15-PP01,inequality,14,15,solar,1,pp_upper_bound,true,12,1260,MW,0,NaN,
20260811_121452_stage_B_2C_4168a6e9,INEQ-LOWER-D014-H15-PP02,inequality,14,15,solar,2,pp_lower_bound,true,13,1261,MW,0,NaN,
20260811_121452_stage_B_2C_4168a6e9,INEQ-UPPER-D014-H15-PP02,inequality,14,15,solar,2,pp_upper_bound,true,14,1262,MW,0,NaN,
20260811_121452_stage_B_2C_4168a6e9,INEQ-LOWER-D014-H15-PP03,inequality,14,15,solar,3,pp_lower_bound,true,15,1263,MW,0,NaN,
20260811_121452_stage_B_2C_4168a6e9,INEQ-UPPER-D014-H15-PP03,inequality,14,15,solar,3,pp_upper_bound,true,16,1264,MW,0,NaN,
20260811_121452_stage_B_2C_4168a6e9,INEQ-LOWER-D014-H15-PP04,inequality,14,15,solar,4,pp_lower_bound,true,17,1265,MW,0,NaN,
20260811_121452_stage_B_2C_4168a6e9,INEQ-UPPER-D014-H15-PP04,inequality,14,15,solar,4,pp_upper_bound,true,18,1266,MW,0,NaN,
20260811_121452_stage_B_2C_4168a6e9,INEQ-LOWER-D014-H15-PP05,inequality,14,15,solar,5,pp_lower_bound,true,19,1267,MW,0,NaN,
20260811_121452_stage_B_2C_4168a6e9,INEQ-UPPER-D014-H15-PP05,inequality,14,15,solar,5,pp_upper_bound,true,20,1268,MW,0,NaN,
20260811_121452_stage_B_2C_4168a6e9,INEQ-LOWER-D014-H15-PH01,inequality,14,15,hydro,1,ph_lower_bound,true,21,1269,MW,0,NaN,
20260811_121452_stage_B_2C_4168a6e9,INEQ-UPPER-D014-H15-PH01,inequality,14,15,hydro,1,ph_upper_bound,true,22,1270,MW,0,NaN,
20260811_121452_stage_B_2C_4168a6e9,INEQ-LOWER-D014-H15-PH02,inequality,14,15,hydro,2,ph_lower_bound,true,23,1271,MW,0,NaN,
20260811_121452_stage_B_2C_4168a6e9,INEQ-UPPER-D014-H15-PH02,inequality,14,15,hydro,2,ph_upper_bound,true,24,1272,MW,0,NaN,
20260811_121452_stage_B_2C_4168a6e9,INEQ-LOWER-D014-H15-PH03,inequality,14,15,hydro,3,ph_lower_bound,true,25,1273,MW,0,NaN,
20260811_121452_stage_B_2C_4168a6e9,INEQ-UPPER-D014-H15-PH03,inequality,14,15,hydro,3,ph_upper_bound,true,26,1274,MW,0,NaN,
20260811_121452_stage_B_2C_4168a6e9,INEQ-LOWER-D014-H15-PH04,inequality,14,15,hydro,4,ph_lower_bound,true,27,1275,MW,0,NaN,
20260811_121452_stage_B_2C_4168a6e9,INEQ-UPPER-D014-H15-PH04,inequality,14,15,hydro,4,ph_upper_bound,true,28,1276,MW,0,NaN,
20260811_121452_stage_B_2C_4168a6e9,INEQ-LOWER-D014-H15-PF01,inequality,14,15,thermal,1,pf_lower_bound,true,29,1277,MW,0,NaN,
20260811_121452_stage_B_2C_4168a6e9,INEQ-UPPER-D014-H15-PF01,inequality,14,15,thermal,1,pf_upper_bound,true,30,1278,MW,0,NaN,
20260811_121452_stage_B_2C_4168a6e9,INEQ-LOWER-D014-H15-PF02,inequality,14,15,thermal,2,pf_lower_bound,true,31,1279,MW,0,NaN,
20260811_121452_stage_B_2C_4168a6e9,INEQ-UPPER-D014-H15-PF02,inequality,14,15,thermal,2,pf_upper_bound,true,32,1280,MW,0,NaN,
20260811_121452_stage_B_2C_4168a6e9,INEQ-LOWER-D014-H15-PF03,inequality,14,15,thermal,3,pf_lower_bound,true,33,1281,MW,0,NaN,
20260811_121452_stage_B_2C_4168a6e9,INEQ-UPPER-D014-H15-PF03,inequality,14,15,thermal,3,pf_upper_bound,true,34,1282,MW,0,NaN,
20260811_121452_stage_B_2C_4168a6e9,INEQ-LOWER-D014-H15-PF04,inequality,14,15,thermal,4,pf_lower_bound,true,35,1283,MW,0,NaN,
20260811_121452_stage_B_2C_4168a6e9,INEQ-UPPER-D014-H15-PF04,inequality,14,15,thermal,4,pf_upper_bound,true,36,1284,MW,0,NaN,
20260811_121452_stage_B_2C_4168a6e9,INEQ-LOWER-D014-H15-Pch01,inequality,14,15,storage,1,pch_lower_bound,true,37,1285,MW,0,NaN,
20260811_121452_stage_B_2C_4168a6e9,INEQ-UPPER-D014-H15-Pch01,inequality,14,15,storage,1,pch_upper_bound,true,38,1286,MW,0,NaN,
20260811_121452_stage_B_2C_4168a6e9,INEQ-LOWER-D014-H15-Pch02,inequality,14,15,storage,2,pch_lower_bound,true,39,1287,MW,0,NaN,
20260811_121452_stage_B_2C_4168a6e9,INEQ-UPPER-D014-H15-Pch02,inequality,14,15,storage,2,pch_upper_bound,true,40,1288,MW,0,NaN,
20260811_121452_stage_B_2C_4168a6e9,INEQ-LOWER-D014-H15-Pdis01,inequality,14,15,storage,1,pdis_lower_bound,true,41,1289,MW,0,NaN,
20260811_121452_stage_B_2C_4168a6e9,INEQ-UPPER-D014-H15-Pdis01,inequality,14,15,storage,1,pdis_upper_bound,true,42,1290,MW,0,NaN,
20260811_121452_stage_B_2C_4168a6e9,INEQ-LOWER-D014-H15-Pdis02,inequality,14,15,storage,2,pdis_lower_bound,true,43,1291,MW,0,NaN,
20260811_121452_stage_B_2C_4168a6e9,INEQ-UPPER-D014-H15-Pdis02,inequality,14,15,storage,2,pdis_upper_bound,true,44,1292,MW,0,NaN,
20260811_121452_stage_B_2C_4168a6e9,INEQ-LOWER-D014-H15-SOC01,inequality,14,15,storage,1,soc_lower_bound,true,45,1293,MWh,0,NaN,
20260811_121452_stage_B_2C_4168a6e9,INEQ-UPPER-D014-H15-SOC01,inequality,14,15,storage,1,soc_upper_bound,true,46,1294,MWh,0,NaN,
20260811_121452_stage_B_2C_4168a6e9,INEQ-LOWER-D014-H15-SOC02,inequality,14,15,storage,2,soc_lower_bound,true,47,1295,MWh,0,NaN,
20260811_121452_stage_B_2C_4168a6e9,INEQ-UPPER-D014-H15-SOC02,inequality,14,15,storage,2,soc_upper_bound,true,48,1296,MWh,0,NaN,
20260811_121452_stage_B_2C_4168a6e9,INEQ-LOWER-D014-H16-PW01,inequality,14,16,wind,1,pw_lower_bound,true,1,1297,MW,0,NaN,
20260811_121452_stage_B_2C_4168a6e9,INEQ-UPPER-D014-H16-PW01,inequality,14,16,wind,1,pw_upper_bound,true,2,1298,MW,0,NaN,
20260811_121452_stage_B_2C_4168a6e9,INEQ-LOWER-D014-H16-PW02,inequality,14,16,wind,2,pw_lower_bound,true,3,1299,MW,0,NaN,
20260811_121452_stage_B_2C_4168a6e9,INEQ-UPPER-D014-H16-PW02,inequality,14,16,wind,2,pw_upper_bound,true,4,1300,MW,0,NaN,
20260811_121452_stage_B_2C_4168a6e9,INEQ-LOWER-D014-H16-PW03,inequality,14,16,wind,3,pw_lower_bound,true,5,1301,MW,0,NaN,
20260811_121452_stage_B_2C_4168a6e9,INEQ-UPPER-D014-H16-PW03,inequality,14,16,wind,3,pw_upper_bound,true,6,1302,MW,0,NaN,
20260811_121452_stage_B_2C_4168a6e9,INEQ-LOWER-D014-H16-PW04,inequality,14,16,wind,4,pw_lower_bound,true,7,1303,MW,0,NaN,
20260811_121452_stage_B_2C_4168a6e9,INEQ-UPPER-D014-H16-PW04,inequality,14,16,wind,4,pw_upper_bound,true,8,1304,MW,0,NaN,
20260811_121452_stage_B_2C_4168a6e9,INEQ-LOWER-D014-H16-PW05,inequality,14,16,wind,5,pw_lower_bound,true,9,1305,MW,0,NaN,
20260811_121452_stage_B_2C_4168a6e9,INEQ-UPPER-D014-H16-PW05,inequality,14,16,wind,5,pw_upper_bound,true,10,1306,MW,0,NaN,
20260811_121452_stage_B_2C_4168a6e9,INEQ-LOWER-D014-H16-PP01,inequality,14,16,solar,1,pp_lower_bound,true,11,1307,MW,0,NaN,
20260811_121452_stage_B_2C_4168a6e9,INEQ-UPPER-D014-H16-PP01,inequality,14,16,solar,1,pp_upper_bound,true,12,1308,MW,0,NaN,
20260811_121452_stage_B_2C_4168a6e9,INEQ-LOWER-D014-H16-PP02,inequality,14,16,solar,2,pp_lower_bound,true,13,1309,MW,0,NaN,
20260811_121452_stage_B_2C_4168a6e9,INEQ-UPPER-D014-H16-PP02,inequality,14,16,solar,2,pp_upper_bound,true,14,1310,MW,0,NaN,
20260811_121452_stage_B_2C_4168a6e9,INEQ-LOWER-D014-H16-PP03,inequality,14,16,solar,3,pp_lower_bound,true,15,1311,MW,0,NaN,
20260811_121452_stage_B_2C_4168a6e9,INEQ-UPPER-D014-H16-PP03,inequality,14,16,solar,3,pp_upper_bound,true,16,1312,MW,0,NaN,
20260811_121452_stage_B_2C_4168a6e9,INEQ-LOWER-D014-H16-PP04,inequality,14,16,solar,4,pp_lower_bound,true,17,1313,MW,0,NaN,
20260811_121452_stage_B_2C_4168a6e9,INEQ-UPPER-D014-H16-PP04,inequality,14,16,solar,4,pp_upper_bound,true,18,1314,MW,0,NaN,
20260811_121452_stage_B_2C_4168a6e9,INEQ-LOWER-D014-H16-PP05,inequality,14,16,solar,5,pp_lower_bound,true,19,1315,MW,0,NaN,
20260811_121452_stage_B_2C_4168a6e9,INEQ-UPPER-D014-H16-PP05,inequality,14,16,solar,5,pp_upper_bound,true,20,1316,MW,0,NaN,
20260811_121452_stage_B_2C_4168a6e9,INEQ-LOWER-D014-H16-PH01,inequality,14,16,hydro,1,ph_lower_bound,true,21,1317,MW,0,NaN,
20260811_121452_stage_B_2C_4168a6e9,INEQ-UPPER-D014-H16-PH01,inequality,14,16,hydro,1,ph_upper_bound,true,22,1318,MW,0,NaN,
20260811_121452_stage_B_2C_4168a6e9,INEQ-LOWER-D014-H16-PH02,inequality,14,16,hydro,2,ph_lower_bound,true,23,1319,MW,0,NaN,
20260811_121452_stage_B_2C_4168a6e9,INEQ-UPPER-D014-H16-PH02,inequality,14,16,hydro,2,ph_upper_bound,true,24,1320,MW,0,NaN,
20260811_121452_stage_B_2C_4168a6e9,INEQ-LOWER-D014-H16-PH03,inequality,14,16,hydro,3,ph_lower_bound,true,25,1321,MW,0,NaN,
20260811_121452_stage_B_2C_4168a6e9,INEQ-UPPER-D014-H16-PH03,inequality,14,16,hydro,3,ph_upper_bound,true,26,1322,MW,0,NaN,
20260811_121452_stage_B_2C_4168a6e9,INEQ-LOWER-D014-H16-PH04,inequality,14,16,hydro,4,ph_lower_bound,true,27,1323,MW,0,NaN,
20260811_121452_stage_B_2C_4168a6e9,INEQ-UPPER-D014-H16-PH04,inequality,14,16,hydro,4,ph_upper_bound,true,28,1324,MW,0,NaN,
20260811_121452_stage_B_2C_4168a6e9,INEQ-LOWER-D014-H16-PF01,inequality,14,16,thermal,1,pf_lower_bound,true,29,1325,MW,0,NaN,
20260811_121452_stage_B_2C_4168a6e9,INEQ-UPPER-D014-H16-PF01,inequality,14,16,thermal,1,pf_upper_bound,true,30,1326,MW,0,NaN,
20260811_121452_stage_B_2C_4168a6e9,INEQ-LOWER-D014-H16-PF02,inequality,14,16,thermal,2,pf_lower_bound,true,31,1327,MW,0,NaN,
20260811_121452_stage_B_2C_4168a6e9,INEQ-UPPER-D014-H16-PF02,inequality,14,16,thermal,2,pf_upper_bound,true,32,1328,MW,0,NaN,
20260811_121452_stage_B_2C_4168a6e9,INEQ-LOWER-D014-H16-PF03,inequality,14,16,thermal,3,pf_lower_bound,true,33,1329,MW,0,NaN,
20260811_121452_stage_B_2C_4168a6e9,INEQ-UPPER-D014-H16-PF03,inequality,14,16,thermal,3,pf_upper_bound,true,34,1330,MW,0,NaN,
20260811_121452_stage_B_2C_4168a6e9,INEQ-LOWER-D014-H16-PF04,inequality,14,16,thermal,4,pf_lower_bound,true,35,1331,MW,0,NaN,
20260811_121452_stage_B_2C_4168a6e9,INEQ-UPPER-D014-H16-PF04,inequality,14,16,thermal,4,pf_upper_bound,true,36,1332,MW,0,NaN,
20260811_121452_stage_B_2C_4168a6e9,INEQ-LOWER-D014-H16-Pch01,inequality,14,16,storage,1,pch_lower_bound,true,37,1333,MW,0,NaN,
20260811_121452_stage_B_2C_4168a6e9,INEQ-UPPER-D014-H16-Pch01,inequality,14,16,storage,1,pch_upper_bound,true,38,1334,MW,0,NaN,
20260811_121452_stage_B_2C_4168a6e9,INEQ-LOWER-D014-H16-Pch02,inequality,14,16,storage,2,pch_lower_bound,true,39,1335,MW,0,NaN,
20260811_121452_stage_B_2C_4168a6e9,INEQ-UPPER-D014-H16-Pch02,inequality,14,16,storage,2,pch_upper_bound,true,40,1336,MW,0,NaN,
20260811_121452_stage_B_2C_4168a6e9,INEQ-LOWER-D014-H16-Pdis01,inequality,14,16,storage,1,pdis_lower_bound,true,41,1337,MW,0,NaN,
20260811_121452_stage_B_2C_4168a6e9,INEQ-UPPER-D014-H16-Pdis01,inequality,14,16,storage,1,pdis_upper_bound,true,42,1338,MW,0,NaN,
20260811_121452_stage_B_2C_4168a6e9,INEQ-LOWER-D014-H16-Pdis02,inequality,14,16,storage,2,pdis_lower_bound,true,43,1339,MW,0,NaN,
20260811_121452_stage_B_2C_4168a6e9,INEQ-UPPER-D014-H16-Pdis02,inequality,14,16,storage,2,pdis_upper_bound,true,44,1340,MW,0,NaN,
20260811_121452_stage_B_2C_4168a6e9,INEQ-LOWER-D014-H16-SOC01,inequality,14,16,storage,1,soc_lower_bound,true,45,1341,MWh,0,NaN,
20260811_121452_stage_B_2C_4168a6e9,INEQ-UPPER-D014-H16-SOC01,inequality,14,16,storage,1,soc_upper_bound,true,46,1342,MWh,0,NaN,
20260811_121452_stage_B_2C_4168a6e9,INEQ-LOWER-D014-H16-SOC02,inequality,14,16,storage,2,soc_lower_bound,true,47,1343,MWh,0,NaN,
20260811_121452_stage_B_2C_4168a6e9,INEQ-UPPER-D014-H16-SOC02,inequality,14,16,storage,2,soc_upper_bound,true,48,1344,MWh,0,NaN,
20260811_121452_stage_B_2C_4168a6e9,INEQ-LOWER-D014-H17-PW01,inequality,14,17,wind,1,pw_lower_bound,true,1,1345,MW,0,NaN,
20260811_121452_stage_B_2C_4168a6e9,INEQ-UPPER-D014-H17-PW01,inequality,14,17,wind,1,pw_upper_bound,true,2,1346,MW,0,NaN,
20260811_121452_stage_B_2C_4168a6e9,INEQ-LOWER-D014-H17-PW02,inequality,14,17,wind,2,pw_lower_bound,true,3,1347,MW,0,NaN,
20260811_121452_stage_B_2C_4168a6e9,INEQ-UPPER-D014-H17-PW02,inequality,14,17,wind,2,pw_upper_bound,true,4,1348,MW,0,NaN,
20260811_121452_stage_B_2C_4168a6e9,INEQ-LOWER-D014-H17-PW03,inequality,14,17,wind,3,pw_lower_bound,true,5,1349,MW,0,NaN,
20260811_121452_stage_B_2C_4168a6e9,INEQ-UPPER-D014-H17-PW03,inequality,14,17,wind,3,pw_upper_bound,true,6,1350,MW,0,NaN,
20260811_121452_stage_B_2C_4168a6e9,INEQ-LOWER-D014-H17-PW04,inequality,14,17,wind,4,pw_lower_bound,true,7,1351,MW,0,NaN,
20260811_121452_stage_B_2C_4168a6e9,INEQ-UPPER-D014-H17-PW04,inequality,14,17,wind,4,pw_upper_bound,true,8,1352,MW,0,NaN,
20260811_121452_stage_B_2C_4168a6e9,INEQ-LOWER-D014-H17-PW05,inequality,14,17,wind,5,pw_lower_bound,true,9,1353,MW,0,NaN,
20260811_121452_stage_B_2C_4168a6e9,INEQ-UPPER-D014-H17-PW05,inequality,14,17,wind,5,pw_upper_bound,true,10,1354,MW,0,NaN,
20260811_121452_stage_B_2C_4168a6e9,INEQ-LOWER-D014-H17-PP01,inequality,14,17,solar,1,pp_lower_bound,true,11,1355,MW,0,NaN,
20260811_121452_stage_B_2C_4168a6e9,INEQ-UPPER-D014-H17-PP01,inequality,14,17,solar,1,pp_upper_bound,true,12,1356,MW,0,NaN,
20260811_121452_stage_B_2C_4168a6e9,INEQ-LOWER-D014-H17-PP02,inequality,14,17,solar,2,pp_lower_bound,true,13,1357,MW,0,NaN,
20260811_121452_stage_B_2C_4168a6e9,INEQ-UPPER-D014-H17-PP02,inequality,14,17,solar,2,pp_upper_bound,true,14,1358,MW,0,NaN,
20260811_121452_stage_B_2C_4168a6e9,INEQ-LOWER-D014-H17-PP03,inequality,14,17,solar,3,pp_lower_bound,true,15,1359,MW,0,NaN,
20260811_121452_stage_B_2C_4168a6e9,INEQ-UPPER-D014-H17-PP03,inequality,14,17,solar,3,pp_upper_bound,true,16,1360,MW,0,NaN,
20260811_121452_stage_B_2C_4168a6e9,INEQ-LOWER-D014-H17-PP04,inequality,14,17,solar,4,pp_lower_bound,true,17,1361,MW,0,NaN,
20260811_121452_stage_B_2C_4168a6e9,INEQ-UPPER-D014-H17-PP04,inequality,14,17,solar,4,pp_upper_bound,true,18,1362,MW,0,NaN,
20260811_121452_stage_B_2C_4168a6e9,INEQ-LOWER-D014-H17-PP05,inequality,14,17,solar,5,pp_lower_bound,true,19,1363,MW,0,NaN,
20260811_121452_stage_B_2C_4168a6e9,INEQ-UPPER-D014-H17-PP05,inequality,14,17,solar,5,pp_upper_bound,true,20,1364,MW,0,NaN,
20260811_121452_stage_B_2C_4168a6e9,INEQ-LOWER-D014-H17-PH01,inequality,14,17,hydro,1,ph_lower_bound,true,21,1365,MW,0,NaN,
20260811_121452_stage_B_2C_4168a6e9,INEQ-UPPER-D014-H17-PH01,inequality,14,17,hydro,1,ph_upper_bound,true,22,1366,MW,0,NaN,
20260811_121452_stage_B_2C_4168a6e9,INEQ-LOWER-D014-H17-PH02,inequality,14,17,hydro,2,ph_lower_bound,true,23,1367,MW,0,NaN,
20260811_121452_stage_B_2C_4168a6e9,INEQ-UPPER-D014-H17-PH02,inequality,14,17,hydro,2,ph_upper_bound,true,24,1368,MW,0,NaN,
20260811_121452_stage_B_2C_4168a6e9,INEQ-LOWER-D014-H17-PH03,inequality,14,17,hydro,3,ph_lower_bound,true,25,1369,MW,0,NaN,
20260811_121452_stage_B_2C_4168a6e9,INEQ-UPPER-D014-H17-PH03,inequality,14,17,hydro,3,ph_upper_bound,true,26,1370,MW,0,NaN,
20260811_121452_stage_B_2C_4168a6e9,INEQ-LOWER-D014-H17-PH04,inequality,14,17,hydro,4,ph_lower_bound,true,27,1371,MW,0,NaN,
20260811_121452_stage_B_2C_4168a6e9,INEQ-UPPER-D014-H17-PH04,inequality,14,17,hydro,4,ph_upper_bound,true,28,1372,MW,0,NaN,
20260811_121452_stage_B_2C_4168a6e9,INEQ-LOWER-D014-H17-PF01,inequality,14,17,thermal,1,pf_lower_bound,true,29,1373,MW,0,NaN,
20260811_121452_stage_B_2C_4168a6e9,INEQ-UPPER-D014-H17-PF01,inequality,14,17,thermal,1,pf_upper_bound,true,30,1374,MW,0,NaN,
20260811_121452_stage_B_2C_4168a6e9,INEQ-LOWER-D014-H17-PF02,inequality,14,17,thermal,2,pf_lower_bound,true,31,1375,MW,0,NaN,
20260811_121452_stage_B_2C_4168a6e9,INEQ-UPPER-D014-H17-PF02,inequality,14,17,thermal,2,pf_upper_bound,true,32,1376,MW,0,NaN,
20260811_121452_stage_B_2C_4168a6e9,INEQ-LOWER-D014-H17-PF03,inequality,14,17,thermal,3,pf_lower_bound,true,33,1377,MW,0,NaN,
20260811_121452_stage_B_2C_4168a6e9,INEQ-UPPER-D014-H17-PF03,inequality,14,17,thermal,3,pf_upper_bound,true,34,1378,MW,0,NaN,
20260811_121452_stage_B_2C_4168a6e9,INEQ-LOWER-D014-H17-PF04,inequality,14,17,thermal,4,pf_lower_bound,true,35,1379,MW,0,NaN,
20260811_121452_stage_B_2C_4168a6e9,INEQ-UPPER-D014-H17-PF04,inequality,14,17,thermal,4,pf_upper_bound,true,36,1380,MW,0,NaN,
20260811_121452_stage_B_2C_4168a6e9,INEQ-LOWER-D014-H17-Pch01,inequality,14,17,storage,1,pch_lower_bound,true,37,1381,MW,0,NaN,
20260811_121452_stage_B_2C_4168a6e9,INEQ-UPPER-D014-H17-Pch01,inequality,14,17,storage,1,pch_upper_bound,true,38,1382,MW,0,NaN,
20260811_121452_stage_B_2C_4168a6e9,INEQ-LOWER-D014-H17-Pch02,inequality,14,17,storage,2,pch_lower_bound,true,39,1383,MW,0,NaN,
20260811_121452_stage_B_2C_4168a6e9,INEQ-UPPER-D014-H17-Pch02,inequality,14,17,storage,2,pch_upper_bound,true,40,1384,MW,0,NaN,
20260811_121452_stage_B_2C_4168a6e9,INEQ-LOWER-D014-H17-Pdis01,inequality,14,17,storage,1,pdis_lower_bound,true,41,1385,MW,0,NaN,
20260811_121452_stage_B_2C_4168a6e9,INEQ-UPPER-D014-H17-Pdis01,inequality,14,17,storage,1,pdis_upper_bound,true,42,1386,MW,0,NaN,
20260811_121452_stage_B_2C_4168a6e9,INEQ-LOWER-D014-H17-Pdis02,inequality,14,17,storage,2,pdis_lower_bound,true,43,1387,MW,0,NaN,
20260811_121452_stage_B_2C_4168a6e9,INEQ-UPPER-D014-H17-Pdis02,inequality,14,17,storage,2,pdis_upper_bound,true,44,1388,MW,0,NaN,
20260811_121452_stage_B_2C_4168a6e9,INEQ-LOWER-D014-H17-SOC01,inequality,14,17,storage,1,soc_lower_bound,true,45,1389,MWh,0,NaN,
20260811_121452_stage_B_2C_4168a6e9,INEQ-UPPER-D014-H17-SOC01,inequality,14,17,storage,1,soc_upper_bound,true,46,1390,MWh,0,NaN,
20260811_121452_stage_B_2C_4168a6e9,INEQ-LOWER-D014-H17-SOC02,inequality,14,17,storage,2,soc_lower_bound,true,47,1391,MWh,0,NaN,
20260811_121452_stage_B_2C_4168a6e9,INEQ-UPPER-D014-H17-SOC02,inequality,14,17,storage,2,soc_upper_bound,true,48,1392,MWh,0,NaN,
20260811_121452_stage_B_2C_4168a6e9,INEQ-LOWER-D014-H18-PW01,inequality,14,18,wind,1,pw_lower_bound,true,1,1393,MW,0,NaN,
20260811_121452_stage_B_2C_4168a6e9,INEQ-UPPER-D014-H18-PW01,inequality,14,18,wind,1,pw_upper_bound,true,2,1394,MW,0,NaN,
20260811_121452_stage_B_2C_4168a6e9,INEQ-LOWER-D014-H18-PW02,inequality,14,18,wind,2,pw_lower_bound,true,3,1395,MW,0,NaN,
20260811_121452_stage_B_2C_4168a6e9,INEQ-UPPER-D014-H18-PW02,inequality,14,18,wind,2,pw_upper_bound,true,4,1396,MW,0,NaN,
20260811_121452_stage_B_2C_4168a6e9,INEQ-LOWER-D014-H18-PW03,inequality,14,18,wind,3,pw_lower_bound,true,5,1397,MW,0,NaN,
20260811_121452_stage_B_2C_4168a6e9,INEQ-UPPER-D014-H18-PW03,inequality,14,18,wind,3,pw_upper_bound,true,6,1398,MW,0,NaN,
20260811_121452_stage_B_2C_4168a6e9,INEQ-LOWER-D014-H18-PW04,inequality,14,18,wind,4,pw_lower_bound,true,7,1399,MW,0,NaN,
20260811_121452_stage_B_2C_4168a6e9,INEQ-UPPER-D014-H18-PW04,inequality,14,18,wind,4,pw_upper_bound,true,8,1400,MW,0,NaN,
20260811_121452_stage_B_2C_4168a6e9,INEQ-LOWER-D014-H18-PW05,inequality,14,18,wind,5,pw_lower_bound,true,9,1401,MW,0,NaN,
20260811_121452_stage_B_2C_4168a6e9,INEQ-UPPER-D014-H18-PW05,inequality,14,18,wind,5,pw_upper_bound,true,10,1402,MW,0,NaN,
20260811_121452_stage_B_2C_4168a6e9,INEQ-LOWER-D014-H18-PP01,inequality,14,18,solar,1,pp_lower_bound,true,11,1403,MW,0,NaN,
20260811_121452_stage_B_2C_4168a6e9,INEQ-UPPER-D014-H18-PP01,inequality,14,18,solar,1,pp_upper_bound,true,12,1404,MW,0,NaN,
20260811_121452_stage_B_2C_4168a6e9,INEQ-LOWER-D014-H18-PP02,inequality,14,18,solar,2,pp_lower_bound,true,13,1405,MW,0,NaN,
20260811_121452_stage_B_2C_4168a6e9,INEQ-UPPER-D014-H18-PP02,inequality,14,18,solar,2,pp_upper_bound,true,14,1406,MW,0,NaN,
20260811_121452_stage_B_2C_4168a6e9,INEQ-LOWER-D014-H18-PP03,inequality,14,18,solar,3,pp_lower_bound,true,15,1407,MW,0,NaN,
20260811_121452_stage_B_2C_4168a6e9,INEQ-UPPER-D014-H18-PP03,inequality,14,18,solar,3,pp_upper_bound,true,16,1408,MW,0,NaN,
20260811_121452_stage_B_2C_4168a6e9,INEQ-LOWER-D014-H18-PP04,inequality,14,18,solar,4,pp_lower_bound,true,17,1409,MW,0,NaN,
20260811_121452_stage_B_2C_4168a6e9,INEQ-UPPER-D014-H18-PP04,inequality,14,18,solar,4,pp_upper_bound,true,18,1410,MW,0,NaN,
20260811_121452_stage_B_2C_4168a6e9,INEQ-LOWER-D014-H18-PP05,inequality,14,18,solar,5,pp_lower_bound,true,19,1411,MW,0,NaN,
20260811_121452_stage_B_2C_4168a6e9,INEQ-UPPER-D014-H18-PP05,inequality,14,18,solar,5,pp_upper_bound,true,20,1412,MW,0,NaN,
20260811_121452_stage_B_2C_4168a6e9,INEQ-LOWER-D014-H18-PH01,inequality,14,18,hydro,1,ph_lower_bound,true,21,1413,MW,0,NaN,
20260811_121452_stage_B_2C_4168a6e9,INEQ-UPPER-D014-H18-PH01,inequality,14,18,hydro,1,ph_upper_bound,true,22,1414,MW,0,NaN,
20260811_121452_stage_B_2C_4168a6e9,INEQ-LOWER-D014-H18-PH02,inequality,14,18,hydro,2,ph_lower_bound,true,23,1415,MW,0,NaN,
20260811_121452_stage_B_2C_4168a6e9,INEQ-UPPER-D014-H18-PH02,inequality,14,18,hydro,2,ph_upper_bound,true,24,1416,MW,0,NaN,
20260811_121452_stage_B_2C_4168a6e9,INEQ-LOWER-D014-H18-PH03,inequality,14,18,hydro,3,ph_lower_bound,true,25,1417,MW,0,NaN,
20260811_121452_stage_B_2C_4168a6e9,INEQ-UPPER-D014-H18-PH03,inequality,14,18,hydro,3,ph_upper_bound,true,26,1418,MW,0,NaN,
20260811_121452_stage_B_2C_4168a6e9,INEQ-LOWER-D014-H18-PH04,inequality,14,18,hydro,4,ph_lower_bound,true,27,1419,MW,0,NaN,
20260811_121452_stage_B_2C_4168a6e9,INEQ-UPPER-D014-H18-PH04,inequality,14,18,hydro,4,ph_upper_bound,true,28,1420,MW,0,NaN,
20260811_121452_stage_B_2C_4168a6e9,INEQ-LOWER-D014-H18-PF01,inequality,14,18,thermal,1,pf_lower_bound,true,29,1421,MW,0,NaN,
20260811_121452_stage_B_2C_4168a6e9,INEQ-UPPER-D014-H18-PF01,inequality,14,18,thermal,1,pf_upper_bound,true,30,1422,MW,0,NaN,
20260811_121452_stage_B_2C_4168a6e9,INEQ-LOWER-D014-H18-PF02,inequality,14,18,thermal,2,pf_lower_bound,true,31,1423,MW,0,NaN,
20260811_121452_stage_B_2C_4168a6e9,INEQ-UPPER-D014-H18-PF02,inequality,14,18,thermal,2,pf_upper_bound,true,32,1424,MW,0,NaN,
20260811_121452_stage_B_2C_4168a6e9,INEQ-LOWER-D014-H18-PF03,inequality,14,18,thermal,3,pf_lower_bound,true,33,1425,MW,0,NaN,
20260811_121452_stage_B_2C_4168a6e9,INEQ-UPPER-D014-H18-PF03,inequality,14,18,thermal,3,pf_upper_bound,true,34,1426,MW,0,NaN,
20260811_121452_stage_B_2C_4168a6e9,INEQ-LOWER-D014-H18-PF04,inequality,14,18,thermal,4,pf_lower_bound,true,35,1427,MW,0,NaN,
20260811_121452_stage_B_2C_4168a6e9,INEQ-UPPER-D014-H18-PF04,inequality,14,18,thermal,4,pf_upper_bound,true,36,1428,MW,0,NaN,
20260811_121452_stage_B_2C_4168a6e9,INEQ-LOWER-D014-H18-Pch01,inequality,14,18,storage,1,pch_lower_bound,true,37,1429,MW,0,NaN,
20260811_121452_stage_B_2C_4168a6e9,INEQ-UPPER-D014-H18-Pch01,inequality,14,18,storage,1,pch_upper_bound,true,38,1430,MW,0,NaN,
20260811_121452_stage_B_2C_4168a6e9,INEQ-LOWER-D014-H18-Pch02,inequality,14,18,storage,2,pch_lower_bound,true,39,1431,MW,0,NaN,
20260811_121452_stage_B_2C_4168a6e9,INEQ-UPPER-D014-H18-Pch02,inequality,14,18,storage,2,pch_upper_bound,true,40,1432,MW,0,NaN,
20260811_121452_stage_B_2C_4168a6e9,INEQ-LOWER-D014-H18-Pdis01,inequality,14,18,storage,1,pdis_lower_bound,true,41,1433,MW,0,NaN,
20260811_121452_stage_B_2C_4168a6e9,INEQ-UPPER-D014-H18-Pdis01,inequality,14,18,storage,1,pdis_upper_bound,true,42,1434,MW,0,NaN,
20260811_121452_stage_B_2C_4168a6e9,INEQ-LOWER-D014-H18-Pdis02,inequality,14,18,storage,2,pdis_lower_bound,true,43,1435,MW,0,NaN,
20260811_121452_stage_B_2C_4168a6e9,INEQ-UPPER-D014-H18-Pdis02,inequality,14,18,storage,2,pdis_upper_bound,true,44,1436,MW,0,NaN,
20260811_121452_stage_B_2C_4168a6e9,INEQ-LOWER-D014-H18-SOC01,inequality,14,18,storage,1,soc_lower_bound,true,45,1437,MWh,0,NaN,
20260811_121452_stage_B_2C_4168a6e9,INEQ-UPPER-D014-H18-SOC01,inequality,14,18,storage,1,soc_upper_bound,true,46,1438,MWh,0,NaN,
20260811_121452_stage_B_2C_4168a6e9,INEQ-LOWER-D014-H18-SOC02,inequality,14,18,storage,2,soc_lower_bound,true,47,1439,MWh,0,NaN,
20260811_121452_stage_B_2C_4168a6e9,INEQ-UPPER-D014-H18-SOC02,inequality,14,18,storage,2,soc_upper_bound,true,48,1440,MWh,0,NaN,
20260811_121452_stage_B_2C_4168a6e9,INEQ-LOWER-D014-H19-PW01,inequality,14,19,wind,1,pw_lower_bound,true,1,1441,MW,0,NaN,
20260811_121452_stage_B_2C_4168a6e9,INEQ-UPPER-D014-H19-PW01,inequality,14,19,wind,1,pw_upper_bound,true,2,1442,MW,0,NaN,
20260811_121452_stage_B_2C_4168a6e9,INEQ-LOWER-D014-H19-PW02,inequality,14,19,wind,2,pw_lower_bound,true,3,1443,MW,0,NaN,
20260811_121452_stage_B_2C_4168a6e9,INEQ-UPPER-D014-H19-PW02,inequality,14,19,wind,2,pw_upper_bound,true,4,1444,MW,0,NaN,
20260811_121452_stage_B_2C_4168a6e9,INEQ-LOWER-D014-H19-PW04,inequality,14,19,wind,4,pw_lower_bound,true,5,1445,MW,0,NaN,
20260811_121452_stage_B_2C_4168a6e9,INEQ-UPPER-D014-H19-PW04,inequality,14,19,wind,4,pw_upper_bound,true,6,1446,MW,0,NaN,
20260811_121452_stage_B_2C_4168a6e9,INEQ-LOWER-D014-H19-PW05,inequality,14,19,wind,5,pw_lower_bound,true,7,1447,MW,0,NaN,
20260811_121452_stage_B_2C_4168a6e9,INEQ-UPPER-D014-H19-PW05,inequality,14,19,wind,5,pw_upper_bound,true,8,1448,MW,0,NaN,
20260811_121452_stage_B_2C_4168a6e9,INEQ-LOWER-D014-H19-PP01,inequality,14,19,solar,1,pp_lower_bound,true,9,1449,MW,0,NaN,
20260811_121452_stage_B_2C_4168a6e9,INEQ-UPPER-D014-H19-PP01,inequality,14,19,solar,1,pp_upper_bound,true,10,1450,MW,0,NaN,
20260811_121452_stage_B_2C_4168a6e9,INEQ-LOWER-D014-H19-PP02,inequality,14,19,solar,2,pp_lower_bound,true,11,1451,MW,0,NaN,
20260811_121452_stage_B_2C_4168a6e9,INEQ-UPPER-D014-H19-PP02,inequality,14,19,solar,2,pp_upper_bound,true,12,1452,MW,0,NaN,
20260811_121452_stage_B_2C_4168a6e9,INEQ-LOWER-D014-H19-PP03,inequality,14,19,solar,3,pp_lower_bound,true,13,1453,MW,0,NaN,
20260811_121452_stage_B_2C_4168a6e9,INEQ-UPPER-D014-H19-PP03,inequality,14,19,solar,3,pp_upper_bound,true,14,1454,MW,0,NaN,
20260811_121452_stage_B_2C_4168a6e9,INEQ-LOWER-D014-H19-PP04,inequality,14,19,solar,4,pp_lower_bound,true,15,1455,MW,0,NaN,
20260811_121452_stage_B_2C_4168a6e9,INEQ-UPPER-D014-H19-PP04,inequality,14,19,solar,4,pp_upper_bound,true,16,1456,MW,0,NaN,
20260811_121452_stage_B_2C_4168a6e9,INEQ-LOWER-D014-H19-PP05,inequality,14,19,solar,5,pp_lower_bound,true,17,1457,MW,0,NaN,
20260811_121452_stage_B_2C_4168a6e9,INEQ-UPPER-D014-H19-PP05,inequality,14,19,solar,5,pp_upper_bound,true,18,1458,MW,0,NaN,
20260811_121452_stage_B_2C_4168a6e9,INEQ-LOWER-D014-H19-PH01,inequality,14,19,hydro,1,ph_lower_bound,true,19,1459,MW,0,NaN,
20260811_121452_stage_B_2C_4168a6e9,INEQ-UPPER-D014-H19-PH01,inequality,14,19,hydro,1,ph_upper_bound,true,20,1460,MW,0,NaN,
20260811_121452_stage_B_2C_4168a6e9,INEQ-LOWER-D014-H19-PH02,inequality,14,19,hydro,2,ph_lower_bound,true,21,1461,MW,0,NaN,
20260811_121452_stage_B_2C_4168a6e9,INEQ-UPPER-D014-H19-PH02,inequality,14,19,hydro,2,ph_upper_bound,true,22,1462,MW,0,NaN,
20260811_121452_stage_B_2C_4168a6e9,INEQ-LOWER-D014-H19-PH03,inequality,14,19,hydro,3,ph_lower_bound,true,23,1463,MW,0,NaN,
20260811_121452_stage_B_2C_4168a6e9,INEQ-UPPER-D014-H19-PH03,inequality,14,19,hydro,3,ph_upper_bound,true,24,1464,MW,0,NaN,
20260811_121452_stage_B_2C_4168a6e9,INEQ-LOWER-D014-H19-PH04,inequality,14,19,hydro,4,ph_lower_bound,true,25,1465,MW,0,NaN,
20260811_121452_stage_B_2C_4168a6e9,INEQ-UPPER-D014-H19-PH04,inequality,14,19,hydro,4,ph_upper_bound,true,26,1466,MW,0,NaN,
20260811_121452_stage_B_2C_4168a6e9,INEQ-LOWER-D014-H19-PF01,inequality,14,19,thermal,1,pf_lower_bound,true,27,1467,MW,0,NaN,
20260811_121452_stage_B_2C_4168a6e9,INEQ-UPPER-D014-H19-PF01,inequality,14,19,thermal,1,pf_upper_bound,true,28,1468,MW,0,NaN,
20260811_121452_stage_B_2C_4168a6e9,INEQ-LOWER-D014-H19-PF02,inequality,14,19,thermal,2,pf_lower_bound,true,29,1469,MW,0,NaN,
20260811_121452_stage_B_2C_4168a6e9,INEQ-UPPER-D014-H19-PF02,inequality,14,19,thermal,2,pf_upper_bound,true,30,1470,MW,0,NaN,
20260811_121452_stage_B_2C_4168a6e9,INEQ-LOWER-D014-H19-PF03,inequality,14,19,thermal,3,pf_lower_bound,true,31,1471,MW,0,NaN,
20260811_121452_stage_B_2C_4168a6e9,INEQ-UPPER-D014-H19-PF03,inequality,14,19,thermal,3,pf_upper_bound,true,32,1472,MW,0,NaN,
20260811_121452_stage_B_2C_4168a6e9,INEQ-LOWER-D014-H19-PF04,inequality,14,19,thermal,4,pf_lower_bound,true,33,1473,MW,0,NaN,
20260811_121452_stage_B_2C_4168a6e9,INEQ-UPPER-D014-H19-PF04,inequality,14,19,thermal,4,pf_upper_bound,true,34,1474,MW,0,NaN,
20260811_121452_stage_B_2C_4168a6e9,INEQ-LOWER-D014-H19-Pch01,inequality,14,19,storage,1,pch_lower_bound,true,35,1475,MW,0,NaN,
20260811_121452_stage_B_2C_4168a6e9,INEQ-UPPER-D014-H19-Pch01,inequality,14,19,storage,1,pch_upper_bound,true,36,1476,MW,0,NaN,
20260811_121452_stage_B_2C_4168a6e9,INEQ-LOWER-D014-H19-Pch02,inequality,14,19,storage,2,pch_lower_bound,true,37,1477,MW,0,NaN,
20260811_121452_stage_B_2C_4168a6e9,INEQ-UPPER-D014-H19-Pch02,inequality,14,19,storage,2,pch_upper_bound,true,38,1478,MW,0,NaN,
20260811_121452_stage_B_2C_4168a6e9,INEQ-LOWER-D014-H19-Pdis01,inequality,14,19,storage,1,pdis_lower_bound,true,39,1479,MW,0,NaN,
20260811_121452_stage_B_2C_4168a6e9,INEQ-UPPER-D014-H19-Pdis01,inequality,14,19,storage,1,pdis_upper_bound,true,40,1480,MW,0,NaN,
20260811_121452_stage_B_2C_4168a6e9,INEQ-LOWER-D014-H19-Pdis02,inequality,14,19,storage,2,pdis_lower_bound,true,41,1481,MW,0,NaN,
20260811_121452_stage_B_2C_4168a6e9,INEQ-UPPER-D014-H19-Pdis02,inequality,14,19,storage,2,pdis_upper_bound,true,42,1482,MW,0,NaN,
20260811_121452_stage_B_2C_4168a6e9,INEQ-LOWER-D014-H19-SOC01,inequality,14,19,storage,1,soc_lower_bound,true,43,1483,MWh,0,NaN,
20260811_121452_stage_B_2C_4168a6e9,INEQ-UPPER-D014-H19-SOC01,inequality,14,19,storage,1,soc_upper_bound,true,44,1484,MWh,0,NaN,
20260811_121452_stage_B_2C_4168a6e9,INEQ-LOWER-D014-H19-SOC02,inequality,14,19,storage,2,soc_lower_bound,true,45,1485,MWh,0,NaN,
20260811_121452_stage_B_2C_4168a6e9,INEQ-UPPER-D014-H19-SOC02,inequality,14,19,storage,2,soc_upper_bound,true,46,1486,MWh,0,NaN,
20260811_121452_stage_B_2C_4168a6e9,INEQ-LOWER-D014-H20-PW01,inequality,14,20,wind,1,pw_lower_bound,true,1,1487,MW,0,NaN,
20260811_121452_stage_B_2C_4168a6e9,INEQ-UPPER-D014-H20-PW01,inequality,14,20,wind,1,pw_upper_bound,true,2,1488,MW,0,NaN,
20260811_121452_stage_B_2C_4168a6e9,INEQ-LOWER-D014-H20-PW02,inequality,14,20,wind,2,pw_lower_bound,true,3,1489,MW,0,NaN,
20260811_121452_stage_B_2C_4168a6e9,INEQ-UPPER-D014-H20-PW02,inequality,14,20,wind,2,pw_upper_bound,true,4,1490,MW,0,NaN,
20260811_121452_stage_B_2C_4168a6e9,INEQ-LOWER-D014-H20-PW03,inequality,14,20,wind,3,pw_lower_bound,true,5,1491,MW,0,NaN,
20260811_121452_stage_B_2C_4168a6e9,INEQ-UPPER-D014-H20-PW03,inequality,14,20,wind,3,pw_upper_bound,true,6,1492,MW,0,NaN,
20260811_121452_stage_B_2C_4168a6e9,INEQ-LOWER-D014-H20-PW04,inequality,14,20,wind,4,pw_lower_bound,true,7,1493,MW,0,NaN,
20260811_121452_stage_B_2C_4168a6e9,INEQ-UPPER-D014-H20-PW04,inequality,14,20,wind,4,pw_upper_bound,true,8,1494,MW,0,NaN,
20260811_121452_stage_B_2C_4168a6e9,INEQ-LOWER-D014-H20-PW05,inequality,14,20,wind,5,pw_lower_bound,true,9,1495,MW,0,NaN,
20260811_121452_stage_B_2C_4168a6e9,INEQ-UPPER-D014-H20-PW05,inequality,14,20,wind,5,pw_upper_bound,true,10,1496,MW,0,NaN,
20260811_121452_stage_B_2C_4168a6e9,INEQ-LOWER-D014-H20-PH01,inequality,14,20,hydro,1,ph_lower_bound,true,11,1497,MW,0,NaN,
20260811_121452_stage_B_2C_4168a6e9,INEQ-UPPER-D014-H20-PH01,inequality,14,20,hydro,1,ph_upper_bound,true,12,1498,MW,0,NaN,
20260811_121452_stage_B_2C_4168a6e9,INEQ-LOWER-D014-H20-PH02,inequality,14,20,hydro,2,ph_lower_bound,true,13,1499,MW,0,NaN,
20260811_121452_stage_B_2C_4168a6e9,INEQ-UPPER-D014-H20-PH02,inequality,14,20,hydro,2,ph_upper_bound,true,14,1500,MW,0,NaN,
20260811_121452_stage_B_2C_4168a6e9,INEQ-LOWER-D014-H20-PH03,inequality,14,20,hydro,3,ph_lower_bound,true,15,1501,MW,0,NaN,
20260811_121452_stage_B_2C_4168a6e9,INEQ-UPPER-D014-H20-PH03,inequality,14,20,hydro,3,ph_upper_bound,true,16,1502,MW,0,NaN,
20260811_121452_stage_B_2C_4168a6e9,INEQ-LOWER-D014-H20-PH04,inequality,14,20,hydro,4,ph_lower_bound,true,17,1503,MW,0,NaN,
20260811_121452_stage_B_2C_4168a6e9,INEQ-UPPER-D014-H20-PH04,inequality,14,20,hydro,4,ph_upper_bound,true,18,1504,MW,0,NaN,
20260811_121452_stage_B_2C_4168a6e9,INEQ-LOWER-D014-H20-PF01,inequality,14,20,thermal,1,pf_lower_bound,true,19,1505,MW,0,NaN,
20260811_121452_stage_B_2C_4168a6e9,INEQ-UPPER-D014-H20-PF01,inequality,14,20,thermal,1,pf_upper_bound,true,20,1506,MW,0,NaN,
20260811_121452_stage_B_2C_4168a6e9,INEQ-LOWER-D014-H20-PF02,inequality,14,20,thermal,2,pf_lower_bound,true,21,1507,MW,0,NaN,
20260811_121452_stage_B_2C_4168a6e9,INEQ-UPPER-D014-H20-PF02,inequality,14,20,thermal,2,pf_upper_bound,true,22,1508,MW,0,NaN,
20260811_121452_stage_B_2C_4168a6e9,INEQ-LOWER-D014-H20-PF03,inequality,14,20,thermal,3,pf_lower_bound,true,23,1509,MW,0,NaN,
20260811_121452_stage_B_2C_4168a6e9,INEQ-UPPER-D014-H20-PF03,inequality,14,20,thermal,3,pf_upper_bound,true,24,1510,MW,0,NaN,
20260811_121452_stage_B_2C_4168a6e9,INEQ-LOWER-D014-H20-PF04,inequality,14,20,thermal,4,pf_lower_bound,true,25,1511,MW,0,NaN,
20260811_121452_stage_B_2C_4168a6e9,INEQ-UPPER-D014-H20-PF04,inequality,14,20,thermal,4,pf_upper_bound,true,26,1512,MW,0,NaN,
20260811_121452_stage_B_2C_4168a6e9,INEQ-LOWER-D014-H20-Pch01,inequality,14,20,storage,1,pch_lower_bound,true,27,1513,MW,0,NaN,
20260811_121452_stage_B_2C_4168a6e9,INEQ-UPPER-D014-H20-Pch01,inequality,14,20,storage,1,pch_upper_bound,true,28,1514,MW,0,NaN,
20260811_121452_stage_B_2C_4168a6e9,INEQ-LOWER-D014-H20-Pch02,inequality,14,20,storage,2,pch_lower_bound,true,29,1515,MW,0,NaN,
20260811_121452_stage_B_2C_4168a6e9,INEQ-UPPER-D014-H20-Pch02,inequality,14,20,storage,2,pch_upper_bound,true,30,1516,MW,0,NaN,
20260811_121452_stage_B_2C_4168a6e9,INEQ-LOWER-D014-H20-Pdis01,inequality,14,20,storage,1,pdis_lower_bound,true,31,1517,MW,0,NaN,
20260811_121452_stage_B_2C_4168a6e9,INEQ-UPPER-D014-H20-Pdis01,inequality,14,20,storage,1,pdis_upper_bound,true,32,1518,MW,0,NaN,
20260811_121452_stage_B_2C_4168a6e9,INEQ-LOWER-D014-H20-Pdis02,inequality,14,20,storage,2,pdis_lower_bound,true,33,1519,MW,0,NaN,
20260811_121452_stage_B_2C_4168a6e9,INEQ-UPPER-D014-H20-Pdis02,inequality,14,20,storage,2,pdis_upper_bound,true,34,1520,MW,0,NaN,
20260811_121452_stage_B_2C_4168a6e9,INEQ-LOWER-D014-H20-SOC01,inequality,14,20,storage,1,soc_lower_bound,true,35,1521,MWh,0,NaN,
20260811_121452_stage_B_2C_4168a6e9,INEQ-UPPER-D014-H20-SOC01,inequality,14,20,storage,1,soc_upper_bound,true,36,1522,MWh,0,NaN,
20260811_121452_stage_B_2C_4168a6e9,INEQ-LOWER-D014-H20-SOC02,inequality,14,20,storage,2,soc_lower_bound,true,37,1523,MWh,0,NaN,
20260811_121452_stage_B_2C_4168a6e9,INEQ-UPPER-D014-H20-SOC02,inequality,14,20,storage,2,soc_upper_bound,true,38,1524,MWh,0,NaN,
20260811_121452_stage_B_2C_4168a6e9,INEQ-LOWER-D014-H21-PW01,inequality,14,21,wind,1,pw_lower_bound,true,1,1525,MW,0,NaN,
20260811_121452_stage_B_2C_4168a6e9,INEQ-UPPER-D014-H21-PW01,inequality,14,21,wind,1,pw_upper_bound,true,2,1526,MW,0,NaN,
20260811_121452_stage_B_2C_4168a6e9,INEQ-LOWER-D014-H21-PW02,inequality,14,21,wind,2,pw_lower_bound,true,3,1527,MW,0,NaN,
20260811_121452_stage_B_2C_4168a6e9,INEQ-UPPER-D014-H21-PW02,inequality,14,21,wind,2,pw_upper_bound,true,4,1528,MW,0,NaN,
20260811_121452_stage_B_2C_4168a6e9,INEQ-LOWER-D014-H21-PW03,inequality,14,21,wind,3,pw_lower_bound,true,5,1529,MW,0,NaN,
20260811_121452_stage_B_2C_4168a6e9,INEQ-UPPER-D014-H21-PW03,inequality,14,21,wind,3,pw_upper_bound,true,6,1530,MW,0,NaN,
20260811_121452_stage_B_2C_4168a6e9,INEQ-LOWER-D014-H21-PW04,inequality,14,21,wind,4,pw_lower_bound,true,7,1531,MW,0,NaN,
20260811_121452_stage_B_2C_4168a6e9,INEQ-UPPER-D014-H21-PW04,inequality,14,21,wind,4,pw_upper_bound,true,8,1532,MW,0,NaN,
20260811_121452_stage_B_2C_4168a6e9,INEQ-LOWER-D014-H21-PW05,inequality,14,21,wind,5,pw_lower_bound,true,9,1533,MW,0,NaN,
20260811_121452_stage_B_2C_4168a6e9,INEQ-UPPER-D014-H21-PW05,inequality,14,21,wind,5,pw_upper_bound,true,10,1534,MW,0,NaN,
20260811_121452_stage_B_2C_4168a6e9,INEQ-LOWER-D014-H21-PH01,inequality,14,21,hydro,1,ph_lower_bound,true,11,1535,MW,0,NaN,
20260811_121452_stage_B_2C_4168a6e9,INEQ-UPPER-D014-H21-PH01,inequality,14,21,hydro,1,ph_upper_bound,true,12,1536,MW,0,NaN,
20260811_121452_stage_B_2C_4168a6e9,INEQ-LOWER-D014-H21-PH02,inequality,14,21,hydro,2,ph_lower_bound,true,13,1537,MW,0,NaN,
20260811_121452_stage_B_2C_4168a6e9,INEQ-UPPER-D014-H21-PH02,inequality,14,21,hydro,2,ph_upper_bound,true,14,1538,MW,0,NaN,
20260811_121452_stage_B_2C_4168a6e9,INEQ-LOWER-D014-H21-PH03,inequality,14,21,hydro,3,ph_lower_bound,true,15,1539,MW,0,NaN,
20260811_121452_stage_B_2C_4168a6e9,INEQ-UPPER-D014-H21-PH03,inequality,14,21,hydro,3,ph_upper_bound,true,16,1540,MW,0,NaN,
20260811_121452_stage_B_2C_4168a6e9,INEQ-LOWER-D014-H21-PH04,inequality,14,21,hydro,4,ph_lower_bound,true,17,1541,MW,0,NaN,
20260811_121452_stage_B_2C_4168a6e9,INEQ-UPPER-D014-H21-PH04,inequality,14,21,hydro,4,ph_upper_bound,true,18,1542,MW,0,NaN,
20260811_121452_stage_B_2C_4168a6e9,INEQ-LOWER-D014-H21-PF01,inequality,14,21,thermal,1,pf_lower_bound,true,19,1543,MW,0,NaN,
20260811_121452_stage_B_2C_4168a6e9,INEQ-UPPER-D014-H21-PF01,inequality,14,21,thermal,1,pf_upper_bound,true,20,1544,MW,0,NaN,
20260811_121452_stage_B_2C_4168a6e9,INEQ-LOWER-D014-H21-PF02,inequality,14,21,thermal,2,pf_lower_bound,true,21,1545,MW,0,NaN,
20260811_121452_stage_B_2C_4168a6e9,INEQ-UPPER-D014-H21-PF02,inequality,14,21,thermal,2,pf_upper_bound,true,22,1546,MW,0,NaN,
20260811_121452_stage_B_2C_4168a6e9,INEQ-LOWER-D014-H21-PF03,inequality,14,21,thermal,3,pf_lower_bound,true,23,1547,MW,0,NaN,
20260811_121452_stage_B_2C_4168a6e9,INEQ-UPPER-D014-H21-PF03,inequality,14,21,thermal,3,pf_upper_bound,true,24,1548,MW,0,NaN,
20260811_121452_stage_B_2C_4168a6e9,INEQ-LOWER-D014-H21-PF04,inequality,14,21,thermal,4,pf_lower_bound,true,25,1549,MW,0,NaN,
20260811_121452_stage_B_2C_4168a6e9,INEQ-UPPER-D014-H21-PF04,inequality,14,21,thermal,4,pf_upper_bound,true,26,1550,MW,0,NaN,
20260811_121452_stage_B_2C_4168a6e9,INEQ-LOWER-D014-H21-Pch01,inequality,14,21,storage,1,pch_lower_bound,true,27,1551,MW,0,NaN,
20260811_121452_stage_B_2C_4168a6e9,INEQ-UPPER-D014-H21-Pch01,inequality,14,21,storage,1,pch_upper_bound,true,28,1552,MW,0,NaN,
20260811_121452_stage_B_2C_4168a6e9,INEQ-LOWER-D014-H21-Pch02,inequality,14,21,storage,2,pch_lower_bound,true,29,1553,MW,0,NaN,
20260811_121452_stage_B_2C_4168a6e9,INEQ-UPPER-D014-H21-Pch02,inequality,14,21,storage,2,pch_upper_bound,true,30,1554,MW,0,NaN,
20260811_121452_stage_B_2C_4168a6e9,INEQ-LOWER-D014-H21-Pdis01,inequality,14,21,storage,1,pdis_lower_bound,true,31,1555,MW,0,NaN,
20260811_121452_stage_B_2C_4168a6e9,INEQ-UPPER-D014-H21-Pdis01,inequality,14,21,storage,1,pdis_upper_bound,true,32,1556,MW,0,NaN,
20260811_121452_stage_B_2C_4168a6e9,INEQ-LOWER-D014-H21-Pdis02,inequality,14,21,storage,2,pdis_lower_bound,true,33,1557,MW,0,NaN,
20260811_121452_stage_B_2C_4168a6e9,INEQ-UPPER-D014-H21-Pdis02,inequality,14,21,storage,2,pdis_upper_bound,true,34,1558,MW,0,NaN,
20260811_121452_stage_B_2C_4168a6e9,INEQ-LOWER-D014-H21-SOC01,inequality,14,21,storage,1,soc_lower_bound,true,35,1559,MWh,0,NaN,
20260811_121452_stage_B_2C_4168a6e9,INEQ-UPPER-D014-H21-SOC01,inequality,14,21,storage,1,soc_upper_bound,true,36,1560,MWh,0,NaN,
20260811_121452_stage_B_2C_4168a6e9,INEQ-LOWER-D014-H21-SOC02,inequality,14,21,storage,2,soc_lower_bound,true,37,1561,MWh,0,NaN,
20260811_121452_stage_B_2C_4168a6e9,INEQ-UPPER-D014-H21-SOC02,inequality,14,21,storage,2,soc_upper_bound,true,38,1562,MWh,0,NaN,
20260811_121452_stage_B_2C_4168a6e9,INEQ-LOWER-D014-H22-PW01,inequality,14,22,wind,1,pw_lower_bound,true,1,1563,MW,0,NaN,
20260811_121452_stage_B_2C_4168a6e9,INEQ-UPPER-D014-H22-PW01,inequality,14,22,wind,1,pw_upper_bound,true,2,1564,MW,0,NaN,
20260811_121452_stage_B_2C_4168a6e9,INEQ-LOWER-D014-H22-PW02,inequality,14,22,wind,2,pw_lower_bound,true,3,1565,MW,0,NaN,
20260811_121452_stage_B_2C_4168a6e9,INEQ-UPPER-D014-H22-PW02,inequality,14,22,wind,2,pw_upper_bound,true,4,1566,MW,0,NaN,
20260811_121452_stage_B_2C_4168a6e9,INEQ-LOWER-D014-H22-PW03,inequality,14,22,wind,3,pw_lower_bound,true,5,1567,MW,0,NaN,
20260811_121452_stage_B_2C_4168a6e9,INEQ-UPPER-D014-H22-PW03,inequality,14,22,wind,3,pw_upper_bound,true,6,1568,MW,0,NaN,
20260811_121452_stage_B_2C_4168a6e9,INEQ-LOWER-D014-H22-PW04,inequality,14,22,wind,4,pw_lower_bound,true,7,1569,MW,0,NaN,
20260811_121452_stage_B_2C_4168a6e9,INEQ-UPPER-D014-H22-PW04,inequality,14,22,wind,4,pw_upper_bound,true,8,1570,MW,0,NaN,
20260811_121452_stage_B_2C_4168a6e9,INEQ-LOWER-D014-H22-PW05,inequality,14,22,wind,5,pw_lower_bound,true,9,1571,MW,0,NaN,
20260811_121452_stage_B_2C_4168a6e9,INEQ-UPPER-D014-H22-PW05,inequality,14,22,wind,5,pw_upper_bound,true,10,1572,MW,0,NaN,
20260811_121452_stage_B_2C_4168a6e9,INEQ-LOWER-D014-H22-PH01,inequality,14,22,hydro,1,ph_lower_bound,true,11,1573,MW,0,NaN,
20260811_121452_stage_B_2C_4168a6e9,INEQ-UPPER-D014-H22-PH01,inequality,14,22,hydro,1,ph_upper_bound,true,12,1574,MW,0,NaN,
20260811_121452_stage_B_2C_4168a6e9,INEQ-LOWER-D014-H22-PH02,inequality,14,22,hydro,2,ph_lower_bound,true,13,1575,MW,0,NaN,
20260811_121452_stage_B_2C_4168a6e9,INEQ-UPPER-D014-H22-PH02,inequality,14,22,hydro,2,ph_upper_bound,true,14,1576,MW,0,NaN,
20260811_121452_stage_B_2C_4168a6e9,INEQ-LOWER-D014-H22-PH03,inequality,14,22,hydro,3,ph_lower_bound,true,15,1577,MW,0,NaN,
20260811_121452_stage_B_2C_4168a6e9,INEQ-UPPER-D014-H22-PH03,inequality,14,22,hydro,3,ph_upper_bound,true,16,1578,MW,0,NaN,
20260811_121452_stage_B_2C_4168a6e9,INEQ-LOWER-D014-H22-PH04,inequality,14,22,hydro,4,ph_lower_bound,true,17,1579,MW,0,NaN,
20260811_121452_stage_B_2C_4168a6e9,INEQ-UPPER-D014-H22-PH04,inequality,14,22,hydro,4,ph_upper_bound,true,18,1580,MW,0,NaN,
20260811_121452_stage_B_2C_4168a6e9,INEQ-LOWER-D014-H22-PF01,inequality,14,22,thermal,1,pf_lower_bound,true,19,1581,MW,0,NaN,
20260811_121452_stage_B_2C_4168a6e9,INEQ-UPPER-D014-H22-PF01,inequality,14,22,thermal,1,pf_upper_bound,true,20,1582,MW,0,NaN,
20260811_121452_stage_B_2C_4168a6e9,INEQ-LOWER-D014-H22-PF02,inequality,14,22,thermal,2,pf_lower_bound,true,21,1583,MW,0,NaN,
20260811_121452_stage_B_2C_4168a6e9,INEQ-UPPER-D014-H22-PF02,inequality,14,22,thermal,2,pf_upper_bound,true,22,1584,MW,0,NaN,
20260811_121452_stage_B_2C_4168a6e9,INEQ-LOWER-D014-H22-PF03,inequality,14,22,thermal,3,pf_lower_bound,true,23,1585,MW,0,NaN,
20260811_121452_stage_B_2C_4168a6e9,INEQ-UPPER-D014-H22-PF03,inequality,14,22,thermal,3,pf_upper_bound,true,24,1586,MW,0,NaN,
20260811_121452_stage_B_2C_4168a6e9,INEQ-LOWER-D014-H22-PF04,inequality,14,22,thermal,4,pf_lower_bound,true,25,1587,MW,0,NaN,
20260811_121452_stage_B_2C_4168a6e9,INEQ-UPPER-D014-H22-PF04,inequality,14,22,thermal,4,pf_upper_bound,true,26,1588,MW,0,NaN,
20260811_121452_stage_B_2C_4168a6e9,INEQ-LOWER-D014-H22-Pch01,inequality,14,22,storage,1,pch_lower_bound,true,27,1589,MW,0,NaN,
20260811_121452_stage_B_2C_4168a6e9,INEQ-UPPER-D014-H22-Pch01,inequality,14,22,storage,1,pch_upper_bound,true,28,1590,MW,0,NaN,
20260811_121452_stage_B_2C_4168a6e9,INEQ-LOWER-D014-H22-Pch02,inequality,14,22,storage,2,pch_lower_bound,true,29,1591,MW,0,NaN,
20260811_121452_stage_B_2C_4168a6e9,INEQ-UPPER-D014-H22-Pch02,inequality,14,22,storage,2,pch_upper_bound,true,30,1592,MW,0,NaN,
20260811_121452_stage_B_2C_4168a6e9,INEQ-LOWER-D014-H22-Pdis01,inequality,14,22,storage,1,pdis_lower_bound,true,31,1593,MW,0,NaN,
20260811_121452_stage_B_2C_4168a6e9,INEQ-UPPER-D014-H22-Pdis01,inequality,14,22,storage,1,pdis_upper_bound,true,32,1594,MW,0,NaN,
20260811_121452_stage_B_2C_4168a6e9,INEQ-LOWER-D014-H22-Pdis02,inequality,14,22,storage,2,pdis_lower_bound,true,33,1595,MW,0,NaN,
20260811_121452_stage_B_2C_4168a6e9,INEQ-UPPER-D014-H22-Pdis02,inequality,14,22,storage,2,pdis_upper_bound,true,34,1596,MW,0,NaN,
20260811_121452_stage_B_2C_4168a6e9,INEQ-LOWER-D014-H22-SOC01,inequality,14,22,storage,1,soc_lower_bound,true,35,1597,MWh,0,NaN,
20260811_121452_stage_B_2C_4168a6e9,INEQ-UPPER-D014-H22-SOC01,inequality,14,22,storage,1,soc_upper_bound,true,36,1598,MWh,0,NaN,
20260811_121452_stage_B_2C_4168a6e9,INEQ-LOWER-D014-H22-SOC02,inequality,14,22,storage,2,soc_lower_bound,true,37,1599,MWh,0,NaN,
20260811_121452_stage_B_2C_4168a6e9,INEQ-UPPER-D014-H22-SOC02,inequality,14,22,storage,2,soc_upper_bound,true,38,1600,MWh,0,NaN,
20260811_121452_stage_B_2C_4168a6e9,INEQ-LOWER-D014-H23-PW01,inequality,14,23,wind,1,pw_lower_bound,true,1,1601,MW,0,NaN,
20260811_121452_stage_B_2C_4168a6e9,INEQ-UPPER-D014-H23-PW01,inequality,14,23,wind,1,pw_upper_bound,true,2,1602,MW,0,NaN,
20260811_121452_stage_B_2C_4168a6e9,INEQ-LOWER-D014-H23-PW02,inequality,14,23,wind,2,pw_lower_bound,true,3,1603,MW,0,NaN,
20260811_121452_stage_B_2C_4168a6e9,INEQ-UPPER-D014-H23-PW02,inequality,14,23,wind,2,pw_upper_bound,true,4,1604,MW,0,NaN,
20260811_121452_stage_B_2C_4168a6e9,INEQ-LOWER-D014-H23-PW03,inequality,14,23,wind,3,pw_lower_bound,true,5,1605,MW,0,NaN,
20260811_121452_stage_B_2C_4168a6e9,INEQ-UPPER-D014-H23-PW03,inequality,14,23,wind,3,pw_upper_bound,true,6,1606,MW,0,NaN,
20260811_121452_stage_B_2C_4168a6e9,INEQ-LOWER-D014-H23-PW04,inequality,14,23,wind,4,pw_lower_bound,true,7,1607,MW,0,NaN,
20260811_121452_stage_B_2C_4168a6e9,INEQ-UPPER-D014-H23-PW04,inequality,14,23,wind,4,pw_upper_bound,true,8,1608,MW,0,NaN,
20260811_121452_stage_B_2C_4168a6e9,INEQ-LOWER-D014-H23-PW05,inequality,14,23,wind,5,pw_lower_bound,true,9,1609,MW,0,NaN,
20260811_121452_stage_B_2C_4168a6e9,INEQ-UPPER-D014-H23-PW05,inequality,14,23,wind,5,pw_upper_bound,true,10,1610,MW,0,NaN,
20260811_121452_stage_B_2C_4168a6e9,INEQ-LOWER-D014-H23-PH01,inequality,14,23,hydro,1,ph_lower_bound,true,11,1611,MW,0,NaN,
20260811_121452_stage_B_2C_4168a6e9,INEQ-UPPER-D014-H23-PH01,inequality,14,23,hydro,1,ph_upper_bound,true,12,1612,MW,0,NaN,
20260811_121452_stage_B_2C_4168a6e9,INEQ-LOWER-D014-H23-PH02,inequality,14,23,hydro,2,ph_lower_bound,true,13,1613,MW,0,NaN,
20260811_121452_stage_B_2C_4168a6e9,INEQ-UPPER-D014-H23-PH02,inequality,14,23,hydro,2,ph_upper_bound,true,14,1614,MW,0,NaN,
20260811_121452_stage_B_2C_4168a6e9,INEQ-LOWER-D014-H23-PH03,inequality,14,23,hydro,3,ph_lower_bound,true,15,1615,MW,0,NaN,
20260811_121452_stage_B_2C_4168a6e9,INEQ-UPPER-D014-H23-PH03,inequality,14,23,hydro,3,ph_upper_bound,true,16,1616,MW,0,NaN,
20260811_121452_stage_B_2C_4168a6e9,INEQ-LOWER-D014-H23-PH04,inequality,14,23,hydro,4,ph_lower_bound,true,17,1617,MW,0,NaN,
20260811_121452_stage_B_2C_4168a6e9,INEQ-UPPER-D014-H23-PH04,inequality,14,23,hydro,4,ph_upper_bound,true,18,1618,MW,0,NaN,
20260811_121452_stage_B_2C_4168a6e9,INEQ-LOWER-D014-H23-PF01,inequality,14,23,thermal,1,pf_lower_bound,true,19,1619,MW,0,NaN,
20260811_121452_stage_B_2C_4168a6e9,INEQ-UPPER-D014-H23-PF01,inequality,14,23,thermal,1,pf_upper_bound,true,20,1620,MW,0,NaN,
20260811_121452_stage_B_2C_4168a6e9,INEQ-LOWER-D014-H23-PF02,inequality,14,23,thermal,2,pf_lower_bound,true,21,1621,MW,0,NaN,
20260811_121452_stage_B_2C_4168a6e9,INEQ-UPPER-D014-H23-PF02,inequality,14,23,thermal,2,pf_upper_bound,true,22,1622,MW,0,NaN,
20260811_121452_stage_B_2C_4168a6e9,INEQ-LOWER-D014-H23-PF03,inequality,14,23,thermal,3,pf_lower_bound,true,23,1623,MW,0,NaN,
20260811_121452_stage_B_2C_4168a6e9,INEQ-UPPER-D014-H23-PF03,inequality,14,23,thermal,3,pf_upper_bound,true,24,1624,MW,0,NaN,
20260811_121452_stage_B_2C_4168a6e9,INEQ-LOWER-D014-H23-PF04,inequality,14,23,thermal,4,pf_lower_bound,true,25,1625,MW,0,NaN,
20260811_121452_stage_B_2C_4168a6e9,INEQ-UPPER-D014-H23-PF04,inequality,14,23,thermal,4,pf_upper_bound,true,26,1626,MW,0,NaN,
20260811_121452_stage_B_2C_4168a6e9,INEQ-LOWER-D014-H23-Pch01,inequality,14,23,storage,1,pch_lower_bound,true,27,1627,MW,0,NaN,
20260811_121452_stage_B_2C_4168a6e9,INEQ-UPPER-D014-H23-Pch01,inequality,14,23,storage,1,pch_upper_bound,true,28,1628,MW,0,NaN,
20260811_121452_stage_B_2C_4168a6e9,INEQ-LOWER-D014-H23-Pch02,inequality,14,23,storage,2,pch_lower_bound,true,29,1629,MW,0,NaN,
20260811_121452_stage_B_2C_4168a6e9,INEQ-UPPER-D014-H23-Pch02,inequality,14,23,storage,2,pch_upper_bound,true,30,1630,MW,0,NaN,
20260811_121452_stage_B_2C_4168a6e9,INEQ-LOWER-D014-H23-Pdis01,inequality,14,23,storage,1,pdis_lower_bound,true,31,1631,MW,0,NaN,
20260811_121452_stage_B_2C_4168a6e9,INEQ-UPPER-D014-H23-Pdis01,inequality,14,23,storage,1,pdis_upper_bound,true,32,1632,MW,0,NaN,
20260811_121452_stage_B_2C_4168a6e9,INEQ-LOWER-D014-H23-Pdis02,inequality,14,23,storage,2,pdis_lower_bound,true,33,1633,MW,0,NaN,
20260811_121452_stage_B_2C_4168a6e9,INEQ-UPPER-D014-H23-Pdis02,inequality,14,23,storage,2,pdis_upper_bound,true,34,1634,MW,0,NaN,
20260811_121452_stage_B_2C_4168a6e9,INEQ-LOWER-D014-H23-SOC01,inequality,14,23,storage,1,soc_lower_bound,true,35,1635,MWh,0,NaN,
20260811_121452_stage_B_2C_4168a6e9,INEQ-UPPER-D014-H23-SOC01,inequality,14,23,storage,1,soc_upper_bound,true,36,1636,MWh,0,NaN,
20260811_121452_stage_B_2C_4168a6e9,INEQ-LOWER-D014-H23-SOC02,inequality,14,23,storage,2,soc_lower_bound,true,37,1637,MWh,0,NaN,
20260811_121452_stage_B_2C_4168a6e9,INEQ-UPPER-D014-H23-SOC02,inequality,14,23,storage,2,soc_upper_bound,true,38,1638,MWh,0,NaN,
20260811_121452_stage_B_2C_4168a6e9,INEQ-LOWER-D014-H24-PW01,inequality,14,24,wind,1,pw_lower_bound,true,1,1639,MW,0,NaN,
20260811_121452_stage_B_2C_4168a6e9,INEQ-UPPER-D014-H24-PW01,inequality,14,24,wind,1,pw_upper_bound,true,2,1640,MW,0,NaN,
20260811_121452_stage_B_2C_4168a6e9,INEQ-LOWER-D014-H24-PW02,inequality,14,24,wind,2,pw_lower_bound,true,3,1641,MW,0,NaN,
20260811_121452_stage_B_2C_4168a6e9,INEQ-UPPER-D014-H24-PW02,inequality,14,24,wind,2,pw_upper_bound,true,4,1642,MW,0,NaN,
20260811_121452_stage_B_2C_4168a6e9,INEQ-LOWER-D014-H24-PW03,inequality,14,24,wind,3,pw_lower_bound,true,5,1643,MW,0,NaN,
20260811_121452_stage_B_2C_4168a6e9,INEQ-UPPER-D014-H24-PW03,inequality,14,24,wind,3,pw_upper_bound,true,6,1644,MW,0,NaN,
20260811_121452_stage_B_2C_4168a6e9,INEQ-LOWER-D014-H24-PW04,inequality,14,24,wind,4,pw_lower_bound,true,7,1645,MW,0,NaN,
20260811_121452_stage_B_2C_4168a6e9,INEQ-UPPER-D014-H24-PW04,inequality,14,24,wind,4,pw_upper_bound,true,8,1646,MW,0,NaN,
20260811_121452_stage_B_2C_4168a6e9,INEQ-LOWER-D014-H24-PW05,inequality,14,24,wind,5,pw_lower_bound,true,9,1647,MW,0,NaN,
20260811_121452_stage_B_2C_4168a6e9,INEQ-UPPER-D014-H24-PW05,inequality,14,24,wind,5,pw_upper_bound,true,10,1648,MW,0,NaN,
20260811_121452_stage_B_2C_4168a6e9,INEQ-LOWER-D014-H24-PH01,inequality,14,24,hydro,1,ph_lower_bound,true,11,1649,MW,0,NaN,
20260811_121452_stage_B_2C_4168a6e9,INEQ-UPPER-D014-H24-PH01,inequality,14,24,hydro,1,ph_upper_bound,true,12,1650,MW,0,NaN,
20260811_121452_stage_B_2C_4168a6e9,INEQ-LOWER-D014-H24-PH02,inequality,14,24,hydro,2,ph_lower_bound,true,13,1651,MW,0,NaN,
20260811_121452_stage_B_2C_4168a6e9,INEQ-UPPER-D014-H24-PH02,inequality,14,24,hydro,2,ph_upper_bound,true,14,1652,MW,0,NaN,
20260811_121452_stage_B_2C_4168a6e9,INEQ-LOWER-D014-H24-PH03,inequality,14,24,hydro,3,ph_lower_bound,true,15,1653,MW,0,NaN,
20260811_121452_stage_B_2C_4168a6e9,INEQ-UPPER-D014-H24-PH03,inequality,14,24,hydro,3,ph_upper_bound,true,16,1654,MW,0,NaN,
20260811_121452_stage_B_2C_4168a6e9,INEQ-LOWER-D014-H24-PH04,inequality,14,24,hydro,4,ph_lower_bound,true,17,1655,MW,0,NaN,
20260811_121452_stage_B_2C_4168a6e9,INEQ-UPPER-D014-H24-PH04,inequality,14,24,hydro,4,ph_upper_bound,true,18,1656,MW,0,NaN,
20260811_121452_stage_B_2C_4168a6e9,INEQ-LOWER-D014-H24-PF01,inequality,14,24,thermal,1,pf_lower_bound,true,19,1657,MW,0,NaN,
20260811_121452_stage_B_2C_4168a6e9,INEQ-UPPER-D014-H24-PF01,inequality,14,24,thermal,1,pf_upper_bound,true,20,1658,MW,0,NaN,
20260811_121452_stage_B_2C_4168a6e9,INEQ-LOWER-D014-H24-PF02,inequality,14,24,thermal,2,pf_lower_bound,true,21,1659,MW,0,NaN,
20260811_121452_stage_B_2C_4168a6e9,INEQ-UPPER-D014-H24-PF02,inequality,14,24,thermal,2,pf_upper_bound,true,22,1660,MW,0,NaN,
20260811_121452_stage_B_2C_4168a6e9,INEQ-LOWER-D014-H24-PF03,inequality,14,24,thermal,3,pf_lower_bound,true,23,1661,MW,0,NaN,
20260811_121452_stage_B_2C_4168a6e9,INEQ-UPPER-D014-H24-PF03,inequality,14,24,thermal,3,pf_upper_bound,true,24,1662,MW,0,NaN,
20260811_121452_stage_B_2C_4168a6e9,INEQ-LOWER-D014-H24-PF04,inequality,14,24,thermal,4,pf_lower_bound,true,25,1663,MW,0,NaN,
20260811_121452_stage_B_2C_4168a6e9,INEQ-UPPER-D014-H24-PF04,inequality,14,24,thermal,4,pf_upper_bound,true,26,1664,MW,0,NaN,
20260811_121452_stage_B_2C_4168a6e9,INEQ-LOWER-D014-H24-Pch01,inequality,14,24,storage,1,pch_lower_bound,true,27,1665,MW,0,NaN,
20260811_121452_stage_B_2C_4168a6e9,INEQ-UPPER-D014-H24-Pch01,inequality,14,24,storage,1,pch_upper_bound,true,28,1666,MW,0,NaN,
20260811_121452_stage_B_2C_4168a6e9,INEQ-LOWER-D014-H24-Pch02,inequality,14,24,storage,2,pch_lower_bound,true,29,1667,MW,0,NaN,
20260811_121452_stage_B_2C_4168a6e9,INEQ-UPPER-D014-H24-Pch02,inequality,14,24,storage,2,pch_upper_bound,true,30,1668,MW,0,NaN,
20260811_121452_stage_B_2C_4168a6e9,INEQ-LOWER-D014-H24-Pdis01,inequality,14,24,storage,1,pdis_lower_bound,true,31,1669,MW,0,NaN,
20260811_121452_stage_B_2C_4168a6e9,INEQ-UPPER-D014-H24-Pdis01,inequality,14,24,storage,1,pdis_upper_bound,true,32,1670,MW,0,NaN,
20260811_121452_stage_B_2C_4168a6e9,INEQ-LOWER-D014-H24-Pdis02,inequality,14,24,storage,2,pdis_lower_bound,true,33,1671,MW,0,NaN,
20260811_121452_stage_B_2C_4168a6e9,INEQ-UPPER-D014-H24-Pdis02,inequality,14,24,storage,2,pdis_upper_bound,true,34,1672,MW,0,NaN,
20260811_121452_stage_B_2C_4168a6e9,INEQ-LOWER-D014-H24-SOC01,inequality,14,24,storage,1,soc_lower_bound,true,35,1673,MWh,0,NaN,
20260811_121452_stage_B_2C_4168a6e9,INEQ-UPPER-D014-H24-SOC01,inequality,14,24,storage,1,soc_upper_bound,true,36,1674,MWh,0,NaN,
20260811_121452_stage_B_2C_4168a6e9,INEQ-LOWER-D014-H24-SOC02,inequality,14,24,storage,2,soc_lower_bound,true,37,1675,MWh,0,NaN,
20260811_121452_stage_B_2C_4168a6e9,INEQ-UPPER-D014-H24-SOC02,inequality,14,24,storage,2,soc_upper_bound,true,38,1676,MWh,0,NaN,
20260811_121452_stage_B_2C_4168a6e9,INEQ-LOWER-D015-H01-PW01,inequality,15,1,wind,1,pw_lower_bound,true,1,1677,MW,0,NaN,
20260811_121452_stage_B_2C_4168a6e9,INEQ-UPPER-D015-H01-PW01,inequality,15,1,wind,1,pw_upper_bound,true,2,1678,MW,0,NaN,
20260811_121452_stage_B_2C_4168a6e9,INEQ-LOWER-D015-H01-PW02,inequality,15,1,wind,2,pw_lower_bound,true,3,1679,MW,0,NaN,
20260811_121452_stage_B_2C_4168a6e9,INEQ-UPPER-D015-H01-PW02,inequality,15,1,wind,2,pw_upper_bound,true,4,1680,MW,0,NaN,
20260811_121452_stage_B_2C_4168a6e9,INEQ-LOWER-D015-H01-PW03,inequality,15,1,wind,3,pw_lower_bound,true,5,1681,MW,0,NaN,
20260811_121452_stage_B_2C_4168a6e9,INEQ-UPPER-D015-H01-PW03,inequality,15,1,wind,3,pw_upper_bound,true,6,1682,MW,0,NaN,
20260811_121452_stage_B_2C_4168a6e9,INEQ-LOWER-D015-H01-PW04,inequality,15,1,wind,4,pw_lower_bound,true,7,1683,MW,0,NaN,
20260811_121452_stage_B_2C_4168a6e9,INEQ-UPPER-D015-H01-PW04,inequality,15,1,wind,4,pw_upper_bound,true,8,1684,MW,0,NaN,
20260811_121452_stage_B_2C_4168a6e9,INEQ-LOWER-D015-H01-PW05,inequality,15,1,wind,5,pw_lower_bound,true,9,1685,MW,0,NaN,
20260811_121452_stage_B_2C_4168a6e9,INEQ-UPPER-D015-H01-PW05,inequality,15,1,wind,5,pw_upper_bound,true,10,1686,MW,0,NaN,
20260811_121452_stage_B_2C_4168a6e9,INEQ-LOWER-D015-H01-PH01,inequality,15,1,hydro,1,ph_lower_bound,true,11,1687,MW,0,NaN,
20260811_121452_stage_B_2C_4168a6e9,INEQ-UPPER-D015-H01-PH01,inequality,15,1,hydro,1,ph_upper_bound,true,12,1688,MW,0,NaN,
20260811_121452_stage_B_2C_4168a6e9,INEQ-LOWER-D015-H01-PH02,inequality,15,1,hydro,2,ph_lower_bound,true,13,1689,MW,0,NaN,
20260811_121452_stage_B_2C_4168a6e9,INEQ-UPPER-D015-H01-PH02,inequality,15,1,hydro,2,ph_upper_bound,true,14,1690,MW,0,NaN,
20260811_121452_stage_B_2C_4168a6e9,INEQ-LOWER-D015-H01-PH03,inequality,15,1,hydro,3,ph_lower_bound,true,15,1691,MW,0,NaN,
20260811_121452_stage_B_2C_4168a6e9,INEQ-UPPER-D015-H01-PH03,inequality,15,1,hydro,3,ph_upper_bound,true,16,1692,MW,0,NaN,
20260811_121452_stage_B_2C_4168a6e9,INEQ-LOWER-D015-H01-PH04,inequality,15,1,hydro,4,ph_lower_bound,true,17,1693,MW,0,NaN,
20260811_121452_stage_B_2C_4168a6e9,INEQ-UPPER-D015-H01-PH04,inequality,15,1,hydro,4,ph_upper_bound,true,18,1694,MW,0,NaN,
20260811_121452_stage_B_2C_4168a6e9,INEQ-LOWER-D015-H01-PF01,inequality,15,1,thermal,1,pf_lower_bound,true,19,1695,MW,0,NaN,
20260811_121452_stage_B_2C_4168a6e9,INEQ-UPPER-D015-H01-PF01,inequality,15,1,thermal,1,pf_upper_bound,true,20,1696,MW,0,NaN,
20260811_121452_stage_B_2C_4168a6e9,INEQ-LOWER-D015-H01-PF02,inequality,15,1,thermal,2,pf_lower_bound,true,21,1697,MW,0,NaN,
20260811_121452_stage_B_2C_4168a6e9,INEQ-UPPER-D015-H01-PF02,inequality,15,1,thermal,2,pf_upper_bound,true,22,1698,MW,0,NaN,
20260811_121452_stage_B_2C_4168a6e9,INEQ-LOWER-D015-H01-PF03,inequality,15,1,thermal,3,pf_lower_bound,true,23,1699,MW,0,NaN,
20260811_121452_stage_B_2C_4168a6e9,INEQ-UPPER-D015-H01-PF03,inequality,15,1,thermal,3,pf_upper_bound,true,24,1700,MW,0,NaN,
20260811_121452_stage_B_2C_4168a6e9,INEQ-LOWER-D015-H01-PF04,inequality,15,1,thermal,4,pf_lower_bound,true,25,1701,MW,0,NaN,
20260811_121452_stage_B_2C_4168a6e9,INEQ-UPPER-D015-H01-PF04,inequality,15,1,thermal,4,pf_upper_bound,true,26,1702,MW,0,NaN,
20260811_121452_stage_B_2C_4168a6e9,INEQ-LOWER-D015-H01-Pch01,inequality,15,1,storage,1,pch_lower_bound,true,27,1703,MW,0,NaN,
20260811_121452_stage_B_2C_4168a6e9,INEQ-UPPER-D015-H01-Pch01,inequality,15,1,storage,1,pch_upper_bound,true,28,1704,MW,0,NaN,
20260811_121452_stage_B_2C_4168a6e9,INEQ-LOWER-D015-H01-Pch02,inequality,15,1,storage,2,pch_lower_bound,true,29,1705,MW,0,NaN,
20260811_121452_stage_B_2C_4168a6e9,INEQ-UPPER-D015-H01-Pch02,inequality,15,1,storage,2,pch_upper_bound,true,30,1706,MW,0,NaN,
20260811_121452_stage_B_2C_4168a6e9,INEQ-LOWER-D015-H01-Pdis01,inequality,15,1,storage,1,pdis_lower_bound,true,31,1707,MW,0,NaN,
20260811_121452_stage_B_2C_4168a6e9,INEQ-UPPER-D015-H01-Pdis01,inequality,15,1,storage,1,pdis_upper_bound,true,32,1708,MW,0,NaN,
20260811_121452_stage_B_2C_4168a6e9,INEQ-LOWER-D015-H01-Pdis02,inequality,15,1,storage,2,pdis_lower_bound,true,33,1709,MW,0,NaN,
20260811_121452_stage_B_2C_4168a6e9,INEQ-UPPER-D015-H01-Pdis02,inequality,15,1,storage,2,pdis_upper_bound,true,34,1710,MW,0,NaN,
20260811_121452_stage_B_2C_4168a6e9,INEQ-LOWER-D015-H01-SOC01,inequality,15,1,storage,1,soc_lower_bound,true,35,1711,MWh,0,NaN,
20260811_121452_stage_B_2C_4168a6e9,INEQ-UPPER-D015-H01-SOC01,inequality,15,1,storage,1,soc_upper_bound,true,36,1712,MWh,0,NaN,
20260811_121452_stage_B_2C_4168a6e9,INEQ-LOWER-D015-H01-SOC02,inequality,15,1,storage,2,soc_lower_bound,true,37,1713,MWh,0,NaN,
20260811_121452_stage_B_2C_4168a6e9,INEQ-UPPER-D015-H01-SOC02,inequality,15,1,storage,2,soc_upper_bound,true,38,1714,MWh,0,NaN,
20260811_121452_stage_B_2C_4168a6e9,INEQ-LOWER-D015-H02-PW01,inequality,15,2,wind,1,pw_lower_bound,true,1,1715,MW,0,NaN,
20260811_121452_stage_B_2C_4168a6e9,INEQ-UPPER-D015-H02-PW01,inequality,15,2,wind,1,pw_upper_bound,true,2,1716,MW,0,NaN,
20260811_121452_stage_B_2C_4168a6e9,INEQ-LOWER-D015-H02-PW02,inequality,15,2,wind,2,pw_lower_bound,true,3,1717,MW,0,NaN,
20260811_121452_stage_B_2C_4168a6e9,INEQ-UPPER-D015-H02-PW02,inequality,15,2,wind,2,pw_upper_bound,true,4,1718,MW,0,NaN,
20260811_121452_stage_B_2C_4168a6e9,INEQ-LOWER-D015-H02-PW03,inequality,15,2,wind,3,pw_lower_bound,true,5,1719,MW,0,NaN,
20260811_121452_stage_B_2C_4168a6e9,INEQ-UPPER-D015-H02-PW03,inequality,15,2,wind,3,pw_upper_bound,true,6,1720,MW,0,NaN,
20260811_121452_stage_B_2C_4168a6e9,INEQ-LOWER-D015-H02-PW04,inequality,15,2,wind,4,pw_lower_bound,true,7,1721,MW,0,NaN,
20260811_121452_stage_B_2C_4168a6e9,INEQ-UPPER-D015-H02-PW04,inequality,15,2,wind,4,pw_upper_bound,true,8,1722,MW,0,NaN,
20260811_121452_stage_B_2C_4168a6e9,INEQ-LOWER-D015-H02-PW05,inequality,15,2,wind,5,pw_lower_bound,true,9,1723,MW,0,NaN,
20260811_121452_stage_B_2C_4168a6e9,INEQ-UPPER-D015-H02-PW05,inequality,15,2,wind,5,pw_upper_bound,true,10,1724,MW,0,NaN,
20260811_121452_stage_B_2C_4168a6e9,INEQ-LOWER-D015-H02-PH01,inequality,15,2,hydro,1,ph_lower_bound,true,11,1725,MW,0,NaN,
20260811_121452_stage_B_2C_4168a6e9,INEQ-UPPER-D015-H02-PH01,inequality,15,2,hydro,1,ph_upper_bound,true,12,1726,MW,0,NaN,
20260811_121452_stage_B_2C_4168a6e9,INEQ-LOWER-D015-H02-PH02,inequality,15,2,hydro,2,ph_lower_bound,true,13,1727,MW,0,NaN,
20260811_121452_stage_B_2C_4168a6e9,INEQ-UPPER-D015-H02-PH02,inequality,15,2,hydro,2,ph_upper_bound,true,14,1728,MW,0,NaN,
20260811_121452_stage_B_2C_4168a6e9,INEQ-LOWER-D015-H02-PH03,inequality,15,2,hydro,3,ph_lower_bound,true,15,1729,MW,0,NaN,
20260811_121452_stage_B_2C_4168a6e9,INEQ-UPPER-D015-H02-PH03,inequality,15,2,hydro,3,ph_upper_bound,true,16,1730,MW,0,NaN,
20260811_121452_stage_B_2C_4168a6e9,INEQ-LOWER-D015-H02-PH04,inequality,15,2,hydro,4,ph_lower_bound,true,17,1731,MW,0,NaN,
20260811_121452_stage_B_2C_4168a6e9,INEQ-UPPER-D015-H02-PH04,inequality,15,2,hydro,4,ph_upper_bound,true,18,1732,MW,0,NaN,
20260811_121452_stage_B_2C_4168a6e9,INEQ-LOWER-D015-H02-PF01,inequality,15,2,thermal,1,pf_lower_bound,true,19,1733,MW,0,NaN,
20260811_121452_stage_B_2C_4168a6e9,INEQ-UPPER-D015-H02-PF01,inequality,15,2,thermal,1,pf_upper_bound,true,20,1734,MW,0,NaN,
20260811_121452_stage_B_2C_4168a6e9,INEQ-LOWER-D015-H02-PF02,inequality,15,2,thermal,2,pf_lower_bound,true,21,1735,MW,0,NaN,
20260811_121452_stage_B_2C_4168a6e9,INEQ-UPPER-D015-H02-PF02,inequality,15,2,thermal,2,pf_upper_bound,true,22,1736,MW,0,NaN,
20260811_121452_stage_B_2C_4168a6e9,INEQ-LOWER-D015-H02-PF03,inequality,15,2,thermal,3,pf_lower_bound,true,23,1737,MW,0,NaN,
20260811_121452_stage_B_2C_4168a6e9,INEQ-UPPER-D015-H02-PF03,inequality,15,2,thermal,3,pf_upper_bound,true,24,1738,MW,0,NaN,
20260811_121452_stage_B_2C_4168a6e9,INEQ-LOWER-D015-H02-PF04,inequality,15,2,thermal,4,pf_lower_bound,true,25,1739,MW,0,NaN,
20260811_121452_stage_B_2C_4168a6e9,INEQ-UPPER-D015-H02-PF04,inequality,15,2,thermal,4,pf_upper_bound,true,26,1740,MW,0,NaN,
20260811_121452_stage_B_2C_4168a6e9,INEQ-LOWER-D015-H02-Pch01,inequality,15,2,storage,1,pch_lower_bound,true,27,1741,MW,0,NaN,
20260811_121452_stage_B_2C_4168a6e9,INEQ-UPPER-D015-H02-Pch01,inequality,15,2,storage,1,pch_upper_bound,true,28,1742,MW,0,NaN,
20260811_121452_stage_B_2C_4168a6e9,INEQ-LOWER-D015-H02-Pch02,inequality,15,2,storage,2,pch_lower_bound,true,29,1743,MW,0,NaN,
20260811_121452_stage_B_2C_4168a6e9,INEQ-UPPER-D015-H02-Pch02,inequality,15,2,storage,2,pch_upper_bound,true,30,1744,MW,0,NaN,
20260811_121452_stage_B_2C_4168a6e9,INEQ-LOWER-D015-H02-Pdis01,inequality,15,2,storage,1,pdis_lower_bound,true,31,1745,MW,0,NaN,
20260811_121452_stage_B_2C_4168a6e9,INEQ-UPPER-D015-H02-Pdis01,inequality,15,2,storage,1,pdis_upper_bound,true,32,1746,MW,0,NaN,
20260811_121452_stage_B_2C_4168a6e9,INEQ-LOWER-D015-H02-Pdis02,inequality,15,2,storage,2,pdis_lower_bound,true,33,1747,MW,0,NaN,
20260811_121452_stage_B_2C_4168a6e9,INEQ-UPPER-D015-H02-Pdis02,inequality,15,2,storage,2,pdis_upper_bound,true,34,1748,MW,0,NaN,
20260811_121452_stage_B_2C_4168a6e9,INEQ-LOWER-D015-H02-SOC01,inequality,15,2,storage,1,soc_lower_bound,true,35,1749,MWh,0,NaN,
20260811_121452_stage_B_2C_4168a6e9,INEQ-UPPER-D015-H02-SOC01,inequality,15,2,storage,1,soc_upper_bound,true,36,1750,MWh,0,NaN,
20260811_121452_stage_B_2C_4168a6e9,INEQ-LOWER-D015-H02-SOC02,inequality,15,2,storage,2,soc_lower_bound,true,37,1751,MWh,0,NaN,
20260811_121452_stage_B_2C_4168a6e9,INEQ-UPPER-D015-H02-SOC02,inequality,15,2,storage,2,soc_upper_bound,true,38,1752,MWh,0,NaN,
20260811_121452_stage_B_2C_4168a6e9,INEQ-LOWER-D015-H03-PW01,inequality,15,3,wind,1,pw_lower_bound,true,1,1753,MW,0,NaN,
20260811_121452_stage_B_2C_4168a6e9,INEQ-UPPER-D015-H03-PW01,inequality,15,3,wind,1,pw_upper_bound,true,2,1754,MW,0,NaN,
20260811_121452_stage_B_2C_4168a6e9,INEQ-LOWER-D015-H03-PW02,inequality,15,3,wind,2,pw_lower_bound,true,3,1755,MW,0,NaN,
20260811_121452_stage_B_2C_4168a6e9,INEQ-UPPER-D015-H03-PW02,inequality,15,3,wind,2,pw_upper_bound,true,4,1756,MW,0,NaN,
20260811_121452_stage_B_2C_4168a6e9,INEQ-LOWER-D015-H03-PW03,inequality,15,3,wind,3,pw_lower_bound,true,5,1757,MW,0,NaN,
20260811_121452_stage_B_2C_4168a6e9,INEQ-UPPER-D015-H03-PW03,inequality,15,3,wind,3,pw_upper_bound,true,6,1758,MW,0,NaN,
20260811_121452_stage_B_2C_4168a6e9,INEQ-LOWER-D015-H03-PW04,inequality,15,3,wind,4,pw_lower_bound,true,7,1759,MW,0,NaN,
20260811_121452_stage_B_2C_4168a6e9,INEQ-UPPER-D015-H03-PW04,inequality,15,3,wind,4,pw_upper_bound,true,8,1760,MW,0,NaN,
20260811_121452_stage_B_2C_4168a6e9,INEQ-LOWER-D015-H03-PW05,inequality,15,3,wind,5,pw_lower_bound,true,9,1761,MW,0,NaN,
20260811_121452_stage_B_2C_4168a6e9,INEQ-UPPER-D015-H03-PW05,inequality,15,3,wind,5,pw_upper_bound,true,10,1762,MW,0,NaN,
20260811_121452_stage_B_2C_4168a6e9,INEQ-LOWER-D015-H03-PH01,inequality,15,3,hydro,1,ph_lower_bound,true,11,1763,MW,0,NaN,
20260811_121452_stage_B_2C_4168a6e9,INEQ-UPPER-D015-H03-PH01,inequality,15,3,hydro,1,ph_upper_bound,true,12,1764,MW,0,NaN,
20260811_121452_stage_B_2C_4168a6e9,INEQ-LOWER-D015-H03-PH02,inequality,15,3,hydro,2,ph_lower_bound,true,13,1765,MW,0,NaN,
20260811_121452_stage_B_2C_4168a6e9,INEQ-UPPER-D015-H03-PH02,inequality,15,3,hydro,2,ph_upper_bound,true,14,1766,MW,0,NaN,
20260811_121452_stage_B_2C_4168a6e9,INEQ-LOWER-D015-H03-PH03,inequality,15,3,hydro,3,ph_lower_bound,true,15,1767,MW,0,NaN,
20260811_121452_stage_B_2C_4168a6e9,INEQ-UPPER-D015-H03-PH03,inequality,15,3,hydro,3,ph_upper_bound,true,16,1768,MW,0,NaN,
20260811_121452_stage_B_2C_4168a6e9,INEQ-LOWER-D015-H03-PH04,inequality,15,3,hydro,4,ph_lower_bound,true,17,1769,MW,0,NaN,
20260811_121452_stage_B_2C_4168a6e9,INEQ-UPPER-D015-H03-PH04,inequality,15,3,hydro,4,ph_upper_bound,true,18,1770,MW,0,NaN,
20260811_121452_stage_B_2C_4168a6e9,INEQ-LOWER-D015-H03-PF01,inequality,15,3,thermal,1,pf_lower_bound,true,19,1771,MW,0,NaN,
20260811_121452_stage_B_2C_4168a6e9,INEQ-UPPER-D015-H03-PF01,inequality,15,3,thermal,1,pf_upper_bound,true,20,1772,MW,0,NaN,
20260811_121452_stage_B_2C_4168a6e9,INEQ-LOWER-D015-H03-PF02,inequality,15,3,thermal,2,pf_lower_bound,true,21,1773,MW,0,NaN,
20260811_121452_stage_B_2C_4168a6e9,INEQ-UPPER-D015-H03-PF02,inequality,15,3,thermal,2,pf_upper_bound,true,22,1774,MW,0,NaN,
20260811_121452_stage_B_2C_4168a6e9,INEQ-LOWER-D015-H03-PF03,inequality,15,3,thermal,3,pf_lower_bound,true,23,1775,MW,0,NaN,
20260811_121452_stage_B_2C_4168a6e9,INEQ-UPPER-D015-H03-PF03,inequality,15,3,thermal,3,pf_upper_bound,true,24,1776,MW,0,NaN,
20260811_121452_stage_B_2C_4168a6e9,INEQ-LOWER-D015-H03-PF04,inequality,15,3,thermal,4,pf_lower_bound,true,25,1777,MW,0,NaN,
20260811_121452_stage_B_2C_4168a6e9,INEQ-UPPER-D015-H03-PF04,inequality,15,3,thermal,4,pf_upper_bound,true,26,1778,MW,0,NaN,
20260811_121452_stage_B_2C_4168a6e9,INEQ-LOWER-D015-H03-Pch01,inequality,15,3,storage,1,pch_lower_bound,true,27,1779,MW,0,NaN,
20260811_121452_stage_B_2C_4168a6e9,INEQ-UPPER-D015-H03-Pch01,inequality,15,3,storage,1,pch_upper_bound,true,28,1780,MW,0,NaN,
20260811_121452_stage_B_2C_4168a6e9,INEQ-LOWER-D015-H03-Pch02,inequality,15,3,storage,2,pch_lower_bound,true,29,1781,MW,0,NaN,
20260811_121452_stage_B_2C_4168a6e9,INEQ-UPPER-D015-H03-Pch02,inequality,15,3,storage,2,pch_upper_bound,true,30,1782,MW,0,NaN,
20260811_121452_stage_B_2C_4168a6e9,INEQ-LOWER-D015-H03-Pdis01,inequality,15,3,storage,1,pdis_lower_bound,true,31,1783,MW,0,NaN,
20260811_121452_stage_B_2C_4168a6e9,INEQ-UPPER-D015-H03-Pdis01,inequality,15,3,storage,1,pdis_upper_bound,true,32,1784,MW,0,NaN,
20260811_121452_stage_B_2C_4168a6e9,INEQ-LOWER-D015-H03-Pdis02,inequality,15,3,storage,2,pdis_lower_bound,true,33,1785,MW,0,NaN,
20260811_121452_stage_B_2C_4168a6e9,INEQ-UPPER-D015-H03-Pdis02,inequality,15,3,storage,2,pdis_upper_bound,true,34,1786,MW,0,NaN,
20260811_121452_stage_B_2C_4168a6e9,INEQ-LOWER-D015-H03-SOC01,inequality,15,3,storage,1,soc_lower_bound,true,35,1787,MWh,0,NaN,
20260811_121452_stage_B_2C_4168a6e9,INEQ-UPPER-D015-H03-SOC01,inequality,15,3,storage,1,soc_upper_bound,true,36,1788,MWh,0,NaN,
20260811_121452_stage_B_2C_4168a6e9,INEQ-LOWER-D015-H03-SOC02,inequality,15,3,storage,2,soc_lower_bound,true,37,1789,MWh,0,NaN,
20260811_121452_stage_B_2C_4168a6e9,INEQ-UPPER-D015-H03-SOC02,inequality,15,3,storage,2,soc_upper_bound,true,38,1790,MWh,0,NaN,
20260811_121452_stage_B_2C_4168a6e9,INEQ-LOWER-D015-H04-PW01,inequality,15,4,wind,1,pw_lower_bound,true,1,1791,MW,0,NaN,
20260811_121452_stage_B_2C_4168a6e9,INEQ-UPPER-D015-H04-PW01,inequality,15,4,wind,1,pw_upper_bound,true,2,1792,MW,0,NaN,
20260811_121452_stage_B_2C_4168a6e9,INEQ-LOWER-D015-H04-PW02,inequality,15,4,wind,2,pw_lower_bound,true,3,1793,MW,0,NaN,
20260811_121452_stage_B_2C_4168a6e9,INEQ-UPPER-D015-H04-PW02,inequality,15,4,wind,2,pw_upper_bound,true,4,1794,MW,0,NaN,
20260811_121452_stage_B_2C_4168a6e9,INEQ-LOWER-D015-H04-PW03,inequality,15,4,wind,3,pw_lower_bound,true,5,1795,MW,0,NaN,
20260811_121452_stage_B_2C_4168a6e9,INEQ-UPPER-D015-H04-PW03,inequality,15,4,wind,3,pw_upper_bound,true,6,1796,MW,0,NaN,
20260811_121452_stage_B_2C_4168a6e9,INEQ-LOWER-D015-H04-PW04,inequality,15,4,wind,4,pw_lower_bound,true,7,1797,MW,0,NaN,
20260811_121452_stage_B_2C_4168a6e9,INEQ-UPPER-D015-H04-PW04,inequality,15,4,wind,4,pw_upper_bound,true,8,1798,MW,0,NaN,
20260811_121452_stage_B_2C_4168a6e9,INEQ-LOWER-D015-H04-PW05,inequality,15,4,wind,5,pw_lower_bound,true,9,1799,MW,0,NaN,
20260811_121452_stage_B_2C_4168a6e9,INEQ-UPPER-D015-H04-PW05,inequality,15,4,wind,5,pw_upper_bound,true,10,1800,MW,0,NaN,
20260811_121452_stage_B_2C_4168a6e9,INEQ-LOWER-D015-H04-PH01,inequality,15,4,hydro,1,ph_lower_bound,true,11,1801,MW,0,NaN,
20260811_121452_stage_B_2C_4168a6e9,INEQ-UPPER-D015-H04-PH01,inequality,15,4,hydro,1,ph_upper_bound,true,12,1802,MW,0,NaN,
20260811_121452_stage_B_2C_4168a6e9,INEQ-LOWER-D015-H04-PH02,inequality,15,4,hydro,2,ph_lower_bound,true,13,1803,MW,0,NaN,
20260811_121452_stage_B_2C_4168a6e9,INEQ-UPPER-D015-H04-PH02,inequality,15,4,hydro,2,ph_upper_bound,true,14,1804,MW,0,NaN,
20260811_121452_stage_B_2C_4168a6e9,INEQ-LOWER-D015-H04-PH03,inequality,15,4,hydro,3,ph_lower_bound,true,15,1805,MW,0,NaN,
20260811_121452_stage_B_2C_4168a6e9,INEQ-UPPER-D015-H04-PH03,inequality,15,4,hydro,3,ph_upper_bound,true,16,1806,MW,0,NaN,
20260811_121452_stage_B_2C_4168a6e9,INEQ-LOWER-D015-H04-PH04,inequality,15,4,hydro,4,ph_lower_bound,true,17,1807,MW,0,NaN,
20260811_121452_stage_B_2C_4168a6e9,INEQ-UPPER-D015-H04-PH04,inequality,15,4,hydro,4,ph_upper_bound,true,18,1808,MW,0,NaN,
20260811_121452_stage_B_2C_4168a6e9,INEQ-LOWER-D015-H04-PF01,inequality,15,4,thermal,1,pf_lower_bound,true,19,1809,MW,0,NaN,
20260811_121452_stage_B_2C_4168a6e9,INEQ-UPPER-D015-H04-PF01,inequality,15,4,thermal,1,pf_upper_bound,true,20,1810,MW,0,NaN,
20260811_121452_stage_B_2C_4168a6e9,INEQ-LOWER-D015-H04-PF02,inequality,15,4,thermal,2,pf_lower_bound,true,21,1811,MW,0,NaN,
20260811_121452_stage_B_2C_4168a6e9,INEQ-UPPER-D015-H04-PF02,inequality,15,4,thermal,2,pf_upper_bound,true,22,1812,MW,0,NaN,
20260811_121452_stage_B_2C_4168a6e9,INEQ-LOWER-D015-H04-PF03,inequality,15,4,thermal,3,pf_lower_bound,true,23,1813,MW,0,NaN,
20260811_121452_stage_B_2C_4168a6e9,INEQ-UPPER-D015-H04-PF03,inequality,15,4,thermal,3,pf_upper_bound,true,24,1814,MW,0,NaN,
20260811_121452_stage_B_2C_4168a6e9,INEQ-LOWER-D015-H04-PF04,inequality,15,4,thermal,4,pf_lower_bound,true,25,1815,MW,0,NaN,
20260811_121452_stage_B_2C_4168a6e9,INEQ-UPPER-D015-H04-PF04,inequality,15,4,thermal,4,pf_upper_bound,true,26,1816,MW,0,NaN,
20260811_121452_stage_B_2C_4168a6e9,INEQ-LOWER-D015-H04-Pch01,inequality,15,4,storage,1,pch_lower_bound,true,27,1817,MW,0,NaN,
20260811_121452_stage_B_2C_4168a6e9,INEQ-UPPER-D015-H04-Pch01,inequality,15,4,storage,1,pch_upper_bound,true,28,1818,MW,0,NaN,
20260811_121452_stage_B_2C_4168a6e9,INEQ-LOWER-D015-H04-Pch02,inequality,15,4,storage,2,pch_lower_bound,true,29,1819,MW,0,NaN,
20260811_121452_stage_B_2C_4168a6e9,INEQ-UPPER-D015-H04-Pch02,inequality,15,4,storage,2,pch_upper_bound,true,30,1820,MW,0,NaN,
20260811_121452_stage_B_2C_4168a6e9,INEQ-LOWER-D015-H04-Pdis01,inequality,15,4,storage,1,pdis_lower_bound,true,31,1821,MW,0,NaN,
20260811_121452_stage_B_2C_4168a6e9,INEQ-UPPER-D015-H04-Pdis01,inequality,15,4,storage,1,pdis_upper_bound,true,32,1822,MW,0,NaN,
20260811_121452_stage_B_2C_4168a6e9,INEQ-LOWER-D015-H04-Pdis02,inequality,15,4,storage,2,pdis_lower_bound,true,33,1823,MW,0,NaN,
20260811_121452_stage_B_2C_4168a6e9,INEQ-UPPER-D015-H04-Pdis02,inequality,15,4,storage,2,pdis_upper_bound,true,34,1824,MW,0,NaN,
20260811_121452_stage_B_2C_4168a6e9,INEQ-LOWER-D015-H04-SOC01,inequality,15,4,storage,1,soc_lower_bound,true,35,1825,MWh,0,NaN,
20260811_121452_stage_B_2C_4168a6e9,INEQ-UPPER-D015-H04-SOC01,inequality,15,4,storage,1,soc_upper_bound,true,36,1826,MWh,0,NaN,
20260811_121452_stage_B_2C_4168a6e9,INEQ-LOWER-D015-H04-SOC02,inequality,15,4,storage,2,soc_lower_bound,true,37,1827,MWh,0,NaN,
20260811_121452_stage_B_2C_4168a6e9,INEQ-UPPER-D015-H04-SOC02,inequality,15,4,storage,2,soc_upper_bound,true,38,1828,MWh,0,NaN,
20260811_121452_stage_B_2C_4168a6e9,INEQ-LOWER-D015-H05-PW01,inequality,15,5,wind,1,pw_lower_bound,true,1,1829,MW,0,NaN,
20260811_121452_stage_B_2C_4168a6e9,INEQ-UPPER-D015-H05-PW01,inequality,15,5,wind,1,pw_upper_bound,true,2,1830,MW,0,NaN,
20260811_121452_stage_B_2C_4168a6e9,INEQ-LOWER-D015-H05-PW02,inequality,15,5,wind,2,pw_lower_bound,true,3,1831,MW,0,NaN,
20260811_121452_stage_B_2C_4168a6e9,INEQ-UPPER-D015-H05-PW02,inequality,15,5,wind,2,pw_upper_bound,true,4,1832,MW,0,NaN,
20260811_121452_stage_B_2C_4168a6e9,INEQ-LOWER-D015-H05-PW03,inequality,15,5,wind,3,pw_lower_bound,true,5,1833,MW,0,NaN,
20260811_121452_stage_B_2C_4168a6e9,INEQ-UPPER-D015-H05-PW03,inequality,15,5,wind,3,pw_upper_bound,true,6,1834,MW,0,NaN,
20260811_121452_stage_B_2C_4168a6e9,INEQ-LOWER-D015-H05-PW04,inequality,15,5,wind,4,pw_lower_bound,true,7,1835,MW,0,NaN,
20260811_121452_stage_B_2C_4168a6e9,INEQ-UPPER-D015-H05-PW04,inequality,15,5,wind,4,pw_upper_bound,true,8,1836,MW,0,NaN,
20260811_121452_stage_B_2C_4168a6e9,INEQ-LOWER-D015-H05-PW05,inequality,15,5,wind,5,pw_lower_bound,true,9,1837,MW,0,NaN,
20260811_121452_stage_B_2C_4168a6e9,INEQ-UPPER-D015-H05-PW05,inequality,15,5,wind,5,pw_upper_bound,true,10,1838,MW,0,NaN,
20260811_121452_stage_B_2C_4168a6e9,INEQ-LOWER-D015-H05-PH01,inequality,15,5,hydro,1,ph_lower_bound,true,11,1839,MW,0,NaN,
20260811_121452_stage_B_2C_4168a6e9,INEQ-UPPER-D015-H05-PH01,inequality,15,5,hydro,1,ph_upper_bound,true,12,1840,MW,0,NaN,
20260811_121452_stage_B_2C_4168a6e9,INEQ-LOWER-D015-H05-PH02,inequality,15,5,hydro,2,ph_lower_bound,true,13,1841,MW,0,NaN,
20260811_121452_stage_B_2C_4168a6e9,INEQ-UPPER-D015-H05-PH02,inequality,15,5,hydro,2,ph_upper_bound,true,14,1842,MW,0,NaN,
20260811_121452_stage_B_2C_4168a6e9,INEQ-LOWER-D015-H05-PH03,inequality,15,5,hydro,3,ph_lower_bound,true,15,1843,MW,0,NaN,
20260811_121452_stage_B_2C_4168a6e9,INEQ-UPPER-D015-H05-PH03,inequality,15,5,hydro,3,ph_upper_bound,true,16,1844,MW,0,NaN,
20260811_121452_stage_B_2C_4168a6e9,INEQ-LOWER-D015-H05-PH04,inequality,15,5,hydro,4,ph_lower_bound,true,17,1845,MW,0,NaN,
20260811_121452_stage_B_2C_4168a6e9,INEQ-UPPER-D015-H05-PH04,inequality,15,5,hydro,4,ph_upper_bound,true,18,1846,MW,0,NaN,
20260811_121452_stage_B_2C_4168a6e9,INEQ-LOWER-D015-H05-PF01,inequality,15,5,thermal,1,pf_lower_bound,true,19,1847,MW,0,NaN,
20260811_121452_stage_B_2C_4168a6e9,INEQ-UPPER-D015-H05-PF01,inequality,15,5,thermal,1,pf_upper_bound,true,20,1848,MW,0,NaN,
20260811_121452_stage_B_2C_4168a6e9,INEQ-LOWER-D015-H05-PF02,inequality,15,5,thermal,2,pf_lower_bound,true,21,1849,MW,0,NaN,
20260811_121452_stage_B_2C_4168a6e9,INEQ-UPPER-D015-H05-PF02,inequality,15,5,thermal,2,pf_upper_bound,true,22,1850,MW,0,NaN,
20260811_121452_stage_B_2C_4168a6e9,INEQ-LOWER-D015-H05-PF03,inequality,15,5,thermal,3,pf_lower_bound,true,23,1851,MW,0,NaN,
20260811_121452_stage_B_2C_4168a6e9,INEQ-UPPER-D015-H05-PF03,inequality,15,5,thermal,3,pf_upper_bound,true,24,1852,MW,0,NaN,
20260811_121452_stage_B_2C_4168a6e9,INEQ-LOWER-D015-H05-PF04,inequality,15,5,thermal,4,pf_lower_bound,true,25,1853,MW,0,NaN,
20260811_121452_stage_B_2C_4168a6e9,INEQ-UPPER-D015-H05-PF04,inequality,15,5,thermal,4,pf_upper_bound,true,26,1854,MW,0,NaN,
20260811_121452_stage_B_2C_4168a6e9,INEQ-LOWER-D015-H05-Pch01,inequality,15,5,storage,1,pch_lower_bound,true,27,1855,MW,0,NaN,
20260811_121452_stage_B_2C_4168a6e9,INEQ-UPPER-D015-H05-Pch01,inequality,15,5,storage,1,pch_upper_bound,true,28,1856,MW,0,NaN,
20260811_121452_stage_B_2C_4168a6e9,INEQ-LOWER-D015-H05-Pch02,inequality,15,5,storage,2,pch_lower_bound,true,29,1857,MW,0,NaN,
20260811_121452_stage_B_2C_4168a6e9,INEQ-UPPER-D015-H05-Pch02,inequality,15,5,storage,2,pch_upper_bound,true,30,1858,MW,0,NaN,
20260811_121452_stage_B_2C_4168a6e9,INEQ-LOWER-D015-H05-Pdis01,inequality,15,5,storage,1,pdis_lower_bound,true,31,1859,MW,0,NaN,
20260811_121452_stage_B_2C_4168a6e9,INEQ-UPPER-D015-H05-Pdis01,inequality,15,5,storage,1,pdis_upper_bound,true,32,1860,MW,0,NaN,
20260811_121452_stage_B_2C_4168a6e9,INEQ-LOWER-D015-H05-Pdis02,inequality,15,5,storage,2,pdis_lower_bound,true,33,1861,MW,0,NaN,
20260811_121452_stage_B_2C_4168a6e9,INEQ-UPPER-D015-H05-Pdis02,inequality,15,5,storage,2,pdis_upper_bound,true,34,1862,MW,0,NaN,
20260811_121452_stage_B_2C_4168a6e9,INEQ-LOWER-D015-H05-SOC01,inequality,15,5,storage,1,soc_lower_bound,true,35,1863,MWh,0,NaN,
20260811_121452_stage_B_2C_4168a6e9,INEQ-UPPER-D015-H05-SOC01,inequality,15,5,storage,1,soc_upper_bound,true,36,1864,MWh,0,NaN,
20260811_121452_stage_B_2C_4168a6e9,INEQ-LOWER-D015-H05-SOC02,inequality,15,5,storage,2,soc_lower_bound,true,37,1865,MWh,0,NaN,
20260811_121452_stage_B_2C_4168a6e9,INEQ-UPPER-D015-H05-SOC02,inequality,15,5,storage,2,soc_upper_bound,true,38,1866,MWh,0,NaN,
20260811_121452_stage_B_2C_4168a6e9,INEQ-LOWER-D015-H06-PW01,inequality,15,6,wind,1,pw_lower_bound,true,1,1867,MW,0,NaN,
20260811_121452_stage_B_2C_4168a6e9,INEQ-UPPER-D015-H06-PW01,inequality,15,6,wind,1,pw_upper_bound,true,2,1868,MW,0,NaN,
20260811_121452_stage_B_2C_4168a6e9,INEQ-LOWER-D015-H06-PW02,inequality,15,6,wind,2,pw_lower_bound,true,3,1869,MW,0,NaN,
20260811_121452_stage_B_2C_4168a6e9,INEQ-UPPER-D015-H06-PW02,inequality,15,6,wind,2,pw_upper_bound,true,4,1870,MW,0,NaN,
20260811_121452_stage_B_2C_4168a6e9,INEQ-LOWER-D015-H06-PW03,inequality,15,6,wind,3,pw_lower_bound,true,5,1871,MW,0,NaN,
20260811_121452_stage_B_2C_4168a6e9,INEQ-UPPER-D015-H06-PW03,inequality,15,6,wind,3,pw_upper_bound,true,6,1872,MW,0,NaN,
20260811_121452_stage_B_2C_4168a6e9,INEQ-LOWER-D015-H06-PW04,inequality,15,6,wind,4,pw_lower_bound,true,7,1873,MW,0,NaN,
20260811_121452_stage_B_2C_4168a6e9,INEQ-UPPER-D015-H06-PW04,inequality,15,6,wind,4,pw_upper_bound,true,8,1874,MW,0,NaN,
20260811_121452_stage_B_2C_4168a6e9,INEQ-LOWER-D015-H06-PW05,inequality,15,6,wind,5,pw_lower_bound,true,9,1875,MW,0,NaN,
20260811_121452_stage_B_2C_4168a6e9,INEQ-UPPER-D015-H06-PW05,inequality,15,6,wind,5,pw_upper_bound,true,10,1876,MW,0,NaN,
20260811_121452_stage_B_2C_4168a6e9,INEQ-LOWER-D015-H06-PH01,inequality,15,6,hydro,1,ph_lower_bound,true,11,1877,MW,0,NaN,
20260811_121452_stage_B_2C_4168a6e9,INEQ-UPPER-D015-H06-PH01,inequality,15,6,hydro,1,ph_upper_bound,true,12,1878,MW,0,NaN,
20260811_121452_stage_B_2C_4168a6e9,INEQ-LOWER-D015-H06-PH02,inequality,15,6,hydro,2,ph_lower_bound,true,13,1879,MW,0,NaN,
20260811_121452_stage_B_2C_4168a6e9,INEQ-UPPER-D015-H06-PH02,inequality,15,6,hydro,2,ph_upper_bound,true,14,1880,MW,0,NaN,
20260811_121452_stage_B_2C_4168a6e9,INEQ-LOWER-D015-H06-PH03,inequality,15,6,hydro,3,ph_lower_bound,true,15,1881,MW,0,NaN,
20260811_121452_stage_B_2C_4168a6e9,INEQ-UPPER-D015-H06-PH03,inequality,15,6,hydro,3,ph_upper_bound,true,16,1882,MW,0,NaN,
20260811_121452_stage_B_2C_4168a6e9,INEQ-LOWER-D015-H06-PH04,inequality,15,6,hydro,4,ph_lower_bound,true,17,1883,MW,0,NaN,
20260811_121452_stage_B_2C_4168a6e9,INEQ-UPPER-D015-H06-PH04,inequality,15,6,hydro,4,ph_upper_bound,true,18,1884,MW,0,NaN,
20260811_121452_stage_B_2C_4168a6e9,INEQ-LOWER-D015-H06-PF01,inequality,15,6,thermal,1,pf_lower_bound,true,19,1885,MW,0,NaN,
20260811_121452_stage_B_2C_4168a6e9,INEQ-UPPER-D015-H06-PF01,inequality,15,6,thermal,1,pf_upper_bound,true,20,1886,MW,0,NaN,
20260811_121452_stage_B_2C_4168a6e9,INEQ-LOWER-D015-H06-PF02,inequality,15,6,thermal,2,pf_lower_bound,true,21,1887,MW,0,NaN,
20260811_121452_stage_B_2C_4168a6e9,INEQ-UPPER-D015-H06-PF02,inequality,15,6,thermal,2,pf_upper_bound,true,22,1888,MW,0,NaN,
20260811_121452_stage_B_2C_4168a6e9,INEQ-LOWER-D015-H06-PF03,inequality,15,6,thermal,3,pf_lower_bound,true,23,1889,MW,0,NaN,
20260811_121452_stage_B_2C_4168a6e9,INEQ-UPPER-D015-H06-PF03,inequality,15,6,thermal,3,pf_upper_bound,true,24,1890,MW,0,NaN,
20260811_121452_stage_B_2C_4168a6e9,INEQ-LOWER-D015-H06-PF04,inequality,15,6,thermal,4,pf_lower_bound,true,25,1891,MW,0,NaN,
20260811_121452_stage_B_2C_4168a6e9,INEQ-UPPER-D015-H06-PF04,inequality,15,6,thermal,4,pf_upper_bound,true,26,1892,MW,0,NaN,
20260811_121452_stage_B_2C_4168a6e9,INEQ-LOWER-D015-H06-Pch01,inequality,15,6,storage,1,pch_lower_bound,true,27,1893,MW,0,NaN,
20260811_121452_stage_B_2C_4168a6e9,INEQ-UPPER-D015-H06-Pch01,inequality,15,6,storage,1,pch_upper_bound,true,28,1894,MW,0,NaN,
20260811_121452_stage_B_2C_4168a6e9,INEQ-LOWER-D015-H06-Pch02,inequality,15,6,storage,2,pch_lower_bound,true,29,1895,MW,0,NaN,
20260811_121452_stage_B_2C_4168a6e9,INEQ-UPPER-D015-H06-Pch02,inequality,15,6,storage,2,pch_upper_bound,true,30,1896,MW,0,NaN,
20260811_121452_stage_B_2C_4168a6e9,INEQ-LOWER-D015-H06-Pdis01,inequality,15,6,storage,1,pdis_lower_bound,true,31,1897,MW,0,NaN,
20260811_121452_stage_B_2C_4168a6e9,INEQ-UPPER-D015-H06-Pdis01,inequality,15,6,storage,1,pdis_upper_bound,true,32,1898,MW,0,NaN,
20260811_121452_stage_B_2C_4168a6e9,INEQ-LOWER-D015-H06-Pdis02,inequality,15,6,storage,2,pdis_lower_bound,true,33,1899,MW,0,NaN,
20260811_121452_stage_B_2C_4168a6e9,INEQ-UPPER-D015-H06-Pdis02,inequality,15,6,storage,2,pdis_upper_bound,true,34,1900,MW,0,NaN,
20260811_121452_stage_B_2C_4168a6e9,INEQ-LOWER-D015-H06-SOC01,inequality,15,6,storage,1,soc_lower_bound,true,35,1901,MWh,0,NaN,
20260811_121452_stage_B_2C_4168a6e9,INEQ-UPPER-D015-H06-SOC01,inequality,15,6,storage,1,soc_upper_bound,true,36,1902,MWh,0,NaN,
20260811_121452_stage_B_2C_4168a6e9,INEQ-LOWER-D015-H06-SOC02,inequality,15,6,storage,2,soc_lower_bound,true,37,1903,MWh,0,NaN,
20260811_121452_stage_B_2C_4168a6e9,INEQ-UPPER-D015-H06-SOC02,inequality,15,6,storage,2,soc_upper_bound,true,38,1904,MWh,0,NaN,
20260811_121452_stage_B_2C_4168a6e9,INEQ-LOWER-D015-H07-PW01,inequality,15,7,wind,1,pw_lower_bound,true,1,1905,MW,0,NaN,
20260811_121452_stage_B_2C_4168a6e9,INEQ-UPPER-D015-H07-PW01,inequality,15,7,wind,1,pw_upper_bound,true,2,1906,MW,0,NaN,
20260811_121452_stage_B_2C_4168a6e9,INEQ-LOWER-D015-H07-PW02,inequality,15,7,wind,2,pw_lower_bound,true,3,1907,MW,0,NaN,
20260811_121452_stage_B_2C_4168a6e9,INEQ-UPPER-D015-H07-PW02,inequality,15,7,wind,2,pw_upper_bound,true,4,1908,MW,0,NaN,
20260811_121452_stage_B_2C_4168a6e9,INEQ-LOWER-D015-H07-PW03,inequality,15,7,wind,3,pw_lower_bound,true,5,1909,MW,0,NaN,
20260811_121452_stage_B_2C_4168a6e9,INEQ-UPPER-D015-H07-PW03,inequality,15,7,wind,3,pw_upper_bound,true,6,1910,MW,0,NaN,
20260811_121452_stage_B_2C_4168a6e9,INEQ-LOWER-D015-H07-PW04,inequality,15,7,wind,4,pw_lower_bound,true,7,1911,MW,0,NaN,
20260811_121452_stage_B_2C_4168a6e9,INEQ-UPPER-D015-H07-PW04,inequality,15,7,wind,4,pw_upper_bound,true,8,1912,MW,0,NaN,
20260811_121452_stage_B_2C_4168a6e9,INEQ-LOWER-D015-H07-PW05,inequality,15,7,wind,5,pw_lower_bound,true,9,1913,MW,0,NaN,
20260811_121452_stage_B_2C_4168a6e9,INEQ-UPPER-D015-H07-PW05,inequality,15,7,wind,5,pw_upper_bound,true,10,1914,MW,0,NaN,
20260811_121452_stage_B_2C_4168a6e9,INEQ-LOWER-D015-H07-PH01,inequality,15,7,hydro,1,ph_lower_bound,true,11,1915,MW,0,NaN,
20260811_121452_stage_B_2C_4168a6e9,INEQ-UPPER-D015-H07-PH01,inequality,15,7,hydro,1,ph_upper_bound,true,12,1916,MW,0,NaN,
20260811_121452_stage_B_2C_4168a6e9,INEQ-LOWER-D015-H07-PH02,inequality,15,7,hydro,2,ph_lower_bound,true,13,1917,MW,0,NaN,
20260811_121452_stage_B_2C_4168a6e9,INEQ-UPPER-D015-H07-PH02,inequality,15,7,hydro,2,ph_upper_bound,true,14,1918,MW,0,NaN,
20260811_121452_stage_B_2C_4168a6e9,INEQ-LOWER-D015-H07-PH03,inequality,15,7,hydro,3,ph_lower_bound,true,15,1919,MW,0,NaN,
20260811_121452_stage_B_2C_4168a6e9,INEQ-UPPER-D015-H07-PH03,inequality,15,7,hydro,3,ph_upper_bound,true,16,1920,MW,0,NaN,
20260811_121452_stage_B_2C_4168a6e9,INEQ-LOWER-D015-H07-PH04,inequality,15,7,hydro,4,ph_lower_bound,true,17,1921,MW,0,NaN,
20260811_121452_stage_B_2C_4168a6e9,INEQ-UPPER-D015-H07-PH04,inequality,15,7,hydro,4,ph_upper_bound,true,18,1922,MW,0,NaN,
20260811_121452_stage_B_2C_4168a6e9,INEQ-LOWER-D015-H07-PF01,inequality,15,7,thermal,1,pf_lower_bound,true,19,1923,MW,0,NaN,
20260811_121452_stage_B_2C_4168a6e9,INEQ-UPPER-D015-H07-PF01,inequality,15,7,thermal,1,pf_upper_bound,true,20,1924,MW,0,NaN,
20260811_121452_stage_B_2C_4168a6e9,INEQ-LOWER-D015-H07-PF02,inequality,15,7,thermal,2,pf_lower_bound,true,21,1925,MW,0,NaN,
20260811_121452_stage_B_2C_4168a6e9,INEQ-UPPER-D015-H07-PF02,inequality,15,7,thermal,2,pf_upper_bound,true,22,1926,MW,0,NaN,
20260811_121452_stage_B_2C_4168a6e9,INEQ-LOWER-D015-H07-PF03,inequality,15,7,thermal,3,pf_lower_bound,true,23,1927,MW,0,NaN,
20260811_121452_stage_B_2C_4168a6e9,INEQ-UPPER-D015-H07-PF03,inequality,15,7,thermal,3,pf_upper_bound,true,24,1928,MW,0,NaN,
20260811_121452_stage_B_2C_4168a6e9,INEQ-LOWER-D015-H07-PF04,inequality,15,7,thermal,4,pf_lower_bound,true,25,1929,MW,0,NaN,
20260811_121452_stage_B_2C_4168a6e9,INEQ-UPPER-D015-H07-PF04,inequality,15,7,thermal,4,pf_upper_bound,true,26,1930,MW,0,NaN,
20260811_121452_stage_B_2C_4168a6e9,INEQ-LOWER-D015-H07-Pch01,inequality,15,7,storage,1,pch_lower_bound,true,27,1931,MW,0,NaN,
20260811_121452_stage_B_2C_4168a6e9,INEQ-UPPER-D015-H07-Pch01,inequality,15,7,storage,1,pch_upper_bound,true,28,1932,MW,0,NaN,
20260811_121452_stage_B_2C_4168a6e9,INEQ-LOWER-D015-H07-Pch02,inequality,15,7,storage,2,pch_lower_bound,true,29,1933,MW,0,NaN,
20260811_121452_stage_B_2C_4168a6e9,INEQ-UPPER-D015-H07-Pch02,inequality,15,7,storage,2,pch_upper_bound,true,30,1934,MW,0,NaN,
20260811_121452_stage_B_2C_4168a6e9,INEQ-LOWER-D015-H07-Pdis01,inequality,15,7,storage,1,pdis_lower_bound,true,31,1935,MW,0,NaN,
20260811_121452_stage_B_2C_4168a6e9,INEQ-UPPER-D015-H07-Pdis01,inequality,15,7,storage,1,pdis_upper_bound,true,32,1936,MW,0,NaN,
20260811_121452_stage_B_2C_4168a6e9,INEQ-LOWER-D015-H07-Pdis02,inequality,15,7,storage,2,pdis_lower_bound,true,33,1937,MW,0,NaN,
20260811_121452_stage_B_2C_4168a6e9,INEQ-UPPER-D015-H07-Pdis02,inequality,15,7,storage,2,pdis_upper_bound,true,34,1938,MW,0,NaN,
20260811_121452_stage_B_2C_4168a6e9,INEQ-LOWER-D015-H07-SOC01,inequality,15,7,storage,1,soc_lower_bound,true,35,1939,MWh,0,NaN,
20260811_121452_stage_B_2C_4168a6e9,INEQ-UPPER-D015-H07-SOC01,inequality,15,7,storage,1,soc_upper_bound,true,36,1940,MWh,0,NaN,
20260811_121452_stage_B_2C_4168a6e9,INEQ-LOWER-D015-H07-SOC02,inequality,15,7,storage,2,soc_lower_bound,true,37,1941,MWh,0,NaN,
20260811_121452_stage_B_2C_4168a6e9,INEQ-UPPER-D015-H07-SOC02,inequality,15,7,storage,2,soc_upper_bound,true,38,1942,MWh,0,NaN,
20260811_121452_stage_B_2C_4168a6e9,INEQ-LOWER-D015-H08-PW01,inequality,15,8,wind,1,pw_lower_bound,true,1,1943,MW,0,NaN,
20260811_121452_stage_B_2C_4168a6e9,INEQ-UPPER-D015-H08-PW01,inequality,15,8,wind,1,pw_upper_bound,true,2,1944,MW,0,NaN,
20260811_121452_stage_B_2C_4168a6e9,INEQ-LOWER-D015-H08-PW02,inequality,15,8,wind,2,pw_lower_bound,true,3,1945,MW,0,NaN,
20260811_121452_stage_B_2C_4168a6e9,INEQ-UPPER-D015-H08-PW02,inequality,15,8,wind,2,pw_upper_bound,true,4,1946,MW,0,NaN,
20260811_121452_stage_B_2C_4168a6e9,INEQ-LOWER-D015-H08-PW03,inequality,15,8,wind,3,pw_lower_bound,true,5,1947,MW,0,NaN,
20260811_121452_stage_B_2C_4168a6e9,INEQ-UPPER-D015-H08-PW03,inequality,15,8,wind,3,pw_upper_bound,true,6,1948,MW,0,NaN,
20260811_121452_stage_B_2C_4168a6e9,INEQ-LOWER-D015-H08-PW04,inequality,15,8,wind,4,pw_lower_bound,true,7,1949,MW,0,NaN,
20260811_121452_stage_B_2C_4168a6e9,INEQ-UPPER-D015-H08-PW04,inequality,15,8,wind,4,pw_upper_bound,true,8,1950,MW,0,NaN,
20260811_121452_stage_B_2C_4168a6e9,INEQ-LOWER-D015-H08-PW05,inequality,15,8,wind,5,pw_lower_bound,true,9,1951,MW,0,NaN,
20260811_121452_stage_B_2C_4168a6e9,INEQ-UPPER-D015-H08-PW05,inequality,15,8,wind,5,pw_upper_bound,true,10,1952,MW,0,NaN,
20260811_121452_stage_B_2C_4168a6e9,INEQ-LOWER-D015-H08-PP01,inequality,15,8,solar,1,pp_lower_bound,true,11,1953,MW,0,NaN,
20260811_121452_stage_B_2C_4168a6e9,INEQ-UPPER-D015-H08-PP01,inequality,15,8,solar,1,pp_upper_bound,true,12,1954,MW,0,NaN,
20260811_121452_stage_B_2C_4168a6e9,INEQ-LOWER-D015-H08-PP02,inequality,15,8,solar,2,pp_lower_bound,true,13,1955,MW,0,NaN,
20260811_121452_stage_B_2C_4168a6e9,INEQ-UPPER-D015-H08-PP02,inequality,15,8,solar,2,pp_upper_bound,true,14,1956,MW,0,NaN,
20260811_121452_stage_B_2C_4168a6e9,INEQ-LOWER-D015-H08-PP03,inequality,15,8,solar,3,pp_lower_bound,true,15,1957,MW,0,NaN,
20260811_121452_stage_B_2C_4168a6e9,INEQ-UPPER-D015-H08-PP03,inequality,15,8,solar,3,pp_upper_bound,true,16,1958,MW,0,NaN,
20260811_121452_stage_B_2C_4168a6e9,INEQ-LOWER-D015-H08-PP04,inequality,15,8,solar,4,pp_lower_bound,true,17,1959,MW,0,NaN,
20260811_121452_stage_B_2C_4168a6e9,INEQ-UPPER-D015-H08-PP04,inequality,15,8,solar,4,pp_upper_bound,true,18,1960,MW,0,NaN,
20260811_121452_stage_B_2C_4168a6e9,INEQ-LOWER-D015-H08-PP05,inequality,15,8,solar,5,pp_lower_bound,true,19,1961,MW,0,NaN,
20260811_121452_stage_B_2C_4168a6e9,INEQ-UPPER-D015-H08-PP05,inequality,15,8,solar,5,pp_upper_bound,true,20,1962,MW,0,NaN,
20260811_121452_stage_B_2C_4168a6e9,INEQ-LOWER-D015-H08-PH01,inequality,15,8,hydro,1,ph_lower_bound,true,21,1963,MW,0,NaN,
20260811_121452_stage_B_2C_4168a6e9,INEQ-UPPER-D015-H08-PH01,inequality,15,8,hydro,1,ph_upper_bound,true,22,1964,MW,0,NaN,
20260811_121452_stage_B_2C_4168a6e9,INEQ-LOWER-D015-H08-PH02,inequality,15,8,hydro,2,ph_lower_bound,true,23,1965,MW,0,NaN,
20260811_121452_stage_B_2C_4168a6e9,INEQ-UPPER-D015-H08-PH02,inequality,15,8,hydro,2,ph_upper_bound,true,24,1966,MW,0,NaN,
20260811_121452_stage_B_2C_4168a6e9,INEQ-LOWER-D015-H08-PH03,inequality,15,8,hydro,3,ph_lower_bound,true,25,1967,MW,0,NaN,
20260811_121452_stage_B_2C_4168a6e9,INEQ-UPPER-D015-H08-PH03,inequality,15,8,hydro,3,ph_upper_bound,true,26,1968,MW,0,NaN,
20260811_121452_stage_B_2C_4168a6e9,INEQ-LOWER-D015-H08-PH04,inequality,15,8,hydro,4,ph_lower_bound,true,27,1969,MW,0,NaN,
20260811_121452_stage_B_2C_4168a6e9,INEQ-UPPER-D015-H08-PH04,inequality,15,8,hydro,4,ph_upper_bound,true,28,1970,MW,0,NaN,
20260811_121452_stage_B_2C_4168a6e9,INEQ-LOWER-D015-H08-PF01,inequality,15,8,thermal,1,pf_lower_bound,true,29,1971,MW,0,NaN,
20260811_121452_stage_B_2C_4168a6e9,INEQ-UPPER-D015-H08-PF01,inequality,15,8,thermal,1,pf_upper_bound,true,30,1972,MW,0,NaN,
20260811_121452_stage_B_2C_4168a6e9,INEQ-LOWER-D015-H08-PF02,inequality,15,8,thermal,2,pf_lower_bound,true,31,1973,MW,0,NaN,
20260811_121452_stage_B_2C_4168a6e9,INEQ-UPPER-D015-H08-PF02,inequality,15,8,thermal,2,pf_upper_bound,true,32,1974,MW,0,NaN,
20260811_121452_stage_B_2C_4168a6e9,INEQ-LOWER-D015-H08-PF03,inequality,15,8,thermal,3,pf_lower_bound,true,33,1975,MW,0,NaN,
20260811_121452_stage_B_2C_4168a6e9,INEQ-UPPER-D015-H08-PF03,inequality,15,8,thermal,3,pf_upper_bound,true,34,1976,MW,0,NaN,
20260811_121452_stage_B_2C_4168a6e9,INEQ-LOWER-D015-H08-PF04,inequality,15,8,thermal,4,pf_lower_bound,true,35,1977,MW,0,NaN,
20260811_121452_stage_B_2C_4168a6e9,INEQ-UPPER-D015-H08-PF04,inequality,15,8,thermal,4,pf_upper_bound,true,36,1978,MW,0,NaN,
20260811_121452_stage_B_2C_4168a6e9,INEQ-LOWER-D015-H08-Pch01,inequality,15,8,storage,1,pch_lower_bound,true,37,1979,MW,0,NaN,
20260811_121452_stage_B_2C_4168a6e9,INEQ-UPPER-D015-H08-Pch01,inequality,15,8,storage,1,pch_upper_bound,true,38,1980,MW,0,NaN,
20260811_121452_stage_B_2C_4168a6e9,INEQ-LOWER-D015-H08-Pch02,inequality,15,8,storage,2,pch_lower_bound,true,39,1981,MW,0,NaN,
20260811_121452_stage_B_2C_4168a6e9,INEQ-UPPER-D015-H08-Pch02,inequality,15,8,storage,2,pch_upper_bound,true,40,1982,MW,0,NaN,
20260811_121452_stage_B_2C_4168a6e9,INEQ-LOWER-D015-H08-Pdis01,inequality,15,8,storage,1,pdis_lower_bound,true,41,1983,MW,0,NaN,
20260811_121452_stage_B_2C_4168a6e9,INEQ-UPPER-D015-H08-Pdis01,inequality,15,8,storage,1,pdis_upper_bound,true,42,1984,MW,0,NaN,
20260811_121452_stage_B_2C_4168a6e9,INEQ-LOWER-D015-H08-Pdis02,inequality,15,8,storage,2,pdis_lower_bound,true,43,1985,MW,0,NaN,
20260811_121452_stage_B_2C_4168a6e9,INEQ-UPPER-D015-H08-Pdis02,inequality,15,8,storage,2,pdis_upper_bound,true,44,1986,MW,0,NaN,
20260811_121452_stage_B_2C_4168a6e9,INEQ-LOWER-D015-H08-SOC01,inequality,15,8,storage,1,soc_lower_bound,true,45,1987,MWh,0,NaN,
20260811_121452_stage_B_2C_4168a6e9,INEQ-UPPER-D015-H08-SOC01,inequality,15,8,storage,1,soc_upper_bound,true,46,1988,MWh,0,NaN,
20260811_121452_stage_B_2C_4168a6e9,INEQ-LOWER-D015-H08-SOC02,inequality,15,8,storage,2,soc_lower_bound,true,47,1989,MWh,0,NaN,
20260811_121452_stage_B_2C_4168a6e9,INEQ-UPPER-D015-H08-SOC02,inequality,15,8,storage,2,soc_upper_bound,true,48,1990,MWh,0,NaN,
20260811_121452_stage_B_2C_4168a6e9,INEQ-LOWER-D015-H09-PW01,inequality,15,9,wind,1,pw_lower_bound,true,1,1991,MW,0,NaN,
20260811_121452_stage_B_2C_4168a6e9,INEQ-UPPER-D015-H09-PW01,inequality,15,9,wind,1,pw_upper_bound,true,2,1992,MW,0,NaN,
20260811_121452_stage_B_2C_4168a6e9,INEQ-LOWER-D015-H09-PW02,inequality,15,9,wind,2,pw_lower_bound,true,3,1993,MW,0,NaN,
20260811_121452_stage_B_2C_4168a6e9,INEQ-UPPER-D015-H09-PW02,inequality,15,9,wind,2,pw_upper_bound,true,4,1994,MW,0,NaN,
20260811_121452_stage_B_2C_4168a6e9,INEQ-LOWER-D015-H09-PW03,inequality,15,9,wind,3,pw_lower_bound,true,5,1995,MW,0,NaN,
20260811_121452_stage_B_2C_4168a6e9,INEQ-UPPER-D015-H09-PW03,inequality,15,9,wind,3,pw_upper_bound,true,6,1996,MW,0,NaN,
20260811_121452_stage_B_2C_4168a6e9,INEQ-LOWER-D015-H09-PW04,inequality,15,9,wind,4,pw_lower_bound,true,7,1997,MW,0,NaN,
20260811_121452_stage_B_2C_4168a6e9,INEQ-UPPER-D015-H09-PW04,inequality,15,9,wind,4,pw_upper_bound,true,8,1998,MW,0,NaN,
20260811_121452_stage_B_2C_4168a6e9,INEQ-LOWER-D015-H09-PW05,inequality,15,9,wind,5,pw_lower_bound,true,9,1999,MW,0,NaN,
20260811_121452_stage_B_2C_4168a6e9,INEQ-UPPER-D015-H09-PW05,inequality,15,9,wind,5,pw_upper_bound,true,10,2000,MW,0,NaN,
20260811_121452_stage_B_2C_4168a6e9,INEQ-LOWER-D015-H09-PP01,inequality,15,9,solar,1,pp_lower_bound,true,11,2001,MW,0,NaN,
20260811_121452_stage_B_2C_4168a6e9,INEQ-UPPER-D015-H09-PP01,inequality,15,9,solar,1,pp_upper_bound,true,12,2002,MW,0,NaN,
20260811_121452_stage_B_2C_4168a6e9,INEQ-LOWER-D015-H09-PP02,inequality,15,9,solar,2,pp_lower_bound,true,13,2003,MW,0,NaN,
20260811_121452_stage_B_2C_4168a6e9,INEQ-UPPER-D015-H09-PP02,inequality,15,9,solar,2,pp_upper_bound,true,14,2004,MW,0,NaN,
20260811_121452_stage_B_2C_4168a6e9,INEQ-LOWER-D015-H09-PP03,inequality,15,9,solar,3,pp_lower_bound,true,15,2005,MW,0,NaN,
20260811_121452_stage_B_2C_4168a6e9,INEQ-UPPER-D015-H09-PP03,inequality,15,9,solar,3,pp_upper_bound,true,16,2006,MW,0,NaN,
20260811_121452_stage_B_2C_4168a6e9,INEQ-LOWER-D015-H09-PP04,inequality,15,9,solar,4,pp_lower_bound,true,17,2007,MW,0,NaN,
20260811_121452_stage_B_2C_4168a6e9,INEQ-UPPER-D015-H09-PP04,inequality,15,9,solar,4,pp_upper_bound,true,18,2008,MW,0,NaN,
20260811_121452_stage_B_2C_4168a6e9,INEQ-LOWER-D015-H09-PP05,inequality,15,9,solar,5,pp_lower_bound,true,19,2009,MW,0,NaN,
20260811_121452_stage_B_2C_4168a6e9,INEQ-UPPER-D015-H09-PP05,inequality,15,9,solar,5,pp_upper_bound,true,20,2010,MW,0,NaN,
20260811_121452_stage_B_2C_4168a6e9,INEQ-LOWER-D015-H09-PH01,inequality,15,9,hydro,1,ph_lower_bound,true,21,2011,MW,0,NaN,
20260811_121452_stage_B_2C_4168a6e9,INEQ-UPPER-D015-H09-PH01,inequality,15,9,hydro,1,ph_upper_bound,true,22,2012,MW,0,NaN,
20260811_121452_stage_B_2C_4168a6e9,INEQ-LOWER-D015-H09-PH02,inequality,15,9,hydro,2,ph_lower_bound,true,23,2013,MW,0,NaN,
20260811_121452_stage_B_2C_4168a6e9,INEQ-UPPER-D015-H09-PH02,inequality,15,9,hydro,2,ph_upper_bound,true,24,2014,MW,0,NaN,
20260811_121452_stage_B_2C_4168a6e9,INEQ-LOWER-D015-H09-PH03,inequality,15,9,hydro,3,ph_lower_bound,true,25,2015,MW,0,NaN,
20260811_121452_stage_B_2C_4168a6e9,INEQ-UPPER-D015-H09-PH03,inequality,15,9,hydro,3,ph_upper_bound,true,26,2016,MW,0,NaN,
20260811_121452_stage_B_2C_4168a6e9,INEQ-LOWER-D015-H09-PH04,inequality,15,9,hydro,4,ph_lower_bound,true,27,2017,MW,0,NaN,
20260811_121452_stage_B_2C_4168a6e9,INEQ-UPPER-D015-H09-PH04,inequality,15,9,hydro,4,ph_upper_bound,true,28,2018,MW,0,NaN,
20260811_121452_stage_B_2C_4168a6e9,INEQ-LOWER-D015-H09-PF01,inequality,15,9,thermal,1,pf_lower_bound,true,29,2019,MW,0,NaN,
20260811_121452_stage_B_2C_4168a6e9,INEQ-UPPER-D015-H09-PF01,inequality,15,9,thermal,1,pf_upper_bound,true,30,2020,MW,0,NaN,
20260811_121452_stage_B_2C_4168a6e9,INEQ-LOWER-D015-H09-PF02,inequality,15,9,thermal,2,pf_lower_bound,true,31,2021,MW,0,NaN,
20260811_121452_stage_B_2C_4168a6e9,INEQ-UPPER-D015-H09-PF02,inequality,15,9,thermal,2,pf_upper_bound,true,32,2022,MW,0,NaN,
20260811_121452_stage_B_2C_4168a6e9,INEQ-LOWER-D015-H09-PF03,inequality,15,9,thermal,3,pf_lower_bound,true,33,2023,MW,0,NaN,
20260811_121452_stage_B_2C_4168a6e9,INEQ-UPPER-D015-H09-PF03,inequality,15,9,thermal,3,pf_upper_bound,true,34,2024,MW,0,NaN,
20260811_121452_stage_B_2C_4168a6e9,INEQ-LOWER-D015-H09-PF04,inequality,15,9,thermal,4,pf_lower_bound,true,35,2025,MW,0,NaN,
20260811_121452_stage_B_2C_4168a6e9,INEQ-UPPER-D015-H09-PF04,inequality,15,9,thermal,4,pf_upper_bound,true,36,2026,MW,0,NaN,
20260811_121452_stage_B_2C_4168a6e9,INEQ-LOWER-D015-H09-Pch01,inequality,15,9,storage,1,pch_lower_bound,true,37,2027,MW,0,NaN,
20260811_121452_stage_B_2C_4168a6e9,INEQ-UPPER-D015-H09-Pch01,inequality,15,9,storage,1,pch_upper_bound,true,38,2028,MW,0,NaN,
20260811_121452_stage_B_2C_4168a6e9,INEQ-LOWER-D015-H09-Pch02,inequality,15,9,storage,2,pch_lower_bound,true,39,2029,MW,0,NaN,
20260811_121452_stage_B_2C_4168a6e9,INEQ-UPPER-D015-H09-Pch02,inequality,15,9,storage,2,pch_upper_bound,true,40,2030,MW,0,NaN,
20260811_121452_stage_B_2C_4168a6e9,INEQ-LOWER-D015-H09-Pdis01,inequality,15,9,storage,1,pdis_lower_bound,true,41,2031,MW,0,NaN,
20260811_121452_stage_B_2C_4168a6e9,INEQ-UPPER-D015-H09-Pdis01,inequality,15,9,storage,1,pdis_upper_bound,true,42,2032,MW,0,NaN,
20260811_121452_stage_B_2C_4168a6e9,INEQ-LOWER-D015-H09-Pdis02,inequality,15,9,storage,2,pdis_lower_bound,true,43,2033,MW,0,NaN,
20260811_121452_stage_B_2C_4168a6e9,INEQ-UPPER-D015-H09-Pdis02,inequality,15,9,storage,2,pdis_upper_bound,true,44,2034,MW,0,NaN,
20260811_121452_stage_B_2C_4168a6e9,INEQ-LOWER-D015-H09-SOC01,inequality,15,9,storage,1,soc_lower_bound,true,45,2035,MWh,0,NaN,
20260811_121452_stage_B_2C_4168a6e9,INEQ-UPPER-D015-H09-SOC01,inequality,15,9,storage,1,soc_upper_bound,true,46,2036,MWh,0,NaN,
20260811_121452_stage_B_2C_4168a6e9,INEQ-LOWER-D015-H09-SOC02,inequality,15,9,storage,2,soc_lower_bound,true,47,2037,MWh,0,NaN,
20260811_121452_stage_B_2C_4168a6e9,INEQ-UPPER-D015-H09-SOC02,inequality,15,9,storage,2,soc_upper_bound,true,48,2038,MWh,0,NaN,
20260811_121452_stage_B_2C_4168a6e9,INEQ-LOWER-D015-H10-PW01,inequality,15,10,wind,1,pw_lower_bound,true,1,2039,MW,0,NaN,
20260811_121452_stage_B_2C_4168a6e9,INEQ-UPPER-D015-H10-PW01,inequality,15,10,wind,1,pw_upper_bound,true,2,2040,MW,0,NaN,
20260811_121452_stage_B_2C_4168a6e9,INEQ-LOWER-D015-H10-PW02,inequality,15,10,wind,2,pw_lower_bound,true,3,2041,MW,0,NaN,
20260811_121452_stage_B_2C_4168a6e9,INEQ-UPPER-D015-H10-PW02,inequality,15,10,wind,2,pw_upper_bound,true,4,2042,MW,0,NaN,
20260811_121452_stage_B_2C_4168a6e9,INEQ-LOWER-D015-H10-PW03,inequality,15,10,wind,3,pw_lower_bound,true,5,2043,MW,0,NaN,
20260811_121452_stage_B_2C_4168a6e9,INEQ-UPPER-D015-H10-PW03,inequality,15,10,wind,3,pw_upper_bound,true,6,2044,MW,0,NaN,
20260811_121452_stage_B_2C_4168a6e9,INEQ-LOWER-D015-H10-PW04,inequality,15,10,wind,4,pw_lower_bound,true,7,2045,MW,0,NaN,
20260811_121452_stage_B_2C_4168a6e9,INEQ-UPPER-D015-H10-PW04,inequality,15,10,wind,4,pw_upper_bound,true,8,2046,MW,0,NaN,
20260811_121452_stage_B_2C_4168a6e9,INEQ-LOWER-D015-H10-PW05,inequality,15,10,wind,5,pw_lower_bound,true,9,2047,MW,0,NaN,
20260811_121452_stage_B_2C_4168a6e9,INEQ-UPPER-D015-H10-PW05,inequality,15,10,wind,5,pw_upper_bound,true,10,2048,MW,0,NaN,
20260811_121452_stage_B_2C_4168a6e9,INEQ-LOWER-D015-H10-PP01,inequality,15,10,solar,1,pp_lower_bound,true,11,2049,MW,0,NaN,
20260811_121452_stage_B_2C_4168a6e9,INEQ-UPPER-D015-H10-PP01,inequality,15,10,solar,1,pp_upper_bound,true,12,2050,MW,0,NaN,
20260811_121452_stage_B_2C_4168a6e9,INEQ-LOWER-D015-H10-PP02,inequality,15,10,solar,2,pp_lower_bound,true,13,2051,MW,0,NaN,
20260811_121452_stage_B_2C_4168a6e9,INEQ-UPPER-D015-H10-PP02,inequality,15,10,solar,2,pp_upper_bound,true,14,2052,MW,0,NaN,
20260811_121452_stage_B_2C_4168a6e9,INEQ-LOWER-D015-H10-PP03,inequality,15,10,solar,3,pp_lower_bound,true,15,2053,MW,0,NaN,
20260811_121452_stage_B_2C_4168a6e9,INEQ-UPPER-D015-H10-PP03,inequality,15,10,solar,3,pp_upper_bound,true,16,2054,MW,0,NaN,
20260811_121452_stage_B_2C_4168a6e9,INEQ-LOWER-D015-H10-PP04,inequality,15,10,solar,4,pp_lower_bound,true,17,2055,MW,0,NaN,
20260811_121452_stage_B_2C_4168a6e9,INEQ-UPPER-D015-H10-PP04,inequality,15,10,solar,4,pp_upper_bound,true,18,2056,MW,0,NaN,
20260811_121452_stage_B_2C_4168a6e9,INEQ-LOWER-D015-H10-PP05,inequality,15,10,solar,5,pp_lower_bound,true,19,2057,MW,0,NaN,
20260811_121452_stage_B_2C_4168a6e9,INEQ-UPPER-D015-H10-PP05,inequality,15,10,solar,5,pp_upper_bound,true,20,2058,MW,0,NaN,
20260811_121452_stage_B_2C_4168a6e9,INEQ-LOWER-D015-H10-PH01,inequality,15,10,hydro,1,ph_lower_bound,true,21,2059,MW,0,NaN,
20260811_121452_stage_B_2C_4168a6e9,INEQ-UPPER-D015-H10-PH01,inequality,15,10,hydro,1,ph_upper_bound,true,22,2060,MW,0,NaN,
20260811_121452_stage_B_2C_4168a6e9,INEQ-LOWER-D015-H10-PH02,inequality,15,10,hydro,2,ph_lower_bound,true,23,2061,MW,0,NaN,
20260811_121452_stage_B_2C_4168a6e9,INEQ-UPPER-D015-H10-PH02,inequality,15,10,hydro,2,ph_upper_bound,true,24,2062,MW,0,NaN,
20260811_121452_stage_B_2C_4168a6e9,INEQ-LOWER-D015-H10-PH03,inequality,15,10,hydro,3,ph_lower_bound,true,25,2063,MW,0,NaN,
20260811_121452_stage_B_2C_4168a6e9,INEQ-UPPER-D015-H10-PH03,inequality,15,10,hydro,3,ph_upper_bound,true,26,2064,MW,0,NaN,
20260811_121452_stage_B_2C_4168a6e9,INEQ-LOWER-D015-H10-PH04,inequality,15,10,hydro,4,ph_lower_bound,true,27,2065,MW,0,NaN,
20260811_121452_stage_B_2C_4168a6e9,INEQ-UPPER-D015-H10-PH04,inequality,15,10,hydro,4,ph_upper_bound,true,28,2066,MW,0,NaN,
20260811_121452_stage_B_2C_4168a6e9,INEQ-LOWER-D015-H10-PF01,inequality,15,10,thermal,1,pf_lower_bound,true,29,2067,MW,0,NaN,
20260811_121452_stage_B_2C_4168a6e9,INEQ-UPPER-D015-H10-PF01,inequality,15,10,thermal,1,pf_upper_bound,true,30,2068,MW,0,NaN,
20260811_121452_stage_B_2C_4168a6e9,INEQ-LOWER-D015-H10-PF02,inequality,15,10,thermal,2,pf_lower_bound,true,31,2069,MW,0,NaN,
20260811_121452_stage_B_2C_4168a6e9,INEQ-UPPER-D015-H10-PF02,inequality,15,10,thermal,2,pf_upper_bound,true,32,2070,MW,0,NaN,
20260811_121452_stage_B_2C_4168a6e9,INEQ-LOWER-D015-H10-PF03,inequality,15,10,thermal,3,pf_lower_bound,true,33,2071,MW,0,NaN,
20260811_121452_stage_B_2C_4168a6e9,INEQ-UPPER-D015-H10-PF03,inequality,15,10,thermal,3,pf_upper_bound,true,34,2072,MW,0,NaN,
20260811_121452_stage_B_2C_4168a6e9,INEQ-LOWER-D015-H10-PF04,inequality,15,10,thermal,4,pf_lower_bound,true,35,2073,MW,0,NaN,
20260811_121452_stage_B_2C_4168a6e9,INEQ-UPPER-D015-H10-PF04,inequality,15,10,thermal,4,pf_upper_bound,true,36,2074,MW,0,NaN,
20260811_121452_stage_B_2C_4168a6e9,INEQ-LOWER-D015-H10-Pch01,inequality,15,10,storage,1,pch_lower_bound,true,37,2075,MW,0,NaN,
20260811_121452_stage_B_2C_4168a6e9,INEQ-UPPER-D015-H10-Pch01,inequality,15,10,storage,1,pch_upper_bound,true,38,2076,MW,0,NaN,
20260811_121452_stage_B_2C_4168a6e9,INEQ-LOWER-D015-H10-Pch02,inequality,15,10,storage,2,pch_lower_bound,true,39,2077,MW,0,NaN,
20260811_121452_stage_B_2C_4168a6e9,INEQ-UPPER-D015-H10-Pch02,inequality,15,10,storage,2,pch_upper_bound,true,40,2078,MW,0,NaN,
20260811_121452_stage_B_2C_4168a6e9,INEQ-LOWER-D015-H10-Pdis01,inequality,15,10,storage,1,pdis_lower_bound,true,41,2079,MW,0,NaN,
20260811_121452_stage_B_2C_4168a6e9,INEQ-UPPER-D015-H10-Pdis01,inequality,15,10,storage,1,pdis_upper_bound,true,42,2080,MW,0,NaN,
20260811_121452_stage_B_2C_4168a6e9,INEQ-LOWER-D015-H10-Pdis02,inequality,15,10,storage,2,pdis_lower_bound,true,43,2081,MW,0,NaN,
20260811_121452_stage_B_2C_4168a6e9,INEQ-UPPER-D015-H10-Pdis02,inequality,15,10,storage,2,pdis_upper_bound,true,44,2082,MW,0,NaN,
20260811_121452_stage_B_2C_4168a6e9,INEQ-LOWER-D015-H10-SOC01,inequality,15,10,storage,1,soc_lower_bound,true,45,2083,MWh,0,NaN,
20260811_121452_stage_B_2C_4168a6e9,INEQ-UPPER-D015-H10-SOC01,inequality,15,10,storage,1,soc_upper_bound,true,46,2084,MWh,0,NaN,
20260811_121452_stage_B_2C_4168a6e9,INEQ-LOWER-D015-H10-SOC02,inequality,15,10,storage,2,soc_lower_bound,true,47,2085,MWh,0,NaN,
20260811_121452_stage_B_2C_4168a6e9,INEQ-UPPER-D015-H10-SOC02,inequality,15,10,storage,2,soc_upper_bound,true,48,2086,MWh,0,NaN,
20260811_121452_stage_B_2C_4168a6e9,INEQ-LOWER-D015-H11-PW01,inequality,15,11,wind,1,pw_lower_bound,true,1,2087,MW,0,NaN,
20260811_121452_stage_B_2C_4168a6e9,INEQ-UPPER-D015-H11-PW01,inequality,15,11,wind,1,pw_upper_bound,true,2,2088,MW,0,NaN,
20260811_121452_stage_B_2C_4168a6e9,INEQ-LOWER-D015-H11-PW02,inequality,15,11,wind,2,pw_lower_bound,true,3,2089,MW,0,NaN,
20260811_121452_stage_B_2C_4168a6e9,INEQ-UPPER-D015-H11-PW02,inequality,15,11,wind,2,pw_upper_bound,true,4,2090,MW,0,NaN,
20260811_121452_stage_B_2C_4168a6e9,INEQ-LOWER-D015-H11-PW03,inequality,15,11,wind,3,pw_lower_bound,true,5,2091,MW,0,NaN,
20260811_121452_stage_B_2C_4168a6e9,INEQ-UPPER-D015-H11-PW03,inequality,15,11,wind,3,pw_upper_bound,true,6,2092,MW,0,NaN,
20260811_121452_stage_B_2C_4168a6e9,INEQ-LOWER-D015-H11-PW04,inequality,15,11,wind,4,pw_lower_bound,true,7,2093,MW,0,NaN,
20260811_121452_stage_B_2C_4168a6e9,INEQ-UPPER-D015-H11-PW04,inequality,15,11,wind,4,pw_upper_bound,true,8,2094,MW,0,NaN,
20260811_121452_stage_B_2C_4168a6e9,INEQ-LOWER-D015-H11-PW05,inequality,15,11,wind,5,pw_lower_bound,true,9,2095,MW,0,NaN,
20260811_121452_stage_B_2C_4168a6e9,INEQ-UPPER-D015-H11-PW05,inequality,15,11,wind,5,pw_upper_bound,true,10,2096,MW,0,NaN,
20260811_121452_stage_B_2C_4168a6e9,INEQ-LOWER-D015-H11-PP01,inequality,15,11,solar,1,pp_lower_bound,true,11,2097,MW,0,NaN,
20260811_121452_stage_B_2C_4168a6e9,INEQ-UPPER-D015-H11-PP01,inequality,15,11,solar,1,pp_upper_bound,true,12,2098,MW,0,NaN,
20260811_121452_stage_B_2C_4168a6e9,INEQ-LOWER-D015-H11-PP02,inequality,15,11,solar,2,pp_lower_bound,true,13,2099,MW,0,NaN,
20260811_121452_stage_B_2C_4168a6e9,INEQ-UPPER-D015-H11-PP02,inequality,15,11,solar,2,pp_upper_bound,true,14,2100,MW,0,NaN,
20260811_121452_stage_B_2C_4168a6e9,INEQ-LOWER-D015-H11-PP03,inequality,15,11,solar,3,pp_lower_bound,true,15,2101,MW,0,NaN,
20260811_121452_stage_B_2C_4168a6e9,INEQ-UPPER-D015-H11-PP03,inequality,15,11,solar,3,pp_upper_bound,true,16,2102,MW,0,NaN,
20260811_121452_stage_B_2C_4168a6e9,INEQ-LOWER-D015-H11-PP04,inequality,15,11,solar,4,pp_lower_bound,true,17,2103,MW,0,NaN,
20260811_121452_stage_B_2C_4168a6e9,INEQ-UPPER-D015-H11-PP04,inequality,15,11,solar,4,pp_upper_bound,true,18,2104,MW,0,NaN,
20260811_121452_stage_B_2C_4168a6e9,INEQ-LOWER-D015-H11-PP05,inequality,15,11,solar,5,pp_lower_bound,true,19,2105,MW,0,NaN,
20260811_121452_stage_B_2C_4168a6e9,INEQ-UPPER-D015-H11-PP05,inequality,15,11,solar,5,pp_upper_bound,true,20,2106,MW,0,NaN,
20260811_121452_stage_B_2C_4168a6e9,INEQ-LOWER-D015-H11-PH01,inequality,15,11,hydro,1,ph_lower_bound,true,21,2107,MW,0,NaN,
20260811_121452_stage_B_2C_4168a6e9,INEQ-UPPER-D015-H11-PH01,inequality,15,11,hydro,1,ph_upper_bound,true,22,2108,MW,0,NaN,
20260811_121452_stage_B_2C_4168a6e9,INEQ-LOWER-D015-H11-PH02,inequality,15,11,hydro,2,ph_lower_bound,true,23,2109,MW,0,NaN,
20260811_121452_stage_B_2C_4168a6e9,INEQ-UPPER-D015-H11-PH02,inequality,15,11,hydro,2,ph_upper_bound,true,24,2110,MW,0,NaN,
20260811_121452_stage_B_2C_4168a6e9,INEQ-LOWER-D015-H11-PH03,inequality,15,11,hydro,3,ph_lower_bound,true,25,2111,MW,0,NaN,
20260811_121452_stage_B_2C_4168a6e9,INEQ-UPPER-D015-H11-PH03,inequality,15,11,hydro,3,ph_upper_bound,true,26,2112,MW,0,NaN,
20260811_121452_stage_B_2C_4168a6e9,INEQ-LOWER-D015-H11-PH04,inequality,15,11,hydro,4,ph_lower_bound,true,27,2113,MW,0,NaN,
20260811_121452_stage_B_2C_4168a6e9,INEQ-UPPER-D015-H11-PH04,inequality,15,11,hydro,4,ph_upper_bound,true,28,2114,MW,0,NaN,
20260811_121452_stage_B_2C_4168a6e9,INEQ-LOWER-D015-H11-PF01,inequality,15,11,thermal,1,pf_lower_bound,true,29,2115,MW,0,NaN,
20260811_121452_stage_B_2C_4168a6e9,INEQ-UPPER-D015-H11-PF01,inequality,15,11,thermal,1,pf_upper_bound,true,30,2116,MW,0,NaN,
20260811_121452_stage_B_2C_4168a6e9,INEQ-LOWER-D015-H11-PF02,inequality,15,11,thermal,2,pf_lower_bound,true,31,2117,MW,0,NaN,
20260811_121452_stage_B_2C_4168a6e9,INEQ-UPPER-D015-H11-PF02,inequality,15,11,thermal,2,pf_upper_bound,true,32,2118,MW,0,NaN,
20260811_121452_stage_B_2C_4168a6e9,INEQ-LOWER-D015-H11-PF03,inequality,15,11,thermal,3,pf_lower_bound,true,33,2119,MW,0,NaN,
20260811_121452_stage_B_2C_4168a6e9,INEQ-UPPER-D015-H11-PF03,inequality,15,11,thermal,3,pf_upper_bound,true,34,2120,MW,0,NaN,
20260811_121452_stage_B_2C_4168a6e9,INEQ-LOWER-D015-H11-PF04,inequality,15,11,thermal,4,pf_lower_bound,true,35,2121,MW,0,NaN,
20260811_121452_stage_B_2C_4168a6e9,INEQ-UPPER-D015-H11-PF04,inequality,15,11,thermal,4,pf_upper_bound,true,36,2122,MW,0,NaN,
20260811_121452_stage_B_2C_4168a6e9,INEQ-LOWER-D015-H11-Pch01,inequality,15,11,storage,1,pch_lower_bound,true,37,2123,MW,0,NaN,
20260811_121452_stage_B_2C_4168a6e9,INEQ-UPPER-D015-H11-Pch01,inequality,15,11,storage,1,pch_upper_bound,true,38,2124,MW,0,NaN,
20260811_121452_stage_B_2C_4168a6e9,INEQ-LOWER-D015-H11-Pch02,inequality,15,11,storage,2,pch_lower_bound,true,39,2125,MW,0,NaN,
20260811_121452_stage_B_2C_4168a6e9,INEQ-UPPER-D015-H11-Pch02,inequality,15,11,storage,2,pch_upper_bound,true,40,2126,MW,0,NaN,
20260811_121452_stage_B_2C_4168a6e9,INEQ-LOWER-D015-H11-Pdis01,inequality,15,11,storage,1,pdis_lower_bound,true,41,2127,MW,0,NaN,
20260811_121452_stage_B_2C_4168a6e9,INEQ-UPPER-D015-H11-Pdis01,inequality,15,11,storage,1,pdis_upper_bound,true,42,2128,MW,0,NaN,
20260811_121452_stage_B_2C_4168a6e9,INEQ-LOWER-D015-H11-Pdis02,inequality,15,11,storage,2,pdis_lower_bound,true,43,2129,MW,0,NaN,
20260811_121452_stage_B_2C_4168a6e9,INEQ-UPPER-D015-H11-Pdis02,inequality,15,11,storage,2,pdis_upper_bound,true,44,2130,MW,0,NaN,
20260811_121452_stage_B_2C_4168a6e9,INEQ-LOWER-D015-H11-SOC01,inequality,15,11,storage,1,soc_lower_bound,true,45,2131,MWh,0,NaN,
20260811_121452_stage_B_2C_4168a6e9,INEQ-UPPER-D015-H11-SOC01,inequality,15,11,storage,1,soc_upper_bound,true,46,2132,MWh,0,NaN,
20260811_121452_stage_B_2C_4168a6e9,INEQ-LOWER-D015-H11-SOC02,inequality,15,11,storage,2,soc_lower_bound,true,47,2133,MWh,0,NaN,
20260811_121452_stage_B_2C_4168a6e9,INEQ-UPPER-D015-H11-SOC02,inequality,15,11,storage,2,soc_upper_bound,true,48,2134,MWh,0,NaN,
20260811_121452_stage_B_2C_4168a6e9,INEQ-LOWER-D015-H12-PW01,inequality,15,12,wind,1,pw_lower_bound,true,1,2135,MW,0,NaN,
20260811_121452_stage_B_2C_4168a6e9,INEQ-UPPER-D015-H12-PW01,inequality,15,12,wind,1,pw_upper_bound,true,2,2136,MW,0,NaN,
20260811_121452_stage_B_2C_4168a6e9,INEQ-LOWER-D015-H12-PW02,inequality,15,12,wind,2,pw_lower_bound,true,3,2137,MW,0,NaN,
20260811_121452_stage_B_2C_4168a6e9,INEQ-UPPER-D015-H12-PW02,inequality,15,12,wind,2,pw_upper_bound,true,4,2138,MW,0,NaN,
20260811_121452_stage_B_2C_4168a6e9,INEQ-LOWER-D015-H12-PW03,inequality,15,12,wind,3,pw_lower_bound,true,5,2139,MW,0,NaN,
20260811_121452_stage_B_2C_4168a6e9,INEQ-UPPER-D015-H12-PW03,inequality,15,12,wind,3,pw_upper_bound,true,6,2140,MW,0,NaN,
20260811_121452_stage_B_2C_4168a6e9,INEQ-LOWER-D015-H12-PW04,inequality,15,12,wind,4,pw_lower_bound,true,7,2141,MW,0,NaN,
20260811_121452_stage_B_2C_4168a6e9,INEQ-UPPER-D015-H12-PW04,inequality,15,12,wind,4,pw_upper_bound,true,8,2142,MW,0,NaN,
20260811_121452_stage_B_2C_4168a6e9,INEQ-LOWER-D015-H12-PW05,inequality,15,12,wind,5,pw_lower_bound,true,9,2143,MW,0,NaN,
20260811_121452_stage_B_2C_4168a6e9,INEQ-UPPER-D015-H12-PW05,inequality,15,12,wind,5,pw_upper_bound,true,10,2144,MW,0,NaN,
20260811_121452_stage_B_2C_4168a6e9,INEQ-LOWER-D015-H12-PP01,inequality,15,12,solar,1,pp_lower_bound,true,11,2145,MW,0,NaN,
20260811_121452_stage_B_2C_4168a6e9,INEQ-UPPER-D015-H12-PP01,inequality,15,12,solar,1,pp_upper_bound,true,12,2146,MW,0,NaN,
20260811_121452_stage_B_2C_4168a6e9,INEQ-LOWER-D015-H12-PP02,inequality,15,12,solar,2,pp_lower_bound,true,13,2147,MW,0,NaN,
20260811_121452_stage_B_2C_4168a6e9,INEQ-UPPER-D015-H12-PP02,inequality,15,12,solar,2,pp_upper_bound,true,14,2148,MW,0,NaN,
20260811_121452_stage_B_2C_4168a6e9,INEQ-LOWER-D015-H12-PP03,inequality,15,12,solar,3,pp_lower_bound,true,15,2149,MW,0,NaN,
20260811_121452_stage_B_2C_4168a6e9,INEQ-UPPER-D015-H12-PP03,inequality,15,12,solar,3,pp_upper_bound,true,16,2150,MW,0,NaN,
20260811_121452_stage_B_2C_4168a6e9,INEQ-LOWER-D015-H12-PP04,inequality,15,12,solar,4,pp_lower_bound,true,17,2151,MW,0,NaN,
20260811_121452_stage_B_2C_4168a6e9,INEQ-UPPER-D015-H12-PP04,inequality,15,12,solar,4,pp_upper_bound,true,18,2152,MW,0,NaN,
20260811_121452_stage_B_2C_4168a6e9,INEQ-LOWER-D015-H12-PP05,inequality,15,12,solar,5,pp_lower_bound,true,19,2153,MW,0,NaN,
20260811_121452_stage_B_2C_4168a6e9,INEQ-UPPER-D015-H12-PP05,inequality,15,12,solar,5,pp_upper_bound,true,20,2154,MW,0,NaN,
20260811_121452_stage_B_2C_4168a6e9,INEQ-LOWER-D015-H12-PH01,inequality,15,12,hydro,1,ph_lower_bound,true,21,2155,MW,0,NaN,
20260811_121452_stage_B_2C_4168a6e9,INEQ-UPPER-D015-H12-PH01,inequality,15,12,hydro,1,ph_upper_bound,true,22,2156,MW,0,NaN,
20260811_121452_stage_B_2C_4168a6e9,INEQ-LOWER-D015-H12-PH02,inequality,15,12,hydro,2,ph_lower_bound,true,23,2157,MW,0,NaN,
20260811_121452_stage_B_2C_4168a6e9,INEQ-UPPER-D015-H12-PH02,inequality,15,12,hydro,2,ph_upper_bound,true,24,2158,MW,0,NaN,
20260811_121452_stage_B_2C_4168a6e9,INEQ-LOWER-D015-H12-PH03,inequality,15,12,hydro,3,ph_lower_bound,true,25,2159,MW,0,NaN,
20260811_121452_stage_B_2C_4168a6e9,INEQ-UPPER-D015-H12-PH03,inequality,15,12,hydro,3,ph_upper_bound,true,26,2160,MW,0,NaN,
20260811_121452_stage_B_2C_4168a6e9,INEQ-LOWER-D015-H12-PH04,inequality,15,12,hydro,4,ph_lower_bound,true,27,2161,MW,0,NaN,
20260811_121452_stage_B_2C_4168a6e9,INEQ-UPPER-D015-H12-PH04,inequality,15,12,hydro,4,ph_upper_bound,true,28,2162,MW,0,NaN,
20260811_121452_stage_B_2C_4168a6e9,INEQ-LOWER-D015-H12-PF01,inequality,15,12,thermal,1,pf_lower_bound,true,29,2163,MW,0,NaN,
20260811_121452_stage_B_2C_4168a6e9,INEQ-UPPER-D015-H12-PF01,inequality,15,12,thermal,1,pf_upper_bound,true,30,2164,MW,0,NaN,
20260811_121452_stage_B_2C_4168a6e9,INEQ-LOWER-D015-H12-PF02,inequality,15,12,thermal,2,pf_lower_bound,true,31,2165,MW,0,NaN,
20260811_121452_stage_B_2C_4168a6e9,INEQ-UPPER-D015-H12-PF02,inequality,15,12,thermal,2,pf_upper_bound,true,32,2166,MW,0,NaN,
20260811_121452_stage_B_2C_4168a6e9,INEQ-LOWER-D015-H12-PF03,inequality,15,12,thermal,3,pf_lower_bound,true,33,2167,MW,0,NaN,
20260811_121452_stage_B_2C_4168a6e9,INEQ-UPPER-D015-H12-PF03,inequality,15,12,thermal,3,pf_upper_bound,true,34,2168,MW,0,NaN,
20260811_121452_stage_B_2C_4168a6e9,INEQ-LOWER-D015-H12-PF04,inequality,15,12,thermal,4,pf_lower_bound,true,35,2169,MW,0,NaN,
20260811_121452_stage_B_2C_4168a6e9,INEQ-UPPER-D015-H12-PF04,inequality,15,12,thermal,4,pf_upper_bound,true,36,2170,MW,0,NaN,
20260811_121452_stage_B_2C_4168a6e9,INEQ-LOWER-D015-H12-Pch01,inequality,15,12,storage,1,pch_lower_bound,true,37,2171,MW,0,NaN,
20260811_121452_stage_B_2C_4168a6e9,INEQ-UPPER-D015-H12-Pch01,inequality,15,12,storage,1,pch_upper_bound,true,38,2172,MW,0,NaN,
20260811_121452_stage_B_2C_4168a6e9,INEQ-LOWER-D015-H12-Pch02,inequality,15,12,storage,2,pch_lower_bound,true,39,2173,MW,0,NaN,
20260811_121452_stage_B_2C_4168a6e9,INEQ-UPPER-D015-H12-Pch02,inequality,15,12,storage,2,pch_upper_bound,true,40,2174,MW,0,NaN,
20260811_121452_stage_B_2C_4168a6e9,INEQ-LOWER-D015-H12-Pdis01,inequality,15,12,storage,1,pdis_lower_bound,true,41,2175,MW,0,NaN,
20260811_121452_stage_B_2C_4168a6e9,INEQ-UPPER-D015-H12-Pdis01,inequality,15,12,storage,1,pdis_upper_bound,true,42,2176,MW,0,NaN,
20260811_121452_stage_B_2C_4168a6e9,INEQ-LOWER-D015-H12-Pdis02,inequality,15,12,storage,2,pdis_lower_bound,true,43,2177,MW,0,NaN,
20260811_121452_stage_B_2C_4168a6e9,INEQ-UPPER-D015-H12-Pdis02,inequality,15,12,storage,2,pdis_upper_bound,true,44,2178,MW,0,NaN,
20260811_121452_stage_B_2C_4168a6e9,INEQ-LOWER-D015-H12-SOC01,inequality,15,12,storage,1,soc_lower_bound,true,45,2179,MWh,0,NaN,
20260811_121452_stage_B_2C_4168a6e9,INEQ-UPPER-D015-H12-SOC01,inequality,15,12,storage,1,soc_upper_bound,true,46,2180,MWh,0,NaN,
20260811_121452_stage_B_2C_4168a6e9,INEQ-LOWER-D015-H12-SOC02,inequality,15,12,storage,2,soc_lower_bound,true,47,2181,MWh,0,NaN,
20260811_121452_stage_B_2C_4168a6e9,INEQ-UPPER-D015-H12-SOC02,inequality,15,12,storage,2,soc_upper_bound,true,48,2182,MWh,0,NaN,
20260811_121452_stage_B_2C_4168a6e9,INEQ-LOWER-D015-H13-PW01,inequality,15,13,wind,1,pw_lower_bound,true,1,2183,MW,0,NaN,
20260811_121452_stage_B_2C_4168a6e9,INEQ-UPPER-D015-H13-PW01,inequality,15,13,wind,1,pw_upper_bound,true,2,2184,MW,0,NaN,
20260811_121452_stage_B_2C_4168a6e9,INEQ-LOWER-D015-H13-PW02,inequality,15,13,wind,2,pw_lower_bound,true,3,2185,MW,0,NaN,
20260811_121452_stage_B_2C_4168a6e9,INEQ-UPPER-D015-H13-PW02,inequality,15,13,wind,2,pw_upper_bound,true,4,2186,MW,0,NaN,
20260811_121452_stage_B_2C_4168a6e9,INEQ-LOWER-D015-H13-PW03,inequality,15,13,wind,3,pw_lower_bound,true,5,2187,MW,0,NaN,
20260811_121452_stage_B_2C_4168a6e9,INEQ-UPPER-D015-H13-PW03,inequality,15,13,wind,3,pw_upper_bound,true,6,2188,MW,0,NaN,
20260811_121452_stage_B_2C_4168a6e9,INEQ-LOWER-D015-H13-PW04,inequality,15,13,wind,4,pw_lower_bound,true,7,2189,MW,0,NaN,
20260811_121452_stage_B_2C_4168a6e9,INEQ-UPPER-D015-H13-PW04,inequality,15,13,wind,4,pw_upper_bound,true,8,2190,MW,0,NaN,
20260811_121452_stage_B_2C_4168a6e9,INEQ-LOWER-D015-H13-PW05,inequality,15,13,wind,5,pw_lower_bound,true,9,2191,MW,0,NaN,
20260811_121452_stage_B_2C_4168a6e9,INEQ-UPPER-D015-H13-PW05,inequality,15,13,wind,5,pw_upper_bound,true,10,2192,MW,0,NaN,
20260811_121452_stage_B_2C_4168a6e9,INEQ-LOWER-D015-H13-PP01,inequality,15,13,solar,1,pp_lower_bound,true,11,2193,MW,0,NaN,
20260811_121452_stage_B_2C_4168a6e9,INEQ-UPPER-D015-H13-PP01,inequality,15,13,solar,1,pp_upper_bound,true,12,2194,MW,0,NaN,
20260811_121452_stage_B_2C_4168a6e9,INEQ-LOWER-D015-H13-PP02,inequality,15,13,solar,2,pp_lower_bound,true,13,2195,MW,0,NaN,
20260811_121452_stage_B_2C_4168a6e9,INEQ-UPPER-D015-H13-PP02,inequality,15,13,solar,2,pp_upper_bound,true,14,2196,MW,0,NaN,
20260811_121452_stage_B_2C_4168a6e9,INEQ-LOWER-D015-H13-PP03,inequality,15,13,solar,3,pp_lower_bound,true,15,2197,MW,0,NaN,
20260811_121452_stage_B_2C_4168a6e9,INEQ-UPPER-D015-H13-PP03,inequality,15,13,solar,3,pp_upper_bound,true,16,2198,MW,0,NaN,
20260811_121452_stage_B_2C_4168a6e9,INEQ-LOWER-D015-H13-PP04,inequality,15,13,solar,4,pp_lower_bound,true,17,2199,MW,0,NaN,
20260811_121452_stage_B_2C_4168a6e9,INEQ-UPPER-D015-H13-PP04,inequality,15,13,solar,4,pp_upper_bound,true,18,2200,MW,0,NaN,
20260811_121452_stage_B_2C_4168a6e9,INEQ-LOWER-D015-H13-PP05,inequality,15,13,solar,5,pp_lower_bound,true,19,2201,MW,0,NaN,
20260811_121452_stage_B_2C_4168a6e9,INEQ-UPPER-D015-H13-PP05,inequality,15,13,solar,5,pp_upper_bound,true,20,2202,MW,0,NaN,
20260811_121452_stage_B_2C_4168a6e9,INEQ-LOWER-D015-H13-PH01,inequality,15,13,hydro,1,ph_lower_bound,true,21,2203,MW,0,NaN,
20260811_121452_stage_B_2C_4168a6e9,INEQ-UPPER-D015-H13-PH01,inequality,15,13,hydro,1,ph_upper_bound,true,22,2204,MW,0,NaN,
20260811_121452_stage_B_2C_4168a6e9,INEQ-LOWER-D015-H13-PH02,inequality,15,13,hydro,2,ph_lower_bound,true,23,2205,MW,0,NaN,
20260811_121452_stage_B_2C_4168a6e9,INEQ-UPPER-D015-H13-PH02,inequality,15,13,hydro,2,ph_upper_bound,true,24,2206,MW,0,NaN,
20260811_121452_stage_B_2C_4168a6e9,INEQ-LOWER-D015-H13-PH03,inequality,15,13,hydro,3,ph_lower_bound,true,25,2207,MW,0,NaN,
20260811_121452_stage_B_2C_4168a6e9,INEQ-UPPER-D015-H13-PH03,inequality,15,13,hydro,3,ph_upper_bound,true,26,2208,MW,0,NaN,
20260811_121452_stage_B_2C_4168a6e9,INEQ-LOWER-D015-H13-PH04,inequality,15,13,hydro,4,ph_lower_bound,true,27,2209,MW,0,NaN,
20260811_121452_stage_B_2C_4168a6e9,INEQ-UPPER-D015-H13-PH04,inequality,15,13,hydro,4,ph_upper_bound,true,28,2210,MW,0,NaN,
20260811_121452_stage_B_2C_4168a6e9,INEQ-LOWER-D015-H13-PF01,inequality,15,13,thermal,1,pf_lower_bound,true,29,2211,MW,0,NaN,
20260811_121452_stage_B_2C_4168a6e9,INEQ-UPPER-D015-H13-PF01,inequality,15,13,thermal,1,pf_upper_bound,true,30,2212,MW,0,NaN,
20260811_121452_stage_B_2C_4168a6e9,INEQ-LOWER-D015-H13-PF02,inequality,15,13,thermal,2,pf_lower_bound,true,31,2213,MW,0,NaN,
20260811_121452_stage_B_2C_4168a6e9,INEQ-UPPER-D015-H13-PF02,inequality,15,13,thermal,2,pf_upper_bound,true,32,2214,MW,0,NaN,
20260811_121452_stage_B_2C_4168a6e9,INEQ-LOWER-D015-H13-PF03,inequality,15,13,thermal,3,pf_lower_bound,true,33,2215,MW,0,NaN,
20260811_121452_stage_B_2C_4168a6e9,INEQ-UPPER-D015-H13-PF03,inequality,15,13,thermal,3,pf_upper_bound,true,34,2216,MW,0,NaN,
20260811_121452_stage_B_2C_4168a6e9,INEQ-LOWER-D015-H13-PF04,inequality,15,13,thermal,4,pf_lower_bound,true,35,2217,MW,0,NaN,
20260811_121452_stage_B_2C_4168a6e9,INEQ-UPPER-D015-H13-PF04,inequality,15,13,thermal,4,pf_upper_bound,true,36,2218,MW,0,NaN,
20260811_121452_stage_B_2C_4168a6e9,INEQ-LOWER-D015-H13-Pch01,inequality,15,13,storage,1,pch_lower_bound,true,37,2219,MW,0,NaN,
20260811_121452_stage_B_2C_4168a6e9,INEQ-UPPER-D015-H13-Pch01,inequality,15,13,storage,1,pch_upper_bound,true,38,2220,MW,0,NaN,
20260811_121452_stage_B_2C_4168a6e9,INEQ-LOWER-D015-H13-Pch02,inequality,15,13,storage,2,pch_lower_bound,true,39,2221,MW,0,NaN,
20260811_121452_stage_B_2C_4168a6e9,INEQ-UPPER-D015-H13-Pch02,inequality,15,13,storage,2,pch_upper_bound,true,40,2222,MW,0,NaN,
20260811_121452_stage_B_2C_4168a6e9,INEQ-LOWER-D015-H13-Pdis01,inequality,15,13,storage,1,pdis_lower_bound,true,41,2223,MW,0,NaN,
20260811_121452_stage_B_2C_4168a6e9,INEQ-UPPER-D015-H13-Pdis01,inequality,15,13,storage,1,pdis_upper_bound,true,42,2224,MW,0,NaN,
20260811_121452_stage_B_2C_4168a6e9,INEQ-LOWER-D015-H13-Pdis02,inequality,15,13,storage,2,pdis_lower_bound,true,43,2225,MW,0,NaN,
20260811_121452_stage_B_2C_4168a6e9,INEQ-UPPER-D015-H13-Pdis02,inequality,15,13,storage,2,pdis_upper_bound,true,44,2226,MW,0,NaN,
20260811_121452_stage_B_2C_4168a6e9,INEQ-LOWER-D015-H13-SOC01,inequality,15,13,storage,1,soc_lower_bound,true,45,2227,MWh,0,NaN,
20260811_121452_stage_B_2C_4168a6e9,INEQ-UPPER-D015-H13-SOC01,inequality,15,13,storage,1,soc_upper_bound,true,46,2228,MWh,0,NaN,
20260811_121452_stage_B_2C_4168a6e9,INEQ-LOWER-D015-H13-SOC02,inequality,15,13,storage,2,soc_lower_bound,true,47,2229,MWh,0,NaN,
20260811_121452_stage_B_2C_4168a6e9,INEQ-UPPER-D015-H13-SOC02,inequality,15,13,storage,2,soc_upper_bound,true,48,2230,MWh,0,NaN,
20260811_121452_stage_B_2C_4168a6e9,INEQ-LOWER-D015-H14-PW01,inequality,15,14,wind,1,pw_lower_bound,true,1,2231,MW,0,NaN,
20260811_121452_stage_B_2C_4168a6e9,INEQ-UPPER-D015-H14-PW01,inequality,15,14,wind,1,pw_upper_bound,true,2,2232,MW,0,NaN,
20260811_121452_stage_B_2C_4168a6e9,INEQ-LOWER-D015-H14-PW02,inequality,15,14,wind,2,pw_lower_bound,true,3,2233,MW,0,NaN,
20260811_121452_stage_B_2C_4168a6e9,INEQ-UPPER-D015-H14-PW02,inequality,15,14,wind,2,pw_upper_bound,true,4,2234,MW,0,NaN,
20260811_121452_stage_B_2C_4168a6e9,INEQ-LOWER-D015-H14-PW03,inequality,15,14,wind,3,pw_lower_bound,true,5,2235,MW,0,NaN,
20260811_121452_stage_B_2C_4168a6e9,INEQ-UPPER-D015-H14-PW03,inequality,15,14,wind,3,pw_upper_bound,true,6,2236,MW,0,NaN,
20260811_121452_stage_B_2C_4168a6e9,INEQ-LOWER-D015-H14-PW04,inequality,15,14,wind,4,pw_lower_bound,true,7,2237,MW,0,NaN,
20260811_121452_stage_B_2C_4168a6e9,INEQ-UPPER-D015-H14-PW04,inequality,15,14,wind,4,pw_upper_bound,true,8,2238,MW,0,NaN,
20260811_121452_stage_B_2C_4168a6e9,INEQ-LOWER-D015-H14-PW05,inequality,15,14,wind,5,pw_lower_bound,true,9,2239,MW,0,NaN,
20260811_121452_stage_B_2C_4168a6e9,INEQ-UPPER-D015-H14-PW05,inequality,15,14,wind,5,pw_upper_bound,true,10,2240,MW,0,NaN,
20260811_121452_stage_B_2C_4168a6e9,INEQ-LOWER-D015-H14-PP01,inequality,15,14,solar,1,pp_lower_bound,true,11,2241,MW,0,NaN,
20260811_121452_stage_B_2C_4168a6e9,INEQ-UPPER-D015-H14-PP01,inequality,15,14,solar,1,pp_upper_bound,true,12,2242,MW,0,NaN,
20260811_121452_stage_B_2C_4168a6e9,INEQ-LOWER-D015-H14-PP02,inequality,15,14,solar,2,pp_lower_bound,true,13,2243,MW,0,NaN,
20260811_121452_stage_B_2C_4168a6e9,INEQ-UPPER-D015-H14-PP02,inequality,15,14,solar,2,pp_upper_bound,true,14,2244,MW,0,NaN,
20260811_121452_stage_B_2C_4168a6e9,INEQ-LOWER-D015-H14-PP03,inequality,15,14,solar,3,pp_lower_bound,true,15,2245,MW,0,NaN,
20260811_121452_stage_B_2C_4168a6e9,INEQ-UPPER-D015-H14-PP03,inequality,15,14,solar,3,pp_upper_bound,true,16,2246,MW,0,NaN,
20260811_121452_stage_B_2C_4168a6e9,INEQ-LOWER-D015-H14-PP04,inequality,15,14,solar,4,pp_lower_bound,true,17,2247,MW,0,NaN,
20260811_121452_stage_B_2C_4168a6e9,INEQ-UPPER-D015-H14-PP04,inequality,15,14,solar,4,pp_upper_bound,true,18,2248,MW,0,NaN,
20260811_121452_stage_B_2C_4168a6e9,INEQ-LOWER-D015-H14-PP05,inequality,15,14,solar,5,pp_lower_bound,true,19,2249,MW,0,NaN,
20260811_121452_stage_B_2C_4168a6e9,INEQ-UPPER-D015-H14-PP05,inequality,15,14,solar,5,pp_upper_bound,true,20,2250,MW,0,NaN,
20260811_121452_stage_B_2C_4168a6e9,INEQ-LOWER-D015-H14-PH01,inequality,15,14,hydro,1,ph_lower_bound,true,21,2251,MW,0,NaN,
20260811_121452_stage_B_2C_4168a6e9,INEQ-UPPER-D015-H14-PH01,inequality,15,14,hydro,1,ph_upper_bound,true,22,2252,MW,0,NaN,
20260811_121452_stage_B_2C_4168a6e9,INEQ-LOWER-D015-H14-PH02,inequality,15,14,hydro,2,ph_lower_bound,true,23,2253,MW,0,NaN,
20260811_121452_stage_B_2C_4168a6e9,INEQ-UPPER-D015-H14-PH02,inequality,15,14,hydro,2,ph_upper_bound,true,24,2254,MW,0,NaN,
20260811_121452_stage_B_2C_4168a6e9,INEQ-LOWER-D015-H14-PH03,inequality,15,14,hydro,3,ph_lower_bound,true,25,2255,MW,0,NaN,
20260811_121452_stage_B_2C_4168a6e9,INEQ-UPPER-D015-H14-PH03,inequality,15,14,hydro,3,ph_upper_bound,true,26,2256,MW,0,NaN,
20260811_121452_stage_B_2C_4168a6e9,INEQ-LOWER-D015-H14-PH04,inequality,15,14,hydro,4,ph_lower_bound,true,27,2257,MW,0,NaN,
20260811_121452_stage_B_2C_4168a6e9,INEQ-UPPER-D015-H14-PH04,inequality,15,14,hydro,4,ph_upper_bound,true,28,2258,MW,0,NaN,
20260811_121452_stage_B_2C_4168a6e9,INEQ-LOWER-D015-H14-PF01,inequality,15,14,thermal,1,pf_lower_bound,true,29,2259,MW,0,NaN,
20260811_121452_stage_B_2C_4168a6e9,INEQ-UPPER-D015-H14-PF01,inequality,15,14,thermal,1,pf_upper_bound,true,30,2260,MW,0,NaN,
20260811_121452_stage_B_2C_4168a6e9,INEQ-LOWER-D015-H14-PF02,inequality,15,14,thermal,2,pf_lower_bound,true,31,2261,MW,0,NaN,
20260811_121452_stage_B_2C_4168a6e9,INEQ-UPPER-D015-H14-PF02,inequality,15,14,thermal,2,pf_upper_bound,true,32,2262,MW,0,NaN,
20260811_121452_stage_B_2C_4168a6e9,INEQ-LOWER-D015-H14-PF03,inequality,15,14,thermal,3,pf_lower_bound,true,33,2263,MW,0,NaN,
20260811_121452_stage_B_2C_4168a6e9,INEQ-UPPER-D015-H14-PF03,inequality,15,14,thermal,3,pf_upper_bound,true,34,2264,MW,0,NaN,
20260811_121452_stage_B_2C_4168a6e9,INEQ-LOWER-D015-H14-PF04,inequality,15,14,thermal,4,pf_lower_bound,true,35,2265,MW,0,NaN,
20260811_121452_stage_B_2C_4168a6e9,INEQ-UPPER-D015-H14-PF04,inequality,15,14,thermal,4,pf_upper_bound,true,36,2266,MW,0,NaN,
20260811_121452_stage_B_2C_4168a6e9,INEQ-LOWER-D015-H14-Pch01,inequality,15,14,storage,1,pch_lower_bound,true,37,2267,MW,0,NaN,
20260811_121452_stage_B_2C_4168a6e9,INEQ-UPPER-D015-H14-Pch01,inequality,15,14,storage,1,pch_upper_bound,true,38,2268,MW,0,NaN,
20260811_121452_stage_B_2C_4168a6e9,INEQ-LOWER-D015-H14-Pch02,inequality,15,14,storage,2,pch_lower_bound,true,39,2269,MW,0,NaN,
20260811_121452_stage_B_2C_4168a6e9,INEQ-UPPER-D015-H14-Pch02,inequality,15,14,storage,2,pch_upper_bound,true,40,2270,MW,0,NaN,
20260811_121452_stage_B_2C_4168a6e9,INEQ-LOWER-D015-H14-Pdis01,inequality,15,14,storage,1,pdis_lower_bound,true,41,2271,MW,0,NaN,
20260811_121452_stage_B_2C_4168a6e9,INEQ-UPPER-D015-H14-Pdis01,inequality,15,14,storage,1,pdis_upper_bound,true,42,2272,MW,0,NaN,
20260811_121452_stage_B_2C_4168a6e9,INEQ-LOWER-D015-H14-Pdis02,inequality,15,14,storage,2,pdis_lower_bound,true,43,2273,MW,0,NaN,
20260811_121452_stage_B_2C_4168a6e9,INEQ-UPPER-D015-H14-Pdis02,inequality,15,14,storage,2,pdis_upper_bound,true,44,2274,MW,0,NaN,
20260811_121452_stage_B_2C_4168a6e9,INEQ-LOWER-D015-H14-SOC01,inequality,15,14,storage,1,soc_lower_bound,true,45,2275,MWh,0,NaN,
20260811_121452_stage_B_2C_4168a6e9,INEQ-UPPER-D015-H14-SOC01,inequality,15,14,storage,1,soc_upper_bound,true,46,2276,MWh,0,NaN,
20260811_121452_stage_B_2C_4168a6e9,INEQ-LOWER-D015-H14-SOC02,inequality,15,14,storage,2,soc_lower_bound,true,47,2277,MWh,0,NaN,
20260811_121452_stage_B_2C_4168a6e9,INEQ-UPPER-D015-H14-SOC02,inequality,15,14,storage,2,soc_upper_bound,true,48,2278,MWh,0,NaN,
20260811_121452_stage_B_2C_4168a6e9,INEQ-LOWER-D015-H15-PW01,inequality,15,15,wind,1,pw_lower_bound,true,1,2279,MW,0,NaN,
20260811_121452_stage_B_2C_4168a6e9,INEQ-UPPER-D015-H15-PW01,inequality,15,15,wind,1,pw_upper_bound,true,2,2280,MW,0,NaN,
20260811_121452_stage_B_2C_4168a6e9,INEQ-LOWER-D015-H15-PW02,inequality,15,15,wind,2,pw_lower_bound,true,3,2281,MW,0,NaN,
20260811_121452_stage_B_2C_4168a6e9,INEQ-UPPER-D015-H15-PW02,inequality,15,15,wind,2,pw_upper_bound,true,4,2282,MW,0,NaN,
20260811_121452_stage_B_2C_4168a6e9,INEQ-LOWER-D015-H15-PW03,inequality,15,15,wind,3,pw_lower_bound,true,5,2283,MW,0,NaN,
20260811_121452_stage_B_2C_4168a6e9,INEQ-UPPER-D015-H15-PW03,inequality,15,15,wind,3,pw_upper_bound,true,6,2284,MW,0,NaN,
20260811_121452_stage_B_2C_4168a6e9,INEQ-LOWER-D015-H15-PW04,inequality,15,15,wind,4,pw_lower_bound,true,7,2285,MW,0,NaN,
20260811_121452_stage_B_2C_4168a6e9,INEQ-UPPER-D015-H15-PW04,inequality,15,15,wind,4,pw_upper_bound,true,8,2286,MW,0,NaN,
20260811_121452_stage_B_2C_4168a6e9,INEQ-LOWER-D015-H15-PW05,inequality,15,15,wind,5,pw_lower_bound,true,9,2287,MW,0,NaN,
20260811_121452_stage_B_2C_4168a6e9,INEQ-UPPER-D015-H15-PW05,inequality,15,15,wind,5,pw_upper_bound,true,10,2288,MW,0,NaN,
20260811_121452_stage_B_2C_4168a6e9,INEQ-LOWER-D015-H15-PP01,inequality,15,15,solar,1,pp_lower_bound,true,11,2289,MW,0,NaN,
20260811_121452_stage_B_2C_4168a6e9,INEQ-UPPER-D015-H15-PP01,inequality,15,15,solar,1,pp_upper_bound,true,12,2290,MW,0,NaN,
20260811_121452_stage_B_2C_4168a6e9,INEQ-LOWER-D015-H15-PP02,inequality,15,15,solar,2,pp_lower_bound,true,13,2291,MW,0,NaN,
20260811_121452_stage_B_2C_4168a6e9,INEQ-UPPER-D015-H15-PP02,inequality,15,15,solar,2,pp_upper_bound,true,14,2292,MW,0,NaN,
20260811_121452_stage_B_2C_4168a6e9,INEQ-LOWER-D015-H15-PP03,inequality,15,15,solar,3,pp_lower_bound,true,15,2293,MW,0,NaN,
20260811_121452_stage_B_2C_4168a6e9,INEQ-UPPER-D015-H15-PP03,inequality,15,15,solar,3,pp_upper_bound,true,16,2294,MW,0,NaN,
20260811_121452_stage_B_2C_4168a6e9,INEQ-LOWER-D015-H15-PP04,inequality,15,15,solar,4,pp_lower_bound,true,17,2295,MW,0,NaN,
20260811_121452_stage_B_2C_4168a6e9,INEQ-UPPER-D015-H15-PP04,inequality,15,15,solar,4,pp_upper_bound,true,18,2296,MW,0,NaN,
20260811_121452_stage_B_2C_4168a6e9,INEQ-LOWER-D015-H15-PP05,inequality,15,15,solar,5,pp_lower_bound,true,19,2297,MW,0,NaN,
20260811_121452_stage_B_2C_4168a6e9,INEQ-UPPER-D015-H15-PP05,inequality,15,15,solar,5,pp_upper_bound,true,20,2298,MW,0,NaN,
20260811_121452_stage_B_2C_4168a6e9,INEQ-LOWER-D015-H15-PH01,inequality,15,15,hydro,1,ph_lower_bound,true,21,2299,MW,0,NaN,
20260811_121452_stage_B_2C_4168a6e9,INEQ-UPPER-D015-H15-PH01,inequality,15,15,hydro,1,ph_upper_bound,true,22,2300,MW,0,NaN,
20260811_121452_stage_B_2C_4168a6e9,INEQ-LOWER-D015-H15-PH02,inequality,15,15,hydro,2,ph_lower_bound,true,23,2301,MW,0,NaN,
20260811_121452_stage_B_2C_4168a6e9,INEQ-UPPER-D015-H15-PH02,inequality,15,15,hydro,2,ph_upper_bound,true,24,2302,MW,0,NaN,
20260811_121452_stage_B_2C_4168a6e9,INEQ-LOWER-D015-H15-PH03,inequality,15,15,hydro,3,ph_lower_bound,true,25,2303,MW,0,NaN,
20260811_121452_stage_B_2C_4168a6e9,INEQ-UPPER-D015-H15-PH03,inequality,15,15,hydro,3,ph_upper_bound,true,26,2304,MW,0,NaN,
20260811_121452_stage_B_2C_4168a6e9,INEQ-LOWER-D015-H15-PH04,inequality,15,15,hydro,4,ph_lower_bound,true,27,2305,MW,0,NaN,
20260811_121452_stage_B_2C_4168a6e9,INEQ-UPPER-D015-H15-PH04,inequality,15,15,hydro,4,ph_upper_bound,true,28,2306,MW,0,NaN,
20260811_121452_stage_B_2C_4168a6e9,INEQ-LOWER-D015-H15-PF01,inequality,15,15,thermal,1,pf_lower_bound,true,29,2307,MW,0,NaN,
20260811_121452_stage_B_2C_4168a6e9,INEQ-UPPER-D015-H15-PF01,inequality,15,15,thermal,1,pf_upper_bound,true,30,2308,MW,0,NaN,
20260811_121452_stage_B_2C_4168a6e9,INEQ-LOWER-D015-H15-PF02,inequality,15,15,thermal,2,pf_lower_bound,true,31,2309,MW,0,NaN,
20260811_121452_stage_B_2C_4168a6e9,INEQ-UPPER-D015-H15-PF02,inequality,15,15,thermal,2,pf_upper_bound,true,32,2310,MW,0,NaN,
20260811_121452_stage_B_2C_4168a6e9,INEQ-LOWER-D015-H15-PF03,inequality,15,15,thermal,3,pf_lower_bound,true,33,2311,MW,0,NaN,
20260811_121452_stage_B_2C_4168a6e9,INEQ-UPPER-D015-H15-PF03,inequality,15,15,thermal,3,pf_upper_bound,true,34,2312,MW,0,NaN,
20260811_121452_stage_B_2C_4168a6e9,INEQ-LOWER-D015-H15-PF04,inequality,15,15,thermal,4,pf_lower_bound,true,35,2313,MW,0,NaN,
20260811_121452_stage_B_2C_4168a6e9,INEQ-UPPER-D015-H15-PF04,inequality,15,15,thermal,4,pf_upper_bound,true,36,2314,MW,0,NaN,
20260811_121452_stage_B_2C_4168a6e9,INEQ-LOWER-D015-H15-Pch01,inequality,15,15,storage,1,pch_lower_bound,true,37,2315,MW,0,NaN,
20260811_121452_stage_B_2C_4168a6e9,INEQ-UPPER-D015-H15-Pch01,inequality,15,15,storage,1,pch_upper_bound,true,38,2316,MW,0,NaN,
20260811_121452_stage_B_2C_4168a6e9,INEQ-LOWER-D015-H15-Pch02,inequality,15,15,storage,2,pch_lower_bound,true,39,2317,MW,0,NaN,
20260811_121452_stage_B_2C_4168a6e9,INEQ-UPPER-D015-H15-Pch02,inequality,15,15,storage,2,pch_upper_bound,true,40,2318,MW,0,NaN,
20260811_121452_stage_B_2C_4168a6e9,INEQ-LOWER-D015-H15-Pdis01,inequality,15,15,storage,1,pdis_lower_bound,true,41,2319,MW,0,NaN,
20260811_121452_stage_B_2C_4168a6e9,INEQ-UPPER-D015-H15-Pdis01,inequality,15,15,storage,1,pdis_upper_bound,true,42,2320,MW,0,NaN,
20260811_121452_stage_B_2C_4168a6e9,INEQ-LOWER-D015-H15-Pdis02,inequality,15,15,storage,2,pdis_lower_bound,true,43,2321,MW,0,NaN,
20260811_121452_stage_B_2C_4168a6e9,INEQ-UPPER-D015-H15-Pdis02,inequality,15,15,storage,2,pdis_upper_bound,true,44,2322,MW,0,NaN,
20260811_121452_stage_B_2C_4168a6e9,INEQ-LOWER-D015-H15-SOC01,inequality,15,15,storage,1,soc_lower_bound,true,45,2323,MWh,0,NaN,
20260811_121452_stage_B_2C_4168a6e9,INEQ-UPPER-D015-H15-SOC01,inequality,15,15,storage,1,soc_upper_bound,true,46,2324,MWh,0,NaN,
20260811_121452_stage_B_2C_4168a6e9,INEQ-LOWER-D015-H15-SOC02,inequality,15,15,storage,2,soc_lower_bound,true,47,2325,MWh,0,NaN,
20260811_121452_stage_B_2C_4168a6e9,INEQ-UPPER-D015-H15-SOC02,inequality,15,15,storage,2,soc_upper_bound,true,48,2326,MWh,0,NaN,
20260811_121452_stage_B_2C_4168a6e9,INEQ-LOWER-D015-H16-PW01,inequality,15,16,wind,1,pw_lower_bound,true,1,2327,MW,0,NaN,
20260811_121452_stage_B_2C_4168a6e9,INEQ-UPPER-D015-H16-PW01,inequality,15,16,wind,1,pw_upper_bound,true,2,2328,MW,0,NaN,
20260811_121452_stage_B_2C_4168a6e9,INEQ-LOWER-D015-H16-PW02,inequality,15,16,wind,2,pw_lower_bound,true,3,2329,MW,0,NaN,
20260811_121452_stage_B_2C_4168a6e9,INEQ-UPPER-D015-H16-PW02,inequality,15,16,wind,2,pw_upper_bound,true,4,2330,MW,0,NaN,
20260811_121452_stage_B_2C_4168a6e9,INEQ-LOWER-D015-H16-PW03,inequality,15,16,wind,3,pw_lower_bound,true,5,2331,MW,0,NaN,
20260811_121452_stage_B_2C_4168a6e9,INEQ-UPPER-D015-H16-PW03,inequality,15,16,wind,3,pw_upper_bound,true,6,2332,MW,0,NaN,
20260811_121452_stage_B_2C_4168a6e9,INEQ-LOWER-D015-H16-PW04,inequality,15,16,wind,4,pw_lower_bound,true,7,2333,MW,0,NaN,
20260811_121452_stage_B_2C_4168a6e9,INEQ-UPPER-D015-H16-PW04,inequality,15,16,wind,4,pw_upper_bound,true,8,2334,MW,0,NaN,
20260811_121452_stage_B_2C_4168a6e9,INEQ-LOWER-D015-H16-PW05,inequality,15,16,wind,5,pw_lower_bound,true,9,2335,MW,0,NaN,
20260811_121452_stage_B_2C_4168a6e9,INEQ-UPPER-D015-H16-PW05,inequality,15,16,wind,5,pw_upper_bound,true,10,2336,MW,0,NaN,
20260811_121452_stage_B_2C_4168a6e9,INEQ-LOWER-D015-H16-PP01,inequality,15,16,solar,1,pp_lower_bound,true,11,2337,MW,0,NaN,
20260811_121452_stage_B_2C_4168a6e9,INEQ-UPPER-D015-H16-PP01,inequality,15,16,solar,1,pp_upper_bound,true,12,2338,MW,0,NaN,
20260811_121452_stage_B_2C_4168a6e9,INEQ-LOWER-D015-H16-PP02,inequality,15,16,solar,2,pp_lower_bound,true,13,2339,MW,0,NaN,
20260811_121452_stage_B_2C_4168a6e9,INEQ-UPPER-D015-H16-PP02,inequality,15,16,solar,2,pp_upper_bound,true,14,2340,MW,0,NaN,
20260811_121452_stage_B_2C_4168a6e9,INEQ-LOWER-D015-H16-PP03,inequality,15,16,solar,3,pp_lower_bound,true,15,2341,MW,0,NaN,
20260811_121452_stage_B_2C_4168a6e9,INEQ-UPPER-D015-H16-PP03,inequality,15,16,solar,3,pp_upper_bound,true,16,2342,MW,0,NaN,
20260811_121452_stage_B_2C_4168a6e9,INEQ-LOWER-D015-H16-PP04,inequality,15,16,solar,4,pp_lower_bound,true,17,2343,MW,0,NaN,
20260811_121452_stage_B_2C_4168a6e9,INEQ-UPPER-D015-H16-PP04,inequality,15,16,solar,4,pp_upper_bound,true,18,2344,MW,0,NaN,
20260811_121452_stage_B_2C_4168a6e9,INEQ-LOWER-D015-H16-PP05,inequality,15,16,solar,5,pp_lower_bound,true,19,2345,MW,0,NaN,
20260811_121452_stage_B_2C_4168a6e9,INEQ-UPPER-D015-H16-PP05,inequality,15,16,solar,5,pp_upper_bound,true,20,2346,MW,0,NaN,
20260811_121452_stage_B_2C_4168a6e9,INEQ-LOWER-D015-H16-PH01,inequality,15,16,hydro,1,ph_lower_bound,true,21,2347,MW,0,NaN,
20260811_121452_stage_B_2C_4168a6e9,INEQ-UPPER-D015-H16-PH01,inequality,15,16,hydro,1,ph_upper_bound,true,22,2348,MW,0,NaN,
20260811_121452_stage_B_2C_4168a6e9,INEQ-LOWER-D015-H16-PH02,inequality,15,16,hydro,2,ph_lower_bound,true,23,2349,MW,0,NaN,
20260811_121452_stage_B_2C_4168a6e9,INEQ-UPPER-D015-H16-PH02,inequality,15,16,hydro,2,ph_upper_bound,true,24,2350,MW,0,NaN,
20260811_121452_stage_B_2C_4168a6e9,INEQ-LOWER-D015-H16-PH03,inequality,15,16,hydro,3,ph_lower_bound,true,25,2351,MW,0,NaN,
20260811_121452_stage_B_2C_4168a6e9,INEQ-UPPER-D015-H16-PH03,inequality,15,16,hydro,3,ph_upper_bound,true,26,2352,MW,0,NaN,
20260811_121452_stage_B_2C_4168a6e9,INEQ-LOWER-D015-H16-PH04,inequality,15,16,hydro,4,ph_lower_bound,true,27,2353,MW,0,NaN,
20260811_121452_stage_B_2C_4168a6e9,INEQ-UPPER-D015-H16-PH04,inequality,15,16,hydro,4,ph_upper_bound,true,28,2354,MW,0,NaN,
20260811_121452_stage_B_2C_4168a6e9,INEQ-LOWER-D015-H16-PF01,inequality,15,16,thermal,1,pf_lower_bound,true,29,2355,MW,0,NaN,
20260811_121452_stage_B_2C_4168a6e9,INEQ-UPPER-D015-H16-PF01,inequality,15,16,thermal,1,pf_upper_bound,true,30,2356,MW,0,NaN,
20260811_121452_stage_B_2C_4168a6e9,INEQ-LOWER-D015-H16-PF02,inequality,15,16,thermal,2,pf_lower_bound,true,31,2357,MW,0,NaN,
20260811_121452_stage_B_2C_4168a6e9,INEQ-UPPER-D015-H16-PF02,inequality,15,16,thermal,2,pf_upper_bound,true,32,2358,MW,0,NaN,
20260811_121452_stage_B_2C_4168a6e9,INEQ-LOWER-D015-H16-PF03,inequality,15,16,thermal,3,pf_lower_bound,true,33,2359,MW,0,NaN,
20260811_121452_stage_B_2C_4168a6e9,INEQ-UPPER-D015-H16-PF03,inequality,15,16,thermal,3,pf_upper_bound,true,34,2360,MW,0,NaN,
20260811_121452_stage_B_2C_4168a6e9,INEQ-LOWER-D015-H16-PF04,inequality,15,16,thermal,4,pf_lower_bound,true,35,2361,MW,0,NaN,
20260811_121452_stage_B_2C_4168a6e9,INEQ-UPPER-D015-H16-PF04,inequality,15,16,thermal,4,pf_upper_bound,true,36,2362,MW,0,NaN,
20260811_121452_stage_B_2C_4168a6e9,INEQ-LOWER-D015-H16-Pch01,inequality,15,16,storage,1,pch_lower_bound,true,37,2363,MW,0,NaN,
20260811_121452_stage_B_2C_4168a6e9,INEQ-UPPER-D015-H16-Pch01,inequality,15,16,storage,1,pch_upper_bound,true,38,2364,MW,0,NaN,
20260811_121452_stage_B_2C_4168a6e9,INEQ-LOWER-D015-H16-Pch02,inequality,15,16,storage,2,pch_lower_bound,true,39,2365,MW,0,NaN,
20260811_121452_stage_B_2C_4168a6e9,INEQ-UPPER-D015-H16-Pch02,inequality,15,16,storage,2,pch_upper_bound,true,40,2366,MW,0,NaN,
20260811_121452_stage_B_2C_4168a6e9,INEQ-LOWER-D015-H16-Pdis01,inequality,15,16,storage,1,pdis_lower_bound,true,41,2367,MW,0,NaN,
20260811_121452_stage_B_2C_4168a6e9,INEQ-UPPER-D015-H16-Pdis01,inequality,15,16,storage,1,pdis_upper_bound,true,42,2368,MW,0,NaN,
20260811_121452_stage_B_2C_4168a6e9,INEQ-LOWER-D015-H16-Pdis02,inequality,15,16,storage,2,pdis_lower_bound,true,43,2369,MW,0,NaN,
20260811_121452_stage_B_2C_4168a6e9,INEQ-UPPER-D015-H16-Pdis02,inequality,15,16,storage,2,pdis_upper_bound,true,44,2370,MW,0,NaN,
20260811_121452_stage_B_2C_4168a6e9,INEQ-LOWER-D015-H16-SOC01,inequality,15,16,storage,1,soc_lower_bound,true,45,2371,MWh,0,NaN,
20260811_121452_stage_B_2C_4168a6e9,INEQ-UPPER-D015-H16-SOC01,inequality,15,16,storage,1,soc_upper_bound,true,46,2372,MWh,0,NaN,
20260811_121452_stage_B_2C_4168a6e9,INEQ-LOWER-D015-H16-SOC02,inequality,15,16,storage,2,soc_lower_bound,true,47,2373,MWh,0,NaN,
20260811_121452_stage_B_2C_4168a6e9,INEQ-UPPER-D015-H16-SOC02,inequality,15,16,storage,2,soc_upper_bound,true,48,2374,MWh,0,NaN,
20260811_121452_stage_B_2C_4168a6e9,INEQ-LOWER-D015-H17-PW01,inequality,15,17,wind,1,pw_lower_bound,true,1,2375,MW,0,NaN,
20260811_121452_stage_B_2C_4168a6e9,INEQ-UPPER-D015-H17-PW01,inequality,15,17,wind,1,pw_upper_bound,true,2,2376,MW,0,NaN,
20260811_121452_stage_B_2C_4168a6e9,INEQ-LOWER-D015-H17-PW02,inequality,15,17,wind,2,pw_lower_bound,true,3,2377,MW,0,NaN,
20260811_121452_stage_B_2C_4168a6e9,INEQ-UPPER-D015-H17-PW02,inequality,15,17,wind,2,pw_upper_bound,true,4,2378,MW,0,NaN,
20260811_121452_stage_B_2C_4168a6e9,INEQ-LOWER-D015-H17-PW03,inequality,15,17,wind,3,pw_lower_bound,true,5,2379,MW,0,NaN,
20260811_121452_stage_B_2C_4168a6e9,INEQ-UPPER-D015-H17-PW03,inequality,15,17,wind,3,pw_upper_bound,true,6,2380,MW,0,NaN,
20260811_121452_stage_B_2C_4168a6e9,INEQ-LOWER-D015-H17-PW04,inequality,15,17,wind,4,pw_lower_bound,true,7,2381,MW,0,NaN,
20260811_121452_stage_B_2C_4168a6e9,INEQ-UPPER-D015-H17-PW04,inequality,15,17,wind,4,pw_upper_bound,true,8,2382,MW,0,NaN,
20260811_121452_stage_B_2C_4168a6e9,INEQ-LOWER-D015-H17-PW05,inequality,15,17,wind,5,pw_lower_bound,true,9,2383,MW,0,NaN,
20260811_121452_stage_B_2C_4168a6e9,INEQ-UPPER-D015-H17-PW05,inequality,15,17,wind,5,pw_upper_bound,true,10,2384,MW,0,NaN,
20260811_121452_stage_B_2C_4168a6e9,INEQ-LOWER-D015-H17-PP01,inequality,15,17,solar,1,pp_lower_bound,true,11,2385,MW,0,NaN,
20260811_121452_stage_B_2C_4168a6e9,INEQ-UPPER-D015-H17-PP01,inequality,15,17,solar,1,pp_upper_bound,true,12,2386,MW,0,NaN,
20260811_121452_stage_B_2C_4168a6e9,INEQ-LOWER-D015-H17-PP02,inequality,15,17,solar,2,pp_lower_bound,true,13,2387,MW,0,NaN,
20260811_121452_stage_B_2C_4168a6e9,INEQ-UPPER-D015-H17-PP02,inequality,15,17,solar,2,pp_upper_bound,true,14,2388,MW,0,NaN,
20260811_121452_stage_B_2C_4168a6e9,INEQ-LOWER-D015-H17-PP03,inequality,15,17,solar,3,pp_lower_bound,true,15,2389,MW,0,NaN,
20260811_121452_stage_B_2C_4168a6e9,INEQ-UPPER-D015-H17-PP03,inequality,15,17,solar,3,pp_upper_bound,true,16,2390,MW,0,NaN,
20260811_121452_stage_B_2C_4168a6e9,INEQ-LOWER-D015-H17-PP04,inequality,15,17,solar,4,pp_lower_bound,true,17,2391,MW,0,NaN,
20260811_121452_stage_B_2C_4168a6e9,INEQ-UPPER-D015-H17-PP04,inequality,15,17,solar,4,pp_upper_bound,true,18,2392,MW,0,NaN,
20260811_121452_stage_B_2C_4168a6e9,INEQ-LOWER-D015-H17-PP05,inequality,15,17,solar,5,pp_lower_bound,true,19,2393,MW,0,NaN,
20260811_121452_stage_B_2C_4168a6e9,INEQ-UPPER-D015-H17-PP05,inequality,15,17,solar,5,pp_upper_bound,true,20,2394,MW,0,NaN,
20260811_121452_stage_B_2C_4168a6e9,INEQ-LOWER-D015-H17-PH01,inequality,15,17,hydro,1,ph_lower_bound,true,21,2395,MW,0,NaN,
20260811_121452_stage_B_2C_4168a6e9,INEQ-UPPER-D015-H17-PH01,inequality,15,17,hydro,1,ph_upper_bound,true,22,2396,MW,0,NaN,
20260811_121452_stage_B_2C_4168a6e9,INEQ-LOWER-D015-H17-PH02,inequality,15,17,hydro,2,ph_lower_bound,true,23,2397,MW,0,NaN,
20260811_121452_stage_B_2C_4168a6e9,INEQ-UPPER-D015-H17-PH02,inequality,15,17,hydro,2,ph_upper_bound,true,24,2398,MW,0,NaN,
20260811_121452_stage_B_2C_4168a6e9,INEQ-LOWER-D015-H17-PH03,inequality,15,17,hydro,3,ph_lower_bound,true,25,2399,MW,0,NaN,
20260811_121452_stage_B_2C_4168a6e9,INEQ-UPPER-D015-H17-PH03,inequality,15,17,hydro,3,ph_upper_bound,true,26,2400,MW,0,NaN,
20260811_121452_stage_B_2C_4168a6e9,INEQ-LOWER-D015-H17-PH04,inequality,15,17,hydro,4,ph_lower_bound,true,27,2401,MW,0,NaN,
20260811_121452_stage_B_2C_4168a6e9,INEQ-UPPER-D015-H17-PH04,inequality,15,17,hydro,4,ph_upper_bound,true,28,2402,MW,0,NaN,
20260811_121452_stage_B_2C_4168a6e9,INEQ-LOWER-D015-H17-PF01,inequality,15,17,thermal,1,pf_lower_bound,true,29,2403,MW,0,NaN,
20260811_121452_stage_B_2C_4168a6e9,INEQ-UPPER-D015-H17-PF01,inequality,15,17,thermal,1,pf_upper_bound,true,30,2404,MW,0,NaN,
20260811_121452_stage_B_2C_4168a6e9,INEQ-LOWER-D015-H17-PF02,inequality,15,17,thermal,2,pf_lower_bound,true,31,2405,MW,0,NaN,
20260811_121452_stage_B_2C_4168a6e9,INEQ-UPPER-D015-H17-PF02,inequality,15,17,thermal,2,pf_upper_bound,true,32,2406,MW,0,NaN,
20260811_121452_stage_B_2C_4168a6e9,INEQ-LOWER-D015-H17-PF03,inequality,15,17,thermal,3,pf_lower_bound,true,33,2407,MW,0,NaN,
20260811_121452_stage_B_2C_4168a6e9,INEQ-UPPER-D015-H17-PF03,inequality,15,17,thermal,3,pf_upper_bound,true,34,2408,MW,0,NaN,
20260811_121452_stage_B_2C_4168a6e9,INEQ-LOWER-D015-H17-PF04,inequality,15,17,thermal,4,pf_lower_bound,true,35,2409,MW,0,NaN,
20260811_121452_stage_B_2C_4168a6e9,INEQ-UPPER-D015-H17-PF04,inequality,15,17,thermal,4,pf_upper_bound,true,36,2410,MW,0,NaN,
20260811_121452_stage_B_2C_4168a6e9,INEQ-LOWER-D015-H17-Pch01,inequality,15,17,storage,1,pch_lower_bound,true,37,2411,MW,0,NaN,
20260811_121452_stage_B_2C_4168a6e9,INEQ-UPPER-D015-H17-Pch01,inequality,15,17,storage,1,pch_upper_bound,true,38,2412,MW,0,NaN,
20260811_121452_stage_B_2C_4168a6e9,INEQ-LOWER-D015-H17-Pch02,inequality,15,17,storage,2,pch_lower_bound,true,39,2413,MW,0,NaN,
20260811_121452_stage_B_2C_4168a6e9,INEQ-UPPER-D015-H17-Pch02,inequality,15,17,storage,2,pch_upper_bound,true,40,2414,MW,0,NaN,
20260811_121452_stage_B_2C_4168a6e9,INEQ-LOWER-D015-H17-Pdis01,inequality,15,17,storage,1,pdis_lower_bound,true,41,2415,MW,0,NaN,
20260811_121452_stage_B_2C_4168a6e9,INEQ-UPPER-D015-H17-Pdis01,inequality,15,17,storage,1,pdis_upper_bound,true,42,2416,MW,0,NaN,
20260811_121452_stage_B_2C_4168a6e9,INEQ-LOWER-D015-H17-Pdis02,inequality,15,17,storage,2,pdis_lower_bound,true,43,2417,MW,0,NaN,
20260811_121452_stage_B_2C_4168a6e9,INEQ-UPPER-D015-H17-Pdis02,inequality,15,17,storage,2,pdis_upper_bound,true,44,2418,MW,0,NaN,
20260811_121452_stage_B_2C_4168a6e9,INEQ-LOWER-D015-H17-SOC01,inequality,15,17,storage,1,soc_lower_bound,true,45,2419,MWh,0,NaN,
20260811_121452_stage_B_2C_4168a6e9,INEQ-UPPER-D015-H17-SOC01,inequality,15,17,storage,1,soc_upper_bound,true,46,2420,MWh,0,NaN,
20260811_121452_stage_B_2C_4168a6e9,INEQ-LOWER-D015-H17-SOC02,inequality,15,17,storage,2,soc_lower_bound,true,47,2421,MWh,0,NaN,
20260811_121452_stage_B_2C_4168a6e9,INEQ-UPPER-D015-H17-SOC02,inequality,15,17,storage,2,soc_upper_bound,true,48,2422,MWh,0,NaN,
20260811_121452_stage_B_2C_4168a6e9,INEQ-LOWER-D015-H18-PW01,inequality,15,18,wind,1,pw_lower_bound,true,1,2423,MW,0,NaN,
20260811_121452_stage_B_2C_4168a6e9,INEQ-UPPER-D015-H18-PW01,inequality,15,18,wind,1,pw_upper_bound,true,2,2424,MW,0,NaN,
20260811_121452_stage_B_2C_4168a6e9,INEQ-LOWER-D015-H18-PW02,inequality,15,18,wind,2,pw_lower_bound,true,3,2425,MW,0,NaN,
20260811_121452_stage_B_2C_4168a6e9,INEQ-UPPER-D015-H18-PW02,inequality,15,18,wind,2,pw_upper_bound,true,4,2426,MW,0,NaN,
20260811_121452_stage_B_2C_4168a6e9,INEQ-LOWER-D015-H18-PW03,inequality,15,18,wind,3,pw_lower_bound,true,5,2427,MW,0,NaN,
20260811_121452_stage_B_2C_4168a6e9,INEQ-UPPER-D015-H18-PW03,inequality,15,18,wind,3,pw_upper_bound,true,6,2428,MW,0,NaN,
20260811_121452_stage_B_2C_4168a6e9,INEQ-LOWER-D015-H18-PW04,inequality,15,18,wind,4,pw_lower_bound,true,7,2429,MW,0,NaN,
20260811_121452_stage_B_2C_4168a6e9,INEQ-UPPER-D015-H18-PW04,inequality,15,18,wind,4,pw_upper_bound,true,8,2430,MW,0,NaN,
20260811_121452_stage_B_2C_4168a6e9,INEQ-LOWER-D015-H18-PW05,inequality,15,18,wind,5,pw_lower_bound,true,9,2431,MW,0,NaN,
20260811_121452_stage_B_2C_4168a6e9,INEQ-UPPER-D015-H18-PW05,inequality,15,18,wind,5,pw_upper_bound,true,10,2432,MW,0,NaN,
20260811_121452_stage_B_2C_4168a6e9,INEQ-LOWER-D015-H18-PP01,inequality,15,18,solar,1,pp_lower_bound,true,11,2433,MW,0,NaN,
20260811_121452_stage_B_2C_4168a6e9,INEQ-UPPER-D015-H18-PP01,inequality,15,18,solar,1,pp_upper_bound,true,12,2434,MW,0,NaN,
20260811_121452_stage_B_2C_4168a6e9,INEQ-LOWER-D015-H18-PP02,inequality,15,18,solar,2,pp_lower_bound,true,13,2435,MW,0,NaN,
20260811_121452_stage_B_2C_4168a6e9,INEQ-UPPER-D015-H18-PP02,inequality,15,18,solar,2,pp_upper_bound,true,14,2436,MW,0,NaN,
20260811_121452_stage_B_2C_4168a6e9,INEQ-LOWER-D015-H18-PP03,inequality,15,18,solar,3,pp_lower_bound,true,15,2437,MW,0,NaN,
20260811_121452_stage_B_2C_4168a6e9,INEQ-UPPER-D015-H18-PP03,inequality,15,18,solar,3,pp_upper_bound,true,16,2438,MW,0,NaN,
20260811_121452_stage_B_2C_4168a6e9,INEQ-LOWER-D015-H18-PP04,inequality,15,18,solar,4,pp_lower_bound,true,17,2439,MW,0,NaN,
20260811_121452_stage_B_2C_4168a6e9,INEQ-UPPER-D015-H18-PP04,inequality,15,18,solar,4,pp_upper_bound,true,18,2440,MW,0,NaN,
20260811_121452_stage_B_2C_4168a6e9,INEQ-LOWER-D015-H18-PP05,inequality,15,18,solar,5,pp_lower_bound,true,19,2441,MW,0,NaN,
20260811_121452_stage_B_2C_4168a6e9,INEQ-UPPER-D015-H18-PP05,inequality,15,18,solar,5,pp_upper_bound,true,20,2442,MW,0,NaN,
20260811_121452_stage_B_2C_4168a6e9,INEQ-LOWER-D015-H18-PH01,inequality,15,18,hydro,1,ph_lower_bound,true,21,2443,MW,0,NaN,
20260811_121452_stage_B_2C_4168a6e9,INEQ-UPPER-D015-H18-PH01,inequality,15,18,hydro,1,ph_upper_bound,true,22,2444,MW,0,NaN,
20260811_121452_stage_B_2C_4168a6e9,INEQ-LOWER-D015-H18-PH02,inequality,15,18,hydro,2,ph_lower_bound,true,23,2445,MW,0,NaN,
20260811_121452_stage_B_2C_4168a6e9,INEQ-UPPER-D015-H18-PH02,inequality,15,18,hydro,2,ph_upper_bound,true,24,2446,MW,0,NaN,
20260811_121452_stage_B_2C_4168a6e9,INEQ-LOWER-D015-H18-PH03,inequality,15,18,hydro,3,ph_lower_bound,true,25,2447,MW,0,NaN,
20260811_121452_stage_B_2C_4168a6e9,INEQ-UPPER-D015-H18-PH03,inequality,15,18,hydro,3,ph_upper_bound,true,26,2448,MW,0,NaN,
20260811_121452_stage_B_2C_4168a6e9,INEQ-LOWER-D015-H18-PH04,inequality,15,18,hydro,4,ph_lower_bound,true,27,2449,MW,0,NaN,
20260811_121452_stage_B_2C_4168a6e9,INEQ-UPPER-D015-H18-PH04,inequality,15,18,hydro,4,ph_upper_bound,true,28,2450,MW,0,NaN,
20260811_121452_stage_B_2C_4168a6e9,INEQ-LOWER-D015-H18-PF01,inequality,15,18,thermal,1,pf_lower_bound,true,29,2451,MW,0,NaN,
20260811_121452_stage_B_2C_4168a6e9,INEQ-UPPER-D015-H18-PF01,inequality,15,18,thermal,1,pf_upper_bound,true,30,2452,MW,0,NaN,
20260811_121452_stage_B_2C_4168a6e9,INEQ-LOWER-D015-H18-PF02,inequality,15,18,thermal,2,pf_lower_bound,true,31,2453,MW,0,NaN,
20260811_121452_stage_B_2C_4168a6e9,INEQ-UPPER-D015-H18-PF02,inequality,15,18,thermal,2,pf_upper_bound,true,32,2454,MW,0,NaN,
20260811_121452_stage_B_2C_4168a6e9,INEQ-LOWER-D015-H18-PF03,inequality,15,18,thermal,3,pf_lower_bound,true,33,2455,MW,0,NaN,
20260811_121452_stage_B_2C_4168a6e9,INEQ-UPPER-D015-H18-PF03,inequality,15,18,thermal,3,pf_upper_bound,true,34,2456,MW,0,NaN,
20260811_121452_stage_B_2C_4168a6e9,INEQ-LOWER-D015-H18-PF04,inequality,15,18,thermal,4,pf_lower_bound,true,35,2457,MW,0,NaN,
20260811_121452_stage_B_2C_4168a6e9,INEQ-UPPER-D015-H18-PF04,inequality,15,18,thermal,4,pf_upper_bound,true,36,2458,MW,0,NaN,
20260811_121452_stage_B_2C_4168a6e9,INEQ-LOWER-D015-H18-Pch01,inequality,15,18,storage,1,pch_lower_bound,true,37,2459,MW,0,NaN,
20260811_121452_stage_B_2C_4168a6e9,INEQ-UPPER-D015-H18-Pch01,inequality,15,18,storage,1,pch_upper_bound,true,38,2460,MW,0,NaN,
20260811_121452_stage_B_2C_4168a6e9,INEQ-LOWER-D015-H18-Pch02,inequality,15,18,storage,2,pch_lower_bound,true,39,2461,MW,0,NaN,
20260811_121452_stage_B_2C_4168a6e9,INEQ-UPPER-D015-H18-Pch02,inequality,15,18,storage,2,pch_upper_bound,true,40,2462,MW,0,NaN,
20260811_121452_stage_B_2C_4168a6e9,INEQ-LOWER-D015-H18-Pdis01,inequality,15,18,storage,1,pdis_lower_bound,true,41,2463,MW,0,NaN,
20260811_121452_stage_B_2C_4168a6e9,INEQ-UPPER-D015-H18-Pdis01,inequality,15,18,storage,1,pdis_upper_bound,true,42,2464,MW,0,NaN,
20260811_121452_stage_B_2C_4168a6e9,INEQ-LOWER-D015-H18-Pdis02,inequality,15,18,storage,2,pdis_lower_bound,true,43,2465,MW,0,NaN,
20260811_121452_stage_B_2C_4168a6e9,INEQ-UPPER-D015-H18-Pdis02,inequality,15,18,storage,2,pdis_upper_bound,true,44,2466,MW,0,NaN,
20260811_121452_stage_B_2C_4168a6e9,INEQ-LOWER-D015-H18-SOC01,inequality,15,18,storage,1,soc_lower_bound,true,45,2467,MWh,0,NaN,
20260811_121452_stage_B_2C_4168a6e9,INEQ-UPPER-D015-H18-SOC01,inequality,15,18,storage,1,soc_upper_bound,true,46,2468,MWh,0,NaN,
20260811_121452_stage_B_2C_4168a6e9,INEQ-LOWER-D015-H18-SOC02,inequality,15,18,storage,2,soc_lower_bound,true,47,2469,MWh,0,NaN,
20260811_121452_stage_B_2C_4168a6e9,INEQ-UPPER-D015-H18-SOC02,inequality,15,18,storage,2,soc_upper_bound,true,48,2470,MWh,0,NaN,
20260811_121452_stage_B_2C_4168a6e9,INEQ-LOWER-D015-H19-PW01,inequality,15,19,wind,1,pw_lower_bound,true,1,2471,MW,0,NaN,
20260811_121452_stage_B_2C_4168a6e9,INEQ-UPPER-D015-H19-PW01,inequality,15,19,wind,1,pw_upper_bound,true,2,2472,MW,0,NaN,
20260811_121452_stage_B_2C_4168a6e9,INEQ-LOWER-D015-H19-PW02,inequality,15,19,wind,2,pw_lower_bound,true,3,2473,MW,0,NaN,
20260811_121452_stage_B_2C_4168a6e9,INEQ-UPPER-D015-H19-PW02,inequality,15,19,wind,2,pw_upper_bound,true,4,2474,MW,0,NaN,
20260811_121452_stage_B_2C_4168a6e9,INEQ-LOWER-D015-H19-PW03,inequality,15,19,wind,3,pw_lower_bound,true,5,2475,MW,0,NaN,
20260811_121452_stage_B_2C_4168a6e9,INEQ-UPPER-D015-H19-PW03,inequality,15,19,wind,3,pw_upper_bound,true,6,2476,MW,0,NaN,
20260811_121452_stage_B_2C_4168a6e9,INEQ-LOWER-D015-H19-PW04,inequality,15,19,wind,4,pw_lower_bound,true,7,2477,MW,0,NaN,
20260811_121452_stage_B_2C_4168a6e9,INEQ-UPPER-D015-H19-PW04,inequality,15,19,wind,4,pw_upper_bound,true,8,2478,MW,0,NaN,
20260811_121452_stage_B_2C_4168a6e9,INEQ-LOWER-D015-H19-PW05,inequality,15,19,wind,5,pw_lower_bound,true,9,2479,MW,0,NaN,
20260811_121452_stage_B_2C_4168a6e9,INEQ-UPPER-D015-H19-PW05,inequality,15,19,wind,5,pw_upper_bound,true,10,2480,MW,0,NaN,
20260811_121452_stage_B_2C_4168a6e9,INEQ-LOWER-D015-H19-PP01,inequality,15,19,solar,1,pp_lower_bound,true,11,2481,MW,0,NaN,
20260811_121452_stage_B_2C_4168a6e9,INEQ-UPPER-D015-H19-PP01,inequality,15,19,solar,1,pp_upper_bound,true,12,2482,MW,0,NaN,
20260811_121452_stage_B_2C_4168a6e9,INEQ-LOWER-D015-H19-PP02,inequality,15,19,solar,2,pp_lower_bound,true,13,2483,MW,0,NaN,
20260811_121452_stage_B_2C_4168a6e9,INEQ-UPPER-D015-H19-PP02,inequality,15,19,solar,2,pp_upper_bound,true,14,2484,MW,0,NaN,
20260811_121452_stage_B_2C_4168a6e9,INEQ-LOWER-D015-H19-PP03,inequality,15,19,solar,3,pp_lower_bound,true,15,2485,MW,0,NaN,
20260811_121452_stage_B_2C_4168a6e9,INEQ-UPPER-D015-H19-PP03,inequality,15,19,solar,3,pp_upper_bound,true,16,2486,MW,0,NaN,
20260811_121452_stage_B_2C_4168a6e9,INEQ-LOWER-D015-H19-PP04,inequality,15,19,solar,4,pp_lower_bound,true,17,2487,MW,0,NaN,
20260811_121452_stage_B_2C_4168a6e9,INEQ-UPPER-D015-H19-PP04,inequality,15,19,solar,4,pp_upper_bound,true,18,2488,MW,0,NaN,
20260811_121452_stage_B_2C_4168a6e9,INEQ-LOWER-D015-H19-PP05,inequality,15,19,solar,5,pp_lower_bound,true,19,2489,MW,0,NaN,
20260811_121452_stage_B_2C_4168a6e9,INEQ-UPPER-D015-H19-PP05,inequality,15,19,solar,5,pp_upper_bound,true,20,2490,MW,0,NaN,
20260811_121452_stage_B_2C_4168a6e9,INEQ-LOWER-D015-H19-PH01,inequality,15,19,hydro,1,ph_lower_bound,true,21,2491,MW,0,NaN,
20260811_121452_stage_B_2C_4168a6e9,INEQ-UPPER-D015-H19-PH01,inequality,15,19,hydro,1,ph_upper_bound,true,22,2492,MW,0,NaN,
20260811_121452_stage_B_2C_4168a6e9,INEQ-LOWER-D015-H19-PH02,inequality,15,19,hydro,2,ph_lower_bound,true,23,2493,MW,0,NaN,
20260811_121452_stage_B_2C_4168a6e9,INEQ-UPPER-D015-H19-PH02,inequality,15,19,hydro,2,ph_upper_bound,true,24,2494,MW,0,NaN,
20260811_121452_stage_B_2C_4168a6e9,INEQ-LOWER-D015-H19-PH03,inequality,15,19,hydro,3,ph_lower_bound,true,25,2495,MW,0,NaN,
20260811_121452_stage_B_2C_4168a6e9,INEQ-UPPER-D015-H19-PH03,inequality,15,19,hydro,3,ph_upper_bound,true,26,2496,MW,0,NaN,
20260811_121452_stage_B_2C_4168a6e9,INEQ-LOWER-D015-H19-PH04,inequality,15,19,hydro,4,ph_lower_bound,true,27,2497,MW,0,NaN,
20260811_121452_stage_B_2C_4168a6e9,INEQ-UPPER-D015-H19-PH04,inequality,15,19,hydro,4,ph_upper_bound,true,28,2498,MW,0,NaN,
20260811_121452_stage_B_2C_4168a6e9,INEQ-LOWER-D015-H19-PF01,inequality,15,19,thermal,1,pf_lower_bound,true,29,2499,MW,0,NaN,
20260811_121452_stage_B_2C_4168a6e9,INEQ-UPPER-D015-H19-PF01,inequality,15,19,thermal,1,pf_upper_bound,true,30,2500,MW,0,NaN,
20260811_121452_stage_B_2C_4168a6e9,INEQ-LOWER-D015-H19-PF02,inequality,15,19,thermal,2,pf_lower_bound,true,31,2501,MW,0,NaN,
20260811_121452_stage_B_2C_4168a6e9,INEQ-UPPER-D015-H19-PF02,inequality,15,19,thermal,2,pf_upper_bound,true,32,2502,MW,0,NaN,
20260811_121452_stage_B_2C_4168a6e9,INEQ-LOWER-D015-H19-PF03,inequality,15,19,thermal,3,pf_lower_bound,true,33,2503,MW,0,NaN,
20260811_121452_stage_B_2C_4168a6e9,INEQ-UPPER-D015-H19-PF03,inequality,15,19,thermal,3,pf_upper_bound,true,34,2504,MW,0,NaN,
20260811_121452_stage_B_2C_4168a6e9,INEQ-LOWER-D015-H19-PF04,inequality,15,19,thermal,4,pf_lower_bound,true,35,2505,MW,0,NaN,
20260811_121452_stage_B_2C_4168a6e9,INEQ-UPPER-D015-H19-PF04,inequality,15,19,thermal,4,pf_upper_bound,true,36,2506,MW,0,NaN,
20260811_121452_stage_B_2C_4168a6e9,INEQ-LOWER-D015-H19-Pch01,inequality,15,19,storage,1,pch_lower_bound,true,37,2507,MW,0,NaN,
20260811_121452_stage_B_2C_4168a6e9,INEQ-UPPER-D015-H19-Pch01,inequality,15,19,storage,1,pch_upper_bound,true,38,2508,MW,0,NaN,
20260811_121452_stage_B_2C_4168a6e9,INEQ-LOWER-D015-H19-Pch02,inequality,15,19,storage,2,pch_lower_bound,true,39,2509,MW,0,NaN,
20260811_121452_stage_B_2C_4168a6e9,INEQ-UPPER-D015-H19-Pch02,inequality,15,19,storage,2,pch_upper_bound,true,40,2510,MW,0,NaN,
20260811_121452_stage_B_2C_4168a6e9,INEQ-LOWER-D015-H19-Pdis01,inequality,15,19,storage,1,pdis_lower_bound,true,41,2511,MW,0,NaN,
20260811_121452_stage_B_2C_4168a6e9,INEQ-UPPER-D015-H19-Pdis01,inequality,15,19,storage,1,pdis_upper_bound,true,42,2512,MW,0,NaN,
20260811_121452_stage_B_2C_4168a6e9,INEQ-LOWER-D015-H19-Pdis02,inequality,15,19,storage,2,pdis_lower_bound,true,43,2513,MW,0,NaN,
20260811_121452_stage_B_2C_4168a6e9,INEQ-UPPER-D015-H19-Pdis02,inequality,15,19,storage,2,pdis_upper_bound,true,44,2514,MW,0,NaN,
20260811_121452_stage_B_2C_4168a6e9,INEQ-LOWER-D015-H19-SOC01,inequality,15,19,storage,1,soc_lower_bound,true,45,2515,MWh,0,NaN,
20260811_121452_stage_B_2C_4168a6e9,INEQ-UPPER-D015-H19-SOC01,inequality,15,19,storage,1,soc_upper_bound,true,46,2516,MWh,0,NaN,
20260811_121452_stage_B_2C_4168a6e9,INEQ-LOWER-D015-H19-SOC02,inequality,15,19,storage,2,soc_lower_bound,true,47,2517,MWh,0,NaN,
20260811_121452_stage_B_2C_4168a6e9,INEQ-UPPER-D015-H19-SOC02,inequality,15,19,storage,2,soc_upper_bound,true,48,2518,MWh,0,NaN,
20260811_121452_stage_B_2C_4168a6e9,INEQ-LOWER-D015-H20-PW01,inequality,15,20,wind,1,pw_lower_bound,true,1,2519,MW,0,NaN,
20260811_121452_stage_B_2C_4168a6e9,INEQ-UPPER-D015-H20-PW01,inequality,15,20,wind,1,pw_upper_bound,true,2,2520,MW,0,NaN,
20260811_121452_stage_B_2C_4168a6e9,INEQ-LOWER-D015-H20-PW02,inequality,15,20,wind,2,pw_lower_bound,true,3,2521,MW,0,NaN,
20260811_121452_stage_B_2C_4168a6e9,INEQ-UPPER-D015-H20-PW02,inequality,15,20,wind,2,pw_upper_bound,true,4,2522,MW,0,NaN,
20260811_121452_stage_B_2C_4168a6e9,INEQ-LOWER-D015-H20-PW03,inequality,15,20,wind,3,pw_lower_bound,true,5,2523,MW,0,NaN,
20260811_121452_stage_B_2C_4168a6e9,INEQ-UPPER-D015-H20-PW03,inequality,15,20,wind,3,pw_upper_bound,true,6,2524,MW,0,NaN,
20260811_121452_stage_B_2C_4168a6e9,INEQ-LOWER-D015-H20-PW04,inequality,15,20,wind,4,pw_lower_bound,true,7,2525,MW,0,NaN,
20260811_121452_stage_B_2C_4168a6e9,INEQ-UPPER-D015-H20-PW04,inequality,15,20,wind,4,pw_upper_bound,true,8,2526,MW,0,NaN,
20260811_121452_stage_B_2C_4168a6e9,INEQ-LOWER-D015-H20-PW05,inequality,15,20,wind,5,pw_lower_bound,true,9,2527,MW,0,NaN,
20260811_121452_stage_B_2C_4168a6e9,INEQ-UPPER-D015-H20-PW05,inequality,15,20,wind,5,pw_upper_bound,true,10,2528,MW,0,NaN,
20260811_121452_stage_B_2C_4168a6e9,INEQ-LOWER-D015-H20-PH01,inequality,15,20,hydro,1,ph_lower_bound,true,11,2529,MW,0,NaN,
20260811_121452_stage_B_2C_4168a6e9,INEQ-UPPER-D015-H20-PH01,inequality,15,20,hydro,1,ph_upper_bound,true,12,2530,MW,0,NaN,
20260811_121452_stage_B_2C_4168a6e9,INEQ-LOWER-D015-H20-PH02,inequality,15,20,hydro,2,ph_lower_bound,true,13,2531,MW,0,NaN,
20260811_121452_stage_B_2C_4168a6e9,INEQ-UPPER-D015-H20-PH02,inequality,15,20,hydro,2,ph_upper_bound,true,14,2532,MW,0,NaN,
20260811_121452_stage_B_2C_4168a6e9,INEQ-LOWER-D015-H20-PH03,inequality,15,20,hydro,3,ph_lower_bound,true,15,2533,MW,0,NaN,
20260811_121452_stage_B_2C_4168a6e9,INEQ-UPPER-D015-H20-PH03,inequality,15,20,hydro,3,ph_upper_bound,true,16,2534,MW,0,NaN,
20260811_121452_stage_B_2C_4168a6e9,INEQ-LOWER-D015-H20-PH04,inequality,15,20,hydro,4,ph_lower_bound,true,17,2535,MW,0,NaN,
20260811_121452_stage_B_2C_4168a6e9,INEQ-UPPER-D015-H20-PH04,inequality,15,20,hydro,4,ph_upper_bound,true,18,2536,MW,0,NaN,
20260811_121452_stage_B_2C_4168a6e9,INEQ-LOWER-D015-H20-PF01,inequality,15,20,thermal,1,pf_lower_bound,true,19,2537,MW,0,NaN,
20260811_121452_stage_B_2C_4168a6e9,INEQ-UPPER-D015-H20-PF01,inequality,15,20,thermal,1,pf_upper_bound,true,20,2538,MW,0,NaN,
20260811_121452_stage_B_2C_4168a6e9,INEQ-LOWER-D015-H20-PF02,inequality,15,20,thermal,2,pf_lower_bound,true,21,2539,MW,0,NaN,
20260811_121452_stage_B_2C_4168a6e9,INEQ-UPPER-D015-H20-PF02,inequality,15,20,thermal,2,pf_upper_bound,true,22,2540,MW,0,NaN,
20260811_121452_stage_B_2C_4168a6e9,INEQ-LOWER-D015-H20-PF03,inequality,15,20,thermal,3,pf_lower_bound,true,23,2541,MW,0,NaN,
20260811_121452_stage_B_2C_4168a6e9,INEQ-UPPER-D015-H20-PF03,inequality,15,20,thermal,3,pf_upper_bound,true,24,2542,MW,0,NaN,
20260811_121452_stage_B_2C_4168a6e9,INEQ-LOWER-D015-H20-PF04,inequality,15,20,thermal,4,pf_lower_bound,true,25,2543,MW,0,NaN,
20260811_121452_stage_B_2C_4168a6e9,INEQ-UPPER-D015-H20-PF04,inequality,15,20,thermal,4,pf_upper_bound,true,26,2544,MW,0,NaN,
20260811_121452_stage_B_2C_4168a6e9,INEQ-LOWER-D015-H20-Pch01,inequality,15,20,storage,1,pch_lower_bound,true,27,2545,MW,0,NaN,
20260811_121452_stage_B_2C_4168a6e9,INEQ-UPPER-D015-H20-Pch01,inequality,15,20,storage,1,pch_upper_bound,true,28,2546,MW,0,NaN,
20260811_121452_stage_B_2C_4168a6e9,INEQ-LOWER-D015-H20-Pch02,inequality,15,20,storage,2,pch_lower_bound,true,29,2547,MW,0,NaN,
20260811_121452_stage_B_2C_4168a6e9,INEQ-UPPER-D015-H20-Pch02,inequality,15,20,storage,2,pch_upper_bound,true,30,2548,MW,0,NaN,
20260811_121452_stage_B_2C_4168a6e9,INEQ-LOWER-D015-H20-Pdis01,inequality,15,20,storage,1,pdis_lower_bound,true,31,2549,MW,0,NaN,
20260811_121452_stage_B_2C_4168a6e9,INEQ-UPPER-D015-H20-Pdis01,inequality,15,20,storage,1,pdis_upper_bound,true,32,2550,MW,0,NaN,
20260811_121452_stage_B_2C_4168a6e9,INEQ-LOWER-D015-H20-Pdis02,inequality,15,20,storage,2,pdis_lower_bound,true,33,2551,MW,0,NaN,
20260811_121452_stage_B_2C_4168a6e9,INEQ-UPPER-D015-H20-Pdis02,inequality,15,20,storage,2,pdis_upper_bound,true,34,2552,MW,0,NaN,
20260811_121452_stage_B_2C_4168a6e9,INEQ-LOWER-D015-H20-SOC01,inequality,15,20,storage,1,soc_lower_bound,true,35,2553,MWh,0,NaN,
20260811_121452_stage_B_2C_4168a6e9,INEQ-UPPER-D015-H20-SOC01,inequality,15,20,storage,1,soc_upper_bound,true,36,2554,MWh,0,NaN,
20260811_121452_stage_B_2C_4168a6e9,INEQ-LOWER-D015-H20-SOC02,inequality,15,20,storage,2,soc_lower_bound,true,37,2555,MWh,0,NaN,
20260811_121452_stage_B_2C_4168a6e9,INEQ-UPPER-D015-H20-SOC02,inequality,15,20,storage,2,soc_upper_bound,true,38,2556,MWh,0,NaN,
20260811_121452_stage_B_2C_4168a6e9,INEQ-LOWER-D015-H21-PW01,inequality,15,21,wind,1,pw_lower_bound,true,1,2557,MW,0,NaN,
20260811_121452_stage_B_2C_4168a6e9,INEQ-UPPER-D015-H21-PW01,inequality,15,21,wind,1,pw_upper_bound,true,2,2558,MW,0,NaN,
20260811_121452_stage_B_2C_4168a6e9,INEQ-LOWER-D015-H21-PW02,inequality,15,21,wind,2,pw_lower_bound,true,3,2559,MW,0,NaN,
20260811_121452_stage_B_2C_4168a6e9,INEQ-UPPER-D015-H21-PW02,inequality,15,21,wind,2,pw_upper_bound,true,4,2560,MW,0,NaN,
20260811_121452_stage_B_2C_4168a6e9,INEQ-LOWER-D015-H21-PW03,inequality,15,21,wind,3,pw_lower_bound,true,5,2561,MW,0,NaN,
20260811_121452_stage_B_2C_4168a6e9,INEQ-UPPER-D015-H21-PW03,inequality,15,21,wind,3,pw_upper_bound,true,6,2562,MW,0,NaN,
20260811_121452_stage_B_2C_4168a6e9,INEQ-LOWER-D015-H21-PW04,inequality,15,21,wind,4,pw_lower_bound,true,7,2563,MW,0,NaN,
20260811_121452_stage_B_2C_4168a6e9,INEQ-UPPER-D015-H21-PW04,inequality,15,21,wind,4,pw_upper_bound,true,8,2564,MW,0,NaN,
20260811_121452_stage_B_2C_4168a6e9,INEQ-LOWER-D015-H21-PW05,inequality,15,21,wind,5,pw_lower_bound,true,9,2565,MW,0,NaN,
20260811_121452_stage_B_2C_4168a6e9,INEQ-UPPER-D015-H21-PW05,inequality,15,21,wind,5,pw_upper_bound,true,10,2566,MW,0,NaN,
20260811_121452_stage_B_2C_4168a6e9,INEQ-LOWER-D015-H21-PH01,inequality,15,21,hydro,1,ph_lower_bound,true,11,2567,MW,0,NaN,
20260811_121452_stage_B_2C_4168a6e9,INEQ-UPPER-D015-H21-PH01,inequality,15,21,hydro,1,ph_upper_bound,true,12,2568,MW,0,NaN,
20260811_121452_stage_B_2C_4168a6e9,INEQ-LOWER-D015-H21-PH02,inequality,15,21,hydro,2,ph_lower_bound,true,13,2569,MW,0,NaN,
20260811_121452_stage_B_2C_4168a6e9,INEQ-UPPER-D015-H21-PH02,inequality,15,21,hydro,2,ph_upper_bound,true,14,2570,MW,0,NaN,
20260811_121452_stage_B_2C_4168a6e9,INEQ-LOWER-D015-H21-PH03,inequality,15,21,hydro,3,ph_lower_bound,true,15,2571,MW,0,NaN,
20260811_121452_stage_B_2C_4168a6e9,INEQ-UPPER-D015-H21-PH03,inequality,15,21,hydro,3,ph_upper_bound,true,16,2572,MW,0,NaN,
20260811_121452_stage_B_2C_4168a6e9,INEQ-LOWER-D015-H21-PH04,inequality,15,21,hydro,4,ph_lower_bound,true,17,2573,MW,0,NaN,
20260811_121452_stage_B_2C_4168a6e9,INEQ-UPPER-D015-H21-PH04,inequality,15,21,hydro,4,ph_upper_bound,true,18,2574,MW,0,NaN,
20260811_121452_stage_B_2C_4168a6e9,INEQ-LOWER-D015-H21-PF01,inequality,15,21,thermal,1,pf_lower_bound,true,19,2575,MW,0,NaN,
20260811_121452_stage_B_2C_4168a6e9,INEQ-UPPER-D015-H21-PF01,inequality,15,21,thermal,1,pf_upper_bound,true,20,2576,MW,0,NaN,
20260811_121452_stage_B_2C_4168a6e9,INEQ-LOWER-D015-H21-PF02,inequality,15,21,thermal,2,pf_lower_bound,true,21,2577,MW,0,NaN,
20260811_121452_stage_B_2C_4168a6e9,INEQ-UPPER-D015-H21-PF02,inequality,15,21,thermal,2,pf_upper_bound,true,22,2578,MW,0,NaN,
20260811_121452_stage_B_2C_4168a6e9,INEQ-LOWER-D015-H21-PF03,inequality,15,21,thermal,3,pf_lower_bound,true,23,2579,MW,0,NaN,
20260811_121452_stage_B_2C_4168a6e9,INEQ-UPPER-D015-H21-PF03,inequality,15,21,thermal,3,pf_upper_bound,true,24,2580,MW,0,NaN,
20260811_121452_stage_B_2C_4168a6e9,INEQ-LOWER-D015-H21-PF04,inequality,15,21,thermal,4,pf_lower_bound,true,25,2581,MW,0,NaN,
20260811_121452_stage_B_2C_4168a6e9,INEQ-UPPER-D015-H21-PF04,inequality,15,21,thermal,4,pf_upper_bound,true,26,2582,MW,0,NaN,
20260811_121452_stage_B_2C_4168a6e9,INEQ-LOWER-D015-H21-Pch01,inequality,15,21,storage,1,pch_lower_bound,true,27,2583,MW,0,NaN,
20260811_121452_stage_B_2C_4168a6e9,INEQ-UPPER-D015-H21-Pch01,inequality,15,21,storage,1,pch_upper_bound,true,28,2584,MW,0,NaN,
20260811_121452_stage_B_2C_4168a6e9,INEQ-LOWER-D015-H21-Pch02,inequality,15,21,storage,2,pch_lower_bound,true,29,2585,MW,0,NaN,
20260811_121452_stage_B_2C_4168a6e9,INEQ-UPPER-D015-H21-Pch02,inequality,15,21,storage,2,pch_upper_bound,true,30,2586,MW,0,NaN,
20260811_121452_stage_B_2C_4168a6e9,INEQ-LOWER-D015-H21-Pdis01,inequality,15,21,storage,1,pdis_lower_bound,true,31,2587,MW,0,NaN,
20260811_121452_stage_B_2C_4168a6e9,INEQ-UPPER-D015-H21-Pdis01,inequality,15,21,storage,1,pdis_upper_bound,true,32,2588,MW,0,NaN,
20260811_121452_stage_B_2C_4168a6e9,INEQ-LOWER-D015-H21-Pdis02,inequality,15,21,storage,2,pdis_lower_bound,true,33,2589,MW,0,NaN,
20260811_121452_stage_B_2C_4168a6e9,INEQ-UPPER-D015-H21-Pdis02,inequality,15,21,storage,2,pdis_upper_bound,true,34,2590,MW,0,NaN,
20260811_121452_stage_B_2C_4168a6e9,INEQ-LOWER-D015-H21-SOC01,inequality,15,21,storage,1,soc_lower_bound,true,35,2591,MWh,0,NaN,
20260811_121452_stage_B_2C_4168a6e9,INEQ-UPPER-D015-H21-SOC01,inequality,15,21,storage,1,soc_upper_bound,true,36,2592,MWh,0,NaN,
20260811_121452_stage_B_2C_4168a6e9,INEQ-LOWER-D015-H21-SOC02,inequality,15,21,storage,2,soc_lower_bound,true,37,2593,MWh,0,NaN,
20260811_121452_stage_B_2C_4168a6e9,INEQ-UPPER-D015-H21-SOC02,inequality,15,21,storage,2,soc_upper_bound,true,38,2594,MWh,0,NaN,
20260811_121452_stage_B_2C_4168a6e9,INEQ-LOWER-D015-H22-PW01,inequality,15,22,wind,1,pw_lower_bound,true,1,2595,MW,0,NaN,
20260811_121452_stage_B_2C_4168a6e9,INEQ-UPPER-D015-H22-PW01,inequality,15,22,wind,1,pw_upper_bound,true,2,2596,MW,0,NaN,
20260811_121452_stage_B_2C_4168a6e9,INEQ-LOWER-D015-H22-PW02,inequality,15,22,wind,2,pw_lower_bound,true,3,2597,MW,0,NaN,
20260811_121452_stage_B_2C_4168a6e9,INEQ-UPPER-D015-H22-PW02,inequality,15,22,wind,2,pw_upper_bound,true,4,2598,MW,0,NaN,
20260811_121452_stage_B_2C_4168a6e9,INEQ-LOWER-D015-H22-PW03,inequality,15,22,wind,3,pw_lower_bound,true,5,2599,MW,0,NaN,
20260811_121452_stage_B_2C_4168a6e9,INEQ-UPPER-D015-H22-PW03,inequality,15,22,wind,3,pw_upper_bound,true,6,2600,MW,0,NaN,
20260811_121452_stage_B_2C_4168a6e9,INEQ-LOWER-D015-H22-PW04,inequality,15,22,wind,4,pw_lower_bound,true,7,2601,MW,0,NaN,
20260811_121452_stage_B_2C_4168a6e9,INEQ-UPPER-D015-H22-PW04,inequality,15,22,wind,4,pw_upper_bound,true,8,2602,MW,0,NaN,
20260811_121452_stage_B_2C_4168a6e9,INEQ-LOWER-D015-H22-PW05,inequality,15,22,wind,5,pw_lower_bound,true,9,2603,MW,0,NaN,
20260811_121452_stage_B_2C_4168a6e9,INEQ-UPPER-D015-H22-PW05,inequality,15,22,wind,5,pw_upper_bound,true,10,2604,MW,0,NaN,
20260811_121452_stage_B_2C_4168a6e9,INEQ-LOWER-D015-H22-PH01,inequality,15,22,hydro,1,ph_lower_bound,true,11,2605,MW,0,NaN,
20260811_121452_stage_B_2C_4168a6e9,INEQ-UPPER-D015-H22-PH01,inequality,15,22,hydro,1,ph_upper_bound,true,12,2606,MW,0,NaN,
20260811_121452_stage_B_2C_4168a6e9,INEQ-LOWER-D015-H22-PH02,inequality,15,22,hydro,2,ph_lower_bound,true,13,2607,MW,0,NaN,
20260811_121452_stage_B_2C_4168a6e9,INEQ-UPPER-D015-H22-PH02,inequality,15,22,hydro,2,ph_upper_bound,true,14,2608,MW,0,NaN,
20260811_121452_stage_B_2C_4168a6e9,INEQ-LOWER-D015-H22-PH03,inequality,15,22,hydro,3,ph_lower_bound,true,15,2609,MW,0,NaN,
20260811_121452_stage_B_2C_4168a6e9,INEQ-UPPER-D015-H22-PH03,inequality,15,22,hydro,3,ph_upper_bound,true,16,2610,MW,0,NaN,
20260811_121452_stage_B_2C_4168a6e9,INEQ-LOWER-D015-H22-PH04,inequality,15,22,hydro,4,ph_lower_bound,true,17,2611,MW,0,NaN,
20260811_121452_stage_B_2C_4168a6e9,INEQ-UPPER-D015-H22-PH04,inequality,15,22,hydro,4,ph_upper_bound,true,18,2612,MW,0,NaN,
20260811_121452_stage_B_2C_4168a6e9,INEQ-LOWER-D015-H22-PF01,inequality,15,22,thermal,1,pf_lower_bound,true,19,2613,MW,0,NaN,
20260811_121452_stage_B_2C_4168a6e9,INEQ-UPPER-D015-H22-PF01,inequality,15,22,thermal,1,pf_upper_bound,true,20,2614,MW,0,NaN,
20260811_121452_stage_B_2C_4168a6e9,INEQ-LOWER-D015-H22-PF02,inequality,15,22,thermal,2,pf_lower_bound,true,21,2615,MW,0,NaN,
20260811_121452_stage_B_2C_4168a6e9,INEQ-UPPER-D015-H22-PF02,inequality,15,22,thermal,2,pf_upper_bound,true,22,2616,MW,0,NaN,
20260811_121452_stage_B_2C_4168a6e9,INEQ-LOWER-D015-H22-PF03,inequality,15,22,thermal,3,pf_lower_bound,true,23,2617,MW,0,NaN,
20260811_121452_stage_B_2C_4168a6e9,INEQ-UPPER-D015-H22-PF03,inequality,15,22,thermal,3,pf_upper_bound,true,24,2618,MW,0,NaN,
20260811_121452_stage_B_2C_4168a6e9,INEQ-LOWER-D015-H22-PF04,inequality,15,22,thermal,4,pf_lower_bound,true,25,2619,MW,0,NaN,
20260811_121452_stage_B_2C_4168a6e9,INEQ-UPPER-D015-H22-PF04,inequality,15,22,thermal,4,pf_upper_bound,true,26,2620,MW,0,NaN,
20260811_121452_stage_B_2C_4168a6e9,INEQ-LOWER-D015-H22-Pch01,inequality,15,22,storage,1,pch_lower_bound,true,27,2621,MW,0,NaN,
20260811_121452_stage_B_2C_4168a6e9,INEQ-UPPER-D015-H22-Pch01,inequality,15,22,storage,1,pch_upper_bound,true,28,2622,MW,0,NaN,
20260811_121452_stage_B_2C_4168a6e9,INEQ-LOWER-D015-H22-Pch02,inequality,15,22,storage,2,pch_lower_bound,true,29,2623,MW,0,NaN,
20260811_121452_stage_B_2C_4168a6e9,INEQ-UPPER-D015-H22-Pch02,inequality,15,22,storage,2,pch_upper_bound,true,30,2624,MW,0,NaN,
20260811_121452_stage_B_2C_4168a6e9,INEQ-LOWER-D015-H22-Pdis01,inequality,15,22,storage,1,pdis_lower_bound,true,31,2625,MW,0,NaN,
20260811_121452_stage_B_2C_4168a6e9,INEQ-UPPER-D015-H22-Pdis01,inequality,15,22,storage,1,pdis_upper_bound,true,32,2626,MW,0,NaN,
20260811_121452_stage_B_2C_4168a6e9,INEQ-LOWER-D015-H22-Pdis02,inequality,15,22,storage,2,pdis_lower_bound,true,33,2627,MW,0,NaN,
20260811_121452_stage_B_2C_4168a6e9,INEQ-UPPER-D015-H22-Pdis02,inequality,15,22,storage,2,pdis_upper_bound,true,34,2628,MW,0,NaN,
20260811_121452_stage_B_2C_4168a6e9,INEQ-LOWER-D015-H22-SOC01,inequality,15,22,storage,1,soc_lower_bound,true,35,2629,MWh,0,NaN,
20260811_121452_stage_B_2C_4168a6e9,INEQ-UPPER-D015-H22-SOC01,inequality,15,22,storage,1,soc_upper_bound,true,36,2630,MWh,0,NaN,
20260811_121452_stage_B_2C_4168a6e9,INEQ-LOWER-D015-H22-SOC02,inequality,15,22,storage,2,soc_lower_bound,true,37,2631,MWh,0,NaN,
20260811_121452_stage_B_2C_4168a6e9,INEQ-UPPER-D015-H22-SOC02,inequality,15,22,storage,2,soc_upper_bound,true,38,2632,MWh,0,NaN,
20260811_121452_stage_B_2C_4168a6e9,INEQ-LOWER-D015-H23-PW01,inequality,15,23,wind,1,pw_lower_bound,true,1,2633,MW,0,NaN,
20260811_121452_stage_B_2C_4168a6e9,INEQ-UPPER-D015-H23-PW01,inequality,15,23,wind,1,pw_upper_bound,true,2,2634,MW,0,NaN,
20260811_121452_stage_B_2C_4168a6e9,INEQ-LOWER-D015-H23-PW02,inequality,15,23,wind,2,pw_lower_bound,true,3,2635,MW,0,NaN,
20260811_121452_stage_B_2C_4168a6e9,INEQ-UPPER-D015-H23-PW02,inequality,15,23,wind,2,pw_upper_bound,true,4,2636,MW,0,NaN,
20260811_121452_stage_B_2C_4168a6e9,INEQ-LOWER-D015-H23-PW03,inequality,15,23,wind,3,pw_lower_bound,true,5,2637,MW,0,NaN,
20260811_121452_stage_B_2C_4168a6e9,INEQ-UPPER-D015-H23-PW03,inequality,15,23,wind,3,pw_upper_bound,true,6,2638,MW,0,NaN,
20260811_121452_stage_B_2C_4168a6e9,INEQ-LOWER-D015-H23-PW04,inequality,15,23,wind,4,pw_lower_bound,true,7,2639,MW,0,NaN,
20260811_121452_stage_B_2C_4168a6e9,INEQ-UPPER-D015-H23-PW04,inequality,15,23,wind,4,pw_upper_bound,true,8,2640,MW,0,NaN,
20260811_121452_stage_B_2C_4168a6e9,INEQ-LOWER-D015-H23-PW05,inequality,15,23,wind,5,pw_lower_bound,true,9,2641,MW,0,NaN,
20260811_121452_stage_B_2C_4168a6e9,INEQ-UPPER-D015-H23-PW05,inequality,15,23,wind,5,pw_upper_bound,true,10,2642,MW,0,NaN,
20260811_121452_stage_B_2C_4168a6e9,INEQ-LOWER-D015-H23-PH01,inequality,15,23,hydro,1,ph_lower_bound,true,11,2643,MW,0,NaN,
20260811_121452_stage_B_2C_4168a6e9,INEQ-UPPER-D015-H23-PH01,inequality,15,23,hydro,1,ph_upper_bound,true,12,2644,MW,0,NaN,
20260811_121452_stage_B_2C_4168a6e9,INEQ-LOWER-D015-H23-PH02,inequality,15,23,hydro,2,ph_lower_bound,true,13,2645,MW,0,NaN,
20260811_121452_stage_B_2C_4168a6e9,INEQ-UPPER-D015-H23-PH02,inequality,15,23,hydro,2,ph_upper_bound,true,14,2646,MW,0,NaN,
20260811_121452_stage_B_2C_4168a6e9,INEQ-LOWER-D015-H23-PH03,inequality,15,23,hydro,3,ph_lower_bound,true,15,2647,MW,0,NaN,
20260811_121452_stage_B_2C_4168a6e9,INEQ-UPPER-D015-H23-PH03,inequality,15,23,hydro,3,ph_upper_bound,true,16,2648,MW,0,NaN,
20260811_121452_stage_B_2C_4168a6e9,INEQ-LOWER-D015-H23-PH04,inequality,15,23,hydro,4,ph_lower_bound,true,17,2649,MW,0,NaN,
20260811_121452_stage_B_2C_4168a6e9,INEQ-UPPER-D015-H23-PH04,inequality,15,23,hydro,4,ph_upper_bound,true,18,2650,MW,0,NaN,
20260811_121452_stage_B_2C_4168a6e9,INEQ-LOWER-D015-H23-PF01,inequality,15,23,thermal,1,pf_lower_bound,true,19,2651,MW,0,NaN,
20260811_121452_stage_B_2C_4168a6e9,INEQ-UPPER-D015-H23-PF01,inequality,15,23,thermal,1,pf_upper_bound,true,20,2652,MW,0,NaN,
20260811_121452_stage_B_2C_4168a6e9,INEQ-LOWER-D015-H23-PF02,inequality,15,23,thermal,2,pf_lower_bound,true,21,2653,MW,0,NaN,
20260811_121452_stage_B_2C_4168a6e9,INEQ-UPPER-D015-H23-PF02,inequality,15,23,thermal,2,pf_upper_bound,true,22,2654,MW,0,NaN,
20260811_121452_stage_B_2C_4168a6e9,INEQ-LOWER-D015-H23-PF03,inequality,15,23,thermal,3,pf_lower_bound,true,23,2655,MW,0,NaN,
20260811_121452_stage_B_2C_4168a6e9,INEQ-UPPER-D015-H23-PF03,inequality,15,23,thermal,3,pf_upper_bound,true,24,2656,MW,0,NaN,
20260811_121452_stage_B_2C_4168a6e9,INEQ-LOWER-D015-H23-PF04,inequality,15,23,thermal,4,pf_lower_bound,true,25,2657,MW,0,NaN,
20260811_121452_stage_B_2C_4168a6e9,INEQ-UPPER-D015-H23-PF04,inequality,15,23,thermal,4,pf_upper_bound,true,26,2658,MW,0,NaN,
20260811_121452_stage_B_2C_4168a6e9,INEQ-LOWER-D015-H23-Pch01,inequality,15,23,storage,1,pch_lower_bound,true,27,2659,MW,0,NaN,
20260811_121452_stage_B_2C_4168a6e9,INEQ-UPPER-D015-H23-Pch01,inequality,15,23,storage,1,pch_upper_bound,true,28,2660,MW,0,NaN,
20260811_121452_stage_B_2C_4168a6e9,INEQ-LOWER-D015-H23-Pch02,inequality,15,23,storage,2,pch_lower_bound,true,29,2661,MW,0,NaN,
20260811_121452_stage_B_2C_4168a6e9,INEQ-UPPER-D015-H23-Pch02,inequality,15,23,storage,2,pch_upper_bound,true,30,2662,MW,0,NaN,
20260811_121452_stage_B_2C_4168a6e9,INEQ-LOWER-D015-H23-Pdis01,inequality,15,23,storage,1,pdis_lower_bound,true,31,2663,MW,0,NaN,
20260811_121452_stage_B_2C_4168a6e9,INEQ-UPPER-D015-H23-Pdis01,inequality,15,23,storage,1,pdis_upper_bound,true,32,2664,MW,0,NaN,
20260811_121452_stage_B_2C_4168a6e9,INEQ-LOWER-D015-H23-Pdis02,inequality,15,23,storage,2,pdis_lower_bound,true,33,2665,MW,0,NaN,
20260811_121452_stage_B_2C_4168a6e9,INEQ-UPPER-D015-H23-Pdis02,inequality,15,23,storage,2,pdis_upper_bound,true,34,2666,MW,0,NaN,
20260811_121452_stage_B_2C_4168a6e9,INEQ-LOWER-D015-H23-SOC01,inequality,15,23,storage,1,soc_lower_bound,true,35,2667,MWh,0,NaN,
20260811_121452_stage_B_2C_4168a6e9,INEQ-UPPER-D015-H23-SOC01,inequality,15,23,storage,1,soc_upper_bound,true,36,2668,MWh,0,NaN,
20260811_121452_stage_B_2C_4168a6e9,INEQ-LOWER-D015-H23-SOC02,inequality,15,23,storage,2,soc_lower_bound,true,37,2669,MWh,0,NaN,
20260811_121452_stage_B_2C_4168a6e9,INEQ-UPPER-D015-H23-SOC02,inequality,15,23,storage,2,soc_upper_bound,true,38,2670,MWh,0,NaN,
20260811_121452_stage_B_2C_4168a6e9,INEQ-LOWER-D015-H24-PW01,inequality,15,24,wind,1,pw_lower_bound,true,1,2671,MW,0,NaN,
20260811_121452_stage_B_2C_4168a6e9,INEQ-UPPER-D015-H24-PW01,inequality,15,24,wind,1,pw_upper_bound,true,2,2672,MW,0,NaN,
20260811_121452_stage_B_2C_4168a6e9,INEQ-LOWER-D015-H24-PW02,inequality,15,24,wind,2,pw_lower_bound,true,3,2673,MW,0,NaN,
20260811_121452_stage_B_2C_4168a6e9,INEQ-UPPER-D015-H24-PW02,inequality,15,24,wind,2,pw_upper_bound,true,4,2674,MW,0,NaN,
20260811_121452_stage_B_2C_4168a6e9,INEQ-LOWER-D015-H24-PW03,inequality,15,24,wind,3,pw_lower_bound,true,5,2675,MW,0,NaN,
20260811_121452_stage_B_2C_4168a6e9,INEQ-UPPER-D015-H24-PW03,inequality,15,24,wind,3,pw_upper_bound,true,6,2676,MW,0,NaN,
20260811_121452_stage_B_2C_4168a6e9,INEQ-LOWER-D015-H24-PW04,inequality,15,24,wind,4,pw_lower_bound,true,7,2677,MW,0,NaN,
20260811_121452_stage_B_2C_4168a6e9,INEQ-UPPER-D015-H24-PW04,inequality,15,24,wind,4,pw_upper_bound,true,8,2678,MW,0,NaN,
20260811_121452_stage_B_2C_4168a6e9,INEQ-LOWER-D015-H24-PW05,inequality,15,24,wind,5,pw_lower_bound,true,9,2679,MW,0,NaN,
20260811_121452_stage_B_2C_4168a6e9,INEQ-UPPER-D015-H24-PW05,inequality,15,24,wind,5,pw_upper_bound,true,10,2680,MW,0,NaN,
20260811_121452_stage_B_2C_4168a6e9,INEQ-LOWER-D015-H24-PH01,inequality,15,24,hydro,1,ph_lower_bound,true,11,2681,MW,0,NaN,
20260811_121452_stage_B_2C_4168a6e9,INEQ-UPPER-D015-H24-PH01,inequality,15,24,hydro,1,ph_upper_bound,true,12,2682,MW,0,NaN,
20260811_121452_stage_B_2C_4168a6e9,INEQ-LOWER-D015-H24-PH02,inequality,15,24,hydro,2,ph_lower_bound,true,13,2683,MW,0,NaN,
20260811_121452_stage_B_2C_4168a6e9,INEQ-UPPER-D015-H24-PH02,inequality,15,24,hydro,2,ph_upper_bound,true,14,2684,MW,0,NaN,
20260811_121452_stage_B_2C_4168a6e9,INEQ-LOWER-D015-H24-PH03,inequality,15,24,hydro,3,ph_lower_bound,true,15,2685,MW,0,NaN,
20260811_121452_stage_B_2C_4168a6e9,INEQ-UPPER-D015-H24-PH03,inequality,15,24,hydro,3,ph_upper_bound,true,16,2686,MW,0,NaN,
20260811_121452_stage_B_2C_4168a6e9,INEQ-LOWER-D015-H24-PH04,inequality,15,24,hydro,4,ph_lower_bound,true,17,2687,MW,0,NaN,
20260811_121452_stage_B_2C_4168a6e9,INEQ-UPPER-D015-H24-PH04,inequality,15,24,hydro,4,ph_upper_bound,true,18,2688,MW,0,NaN,
20260811_121452_stage_B_2C_4168a6e9,INEQ-LOWER-D015-H24-PF01,inequality,15,24,thermal,1,pf_lower_bound,true,19,2689,MW,0,NaN,
20260811_121452_stage_B_2C_4168a6e9,INEQ-UPPER-D015-H24-PF01,inequality,15,24,thermal,1,pf_upper_bound,true,20,2690,MW,0,NaN,
20260811_121452_stage_B_2C_4168a6e9,INEQ-LOWER-D015-H24-PF02,inequality,15,24,thermal,2,pf_lower_bound,true,21,2691,MW,0,NaN,
20260811_121452_stage_B_2C_4168a6e9,INEQ-UPPER-D015-H24-PF02,inequality,15,24,thermal,2,pf_upper_bound,true,22,2692,MW,0,NaN,
20260811_121452_stage_B_2C_4168a6e9,INEQ-LOWER-D015-H24-PF03,inequality,15,24,thermal,3,pf_lower_bound,true,23,2693,MW,0,NaN,
20260811_121452_stage_B_2C_4168a6e9,INEQ-UPPER-D015-H24-PF03,inequality,15,24,thermal,3,pf_upper_bound,true,24,2694,MW,0,NaN,
20260811_121452_stage_B_2C_4168a6e9,INEQ-LOWER-D015-H24-PF04,inequality,15,24,thermal,4,pf_lower_bound,true,25,2695,MW,0,NaN,
20260811_121452_stage_B_2C_4168a6e9,INEQ-UPPER-D015-H24-PF04,inequality,15,24,thermal,4,pf_upper_bound,true,26,2696,MW,0,NaN,
20260811_121452_stage_B_2C_4168a6e9,INEQ-LOWER-D015-H24-Pch01,inequality,15,24,storage,1,pch_lower_bound,true,27,2697,MW,0,NaN,
20260811_121452_stage_B_2C_4168a6e9,INEQ-UPPER-D015-H24-Pch01,inequality,15,24,storage,1,pch_upper_bound,true,28,2698,MW,0,NaN,
20260811_121452_stage_B_2C_4168a6e9,INEQ-LOWER-D015-H24-Pch02,inequality,15,24,storage,2,pch_lower_bound,true,29,2699,MW,0,NaN,
20260811_121452_stage_B_2C_4168a6e9,INEQ-UPPER-D015-H24-Pch02,inequality,15,24,storage,2,pch_upper_bound,true,30,2700,MW,0,NaN,
20260811_121452_stage_B_2C_4168a6e9,INEQ-LOWER-D015-H24-Pdis01,inequality,15,24,storage,1,pdis_lower_bound,true,31,2701,MW,0,NaN,
20260811_121452_stage_B_2C_4168a6e9,INEQ-UPPER-D015-H24-Pdis01,inequality,15,24,storage,1,pdis_upper_bound,true,32,2702,MW,0,NaN,
20260811_121452_stage_B_2C_4168a6e9,INEQ-LOWER-D015-H24-Pdis02,inequality,15,24,storage,2,pdis_lower_bound,true,33,2703,MW,0,NaN,
20260811_121452_stage_B_2C_4168a6e9,INEQ-UPPER-D015-H24-Pdis02,inequality,15,24,storage,2,pdis_upper_bound,true,34,2704,MW,0,NaN,
20260811_121452_stage_B_2C_4168a6e9,INEQ-LOWER-D015-H24-SOC01,inequality,15,24,storage,1,soc_lower_bound,true,35,2705,MWh,0,NaN,
20260811_121452_stage_B_2C_4168a6e9,INEQ-UPPER-D015-H24-SOC01,inequality,15,24,storage,1,soc_upper_bound,true,36,2706,MWh,0,NaN,
20260811_121452_stage_B_2C_4168a6e9,INEQ-LOWER-D015-H24-SOC02,inequality,15,24,storage,2,soc_lower_bound,true,37,2707,MWh,0,NaN,
20260811_121452_stage_B_2C_4168a6e9,INEQ-UPPER-D015-H24-SOC02,inequality,15,24,storage,2,soc_upper_bound,true,38,2708,MWh,0,NaN,
20260811_121452_stage_B_2C_4168a6e9,INEQ-LOWER-D016-H01-PW01,inequality,16,1,wind,1,pw_lower_bound,true,1,2709,MW,0,NaN,
20260811_121452_stage_B_2C_4168a6e9,INEQ-UPPER-D016-H01-PW01,inequality,16,1,wind,1,pw_upper_bound,true,2,2710,MW,0,NaN,
20260811_121452_stage_B_2C_4168a6e9,INEQ-LOWER-D016-H01-PW02,inequality,16,1,wind,2,pw_lower_bound,true,3,2711,MW,0,NaN,
20260811_121452_stage_B_2C_4168a6e9,INEQ-UPPER-D016-H01-PW02,inequality,16,1,wind,2,pw_upper_bound,true,4,2712,MW,0,NaN,
20260811_121452_stage_B_2C_4168a6e9,INEQ-LOWER-D016-H01-PW03,inequality,16,1,wind,3,pw_lower_bound,true,5,2713,MW,0,NaN,
20260811_121452_stage_B_2C_4168a6e9,INEQ-UPPER-D016-H01-PW03,inequality,16,1,wind,3,pw_upper_bound,true,6,2714,MW,0,NaN,
20260811_121452_stage_B_2C_4168a6e9,INEQ-LOWER-D016-H01-PW04,inequality,16,1,wind,4,pw_lower_bound,true,7,2715,MW,0,NaN,
20260811_121452_stage_B_2C_4168a6e9,INEQ-UPPER-D016-H01-PW04,inequality,16,1,wind,4,pw_upper_bound,true,8,2716,MW,0,NaN,
20260811_121452_stage_B_2C_4168a6e9,INEQ-LOWER-D016-H01-PW05,inequality,16,1,wind,5,pw_lower_bound,true,9,2717,MW,0,NaN,
20260811_121452_stage_B_2C_4168a6e9,INEQ-UPPER-D016-H01-PW05,inequality,16,1,wind,5,pw_upper_bound,true,10,2718,MW,0,NaN,
20260811_121452_stage_B_2C_4168a6e9,INEQ-LOWER-D016-H01-PH01,inequality,16,1,hydro,1,ph_lower_bound,true,11,2719,MW,0,NaN,
20260811_121452_stage_B_2C_4168a6e9,INEQ-UPPER-D016-H01-PH01,inequality,16,1,hydro,1,ph_upper_bound,true,12,2720,MW,0,NaN,
20260811_121452_stage_B_2C_4168a6e9,INEQ-LOWER-D016-H01-PH02,inequality,16,1,hydro,2,ph_lower_bound,true,13,2721,MW,0,NaN,
20260811_121452_stage_B_2C_4168a6e9,INEQ-UPPER-D016-H01-PH02,inequality,16,1,hydro,2,ph_upper_bound,true,14,2722,MW,0,NaN,
20260811_121452_stage_B_2C_4168a6e9,INEQ-LOWER-D016-H01-PH03,inequality,16,1,hydro,3,ph_lower_bound,true,15,2723,MW,0,NaN,
20260811_121452_stage_B_2C_4168a6e9,INEQ-UPPER-D016-H01-PH03,inequality,16,1,hydro,3,ph_upper_bound,true,16,2724,MW,0,NaN,
20260811_121452_stage_B_2C_4168a6e9,INEQ-LOWER-D016-H01-PH04,inequality,16,1,hydro,4,ph_lower_bound,true,17,2725,MW,0,NaN,
20260811_121452_stage_B_2C_4168a6e9,INEQ-UPPER-D016-H01-PH04,inequality,16,1,hydro,4,ph_upper_bound,true,18,2726,MW,0,NaN,
20260811_121452_stage_B_2C_4168a6e9,INEQ-LOWER-D016-H01-PF01,inequality,16,1,thermal,1,pf_lower_bound,true,19,2727,MW,0,NaN,
20260811_121452_stage_B_2C_4168a6e9,INEQ-UPPER-D016-H01-PF01,inequality,16,1,thermal,1,pf_upper_bound,true,20,2728,MW,0,NaN,
20260811_121452_stage_B_2C_4168a6e9,INEQ-LOWER-D016-H01-PF02,inequality,16,1,thermal,2,pf_lower_bound,true,21,2729,MW,0,NaN,
20260811_121452_stage_B_2C_4168a6e9,INEQ-UPPER-D016-H01-PF02,inequality,16,1,thermal,2,pf_upper_bound,true,22,2730,MW,0,NaN,
20260811_121452_stage_B_2C_4168a6e9,INEQ-LOWER-D016-H01-PF03,inequality,16,1,thermal,3,pf_lower_bound,true,23,2731,MW,0,NaN,
20260811_121452_stage_B_2C_4168a6e9,INEQ-UPPER-D016-H01-PF03,inequality,16,1,thermal,3,pf_upper_bound,true,24,2732,MW,0,NaN,
20260811_121452_stage_B_2C_4168a6e9,INEQ-LOWER-D016-H01-PF04,inequality,16,1,thermal,4,pf_lower_bound,true,25,2733,MW,0,NaN,
20260811_121452_stage_B_2C_4168a6e9,INEQ-UPPER-D016-H01-PF04,inequality,16,1,thermal,4,pf_upper_bound,true,26,2734,MW,0,NaN,
20260811_121452_stage_B_2C_4168a6e9,INEQ-LOWER-D016-H01-Pch01,inequality,16,1,storage,1,pch_lower_bound,true,27,2735,MW,0,NaN,
20260811_121452_stage_B_2C_4168a6e9,INEQ-UPPER-D016-H01-Pch01,inequality,16,1,storage,1,pch_upper_bound,true,28,2736,MW,0,NaN,
20260811_121452_stage_B_2C_4168a6e9,INEQ-LOWER-D016-H01-Pch02,inequality,16,1,storage,2,pch_lower_bound,true,29,2737,MW,0,NaN,
20260811_121452_stage_B_2C_4168a6e9,INEQ-UPPER-D016-H01-Pch02,inequality,16,1,storage,2,pch_upper_bound,true,30,2738,MW,0,NaN,
20260811_121452_stage_B_2C_4168a6e9,INEQ-LOWER-D016-H01-Pdis01,inequality,16,1,storage,1,pdis_lower_bound,true,31,2739,MW,0,NaN,
20260811_121452_stage_B_2C_4168a6e9,INEQ-UPPER-D016-H01-Pdis01,inequality,16,1,storage,1,pdis_upper_bound,true,32,2740,MW,0,NaN,
20260811_121452_stage_B_2C_4168a6e9,INEQ-LOWER-D016-H01-Pdis02,inequality,16,1,storage,2,pdis_lower_bound,true,33,2741,MW,0,NaN,
20260811_121452_stage_B_2C_4168a6e9,INEQ-UPPER-D016-H01-Pdis02,inequality,16,1,storage,2,pdis_upper_bound,true,34,2742,MW,0,NaN,
20260811_121452_stage_B_2C_4168a6e9,INEQ-LOWER-D016-H01-SOC01,inequality,16,1,storage,1,soc_lower_bound,true,35,2743,MWh,0,NaN,
20260811_121452_stage_B_2C_4168a6e9,INEQ-UPPER-D016-H01-SOC01,inequality,16,1,storage,1,soc_upper_bound,true,36,2744,MWh,0,NaN,
20260811_121452_stage_B_2C_4168a6e9,INEQ-LOWER-D016-H01-SOC02,inequality,16,1,storage,2,soc_lower_bound,true,37,2745,MWh,0,NaN,
20260811_121452_stage_B_2C_4168a6e9,INEQ-UPPER-D016-H01-SOC02,inequality,16,1,storage,2,soc_upper_bound,true,38,2746,MWh,0,NaN,
20260811_121452_stage_B_2C_4168a6e9,INEQ-LOWER-D016-H02-PW01,inequality,16,2,wind,1,pw_lower_bound,true,1,2747,MW,0,NaN,
20260811_121452_stage_B_2C_4168a6e9,INEQ-UPPER-D016-H02-PW01,inequality,16,2,wind,1,pw_upper_bound,true,2,2748,MW,0,NaN,
20260811_121452_stage_B_2C_4168a6e9,INEQ-LOWER-D016-H02-PW02,inequality,16,2,wind,2,pw_lower_bound,true,3,2749,MW,0,NaN,
20260811_121452_stage_B_2C_4168a6e9,INEQ-UPPER-D016-H02-PW02,inequality,16,2,wind,2,pw_upper_bound,true,4,2750,MW,0,NaN,
20260811_121452_stage_B_2C_4168a6e9,INEQ-LOWER-D016-H02-PW03,inequality,16,2,wind,3,pw_lower_bound,true,5,2751,MW,0,NaN,
20260811_121452_stage_B_2C_4168a6e9,INEQ-UPPER-D016-H02-PW03,inequality,16,2,wind,3,pw_upper_bound,true,6,2752,MW,0,NaN,
20260811_121452_stage_B_2C_4168a6e9,INEQ-LOWER-D016-H02-PW04,inequality,16,2,wind,4,pw_lower_bound,true,7,2753,MW,0,NaN,
20260811_121452_stage_B_2C_4168a6e9,INEQ-UPPER-D016-H02-PW04,inequality,16,2,wind,4,pw_upper_bound,true,8,2754,MW,0,NaN,
20260811_121452_stage_B_2C_4168a6e9,INEQ-LOWER-D016-H02-PW05,inequality,16,2,wind,5,pw_lower_bound,true,9,2755,MW,0,NaN,
20260811_121452_stage_B_2C_4168a6e9,INEQ-UPPER-D016-H02-PW05,inequality,16,2,wind,5,pw_upper_bound,true,10,2756,MW,0,NaN,
20260811_121452_stage_B_2C_4168a6e9,INEQ-LOWER-D016-H02-PH01,inequality,16,2,hydro,1,ph_lower_bound,true,11,2757,MW,0,NaN,
20260811_121452_stage_B_2C_4168a6e9,INEQ-UPPER-D016-H02-PH01,inequality,16,2,hydro,1,ph_upper_bound,true,12,2758,MW,0,NaN,
20260811_121452_stage_B_2C_4168a6e9,INEQ-LOWER-D016-H02-PH02,inequality,16,2,hydro,2,ph_lower_bound,true,13,2759,MW,0,NaN,
20260811_121452_stage_B_2C_4168a6e9,INEQ-UPPER-D016-H02-PH02,inequality,16,2,hydro,2,ph_upper_bound,true,14,2760,MW,0,NaN,
20260811_121452_stage_B_2C_4168a6e9,INEQ-LOWER-D016-H02-PH03,inequality,16,2,hydro,3,ph_lower_bound,true,15,2761,MW,0,NaN,
20260811_121452_stage_B_2C_4168a6e9,INEQ-UPPER-D016-H02-PH03,inequality,16,2,hydro,3,ph_upper_bound,true,16,2762,MW,0,NaN,
20260811_121452_stage_B_2C_4168a6e9,INEQ-LOWER-D016-H02-PH04,inequality,16,2,hydro,4,ph_lower_bound,true,17,2763,MW,0,NaN,
20260811_121452_stage_B_2C_4168a6e9,INEQ-UPPER-D016-H02-PH04,inequality,16,2,hydro,4,ph_upper_bound,true,18,2764,MW,0,NaN,
20260811_121452_stage_B_2C_4168a6e9,INEQ-LOWER-D016-H02-PF01,inequality,16,2,thermal,1,pf_lower_bound,true,19,2765,MW,0,NaN,
20260811_121452_stage_B_2C_4168a6e9,INEQ-UPPER-D016-H02-PF01,inequality,16,2,thermal,1,pf_upper_bound,true,20,2766,MW,0,NaN,
20260811_121452_stage_B_2C_4168a6e9,INEQ-LOWER-D016-H02-PF02,inequality,16,2,thermal,2,pf_lower_bound,true,21,2767,MW,0,NaN,
20260811_121452_stage_B_2C_4168a6e9,INEQ-UPPER-D016-H02-PF02,inequality,16,2,thermal,2,pf_upper_bound,true,22,2768,MW,0,NaN,
20260811_121452_stage_B_2C_4168a6e9,INEQ-LOWER-D016-H02-PF03,inequality,16,2,thermal,3,pf_lower_bound,true,23,2769,MW,0,NaN,
20260811_121452_stage_B_2C_4168a6e9,INEQ-UPPER-D016-H02-PF03,inequality,16,2,thermal,3,pf_upper_bound,true,24,2770,MW,0,NaN,
20260811_121452_stage_B_2C_4168a6e9,INEQ-LOWER-D016-H02-PF04,inequality,16,2,thermal,4,pf_lower_bound,true,25,2771,MW,0,NaN,
20260811_121452_stage_B_2C_4168a6e9,INEQ-UPPER-D016-H02-PF04,inequality,16,2,thermal,4,pf_upper_bound,true,26,2772,MW,0,NaN,
20260811_121452_stage_B_2C_4168a6e9,INEQ-LOWER-D016-H02-Pch01,inequality,16,2,storage,1,pch_lower_bound,true,27,2773,MW,0,NaN,
20260811_121452_stage_B_2C_4168a6e9,INEQ-UPPER-D016-H02-Pch01,inequality,16,2,storage,1,pch_upper_bound,true,28,2774,MW,0,NaN,
20260811_121452_stage_B_2C_4168a6e9,INEQ-LOWER-D016-H02-Pch02,inequality,16,2,storage,2,pch_lower_bound,true,29,2775,MW,0,NaN,
20260811_121452_stage_B_2C_4168a6e9,INEQ-UPPER-D016-H02-Pch02,inequality,16,2,storage,2,pch_upper_bound,true,30,2776,MW,0,NaN,
20260811_121452_stage_B_2C_4168a6e9,INEQ-LOWER-D016-H02-Pdis01,inequality,16,2,storage,1,pdis_lower_bound,true,31,2777,MW,0,NaN,
20260811_121452_stage_B_2C_4168a6e9,INEQ-UPPER-D016-H02-Pdis01,inequality,16,2,storage,1,pdis_upper_bound,true,32,2778,MW,0,NaN,
20260811_121452_stage_B_2C_4168a6e9,INEQ-LOWER-D016-H02-Pdis02,inequality,16,2,storage,2,pdis_lower_bound,true,33,2779,MW,0,NaN,
20260811_121452_stage_B_2C_4168a6e9,INEQ-UPPER-D016-H02-Pdis02,inequality,16,2,storage,2,pdis_upper_bound,true,34,2780,MW,0,NaN,
20260811_121452_stage_B_2C_4168a6e9,INEQ-LOWER-D016-H02-SOC01,inequality,16,2,storage,1,soc_lower_bound,true,35,2781,MWh,0,NaN,
20260811_121452_stage_B_2C_4168a6e9,INEQ-UPPER-D016-H02-SOC01,inequality,16,2,storage,1,soc_upper_bound,true,36,2782,MWh,0,NaN,
20260811_121452_stage_B_2C_4168a6e9,INEQ-LOWER-D016-H02-SOC02,inequality,16,2,storage,2,soc_lower_bound,true,37,2783,MWh,0,NaN,
20260811_121452_stage_B_2C_4168a6e9,INEQ-UPPER-D016-H02-SOC02,inequality,16,2,storage,2,soc_upper_bound,true,38,2784,MWh,0,NaN,
20260811_121452_stage_B_2C_4168a6e9,INEQ-LOWER-D016-H03-PW01,inequality,16,3,wind,1,pw_lower_bound,true,1,2785,MW,0,NaN,
20260811_121452_stage_B_2C_4168a6e9,INEQ-UPPER-D016-H03-PW01,inequality,16,3,wind,1,pw_upper_bound,true,2,2786,MW,0,NaN,
20260811_121452_stage_B_2C_4168a6e9,INEQ-LOWER-D016-H03-PW02,inequality,16,3,wind,2,pw_lower_bound,true,3,2787,MW,0,NaN,
20260811_121452_stage_B_2C_4168a6e9,INEQ-UPPER-D016-H03-PW02,inequality,16,3,wind,2,pw_upper_bound,true,4,2788,MW,0,NaN,
20260811_121452_stage_B_2C_4168a6e9,INEQ-LOWER-D016-H03-PW03,inequality,16,3,wind,3,pw_lower_bound,true,5,2789,MW,0,NaN,
20260811_121452_stage_B_2C_4168a6e9,INEQ-UPPER-D016-H03-PW03,inequality,16,3,wind,3,pw_upper_bound,true,6,2790,MW,0,NaN,
20260811_121452_stage_B_2C_4168a6e9,INEQ-LOWER-D016-H03-PW04,inequality,16,3,wind,4,pw_lower_bound,true,7,2791,MW,0,NaN,
20260811_121452_stage_B_2C_4168a6e9,INEQ-UPPER-D016-H03-PW04,inequality,16,3,wind,4,pw_upper_bound,true,8,2792,MW,0,NaN,
20260811_121452_stage_B_2C_4168a6e9,INEQ-LOWER-D016-H03-PW05,inequality,16,3,wind,5,pw_lower_bound,true,9,2793,MW,0,NaN,
20260811_121452_stage_B_2C_4168a6e9,INEQ-UPPER-D016-H03-PW05,inequality,16,3,wind,5,pw_upper_bound,true,10,2794,MW,0,NaN,
20260811_121452_stage_B_2C_4168a6e9,INEQ-LOWER-D016-H03-PH01,inequality,16,3,hydro,1,ph_lower_bound,true,11,2795,MW,0,NaN,
20260811_121452_stage_B_2C_4168a6e9,INEQ-UPPER-D016-H03-PH01,inequality,16,3,hydro,1,ph_upper_bound,true,12,2796,MW,0,NaN,
20260811_121452_stage_B_2C_4168a6e9,INEQ-LOWER-D016-H03-PH02,inequality,16,3,hydro,2,ph_lower_bound,true,13,2797,MW,0,NaN,
20260811_121452_stage_B_2C_4168a6e9,INEQ-UPPER-D016-H03-PH02,inequality,16,3,hydro,2,ph_upper_bound,true,14,2798,MW,0,NaN,
20260811_121452_stage_B_2C_4168a6e9,INEQ-LOWER-D016-H03-PH03,inequality,16,3,hydro,3,ph_lower_bound,true,15,2799,MW,0,NaN,
20260811_121452_stage_B_2C_4168a6e9,INEQ-UPPER-D016-H03-PH03,inequality,16,3,hydro,3,ph_upper_bound,true,16,2800,MW,0,NaN,
20260811_121452_stage_B_2C_4168a6e9,INEQ-LOWER-D016-H03-PH04,inequality,16,3,hydro,4,ph_lower_bound,true,17,2801,MW,0,NaN,
20260811_121452_stage_B_2C_4168a6e9,INEQ-UPPER-D016-H03-PH04,inequality,16,3,hydro,4,ph_upper_bound,true,18,2802,MW,0,NaN,
20260811_121452_stage_B_2C_4168a6e9,INEQ-LOWER-D016-H03-PF01,inequality,16,3,thermal,1,pf_lower_bound,true,19,2803,MW,0,NaN,
20260811_121452_stage_B_2C_4168a6e9,INEQ-UPPER-D016-H03-PF01,inequality,16,3,thermal,1,pf_upper_bound,true,20,2804,MW,0,NaN,
20260811_121452_stage_B_2C_4168a6e9,INEQ-LOWER-D016-H03-PF02,inequality,16,3,thermal,2,pf_lower_bound,true,21,2805,MW,0,NaN,
20260811_121452_stage_B_2C_4168a6e9,INEQ-UPPER-D016-H03-PF02,inequality,16,3,thermal,2,pf_upper_bound,true,22,2806,MW,0,NaN,
20260811_121452_stage_B_2C_4168a6e9,INEQ-LOWER-D016-H03-PF03,inequality,16,3,thermal,3,pf_lower_bound,true,23,2807,MW,0,NaN,
20260811_121452_stage_B_2C_4168a6e9,INEQ-UPPER-D016-H03-PF03,inequality,16,3,thermal,3,pf_upper_bound,true,24,2808,MW,0,NaN,
20260811_121452_stage_B_2C_4168a6e9,INEQ-LOWER-D016-H03-PF04,inequality,16,3,thermal,4,pf_lower_bound,true,25,2809,MW,0,NaN,
20260811_121452_stage_B_2C_4168a6e9,INEQ-UPPER-D016-H03-PF04,inequality,16,3,thermal,4,pf_upper_bound,true,26,2810,MW,0,NaN,
20260811_121452_stage_B_2C_4168a6e9,INEQ-LOWER-D016-H03-Pch01,inequality,16,3,storage,1,pch_lower_bound,true,27,2811,MW,0,NaN,
20260811_121452_stage_B_2C_4168a6e9,INEQ-UPPER-D016-H03-Pch01,inequality,16,3,storage,1,pch_upper_bound,true,28,2812,MW,0,NaN,
20260811_121452_stage_B_2C_4168a6e9,INEQ-LOWER-D016-H03-Pch02,inequality,16,3,storage,2,pch_lower_bound,true,29,2813,MW,0,NaN,
20260811_121452_stage_B_2C_4168a6e9,INEQ-UPPER-D016-H03-Pch02,inequality,16,3,storage,2,pch_upper_bound,true,30,2814,MW,0,NaN,
20260811_121452_stage_B_2C_4168a6e9,INEQ-LOWER-D016-H03-Pdis01,inequality,16,3,storage,1,pdis_lower_bound,true,31,2815,MW,0,NaN,
20260811_121452_stage_B_2C_4168a6e9,INEQ-UPPER-D016-H03-Pdis01,inequality,16,3,storage,1,pdis_upper_bound,true,32,2816,MW,0,NaN,
20260811_121452_stage_B_2C_4168a6e9,INEQ-LOWER-D016-H03-Pdis02,inequality,16,3,storage,2,pdis_lower_bound,true,33,2817,MW,0,NaN,
20260811_121452_stage_B_2C_4168a6e9,INEQ-UPPER-D016-H03-Pdis02,inequality,16,3,storage,2,pdis_upper_bound,true,34,2818,MW,0,NaN,
20260811_121452_stage_B_2C_4168a6e9,INEQ-LOWER-D016-H03-SOC01,inequality,16,3,storage,1,soc_lower_bound,true,35,2819,MWh,0,NaN,
20260811_121452_stage_B_2C_4168a6e9,INEQ-UPPER-D016-H03-SOC01,inequality,16,3,storage,1,soc_upper_bound,true,36,2820,MWh,0,NaN,
20260811_121452_stage_B_2C_4168a6e9,INEQ-LOWER-D016-H03-SOC02,inequality,16,3,storage,2,soc_lower_bound,true,37,2821,MWh,0,NaN,
20260811_121452_stage_B_2C_4168a6e9,INEQ-UPPER-D016-H03-SOC02,inequality,16,3,storage,2,soc_upper_bound,true,38,2822,MWh,0,NaN,
20260811_121452_stage_B_2C_4168a6e9,INEQ-LOWER-D016-H04-PW01,inequality,16,4,wind,1,pw_lower_bound,true,1,2823,MW,0,NaN,
20260811_121452_stage_B_2C_4168a6e9,INEQ-UPPER-D016-H04-PW01,inequality,16,4,wind,1,pw_upper_bound,true,2,2824,MW,0,NaN,
20260811_121452_stage_B_2C_4168a6e9,INEQ-LOWER-D016-H04-PW02,inequality,16,4,wind,2,pw_lower_bound,true,3,2825,MW,0,NaN,
20260811_121452_stage_B_2C_4168a6e9,INEQ-UPPER-D016-H04-PW02,inequality,16,4,wind,2,pw_upper_bound,true,4,2826,MW,0,NaN,
20260811_121452_stage_B_2C_4168a6e9,INEQ-LOWER-D016-H04-PW03,inequality,16,4,wind,3,pw_lower_bound,true,5,2827,MW,0,NaN,
20260811_121452_stage_B_2C_4168a6e9,INEQ-UPPER-D016-H04-PW03,inequality,16,4,wind,3,pw_upper_bound,true,6,2828,MW,0,NaN,
20260811_121452_stage_B_2C_4168a6e9,INEQ-LOWER-D016-H04-PW04,inequality,16,4,wind,4,pw_lower_bound,true,7,2829,MW,0,NaN,
20260811_121452_stage_B_2C_4168a6e9,INEQ-UPPER-D016-H04-PW04,inequality,16,4,wind,4,pw_upper_bound,true,8,2830,MW,0,NaN,
20260811_121452_stage_B_2C_4168a6e9,INEQ-LOWER-D016-H04-PW05,inequality,16,4,wind,5,pw_lower_bound,true,9,2831,MW,0,NaN,
20260811_121452_stage_B_2C_4168a6e9,INEQ-UPPER-D016-H04-PW05,inequality,16,4,wind,5,pw_upper_bound,true,10,2832,MW,0,NaN,
20260811_121452_stage_B_2C_4168a6e9,INEQ-LOWER-D016-H04-PH01,inequality,16,4,hydro,1,ph_lower_bound,true,11,2833,MW,0,NaN,
20260811_121452_stage_B_2C_4168a6e9,INEQ-UPPER-D016-H04-PH01,inequality,16,4,hydro,1,ph_upper_bound,true,12,2834,MW,0,NaN,
20260811_121452_stage_B_2C_4168a6e9,INEQ-LOWER-D016-H04-PH02,inequality,16,4,hydro,2,ph_lower_bound,true,13,2835,MW,0,NaN,
20260811_121452_stage_B_2C_4168a6e9,INEQ-UPPER-D016-H04-PH02,inequality,16,4,hydro,2,ph_upper_bound,true,14,2836,MW,0,NaN,
20260811_121452_stage_B_2C_4168a6e9,INEQ-LOWER-D016-H04-PH03,inequality,16,4,hydro,3,ph_lower_bound,true,15,2837,MW,0,NaN,
20260811_121452_stage_B_2C_4168a6e9,INEQ-UPPER-D016-H04-PH03,inequality,16,4,hydro,3,ph_upper_bound,true,16,2838,MW,0,NaN,
20260811_121452_stage_B_2C_4168a6e9,INEQ-LOWER-D016-H04-PH04,inequality,16,4,hydro,4,ph_lower_bound,true,17,2839,MW,0,NaN,
20260811_121452_stage_B_2C_4168a6e9,INEQ-UPPER-D016-H04-PH04,inequality,16,4,hydro,4,ph_upper_bound,true,18,2840,MW,0,NaN,
20260811_121452_stage_B_2C_4168a6e9,INEQ-LOWER-D016-H04-PF01,inequality,16,4,thermal,1,pf_lower_bound,true,19,2841,MW,0,NaN,
20260811_121452_stage_B_2C_4168a6e9,INEQ-UPPER-D016-H04-PF01,inequality,16,4,thermal,1,pf_upper_bound,true,20,2842,MW,0,NaN,
20260811_121452_stage_B_2C_4168a6e9,INEQ-LOWER-D016-H04-PF02,inequality,16,4,thermal,2,pf_lower_bound,true,21,2843,MW,0,NaN,
20260811_121452_stage_B_2C_4168a6e9,INEQ-UPPER-D016-H04-PF02,inequality,16,4,thermal,2,pf_upper_bound,true,22,2844,MW,0,NaN,
20260811_121452_stage_B_2C_4168a6e9,INEQ-LOWER-D016-H04-PF03,inequality,16,4,thermal,3,pf_lower_bound,true,23,2845,MW,0,NaN,
20260811_121452_stage_B_2C_4168a6e9,INEQ-UPPER-D016-H04-PF03,inequality,16,4,thermal,3,pf_upper_bound,true,24,2846,MW,0,NaN,
20260811_121452_stage_B_2C_4168a6e9,INEQ-LOWER-D016-H04-PF04,inequality,16,4,thermal,4,pf_lower_bound,true,25,2847,MW,0,NaN,
20260811_121452_stage_B_2C_4168a6e9,INEQ-UPPER-D016-H04-PF04,inequality,16,4,thermal,4,pf_upper_bound,true,26,2848,MW,0,NaN,
20260811_121452_stage_B_2C_4168a6e9,INEQ-LOWER-D016-H04-Pch01,inequality,16,4,storage,1,pch_lower_bound,true,27,2849,MW,0,NaN,
20260811_121452_stage_B_2C_4168a6e9,INEQ-UPPER-D016-H04-Pch01,inequality,16,4,storage,1,pch_upper_bound,true,28,2850,MW,0,NaN,
20260811_121452_stage_B_2C_4168a6e9,INEQ-LOWER-D016-H04-Pch02,inequality,16,4,storage,2,pch_lower_bound,true,29,2851,MW,0,NaN,
20260811_121452_stage_B_2C_4168a6e9,INEQ-UPPER-D016-H04-Pch02,inequality,16,4,storage,2,pch_upper_bound,true,30,2852,MW,0,NaN,
20260811_121452_stage_B_2C_4168a6e9,INEQ-LOWER-D016-H04-Pdis01,inequality,16,4,storage,1,pdis_lower_bound,true,31,2853,MW,0,NaN,
20260811_121452_stage_B_2C_4168a6e9,INEQ-UPPER-D016-H04-Pdis01,inequality,16,4,storage,1,pdis_upper_bound,true,32,2854,MW,0,NaN,
20260811_121452_stage_B_2C_4168a6e9,INEQ-LOWER-D016-H04-Pdis02,inequality,16,4,storage,2,pdis_lower_bound,true,33,2855,MW,0,NaN,
20260811_121452_stage_B_2C_4168a6e9,INEQ-UPPER-D016-H04-Pdis02,inequality,16,4,storage,2,pdis_upper_bound,true,34,2856,MW,0,NaN,
20260811_121452_stage_B_2C_4168a6e9,INEQ-LOWER-D016-H04-SOC01,inequality,16,4,storage,1,soc_lower_bound,true,35,2857,MWh,0,NaN,
20260811_121452_stage_B_2C_4168a6e9,INEQ-UPPER-D016-H04-SOC01,inequality,16,4,storage,1,soc_upper_bound,true,36,2858,MWh,0,NaN,
20260811_121452_stage_B_2C_4168a6e9,INEQ-LOWER-D016-H04-SOC02,inequality,16,4,storage,2,soc_lower_bound,true,37,2859,MWh,0,NaN,
20260811_121452_stage_B_2C_4168a6e9,INEQ-UPPER-D016-H04-SOC02,inequality,16,4,storage,2,soc_upper_bound,true,38,2860,MWh,0,NaN,
20260811_121452_stage_B_2C_4168a6e9,INEQ-LOWER-D016-H05-PW01,inequality,16,5,wind,1,pw_lower_bound,true,1,2861,MW,0,NaN,
20260811_121452_stage_B_2C_4168a6e9,INEQ-UPPER-D016-H05-PW01,inequality,16,5,wind,1,pw_upper_bound,true,2,2862,MW,0,NaN,
20260811_121452_stage_B_2C_4168a6e9,INEQ-LOWER-D016-H05-PW02,inequality,16,5,wind,2,pw_lower_bound,true,3,2863,MW,0,NaN,
20260811_121452_stage_B_2C_4168a6e9,INEQ-UPPER-D016-H05-PW02,inequality,16,5,wind,2,pw_upper_bound,true,4,2864,MW,0,NaN,
20260811_121452_stage_B_2C_4168a6e9,INEQ-LOWER-D016-H05-PW03,inequality,16,5,wind,3,pw_lower_bound,true,5,2865,MW,0,NaN,
20260811_121452_stage_B_2C_4168a6e9,INEQ-UPPER-D016-H05-PW03,inequality,16,5,wind,3,pw_upper_bound,true,6,2866,MW,0,NaN,
20260811_121452_stage_B_2C_4168a6e9,INEQ-LOWER-D016-H05-PW05,inequality,16,5,wind,5,pw_lower_bound,true,7,2867,MW,0,NaN,
20260811_121452_stage_B_2C_4168a6e9,INEQ-UPPER-D016-H05-PW05,inequality,16,5,wind,5,pw_upper_bound,true,8,2868,MW,0,NaN,
20260811_121452_stage_B_2C_4168a6e9,INEQ-LOWER-D016-H05-PH01,inequality,16,5,hydro,1,ph_lower_bound,true,9,2869,MW,0,NaN,
20260811_121452_stage_B_2C_4168a6e9,INEQ-UPPER-D016-H05-PH01,inequality,16,5,hydro,1,ph_upper_bound,true,10,2870,MW,0,NaN,
20260811_121452_stage_B_2C_4168a6e9,INEQ-LOWER-D016-H05-PH02,inequality,16,5,hydro,2,ph_lower_bound,true,11,2871,MW,0,NaN,
20260811_121452_stage_B_2C_4168a6e9,INEQ-UPPER-D016-H05-PH02,inequality,16,5,hydro,2,ph_upper_bound,true,12,2872,MW,0,NaN,
20260811_121452_stage_B_2C_4168a6e9,INEQ-LOWER-D016-H05-PH03,inequality,16,5,hydro,3,ph_lower_bound,true,13,2873,MW,0,NaN,
20260811_121452_stage_B_2C_4168a6e9,INEQ-UPPER-D016-H05-PH03,inequality,16,5,hydro,3,ph_upper_bound,true,14,2874,MW,0,NaN,
20260811_121452_stage_B_2C_4168a6e9,INEQ-LOWER-D016-H05-PH04,inequality,16,5,hydro,4,ph_lower_bound,true,15,2875,MW,0,NaN,
20260811_121452_stage_B_2C_4168a6e9,INEQ-UPPER-D016-H05-PH04,inequality,16,5,hydro,4,ph_upper_bound,true,16,2876,MW,0,NaN,
20260811_121452_stage_B_2C_4168a6e9,INEQ-LOWER-D016-H05-PF01,inequality,16,5,thermal,1,pf_lower_bound,true,17,2877,MW,0,NaN,
20260811_121452_stage_B_2C_4168a6e9,INEQ-UPPER-D016-H05-PF01,inequality,16,5,thermal,1,pf_upper_bound,true,18,2878,MW,0,NaN,
20260811_121452_stage_B_2C_4168a6e9,INEQ-LOWER-D016-H05-PF02,inequality,16,5,thermal,2,pf_lower_bound,true,19,2879,MW,0,NaN,
20260811_121452_stage_B_2C_4168a6e9,INEQ-UPPER-D016-H05-PF02,inequality,16,5,thermal,2,pf_upper_bound,true,20,2880,MW,0,NaN,
20260811_121452_stage_B_2C_4168a6e9,INEQ-LOWER-D016-H05-PF03,inequality,16,5,thermal,3,pf_lower_bound,true,21,2881,MW,0,NaN,
20260811_121452_stage_B_2C_4168a6e9,INEQ-UPPER-D016-H05-PF03,inequality,16,5,thermal,3,pf_upper_bound,true,22,2882,MW,0,NaN,
20260811_121452_stage_B_2C_4168a6e9,INEQ-LOWER-D016-H05-PF04,inequality,16,5,thermal,4,pf_lower_bound,true,23,2883,MW,0,NaN,
20260811_121452_stage_B_2C_4168a6e9,INEQ-UPPER-D016-H05-PF04,inequality,16,5,thermal,4,pf_upper_bound,true,24,2884,MW,0,NaN,
20260811_121452_stage_B_2C_4168a6e9,INEQ-LOWER-D016-H05-Pch01,inequality,16,5,storage,1,pch_lower_bound,true,25,2885,MW,0,NaN,
20260811_121452_stage_B_2C_4168a6e9,INEQ-UPPER-D016-H05-Pch01,inequality,16,5,storage,1,pch_upper_bound,true,26,2886,MW,0,NaN,
20260811_121452_stage_B_2C_4168a6e9,INEQ-LOWER-D016-H05-Pch02,inequality,16,5,storage,2,pch_lower_bound,true,27,2887,MW,0,NaN,
20260811_121452_stage_B_2C_4168a6e9,INEQ-UPPER-D016-H05-Pch02,inequality,16,5,storage,2,pch_upper_bound,true,28,2888,MW,0,NaN,
20260811_121452_stage_B_2C_4168a6e9,INEQ-LOWER-D016-H05-Pdis01,inequality,16,5,storage,1,pdis_lower_bound,true,29,2889,MW,0,NaN,
20260811_121452_stage_B_2C_4168a6e9,INEQ-UPPER-D016-H05-Pdis01,inequality,16,5,storage,1,pdis_upper_bound,true,30,2890,MW,0,NaN,
20260811_121452_stage_B_2C_4168a6e9,INEQ-LOWER-D016-H05-Pdis02,inequality,16,5,storage,2,pdis_lower_bound,true,31,2891,MW,0,NaN,
20260811_121452_stage_B_2C_4168a6e9,INEQ-UPPER-D016-H05-Pdis02,inequality,16,5,storage,2,pdis_upper_bound,true,32,2892,MW,0,NaN,
20260811_121452_stage_B_2C_4168a6e9,INEQ-LOWER-D016-H05-SOC01,inequality,16,5,storage,1,soc_lower_bound,true,33,2893,MWh,0,NaN,
20260811_121452_stage_B_2C_4168a6e9,INEQ-UPPER-D016-H05-SOC01,inequality,16,5,storage,1,soc_upper_bound,true,34,2894,MWh,0,NaN,
20260811_121452_stage_B_2C_4168a6e9,INEQ-LOWER-D016-H05-SOC02,inequality,16,5,storage,2,soc_lower_bound,true,35,2895,MWh,0,NaN,
20260811_121452_stage_B_2C_4168a6e9,INEQ-UPPER-D016-H05-SOC02,inequality,16,5,storage,2,soc_upper_bound,true,36,2896,MWh,0,NaN,
20260811_121452_stage_B_2C_4168a6e9,INEQ-LOWER-D016-H06-PW01,inequality,16,6,wind,1,pw_lower_bound,true,1,2897,MW,0,NaN,
20260811_121452_stage_B_2C_4168a6e9,INEQ-UPPER-D016-H06-PW01,inequality,16,6,wind,1,pw_upper_bound,true,2,2898,MW,0,NaN,
20260811_121452_stage_B_2C_4168a6e9,INEQ-LOWER-D016-H06-PW02,inequality,16,6,wind,2,pw_lower_bound,true,3,2899,MW,0,NaN,
20260811_121452_stage_B_2C_4168a6e9,INEQ-UPPER-D016-H06-PW02,inequality,16,6,wind,2,pw_upper_bound,true,4,2900,MW,0,NaN,
20260811_121452_stage_B_2C_4168a6e9,INEQ-LOWER-D016-H06-PW03,inequality,16,6,wind,3,pw_lower_bound,true,5,2901,MW,0,NaN,
20260811_121452_stage_B_2C_4168a6e9,INEQ-UPPER-D016-H06-PW03,inequality,16,6,wind,3,pw_upper_bound,true,6,2902,MW,0,NaN,
20260811_121452_stage_B_2C_4168a6e9,INEQ-LOWER-D016-H06-PW04,inequality,16,6,wind,4,pw_lower_bound,true,7,2903,MW,0,NaN,
20260811_121452_stage_B_2C_4168a6e9,INEQ-UPPER-D016-H06-PW04,inequality,16,6,wind,4,pw_upper_bound,true,8,2904,MW,0,NaN,
20260811_121452_stage_B_2C_4168a6e9,INEQ-LOWER-D016-H06-PW05,inequality,16,6,wind,5,pw_lower_bound,true,9,2905,MW,0,NaN,
20260811_121452_stage_B_2C_4168a6e9,INEQ-UPPER-D016-H06-PW05,inequality,16,6,wind,5,pw_upper_bound,true,10,2906,MW,0,NaN,
20260811_121452_stage_B_2C_4168a6e9,INEQ-LOWER-D016-H06-PH01,inequality,16,6,hydro,1,ph_lower_bound,true,11,2907,MW,0,NaN,
20260811_121452_stage_B_2C_4168a6e9,INEQ-UPPER-D016-H06-PH01,inequality,16,6,hydro,1,ph_upper_bound,true,12,2908,MW,0,NaN,
20260811_121452_stage_B_2C_4168a6e9,INEQ-LOWER-D016-H06-PH02,inequality,16,6,hydro,2,ph_lower_bound,true,13,2909,MW,0,NaN,
20260811_121452_stage_B_2C_4168a6e9,INEQ-UPPER-D016-H06-PH02,inequality,16,6,hydro,2,ph_upper_bound,true,14,2910,MW,0,NaN,
20260811_121452_stage_B_2C_4168a6e9,INEQ-LOWER-D016-H06-PH03,inequality,16,6,hydro,3,ph_lower_bound,true,15,2911,MW,0,NaN,
20260811_121452_stage_B_2C_4168a6e9,INEQ-UPPER-D016-H06-PH03,inequality,16,6,hydro,3,ph_upper_bound,true,16,2912,MW,0,NaN,
20260811_121452_stage_B_2C_4168a6e9,INEQ-LOWER-D016-H06-PH04,inequality,16,6,hydro,4,ph_lower_bound,true,17,2913,MW,0,NaN,
20260811_121452_stage_B_2C_4168a6e9,INEQ-UPPER-D016-H06-PH04,inequality,16,6,hydro,4,ph_upper_bound,true,18,2914,MW,0,NaN,
20260811_121452_stage_B_2C_4168a6e9,INEQ-LOWER-D016-H06-PF01,inequality,16,6,thermal,1,pf_lower_bound,true,19,2915,MW,0,NaN,
20260811_121452_stage_B_2C_4168a6e9,INEQ-UPPER-D016-H06-PF01,inequality,16,6,thermal,1,pf_upper_bound,true,20,2916,MW,0,NaN,
20260811_121452_stage_B_2C_4168a6e9,INEQ-LOWER-D016-H06-PF02,inequality,16,6,thermal,2,pf_lower_bound,true,21,2917,MW,0,NaN,
20260811_121452_stage_B_2C_4168a6e9,INEQ-UPPER-D016-H06-PF02,inequality,16,6,thermal,2,pf_upper_bound,true,22,2918,MW,0,NaN,
20260811_121452_stage_B_2C_4168a6e9,INEQ-LOWER-D016-H06-PF03,inequality,16,6,thermal,3,pf_lower_bound,true,23,2919,MW,0,NaN,
20260811_121452_stage_B_2C_4168a6e9,INEQ-UPPER-D016-H06-PF03,inequality,16,6,thermal,3,pf_upper_bound,true,24,2920,MW,0,NaN,
20260811_121452_stage_B_2C_4168a6e9,INEQ-LOWER-D016-H06-PF04,inequality,16,6,thermal,4,pf_lower_bound,true,25,2921,MW,0,NaN,
20260811_121452_stage_B_2C_4168a6e9,INEQ-UPPER-D016-H06-PF04,inequality,16,6,thermal,4,pf_upper_bound,true,26,2922,MW,0,NaN,
20260811_121452_stage_B_2C_4168a6e9,INEQ-LOWER-D016-H06-Pch01,inequality,16,6,storage,1,pch_lower_bound,true,27,2923,MW,0,NaN,
20260811_121452_stage_B_2C_4168a6e9,INEQ-UPPER-D016-H06-Pch01,inequality,16,6,storage,1,pch_upper_bound,true,28,2924,MW,0,NaN,
20260811_121452_stage_B_2C_4168a6e9,INEQ-LOWER-D016-H06-Pch02,inequality,16,6,storage,2,pch_lower_bound,true,29,2925,MW,0,NaN,
20260811_121452_stage_B_2C_4168a6e9,INEQ-UPPER-D016-H06-Pch02,inequality,16,6,storage,2,pch_upper_bound,true,30,2926,MW,0,NaN,
20260811_121452_stage_B_2C_4168a6e9,INEQ-LOWER-D016-H06-Pdis01,inequality,16,6,storage,1,pdis_lower_bound,true,31,2927,MW,0,NaN,
20260811_121452_stage_B_2C_4168a6e9,INEQ-UPPER-D016-H06-Pdis01,inequality,16,6,storage,1,pdis_upper_bound,true,32,2928,MW,0,NaN,
20260811_121452_stage_B_2C_4168a6e9,INEQ-LOWER-D016-H06-Pdis02,inequality,16,6,storage,2,pdis_lower_bound,true,33,2929,MW,0,NaN,
20260811_121452_stage_B_2C_4168a6e9,INEQ-UPPER-D016-H06-Pdis02,inequality,16,6,storage,2,pdis_upper_bound,true,34,2930,MW,0,NaN,
20260811_121452_stage_B_2C_4168a6e9,INEQ-LOWER-D016-H06-SOC01,inequality,16,6,storage,1,soc_lower_bound,true,35,2931,MWh,0,NaN,
20260811_121452_stage_B_2C_4168a6e9,INEQ-UPPER-D016-H06-SOC01,inequality,16,6,storage,1,soc_upper_bound,true,36,2932,MWh,0,NaN,
20260811_121452_stage_B_2C_4168a6e9,INEQ-LOWER-D016-H06-SOC02,inequality,16,6,storage,2,soc_lower_bound,true,37,2933,MWh,0,NaN,
20260811_121452_stage_B_2C_4168a6e9,INEQ-UPPER-D016-H06-SOC02,inequality,16,6,storage,2,soc_upper_bound,true,38,2934,MWh,0,NaN,
20260811_121452_stage_B_2C_4168a6e9,INEQ-LOWER-D016-H07-PW01,inequality,16,7,wind,1,pw_lower_bound,true,1,2935,MW,0,NaN,
20260811_121452_stage_B_2C_4168a6e9,INEQ-UPPER-D016-H07-PW01,inequality,16,7,wind,1,pw_upper_bound,true,2,2936,MW,0,NaN,
20260811_121452_stage_B_2C_4168a6e9,INEQ-LOWER-D016-H07-PW02,inequality,16,7,wind,2,pw_lower_bound,true,3,2937,MW,0,NaN,
20260811_121452_stage_B_2C_4168a6e9,INEQ-UPPER-D016-H07-PW02,inequality,16,7,wind,2,pw_upper_bound,true,4,2938,MW,0,NaN,
20260811_121452_stage_B_2C_4168a6e9,INEQ-LOWER-D016-H07-PW03,inequality,16,7,wind,3,pw_lower_bound,true,5,2939,MW,0,NaN,
20260811_121452_stage_B_2C_4168a6e9,INEQ-UPPER-D016-H07-PW03,inequality,16,7,wind,3,pw_upper_bound,true,6,2940,MW,0,NaN,
20260811_121452_stage_B_2C_4168a6e9,INEQ-LOWER-D016-H07-PW04,inequality,16,7,wind,4,pw_lower_bound,true,7,2941,MW,0,NaN,
20260811_121452_stage_B_2C_4168a6e9,INEQ-UPPER-D016-H07-PW04,inequality,16,7,wind,4,pw_upper_bound,true,8,2942,MW,0,NaN,
20260811_121452_stage_B_2C_4168a6e9,INEQ-LOWER-D016-H07-PW05,inequality,16,7,wind,5,pw_lower_bound,true,9,2943,MW,0,NaN,
20260811_121452_stage_B_2C_4168a6e9,INEQ-UPPER-D016-H07-PW05,inequality,16,7,wind,5,pw_upper_bound,true,10,2944,MW,0,NaN,
20260811_121452_stage_B_2C_4168a6e9,INEQ-LOWER-D016-H07-PH01,inequality,16,7,hydro,1,ph_lower_bound,true,11,2945,MW,0,NaN,
20260811_121452_stage_B_2C_4168a6e9,INEQ-UPPER-D016-H07-PH01,inequality,16,7,hydro,1,ph_upper_bound,true,12,2946,MW,0,NaN,
20260811_121452_stage_B_2C_4168a6e9,INEQ-LOWER-D016-H07-PH02,inequality,16,7,hydro,2,ph_lower_bound,true,13,2947,MW,0,NaN,
20260811_121452_stage_B_2C_4168a6e9,INEQ-UPPER-D016-H07-PH02,inequality,16,7,hydro,2,ph_upper_bound,true,14,2948,MW,0,NaN,
20260811_121452_stage_B_2C_4168a6e9,INEQ-LOWER-D016-H07-PH03,inequality,16,7,hydro,3,ph_lower_bound,true,15,2949,MW,0,NaN,
20260811_121452_stage_B_2C_4168a6e9,INEQ-UPPER-D016-H07-PH03,inequality,16,7,hydro,3,ph_upper_bound,true,16,2950,MW,0,NaN,
20260811_121452_stage_B_2C_4168a6e9,INEQ-LOWER-D016-H07-PH04,inequality,16,7,hydro,4,ph_lower_bound,true,17,2951,MW,0,NaN,
20260811_121452_stage_B_2C_4168a6e9,INEQ-UPPER-D016-H07-PH04,inequality,16,7,hydro,4,ph_upper_bound,true,18,2952,MW,0,NaN,
20260811_121452_stage_B_2C_4168a6e9,INEQ-LOWER-D016-H07-PF01,inequality,16,7,thermal,1,pf_lower_bound,true,19,2953,MW,0,NaN,
20260811_121452_stage_B_2C_4168a6e9,INEQ-UPPER-D016-H07-PF01,inequality,16,7,thermal,1,pf_upper_bound,true,20,2954,MW,0,NaN,
20260811_121452_stage_B_2C_4168a6e9,INEQ-LOWER-D016-H07-PF02,inequality,16,7,thermal,2,pf_lower_bound,true,21,2955,MW,0,NaN,
20260811_121452_stage_B_2C_4168a6e9,INEQ-UPPER-D016-H07-PF02,inequality,16,7,thermal,2,pf_upper_bound,true,22,2956,MW,0,NaN,
20260811_121452_stage_B_2C_4168a6e9,INEQ-LOWER-D016-H07-PF03,inequality,16,7,thermal,3,pf_lower_bound,true,23,2957,MW,0,NaN,
20260811_121452_stage_B_2C_4168a6e9,INEQ-UPPER-D016-H07-PF03,inequality,16,7,thermal,3,pf_upper_bound,true,24,2958,MW,0,NaN,
20260811_121452_stage_B_2C_4168a6e9,INEQ-LOWER-D016-H07-PF04,inequality,16,7,thermal,4,pf_lower_bound,true,25,2959,MW,0,NaN,
20260811_121452_stage_B_2C_4168a6e9,INEQ-UPPER-D016-H07-PF04,inequality,16,7,thermal,4,pf_upper_bound,true,26,2960,MW,0,NaN,
20260811_121452_stage_B_2C_4168a6e9,INEQ-LOWER-D016-H07-Pch01,inequality,16,7,storage,1,pch_lower_bound,true,27,2961,MW,0,NaN,
20260811_121452_stage_B_2C_4168a6e9,INEQ-UPPER-D016-H07-Pch01,inequality,16,7,storage,1,pch_upper_bound,true,28,2962,MW,0,NaN,
20260811_121452_stage_B_2C_4168a6e9,INEQ-LOWER-D016-H07-Pch02,inequality,16,7,storage,2,pch_lower_bound,true,29,2963,MW,0,NaN,
20260811_121452_stage_B_2C_4168a6e9,INEQ-UPPER-D016-H07-Pch02,inequality,16,7,storage,2,pch_upper_bound,true,30,2964,MW,0,NaN,
20260811_121452_stage_B_2C_4168a6e9,INEQ-LOWER-D016-H07-Pdis01,inequality,16,7,storage,1,pdis_lower_bound,true,31,2965,MW,0,NaN,
20260811_121452_stage_B_2C_4168a6e9,INEQ-UPPER-D016-H07-Pdis01,inequality,16,7,storage,1,pdis_upper_bound,true,32,2966,MW,0,NaN,
20260811_121452_stage_B_2C_4168a6e9,INEQ-LOWER-D016-H07-Pdis02,inequality,16,7,storage,2,pdis_lower_bound,true,33,2967,MW,0,NaN,
20260811_121452_stage_B_2C_4168a6e9,INEQ-UPPER-D016-H07-Pdis02,inequality,16,7,storage,2,pdis_upper_bound,true,34,2968,MW,0,NaN,
20260811_121452_stage_B_2C_4168a6e9,INEQ-LOWER-D016-H07-SOC01,inequality,16,7,storage,1,soc_lower_bound,true,35,2969,MWh,0,NaN,
20260811_121452_stage_B_2C_4168a6e9,INEQ-UPPER-D016-H07-SOC01,inequality,16,7,storage,1,soc_upper_bound,true,36,2970,MWh,0,NaN,
20260811_121452_stage_B_2C_4168a6e9,INEQ-LOWER-D016-H07-SOC02,inequality,16,7,storage,2,soc_lower_bound,true,37,2971,MWh,0,NaN,
20260811_121452_stage_B_2C_4168a6e9,INEQ-UPPER-D016-H07-SOC02,inequality,16,7,storage,2,soc_upper_bound,true,38,2972,MWh,0,NaN,
20260811_121452_stage_B_2C_4168a6e9,INEQ-LOWER-D016-H08-PW01,inequality,16,8,wind,1,pw_lower_bound,true,1,2973,MW,0,NaN,
20260811_121452_stage_B_2C_4168a6e9,INEQ-UPPER-D016-H08-PW01,inequality,16,8,wind,1,pw_upper_bound,true,2,2974,MW,0,NaN,
20260811_121452_stage_B_2C_4168a6e9,INEQ-LOWER-D016-H08-PW02,inequality,16,8,wind,2,pw_lower_bound,true,3,2975,MW,0,NaN,
20260811_121452_stage_B_2C_4168a6e9,INEQ-UPPER-D016-H08-PW02,inequality,16,8,wind,2,pw_upper_bound,true,4,2976,MW,0,NaN,
20260811_121452_stage_B_2C_4168a6e9,INEQ-LOWER-D016-H08-PW03,inequality,16,8,wind,3,pw_lower_bound,true,5,2977,MW,0,NaN,
20260811_121452_stage_B_2C_4168a6e9,INEQ-UPPER-D016-H08-PW03,inequality,16,8,wind,3,pw_upper_bound,true,6,2978,MW,0,NaN,
20260811_121452_stage_B_2C_4168a6e9,INEQ-LOWER-D016-H08-PW04,inequality,16,8,wind,4,pw_lower_bound,true,7,2979,MW,0,NaN,
20260811_121452_stage_B_2C_4168a6e9,INEQ-UPPER-D016-H08-PW04,inequality,16,8,wind,4,pw_upper_bound,true,8,2980,MW,0,NaN,
20260811_121452_stage_B_2C_4168a6e9,INEQ-LOWER-D016-H08-PW05,inequality,16,8,wind,5,pw_lower_bound,true,9,2981,MW,0,NaN,
20260811_121452_stage_B_2C_4168a6e9,INEQ-UPPER-D016-H08-PW05,inequality,16,8,wind,5,pw_upper_bound,true,10,2982,MW,0,NaN,
20260811_121452_stage_B_2C_4168a6e9,INEQ-LOWER-D016-H08-PP01,inequality,16,8,solar,1,pp_lower_bound,true,11,2983,MW,0,NaN,
20260811_121452_stage_B_2C_4168a6e9,INEQ-UPPER-D016-H08-PP01,inequality,16,8,solar,1,pp_upper_bound,true,12,2984,MW,0,NaN,
20260811_121452_stage_B_2C_4168a6e9,INEQ-LOWER-D016-H08-PP02,inequality,16,8,solar,2,pp_lower_bound,true,13,2985,MW,0,NaN,
20260811_121452_stage_B_2C_4168a6e9,INEQ-UPPER-D016-H08-PP02,inequality,16,8,solar,2,pp_upper_bound,true,14,2986,MW,0,NaN,
20260811_121452_stage_B_2C_4168a6e9,INEQ-LOWER-D016-H08-PP03,inequality,16,8,solar,3,pp_lower_bound,true,15,2987,MW,0,NaN,
20260811_121452_stage_B_2C_4168a6e9,INEQ-UPPER-D016-H08-PP03,inequality,16,8,solar,3,pp_upper_bound,true,16,2988,MW,0,NaN,
20260811_121452_stage_B_2C_4168a6e9,INEQ-LOWER-D016-H08-PP04,inequality,16,8,solar,4,pp_lower_bound,true,17,2989,MW,0,NaN,
20260811_121452_stage_B_2C_4168a6e9,INEQ-UPPER-D016-H08-PP04,inequality,16,8,solar,4,pp_upper_bound,true,18,2990,MW,0,NaN,
20260811_121452_stage_B_2C_4168a6e9,INEQ-LOWER-D016-H08-PP05,inequality,16,8,solar,5,pp_lower_bound,true,19,2991,MW,0,NaN,
20260811_121452_stage_B_2C_4168a6e9,INEQ-UPPER-D016-H08-PP05,inequality,16,8,solar,5,pp_upper_bound,true,20,2992,MW,0,NaN,
20260811_121452_stage_B_2C_4168a6e9,INEQ-LOWER-D016-H08-PH01,inequality,16,8,hydro,1,ph_lower_bound,true,21,2993,MW,0,NaN,
20260811_121452_stage_B_2C_4168a6e9,INEQ-UPPER-D016-H08-PH01,inequality,16,8,hydro,1,ph_upper_bound,true,22,2994,MW,0,NaN,
20260811_121452_stage_B_2C_4168a6e9,INEQ-LOWER-D016-H08-PH02,inequality,16,8,hydro,2,ph_lower_bound,true,23,2995,MW,0,NaN,
20260811_121452_stage_B_2C_4168a6e9,INEQ-UPPER-D016-H08-PH02,inequality,16,8,hydro,2,ph_upper_bound,true,24,2996,MW,0,NaN,
20260811_121452_stage_B_2C_4168a6e9,INEQ-LOWER-D016-H08-PH03,inequality,16,8,hydro,3,ph_lower_bound,true,25,2997,MW,0,NaN,
20260811_121452_stage_B_2C_4168a6e9,INEQ-UPPER-D016-H08-PH03,inequality,16,8,hydro,3,ph_upper_bound,true,26,2998,MW,0,NaN,
20260811_121452_stage_B_2C_4168a6e9,INEQ-LOWER-D016-H08-PH04,inequality,16,8,hydro,4,ph_lower_bound,true,27,2999,MW,0,NaN,
20260811_121452_stage_B_2C_4168a6e9,INEQ-UPPER-D016-H08-PH04,inequality,16,8,hydro,4,ph_upper_bound,true,28,3000,MW,0,NaN,
20260811_121452_stage_B_2C_4168a6e9,INEQ-LOWER-D016-H08-PF01,inequality,16,8,thermal,1,pf_lower_bound,true,29,3001,MW,0,NaN,
20260811_121452_stage_B_2C_4168a6e9,INEQ-UPPER-D016-H08-PF01,inequality,16,8,thermal,1,pf_upper_bound,true,30,3002,MW,0,NaN,
20260811_121452_stage_B_2C_4168a6e9,INEQ-LOWER-D016-H08-PF02,inequality,16,8,thermal,2,pf_lower_bound,true,31,3003,MW,0,NaN,
20260811_121452_stage_B_2C_4168a6e9,INEQ-UPPER-D016-H08-PF02,inequality,16,8,thermal,2,pf_upper_bound,true,32,3004,MW,0,NaN,
20260811_121452_stage_B_2C_4168a6e9,INEQ-LOWER-D016-H08-PF03,inequality,16,8,thermal,3,pf_lower_bound,true,33,3005,MW,0,NaN,
20260811_121452_stage_B_2C_4168a6e9,INEQ-UPPER-D016-H08-PF03,inequality,16,8,thermal,3,pf_upper_bound,true,34,3006,MW,0,NaN,
20260811_121452_stage_B_2C_4168a6e9,INEQ-LOWER-D016-H08-PF04,inequality,16,8,thermal,4,pf_lower_bound,true,35,3007,MW,0,NaN,
20260811_121452_stage_B_2C_4168a6e9,INEQ-UPPER-D016-H08-PF04,inequality,16,8,thermal,4,pf_upper_bound,true,36,3008,MW,0,NaN,
20260811_121452_stage_B_2C_4168a6e9,INEQ-LOWER-D016-H08-Pch01,inequality,16,8,storage,1,pch_lower_bound,true,37,3009,MW,0,NaN,
20260811_121452_stage_B_2C_4168a6e9,INEQ-UPPER-D016-H08-Pch01,inequality,16,8,storage,1,pch_upper_bound,true,38,3010,MW,0,NaN,
20260811_121452_stage_B_2C_4168a6e9,INEQ-LOWER-D016-H08-Pch02,inequality,16,8,storage,2,pch_lower_bound,true,39,3011,MW,0,NaN,
20260811_121452_stage_B_2C_4168a6e9,INEQ-UPPER-D016-H08-Pch02,inequality,16,8,storage,2,pch_upper_bound,true,40,3012,MW,0,NaN,
20260811_121452_stage_B_2C_4168a6e9,INEQ-LOWER-D016-H08-Pdis01,inequality,16,8,storage,1,pdis_lower_bound,true,41,3013,MW,0,NaN,
20260811_121452_stage_B_2C_4168a6e9,INEQ-UPPER-D016-H08-Pdis01,inequality,16,8,storage,1,pdis_upper_bound,true,42,3014,MW,0,NaN,
20260811_121452_stage_B_2C_4168a6e9,INEQ-LOWER-D016-H08-Pdis02,inequality,16,8,storage,2,pdis_lower_bound,true,43,3015,MW,0,NaN,
20260811_121452_stage_B_2C_4168a6e9,INEQ-UPPER-D016-H08-Pdis02,inequality,16,8,storage,2,pdis_upper_bound,true,44,3016,MW,0,NaN,
20260811_121452_stage_B_2C_4168a6e9,INEQ-LOWER-D016-H08-SOC01,inequality,16,8,storage,1,soc_lower_bound,true,45,3017,MWh,0,NaN,
20260811_121452_stage_B_2C_4168a6e9,INEQ-UPPER-D016-H08-SOC01,inequality,16,8,storage,1,soc_upper_bound,true,46,3018,MWh,0,NaN,
20260811_121452_stage_B_2C_4168a6e9,INEQ-LOWER-D016-H08-SOC02,inequality,16,8,storage,2,soc_lower_bound,true,47,3019,MWh,0,NaN,
20260811_121452_stage_B_2C_4168a6e9,INEQ-UPPER-D016-H08-SOC02,inequality,16,8,storage,2,soc_upper_bound,true,48,3020,MWh,0,NaN,
20260811_121452_stage_B_2C_4168a6e9,INEQ-LOWER-D016-H09-PW01,inequality,16,9,wind,1,pw_lower_bound,true,1,3021,MW,0,NaN,
20260811_121452_stage_B_2C_4168a6e9,INEQ-UPPER-D016-H09-PW01,inequality,16,9,wind,1,pw_upper_bound,true,2,3022,MW,0,NaN,
20260811_121452_stage_B_2C_4168a6e9,INEQ-LOWER-D016-H09-PW02,inequality,16,9,wind,2,pw_lower_bound,true,3,3023,MW,0,NaN,
20260811_121452_stage_B_2C_4168a6e9,INEQ-UPPER-D016-H09-PW02,inequality,16,9,wind,2,pw_upper_bound,true,4,3024,MW,0,NaN,
20260811_121452_stage_B_2C_4168a6e9,INEQ-LOWER-D016-H09-PW03,inequality,16,9,wind,3,pw_lower_bound,true,5,3025,MW,0,NaN,
20260811_121452_stage_B_2C_4168a6e9,INEQ-UPPER-D016-H09-PW03,inequality,16,9,wind,3,pw_upper_bound,true,6,3026,MW,0,NaN,
20260811_121452_stage_B_2C_4168a6e9,INEQ-LOWER-D016-H09-PW04,inequality,16,9,wind,4,pw_lower_bound,true,7,3027,MW,0,NaN,
20260811_121452_stage_B_2C_4168a6e9,INEQ-UPPER-D016-H09-PW04,inequality,16,9,wind,4,pw_upper_bound,true,8,3028,MW,0,NaN,
20260811_121452_stage_B_2C_4168a6e9,INEQ-LOWER-D016-H09-PW05,inequality,16,9,wind,5,pw_lower_bound,true,9,3029,MW,0,NaN,
20260811_121452_stage_B_2C_4168a6e9,INEQ-UPPER-D016-H09-PW05,inequality,16,9,wind,5,pw_upper_bound,true,10,3030,MW,0,NaN,
20260811_121452_stage_B_2C_4168a6e9,INEQ-LOWER-D016-H09-PP01,inequality,16,9,solar,1,pp_lower_bound,true,11,3031,MW,0,NaN,
20260811_121452_stage_B_2C_4168a6e9,INEQ-UPPER-D016-H09-PP01,inequality,16,9,solar,1,pp_upper_bound,true,12,3032,MW,0,NaN,
20260811_121452_stage_B_2C_4168a6e9,INEQ-LOWER-D016-H09-PP02,inequality,16,9,solar,2,pp_lower_bound,true,13,3033,MW,0,NaN,
20260811_121452_stage_B_2C_4168a6e9,INEQ-UPPER-D016-H09-PP02,inequality,16,9,solar,2,pp_upper_bound,true,14,3034,MW,0,NaN,
20260811_121452_stage_B_2C_4168a6e9,INEQ-LOWER-D016-H09-PP03,inequality,16,9,solar,3,pp_lower_bound,true,15,3035,MW,0,NaN,
20260811_121452_stage_B_2C_4168a6e9,INEQ-UPPER-D016-H09-PP03,inequality,16,9,solar,3,pp_upper_bound,true,16,3036,MW,0,NaN,
20260811_121452_stage_B_2C_4168a6e9,INEQ-LOWER-D016-H09-PP04,inequality,16,9,solar,4,pp_lower_bound,true,17,3037,MW,0,NaN,
20260811_121452_stage_B_2C_4168a6e9,INEQ-UPPER-D016-H09-PP04,inequality,16,9,solar,4,pp_upper_bound,true,18,3038,MW,0,NaN,
20260811_121452_stage_B_2C_4168a6e9,INEQ-LOWER-D016-H09-PP05,inequality,16,9,solar,5,pp_lower_bound,true,19,3039,MW,0,NaN,
20260811_121452_stage_B_2C_4168a6e9,INEQ-UPPER-D016-H09-PP05,inequality,16,9,solar,5,pp_upper_bound,true,20,3040,MW,0,NaN,
20260811_121452_stage_B_2C_4168a6e9,INEQ-LOWER-D016-H09-PH01,inequality,16,9,hydro,1,ph_lower_bound,true,21,3041,MW,0,NaN,
20260811_121452_stage_B_2C_4168a6e9,INEQ-UPPER-D016-H09-PH01,inequality,16,9,hydro,1,ph_upper_bound,true,22,3042,MW,0,NaN,
20260811_121452_stage_B_2C_4168a6e9,INEQ-LOWER-D016-H09-PH02,inequality,16,9,hydro,2,ph_lower_bound,true,23,3043,MW,0,NaN,
20260811_121452_stage_B_2C_4168a6e9,INEQ-UPPER-D016-H09-PH02,inequality,16,9,hydro,2,ph_upper_bound,true,24,3044,MW,0,NaN,
20260811_121452_stage_B_2C_4168a6e9,INEQ-LOWER-D016-H09-PH03,inequality,16,9,hydro,3,ph_lower_bound,true,25,3045,MW,0,NaN,
20260811_121452_stage_B_2C_4168a6e9,INEQ-UPPER-D016-H09-PH03,inequality,16,9,hydro,3,ph_upper_bound,true,26,3046,MW,0,NaN,
20260811_121452_stage_B_2C_4168a6e9,INEQ-LOWER-D016-H09-PH04,inequality,16,9,hydro,4,ph_lower_bound,true,27,3047,MW,0,NaN,
20260811_121452_stage_B_2C_4168a6e9,INEQ-UPPER-D016-H09-PH04,inequality,16,9,hydro,4,ph_upper_bound,true,28,3048,MW,0,NaN,
20260811_121452_stage_B_2C_4168a6e9,INEQ-LOWER-D016-H09-PF01,inequality,16,9,thermal,1,pf_lower_bound,true,29,3049,MW,0,NaN,
20260811_121452_stage_B_2C_4168a6e9,INEQ-UPPER-D016-H09-PF01,inequality,16,9,thermal,1,pf_upper_bound,true,30,3050,MW,0,NaN,
20260811_121452_stage_B_2C_4168a6e9,INEQ-LOWER-D016-H09-PF02,inequality,16,9,thermal,2,pf_lower_bound,true,31,3051,MW,0,NaN,
20260811_121452_stage_B_2C_4168a6e9,INEQ-UPPER-D016-H09-PF02,inequality,16,9,thermal,2,pf_upper_bound,true,32,3052,MW,0,NaN,
20260811_121452_stage_B_2C_4168a6e9,INEQ-LOWER-D016-H09-PF03,inequality,16,9,thermal,3,pf_lower_bound,true,33,3053,MW,0,NaN,
20260811_121452_stage_B_2C_4168a6e9,INEQ-UPPER-D016-H09-PF03,inequality,16,9,thermal,3,pf_upper_bound,true,34,3054,MW,0,NaN,
20260811_121452_stage_B_2C_4168a6e9,INEQ-LOWER-D016-H09-PF04,inequality,16,9,thermal,4,pf_lower_bound,true,35,3055,MW,0,NaN,
20260811_121452_stage_B_2C_4168a6e9,INEQ-UPPER-D016-H09-PF04,inequality,16,9,thermal,4,pf_upper_bound,true,36,3056,MW,0,NaN,
20260811_121452_stage_B_2C_4168a6e9,INEQ-LOWER-D016-H09-Pch01,inequality,16,9,storage,1,pch_lower_bound,true,37,3057,MW,0,NaN,
20260811_121452_stage_B_2C_4168a6e9,INEQ-UPPER-D016-H09-Pch01,inequality,16,9,storage,1,pch_upper_bound,true,38,3058,MW,0,NaN,
20260811_121452_stage_B_2C_4168a6e9,INEQ-LOWER-D016-H09-Pch02,inequality,16,9,storage,2,pch_lower_bound,true,39,3059,MW,0,NaN,
20260811_121452_stage_B_2C_4168a6e9,INEQ-UPPER-D016-H09-Pch02,inequality,16,9,storage,2,pch_upper_bound,true,40,3060,MW,0,NaN,
20260811_121452_stage_B_2C_4168a6e9,INEQ-LOWER-D016-H09-Pdis01,inequality,16,9,storage,1,pdis_lower_bound,true,41,3061,MW,0,NaN,
20260811_121452_stage_B_2C_4168a6e9,INEQ-UPPER-D016-H09-Pdis01,inequality,16,9,storage,1,pdis_upper_bound,true,42,3062,MW,0,NaN,
20260811_121452_stage_B_2C_4168a6e9,INEQ-LOWER-D016-H09-Pdis02,inequality,16,9,storage,2,pdis_lower_bound,true,43,3063,MW,0,NaN,
20260811_121452_stage_B_2C_4168a6e9,INEQ-UPPER-D016-H09-Pdis02,inequality,16,9,storage,2,pdis_upper_bound,true,44,3064,MW,0,NaN,
20260811_121452_stage_B_2C_4168a6e9,INEQ-LOWER-D016-H09-SOC01,inequality,16,9,storage,1,soc_lower_bound,true,45,3065,MWh,0,NaN,
20260811_121452_stage_B_2C_4168a6e9,INEQ-UPPER-D016-H09-SOC01,inequality,16,9,storage,1,soc_upper_bound,true,46,3066,MWh,0,NaN,
20260811_121452_stage_B_2C_4168a6e9,INEQ-LOWER-D016-H09-SOC02,inequality,16,9,storage,2,soc_lower_bound,true,47,3067,MWh,0,NaN,
20260811_121452_stage_B_2C_4168a6e9,INEQ-UPPER-D016-H09-SOC02,inequality,16,9,storage,2,soc_upper_bound,true,48,3068,MWh,0,NaN,
20260811_121452_stage_B_2C_4168a6e9,INEQ-LOWER-D016-H10-PW01,inequality,16,10,wind,1,pw_lower_bound,true,1,3069,MW,0,NaN,
20260811_121452_stage_B_2C_4168a6e9,INEQ-UPPER-D016-H10-PW01,inequality,16,10,wind,1,pw_upper_bound,true,2,3070,MW,0,NaN,
20260811_121452_stage_B_2C_4168a6e9,INEQ-LOWER-D016-H10-PW02,inequality,16,10,wind,2,pw_lower_bound,true,3,3071,MW,0,NaN,
20260811_121452_stage_B_2C_4168a6e9,INEQ-UPPER-D016-H10-PW02,inequality,16,10,wind,2,pw_upper_bound,true,4,3072,MW,0,NaN,
20260811_121452_stage_B_2C_4168a6e9,INEQ-LOWER-D016-H10-PW03,inequality,16,10,wind,3,pw_lower_bound,true,5,3073,MW,0,NaN,
20260811_121452_stage_B_2C_4168a6e9,INEQ-UPPER-D016-H10-PW03,inequality,16,10,wind,3,pw_upper_bound,true,6,3074,MW,0,NaN,
20260811_121452_stage_B_2C_4168a6e9,INEQ-LOWER-D016-H10-PW04,inequality,16,10,wind,4,pw_lower_bound,true,7,3075,MW,0,NaN,
20260811_121452_stage_B_2C_4168a6e9,INEQ-UPPER-D016-H10-PW04,inequality,16,10,wind,4,pw_upper_bound,true,8,3076,MW,0,NaN,
20260811_121452_stage_B_2C_4168a6e9,INEQ-LOWER-D016-H10-PW05,inequality,16,10,wind,5,pw_lower_bound,true,9,3077,MW,0,NaN,
20260811_121452_stage_B_2C_4168a6e9,INEQ-UPPER-D016-H10-PW05,inequality,16,10,wind,5,pw_upper_bound,true,10,3078,MW,0,NaN,
20260811_121452_stage_B_2C_4168a6e9,INEQ-LOWER-D016-H10-PP01,inequality,16,10,solar,1,pp_lower_bound,true,11,3079,MW,0,NaN,
20260811_121452_stage_B_2C_4168a6e9,INEQ-UPPER-D016-H10-PP01,inequality,16,10,solar,1,pp_upper_bound,true,12,3080,MW,0,NaN,
20260811_121452_stage_B_2C_4168a6e9,INEQ-LOWER-D016-H10-PP02,inequality,16,10,solar,2,pp_lower_bound,true,13,3081,MW,0,NaN,
20260811_121452_stage_B_2C_4168a6e9,INEQ-UPPER-D016-H10-PP02,inequality,16,10,solar,2,pp_upper_bound,true,14,3082,MW,0,NaN,
20260811_121452_stage_B_2C_4168a6e9,INEQ-LOWER-D016-H10-PP03,inequality,16,10,solar,3,pp_lower_bound,true,15,3083,MW,0,NaN,
20260811_121452_stage_B_2C_4168a6e9,INEQ-UPPER-D016-H10-PP03,inequality,16,10,solar,3,pp_upper_bound,true,16,3084,MW,0,NaN,
20260811_121452_stage_B_2C_4168a6e9,INEQ-LOWER-D016-H10-PP04,inequality,16,10,solar,4,pp_lower_bound,true,17,3085,MW,0,NaN,
20260811_121452_stage_B_2C_4168a6e9,INEQ-UPPER-D016-H10-PP04,inequality,16,10,solar,4,pp_upper_bound,true,18,3086,MW,0,NaN,
20260811_121452_stage_B_2C_4168a6e9,INEQ-LOWER-D016-H10-PP05,inequality,16,10,solar,5,pp_lower_bound,true,19,3087,MW,0,NaN,
20260811_121452_stage_B_2C_4168a6e9,INEQ-UPPER-D016-H10-PP05,inequality,16,10,solar,5,pp_upper_bound,true,20,3088,MW,0,NaN,
20260811_121452_stage_B_2C_4168a6e9,INEQ-LOWER-D016-H10-PH01,inequality,16,10,hydro,1,ph_lower_bound,true,21,3089,MW,0,NaN,
20260811_121452_stage_B_2C_4168a6e9,INEQ-UPPER-D016-H10-PH01,inequality,16,10,hydro,1,ph_upper_bound,true,22,3090,MW,0,NaN,
20260811_121452_stage_B_2C_4168a6e9,INEQ-LOWER-D016-H10-PH02,inequality,16,10,hydro,2,ph_lower_bound,true,23,3091,MW,0,NaN,
20260811_121452_stage_B_2C_4168a6e9,INEQ-UPPER-D016-H10-PH02,inequality,16,10,hydro,2,ph_upper_bound,true,24,3092,MW,0,NaN,
20260811_121452_stage_B_2C_4168a6e9,INEQ-LOWER-D016-H10-PH03,inequality,16,10,hydro,3,ph_lower_bound,true,25,3093,MW,0,NaN,
20260811_121452_stage_B_2C_4168a6e9,INEQ-UPPER-D016-H10-PH03,inequality,16,10,hydro,3,ph_upper_bound,true,26,3094,MW,0,NaN,
20260811_121452_stage_B_2C_4168a6e9,INEQ-LOWER-D016-H10-PH04,inequality,16,10,hydro,4,ph_lower_bound,true,27,3095,MW,0,NaN,
20260811_121452_stage_B_2C_4168a6e9,INEQ-UPPER-D016-H10-PH04,inequality,16,10,hydro,4,ph_upper_bound,true,28,3096,MW,0,NaN,
20260811_121452_stage_B_2C_4168a6e9,INEQ-LOWER-D016-H10-PF01,inequality,16,10,thermal,1,pf_lower_bound,true,29,3097,MW,0,NaN,
20260811_121452_stage_B_2C_4168a6e9,INEQ-UPPER-D016-H10-PF01,inequality,16,10,thermal,1,pf_upper_bound,true,30,3098,MW,0,NaN,
20260811_121452_stage_B_2C_4168a6e9,INEQ-LOWER-D016-H10-PF02,inequality,16,10,thermal,2,pf_lower_bound,true,31,3099,MW,0,NaN,
20260811_121452_stage_B_2C_4168a6e9,INEQ-UPPER-D016-H10-PF02,inequality,16,10,thermal,2,pf_upper_bound,true,32,3100,MW,0,NaN,
20260811_121452_stage_B_2C_4168a6e9,INEQ-LOWER-D016-H10-PF03,inequality,16,10,thermal,3,pf_lower_bound,true,33,3101,MW,0,NaN,
20260811_121452_stage_B_2C_4168a6e9,INEQ-UPPER-D016-H10-PF03,inequality,16,10,thermal,3,pf_upper_bound,true,34,3102,MW,0,NaN,
20260811_121452_stage_B_2C_4168a6e9,INEQ-LOWER-D016-H10-PF04,inequality,16,10,thermal,4,pf_lower_bound,true,35,3103,MW,0,NaN,
20260811_121452_stage_B_2C_4168a6e9,INEQ-UPPER-D016-H10-PF04,inequality,16,10,thermal,4,pf_upper_bound,true,36,3104,MW,0,NaN,
20260811_121452_stage_B_2C_4168a6e9,INEQ-LOWER-D016-H10-Pch01,inequality,16,10,storage,1,pch_lower_bound,true,37,3105,MW,0,NaN,
20260811_121452_stage_B_2C_4168a6e9,INEQ-UPPER-D016-H10-Pch01,inequality,16,10,storage,1,pch_upper_bound,true,38,3106,MW,0,NaN,
20260811_121452_stage_B_2C_4168a6e9,INEQ-LOWER-D016-H10-Pch02,inequality,16,10,storage,2,pch_lower_bound,true,39,3107,MW,0,NaN,
20260811_121452_stage_B_2C_4168a6e9,INEQ-UPPER-D016-H10-Pch02,inequality,16,10,storage,2,pch_upper_bound,true,40,3108,MW,0,NaN,
20260811_121452_stage_B_2C_4168a6e9,INEQ-LOWER-D016-H10-Pdis01,inequality,16,10,storage,1,pdis_lower_bound,true,41,3109,MW,0,NaN,
20260811_121452_stage_B_2C_4168a6e9,INEQ-UPPER-D016-H10-Pdis01,inequality,16,10,storage,1,pdis_upper_bound,true,42,3110,MW,0,NaN,
20260811_121452_stage_B_2C_4168a6e9,INEQ-LOWER-D016-H10-Pdis02,inequality,16,10,storage,2,pdis_lower_bound,true,43,3111,MW,0,NaN,
20260811_121452_stage_B_2C_4168a6e9,INEQ-UPPER-D016-H10-Pdis02,inequality,16,10,storage,2,pdis_upper_bound,true,44,3112,MW,0,NaN,
20260811_121452_stage_B_2C_4168a6e9,INEQ-LOWER-D016-H10-SOC01,inequality,16,10,storage,1,soc_lower_bound,true,45,3113,MWh,0,NaN,
20260811_121452_stage_B_2C_4168a6e9,INEQ-UPPER-D016-H10-SOC01,inequality,16,10,storage,1,soc_upper_bound,true,46,3114,MWh,0,NaN,
20260811_121452_stage_B_2C_4168a6e9,INEQ-LOWER-D016-H10-SOC02,inequality,16,10,storage,2,soc_lower_bound,true,47,3115,MWh,0,NaN,
20260811_121452_stage_B_2C_4168a6e9,INEQ-UPPER-D016-H10-SOC02,inequality,16,10,storage,2,soc_upper_bound,true,48,3116,MWh,0,NaN,
20260811_121452_stage_B_2C_4168a6e9,INEQ-LOWER-D016-H11-PW01,inequality,16,11,wind,1,pw_lower_bound,true,1,3117,MW,0,NaN,
20260811_121452_stage_B_2C_4168a6e9,INEQ-UPPER-D016-H11-PW01,inequality,16,11,wind,1,pw_upper_bound,true,2,3118,MW,0,NaN,
20260811_121452_stage_B_2C_4168a6e9,INEQ-LOWER-D016-H11-PW02,inequality,16,11,wind,2,pw_lower_bound,true,3,3119,MW,0,NaN,
20260811_121452_stage_B_2C_4168a6e9,INEQ-UPPER-D016-H11-PW02,inequality,16,11,wind,2,pw_upper_bound,true,4,3120,MW,0,NaN,
20260811_121452_stage_B_2C_4168a6e9,INEQ-LOWER-D016-H11-PW03,inequality,16,11,wind,3,pw_lower_bound,true,5,3121,MW,0,NaN,
20260811_121452_stage_B_2C_4168a6e9,INEQ-UPPER-D016-H11-PW03,inequality,16,11,wind,3,pw_upper_bound,true,6,3122,MW,0,NaN,
20260811_121452_stage_B_2C_4168a6e9,INEQ-LOWER-D016-H11-PW04,inequality,16,11,wind,4,pw_lower_bound,true,7,3123,MW,0,NaN,
20260811_121452_stage_B_2C_4168a6e9,INEQ-UPPER-D016-H11-PW04,inequality,16,11,wind,4,pw_upper_bound,true,8,3124,MW,0,NaN,
20260811_121452_stage_B_2C_4168a6e9,INEQ-LOWER-D016-H11-PW05,inequality,16,11,wind,5,pw_lower_bound,true,9,3125,MW,0,NaN,
20260811_121452_stage_B_2C_4168a6e9,INEQ-UPPER-D016-H11-PW05,inequality,16,11,wind,5,pw_upper_bound,true,10,3126,MW,0,NaN,
20260811_121452_stage_B_2C_4168a6e9,INEQ-LOWER-D016-H11-PP01,inequality,16,11,solar,1,pp_lower_bound,true,11,3127,MW,0,NaN,
20260811_121452_stage_B_2C_4168a6e9,INEQ-UPPER-D016-H11-PP01,inequality,16,11,solar,1,pp_upper_bound,true,12,3128,MW,0,NaN,
20260811_121452_stage_B_2C_4168a6e9,INEQ-LOWER-D016-H11-PP02,inequality,16,11,solar,2,pp_lower_bound,true,13,3129,MW,0,NaN,
20260811_121452_stage_B_2C_4168a6e9,INEQ-UPPER-D016-H11-PP02,inequality,16,11,solar,2,pp_upper_bound,true,14,3130,MW,0,NaN,
20260811_121452_stage_B_2C_4168a6e9,INEQ-LOWER-D016-H11-PP03,inequality,16,11,solar,3,pp_lower_bound,true,15,3131,MW,0,NaN,
20260811_121452_stage_B_2C_4168a6e9,INEQ-UPPER-D016-H11-PP03,inequality,16,11,solar,3,pp_upper_bound,true,16,3132,MW,0,NaN,
20260811_121452_stage_B_2C_4168a6e9,INEQ-LOWER-D016-H11-PP04,inequality,16,11,solar,4,pp_lower_bound,true,17,3133,MW,0,NaN,
20260811_121452_stage_B_2C_4168a6e9,INEQ-UPPER-D016-H11-PP04,inequality,16,11,solar,4,pp_upper_bound,true,18,3134,MW,0,NaN,
20260811_121452_stage_B_2C_4168a6e9,INEQ-LOWER-D016-H11-PP05,inequality,16,11,solar,5,pp_lower_bound,true,19,3135,MW,0,NaN,
20260811_121452_stage_B_2C_4168a6e9,INEQ-UPPER-D016-H11-PP05,inequality,16,11,solar,5,pp_upper_bound,true,20,3136,MW,0,NaN,
20260811_121452_stage_B_2C_4168a6e9,INEQ-LOWER-D016-H11-PH01,inequality,16,11,hydro,1,ph_lower_bound,true,21,3137,MW,0,NaN,
20260811_121452_stage_B_2C_4168a6e9,INEQ-UPPER-D016-H11-PH01,inequality,16,11,hydro,1,ph_upper_bound,true,22,3138,MW,0,NaN,
20260811_121452_stage_B_2C_4168a6e9,INEQ-LOWER-D016-H11-PH02,inequality,16,11,hydro,2,ph_lower_bound,true,23,3139,MW,0,NaN,
20260811_121452_stage_B_2C_4168a6e9,INEQ-UPPER-D016-H11-PH02,inequality,16,11,hydro,2,ph_upper_bound,true,24,3140,MW,0,NaN,
20260811_121452_stage_B_2C_4168a6e9,INEQ-LOWER-D016-H11-PH03,inequality,16,11,hydro,3,ph_lower_bound,true,25,3141,MW,0,NaN,
20260811_121452_stage_B_2C_4168a6e9,INEQ-UPPER-D016-H11-PH03,inequality,16,11,hydro,3,ph_upper_bound,true,26,3142,MW,0,NaN,
20260811_121452_stage_B_2C_4168a6e9,INEQ-LOWER-D016-H11-PH04,inequality,16,11,hydro,4,ph_lower_bound,true,27,3143,MW,0,NaN,
20260811_121452_stage_B_2C_4168a6e9,INEQ-UPPER-D016-H11-PH04,inequality,16,11,hydro,4,ph_upper_bound,true,28,3144,MW,0,NaN,
20260811_121452_stage_B_2C_4168a6e9,INEQ-LOWER-D016-H11-PF01,inequality,16,11,thermal,1,pf_lower_bound,true,29,3145,MW,0,NaN,
20260811_121452_stage_B_2C_4168a6e9,INEQ-UPPER-D016-H11-PF01,inequality,16,11,thermal,1,pf_upper_bound,true,30,3146,MW,0,NaN,
20260811_121452_stage_B_2C_4168a6e9,INEQ-LOWER-D016-H11-PF02,inequality,16,11,thermal,2,pf_lower_bound,true,31,3147,MW,0,NaN,
20260811_121452_stage_B_2C_4168a6e9,INEQ-UPPER-D016-H11-PF02,inequality,16,11,thermal,2,pf_upper_bound,true,32,3148,MW,0,NaN,
20260811_121452_stage_B_2C_4168a6e9,INEQ-LOWER-D016-H11-PF03,inequality,16,11,thermal,3,pf_lower_bound,true,33,3149,MW,0,NaN,
20260811_121452_stage_B_2C_4168a6e9,INEQ-UPPER-D016-H11-PF03,inequality,16,11,thermal,3,pf_upper_bound,true,34,3150,MW,0,NaN,
20260811_121452_stage_B_2C_4168a6e9,INEQ-LOWER-D016-H11-PF04,inequality,16,11,thermal,4,pf_lower_bound,true,35,3151,MW,0,NaN,
20260811_121452_stage_B_2C_4168a6e9,INEQ-UPPER-D016-H11-PF04,inequality,16,11,thermal,4,pf_upper_bound,true,36,3152,MW,0,NaN,
20260811_121452_stage_B_2C_4168a6e9,INEQ-LOWER-D016-H11-Pch01,inequality,16,11,storage,1,pch_lower_bound,true,37,3153,MW,0,NaN,
20260811_121452_stage_B_2C_4168a6e9,INEQ-UPPER-D016-H11-Pch01,inequality,16,11,storage,1,pch_upper_bound,true,38,3154,MW,0,NaN,
20260811_121452_stage_B_2C_4168a6e9,INEQ-LOWER-D016-H11-Pch02,inequality,16,11,storage,2,pch_lower_bound,true,39,3155,MW,0,NaN,
20260811_121452_stage_B_2C_4168a6e9,INEQ-UPPER-D016-H11-Pch02,inequality,16,11,storage,2,pch_upper_bound,true,40,3156,MW,0,NaN,
20260811_121452_stage_B_2C_4168a6e9,INEQ-LOWER-D016-H11-Pdis01,inequality,16,11,storage,1,pdis_lower_bound,true,41,3157,MW,0,NaN,
20260811_121452_stage_B_2C_4168a6e9,INEQ-UPPER-D016-H11-Pdis01,inequality,16,11,storage,1,pdis_upper_bound,true,42,3158,MW,0,NaN,
20260811_121452_stage_B_2C_4168a6e9,INEQ-LOWER-D016-H11-Pdis02,inequality,16,11,storage,2,pdis_lower_bound,true,43,3159,MW,0,NaN,
20260811_121452_stage_B_2C_4168a6e9,INEQ-UPPER-D016-H11-Pdis02,inequality,16,11,storage,2,pdis_upper_bound,true,44,3160,MW,0,NaN,
20260811_121452_stage_B_2C_4168a6e9,INEQ-LOWER-D016-H11-SOC01,inequality,16,11,storage,1,soc_lower_bound,true,45,3161,MWh,0,NaN,
20260811_121452_stage_B_2C_4168a6e9,INEQ-UPPER-D016-H11-SOC01,inequality,16,11,storage,1,soc_upper_bound,true,46,3162,MWh,0,NaN,
20260811_121452_stage_B_2C_4168a6e9,INEQ-LOWER-D016-H11-SOC02,inequality,16,11,storage,2,soc_lower_bound,true,47,3163,MWh,0,NaN,
20260811_121452_stage_B_2C_4168a6e9,INEQ-UPPER-D016-H11-SOC02,inequality,16,11,storage,2,soc_upper_bound,true,48,3164,MWh,0,NaN,
20260811_121452_stage_B_2C_4168a6e9,INEQ-LOWER-D016-H12-PW01,inequality,16,12,wind,1,pw_lower_bound,true,1,3165,MW,0,NaN,
20260811_121452_stage_B_2C_4168a6e9,INEQ-UPPER-D016-H12-PW01,inequality,16,12,wind,1,pw_upper_bound,true,2,3166,MW,0,NaN,
20260811_121452_stage_B_2C_4168a6e9,INEQ-LOWER-D016-H12-PW02,inequality,16,12,wind,2,pw_lower_bound,true,3,3167,MW,0,NaN,
20260811_121452_stage_B_2C_4168a6e9,INEQ-UPPER-D016-H12-PW02,inequality,16,12,wind,2,pw_upper_bound,true,4,3168,MW,0,NaN,
20260811_121452_stage_B_2C_4168a6e9,INEQ-LOWER-D016-H12-PW03,inequality,16,12,wind,3,pw_lower_bound,true,5,3169,MW,0,NaN,
20260811_121452_stage_B_2C_4168a6e9,INEQ-UPPER-D016-H12-PW03,inequality,16,12,wind,3,pw_upper_bound,true,6,3170,MW,0,NaN,
20260811_121452_stage_B_2C_4168a6e9,INEQ-LOWER-D016-H12-PW04,inequality,16,12,wind,4,pw_lower_bound,true,7,3171,MW,0,NaN,
20260811_121452_stage_B_2C_4168a6e9,INEQ-UPPER-D016-H12-PW04,inequality,16,12,wind,4,pw_upper_bound,true,8,3172,MW,0,NaN,
20260811_121452_stage_B_2C_4168a6e9,INEQ-LOWER-D016-H12-PW05,inequality,16,12,wind,5,pw_lower_bound,true,9,3173,MW,0,NaN,
20260811_121452_stage_B_2C_4168a6e9,INEQ-UPPER-D016-H12-PW05,inequality,16,12,wind,5,pw_upper_bound,true,10,3174,MW,0,NaN,
20260811_121452_stage_B_2C_4168a6e9,INEQ-LOWER-D016-H12-PP01,inequality,16,12,solar,1,pp_lower_bound,true,11,3175,MW,0,NaN,
20260811_121452_stage_B_2C_4168a6e9,INEQ-UPPER-D016-H12-PP01,inequality,16,12,solar,1,pp_upper_bound,true,12,3176,MW,0,NaN,
20260811_121452_stage_B_2C_4168a6e9,INEQ-LOWER-D016-H12-PP02,inequality,16,12,solar,2,pp_lower_bound,true,13,3177,MW,0,NaN,
20260811_121452_stage_B_2C_4168a6e9,INEQ-UPPER-D016-H12-PP02,inequality,16,12,solar,2,pp_upper_bound,true,14,3178,MW,0,NaN,
20260811_121452_stage_B_2C_4168a6e9,INEQ-LOWER-D016-H12-PP03,inequality,16,12,solar,3,pp_lower_bound,true,15,3179,MW,0,NaN,
20260811_121452_stage_B_2C_4168a6e9,INEQ-UPPER-D016-H12-PP03,inequality,16,12,solar,3,pp_upper_bound,true,16,3180,MW,0,NaN,
20260811_121452_stage_B_2C_4168a6e9,INEQ-LOWER-D016-H12-PP04,inequality,16,12,solar,4,pp_lower_bound,true,17,3181,MW,0,NaN,
20260811_121452_stage_B_2C_4168a6e9,INEQ-UPPER-D016-H12-PP04,inequality,16,12,solar,4,pp_upper_bound,true,18,3182,MW,0,NaN,
20260811_121452_stage_B_2C_4168a6e9,INEQ-LOWER-D016-H12-PP05,inequality,16,12,solar,5,pp_lower_bound,true,19,3183,MW,0,NaN,
20260811_121452_stage_B_2C_4168a6e9,INEQ-UPPER-D016-H12-PP05,inequality,16,12,solar,5,pp_upper_bound,true,20,3184,MW,0,NaN,
20260811_121452_stage_B_2C_4168a6e9,INEQ-LOWER-D016-H12-PH01,inequality,16,12,hydro,1,ph_lower_bound,true,21,3185,MW,0,NaN,
20260811_121452_stage_B_2C_4168a6e9,INEQ-UPPER-D016-H12-PH01,inequality,16,12,hydro,1,ph_upper_bound,true,22,3186,MW,0,NaN,
20260811_121452_stage_B_2C_4168a6e9,INEQ-LOWER-D016-H12-PH02,inequality,16,12,hydro,2,ph_lower_bound,true,23,3187,MW,0,NaN,
20260811_121452_stage_B_2C_4168a6e9,INEQ-UPPER-D016-H12-PH02,inequality,16,12,hydro,2,ph_upper_bound,true,24,3188,MW,0,NaN,
20260811_121452_stage_B_2C_4168a6e9,INEQ-LOWER-D016-H12-PH03,inequality,16,12,hydro,3,ph_lower_bound,true,25,3189,MW,0,NaN,
20260811_121452_stage_B_2C_4168a6e9,INEQ-UPPER-D016-H12-PH03,inequality,16,12,hydro,3,ph_upper_bound,true,26,3190,MW,0,NaN,
20260811_121452_stage_B_2C_4168a6e9,INEQ-LOWER-D016-H12-PH04,inequality,16,12,hydro,4,ph_lower_bound,true,27,3191,MW,0,NaN,
20260811_121452_stage_B_2C_4168a6e9,INEQ-UPPER-D016-H12-PH04,inequality,16,12,hydro,4,ph_upper_bound,true,28,3192,MW,0,NaN,
20260811_121452_stage_B_2C_4168a6e9,INEQ-LOWER-D016-H12-PF01,inequality,16,12,thermal,1,pf_lower_bound,true,29,3193,MW,0,NaN,
20260811_121452_stage_B_2C_4168a6e9,INEQ-UPPER-D016-H12-PF01,inequality,16,12,thermal,1,pf_upper_bound,true,30,3194,MW,0,NaN,
20260811_121452_stage_B_2C_4168a6e9,INEQ-LOWER-D016-H12-PF02,inequality,16,12,thermal,2,pf_lower_bound,true,31,3195,MW,0,NaN,
20260811_121452_stage_B_2C_4168a6e9,INEQ-UPPER-D016-H12-PF02,inequality,16,12,thermal,2,pf_upper_bound,true,32,3196,MW,0,NaN,
20260811_121452_stage_B_2C_4168a6e9,INEQ-LOWER-D016-H12-PF03,inequality,16,12,thermal,3,pf_lower_bound,true,33,3197,MW,0,NaN,
20260811_121452_stage_B_2C_4168a6e9,INEQ-UPPER-D016-H12-PF03,inequality,16,12,thermal,3,pf_upper_bound,true,34,3198,MW,0,NaN,
20260811_121452_stage_B_2C_4168a6e9,INEQ-LOWER-D016-H12-PF04,inequality,16,12,thermal,4,pf_lower_bound,true,35,3199,MW,0,NaN,
20260811_121452_stage_B_2C_4168a6e9,INEQ-UPPER-D016-H12-PF04,inequality,16,12,thermal,4,pf_upper_bound,true,36,3200,MW,0,NaN,
20260811_121452_stage_B_2C_4168a6e9,INEQ-LOWER-D016-H12-Pch01,inequality,16,12,storage,1,pch_lower_bound,true,37,3201,MW,0,NaN,
20260811_121452_stage_B_2C_4168a6e9,INEQ-UPPER-D016-H12-Pch01,inequality,16,12,storage,1,pch_upper_bound,true,38,3202,MW,0,NaN,
20260811_121452_stage_B_2C_4168a6e9,INEQ-LOWER-D016-H12-Pch02,inequality,16,12,storage,2,pch_lower_bound,true,39,3203,MW,0,NaN,
20260811_121452_stage_B_2C_4168a6e9,INEQ-UPPER-D016-H12-Pch02,inequality,16,12,storage,2,pch_upper_bound,true,40,3204,MW,0,NaN,
20260811_121452_stage_B_2C_4168a6e9,INEQ-LOWER-D016-H12-Pdis01,inequality,16,12,storage,1,pdis_lower_bound,true,41,3205,MW,0,NaN,
20260811_121452_stage_B_2C_4168a6e9,INEQ-UPPER-D016-H12-Pdis01,inequality,16,12,storage,1,pdis_upper_bound,true,42,3206,MW,0,NaN,
20260811_121452_stage_B_2C_4168a6e9,INEQ-LOWER-D016-H12-Pdis02,inequality,16,12,storage,2,pdis_lower_bound,true,43,3207,MW,0,NaN,
20260811_121452_stage_B_2C_4168a6e9,INEQ-UPPER-D016-H12-Pdis02,inequality,16,12,storage,2,pdis_upper_bound,true,44,3208,MW,0,NaN,
20260811_121452_stage_B_2C_4168a6e9,INEQ-LOWER-D016-H12-SOC01,inequality,16,12,storage,1,soc_lower_bound,true,45,3209,MWh,0,NaN,
20260811_121452_stage_B_2C_4168a6e9,INEQ-UPPER-D016-H12-SOC01,inequality,16,12,storage,1,soc_upper_bound,true,46,3210,MWh,0,NaN,
20260811_121452_stage_B_2C_4168a6e9,INEQ-LOWER-D016-H12-SOC02,inequality,16,12,storage,2,soc_lower_bound,true,47,3211,MWh,0,NaN,
20260811_121452_stage_B_2C_4168a6e9,INEQ-UPPER-D016-H12-SOC02,inequality,16,12,storage,2,soc_upper_bound,true,48,3212,MWh,0,NaN,
20260811_121452_stage_B_2C_4168a6e9,INEQ-LOWER-D016-H13-PW01,inequality,16,13,wind,1,pw_lower_bound,true,1,3213,MW,0,NaN,
20260811_121452_stage_B_2C_4168a6e9,INEQ-UPPER-D016-H13-PW01,inequality,16,13,wind,1,pw_upper_bound,true,2,3214,MW,0,NaN,
20260811_121452_stage_B_2C_4168a6e9,INEQ-LOWER-D016-H13-PW02,inequality,16,13,wind,2,pw_lower_bound,true,3,3215,MW,0,NaN,
20260811_121452_stage_B_2C_4168a6e9,INEQ-UPPER-D016-H13-PW02,inequality,16,13,wind,2,pw_upper_bound,true,4,3216,MW,0,NaN,
20260811_121452_stage_B_2C_4168a6e9,INEQ-LOWER-D016-H13-PW03,inequality,16,13,wind,3,pw_lower_bound,true,5,3217,MW,0,NaN,
20260811_121452_stage_B_2C_4168a6e9,INEQ-UPPER-D016-H13-PW03,inequality,16,13,wind,3,pw_upper_bound,true,6,3218,MW,0,NaN,
20260811_121452_stage_B_2C_4168a6e9,INEQ-LOWER-D016-H13-PW04,inequality,16,13,wind,4,pw_lower_bound,true,7,3219,MW,0,NaN,
20260811_121452_stage_B_2C_4168a6e9,INEQ-UPPER-D016-H13-PW04,inequality,16,13,wind,4,pw_upper_bound,true,8,3220,MW,0,NaN,
20260811_121452_stage_B_2C_4168a6e9,INEQ-LOWER-D016-H13-PW05,inequality,16,13,wind,5,pw_lower_bound,true,9,3221,MW,0,NaN,
20260811_121452_stage_B_2C_4168a6e9,INEQ-UPPER-D016-H13-PW05,inequality,16,13,wind,5,pw_upper_bound,true,10,3222,MW,0,NaN,
20260811_121452_stage_B_2C_4168a6e9,INEQ-LOWER-D016-H13-PP01,inequality,16,13,solar,1,pp_lower_bound,true,11,3223,MW,0,NaN,
20260811_121452_stage_B_2C_4168a6e9,INEQ-UPPER-D016-H13-PP01,inequality,16,13,solar,1,pp_upper_bound,true,12,3224,MW,0,NaN,
20260811_121452_stage_B_2C_4168a6e9,INEQ-LOWER-D016-H13-PP02,inequality,16,13,solar,2,pp_lower_bound,true,13,3225,MW,0,NaN,
20260811_121452_stage_B_2C_4168a6e9,INEQ-UPPER-D016-H13-PP02,inequality,16,13,solar,2,pp_upper_bound,true,14,3226,MW,0,NaN,
20260811_121452_stage_B_2C_4168a6e9,INEQ-LOWER-D016-H13-PP03,inequality,16,13,solar,3,pp_lower_bound,true,15,3227,MW,0,NaN,
20260811_121452_stage_B_2C_4168a6e9,INEQ-UPPER-D016-H13-PP03,inequality,16,13,solar,3,pp_upper_bound,true,16,3228,MW,0,NaN,
20260811_121452_stage_B_2C_4168a6e9,INEQ-LOWER-D016-H13-PP04,inequality,16,13,solar,4,pp_lower_bound,true,17,3229,MW,0,NaN,
20260811_121452_stage_B_2C_4168a6e9,INEQ-UPPER-D016-H13-PP04,inequality,16,13,solar,4,pp_upper_bound,true,18,3230,MW,0,NaN,
20260811_121452_stage_B_2C_4168a6e9,INEQ-LOWER-D016-H13-PP05,inequality,16,13,solar,5,pp_lower_bound,true,19,3231,MW,0,NaN,
20260811_121452_stage_B_2C_4168a6e9,INEQ-UPPER-D016-H13-PP05,inequality,16,13,solar,5,pp_upper_bound,true,20,3232,MW,0,NaN,
20260811_121452_stage_B_2C_4168a6e9,INEQ-LOWER-D016-H13-PH01,inequality,16,13,hydro,1,ph_lower_bound,true,21,3233,MW,0,NaN,
20260811_121452_stage_B_2C_4168a6e9,INEQ-UPPER-D016-H13-PH01,inequality,16,13,hydro,1,ph_upper_bound,true,22,3234,MW,0,NaN,
20260811_121452_stage_B_2C_4168a6e9,INEQ-LOWER-D016-H13-PH02,inequality,16,13,hydro,2,ph_lower_bound,true,23,3235,MW,0,NaN,
20260811_121452_stage_B_2C_4168a6e9,INEQ-UPPER-D016-H13-PH02,inequality,16,13,hydro,2,ph_upper_bound,true,24,3236,MW,0,NaN,
20260811_121452_stage_B_2C_4168a6e9,INEQ-LOWER-D016-H13-PH03,inequality,16,13,hydro,3,ph_lower_bound,true,25,3237,MW,0,NaN,
20260811_121452_stage_B_2C_4168a6e9,INEQ-UPPER-D016-H13-PH03,inequality,16,13,hydro,3,ph_upper_bound,true,26,3238,MW,0,NaN,
20260811_121452_stage_B_2C_4168a6e9,INEQ-LOWER-D016-H13-PH04,inequality,16,13,hydro,4,ph_lower_bound,true,27,3239,MW,0,NaN,
20260811_121452_stage_B_2C_4168a6e9,INEQ-UPPER-D016-H13-PH04,inequality,16,13,hydro,4,ph_upper_bound,true,28,3240,MW,0,NaN,
20260811_121452_stage_B_2C_4168a6e9,INEQ-LOWER-D016-H13-PF01,inequality,16,13,thermal,1,pf_lower_bound,true,29,3241,MW,0,NaN,
20260811_121452_stage_B_2C_4168a6e9,INEQ-UPPER-D016-H13-PF01,inequality,16,13,thermal,1,pf_upper_bound,true,30,3242,MW,0,NaN,
20260811_121452_stage_B_2C_4168a6e9,INEQ-LOWER-D016-H13-PF02,inequality,16,13,thermal,2,pf_lower_bound,true,31,3243,MW,0,NaN,
20260811_121452_stage_B_2C_4168a6e9,INEQ-UPPER-D016-H13-PF02,inequality,16,13,thermal,2,pf_upper_bound,true,32,3244,MW,0,NaN,
20260811_121452_stage_B_2C_4168a6e9,INEQ-LOWER-D016-H13-PF03,inequality,16,13,thermal,3,pf_lower_bound,true,33,3245,MW,0,NaN,
20260811_121452_stage_B_2C_4168a6e9,INEQ-UPPER-D016-H13-PF03,inequality,16,13,thermal,3,pf_upper_bound,true,34,3246,MW,0,NaN,
20260811_121452_stage_B_2C_4168a6e9,INEQ-LOWER-D016-H13-PF04,inequality,16,13,thermal,4,pf_lower_bound,true,35,3247,MW,0,NaN,
20260811_121452_stage_B_2C_4168a6e9,INEQ-UPPER-D016-H13-PF04,inequality,16,13,thermal,4,pf_upper_bound,true,36,3248,MW,0,NaN,
20260811_121452_stage_B_2C_4168a6e9,INEQ-LOWER-D016-H13-Pch01,inequality,16,13,storage,1,pch_lower_bound,true,37,3249,MW,0,NaN,
20260811_121452_stage_B_2C_4168a6e9,INEQ-UPPER-D016-H13-Pch01,inequality,16,13,storage,1,pch_upper_bound,true,38,3250,MW,0,NaN,
20260811_121452_stage_B_2C_4168a6e9,INEQ-LOWER-D016-H13-Pch02,inequality,16,13,storage,2,pch_lower_bound,true,39,3251,MW,0,NaN,
20260811_121452_stage_B_2C_4168a6e9,INEQ-UPPER-D016-H13-Pch02,inequality,16,13,storage,2,pch_upper_bound,true,40,3252,MW,0,NaN,
20260811_121452_stage_B_2C_4168a6e9,INEQ-LOWER-D016-H13-Pdis01,inequality,16,13,storage,1,pdis_lower_bound,true,41,3253,MW,0,NaN,
20260811_121452_stage_B_2C_4168a6e9,INEQ-UPPER-D016-H13-Pdis01,inequality,16,13,storage,1,pdis_upper_bound,true,42,3254,MW,0,NaN,
20260811_121452_stage_B_2C_4168a6e9,INEQ-LOWER-D016-H13-Pdis02,inequality,16,13,storage,2,pdis_lower_bound,true,43,3255,MW,0,NaN,
20260811_121452_stage_B_2C_4168a6e9,INEQ-UPPER-D016-H13-Pdis02,inequality,16,13,storage,2,pdis_upper_bound,true,44,3256,MW,0,NaN,
20260811_121452_stage_B_2C_4168a6e9,INEQ-LOWER-D016-H13-SOC01,inequality,16,13,storage,1,soc_lower_bound,true,45,3257,MWh,0,NaN,
20260811_121452_stage_B_2C_4168a6e9,INEQ-UPPER-D016-H13-SOC01,inequality,16,13,storage,1,soc_upper_bound,true,46,3258,MWh,0,NaN,
20260811_121452_stage_B_2C_4168a6e9,INEQ-LOWER-D016-H13-SOC02,inequality,16,13,storage,2,soc_lower_bound,true,47,3259,MWh,0,NaN,
20260811_121452_stage_B_2C_4168a6e9,INEQ-UPPER-D016-H13-SOC02,inequality,16,13,storage,2,soc_upper_bound,true,48,3260,MWh,0,NaN,
20260811_121452_stage_B_2C_4168a6e9,INEQ-LOWER-D016-H14-PW01,inequality,16,14,wind,1,pw_lower_bound,true,1,3261,MW,0,NaN,
20260811_121452_stage_B_2C_4168a6e9,INEQ-UPPER-D016-H14-PW01,inequality,16,14,wind,1,pw_upper_bound,true,2,3262,MW,0,NaN,
20260811_121452_stage_B_2C_4168a6e9,INEQ-LOWER-D016-H14-PW02,inequality,16,14,wind,2,pw_lower_bound,true,3,3263,MW,0,NaN,
20260811_121452_stage_B_2C_4168a6e9,INEQ-UPPER-D016-H14-PW02,inequality,16,14,wind,2,pw_upper_bound,true,4,3264,MW,0,NaN,
20260811_121452_stage_B_2C_4168a6e9,INEQ-LOWER-D016-H14-PW03,inequality,16,14,wind,3,pw_lower_bound,true,5,3265,MW,0,NaN,
20260811_121452_stage_B_2C_4168a6e9,INEQ-UPPER-D016-H14-PW03,inequality,16,14,wind,3,pw_upper_bound,true,6,3266,MW,0,NaN,
20260811_121452_stage_B_2C_4168a6e9,INEQ-LOWER-D016-H14-PW04,inequality,16,14,wind,4,pw_lower_bound,true,7,3267,MW,0,NaN,
20260811_121452_stage_B_2C_4168a6e9,INEQ-UPPER-D016-H14-PW04,inequality,16,14,wind,4,pw_upper_bound,true,8,3268,MW,0,NaN,
20260811_121452_stage_B_2C_4168a6e9,INEQ-LOWER-D016-H14-PW05,inequality,16,14,wind,5,pw_lower_bound,true,9,3269,MW,0,NaN,
20260811_121452_stage_B_2C_4168a6e9,INEQ-UPPER-D016-H14-PW05,inequality,16,14,wind,5,pw_upper_bound,true,10,3270,MW,0,NaN,
20260811_121452_stage_B_2C_4168a6e9,INEQ-LOWER-D016-H14-PP01,inequality,16,14,solar,1,pp_lower_bound,true,11,3271,MW,0,NaN,
20260811_121452_stage_B_2C_4168a6e9,INEQ-UPPER-D016-H14-PP01,inequality,16,14,solar,1,pp_upper_bound,true,12,3272,MW,0,NaN,
20260811_121452_stage_B_2C_4168a6e9,INEQ-LOWER-D016-H14-PP02,inequality,16,14,solar,2,pp_lower_bound,true,13,3273,MW,0,NaN,
20260811_121452_stage_B_2C_4168a6e9,INEQ-UPPER-D016-H14-PP02,inequality,16,14,solar,2,pp_upper_bound,true,14,3274,MW,0,NaN,
20260811_121452_stage_B_2C_4168a6e9,INEQ-LOWER-D016-H14-PP03,inequality,16,14,solar,3,pp_lower_bound,true,15,3275,MW,0,NaN,
20260811_121452_stage_B_2C_4168a6e9,INEQ-UPPER-D016-H14-PP03,inequality,16,14,solar,3,pp_upper_bound,true,16,3276,MW,0,NaN,
20260811_121452_stage_B_2C_4168a6e9,INEQ-LOWER-D016-H14-PP04,inequality,16,14,solar,4,pp_lower_bound,true,17,3277,MW,0,NaN,
20260811_121452_stage_B_2C_4168a6e9,INEQ-UPPER-D016-H14-PP04,inequality,16,14,solar,4,pp_upper_bound,true,18,3278,MW,0,NaN,
20260811_121452_stage_B_2C_4168a6e9,INEQ-LOWER-D016-H14-PP05,inequality,16,14,solar,5,pp_lower_bound,true,19,3279,MW,0,NaN,
20260811_121452_stage_B_2C_4168a6e9,INEQ-UPPER-D016-H14-PP05,inequality,16,14,solar,5,pp_upper_bound,true,20,3280,MW,0,NaN,
20260811_121452_stage_B_2C_4168a6e9,INEQ-LOWER-D016-H14-PH01,inequality,16,14,hydro,1,ph_lower_bound,true,21,3281,MW,0,NaN,
20260811_121452_stage_B_2C_4168a6e9,INEQ-UPPER-D016-H14-PH01,inequality,16,14,hydro,1,ph_upper_bound,true,22,3282,MW,0,NaN,
20260811_121452_stage_B_2C_4168a6e9,INEQ-LOWER-D016-H14-PH02,inequality,16,14,hydro,2,ph_lower_bound,true,23,3283,MW,0,NaN,
20260811_121452_stage_B_2C_4168a6e9,INEQ-UPPER-D016-H14-PH02,inequality,16,14,hydro,2,ph_upper_bound,true,24,3284,MW,0,NaN,
20260811_121452_stage_B_2C_4168a6e9,INEQ-LOWER-D016-H14-PH03,inequality,16,14,hydro,3,ph_lower_bound,true,25,3285,MW,0,NaN,
20260811_121452_stage_B_2C_4168a6e9,INEQ-UPPER-D016-H14-PH03,inequality,16,14,hydro,3,ph_upper_bound,true,26,3286,MW,0,NaN,
20260811_121452_stage_B_2C_4168a6e9,INEQ-LOWER-D016-H14-PH04,inequality,16,14,hydro,4,ph_lower_bound,true,27,3287,MW,0,NaN,
20260811_121452_stage_B_2C_4168a6e9,INEQ-UPPER-D016-H14-PH04,inequality,16,14,hydro,4,ph_upper_bound,true,28,3288,MW,0,NaN,
20260811_121452_stage_B_2C_4168a6e9,INEQ-LOWER-D016-H14-PF01,inequality,16,14,thermal,1,pf_lower_bound,true,29,3289,MW,0,NaN,
20260811_121452_stage_B_2C_4168a6e9,INEQ-UPPER-D016-H14-PF01,inequality,16,14,thermal,1,pf_upper_bound,true,30,3290,MW,0,NaN,
20260811_121452_stage_B_2C_4168a6e9,INEQ-LOWER-D016-H14-PF02,inequality,16,14,thermal,2,pf_lower_bound,true,31,3291,MW,0,NaN,
20260811_121452_stage_B_2C_4168a6e9,INEQ-UPPER-D016-H14-PF02,inequality,16,14,thermal,2,pf_upper_bound,true,32,3292,MW,0,NaN,
20260811_121452_stage_B_2C_4168a6e9,INEQ-LOWER-D016-H14-PF03,inequality,16,14,thermal,3,pf_lower_bound,true,33,3293,MW,0,NaN,
20260811_121452_stage_B_2C_4168a6e9,INEQ-UPPER-D016-H14-PF03,inequality,16,14,thermal,3,pf_upper_bound,true,34,3294,MW,0,NaN,
20260811_121452_stage_B_2C_4168a6e9,INEQ-LOWER-D016-H14-PF04,inequality,16,14,thermal,4,pf_lower_bound,true,35,3295,MW,0,NaN,
20260811_121452_stage_B_2C_4168a6e9,INEQ-UPPER-D016-H14-PF04,inequality,16,14,thermal,4,pf_upper_bound,true,36,3296,MW,0,NaN,
20260811_121452_stage_B_2C_4168a6e9,INEQ-LOWER-D016-H14-Pch01,inequality,16,14,storage,1,pch_lower_bound,true,37,3297,MW,0,NaN,
20260811_121452_stage_B_2C_4168a6e9,INEQ-UPPER-D016-H14-Pch01,inequality,16,14,storage,1,pch_upper_bound,true,38,3298,MW,0,NaN,
20260811_121452_stage_B_2C_4168a6e9,INEQ-LOWER-D016-H14-Pch02,inequality,16,14,storage,2,pch_lower_bound,true,39,3299,MW,0,NaN,
20260811_121452_stage_B_2C_4168a6e9,INEQ-UPPER-D016-H14-Pch02,inequality,16,14,storage,2,pch_upper_bound,true,40,3300,MW,0,NaN,
20260811_121452_stage_B_2C_4168a6e9,INEQ-LOWER-D016-H14-Pdis01,inequality,16,14,storage,1,pdis_lower_bound,true,41,3301,MW,0,NaN,
20260811_121452_stage_B_2C_4168a6e9,INEQ-UPPER-D016-H14-Pdis01,inequality,16,14,storage,1,pdis_upper_bound,true,42,3302,MW,0,NaN,
20260811_121452_stage_B_2C_4168a6e9,INEQ-LOWER-D016-H14-Pdis02,inequality,16,14,storage,2,pdis_lower_bound,true,43,3303,MW,0,NaN,
20260811_121452_stage_B_2C_4168a6e9,INEQ-UPPER-D016-H14-Pdis02,inequality,16,14,storage,2,pdis_upper_bound,true,44,3304,MW,0,NaN,
20260811_121452_stage_B_2C_4168a6e9,INEQ-LOWER-D016-H14-SOC01,inequality,16,14,storage,1,soc_lower_bound,true,45,3305,MWh,0,NaN,
20260811_121452_stage_B_2C_4168a6e9,INEQ-UPPER-D016-H14-SOC01,inequality,16,14,storage,1,soc_upper_bound,true,46,3306,MWh,0,NaN,
20260811_121452_stage_B_2C_4168a6e9,INEQ-LOWER-D016-H14-SOC02,inequality,16,14,storage,2,soc_lower_bound,true,47,3307,MWh,0,NaN,
20260811_121452_stage_B_2C_4168a6e9,INEQ-UPPER-D016-H14-SOC02,inequality,16,14,storage,2,soc_upper_bound,true,48,3308,MWh,0,NaN,
20260811_121452_stage_B_2C_4168a6e9,INEQ-LOWER-D016-H15-PW01,inequality,16,15,wind,1,pw_lower_bound,true,1,3309,MW,0,NaN,
20260811_121452_stage_B_2C_4168a6e9,INEQ-UPPER-D016-H15-PW01,inequality,16,15,wind,1,pw_upper_bound,true,2,3310,MW,0,NaN,
20260811_121452_stage_B_2C_4168a6e9,INEQ-LOWER-D016-H15-PW02,inequality,16,15,wind,2,pw_lower_bound,true,3,3311,MW,0,NaN,
20260811_121452_stage_B_2C_4168a6e9,INEQ-UPPER-D016-H15-PW02,inequality,16,15,wind,2,pw_upper_bound,true,4,3312,MW,0,NaN,
20260811_121452_stage_B_2C_4168a6e9,INEQ-LOWER-D016-H15-PW03,inequality,16,15,wind,3,pw_lower_bound,true,5,3313,MW,0,NaN,
20260811_121452_stage_B_2C_4168a6e9,INEQ-UPPER-D016-H15-PW03,inequality,16,15,wind,3,pw_upper_bound,true,6,3314,MW,0,NaN,
20260811_121452_stage_B_2C_4168a6e9,INEQ-LOWER-D016-H15-PW04,inequality,16,15,wind,4,pw_lower_bound,true,7,3315,MW,0,NaN,
20260811_121452_stage_B_2C_4168a6e9,INEQ-UPPER-D016-H15-PW04,inequality,16,15,wind,4,pw_upper_bound,true,8,3316,MW,0,NaN,
20260811_121452_stage_B_2C_4168a6e9,INEQ-LOWER-D016-H15-PW05,inequality,16,15,wind,5,pw_lower_bound,true,9,3317,MW,0,NaN,
20260811_121452_stage_B_2C_4168a6e9,INEQ-UPPER-D016-H15-PW05,inequality,16,15,wind,5,pw_upper_bound,true,10,3318,MW,0,NaN,
20260811_121452_stage_B_2C_4168a6e9,INEQ-LOWER-D016-H15-PP01,inequality,16,15,solar,1,pp_lower_bound,true,11,3319,MW,0,NaN,
20260811_121452_stage_B_2C_4168a6e9,INEQ-UPPER-D016-H15-PP01,inequality,16,15,solar,1,pp_upper_bound,true,12,3320,MW,0,NaN,
20260811_121452_stage_B_2C_4168a6e9,INEQ-LOWER-D016-H15-PP02,inequality,16,15,solar,2,pp_lower_bound,true,13,3321,MW,0,NaN,
20260811_121452_stage_B_2C_4168a6e9,INEQ-UPPER-D016-H15-PP02,inequality,16,15,solar,2,pp_upper_bound,true,14,3322,MW,0,NaN,
20260811_121452_stage_B_2C_4168a6e9,INEQ-LOWER-D016-H15-PP03,inequality,16,15,solar,3,pp_lower_bound,true,15,3323,MW,0,NaN,
20260811_121452_stage_B_2C_4168a6e9,INEQ-UPPER-D016-H15-PP03,inequality,16,15,solar,3,pp_upper_bound,true,16,3324,MW,0,NaN,
20260811_121452_stage_B_2C_4168a6e9,INEQ-LOWER-D016-H15-PP04,inequality,16,15,solar,4,pp_lower_bound,true,17,3325,MW,0,NaN,
20260811_121452_stage_B_2C_4168a6e9,INEQ-UPPER-D016-H15-PP04,inequality,16,15,solar,4,pp_upper_bound,true,18,3326,MW,0,NaN,
20260811_121452_stage_B_2C_4168a6e9,INEQ-LOWER-D016-H15-PP05,inequality,16,15,solar,5,pp_lower_bound,true,19,3327,MW,0,NaN,
20260811_121452_stage_B_2C_4168a6e9,INEQ-UPPER-D016-H15-PP05,inequality,16,15,solar,5,pp_upper_bound,true,20,3328,MW,0,NaN,
20260811_121452_stage_B_2C_4168a6e9,INEQ-LOWER-D016-H15-PH01,inequality,16,15,hydro,1,ph_lower_bound,true,21,3329,MW,0,NaN,
20260811_121452_stage_B_2C_4168a6e9,INEQ-UPPER-D016-H15-PH01,inequality,16,15,hydro,1,ph_upper_bound,true,22,3330,MW,0,NaN,
20260811_121452_stage_B_2C_4168a6e9,INEQ-LOWER-D016-H15-PH02,inequality,16,15,hydro,2,ph_lower_bound,true,23,3331,MW,0,NaN,
20260811_121452_stage_B_2C_4168a6e9,INEQ-UPPER-D016-H15-PH02,inequality,16,15,hydro,2,ph_upper_bound,true,24,3332,MW,0,NaN,
20260811_121452_stage_B_2C_4168a6e9,INEQ-LOWER-D016-H15-PH03,inequality,16,15,hydro,3,ph_lower_bound,true,25,3333,MW,0,NaN,
20260811_121452_stage_B_2C_4168a6e9,INEQ-UPPER-D016-H15-PH03,inequality,16,15,hydro,3,ph_upper_bound,true,26,3334,MW,0,NaN,
20260811_121452_stage_B_2C_4168a6e9,INEQ-LOWER-D016-H15-PH04,inequality,16,15,hydro,4,ph_lower_bound,true,27,3335,MW,0,NaN,
20260811_121452_stage_B_2C_4168a6e9,INEQ-UPPER-D016-H15-PH04,inequality,16,15,hydro,4,ph_upper_bound,true,28,3336,MW,0,NaN,
20260811_121452_stage_B_2C_4168a6e9,INEQ-LOWER-D016-H15-PF01,inequality,16,15,thermal,1,pf_lower_bound,true,29,3337,MW,0,NaN,
20260811_121452_stage_B_2C_4168a6e9,INEQ-UPPER-D016-H15-PF01,inequality,16,15,thermal,1,pf_upper_bound,true,30,3338,MW,0,NaN,
20260811_121452_stage_B_2C_4168a6e9,INEQ-LOWER-D016-H15-PF02,inequality,16,15,thermal,2,pf_lower_bound,true,31,3339,MW,0,NaN,
20260811_121452_stage_B_2C_4168a6e9,INEQ-UPPER-D016-H15-PF02,inequality,16,15,thermal,2,pf_upper_bound,true,32,3340,MW,0,NaN,
20260811_121452_stage_B_2C_4168a6e9,INEQ-LOWER-D016-H15-PF03,inequality,16,15,thermal,3,pf_lower_bound,true,33,3341,MW,0,NaN,
20260811_121452_stage_B_2C_4168a6e9,INEQ-UPPER-D016-H15-PF03,inequality,16,15,thermal,3,pf_upper_bound,true,34,3342,MW,0,NaN,
20260811_121452_stage_B_2C_4168a6e9,INEQ-LOWER-D016-H15-PF04,inequality,16,15,thermal,4,pf_lower_bound,true,35,3343,MW,0,NaN,
20260811_121452_stage_B_2C_4168a6e9,INEQ-UPPER-D016-H15-PF04,inequality,16,15,thermal,4,pf_upper_bound,true,36,3344,MW,0,NaN,
20260811_121452_stage_B_2C_4168a6e9,INEQ-LOWER-D016-H15-Pch01,inequality,16,15,storage,1,pch_lower_bound,true,37,3345,MW,0,NaN,
20260811_121452_stage_B_2C_4168a6e9,INEQ-UPPER-D016-H15-Pch01,inequality,16,15,storage,1,pch_upper_bound,true,38,3346,MW,0,NaN,
20260811_121452_stage_B_2C_4168a6e9,INEQ-LOWER-D016-H15-Pch02,inequality,16,15,storage,2,pch_lower_bound,true,39,3347,MW,0,NaN,
20260811_121452_stage_B_2C_4168a6e9,INEQ-UPPER-D016-H15-Pch02,inequality,16,15,storage,2,pch_upper_bound,true,40,3348,MW,0,NaN,
20260811_121452_stage_B_2C_4168a6e9,INEQ-LOWER-D016-H15-Pdis01,inequality,16,15,storage,1,pdis_lower_bound,true,41,3349,MW,0,NaN,
20260811_121452_stage_B_2C_4168a6e9,INEQ-UPPER-D016-H15-Pdis01,inequality,16,15,storage,1,pdis_upper_bound,true,42,3350,MW,0,NaN,
20260811_121452_stage_B_2C_4168a6e9,INEQ-LOWER-D016-H15-Pdis02,inequality,16,15,storage,2,pdis_lower_bound,true,43,3351,MW,0,NaN,
20260811_121452_stage_B_2C_4168a6e9,INEQ-UPPER-D016-H15-Pdis02,inequality,16,15,storage,2,pdis_upper_bound,true,44,3352,MW,0,NaN,
20260811_121452_stage_B_2C_4168a6e9,INEQ-LOWER-D016-H15-SOC01,inequality,16,15,storage,1,soc_lower_bound,true,45,3353,MWh,0,NaN,
20260811_121452_stage_B_2C_4168a6e9,INEQ-UPPER-D016-H15-SOC01,inequality,16,15,storage,1,soc_upper_bound,true,46,3354,MWh,0,NaN,
20260811_121452_stage_B_2C_4168a6e9,INEQ-LOWER-D016-H15-SOC02,inequality,16,15,storage,2,soc_lower_bound,true,47,3355,MWh,0,NaN,
20260811_121452_stage_B_2C_4168a6e9,INEQ-UPPER-D016-H15-SOC02,inequality,16,15,storage,2,soc_upper_bound,true,48,3356,MWh,0,NaN,
20260811_121452_stage_B_2C_4168a6e9,INEQ-LOWER-D016-H16-PW01,inequality,16,16,wind,1,pw_lower_bound,true,1,3357,MW,0,NaN,
20260811_121452_stage_B_2C_4168a6e9,INEQ-UPPER-D016-H16-PW01,inequality,16,16,wind,1,pw_upper_bound,true,2,3358,MW,0,NaN,
20260811_121452_stage_B_2C_4168a6e9,INEQ-LOWER-D016-H16-PW02,inequality,16,16,wind,2,pw_lower_bound,true,3,3359,MW,0,NaN,
20260811_121452_stage_B_2C_4168a6e9,INEQ-UPPER-D016-H16-PW02,inequality,16,16,wind,2,pw_upper_bound,true,4,3360,MW,0,NaN,
20260811_121452_stage_B_2C_4168a6e9,INEQ-LOWER-D016-H16-PW03,inequality,16,16,wind,3,pw_lower_bound,true,5,3361,MW,0,NaN,
20260811_121452_stage_B_2C_4168a6e9,INEQ-UPPER-D016-H16-PW03,inequality,16,16,wind,3,pw_upper_bound,true,6,3362,MW,0,NaN,
20260811_121452_stage_B_2C_4168a6e9,INEQ-LOWER-D016-H16-PW04,inequality,16,16,wind,4,pw_lower_bound,true,7,3363,MW,0,NaN,
20260811_121452_stage_B_2C_4168a6e9,INEQ-UPPER-D016-H16-PW04,inequality,16,16,wind,4,pw_upper_bound,true,8,3364,MW,0,NaN,
20260811_121452_stage_B_2C_4168a6e9,INEQ-LOWER-D016-H16-PW05,inequality,16,16,wind,5,pw_lower_bound,true,9,3365,MW,0,NaN,
20260811_121452_stage_B_2C_4168a6e9,INEQ-UPPER-D016-H16-PW05,inequality,16,16,wind,5,pw_upper_bound,true,10,3366,MW,0,NaN,
20260811_121452_stage_B_2C_4168a6e9,INEQ-LOWER-D016-H16-PP01,inequality,16,16,solar,1,pp_lower_bound,true,11,3367,MW,0,NaN,
20260811_121452_stage_B_2C_4168a6e9,INEQ-UPPER-D016-H16-PP01,inequality,16,16,solar,1,pp_upper_bound,true,12,3368,MW,0,NaN,
20260811_121452_stage_B_2C_4168a6e9,INEQ-LOWER-D016-H16-PP02,inequality,16,16,solar,2,pp_lower_bound,true,13,3369,MW,0,NaN,
20260811_121452_stage_B_2C_4168a6e9,INEQ-UPPER-D016-H16-PP02,inequality,16,16,solar,2,pp_upper_bound,true,14,3370,MW,0,NaN,
20260811_121452_stage_B_2C_4168a6e9,INEQ-LOWER-D016-H16-PP03,inequality,16,16,solar,3,pp_lower_bound,true,15,3371,MW,0,NaN,
20260811_121452_stage_B_2C_4168a6e9,INEQ-UPPER-D016-H16-PP03,inequality,16,16,solar,3,pp_upper_bound,true,16,3372,MW,0,NaN,
20260811_121452_stage_B_2C_4168a6e9,INEQ-LOWER-D016-H16-PP04,inequality,16,16,solar,4,pp_lower_bound,true,17,3373,MW,0,NaN,
20260811_121452_stage_B_2C_4168a6e9,INEQ-UPPER-D016-H16-PP04,inequality,16,16,solar,4,pp_upper_bound,true,18,3374,MW,0,NaN,
20260811_121452_stage_B_2C_4168a6e9,INEQ-LOWER-D016-H16-PP05,inequality,16,16,solar,5,pp_lower_bound,true,19,3375,MW,0,NaN,
20260811_121452_stage_B_2C_4168a6e9,INEQ-UPPER-D016-H16-PP05,inequality,16,16,solar,5,pp_upper_bound,true,20,3376,MW,0,NaN,
20260811_121452_stage_B_2C_4168a6e9,INEQ-LOWER-D016-H16-PH01,inequality,16,16,hydro,1,ph_lower_bound,true,21,3377,MW,0,NaN,
20260811_121452_stage_B_2C_4168a6e9,INEQ-UPPER-D016-H16-PH01,inequality,16,16,hydro,1,ph_upper_bound,true,22,3378,MW,0,NaN,
20260811_121452_stage_B_2C_4168a6e9,INEQ-LOWER-D016-H16-PH02,inequality,16,16,hydro,2,ph_lower_bound,true,23,3379,MW,0,NaN,
20260811_121452_stage_B_2C_4168a6e9,INEQ-UPPER-D016-H16-PH02,inequality,16,16,hydro,2,ph_upper_bound,true,24,3380,MW,0,NaN,
20260811_121452_stage_B_2C_4168a6e9,INEQ-LOWER-D016-H16-PH03,inequality,16,16,hydro,3,ph_lower_bound,true,25,3381,MW,0,NaN,
20260811_121452_stage_B_2C_4168a6e9,INEQ-UPPER-D016-H16-PH03,inequality,16,16,hydro,3,ph_upper_bound,true,26,3382,MW,0,NaN,
20260811_121452_stage_B_2C_4168a6e9,INEQ-LOWER-D016-H16-PH04,inequality,16,16,hydro,4,ph_lower_bound,true,27,3383,MW,0,NaN,
20260811_121452_stage_B_2C_4168a6e9,INEQ-UPPER-D016-H16-PH04,inequality,16,16,hydro,4,ph_upper_bound,true,28,3384,MW,0,NaN,
20260811_121452_stage_B_2C_4168a6e9,INEQ-LOWER-D016-H16-PF01,inequality,16,16,thermal,1,pf_lower_bound,true,29,3385,MW,0,NaN,
20260811_121452_stage_B_2C_4168a6e9,INEQ-UPPER-D016-H16-PF01,inequality,16,16,thermal,1,pf_upper_bound,true,30,3386,MW,0,NaN,
20260811_121452_stage_B_2C_4168a6e9,INEQ-LOWER-D016-H16-PF02,inequality,16,16,thermal,2,pf_lower_bound,true,31,3387,MW,0,NaN,
20260811_121452_stage_B_2C_4168a6e9,INEQ-UPPER-D016-H16-PF02,inequality,16,16,thermal,2,pf_upper_bound,true,32,3388,MW,0,NaN,
20260811_121452_stage_B_2C_4168a6e9,INEQ-LOWER-D016-H16-PF03,inequality,16,16,thermal,3,pf_lower_bound,true,33,3389,MW,0,NaN,
20260811_121452_stage_B_2C_4168a6e9,INEQ-UPPER-D016-H16-PF03,inequality,16,16,thermal,3,pf_upper_bound,true,34,3390,MW,0,NaN,
20260811_121452_stage_B_2C_4168a6e9,INEQ-LOWER-D016-H16-PF04,inequality,16,16,thermal,4,pf_lower_bound,true,35,3391,MW,0,NaN,
20260811_121452_stage_B_2C_4168a6e9,INEQ-UPPER-D016-H16-PF04,inequality,16,16,thermal,4,pf_upper_bound,true,36,3392,MW,0,NaN,
20260811_121452_stage_B_2C_4168a6e9,INEQ-LOWER-D016-H16-Pch01,inequality,16,16,storage,1,pch_lower_bound,true,37,3393,MW,0,NaN,
20260811_121452_stage_B_2C_4168a6e9,INEQ-UPPER-D016-H16-Pch01,inequality,16,16,storage,1,pch_upper_bound,true,38,3394,MW,0,NaN,
20260811_121452_stage_B_2C_4168a6e9,INEQ-LOWER-D016-H16-Pch02,inequality,16,16,storage,2,pch_lower_bound,true,39,3395,MW,0,NaN,
20260811_121452_stage_B_2C_4168a6e9,INEQ-UPPER-D016-H16-Pch02,inequality,16,16,storage,2,pch_upper_bound,true,40,3396,MW,0,NaN,
20260811_121452_stage_B_2C_4168a6e9,INEQ-LOWER-D016-H16-Pdis01,inequality,16,16,storage,1,pdis_lower_bound,true,41,3397,MW,0,NaN,
20260811_121452_stage_B_2C_4168a6e9,INEQ-UPPER-D016-H16-Pdis01,inequality,16,16,storage,1,pdis_upper_bound,true,42,3398,MW,0,NaN,
20260811_121452_stage_B_2C_4168a6e9,INEQ-LOWER-D016-H16-Pdis02,inequality,16,16,storage,2,pdis_lower_bound,true,43,3399,MW,0,NaN,
20260811_121452_stage_B_2C_4168a6e9,INEQ-UPPER-D016-H16-Pdis02,inequality,16,16,storage,2,pdis_upper_bound,true,44,3400,MW,0,NaN,
20260811_121452_stage_B_2C_4168a6e9,INEQ-LOWER-D016-H16-SOC01,inequality,16,16,storage,1,soc_lower_bound,true,45,3401,MWh,0,NaN,
20260811_121452_stage_B_2C_4168a6e9,INEQ-UPPER-D016-H16-SOC01,inequality,16,16,storage,1,soc_upper_bound,true,46,3402,MWh,0,NaN,
20260811_121452_stage_B_2C_4168a6e9,INEQ-LOWER-D016-H16-SOC02,inequality,16,16,storage,2,soc_lower_bound,true,47,3403,MWh,0,NaN,
20260811_121452_stage_B_2C_4168a6e9,INEQ-UPPER-D016-H16-SOC02,inequality,16,16,storage,2,soc_upper_bound,true,48,3404,MWh,0,NaN,
20260811_121452_stage_B_2C_4168a6e9,INEQ-LOWER-D016-H17-PW01,inequality,16,17,wind,1,pw_lower_bound,true,1,3405,MW,0,NaN,
20260811_121452_stage_B_2C_4168a6e9,INEQ-UPPER-D016-H17-PW01,inequality,16,17,wind,1,pw_upper_bound,true,2,3406,MW,0,NaN,
20260811_121452_stage_B_2C_4168a6e9,INEQ-LOWER-D016-H17-PW02,inequality,16,17,wind,2,pw_lower_bound,true,3,3407,MW,0,NaN,
20260811_121452_stage_B_2C_4168a6e9,INEQ-UPPER-D016-H17-PW02,inequality,16,17,wind,2,pw_upper_bound,true,4,3408,MW,0,NaN,
20260811_121452_stage_B_2C_4168a6e9,INEQ-LOWER-D016-H17-PW03,inequality,16,17,wind,3,pw_lower_bound,true,5,3409,MW,0,NaN,
20260811_121452_stage_B_2C_4168a6e9,INEQ-UPPER-D016-H17-PW03,inequality,16,17,wind,3,pw_upper_bound,true,6,3410,MW,0,NaN,
20260811_121452_stage_B_2C_4168a6e9,INEQ-LOWER-D016-H17-PW04,inequality,16,17,wind,4,pw_lower_bound,true,7,3411,MW,0,NaN,
20260811_121452_stage_B_2C_4168a6e9,INEQ-UPPER-D016-H17-PW04,inequality,16,17,wind,4,pw_upper_bound,true,8,3412,MW,0,NaN,
20260811_121452_stage_B_2C_4168a6e9,INEQ-LOWER-D016-H17-PW05,inequality,16,17,wind,5,pw_lower_bound,true,9,3413,MW,0,NaN,
20260811_121452_stage_B_2C_4168a6e9,INEQ-UPPER-D016-H17-PW05,inequality,16,17,wind,5,pw_upper_bound,true,10,3414,MW,0,NaN,
20260811_121452_stage_B_2C_4168a6e9,INEQ-LOWER-D016-H17-PP01,inequality,16,17,solar,1,pp_lower_bound,true,11,3415,MW,0,NaN,
20260811_121452_stage_B_2C_4168a6e9,INEQ-UPPER-D016-H17-PP01,inequality,16,17,solar,1,pp_upper_bound,true,12,3416,MW,0,NaN,
20260811_121452_stage_B_2C_4168a6e9,INEQ-LOWER-D016-H17-PP02,inequality,16,17,solar,2,pp_lower_bound,true,13,3417,MW,0,NaN,
20260811_121452_stage_B_2C_4168a6e9,INEQ-UPPER-D016-H17-PP02,inequality,16,17,solar,2,pp_upper_bound,true,14,3418,MW,0,NaN,
20260811_121452_stage_B_2C_4168a6e9,INEQ-LOWER-D016-H17-PP03,inequality,16,17,solar,3,pp_lower_bound,true,15,3419,MW,0,NaN,
20260811_121452_stage_B_2C_4168a6e9,INEQ-UPPER-D016-H17-PP03,inequality,16,17,solar,3,pp_upper_bound,true,16,3420,MW,0,NaN,
20260811_121452_stage_B_2C_4168a6e9,INEQ-LOWER-D016-H17-PP04,inequality,16,17,solar,4,pp_lower_bound,true,17,3421,MW,0,NaN,
20260811_121452_stage_B_2C_4168a6e9,INEQ-UPPER-D016-H17-PP04,inequality,16,17,solar,4,pp_upper_bound,true,18,3422,MW,0,NaN,
20260811_121452_stage_B_2C_4168a6e9,INEQ-LOWER-D016-H17-PP05,inequality,16,17,solar,5,pp_lower_bound,true,19,3423,MW,0,NaN,
20260811_121452_stage_B_2C_4168a6e9,INEQ-UPPER-D016-H17-PP05,inequality,16,17,solar,5,pp_upper_bound,true,20,3424,MW,0,NaN,
20260811_121452_stage_B_2C_4168a6e9,INEQ-LOWER-D016-H17-PH01,inequality,16,17,hydro,1,ph_lower_bound,true,21,3425,MW,0,NaN,
20260811_121452_stage_B_2C_4168a6e9,INEQ-UPPER-D016-H17-PH01,inequality,16,17,hydro,1,ph_upper_bound,true,22,3426,MW,0,NaN,
20260811_121452_stage_B_2C_4168a6e9,INEQ-LOWER-D016-H17-PH02,inequality,16,17,hydro,2,ph_lower_bound,true,23,3427,MW,0,NaN,
20260811_121452_stage_B_2C_4168a6e9,INEQ-UPPER-D016-H17-PH02,inequality,16,17,hydro,2,ph_upper_bound,true,24,3428,MW,0,NaN,
20260811_121452_stage_B_2C_4168a6e9,INEQ-LOWER-D016-H17-PH03,inequality,16,17,hydro,3,ph_lower_bound,true,25,3429,MW,0,NaN,
20260811_121452_stage_B_2C_4168a6e9,INEQ-UPPER-D016-H17-PH03,inequality,16,17,hydro,3,ph_upper_bound,true,26,3430,MW,0,NaN,
20260811_121452_stage_B_2C_4168a6e9,INEQ-LOWER-D016-H17-PH04,inequality,16,17,hydro,4,ph_lower_bound,true,27,3431,MW,0,NaN,
20260811_121452_stage_B_2C_4168a6e9,INEQ-UPPER-D016-H17-PH04,inequality,16,17,hydro,4,ph_upper_bound,true,28,3432,MW,0,NaN,
20260811_121452_stage_B_2C_4168a6e9,INEQ-LOWER-D016-H17-PF01,inequality,16,17,thermal,1,pf_lower_bound,true,29,3433,MW,0,NaN,
20260811_121452_stage_B_2C_4168a6e9,INEQ-UPPER-D016-H17-PF01,inequality,16,17,thermal,1,pf_upper_bound,true,30,3434,MW,0,NaN,
20260811_121452_stage_B_2C_4168a6e9,INEQ-LOWER-D016-H17-PF02,inequality,16,17,thermal,2,pf_lower_bound,true,31,3435,MW,0,NaN,
20260811_121452_stage_B_2C_4168a6e9,INEQ-UPPER-D016-H17-PF02,inequality,16,17,thermal,2,pf_upper_bound,true,32,3436,MW,0,NaN,
20260811_121452_stage_B_2C_4168a6e9,INEQ-LOWER-D016-H17-PF03,inequality,16,17,thermal,3,pf_lower_bound,true,33,3437,MW,0,NaN,
20260811_121452_stage_B_2C_4168a6e9,INEQ-UPPER-D016-H17-PF03,inequality,16,17,thermal,3,pf_upper_bound,true,34,3438,MW,0,NaN,
20260811_121452_stage_B_2C_4168a6e9,INEQ-LOWER-D016-H17-PF04,inequality,16,17,thermal,4,pf_lower_bound,true,35,3439,MW,0,NaN,
20260811_121452_stage_B_2C_4168a6e9,INEQ-UPPER-D016-H17-PF04,inequality,16,17,thermal,4,pf_upper_bound,true,36,3440,MW,0,NaN,
20260811_121452_stage_B_2C_4168a6e9,INEQ-LOWER-D016-H17-Pch01,inequality,16,17,storage,1,pch_lower_bound,true,37,3441,MW,0,NaN,
20260811_121452_stage_B_2C_4168a6e9,INEQ-UPPER-D016-H17-Pch01,inequality,16,17,storage,1,pch_upper_bound,true,38,3442,MW,0,NaN,
20260811_121452_stage_B_2C_4168a6e9,INEQ-LOWER-D016-H17-Pch02,inequality,16,17,storage,2,pch_lower_bound,true,39,3443,MW,0,NaN,
20260811_121452_stage_B_2C_4168a6e9,INEQ-UPPER-D016-H17-Pch02,inequality,16,17,storage,2,pch_upper_bound,true,40,3444,MW,0,NaN,
20260811_121452_stage_B_2C_4168a6e9,INEQ-LOWER-D016-H17-Pdis01,inequality,16,17,storage,1,pdis_lower_bound,true,41,3445,MW,0,NaN,
20260811_121452_stage_B_2C_4168a6e9,INEQ-UPPER-D016-H17-Pdis01,inequality,16,17,storage,1,pdis_upper_bound,true,42,3446,MW,0,NaN,
20260811_121452_stage_B_2C_4168a6e9,INEQ-LOWER-D016-H17-Pdis02,inequality,16,17,storage,2,pdis_lower_bound,true,43,3447,MW,0,NaN,
20260811_121452_stage_B_2C_4168a6e9,INEQ-UPPER-D016-H17-Pdis02,inequality,16,17,storage,2,pdis_upper_bound,true,44,3448,MW,0,NaN,
20260811_121452_stage_B_2C_4168a6e9,INEQ-LOWER-D016-H17-SOC01,inequality,16,17,storage,1,soc_lower_bound,true,45,3449,MWh,0,NaN,
20260811_121452_stage_B_2C_4168a6e9,INEQ-UPPER-D016-H17-SOC01,inequality,16,17,storage,1,soc_upper_bound,true,46,3450,MWh,0,NaN,
20260811_121452_stage_B_2C_4168a6e9,INEQ-LOWER-D016-H17-SOC02,inequality,16,17,storage,2,soc_lower_bound,true,47,3451,MWh,0,NaN,
20260811_121452_stage_B_2C_4168a6e9,INEQ-UPPER-D016-H17-SOC02,inequality,16,17,storage,2,soc_upper_bound,true,48,3452,MWh,0,NaN,
20260811_121452_stage_B_2C_4168a6e9,INEQ-LOWER-D016-H18-PW01,inequality,16,18,wind,1,pw_lower_bound,true,1,3453,MW,0,NaN,
20260811_121452_stage_B_2C_4168a6e9,INEQ-UPPER-D016-H18-PW01,inequality,16,18,wind,1,pw_upper_bound,true,2,3454,MW,0,NaN,
20260811_121452_stage_B_2C_4168a6e9,INEQ-LOWER-D016-H18-PW02,inequality,16,18,wind,2,pw_lower_bound,true,3,3455,MW,0,NaN,
20260811_121452_stage_B_2C_4168a6e9,INEQ-UPPER-D016-H18-PW02,inequality,16,18,wind,2,pw_upper_bound,true,4,3456,MW,0,NaN,
20260811_121452_stage_B_2C_4168a6e9,INEQ-LOWER-D016-H18-PW03,inequality,16,18,wind,3,pw_lower_bound,true,5,3457,MW,0,NaN,
20260811_121452_stage_B_2C_4168a6e9,INEQ-UPPER-D016-H18-PW03,inequality,16,18,wind,3,pw_upper_bound,true,6,3458,MW,0,NaN,
20260811_121452_stage_B_2C_4168a6e9,INEQ-LOWER-D016-H18-PW04,inequality,16,18,wind,4,pw_lower_bound,true,7,3459,MW,0,NaN,
20260811_121452_stage_B_2C_4168a6e9,INEQ-UPPER-D016-H18-PW04,inequality,16,18,wind,4,pw_upper_bound,true,8,3460,MW,0,NaN,
20260811_121452_stage_B_2C_4168a6e9,INEQ-LOWER-D016-H18-PW05,inequality,16,18,wind,5,pw_lower_bound,true,9,3461,MW,0,NaN,
20260811_121452_stage_B_2C_4168a6e9,INEQ-UPPER-D016-H18-PW05,inequality,16,18,wind,5,pw_upper_bound,true,10,3462,MW,0,NaN,
20260811_121452_stage_B_2C_4168a6e9,INEQ-LOWER-D016-H18-PP01,inequality,16,18,solar,1,pp_lower_bound,true,11,3463,MW,0,NaN,
20260811_121452_stage_B_2C_4168a6e9,INEQ-UPPER-D016-H18-PP01,inequality,16,18,solar,1,pp_upper_bound,true,12,3464,MW,0,NaN,
20260811_121452_stage_B_2C_4168a6e9,INEQ-LOWER-D016-H18-PP02,inequality,16,18,solar,2,pp_lower_bound,true,13,3465,MW,0,NaN,
20260811_121452_stage_B_2C_4168a6e9,INEQ-UPPER-D016-H18-PP02,inequality,16,18,solar,2,pp_upper_bound,true,14,3466,MW,0,NaN,
20260811_121452_stage_B_2C_4168a6e9,INEQ-LOWER-D016-H18-PP03,inequality,16,18,solar,3,pp_lower_bound,true,15,3467,MW,0,NaN,
20260811_121452_stage_B_2C_4168a6e9,INEQ-UPPER-D016-H18-PP03,inequality,16,18,solar,3,pp_upper_bound,true,16,3468,MW,0,NaN,
20260811_121452_stage_B_2C_4168a6e9,INEQ-LOWER-D016-H18-PP04,inequality,16,18,solar,4,pp_lower_bound,true,17,3469,MW,0,NaN,
20260811_121452_stage_B_2C_4168a6e9,INEQ-UPPER-D016-H18-PP04,inequality,16,18,solar,4,pp_upper_bound,true,18,3470,MW,0,NaN,
20260811_121452_stage_B_2C_4168a6e9,INEQ-LOWER-D016-H18-PP05,inequality,16,18,solar,5,pp_lower_bound,true,19,3471,MW,0,NaN,
20260811_121452_stage_B_2C_4168a6e9,INEQ-UPPER-D016-H18-PP05,inequality,16,18,solar,5,pp_upper_bound,true,20,3472,MW,0,NaN,
20260811_121452_stage_B_2C_4168a6e9,INEQ-LOWER-D016-H18-PH01,inequality,16,18,hydro,1,ph_lower_bound,true,21,3473,MW,0,NaN,
20260811_121452_stage_B_2C_4168a6e9,INEQ-UPPER-D016-H18-PH01,inequality,16,18,hydro,1,ph_upper_bound,true,22,3474,MW,0,NaN,
20260811_121452_stage_B_2C_4168a6e9,INEQ-LOWER-D016-H18-PH02,inequality,16,18,hydro,2,ph_lower_bound,true,23,3475,MW,0,NaN,
20260811_121452_stage_B_2C_4168a6e9,INEQ-UPPER-D016-H18-PH02,inequality,16,18,hydro,2,ph_upper_bound,true,24,3476,MW,0,NaN,
20260811_121452_stage_B_2C_4168a6e9,INEQ-LOWER-D016-H18-PH03,inequality,16,18,hydro,3,ph_lower_bound,true,25,3477,MW,0,NaN,
20260811_121452_stage_B_2C_4168a6e9,INEQ-UPPER-D016-H18-PH03,inequality,16,18,hydro,3,ph_upper_bound,true,26,3478,MW,0,NaN,
20260811_121452_stage_B_2C_4168a6e9,INEQ-LOWER-D016-H18-PH04,inequality,16,18,hydro,4,ph_lower_bound,true,27,3479,MW,0,NaN,
20260811_121452_stage_B_2C_4168a6e9,INEQ-UPPER-D016-H18-PH04,inequality,16,18,hydro,4,ph_upper_bound,true,28,3480,MW,0,NaN,
20260811_121452_stage_B_2C_4168a6e9,INEQ-LOWER-D016-H18-PF01,inequality,16,18,thermal,1,pf_lower_bound,true,29,3481,MW,0,NaN,
20260811_121452_stage_B_2C_4168a6e9,INEQ-UPPER-D016-H18-PF01,inequality,16,18,thermal,1,pf_upper_bound,true,30,3482,MW,0,NaN,
20260811_121452_stage_B_2C_4168a6e9,INEQ-LOWER-D016-H18-PF02,inequality,16,18,thermal,2,pf_lower_bound,true,31,3483,MW,0,NaN,
20260811_121452_stage_B_2C_4168a6e9,INEQ-UPPER-D016-H18-PF02,inequality,16,18,thermal,2,pf_upper_bound,true,32,3484,MW,0,NaN,
20260811_121452_stage_B_2C_4168a6e9,INEQ-LOWER-D016-H18-PF03,inequality,16,18,thermal,3,pf_lower_bound,true,33,3485,MW,0,NaN,
20260811_121452_stage_B_2C_4168a6e9,INEQ-UPPER-D016-H18-PF03,inequality,16,18,thermal,3,pf_upper_bound,true,34,3486,MW,0,NaN,
20260811_121452_stage_B_2C_4168a6e9,INEQ-LOWER-D016-H18-PF04,inequality,16,18,thermal,4,pf_lower_bound,true,35,3487,MW,0,NaN,
20260811_121452_stage_B_2C_4168a6e9,INEQ-UPPER-D016-H18-PF04,inequality,16,18,thermal,4,pf_upper_bound,true,36,3488,MW,0,NaN,
20260811_121452_stage_B_2C_4168a6e9,INEQ-LOWER-D016-H18-Pch01,inequality,16,18,storage,1,pch_lower_bound,true,37,3489,MW,0,NaN,
20260811_121452_stage_B_2C_4168a6e9,INEQ-UPPER-D016-H18-Pch01,inequality,16,18,storage,1,pch_upper_bound,true,38,3490,MW,0,NaN,
20260811_121452_stage_B_2C_4168a6e9,INEQ-LOWER-D016-H18-Pch02,inequality,16,18,storage,2,pch_lower_bound,true,39,3491,MW,0,NaN,
20260811_121452_stage_B_2C_4168a6e9,INEQ-UPPER-D016-H18-Pch02,inequality,16,18,storage,2,pch_upper_bound,true,40,3492,MW,0,NaN,
20260811_121452_stage_B_2C_4168a6e9,INEQ-LOWER-D016-H18-Pdis01,inequality,16,18,storage,1,pdis_lower_bound,true,41,3493,MW,0,NaN,
20260811_121452_stage_B_2C_4168a6e9,INEQ-UPPER-D016-H18-Pdis01,inequality,16,18,storage,1,pdis_upper_bound,true,42,3494,MW,0,NaN,
20260811_121452_stage_B_2C_4168a6e9,INEQ-LOWER-D016-H18-Pdis02,inequality,16,18,storage,2,pdis_lower_bound,true,43,3495,MW,0,NaN,
20260811_121452_stage_B_2C_4168a6e9,INEQ-UPPER-D016-H18-Pdis02,inequality,16,18,storage,2,pdis_upper_bound,true,44,3496,MW,0,NaN,
20260811_121452_stage_B_2C_4168a6e9,INEQ-LOWER-D016-H18-SOC01,inequality,16,18,storage,1,soc_lower_bound,true,45,3497,MWh,0,NaN,
20260811_121452_stage_B_2C_4168a6e9,INEQ-UPPER-D016-H18-SOC01,inequality,16,18,storage,1,soc_upper_bound,true,46,3498,MWh,0,NaN,
20260811_121452_stage_B_2C_4168a6e9,INEQ-LOWER-D016-H18-SOC02,inequality,16,18,storage,2,soc_lower_bound,true,47,3499,MWh,0,NaN,
20260811_121452_stage_B_2C_4168a6e9,INEQ-UPPER-D016-H18-SOC02,inequality,16,18,storage,2,soc_upper_bound,true,48,3500,MWh,0,NaN,
20260811_121452_stage_B_2C_4168a6e9,INEQ-LOWER-D016-H19-PW01,inequality,16,19,wind,1,pw_lower_bound,true,1,3501,MW,0,NaN,
20260811_121452_stage_B_2C_4168a6e9,INEQ-UPPER-D016-H19-PW01,inequality,16,19,wind,1,pw_upper_bound,true,2,3502,MW,0,NaN,
20260811_121452_stage_B_2C_4168a6e9,INEQ-LOWER-D016-H19-PW02,inequality,16,19,wind,2,pw_lower_bound,true,3,3503,MW,0,NaN,
20260811_121452_stage_B_2C_4168a6e9,INEQ-UPPER-D016-H19-PW02,inequality,16,19,wind,2,pw_upper_bound,true,4,3504,MW,0,NaN,
20260811_121452_stage_B_2C_4168a6e9,INEQ-LOWER-D016-H19-PW03,inequality,16,19,wind,3,pw_lower_bound,true,5,3505,MW,0,NaN,
20260811_121452_stage_B_2C_4168a6e9,INEQ-UPPER-D016-H19-PW03,inequality,16,19,wind,3,pw_upper_bound,true,6,3506,MW,0,NaN,
20260811_121452_stage_B_2C_4168a6e9,INEQ-LOWER-D016-H19-PW04,inequality,16,19,wind,4,pw_lower_bound,true,7,3507,MW,0,NaN,
20260811_121452_stage_B_2C_4168a6e9,INEQ-UPPER-D016-H19-PW04,inequality,16,19,wind,4,pw_upper_bound,true,8,3508,MW,0,NaN,
20260811_121452_stage_B_2C_4168a6e9,INEQ-LOWER-D016-H19-PW05,inequality,16,19,wind,5,pw_lower_bound,true,9,3509,MW,0,NaN,
20260811_121452_stage_B_2C_4168a6e9,INEQ-UPPER-D016-H19-PW05,inequality,16,19,wind,5,pw_upper_bound,true,10,3510,MW,0,NaN,
20260811_121452_stage_B_2C_4168a6e9,INEQ-LOWER-D016-H19-PP01,inequality,16,19,solar,1,pp_lower_bound,true,11,3511,MW,0,NaN,
20260811_121452_stage_B_2C_4168a6e9,INEQ-UPPER-D016-H19-PP01,inequality,16,19,solar,1,pp_upper_bound,true,12,3512,MW,0,NaN,
20260811_121452_stage_B_2C_4168a6e9,INEQ-LOWER-D016-H19-PP02,inequality,16,19,solar,2,pp_lower_bound,true,13,3513,MW,0,NaN,
20260811_121452_stage_B_2C_4168a6e9,INEQ-UPPER-D016-H19-PP02,inequality,16,19,solar,2,pp_upper_bound,true,14,3514,MW,0,NaN,
20260811_121452_stage_B_2C_4168a6e9,INEQ-LOWER-D016-H19-PP03,inequality,16,19,solar,3,pp_lower_bound,true,15,3515,MW,0,NaN,
20260811_121452_stage_B_2C_4168a6e9,INEQ-UPPER-D016-H19-PP03,inequality,16,19,solar,3,pp_upper_bound,true,16,3516,MW,0,NaN,
20260811_121452_stage_B_2C_4168a6e9,INEQ-LOWER-D016-H19-PP04,inequality,16,19,solar,4,pp_lower_bound,true,17,3517,MW,0,NaN,
20260811_121452_stage_B_2C_4168a6e9,INEQ-UPPER-D016-H19-PP04,inequality,16,19,solar,4,pp_upper_bound,true,18,3518,MW,0,NaN,
20260811_121452_stage_B_2C_4168a6e9,INEQ-LOWER-D016-H19-PP05,inequality,16,19,solar,5,pp_lower_bound,true,19,3519,MW,0,NaN,
20260811_121452_stage_B_2C_4168a6e9,INEQ-UPPER-D016-H19-PP05,inequality,16,19,solar,5,pp_upper_bound,true,20,3520,MW,0,NaN,
20260811_121452_stage_B_2C_4168a6e9,INEQ-LOWER-D016-H19-PH01,inequality,16,19,hydro,1,ph_lower_bound,true,21,3521,MW,0,NaN,
20260811_121452_stage_B_2C_4168a6e9,INEQ-UPPER-D016-H19-PH01,inequality,16,19,hydro,1,ph_upper_bound,true,22,3522,MW,0,NaN,
20260811_121452_stage_B_2C_4168a6e9,INEQ-LOWER-D016-H19-PH02,inequality,16,19,hydro,2,ph_lower_bound,true,23,3523,MW,0,NaN,
20260811_121452_stage_B_2C_4168a6e9,INEQ-UPPER-D016-H19-PH02,inequality,16,19,hydro,2,ph_upper_bound,true,24,3524,MW,0,NaN,
20260811_121452_stage_B_2C_4168a6e9,INEQ-LOWER-D016-H19-PH03,inequality,16,19,hydro,3,ph_lower_bound,true,25,3525,MW,0,NaN,
20260811_121452_stage_B_2C_4168a6e9,INEQ-UPPER-D016-H19-PH03,inequality,16,19,hydro,3,ph_upper_bound,true,26,3526,MW,0,NaN,
20260811_121452_stage_B_2C_4168a6e9,INEQ-LOWER-D016-H19-PH04,inequality,16,19,hydro,4,ph_lower_bound,true,27,3527,MW,0,NaN,
20260811_121452_stage_B_2C_4168a6e9,INEQ-UPPER-D016-H19-PH04,inequality,16,19,hydro,4,ph_upper_bound,true,28,3528,MW,0,NaN,
20260811_121452_stage_B_2C_4168a6e9,INEQ-LOWER-D016-H19-PF01,inequality,16,19,thermal,1,pf_lower_bound,true,29,3529,MW,0,NaN,
20260811_121452_stage_B_2C_4168a6e9,INEQ-UPPER-D016-H19-PF01,inequality,16,19,thermal,1,pf_upper_bound,true,30,3530,MW,0,NaN,
20260811_121452_stage_B_2C_4168a6e9,INEQ-LOWER-D016-H19-PF02,inequality,16,19,thermal,2,pf_lower_bound,true,31,3531,MW,0,NaN,
20260811_121452_stage_B_2C_4168a6e9,INEQ-UPPER-D016-H19-PF02,inequality,16,19,thermal,2,pf_upper_bound,true,32,3532,MW,0,NaN,
20260811_121452_stage_B_2C_4168a6e9,INEQ-LOWER-D016-H19-PF03,inequality,16,19,thermal,3,pf_lower_bound,true,33,3533,MW,0,NaN,
20260811_121452_stage_B_2C_4168a6e9,INEQ-UPPER-D016-H19-PF03,inequality,16,19,thermal,3,pf_upper_bound,true,34,3534,MW,0,NaN,
20260811_121452_stage_B_2C_4168a6e9,INEQ-LOWER-D016-H19-PF04,inequality,16,19,thermal,4,pf_lower_bound,true,35,3535,MW,0,NaN,
20260811_121452_stage_B_2C_4168a6e9,INEQ-UPPER-D016-H19-PF04,inequality,16,19,thermal,4,pf_upper_bound,true,36,3536,MW,0,NaN,
20260811_121452_stage_B_2C_4168a6e9,INEQ-LOWER-D016-H19-Pch01,inequality,16,19,storage,1,pch_lower_bound,true,37,3537,MW,0,NaN,
20260811_121452_stage_B_2C_4168a6e9,INEQ-UPPER-D016-H19-Pch01,inequality,16,19,storage,1,pch_upper_bound,true,38,3538,MW,0,NaN,
20260811_121452_stage_B_2C_4168a6e9,INEQ-LOWER-D016-H19-Pch02,inequality,16,19,storage,2,pch_lower_bound,true,39,3539,MW,0,NaN,
20260811_121452_stage_B_2C_4168a6e9,INEQ-UPPER-D016-H19-Pch02,inequality,16,19,storage,2,pch_upper_bound,true,40,3540,MW,0,NaN,
20260811_121452_stage_B_2C_4168a6e9,INEQ-LOWER-D016-H19-Pdis01,inequality,16,19,storage,1,pdis_lower_bound,true,41,3541,MW,0,NaN,
20260811_121452_stage_B_2C_4168a6e9,INEQ-UPPER-D016-H19-Pdis01,inequality,16,19,storage,1,pdis_upper_bound,true,42,3542,MW,0,NaN,
20260811_121452_stage_B_2C_4168a6e9,INEQ-LOWER-D016-H19-Pdis02,inequality,16,19,storage,2,pdis_lower_bound,true,43,3543,MW,0,NaN,
20260811_121452_stage_B_2C_4168a6e9,INEQ-UPPER-D016-H19-Pdis02,inequality,16,19,storage,2,pdis_upper_bound,true,44,3544,MW,0,NaN,
20260811_121452_stage_B_2C_4168a6e9,INEQ-LOWER-D016-H19-SOC01,inequality,16,19,storage,1,soc_lower_bound,true,45,3545,MWh,0,NaN,
20260811_121452_stage_B_2C_4168a6e9,INEQ-UPPER-D016-H19-SOC01,inequality,16,19,storage,1,soc_upper_bound,true,46,3546,MWh,0,NaN,
20260811_121452_stage_B_2C_4168a6e9,INEQ-LOWER-D016-H19-SOC02,inequality,16,19,storage,2,soc_lower_bound,true,47,3547,MWh,0,NaN,
20260811_121452_stage_B_2C_4168a6e9,INEQ-UPPER-D016-H19-SOC02,inequality,16,19,storage,2,soc_upper_bound,true,48,3548,MWh,0,NaN,
20260811_121452_stage_B_2C_4168a6e9,INEQ-LOWER-D016-H20-PW01,inequality,16,20,wind,1,pw_lower_bound,true,1,3549,MW,0,NaN,
20260811_121452_stage_B_2C_4168a6e9,INEQ-UPPER-D016-H20-PW01,inequality,16,20,wind,1,pw_upper_bound,true,2,3550,MW,0,NaN,
20260811_121452_stage_B_2C_4168a6e9,INEQ-LOWER-D016-H20-PW02,inequality,16,20,wind,2,pw_lower_bound,true,3,3551,MW,0,NaN,
20260811_121452_stage_B_2C_4168a6e9,INEQ-UPPER-D016-H20-PW02,inequality,16,20,wind,2,pw_upper_bound,true,4,3552,MW,0,NaN,
20260811_121452_stage_B_2C_4168a6e9,INEQ-LOWER-D016-H20-PW03,inequality,16,20,wind,3,pw_lower_bound,true,5,3553,MW,0,NaN,
20260811_121452_stage_B_2C_4168a6e9,INEQ-UPPER-D016-H20-PW03,inequality,16,20,wind,3,pw_upper_bound,true,6,3554,MW,0,NaN,
20260811_121452_stage_B_2C_4168a6e9,INEQ-LOWER-D016-H20-PW04,inequality,16,20,wind,4,pw_lower_bound,true,7,3555,MW,0,NaN,
20260811_121452_stage_B_2C_4168a6e9,INEQ-UPPER-D016-H20-PW04,inequality,16,20,wind,4,pw_upper_bound,true,8,3556,MW,0,NaN,
20260811_121452_stage_B_2C_4168a6e9,INEQ-LOWER-D016-H20-PW05,inequality,16,20,wind,5,pw_lower_bound,true,9,3557,MW,0,NaN,
20260811_121452_stage_B_2C_4168a6e9,INEQ-UPPER-D016-H20-PW05,inequality,16,20,wind,5,pw_upper_bound,true,10,3558,MW,0,NaN,
20260811_121452_stage_B_2C_4168a6e9,INEQ-LOWER-D016-H20-PH01,inequality,16,20,hydro,1,ph_lower_bound,true,11,3559,MW,0,NaN,
20260811_121452_stage_B_2C_4168a6e9,INEQ-UPPER-D016-H20-PH01,inequality,16,20,hydro,1,ph_upper_bound,true,12,3560,MW,0,NaN,
20260811_121452_stage_B_2C_4168a6e9,INEQ-LOWER-D016-H20-PH02,inequality,16,20,hydro,2,ph_lower_bound,true,13,3561,MW,0,NaN,
20260811_121452_stage_B_2C_4168a6e9,INEQ-UPPER-D016-H20-PH02,inequality,16,20,hydro,2,ph_upper_bound,true,14,3562,MW,0,NaN,
20260811_121452_stage_B_2C_4168a6e9,INEQ-LOWER-D016-H20-PH03,inequality,16,20,hydro,3,ph_lower_bound,true,15,3563,MW,0,NaN,
20260811_121452_stage_B_2C_4168a6e9,INEQ-UPPER-D016-H20-PH03,inequality,16,20,hydro,3,ph_upper_bound,true,16,3564,MW,0,NaN,
20260811_121452_stage_B_2C_4168a6e9,INEQ-LOWER-D016-H20-PH04,inequality,16,20,hydro,4,ph_lower_bound,true,17,3565,MW,0,NaN,
20260811_121452_stage_B_2C_4168a6e9,INEQ-UPPER-D016-H20-PH04,inequality,16,20,hydro,4,ph_upper_bound,true,18,3566,MW,0,NaN,
20260811_121452_stage_B_2C_4168a6e9,INEQ-LOWER-D016-H20-PF01,inequality,16,20,thermal,1,pf_lower_bound,true,19,3567,MW,0,NaN,
20260811_121452_stage_B_2C_4168a6e9,INEQ-UPPER-D016-H20-PF01,inequality,16,20,thermal,1,pf_upper_bound,true,20,3568,MW,0,NaN,
20260811_121452_stage_B_2C_4168a6e9,INEQ-LOWER-D016-H20-PF02,inequality,16,20,thermal,2,pf_lower_bound,true,21,3569,MW,0,NaN,
20260811_121452_stage_B_2C_4168a6e9,INEQ-UPPER-D016-H20-PF02,inequality,16,20,thermal,2,pf_upper_bound,true,22,3570,MW,0,NaN,
20260811_121452_stage_B_2C_4168a6e9,INEQ-LOWER-D016-H20-PF03,inequality,16,20,thermal,3,pf_lower_bound,true,23,3571,MW,0,NaN,
20260811_121452_stage_B_2C_4168a6e9,INEQ-UPPER-D016-H20-PF03,inequality,16,20,thermal,3,pf_upper_bound,true,24,3572,MW,0,NaN,
20260811_121452_stage_B_2C_4168a6e9,INEQ-LOWER-D016-H20-PF04,inequality,16,20,thermal,4,pf_lower_bound,true,25,3573,MW,0,NaN,
20260811_121452_stage_B_2C_4168a6e9,INEQ-UPPER-D016-H20-PF04,inequality,16,20,thermal,4,pf_upper_bound,true,26,3574,MW,0,NaN,
20260811_121452_stage_B_2C_4168a6e9,INEQ-LOWER-D016-H20-Pch01,inequality,16,20,storage,1,pch_lower_bound,true,27,3575,MW,0,NaN,
20260811_121452_stage_B_2C_4168a6e9,INEQ-UPPER-D016-H20-Pch01,inequality,16,20,storage,1,pch_upper_bound,true,28,3576,MW,0,NaN,
20260811_121452_stage_B_2C_4168a6e9,INEQ-LOWER-D016-H20-Pch02,inequality,16,20,storage,2,pch_lower_bound,true,29,3577,MW,0,NaN,
20260811_121452_stage_B_2C_4168a6e9,INEQ-UPPER-D016-H20-Pch02,inequality,16,20,storage,2,pch_upper_bound,true,30,3578,MW,0,NaN,
20260811_121452_stage_B_2C_4168a6e9,INEQ-LOWER-D016-H20-Pdis01,inequality,16,20,storage,1,pdis_lower_bound,true,31,3579,MW,0,NaN,
20260811_121452_stage_B_2C_4168a6e9,INEQ-UPPER-D016-H20-Pdis01,inequality,16,20,storage,1,pdis_upper_bound,true,32,3580,MW,0,NaN,
20260811_121452_stage_B_2C_4168a6e9,INEQ-LOWER-D016-H20-Pdis02,inequality,16,20,storage,2,pdis_lower_bound,true,33,3581,MW,0,NaN,
20260811_121452_stage_B_2C_4168a6e9,INEQ-UPPER-D016-H20-Pdis02,inequality,16,20,storage,2,pdis_upper_bound,true,34,3582,MW,0,NaN,
20260811_121452_stage_B_2C_4168a6e9,INEQ-LOWER-D016-H20-SOC01,inequality,16,20,storage,1,soc_lower_bound,true,35,3583,MWh,0,NaN,
20260811_121452_stage_B_2C_4168a6e9,INEQ-UPPER-D016-H20-SOC01,inequality,16,20,storage,1,soc_upper_bound,true,36,3584,MWh,0,NaN,
20260811_121452_stage_B_2C_4168a6e9,INEQ-LOWER-D016-H20-SOC02,inequality,16,20,storage,2,soc_lower_bound,true,37,3585,MWh,0,NaN,
20260811_121452_stage_B_2C_4168a6e9,INEQ-UPPER-D016-H20-SOC02,inequality,16,20,storage,2,soc_upper_bound,true,38,3586,MWh,0,NaN,
20260811_121452_stage_B_2C_4168a6e9,INEQ-LOWER-D016-H21-PW01,inequality,16,21,wind,1,pw_lower_bound,true,1,3587,MW,0,NaN,
20260811_121452_stage_B_2C_4168a6e9,INEQ-UPPER-D016-H21-PW01,inequality,16,21,wind,1,pw_upper_bound,true,2,3588,MW,0,NaN,
20260811_121452_stage_B_2C_4168a6e9,INEQ-LOWER-D016-H21-PW02,inequality,16,21,wind,2,pw_lower_bound,true,3,3589,MW,0,NaN,
20260811_121452_stage_B_2C_4168a6e9,INEQ-UPPER-D016-H21-PW02,inequality,16,21,wind,2,pw_upper_bound,true,4,3590,MW,0,NaN,
20260811_121452_stage_B_2C_4168a6e9,INEQ-LOWER-D016-H21-PW03,inequality,16,21,wind,3,pw_lower_bound,true,5,3591,MW,0,NaN,
20260811_121452_stage_B_2C_4168a6e9,INEQ-UPPER-D016-H21-PW03,inequality,16,21,wind,3,pw_upper_bound,true,6,3592,MW,0,NaN,
20260811_121452_stage_B_2C_4168a6e9,INEQ-LOWER-D016-H21-PW04,inequality,16,21,wind,4,pw_lower_bound,true,7,3593,MW,0,NaN,
20260811_121452_stage_B_2C_4168a6e9,INEQ-UPPER-D016-H21-PW04,inequality,16,21,wind,4,pw_upper_bound,true,8,3594,MW,0,NaN,
20260811_121452_stage_B_2C_4168a6e9,INEQ-LOWER-D016-H21-PW05,inequality,16,21,wind,5,pw_lower_bound,true,9,3595,MW,0,NaN,
20260811_121452_stage_B_2C_4168a6e9,INEQ-UPPER-D016-H21-PW05,inequality,16,21,wind,5,pw_upper_bound,true,10,3596,MW,0,NaN,
20260811_121452_stage_B_2C_4168a6e9,INEQ-LOWER-D016-H21-PH01,inequality,16,21,hydro,1,ph_lower_bound,true,11,3597,MW,0,NaN,
20260811_121452_stage_B_2C_4168a6e9,INEQ-UPPER-D016-H21-PH01,inequality,16,21,hydro,1,ph_upper_bound,true,12,3598,MW,0,NaN,
20260811_121452_stage_B_2C_4168a6e9,INEQ-LOWER-D016-H21-PH02,inequality,16,21,hydro,2,ph_lower_bound,true,13,3599,MW,0,NaN,
20260811_121452_stage_B_2C_4168a6e9,INEQ-UPPER-D016-H21-PH02,inequality,16,21,hydro,2,ph_upper_bound,true,14,3600,MW,0,NaN,
20260811_121452_stage_B_2C_4168a6e9,INEQ-LOWER-D016-H21-PH03,inequality,16,21,hydro,3,ph_lower_bound,true,15,3601,MW,0,NaN,
20260811_121452_stage_B_2C_4168a6e9,INEQ-UPPER-D016-H21-PH03,inequality,16,21,hydro,3,ph_upper_bound,true,16,3602,MW,0,NaN,
20260811_121452_stage_B_2C_4168a6e9,INEQ-LOWER-D016-H21-PH04,inequality,16,21,hydro,4,ph_lower_bound,true,17,3603,MW,0,NaN,
20260811_121452_stage_B_2C_4168a6e9,INEQ-UPPER-D016-H21-PH04,inequality,16,21,hydro,4,ph_upper_bound,true,18,3604,MW,0,NaN,
20260811_121452_stage_B_2C_4168a6e9,INEQ-LOWER-D016-H21-PF01,inequality,16,21,thermal,1,pf_lower_bound,true,19,3605,MW,0,NaN,
20260811_121452_stage_B_2C_4168a6e9,INEQ-UPPER-D016-H21-PF01,inequality,16,21,thermal,1,pf_upper_bound,true,20,3606,MW,0,NaN,
20260811_121452_stage_B_2C_4168a6e9,INEQ-LOWER-D016-H21-PF02,inequality,16,21,thermal,2,pf_lower_bound,true,21,3607,MW,0,NaN,
20260811_121452_stage_B_2C_4168a6e9,INEQ-UPPER-D016-H21-PF02,inequality,16,21,thermal,2,pf_upper_bound,true,22,3608,MW,0,NaN,
20260811_121452_stage_B_2C_4168a6e9,INEQ-LOWER-D016-H21-PF03,inequality,16,21,thermal,3,pf_lower_bound,true,23,3609,MW,0,NaN,
20260811_121452_stage_B_2C_4168a6e9,INEQ-UPPER-D016-H21-PF03,inequality,16,21,thermal,3,pf_upper_bound,true,24,3610,MW,0,NaN,
20260811_121452_stage_B_2C_4168a6e9,INEQ-LOWER-D016-H21-PF04,inequality,16,21,thermal,4,pf_lower_bound,true,25,3611,MW,0,NaN,
20260811_121452_stage_B_2C_4168a6e9,INEQ-UPPER-D016-H21-PF04,inequality,16,21,thermal,4,pf_upper_bound,true,26,3612,MW,0,NaN,
20260811_121452_stage_B_2C_4168a6e9,INEQ-LOWER-D016-H21-Pch01,inequality,16,21,storage,1,pch_lower_bound,true,27,3613,MW,0,NaN,
20260811_121452_stage_B_2C_4168a6e9,INEQ-UPPER-D016-H21-Pch01,inequality,16,21,storage,1,pch_upper_bound,true,28,3614,MW,0,NaN,
20260811_121452_stage_B_2C_4168a6e9,INEQ-LOWER-D016-H21-Pch02,inequality,16,21,storage,2,pch_lower_bound,true,29,3615,MW,0,NaN,
20260811_121452_stage_B_2C_4168a6e9,INEQ-UPPER-D016-H21-Pch02,inequality,16,21,storage,2,pch_upper_bound,true,30,3616,MW,0,NaN,
20260811_121452_stage_B_2C_4168a6e9,INEQ-LOWER-D016-H21-Pdis01,inequality,16,21,storage,1,pdis_lower_bound,true,31,3617,MW,0,NaN,
20260811_121452_stage_B_2C_4168a6e9,INEQ-UPPER-D016-H21-Pdis01,inequality,16,21,storage,1,pdis_upper_bound,true,32,3618,MW,0,NaN,
20260811_121452_stage_B_2C_4168a6e9,INEQ-LOWER-D016-H21-Pdis02,inequality,16,21,storage,2,pdis_lower_bound,true,33,3619,MW,0,NaN,
20260811_121452_stage_B_2C_4168a6e9,INEQ-UPPER-D016-H21-Pdis02,inequality,16,21,storage,2,pdis_upper_bound,true,34,3620,MW,0,NaN,
20260811_121452_stage_B_2C_4168a6e9,INEQ-LOWER-D016-H21-SOC01,inequality,16,21,storage,1,soc_lower_bound,true,35,3621,MWh,0,NaN,
20260811_121452_stage_B_2C_4168a6e9,INEQ-UPPER-D016-H21-SOC01,inequality,16,21,storage,1,soc_upper_bound,true,36,3622,MWh,0,NaN,
20260811_121452_stage_B_2C_4168a6e9,INEQ-LOWER-D016-H21-SOC02,inequality,16,21,storage,2,soc_lower_bound,true,37,3623,MWh,0,NaN,
20260811_121452_stage_B_2C_4168a6e9,INEQ-UPPER-D016-H21-SOC02,inequality,16,21,storage,2,soc_upper_bound,true,38,3624,MWh,0,NaN,
20260811_121452_stage_B_2C_4168a6e9,INEQ-LOWER-D016-H22-PW01,inequality,16,22,wind,1,pw_lower_bound,true,1,3625,MW,0,NaN,
20260811_121452_stage_B_2C_4168a6e9,INEQ-UPPER-D016-H22-PW01,inequality,16,22,wind,1,pw_upper_bound,true,2,3626,MW,0,NaN,
20260811_121452_stage_B_2C_4168a6e9,INEQ-LOWER-D016-H22-PW02,inequality,16,22,wind,2,pw_lower_bound,true,3,3627,MW,0,NaN,
20260811_121452_stage_B_2C_4168a6e9,INEQ-UPPER-D016-H22-PW02,inequality,16,22,wind,2,pw_upper_bound,true,4,3628,MW,0,NaN,
20260811_121452_stage_B_2C_4168a6e9,INEQ-LOWER-D016-H22-PW03,inequality,16,22,wind,3,pw_lower_bound,true,5,3629,MW,0,NaN,
20260811_121452_stage_B_2C_4168a6e9,INEQ-UPPER-D016-H22-PW03,inequality,16,22,wind,3,pw_upper_bound,true,6,3630,MW,0,NaN,
20260811_121452_stage_B_2C_4168a6e9,INEQ-LOWER-D016-H22-PW04,inequality,16,22,wind,4,pw_lower_bound,true,7,3631,MW,0,NaN,
20260811_121452_stage_B_2C_4168a6e9,INEQ-UPPER-D016-H22-PW04,inequality,16,22,wind,4,pw_upper_bound,true,8,3632,MW,0,NaN,
20260811_121452_stage_B_2C_4168a6e9,INEQ-LOWER-D016-H22-PW05,inequality,16,22,wind,5,pw_lower_bound,true,9,3633,MW,0,NaN,
20260811_121452_stage_B_2C_4168a6e9,INEQ-UPPER-D016-H22-PW05,inequality,16,22,wind,5,pw_upper_bound,true,10,3634,MW,0,NaN,
20260811_121452_stage_B_2C_4168a6e9,INEQ-LOWER-D016-H22-PH01,inequality,16,22,hydro,1,ph_lower_bound,true,11,3635,MW,0,NaN,
20260811_121452_stage_B_2C_4168a6e9,INEQ-UPPER-D016-H22-PH01,inequality,16,22,hydro,1,ph_upper_bound,true,12,3636,MW,0,NaN,
20260811_121452_stage_B_2C_4168a6e9,INEQ-LOWER-D016-H22-PH02,inequality,16,22,hydro,2,ph_lower_bound,true,13,3637,MW,0,NaN,
20260811_121452_stage_B_2C_4168a6e9,INEQ-UPPER-D016-H22-PH02,inequality,16,22,hydro,2,ph_upper_bound,true,14,3638,MW,0,NaN,
20260811_121452_stage_B_2C_4168a6e9,INEQ-LOWER-D016-H22-PH03,inequality,16,22,hydro,3,ph_lower_bound,true,15,3639,MW,0,NaN,
20260811_121452_stage_B_2C_4168a6e9,INEQ-UPPER-D016-H22-PH03,inequality,16,22,hydro,3,ph_upper_bound,true,16,3640,MW,0,NaN,
20260811_121452_stage_B_2C_4168a6e9,INEQ-LOWER-D016-H22-PH04,inequality,16,22,hydro,4,ph_lower_bound,true,17,3641,MW,0,NaN,
20260811_121452_stage_B_2C_4168a6e9,INEQ-UPPER-D016-H22-PH04,inequality,16,22,hydro,4,ph_upper_bound,true,18,3642,MW,0,NaN,
20260811_121452_stage_B_2C_4168a6e9,INEQ-LOWER-D016-H22-PF01,inequality,16,22,thermal,1,pf_lower_bound,true,19,3643,MW,0,NaN,
20260811_121452_stage_B_2C_4168a6e9,INEQ-UPPER-D016-H22-PF01,inequality,16,22,thermal,1,pf_upper_bound,true,20,3644,MW,0,NaN,
20260811_121452_stage_B_2C_4168a6e9,INEQ-LOWER-D016-H22-PF02,inequality,16,22,thermal,2,pf_lower_bound,true,21,3645,MW,0,NaN,
20260811_121452_stage_B_2C_4168a6e9,INEQ-UPPER-D016-H22-PF02,inequality,16,22,thermal,2,pf_upper_bound,true,22,3646,MW,0,NaN,
20260811_121452_stage_B_2C_4168a6e9,INEQ-LOWER-D016-H22-PF03,inequality,16,22,thermal,3,pf_lower_bound,true,23,3647,MW,0,NaN,
20260811_121452_stage_B_2C_4168a6e9,INEQ-UPPER-D016-H22-PF03,inequality,16,22,thermal,3,pf_upper_bound,true,24,3648,MW,0,NaN,
20260811_121452_stage_B_2C_4168a6e9,INEQ-LOWER-D016-H22-PF04,inequality,16,22,thermal,4,pf_lower_bound,true,25,3649,MW,0,NaN,
20260811_121452_stage_B_2C_4168a6e9,INEQ-UPPER-D016-H22-PF04,inequality,16,22,thermal,4,pf_upper_bound,true,26,3650,MW,0,NaN,
20260811_121452_stage_B_2C_4168a6e9,INEQ-LOWER-D016-H22-Pch01,inequality,16,22,storage,1,pch_lower_bound,true,27,3651,MW,0,NaN,
20260811_121452_stage_B_2C_4168a6e9,INEQ-UPPER-D016-H22-Pch01,inequality,16,22,storage,1,pch_upper_bound,true,28,3652,MW,0,NaN,
20260811_121452_stage_B_2C_4168a6e9,INEQ-LOWER-D016-H22-Pch02,inequality,16,22,storage,2,pch_lower_bound,true,29,3653,MW,0,NaN,
20260811_121452_stage_B_2C_4168a6e9,INEQ-UPPER-D016-H22-Pch02,inequality,16,22,storage,2,pch_upper_bound,true,30,3654,MW,0,NaN,
20260811_121452_stage_B_2C_4168a6e9,INEQ-LOWER-D016-H22-Pdis01,inequality,16,22,storage,1,pdis_lower_bound,true,31,3655,MW,0,NaN,
20260811_121452_stage_B_2C_4168a6e9,INEQ-UPPER-D016-H22-Pdis01,inequality,16,22,storage,1,pdis_upper_bound,true,32,3656,MW,0,NaN,
20260811_121452_stage_B_2C_4168a6e9,INEQ-LOWER-D016-H22-Pdis02,inequality,16,22,storage,2,pdis_lower_bound,true,33,3657,MW,0,NaN,
20260811_121452_stage_B_2C_4168a6e9,INEQ-UPPER-D016-H22-Pdis02,inequality,16,22,storage,2,pdis_upper_bound,true,34,3658,MW,0,NaN,
20260811_121452_stage_B_2C_4168a6e9,INEQ-LOWER-D016-H22-SOC01,inequality,16,22,storage,1,soc_lower_bound,true,35,3659,MWh,0,NaN,
20260811_121452_stage_B_2C_4168a6e9,INEQ-UPPER-D016-H22-SOC01,inequality,16,22,storage,1,soc_upper_bound,true,36,3660,MWh,0,NaN,
20260811_121452_stage_B_2C_4168a6e9,INEQ-LOWER-D016-H22-SOC02,inequality,16,22,storage,2,soc_lower_bound,true,37,3661,MWh,0,NaN,
20260811_121452_stage_B_2C_4168a6e9,INEQ-UPPER-D016-H22-SOC02,inequality,16,22,storage,2,soc_upper_bound,true,38,3662,MWh,0,NaN,
20260811_121452_stage_B_2C_4168a6e9,INEQ-LOWER-D016-H23-PW01,inequality,16,23,wind,1,pw_lower_bound,true,1,3663,MW,0,NaN,
20260811_121452_stage_B_2C_4168a6e9,INEQ-UPPER-D016-H23-PW01,inequality,16,23,wind,1,pw_upper_bound,true,2,3664,MW,0,NaN,
20260811_121452_stage_B_2C_4168a6e9,INEQ-LOWER-D016-H23-PW02,inequality,16,23,wind,2,pw_lower_bound,true,3,3665,MW,0,NaN,
20260811_121452_stage_B_2C_4168a6e9,INEQ-UPPER-D016-H23-PW02,inequality,16,23,wind,2,pw_upper_bound,true,4,3666,MW,0,NaN,
20260811_121452_stage_B_2C_4168a6e9,INEQ-LOWER-D016-H23-PW03,inequality,16,23,wind,3,pw_lower_bound,true,5,3667,MW,0,NaN,
20260811_121452_stage_B_2C_4168a6e9,INEQ-UPPER-D016-H23-PW03,inequality,16,23,wind,3,pw_upper_bound,true,6,3668,MW,0,NaN,
20260811_121452_stage_B_2C_4168a6e9,INEQ-LOWER-D016-H23-PW04,inequality,16,23,wind,4,pw_lower_bound,true,7,3669,MW,0,NaN,
20260811_121452_stage_B_2C_4168a6e9,INEQ-UPPER-D016-H23-PW04,inequality,16,23,wind,4,pw_upper_bound,true,8,3670,MW,0,NaN,
20260811_121452_stage_B_2C_4168a6e9,INEQ-LOWER-D016-H23-PW05,inequality,16,23,wind,5,pw_lower_bound,true,9,3671,MW,0,NaN,
20260811_121452_stage_B_2C_4168a6e9,INEQ-UPPER-D016-H23-PW05,inequality,16,23,wind,5,pw_upper_bound,true,10,3672,MW,0,NaN,
20260811_121452_stage_B_2C_4168a6e9,INEQ-LOWER-D016-H23-PH01,inequality,16,23,hydro,1,ph_lower_bound,true,11,3673,MW,0,NaN,
20260811_121452_stage_B_2C_4168a6e9,INEQ-UPPER-D016-H23-PH01,inequality,16,23,hydro,1,ph_upper_bound,true,12,3674,MW,0,NaN,
20260811_121452_stage_B_2C_4168a6e9,INEQ-LOWER-D016-H23-PH02,inequality,16,23,hydro,2,ph_lower_bound,true,13,3675,MW,0,NaN,
20260811_121452_stage_B_2C_4168a6e9,INEQ-UPPER-D016-H23-PH02,inequality,16,23,hydro,2,ph_upper_bound,true,14,3676,MW,0,NaN,
20260811_121452_stage_B_2C_4168a6e9,INEQ-LOWER-D016-H23-PH03,inequality,16,23,hydro,3,ph_lower_bound,true,15,3677,MW,0,NaN,
20260811_121452_stage_B_2C_4168a6e9,INEQ-UPPER-D016-H23-PH03,inequality,16,23,hydro,3,ph_upper_bound,true,16,3678,MW,0,NaN,
20260811_121452_stage_B_2C_4168a6e9,INEQ-LOWER-D016-H23-PH04,inequality,16,23,hydro,4,ph_lower_bound,true,17,3679,MW,0,NaN,
20260811_121452_stage_B_2C_4168a6e9,INEQ-UPPER-D016-H23-PH04,inequality,16,23,hydro,4,ph_upper_bound,true,18,3680,MW,0,NaN,
20260811_121452_stage_B_2C_4168a6e9,INEQ-LOWER-D016-H23-PF01,inequality,16,23,thermal,1,pf_lower_bound,true,19,3681,MW,0,NaN,
20260811_121452_stage_B_2C_4168a6e9,INEQ-UPPER-D016-H23-PF01,inequality,16,23,thermal,1,pf_upper_bound,true,20,3682,MW,0,NaN,
20260811_121452_stage_B_2C_4168a6e9,INEQ-LOWER-D016-H23-PF02,inequality,16,23,thermal,2,pf_lower_bound,true,21,3683,MW,0,NaN,
20260811_121452_stage_B_2C_4168a6e9,INEQ-UPPER-D016-H23-PF02,inequality,16,23,thermal,2,pf_upper_bound,true,22,3684,MW,0,NaN,
20260811_121452_stage_B_2C_4168a6e9,INEQ-LOWER-D016-H23-PF03,inequality,16,23,thermal,3,pf_lower_bound,true,23,3685,MW,0,NaN,
20260811_121452_stage_B_2C_4168a6e9,INEQ-UPPER-D016-H23-PF03,inequality,16,23,thermal,3,pf_upper_bound,true,24,3686,MW,0,NaN,
20260811_121452_stage_B_2C_4168a6e9,INEQ-LOWER-D016-H23-PF04,inequality,16,23,thermal,4,pf_lower_bound,true,25,3687,MW,0,NaN,
20260811_121452_stage_B_2C_4168a6e9,INEQ-UPPER-D016-H23-PF04,inequality,16,23,thermal,4,pf_upper_bound,true,26,3688,MW,0,NaN,
20260811_121452_stage_B_2C_4168a6e9,INEQ-LOWER-D016-H23-Pch01,inequality,16,23,storage,1,pch_lower_bound,true,27,3689,MW,0,NaN,
20260811_121452_stage_B_2C_4168a6e9,INEQ-UPPER-D016-H23-Pch01,inequality,16,23,storage,1,pch_upper_bound,true,28,3690,MW,0,NaN,
20260811_121452_stage_B_2C_4168a6e9,INEQ-LOWER-D016-H23-Pch02,inequality,16,23,storage,2,pch_lower_bound,true,29,3691,MW,0,NaN,
20260811_121452_stage_B_2C_4168a6e9,INEQ-UPPER-D016-H23-Pch02,inequality,16,23,storage,2,pch_upper_bound,true,30,3692,MW,0,NaN,
20260811_121452_stage_B_2C_4168a6e9,INEQ-LOWER-D016-H23-Pdis01,inequality,16,23,storage,1,pdis_lower_bound,true,31,3693,MW,0,NaN,
20260811_121452_stage_B_2C_4168a6e9,INEQ-UPPER-D016-H23-Pdis01,inequality,16,23,storage,1,pdis_upper_bound,true,32,3694,MW,0,NaN,
20260811_121452_stage_B_2C_4168a6e9,INEQ-LOWER-D016-H23-Pdis02,inequality,16,23,storage,2,pdis_lower_bound,true,33,3695,MW,0,NaN,
20260811_121452_stage_B_2C_4168a6e9,INEQ-UPPER-D016-H23-Pdis02,inequality,16,23,storage,2,pdis_upper_bound,true,34,3696,MW,0,NaN,
20260811_121452_stage_B_2C_4168a6e9,INEQ-LOWER-D016-H23-SOC01,inequality,16,23,storage,1,soc_lower_bound,true,35,3697,MWh,0,NaN,
20260811_121452_stage_B_2C_4168a6e9,INEQ-UPPER-D016-H23-SOC01,inequality,16,23,storage,1,soc_upper_bound,true,36,3698,MWh,0,NaN,
20260811_121452_stage_B_2C_4168a6e9,INEQ-LOWER-D016-H23-SOC02,inequality,16,23,storage,2,soc_lower_bound,true,37,3699,MWh,0,NaN,
20260811_121452_stage_B_2C_4168a6e9,INEQ-UPPER-D016-H23-SOC02,inequality,16,23,storage,2,soc_upper_bound,true,38,3700,MWh,0,NaN,
20260811_121452_stage_B_2C_4168a6e9,INEQ-LOWER-D016-H24-PW01,inequality,16,24,wind,1,pw_lower_bound,true,1,3701,MW,0,NaN,
20260811_121452_stage_B_2C_4168a6e9,INEQ-UPPER-D016-H24-PW01,inequality,16,24,wind,1,pw_upper_bound,true,2,3702,MW,0,NaN,
20260811_121452_stage_B_2C_4168a6e9,INEQ-LOWER-D016-H24-PW02,inequality,16,24,wind,2,pw_lower_bound,true,3,3703,MW,0,NaN,
20260811_121452_stage_B_2C_4168a6e9,INEQ-UPPER-D016-H24-PW02,inequality,16,24,wind,2,pw_upper_bound,true,4,3704,MW,0,NaN,
20260811_121452_stage_B_2C_4168a6e9,INEQ-LOWER-D016-H24-PW03,inequality,16,24,wind,3,pw_lower_bound,true,5,3705,MW,0,NaN,
20260811_121452_stage_B_2C_4168a6e9,INEQ-UPPER-D016-H24-PW03,inequality,16,24,wind,3,pw_upper_bound,true,6,3706,MW,0,NaN,
20260811_121452_stage_B_2C_4168a6e9,INEQ-LOWER-D016-H24-PW04,inequality,16,24,wind,4,pw_lower_bound,true,7,3707,MW,0,NaN,
20260811_121452_stage_B_2C_4168a6e9,INEQ-UPPER-D016-H24-PW04,inequality,16,24,wind,4,pw_upper_bound,true,8,3708,MW,0,NaN,
20260811_121452_stage_B_2C_4168a6e9,INEQ-LOWER-D016-H24-PW05,inequality,16,24,wind,5,pw_lower_bound,true,9,3709,MW,0,NaN,
20260811_121452_stage_B_2C_4168a6e9,INEQ-UPPER-D016-H24-PW05,inequality,16,24,wind,5,pw_upper_bound,true,10,3710,MW,0,NaN,
20260811_121452_stage_B_2C_4168a6e9,INEQ-LOWER-D016-H24-PH01,inequality,16,24,hydro,1,ph_lower_bound,true,11,3711,MW,0,NaN,
20260811_121452_stage_B_2C_4168a6e9,INEQ-UPPER-D016-H24-PH01,inequality,16,24,hydro,1,ph_upper_bound,true,12,3712,MW,0,NaN,
20260811_121452_stage_B_2C_4168a6e9,INEQ-LOWER-D016-H24-PH02,inequality,16,24,hydro,2,ph_lower_bound,true,13,3713,MW,0,NaN,
20260811_121452_stage_B_2C_4168a6e9,INEQ-UPPER-D016-H24-PH02,inequality,16,24,hydro,2,ph_upper_bound,true,14,3714,MW,0,NaN,
20260811_121452_stage_B_2C_4168a6e9,INEQ-LOWER-D016-H24-PH03,inequality,16,24,hydro,3,ph_lower_bound,true,15,3715,MW,0,NaN,
20260811_121452_stage_B_2C_4168a6e9,INEQ-UPPER-D016-H24-PH03,inequality,16,24,hydro,3,ph_upper_bound,true,16,3716,MW,0,NaN,
20260811_121452_stage_B_2C_4168a6e9,INEQ-LOWER-D016-H24-PH04,inequality,16,24,hydro,4,ph_lower_bound,true,17,3717,MW,0,NaN,
20260811_121452_stage_B_2C_4168a6e9,INEQ-UPPER-D016-H24-PH04,inequality,16,24,hydro,4,ph_upper_bound,true,18,3718,MW,0,NaN,
20260811_121452_stage_B_2C_4168a6e9,INEQ-LOWER-D016-H24-PF01,inequality,16,24,thermal,1,pf_lower_bound,true,19,3719,MW,0,NaN,
20260811_121452_stage_B_2C_4168a6e9,INEQ-UPPER-D016-H24-PF01,inequality,16,24,thermal,1,pf_upper_bound,true,20,3720,MW,0,NaN,
20260811_121452_stage_B_2C_4168a6e9,INEQ-LOWER-D016-H24-PF02,inequality,16,24,thermal,2,pf_lower_bound,true,21,3721,MW,0,NaN,
20260811_121452_stage_B_2C_4168a6e9,INEQ-UPPER-D016-H24-PF02,inequality,16,24,thermal,2,pf_upper_bound,true,22,3722,MW,0,NaN,
20260811_121452_stage_B_2C_4168a6e9,INEQ-LOWER-D016-H24-PF03,inequality,16,24,thermal,3,pf_lower_bound,true,23,3723,MW,0,NaN,
20260811_121452_stage_B_2C_4168a6e9,INEQ-UPPER-D016-H24-PF03,inequality,16,24,thermal,3,pf_upper_bound,true,24,3724,MW,0,NaN,
20260811_121452_stage_B_2C_4168a6e9,INEQ-LOWER-D016-H24-PF04,inequality,16,24,thermal,4,pf_lower_bound,true,25,3725,MW,0,NaN,
20260811_121452_stage_B_2C_4168a6e9,INEQ-UPPER-D016-H24-PF04,inequality,16,24,thermal,4,pf_upper_bound,true,26,3726,MW,0,NaN,
20260811_121452_stage_B_2C_4168a6e9,INEQ-LOWER-D016-H24-Pch01,inequality,16,24,storage,1,pch_lower_bound,true,27,3727,MW,0,NaN,
20260811_121452_stage_B_2C_4168a6e9,INEQ-UPPER-D016-H24-Pch01,inequality,16,24,storage,1,pch_upper_bound,true,28,3728,MW,0,NaN,
20260811_121452_stage_B_2C_4168a6e9,INEQ-LOWER-D016-H24-Pch02,inequality,16,24,storage,2,pch_lower_bound,true,29,3729,MW,0,NaN,
20260811_121452_stage_B_2C_4168a6e9,INEQ-UPPER-D016-H24-Pch02,inequality,16,24,storage,2,pch_upper_bound,true,30,3730,MW,0,NaN,
20260811_121452_stage_B_2C_4168a6e9,INEQ-LOWER-D016-H24-Pdis01,inequality,16,24,storage,1,pdis_lower_bound,true,31,3731,MW,0,NaN,
20260811_121452_stage_B_2C_4168a6e9,INEQ-UPPER-D016-H24-Pdis01,inequality,16,24,storage,1,pdis_upper_bound,true,32,3732,MW,0,NaN,
20260811_121452_stage_B_2C_4168a6e9,INEQ-LOWER-D016-H24-Pdis02,inequality,16,24,storage,2,pdis_lower_bound,true,33,3733,MW,0,NaN,
20260811_121452_stage_B_2C_4168a6e9,INEQ-UPPER-D016-H24-Pdis02,inequality,16,24,storage,2,pdis_upper_bound,true,34,3734,MW,0,NaN,
20260811_121452_stage_B_2C_4168a6e9,INEQ-LOWER-D016-H24-SOC01,inequality,16,24,storage,1,soc_lower_bound,true,35,3735,MWh,0,NaN,
20260811_121452_stage_B_2C_4168a6e9,INEQ-UPPER-D016-H24-SOC01,inequality,16,24,storage,1,soc_upper_bound,true,36,3736,MWh,0,NaN,
20260811_121452_stage_B_2C_4168a6e9,INEQ-LOWER-D016-H24-SOC02,inequality,16,24,storage,2,soc_lower_bound,true,37,3737,MWh,0,NaN,
20260811_121452_stage_B_2C_4168a6e9,INEQ-UPPER-D016-H24-SOC02,inequality,16,24,storage,2,soc_upper_bound,true,38,3738,MWh,0,NaN,
20260811_121452_stage_B_2C_4168a6e9,INEQ-LOWER-D017-H01-PW01,inequality,17,1,wind,1,pw_lower_bound,true,1,3739,MW,0,NaN,
20260811_121452_stage_B_2C_4168a6e9,INEQ-UPPER-D017-H01-PW01,inequality,17,1,wind,1,pw_upper_bound,true,2,3740,MW,0,NaN,
20260811_121452_stage_B_2C_4168a6e9,INEQ-LOWER-D017-H01-PW02,inequality,17,1,wind,2,pw_lower_bound,true,3,3741,MW,0,NaN,
20260811_121452_stage_B_2C_4168a6e9,INEQ-UPPER-D017-H01-PW02,inequality,17,1,wind,2,pw_upper_bound,true,4,3742,MW,0,NaN,
20260811_121452_stage_B_2C_4168a6e9,INEQ-LOWER-D017-H01-PW03,inequality,17,1,wind,3,pw_lower_bound,true,5,3743,MW,0,NaN,
20260811_121452_stage_B_2C_4168a6e9,INEQ-UPPER-D017-H01-PW03,inequality,17,1,wind,3,pw_upper_bound,true,6,3744,MW,0,NaN,
20260811_121452_stage_B_2C_4168a6e9,INEQ-LOWER-D017-H01-PW04,inequality,17,1,wind,4,pw_lower_bound,true,7,3745,MW,0,NaN,
20260811_121452_stage_B_2C_4168a6e9,INEQ-UPPER-D017-H01-PW04,inequality,17,1,wind,4,pw_upper_bound,true,8,3746,MW,0,NaN,
20260811_121452_stage_B_2C_4168a6e9,INEQ-LOWER-D017-H01-PW05,inequality,17,1,wind,5,pw_lower_bound,true,9,3747,MW,0,NaN,
20260811_121452_stage_B_2C_4168a6e9,INEQ-UPPER-D017-H01-PW05,inequality,17,1,wind,5,pw_upper_bound,true,10,3748,MW,0,NaN,
20260811_121452_stage_B_2C_4168a6e9,INEQ-LOWER-D017-H01-PH01,inequality,17,1,hydro,1,ph_lower_bound,true,11,3749,MW,0,NaN,
20260811_121452_stage_B_2C_4168a6e9,INEQ-UPPER-D017-H01-PH01,inequality,17,1,hydro,1,ph_upper_bound,true,12,3750,MW,0,NaN,
20260811_121452_stage_B_2C_4168a6e9,INEQ-LOWER-D017-H01-PH02,inequality,17,1,hydro,2,ph_lower_bound,true,13,3751,MW,0,NaN,
20260811_121452_stage_B_2C_4168a6e9,INEQ-UPPER-D017-H01-PH02,inequality,17,1,hydro,2,ph_upper_bound,true,14,3752,MW,0,NaN,
20260811_121452_stage_B_2C_4168a6e9,INEQ-LOWER-D017-H01-PH03,inequality,17,1,hydro,3,ph_lower_bound,true,15,3753,MW,0,NaN,
20260811_121452_stage_B_2C_4168a6e9,INEQ-UPPER-D017-H01-PH03,inequality,17,1,hydro,3,ph_upper_bound,true,16,3754,MW,0,NaN,
20260811_121452_stage_B_2C_4168a6e9,INEQ-LOWER-D017-H01-PH04,inequality,17,1,hydro,4,ph_lower_bound,true,17,3755,MW,0,NaN,
20260811_121452_stage_B_2C_4168a6e9,INEQ-UPPER-D017-H01-PH04,inequality,17,1,hydro,4,ph_upper_bound,true,18,3756,MW,0,NaN,
20260811_121452_stage_B_2C_4168a6e9,INEQ-LOWER-D017-H01-PF01,inequality,17,1,thermal,1,pf_lower_bound,true,19,3757,MW,0,NaN,
20260811_121452_stage_B_2C_4168a6e9,INEQ-UPPER-D017-H01-PF01,inequality,17,1,thermal,1,pf_upper_bound,true,20,3758,MW,0,NaN,
20260811_121452_stage_B_2C_4168a6e9,INEQ-LOWER-D017-H01-PF02,inequality,17,1,thermal,2,pf_lower_bound,true,21,3759,MW,0,NaN,
20260811_121452_stage_B_2C_4168a6e9,INEQ-UPPER-D017-H01-PF02,inequality,17,1,thermal,2,pf_upper_bound,true,22,3760,MW,0,NaN,
20260811_121452_stage_B_2C_4168a6e9,INEQ-LOWER-D017-H01-PF03,inequality,17,1,thermal,3,pf_lower_bound,true,23,3761,MW,0,NaN,
20260811_121452_stage_B_2C_4168a6e9,INEQ-UPPER-D017-H01-PF03,inequality,17,1,thermal,3,pf_upper_bound,true,24,3762,MW,0,NaN,
20260811_121452_stage_B_2C_4168a6e9,INEQ-LOWER-D017-H01-PF04,inequality,17,1,thermal,4,pf_lower_bound,true,25,3763,MW,0,NaN,
20260811_121452_stage_B_2C_4168a6e9,INEQ-UPPER-D017-H01-PF04,inequality,17,1,thermal,4,pf_upper_bound,true,26,3764,MW,0,NaN,
20260811_121452_stage_B_2C_4168a6e9,INEQ-LOWER-D017-H01-Pch01,inequality,17,1,storage,1,pch_lower_bound,true,27,3765,MW,0,NaN,
20260811_121452_stage_B_2C_4168a6e9,INEQ-UPPER-D017-H01-Pch01,inequality,17,1,storage,1,pch_upper_bound,true,28,3766,MW,0,NaN,
20260811_121452_stage_B_2C_4168a6e9,INEQ-LOWER-D017-H01-Pch02,inequality,17,1,storage,2,pch_lower_bound,true,29,3767,MW,0,NaN,
20260811_121452_stage_B_2C_4168a6e9,INEQ-UPPER-D017-H01-Pch02,inequality,17,1,storage,2,pch_upper_bound,true,30,3768,MW,0,NaN,
20260811_121452_stage_B_2C_4168a6e9,INEQ-LOWER-D017-H01-Pdis01,inequality,17,1,storage,1,pdis_lower_bound,true,31,3769,MW,0,NaN,
20260811_121452_stage_B_2C_4168a6e9,INEQ-UPPER-D017-H01-Pdis01,inequality,17,1,storage,1,pdis_upper_bound,true,32,3770,MW,0,NaN,
20260811_121452_stage_B_2C_4168a6e9,INEQ-LOWER-D017-H01-Pdis02,inequality,17,1,storage,2,pdis_lower_bound,true,33,3771,MW,0,NaN,
20260811_121452_stage_B_2C_4168a6e9,INEQ-UPPER-D017-H01-Pdis02,inequality,17,1,storage,2,pdis_upper_bound,true,34,3772,MW,0,NaN,
20260811_121452_stage_B_2C_4168a6e9,INEQ-LOWER-D017-H01-SOC01,inequality,17,1,storage,1,soc_lower_bound,true,35,3773,MWh,0,NaN,
20260811_121452_stage_B_2C_4168a6e9,INEQ-UPPER-D017-H01-SOC01,inequality,17,1,storage,1,soc_upper_bound,true,36,3774,MWh,0,NaN,
20260811_121452_stage_B_2C_4168a6e9,INEQ-LOWER-D017-H01-SOC02,inequality,17,1,storage,2,soc_lower_bound,true,37,3775,MWh,0,NaN,
20260811_121452_stage_B_2C_4168a6e9,INEQ-UPPER-D017-H01-SOC02,inequality,17,1,storage,2,soc_upper_bound,true,38,3776,MWh,0,NaN,
20260811_121452_stage_B_2C_4168a6e9,INEQ-LOWER-D017-H02-PW01,inequality,17,2,wind,1,pw_lower_bound,true,1,3777,MW,0,NaN,
20260811_121452_stage_B_2C_4168a6e9,INEQ-UPPER-D017-H02-PW01,inequality,17,2,wind,1,pw_upper_bound,true,2,3778,MW,0,NaN,
20260811_121452_stage_B_2C_4168a6e9,INEQ-LOWER-D017-H02-PW02,inequality,17,2,wind,2,pw_lower_bound,true,3,3779,MW,0,NaN,
20260811_121452_stage_B_2C_4168a6e9,INEQ-UPPER-D017-H02-PW02,inequality,17,2,wind,2,pw_upper_bound,true,4,3780,MW,0,NaN,
20260811_121452_stage_B_2C_4168a6e9,INEQ-LOWER-D017-H02-PW03,inequality,17,2,wind,3,pw_lower_bound,true,5,3781,MW,0,NaN,
20260811_121452_stage_B_2C_4168a6e9,INEQ-UPPER-D017-H02-PW03,inequality,17,2,wind,3,pw_upper_bound,true,6,3782,MW,0,NaN,
20260811_121452_stage_B_2C_4168a6e9,INEQ-LOWER-D017-H02-PW04,inequality,17,2,wind,4,pw_lower_bound,true,7,3783,MW,0,NaN,
20260811_121452_stage_B_2C_4168a6e9,INEQ-UPPER-D017-H02-PW04,inequality,17,2,wind,4,pw_upper_bound,true,8,3784,MW,0,NaN,
20260811_121452_stage_B_2C_4168a6e9,INEQ-LOWER-D017-H02-PW05,inequality,17,2,wind,5,pw_lower_bound,true,9,3785,MW,0,NaN,
20260811_121452_stage_B_2C_4168a6e9,INEQ-UPPER-D017-H02-PW05,inequality,17,2,wind,5,pw_upper_bound,true,10,3786,MW,0,NaN,
20260811_121452_stage_B_2C_4168a6e9,INEQ-LOWER-D017-H02-PH01,inequality,17,2,hydro,1,ph_lower_bound,true,11,3787,MW,0,NaN,
20260811_121452_stage_B_2C_4168a6e9,INEQ-UPPER-D017-H02-PH01,inequality,17,2,hydro,1,ph_upper_bound,true,12,3788,MW,0,NaN,
20260811_121452_stage_B_2C_4168a6e9,INEQ-LOWER-D017-H02-PH02,inequality,17,2,hydro,2,ph_lower_bound,true,13,3789,MW,0,NaN,
20260811_121452_stage_B_2C_4168a6e9,INEQ-UPPER-D017-H02-PH02,inequality,17,2,hydro,2,ph_upper_bound,true,14,3790,MW,0,NaN,
20260811_121452_stage_B_2C_4168a6e9,INEQ-LOWER-D017-H02-PH03,inequality,17,2,hydro,3,ph_lower_bound,true,15,3791,MW,0,NaN,
20260811_121452_stage_B_2C_4168a6e9,INEQ-UPPER-D017-H02-PH03,inequality,17,2,hydro,3,ph_upper_bound,true,16,3792,MW,0,NaN,
20260811_121452_stage_B_2C_4168a6e9,INEQ-LOWER-D017-H02-PH04,inequality,17,2,hydro,4,ph_lower_bound,true,17,3793,MW,0,NaN,
20260811_121452_stage_B_2C_4168a6e9,INEQ-UPPER-D017-H02-PH04,inequality,17,2,hydro,4,ph_upper_bound,true,18,3794,MW,0,NaN,
20260811_121452_stage_B_2C_4168a6e9,INEQ-LOWER-D017-H02-PF01,inequality,17,2,thermal,1,pf_lower_bound,true,19,3795,MW,0,NaN,
20260811_121452_stage_B_2C_4168a6e9,INEQ-UPPER-D017-H02-PF01,inequality,17,2,thermal,1,pf_upper_bound,true,20,3796,MW,0,NaN,
20260811_121452_stage_B_2C_4168a6e9,INEQ-LOWER-D017-H02-PF02,inequality,17,2,thermal,2,pf_lower_bound,true,21,3797,MW,0,NaN,
20260811_121452_stage_B_2C_4168a6e9,INEQ-UPPER-D017-H02-PF02,inequality,17,2,thermal,2,pf_upper_bound,true,22,3798,MW,0,NaN,
20260811_121452_stage_B_2C_4168a6e9,INEQ-LOWER-D017-H02-PF03,inequality,17,2,thermal,3,pf_lower_bound,true,23,3799,MW,0,NaN,
20260811_121452_stage_B_2C_4168a6e9,INEQ-UPPER-D017-H02-PF03,inequality,17,2,thermal,3,pf_upper_bound,true,24,3800,MW,0,NaN,
20260811_121452_stage_B_2C_4168a6e9,INEQ-LOWER-D017-H02-PF04,inequality,17,2,thermal,4,pf_lower_bound,true,25,3801,MW,0,NaN,
20260811_121452_stage_B_2C_4168a6e9,INEQ-UPPER-D017-H02-PF04,inequality,17,2,thermal,4,pf_upper_bound,true,26,3802,MW,0,NaN,
20260811_121452_stage_B_2C_4168a6e9,INEQ-LOWER-D017-H02-Pch01,inequality,17,2,storage,1,pch_lower_bound,true,27,3803,MW,0,NaN,
20260811_121452_stage_B_2C_4168a6e9,INEQ-UPPER-D017-H02-Pch01,inequality,17,2,storage,1,pch_upper_bound,true,28,3804,MW,0,NaN,
20260811_121452_stage_B_2C_4168a6e9,INEQ-LOWER-D017-H02-Pch02,inequality,17,2,storage,2,pch_lower_bound,true,29,3805,MW,0,NaN,
20260811_121452_stage_B_2C_4168a6e9,INEQ-UPPER-D017-H02-Pch02,inequality,17,2,storage,2,pch_upper_bound,true,30,3806,MW,0,NaN,
20260811_121452_stage_B_2C_4168a6e9,INEQ-LOWER-D017-H02-Pdis01,inequality,17,2,storage,1,pdis_lower_bound,true,31,3807,MW,0,NaN,
20260811_121452_stage_B_2C_4168a6e9,INEQ-UPPER-D017-H02-Pdis01,inequality,17,2,storage,1,pdis_upper_bound,true,32,3808,MW,0,NaN,
20260811_121452_stage_B_2C_4168a6e9,INEQ-LOWER-D017-H02-Pdis02,inequality,17,2,storage,2,pdis_lower_bound,true,33,3809,MW,0,NaN,
20260811_121452_stage_B_2C_4168a6e9,INEQ-UPPER-D017-H02-Pdis02,inequality,17,2,storage,2,pdis_upper_bound,true,34,3810,MW,0,NaN,
20260811_121452_stage_B_2C_4168a6e9,INEQ-LOWER-D017-H02-SOC01,inequality,17,2,storage,1,soc_lower_bound,true,35,3811,MWh,0,NaN,
20260811_121452_stage_B_2C_4168a6e9,INEQ-UPPER-D017-H02-SOC01,inequality,17,2,storage,1,soc_upper_bound,true,36,3812,MWh,0,NaN,
20260811_121452_stage_B_2C_4168a6e9,INEQ-LOWER-D017-H02-SOC02,inequality,17,2,storage,2,soc_lower_bound,true,37,3813,MWh,0,NaN,
20260811_121452_stage_B_2C_4168a6e9,INEQ-UPPER-D017-H02-SOC02,inequality,17,2,storage,2,soc_upper_bound,true,38,3814,MWh,0,NaN,
20260811_121452_stage_B_2C_4168a6e9,INEQ-LOWER-D017-H03-PW01,inequality,17,3,wind,1,pw_lower_bound,true,1,3815,MW,0,NaN,
20260811_121452_stage_B_2C_4168a6e9,INEQ-UPPER-D017-H03-PW01,inequality,17,3,wind,1,pw_upper_bound,true,2,3816,MW,0,NaN,
20260811_121452_stage_B_2C_4168a6e9,INEQ-LOWER-D017-H03-PW02,inequality,17,3,wind,2,pw_lower_bound,true,3,3817,MW,0,NaN,
20260811_121452_stage_B_2C_4168a6e9,INEQ-UPPER-D017-H03-PW02,inequality,17,3,wind,2,pw_upper_bound,true,4,3818,MW,0,NaN,
20260811_121452_stage_B_2C_4168a6e9,INEQ-LOWER-D017-H03-PW03,inequality,17,3,wind,3,pw_lower_bound,true,5,3819,MW,0,NaN,
20260811_121452_stage_B_2C_4168a6e9,INEQ-UPPER-D017-H03-PW03,inequality,17,3,wind,3,pw_upper_bound,true,6,3820,MW,0,NaN,
20260811_121452_stage_B_2C_4168a6e9,INEQ-LOWER-D017-H03-PW04,inequality,17,3,wind,4,pw_lower_bound,true,7,3821,MW,0,NaN,
20260811_121452_stage_B_2C_4168a6e9,INEQ-UPPER-D017-H03-PW04,inequality,17,3,wind,4,pw_upper_bound,true,8,3822,MW,0,NaN,
20260811_121452_stage_B_2C_4168a6e9,INEQ-LOWER-D017-H03-PW05,inequality,17,3,wind,5,pw_lower_bound,true,9,3823,MW,0,NaN,
20260811_121452_stage_B_2C_4168a6e9,INEQ-UPPER-D017-H03-PW05,inequality,17,3,wind,5,pw_upper_bound,true,10,3824,MW,0,NaN,
20260811_121452_stage_B_2C_4168a6e9,INEQ-LOWER-D017-H03-PH01,inequality,17,3,hydro,1,ph_lower_bound,true,11,3825,MW,0,NaN,
20260811_121452_stage_B_2C_4168a6e9,INEQ-UPPER-D017-H03-PH01,inequality,17,3,hydro,1,ph_upper_bound,true,12,3826,MW,0,NaN,
20260811_121452_stage_B_2C_4168a6e9,INEQ-LOWER-D017-H03-PH02,inequality,17,3,hydro,2,ph_lower_bound,true,13,3827,MW,0,NaN,
20260811_121452_stage_B_2C_4168a6e9,INEQ-UPPER-D017-H03-PH02,inequality,17,3,hydro,2,ph_upper_bound,true,14,3828,MW,0,NaN,
20260811_121452_stage_B_2C_4168a6e9,INEQ-LOWER-D017-H03-PH03,inequality,17,3,hydro,3,ph_lower_bound,true,15,3829,MW,0,NaN,
20260811_121452_stage_B_2C_4168a6e9,INEQ-UPPER-D017-H03-PH03,inequality,17,3,hydro,3,ph_upper_bound,true,16,3830,MW,0,NaN,
20260811_121452_stage_B_2C_4168a6e9,INEQ-LOWER-D017-H03-PH04,inequality,17,3,hydro,4,ph_lower_bound,true,17,3831,MW,0,NaN,
20260811_121452_stage_B_2C_4168a6e9,INEQ-UPPER-D017-H03-PH04,inequality,17,3,hydro,4,ph_upper_bound,true,18,3832,MW,0,NaN,
20260811_121452_stage_B_2C_4168a6e9,INEQ-LOWER-D017-H03-PF01,inequality,17,3,thermal,1,pf_lower_bound,true,19,3833,MW,0,NaN,
20260811_121452_stage_B_2C_4168a6e9,INEQ-UPPER-D017-H03-PF01,inequality,17,3,thermal,1,pf_upper_bound,true,20,3834,MW,0,NaN,
20260811_121452_stage_B_2C_4168a6e9,INEQ-LOWER-D017-H03-PF02,inequality,17,3,thermal,2,pf_lower_bound,true,21,3835,MW,0,NaN,
20260811_121452_stage_B_2C_4168a6e9,INEQ-UPPER-D017-H03-PF02,inequality,17,3,thermal,2,pf_upper_bound,true,22,3836,MW,0,NaN,
20260811_121452_stage_B_2C_4168a6e9,INEQ-LOWER-D017-H03-PF03,inequality,17,3,thermal,3,pf_lower_bound,true,23,3837,MW,0,NaN,
20260811_121452_stage_B_2C_4168a6e9,INEQ-UPPER-D017-H03-PF03,inequality,17,3,thermal,3,pf_upper_bound,true,24,3838,MW,0,NaN,
20260811_121452_stage_B_2C_4168a6e9,INEQ-LOWER-D017-H03-PF04,inequality,17,3,thermal,4,pf_lower_bound,true,25,3839,MW,0,NaN,
20260811_121452_stage_B_2C_4168a6e9,INEQ-UPPER-D017-H03-PF04,inequality,17,3,thermal,4,pf_upper_bound,true,26,3840,MW,0,NaN,
20260811_121452_stage_B_2C_4168a6e9,INEQ-LOWER-D017-H03-Pch01,inequality,17,3,storage,1,pch_lower_bound,true,27,3841,MW,0,NaN,
20260811_121452_stage_B_2C_4168a6e9,INEQ-UPPER-D017-H03-Pch01,inequality,17,3,storage,1,pch_upper_bound,true,28,3842,MW,0,NaN,
20260811_121452_stage_B_2C_4168a6e9,INEQ-LOWER-D017-H03-Pch02,inequality,17,3,storage,2,pch_lower_bound,true,29,3843,MW,0,NaN,
20260811_121452_stage_B_2C_4168a6e9,INEQ-UPPER-D017-H03-Pch02,inequality,17,3,storage,2,pch_upper_bound,true,30,3844,MW,0,NaN,
20260811_121452_stage_B_2C_4168a6e9,INEQ-LOWER-D017-H03-Pdis01,inequality,17,3,storage,1,pdis_lower_bound,true,31,3845,MW,0,NaN,
20260811_121452_stage_B_2C_4168a6e9,INEQ-UPPER-D017-H03-Pdis01,inequality,17,3,storage,1,pdis_upper_bound,true,32,3846,MW,0,NaN,
20260811_121452_stage_B_2C_4168a6e9,INEQ-LOWER-D017-H03-Pdis02,inequality,17,3,storage,2,pdis_lower_bound,true,33,3847,MW,0,NaN,
20260811_121452_stage_B_2C_4168a6e9,INEQ-UPPER-D017-H03-Pdis02,inequality,17,3,storage,2,pdis_upper_bound,true,34,3848,MW,0,NaN,
20260811_121452_stage_B_2C_4168a6e9,INEQ-LOWER-D017-H03-SOC01,inequality,17,3,storage,1,soc_lower_bound,true,35,3849,MWh,0,NaN,
20260811_121452_stage_B_2C_4168a6e9,INEQ-UPPER-D017-H03-SOC01,inequality,17,3,storage,1,soc_upper_bound,true,36,3850,MWh,0,NaN,
20260811_121452_stage_B_2C_4168a6e9,INEQ-LOWER-D017-H03-SOC02,inequality,17,3,storage,2,soc_lower_bound,true,37,3851,MWh,0,NaN,
20260811_121452_stage_B_2C_4168a6e9,INEQ-UPPER-D017-H03-SOC02,inequality,17,3,storage,2,soc_upper_bound,true,38,3852,MWh,0,NaN,
20260811_121452_stage_B_2C_4168a6e9,INEQ-LOWER-D017-H04-PW01,inequality,17,4,wind,1,pw_lower_bound,true,1,3853,MW,0,NaN,
20260811_121452_stage_B_2C_4168a6e9,INEQ-UPPER-D017-H04-PW01,inequality,17,4,wind,1,pw_upper_bound,true,2,3854,MW,0,NaN,
20260811_121452_stage_B_2C_4168a6e9,INEQ-LOWER-D017-H04-PW02,inequality,17,4,wind,2,pw_lower_bound,true,3,3855,MW,0,NaN,
20260811_121452_stage_B_2C_4168a6e9,INEQ-UPPER-D017-H04-PW02,inequality,17,4,wind,2,pw_upper_bound,true,4,3856,MW,0,NaN,
20260811_121452_stage_B_2C_4168a6e9,INEQ-LOWER-D017-H04-PW03,inequality,17,4,wind,3,pw_lower_bound,true,5,3857,MW,0,NaN,
20260811_121452_stage_B_2C_4168a6e9,INEQ-UPPER-D017-H04-PW03,inequality,17,4,wind,3,pw_upper_bound,true,6,3858,MW,0,NaN,
20260811_121452_stage_B_2C_4168a6e9,INEQ-LOWER-D017-H04-PW04,inequality,17,4,wind,4,pw_lower_bound,true,7,3859,MW,0,NaN,
20260811_121452_stage_B_2C_4168a6e9,INEQ-UPPER-D017-H04-PW04,inequality,17,4,wind,4,pw_upper_bound,true,8,3860,MW,0,NaN,
20260811_121452_stage_B_2C_4168a6e9,INEQ-LOWER-D017-H04-PW05,inequality,17,4,wind,5,pw_lower_bound,true,9,3861,MW,0,NaN,
20260811_121452_stage_B_2C_4168a6e9,INEQ-UPPER-D017-H04-PW05,inequality,17,4,wind,5,pw_upper_bound,true,10,3862,MW,0,NaN,
20260811_121452_stage_B_2C_4168a6e9,INEQ-LOWER-D017-H04-PH01,inequality,17,4,hydro,1,ph_lower_bound,true,11,3863,MW,0,NaN,
20260811_121452_stage_B_2C_4168a6e9,INEQ-UPPER-D017-H04-PH01,inequality,17,4,hydro,1,ph_upper_bound,true,12,3864,MW,0,NaN,
20260811_121452_stage_B_2C_4168a6e9,INEQ-LOWER-D017-H04-PH02,inequality,17,4,hydro,2,ph_lower_bound,true,13,3865,MW,0,NaN,
20260811_121452_stage_B_2C_4168a6e9,INEQ-UPPER-D017-H04-PH02,inequality,17,4,hydro,2,ph_upper_bound,true,14,3866,MW,0,NaN,
20260811_121452_stage_B_2C_4168a6e9,INEQ-LOWER-D017-H04-PH03,inequality,17,4,hydro,3,ph_lower_bound,true,15,3867,MW,0,NaN,
20260811_121452_stage_B_2C_4168a6e9,INEQ-UPPER-D017-H04-PH03,inequality,17,4,hydro,3,ph_upper_bound,true,16,3868,MW,0,NaN,
20260811_121452_stage_B_2C_4168a6e9,INEQ-LOWER-D017-H04-PH04,inequality,17,4,hydro,4,ph_lower_bound,true,17,3869,MW,0,NaN,
20260811_121452_stage_B_2C_4168a6e9,INEQ-UPPER-D017-H04-PH04,inequality,17,4,hydro,4,ph_upper_bound,true,18,3870,MW,0,NaN,
20260811_121452_stage_B_2C_4168a6e9,INEQ-LOWER-D017-H04-PF01,inequality,17,4,thermal,1,pf_lower_bound,true,19,3871,MW,0,NaN,
20260811_121452_stage_B_2C_4168a6e9,INEQ-UPPER-D017-H04-PF01,inequality,17,4,thermal,1,pf_upper_bound,true,20,3872,MW,0,NaN,
20260811_121452_stage_B_2C_4168a6e9,INEQ-LOWER-D017-H04-PF02,inequality,17,4,thermal,2,pf_lower_bound,true,21,3873,MW,0,NaN,
20260811_121452_stage_B_2C_4168a6e9,INEQ-UPPER-D017-H04-PF02,inequality,17,4,thermal,2,pf_upper_bound,true,22,3874,MW,0,NaN,
20260811_121452_stage_B_2C_4168a6e9,INEQ-LOWER-D017-H04-PF03,inequality,17,4,thermal,3,pf_lower_bound,true,23,3875,MW,0,NaN,
20260811_121452_stage_B_2C_4168a6e9,INEQ-UPPER-D017-H04-PF03,inequality,17,4,thermal,3,pf_upper_bound,true,24,3876,MW,0,NaN,
20260811_121452_stage_B_2C_4168a6e9,INEQ-LOWER-D017-H04-PF04,inequality,17,4,thermal,4,pf_lower_bound,true,25,3877,MW,0,NaN,
20260811_121452_stage_B_2C_4168a6e9,INEQ-UPPER-D017-H04-PF04,inequality,17,4,thermal,4,pf_upper_bound,true,26,3878,MW,0,NaN,
20260811_121452_stage_B_2C_4168a6e9,INEQ-LOWER-D017-H04-Pch01,inequality,17,4,storage,1,pch_lower_bound,true,27,3879,MW,0,NaN,
20260811_121452_stage_B_2C_4168a6e9,INEQ-UPPER-D017-H04-Pch01,inequality,17,4,storage,1,pch_upper_bound,true,28,3880,MW,0,NaN,
20260811_121452_stage_B_2C_4168a6e9,INEQ-LOWER-D017-H04-Pch02,inequality,17,4,storage,2,pch_lower_bound,true,29,3881,MW,0,NaN,
20260811_121452_stage_B_2C_4168a6e9,INEQ-UPPER-D017-H04-Pch02,inequality,17,4,storage,2,pch_upper_bound,true,30,3882,MW,0,NaN,
20260811_121452_stage_B_2C_4168a6e9,INEQ-LOWER-D017-H04-Pdis01,inequality,17,4,storage,1,pdis_lower_bound,true,31,3883,MW,0,NaN,
20260811_121452_stage_B_2C_4168a6e9,INEQ-UPPER-D017-H04-Pdis01,inequality,17,4,storage,1,pdis_upper_bound,true,32,3884,MW,0,NaN,
20260811_121452_stage_B_2C_4168a6e9,INEQ-LOWER-D017-H04-Pdis02,inequality,17,4,storage,2,pdis_lower_bound,true,33,3885,MW,0,NaN,
20260811_121452_stage_B_2C_4168a6e9,INEQ-UPPER-D017-H04-Pdis02,inequality,17,4,storage,2,pdis_upper_bound,true,34,3886,MW,0,NaN,
20260811_121452_stage_B_2C_4168a6e9,INEQ-LOWER-D017-H04-SOC01,inequality,17,4,storage,1,soc_lower_bound,true,35,3887,MWh,0,NaN,
20260811_121452_stage_B_2C_4168a6e9,INEQ-UPPER-D017-H04-SOC01,inequality,17,4,storage,1,soc_upper_bound,true,36,3888,MWh,0,NaN,
20260811_121452_stage_B_2C_4168a6e9,INEQ-LOWER-D017-H04-SOC02,inequality,17,4,storage,2,soc_lower_bound,true,37,3889,MWh,0,NaN,
20260811_121452_stage_B_2C_4168a6e9,INEQ-UPPER-D017-H04-SOC02,inequality,17,4,storage,2,soc_upper_bound,true,38,3890,MWh,0,NaN,
20260811_121452_stage_B_2C_4168a6e9,INEQ-LOWER-D017-H05-PW01,inequality,17,5,wind,1,pw_lower_bound,true,1,3891,MW,0,NaN,
20260811_121452_stage_B_2C_4168a6e9,INEQ-UPPER-D017-H05-PW01,inequality,17,5,wind,1,pw_upper_bound,true,2,3892,MW,0,NaN,
20260811_121452_stage_B_2C_4168a6e9,INEQ-LOWER-D017-H05-PW02,inequality,17,5,wind,2,pw_lower_bound,true,3,3893,MW,0,NaN,
20260811_121452_stage_B_2C_4168a6e9,INEQ-UPPER-D017-H05-PW02,inequality,17,5,wind,2,pw_upper_bound,true,4,3894,MW,0,NaN,
20260811_121452_stage_B_2C_4168a6e9,INEQ-LOWER-D017-H05-PW03,inequality,17,5,wind,3,pw_lower_bound,true,5,3895,MW,0,NaN,
20260811_121452_stage_B_2C_4168a6e9,INEQ-UPPER-D017-H05-PW03,inequality,17,5,wind,3,pw_upper_bound,true,6,3896,MW,0,NaN,
20260811_121452_stage_B_2C_4168a6e9,INEQ-LOWER-D017-H05-PW04,inequality,17,5,wind,4,pw_lower_bound,true,7,3897,MW,0,NaN,
20260811_121452_stage_B_2C_4168a6e9,INEQ-UPPER-D017-H05-PW04,inequality,17,5,wind,4,pw_upper_bound,true,8,3898,MW,0,NaN,
20260811_121452_stage_B_2C_4168a6e9,INEQ-LOWER-D017-H05-PW05,inequality,17,5,wind,5,pw_lower_bound,true,9,3899,MW,0,NaN,
20260811_121452_stage_B_2C_4168a6e9,INEQ-UPPER-D017-H05-PW05,inequality,17,5,wind,5,pw_upper_bound,true,10,3900,MW,0,NaN,
20260811_121452_stage_B_2C_4168a6e9,INEQ-LOWER-D017-H05-PH01,inequality,17,5,hydro,1,ph_lower_bound,true,11,3901,MW,0,NaN,
20260811_121452_stage_B_2C_4168a6e9,INEQ-UPPER-D017-H05-PH01,inequality,17,5,hydro,1,ph_upper_bound,true,12,3902,MW,0,NaN,
20260811_121452_stage_B_2C_4168a6e9,INEQ-LOWER-D017-H05-PH02,inequality,17,5,hydro,2,ph_lower_bound,true,13,3903,MW,0,NaN,
20260811_121452_stage_B_2C_4168a6e9,INEQ-UPPER-D017-H05-PH02,inequality,17,5,hydro,2,ph_upper_bound,true,14,3904,MW,0,NaN,
20260811_121452_stage_B_2C_4168a6e9,INEQ-LOWER-D017-H05-PH03,inequality,17,5,hydro,3,ph_lower_bound,true,15,3905,MW,0,NaN,
20260811_121452_stage_B_2C_4168a6e9,INEQ-UPPER-D017-H05-PH03,inequality,17,5,hydro,3,ph_upper_bound,true,16,3906,MW,0,NaN,
20260811_121452_stage_B_2C_4168a6e9,INEQ-LOWER-D017-H05-PH04,inequality,17,5,hydro,4,ph_lower_bound,true,17,3907,MW,0,NaN,
20260811_121452_stage_B_2C_4168a6e9,INEQ-UPPER-D017-H05-PH04,inequality,17,5,hydro,4,ph_upper_bound,true,18,3908,MW,0,NaN,
20260811_121452_stage_B_2C_4168a6e9,INEQ-LOWER-D017-H05-PF01,inequality,17,5,thermal,1,pf_lower_bound,true,19,3909,MW,0,NaN,
20260811_121452_stage_B_2C_4168a6e9,INEQ-UPPER-D017-H05-PF01,inequality,17,5,thermal,1,pf_upper_bound,true,20,3910,MW,0,NaN,
20260811_121452_stage_B_2C_4168a6e9,INEQ-LOWER-D017-H05-PF02,inequality,17,5,thermal,2,pf_lower_bound,true,21,3911,MW,0,NaN,
20260811_121452_stage_B_2C_4168a6e9,INEQ-UPPER-D017-H05-PF02,inequality,17,5,thermal,2,pf_upper_bound,true,22,3912,MW,0,NaN,
20260811_121452_stage_B_2C_4168a6e9,INEQ-LOWER-D017-H05-PF03,inequality,17,5,thermal,3,pf_lower_bound,true,23,3913,MW,0,NaN,
20260811_121452_stage_B_2C_4168a6e9,INEQ-UPPER-D017-H05-PF03,inequality,17,5,thermal,3,pf_upper_bound,true,24,3914,MW,0,NaN,
20260811_121452_stage_B_2C_4168a6e9,INEQ-LOWER-D017-H05-PF04,inequality,17,5,thermal,4,pf_lower_bound,true,25,3915,MW,0,NaN,
20260811_121452_stage_B_2C_4168a6e9,INEQ-UPPER-D017-H05-PF04,inequality,17,5,thermal,4,pf_upper_bound,true,26,3916,MW,0,NaN,
20260811_121452_stage_B_2C_4168a6e9,INEQ-LOWER-D017-H05-Pch01,inequality,17,5,storage,1,pch_lower_bound,true,27,3917,MW,0,NaN,
20260811_121452_stage_B_2C_4168a6e9,INEQ-UPPER-D017-H05-Pch01,inequality,17,5,storage,1,pch_upper_bound,true,28,3918,MW,0,NaN,
20260811_121452_stage_B_2C_4168a6e9,INEQ-LOWER-D017-H05-Pch02,inequality,17,5,storage,2,pch_lower_bound,true,29,3919,MW,0,NaN,
20260811_121452_stage_B_2C_4168a6e9,INEQ-UPPER-D017-H05-Pch02,inequality,17,5,storage,2,pch_upper_bound,true,30,3920,MW,0,NaN,
20260811_121452_stage_B_2C_4168a6e9,INEQ-LOWER-D017-H05-Pdis01,inequality,17,5,storage,1,pdis_lower_bound,true,31,3921,MW,0,NaN,
20260811_121452_stage_B_2C_4168a6e9,INEQ-UPPER-D017-H05-Pdis01,inequality,17,5,storage,1,pdis_upper_bound,true,32,3922,MW,0,NaN,
20260811_121452_stage_B_2C_4168a6e9,INEQ-LOWER-D017-H05-Pdis02,inequality,17,5,storage,2,pdis_lower_bound,true,33,3923,MW,0,NaN,
20260811_121452_stage_B_2C_4168a6e9,INEQ-UPPER-D017-H05-Pdis02,inequality,17,5,storage,2,pdis_upper_bound,true,34,3924,MW,0,NaN,
20260811_121452_stage_B_2C_4168a6e9,INEQ-LOWER-D017-H05-SOC01,inequality,17,5,storage,1,soc_lower_bound,true,35,3925,MWh,0,NaN,
20260811_121452_stage_B_2C_4168a6e9,INEQ-UPPER-D017-H05-SOC01,inequality,17,5,storage,1,soc_upper_bound,true,36,3926,MWh,0,NaN,
20260811_121452_stage_B_2C_4168a6e9,INEQ-LOWER-D017-H05-SOC02,inequality,17,5,storage,2,soc_lower_bound,true,37,3927,MWh,0,NaN,
20260811_121452_stage_B_2C_4168a6e9,INEQ-UPPER-D017-H05-SOC02,inequality,17,5,storage,2,soc_upper_bound,true,38,3928,MWh,0,NaN,
20260811_121452_stage_B_2C_4168a6e9,INEQ-LOWER-D017-H06-PW01,inequality,17,6,wind,1,pw_lower_bound,true,1,3929,MW,0,NaN,
20260811_121452_stage_B_2C_4168a6e9,INEQ-UPPER-D017-H06-PW01,inequality,17,6,wind,1,pw_upper_bound,true,2,3930,MW,0,NaN,
20260811_121452_stage_B_2C_4168a6e9,INEQ-LOWER-D017-H06-PW02,inequality,17,6,wind,2,pw_lower_bound,true,3,3931,MW,0,NaN,
20260811_121452_stage_B_2C_4168a6e9,INEQ-UPPER-D017-H06-PW02,inequality,17,6,wind,2,pw_upper_bound,true,4,3932,MW,0,NaN,
20260811_121452_stage_B_2C_4168a6e9,INEQ-LOWER-D017-H06-PW03,inequality,17,6,wind,3,pw_lower_bound,true,5,3933,MW,0,NaN,
20260811_121452_stage_B_2C_4168a6e9,INEQ-UPPER-D017-H06-PW03,inequality,17,6,wind,3,pw_upper_bound,true,6,3934,MW,0,NaN,
20260811_121452_stage_B_2C_4168a6e9,INEQ-LOWER-D017-H06-PW04,inequality,17,6,wind,4,pw_lower_bound,true,7,3935,MW,0,NaN,
20260811_121452_stage_B_2C_4168a6e9,INEQ-UPPER-D017-H06-PW04,inequality,17,6,wind,4,pw_upper_bound,true,8,3936,MW,0,NaN,
20260811_121452_stage_B_2C_4168a6e9,INEQ-LOWER-D017-H06-PW05,inequality,17,6,wind,5,pw_lower_bound,true,9,3937,MW,0,NaN,
20260811_121452_stage_B_2C_4168a6e9,INEQ-UPPER-D017-H06-PW05,inequality,17,6,wind,5,pw_upper_bound,true,10,3938,MW,0,NaN,
20260811_121452_stage_B_2C_4168a6e9,INEQ-LOWER-D017-H06-PH01,inequality,17,6,hydro,1,ph_lower_bound,true,11,3939,MW,0,NaN,
20260811_121452_stage_B_2C_4168a6e9,INEQ-UPPER-D017-H06-PH01,inequality,17,6,hydro,1,ph_upper_bound,true,12,3940,MW,0,NaN,
20260811_121452_stage_B_2C_4168a6e9,INEQ-LOWER-D017-H06-PH02,inequality,17,6,hydro,2,ph_lower_bound,true,13,3941,MW,0,NaN,
20260811_121452_stage_B_2C_4168a6e9,INEQ-UPPER-D017-H06-PH02,inequality,17,6,hydro,2,ph_upper_bound,true,14,3942,MW,0,NaN,
20260811_121452_stage_B_2C_4168a6e9,INEQ-LOWER-D017-H06-PH03,inequality,17,6,hydro,3,ph_lower_bound,true,15,3943,MW,0,NaN,
20260811_121452_stage_B_2C_4168a6e9,INEQ-UPPER-D017-H06-PH03,inequality,17,6,hydro,3,ph_upper_bound,true,16,3944,MW,0,NaN,
20260811_121452_stage_B_2C_4168a6e9,INEQ-LOWER-D017-H06-PH04,inequality,17,6,hydro,4,ph_lower_bound,true,17,3945,MW,0,NaN,
20260811_121452_stage_B_2C_4168a6e9,INEQ-UPPER-D017-H06-PH04,inequality,17,6,hydro,4,ph_upper_bound,true,18,3946,MW,0,NaN,
20260811_121452_stage_B_2C_4168a6e9,INEQ-LOWER-D017-H06-PF01,inequality,17,6,thermal,1,pf_lower_bound,true,19,3947,MW,0,NaN,
20260811_121452_stage_B_2C_4168a6e9,INEQ-UPPER-D017-H06-PF01,inequality,17,6,thermal,1,pf_upper_bound,true,20,3948,MW,0,NaN,
20260811_121452_stage_B_2C_4168a6e9,INEQ-LOWER-D017-H06-PF02,inequality,17,6,thermal,2,pf_lower_bound,true,21,3949,MW,0,NaN,
20260811_121452_stage_B_2C_4168a6e9,INEQ-UPPER-D017-H06-PF02,inequality,17,6,thermal,2,pf_upper_bound,true,22,3950,MW,0,NaN,
20260811_121452_stage_B_2C_4168a6e9,INEQ-LOWER-D017-H06-PF03,inequality,17,6,thermal,3,pf_lower_bound,true,23,3951,MW,0,NaN,
20260811_121452_stage_B_2C_4168a6e9,INEQ-UPPER-D017-H06-PF03,inequality,17,6,thermal,3,pf_upper_bound,true,24,3952,MW,0,NaN,
20260811_121452_stage_B_2C_4168a6e9,INEQ-LOWER-D017-H06-PF04,inequality,17,6,thermal,4,pf_lower_bound,true,25,3953,MW,0,NaN,
20260811_121452_stage_B_2C_4168a6e9,INEQ-UPPER-D017-H06-PF04,inequality,17,6,thermal,4,pf_upper_bound,true,26,3954,MW,0,NaN,
20260811_121452_stage_B_2C_4168a6e9,INEQ-LOWER-D017-H06-Pch01,inequality,17,6,storage,1,pch_lower_bound,true,27,3955,MW,0,NaN,
20260811_121452_stage_B_2C_4168a6e9,INEQ-UPPER-D017-H06-Pch01,inequality,17,6,storage,1,pch_upper_bound,true,28,3956,MW,0,NaN,
20260811_121452_stage_B_2C_4168a6e9,INEQ-LOWER-D017-H06-Pch02,inequality,17,6,storage,2,pch_lower_bound,true,29,3957,MW,0,NaN,
20260811_121452_stage_B_2C_4168a6e9,INEQ-UPPER-D017-H06-Pch02,inequality,17,6,storage,2,pch_upper_bound,true,30,3958,MW,0,NaN,
20260811_121452_stage_B_2C_4168a6e9,INEQ-LOWER-D017-H06-Pdis01,inequality,17,6,storage,1,pdis_lower_bound,true,31,3959,MW,0,NaN,
20260811_121452_stage_B_2C_4168a6e9,INEQ-UPPER-D017-H06-Pdis01,inequality,17,6,storage,1,pdis_upper_bound,true,32,3960,MW,0,NaN,
20260811_121452_stage_B_2C_4168a6e9,INEQ-LOWER-D017-H06-Pdis02,inequality,17,6,storage,2,pdis_lower_bound,true,33,3961,MW,0,NaN,
20260811_121452_stage_B_2C_4168a6e9,INEQ-UPPER-D017-H06-Pdis02,inequality,17,6,storage,2,pdis_upper_bound,true,34,3962,MW,0,NaN,
20260811_121452_stage_B_2C_4168a6e9,INEQ-LOWER-D017-H06-SOC01,inequality,17,6,storage,1,soc_lower_bound,true,35,3963,MWh,0,NaN,
20260811_121452_stage_B_2C_4168a6e9,INEQ-UPPER-D017-H06-SOC01,inequality,17,6,storage,1,soc_upper_bound,true,36,3964,MWh,0,NaN,
20260811_121452_stage_B_2C_4168a6e9,INEQ-LOWER-D017-H06-SOC02,inequality,17,6,storage,2,soc_lower_bound,true,37,3965,MWh,0,NaN,
20260811_121452_stage_B_2C_4168a6e9,INEQ-UPPER-D017-H06-SOC02,inequality,17,6,storage,2,soc_upper_bound,true,38,3966,MWh,0,NaN,
20260811_121452_stage_B_2C_4168a6e9,INEQ-LOWER-D017-H07-PW01,inequality,17,7,wind,1,pw_lower_bound,true,1,3967,MW,0,NaN,
20260811_121452_stage_B_2C_4168a6e9,INEQ-UPPER-D017-H07-PW01,inequality,17,7,wind,1,pw_upper_bound,true,2,3968,MW,0,NaN,
20260811_121452_stage_B_2C_4168a6e9,INEQ-LOWER-D017-H07-PW02,inequality,17,7,wind,2,pw_lower_bound,true,3,3969,MW,0,NaN,
20260811_121452_stage_B_2C_4168a6e9,INEQ-UPPER-D017-H07-PW02,inequality,17,7,wind,2,pw_upper_bound,true,4,3970,MW,0,NaN,
20260811_121452_stage_B_2C_4168a6e9,INEQ-LOWER-D017-H07-PW03,inequality,17,7,wind,3,pw_lower_bound,true,5,3971,MW,0,NaN,
20260811_121452_stage_B_2C_4168a6e9,INEQ-UPPER-D017-H07-PW03,inequality,17,7,wind,3,pw_upper_bound,true,6,3972,MW,0,NaN,
20260811_121452_stage_B_2C_4168a6e9,INEQ-LOWER-D017-H07-PW04,inequality,17,7,wind,4,pw_lower_bound,true,7,3973,MW,0,NaN,
20260811_121452_stage_B_2C_4168a6e9,INEQ-UPPER-D017-H07-PW04,inequality,17,7,wind,4,pw_upper_bound,true,8,3974,MW,0,NaN,
20260811_121452_stage_B_2C_4168a6e9,INEQ-LOWER-D017-H07-PW05,inequality,17,7,wind,5,pw_lower_bound,true,9,3975,MW,0,NaN,
20260811_121452_stage_B_2C_4168a6e9,INEQ-UPPER-D017-H07-PW05,inequality,17,7,wind,5,pw_upper_bound,true,10,3976,MW,0,NaN,
20260811_121452_stage_B_2C_4168a6e9,INEQ-LOWER-D017-H07-PH01,inequality,17,7,hydro,1,ph_lower_bound,true,11,3977,MW,0,NaN,
20260811_121452_stage_B_2C_4168a6e9,INEQ-UPPER-D017-H07-PH01,inequality,17,7,hydro,1,ph_upper_bound,true,12,3978,MW,0,NaN,
20260811_121452_stage_B_2C_4168a6e9,INEQ-LOWER-D017-H07-PH02,inequality,17,7,hydro,2,ph_lower_bound,true,13,3979,MW,0,NaN,
20260811_121452_stage_B_2C_4168a6e9,INEQ-UPPER-D017-H07-PH02,inequality,17,7,hydro,2,ph_upper_bound,true,14,3980,MW,0,NaN,
20260811_121452_stage_B_2C_4168a6e9,INEQ-LOWER-D017-H07-PH03,inequality,17,7,hydro,3,ph_lower_bound,true,15,3981,MW,0,NaN,
20260811_121452_stage_B_2C_4168a6e9,INEQ-UPPER-D017-H07-PH03,inequality,17,7,hydro,3,ph_upper_bound,true,16,3982,MW,0,NaN,
20260811_121452_stage_B_2C_4168a6e9,INEQ-LOWER-D017-H07-PH04,inequality,17,7,hydro,4,ph_lower_bound,true,17,3983,MW,0,NaN,
20260811_121452_stage_B_2C_4168a6e9,INEQ-UPPER-D017-H07-PH04,inequality,17,7,hydro,4,ph_upper_bound,true,18,3984,MW,0,NaN,
20260811_121452_stage_B_2C_4168a6e9,INEQ-LOWER-D017-H07-PF01,inequality,17,7,thermal,1,pf_lower_bound,true,19,3985,MW,0,NaN,
20260811_121452_stage_B_2C_4168a6e9,INEQ-UPPER-D017-H07-PF01,inequality,17,7,thermal,1,pf_upper_bound,true,20,3986,MW,0,NaN,
20260811_121452_stage_B_2C_4168a6e9,INEQ-LOWER-D017-H07-PF02,inequality,17,7,thermal,2,pf_lower_bound,true,21,3987,MW,0,NaN,
20260811_121452_stage_B_2C_4168a6e9,INEQ-UPPER-D017-H07-PF02,inequality,17,7,thermal,2,pf_upper_bound,true,22,3988,MW,0,NaN,
20260811_121452_stage_B_2C_4168a6e9,INEQ-LOWER-D017-H07-PF03,inequality,17,7,thermal,3,pf_lower_bound,true,23,3989,MW,0,NaN,
20260811_121452_stage_B_2C_4168a6e9,INEQ-UPPER-D017-H07-PF03,inequality,17,7,thermal,3,pf_upper_bound,true,24,3990,MW,0,NaN,
20260811_121452_stage_B_2C_4168a6e9,INEQ-LOWER-D017-H07-PF04,inequality,17,7,thermal,4,pf_lower_bound,true,25,3991,MW,0,NaN,
20260811_121452_stage_B_2C_4168a6e9,INEQ-UPPER-D017-H07-PF04,inequality,17,7,thermal,4,pf_upper_bound,true,26,3992,MW,0,NaN,
20260811_121452_stage_B_2C_4168a6e9,INEQ-LOWER-D017-H07-Pch01,inequality,17,7,storage,1,pch_lower_bound,true,27,3993,MW,0,NaN,
20260811_121452_stage_B_2C_4168a6e9,INEQ-UPPER-D017-H07-Pch01,inequality,17,7,storage,1,pch_upper_bound,true,28,3994,MW,0,NaN,
20260811_121452_stage_B_2C_4168a6e9,INEQ-LOWER-D017-H07-Pch02,inequality,17,7,storage,2,pch_lower_bound,true,29,3995,MW,0,NaN,
20260811_121452_stage_B_2C_4168a6e9,INEQ-UPPER-D017-H07-Pch02,inequality,17,7,storage,2,pch_upper_bound,true,30,3996,MW,0,NaN,
20260811_121452_stage_B_2C_4168a6e9,INEQ-LOWER-D017-H07-Pdis01,inequality,17,7,storage,1,pdis_lower_bound,true,31,3997,MW,0,NaN,
20260811_121452_stage_B_2C_4168a6e9,INEQ-UPPER-D017-H07-Pdis01,inequality,17,7,storage,1,pdis_upper_bound,true,32,3998,MW,0,NaN,
20260811_121452_stage_B_2C_4168a6e9,INEQ-LOWER-D017-H07-Pdis02,inequality,17,7,storage,2,pdis_lower_bound,true,33,3999,MW,0,NaN,
20260811_121452_stage_B_2C_4168a6e9,INEQ-UPPER-D017-H07-Pdis02,inequality,17,7,storage,2,pdis_upper_bound,true,34,4000,MW,0,NaN,
20260811_121452_stage_B_2C_4168a6e9,INEQ-LOWER-D017-H07-SOC01,inequality,17,7,storage,1,soc_lower_bound,true,35,4001,MWh,0,NaN,
20260811_121452_stage_B_2C_4168a6e9,INEQ-UPPER-D017-H07-SOC01,inequality,17,7,storage,1,soc_upper_bound,true,36,4002,MWh,0,NaN,
20260811_121452_stage_B_2C_4168a6e9,INEQ-LOWER-D017-H07-SOC02,inequality,17,7,storage,2,soc_lower_bound,true,37,4003,MWh,0,NaN,
20260811_121452_stage_B_2C_4168a6e9,INEQ-UPPER-D017-H07-SOC02,inequality,17,7,storage,2,soc_upper_bound,true,38,4004,MWh,0,NaN,
20260811_121452_stage_B_2C_4168a6e9,INEQ-LOWER-D017-H08-PW01,inequality,17,8,wind,1,pw_lower_bound,true,1,4005,MW,0,NaN,
20260811_121452_stage_B_2C_4168a6e9,INEQ-UPPER-D017-H08-PW01,inequality,17,8,wind,1,pw_upper_bound,true,2,4006,MW,0,NaN,
20260811_121452_stage_B_2C_4168a6e9,INEQ-LOWER-D017-H08-PW02,inequality,17,8,wind,2,pw_lower_bound,true,3,4007,MW,0,NaN,
20260811_121452_stage_B_2C_4168a6e9,INEQ-UPPER-D017-H08-PW02,inequality,17,8,wind,2,pw_upper_bound,true,4,4008,MW,0,NaN,
20260811_121452_stage_B_2C_4168a6e9,INEQ-LOWER-D017-H08-PW03,inequality,17,8,wind,3,pw_lower_bound,true,5,4009,MW,0,NaN,
20260811_121452_stage_B_2C_4168a6e9,INEQ-UPPER-D017-H08-PW03,inequality,17,8,wind,3,pw_upper_bound,true,6,4010,MW,0,NaN,
20260811_121452_stage_B_2C_4168a6e9,INEQ-LOWER-D017-H08-PW04,inequality,17,8,wind,4,pw_lower_bound,true,7,4011,MW,0,NaN,
20260811_121452_stage_B_2C_4168a6e9,INEQ-UPPER-D017-H08-PW04,inequality,17,8,wind,4,pw_upper_bound,true,8,4012,MW,0,NaN,
20260811_121452_stage_B_2C_4168a6e9,INEQ-LOWER-D017-H08-PW05,inequality,17,8,wind,5,pw_lower_bound,true,9,4013,MW,0,NaN,
20260811_121452_stage_B_2C_4168a6e9,INEQ-UPPER-D017-H08-PW05,inequality,17,8,wind,5,pw_upper_bound,true,10,4014,MW,0,NaN,
20260811_121452_stage_B_2C_4168a6e9,INEQ-LOWER-D017-H08-PP01,inequality,17,8,solar,1,pp_lower_bound,true,11,4015,MW,0,NaN,
20260811_121452_stage_B_2C_4168a6e9,INEQ-UPPER-D017-H08-PP01,inequality,17,8,solar,1,pp_upper_bound,true,12,4016,MW,0,NaN,
20260811_121452_stage_B_2C_4168a6e9,INEQ-LOWER-D017-H08-PP02,inequality,17,8,solar,2,pp_lower_bound,true,13,4017,MW,0,NaN,
20260811_121452_stage_B_2C_4168a6e9,INEQ-UPPER-D017-H08-PP02,inequality,17,8,solar,2,pp_upper_bound,true,14,4018,MW,0,NaN,
20260811_121452_stage_B_2C_4168a6e9,INEQ-LOWER-D017-H08-PP03,inequality,17,8,solar,3,pp_lower_bound,true,15,4019,MW,0,NaN,
20260811_121452_stage_B_2C_4168a6e9,INEQ-UPPER-D017-H08-PP03,inequality,17,8,solar,3,pp_upper_bound,true,16,4020,MW,0,NaN,
20260811_121452_stage_B_2C_4168a6e9,INEQ-LOWER-D017-H08-PP04,inequality,17,8,solar,4,pp_lower_bound,true,17,4021,MW,0,NaN,
20260811_121452_stage_B_2C_4168a6e9,INEQ-UPPER-D017-H08-PP04,inequality,17,8,solar,4,pp_upper_bound,true,18,4022,MW,0,NaN,
20260811_121452_stage_B_2C_4168a6e9,INEQ-LOWER-D017-H08-PP05,inequality,17,8,solar,5,pp_lower_bound,true,19,4023,MW,0,NaN,
20260811_121452_stage_B_2C_4168a6e9,INEQ-UPPER-D017-H08-PP05,inequality,17,8,solar,5,pp_upper_bound,true,20,4024,MW,0,NaN,
20260811_121452_stage_B_2C_4168a6e9,INEQ-LOWER-D017-H08-PH01,inequality,17,8,hydro,1,ph_lower_bound,true,21,4025,MW,0,NaN,
20260811_121452_stage_B_2C_4168a6e9,INEQ-UPPER-D017-H08-PH01,inequality,17,8,hydro,1,ph_upper_bound,true,22,4026,MW,0,NaN,
20260811_121452_stage_B_2C_4168a6e9,INEQ-LOWER-D017-H08-PH02,inequality,17,8,hydro,2,ph_lower_bound,true,23,4027,MW,0,NaN,
20260811_121452_stage_B_2C_4168a6e9,INEQ-UPPER-D017-H08-PH02,inequality,17,8,hydro,2,ph_upper_bound,true,24,4028,MW,0,NaN,
20260811_121452_stage_B_2C_4168a6e9,INEQ-LOWER-D017-H08-PH03,inequality,17,8,hydro,3,ph_lower_bound,true,25,4029,MW,0,NaN,
20260811_121452_stage_B_2C_4168a6e9,INEQ-UPPER-D017-H08-PH03,inequality,17,8,hydro,3,ph_upper_bound,true,26,4030,MW,0,NaN,
20260811_121452_stage_B_2C_4168a6e9,INEQ-LOWER-D017-H08-PH04,inequality,17,8,hydro,4,ph_lower_bound,true,27,4031,MW,0,NaN,
20260811_121452_stage_B_2C_4168a6e9,INEQ-UPPER-D017-H08-PH04,inequality,17,8,hydro,4,ph_upper_bound,true,28,4032,MW,0,NaN,
20260811_121452_stage_B_2C_4168a6e9,INEQ-LOWER-D017-H08-PF01,inequality,17,8,thermal,1,pf_lower_bound,true,29,4033,MW,0,NaN,
20260811_121452_stage_B_2C_4168a6e9,INEQ-UPPER-D017-H08-PF01,inequality,17,8,thermal,1,pf_upper_bound,true,30,4034,MW,0,NaN,
20260811_121452_stage_B_2C_4168a6e9,INEQ-LOWER-D017-H08-PF02,inequality,17,8,thermal,2,pf_lower_bound,true,31,4035,MW,0,NaN,
20260811_121452_stage_B_2C_4168a6e9,INEQ-UPPER-D017-H08-PF02,inequality,17,8,thermal,2,pf_upper_bound,true,32,4036,MW,0,NaN,
20260811_121452_stage_B_2C_4168a6e9,INEQ-LOWER-D017-H08-PF03,inequality,17,8,thermal,3,pf_lower_bound,true,33,4037,MW,0,NaN,
20260811_121452_stage_B_2C_4168a6e9,INEQ-UPPER-D017-H08-PF03,inequality,17,8,thermal,3,pf_upper_bound,true,34,4038,MW,0,NaN,
20260811_121452_stage_B_2C_4168a6e9,INEQ-LOWER-D017-H08-PF04,inequality,17,8,thermal,4,pf_lower_bound,true,35,4039,MW,0,NaN,
20260811_121452_stage_B_2C_4168a6e9,INEQ-UPPER-D017-H08-PF04,inequality,17,8,thermal,4,pf_upper_bound,true,36,4040,MW,0,NaN,
20260811_121452_stage_B_2C_4168a6e9,INEQ-LOWER-D017-H08-Pch01,inequality,17,8,storage,1,pch_lower_bound,true,37,4041,MW,0,NaN,
20260811_121452_stage_B_2C_4168a6e9,INEQ-UPPER-D017-H08-Pch01,inequality,17,8,storage,1,pch_upper_bound,true,38,4042,MW,0,NaN,
20260811_121452_stage_B_2C_4168a6e9,INEQ-LOWER-D017-H08-Pch02,inequality,17,8,storage,2,pch_lower_bound,true,39,4043,MW,0,NaN,
20260811_121452_stage_B_2C_4168a6e9,INEQ-UPPER-D017-H08-Pch02,inequality,17,8,storage,2,pch_upper_bound,true,40,4044,MW,0,NaN,
20260811_121452_stage_B_2C_4168a6e9,INEQ-LOWER-D017-H08-Pdis01,inequality,17,8,storage,1,pdis_lower_bound,true,41,4045,MW,0,NaN,
20260811_121452_stage_B_2C_4168a6e9,INEQ-UPPER-D017-H08-Pdis01,inequality,17,8,storage,1,pdis_upper_bound,true,42,4046,MW,0,NaN,
20260811_121452_stage_B_2C_4168a6e9,INEQ-LOWER-D017-H08-Pdis02,inequality,17,8,storage,2,pdis_lower_bound,true,43,4047,MW,0,NaN,
20260811_121452_stage_B_2C_4168a6e9,INEQ-UPPER-D017-H08-Pdis02,inequality,17,8,storage,2,pdis_upper_bound,true,44,4048,MW,0,NaN,
20260811_121452_stage_B_2C_4168a6e9,INEQ-LOWER-D017-H08-SOC01,inequality,17,8,storage,1,soc_lower_bound,true,45,4049,MWh,0,NaN,
20260811_121452_stage_B_2C_4168a6e9,INEQ-UPPER-D017-H08-SOC01,inequality,17,8,storage,1,soc_upper_bound,true,46,4050,MWh,0,NaN,
20260811_121452_stage_B_2C_4168a6e9,INEQ-LOWER-D017-H08-SOC02,inequality,17,8,storage,2,soc_lower_bound,true,47,4051,MWh,0,NaN,
20260811_121452_stage_B_2C_4168a6e9,INEQ-UPPER-D017-H08-SOC02,inequality,17,8,storage,2,soc_upper_bound,true,48,4052,MWh,0,NaN,
20260811_121452_stage_B_2C_4168a6e9,INEQ-LOWER-D017-H09-PW01,inequality,17,9,wind,1,pw_lower_bound,true,1,4053,MW,0,NaN,
20260811_121452_stage_B_2C_4168a6e9,INEQ-UPPER-D017-H09-PW01,inequality,17,9,wind,1,pw_upper_bound,true,2,4054,MW,0,NaN,
20260811_121452_stage_B_2C_4168a6e9,INEQ-LOWER-D017-H09-PW02,inequality,17,9,wind,2,pw_lower_bound,true,3,4055,MW,0,NaN,
20260811_121452_stage_B_2C_4168a6e9,INEQ-UPPER-D017-H09-PW02,inequality,17,9,wind,2,pw_upper_bound,true,4,4056,MW,0,NaN,
20260811_121452_stage_B_2C_4168a6e9,INEQ-LOWER-D017-H09-PW03,inequality,17,9,wind,3,pw_lower_bound,true,5,4057,MW,0,NaN,
20260811_121452_stage_B_2C_4168a6e9,INEQ-UPPER-D017-H09-PW03,inequality,17,9,wind,3,pw_upper_bound,true,6,4058,MW,0,NaN,
20260811_121452_stage_B_2C_4168a6e9,INEQ-LOWER-D017-H09-PW04,inequality,17,9,wind,4,pw_lower_bound,true,7,4059,MW,0,NaN,
20260811_121452_stage_B_2C_4168a6e9,INEQ-UPPER-D017-H09-PW04,inequality,17,9,wind,4,pw_upper_bound,true,8,4060,MW,0,NaN,
20260811_121452_stage_B_2C_4168a6e9,INEQ-LOWER-D017-H09-PW05,inequality,17,9,wind,5,pw_lower_bound,true,9,4061,MW,0,NaN,
20260811_121452_stage_B_2C_4168a6e9,INEQ-UPPER-D017-H09-PW05,inequality,17,9,wind,5,pw_upper_bound,true,10,4062,MW,0,NaN,
20260811_121452_stage_B_2C_4168a6e9,INEQ-LOWER-D017-H09-PP01,inequality,17,9,solar,1,pp_lower_bound,true,11,4063,MW,0,NaN,
20260811_121452_stage_B_2C_4168a6e9,INEQ-UPPER-D017-H09-PP01,inequality,17,9,solar,1,pp_upper_bound,true,12,4064,MW,0,NaN,
20260811_121452_stage_B_2C_4168a6e9,INEQ-LOWER-D017-H09-PP02,inequality,17,9,solar,2,pp_lower_bound,true,13,4065,MW,0,NaN,
20260811_121452_stage_B_2C_4168a6e9,INEQ-UPPER-D017-H09-PP02,inequality,17,9,solar,2,pp_upper_bound,true,14,4066,MW,0,NaN,
20260811_121452_stage_B_2C_4168a6e9,INEQ-LOWER-D017-H09-PP03,inequality,17,9,solar,3,pp_lower_bound,true,15,4067,MW,0,NaN,
20260811_121452_stage_B_2C_4168a6e9,INEQ-UPPER-D017-H09-PP03,inequality,17,9,solar,3,pp_upper_bound,true,16,4068,MW,0,NaN,
20260811_121452_stage_B_2C_4168a6e9,INEQ-LOWER-D017-H09-PP04,inequality,17,9,solar,4,pp_lower_bound,true,17,4069,MW,0,NaN,
20260811_121452_stage_B_2C_4168a6e9,INEQ-UPPER-D017-H09-PP04,inequality,17,9,solar,4,pp_upper_bound,true,18,4070,MW,0,NaN,
20260811_121452_stage_B_2C_4168a6e9,INEQ-LOWER-D017-H09-PP05,inequality,17,9,solar,5,pp_lower_bound,true,19,4071,MW,0,NaN,
20260811_121452_stage_B_2C_4168a6e9,INEQ-UPPER-D017-H09-PP05,inequality,17,9,solar,5,pp_upper_bound,true,20,4072,MW,0,NaN,
20260811_121452_stage_B_2C_4168a6e9,INEQ-LOWER-D017-H09-PH01,inequality,17,9,hydro,1,ph_lower_bound,true,21,4073,MW,0,NaN,
20260811_121452_stage_B_2C_4168a6e9,INEQ-UPPER-D017-H09-PH01,inequality,17,9,hydro,1,ph_upper_bound,true,22,4074,MW,0,NaN,
20260811_121452_stage_B_2C_4168a6e9,INEQ-LOWER-D017-H09-PH02,inequality,17,9,hydro,2,ph_lower_bound,true,23,4075,MW,0,NaN,
20260811_121452_stage_B_2C_4168a6e9,INEQ-UPPER-D017-H09-PH02,inequality,17,9,hydro,2,ph_upper_bound,true,24,4076,MW,0,NaN,
20260811_121452_stage_B_2C_4168a6e9,INEQ-LOWER-D017-H09-PH03,inequality,17,9,hydro,3,ph_lower_bound,true,25,4077,MW,0,NaN,
20260811_121452_stage_B_2C_4168a6e9,INEQ-UPPER-D017-H09-PH03,inequality,17,9,hydro,3,ph_upper_bound,true,26,4078,MW,0,NaN,
20260811_121452_stage_B_2C_4168a6e9,INEQ-LOWER-D017-H09-PH04,inequality,17,9,hydro,4,ph_lower_bound,true,27,4079,MW,0,NaN,
20260811_121452_stage_B_2C_4168a6e9,INEQ-UPPER-D017-H09-PH04,inequality,17,9,hydro,4,ph_upper_bound,true,28,4080,MW,0,NaN,
20260811_121452_stage_B_2C_4168a6e9,INEQ-LOWER-D017-H09-PF01,inequality,17,9,thermal,1,pf_lower_bound,true,29,4081,MW,0,NaN,
20260811_121452_stage_B_2C_4168a6e9,INEQ-UPPER-D017-H09-PF01,inequality,17,9,thermal,1,pf_upper_bound,true,30,4082,MW,0,NaN,
20260811_121452_stage_B_2C_4168a6e9,INEQ-LOWER-D017-H09-PF02,inequality,17,9,thermal,2,pf_lower_bound,true,31,4083,MW,0,NaN,
20260811_121452_stage_B_2C_4168a6e9,INEQ-UPPER-D017-H09-PF02,inequality,17,9,thermal,2,pf_upper_bound,true,32,4084,MW,0,NaN,
20260811_121452_stage_B_2C_4168a6e9,INEQ-LOWER-D017-H09-PF03,inequality,17,9,thermal,3,pf_lower_bound,true,33,4085,MW,0,NaN,
20260811_121452_stage_B_2C_4168a6e9,INEQ-UPPER-D017-H09-PF03,inequality,17,9,thermal,3,pf_upper_bound,true,34,4086,MW,0,NaN,
20260811_121452_stage_B_2C_4168a6e9,INEQ-LOWER-D017-H09-PF04,inequality,17,9,thermal,4,pf_lower_bound,true,35,4087,MW,0,NaN,
20260811_121452_stage_B_2C_4168a6e9,INEQ-UPPER-D017-H09-PF04,inequality,17,9,thermal,4,pf_upper_bound,true,36,4088,MW,0,NaN,
20260811_121452_stage_B_2C_4168a6e9,INEQ-LOWER-D017-H09-Pch01,inequality,17,9,storage,1,pch_lower_bound,true,37,4089,MW,0,NaN,
20260811_121452_stage_B_2C_4168a6e9,INEQ-UPPER-D017-H09-Pch01,inequality,17,9,storage,1,pch_upper_bound,true,38,4090,MW,0,NaN,
20260811_121452_stage_B_2C_4168a6e9,INEQ-LOWER-D017-H09-Pch02,inequality,17,9,storage,2,pch_lower_bound,true,39,4091,MW,0,NaN,
20260811_121452_stage_B_2C_4168a6e9,INEQ-UPPER-D017-H09-Pch02,inequality,17,9,storage,2,pch_upper_bound,true,40,4092,MW,0,NaN,
20260811_121452_stage_B_2C_4168a6e9,INEQ-LOWER-D017-H09-Pdis01,inequality,17,9,storage,1,pdis_lower_bound,true,41,4093,MW,0,NaN,
20260811_121452_stage_B_2C_4168a6e9,INEQ-UPPER-D017-H09-Pdis01,inequality,17,9,storage,1,pdis_upper_bound,true,42,4094,MW,0,NaN,
20260811_121452_stage_B_2C_4168a6e9,INEQ-LOWER-D017-H09-Pdis02,inequality,17,9,storage,2,pdis_lower_bound,true,43,4095,MW,0,NaN,
20260811_121452_stage_B_2C_4168a6e9,INEQ-UPPER-D017-H09-Pdis02,inequality,17,9,storage,2,pdis_upper_bound,true,44,4096,MW,0,NaN,
20260811_121452_stage_B_2C_4168a6e9,INEQ-LOWER-D017-H09-SOC01,inequality,17,9,storage,1,soc_lower_bound,true,45,4097,MWh,0,NaN,
20260811_121452_stage_B_2C_4168a6e9,INEQ-UPPER-D017-H09-SOC01,inequality,17,9,storage,1,soc_upper_bound,true,46,4098,MWh,0,NaN,
20260811_121452_stage_B_2C_4168a6e9,INEQ-LOWER-D017-H09-SOC02,inequality,17,9,storage,2,soc_lower_bound,true,47,4099,MWh,0,NaN,
20260811_121452_stage_B_2C_4168a6e9,INEQ-UPPER-D017-H09-SOC02,inequality,17,9,storage,2,soc_upper_bound,true,48,4100,MWh,0,NaN,
20260811_121452_stage_B_2C_4168a6e9,INEQ-LOWER-D017-H10-PW01,inequality,17,10,wind,1,pw_lower_bound,true,1,4101,MW,0,NaN,
20260811_121452_stage_B_2C_4168a6e9,INEQ-UPPER-D017-H10-PW01,inequality,17,10,wind,1,pw_upper_bound,true,2,4102,MW,0,NaN,
20260811_121452_stage_B_2C_4168a6e9,INEQ-LOWER-D017-H10-PW02,inequality,17,10,wind,2,pw_lower_bound,true,3,4103,MW,0,NaN,
20260811_121452_stage_B_2C_4168a6e9,INEQ-UPPER-D017-H10-PW02,inequality,17,10,wind,2,pw_upper_bound,true,4,4104,MW,0,NaN,
20260811_121452_stage_B_2C_4168a6e9,INEQ-LOWER-D017-H10-PW03,inequality,17,10,wind,3,pw_lower_bound,true,5,4105,MW,0,NaN,
20260811_121452_stage_B_2C_4168a6e9,INEQ-UPPER-D017-H10-PW03,inequality,17,10,wind,3,pw_upper_bound,true,6,4106,MW,0,NaN,
20260811_121452_stage_B_2C_4168a6e9,INEQ-LOWER-D017-H10-PW04,inequality,17,10,wind,4,pw_lower_bound,true,7,4107,MW,0,NaN,
20260811_121452_stage_B_2C_4168a6e9,INEQ-UPPER-D017-H10-PW04,inequality,17,10,wind,4,pw_upper_bound,true,8,4108,MW,0,NaN,
20260811_121452_stage_B_2C_4168a6e9,INEQ-LOWER-D017-H10-PW05,inequality,17,10,wind,5,pw_lower_bound,true,9,4109,MW,0,NaN,
20260811_121452_stage_B_2C_4168a6e9,INEQ-UPPER-D017-H10-PW05,inequality,17,10,wind,5,pw_upper_bound,true,10,4110,MW,0,NaN,
20260811_121452_stage_B_2C_4168a6e9,INEQ-LOWER-D017-H10-PP01,inequality,17,10,solar,1,pp_lower_bound,true,11,4111,MW,0,NaN,
20260811_121452_stage_B_2C_4168a6e9,INEQ-UPPER-D017-H10-PP01,inequality,17,10,solar,1,pp_upper_bound,true,12,4112,MW,0,NaN,
20260811_121452_stage_B_2C_4168a6e9,INEQ-LOWER-D017-H10-PP02,inequality,17,10,solar,2,pp_lower_bound,true,13,4113,MW,0,NaN,
20260811_121452_stage_B_2C_4168a6e9,INEQ-UPPER-D017-H10-PP02,inequality,17,10,solar,2,pp_upper_bound,true,14,4114,MW,0,NaN,
20260811_121452_stage_B_2C_4168a6e9,INEQ-LOWER-D017-H10-PP03,inequality,17,10,solar,3,pp_lower_bound,true,15,4115,MW,0,NaN,
20260811_121452_stage_B_2C_4168a6e9,INEQ-UPPER-D017-H10-PP03,inequality,17,10,solar,3,pp_upper_bound,true,16,4116,MW,0,NaN,
20260811_121452_stage_B_2C_4168a6e9,INEQ-LOWER-D017-H10-PP04,inequality,17,10,solar,4,pp_lower_bound,true,17,4117,MW,0,NaN,
20260811_121452_stage_B_2C_4168a6e9,INEQ-UPPER-D017-H10-PP04,inequality,17,10,solar,4,pp_upper_bound,true,18,4118,MW,0,NaN,
20260811_121452_stage_B_2C_4168a6e9,INEQ-LOWER-D017-H10-PP05,inequality,17,10,solar,5,pp_lower_bound,true,19,4119,MW,0,NaN,
20260811_121452_stage_B_2C_4168a6e9,INEQ-UPPER-D017-H10-PP05,inequality,17,10,solar,5,pp_upper_bound,true,20,4120,MW,0,NaN,
20260811_121452_stage_B_2C_4168a6e9,INEQ-LOWER-D017-H10-PH01,inequality,17,10,hydro,1,ph_lower_bound,true,21,4121,MW,0,NaN,
20260811_121452_stage_B_2C_4168a6e9,INEQ-UPPER-D017-H10-PH01,inequality,17,10,hydro,1,ph_upper_bound,true,22,4122,MW,0,NaN,
20260811_121452_stage_B_2C_4168a6e9,INEQ-LOWER-D017-H10-PH02,inequality,17,10,hydro,2,ph_lower_bound,true,23,4123,MW,0,NaN,
20260811_121452_stage_B_2C_4168a6e9,INEQ-UPPER-D017-H10-PH02,inequality,17,10,hydro,2,ph_upper_bound,true,24,4124,MW,0,NaN,
20260811_121452_stage_B_2C_4168a6e9,INEQ-LOWER-D017-H10-PH03,inequality,17,10,hydro,3,ph_lower_bound,true,25,4125,MW,0,NaN,
20260811_121452_stage_B_2C_4168a6e9,INEQ-UPPER-D017-H10-PH03,inequality,17,10,hydro,3,ph_upper_bound,true,26,4126,MW,0,NaN,
20260811_121452_stage_B_2C_4168a6e9,INEQ-LOWER-D017-H10-PH04,inequality,17,10,hydro,4,ph_lower_bound,true,27,4127,MW,0,NaN,
20260811_121452_stage_B_2C_4168a6e9,INEQ-UPPER-D017-H10-PH04,inequality,17,10,hydro,4,ph_upper_bound,true,28,4128,MW,0,NaN,
20260811_121452_stage_B_2C_4168a6e9,INEQ-LOWER-D017-H10-PF01,inequality,17,10,thermal,1,pf_lower_bound,true,29,4129,MW,0,NaN,
20260811_121452_stage_B_2C_4168a6e9,INEQ-UPPER-D017-H10-PF01,inequality,17,10,thermal,1,pf_upper_bound,true,30,4130,MW,0,NaN,
20260811_121452_stage_B_2C_4168a6e9,INEQ-LOWER-D017-H10-PF02,inequality,17,10,thermal,2,pf_lower_bound,true,31,4131,MW,0,NaN,
20260811_121452_stage_B_2C_4168a6e9,INEQ-UPPER-D017-H10-PF02,inequality,17,10,thermal,2,pf_upper_bound,true,32,4132,MW,0,NaN,
20260811_121452_stage_B_2C_4168a6e9,INEQ-LOWER-D017-H10-PF03,inequality,17,10,thermal,3,pf_lower_bound,true,33,4133,MW,0,NaN,
20260811_121452_stage_B_2C_4168a6e9,INEQ-UPPER-D017-H10-PF03,inequality,17,10,thermal,3,pf_upper_bound,true,34,4134,MW,0,NaN,
20260811_121452_stage_B_2C_4168a6e9,INEQ-LOWER-D017-H10-PF04,inequality,17,10,thermal,4,pf_lower_bound,true,35,4135,MW,0,NaN,
20260811_121452_stage_B_2C_4168a6e9,INEQ-UPPER-D017-H10-PF04,inequality,17,10,thermal,4,pf_upper_bound,true,36,4136,MW,0,NaN,
20260811_121452_stage_B_2C_4168a6e9,INEQ-LOWER-D017-H10-Pch01,inequality,17,10,storage,1,pch_lower_bound,true,37,4137,MW,0,NaN,
20260811_121452_stage_B_2C_4168a6e9,INEQ-UPPER-D017-H10-Pch01,inequality,17,10,storage,1,pch_upper_bound,true,38,4138,MW,0,NaN,
20260811_121452_stage_B_2C_4168a6e9,INEQ-LOWER-D017-H10-Pch02,inequality,17,10,storage,2,pch_lower_bound,true,39,4139,MW,0,NaN,
20260811_121452_stage_B_2C_4168a6e9,INEQ-UPPER-D017-H10-Pch02,inequality,17,10,storage,2,pch_upper_bound,true,40,4140,MW,0,NaN,
20260811_121452_stage_B_2C_4168a6e9,INEQ-LOWER-D017-H10-Pdis01,inequality,17,10,storage,1,pdis_lower_bound,true,41,4141,MW,0,NaN,
20260811_121452_stage_B_2C_4168a6e9,INEQ-UPPER-D017-H10-Pdis01,inequality,17,10,storage,1,pdis_upper_bound,true,42,4142,MW,0,NaN,
20260811_121452_stage_B_2C_4168a6e9,INEQ-LOWER-D017-H10-Pdis02,inequality,17,10,storage,2,pdis_lower_bound,true,43,4143,MW,0,NaN,
20260811_121452_stage_B_2C_4168a6e9,INEQ-UPPER-D017-H10-Pdis02,inequality,17,10,storage,2,pdis_upper_bound,true,44,4144,MW,0,NaN,
20260811_121452_stage_B_2C_4168a6e9,INEQ-LOWER-D017-H10-SOC01,inequality,17,10,storage,1,soc_lower_bound,true,45,4145,MWh,0,NaN,
20260811_121452_stage_B_2C_4168a6e9,INEQ-UPPER-D017-H10-SOC01,inequality,17,10,storage,1,soc_upper_bound,true,46,4146,MWh,0,NaN,
20260811_121452_stage_B_2C_4168a6e9,INEQ-LOWER-D017-H10-SOC02,inequality,17,10,storage,2,soc_lower_bound,true,47,4147,MWh,0,NaN,
20260811_121452_stage_B_2C_4168a6e9,INEQ-UPPER-D017-H10-SOC02,inequality,17,10,storage,2,soc_upper_bound,true,48,4148,MWh,0,NaN,
20260811_121452_stage_B_2C_4168a6e9,INEQ-LOWER-D017-H11-PW01,inequality,17,11,wind,1,pw_lower_bound,true,1,4149,MW,0,NaN,
20260811_121452_stage_B_2C_4168a6e9,INEQ-UPPER-D017-H11-PW01,inequality,17,11,wind,1,pw_upper_bound,true,2,4150,MW,0,NaN,
20260811_121452_stage_B_2C_4168a6e9,INEQ-LOWER-D017-H11-PW02,inequality,17,11,wind,2,pw_lower_bound,true,3,4151,MW,0,NaN,
20260811_121452_stage_B_2C_4168a6e9,INEQ-UPPER-D017-H11-PW02,inequality,17,11,wind,2,pw_upper_bound,true,4,4152,MW,0,NaN,
20260811_121452_stage_B_2C_4168a6e9,INEQ-LOWER-D017-H11-PW03,inequality,17,11,wind,3,pw_lower_bound,true,5,4153,MW,0,NaN,
20260811_121452_stage_B_2C_4168a6e9,INEQ-UPPER-D017-H11-PW03,inequality,17,11,wind,3,pw_upper_bound,true,6,4154,MW,0,NaN,
20260811_121452_stage_B_2C_4168a6e9,INEQ-LOWER-D017-H11-PW04,inequality,17,11,wind,4,pw_lower_bound,true,7,4155,MW,0,NaN,
20260811_121452_stage_B_2C_4168a6e9,INEQ-UPPER-D017-H11-PW04,inequality,17,11,wind,4,pw_upper_bound,true,8,4156,MW,0,NaN,
20260811_121452_stage_B_2C_4168a6e9,INEQ-LOWER-D017-H11-PW05,inequality,17,11,wind,5,pw_lower_bound,true,9,4157,MW,0,NaN,
20260811_121452_stage_B_2C_4168a6e9,INEQ-UPPER-D017-H11-PW05,inequality,17,11,wind,5,pw_upper_bound,true,10,4158,MW,0,NaN,
20260811_121452_stage_B_2C_4168a6e9,INEQ-LOWER-D017-H11-PP01,inequality,17,11,solar,1,pp_lower_bound,true,11,4159,MW,0,NaN,
20260811_121452_stage_B_2C_4168a6e9,INEQ-UPPER-D017-H11-PP01,inequality,17,11,solar,1,pp_upper_bound,true,12,4160,MW,0,NaN,
20260811_121452_stage_B_2C_4168a6e9,INEQ-LOWER-D017-H11-PP02,inequality,17,11,solar,2,pp_lower_bound,true,13,4161,MW,0,NaN,
20260811_121452_stage_B_2C_4168a6e9,INEQ-UPPER-D017-H11-PP02,inequality,17,11,solar,2,pp_upper_bound,true,14,4162,MW,0,NaN,
20260811_121452_stage_B_2C_4168a6e9,INEQ-LOWER-D017-H11-PP03,inequality,17,11,solar,3,pp_lower_bound,true,15,4163,MW,0,NaN,
20260811_121452_stage_B_2C_4168a6e9,INEQ-UPPER-D017-H11-PP03,inequality,17,11,solar,3,pp_upper_bound,true,16,4164,MW,0,NaN,
20260811_121452_stage_B_2C_4168a6e9,INEQ-LOWER-D017-H11-PP04,inequality,17,11,solar,4,pp_lower_bound,true,17,4165,MW,0,NaN,
20260811_121452_stage_B_2C_4168a6e9,INEQ-UPPER-D017-H11-PP04,inequality,17,11,solar,4,pp_upper_bound,true,18,4166,MW,0,NaN,
20260811_121452_stage_B_2C_4168a6e9,INEQ-LOWER-D017-H11-PP05,inequality,17,11,solar,5,pp_lower_bound,true,19,4167,MW,0,NaN,
20260811_121452_stage_B_2C_4168a6e9,INEQ-UPPER-D017-H11-PP05,inequality,17,11,solar,5,pp_upper_bound,true,20,4168,MW,0,NaN,
20260811_121452_stage_B_2C_4168a6e9,INEQ-LOWER-D017-H11-PH01,inequality,17,11,hydro,1,ph_lower_bound,true,21,4169,MW,0,NaN,
20260811_121452_stage_B_2C_4168a6e9,INEQ-UPPER-D017-H11-PH01,inequality,17,11,hydro,1,ph_upper_bound,true,22,4170,MW,0,NaN,
20260811_121452_stage_B_2C_4168a6e9,INEQ-LOWER-D017-H11-PH02,inequality,17,11,hydro,2,ph_lower_bound,true,23,4171,MW,0,NaN,
20260811_121452_stage_B_2C_4168a6e9,INEQ-UPPER-D017-H11-PH02,inequality,17,11,hydro,2,ph_upper_bound,true,24,4172,MW,0,NaN,
20260811_121452_stage_B_2C_4168a6e9,INEQ-LOWER-D017-H11-PH03,inequality,17,11,hydro,3,ph_lower_bound,true,25,4173,MW,0,NaN,
20260811_121452_stage_B_2C_4168a6e9,INEQ-UPPER-D017-H11-PH03,inequality,17,11,hydro,3,ph_upper_bound,true,26,4174,MW,0,NaN,
20260811_121452_stage_B_2C_4168a6e9,INEQ-LOWER-D017-H11-PH04,inequality,17,11,hydro,4,ph_lower_bound,true,27,4175,MW,0,NaN,
20260811_121452_stage_B_2C_4168a6e9,INEQ-UPPER-D017-H11-PH04,inequality,17,11,hydro,4,ph_upper_bound,true,28,4176,MW,0,NaN,
20260811_121452_stage_B_2C_4168a6e9,INEQ-LOWER-D017-H11-PF01,inequality,17,11,thermal,1,pf_lower_bound,true,29,4177,MW,0,NaN,
20260811_121452_stage_B_2C_4168a6e9,INEQ-UPPER-D017-H11-PF01,inequality,17,11,thermal,1,pf_upper_bound,true,30,4178,MW,0,NaN,
20260811_121452_stage_B_2C_4168a6e9,INEQ-LOWER-D017-H11-PF02,inequality,17,11,thermal,2,pf_lower_bound,true,31,4179,MW,0,NaN,
20260811_121452_stage_B_2C_4168a6e9,INEQ-UPPER-D017-H11-PF02,inequality,17,11,thermal,2,pf_upper_bound,true,32,4180,MW,0,NaN,
20260811_121452_stage_B_2C_4168a6e9,INEQ-LOWER-D017-H11-PF03,inequality,17,11,thermal,3,pf_lower_bound,true,33,4181,MW,0,NaN,
20260811_121452_stage_B_2C_4168a6e9,INEQ-UPPER-D017-H11-PF03,inequality,17,11,thermal,3,pf_upper_bound,true,34,4182,MW,0,NaN,
20260811_121452_stage_B_2C_4168a6e9,INEQ-LOWER-D017-H11-PF04,inequality,17,11,thermal,4,pf_lower_bound,true,35,4183,MW,0,NaN,
20260811_121452_stage_B_2C_4168a6e9,INEQ-UPPER-D017-H11-PF04,inequality,17,11,thermal,4,pf_upper_bound,true,36,4184,MW,0,NaN,
20260811_121452_stage_B_2C_4168a6e9,INEQ-LOWER-D017-H11-Pch01,inequality,17,11,storage,1,pch_lower_bound,true,37,4185,MW,0,NaN,
20260811_121452_stage_B_2C_4168a6e9,INEQ-UPPER-D017-H11-Pch01,inequality,17,11,storage,1,pch_upper_bound,true,38,4186,MW,0,NaN,
20260811_121452_stage_B_2C_4168a6e9,INEQ-LOWER-D017-H11-Pch02,inequality,17,11,storage,2,pch_lower_bound,true,39,4187,MW,0,NaN,
20260811_121452_stage_B_2C_4168a6e9,INEQ-UPPER-D017-H11-Pch02,inequality,17,11,storage,2,pch_upper_bound,true,40,4188,MW,0,NaN,
20260811_121452_stage_B_2C_4168a6e9,INEQ-LOWER-D017-H11-Pdis01,inequality,17,11,storage,1,pdis_lower_bound,true,41,4189,MW,0,NaN,
20260811_121452_stage_B_2C_4168a6e9,INEQ-UPPER-D017-H11-Pdis01,inequality,17,11,storage,1,pdis_upper_bound,true,42,4190,MW,0,NaN,
20260811_121452_stage_B_2C_4168a6e9,INEQ-LOWER-D017-H11-Pdis02,inequality,17,11,storage,2,pdis_lower_bound,true,43,4191,MW,0,NaN,
20260811_121452_stage_B_2C_4168a6e9,INEQ-UPPER-D017-H11-Pdis02,inequality,17,11,storage,2,pdis_upper_bound,true,44,4192,MW,0,NaN,
20260811_121452_stage_B_2C_4168a6e9,INEQ-LOWER-D017-H11-SOC01,inequality,17,11,storage,1,soc_lower_bound,true,45,4193,MWh,0,NaN,
20260811_121452_stage_B_2C_4168a6e9,INEQ-UPPER-D017-H11-SOC01,inequality,17,11,storage,1,soc_upper_bound,true,46,4194,MWh,0,NaN,
20260811_121452_stage_B_2C_4168a6e9,INEQ-LOWER-D017-H11-SOC02,inequality,17,11,storage,2,soc_lower_bound,true,47,4195,MWh,0,NaN,
20260811_121452_stage_B_2C_4168a6e9,INEQ-UPPER-D017-H11-SOC02,inequality,17,11,storage,2,soc_upper_bound,true,48,4196,MWh,0,NaN,
20260811_121452_stage_B_2C_4168a6e9,INEQ-LOWER-D017-H12-PW01,inequality,17,12,wind,1,pw_lower_bound,true,1,4197,MW,0,NaN,
20260811_121452_stage_B_2C_4168a6e9,INEQ-UPPER-D017-H12-PW01,inequality,17,12,wind,1,pw_upper_bound,true,2,4198,MW,0,NaN,
20260811_121452_stage_B_2C_4168a6e9,INEQ-LOWER-D017-H12-PW02,inequality,17,12,wind,2,pw_lower_bound,true,3,4199,MW,0,NaN,
20260811_121452_stage_B_2C_4168a6e9,INEQ-UPPER-D017-H12-PW02,inequality,17,12,wind,2,pw_upper_bound,true,4,4200,MW,0,NaN,
20260811_121452_stage_B_2C_4168a6e9,INEQ-LOWER-D017-H12-PW03,inequality,17,12,wind,3,pw_lower_bound,true,5,4201,MW,0,NaN,
20260811_121452_stage_B_2C_4168a6e9,INEQ-UPPER-D017-H12-PW03,inequality,17,12,wind,3,pw_upper_bound,true,6,4202,MW,0,NaN,
20260811_121452_stage_B_2C_4168a6e9,INEQ-LOWER-D017-H12-PW04,inequality,17,12,wind,4,pw_lower_bound,true,7,4203,MW,0,NaN,
20260811_121452_stage_B_2C_4168a6e9,INEQ-UPPER-D017-H12-PW04,inequality,17,12,wind,4,pw_upper_bound,true,8,4204,MW,0,NaN,
20260811_121452_stage_B_2C_4168a6e9,INEQ-LOWER-D017-H12-PW05,inequality,17,12,wind,5,pw_lower_bound,true,9,4205,MW,0,NaN,
20260811_121452_stage_B_2C_4168a6e9,INEQ-UPPER-D017-H12-PW05,inequality,17,12,wind,5,pw_upper_bound,true,10,4206,MW,0,NaN,
20260811_121452_stage_B_2C_4168a6e9,INEQ-LOWER-D017-H12-PP01,inequality,17,12,solar,1,pp_lower_bound,true,11,4207,MW,0,NaN,
20260811_121452_stage_B_2C_4168a6e9,INEQ-UPPER-D017-H12-PP01,inequality,17,12,solar,1,pp_upper_bound,true,12,4208,MW,0,NaN,
20260811_121452_stage_B_2C_4168a6e9,INEQ-LOWER-D017-H12-PP02,inequality,17,12,solar,2,pp_lower_bound,true,13,4209,MW,0,NaN,
20260811_121452_stage_B_2C_4168a6e9,INEQ-UPPER-D017-H12-PP02,inequality,17,12,solar,2,pp_upper_bound,true,14,4210,MW,0,NaN,
20260811_121452_stage_B_2C_4168a6e9,INEQ-LOWER-D017-H12-PP03,inequality,17,12,solar,3,pp_lower_bound,true,15,4211,MW,0,NaN,
20260811_121452_stage_B_2C_4168a6e9,INEQ-UPPER-D017-H12-PP03,inequality,17,12,solar,3,pp_upper_bound,true,16,4212,MW,0,NaN,
20260811_121452_stage_B_2C_4168a6e9,INEQ-LOWER-D017-H12-PP04,inequality,17,12,solar,4,pp_lower_bound,true,17,4213,MW,0,NaN,
20260811_121452_stage_B_2C_4168a6e9,INEQ-UPPER-D017-H12-PP04,inequality,17,12,solar,4,pp_upper_bound,true,18,4214,MW,0,NaN,
20260811_121452_stage_B_2C_4168a6e9,INEQ-LOWER-D017-H12-PP05,inequality,17,12,solar,5,pp_lower_bound,true,19,4215,MW,0,NaN,
20260811_121452_stage_B_2C_4168a6e9,INEQ-UPPER-D017-H12-PP05,inequality,17,12,solar,5,pp_upper_bound,true,20,4216,MW,0,NaN,
20260811_121452_stage_B_2C_4168a6e9,INEQ-LOWER-D017-H12-PH01,inequality,17,12,hydro,1,ph_lower_bound,true,21,4217,MW,0,NaN,
20260811_121452_stage_B_2C_4168a6e9,INEQ-UPPER-D017-H12-PH01,inequality,17,12,hydro,1,ph_upper_bound,true,22,4218,MW,0,NaN,
20260811_121452_stage_B_2C_4168a6e9,INEQ-LOWER-D017-H12-PH02,inequality,17,12,hydro,2,ph_lower_bound,true,23,4219,MW,0,NaN,
20260811_121452_stage_B_2C_4168a6e9,INEQ-UPPER-D017-H12-PH02,inequality,17,12,hydro,2,ph_upper_bound,true,24,4220,MW,0,NaN,
20260811_121452_stage_B_2C_4168a6e9,INEQ-LOWER-D017-H12-PH03,inequality,17,12,hydro,3,ph_lower_bound,true,25,4221,MW,0,NaN,
20260811_121452_stage_B_2C_4168a6e9,INEQ-UPPER-D017-H12-PH03,inequality,17,12,hydro,3,ph_upper_bound,true,26,4222,MW,0,NaN,
20260811_121452_stage_B_2C_4168a6e9,INEQ-LOWER-D017-H12-PH04,inequality,17,12,hydro,4,ph_lower_bound,true,27,4223,MW,0,NaN,
20260811_121452_stage_B_2C_4168a6e9,INEQ-UPPER-D017-H12-PH04,inequality,17,12,hydro,4,ph_upper_bound,true,28,4224,MW,0,NaN,
20260811_121452_stage_B_2C_4168a6e9,INEQ-LOWER-D017-H12-PF01,inequality,17,12,thermal,1,pf_lower_bound,true,29,4225,MW,0,NaN,
20260811_121452_stage_B_2C_4168a6e9,INEQ-UPPER-D017-H12-PF01,inequality,17,12,thermal,1,pf_upper_bound,true,30,4226,MW,0,NaN,
20260811_121452_stage_B_2C_4168a6e9,INEQ-LOWER-D017-H12-PF02,inequality,17,12,thermal,2,pf_lower_bound,true,31,4227,MW,0,NaN,
20260811_121452_stage_B_2C_4168a6e9,INEQ-UPPER-D017-H12-PF02,inequality,17,12,thermal,2,pf_upper_bound,true,32,4228,MW,0,NaN,
20260811_121452_stage_B_2C_4168a6e9,INEQ-LOWER-D017-H12-PF03,inequality,17,12,thermal,3,pf_lower_bound,true,33,4229,MW,0,NaN,
20260811_121452_stage_B_2C_4168a6e9,INEQ-UPPER-D017-H12-PF03,inequality,17,12,thermal,3,pf_upper_bound,true,34,4230,MW,0,NaN,
20260811_121452_stage_B_2C_4168a6e9,INEQ-LOWER-D017-H12-PF04,inequality,17,12,thermal,4,pf_lower_bound,true,35,4231,MW,0,NaN,
20260811_121452_stage_B_2C_4168a6e9,INEQ-UPPER-D017-H12-PF04,inequality,17,12,thermal,4,pf_upper_bound,true,36,4232,MW,0,NaN,
20260811_121452_stage_B_2C_4168a6e9,INEQ-LOWER-D017-H12-Pch01,inequality,17,12,storage,1,pch_lower_bound,true,37,4233,MW,0,NaN,
20260811_121452_stage_B_2C_4168a6e9,INEQ-UPPER-D017-H12-Pch01,inequality,17,12,storage,1,pch_upper_bound,true,38,4234,MW,0,NaN,
20260811_121452_stage_B_2C_4168a6e9,INEQ-LOWER-D017-H12-Pch02,inequality,17,12,storage,2,pch_lower_bound,true,39,4235,MW,0,NaN,
20260811_121452_stage_B_2C_4168a6e9,INEQ-UPPER-D017-H12-Pch02,inequality,17,12,storage,2,pch_upper_bound,true,40,4236,MW,0,NaN,
20260811_121452_stage_B_2C_4168a6e9,INEQ-LOWER-D017-H12-Pdis01,inequality,17,12,storage,1,pdis_lower_bound,true,41,4237,MW,0,NaN,
20260811_121452_stage_B_2C_4168a6e9,INEQ-UPPER-D017-H12-Pdis01,inequality,17,12,storage,1,pdis_upper_bound,true,42,4238,MW,0,NaN,
20260811_121452_stage_B_2C_4168a6e9,INEQ-LOWER-D017-H12-Pdis02,inequality,17,12,storage,2,pdis_lower_bound,true,43,4239,MW,0,NaN,
20260811_121452_stage_B_2C_4168a6e9,INEQ-UPPER-D017-H12-Pdis02,inequality,17,12,storage,2,pdis_upper_bound,true,44,4240,MW,0,NaN,
20260811_121452_stage_B_2C_4168a6e9,INEQ-LOWER-D017-H12-SOC01,inequality,17,12,storage,1,soc_lower_bound,true,45,4241,MWh,0,NaN,
20260811_121452_stage_B_2C_4168a6e9,INEQ-UPPER-D017-H12-SOC01,inequality,17,12,storage,1,soc_upper_bound,true,46,4242,MWh,0,NaN,
20260811_121452_stage_B_2C_4168a6e9,INEQ-LOWER-D017-H12-SOC02,inequality,17,12,storage,2,soc_lower_bound,true,47,4243,MWh,0,NaN,
20260811_121452_stage_B_2C_4168a6e9,INEQ-UPPER-D017-H12-SOC02,inequality,17,12,storage,2,soc_upper_bound,true,48,4244,MWh,0,NaN,
20260811_121452_stage_B_2C_4168a6e9,INEQ-LOWER-D017-H13-PW01,inequality,17,13,wind,1,pw_lower_bound,true,1,4245,MW,0,NaN,
20260811_121452_stage_B_2C_4168a6e9,INEQ-UPPER-D017-H13-PW01,inequality,17,13,wind,1,pw_upper_bound,true,2,4246,MW,0,NaN,
20260811_121452_stage_B_2C_4168a6e9,INEQ-LOWER-D017-H13-PW02,inequality,17,13,wind,2,pw_lower_bound,true,3,4247,MW,0,NaN,
20260811_121452_stage_B_2C_4168a6e9,INEQ-UPPER-D017-H13-PW02,inequality,17,13,wind,2,pw_upper_bound,true,4,4248,MW,0,NaN,
20260811_121452_stage_B_2C_4168a6e9,INEQ-LOWER-D017-H13-PW03,inequality,17,13,wind,3,pw_lower_bound,true,5,4249,MW,0,NaN,
20260811_121452_stage_B_2C_4168a6e9,INEQ-UPPER-D017-H13-PW03,inequality,17,13,wind,3,pw_upper_bound,true,6,4250,MW,0,NaN,
20260811_121452_stage_B_2C_4168a6e9,INEQ-LOWER-D017-H13-PW04,inequality,17,13,wind,4,pw_lower_bound,true,7,4251,MW,0,NaN,
20260811_121452_stage_B_2C_4168a6e9,INEQ-UPPER-D017-H13-PW04,inequality,17,13,wind,4,pw_upper_bound,true,8,4252,MW,0,NaN,
20260811_121452_stage_B_2C_4168a6e9,INEQ-LOWER-D017-H13-PW05,inequality,17,13,wind,5,pw_lower_bound,true,9,4253,MW,0,NaN,
20260811_121452_stage_B_2C_4168a6e9,INEQ-UPPER-D017-H13-PW05,inequality,17,13,wind,5,pw_upper_bound,true,10,4254,MW,0,NaN,
20260811_121452_stage_B_2C_4168a6e9,INEQ-LOWER-D017-H13-PP01,inequality,17,13,solar,1,pp_lower_bound,true,11,4255,MW,0,NaN,
20260811_121452_stage_B_2C_4168a6e9,INEQ-UPPER-D017-H13-PP01,inequality,17,13,solar,1,pp_upper_bound,true,12,4256,MW,0,NaN,
20260811_121452_stage_B_2C_4168a6e9,INEQ-LOWER-D017-H13-PP02,inequality,17,13,solar,2,pp_lower_bound,true,13,4257,MW,0,NaN,
20260811_121452_stage_B_2C_4168a6e9,INEQ-UPPER-D017-H13-PP02,inequality,17,13,solar,2,pp_upper_bound,true,14,4258,MW,0,NaN,
20260811_121452_stage_B_2C_4168a6e9,INEQ-LOWER-D017-H13-PP03,inequality,17,13,solar,3,pp_lower_bound,true,15,4259,MW,0,NaN,
20260811_121452_stage_B_2C_4168a6e9,INEQ-UPPER-D017-H13-PP03,inequality,17,13,solar,3,pp_upper_bound,true,16,4260,MW,0,NaN,
20260811_121452_stage_B_2C_4168a6e9,INEQ-LOWER-D017-H13-PP04,inequality,17,13,solar,4,pp_lower_bound,true,17,4261,MW,0,NaN,
20260811_121452_stage_B_2C_4168a6e9,INEQ-UPPER-D017-H13-PP04,inequality,17,13,solar,4,pp_upper_bound,true,18,4262,MW,0,NaN,
20260811_121452_stage_B_2C_4168a6e9,INEQ-LOWER-D017-H13-PP05,inequality,17,13,solar,5,pp_lower_bound,true,19,4263,MW,0,NaN,
20260811_121452_stage_B_2C_4168a6e9,INEQ-UPPER-D017-H13-PP05,inequality,17,13,solar,5,pp_upper_bound,true,20,4264,MW,0,NaN,
20260811_121452_stage_B_2C_4168a6e9,INEQ-LOWER-D017-H13-PH01,inequality,17,13,hydro,1,ph_lower_bound,true,21,4265,MW,0,NaN,
20260811_121452_stage_B_2C_4168a6e9,INEQ-UPPER-D017-H13-PH01,inequality,17,13,hydro,1,ph_upper_bound,true,22,4266,MW,0,NaN,
20260811_121452_stage_B_2C_4168a6e9,INEQ-LOWER-D017-H13-PH02,inequality,17,13,hydro,2,ph_lower_bound,true,23,4267,MW,0,NaN,
20260811_121452_stage_B_2C_4168a6e9,INEQ-UPPER-D017-H13-PH02,inequality,17,13,hydro,2,ph_upper_bound,true,24,4268,MW,0,NaN,
20260811_121452_stage_B_2C_4168a6e9,INEQ-LOWER-D017-H13-PH03,inequality,17,13,hydro,3,ph_lower_bound,true,25,4269,MW,0,NaN,
20260811_121452_stage_B_2C_4168a6e9,INEQ-UPPER-D017-H13-PH03,inequality,17,13,hydro,3,ph_upper_bound,true,26,4270,MW,0,NaN,
20260811_121452_stage_B_2C_4168a6e9,INEQ-LOWER-D017-H13-PH04,inequality,17,13,hydro,4,ph_lower_bound,true,27,4271,MW,0,NaN,
20260811_121452_stage_B_2C_4168a6e9,INEQ-UPPER-D017-H13-PH04,inequality,17,13,hydro,4,ph_upper_bound,true,28,4272,MW,0,NaN,
20260811_121452_stage_B_2C_4168a6e9,INEQ-LOWER-D017-H13-PF01,inequality,17,13,thermal,1,pf_lower_bound,true,29,4273,MW,0,NaN,
20260811_121452_stage_B_2C_4168a6e9,INEQ-UPPER-D017-H13-PF01,inequality,17,13,thermal,1,pf_upper_bound,true,30,4274,MW,0,NaN,
20260811_121452_stage_B_2C_4168a6e9,INEQ-LOWER-D017-H13-PF02,inequality,17,13,thermal,2,pf_lower_bound,true,31,4275,MW,0,NaN,
20260811_121452_stage_B_2C_4168a6e9,INEQ-UPPER-D017-H13-PF02,inequality,17,13,thermal,2,pf_upper_bound,true,32,4276,MW,0,NaN,
20260811_121452_stage_B_2C_4168a6e9,INEQ-LOWER-D017-H13-PF03,inequality,17,13,thermal,3,pf_lower_bound,true,33,4277,MW,0,NaN,
20260811_121452_stage_B_2C_4168a6e9,INEQ-UPPER-D017-H13-PF03,inequality,17,13,thermal,3,pf_upper_bound,true,34,4278,MW,0,NaN,
20260811_121452_stage_B_2C_4168a6e9,INEQ-LOWER-D017-H13-PF04,inequality,17,13,thermal,4,pf_lower_bound,true,35,4279,MW,0,NaN,
20260811_121452_stage_B_2C_4168a6e9,INEQ-UPPER-D017-H13-PF04,inequality,17,13,thermal,4,pf_upper_bound,true,36,4280,MW,0,NaN,
20260811_121452_stage_B_2C_4168a6e9,INEQ-LOWER-D017-H13-Pch01,inequality,17,13,storage,1,pch_lower_bound,true,37,4281,MW,0,NaN,
20260811_121452_stage_B_2C_4168a6e9,INEQ-UPPER-D017-H13-Pch01,inequality,17,13,storage,1,pch_upper_bound,true,38,4282,MW,0,NaN,
20260811_121452_stage_B_2C_4168a6e9,INEQ-LOWER-D017-H13-Pch02,inequality,17,13,storage,2,pch_lower_bound,true,39,4283,MW,0,NaN,
20260811_121452_stage_B_2C_4168a6e9,INEQ-UPPER-D017-H13-Pch02,inequality,17,13,storage,2,pch_upper_bound,true,40,4284,MW,0,NaN,
20260811_121452_stage_B_2C_4168a6e9,INEQ-LOWER-D017-H13-Pdis01,inequality,17,13,storage,1,pdis_lower_bound,true,41,4285,MW,0,NaN,
20260811_121452_stage_B_2C_4168a6e9,INEQ-UPPER-D017-H13-Pdis01,inequality,17,13,storage,1,pdis_upper_bound,true,42,4286,MW,0,NaN,
20260811_121452_stage_B_2C_4168a6e9,INEQ-LOWER-D017-H13-Pdis02,inequality,17,13,storage,2,pdis_lower_bound,true,43,4287,MW,0,NaN,
20260811_121452_stage_B_2C_4168a6e9,INEQ-UPPER-D017-H13-Pdis02,inequality,17,13,storage,2,pdis_upper_bound,true,44,4288,MW,0,NaN,
20260811_121452_stage_B_2C_4168a6e9,INEQ-LOWER-D017-H13-SOC01,inequality,17,13,storage,1,soc_lower_bound,true,45,4289,MWh,0,NaN,
20260811_121452_stage_B_2C_4168a6e9,INEQ-UPPER-D017-H13-SOC01,inequality,17,13,storage,1,soc_upper_bound,true,46,4290,MWh,0,NaN,
20260811_121452_stage_B_2C_4168a6e9,INEQ-LOWER-D017-H13-SOC02,inequality,17,13,storage,2,soc_lower_bound,true,47,4291,MWh,0,NaN,
20260811_121452_stage_B_2C_4168a6e9,INEQ-UPPER-D017-H13-SOC02,inequality,17,13,storage,2,soc_upper_bound,true,48,4292,MWh,0,NaN,
20260811_121452_stage_B_2C_4168a6e9,INEQ-LOWER-D017-H14-PW01,inequality,17,14,wind,1,pw_lower_bound,true,1,4293,MW,0,NaN,
20260811_121452_stage_B_2C_4168a6e9,INEQ-UPPER-D017-H14-PW01,inequality,17,14,wind,1,pw_upper_bound,true,2,4294,MW,0,NaN,
20260811_121452_stage_B_2C_4168a6e9,INEQ-LOWER-D017-H14-PW02,inequality,17,14,wind,2,pw_lower_bound,true,3,4295,MW,0,NaN,
20260811_121452_stage_B_2C_4168a6e9,INEQ-UPPER-D017-H14-PW02,inequality,17,14,wind,2,pw_upper_bound,true,4,4296,MW,0,NaN,
20260811_121452_stage_B_2C_4168a6e9,INEQ-LOWER-D017-H14-PW03,inequality,17,14,wind,3,pw_lower_bound,true,5,4297,MW,0,NaN,
20260811_121452_stage_B_2C_4168a6e9,INEQ-UPPER-D017-H14-PW03,inequality,17,14,wind,3,pw_upper_bound,true,6,4298,MW,0,NaN,
20260811_121452_stage_B_2C_4168a6e9,INEQ-LOWER-D017-H14-PW04,inequality,17,14,wind,4,pw_lower_bound,true,7,4299,MW,0,NaN,
20260811_121452_stage_B_2C_4168a6e9,INEQ-UPPER-D017-H14-PW04,inequality,17,14,wind,4,pw_upper_bound,true,8,4300,MW,0,NaN,
20260811_121452_stage_B_2C_4168a6e9,INEQ-LOWER-D017-H14-PW05,inequality,17,14,wind,5,pw_lower_bound,true,9,4301,MW,0,NaN,
20260811_121452_stage_B_2C_4168a6e9,INEQ-UPPER-D017-H14-PW05,inequality,17,14,wind,5,pw_upper_bound,true,10,4302,MW,0,NaN,
20260811_121452_stage_B_2C_4168a6e9,INEQ-LOWER-D017-H14-PP01,inequality,17,14,solar,1,pp_lower_bound,true,11,4303,MW,0,NaN,
20260811_121452_stage_B_2C_4168a6e9,INEQ-UPPER-D017-H14-PP01,inequality,17,14,solar,1,pp_upper_bound,true,12,4304,MW,0,NaN,
20260811_121452_stage_B_2C_4168a6e9,INEQ-LOWER-D017-H14-PP02,inequality,17,14,solar,2,pp_lower_bound,true,13,4305,MW,0,NaN,
20260811_121452_stage_B_2C_4168a6e9,INEQ-UPPER-D017-H14-PP02,inequality,17,14,solar,2,pp_upper_bound,true,14,4306,MW,0,NaN,
20260811_121452_stage_B_2C_4168a6e9,INEQ-LOWER-D017-H14-PP03,inequality,17,14,solar,3,pp_lower_bound,true,15,4307,MW,0,NaN,
20260811_121452_stage_B_2C_4168a6e9,INEQ-UPPER-D017-H14-PP03,inequality,17,14,solar,3,pp_upper_bound,true,16,4308,MW,0,NaN,
20260811_121452_stage_B_2C_4168a6e9,INEQ-LOWER-D017-H14-PP04,inequality,17,14,solar,4,pp_lower_bound,true,17,4309,MW,0,NaN,
20260811_121452_stage_B_2C_4168a6e9,INEQ-UPPER-D017-H14-PP04,inequality,17,14,solar,4,pp_upper_bound,true,18,4310,MW,0,NaN,
20260811_121452_stage_B_2C_4168a6e9,INEQ-LOWER-D017-H14-PP05,inequality,17,14,solar,5,pp_lower_bound,true,19,4311,MW,0,NaN,
20260811_121452_stage_B_2C_4168a6e9,INEQ-UPPER-D017-H14-PP05,inequality,17,14,solar,5,pp_upper_bound,true,20,4312,MW,0,NaN,
20260811_121452_stage_B_2C_4168a6e9,INEQ-LOWER-D017-H14-PH01,inequality,17,14,hydro,1,ph_lower_bound,true,21,4313,MW,0,NaN,
20260811_121452_stage_B_2C_4168a6e9,INEQ-UPPER-D017-H14-PH01,inequality,17,14,hydro,1,ph_upper_bound,true,22,4314,MW,0,NaN,
20260811_121452_stage_B_2C_4168a6e9,INEQ-LOWER-D017-H14-PH02,inequality,17,14,hydro,2,ph_lower_bound,true,23,4315,MW,0,NaN,
20260811_121452_stage_B_2C_4168a6e9,INEQ-UPPER-D017-H14-PH02,inequality,17,14,hydro,2,ph_upper_bound,true,24,4316,MW,0,NaN,
20260811_121452_stage_B_2C_4168a6e9,INEQ-LOWER-D017-H14-PH03,inequality,17,14,hydro,3,ph_lower_bound,true,25,4317,MW,0,NaN,
20260811_121452_stage_B_2C_4168a6e9,INEQ-UPPER-D017-H14-PH03,inequality,17,14,hydro,3,ph_upper_bound,true,26,4318,MW,0,NaN,
20260811_121452_stage_B_2C_4168a6e9,INEQ-LOWER-D017-H14-PH04,inequality,17,14,hydro,4,ph_lower_bound,true,27,4319,MW,0,NaN,
20260811_121452_stage_B_2C_4168a6e9,INEQ-UPPER-D017-H14-PH04,inequality,17,14,hydro,4,ph_upper_bound,true,28,4320,MW,0,NaN,
20260811_121452_stage_B_2C_4168a6e9,INEQ-LOWER-D017-H14-PF01,inequality,17,14,thermal,1,pf_lower_bound,true,29,4321,MW,0,NaN,
20260811_121452_stage_B_2C_4168a6e9,INEQ-UPPER-D017-H14-PF01,inequality,17,14,thermal,1,pf_upper_bound,true,30,4322,MW,0,NaN,
20260811_121452_stage_B_2C_4168a6e9,INEQ-LOWER-D017-H14-PF02,inequality,17,14,thermal,2,pf_lower_bound,true,31,4323,MW,0,NaN,
20260811_121452_stage_B_2C_4168a6e9,INEQ-UPPER-D017-H14-PF02,inequality,17,14,thermal,2,pf_upper_bound,true,32,4324,MW,0,NaN,
20260811_121452_stage_B_2C_4168a6e9,INEQ-LOWER-D017-H14-PF03,inequality,17,14,thermal,3,pf_lower_bound,true,33,4325,MW,0,NaN,
20260811_121452_stage_B_2C_4168a6e9,INEQ-UPPER-D017-H14-PF03,inequality,17,14,thermal,3,pf_upper_bound,true,34,4326,MW,0,NaN,
20260811_121452_stage_B_2C_4168a6e9,INEQ-LOWER-D017-H14-PF04,inequality,17,14,thermal,4,pf_lower_bound,true,35,4327,MW,0,NaN,
20260811_121452_stage_B_2C_4168a6e9,INEQ-UPPER-D017-H14-PF04,inequality,17,14,thermal,4,pf_upper_bound,true,36,4328,MW,0,NaN,
20260811_121452_stage_B_2C_4168a6e9,INEQ-LOWER-D017-H14-Pch01,inequality,17,14,storage,1,pch_lower_bound,true,37,4329,MW,0,NaN,
20260811_121452_stage_B_2C_4168a6e9,INEQ-UPPER-D017-H14-Pch01,inequality,17,14,storage,1,pch_upper_bound,true,38,4330,MW,0,NaN,
20260811_121452_stage_B_2C_4168a6e9,INEQ-LOWER-D017-H14-Pch02,inequality,17,14,storage,2,pch_lower_bound,true,39,4331,MW,0,NaN,
20260811_121452_stage_B_2C_4168a6e9,INEQ-UPPER-D017-H14-Pch02,inequality,17,14,storage,2,pch_upper_bound,true,40,4332,MW,0,NaN,
20260811_121452_stage_B_2C_4168a6e9,INEQ-LOWER-D017-H14-Pdis01,inequality,17,14,storage,1,pdis_lower_bound,true,41,4333,MW,0,NaN,
20260811_121452_stage_B_2C_4168a6e9,INEQ-UPPER-D017-H14-Pdis01,inequality,17,14,storage,1,pdis_upper_bound,true,42,4334,MW,0,NaN,
20260811_121452_stage_B_2C_4168a6e9,INEQ-LOWER-D017-H14-Pdis02,inequality,17,14,storage,2,pdis_lower_bound,true,43,4335,MW,0,NaN,
20260811_121452_stage_B_2C_4168a6e9,INEQ-UPPER-D017-H14-Pdis02,inequality,17,14,storage,2,pdis_upper_bound,true,44,4336,MW,0,NaN,
20260811_121452_stage_B_2C_4168a6e9,INEQ-LOWER-D017-H14-SOC01,inequality,17,14,storage,1,soc_lower_bound,true,45,4337,MWh,0,NaN,
20260811_121452_stage_B_2C_4168a6e9,INEQ-UPPER-D017-H14-SOC01,inequality,17,14,storage,1,soc_upper_bound,true,46,4338,MWh,0,NaN,
20260811_121452_stage_B_2C_4168a6e9,INEQ-LOWER-D017-H14-SOC02,inequality,17,14,storage,2,soc_lower_bound,true,47,4339,MWh,0,NaN,
20260811_121452_stage_B_2C_4168a6e9,INEQ-UPPER-D017-H14-SOC02,inequality,17,14,storage,2,soc_upper_bound,true,48,4340,MWh,0,NaN,
20260811_121452_stage_B_2C_4168a6e9,INEQ-LOWER-D017-H15-PW01,inequality,17,15,wind,1,pw_lower_bound,true,1,4341,MW,0,NaN,
20260811_121452_stage_B_2C_4168a6e9,INEQ-UPPER-D017-H15-PW01,inequality,17,15,wind,1,pw_upper_bound,true,2,4342,MW,0,NaN,
20260811_121452_stage_B_2C_4168a6e9,INEQ-LOWER-D017-H15-PW02,inequality,17,15,wind,2,pw_lower_bound,true,3,4343,MW,0,NaN,
20260811_121452_stage_B_2C_4168a6e9,INEQ-UPPER-D017-H15-PW02,inequality,17,15,wind,2,pw_upper_bound,true,4,4344,MW,0,NaN,
20260811_121452_stage_B_2C_4168a6e9,INEQ-LOWER-D017-H15-PW03,inequality,17,15,wind,3,pw_lower_bound,true,5,4345,MW,0,NaN,
20260811_121452_stage_B_2C_4168a6e9,INEQ-UPPER-D017-H15-PW03,inequality,17,15,wind,3,pw_upper_bound,true,6,4346,MW,0,NaN,
20260811_121452_stage_B_2C_4168a6e9,INEQ-LOWER-D017-H15-PW04,inequality,17,15,wind,4,pw_lower_bound,true,7,4347,MW,0,NaN,
20260811_121452_stage_B_2C_4168a6e9,INEQ-UPPER-D017-H15-PW04,inequality,17,15,wind,4,pw_upper_bound,true,8,4348,MW,0,NaN,
20260811_121452_stage_B_2C_4168a6e9,INEQ-LOWER-D017-H15-PW05,inequality,17,15,wind,5,pw_lower_bound,true,9,4349,MW,0,NaN,
20260811_121452_stage_B_2C_4168a6e9,INEQ-UPPER-D017-H15-PW05,inequality,17,15,wind,5,pw_upper_bound,true,10,4350,MW,0,NaN,
20260811_121452_stage_B_2C_4168a6e9,INEQ-LOWER-D017-H15-PP01,inequality,17,15,solar,1,pp_lower_bound,true,11,4351,MW,0,NaN,
20260811_121452_stage_B_2C_4168a6e9,INEQ-UPPER-D017-H15-PP01,inequality,17,15,solar,1,pp_upper_bound,true,12,4352,MW,0,NaN,
20260811_121452_stage_B_2C_4168a6e9,INEQ-LOWER-D017-H15-PP02,inequality,17,15,solar,2,pp_lower_bound,true,13,4353,MW,0,NaN,
20260811_121452_stage_B_2C_4168a6e9,INEQ-UPPER-D017-H15-PP02,inequality,17,15,solar,2,pp_upper_bound,true,14,4354,MW,0,NaN,
20260811_121452_stage_B_2C_4168a6e9,INEQ-LOWER-D017-H15-PP03,inequality,17,15,solar,3,pp_lower_bound,true,15,4355,MW,0,NaN,
20260811_121452_stage_B_2C_4168a6e9,INEQ-UPPER-D017-H15-PP03,inequality,17,15,solar,3,pp_upper_bound,true,16,4356,MW,0,NaN,
20260811_121452_stage_B_2C_4168a6e9,INEQ-LOWER-D017-H15-PP04,inequality,17,15,solar,4,pp_lower_bound,true,17,4357,MW,0,NaN,
20260811_121452_stage_B_2C_4168a6e9,INEQ-UPPER-D017-H15-PP04,inequality,17,15,solar,4,pp_upper_bound,true,18,4358,MW,0,NaN,
20260811_121452_stage_B_2C_4168a6e9,INEQ-LOWER-D017-H15-PP05,inequality,17,15,solar,5,pp_lower_bound,true,19,4359,MW,0,NaN,
20260811_121452_stage_B_2C_4168a6e9,INEQ-UPPER-D017-H15-PP05,inequality,17,15,solar,5,pp_upper_bound,true,20,4360,MW,0,NaN,
20260811_121452_stage_B_2C_4168a6e9,INEQ-LOWER-D017-H15-PH01,inequality,17,15,hydro,1,ph_lower_bound,true,21,4361,MW,0,NaN,
20260811_121452_stage_B_2C_4168a6e9,INEQ-UPPER-D017-H15-PH01,inequality,17,15,hydro,1,ph_upper_bound,true,22,4362,MW,0,NaN,
20260811_121452_stage_B_2C_4168a6e9,INEQ-LOWER-D017-H15-PH02,inequality,17,15,hydro,2,ph_lower_bound,true,23,4363,MW,0,NaN,
20260811_121452_stage_B_2C_4168a6e9,INEQ-UPPER-D017-H15-PH02,inequality,17,15,hydro,2,ph_upper_bound,true,24,4364,MW,0,NaN,
20260811_121452_stage_B_2C_4168a6e9,INEQ-LOWER-D017-H15-PH03,inequality,17,15,hydro,3,ph_lower_bound,true,25,4365,MW,0,NaN,
20260811_121452_stage_B_2C_4168a6e9,INEQ-UPPER-D017-H15-PH03,inequality,17,15,hydro,3,ph_upper_bound,true,26,4366,MW,0,NaN,
20260811_121452_stage_B_2C_4168a6e9,INEQ-LOWER-D017-H15-PH04,inequality,17,15,hydro,4,ph_lower_bound,true,27,4367,MW,0,NaN,
20260811_121452_stage_B_2C_4168a6e9,INEQ-UPPER-D017-H15-PH04,inequality,17,15,hydro,4,ph_upper_bound,true,28,4368,MW,0,NaN,
20260811_121452_stage_B_2C_4168a6e9,INEQ-LOWER-D017-H15-PF01,inequality,17,15,thermal,1,pf_lower_bound,true,29,4369,MW,0,NaN,
20260811_121452_stage_B_2C_4168a6e9,INEQ-UPPER-D017-H15-PF01,inequality,17,15,thermal,1,pf_upper_bound,true,30,4370,MW,0,NaN,
20260811_121452_stage_B_2C_4168a6e9,INEQ-LOWER-D017-H15-PF02,inequality,17,15,thermal,2,pf_lower_bound,true,31,4371,MW,0,NaN,
20260811_121452_stage_B_2C_4168a6e9,INEQ-UPPER-D017-H15-PF02,inequality,17,15,thermal,2,pf_upper_bound,true,32,4372,MW,0,NaN,
20260811_121452_stage_B_2C_4168a6e9,INEQ-LOWER-D017-H15-PF03,inequality,17,15,thermal,3,pf_lower_bound,true,33,4373,MW,0,NaN,
20260811_121452_stage_B_2C_4168a6e9,INEQ-UPPER-D017-H15-PF03,inequality,17,15,thermal,3,pf_upper_bound,true,34,4374,MW,0,NaN,
20260811_121452_stage_B_2C_4168a6e9,INEQ-LOWER-D017-H15-PF04,inequality,17,15,thermal,4,pf_lower_bound,true,35,4375,MW,0,NaN,
20260811_121452_stage_B_2C_4168a6e9,INEQ-UPPER-D017-H15-PF04,inequality,17,15,thermal,4,pf_upper_bound,true,36,4376,MW,0,NaN,
20260811_121452_stage_B_2C_4168a6e9,INEQ-LOWER-D017-H15-Pch01,inequality,17,15,storage,1,pch_lower_bound,true,37,4377,MW,0,NaN,
20260811_121452_stage_B_2C_4168a6e9,INEQ-UPPER-D017-H15-Pch01,inequality,17,15,storage,1,pch_upper_bound,true,38,4378,MW,0,NaN,
20260811_121452_stage_B_2C_4168a6e9,INEQ-LOWER-D017-H15-Pch02,inequality,17,15,storage,2,pch_lower_bound,true,39,4379,MW,0,NaN,
20260811_121452_stage_B_2C_4168a6e9,INEQ-UPPER-D017-H15-Pch02,inequality,17,15,storage,2,pch_upper_bound,true,40,4380,MW,0,NaN,
20260811_121452_stage_B_2C_4168a6e9,INEQ-LOWER-D017-H15-Pdis01,inequality,17,15,storage,1,pdis_lower_bound,true,41,4381,MW,0,NaN,
20260811_121452_stage_B_2C_4168a6e9,INEQ-UPPER-D017-H15-Pdis01,inequality,17,15,storage,1,pdis_upper_bound,true,42,4382,MW,0,NaN,
20260811_121452_stage_B_2C_4168a6e9,INEQ-LOWER-D017-H15-Pdis02,inequality,17,15,storage,2,pdis_lower_bound,true,43,4383,MW,0,NaN,
20260811_121452_stage_B_2C_4168a6e9,INEQ-UPPER-D017-H15-Pdis02,inequality,17,15,storage,2,pdis_upper_bound,true,44,4384,MW,0,NaN,
20260811_121452_stage_B_2C_4168a6e9,INEQ-LOWER-D017-H15-SOC01,inequality,17,15,storage,1,soc_lower_bound,true,45,4385,MWh,0,NaN,
20260811_121452_stage_B_2C_4168a6e9,INEQ-UPPER-D017-H15-SOC01,inequality,17,15,storage,1,soc_upper_bound,true,46,4386,MWh,0,NaN,
20260811_121452_stage_B_2C_4168a6e9,INEQ-LOWER-D017-H15-SOC02,inequality,17,15,storage,2,soc_lower_bound,true,47,4387,MWh,0,NaN,
20260811_121452_stage_B_2C_4168a6e9,INEQ-UPPER-D017-H15-SOC02,inequality,17,15,storage,2,soc_upper_bound,true,48,4388,MWh,0,NaN,
20260811_121452_stage_B_2C_4168a6e9,INEQ-LOWER-D017-H16-PW01,inequality,17,16,wind,1,pw_lower_bound,true,1,4389,MW,0,NaN,
20260811_121452_stage_B_2C_4168a6e9,INEQ-UPPER-D017-H16-PW01,inequality,17,16,wind,1,pw_upper_bound,true,2,4390,MW,0,NaN,
20260811_121452_stage_B_2C_4168a6e9,INEQ-LOWER-D017-H16-PW02,inequality,17,16,wind,2,pw_lower_bound,true,3,4391,MW,0,NaN,
20260811_121452_stage_B_2C_4168a6e9,INEQ-UPPER-D017-H16-PW02,inequality,17,16,wind,2,pw_upper_bound,true,4,4392,MW,0,NaN,
20260811_121452_stage_B_2C_4168a6e9,INEQ-LOWER-D017-H16-PW03,inequality,17,16,wind,3,pw_lower_bound,true,5,4393,MW,0,NaN,
20260811_121452_stage_B_2C_4168a6e9,INEQ-UPPER-D017-H16-PW03,inequality,17,16,wind,3,pw_upper_bound,true,6,4394,MW,0,NaN,
20260811_121452_stage_B_2C_4168a6e9,INEQ-LOWER-D017-H16-PW04,inequality,17,16,wind,4,pw_lower_bound,true,7,4395,MW,0,NaN,
20260811_121452_stage_B_2C_4168a6e9,INEQ-UPPER-D017-H16-PW04,inequality,17,16,wind,4,pw_upper_bound,true,8,4396,MW,0,NaN,
20260811_121452_stage_B_2C_4168a6e9,INEQ-LOWER-D017-H16-PW05,inequality,17,16,wind,5,pw_lower_bound,true,9,4397,MW,0,NaN,
20260811_121452_stage_B_2C_4168a6e9,INEQ-UPPER-D017-H16-PW05,inequality,17,16,wind,5,pw_upper_bound,true,10,4398,MW,0,NaN,
20260811_121452_stage_B_2C_4168a6e9,INEQ-LOWER-D017-H16-PP01,inequality,17,16,solar,1,pp_lower_bound,true,11,4399,MW,0,NaN,
20260811_121452_stage_B_2C_4168a6e9,INEQ-UPPER-D017-H16-PP01,inequality,17,16,solar,1,pp_upper_bound,true,12,4400,MW,0,NaN,
20260811_121452_stage_B_2C_4168a6e9,INEQ-LOWER-D017-H16-PP02,inequality,17,16,solar,2,pp_lower_bound,true,13,4401,MW,0,NaN,
20260811_121452_stage_B_2C_4168a6e9,INEQ-UPPER-D017-H16-PP02,inequality,17,16,solar,2,pp_upper_bound,true,14,4402,MW,0,NaN,
20260811_121452_stage_B_2C_4168a6e9,INEQ-LOWER-D017-H16-PP03,inequality,17,16,solar,3,pp_lower_bound,true,15,4403,MW,0,NaN,
20260811_121452_stage_B_2C_4168a6e9,INEQ-UPPER-D017-H16-PP03,inequality,17,16,solar,3,pp_upper_bound,true,16,4404,MW,0,NaN,
20260811_121452_stage_B_2C_4168a6e9,INEQ-LOWER-D017-H16-PP04,inequality,17,16,solar,4,pp_lower_bound,true,17,4405,MW,0,NaN,
20260811_121452_stage_B_2C_4168a6e9,INEQ-UPPER-D017-H16-PP04,inequality,17,16,solar,4,pp_upper_bound,true,18,4406,MW,0,NaN,
20260811_121452_stage_B_2C_4168a6e9,INEQ-LOWER-D017-H16-PP05,inequality,17,16,solar,5,pp_lower_bound,true,19,4407,MW,0,NaN,
20260811_121452_stage_B_2C_4168a6e9,INEQ-UPPER-D017-H16-PP05,inequality,17,16,solar,5,pp_upper_bound,true,20,4408,MW,0,NaN,
20260811_121452_stage_B_2C_4168a6e9,INEQ-LOWER-D017-H16-PH01,inequality,17,16,hydro,1,ph_lower_bound,true,21,4409,MW,0,NaN,
20260811_121452_stage_B_2C_4168a6e9,INEQ-UPPER-D017-H16-PH01,inequality,17,16,hydro,1,ph_upper_bound,true,22,4410,MW,0,NaN,
20260811_121452_stage_B_2C_4168a6e9,INEQ-LOWER-D017-H16-PH02,inequality,17,16,hydro,2,ph_lower_bound,true,23,4411,MW,0,NaN,
20260811_121452_stage_B_2C_4168a6e9,INEQ-UPPER-D017-H16-PH02,inequality,17,16,hydro,2,ph_upper_bound,true,24,4412,MW,0,NaN,
20260811_121452_stage_B_2C_4168a6e9,INEQ-LOWER-D017-H16-PH03,inequality,17,16,hydro,3,ph_lower_bound,true,25,4413,MW,0,NaN,
20260811_121452_stage_B_2C_4168a6e9,INEQ-UPPER-D017-H16-PH03,inequality,17,16,hydro,3,ph_upper_bound,true,26,4414,MW,0,NaN,
20260811_121452_stage_B_2C_4168a6e9,INEQ-LOWER-D017-H16-PH04,inequality,17,16,hydro,4,ph_lower_bound,true,27,4415,MW,0,NaN,
20260811_121452_stage_B_2C_4168a6e9,INEQ-UPPER-D017-H16-PH04,inequality,17,16,hydro,4,ph_upper_bound,true,28,4416,MW,0,NaN,
20260811_121452_stage_B_2C_4168a6e9,INEQ-LOWER-D017-H16-PF01,inequality,17,16,thermal,1,pf_lower_bound,true,29,4417,MW,0,NaN,
20260811_121452_stage_B_2C_4168a6e9,INEQ-UPPER-D017-H16-PF01,inequality,17,16,thermal,1,pf_upper_bound,true,30,4418,MW,0,NaN,
20260811_121452_stage_B_2C_4168a6e9,INEQ-LOWER-D017-H16-PF02,inequality,17,16,thermal,2,pf_lower_bound,true,31,4419,MW,0,NaN,
20260811_121452_stage_B_2C_4168a6e9,INEQ-UPPER-D017-H16-PF02,inequality,17,16,thermal,2,pf_upper_bound,true,32,4420,MW,0,NaN,
20260811_121452_stage_B_2C_4168a6e9,INEQ-LOWER-D017-H16-PF03,inequality,17,16,thermal,3,pf_lower_bound,true,33,4421,MW,0,NaN,
20260811_121452_stage_B_2C_4168a6e9,INEQ-UPPER-D017-H16-PF03,inequality,17,16,thermal,3,pf_upper_bound,true,34,4422,MW,0,NaN,
20260811_121452_stage_B_2C_4168a6e9,INEQ-LOWER-D017-H16-PF04,inequality,17,16,thermal,4,pf_lower_bound,true,35,4423,MW,0,NaN,
20260811_121452_stage_B_2C_4168a6e9,INEQ-UPPER-D017-H16-PF04,inequality,17,16,thermal,4,pf_upper_bound,true,36,4424,MW,0,NaN,
20260811_121452_stage_B_2C_4168a6e9,INEQ-LOWER-D017-H16-Pch01,inequality,17,16,storage,1,pch_lower_bound,true,37,4425,MW,0,NaN,
20260811_121452_stage_B_2C_4168a6e9,INEQ-UPPER-D017-H16-Pch01,inequality,17,16,storage,1,pch_upper_bound,true,38,4426,MW,0,NaN,
20260811_121452_stage_B_2C_4168a6e9,INEQ-LOWER-D017-H16-Pch02,inequality,17,16,storage,2,pch_lower_bound,true,39,4427,MW,0,NaN,
20260811_121452_stage_B_2C_4168a6e9,INEQ-UPPER-D017-H16-Pch02,inequality,17,16,storage,2,pch_upper_bound,true,40,4428,MW,0,NaN,
20260811_121452_stage_B_2C_4168a6e9,INEQ-LOWER-D017-H16-Pdis01,inequality,17,16,storage,1,pdis_lower_bound,true,41,4429,MW,0,NaN,
20260811_121452_stage_B_2C_4168a6e9,INEQ-UPPER-D017-H16-Pdis01,inequality,17,16,storage,1,pdis_upper_bound,true,42,4430,MW,0,NaN,
20260811_121452_stage_B_2C_4168a6e9,INEQ-LOWER-D017-H16-Pdis02,inequality,17,16,storage,2,pdis_lower_bound,true,43,4431,MW,0,NaN,
20260811_121452_stage_B_2C_4168a6e9,INEQ-UPPER-D017-H16-Pdis02,inequality,17,16,storage,2,pdis_upper_bound,true,44,4432,MW,0,NaN,
20260811_121452_stage_B_2C_4168a6e9,INEQ-LOWER-D017-H16-SOC01,inequality,17,16,storage,1,soc_lower_bound,true,45,4433,MWh,0,NaN,
20260811_121452_stage_B_2C_4168a6e9,INEQ-UPPER-D017-H16-SOC01,inequality,17,16,storage,1,soc_upper_bound,true,46,4434,MWh,0,NaN,
20260811_121452_stage_B_2C_4168a6e9,INEQ-LOWER-D017-H16-SOC02,inequality,17,16,storage,2,soc_lower_bound,true,47,4435,MWh,0,NaN,
20260811_121452_stage_B_2C_4168a6e9,INEQ-UPPER-D017-H16-SOC02,inequality,17,16,storage,2,soc_upper_bound,true,48,4436,MWh,0,NaN,
20260811_121452_stage_B_2C_4168a6e9,INEQ-LOWER-D017-H17-PW01,inequality,17,17,wind,1,pw_lower_bound,true,1,4437,MW,0,NaN,
20260811_121452_stage_B_2C_4168a6e9,INEQ-UPPER-D017-H17-PW01,inequality,17,17,wind,1,pw_upper_bound,true,2,4438,MW,0,NaN,
20260811_121452_stage_B_2C_4168a6e9,INEQ-LOWER-D017-H17-PW02,inequality,17,17,wind,2,pw_lower_bound,true,3,4439,MW,0,NaN,
20260811_121452_stage_B_2C_4168a6e9,INEQ-UPPER-D017-H17-PW02,inequality,17,17,wind,2,pw_upper_bound,true,4,4440,MW,0,NaN,
20260811_121452_stage_B_2C_4168a6e9,INEQ-LOWER-D017-H17-PW03,inequality,17,17,wind,3,pw_lower_bound,true,5,4441,MW,0,NaN,
20260811_121452_stage_B_2C_4168a6e9,INEQ-UPPER-D017-H17-PW03,inequality,17,17,wind,3,pw_upper_bound,true,6,4442,MW,0,NaN,
20260811_121452_stage_B_2C_4168a6e9,INEQ-LOWER-D017-H17-PW04,inequality,17,17,wind,4,pw_lower_bound,true,7,4443,MW,0,NaN,
20260811_121452_stage_B_2C_4168a6e9,INEQ-UPPER-D017-H17-PW04,inequality,17,17,wind,4,pw_upper_bound,true,8,4444,MW,0,NaN,
20260811_121452_stage_B_2C_4168a6e9,INEQ-LOWER-D017-H17-PW05,inequality,17,17,wind,5,pw_lower_bound,true,9,4445,MW,0,NaN,
20260811_121452_stage_B_2C_4168a6e9,INEQ-UPPER-D017-H17-PW05,inequality,17,17,wind,5,pw_upper_bound,true,10,4446,MW,0,NaN,
20260811_121452_stage_B_2C_4168a6e9,INEQ-LOWER-D017-H17-PP01,inequality,17,17,solar,1,pp_lower_bound,true,11,4447,MW,0,NaN,
20260811_121452_stage_B_2C_4168a6e9,INEQ-UPPER-D017-H17-PP01,inequality,17,17,solar,1,pp_upper_bound,true,12,4448,MW,0,NaN,
20260811_121452_stage_B_2C_4168a6e9,INEQ-LOWER-D017-H17-PP02,inequality,17,17,solar,2,pp_lower_bound,true,13,4449,MW,0,NaN,
20260811_121452_stage_B_2C_4168a6e9,INEQ-UPPER-D017-H17-PP02,inequality,17,17,solar,2,pp_upper_bound,true,14,4450,MW,0,NaN,
20260811_121452_stage_B_2C_4168a6e9,INEQ-LOWER-D017-H17-PP03,inequality,17,17,solar,3,pp_lower_bound,true,15,4451,MW,0,NaN,
20260811_121452_stage_B_2C_4168a6e9,INEQ-UPPER-D017-H17-PP03,inequality,17,17,solar,3,pp_upper_bound,true,16,4452,MW,0,NaN,
20260811_121452_stage_B_2C_4168a6e9,INEQ-LOWER-D017-H17-PP04,inequality,17,17,solar,4,pp_lower_bound,true,17,4453,MW,0,NaN,
20260811_121452_stage_B_2C_4168a6e9,INEQ-UPPER-D017-H17-PP04,inequality,17,17,solar,4,pp_upper_bound,true,18,4454,MW,0,NaN,
20260811_121452_stage_B_2C_4168a6e9,INEQ-LOWER-D017-H17-PP05,inequality,17,17,solar,5,pp_lower_bound,true,19,4455,MW,0,NaN,
20260811_121452_stage_B_2C_4168a6e9,INEQ-UPPER-D017-H17-PP05,inequality,17,17,solar,5,pp_upper_bound,true,20,4456,MW,0,NaN,
20260811_121452_stage_B_2C_4168a6e9,INEQ-LOWER-D017-H17-PH01,inequality,17,17,hydro,1,ph_lower_bound,true,21,4457,MW,0,NaN,
20260811_121452_stage_B_2C_4168a6e9,INEQ-UPPER-D017-H17-PH01,inequality,17,17,hydro,1,ph_upper_bound,true,22,4458,MW,0,NaN,
20260811_121452_stage_B_2C_4168a6e9,INEQ-LOWER-D017-H17-PH02,inequality,17,17,hydro,2,ph_lower_bound,true,23,4459,MW,0,NaN,
20260811_121452_stage_B_2C_4168a6e9,INEQ-UPPER-D017-H17-PH02,inequality,17,17,hydro,2,ph_upper_bound,true,24,4460,MW,0,NaN,
20260811_121452_stage_B_2C_4168a6e9,INEQ-LOWER-D017-H17-PH03,inequality,17,17,hydro,3,ph_lower_bound,true,25,4461,MW,0,NaN,
20260811_121452_stage_B_2C_4168a6e9,INEQ-UPPER-D017-H17-PH03,inequality,17,17,hydro,3,ph_upper_bound,true,26,4462,MW,0,NaN,
20260811_121452_stage_B_2C_4168a6e9,INEQ-LOWER-D017-H17-PH04,inequality,17,17,hydro,4,ph_lower_bound,true,27,4463,MW,0,NaN,
20260811_121452_stage_B_2C_4168a6e9,INEQ-UPPER-D017-H17-PH04,inequality,17,17,hydro,4,ph_upper_bound,true,28,4464,MW,0,NaN,
20260811_121452_stage_B_2C_4168a6e9,INEQ-LOWER-D017-H17-PF01,inequality,17,17,thermal,1,pf_lower_bound,true,29,4465,MW,0,NaN,
20260811_121452_stage_B_2C_4168a6e9,INEQ-UPPER-D017-H17-PF01,inequality,17,17,thermal,1,pf_upper_bound,true,30,4466,MW,0,NaN,
20260811_121452_stage_B_2C_4168a6e9,INEQ-LOWER-D017-H17-PF02,inequality,17,17,thermal,2,pf_lower_bound,true,31,4467,MW,0,NaN,
20260811_121452_stage_B_2C_4168a6e9,INEQ-UPPER-D017-H17-PF02,inequality,17,17,thermal,2,pf_upper_bound,true,32,4468,MW,0,NaN,
20260811_121452_stage_B_2C_4168a6e9,INEQ-LOWER-D017-H17-PF03,inequality,17,17,thermal,3,pf_lower_bound,true,33,4469,MW,0,NaN,
20260811_121452_stage_B_2C_4168a6e9,INEQ-UPPER-D017-H17-PF03,inequality,17,17,thermal,3,pf_upper_bound,true,34,4470,MW,0,NaN,
20260811_121452_stage_B_2C_4168a6e9,INEQ-LOWER-D017-H17-PF04,inequality,17,17,thermal,4,pf_lower_bound,true,35,4471,MW,0,NaN,
20260811_121452_stage_B_2C_4168a6e9,INEQ-UPPER-D017-H17-PF04,inequality,17,17,thermal,4,pf_upper_bound,true,36,4472,MW,0,NaN,
20260811_121452_stage_B_2C_4168a6e9,INEQ-LOWER-D017-H17-Pch01,inequality,17,17,storage,1,pch_lower_bound,true,37,4473,MW,0,NaN,
20260811_121452_stage_B_2C_4168a6e9,INEQ-UPPER-D017-H17-Pch01,inequality,17,17,storage,1,pch_upper_bound,true,38,4474,MW,0,NaN,
20260811_121452_stage_B_2C_4168a6e9,INEQ-LOWER-D017-H17-Pch02,inequality,17,17,storage,2,pch_lower_bound,true,39,4475,MW,0,NaN,
20260811_121452_stage_B_2C_4168a6e9,INEQ-UPPER-D017-H17-Pch02,inequality,17,17,storage,2,pch_upper_bound,true,40,4476,MW,0,NaN,
20260811_121452_stage_B_2C_4168a6e9,INEQ-LOWER-D017-H17-Pdis01,inequality,17,17,storage,1,pdis_lower_bound,true,41,4477,MW,0,NaN,
20260811_121452_stage_B_2C_4168a6e9,INEQ-UPPER-D017-H17-Pdis01,inequality,17,17,storage,1,pdis_upper_bound,true,42,4478,MW,0,NaN,
20260811_121452_stage_B_2C_4168a6e9,INEQ-LOWER-D017-H17-Pdis02,inequality,17,17,storage,2,pdis_lower_bound,true,43,4479,MW,0,NaN,
20260811_121452_stage_B_2C_4168a6e9,INEQ-UPPER-D017-H17-Pdis02,inequality,17,17,storage,2,pdis_upper_bound,true,44,4480,MW,0,NaN,
20260811_121452_stage_B_2C_4168a6e9,INEQ-LOWER-D017-H17-SOC01,inequality,17,17,storage,1,soc_lower_bound,true,45,4481,MWh,0,NaN,
20260811_121452_stage_B_2C_4168a6e9,INEQ-UPPER-D017-H17-SOC01,inequality,17,17,storage,1,soc_upper_bound,true,46,4482,MWh,0,NaN,
20260811_121452_stage_B_2C_4168a6e9,INEQ-LOWER-D017-H17-SOC02,inequality,17,17,storage,2,soc_lower_bound,true,47,4483,MWh,0,NaN,
20260811_121452_stage_B_2C_4168a6e9,INEQ-UPPER-D017-H17-SOC02,inequality,17,17,storage,2,soc_upper_bound,true,48,4484,MWh,0,NaN,
20260811_121452_stage_B_2C_4168a6e9,INEQ-LOWER-D017-H18-PW01,inequality,17,18,wind,1,pw_lower_bound,true,1,4485,MW,0,NaN,
20260811_121452_stage_B_2C_4168a6e9,INEQ-UPPER-D017-H18-PW01,inequality,17,18,wind,1,pw_upper_bound,true,2,4486,MW,0,NaN,
20260811_121452_stage_B_2C_4168a6e9,INEQ-LOWER-D017-H18-PW02,inequality,17,18,wind,2,pw_lower_bound,true,3,4487,MW,0,NaN,
20260811_121452_stage_B_2C_4168a6e9,INEQ-UPPER-D017-H18-PW02,inequality,17,18,wind,2,pw_upper_bound,true,4,4488,MW,0,NaN,
20260811_121452_stage_B_2C_4168a6e9,INEQ-LOWER-D017-H18-PW03,inequality,17,18,wind,3,pw_lower_bound,true,5,4489,MW,0,NaN,
20260811_121452_stage_B_2C_4168a6e9,INEQ-UPPER-D017-H18-PW03,inequality,17,18,wind,3,pw_upper_bound,true,6,4490,MW,0,NaN,
20260811_121452_stage_B_2C_4168a6e9,INEQ-LOWER-D017-H18-PW04,inequality,17,18,wind,4,pw_lower_bound,true,7,4491,MW,0,NaN,
20260811_121452_stage_B_2C_4168a6e9,INEQ-UPPER-D017-H18-PW04,inequality,17,18,wind,4,pw_upper_bound,true,8,4492,MW,0,NaN,
20260811_121452_stage_B_2C_4168a6e9,INEQ-LOWER-D017-H18-PW05,inequality,17,18,wind,5,pw_lower_bound,true,9,4493,MW,0,NaN,
20260811_121452_stage_B_2C_4168a6e9,INEQ-UPPER-D017-H18-PW05,inequality,17,18,wind,5,pw_upper_bound,true,10,4494,MW,0,NaN,
20260811_121452_stage_B_2C_4168a6e9,INEQ-LOWER-D017-H18-PP01,inequality,17,18,solar,1,pp_lower_bound,true,11,4495,MW,0,NaN,
20260811_121452_stage_B_2C_4168a6e9,INEQ-UPPER-D017-H18-PP01,inequality,17,18,solar,1,pp_upper_bound,true,12,4496,MW,0,NaN,
20260811_121452_stage_B_2C_4168a6e9,INEQ-LOWER-D017-H18-PP02,inequality,17,18,solar,2,pp_lower_bound,true,13,4497,MW,0,NaN,
20260811_121452_stage_B_2C_4168a6e9,INEQ-UPPER-D017-H18-PP02,inequality,17,18,solar,2,pp_upper_bound,true,14,4498,MW,0,NaN,
20260811_121452_stage_B_2C_4168a6e9,INEQ-LOWER-D017-H18-PP03,inequality,17,18,solar,3,pp_lower_bound,true,15,4499,MW,0,NaN,
20260811_121452_stage_B_2C_4168a6e9,INEQ-UPPER-D017-H18-PP03,inequality,17,18,solar,3,pp_upper_bound,true,16,4500,MW,0,NaN,
20260811_121452_stage_B_2C_4168a6e9,INEQ-LOWER-D017-H18-PP04,inequality,17,18,solar,4,pp_lower_bound,true,17,4501,MW,0,NaN,
20260811_121452_stage_B_2C_4168a6e9,INEQ-UPPER-D017-H18-PP04,inequality,17,18,solar,4,pp_upper_bound,true,18,4502,MW,0,NaN,
20260811_121452_stage_B_2C_4168a6e9,INEQ-LOWER-D017-H18-PP05,inequality,17,18,solar,5,pp_lower_bound,true,19,4503,MW,0,NaN,
20260811_121452_stage_B_2C_4168a6e9,INEQ-UPPER-D017-H18-PP05,inequality,17,18,solar,5,pp_upper_bound,true,20,4504,MW,0,NaN,
20260811_121452_stage_B_2C_4168a6e9,INEQ-LOWER-D017-H18-PH01,inequality,17,18,hydro,1,ph_lower_bound,true,21,4505,MW,0,NaN,
20260811_121452_stage_B_2C_4168a6e9,INEQ-UPPER-D017-H18-PH01,inequality,17,18,hydro,1,ph_upper_bound,true,22,4506,MW,0,NaN,
20260811_121452_stage_B_2C_4168a6e9,INEQ-LOWER-D017-H18-PH02,inequality,17,18,hydro,2,ph_lower_bound,true,23,4507,MW,0,NaN,
20260811_121452_stage_B_2C_4168a6e9,INEQ-UPPER-D017-H18-PH02,inequality,17,18,hydro,2,ph_upper_bound,true,24,4508,MW,0,NaN,
20260811_121452_stage_B_2C_4168a6e9,INEQ-LOWER-D017-H18-PH03,inequality,17,18,hydro,3,ph_lower_bound,true,25,4509,MW,0,NaN,
20260811_121452_stage_B_2C_4168a6e9,INEQ-UPPER-D017-H18-PH03,inequality,17,18,hydro,3,ph_upper_bound,true,26,4510,MW,0,NaN,
20260811_121452_stage_B_2C_4168a6e9,INEQ-LOWER-D017-H18-PH04,inequality,17,18,hydro,4,ph_lower_bound,true,27,4511,MW,0,NaN,
20260811_121452_stage_B_2C_4168a6e9,INEQ-UPPER-D017-H18-PH04,inequality,17,18,hydro,4,ph_upper_bound,true,28,4512,MW,0,NaN,
20260811_121452_stage_B_2C_4168a6e9,INEQ-LOWER-D017-H18-PF01,inequality,17,18,thermal,1,pf_lower_bound,true,29,4513,MW,0,NaN,
20260811_121452_stage_B_2C_4168a6e9,INEQ-UPPER-D017-H18-PF01,inequality,17,18,thermal,1,pf_upper_bound,true,30,4514,MW,0,NaN,
20260811_121452_stage_B_2C_4168a6e9,INEQ-LOWER-D017-H18-PF02,inequality,17,18,thermal,2,pf_lower_bound,true,31,4515,MW,0,NaN,
20260811_121452_stage_B_2C_4168a6e9,INEQ-UPPER-D017-H18-PF02,inequality,17,18,thermal,2,pf_upper_bound,true,32,4516,MW,0,NaN,
20260811_121452_stage_B_2C_4168a6e9,INEQ-LOWER-D017-H18-PF03,inequality,17,18,thermal,3,pf_lower_bound,true,33,4517,MW,0,NaN,
20260811_121452_stage_B_2C_4168a6e9,INEQ-UPPER-D017-H18-PF03,inequality,17,18,thermal,3,pf_upper_bound,true,34,4518,MW,0,NaN,
20260811_121452_stage_B_2C_4168a6e9,INEQ-LOWER-D017-H18-PF04,inequality,17,18,thermal,4,pf_lower_bound,true,35,4519,MW,0,NaN,
20260811_121452_stage_B_2C_4168a6e9,INEQ-UPPER-D017-H18-PF04,inequality,17,18,thermal,4,pf_upper_bound,true,36,4520,MW,0,NaN,
20260811_121452_stage_B_2C_4168a6e9,INEQ-LOWER-D017-H18-Pch01,inequality,17,18,storage,1,pch_lower_bound,true,37,4521,MW,0,NaN,
20260811_121452_stage_B_2C_4168a6e9,INEQ-UPPER-D017-H18-Pch01,inequality,17,18,storage,1,pch_upper_bound,true,38,4522,MW,0,NaN,
20260811_121452_stage_B_2C_4168a6e9,INEQ-LOWER-D017-H18-Pch02,inequality,17,18,storage,2,pch_lower_bound,true,39,4523,MW,0,NaN,
20260811_121452_stage_B_2C_4168a6e9,INEQ-UPPER-D017-H18-Pch02,inequality,17,18,storage,2,pch_upper_bound,true,40,4524,MW,0,NaN,
20260811_121452_stage_B_2C_4168a6e9,INEQ-LOWER-D017-H18-Pdis01,inequality,17,18,storage,1,pdis_lower_bound,true,41,4525,MW,0,NaN,
20260811_121452_stage_B_2C_4168a6e9,INEQ-UPPER-D017-H18-Pdis01,inequality,17,18,storage,1,pdis_upper_bound,true,42,4526,MW,0,NaN,
20260811_121452_stage_B_2C_4168a6e9,INEQ-LOWER-D017-H18-Pdis02,inequality,17,18,storage,2,pdis_lower_bound,true,43,4527,MW,0,NaN,
20260811_121452_stage_B_2C_4168a6e9,INEQ-UPPER-D017-H18-Pdis02,inequality,17,18,storage,2,pdis_upper_bound,true,44,4528,MW,0,NaN,
20260811_121452_stage_B_2C_4168a6e9,INEQ-LOWER-D017-H18-SOC01,inequality,17,18,storage,1,soc_lower_bound,true,45,4529,MWh,0,NaN,
20260811_121452_stage_B_2C_4168a6e9,INEQ-UPPER-D017-H18-SOC01,inequality,17,18,storage,1,soc_upper_bound,true,46,4530,MWh,0,NaN,
20260811_121452_stage_B_2C_4168a6e9,INEQ-LOWER-D017-H18-SOC02,inequality,17,18,storage,2,soc_lower_bound,true,47,4531,MWh,0,NaN,
20260811_121452_stage_B_2C_4168a6e9,INEQ-UPPER-D017-H18-SOC02,inequality,17,18,storage,2,soc_upper_bound,true,48,4532,MWh,0,NaN,
20260811_121452_stage_B_2C_4168a6e9,INEQ-LOWER-D017-H19-PW01,inequality,17,19,wind,1,pw_lower_bound,true,1,4533,MW,0,NaN,
20260811_121452_stage_B_2C_4168a6e9,INEQ-UPPER-D017-H19-PW01,inequality,17,19,wind,1,pw_upper_bound,true,2,4534,MW,0,NaN,
20260811_121452_stage_B_2C_4168a6e9,INEQ-LOWER-D017-H19-PW02,inequality,17,19,wind,2,pw_lower_bound,true,3,4535,MW,0,NaN,
20260811_121452_stage_B_2C_4168a6e9,INEQ-UPPER-D017-H19-PW02,inequality,17,19,wind,2,pw_upper_bound,true,4,4536,MW,0,NaN,
20260811_121452_stage_B_2C_4168a6e9,INEQ-LOWER-D017-H19-PW03,inequality,17,19,wind,3,pw_lower_bound,true,5,4537,MW,0,NaN,
20260811_121452_stage_B_2C_4168a6e9,INEQ-UPPER-D017-H19-PW03,inequality,17,19,wind,3,pw_upper_bound,true,6,4538,MW,0,NaN,
20260811_121452_stage_B_2C_4168a6e9,INEQ-LOWER-D017-H19-PW04,inequality,17,19,wind,4,pw_lower_bound,true,7,4539,MW,0,NaN,
20260811_121452_stage_B_2C_4168a6e9,INEQ-UPPER-D017-H19-PW04,inequality,17,19,wind,4,pw_upper_bound,true,8,4540,MW,0,NaN,
20260811_121452_stage_B_2C_4168a6e9,INEQ-LOWER-D017-H19-PW05,inequality,17,19,wind,5,pw_lower_bound,true,9,4541,MW,0,NaN,
20260811_121452_stage_B_2C_4168a6e9,INEQ-UPPER-D017-H19-PW05,inequality,17,19,wind,5,pw_upper_bound,true,10,4542,MW,0,NaN,
20260811_121452_stage_B_2C_4168a6e9,INEQ-LOWER-D017-H19-PP01,inequality,17,19,solar,1,pp_lower_bound,true,11,4543,MW,0,NaN,
20260811_121452_stage_B_2C_4168a6e9,INEQ-UPPER-D017-H19-PP01,inequality,17,19,solar,1,pp_upper_bound,true,12,4544,MW,0,NaN,
20260811_121452_stage_B_2C_4168a6e9,INEQ-LOWER-D017-H19-PP02,inequality,17,19,solar,2,pp_lower_bound,true,13,4545,MW,0,NaN,
20260811_121452_stage_B_2C_4168a6e9,INEQ-UPPER-D017-H19-PP02,inequality,17,19,solar,2,pp_upper_bound,true,14,4546,MW,0,NaN,
20260811_121452_stage_B_2C_4168a6e9,INEQ-LOWER-D017-H19-PP03,inequality,17,19,solar,3,pp_lower_bound,true,15,4547,MW,0,NaN,
20260811_121452_stage_B_2C_4168a6e9,INEQ-UPPER-D017-H19-PP03,inequality,17,19,solar,3,pp_upper_bound,true,16,4548,MW,0,NaN,
20260811_121452_stage_B_2C_4168a6e9,INEQ-LOWER-D017-H19-PP04,inequality,17,19,solar,4,pp_lower_bound,true,17,4549,MW,0,NaN,
20260811_121452_stage_B_2C_4168a6e9,INEQ-UPPER-D017-H19-PP04,inequality,17,19,solar,4,pp_upper_bound,true,18,4550,MW,0,NaN,
20260811_121452_stage_B_2C_4168a6e9,INEQ-LOWER-D017-H19-PP05,inequality,17,19,solar,5,pp_lower_bound,true,19,4551,MW,0,NaN,
20260811_121452_stage_B_2C_4168a6e9,INEQ-UPPER-D017-H19-PP05,inequality,17,19,solar,5,pp_upper_bound,true,20,4552,MW,0,NaN,
20260811_121452_stage_B_2C_4168a6e9,INEQ-LOWER-D017-H19-PH01,inequality,17,19,hydro,1,ph_lower_bound,true,21,4553,MW,0,NaN,
20260811_121452_stage_B_2C_4168a6e9,INEQ-UPPER-D017-H19-PH01,inequality,17,19,hydro,1,ph_upper_bound,true,22,4554,MW,0,NaN,
20260811_121452_stage_B_2C_4168a6e9,INEQ-LOWER-D017-H19-PH02,inequality,17,19,hydro,2,ph_lower_bound,true,23,4555,MW,0,NaN,
20260811_121452_stage_B_2C_4168a6e9,INEQ-UPPER-D017-H19-PH02,inequality,17,19,hydro,2,ph_upper_bound,true,24,4556,MW,0,NaN,
20260811_121452_stage_B_2C_4168a6e9,INEQ-LOWER-D017-H19-PH03,inequality,17,19,hydro,3,ph_lower_bound,true,25,4557,MW,0,NaN,
20260811_121452_stage_B_2C_4168a6e9,INEQ-UPPER-D017-H19-PH03,inequality,17,19,hydro,3,ph_upper_bound,true,26,4558,MW,0,NaN,
20260811_121452_stage_B_2C_4168a6e9,INEQ-LOWER-D017-H19-PH04,inequality,17,19,hydro,4,ph_lower_bound,true,27,4559,MW,0,NaN,
20260811_121452_stage_B_2C_4168a6e9,INEQ-UPPER-D017-H19-PH04,inequality,17,19,hydro,4,ph_upper_bound,true,28,4560,MW,0,NaN,
20260811_121452_stage_B_2C_4168a6e9,INEQ-LOWER-D017-H19-PF01,inequality,17,19,thermal,1,pf_lower_bound,true,29,4561,MW,0,NaN,
20260811_121452_stage_B_2C_4168a6e9,INEQ-UPPER-D017-H19-PF01,inequality,17,19,thermal,1,pf_upper_bound,true,30,4562,MW,0,NaN,
20260811_121452_stage_B_2C_4168a6e9,INEQ-LOWER-D017-H19-PF02,inequality,17,19,thermal,2,pf_lower_bound,true,31,4563,MW,0,NaN,
20260811_121452_stage_B_2C_4168a6e9,INEQ-UPPER-D017-H19-PF02,inequality,17,19,thermal,2,pf_upper_bound,true,32,4564,MW,0,NaN,
20260811_121452_stage_B_2C_4168a6e9,INEQ-LOWER-D017-H19-PF03,inequality,17,19,thermal,3,pf_lower_bound,true,33,4565,MW,0,NaN,
20260811_121452_stage_B_2C_4168a6e9,INEQ-UPPER-D017-H19-PF03,inequality,17,19,thermal,3,pf_upper_bound,true,34,4566,MW,0,NaN,
20260811_121452_stage_B_2C_4168a6e9,INEQ-LOWER-D017-H19-PF04,inequality,17,19,thermal,4,pf_lower_bound,true,35,4567,MW,0,NaN,
20260811_121452_stage_B_2C_4168a6e9,INEQ-UPPER-D017-H19-PF04,inequality,17,19,thermal,4,pf_upper_bound,true,36,4568,MW,0,NaN,
20260811_121452_stage_B_2C_4168a6e9,INEQ-LOWER-D017-H19-Pch01,inequality,17,19,storage,1,pch_lower_bound,true,37,4569,MW,0,NaN,
20260811_121452_stage_B_2C_4168a6e9,INEQ-UPPER-D017-H19-Pch01,inequality,17,19,storage,1,pch_upper_bound,true,38,4570,MW,0,NaN,
20260811_121452_stage_B_2C_4168a6e9,INEQ-LOWER-D017-H19-Pch02,inequality,17,19,storage,2,pch_lower_bound,true,39,4571,MW,0,NaN,
20260811_121452_stage_B_2C_4168a6e9,INEQ-UPPER-D017-H19-Pch02,inequality,17,19,storage,2,pch_upper_bound,true,40,4572,MW,0,NaN,
20260811_121452_stage_B_2C_4168a6e9,INEQ-LOWER-D017-H19-Pdis01,inequality,17,19,storage,1,pdis_lower_bound,true,41,4573,MW,0,NaN,
20260811_121452_stage_B_2C_4168a6e9,INEQ-UPPER-D017-H19-Pdis01,inequality,17,19,storage,1,pdis_upper_bound,true,42,4574,MW,0,NaN,
20260811_121452_stage_B_2C_4168a6e9,INEQ-LOWER-D017-H19-Pdis02,inequality,17,19,storage,2,pdis_lower_bound,true,43,4575,MW,0,NaN,
20260811_121452_stage_B_2C_4168a6e9,INEQ-UPPER-D017-H19-Pdis02,inequality,17,19,storage,2,pdis_upper_bound,true,44,4576,MW,0,NaN,
20260811_121452_stage_B_2C_4168a6e9,INEQ-LOWER-D017-H19-SOC01,inequality,17,19,storage,1,soc_lower_bound,true,45,4577,MWh,0,NaN,
20260811_121452_stage_B_2C_4168a6e9,INEQ-UPPER-D017-H19-SOC01,inequality,17,19,storage,1,soc_upper_bound,true,46,4578,MWh,0,NaN,
20260811_121452_stage_B_2C_4168a6e9,INEQ-LOWER-D017-H19-SOC02,inequality,17,19,storage,2,soc_lower_bound,true,47,4579,MWh,0,NaN,
20260811_121452_stage_B_2C_4168a6e9,INEQ-UPPER-D017-H19-SOC02,inequality,17,19,storage,2,soc_upper_bound,true,48,4580,MWh,0,NaN,
20260811_121452_stage_B_2C_4168a6e9,INEQ-LOWER-D017-H20-PW01,inequality,17,20,wind,1,pw_lower_bound,true,1,4581,MW,0,NaN,
20260811_121452_stage_B_2C_4168a6e9,INEQ-UPPER-D017-H20-PW01,inequality,17,20,wind,1,pw_upper_bound,true,2,4582,MW,0,NaN,
20260811_121452_stage_B_2C_4168a6e9,INEQ-LOWER-D017-H20-PW02,inequality,17,20,wind,2,pw_lower_bound,true,3,4583,MW,0,NaN,
20260811_121452_stage_B_2C_4168a6e9,INEQ-UPPER-D017-H20-PW02,inequality,17,20,wind,2,pw_upper_bound,true,4,4584,MW,0,NaN,
20260811_121452_stage_B_2C_4168a6e9,INEQ-LOWER-D017-H20-PW03,inequality,17,20,wind,3,pw_lower_bound,true,5,4585,MW,0,NaN,
20260811_121452_stage_B_2C_4168a6e9,INEQ-UPPER-D017-H20-PW03,inequality,17,20,wind,3,pw_upper_bound,true,6,4586,MW,0,NaN,
20260811_121452_stage_B_2C_4168a6e9,INEQ-LOWER-D017-H20-PW04,inequality,17,20,wind,4,pw_lower_bound,true,7,4587,MW,0,NaN,
20260811_121452_stage_B_2C_4168a6e9,INEQ-UPPER-D017-H20-PW04,inequality,17,20,wind,4,pw_upper_bound,true,8,4588,MW,0,NaN,
20260811_121452_stage_B_2C_4168a6e9,INEQ-LOWER-D017-H20-PW05,inequality,17,20,wind,5,pw_lower_bound,true,9,4589,MW,0,NaN,
20260811_121452_stage_B_2C_4168a6e9,INEQ-UPPER-D017-H20-PW05,inequality,17,20,wind,5,pw_upper_bound,true,10,4590,MW,0,NaN,
20260811_121452_stage_B_2C_4168a6e9,INEQ-LOWER-D017-H20-PH01,inequality,17,20,hydro,1,ph_lower_bound,true,11,4591,MW,0,NaN,
20260811_121452_stage_B_2C_4168a6e9,INEQ-UPPER-D017-H20-PH01,inequality,17,20,hydro,1,ph_upper_bound,true,12,4592,MW,0,NaN,
20260811_121452_stage_B_2C_4168a6e9,INEQ-LOWER-D017-H20-PH02,inequality,17,20,hydro,2,ph_lower_bound,true,13,4593,MW,0,NaN,
20260811_121452_stage_B_2C_4168a6e9,INEQ-UPPER-D017-H20-PH02,inequality,17,20,hydro,2,ph_upper_bound,true,14,4594,MW,0,NaN,
20260811_121452_stage_B_2C_4168a6e9,INEQ-LOWER-D017-H20-PH03,inequality,17,20,hydro,3,ph_lower_bound,true,15,4595,MW,0,NaN,
20260811_121452_stage_B_2C_4168a6e9,INEQ-UPPER-D017-H20-PH03,inequality,17,20,hydro,3,ph_upper_bound,true,16,4596,MW,0,NaN,
20260811_121452_stage_B_2C_4168a6e9,INEQ-LOWER-D017-H20-PH04,inequality,17,20,hydro,4,ph_lower_bound,true,17,4597,MW,0,NaN,
20260811_121452_stage_B_2C_4168a6e9,INEQ-UPPER-D017-H20-PH04,inequality,17,20,hydro,4,ph_upper_bound,true,18,4598,MW,0,NaN,
20260811_121452_stage_B_2C_4168a6e9,INEQ-LOWER-D017-H20-PF01,inequality,17,20,thermal,1,pf_lower_bound,true,19,4599,MW,0,NaN,
20260811_121452_stage_B_2C_4168a6e9,INEQ-UPPER-D017-H20-PF01,inequality,17,20,thermal,1,pf_upper_bound,true,20,4600,MW,0,NaN,
20260811_121452_stage_B_2C_4168a6e9,INEQ-LOWER-D017-H20-PF02,inequality,17,20,thermal,2,pf_lower_bound,true,21,4601,MW,0,NaN,
20260811_121452_stage_B_2C_4168a6e9,INEQ-UPPER-D017-H20-PF02,inequality,17,20,thermal,2,pf_upper_bound,true,22,4602,MW,0,NaN,
20260811_121452_stage_B_2C_4168a6e9,INEQ-LOWER-D017-H20-PF03,inequality,17,20,thermal,3,pf_lower_bound,true,23,4603,MW,0,NaN,
20260811_121452_stage_B_2C_4168a6e9,INEQ-UPPER-D017-H20-PF03,inequality,17,20,thermal,3,pf_upper_bound,true,24,4604,MW,0,NaN,
20260811_121452_stage_B_2C_4168a6e9,INEQ-LOWER-D017-H20-PF04,inequality,17,20,thermal,4,pf_lower_bound,true,25,4605,MW,0,NaN,
20260811_121452_stage_B_2C_4168a6e9,INEQ-UPPER-D017-H20-PF04,inequality,17,20,thermal,4,pf_upper_bound,true,26,4606,MW,0,NaN,
20260811_121452_stage_B_2C_4168a6e9,INEQ-LOWER-D017-H20-Pch01,inequality,17,20,storage,1,pch_lower_bound,true,27,4607,MW,0,NaN,
20260811_121452_stage_B_2C_4168a6e9,INEQ-UPPER-D017-H20-Pch01,inequality,17,20,storage,1,pch_upper_bound,true,28,4608,MW,0,NaN,
20260811_121452_stage_B_2C_4168a6e9,INEQ-LOWER-D017-H20-Pch02,inequality,17,20,storage,2,pch_lower_bound,true,29,4609,MW,0,NaN,
20260811_121452_stage_B_2C_4168a6e9,INEQ-UPPER-D017-H20-Pch02,inequality,17,20,storage,2,pch_upper_bound,true,30,4610,MW,0,NaN,
20260811_121452_stage_B_2C_4168a6e9,INEQ-LOWER-D017-H20-Pdis01,inequality,17,20,storage,1,pdis_lower_bound,true,31,4611,MW,0,NaN,
20260811_121452_stage_B_2C_4168a6e9,INEQ-UPPER-D017-H20-Pdis01,inequality,17,20,storage,1,pdis_upper_bound,true,32,4612,MW,0,NaN,
20260811_121452_stage_B_2C_4168a6e9,INEQ-LOWER-D017-H20-Pdis02,inequality,17,20,storage,2,pdis_lower_bound,true,33,4613,MW,0,NaN,
20260811_121452_stage_B_2C_4168a6e9,INEQ-UPPER-D017-H20-Pdis02,inequality,17,20,storage,2,pdis_upper_bound,true,34,4614,MW,0,NaN,
20260811_121452_stage_B_2C_4168a6e9,INEQ-LOWER-D017-H20-SOC01,inequality,17,20,storage,1,soc_lower_bound,true,35,4615,MWh,0,NaN,
20260811_121452_stage_B_2C_4168a6e9,INEQ-UPPER-D017-H20-SOC01,inequality,17,20,storage,1,soc_upper_bound,true,36,4616,MWh,0,NaN,
20260811_121452_stage_B_2C_4168a6e9,INEQ-LOWER-D017-H20-SOC02,inequality,17,20,storage,2,soc_lower_bound,true,37,4617,MWh,0,NaN,
20260811_121452_stage_B_2C_4168a6e9,INEQ-UPPER-D017-H20-SOC02,inequality,17,20,storage,2,soc_upper_bound,true,38,4618,MWh,0,NaN,
20260811_121452_stage_B_2C_4168a6e9,INEQ-LOWER-D017-H21-PW01,inequality,17,21,wind,1,pw_lower_bound,true,1,4619,MW,0,NaN,
20260811_121452_stage_B_2C_4168a6e9,INEQ-UPPER-D017-H21-PW01,inequality,17,21,wind,1,pw_upper_bound,true,2,4620,MW,0,NaN,
20260811_121452_stage_B_2C_4168a6e9,INEQ-LOWER-D017-H21-PW02,inequality,17,21,wind,2,pw_lower_bound,true,3,4621,MW,0,NaN,
20260811_121452_stage_B_2C_4168a6e9,INEQ-UPPER-D017-H21-PW02,inequality,17,21,wind,2,pw_upper_bound,true,4,4622,MW,0,NaN,
20260811_121452_stage_B_2C_4168a6e9,INEQ-LOWER-D017-H21-PW03,inequality,17,21,wind,3,pw_lower_bound,true,5,4623,MW,0,NaN,
20260811_121452_stage_B_2C_4168a6e9,INEQ-UPPER-D017-H21-PW03,inequality,17,21,wind,3,pw_upper_bound,true,6,4624,MW,0,NaN,
20260811_121452_stage_B_2C_4168a6e9,INEQ-LOWER-D017-H21-PW04,inequality,17,21,wind,4,pw_lower_bound,true,7,4625,MW,0,NaN,
20260811_121452_stage_B_2C_4168a6e9,INEQ-UPPER-D017-H21-PW04,inequality,17,21,wind,4,pw_upper_bound,true,8,4626,MW,0,NaN,
20260811_121452_stage_B_2C_4168a6e9,INEQ-LOWER-D017-H21-PW05,inequality,17,21,wind,5,pw_lower_bound,true,9,4627,MW,0,NaN,
20260811_121452_stage_B_2C_4168a6e9,INEQ-UPPER-D017-H21-PW05,inequality,17,21,wind,5,pw_upper_bound,true,10,4628,MW,0,NaN,
20260811_121452_stage_B_2C_4168a6e9,INEQ-LOWER-D017-H21-PH01,inequality,17,21,hydro,1,ph_lower_bound,true,11,4629,MW,0,NaN,
20260811_121452_stage_B_2C_4168a6e9,INEQ-UPPER-D017-H21-PH01,inequality,17,21,hydro,1,ph_upper_bound,true,12,4630,MW,0,NaN,
20260811_121452_stage_B_2C_4168a6e9,INEQ-LOWER-D017-H21-PH02,inequality,17,21,hydro,2,ph_lower_bound,true,13,4631,MW,0,NaN,
20260811_121452_stage_B_2C_4168a6e9,INEQ-UPPER-D017-H21-PH02,inequality,17,21,hydro,2,ph_upper_bound,true,14,4632,MW,0,NaN,
20260811_121452_stage_B_2C_4168a6e9,INEQ-LOWER-D017-H21-PH03,inequality,17,21,hydro,3,ph_lower_bound,true,15,4633,MW,0,NaN,
20260811_121452_stage_B_2C_4168a6e9,INEQ-UPPER-D017-H21-PH03,inequality,17,21,hydro,3,ph_upper_bound,true,16,4634,MW,0,NaN,
20260811_121452_stage_B_2C_4168a6e9,INEQ-LOWER-D017-H21-PH04,inequality,17,21,hydro,4,ph_lower_bound,true,17,4635,MW,0,NaN,
20260811_121452_stage_B_2C_4168a6e9,INEQ-UPPER-D017-H21-PH04,inequality,17,21,hydro,4,ph_upper_bound,true,18,4636,MW,0,NaN,
20260811_121452_stage_B_2C_4168a6e9,INEQ-LOWER-D017-H21-PF01,inequality,17,21,thermal,1,pf_lower_bound,true,19,4637,MW,0,NaN,
20260811_121452_stage_B_2C_4168a6e9,INEQ-UPPER-D017-H21-PF01,inequality,17,21,thermal,1,pf_upper_bound,true,20,4638,MW,0,NaN,
20260811_121452_stage_B_2C_4168a6e9,INEQ-LOWER-D017-H21-PF02,inequality,17,21,thermal,2,pf_lower_bound,true,21,4639,MW,0,NaN,
20260811_121452_stage_B_2C_4168a6e9,INEQ-UPPER-D017-H21-PF02,inequality,17,21,thermal,2,pf_upper_bound,true,22,4640,MW,0,NaN,
20260811_121452_stage_B_2C_4168a6e9,INEQ-LOWER-D017-H21-PF03,inequality,17,21,thermal,3,pf_lower_bound,true,23,4641,MW,0,NaN,
20260811_121452_stage_B_2C_4168a6e9,INEQ-UPPER-D017-H21-PF03,inequality,17,21,thermal,3,pf_upper_bound,true,24,4642,MW,0,NaN,
20260811_121452_stage_B_2C_4168a6e9,INEQ-LOWER-D017-H21-PF04,inequality,17,21,thermal,4,pf_lower_bound,true,25,4643,MW,0,NaN,
20260811_121452_stage_B_2C_4168a6e9,INEQ-UPPER-D017-H21-PF04,inequality,17,21,thermal,4,pf_upper_bound,true,26,4644,MW,0,NaN,
20260811_121452_stage_B_2C_4168a6e9,INEQ-LOWER-D017-H21-Pch01,inequality,17,21,storage,1,pch_lower_bound,true,27,4645,MW,0,NaN,
20260811_121452_stage_B_2C_4168a6e9,INEQ-UPPER-D017-H21-Pch01,inequality,17,21,storage,1,pch_upper_bound,true,28,4646,MW,0,NaN,
20260811_121452_stage_B_2C_4168a6e9,INEQ-LOWER-D017-H21-Pch02,inequality,17,21,storage,2,pch_lower_bound,true,29,4647,MW,0,NaN,
20260811_121452_stage_B_2C_4168a6e9,INEQ-UPPER-D017-H21-Pch02,inequality,17,21,storage,2,pch_upper_bound,true,30,4648,MW,0,NaN,
20260811_121452_stage_B_2C_4168a6e9,INEQ-LOWER-D017-H21-Pdis01,inequality,17,21,storage,1,pdis_lower_bound,true,31,4649,MW,0,NaN,
20260811_121452_stage_B_2C_4168a6e9,INEQ-UPPER-D017-H21-Pdis01,inequality,17,21,storage,1,pdis_upper_bound,true,32,4650,MW,0,NaN,
20260811_121452_stage_B_2C_4168a6e9,INEQ-LOWER-D017-H21-Pdis02,inequality,17,21,storage,2,pdis_lower_bound,true,33,4651,MW,0,NaN,
20260811_121452_stage_B_2C_4168a6e9,INEQ-UPPER-D017-H21-Pdis02,inequality,17,21,storage,2,pdis_upper_bound,true,34,4652,MW,0,NaN,
20260811_121452_stage_B_2C_4168a6e9,INEQ-LOWER-D017-H21-SOC01,inequality,17,21,storage,1,soc_lower_bound,true,35,4653,MWh,0,NaN,
20260811_121452_stage_B_2C_4168a6e9,INEQ-UPPER-D017-H21-SOC01,inequality,17,21,storage,1,soc_upper_bound,true,36,4654,MWh,0,NaN,
20260811_121452_stage_B_2C_4168a6e9,INEQ-LOWER-D017-H21-SOC02,inequality,17,21,storage,2,soc_lower_bound,true,37,4655,MWh,0,NaN,
20260811_121452_stage_B_2C_4168a6e9,INEQ-UPPER-D017-H21-SOC02,inequality,17,21,storage,2,soc_upper_bound,true,38,4656,MWh,0,NaN,
20260811_121452_stage_B_2C_4168a6e9,INEQ-LOWER-D017-H22-PW01,inequality,17,22,wind,1,pw_lower_bound,true,1,4657,MW,0,NaN,
20260811_121452_stage_B_2C_4168a6e9,INEQ-UPPER-D017-H22-PW01,inequality,17,22,wind,1,pw_upper_bound,true,2,4658,MW,0,NaN,
20260811_121452_stage_B_2C_4168a6e9,INEQ-LOWER-D017-H22-PW02,inequality,17,22,wind,2,pw_lower_bound,true,3,4659,MW,0,NaN,
20260811_121452_stage_B_2C_4168a6e9,INEQ-UPPER-D017-H22-PW02,inequality,17,22,wind,2,pw_upper_bound,true,4,4660,MW,0,NaN,
20260811_121452_stage_B_2C_4168a6e9,INEQ-LOWER-D017-H22-PW03,inequality,17,22,wind,3,pw_lower_bound,true,5,4661,MW,0,NaN,
20260811_121452_stage_B_2C_4168a6e9,INEQ-UPPER-D017-H22-PW03,inequality,17,22,wind,3,pw_upper_bound,true,6,4662,MW,0,NaN,
20260811_121452_stage_B_2C_4168a6e9,INEQ-LOWER-D017-H22-PW04,inequality,17,22,wind,4,pw_lower_bound,true,7,4663,MW,0,NaN,
20260811_121452_stage_B_2C_4168a6e9,INEQ-UPPER-D017-H22-PW04,inequality,17,22,wind,4,pw_upper_bound,true,8,4664,MW,0,NaN,
20260811_121452_stage_B_2C_4168a6e9,INEQ-LOWER-D017-H22-PW05,inequality,17,22,wind,5,pw_lower_bound,true,9,4665,MW,0,NaN,
20260811_121452_stage_B_2C_4168a6e9,INEQ-UPPER-D017-H22-PW05,inequality,17,22,wind,5,pw_upper_bound,true,10,4666,MW,0,NaN,
20260811_121452_stage_B_2C_4168a6e9,INEQ-LOWER-D017-H22-PH01,inequality,17,22,hydro,1,ph_lower_bound,true,11,4667,MW,0,NaN,
20260811_121452_stage_B_2C_4168a6e9,INEQ-UPPER-D017-H22-PH01,inequality,17,22,hydro,1,ph_upper_bound,true,12,4668,MW,0,NaN,
20260811_121452_stage_B_2C_4168a6e9,INEQ-LOWER-D017-H22-PH02,inequality,17,22,hydro,2,ph_lower_bound,true,13,4669,MW,0,NaN,
20260811_121452_stage_B_2C_4168a6e9,INEQ-UPPER-D017-H22-PH02,inequality,17,22,hydro,2,ph_upper_bound,true,14,4670,MW,0,NaN,
20260811_121452_stage_B_2C_4168a6e9,INEQ-LOWER-D017-H22-PH03,inequality,17,22,hydro,3,ph_lower_bound,true,15,4671,MW,0,NaN,
20260811_121452_stage_B_2C_4168a6e9,INEQ-UPPER-D017-H22-PH03,inequality,17,22,hydro,3,ph_upper_bound,true,16,4672,MW,0,NaN,
20260811_121452_stage_B_2C_4168a6e9,INEQ-LOWER-D017-H22-PH04,inequality,17,22,hydro,4,ph_lower_bound,true,17,4673,MW,0,NaN,
20260811_121452_stage_B_2C_4168a6e9,INEQ-UPPER-D017-H22-PH04,inequality,17,22,hydro,4,ph_upper_bound,true,18,4674,MW,0,NaN,
20260811_121452_stage_B_2C_4168a6e9,INEQ-LOWER-D017-H22-PF01,inequality,17,22,thermal,1,pf_lower_bound,true,19,4675,MW,0,NaN,
20260811_121452_stage_B_2C_4168a6e9,INEQ-UPPER-D017-H22-PF01,inequality,17,22,thermal,1,pf_upper_bound,true,20,4676,MW,0,NaN,
20260811_121452_stage_B_2C_4168a6e9,INEQ-LOWER-D017-H22-PF02,inequality,17,22,thermal,2,pf_lower_bound,true,21,4677,MW,0,NaN,
20260811_121452_stage_B_2C_4168a6e9,INEQ-UPPER-D017-H22-PF02,inequality,17,22,thermal,2,pf_upper_bound,true,22,4678,MW,0,NaN,
20260811_121452_stage_B_2C_4168a6e9,INEQ-LOWER-D017-H22-PF03,inequality,17,22,thermal,3,pf_lower_bound,true,23,4679,MW,0,NaN,
20260811_121452_stage_B_2C_4168a6e9,INEQ-UPPER-D017-H22-PF03,inequality,17,22,thermal,3,pf_upper_bound,true,24,4680,MW,0,NaN,
20260811_121452_stage_B_2C_4168a6e9,INEQ-LOWER-D017-H22-PF04,inequality,17,22,thermal,4,pf_lower_bound,true,25,4681,MW,0,NaN,
20260811_121452_stage_B_2C_4168a6e9,INEQ-UPPER-D017-H22-PF04,inequality,17,22,thermal,4,pf_upper_bound,true,26,4682,MW,0,NaN,
20260811_121452_stage_B_2C_4168a6e9,INEQ-LOWER-D017-H22-Pch01,inequality,17,22,storage,1,pch_lower_bound,true,27,4683,MW,0,NaN,
20260811_121452_stage_B_2C_4168a6e9,INEQ-UPPER-D017-H22-Pch01,inequality,17,22,storage,1,pch_upper_bound,true,28,4684,MW,0,NaN,
20260811_121452_stage_B_2C_4168a6e9,INEQ-LOWER-D017-H22-Pch02,inequality,17,22,storage,2,pch_lower_bound,true,29,4685,MW,0,NaN,
20260811_121452_stage_B_2C_4168a6e9,INEQ-UPPER-D017-H22-Pch02,inequality,17,22,storage,2,pch_upper_bound,true,30,4686,MW,0,NaN,
20260811_121452_stage_B_2C_4168a6e9,INEQ-LOWER-D017-H22-Pdis01,inequality,17,22,storage,1,pdis_lower_bound,true,31,4687,MW,0,NaN,
20260811_121452_stage_B_2C_4168a6e9,INEQ-UPPER-D017-H22-Pdis01,inequality,17,22,storage,1,pdis_upper_bound,true,32,4688,MW,0,NaN,
20260811_121452_stage_B_2C_4168a6e9,INEQ-LOWER-D017-H22-Pdis02,inequality,17,22,storage,2,pdis_lower_bound,true,33,4689,MW,0,NaN,
20260811_121452_stage_B_2C_4168a6e9,INEQ-UPPER-D017-H22-Pdis02,inequality,17,22,storage,2,pdis_upper_bound,true,34,4690,MW,0,NaN,
20260811_121452_stage_B_2C_4168a6e9,INEQ-LOWER-D017-H22-SOC01,inequality,17,22,storage,1,soc_lower_bound,true,35,4691,MWh,0,NaN,
20260811_121452_stage_B_2C_4168a6e9,INEQ-UPPER-D017-H22-SOC01,inequality,17,22,storage,1,soc_upper_bound,true,36,4692,MWh,0,NaN,
20260811_121452_stage_B_2C_4168a6e9,INEQ-LOWER-D017-H22-SOC02,inequality,17,22,storage,2,soc_lower_bound,true,37,4693,MWh,0,NaN,
20260811_121452_stage_B_2C_4168a6e9,INEQ-UPPER-D017-H22-SOC02,inequality,17,22,storage,2,soc_upper_bound,true,38,4694,MWh,0,NaN,
20260811_121452_stage_B_2C_4168a6e9,INEQ-LOWER-D017-H23-PW01,inequality,17,23,wind,1,pw_lower_bound,true,1,4695,MW,0,NaN,
20260811_121452_stage_B_2C_4168a6e9,INEQ-UPPER-D017-H23-PW01,inequality,17,23,wind,1,pw_upper_bound,true,2,4696,MW,0,NaN,
20260811_121452_stage_B_2C_4168a6e9,INEQ-LOWER-D017-H23-PW02,inequality,17,23,wind,2,pw_lower_bound,true,3,4697,MW,0,NaN,
20260811_121452_stage_B_2C_4168a6e9,INEQ-UPPER-D017-H23-PW02,inequality,17,23,wind,2,pw_upper_bound,true,4,4698,MW,0,NaN,
20260811_121452_stage_B_2C_4168a6e9,INEQ-LOWER-D017-H23-PW03,inequality,17,23,wind,3,pw_lower_bound,true,5,4699,MW,0,NaN,
20260811_121452_stage_B_2C_4168a6e9,INEQ-UPPER-D017-H23-PW03,inequality,17,23,wind,3,pw_upper_bound,true,6,4700,MW,0,NaN,
20260811_121452_stage_B_2C_4168a6e9,INEQ-LOWER-D017-H23-PW04,inequality,17,23,wind,4,pw_lower_bound,true,7,4701,MW,0,NaN,
20260811_121452_stage_B_2C_4168a6e9,INEQ-UPPER-D017-H23-PW04,inequality,17,23,wind,4,pw_upper_bound,true,8,4702,MW,0,NaN,
20260811_121452_stage_B_2C_4168a6e9,INEQ-LOWER-D017-H23-PW05,inequality,17,23,wind,5,pw_lower_bound,true,9,4703,MW,0,NaN,
20260811_121452_stage_B_2C_4168a6e9,INEQ-UPPER-D017-H23-PW05,inequality,17,23,wind,5,pw_upper_bound,true,10,4704,MW,0,NaN,
20260811_121452_stage_B_2C_4168a6e9,INEQ-LOWER-D017-H23-PH01,inequality,17,23,hydro,1,ph_lower_bound,true,11,4705,MW,0,NaN,
20260811_121452_stage_B_2C_4168a6e9,INEQ-UPPER-D017-H23-PH01,inequality,17,23,hydro,1,ph_upper_bound,true,12,4706,MW,0,NaN,
20260811_121452_stage_B_2C_4168a6e9,INEQ-LOWER-D017-H23-PH02,inequality,17,23,hydro,2,ph_lower_bound,true,13,4707,MW,0,NaN,
20260811_121452_stage_B_2C_4168a6e9,INEQ-UPPER-D017-H23-PH02,inequality,17,23,hydro,2,ph_upper_bound,true,14,4708,MW,0,NaN,
20260811_121452_stage_B_2C_4168a6e9,INEQ-LOWER-D017-H23-PH03,inequality,17,23,hydro,3,ph_lower_bound,true,15,4709,MW,0,NaN,
20260811_121452_stage_B_2C_4168a6e9,INEQ-UPPER-D017-H23-PH03,inequality,17,23,hydro,3,ph_upper_bound,true,16,4710,MW,0,NaN,
20260811_121452_stage_B_2C_4168a6e9,INEQ-LOWER-D017-H23-PH04,inequality,17,23,hydro,4,ph_lower_bound,true,17,4711,MW,0,NaN,
20260811_121452_stage_B_2C_4168a6e9,INEQ-UPPER-D017-H23-PH04,inequality,17,23,hydro,4,ph_upper_bound,true,18,4712,MW,0,NaN,
20260811_121452_stage_B_2C_4168a6e9,INEQ-LOWER-D017-H23-PF01,inequality,17,23,thermal,1,pf_lower_bound,true,19,4713,MW,0,NaN,
20260811_121452_stage_B_2C_4168a6e9,INEQ-UPPER-D017-H23-PF01,inequality,17,23,thermal,1,pf_upper_bound,true,20,4714,MW,0,NaN,
20260811_121452_stage_B_2C_4168a6e9,INEQ-LOWER-D017-H23-PF02,inequality,17,23,thermal,2,pf_lower_bound,true,21,4715,MW,0,NaN,
20260811_121452_stage_B_2C_4168a6e9,INEQ-UPPER-D017-H23-PF02,inequality,17,23,thermal,2,pf_upper_bound,true,22,4716,MW,0,NaN,
20260811_121452_stage_B_2C_4168a6e9,INEQ-LOWER-D017-H23-PF03,inequality,17,23,thermal,3,pf_lower_bound,true,23,4717,MW,0,NaN,
20260811_121452_stage_B_2C_4168a6e9,INEQ-UPPER-D017-H23-PF03,inequality,17,23,thermal,3,pf_upper_bound,true,24,4718,MW,0,NaN,
20260811_121452_stage_B_2C_4168a6e9,INEQ-LOWER-D017-H23-PF04,inequality,17,23,thermal,4,pf_lower_bound,true,25,4719,MW,0,NaN,
20260811_121452_stage_B_2C_4168a6e9,INEQ-UPPER-D017-H23-PF04,inequality,17,23,thermal,4,pf_upper_bound,true,26,4720,MW,0,NaN,
20260811_121452_stage_B_2C_4168a6e9,INEQ-LOWER-D017-H23-Pch01,inequality,17,23,storage,1,pch_lower_bound,true,27,4721,MW,0,NaN,
20260811_121452_stage_B_2C_4168a6e9,INEQ-UPPER-D017-H23-Pch01,inequality,17,23,storage,1,pch_upper_bound,true,28,4722,MW,0,NaN,
20260811_121452_stage_B_2C_4168a6e9,INEQ-LOWER-D017-H23-Pch02,inequality,17,23,storage,2,pch_lower_bound,true,29,4723,MW,0,NaN,
20260811_121452_stage_B_2C_4168a6e9,INEQ-UPPER-D017-H23-Pch02,inequality,17,23,storage,2,pch_upper_bound,true,30,4724,MW,0,NaN,
20260811_121452_stage_B_2C_4168a6e9,INEQ-LOWER-D017-H23-Pdis01,inequality,17,23,storage,1,pdis_lower_bound,true,31,4725,MW,0,NaN,
20260811_121452_stage_B_2C_4168a6e9,INEQ-UPPER-D017-H23-Pdis01,inequality,17,23,storage,1,pdis_upper_bound,true,32,4726,MW,0,NaN,
20260811_121452_stage_B_2C_4168a6e9,INEQ-LOWER-D017-H23-Pdis02,inequality,17,23,storage,2,pdis_lower_bound,true,33,4727,MW,0,NaN,
20260811_121452_stage_B_2C_4168a6e9,INEQ-UPPER-D017-H23-Pdis02,inequality,17,23,storage,2,pdis_upper_bound,true,34,4728,MW,0,NaN,
20260811_121452_stage_B_2C_4168a6e9,INEQ-LOWER-D017-H23-SOC01,inequality,17,23,storage,1,soc_lower_bound,true,35,4729,MWh,0,NaN,
20260811_121452_stage_B_2C_4168a6e9,INEQ-UPPER-D017-H23-SOC01,inequality,17,23,storage,1,soc_upper_bound,true,36,4730,MWh,0,NaN,
20260811_121452_stage_B_2C_4168a6e9,INEQ-LOWER-D017-H23-SOC02,inequality,17,23,storage,2,soc_lower_bound,true,37,4731,MWh,0,NaN,
20260811_121452_stage_B_2C_4168a6e9,INEQ-UPPER-D017-H23-SOC02,inequality,17,23,storage,2,soc_upper_bound,true,38,4732,MWh,0,NaN,
20260811_121452_stage_B_2C_4168a6e9,INEQ-LOWER-D017-H24-PW01,inequality,17,24,wind,1,pw_lower_bound,true,1,4733,MW,0,NaN,
20260811_121452_stage_B_2C_4168a6e9,INEQ-UPPER-D017-H24-PW01,inequality,17,24,wind,1,pw_upper_bound,true,2,4734,MW,0,NaN,
20260811_121452_stage_B_2C_4168a6e9,INEQ-LOWER-D017-H24-PW02,inequality,17,24,wind,2,pw_lower_bound,true,3,4735,MW,0,NaN,
20260811_121452_stage_B_2C_4168a6e9,INEQ-UPPER-D017-H24-PW02,inequality,17,24,wind,2,pw_upper_bound,true,4,4736,MW,0,NaN,
20260811_121452_stage_B_2C_4168a6e9,INEQ-LOWER-D017-H24-PW03,inequality,17,24,wind,3,pw_lower_bound,true,5,4737,MW,0,NaN,
20260811_121452_stage_B_2C_4168a6e9,INEQ-UPPER-D017-H24-PW03,inequality,17,24,wind,3,pw_upper_bound,true,6,4738,MW,0,NaN,
20260811_121452_stage_B_2C_4168a6e9,INEQ-LOWER-D017-H24-PW04,inequality,17,24,wind,4,pw_lower_bound,true,7,4739,MW,0,NaN,
20260811_121452_stage_B_2C_4168a6e9,INEQ-UPPER-D017-H24-PW04,inequality,17,24,wind,4,pw_upper_bound,true,8,4740,MW,0,NaN,
20260811_121452_stage_B_2C_4168a6e9,INEQ-LOWER-D017-H24-PW05,inequality,17,24,wind,5,pw_lower_bound,true,9,4741,MW,0,NaN,
20260811_121452_stage_B_2C_4168a6e9,INEQ-UPPER-D017-H24-PW05,inequality,17,24,wind,5,pw_upper_bound,true,10,4742,MW,0,NaN,
20260811_121452_stage_B_2C_4168a6e9,INEQ-LOWER-D017-H24-PH01,inequality,17,24,hydro,1,ph_lower_bound,true,11,4743,MW,0,NaN,
20260811_121452_stage_B_2C_4168a6e9,INEQ-UPPER-D017-H24-PH01,inequality,17,24,hydro,1,ph_upper_bound,true,12,4744,MW,0,NaN,
20260811_121452_stage_B_2C_4168a6e9,INEQ-LOWER-D017-H24-PH02,inequality,17,24,hydro,2,ph_lower_bound,true,13,4745,MW,0,NaN,
20260811_121452_stage_B_2C_4168a6e9,INEQ-UPPER-D017-H24-PH02,inequality,17,24,hydro,2,ph_upper_bound,true,14,4746,MW,0,NaN,
20260811_121452_stage_B_2C_4168a6e9,INEQ-LOWER-D017-H24-PH03,inequality,17,24,hydro,3,ph_lower_bound,true,15,4747,MW,0,NaN,
20260811_121452_stage_B_2C_4168a6e9,INEQ-UPPER-D017-H24-PH03,inequality,17,24,hydro,3,ph_upper_bound,true,16,4748,MW,0,NaN,
20260811_121452_stage_B_2C_4168a6e9,INEQ-LOWER-D017-H24-PH04,inequality,17,24,hydro,4,ph_lower_bound,true,17,4749,MW,0,NaN,
20260811_121452_stage_B_2C_4168a6e9,INEQ-UPPER-D017-H24-PH04,inequality,17,24,hydro,4,ph_upper_bound,true,18,4750,MW,0,NaN,
20260811_121452_stage_B_2C_4168a6e9,INEQ-LOWER-D017-H24-PF01,inequality,17,24,thermal,1,pf_lower_bound,true,19,4751,MW,0,NaN,
20260811_121452_stage_B_2C_4168a6e9,INEQ-UPPER-D017-H24-PF01,inequality,17,24,thermal,1,pf_upper_bound,true,20,4752,MW,0,NaN,
20260811_121452_stage_B_2C_4168a6e9,INEQ-LOWER-D017-H24-PF02,inequality,17,24,thermal,2,pf_lower_bound,true,21,4753,MW,0,NaN,
20260811_121452_stage_B_2C_4168a6e9,INEQ-UPPER-D017-H24-PF02,inequality,17,24,thermal,2,pf_upper_bound,true,22,4754,MW,0,NaN,
20260811_121452_stage_B_2C_4168a6e9,INEQ-LOWER-D017-H24-PF03,inequality,17,24,thermal,3,pf_lower_bound,true,23,4755,MW,0,NaN,
20260811_121452_stage_B_2C_4168a6e9,INEQ-UPPER-D017-H24-PF03,inequality,17,24,thermal,3,pf_upper_bound,true,24,4756,MW,0,NaN,
20260811_121452_stage_B_2C_4168a6e9,INEQ-LOWER-D017-H24-PF04,inequality,17,24,thermal,4,pf_lower_bound,true,25,4757,MW,0,NaN,
20260811_121452_stage_B_2C_4168a6e9,INEQ-UPPER-D017-H24-PF04,inequality,17,24,thermal,4,pf_upper_bound,true,26,4758,MW,0,NaN,
20260811_121452_stage_B_2C_4168a6e9,INEQ-LOWER-D017-H24-Pch01,inequality,17,24,storage,1,pch_lower_bound,true,27,4759,MW,0,NaN,
20260811_121452_stage_B_2C_4168a6e9,INEQ-UPPER-D017-H24-Pch01,inequality,17,24,storage,1,pch_upper_bound,true,28,4760,MW,0,NaN,
20260811_121452_stage_B_2C_4168a6e9,INEQ-LOWER-D017-H24-Pch02,inequality,17,24,storage,2,pch_lower_bound,true,29,4761,MW,0,NaN,
20260811_121452_stage_B_2C_4168a6e9,INEQ-UPPER-D017-H24-Pch02,inequality,17,24,storage,2,pch_upper_bound,true,30,4762,MW,0,NaN,
20260811_121452_stage_B_2C_4168a6e9,INEQ-LOWER-D017-H24-Pdis01,inequality,17,24,storage,1,pdis_lower_bound,true,31,4763,MW,0,NaN,
20260811_121452_stage_B_2C_4168a6e9,INEQ-UPPER-D017-H24-Pdis01,inequality,17,24,storage,1,pdis_upper_bound,true,32,4764,MW,0,NaN,
20260811_121452_stage_B_2C_4168a6e9,INEQ-LOWER-D017-H24-Pdis02,inequality,17,24,storage,2,pdis_lower_bound,true,33,4765,MW,0,NaN,
20260811_121452_stage_B_2C_4168a6e9,INEQ-UPPER-D017-H24-Pdis02,inequality,17,24,storage,2,pdis_upper_bound,true,34,4766,MW,0,NaN,
20260811_121452_stage_B_2C_4168a6e9,INEQ-LOWER-D017-H24-SOC01,inequality,17,24,storage,1,soc_lower_bound,true,35,4767,MWh,0,NaN,
20260811_121452_stage_B_2C_4168a6e9,INEQ-UPPER-D017-H24-SOC01,inequality,17,24,storage,1,soc_upper_bound,true,36,4768,MWh,0,NaN,
20260811_121452_stage_B_2C_4168a6e9,INEQ-LOWER-D017-H24-SOC02,inequality,17,24,storage,2,soc_lower_bound,true,37,4769,MWh,0,NaN,
20260811_121452_stage_B_2C_4168a6e9,INEQ-UPPER-D017-H24-SOC02,inequality,17,24,storage,2,soc_upper_bound,true,38,4770,MWh,0,NaN,
20260811_121452_stage_B_2C_4168a6e9,INEQ-LOWER-D018-H01-PW01,inequality,18,1,wind,1,pw_lower_bound,true,1,4771,MW,0,NaN,
20260811_121452_stage_B_2C_4168a6e9,INEQ-UPPER-D018-H01-PW01,inequality,18,1,wind,1,pw_upper_bound,true,2,4772,MW,0,NaN,
20260811_121452_stage_B_2C_4168a6e9,INEQ-LOWER-D018-H01-PW02,inequality,18,1,wind,2,pw_lower_bound,true,3,4773,MW,0,NaN,
20260811_121452_stage_B_2C_4168a6e9,INEQ-UPPER-D018-H01-PW02,inequality,18,1,wind,2,pw_upper_bound,true,4,4774,MW,0,NaN,
20260811_121452_stage_B_2C_4168a6e9,INEQ-LOWER-D018-H01-PW03,inequality,18,1,wind,3,pw_lower_bound,true,5,4775,MW,0,NaN,
20260811_121452_stage_B_2C_4168a6e9,INEQ-UPPER-D018-H01-PW03,inequality,18,1,wind,3,pw_upper_bound,true,6,4776,MW,0,NaN,
20260811_121452_stage_B_2C_4168a6e9,INEQ-LOWER-D018-H01-PW04,inequality,18,1,wind,4,pw_lower_bound,true,7,4777,MW,0,NaN,
20260811_121452_stage_B_2C_4168a6e9,INEQ-UPPER-D018-H01-PW04,inequality,18,1,wind,4,pw_upper_bound,true,8,4778,MW,0,NaN,
20260811_121452_stage_B_2C_4168a6e9,INEQ-LOWER-D018-H01-PW05,inequality,18,1,wind,5,pw_lower_bound,true,9,4779,MW,0,NaN,
20260811_121452_stage_B_2C_4168a6e9,INEQ-UPPER-D018-H01-PW05,inequality,18,1,wind,5,pw_upper_bound,true,10,4780,MW,0,NaN,
20260811_121452_stage_B_2C_4168a6e9,INEQ-LOWER-D018-H01-PH01,inequality,18,1,hydro,1,ph_lower_bound,true,11,4781,MW,0,NaN,
20260811_121452_stage_B_2C_4168a6e9,INEQ-UPPER-D018-H01-PH01,inequality,18,1,hydro,1,ph_upper_bound,true,12,4782,MW,0,NaN,
20260811_121452_stage_B_2C_4168a6e9,INEQ-LOWER-D018-H01-PH02,inequality,18,1,hydro,2,ph_lower_bound,true,13,4783,MW,0,NaN,
20260811_121452_stage_B_2C_4168a6e9,INEQ-UPPER-D018-H01-PH02,inequality,18,1,hydro,2,ph_upper_bound,true,14,4784,MW,0,NaN,
20260811_121452_stage_B_2C_4168a6e9,INEQ-LOWER-D018-H01-PH03,inequality,18,1,hydro,3,ph_lower_bound,true,15,4785,MW,0,NaN,
20260811_121452_stage_B_2C_4168a6e9,INEQ-UPPER-D018-H01-PH03,inequality,18,1,hydro,3,ph_upper_bound,true,16,4786,MW,0,NaN,
20260811_121452_stage_B_2C_4168a6e9,INEQ-LOWER-D018-H01-PH04,inequality,18,1,hydro,4,ph_lower_bound,true,17,4787,MW,0,NaN,
20260811_121452_stage_B_2C_4168a6e9,INEQ-UPPER-D018-H01-PH04,inequality,18,1,hydro,4,ph_upper_bound,true,18,4788,MW,0,NaN,
20260811_121452_stage_B_2C_4168a6e9,INEQ-LOWER-D018-H01-PF01,inequality,18,1,thermal,1,pf_lower_bound,true,19,4789,MW,0,NaN,
20260811_121452_stage_B_2C_4168a6e9,INEQ-UPPER-D018-H01-PF01,inequality,18,1,thermal,1,pf_upper_bound,true,20,4790,MW,0,NaN,
20260811_121452_stage_B_2C_4168a6e9,INEQ-LOWER-D018-H01-PF02,inequality,18,1,thermal,2,pf_lower_bound,true,21,4791,MW,0,NaN,
20260811_121452_stage_B_2C_4168a6e9,INEQ-UPPER-D018-H01-PF02,inequality,18,1,thermal,2,pf_upper_bound,true,22,4792,MW,0,NaN,
20260811_121452_stage_B_2C_4168a6e9,INEQ-LOWER-D018-H01-PF03,inequality,18,1,thermal,3,pf_lower_bound,true,23,4793,MW,0,NaN,
20260811_121452_stage_B_2C_4168a6e9,INEQ-UPPER-D018-H01-PF03,inequality,18,1,thermal,3,pf_upper_bound,true,24,4794,MW,0,NaN,
20260811_121452_stage_B_2C_4168a6e9,INEQ-LOWER-D018-H01-PF04,inequality,18,1,thermal,4,pf_lower_bound,true,25,4795,MW,0,NaN,
20260811_121452_stage_B_2C_4168a6e9,INEQ-UPPER-D018-H01-PF04,inequality,18,1,thermal,4,pf_upper_bound,true,26,4796,MW,0,NaN,
20260811_121452_stage_B_2C_4168a6e9,INEQ-LOWER-D018-H01-Pch01,inequality,18,1,storage,1,pch_lower_bound,true,27,4797,MW,0,NaN,
20260811_121452_stage_B_2C_4168a6e9,INEQ-UPPER-D018-H01-Pch01,inequality,18,1,storage,1,pch_upper_bound,true,28,4798,MW,0,NaN,
20260811_121452_stage_B_2C_4168a6e9,INEQ-LOWER-D018-H01-Pch02,inequality,18,1,storage,2,pch_lower_bound,true,29,4799,MW,0,NaN,
20260811_121452_stage_B_2C_4168a6e9,INEQ-UPPER-D018-H01-Pch02,inequality,18,1,storage,2,pch_upper_bound,true,30,4800,MW,0,NaN,
20260811_121452_stage_B_2C_4168a6e9,INEQ-LOWER-D018-H01-Pdis01,inequality,18,1,storage,1,pdis_lower_bound,true,31,4801,MW,0,NaN,
20260811_121452_stage_B_2C_4168a6e9,INEQ-UPPER-D018-H01-Pdis01,inequality,18,1,storage,1,pdis_upper_bound,true,32,4802,MW,0,NaN,
20260811_121452_stage_B_2C_4168a6e9,INEQ-LOWER-D018-H01-Pdis02,inequality,18,1,storage,2,pdis_lower_bound,true,33,4803,MW,0,NaN,
20260811_121452_stage_B_2C_4168a6e9,INEQ-UPPER-D018-H01-Pdis02,inequality,18,1,storage,2,pdis_upper_bound,true,34,4804,MW,0,NaN,
20260811_121452_stage_B_2C_4168a6e9,INEQ-LOWER-D018-H01-SOC01,inequality,18,1,storage,1,soc_lower_bound,true,35,4805,MWh,0,NaN,
20260811_121452_stage_B_2C_4168a6e9,INEQ-UPPER-D018-H01-SOC01,inequality,18,1,storage,1,soc_upper_bound,true,36,4806,MWh,0,NaN,
20260811_121452_stage_B_2C_4168a6e9,INEQ-LOWER-D018-H01-SOC02,inequality,18,1,storage,2,soc_lower_bound,true,37,4807,MWh,0,NaN,
20260811_121452_stage_B_2C_4168a6e9,INEQ-UPPER-D018-H01-SOC02,inequality,18,1,storage,2,soc_upper_bound,true,38,4808,MWh,0,NaN,
20260811_121452_stage_B_2C_4168a6e9,INEQ-LOWER-D018-H02-PW01,inequality,18,2,wind,1,pw_lower_bound,true,1,4809,MW,0,NaN,
20260811_121452_stage_B_2C_4168a6e9,INEQ-UPPER-D018-H02-PW01,inequality,18,2,wind,1,pw_upper_bound,true,2,4810,MW,0,NaN,
20260811_121452_stage_B_2C_4168a6e9,INEQ-LOWER-D018-H02-PW02,inequality,18,2,wind,2,pw_lower_bound,true,3,4811,MW,0,NaN,
20260811_121452_stage_B_2C_4168a6e9,INEQ-UPPER-D018-H02-PW02,inequality,18,2,wind,2,pw_upper_bound,true,4,4812,MW,0,NaN,
20260811_121452_stage_B_2C_4168a6e9,INEQ-LOWER-D018-H02-PW03,inequality,18,2,wind,3,pw_lower_bound,true,5,4813,MW,0,NaN,
20260811_121452_stage_B_2C_4168a6e9,INEQ-UPPER-D018-H02-PW03,inequality,18,2,wind,3,pw_upper_bound,true,6,4814,MW,0,NaN,
20260811_121452_stage_B_2C_4168a6e9,INEQ-LOWER-D018-H02-PW04,inequality,18,2,wind,4,pw_lower_bound,true,7,4815,MW,0,NaN,
20260811_121452_stage_B_2C_4168a6e9,INEQ-UPPER-D018-H02-PW04,inequality,18,2,wind,4,pw_upper_bound,true,8,4816,MW,0,NaN,
20260811_121452_stage_B_2C_4168a6e9,INEQ-LOWER-D018-H02-PW05,inequality,18,2,wind,5,pw_lower_bound,true,9,4817,MW,0,NaN,
20260811_121452_stage_B_2C_4168a6e9,INEQ-UPPER-D018-H02-PW05,inequality,18,2,wind,5,pw_upper_bound,true,10,4818,MW,0,NaN,
20260811_121452_stage_B_2C_4168a6e9,INEQ-LOWER-D018-H02-PH01,inequality,18,2,hydro,1,ph_lower_bound,true,11,4819,MW,0,NaN,
20260811_121452_stage_B_2C_4168a6e9,INEQ-UPPER-D018-H02-PH01,inequality,18,2,hydro,1,ph_upper_bound,true,12,4820,MW,0,NaN,
20260811_121452_stage_B_2C_4168a6e9,INEQ-LOWER-D018-H02-PH02,inequality,18,2,hydro,2,ph_lower_bound,true,13,4821,MW,0,NaN,
20260811_121452_stage_B_2C_4168a6e9,INEQ-UPPER-D018-H02-PH02,inequality,18,2,hydro,2,ph_upper_bound,true,14,4822,MW,0,NaN,
20260811_121452_stage_B_2C_4168a6e9,INEQ-LOWER-D018-H02-PH03,inequality,18,2,hydro,3,ph_lower_bound,true,15,4823,MW,0,NaN,
20260811_121452_stage_B_2C_4168a6e9,INEQ-UPPER-D018-H02-PH03,inequality,18,2,hydro,3,ph_upper_bound,true,16,4824,MW,0,NaN,
20260811_121452_stage_B_2C_4168a6e9,INEQ-LOWER-D018-H02-PH04,inequality,18,2,hydro,4,ph_lower_bound,true,17,4825,MW,0,NaN,
20260811_121452_stage_B_2C_4168a6e9,INEQ-UPPER-D018-H02-PH04,inequality,18,2,hydro,4,ph_upper_bound,true,18,4826,MW,0,NaN,
20260811_121452_stage_B_2C_4168a6e9,INEQ-LOWER-D018-H02-PF01,inequality,18,2,thermal,1,pf_lower_bound,true,19,4827,MW,0,NaN,
20260811_121452_stage_B_2C_4168a6e9,INEQ-UPPER-D018-H02-PF01,inequality,18,2,thermal,1,pf_upper_bound,true,20,4828,MW,0,NaN,
20260811_121452_stage_B_2C_4168a6e9,INEQ-LOWER-D018-H02-PF02,inequality,18,2,thermal,2,pf_lower_bound,true,21,4829,MW,0,NaN,
20260811_121452_stage_B_2C_4168a6e9,INEQ-UPPER-D018-H02-PF02,inequality,18,2,thermal,2,pf_upper_bound,true,22,4830,MW,0,NaN,
20260811_121452_stage_B_2C_4168a6e9,INEQ-LOWER-D018-H02-PF03,inequality,18,2,thermal,3,pf_lower_bound,true,23,4831,MW,0,NaN,
20260811_121452_stage_B_2C_4168a6e9,INEQ-UPPER-D018-H02-PF03,inequality,18,2,thermal,3,pf_upper_bound,true,24,4832,MW,0,NaN,
20260811_121452_stage_B_2C_4168a6e9,INEQ-LOWER-D018-H02-PF04,inequality,18,2,thermal,4,pf_lower_bound,true,25,4833,MW,0,NaN,
20260811_121452_stage_B_2C_4168a6e9,INEQ-UPPER-D018-H02-PF04,inequality,18,2,thermal,4,pf_upper_bound,true,26,4834,MW,0,NaN,
20260811_121452_stage_B_2C_4168a6e9,INEQ-LOWER-D018-H02-Pch01,inequality,18,2,storage,1,pch_lower_bound,true,27,4835,MW,0,NaN,
20260811_121452_stage_B_2C_4168a6e9,INEQ-UPPER-D018-H02-Pch01,inequality,18,2,storage,1,pch_upper_bound,true,28,4836,MW,0,NaN,
20260811_121452_stage_B_2C_4168a6e9,INEQ-LOWER-D018-H02-Pch02,inequality,18,2,storage,2,pch_lower_bound,true,29,4837,MW,0,NaN,
20260811_121452_stage_B_2C_4168a6e9,INEQ-UPPER-D018-H02-Pch02,inequality,18,2,storage,2,pch_upper_bound,true,30,4838,MW,0,NaN,
20260811_121452_stage_B_2C_4168a6e9,INEQ-LOWER-D018-H02-Pdis01,inequality,18,2,storage,1,pdis_lower_bound,true,31,4839,MW,0,NaN,
20260811_121452_stage_B_2C_4168a6e9,INEQ-UPPER-D018-H02-Pdis01,inequality,18,2,storage,1,pdis_upper_bound,true,32,4840,MW,0,NaN,
20260811_121452_stage_B_2C_4168a6e9,INEQ-LOWER-D018-H02-Pdis02,inequality,18,2,storage,2,pdis_lower_bound,true,33,4841,MW,0,NaN,
20260811_121452_stage_B_2C_4168a6e9,INEQ-UPPER-D018-H02-Pdis02,inequality,18,2,storage,2,pdis_upper_bound,true,34,4842,MW,0,NaN,
20260811_121452_stage_B_2C_4168a6e9,INEQ-LOWER-D018-H02-SOC01,inequality,18,2,storage,1,soc_lower_bound,true,35,4843,MWh,0,NaN,
20260811_121452_stage_B_2C_4168a6e9,INEQ-UPPER-D018-H02-SOC01,inequality,18,2,storage,1,soc_upper_bound,true,36,4844,MWh,0,NaN,
20260811_121452_stage_B_2C_4168a6e9,INEQ-LOWER-D018-H02-SOC02,inequality,18,2,storage,2,soc_lower_bound,true,37,4845,MWh,0,NaN,
20260811_121452_stage_B_2C_4168a6e9,INEQ-UPPER-D018-H02-SOC02,inequality,18,2,storage,2,soc_upper_bound,true,38,4846,MWh,0,NaN,
20260811_121452_stage_B_2C_4168a6e9,INEQ-LOWER-D018-H03-PW01,inequality,18,3,wind,1,pw_lower_bound,true,1,4847,MW,0,NaN,
20260811_121452_stage_B_2C_4168a6e9,INEQ-UPPER-D018-H03-PW01,inequality,18,3,wind,1,pw_upper_bound,true,2,4848,MW,0,NaN,
20260811_121452_stage_B_2C_4168a6e9,INEQ-LOWER-D018-H03-PW02,inequality,18,3,wind,2,pw_lower_bound,true,3,4849,MW,0,NaN,
20260811_121452_stage_B_2C_4168a6e9,INEQ-UPPER-D018-H03-PW02,inequality,18,3,wind,2,pw_upper_bound,true,4,4850,MW,0,NaN,
20260811_121452_stage_B_2C_4168a6e9,INEQ-LOWER-D018-H03-PW03,inequality,18,3,wind,3,pw_lower_bound,true,5,4851,MW,0,NaN,
20260811_121452_stage_B_2C_4168a6e9,INEQ-UPPER-D018-H03-PW03,inequality,18,3,wind,3,pw_upper_bound,true,6,4852,MW,0,NaN,
20260811_121452_stage_B_2C_4168a6e9,INEQ-LOWER-D018-H03-PW04,inequality,18,3,wind,4,pw_lower_bound,true,7,4853,MW,0,NaN,
20260811_121452_stage_B_2C_4168a6e9,INEQ-UPPER-D018-H03-PW04,inequality,18,3,wind,4,pw_upper_bound,true,8,4854,MW,0,NaN,
20260811_121452_stage_B_2C_4168a6e9,INEQ-LOWER-D018-H03-PW05,inequality,18,3,wind,5,pw_lower_bound,true,9,4855,MW,0,NaN,
20260811_121452_stage_B_2C_4168a6e9,INEQ-UPPER-D018-H03-PW05,inequality,18,3,wind,5,pw_upper_bound,true,10,4856,MW,0,NaN,
20260811_121452_stage_B_2C_4168a6e9,INEQ-LOWER-D018-H03-PH01,inequality,18,3,hydro,1,ph_lower_bound,true,11,4857,MW,0,NaN,
20260811_121452_stage_B_2C_4168a6e9,INEQ-UPPER-D018-H03-PH01,inequality,18,3,hydro,1,ph_upper_bound,true,12,4858,MW,0,NaN,
20260811_121452_stage_B_2C_4168a6e9,INEQ-LOWER-D018-H03-PH02,inequality,18,3,hydro,2,ph_lower_bound,true,13,4859,MW,0,NaN,
20260811_121452_stage_B_2C_4168a6e9,INEQ-UPPER-D018-H03-PH02,inequality,18,3,hydro,2,ph_upper_bound,true,14,4860,MW,0,NaN,
20260811_121452_stage_B_2C_4168a6e9,INEQ-LOWER-D018-H03-PH03,inequality,18,3,hydro,3,ph_lower_bound,true,15,4861,MW,0,NaN,
20260811_121452_stage_B_2C_4168a6e9,INEQ-UPPER-D018-H03-PH03,inequality,18,3,hydro,3,ph_upper_bound,true,16,4862,MW,0,NaN,
20260811_121452_stage_B_2C_4168a6e9,INEQ-LOWER-D018-H03-PH04,inequality,18,3,hydro,4,ph_lower_bound,true,17,4863,MW,0,NaN,
20260811_121452_stage_B_2C_4168a6e9,INEQ-UPPER-D018-H03-PH04,inequality,18,3,hydro,4,ph_upper_bound,true,18,4864,MW,0,NaN,
20260811_121452_stage_B_2C_4168a6e9,INEQ-LOWER-D018-H03-PF01,inequality,18,3,thermal,1,pf_lower_bound,true,19,4865,MW,0,NaN,
20260811_121452_stage_B_2C_4168a6e9,INEQ-UPPER-D018-H03-PF01,inequality,18,3,thermal,1,pf_upper_bound,true,20,4866,MW,0,NaN,
20260811_121452_stage_B_2C_4168a6e9,INEQ-LOWER-D018-H03-PF02,inequality,18,3,thermal,2,pf_lower_bound,true,21,4867,MW,0,NaN,
20260811_121452_stage_B_2C_4168a6e9,INEQ-UPPER-D018-H03-PF02,inequality,18,3,thermal,2,pf_upper_bound,true,22,4868,MW,0,NaN,
20260811_121452_stage_B_2C_4168a6e9,INEQ-LOWER-D018-H03-PF03,inequality,18,3,thermal,3,pf_lower_bound,true,23,4869,MW,0,NaN,
20260811_121452_stage_B_2C_4168a6e9,INEQ-UPPER-D018-H03-PF03,inequality,18,3,thermal,3,pf_upper_bound,true,24,4870,MW,0,NaN,
20260811_121452_stage_B_2C_4168a6e9,INEQ-LOWER-D018-H03-PF04,inequality,18,3,thermal,4,pf_lower_bound,true,25,4871,MW,0,NaN,
20260811_121452_stage_B_2C_4168a6e9,INEQ-UPPER-D018-H03-PF04,inequality,18,3,thermal,4,pf_upper_bound,true,26,4872,MW,0,NaN,
20260811_121452_stage_B_2C_4168a6e9,INEQ-LOWER-D018-H03-Pch01,inequality,18,3,storage,1,pch_lower_bound,true,27,4873,MW,0,NaN,
20260811_121452_stage_B_2C_4168a6e9,INEQ-UPPER-D018-H03-Pch01,inequality,18,3,storage,1,pch_upper_bound,true,28,4874,MW,0,NaN,
20260811_121452_stage_B_2C_4168a6e9,INEQ-LOWER-D018-H03-Pch02,inequality,18,3,storage,2,pch_lower_bound,true,29,4875,MW,0,NaN,
20260811_121452_stage_B_2C_4168a6e9,INEQ-UPPER-D018-H03-Pch02,inequality,18,3,storage,2,pch_upper_bound,true,30,4876,MW,0,NaN,
20260811_121452_stage_B_2C_4168a6e9,INEQ-LOWER-D018-H03-Pdis01,inequality,18,3,storage,1,pdis_lower_bound,true,31,4877,MW,0,NaN,
20260811_121452_stage_B_2C_4168a6e9,INEQ-UPPER-D018-H03-Pdis01,inequality,18,3,storage,1,pdis_upper_bound,true,32,4878,MW,0,NaN,
20260811_121452_stage_B_2C_4168a6e9,INEQ-LOWER-D018-H03-Pdis02,inequality,18,3,storage,2,pdis_lower_bound,true,33,4879,MW,0,NaN,
20260811_121452_stage_B_2C_4168a6e9,INEQ-UPPER-D018-H03-Pdis02,inequality,18,3,storage,2,pdis_upper_bound,true,34,4880,MW,0,NaN,
20260811_121452_stage_B_2C_4168a6e9,INEQ-LOWER-D018-H03-SOC01,inequality,18,3,storage,1,soc_lower_bound,true,35,4881,MWh,0,NaN,
20260811_121452_stage_B_2C_4168a6e9,INEQ-UPPER-D018-H03-SOC01,inequality,18,3,storage,1,soc_upper_bound,true,36,4882,MWh,0,NaN,
20260811_121452_stage_B_2C_4168a6e9,INEQ-LOWER-D018-H03-SOC02,inequality,18,3,storage,2,soc_lower_bound,true,37,4883,MWh,0,NaN,
20260811_121452_stage_B_2C_4168a6e9,INEQ-UPPER-D018-H03-SOC02,inequality,18,3,storage,2,soc_upper_bound,true,38,4884,MWh,0,NaN,
20260811_121452_stage_B_2C_4168a6e9,INEQ-LOWER-D018-H04-PW01,inequality,18,4,wind,1,pw_lower_bound,true,1,4885,MW,0,NaN,
20260811_121452_stage_B_2C_4168a6e9,INEQ-UPPER-D018-H04-PW01,inequality,18,4,wind,1,pw_upper_bound,true,2,4886,MW,0,NaN,
20260811_121452_stage_B_2C_4168a6e9,INEQ-LOWER-D018-H04-PW02,inequality,18,4,wind,2,pw_lower_bound,true,3,4887,MW,0,NaN,
20260811_121452_stage_B_2C_4168a6e9,INEQ-UPPER-D018-H04-PW02,inequality,18,4,wind,2,pw_upper_bound,true,4,4888,MW,0,NaN,
20260811_121452_stage_B_2C_4168a6e9,INEQ-LOWER-D018-H04-PW03,inequality,18,4,wind,3,pw_lower_bound,true,5,4889,MW,0,NaN,
20260811_121452_stage_B_2C_4168a6e9,INEQ-UPPER-D018-H04-PW03,inequality,18,4,wind,3,pw_upper_bound,true,6,4890,MW,0,NaN,
20260811_121452_stage_B_2C_4168a6e9,INEQ-LOWER-D018-H04-PW04,inequality,18,4,wind,4,pw_lower_bound,true,7,4891,MW,0,NaN,
20260811_121452_stage_B_2C_4168a6e9,INEQ-UPPER-D018-H04-PW04,inequality,18,4,wind,4,pw_upper_bound,true,8,4892,MW,0,NaN,
20260811_121452_stage_B_2C_4168a6e9,INEQ-LOWER-D018-H04-PW05,inequality,18,4,wind,5,pw_lower_bound,true,9,4893,MW,0,NaN,
20260811_121452_stage_B_2C_4168a6e9,INEQ-UPPER-D018-H04-PW05,inequality,18,4,wind,5,pw_upper_bound,true,10,4894,MW,0,NaN,
20260811_121452_stage_B_2C_4168a6e9,INEQ-LOWER-D018-H04-PH01,inequality,18,4,hydro,1,ph_lower_bound,true,11,4895,MW,0,NaN,
20260811_121452_stage_B_2C_4168a6e9,INEQ-UPPER-D018-H04-PH01,inequality,18,4,hydro,1,ph_upper_bound,true,12,4896,MW,0,NaN,
20260811_121452_stage_B_2C_4168a6e9,INEQ-LOWER-D018-H04-PH02,inequality,18,4,hydro,2,ph_lower_bound,true,13,4897,MW,0,NaN,
20260811_121452_stage_B_2C_4168a6e9,INEQ-UPPER-D018-H04-PH02,inequality,18,4,hydro,2,ph_upper_bound,true,14,4898,MW,0,NaN,
20260811_121452_stage_B_2C_4168a6e9,INEQ-LOWER-D018-H04-PH03,inequality,18,4,hydro,3,ph_lower_bound,true,15,4899,MW,0,NaN,
20260811_121452_stage_B_2C_4168a6e9,INEQ-UPPER-D018-H04-PH03,inequality,18,4,hydro,3,ph_upper_bound,true,16,4900,MW,0,NaN,
20260811_121452_stage_B_2C_4168a6e9,INEQ-LOWER-D018-H04-PH04,inequality,18,4,hydro,4,ph_lower_bound,true,17,4901,MW,0,NaN,
20260811_121452_stage_B_2C_4168a6e9,INEQ-UPPER-D018-H04-PH04,inequality,18,4,hydro,4,ph_upper_bound,true,18,4902,MW,0,NaN,
20260811_121452_stage_B_2C_4168a6e9,INEQ-LOWER-D018-H04-PF01,inequality,18,4,thermal,1,pf_lower_bound,true,19,4903,MW,0,NaN,
20260811_121452_stage_B_2C_4168a6e9,INEQ-UPPER-D018-H04-PF01,inequality,18,4,thermal,1,pf_upper_bound,true,20,4904,MW,0,NaN,
20260811_121452_stage_B_2C_4168a6e9,INEQ-LOWER-D018-H04-PF02,inequality,18,4,thermal,2,pf_lower_bound,true,21,4905,MW,0,NaN,
20260811_121452_stage_B_2C_4168a6e9,INEQ-UPPER-D018-H04-PF02,inequality,18,4,thermal,2,pf_upper_bound,true,22,4906,MW,0,NaN,
20260811_121452_stage_B_2C_4168a6e9,INEQ-LOWER-D018-H04-PF03,inequality,18,4,thermal,3,pf_lower_bound,true,23,4907,MW,0,NaN,
20260811_121452_stage_B_2C_4168a6e9,INEQ-UPPER-D018-H04-PF03,inequality,18,4,thermal,3,pf_upper_bound,true,24,4908,MW,0,NaN,
20260811_121452_stage_B_2C_4168a6e9,INEQ-LOWER-D018-H04-PF04,inequality,18,4,thermal,4,pf_lower_bound,true,25,4909,MW,0,NaN,
20260811_121452_stage_B_2C_4168a6e9,INEQ-UPPER-D018-H04-PF04,inequality,18,4,thermal,4,pf_upper_bound,true,26,4910,MW,0,NaN,
20260811_121452_stage_B_2C_4168a6e9,INEQ-LOWER-D018-H04-Pch01,inequality,18,4,storage,1,pch_lower_bound,true,27,4911,MW,0,NaN,
20260811_121452_stage_B_2C_4168a6e9,INEQ-UPPER-D018-H04-Pch01,inequality,18,4,storage,1,pch_upper_bound,true,28,4912,MW,0,NaN,
20260811_121452_stage_B_2C_4168a6e9,INEQ-LOWER-D018-H04-Pch02,inequality,18,4,storage,2,pch_lower_bound,true,29,4913,MW,0,NaN,
20260811_121452_stage_B_2C_4168a6e9,INEQ-UPPER-D018-H04-Pch02,inequality,18,4,storage,2,pch_upper_bound,true,30,4914,MW,0,NaN,
20260811_121452_stage_B_2C_4168a6e9,INEQ-LOWER-D018-H04-Pdis01,inequality,18,4,storage,1,pdis_lower_bound,true,31,4915,MW,0,NaN,
20260811_121452_stage_B_2C_4168a6e9,INEQ-UPPER-D018-H04-Pdis01,inequality,18,4,storage,1,pdis_upper_bound,true,32,4916,MW,0,NaN,
20260811_121452_stage_B_2C_4168a6e9,INEQ-LOWER-D018-H04-Pdis02,inequality,18,4,storage,2,pdis_lower_bound,true,33,4917,MW,0,NaN,
20260811_121452_stage_B_2C_4168a6e9,INEQ-UPPER-D018-H04-Pdis02,inequality,18,4,storage,2,pdis_upper_bound,true,34,4918,MW,0,NaN,
20260811_121452_stage_B_2C_4168a6e9,INEQ-LOWER-D018-H04-SOC01,inequality,18,4,storage,1,soc_lower_bound,true,35,4919,MWh,0,NaN,
20260811_121452_stage_B_2C_4168a6e9,INEQ-UPPER-D018-H04-SOC01,inequality,18,4,storage,1,soc_upper_bound,true,36,4920,MWh,0,NaN,
20260811_121452_stage_B_2C_4168a6e9,INEQ-LOWER-D018-H04-SOC02,inequality,18,4,storage,2,soc_lower_bound,true,37,4921,MWh,0,NaN,
20260811_121452_stage_B_2C_4168a6e9,INEQ-UPPER-D018-H04-SOC02,inequality,18,4,storage,2,soc_upper_bound,true,38,4922,MWh,0,NaN,
20260811_121452_stage_B_2C_4168a6e9,INEQ-LOWER-D018-H05-PW01,inequality,18,5,wind,1,pw_lower_bound,true,1,4923,MW,0,NaN,
20260811_121452_stage_B_2C_4168a6e9,INEQ-UPPER-D018-H05-PW01,inequality,18,5,wind,1,pw_upper_bound,true,2,4924,MW,0,NaN,
20260811_121452_stage_B_2C_4168a6e9,INEQ-LOWER-D018-H05-PW02,inequality,18,5,wind,2,pw_lower_bound,true,3,4925,MW,0,NaN,
20260811_121452_stage_B_2C_4168a6e9,INEQ-UPPER-D018-H05-PW02,inequality,18,5,wind,2,pw_upper_bound,true,4,4926,MW,0,NaN,
20260811_121452_stage_B_2C_4168a6e9,INEQ-LOWER-D018-H05-PW03,inequality,18,5,wind,3,pw_lower_bound,true,5,4927,MW,0,NaN,
20260811_121452_stage_B_2C_4168a6e9,INEQ-UPPER-D018-H05-PW03,inequality,18,5,wind,3,pw_upper_bound,true,6,4928,MW,0,NaN,
20260811_121452_stage_B_2C_4168a6e9,INEQ-LOWER-D018-H05-PW04,inequality,18,5,wind,4,pw_lower_bound,true,7,4929,MW,0,NaN,
20260811_121452_stage_B_2C_4168a6e9,INEQ-UPPER-D018-H05-PW04,inequality,18,5,wind,4,pw_upper_bound,true,8,4930,MW,0,NaN,
20260811_121452_stage_B_2C_4168a6e9,INEQ-LOWER-D018-H05-PW05,inequality,18,5,wind,5,pw_lower_bound,true,9,4931,MW,0,NaN,
20260811_121452_stage_B_2C_4168a6e9,INEQ-UPPER-D018-H05-PW05,inequality,18,5,wind,5,pw_upper_bound,true,10,4932,MW,0,NaN,
20260811_121452_stage_B_2C_4168a6e9,INEQ-LOWER-D018-H05-PH01,inequality,18,5,hydro,1,ph_lower_bound,true,11,4933,MW,0,NaN,
20260811_121452_stage_B_2C_4168a6e9,INEQ-UPPER-D018-H05-PH01,inequality,18,5,hydro,1,ph_upper_bound,true,12,4934,MW,0,NaN,
20260811_121452_stage_B_2C_4168a6e9,INEQ-LOWER-D018-H05-PH02,inequality,18,5,hydro,2,ph_lower_bound,true,13,4935,MW,0,NaN,
20260811_121452_stage_B_2C_4168a6e9,INEQ-UPPER-D018-H05-PH02,inequality,18,5,hydro,2,ph_upper_bound,true,14,4936,MW,0,NaN,
20260811_121452_stage_B_2C_4168a6e9,INEQ-LOWER-D018-H05-PH03,inequality,18,5,hydro,3,ph_lower_bound,true,15,4937,MW,0,NaN,
20260811_121452_stage_B_2C_4168a6e9,INEQ-UPPER-D018-H05-PH03,inequality,18,5,hydro,3,ph_upper_bound,true,16,4938,MW,0,NaN,
20260811_121452_stage_B_2C_4168a6e9,INEQ-LOWER-D018-H05-PH04,inequality,18,5,hydro,4,ph_lower_bound,true,17,4939,MW,0,NaN,
20260811_121452_stage_B_2C_4168a6e9,INEQ-UPPER-D018-H05-PH04,inequality,18,5,hydro,4,ph_upper_bound,true,18,4940,MW,0,NaN,
20260811_121452_stage_B_2C_4168a6e9,INEQ-LOWER-D018-H05-PF01,inequality,18,5,thermal,1,pf_lower_bound,true,19,4941,MW,0,NaN,
20260811_121452_stage_B_2C_4168a6e9,INEQ-UPPER-D018-H05-PF01,inequality,18,5,thermal,1,pf_upper_bound,true,20,4942,MW,0,NaN,
20260811_121452_stage_B_2C_4168a6e9,INEQ-LOWER-D018-H05-PF02,inequality,18,5,thermal,2,pf_lower_bound,true,21,4943,MW,0,NaN,
20260811_121452_stage_B_2C_4168a6e9,INEQ-UPPER-D018-H05-PF02,inequality,18,5,thermal,2,pf_upper_bound,true,22,4944,MW,0,NaN,
20260811_121452_stage_B_2C_4168a6e9,INEQ-LOWER-D018-H05-PF03,inequality,18,5,thermal,3,pf_lower_bound,true,23,4945,MW,0,NaN,
20260811_121452_stage_B_2C_4168a6e9,INEQ-UPPER-D018-H05-PF03,inequality,18,5,thermal,3,pf_upper_bound,true,24,4946,MW,0,NaN,
20260811_121452_stage_B_2C_4168a6e9,INEQ-LOWER-D018-H05-PF04,inequality,18,5,thermal,4,pf_lower_bound,true,25,4947,MW,0,NaN,
20260811_121452_stage_B_2C_4168a6e9,INEQ-UPPER-D018-H05-PF04,inequality,18,5,thermal,4,pf_upper_bound,true,26,4948,MW,0,NaN,
20260811_121452_stage_B_2C_4168a6e9,INEQ-LOWER-D018-H05-Pch01,inequality,18,5,storage,1,pch_lower_bound,true,27,4949,MW,0,NaN,
20260811_121452_stage_B_2C_4168a6e9,INEQ-UPPER-D018-H05-Pch01,inequality,18,5,storage,1,pch_upper_bound,true,28,4950,MW,0,NaN,
20260811_121452_stage_B_2C_4168a6e9,INEQ-LOWER-D018-H05-Pch02,inequality,18,5,storage,2,pch_lower_bound,true,29,4951,MW,0,NaN,
20260811_121452_stage_B_2C_4168a6e9,INEQ-UPPER-D018-H05-Pch02,inequality,18,5,storage,2,pch_upper_bound,true,30,4952,MW,0,NaN,
20260811_121452_stage_B_2C_4168a6e9,INEQ-LOWER-D018-H05-Pdis01,inequality,18,5,storage,1,pdis_lower_bound,true,31,4953,MW,0,NaN,
20260811_121452_stage_B_2C_4168a6e9,INEQ-UPPER-D018-H05-Pdis01,inequality,18,5,storage,1,pdis_upper_bound,true,32,4954,MW,0,NaN,
20260811_121452_stage_B_2C_4168a6e9,INEQ-LOWER-D018-H05-Pdis02,inequality,18,5,storage,2,pdis_lower_bound,true,33,4955,MW,0,NaN,
20260811_121452_stage_B_2C_4168a6e9,INEQ-UPPER-D018-H05-Pdis02,inequality,18,5,storage,2,pdis_upper_bound,true,34,4956,MW,0,NaN,
20260811_121452_stage_B_2C_4168a6e9,INEQ-LOWER-D018-H05-SOC01,inequality,18,5,storage,1,soc_lower_bound,true,35,4957,MWh,0,NaN,
20260811_121452_stage_B_2C_4168a6e9,INEQ-UPPER-D018-H05-SOC01,inequality,18,5,storage,1,soc_upper_bound,true,36,4958,MWh,0,NaN,
20260811_121452_stage_B_2C_4168a6e9,INEQ-LOWER-D018-H05-SOC02,inequality,18,5,storage,2,soc_lower_bound,true,37,4959,MWh,0,NaN,
20260811_121452_stage_B_2C_4168a6e9,INEQ-UPPER-D018-H05-SOC02,inequality,18,5,storage,2,soc_upper_bound,true,38,4960,MWh,0,NaN,
20260811_121452_stage_B_2C_4168a6e9,INEQ-LOWER-D018-H06-PW01,inequality,18,6,wind,1,pw_lower_bound,true,1,4961,MW,0,NaN,
20260811_121452_stage_B_2C_4168a6e9,INEQ-UPPER-D018-H06-PW01,inequality,18,6,wind,1,pw_upper_bound,true,2,4962,MW,0,NaN,
20260811_121452_stage_B_2C_4168a6e9,INEQ-LOWER-D018-H06-PW02,inequality,18,6,wind,2,pw_lower_bound,true,3,4963,MW,0,NaN,
20260811_121452_stage_B_2C_4168a6e9,INEQ-UPPER-D018-H06-PW02,inequality,18,6,wind,2,pw_upper_bound,true,4,4964,MW,0,NaN,
20260811_121452_stage_B_2C_4168a6e9,INEQ-LOWER-D018-H06-PW03,inequality,18,6,wind,3,pw_lower_bound,true,5,4965,MW,0,NaN,
20260811_121452_stage_B_2C_4168a6e9,INEQ-UPPER-D018-H06-PW03,inequality,18,6,wind,3,pw_upper_bound,true,6,4966,MW,0,NaN,
20260811_121452_stage_B_2C_4168a6e9,INEQ-LOWER-D018-H06-PW04,inequality,18,6,wind,4,pw_lower_bound,true,7,4967,MW,0,NaN,
20260811_121452_stage_B_2C_4168a6e9,INEQ-UPPER-D018-H06-PW04,inequality,18,6,wind,4,pw_upper_bound,true,8,4968,MW,0,NaN,
20260811_121452_stage_B_2C_4168a6e9,INEQ-LOWER-D018-H06-PW05,inequality,18,6,wind,5,pw_lower_bound,true,9,4969,MW,0,NaN,
20260811_121452_stage_B_2C_4168a6e9,INEQ-UPPER-D018-H06-PW05,inequality,18,6,wind,5,pw_upper_bound,true,10,4970,MW,0,NaN,
20260811_121452_stage_B_2C_4168a6e9,INEQ-LOWER-D018-H06-PH01,inequality,18,6,hydro,1,ph_lower_bound,true,11,4971,MW,0,NaN,
20260811_121452_stage_B_2C_4168a6e9,INEQ-UPPER-D018-H06-PH01,inequality,18,6,hydro,1,ph_upper_bound,true,12,4972,MW,0,NaN,
20260811_121452_stage_B_2C_4168a6e9,INEQ-LOWER-D018-H06-PH02,inequality,18,6,hydro,2,ph_lower_bound,true,13,4973,MW,0,NaN,
20260811_121452_stage_B_2C_4168a6e9,INEQ-UPPER-D018-H06-PH02,inequality,18,6,hydro,2,ph_upper_bound,true,14,4974,MW,0,NaN,
20260811_121452_stage_B_2C_4168a6e9,INEQ-LOWER-D018-H06-PH03,inequality,18,6,hydro,3,ph_lower_bound,true,15,4975,MW,0,NaN,
20260811_121452_stage_B_2C_4168a6e9,INEQ-UPPER-D018-H06-PH03,inequality,18,6,hydro,3,ph_upper_bound,true,16,4976,MW,0,NaN,
20260811_121452_stage_B_2C_4168a6e9,INEQ-LOWER-D018-H06-PH04,inequality,18,6,hydro,4,ph_lower_bound,true,17,4977,MW,0,NaN,
20260811_121452_stage_B_2C_4168a6e9,INEQ-UPPER-D018-H06-PH04,inequality,18,6,hydro,4,ph_upper_bound,true,18,4978,MW,0,NaN,
20260811_121452_stage_B_2C_4168a6e9,INEQ-LOWER-D018-H06-PF01,inequality,18,6,thermal,1,pf_lower_bound,true,19,4979,MW,0,NaN,
20260811_121452_stage_B_2C_4168a6e9,INEQ-UPPER-D018-H06-PF01,inequality,18,6,thermal,1,pf_upper_bound,true,20,4980,MW,0,NaN,
20260811_121452_stage_B_2C_4168a6e9,INEQ-LOWER-D018-H06-PF02,inequality,18,6,thermal,2,pf_lower_bound,true,21,4981,MW,0,NaN,
20260811_121452_stage_B_2C_4168a6e9,INEQ-UPPER-D018-H06-PF02,inequality,18,6,thermal,2,pf_upper_bound,true,22,4982,MW,0,NaN,
20260811_121452_stage_B_2C_4168a6e9,INEQ-LOWER-D018-H06-PF03,inequality,18,6,thermal,3,pf_lower_bound,true,23,4983,MW,0,NaN,
20260811_121452_stage_B_2C_4168a6e9,INEQ-UPPER-D018-H06-PF03,inequality,18,6,thermal,3,pf_upper_bound,true,24,4984,MW,0,NaN,
20260811_121452_stage_B_2C_4168a6e9,INEQ-LOWER-D018-H06-PF04,inequality,18,6,thermal,4,pf_lower_bound,true,25,4985,MW,0,NaN,
20260811_121452_stage_B_2C_4168a6e9,INEQ-UPPER-D018-H06-PF04,inequality,18,6,thermal,4,pf_upper_bound,true,26,4986,MW,0,NaN,
20260811_121452_stage_B_2C_4168a6e9,INEQ-LOWER-D018-H06-Pch01,inequality,18,6,storage,1,pch_lower_bound,true,27,4987,MW,0,NaN,
20260811_121452_stage_B_2C_4168a6e9,INEQ-UPPER-D018-H06-Pch01,inequality,18,6,storage,1,pch_upper_bound,true,28,4988,MW,0,NaN,
20260811_121452_stage_B_2C_4168a6e9,INEQ-LOWER-D018-H06-Pch02,inequality,18,6,storage,2,pch_lower_bound,true,29,4989,MW,0,NaN,
20260811_121452_stage_B_2C_4168a6e9,INEQ-UPPER-D018-H06-Pch02,inequality,18,6,storage,2,pch_upper_bound,true,30,4990,MW,0,NaN,
20260811_121452_stage_B_2C_4168a6e9,INEQ-LOWER-D018-H06-Pdis01,inequality,18,6,storage,1,pdis_lower_bound,true,31,4991,MW,0,NaN,
20260811_121452_stage_B_2C_4168a6e9,INEQ-UPPER-D018-H06-Pdis01,inequality,18,6,storage,1,pdis_upper_bound,true,32,4992,MW,0,NaN,
20260811_121452_stage_B_2C_4168a6e9,INEQ-LOWER-D018-H06-Pdis02,inequality,18,6,storage,2,pdis_lower_bound,true,33,4993,MW,0,NaN,
20260811_121452_stage_B_2C_4168a6e9,INEQ-UPPER-D018-H06-Pdis02,inequality,18,6,storage,2,pdis_upper_bound,true,34,4994,MW,0,NaN,
20260811_121452_stage_B_2C_4168a6e9,INEQ-LOWER-D018-H06-SOC01,inequality,18,6,storage,1,soc_lower_bound,true,35,4995,MWh,0,NaN,
20260811_121452_stage_B_2C_4168a6e9,INEQ-UPPER-D018-H06-SOC01,inequality,18,6,storage,1,soc_upper_bound,true,36,4996,MWh,0,NaN,
20260811_121452_stage_B_2C_4168a6e9,INEQ-LOWER-D018-H06-SOC02,inequality,18,6,storage,2,soc_lower_bound,true,37,4997,MWh,0,NaN,
20260811_121452_stage_B_2C_4168a6e9,INEQ-UPPER-D018-H06-SOC02,inequality,18,6,storage,2,soc_upper_bound,true,38,4998,MWh,0,NaN,
20260811_121452_stage_B_2C_4168a6e9,INEQ-LOWER-D018-H07-PW01,inequality,18,7,wind,1,pw_lower_bound,true,1,4999,MW,0,NaN,
20260811_121452_stage_B_2C_4168a6e9,INEQ-UPPER-D018-H07-PW01,inequality,18,7,wind,1,pw_upper_bound,true,2,5000,MW,0,NaN,
20260811_121452_stage_B_2C_4168a6e9,INEQ-LOWER-D018-H07-PW02,inequality,18,7,wind,2,pw_lower_bound,true,3,5001,MW,0,NaN,
20260811_121452_stage_B_2C_4168a6e9,INEQ-UPPER-D018-H07-PW02,inequality,18,7,wind,2,pw_upper_bound,true,4,5002,MW,0,NaN,
20260811_121452_stage_B_2C_4168a6e9,INEQ-LOWER-D018-H07-PW03,inequality,18,7,wind,3,pw_lower_bound,true,5,5003,MW,0,NaN,
20260811_121452_stage_B_2C_4168a6e9,INEQ-UPPER-D018-H07-PW03,inequality,18,7,wind,3,pw_upper_bound,true,6,5004,MW,0,NaN,
20260811_121452_stage_B_2C_4168a6e9,INEQ-LOWER-D018-H07-PW04,inequality,18,7,wind,4,pw_lower_bound,true,7,5005,MW,0,NaN,
20260811_121452_stage_B_2C_4168a6e9,INEQ-UPPER-D018-H07-PW04,inequality,18,7,wind,4,pw_upper_bound,true,8,5006,MW,0,NaN,
20260811_121452_stage_B_2C_4168a6e9,INEQ-LOWER-D018-H07-PW05,inequality,18,7,wind,5,pw_lower_bound,true,9,5007,MW,0,NaN,
20260811_121452_stage_B_2C_4168a6e9,INEQ-UPPER-D018-H07-PW05,inequality,18,7,wind,5,pw_upper_bound,true,10,5008,MW,0,NaN,
20260811_121452_stage_B_2C_4168a6e9,INEQ-LOWER-D018-H07-PH01,inequality,18,7,hydro,1,ph_lower_bound,true,11,5009,MW,0,NaN,
20260811_121452_stage_B_2C_4168a6e9,INEQ-UPPER-D018-H07-PH01,inequality,18,7,hydro,1,ph_upper_bound,true,12,5010,MW,0,NaN,
20260811_121452_stage_B_2C_4168a6e9,INEQ-LOWER-D018-H07-PH02,inequality,18,7,hydro,2,ph_lower_bound,true,13,5011,MW,0,NaN,
20260811_121452_stage_B_2C_4168a6e9,INEQ-UPPER-D018-H07-PH02,inequality,18,7,hydro,2,ph_upper_bound,true,14,5012,MW,0,NaN,
20260811_121452_stage_B_2C_4168a6e9,INEQ-LOWER-D018-H07-PH03,inequality,18,7,hydro,3,ph_lower_bound,true,15,5013,MW,0,NaN,
20260811_121452_stage_B_2C_4168a6e9,INEQ-UPPER-D018-H07-PH03,inequality,18,7,hydro,3,ph_upper_bound,true,16,5014,MW,0,NaN,
20260811_121452_stage_B_2C_4168a6e9,INEQ-LOWER-D018-H07-PH04,inequality,18,7,hydro,4,ph_lower_bound,true,17,5015,MW,0,NaN,
20260811_121452_stage_B_2C_4168a6e9,INEQ-UPPER-D018-H07-PH04,inequality,18,7,hydro,4,ph_upper_bound,true,18,5016,MW,0,NaN,
20260811_121452_stage_B_2C_4168a6e9,INEQ-LOWER-D018-H07-PF01,inequality,18,7,thermal,1,pf_lower_bound,true,19,5017,MW,0,NaN,
20260811_121452_stage_B_2C_4168a6e9,INEQ-UPPER-D018-H07-PF01,inequality,18,7,thermal,1,pf_upper_bound,true,20,5018,MW,0,NaN,
20260811_121452_stage_B_2C_4168a6e9,INEQ-LOWER-D018-H07-PF02,inequality,18,7,thermal,2,pf_lower_bound,true,21,5019,MW,0,NaN,
20260811_121452_stage_B_2C_4168a6e9,INEQ-UPPER-D018-H07-PF02,inequality,18,7,thermal,2,pf_upper_bound,true,22,5020,MW,0,NaN,
20260811_121452_stage_B_2C_4168a6e9,INEQ-LOWER-D018-H07-PF03,inequality,18,7,thermal,3,pf_lower_bound,true,23,5021,MW,0,NaN,
20260811_121452_stage_B_2C_4168a6e9,INEQ-UPPER-D018-H07-PF03,inequality,18,7,thermal,3,pf_upper_bound,true,24,5022,MW,0,NaN,
20260811_121452_stage_B_2C_4168a6e9,INEQ-LOWER-D018-H07-PF04,inequality,18,7,thermal,4,pf_lower_bound,true,25,5023,MW,0,NaN,
20260811_121452_stage_B_2C_4168a6e9,INEQ-UPPER-D018-H07-PF04,inequality,18,7,thermal,4,pf_upper_bound,true,26,5024,MW,0,NaN,
20260811_121452_stage_B_2C_4168a6e9,INEQ-LOWER-D018-H07-Pch01,inequality,18,7,storage,1,pch_lower_bound,true,27,5025,MW,0,NaN,
20260811_121452_stage_B_2C_4168a6e9,INEQ-UPPER-D018-H07-Pch01,inequality,18,7,storage,1,pch_upper_bound,true,28,5026,MW,0,NaN,
20260811_121452_stage_B_2C_4168a6e9,INEQ-LOWER-D018-H07-Pch02,inequality,18,7,storage,2,pch_lower_bound,true,29,5027,MW,0,NaN,
20260811_121452_stage_B_2C_4168a6e9,INEQ-UPPER-D018-H07-Pch02,inequality,18,7,storage,2,pch_upper_bound,true,30,5028,MW,0,NaN,
20260811_121452_stage_B_2C_4168a6e9,INEQ-LOWER-D018-H07-Pdis01,inequality,18,7,storage,1,pdis_lower_bound,true,31,5029,MW,0,NaN,
20260811_121452_stage_B_2C_4168a6e9,INEQ-UPPER-D018-H07-Pdis01,inequality,18,7,storage,1,pdis_upper_bound,true,32,5030,MW,0,NaN,
20260811_121452_stage_B_2C_4168a6e9,INEQ-LOWER-D018-H07-Pdis02,inequality,18,7,storage,2,pdis_lower_bound,true,33,5031,MW,0,NaN,
20260811_121452_stage_B_2C_4168a6e9,INEQ-UPPER-D018-H07-Pdis02,inequality,18,7,storage,2,pdis_upper_bound,true,34,5032,MW,0,NaN,
20260811_121452_stage_B_2C_4168a6e9,INEQ-LOWER-D018-H07-SOC01,inequality,18,7,storage,1,soc_lower_bound,true,35,5033,MWh,0,NaN,
20260811_121452_stage_B_2C_4168a6e9,INEQ-UPPER-D018-H07-SOC01,inequality,18,7,storage,1,soc_upper_bound,true,36,5034,MWh,0,NaN,
20260811_121452_stage_B_2C_4168a6e9,INEQ-LOWER-D018-H07-SOC02,inequality,18,7,storage,2,soc_lower_bound,true,37,5035,MWh,0,NaN,
20260811_121452_stage_B_2C_4168a6e9,INEQ-UPPER-D018-H07-SOC02,inequality,18,7,storage,2,soc_upper_bound,true,38,5036,MWh,0,NaN,
20260811_121452_stage_B_2C_4168a6e9,INEQ-LOWER-D018-H08-PW01,inequality,18,8,wind,1,pw_lower_bound,true,1,5037,MW,0,NaN,
20260811_121452_stage_B_2C_4168a6e9,INEQ-UPPER-D018-H08-PW01,inequality,18,8,wind,1,pw_upper_bound,true,2,5038,MW,0,NaN,
20260811_121452_stage_B_2C_4168a6e9,INEQ-LOWER-D018-H08-PW02,inequality,18,8,wind,2,pw_lower_bound,true,3,5039,MW,0,NaN,
20260811_121452_stage_B_2C_4168a6e9,INEQ-UPPER-D018-H08-PW02,inequality,18,8,wind,2,pw_upper_bound,true,4,5040,MW,0,NaN,
20260811_121452_stage_B_2C_4168a6e9,INEQ-LOWER-D018-H08-PW03,inequality,18,8,wind,3,pw_lower_bound,true,5,5041,MW,0,NaN,
20260811_121452_stage_B_2C_4168a6e9,INEQ-UPPER-D018-H08-PW03,inequality,18,8,wind,3,pw_upper_bound,true,6,5042,MW,0,NaN,
20260811_121452_stage_B_2C_4168a6e9,INEQ-LOWER-D018-H08-PW04,inequality,18,8,wind,4,pw_lower_bound,true,7,5043,MW,0,NaN,
20260811_121452_stage_B_2C_4168a6e9,INEQ-UPPER-D018-H08-PW04,inequality,18,8,wind,4,pw_upper_bound,true,8,5044,MW,0,NaN,
20260811_121452_stage_B_2C_4168a6e9,INEQ-LOWER-D018-H08-PW05,inequality,18,8,wind,5,pw_lower_bound,true,9,5045,MW,0,NaN,
20260811_121452_stage_B_2C_4168a6e9,INEQ-UPPER-D018-H08-PW05,inequality,18,8,wind,5,pw_upper_bound,true,10,5046,MW,0,NaN,
20260811_121452_stage_B_2C_4168a6e9,INEQ-LOWER-D018-H08-PP01,inequality,18,8,solar,1,pp_lower_bound,true,11,5047,MW,0,NaN,
20260811_121452_stage_B_2C_4168a6e9,INEQ-UPPER-D018-H08-PP01,inequality,18,8,solar,1,pp_upper_bound,true,12,5048,MW,0,NaN,
20260811_121452_stage_B_2C_4168a6e9,INEQ-LOWER-D018-H08-PP02,inequality,18,8,solar,2,pp_lower_bound,true,13,5049,MW,0,NaN,
20260811_121452_stage_B_2C_4168a6e9,INEQ-UPPER-D018-H08-PP02,inequality,18,8,solar,2,pp_upper_bound,true,14,5050,MW,0,NaN,
20260811_121452_stage_B_2C_4168a6e9,INEQ-LOWER-D018-H08-PP03,inequality,18,8,solar,3,pp_lower_bound,true,15,5051,MW,0,NaN,
20260811_121452_stage_B_2C_4168a6e9,INEQ-UPPER-D018-H08-PP03,inequality,18,8,solar,3,pp_upper_bound,true,16,5052,MW,0,NaN,
20260811_121452_stage_B_2C_4168a6e9,INEQ-LOWER-D018-H08-PP04,inequality,18,8,solar,4,pp_lower_bound,true,17,5053,MW,0,NaN,
20260811_121452_stage_B_2C_4168a6e9,INEQ-UPPER-D018-H08-PP04,inequality,18,8,solar,4,pp_upper_bound,true,18,5054,MW,0,NaN,
20260811_121452_stage_B_2C_4168a6e9,INEQ-LOWER-D018-H08-PP05,inequality,18,8,solar,5,pp_lower_bound,true,19,5055,MW,0,NaN,
20260811_121452_stage_B_2C_4168a6e9,INEQ-UPPER-D018-H08-PP05,inequality,18,8,solar,5,pp_upper_bound,true,20,5056,MW,0,NaN,
20260811_121452_stage_B_2C_4168a6e9,INEQ-LOWER-D018-H08-PH01,inequality,18,8,hydro,1,ph_lower_bound,true,21,5057,MW,0,NaN,
20260811_121452_stage_B_2C_4168a6e9,INEQ-UPPER-D018-H08-PH01,inequality,18,8,hydro,1,ph_upper_bound,true,22,5058,MW,0,NaN,
20260811_121452_stage_B_2C_4168a6e9,INEQ-LOWER-D018-H08-PH02,inequality,18,8,hydro,2,ph_lower_bound,true,23,5059,MW,0,NaN,
20260811_121452_stage_B_2C_4168a6e9,INEQ-UPPER-D018-H08-PH02,inequality,18,8,hydro,2,ph_upper_bound,true,24,5060,MW,0,NaN,
20260811_121452_stage_B_2C_4168a6e9,INEQ-LOWER-D018-H08-PH03,inequality,18,8,hydro,3,ph_lower_bound,true,25,5061,MW,0,NaN,
20260811_121452_stage_B_2C_4168a6e9,INEQ-UPPER-D018-H08-PH03,inequality,18,8,hydro,3,ph_upper_bound,true,26,5062,MW,0,NaN,
20260811_121452_stage_B_2C_4168a6e9,INEQ-LOWER-D018-H08-PH04,inequality,18,8,hydro,4,ph_lower_bound,true,27,5063,MW,0,NaN,
20260811_121452_stage_B_2C_4168a6e9,INEQ-UPPER-D018-H08-PH04,inequality,18,8,hydro,4,ph_upper_bound,true,28,5064,MW,0,NaN,
20260811_121452_stage_B_2C_4168a6e9,INEQ-LOWER-D018-H08-PF01,inequality,18,8,thermal,1,pf_lower_bound,true,29,5065,MW,0,NaN,
20260811_121452_stage_B_2C_4168a6e9,INEQ-UPPER-D018-H08-PF01,inequality,18,8,thermal,1,pf_upper_bound,true,30,5066,MW,0,NaN,
20260811_121452_stage_B_2C_4168a6e9,INEQ-LOWER-D018-H08-PF02,inequality,18,8,thermal,2,pf_lower_bound,true,31,5067,MW,0,NaN,
20260811_121452_stage_B_2C_4168a6e9,INEQ-UPPER-D018-H08-PF02,inequality,18,8,thermal,2,pf_upper_bound,true,32,5068,MW,0,NaN,
20260811_121452_stage_B_2C_4168a6e9,INEQ-LOWER-D018-H08-PF03,inequality,18,8,thermal,3,pf_lower_bound,true,33,5069,MW,0,NaN,
20260811_121452_stage_B_2C_4168a6e9,INEQ-UPPER-D018-H08-PF03,inequality,18,8,thermal,3,pf_upper_bound,true,34,5070,MW,0,NaN,
20260811_121452_stage_B_2C_4168a6e9,INEQ-LOWER-D018-H08-PF04,inequality,18,8,thermal,4,pf_lower_bound,true,35,5071,MW,0,NaN,
20260811_121452_stage_B_2C_4168a6e9,INEQ-UPPER-D018-H08-PF04,inequality,18,8,thermal,4,pf_upper_bound,true,36,5072,MW,0,NaN,
20260811_121452_stage_B_2C_4168a6e9,INEQ-LOWER-D018-H08-Pch01,inequality,18,8,storage,1,pch_lower_bound,true,37,5073,MW,0,NaN,
20260811_121452_stage_B_2C_4168a6e9,INEQ-UPPER-D018-H08-Pch01,inequality,18,8,storage,1,pch_upper_bound,true,38,5074,MW,0,NaN,
20260811_121452_stage_B_2C_4168a6e9,INEQ-LOWER-D018-H08-Pch02,inequality,18,8,storage,2,pch_lower_bound,true,39,5075,MW,0,NaN,
20260811_121452_stage_B_2C_4168a6e9,INEQ-UPPER-D018-H08-Pch02,inequality,18,8,storage,2,pch_upper_bound,true,40,5076,MW,0,NaN,
20260811_121452_stage_B_2C_4168a6e9,INEQ-LOWER-D018-H08-Pdis01,inequality,18,8,storage,1,pdis_lower_bound,true,41,5077,MW,0,NaN,
20260811_121452_stage_B_2C_4168a6e9,INEQ-UPPER-D018-H08-Pdis01,inequality,18,8,storage,1,pdis_upper_bound,true,42,5078,MW,0,NaN,
20260811_121452_stage_B_2C_4168a6e9,INEQ-LOWER-D018-H08-Pdis02,inequality,18,8,storage,2,pdis_lower_bound,true,43,5079,MW,0,NaN,
20260811_121452_stage_B_2C_4168a6e9,INEQ-UPPER-D018-H08-Pdis02,inequality,18,8,storage,2,pdis_upper_bound,true,44,5080,MW,0,NaN,
20260811_121452_stage_B_2C_4168a6e9,INEQ-LOWER-D018-H08-SOC01,inequality,18,8,storage,1,soc_lower_bound,true,45,5081,MWh,0,NaN,
20260811_121452_stage_B_2C_4168a6e9,INEQ-UPPER-D018-H08-SOC01,inequality,18,8,storage,1,soc_upper_bound,true,46,5082,MWh,0,NaN,
20260811_121452_stage_B_2C_4168a6e9,INEQ-LOWER-D018-H08-SOC02,inequality,18,8,storage,2,soc_lower_bound,true,47,5083,MWh,0,NaN,
20260811_121452_stage_B_2C_4168a6e9,INEQ-UPPER-D018-H08-SOC02,inequality,18,8,storage,2,soc_upper_bound,true,48,5084,MWh,0,NaN,
20260811_121452_stage_B_2C_4168a6e9,INEQ-LOWER-D018-H09-PW01,inequality,18,9,wind,1,pw_lower_bound,true,1,5085,MW,0,NaN,
20260811_121452_stage_B_2C_4168a6e9,INEQ-UPPER-D018-H09-PW01,inequality,18,9,wind,1,pw_upper_bound,true,2,5086,MW,0,NaN,
20260811_121452_stage_B_2C_4168a6e9,INEQ-LOWER-D018-H09-PW02,inequality,18,9,wind,2,pw_lower_bound,true,3,5087,MW,0,NaN,
20260811_121452_stage_B_2C_4168a6e9,INEQ-UPPER-D018-H09-PW02,inequality,18,9,wind,2,pw_upper_bound,true,4,5088,MW,0,NaN,
20260811_121452_stage_B_2C_4168a6e9,INEQ-LOWER-D018-H09-PW03,inequality,18,9,wind,3,pw_lower_bound,true,5,5089,MW,0,NaN,
20260811_121452_stage_B_2C_4168a6e9,INEQ-UPPER-D018-H09-PW03,inequality,18,9,wind,3,pw_upper_bound,true,6,5090,MW,0,NaN,
20260811_121452_stage_B_2C_4168a6e9,INEQ-LOWER-D018-H09-PW04,inequality,18,9,wind,4,pw_lower_bound,true,7,5091,MW,0,NaN,
20260811_121452_stage_B_2C_4168a6e9,INEQ-UPPER-D018-H09-PW04,inequality,18,9,wind,4,pw_upper_bound,true,8,5092,MW,0,NaN,
20260811_121452_stage_B_2C_4168a6e9,INEQ-LOWER-D018-H09-PW05,inequality,18,9,wind,5,pw_lower_bound,true,9,5093,MW,0,NaN,
20260811_121452_stage_B_2C_4168a6e9,INEQ-UPPER-D018-H09-PW05,inequality,18,9,wind,5,pw_upper_bound,true,10,5094,MW,0,NaN,
20260811_121452_stage_B_2C_4168a6e9,INEQ-LOWER-D018-H09-PP01,inequality,18,9,solar,1,pp_lower_bound,true,11,5095,MW,0,NaN,
20260811_121452_stage_B_2C_4168a6e9,INEQ-UPPER-D018-H09-PP01,inequality,18,9,solar,1,pp_upper_bound,true,12,5096,MW,0,NaN,
20260811_121452_stage_B_2C_4168a6e9,INEQ-LOWER-D018-H09-PP02,inequality,18,9,solar,2,pp_lower_bound,true,13,5097,MW,0,NaN,
20260811_121452_stage_B_2C_4168a6e9,INEQ-UPPER-D018-H09-PP02,inequality,18,9,solar,2,pp_upper_bound,true,14,5098,MW,0,NaN,
20260811_121452_stage_B_2C_4168a6e9,INEQ-LOWER-D018-H09-PP03,inequality,18,9,solar,3,pp_lower_bound,true,15,5099,MW,0,NaN,
20260811_121452_stage_B_2C_4168a6e9,INEQ-UPPER-D018-H09-PP03,inequality,18,9,solar,3,pp_upper_bound,true,16,5100,MW,0,NaN,
20260811_121452_stage_B_2C_4168a6e9,INEQ-LOWER-D018-H09-PP04,inequality,18,9,solar,4,pp_lower_bound,true,17,5101,MW,0,NaN,
20260811_121452_stage_B_2C_4168a6e9,INEQ-UPPER-D018-H09-PP04,inequality,18,9,solar,4,pp_upper_bound,true,18,5102,MW,0,NaN,
20260811_121452_stage_B_2C_4168a6e9,INEQ-LOWER-D018-H09-PP05,inequality,18,9,solar,5,pp_lower_bound,true,19,5103,MW,0,NaN,
20260811_121452_stage_B_2C_4168a6e9,INEQ-UPPER-D018-H09-PP05,inequality,18,9,solar,5,pp_upper_bound,true,20,5104,MW,0,NaN,
20260811_121452_stage_B_2C_4168a6e9,INEQ-LOWER-D018-H09-PH01,inequality,18,9,hydro,1,ph_lower_bound,true,21,5105,MW,0,NaN,
20260811_121452_stage_B_2C_4168a6e9,INEQ-UPPER-D018-H09-PH01,inequality,18,9,hydro,1,ph_upper_bound,true,22,5106,MW,0,NaN,
20260811_121452_stage_B_2C_4168a6e9,INEQ-LOWER-D018-H09-PH02,inequality,18,9,hydro,2,ph_lower_bound,true,23,5107,MW,0,NaN,
20260811_121452_stage_B_2C_4168a6e9,INEQ-UPPER-D018-H09-PH02,inequality,18,9,hydro,2,ph_upper_bound,true,24,5108,MW,0,NaN,
20260811_121452_stage_B_2C_4168a6e9,INEQ-LOWER-D018-H09-PH03,inequality,18,9,hydro,3,ph_lower_bound,true,25,5109,MW,0,NaN,
20260811_121452_stage_B_2C_4168a6e9,INEQ-UPPER-D018-H09-PH03,inequality,18,9,hydro,3,ph_upper_bound,true,26,5110,MW,0,NaN,
20260811_121452_stage_B_2C_4168a6e9,INEQ-LOWER-D018-H09-PH04,inequality,18,9,hydro,4,ph_lower_bound,true,27,5111,MW,0,NaN,
20260811_121452_stage_B_2C_4168a6e9,INEQ-UPPER-D018-H09-PH04,inequality,18,9,hydro,4,ph_upper_bound,true,28,5112,MW,0,NaN,
20260811_121452_stage_B_2C_4168a6e9,INEQ-LOWER-D018-H09-PF01,inequality,18,9,thermal,1,pf_lower_bound,true,29,5113,MW,0,NaN,
20260811_121452_stage_B_2C_4168a6e9,INEQ-UPPER-D018-H09-PF01,inequality,18,9,thermal,1,pf_upper_bound,true,30,5114,MW,0,NaN,
20260811_121452_stage_B_2C_4168a6e9,INEQ-LOWER-D018-H09-PF02,inequality,18,9,thermal,2,pf_lower_bound,true,31,5115,MW,0,NaN,
20260811_121452_stage_B_2C_4168a6e9,INEQ-UPPER-D018-H09-PF02,inequality,18,9,thermal,2,pf_upper_bound,true,32,5116,MW,0,NaN,
20260811_121452_stage_B_2C_4168a6e9,INEQ-LOWER-D018-H09-PF03,inequality,18,9,thermal,3,pf_lower_bound,true,33,5117,MW,0,NaN,
20260811_121452_stage_B_2C_4168a6e9,INEQ-UPPER-D018-H09-PF03,inequality,18,9,thermal,3,pf_upper_bound,true,34,5118,MW,0,NaN,
20260811_121452_stage_B_2C_4168a6e9,INEQ-LOWER-D018-H09-PF04,inequality,18,9,thermal,4,pf_lower_bound,true,35,5119,MW,0,NaN,
20260811_121452_stage_B_2C_4168a6e9,INEQ-UPPER-D018-H09-PF04,inequality,18,9,thermal,4,pf_upper_bound,true,36,5120,MW,0,NaN,
20260811_121452_stage_B_2C_4168a6e9,INEQ-LOWER-D018-H09-Pch01,inequality,18,9,storage,1,pch_lower_bound,true,37,5121,MW,0,NaN,
20260811_121452_stage_B_2C_4168a6e9,INEQ-UPPER-D018-H09-Pch01,inequality,18,9,storage,1,pch_upper_bound,true,38,5122,MW,0,NaN,
20260811_121452_stage_B_2C_4168a6e9,INEQ-LOWER-D018-H09-Pch02,inequality,18,9,storage,2,pch_lower_bound,true,39,5123,MW,0,NaN,
20260811_121452_stage_B_2C_4168a6e9,INEQ-UPPER-D018-H09-Pch02,inequality,18,9,storage,2,pch_upper_bound,true,40,5124,MW,0,NaN,
20260811_121452_stage_B_2C_4168a6e9,INEQ-LOWER-D018-H09-Pdis01,inequality,18,9,storage,1,pdis_lower_bound,true,41,5125,MW,0,NaN,
20260811_121452_stage_B_2C_4168a6e9,INEQ-UPPER-D018-H09-Pdis01,inequality,18,9,storage,1,pdis_upper_bound,true,42,5126,MW,0,NaN,
20260811_121452_stage_B_2C_4168a6e9,INEQ-LOWER-D018-H09-Pdis02,inequality,18,9,storage,2,pdis_lower_bound,true,43,5127,MW,0,NaN,
20260811_121452_stage_B_2C_4168a6e9,INEQ-UPPER-D018-H09-Pdis02,inequality,18,9,storage,2,pdis_upper_bound,true,44,5128,MW,0,NaN,
20260811_121452_stage_B_2C_4168a6e9,INEQ-LOWER-D018-H09-SOC01,inequality,18,9,storage,1,soc_lower_bound,true,45,5129,MWh,0,NaN,
20260811_121452_stage_B_2C_4168a6e9,INEQ-UPPER-D018-H09-SOC01,inequality,18,9,storage,1,soc_upper_bound,true,46,5130,MWh,0,NaN,
20260811_121452_stage_B_2C_4168a6e9,INEQ-LOWER-D018-H09-SOC02,inequality,18,9,storage,2,soc_lower_bound,true,47,5131,MWh,0,NaN,
20260811_121452_stage_B_2C_4168a6e9,INEQ-UPPER-D018-H09-SOC02,inequality,18,9,storage,2,soc_upper_bound,true,48,5132,MWh,0,NaN,
20260811_121452_stage_B_2C_4168a6e9,INEQ-LOWER-D018-H10-PW01,inequality,18,10,wind,1,pw_lower_bound,true,1,5133,MW,0,NaN,
20260811_121452_stage_B_2C_4168a6e9,INEQ-UPPER-D018-H10-PW01,inequality,18,10,wind,1,pw_upper_bound,true,2,5134,MW,0,NaN,
20260811_121452_stage_B_2C_4168a6e9,INEQ-LOWER-D018-H10-PW02,inequality,18,10,wind,2,pw_lower_bound,true,3,5135,MW,0,NaN,
20260811_121452_stage_B_2C_4168a6e9,INEQ-UPPER-D018-H10-PW02,inequality,18,10,wind,2,pw_upper_bound,true,4,5136,MW,0,NaN,
20260811_121452_stage_B_2C_4168a6e9,INEQ-LOWER-D018-H10-PW03,inequality,18,10,wind,3,pw_lower_bound,true,5,5137,MW,0,NaN,
20260811_121452_stage_B_2C_4168a6e9,INEQ-UPPER-D018-H10-PW03,inequality,18,10,wind,3,pw_upper_bound,true,6,5138,MW,0,NaN,
20260811_121452_stage_B_2C_4168a6e9,INEQ-LOWER-D018-H10-PW04,inequality,18,10,wind,4,pw_lower_bound,true,7,5139,MW,0,NaN,
20260811_121452_stage_B_2C_4168a6e9,INEQ-UPPER-D018-H10-PW04,inequality,18,10,wind,4,pw_upper_bound,true,8,5140,MW,0,NaN,
20260811_121452_stage_B_2C_4168a6e9,INEQ-LOWER-D018-H10-PW05,inequality,18,10,wind,5,pw_lower_bound,true,9,5141,MW,0,NaN,
20260811_121452_stage_B_2C_4168a6e9,INEQ-UPPER-D018-H10-PW05,inequality,18,10,wind,5,pw_upper_bound,true,10,5142,MW,0,NaN,
20260811_121452_stage_B_2C_4168a6e9,INEQ-LOWER-D018-H10-PP01,inequality,18,10,solar,1,pp_lower_bound,true,11,5143,MW,0,NaN,
20260811_121452_stage_B_2C_4168a6e9,INEQ-UPPER-D018-H10-PP01,inequality,18,10,solar,1,pp_upper_bound,true,12,5144,MW,0,NaN,
20260811_121452_stage_B_2C_4168a6e9,INEQ-LOWER-D018-H10-PP02,inequality,18,10,solar,2,pp_lower_bound,true,13,5145,MW,0,NaN,
20260811_121452_stage_B_2C_4168a6e9,INEQ-UPPER-D018-H10-PP02,inequality,18,10,solar,2,pp_upper_bound,true,14,5146,MW,0,NaN,
20260811_121452_stage_B_2C_4168a6e9,INEQ-LOWER-D018-H10-PP03,inequality,18,10,solar,3,pp_lower_bound,true,15,5147,MW,0,NaN,
20260811_121452_stage_B_2C_4168a6e9,INEQ-UPPER-D018-H10-PP03,inequality,18,10,solar,3,pp_upper_bound,true,16,5148,MW,0,NaN,
20260811_121452_stage_B_2C_4168a6e9,INEQ-LOWER-D018-H10-PP04,inequality,18,10,solar,4,pp_lower_bound,true,17,5149,MW,0,NaN,
20260811_121452_stage_B_2C_4168a6e9,INEQ-UPPER-D018-H10-PP04,inequality,18,10,solar,4,pp_upper_bound,true,18,5150,MW,0,NaN,
20260811_121452_stage_B_2C_4168a6e9,INEQ-LOWER-D018-H10-PP05,inequality,18,10,solar,5,pp_lower_bound,true,19,5151,MW,0,NaN,
20260811_121452_stage_B_2C_4168a6e9,INEQ-UPPER-D018-H10-PP05,inequality,18,10,solar,5,pp_upper_bound,true,20,5152,MW,0,NaN,
20260811_121452_stage_B_2C_4168a6e9,INEQ-LOWER-D018-H10-PH01,inequality,18,10,hydro,1,ph_lower_bound,true,21,5153,MW,0,NaN,
20260811_121452_stage_B_2C_4168a6e9,INEQ-UPPER-D018-H10-PH01,inequality,18,10,hydro,1,ph_upper_bound,true,22,5154,MW,0,NaN,
20260811_121452_stage_B_2C_4168a6e9,INEQ-LOWER-D018-H10-PH02,inequality,18,10,hydro,2,ph_lower_bound,true,23,5155,MW,0,NaN,
20260811_121452_stage_B_2C_4168a6e9,INEQ-UPPER-D018-H10-PH02,inequality,18,10,hydro,2,ph_upper_bound,true,24,5156,MW,0,NaN,
20260811_121452_stage_B_2C_4168a6e9,INEQ-LOWER-D018-H10-PH03,inequality,18,10,hydro,3,ph_lower_bound,true,25,5157,MW,0,NaN,
20260811_121452_stage_B_2C_4168a6e9,INEQ-UPPER-D018-H10-PH03,inequality,18,10,hydro,3,ph_upper_bound,true,26,5158,MW,0,NaN,
20260811_121452_stage_B_2C_4168a6e9,INEQ-LOWER-D018-H10-PH04,inequality,18,10,hydro,4,ph_lower_bound,true,27,5159,MW,0,NaN,
20260811_121452_stage_B_2C_4168a6e9,INEQ-UPPER-D018-H10-PH04,inequality,18,10,hydro,4,ph_upper_bound,true,28,5160,MW,0,NaN,
20260811_121452_stage_B_2C_4168a6e9,INEQ-LOWER-D018-H10-PF01,inequality,18,10,thermal,1,pf_lower_bound,true,29,5161,MW,0,NaN,
20260811_121452_stage_B_2C_4168a6e9,INEQ-UPPER-D018-H10-PF01,inequality,18,10,thermal,1,pf_upper_bound,true,30,5162,MW,0,NaN,
20260811_121452_stage_B_2C_4168a6e9,INEQ-LOWER-D018-H10-PF02,inequality,18,10,thermal,2,pf_lower_bound,true,31,5163,MW,0,NaN,
20260811_121452_stage_B_2C_4168a6e9,INEQ-UPPER-D018-H10-PF02,inequality,18,10,thermal,2,pf_upper_bound,true,32,5164,MW,0,NaN,
20260811_121452_stage_B_2C_4168a6e9,INEQ-LOWER-D018-H10-PF03,inequality,18,10,thermal,3,pf_lower_bound,true,33,5165,MW,0,NaN,
20260811_121452_stage_B_2C_4168a6e9,INEQ-UPPER-D018-H10-PF03,inequality,18,10,thermal,3,pf_upper_bound,true,34,5166,MW,0,NaN,
20260811_121452_stage_B_2C_4168a6e9,INEQ-LOWER-D018-H10-PF04,inequality,18,10,thermal,4,pf_lower_bound,true,35,5167,MW,0,NaN,
20260811_121452_stage_B_2C_4168a6e9,INEQ-UPPER-D018-H10-PF04,inequality,18,10,thermal,4,pf_upper_bound,true,36,5168,MW,0,NaN,
20260811_121452_stage_B_2C_4168a6e9,INEQ-LOWER-D018-H10-Pch01,inequality,18,10,storage,1,pch_lower_bound,true,37,5169,MW,0,NaN,
20260811_121452_stage_B_2C_4168a6e9,INEQ-UPPER-D018-H10-Pch01,inequality,18,10,storage,1,pch_upper_bound,true,38,5170,MW,0,NaN,
20260811_121452_stage_B_2C_4168a6e9,INEQ-LOWER-D018-H10-Pch02,inequality,18,10,storage,2,pch_lower_bound,true,39,5171,MW,0,NaN,
20260811_121452_stage_B_2C_4168a6e9,INEQ-UPPER-D018-H10-Pch02,inequality,18,10,storage,2,pch_upper_bound,true,40,5172,MW,0,NaN,
20260811_121452_stage_B_2C_4168a6e9,INEQ-LOWER-D018-H10-Pdis01,inequality,18,10,storage,1,pdis_lower_bound,true,41,5173,MW,0,NaN,
20260811_121452_stage_B_2C_4168a6e9,INEQ-UPPER-D018-H10-Pdis01,inequality,18,10,storage,1,pdis_upper_bound,true,42,5174,MW,0,NaN,
20260811_121452_stage_B_2C_4168a6e9,INEQ-LOWER-D018-H10-Pdis02,inequality,18,10,storage,2,pdis_lower_bound,true,43,5175,MW,0,NaN,
20260811_121452_stage_B_2C_4168a6e9,INEQ-UPPER-D018-H10-Pdis02,inequality,18,10,storage,2,pdis_upper_bound,true,44,5176,MW,0,NaN,
20260811_121452_stage_B_2C_4168a6e9,INEQ-LOWER-D018-H10-SOC01,inequality,18,10,storage,1,soc_lower_bound,true,45,5177,MWh,0,NaN,
20260811_121452_stage_B_2C_4168a6e9,INEQ-UPPER-D018-H10-SOC01,inequality,18,10,storage,1,soc_upper_bound,true,46,5178,MWh,0,NaN,
20260811_121452_stage_B_2C_4168a6e9,INEQ-LOWER-D018-H10-SOC02,inequality,18,10,storage,2,soc_lower_bound,true,47,5179,MWh,0,NaN,
20260811_121452_stage_B_2C_4168a6e9,INEQ-UPPER-D018-H10-SOC02,inequality,18,10,storage,2,soc_upper_bound,true,48,5180,MWh,0,NaN,
20260811_121452_stage_B_2C_4168a6e9,INEQ-LOWER-D018-H11-PW01,inequality,18,11,wind,1,pw_lower_bound,true,1,5181,MW,0,NaN,
20260811_121452_stage_B_2C_4168a6e9,INEQ-UPPER-D018-H11-PW01,inequality,18,11,wind,1,pw_upper_bound,true,2,5182,MW,0,NaN,
20260811_121452_stage_B_2C_4168a6e9,INEQ-LOWER-D018-H11-PW02,inequality,18,11,wind,2,pw_lower_bound,true,3,5183,MW,0,NaN,
20260811_121452_stage_B_2C_4168a6e9,INEQ-UPPER-D018-H11-PW02,inequality,18,11,wind,2,pw_upper_bound,true,4,5184,MW,0,NaN,
20260811_121452_stage_B_2C_4168a6e9,INEQ-LOWER-D018-H11-PW03,inequality,18,11,wind,3,pw_lower_bound,true,5,5185,MW,0,NaN,
20260811_121452_stage_B_2C_4168a6e9,INEQ-UPPER-D018-H11-PW03,inequality,18,11,wind,3,pw_upper_bound,true,6,5186,MW,0,NaN,
20260811_121452_stage_B_2C_4168a6e9,INEQ-LOWER-D018-H11-PW04,inequality,18,11,wind,4,pw_lower_bound,true,7,5187,MW,0,NaN,
20260811_121452_stage_B_2C_4168a6e9,INEQ-UPPER-D018-H11-PW04,inequality,18,11,wind,4,pw_upper_bound,true,8,5188,MW,0,NaN,
20260811_121452_stage_B_2C_4168a6e9,INEQ-LOWER-D018-H11-PW05,inequality,18,11,wind,5,pw_lower_bound,true,9,5189,MW,0,NaN,
20260811_121452_stage_B_2C_4168a6e9,INEQ-UPPER-D018-H11-PW05,inequality,18,11,wind,5,pw_upper_bound,true,10,5190,MW,0,NaN,
20260811_121452_stage_B_2C_4168a6e9,INEQ-LOWER-D018-H11-PP01,inequality,18,11,solar,1,pp_lower_bound,true,11,5191,MW,0,NaN,
20260811_121452_stage_B_2C_4168a6e9,INEQ-UPPER-D018-H11-PP01,inequality,18,11,solar,1,pp_upper_bound,true,12,5192,MW,0,NaN,
20260811_121452_stage_B_2C_4168a6e9,INEQ-LOWER-D018-H11-PP02,inequality,18,11,solar,2,pp_lower_bound,true,13,5193,MW,0,NaN,
20260811_121452_stage_B_2C_4168a6e9,INEQ-UPPER-D018-H11-PP02,inequality,18,11,solar,2,pp_upper_bound,true,14,5194,MW,0,NaN,
20260811_121452_stage_B_2C_4168a6e9,INEQ-LOWER-D018-H11-PP03,inequality,18,11,solar,3,pp_lower_bound,true,15,5195,MW,0,NaN,
20260811_121452_stage_B_2C_4168a6e9,INEQ-UPPER-D018-H11-PP03,inequality,18,11,solar,3,pp_upper_bound,true,16,5196,MW,0,NaN,
20260811_121452_stage_B_2C_4168a6e9,INEQ-LOWER-D018-H11-PP04,inequality,18,11,solar,4,pp_lower_bound,true,17,5197,MW,0,NaN,
20260811_121452_stage_B_2C_4168a6e9,INEQ-UPPER-D018-H11-PP04,inequality,18,11,solar,4,pp_upper_bound,true,18,5198,MW,0,NaN,
20260811_121452_stage_B_2C_4168a6e9,INEQ-LOWER-D018-H11-PP05,inequality,18,11,solar,5,pp_lower_bound,true,19,5199,MW,0,NaN,
20260811_121452_stage_B_2C_4168a6e9,INEQ-UPPER-D018-H11-PP05,inequality,18,11,solar,5,pp_upper_bound,true,20,5200,MW,0,NaN,
20260811_121452_stage_B_2C_4168a6e9,INEQ-LOWER-D018-H11-PH01,inequality,18,11,hydro,1,ph_lower_bound,true,21,5201,MW,0,NaN,
20260811_121452_stage_B_2C_4168a6e9,INEQ-UPPER-D018-H11-PH01,inequality,18,11,hydro,1,ph_upper_bound,true,22,5202,MW,0,NaN,
20260811_121452_stage_B_2C_4168a6e9,INEQ-LOWER-D018-H11-PH02,inequality,18,11,hydro,2,ph_lower_bound,true,23,5203,MW,0,NaN,
20260811_121452_stage_B_2C_4168a6e9,INEQ-UPPER-D018-H11-PH02,inequality,18,11,hydro,2,ph_upper_bound,true,24,5204,MW,0,NaN,
20260811_121452_stage_B_2C_4168a6e9,INEQ-LOWER-D018-H11-PH03,inequality,18,11,hydro,3,ph_lower_bound,true,25,5205,MW,0,NaN,
20260811_121452_stage_B_2C_4168a6e9,INEQ-UPPER-D018-H11-PH03,inequality,18,11,hydro,3,ph_upper_bound,true,26,5206,MW,0,NaN,
20260811_121452_stage_B_2C_4168a6e9,INEQ-LOWER-D018-H11-PH04,inequality,18,11,hydro,4,ph_lower_bound,true,27,5207,MW,0,NaN,
20260811_121452_stage_B_2C_4168a6e9,INEQ-UPPER-D018-H11-PH04,inequality,18,11,hydro,4,ph_upper_bound,true,28,5208,MW,0,NaN,
20260811_121452_stage_B_2C_4168a6e9,INEQ-LOWER-D018-H11-PF01,inequality,18,11,thermal,1,pf_lower_bound,true,29,5209,MW,0,NaN,
20260811_121452_stage_B_2C_4168a6e9,INEQ-UPPER-D018-H11-PF01,inequality,18,11,thermal,1,pf_upper_bound,true,30,5210,MW,0,NaN,
20260811_121452_stage_B_2C_4168a6e9,INEQ-LOWER-D018-H11-PF02,inequality,18,11,thermal,2,pf_lower_bound,true,31,5211,MW,0,NaN,
20260811_121452_stage_B_2C_4168a6e9,INEQ-UPPER-D018-H11-PF02,inequality,18,11,thermal,2,pf_upper_bound,true,32,5212,MW,0,NaN,
20260811_121452_stage_B_2C_4168a6e9,INEQ-LOWER-D018-H11-PF03,inequality,18,11,thermal,3,pf_lower_bound,true,33,5213,MW,0,NaN,
20260811_121452_stage_B_2C_4168a6e9,INEQ-UPPER-D018-H11-PF03,inequality,18,11,thermal,3,pf_upper_bound,true,34,5214,MW,0,NaN,
20260811_121452_stage_B_2C_4168a6e9,INEQ-LOWER-D018-H11-PF04,inequality,18,11,thermal,4,pf_lower_bound,true,35,5215,MW,0,NaN,
20260811_121452_stage_B_2C_4168a6e9,INEQ-UPPER-D018-H11-PF04,inequality,18,11,thermal,4,pf_upper_bound,true,36,5216,MW,0,NaN,
20260811_121452_stage_B_2C_4168a6e9,INEQ-LOWER-D018-H11-Pch01,inequality,18,11,storage,1,pch_lower_bound,true,37,5217,MW,0,NaN,
20260811_121452_stage_B_2C_4168a6e9,INEQ-UPPER-D018-H11-Pch01,inequality,18,11,storage,1,pch_upper_bound,true,38,5218,MW,0,NaN,
20260811_121452_stage_B_2C_4168a6e9,INEQ-LOWER-D018-H11-Pch02,inequality,18,11,storage,2,pch_lower_bound,true,39,5219,MW,0,NaN,
20260811_121452_stage_B_2C_4168a6e9,INEQ-UPPER-D018-H11-Pch02,inequality,18,11,storage,2,pch_upper_bound,true,40,5220,MW,0,NaN,
20260811_121452_stage_B_2C_4168a6e9,INEQ-LOWER-D018-H11-Pdis01,inequality,18,11,storage,1,pdis_lower_bound,true,41,5221,MW,0,NaN,
20260811_121452_stage_B_2C_4168a6e9,INEQ-UPPER-D018-H11-Pdis01,inequality,18,11,storage,1,pdis_upper_bound,true,42,5222,MW,0,NaN,
20260811_121452_stage_B_2C_4168a6e9,INEQ-LOWER-D018-H11-Pdis02,inequality,18,11,storage,2,pdis_lower_bound,true,43,5223,MW,0,NaN,
20260811_121452_stage_B_2C_4168a6e9,INEQ-UPPER-D018-H11-Pdis02,inequality,18,11,storage,2,pdis_upper_bound,true,44,5224,MW,0,NaN,
20260811_121452_stage_B_2C_4168a6e9,INEQ-LOWER-D018-H11-SOC01,inequality,18,11,storage,1,soc_lower_bound,true,45,5225,MWh,0,NaN,
20260811_121452_stage_B_2C_4168a6e9,INEQ-UPPER-D018-H11-SOC01,inequality,18,11,storage,1,soc_upper_bound,true,46,5226,MWh,0,NaN,
20260811_121452_stage_B_2C_4168a6e9,INEQ-LOWER-D018-H11-SOC02,inequality,18,11,storage,2,soc_lower_bound,true,47,5227,MWh,0,NaN,
20260811_121452_stage_B_2C_4168a6e9,INEQ-UPPER-D018-H11-SOC02,inequality,18,11,storage,2,soc_upper_bound,true,48,5228,MWh,0,NaN,
20260811_121452_stage_B_2C_4168a6e9,INEQ-LOWER-D018-H12-PW01,inequality,18,12,wind,1,pw_lower_bound,true,1,5229,MW,0,NaN,
20260811_121452_stage_B_2C_4168a6e9,INEQ-UPPER-D018-H12-PW01,inequality,18,12,wind,1,pw_upper_bound,true,2,5230,MW,0,NaN,
20260811_121452_stage_B_2C_4168a6e9,INEQ-LOWER-D018-H12-PW02,inequality,18,12,wind,2,pw_lower_bound,true,3,5231,MW,0,NaN,
20260811_121452_stage_B_2C_4168a6e9,INEQ-UPPER-D018-H12-PW02,inequality,18,12,wind,2,pw_upper_bound,true,4,5232,MW,0,NaN,
20260811_121452_stage_B_2C_4168a6e9,INEQ-LOWER-D018-H12-PW03,inequality,18,12,wind,3,pw_lower_bound,true,5,5233,MW,0,NaN,
20260811_121452_stage_B_2C_4168a6e9,INEQ-UPPER-D018-H12-PW03,inequality,18,12,wind,3,pw_upper_bound,true,6,5234,MW,0,NaN,
20260811_121452_stage_B_2C_4168a6e9,INEQ-LOWER-D018-H12-PW04,inequality,18,12,wind,4,pw_lower_bound,true,7,5235,MW,0,NaN,
20260811_121452_stage_B_2C_4168a6e9,INEQ-UPPER-D018-H12-PW04,inequality,18,12,wind,4,pw_upper_bound,true,8,5236,MW,0,NaN,
20260811_121452_stage_B_2C_4168a6e9,INEQ-LOWER-D018-H12-PW05,inequality,18,12,wind,5,pw_lower_bound,true,9,5237,MW,0,NaN,
20260811_121452_stage_B_2C_4168a6e9,INEQ-UPPER-D018-H12-PW05,inequality,18,12,wind,5,pw_upper_bound,true,10,5238,MW,0,NaN,
20260811_121452_stage_B_2C_4168a6e9,INEQ-LOWER-D018-H12-PP01,inequality,18,12,solar,1,pp_lower_bound,true,11,5239,MW,0,NaN,
20260811_121452_stage_B_2C_4168a6e9,INEQ-UPPER-D018-H12-PP01,inequality,18,12,solar,1,pp_upper_bound,true,12,5240,MW,0,NaN,
20260811_121452_stage_B_2C_4168a6e9,INEQ-LOWER-D018-H12-PP02,inequality,18,12,solar,2,pp_lower_bound,true,13,5241,MW,0,NaN,
20260811_121452_stage_B_2C_4168a6e9,INEQ-UPPER-D018-H12-PP02,inequality,18,12,solar,2,pp_upper_bound,true,14,5242,MW,0,NaN,
20260811_121452_stage_B_2C_4168a6e9,INEQ-LOWER-D018-H12-PP03,inequality,18,12,solar,3,pp_lower_bound,true,15,5243,MW,0,NaN,
20260811_121452_stage_B_2C_4168a6e9,INEQ-UPPER-D018-H12-PP03,inequality,18,12,solar,3,pp_upper_bound,true,16,5244,MW,0,NaN,
20260811_121452_stage_B_2C_4168a6e9,INEQ-LOWER-D018-H12-PP04,inequality,18,12,solar,4,pp_lower_bound,true,17,5245,MW,0,NaN,
20260811_121452_stage_B_2C_4168a6e9,INEQ-UPPER-D018-H12-PP04,inequality,18,12,solar,4,pp_upper_bound,true,18,5246,MW,0,NaN,
20260811_121452_stage_B_2C_4168a6e9,INEQ-LOWER-D018-H12-PP05,inequality,18,12,solar,5,pp_lower_bound,true,19,5247,MW,0,NaN,
20260811_121452_stage_B_2C_4168a6e9,INEQ-UPPER-D018-H12-PP05,inequality,18,12,solar,5,pp_upper_bound,true,20,5248,MW,0,NaN,
20260811_121452_stage_B_2C_4168a6e9,INEQ-LOWER-D018-H12-PH01,inequality,18,12,hydro,1,ph_lower_bound,true,21,5249,MW,0,NaN,
20260811_121452_stage_B_2C_4168a6e9,INEQ-UPPER-D018-H12-PH01,inequality,18,12,hydro,1,ph_upper_bound,true,22,5250,MW,0,NaN,
20260811_121452_stage_B_2C_4168a6e9,INEQ-LOWER-D018-H12-PH02,inequality,18,12,hydro,2,ph_lower_bound,true,23,5251,MW,0,NaN,
20260811_121452_stage_B_2C_4168a6e9,INEQ-UPPER-D018-H12-PH02,inequality,18,12,hydro,2,ph_upper_bound,true,24,5252,MW,0,NaN,
20260811_121452_stage_B_2C_4168a6e9,INEQ-LOWER-D018-H12-PH03,inequality,18,12,hydro,3,ph_lower_bound,true,25,5253,MW,0,NaN,
20260811_121452_stage_B_2C_4168a6e9,INEQ-UPPER-D018-H12-PH03,inequality,18,12,hydro,3,ph_upper_bound,true,26,5254,MW,0,NaN,
20260811_121452_stage_B_2C_4168a6e9,INEQ-LOWER-D018-H12-PH04,inequality,18,12,hydro,4,ph_lower_bound,true,27,5255,MW,0,NaN,
20260811_121452_stage_B_2C_4168a6e9,INEQ-UPPER-D018-H12-PH04,inequality,18,12,hydro,4,ph_upper_bound,true,28,5256,MW,0,NaN,
20260811_121452_stage_B_2C_4168a6e9,INEQ-LOWER-D018-H12-PF01,inequality,18,12,thermal,1,pf_lower_bound,true,29,5257,MW,0,NaN,
20260811_121452_stage_B_2C_4168a6e9,INEQ-UPPER-D018-H12-PF01,inequality,18,12,thermal,1,pf_upper_bound,true,30,5258,MW,0,NaN,
20260811_121452_stage_B_2C_4168a6e9,INEQ-LOWER-D018-H12-PF02,inequality,18,12,thermal,2,pf_lower_bound,true,31,5259,MW,0,NaN,
20260811_121452_stage_B_2C_4168a6e9,INEQ-UPPER-D018-H12-PF02,inequality,18,12,thermal,2,pf_upper_bound,true,32,5260,MW,0,NaN,
20260811_121452_stage_B_2C_4168a6e9,INEQ-LOWER-D018-H12-PF03,inequality,18,12,thermal,3,pf_lower_bound,true,33,5261,MW,0,NaN,
20260811_121452_stage_B_2C_4168a6e9,INEQ-UPPER-D018-H12-PF03,inequality,18,12,thermal,3,pf_upper_bound,true,34,5262,MW,0,NaN,
20260811_121452_stage_B_2C_4168a6e9,INEQ-LOWER-D018-H12-PF04,inequality,18,12,thermal,4,pf_lower_bound,true,35,5263,MW,0,NaN,
20260811_121452_stage_B_2C_4168a6e9,INEQ-UPPER-D018-H12-PF04,inequality,18,12,thermal,4,pf_upper_bound,true,36,5264,MW,0,NaN,
20260811_121452_stage_B_2C_4168a6e9,INEQ-LOWER-D018-H12-Pch01,inequality,18,12,storage,1,pch_lower_bound,true,37,5265,MW,0,NaN,
20260811_121452_stage_B_2C_4168a6e9,INEQ-UPPER-D018-H12-Pch01,inequality,18,12,storage,1,pch_upper_bound,true,38,5266,MW,0,NaN,
20260811_121452_stage_B_2C_4168a6e9,INEQ-LOWER-D018-H12-Pch02,inequality,18,12,storage,2,pch_lower_bound,true,39,5267,MW,0,NaN,
20260811_121452_stage_B_2C_4168a6e9,INEQ-UPPER-D018-H12-Pch02,inequality,18,12,storage,2,pch_upper_bound,true,40,5268,MW,0,NaN,
20260811_121452_stage_B_2C_4168a6e9,INEQ-LOWER-D018-H12-Pdis01,inequality,18,12,storage,1,pdis_lower_bound,true,41,5269,MW,0,NaN,
20260811_121452_stage_B_2C_4168a6e9,INEQ-UPPER-D018-H12-Pdis01,inequality,18,12,storage,1,pdis_upper_bound,true,42,5270,MW,0,NaN,
20260811_121452_stage_B_2C_4168a6e9,INEQ-LOWER-D018-H12-Pdis02,inequality,18,12,storage,2,pdis_lower_bound,true,43,5271,MW,0,NaN,
20260811_121452_stage_B_2C_4168a6e9,INEQ-UPPER-D018-H12-Pdis02,inequality,18,12,storage,2,pdis_upper_bound,true,44,5272,MW,0,NaN,
20260811_121452_stage_B_2C_4168a6e9,INEQ-LOWER-D018-H12-SOC01,inequality,18,12,storage,1,soc_lower_bound,true,45,5273,MWh,0,NaN,
20260811_121452_stage_B_2C_4168a6e9,INEQ-UPPER-D018-H12-SOC01,inequality,18,12,storage,1,soc_upper_bound,true,46,5274,MWh,0,NaN,
20260811_121452_stage_B_2C_4168a6e9,INEQ-LOWER-D018-H12-SOC02,inequality,18,12,storage,2,soc_lower_bound,true,47,5275,MWh,0,NaN,
20260811_121452_stage_B_2C_4168a6e9,INEQ-UPPER-D018-H12-SOC02,inequality,18,12,storage,2,soc_upper_bound,true,48,5276,MWh,0,NaN,
20260811_121452_stage_B_2C_4168a6e9,INEQ-LOWER-D018-H13-PW01,inequality,18,13,wind,1,pw_lower_bound,true,1,5277,MW,0,NaN,
20260811_121452_stage_B_2C_4168a6e9,INEQ-UPPER-D018-H13-PW01,inequality,18,13,wind,1,pw_upper_bound,true,2,5278,MW,0,NaN,
20260811_121452_stage_B_2C_4168a6e9,INEQ-LOWER-D018-H13-PW02,inequality,18,13,wind,2,pw_lower_bound,true,3,5279,MW,0,NaN,
20260811_121452_stage_B_2C_4168a6e9,INEQ-UPPER-D018-H13-PW02,inequality,18,13,wind,2,pw_upper_bound,true,4,5280,MW,0,NaN,
20260811_121452_stage_B_2C_4168a6e9,INEQ-LOWER-D018-H13-PW03,inequality,18,13,wind,3,pw_lower_bound,true,5,5281,MW,0,NaN,
20260811_121452_stage_B_2C_4168a6e9,INEQ-UPPER-D018-H13-PW03,inequality,18,13,wind,3,pw_upper_bound,true,6,5282,MW,0,NaN,
20260811_121452_stage_B_2C_4168a6e9,INEQ-LOWER-D018-H13-PW04,inequality,18,13,wind,4,pw_lower_bound,true,7,5283,MW,0,NaN,
20260811_121452_stage_B_2C_4168a6e9,INEQ-UPPER-D018-H13-PW04,inequality,18,13,wind,4,pw_upper_bound,true,8,5284,MW,0,NaN,
20260811_121452_stage_B_2C_4168a6e9,INEQ-LOWER-D018-H13-PW05,inequality,18,13,wind,5,pw_lower_bound,true,9,5285,MW,0,NaN,
20260811_121452_stage_B_2C_4168a6e9,INEQ-UPPER-D018-H13-PW05,inequality,18,13,wind,5,pw_upper_bound,true,10,5286,MW,0,NaN,
20260811_121452_stage_B_2C_4168a6e9,INEQ-LOWER-D018-H13-PP01,inequality,18,13,solar,1,pp_lower_bound,true,11,5287,MW,0,NaN,
20260811_121452_stage_B_2C_4168a6e9,INEQ-UPPER-D018-H13-PP01,inequality,18,13,solar,1,pp_upper_bound,true,12,5288,MW,0,NaN,
20260811_121452_stage_B_2C_4168a6e9,INEQ-LOWER-D018-H13-PP02,inequality,18,13,solar,2,pp_lower_bound,true,13,5289,MW,0,NaN,
20260811_121452_stage_B_2C_4168a6e9,INEQ-UPPER-D018-H13-PP02,inequality,18,13,solar,2,pp_upper_bound,true,14,5290,MW,0,NaN,
20260811_121452_stage_B_2C_4168a6e9,INEQ-LOWER-D018-H13-PP03,inequality,18,13,solar,3,pp_lower_bound,true,15,5291,MW,0,NaN,
20260811_121452_stage_B_2C_4168a6e9,INEQ-UPPER-D018-H13-PP03,inequality,18,13,solar,3,pp_upper_bound,true,16,5292,MW,0,NaN,
20260811_121452_stage_B_2C_4168a6e9,INEQ-LOWER-D018-H13-PP04,inequality,18,13,solar,4,pp_lower_bound,true,17,5293,MW,0,NaN,
20260811_121452_stage_B_2C_4168a6e9,INEQ-UPPER-D018-H13-PP04,inequality,18,13,solar,4,pp_upper_bound,true,18,5294,MW,0,NaN,
20260811_121452_stage_B_2C_4168a6e9,INEQ-LOWER-D018-H13-PP05,inequality,18,13,solar,5,pp_lower_bound,true,19,5295,MW,0,NaN,
20260811_121452_stage_B_2C_4168a6e9,INEQ-UPPER-D018-H13-PP05,inequality,18,13,solar,5,pp_upper_bound,true,20,5296,MW,0,NaN,
20260811_121452_stage_B_2C_4168a6e9,INEQ-LOWER-D018-H13-PH01,inequality,18,13,hydro,1,ph_lower_bound,true,21,5297,MW,0,NaN,
20260811_121452_stage_B_2C_4168a6e9,INEQ-UPPER-D018-H13-PH01,inequality,18,13,hydro,1,ph_upper_bound,true,22,5298,MW,0,NaN,
20260811_121452_stage_B_2C_4168a6e9,INEQ-LOWER-D018-H13-PH02,inequality,18,13,hydro,2,ph_lower_bound,true,23,5299,MW,0,NaN,
20260811_121452_stage_B_2C_4168a6e9,INEQ-UPPER-D018-H13-PH02,inequality,18,13,hydro,2,ph_upper_bound,true,24,5300,MW,0,NaN,
20260811_121452_stage_B_2C_4168a6e9,INEQ-LOWER-D018-H13-PH03,inequality,18,13,hydro,3,ph_lower_bound,true,25,5301,MW,0,NaN,
20260811_121452_stage_B_2C_4168a6e9,INEQ-UPPER-D018-H13-PH03,inequality,18,13,hydro,3,ph_upper_bound,true,26,5302,MW,0,NaN,
20260811_121452_stage_B_2C_4168a6e9,INEQ-LOWER-D018-H13-PH04,inequality,18,13,hydro,4,ph_lower_bound,true,27,5303,MW,0,NaN,
20260811_121452_stage_B_2C_4168a6e9,INEQ-UPPER-D018-H13-PH04,inequality,18,13,hydro,4,ph_upper_bound,true,28,5304,MW,0,NaN,
20260811_121452_stage_B_2C_4168a6e9,INEQ-LOWER-D018-H13-PF01,inequality,18,13,thermal,1,pf_lower_bound,true,29,5305,MW,0,NaN,
20260811_121452_stage_B_2C_4168a6e9,INEQ-UPPER-D018-H13-PF01,inequality,18,13,thermal,1,pf_upper_bound,true,30,5306,MW,0,NaN,
20260811_121452_stage_B_2C_4168a6e9,INEQ-LOWER-D018-H13-PF02,inequality,18,13,thermal,2,pf_lower_bound,true,31,5307,MW,0,NaN,
20260811_121452_stage_B_2C_4168a6e9,INEQ-UPPER-D018-H13-PF02,inequality,18,13,thermal,2,pf_upper_bound,true,32,5308,MW,0,NaN,
20260811_121452_stage_B_2C_4168a6e9,INEQ-LOWER-D018-H13-PF03,inequality,18,13,thermal,3,pf_lower_bound,true,33,5309,MW,0,NaN,
20260811_121452_stage_B_2C_4168a6e9,INEQ-UPPER-D018-H13-PF03,inequality,18,13,thermal,3,pf_upper_bound,true,34,5310,MW,0,NaN,
20260811_121452_stage_B_2C_4168a6e9,INEQ-LOWER-D018-H13-PF04,inequality,18,13,thermal,4,pf_lower_bound,true,35,5311,MW,0,NaN,
20260811_121452_stage_B_2C_4168a6e9,INEQ-UPPER-D018-H13-PF04,inequality,18,13,thermal,4,pf_upper_bound,true,36,5312,MW,0,NaN,
20260811_121452_stage_B_2C_4168a6e9,INEQ-LOWER-D018-H13-Pch01,inequality,18,13,storage,1,pch_lower_bound,true,37,5313,MW,0,NaN,
20260811_121452_stage_B_2C_4168a6e9,INEQ-UPPER-D018-H13-Pch01,inequality,18,13,storage,1,pch_upper_bound,true,38,5314,MW,0,NaN,
20260811_121452_stage_B_2C_4168a6e9,INEQ-LOWER-D018-H13-Pch02,inequality,18,13,storage,2,pch_lower_bound,true,39,5315,MW,0,NaN,
20260811_121452_stage_B_2C_4168a6e9,INEQ-UPPER-D018-H13-Pch02,inequality,18,13,storage,2,pch_upper_bound,true,40,5316,MW,0,NaN,
20260811_121452_stage_B_2C_4168a6e9,INEQ-LOWER-D018-H13-Pdis01,inequality,18,13,storage,1,pdis_lower_bound,true,41,5317,MW,0,NaN,
20260811_121452_stage_B_2C_4168a6e9,INEQ-UPPER-D018-H13-Pdis01,inequality,18,13,storage,1,pdis_upper_bound,true,42,5318,MW,0,NaN,
20260811_121452_stage_B_2C_4168a6e9,INEQ-LOWER-D018-H13-Pdis02,inequality,18,13,storage,2,pdis_lower_bound,true,43,5319,MW,0,NaN,
20260811_121452_stage_B_2C_4168a6e9,INEQ-UPPER-D018-H13-Pdis02,inequality,18,13,storage,2,pdis_upper_bound,true,44,5320,MW,0,NaN,
20260811_121452_stage_B_2C_4168a6e9,INEQ-LOWER-D018-H13-SOC01,inequality,18,13,storage,1,soc_lower_bound,true,45,5321,MWh,0,NaN,
20260811_121452_stage_B_2C_4168a6e9,INEQ-UPPER-D018-H13-SOC01,inequality,18,13,storage,1,soc_upper_bound,true,46,5322,MWh,0,NaN,
20260811_121452_stage_B_2C_4168a6e9,INEQ-LOWER-D018-H13-SOC02,inequality,18,13,storage,2,soc_lower_bound,true,47,5323,MWh,0,NaN,
20260811_121452_stage_B_2C_4168a6e9,INEQ-UPPER-D018-H13-SOC02,inequality,18,13,storage,2,soc_upper_bound,true,48,5324,MWh,0,NaN,
20260811_121452_stage_B_2C_4168a6e9,INEQ-LOWER-D018-H14-PW01,inequality,18,14,wind,1,pw_lower_bound,true,1,5325,MW,0,NaN,
20260811_121452_stage_B_2C_4168a6e9,INEQ-UPPER-D018-H14-PW01,inequality,18,14,wind,1,pw_upper_bound,true,2,5326,MW,0,NaN,
20260811_121452_stage_B_2C_4168a6e9,INEQ-LOWER-D018-H14-PW02,inequality,18,14,wind,2,pw_lower_bound,true,3,5327,MW,0,NaN,
20260811_121452_stage_B_2C_4168a6e9,INEQ-UPPER-D018-H14-PW02,inequality,18,14,wind,2,pw_upper_bound,true,4,5328,MW,0,NaN,
20260811_121452_stage_B_2C_4168a6e9,INEQ-LOWER-D018-H14-PW03,inequality,18,14,wind,3,pw_lower_bound,true,5,5329,MW,0,NaN,
20260811_121452_stage_B_2C_4168a6e9,INEQ-UPPER-D018-H14-PW03,inequality,18,14,wind,3,pw_upper_bound,true,6,5330,MW,0,NaN,
20260811_121452_stage_B_2C_4168a6e9,INEQ-LOWER-D018-H14-PW04,inequality,18,14,wind,4,pw_lower_bound,true,7,5331,MW,0,NaN,
20260811_121452_stage_B_2C_4168a6e9,INEQ-UPPER-D018-H14-PW04,inequality,18,14,wind,4,pw_upper_bound,true,8,5332,MW,0,NaN,
20260811_121452_stage_B_2C_4168a6e9,INEQ-LOWER-D018-H14-PW05,inequality,18,14,wind,5,pw_lower_bound,true,9,5333,MW,0,NaN,
20260811_121452_stage_B_2C_4168a6e9,INEQ-UPPER-D018-H14-PW05,inequality,18,14,wind,5,pw_upper_bound,true,10,5334,MW,0,NaN,
20260811_121452_stage_B_2C_4168a6e9,INEQ-LOWER-D018-H14-PP01,inequality,18,14,solar,1,pp_lower_bound,true,11,5335,MW,0,NaN,
20260811_121452_stage_B_2C_4168a6e9,INEQ-UPPER-D018-H14-PP01,inequality,18,14,solar,1,pp_upper_bound,true,12,5336,MW,0,NaN,
20260811_121452_stage_B_2C_4168a6e9,INEQ-LOWER-D018-H14-PP02,inequality,18,14,solar,2,pp_lower_bound,true,13,5337,MW,0,NaN,
20260811_121452_stage_B_2C_4168a6e9,INEQ-UPPER-D018-H14-PP02,inequality,18,14,solar,2,pp_upper_bound,true,14,5338,MW,0,NaN,
20260811_121452_stage_B_2C_4168a6e9,INEQ-LOWER-D018-H14-PP03,inequality,18,14,solar,3,pp_lower_bound,true,15,5339,MW,0,NaN,
20260811_121452_stage_B_2C_4168a6e9,INEQ-UPPER-D018-H14-PP03,inequality,18,14,solar,3,pp_upper_bound,true,16,5340,MW,0,NaN,
20260811_121452_stage_B_2C_4168a6e9,INEQ-LOWER-D018-H14-PP04,inequality,18,14,solar,4,pp_lower_bound,true,17,5341,MW,0,NaN,
20260811_121452_stage_B_2C_4168a6e9,INEQ-UPPER-D018-H14-PP04,inequality,18,14,solar,4,pp_upper_bound,true,18,5342,MW,0,NaN,
20260811_121452_stage_B_2C_4168a6e9,INEQ-LOWER-D018-H14-PP05,inequality,18,14,solar,5,pp_lower_bound,true,19,5343,MW,0,NaN,
20260811_121452_stage_B_2C_4168a6e9,INEQ-UPPER-D018-H14-PP05,inequality,18,14,solar,5,pp_upper_bound,true,20,5344,MW,0,NaN,
20260811_121452_stage_B_2C_4168a6e9,INEQ-LOWER-D018-H14-PH01,inequality,18,14,hydro,1,ph_lower_bound,true,21,5345,MW,0,NaN,
20260811_121452_stage_B_2C_4168a6e9,INEQ-UPPER-D018-H14-PH01,inequality,18,14,hydro,1,ph_upper_bound,true,22,5346,MW,0,NaN,
20260811_121452_stage_B_2C_4168a6e9,INEQ-LOWER-D018-H14-PH02,inequality,18,14,hydro,2,ph_lower_bound,true,23,5347,MW,0,NaN,
20260811_121452_stage_B_2C_4168a6e9,INEQ-UPPER-D018-H14-PH02,inequality,18,14,hydro,2,ph_upper_bound,true,24,5348,MW,0,NaN,
20260811_121452_stage_B_2C_4168a6e9,INEQ-LOWER-D018-H14-PH03,inequality,18,14,hydro,3,ph_lower_bound,true,25,5349,MW,0,NaN,
20260811_121452_stage_B_2C_4168a6e9,INEQ-UPPER-D018-H14-PH03,inequality,18,14,hydro,3,ph_upper_bound,true,26,5350,MW,0,NaN,
20260811_121452_stage_B_2C_4168a6e9,INEQ-LOWER-D018-H14-PH04,inequality,18,14,hydro,4,ph_lower_bound,true,27,5351,MW,0,NaN,
20260811_121452_stage_B_2C_4168a6e9,INEQ-UPPER-D018-H14-PH04,inequality,18,14,hydro,4,ph_upper_bound,true,28,5352,MW,0,NaN,
20260811_121452_stage_B_2C_4168a6e9,INEQ-LOWER-D018-H14-PF01,inequality,18,14,thermal,1,pf_lower_bound,true,29,5353,MW,0,NaN,
20260811_121452_stage_B_2C_4168a6e9,INEQ-UPPER-D018-H14-PF01,inequality,18,14,thermal,1,pf_upper_bound,true,30,5354,MW,0,NaN,
20260811_121452_stage_B_2C_4168a6e9,INEQ-LOWER-D018-H14-PF02,inequality,18,14,thermal,2,pf_lower_bound,true,31,5355,MW,0,NaN,
20260811_121452_stage_B_2C_4168a6e9,INEQ-UPPER-D018-H14-PF02,inequality,18,14,thermal,2,pf_upper_bound,true,32,5356,MW,0,NaN,
20260811_121452_stage_B_2C_4168a6e9,INEQ-LOWER-D018-H14-PF03,inequality,18,14,thermal,3,pf_lower_bound,true,33,5357,MW,0,NaN,
20260811_121452_stage_B_2C_4168a6e9,INEQ-UPPER-D018-H14-PF03,inequality,18,14,thermal,3,pf_upper_bound,true,34,5358,MW,0,NaN,
20260811_121452_stage_B_2C_4168a6e9,INEQ-LOWER-D018-H14-PF04,inequality,18,14,thermal,4,pf_lower_bound,true,35,5359,MW,0,NaN,
20260811_121452_stage_B_2C_4168a6e9,INEQ-UPPER-D018-H14-PF04,inequality,18,14,thermal,4,pf_upper_bound,true,36,5360,MW,0,NaN,
20260811_121452_stage_B_2C_4168a6e9,INEQ-LOWER-D018-H14-Pch01,inequality,18,14,storage,1,pch_lower_bound,true,37,5361,MW,0,NaN,
20260811_121452_stage_B_2C_4168a6e9,INEQ-UPPER-D018-H14-Pch01,inequality,18,14,storage,1,pch_upper_bound,true,38,5362,MW,0,NaN,
20260811_121452_stage_B_2C_4168a6e9,INEQ-LOWER-D018-H14-Pch02,inequality,18,14,storage,2,pch_lower_bound,true,39,5363,MW,0,NaN,
20260811_121452_stage_B_2C_4168a6e9,INEQ-UPPER-D018-H14-Pch02,inequality,18,14,storage,2,pch_upper_bound,true,40,5364,MW,0,NaN,
20260811_121452_stage_B_2C_4168a6e9,INEQ-LOWER-D018-H14-Pdis01,inequality,18,14,storage,1,pdis_lower_bound,true,41,5365,MW,0,NaN,
20260811_121452_stage_B_2C_4168a6e9,INEQ-UPPER-D018-H14-Pdis01,inequality,18,14,storage,1,pdis_upper_bound,true,42,5366,MW,0,NaN,
20260811_121452_stage_B_2C_4168a6e9,INEQ-LOWER-D018-H14-Pdis02,inequality,18,14,storage,2,pdis_lower_bound,true,43,5367,MW,0,NaN,
20260811_121452_stage_B_2C_4168a6e9,INEQ-UPPER-D018-H14-Pdis02,inequality,18,14,storage,2,pdis_upper_bound,true,44,5368,MW,0,NaN,
20260811_121452_stage_B_2C_4168a6e9,INEQ-LOWER-D018-H14-SOC01,inequality,18,14,storage,1,soc_lower_bound,true,45,5369,MWh,0,NaN,
20260811_121452_stage_B_2C_4168a6e9,INEQ-UPPER-D018-H14-SOC01,inequality,18,14,storage,1,soc_upper_bound,true,46,5370,MWh,0,NaN,
20260811_121452_stage_B_2C_4168a6e9,INEQ-LOWER-D018-H14-SOC02,inequality,18,14,storage,2,soc_lower_bound,true,47,5371,MWh,0,NaN,
20260811_121452_stage_B_2C_4168a6e9,INEQ-UPPER-D018-H14-SOC02,inequality,18,14,storage,2,soc_upper_bound,true,48,5372,MWh,0,NaN,
20260811_121452_stage_B_2C_4168a6e9,INEQ-LOWER-D018-H15-PW01,inequality,18,15,wind,1,pw_lower_bound,true,1,5373,MW,0,NaN,
20260811_121452_stage_B_2C_4168a6e9,INEQ-UPPER-D018-H15-PW01,inequality,18,15,wind,1,pw_upper_bound,true,2,5374,MW,0,NaN,
20260811_121452_stage_B_2C_4168a6e9,INEQ-LOWER-D018-H15-PW02,inequality,18,15,wind,2,pw_lower_bound,true,3,5375,MW,0,NaN,
20260811_121452_stage_B_2C_4168a6e9,INEQ-UPPER-D018-H15-PW02,inequality,18,15,wind,2,pw_upper_bound,true,4,5376,MW,0,NaN,
20260811_121452_stage_B_2C_4168a6e9,INEQ-LOWER-D018-H15-PW03,inequality,18,15,wind,3,pw_lower_bound,true,5,5377,MW,0,NaN,
20260811_121452_stage_B_2C_4168a6e9,INEQ-UPPER-D018-H15-PW03,inequality,18,15,wind,3,pw_upper_bound,true,6,5378,MW,0,NaN,
20260811_121452_stage_B_2C_4168a6e9,INEQ-LOWER-D018-H15-PW04,inequality,18,15,wind,4,pw_lower_bound,true,7,5379,MW,0,NaN,
20260811_121452_stage_B_2C_4168a6e9,INEQ-UPPER-D018-H15-PW04,inequality,18,15,wind,4,pw_upper_bound,true,8,5380,MW,0,NaN,
20260811_121452_stage_B_2C_4168a6e9,INEQ-LOWER-D018-H15-PW05,inequality,18,15,wind,5,pw_lower_bound,true,9,5381,MW,0,NaN,
20260811_121452_stage_B_2C_4168a6e9,INEQ-UPPER-D018-H15-PW05,inequality,18,15,wind,5,pw_upper_bound,true,10,5382,MW,0,NaN,
20260811_121452_stage_B_2C_4168a6e9,INEQ-LOWER-D018-H15-PP01,inequality,18,15,solar,1,pp_lower_bound,true,11,5383,MW,0,NaN,
20260811_121452_stage_B_2C_4168a6e9,INEQ-UPPER-D018-H15-PP01,inequality,18,15,solar,1,pp_upper_bound,true,12,5384,MW,0,NaN,
20260811_121452_stage_B_2C_4168a6e9,INEQ-LOWER-D018-H15-PP02,inequality,18,15,solar,2,pp_lower_bound,true,13,5385,MW,0,NaN,
20260811_121452_stage_B_2C_4168a6e9,INEQ-UPPER-D018-H15-PP02,inequality,18,15,solar,2,pp_upper_bound,true,14,5386,MW,0,NaN,
20260811_121452_stage_B_2C_4168a6e9,INEQ-LOWER-D018-H15-PP03,inequality,18,15,solar,3,pp_lower_bound,true,15,5387,MW,0,NaN,
20260811_121452_stage_B_2C_4168a6e9,INEQ-UPPER-D018-H15-PP03,inequality,18,15,solar,3,pp_upper_bound,true,16,5388,MW,0,NaN,
20260811_121452_stage_B_2C_4168a6e9,INEQ-LOWER-D018-H15-PP04,inequality,18,15,solar,4,pp_lower_bound,true,17,5389,MW,0,NaN,
20260811_121452_stage_B_2C_4168a6e9,INEQ-UPPER-D018-H15-PP04,inequality,18,15,solar,4,pp_upper_bound,true,18,5390,MW,0,NaN,
20260811_121452_stage_B_2C_4168a6e9,INEQ-LOWER-D018-H15-PP05,inequality,18,15,solar,5,pp_lower_bound,true,19,5391,MW,0,NaN,
20260811_121452_stage_B_2C_4168a6e9,INEQ-UPPER-D018-H15-PP05,inequality,18,15,solar,5,pp_upper_bound,true,20,5392,MW,0,NaN,
20260811_121452_stage_B_2C_4168a6e9,INEQ-LOWER-D018-H15-PH01,inequality,18,15,hydro,1,ph_lower_bound,true,21,5393,MW,0,NaN,
20260811_121452_stage_B_2C_4168a6e9,INEQ-UPPER-D018-H15-PH01,inequality,18,15,hydro,1,ph_upper_bound,true,22,5394,MW,0,NaN,
20260811_121452_stage_B_2C_4168a6e9,INEQ-LOWER-D018-H15-PH02,inequality,18,15,hydro,2,ph_lower_bound,true,23,5395,MW,0,NaN,
20260811_121452_stage_B_2C_4168a6e9,INEQ-UPPER-D018-H15-PH02,inequality,18,15,hydro,2,ph_upper_bound,true,24,5396,MW,0,NaN,
20260811_121452_stage_B_2C_4168a6e9,INEQ-LOWER-D018-H15-PH03,inequality,18,15,hydro,3,ph_lower_bound,true,25,5397,MW,0,NaN,
20260811_121452_stage_B_2C_4168a6e9,INEQ-UPPER-D018-H15-PH03,inequality,18,15,hydro,3,ph_upper_bound,true,26,5398,MW,0,NaN,
20260811_121452_stage_B_2C_4168a6e9,INEQ-LOWER-D018-H15-PH04,inequality,18,15,hydro,4,ph_lower_bound,true,27,5399,MW,0,NaN,
20260811_121452_stage_B_2C_4168a6e9,INEQ-UPPER-D018-H15-PH04,inequality,18,15,hydro,4,ph_upper_bound,true,28,5400,MW,0,NaN,
20260811_121452_stage_B_2C_4168a6e9,INEQ-LOWER-D018-H15-PF01,inequality,18,15,thermal,1,pf_lower_bound,true,29,5401,MW,0,NaN,
20260811_121452_stage_B_2C_4168a6e9,INEQ-UPPER-D018-H15-PF01,inequality,18,15,thermal,1,pf_upper_bound,true,30,5402,MW,0,NaN,
20260811_121452_stage_B_2C_4168a6e9,INEQ-LOWER-D018-H15-PF02,inequality,18,15,thermal,2,pf_lower_bound,true,31,5403,MW,0,NaN,
20260811_121452_stage_B_2C_4168a6e9,INEQ-UPPER-D018-H15-PF02,inequality,18,15,thermal,2,pf_upper_bound,true,32,5404,MW,0,NaN,
20260811_121452_stage_B_2C_4168a6e9,INEQ-LOWER-D018-H15-PF03,inequality,18,15,thermal,3,pf_lower_bound,true,33,5405,MW,0,NaN,
20260811_121452_stage_B_2C_4168a6e9,INEQ-UPPER-D018-H15-PF03,inequality,18,15,thermal,3,pf_upper_bound,true,34,5406,MW,0,NaN,
20260811_121452_stage_B_2C_4168a6e9,INEQ-LOWER-D018-H15-PF04,inequality,18,15,thermal,4,pf_lower_bound,true,35,5407,MW,0,NaN,
20260811_121452_stage_B_2C_4168a6e9,INEQ-UPPER-D018-H15-PF04,inequality,18,15,thermal,4,pf_upper_bound,true,36,5408,MW,0,NaN,
20260811_121452_stage_B_2C_4168a6e9,INEQ-LOWER-D018-H15-Pch01,inequality,18,15,storage,1,pch_lower_bound,true,37,5409,MW,0,NaN,
20260811_121452_stage_B_2C_4168a6e9,INEQ-UPPER-D018-H15-Pch01,inequality,18,15,storage,1,pch_upper_bound,true,38,5410,MW,0,NaN,
20260811_121452_stage_B_2C_4168a6e9,INEQ-LOWER-D018-H15-Pch02,inequality,18,15,storage,2,pch_lower_bound,true,39,5411,MW,0,NaN,
20260811_121452_stage_B_2C_4168a6e9,INEQ-UPPER-D018-H15-Pch02,inequality,18,15,storage,2,pch_upper_bound,true,40,5412,MW,0,NaN,
20260811_121452_stage_B_2C_4168a6e9,INEQ-LOWER-D018-H15-Pdis01,inequality,18,15,storage,1,pdis_lower_bound,true,41,5413,MW,0,NaN,
20260811_121452_stage_B_2C_4168a6e9,INEQ-UPPER-D018-H15-Pdis01,inequality,18,15,storage,1,pdis_upper_bound,true,42,5414,MW,0,NaN,
20260811_121452_stage_B_2C_4168a6e9,INEQ-LOWER-D018-H15-Pdis02,inequality,18,15,storage,2,pdis_lower_bound,true,43,5415,MW,0,NaN,
20260811_121452_stage_B_2C_4168a6e9,INEQ-UPPER-D018-H15-Pdis02,inequality,18,15,storage,2,pdis_upper_bound,true,44,5416,MW,0,NaN,
20260811_121452_stage_B_2C_4168a6e9,INEQ-LOWER-D018-H15-SOC01,inequality,18,15,storage,1,soc_lower_bound,true,45,5417,MWh,0,NaN,
20260811_121452_stage_B_2C_4168a6e9,INEQ-UPPER-D018-H15-SOC01,inequality,18,15,storage,1,soc_upper_bound,true,46,5418,MWh,0,NaN,
20260811_121452_stage_B_2C_4168a6e9,INEQ-LOWER-D018-H15-SOC02,inequality,18,15,storage,2,soc_lower_bound,true,47,5419,MWh,0,NaN,
20260811_121452_stage_B_2C_4168a6e9,INEQ-UPPER-D018-H15-SOC02,inequality,18,15,storage,2,soc_upper_bound,true,48,5420,MWh,0,NaN,
20260811_121452_stage_B_2C_4168a6e9,INEQ-LOWER-D018-H16-PW01,inequality,18,16,wind,1,pw_lower_bound,true,1,5421,MW,0,NaN,
20260811_121452_stage_B_2C_4168a6e9,INEQ-UPPER-D018-H16-PW01,inequality,18,16,wind,1,pw_upper_bound,true,2,5422,MW,0,NaN,
20260811_121452_stage_B_2C_4168a6e9,INEQ-LOWER-D018-H16-PW02,inequality,18,16,wind,2,pw_lower_bound,true,3,5423,MW,0,NaN,
20260811_121452_stage_B_2C_4168a6e9,INEQ-UPPER-D018-H16-PW02,inequality,18,16,wind,2,pw_upper_bound,true,4,5424,MW,0,NaN,
20260811_121452_stage_B_2C_4168a6e9,INEQ-LOWER-D018-H16-PW03,inequality,18,16,wind,3,pw_lower_bound,true,5,5425,MW,0,NaN,
20260811_121452_stage_B_2C_4168a6e9,INEQ-UPPER-D018-H16-PW03,inequality,18,16,wind,3,pw_upper_bound,true,6,5426,MW,0,NaN,
20260811_121452_stage_B_2C_4168a6e9,INEQ-LOWER-D018-H16-PW04,inequality,18,16,wind,4,pw_lower_bound,true,7,5427,MW,0,NaN,
20260811_121452_stage_B_2C_4168a6e9,INEQ-UPPER-D018-H16-PW04,inequality,18,16,wind,4,pw_upper_bound,true,8,5428,MW,0,NaN,
20260811_121452_stage_B_2C_4168a6e9,INEQ-LOWER-D018-H16-PW05,inequality,18,16,wind,5,pw_lower_bound,true,9,5429,MW,0,NaN,
20260811_121452_stage_B_2C_4168a6e9,INEQ-UPPER-D018-H16-PW05,inequality,18,16,wind,5,pw_upper_bound,true,10,5430,MW,0,NaN,
20260811_121452_stage_B_2C_4168a6e9,INEQ-LOWER-D018-H16-PP01,inequality,18,16,solar,1,pp_lower_bound,true,11,5431,MW,0,NaN,
20260811_121452_stage_B_2C_4168a6e9,INEQ-UPPER-D018-H16-PP01,inequality,18,16,solar,1,pp_upper_bound,true,12,5432,MW,0,NaN,
20260811_121452_stage_B_2C_4168a6e9,INEQ-LOWER-D018-H16-PP02,inequality,18,16,solar,2,pp_lower_bound,true,13,5433,MW,0,NaN,
20260811_121452_stage_B_2C_4168a6e9,INEQ-UPPER-D018-H16-PP02,inequality,18,16,solar,2,pp_upper_bound,true,14,5434,MW,0,NaN,
20260811_121452_stage_B_2C_4168a6e9,INEQ-LOWER-D018-H16-PP03,inequality,18,16,solar,3,pp_lower_bound,true,15,5435,MW,0,NaN,
20260811_121452_stage_B_2C_4168a6e9,INEQ-UPPER-D018-H16-PP03,inequality,18,16,solar,3,pp_upper_bound,true,16,5436,MW,0,NaN,
20260811_121452_stage_B_2C_4168a6e9,INEQ-LOWER-D018-H16-PP04,inequality,18,16,solar,4,pp_lower_bound,true,17,5437,MW,0,NaN,
20260811_121452_stage_B_2C_4168a6e9,INEQ-UPPER-D018-H16-PP04,inequality,18,16,solar,4,pp_upper_bound,true,18,5438,MW,0,NaN,
20260811_121452_stage_B_2C_4168a6e9,INEQ-LOWER-D018-H16-PP05,inequality,18,16,solar,5,pp_lower_bound,true,19,5439,MW,0,NaN,
20260811_121452_stage_B_2C_4168a6e9,INEQ-UPPER-D018-H16-PP05,inequality,18,16,solar,5,pp_upper_bound,true,20,5440,MW,0,NaN,
20260811_121452_stage_B_2C_4168a6e9,INEQ-LOWER-D018-H16-PH01,inequality,18,16,hydro,1,ph_lower_bound,true,21,5441,MW,0,NaN,
20260811_121452_stage_B_2C_4168a6e9,INEQ-UPPER-D018-H16-PH01,inequality,18,16,hydro,1,ph_upper_bound,true,22,5442,MW,0,NaN,
20260811_121452_stage_B_2C_4168a6e9,INEQ-LOWER-D018-H16-PH02,inequality,18,16,hydro,2,ph_lower_bound,true,23,5443,MW,0,NaN,
20260811_121452_stage_B_2C_4168a6e9,INEQ-UPPER-D018-H16-PH02,inequality,18,16,hydro,2,ph_upper_bound,true,24,5444,MW,0,NaN,
20260811_121452_stage_B_2C_4168a6e9,INEQ-LOWER-D018-H16-PH03,inequality,18,16,hydro,3,ph_lower_bound,true,25,5445,MW,0,NaN,
20260811_121452_stage_B_2C_4168a6e9,INEQ-UPPER-D018-H16-PH03,inequality,18,16,hydro,3,ph_upper_bound,true,26,5446,MW,0,NaN,
20260811_121452_stage_B_2C_4168a6e9,INEQ-LOWER-D018-H16-PH04,inequality,18,16,hydro,4,ph_lower_bound,true,27,5447,MW,0,NaN,
20260811_121452_stage_B_2C_4168a6e9,INEQ-UPPER-D018-H16-PH04,inequality,18,16,hydro,4,ph_upper_bound,true,28,5448,MW,0,NaN,
20260811_121452_stage_B_2C_4168a6e9,INEQ-LOWER-D018-H16-PF01,inequality,18,16,thermal,1,pf_lower_bound,true,29,5449,MW,0,NaN,
20260811_121452_stage_B_2C_4168a6e9,INEQ-UPPER-D018-H16-PF01,inequality,18,16,thermal,1,pf_upper_bound,true,30,5450,MW,0,NaN,
20260811_121452_stage_B_2C_4168a6e9,INEQ-LOWER-D018-H16-PF02,inequality,18,16,thermal,2,pf_lower_bound,true,31,5451,MW,0,NaN,
20260811_121452_stage_B_2C_4168a6e9,INEQ-UPPER-D018-H16-PF02,inequality,18,16,thermal,2,pf_upper_bound,true,32,5452,MW,0,NaN,
20260811_121452_stage_B_2C_4168a6e9,INEQ-LOWER-D018-H16-PF03,inequality,18,16,thermal,3,pf_lower_bound,true,33,5453,MW,0,NaN,
20260811_121452_stage_B_2C_4168a6e9,INEQ-UPPER-D018-H16-PF03,inequality,18,16,thermal,3,pf_upper_bound,true,34,5454,MW,0,NaN,
20260811_121452_stage_B_2C_4168a6e9,INEQ-LOWER-D018-H16-PF04,inequality,18,16,thermal,4,pf_lower_bound,true,35,5455,MW,0,NaN,
20260811_121452_stage_B_2C_4168a6e9,INEQ-UPPER-D018-H16-PF04,inequality,18,16,thermal,4,pf_upper_bound,true,36,5456,MW,0,NaN,
20260811_121452_stage_B_2C_4168a6e9,INEQ-LOWER-D018-H16-Pch01,inequality,18,16,storage,1,pch_lower_bound,true,37,5457,MW,0,NaN,
20260811_121452_stage_B_2C_4168a6e9,INEQ-UPPER-D018-H16-Pch01,inequality,18,16,storage,1,pch_upper_bound,true,38,5458,MW,0,NaN,
20260811_121452_stage_B_2C_4168a6e9,INEQ-LOWER-D018-H16-Pch02,inequality,18,16,storage,2,pch_lower_bound,true,39,5459,MW,0,NaN,
20260811_121452_stage_B_2C_4168a6e9,INEQ-UPPER-D018-H16-Pch02,inequality,18,16,storage,2,pch_upper_bound,true,40,5460,MW,0,NaN,
20260811_121452_stage_B_2C_4168a6e9,INEQ-LOWER-D018-H16-Pdis01,inequality,18,16,storage,1,pdis_lower_bound,true,41,5461,MW,0,NaN,
20260811_121452_stage_B_2C_4168a6e9,INEQ-UPPER-D018-H16-Pdis01,inequality,18,16,storage,1,pdis_upper_bound,true,42,5462,MW,0,NaN,
20260811_121452_stage_B_2C_4168a6e9,INEQ-LOWER-D018-H16-Pdis02,inequality,18,16,storage,2,pdis_lower_bound,true,43,5463,MW,0,NaN,
20260811_121452_stage_B_2C_4168a6e9,INEQ-UPPER-D018-H16-Pdis02,inequality,18,16,storage,2,pdis_upper_bound,true,44,5464,MW,0,NaN,
20260811_121452_stage_B_2C_4168a6e9,INEQ-LOWER-D018-H16-SOC01,inequality,18,16,storage,1,soc_lower_bound,true,45,5465,MWh,0,NaN,
20260811_121452_stage_B_2C_4168a6e9,INEQ-UPPER-D018-H16-SOC01,inequality,18,16,storage,1,soc_upper_bound,true,46,5466,MWh,0,NaN,
20260811_121452_stage_B_2C_4168a6e9,INEQ-LOWER-D018-H16-SOC02,inequality,18,16,storage,2,soc_lower_bound,true,47,5467,MWh,0,NaN,
20260811_121452_stage_B_2C_4168a6e9,INEQ-UPPER-D018-H16-SOC02,inequality,18,16,storage,2,soc_upper_bound,true,48,5468,MWh,0,NaN,
20260811_121452_stage_B_2C_4168a6e9,INEQ-LOWER-D018-H17-PW01,inequality,18,17,wind,1,pw_lower_bound,true,1,5469,MW,0,NaN,
20260811_121452_stage_B_2C_4168a6e9,INEQ-UPPER-D018-H17-PW01,inequality,18,17,wind,1,pw_upper_bound,true,2,5470,MW,0,NaN,
20260811_121452_stage_B_2C_4168a6e9,INEQ-LOWER-D018-H17-PW02,inequality,18,17,wind,2,pw_lower_bound,true,3,5471,MW,0,NaN,
20260811_121452_stage_B_2C_4168a6e9,INEQ-UPPER-D018-H17-PW02,inequality,18,17,wind,2,pw_upper_bound,true,4,5472,MW,0,NaN,
20260811_121452_stage_B_2C_4168a6e9,INEQ-LOWER-D018-H17-PW03,inequality,18,17,wind,3,pw_lower_bound,true,5,5473,MW,0,NaN,
20260811_121452_stage_B_2C_4168a6e9,INEQ-UPPER-D018-H17-PW03,inequality,18,17,wind,3,pw_upper_bound,true,6,5474,MW,0,NaN,
20260811_121452_stage_B_2C_4168a6e9,INEQ-LOWER-D018-H17-PW04,inequality,18,17,wind,4,pw_lower_bound,true,7,5475,MW,0,NaN,
20260811_121452_stage_B_2C_4168a6e9,INEQ-UPPER-D018-H17-PW04,inequality,18,17,wind,4,pw_upper_bound,true,8,5476,MW,0,NaN,
20260811_121452_stage_B_2C_4168a6e9,INEQ-LOWER-D018-H17-PW05,inequality,18,17,wind,5,pw_lower_bound,true,9,5477,MW,0,NaN,
20260811_121452_stage_B_2C_4168a6e9,INEQ-UPPER-D018-H17-PW05,inequality,18,17,wind,5,pw_upper_bound,true,10,5478,MW,0,NaN,
20260811_121452_stage_B_2C_4168a6e9,INEQ-LOWER-D018-H17-PP01,inequality,18,17,solar,1,pp_lower_bound,true,11,5479,MW,0,NaN,
20260811_121452_stage_B_2C_4168a6e9,INEQ-UPPER-D018-H17-PP01,inequality,18,17,solar,1,pp_upper_bound,true,12,5480,MW,0,NaN,
20260811_121452_stage_B_2C_4168a6e9,INEQ-LOWER-D018-H17-PP02,inequality,18,17,solar,2,pp_lower_bound,true,13,5481,MW,0,NaN,
20260811_121452_stage_B_2C_4168a6e9,INEQ-UPPER-D018-H17-PP02,inequality,18,17,solar,2,pp_upper_bound,true,14,5482,MW,0,NaN,
20260811_121452_stage_B_2C_4168a6e9,INEQ-LOWER-D018-H17-PP03,inequality,18,17,solar,3,pp_lower_bound,true,15,5483,MW,0,NaN,
20260811_121452_stage_B_2C_4168a6e9,INEQ-UPPER-D018-H17-PP03,inequality,18,17,solar,3,pp_upper_bound,true,16,5484,MW,0,NaN,
20260811_121452_stage_B_2C_4168a6e9,INEQ-LOWER-D018-H17-PP04,inequality,18,17,solar,4,pp_lower_bound,true,17,5485,MW,0,NaN,
20260811_121452_stage_B_2C_4168a6e9,INEQ-UPPER-D018-H17-PP04,inequality,18,17,solar,4,pp_upper_bound,true,18,5486,MW,0,NaN,
20260811_121452_stage_B_2C_4168a6e9,INEQ-LOWER-D018-H17-PP05,inequality,18,17,solar,5,pp_lower_bound,true,19,5487,MW,0,NaN,
20260811_121452_stage_B_2C_4168a6e9,INEQ-UPPER-D018-H17-PP05,inequality,18,17,solar,5,pp_upper_bound,true,20,5488,MW,0,NaN,
20260811_121452_stage_B_2C_4168a6e9,INEQ-LOWER-D018-H17-PH01,inequality,18,17,hydro,1,ph_lower_bound,true,21,5489,MW,0,NaN,
20260811_121452_stage_B_2C_4168a6e9,INEQ-UPPER-D018-H17-PH01,inequality,18,17,hydro,1,ph_upper_bound,true,22,5490,MW,0,NaN,
20260811_121452_stage_B_2C_4168a6e9,INEQ-LOWER-D018-H17-PH02,inequality,18,17,hydro,2,ph_lower_bound,true,23,5491,MW,0,NaN,
20260811_121452_stage_B_2C_4168a6e9,INEQ-UPPER-D018-H17-PH02,inequality,18,17,hydro,2,ph_upper_bound,true,24,5492,MW,0,NaN,
20260811_121452_stage_B_2C_4168a6e9,INEQ-LOWER-D018-H17-PH03,inequality,18,17,hydro,3,ph_lower_bound,true,25,5493,MW,0,NaN,
20260811_121452_stage_B_2C_4168a6e9,INEQ-UPPER-D018-H17-PH03,inequality,18,17,hydro,3,ph_upper_bound,true,26,5494,MW,0,NaN,
20260811_121452_stage_B_2C_4168a6e9,INEQ-LOWER-D018-H17-PH04,inequality,18,17,hydro,4,ph_lower_bound,true,27,5495,MW,0,NaN,
20260811_121452_stage_B_2C_4168a6e9,INEQ-UPPER-D018-H17-PH04,inequality,18,17,hydro,4,ph_upper_bound,true,28,5496,MW,0,NaN,
20260811_121452_stage_B_2C_4168a6e9,INEQ-LOWER-D018-H17-PF01,inequality,18,17,thermal,1,pf_lower_bound,true,29,5497,MW,0,NaN,
20260811_121452_stage_B_2C_4168a6e9,INEQ-UPPER-D018-H17-PF01,inequality,18,17,thermal,1,pf_upper_bound,true,30,5498,MW,0,NaN,
20260811_121452_stage_B_2C_4168a6e9,INEQ-LOWER-D018-H17-PF02,inequality,18,17,thermal,2,pf_lower_bound,true,31,5499,MW,0,NaN,
20260811_121452_stage_B_2C_4168a6e9,INEQ-UPPER-D018-H17-PF02,inequality,18,17,thermal,2,pf_upper_bound,true,32,5500,MW,0,NaN,
20260811_121452_stage_B_2C_4168a6e9,INEQ-LOWER-D018-H17-PF03,inequality,18,17,thermal,3,pf_lower_bound,true,33,5501,MW,0,NaN,
20260811_121452_stage_B_2C_4168a6e9,INEQ-UPPER-D018-H17-PF03,inequality,18,17,thermal,3,pf_upper_bound,true,34,5502,MW,0,NaN,
20260811_121452_stage_B_2C_4168a6e9,INEQ-LOWER-D018-H17-PF04,inequality,18,17,thermal,4,pf_lower_bound,true,35,5503,MW,0,NaN,
20260811_121452_stage_B_2C_4168a6e9,INEQ-UPPER-D018-H17-PF04,inequality,18,17,thermal,4,pf_upper_bound,true,36,5504,MW,0,NaN,
20260811_121452_stage_B_2C_4168a6e9,INEQ-LOWER-D018-H17-Pch01,inequality,18,17,storage,1,pch_lower_bound,true,37,5505,MW,0,NaN,
20260811_121452_stage_B_2C_4168a6e9,INEQ-UPPER-D018-H17-Pch01,inequality,18,17,storage,1,pch_upper_bound,true,38,5506,MW,0,NaN,
20260811_121452_stage_B_2C_4168a6e9,INEQ-LOWER-D018-H17-Pch02,inequality,18,17,storage,2,pch_lower_bound,true,39,5507,MW,0,NaN,
20260811_121452_stage_B_2C_4168a6e9,INEQ-UPPER-D018-H17-Pch02,inequality,18,17,storage,2,pch_upper_bound,true,40,5508,MW,0,NaN,
20260811_121452_stage_B_2C_4168a6e9,INEQ-LOWER-D018-H17-Pdis01,inequality,18,17,storage,1,pdis_lower_bound,true,41,5509,MW,0,NaN,
20260811_121452_stage_B_2C_4168a6e9,INEQ-UPPER-D018-H17-Pdis01,inequality,18,17,storage,1,pdis_upper_bound,true,42,5510,MW,0,NaN,
20260811_121452_stage_B_2C_4168a6e9,INEQ-LOWER-D018-H17-Pdis02,inequality,18,17,storage,2,pdis_lower_bound,true,43,5511,MW,0,NaN,
20260811_121452_stage_B_2C_4168a6e9,INEQ-UPPER-D018-H17-Pdis02,inequality,18,17,storage,2,pdis_upper_bound,true,44,5512,MW,0,NaN,
20260811_121452_stage_B_2C_4168a6e9,INEQ-LOWER-D018-H17-SOC01,inequality,18,17,storage,1,soc_lower_bound,true,45,5513,MWh,0,NaN,
20260811_121452_stage_B_2C_4168a6e9,INEQ-UPPER-D018-H17-SOC01,inequality,18,17,storage,1,soc_upper_bound,true,46,5514,MWh,0,NaN,
20260811_121452_stage_B_2C_4168a6e9,INEQ-LOWER-D018-H17-SOC02,inequality,18,17,storage,2,soc_lower_bound,true,47,5515,MWh,0,NaN,
20260811_121452_stage_B_2C_4168a6e9,INEQ-UPPER-D018-H17-SOC02,inequality,18,17,storage,2,soc_upper_bound,true,48,5516,MWh,0,NaN,
20260811_121452_stage_B_2C_4168a6e9,INEQ-LOWER-D018-H18-PW01,inequality,18,18,wind,1,pw_lower_bound,true,1,5517,MW,0,NaN,
20260811_121452_stage_B_2C_4168a6e9,INEQ-UPPER-D018-H18-PW01,inequality,18,18,wind,1,pw_upper_bound,true,2,5518,MW,0,NaN,
20260811_121452_stage_B_2C_4168a6e9,INEQ-LOWER-D018-H18-PW02,inequality,18,18,wind,2,pw_lower_bound,true,3,5519,MW,0,NaN,
20260811_121452_stage_B_2C_4168a6e9,INEQ-UPPER-D018-H18-PW02,inequality,18,18,wind,2,pw_upper_bound,true,4,5520,MW,0,NaN,
20260811_121452_stage_B_2C_4168a6e9,INEQ-LOWER-D018-H18-PW03,inequality,18,18,wind,3,pw_lower_bound,true,5,5521,MW,0,NaN,
20260811_121452_stage_B_2C_4168a6e9,INEQ-UPPER-D018-H18-PW03,inequality,18,18,wind,3,pw_upper_bound,true,6,5522,MW,0,NaN,
20260811_121452_stage_B_2C_4168a6e9,INEQ-LOWER-D018-H18-PW04,inequality,18,18,wind,4,pw_lower_bound,true,7,5523,MW,0,NaN,
20260811_121452_stage_B_2C_4168a6e9,INEQ-UPPER-D018-H18-PW04,inequality,18,18,wind,4,pw_upper_bound,true,8,5524,MW,0,NaN,
20260811_121452_stage_B_2C_4168a6e9,INEQ-LOWER-D018-H18-PW05,inequality,18,18,wind,5,pw_lower_bound,true,9,5525,MW,0,NaN,
20260811_121452_stage_B_2C_4168a6e9,INEQ-UPPER-D018-H18-PW05,inequality,18,18,wind,5,pw_upper_bound,true,10,5526,MW,0,NaN,
20260811_121452_stage_B_2C_4168a6e9,INEQ-LOWER-D018-H18-PP01,inequality,18,18,solar,1,pp_lower_bound,true,11,5527,MW,0,NaN,
20260811_121452_stage_B_2C_4168a6e9,INEQ-UPPER-D018-H18-PP01,inequality,18,18,solar,1,pp_upper_bound,true,12,5528,MW,0,NaN,
20260811_121452_stage_B_2C_4168a6e9,INEQ-LOWER-D018-H18-PP02,inequality,18,18,solar,2,pp_lower_bound,true,13,5529,MW,0,NaN,
20260811_121452_stage_B_2C_4168a6e9,INEQ-UPPER-D018-H18-PP02,inequality,18,18,solar,2,pp_upper_bound,true,14,5530,MW,0,NaN,
20260811_121452_stage_B_2C_4168a6e9,INEQ-LOWER-D018-H18-PP03,inequality,18,18,solar,3,pp_lower_bound,true,15,5531,MW,0,NaN,
20260811_121452_stage_B_2C_4168a6e9,INEQ-UPPER-D018-H18-PP03,inequality,18,18,solar,3,pp_upper_bound,true,16,5532,MW,0,NaN,
20260811_121452_stage_B_2C_4168a6e9,INEQ-LOWER-D018-H18-PP04,inequality,18,18,solar,4,pp_lower_bound,true,17,5533,MW,0,NaN,
20260811_121452_stage_B_2C_4168a6e9,INEQ-UPPER-D018-H18-PP04,inequality,18,18,solar,4,pp_upper_bound,true,18,5534,MW,0,NaN,
20260811_121452_stage_B_2C_4168a6e9,INEQ-LOWER-D018-H18-PP05,inequality,18,18,solar,5,pp_lower_bound,true,19,5535,MW,0,NaN,
20260811_121452_stage_B_2C_4168a6e9,INEQ-UPPER-D018-H18-PP05,inequality,18,18,solar,5,pp_upper_bound,true,20,5536,MW,0,NaN,
20260811_121452_stage_B_2C_4168a6e9,INEQ-LOWER-D018-H18-PH01,inequality,18,18,hydro,1,ph_lower_bound,true,21,5537,MW,0,NaN,
20260811_121452_stage_B_2C_4168a6e9,INEQ-UPPER-D018-H18-PH01,inequality,18,18,hydro,1,ph_upper_bound,true,22,5538,MW,0,NaN,
20260811_121452_stage_B_2C_4168a6e9,INEQ-LOWER-D018-H18-PH02,inequality,18,18,hydro,2,ph_lower_bound,true,23,5539,MW,0,NaN,
20260811_121452_stage_B_2C_4168a6e9,INEQ-UPPER-D018-H18-PH02,inequality,18,18,hydro,2,ph_upper_bound,true,24,5540,MW,0,NaN,
20260811_121452_stage_B_2C_4168a6e9,INEQ-LOWER-D018-H18-PH03,inequality,18,18,hydro,3,ph_lower_bound,true,25,5541,MW,0,NaN,
20260811_121452_stage_B_2C_4168a6e9,INEQ-UPPER-D018-H18-PH03,inequality,18,18,hydro,3,ph_upper_bound,true,26,5542,MW,0,NaN,
20260811_121452_stage_B_2C_4168a6e9,INEQ-LOWER-D018-H18-PH04,inequality,18,18,hydro,4,ph_lower_bound,true,27,5543,MW,0,NaN,
20260811_121452_stage_B_2C_4168a6e9,INEQ-UPPER-D018-H18-PH04,inequality,18,18,hydro,4,ph_upper_bound,true,28,5544,MW,0,NaN,
20260811_121452_stage_B_2C_4168a6e9,INEQ-LOWER-D018-H18-PF01,inequality,18,18,thermal,1,pf_lower_bound,true,29,5545,MW,0,NaN,
20260811_121452_stage_B_2C_4168a6e9,INEQ-UPPER-D018-H18-PF01,inequality,18,18,thermal,1,pf_upper_bound,true,30,5546,MW,0,NaN,
20260811_121452_stage_B_2C_4168a6e9,INEQ-LOWER-D018-H18-PF02,inequality,18,18,thermal,2,pf_lower_bound,true,31,5547,MW,0,NaN,
20260811_121452_stage_B_2C_4168a6e9,INEQ-UPPER-D018-H18-PF02,inequality,18,18,thermal,2,pf_upper_bound,true,32,5548,MW,0,NaN,
20260811_121452_stage_B_2C_4168a6e9,INEQ-LOWER-D018-H18-PF03,inequality,18,18,thermal,3,pf_lower_bound,true,33,5549,MW,0,NaN,
20260811_121452_stage_B_2C_4168a6e9,INEQ-UPPER-D018-H18-PF03,inequality,18,18,thermal,3,pf_upper_bound,true,34,5550,MW,0,NaN,
20260811_121452_stage_B_2C_4168a6e9,INEQ-LOWER-D018-H18-PF04,inequality,18,18,thermal,4,pf_lower_bound,true,35,5551,MW,0,NaN,
20260811_121452_stage_B_2C_4168a6e9,INEQ-UPPER-D018-H18-PF04,inequality,18,18,thermal,4,pf_upper_bound,true,36,5552,MW,0,NaN,
20260811_121452_stage_B_2C_4168a6e9,INEQ-LOWER-D018-H18-Pch01,inequality,18,18,storage,1,pch_lower_bound,true,37,5553,MW,0,NaN,
20260811_121452_stage_B_2C_4168a6e9,INEQ-UPPER-D018-H18-Pch01,inequality,18,18,storage,1,pch_upper_bound,true,38,5554,MW,0,NaN,
20260811_121452_stage_B_2C_4168a6e9,INEQ-LOWER-D018-H18-Pch02,inequality,18,18,storage,2,pch_lower_bound,true,39,5555,MW,0,NaN,
20260811_121452_stage_B_2C_4168a6e9,INEQ-UPPER-D018-H18-Pch02,inequality,18,18,storage,2,pch_upper_bound,true,40,5556,MW,0,NaN,
20260811_121452_stage_B_2C_4168a6e9,INEQ-LOWER-D018-H18-Pdis01,inequality,18,18,storage,1,pdis_lower_bound,true,41,5557,MW,0,NaN,
20260811_121452_stage_B_2C_4168a6e9,INEQ-UPPER-D018-H18-Pdis01,inequality,18,18,storage,1,pdis_upper_bound,true,42,5558,MW,0,NaN,
20260811_121452_stage_B_2C_4168a6e9,INEQ-LOWER-D018-H18-Pdis02,inequality,18,18,storage,2,pdis_lower_bound,true,43,5559,MW,0,NaN,
20260811_121452_stage_B_2C_4168a6e9,INEQ-UPPER-D018-H18-Pdis02,inequality,18,18,storage,2,pdis_upper_bound,true,44,5560,MW,0,NaN,
20260811_121452_stage_B_2C_4168a6e9,INEQ-LOWER-D018-H18-SOC01,inequality,18,18,storage,1,soc_lower_bound,true,45,5561,MWh,0,NaN,
20260811_121452_stage_B_2C_4168a6e9,INEQ-UPPER-D018-H18-SOC01,inequality,18,18,storage,1,soc_upper_bound,true,46,5562,MWh,0,NaN,
20260811_121452_stage_B_2C_4168a6e9,INEQ-LOWER-D018-H18-SOC02,inequality,18,18,storage,2,soc_lower_bound,true,47,5563,MWh,0,NaN,
20260811_121452_stage_B_2C_4168a6e9,INEQ-UPPER-D018-H18-SOC02,inequality,18,18,storage,2,soc_upper_bound,true,48,5564,MWh,0,NaN,
20260811_121452_stage_B_2C_4168a6e9,INEQ-LOWER-D018-H19-PW01,inequality,18,19,wind,1,pw_lower_bound,true,1,5565,MW,0,NaN,
20260811_121452_stage_B_2C_4168a6e9,INEQ-UPPER-D018-H19-PW01,inequality,18,19,wind,1,pw_upper_bound,true,2,5566,MW,0,NaN,
20260811_121452_stage_B_2C_4168a6e9,INEQ-LOWER-D018-H19-PW02,inequality,18,19,wind,2,pw_lower_bound,true,3,5567,MW,0,NaN,
20260811_121452_stage_B_2C_4168a6e9,INEQ-UPPER-D018-H19-PW02,inequality,18,19,wind,2,pw_upper_bound,true,4,5568,MW,0,NaN,
20260811_121452_stage_B_2C_4168a6e9,INEQ-LOWER-D018-H19-PW03,inequality,18,19,wind,3,pw_lower_bound,true,5,5569,MW,0,NaN,
20260811_121452_stage_B_2C_4168a6e9,INEQ-UPPER-D018-H19-PW03,inequality,18,19,wind,3,pw_upper_bound,true,6,5570,MW,0,NaN,
20260811_121452_stage_B_2C_4168a6e9,INEQ-LOWER-D018-H19-PW04,inequality,18,19,wind,4,pw_lower_bound,true,7,5571,MW,0,NaN,
20260811_121452_stage_B_2C_4168a6e9,INEQ-UPPER-D018-H19-PW04,inequality,18,19,wind,4,pw_upper_bound,true,8,5572,MW,0,NaN,
20260811_121452_stage_B_2C_4168a6e9,INEQ-LOWER-D018-H19-PW05,inequality,18,19,wind,5,pw_lower_bound,true,9,5573,MW,0,NaN,
20260811_121452_stage_B_2C_4168a6e9,INEQ-UPPER-D018-H19-PW05,inequality,18,19,wind,5,pw_upper_bound,true,10,5574,MW,0,NaN,
20260811_121452_stage_B_2C_4168a6e9,INEQ-LOWER-D018-H19-PP01,inequality,18,19,solar,1,pp_lower_bound,true,11,5575,MW,0,NaN,
20260811_121452_stage_B_2C_4168a6e9,INEQ-UPPER-D018-H19-PP01,inequality,18,19,solar,1,pp_upper_bound,true,12,5576,MW,0,NaN,
20260811_121452_stage_B_2C_4168a6e9,INEQ-LOWER-D018-H19-PP02,inequality,18,19,solar,2,pp_lower_bound,true,13,5577,MW,0,NaN,
20260811_121452_stage_B_2C_4168a6e9,INEQ-UPPER-D018-H19-PP02,inequality,18,19,solar,2,pp_upper_bound,true,14,5578,MW,0,NaN,
20260811_121452_stage_B_2C_4168a6e9,INEQ-LOWER-D018-H19-PP03,inequality,18,19,solar,3,pp_lower_bound,true,15,5579,MW,0,NaN,
20260811_121452_stage_B_2C_4168a6e9,INEQ-UPPER-D018-H19-PP03,inequality,18,19,solar,3,pp_upper_bound,true,16,5580,MW,0,NaN,
20260811_121452_stage_B_2C_4168a6e9,INEQ-LOWER-D018-H19-PP04,inequality,18,19,solar,4,pp_lower_bound,true,17,5581,MW,0,NaN,
20260811_121452_stage_B_2C_4168a6e9,INEQ-UPPER-D018-H19-PP04,inequality,18,19,solar,4,pp_upper_bound,true,18,5582,MW,0,NaN,
20260811_121452_stage_B_2C_4168a6e9,INEQ-LOWER-D018-H19-PP05,inequality,18,19,solar,5,pp_lower_bound,true,19,5583,MW,0,NaN,
20260811_121452_stage_B_2C_4168a6e9,INEQ-UPPER-D018-H19-PP05,inequality,18,19,solar,5,pp_upper_bound,true,20,5584,MW,0,NaN,
20260811_121452_stage_B_2C_4168a6e9,INEQ-LOWER-D018-H19-PH01,inequality,18,19,hydro,1,ph_lower_bound,true,21,5585,MW,0,NaN,
20260811_121452_stage_B_2C_4168a6e9,INEQ-UPPER-D018-H19-PH01,inequality,18,19,hydro,1,ph_upper_bound,true,22,5586,MW,0,NaN,
20260811_121452_stage_B_2C_4168a6e9,INEQ-LOWER-D018-H19-PH02,inequality,18,19,hydro,2,ph_lower_bound,true,23,5587,MW,0,NaN,
20260811_121452_stage_B_2C_4168a6e9,INEQ-UPPER-D018-H19-PH02,inequality,18,19,hydro,2,ph_upper_bound,true,24,5588,MW,0,NaN,
20260811_121452_stage_B_2C_4168a6e9,INEQ-LOWER-D018-H19-PH03,inequality,18,19,hydro,3,ph_lower_bound,true,25,5589,MW,0,NaN,
20260811_121452_stage_B_2C_4168a6e9,INEQ-UPPER-D018-H19-PH03,inequality,18,19,hydro,3,ph_upper_bound,true,26,5590,MW,0,NaN,
20260811_121452_stage_B_2C_4168a6e9,INEQ-LOWER-D018-H19-PH04,inequality,18,19,hydro,4,ph_lower_bound,true,27,5591,MW,0,NaN,
20260811_121452_stage_B_2C_4168a6e9,INEQ-UPPER-D018-H19-PH04,inequality,18,19,hydro,4,ph_upper_bound,true,28,5592,MW,0,NaN,
20260811_121452_stage_B_2C_4168a6e9,INEQ-LOWER-D018-H19-PF01,inequality,18,19,thermal,1,pf_lower_bound,true,29,5593,MW,0,NaN,
20260811_121452_stage_B_2C_4168a6e9,INEQ-UPPER-D018-H19-PF01,inequality,18,19,thermal,1,pf_upper_bound,true,30,5594,MW,0,NaN,
20260811_121452_stage_B_2C_4168a6e9,INEQ-LOWER-D018-H19-PF02,inequality,18,19,thermal,2,pf_lower_bound,true,31,5595,MW,0,NaN,
20260811_121452_stage_B_2C_4168a6e9,INEQ-UPPER-D018-H19-PF02,inequality,18,19,thermal,2,pf_upper_bound,true,32,5596,MW,0,NaN,
20260811_121452_stage_B_2C_4168a6e9,INEQ-LOWER-D018-H19-PF03,inequality,18,19,thermal,3,pf_lower_bound,true,33,5597,MW,0,NaN,
20260811_121452_stage_B_2C_4168a6e9,INEQ-UPPER-D018-H19-PF03,inequality,18,19,thermal,3,pf_upper_bound,true,34,5598,MW,0,NaN,
20260811_121452_stage_B_2C_4168a6e9,INEQ-LOWER-D018-H19-PF04,inequality,18,19,thermal,4,pf_lower_bound,true,35,5599,MW,0,NaN,
20260811_121452_stage_B_2C_4168a6e9,INEQ-UPPER-D018-H19-PF04,inequality,18,19,thermal,4,pf_upper_bound,true,36,5600,MW,0,NaN,
20260811_121452_stage_B_2C_4168a6e9,INEQ-LOWER-D018-H19-Pch01,inequality,18,19,storage,1,pch_lower_bound,true,37,5601,MW,0,NaN,
20260811_121452_stage_B_2C_4168a6e9,INEQ-UPPER-D018-H19-Pch01,inequality,18,19,storage,1,pch_upper_bound,true,38,5602,MW,0,NaN,
20260811_121452_stage_B_2C_4168a6e9,INEQ-LOWER-D018-H19-Pch02,inequality,18,19,storage,2,pch_lower_bound,true,39,5603,MW,0,NaN,
20260811_121452_stage_B_2C_4168a6e9,INEQ-UPPER-D018-H19-Pch02,inequality,18,19,storage,2,pch_upper_bound,true,40,5604,MW,0,NaN,
20260811_121452_stage_B_2C_4168a6e9,INEQ-LOWER-D018-H19-Pdis01,inequality,18,19,storage,1,pdis_lower_bound,true,41,5605,MW,0,NaN,
20260811_121452_stage_B_2C_4168a6e9,INEQ-UPPER-D018-H19-Pdis01,inequality,18,19,storage,1,pdis_upper_bound,true,42,5606,MW,0,NaN,
20260811_121452_stage_B_2C_4168a6e9,INEQ-LOWER-D018-H19-Pdis02,inequality,18,19,storage,2,pdis_lower_bound,true,43,5607,MW,0,NaN,
20260811_121452_stage_B_2C_4168a6e9,INEQ-UPPER-D018-H19-Pdis02,inequality,18,19,storage,2,pdis_upper_bound,true,44,5608,MW,0,NaN,
20260811_121452_stage_B_2C_4168a6e9,INEQ-LOWER-D018-H19-SOC01,inequality,18,19,storage,1,soc_lower_bound,true,45,5609,MWh,0,NaN,
20260811_121452_stage_B_2C_4168a6e9,INEQ-UPPER-D018-H19-SOC01,inequality,18,19,storage,1,soc_upper_bound,true,46,5610,MWh,0,NaN,
20260811_121452_stage_B_2C_4168a6e9,INEQ-LOWER-D018-H19-SOC02,inequality,18,19,storage,2,soc_lower_bound,true,47,5611,MWh,0,NaN,
20260811_121452_stage_B_2C_4168a6e9,INEQ-UPPER-D018-H19-SOC02,inequality,18,19,storage,2,soc_upper_bound,true,48,5612,MWh,0,NaN,
20260811_121452_stage_B_2C_4168a6e9,INEQ-LOWER-D018-H20-PW01,inequality,18,20,wind,1,pw_lower_bound,true,1,5613,MW,0,NaN,
20260811_121452_stage_B_2C_4168a6e9,INEQ-UPPER-D018-H20-PW01,inequality,18,20,wind,1,pw_upper_bound,true,2,5614,MW,0,NaN,
20260811_121452_stage_B_2C_4168a6e9,INEQ-LOWER-D018-H20-PW02,inequality,18,20,wind,2,pw_lower_bound,true,3,5615,MW,0,NaN,
20260811_121452_stage_B_2C_4168a6e9,INEQ-UPPER-D018-H20-PW02,inequality,18,20,wind,2,pw_upper_bound,true,4,5616,MW,0,NaN,
20260811_121452_stage_B_2C_4168a6e9,INEQ-LOWER-D018-H20-PW03,inequality,18,20,wind,3,pw_lower_bound,true,5,5617,MW,0,NaN,
20260811_121452_stage_B_2C_4168a6e9,INEQ-UPPER-D018-H20-PW03,inequality,18,20,wind,3,pw_upper_bound,true,6,5618,MW,0,NaN,
20260811_121452_stage_B_2C_4168a6e9,INEQ-LOWER-D018-H20-PW04,inequality,18,20,wind,4,pw_lower_bound,true,7,5619,MW,0,NaN,
20260811_121452_stage_B_2C_4168a6e9,INEQ-UPPER-D018-H20-PW04,inequality,18,20,wind,4,pw_upper_bound,true,8,5620,MW,0,NaN,
20260811_121452_stage_B_2C_4168a6e9,INEQ-LOWER-D018-H20-PW05,inequality,18,20,wind,5,pw_lower_bound,true,9,5621,MW,0,NaN,
20260811_121452_stage_B_2C_4168a6e9,INEQ-UPPER-D018-H20-PW05,inequality,18,20,wind,5,pw_upper_bound,true,10,5622,MW,0,NaN,
20260811_121452_stage_B_2C_4168a6e9,INEQ-LOWER-D018-H20-PH01,inequality,18,20,hydro,1,ph_lower_bound,true,11,5623,MW,0,NaN,
20260811_121452_stage_B_2C_4168a6e9,INEQ-UPPER-D018-H20-PH01,inequality,18,20,hydro,1,ph_upper_bound,true,12,5624,MW,0,NaN,
20260811_121452_stage_B_2C_4168a6e9,INEQ-LOWER-D018-H20-PH02,inequality,18,20,hydro,2,ph_lower_bound,true,13,5625,MW,0,NaN,
20260811_121452_stage_B_2C_4168a6e9,INEQ-UPPER-D018-H20-PH02,inequality,18,20,hydro,2,ph_upper_bound,true,14,5626,MW,0,NaN,
20260811_121452_stage_B_2C_4168a6e9,INEQ-LOWER-D018-H20-PH03,inequality,18,20,hydro,3,ph_lower_bound,true,15,5627,MW,0,NaN,
20260811_121452_stage_B_2C_4168a6e9,INEQ-UPPER-D018-H20-PH03,inequality,18,20,hydro,3,ph_upper_bound,true,16,5628,MW,0,NaN,
20260811_121452_stage_B_2C_4168a6e9,INEQ-LOWER-D018-H20-PH04,inequality,18,20,hydro,4,ph_lower_bound,true,17,5629,MW,0,NaN,
20260811_121452_stage_B_2C_4168a6e9,INEQ-UPPER-D018-H20-PH04,inequality,18,20,hydro,4,ph_upper_bound,true,18,5630,MW,0,NaN,
20260811_121452_stage_B_2C_4168a6e9,INEQ-LOWER-D018-H20-PF01,inequality,18,20,thermal,1,pf_lower_bound,true,19,5631,MW,0,NaN,
20260811_121452_stage_B_2C_4168a6e9,INEQ-UPPER-D018-H20-PF01,inequality,18,20,thermal,1,pf_upper_bound,true,20,5632,MW,0,NaN,
20260811_121452_stage_B_2C_4168a6e9,INEQ-LOWER-D018-H20-PF02,inequality,18,20,thermal,2,pf_lower_bound,true,21,5633,MW,0,NaN,
20260811_121452_stage_B_2C_4168a6e9,INEQ-UPPER-D018-H20-PF02,inequality,18,20,thermal,2,pf_upper_bound,true,22,5634,MW,0,NaN,
20260811_121452_stage_B_2C_4168a6e9,INEQ-LOWER-D018-H20-PF03,inequality,18,20,thermal,3,pf_lower_bound,true,23,5635,MW,0,NaN,
20260811_121452_stage_B_2C_4168a6e9,INEQ-UPPER-D018-H20-PF03,inequality,18,20,thermal,3,pf_upper_bound,true,24,5636,MW,0,NaN,
20260811_121452_stage_B_2C_4168a6e9,INEQ-LOWER-D018-H20-PF04,inequality,18,20,thermal,4,pf_lower_bound,true,25,5637,MW,0,NaN,
20260811_121452_stage_B_2C_4168a6e9,INEQ-UPPER-D018-H20-PF04,inequality,18,20,thermal,4,pf_upper_bound,true,26,5638,MW,0,NaN,
20260811_121452_stage_B_2C_4168a6e9,INEQ-LOWER-D018-H20-Pch01,inequality,18,20,storage,1,pch_lower_bound,true,27,5639,MW,0,NaN,
20260811_121452_stage_B_2C_4168a6e9,INEQ-UPPER-D018-H20-Pch01,inequality,18,20,storage,1,pch_upper_bound,true,28,5640,MW,0,NaN,
20260811_121452_stage_B_2C_4168a6e9,INEQ-LOWER-D018-H20-Pch02,inequality,18,20,storage,2,pch_lower_bound,true,29,5641,MW,0,NaN,
20260811_121452_stage_B_2C_4168a6e9,INEQ-UPPER-D018-H20-Pch02,inequality,18,20,storage,2,pch_upper_bound,true,30,5642,MW,0,NaN,
20260811_121452_stage_B_2C_4168a6e9,INEQ-LOWER-D018-H20-Pdis01,inequality,18,20,storage,1,pdis_lower_bound,true,31,5643,MW,0,NaN,
20260811_121452_stage_B_2C_4168a6e9,INEQ-UPPER-D018-H20-Pdis01,inequality,18,20,storage,1,pdis_upper_bound,true,32,5644,MW,0,NaN,
20260811_121452_stage_B_2C_4168a6e9,INEQ-LOWER-D018-H20-Pdis02,inequality,18,20,storage,2,pdis_lower_bound,true,33,5645,MW,0,NaN,
20260811_121452_stage_B_2C_4168a6e9,INEQ-UPPER-D018-H20-Pdis02,inequality,18,20,storage,2,pdis_upper_bound,true,34,5646,MW,0,NaN,
20260811_121452_stage_B_2C_4168a6e9,INEQ-LOWER-D018-H20-SOC01,inequality,18,20,storage,1,soc_lower_bound,true,35,5647,MWh,0,NaN,
20260811_121452_stage_B_2C_4168a6e9,INEQ-UPPER-D018-H20-SOC01,inequality,18,20,storage,1,soc_upper_bound,true,36,5648,MWh,0,NaN,
20260811_121452_stage_B_2C_4168a6e9,INEQ-LOWER-D018-H20-SOC02,inequality,18,20,storage,2,soc_lower_bound,true,37,5649,MWh,0,NaN,
20260811_121452_stage_B_2C_4168a6e9,INEQ-UPPER-D018-H20-SOC02,inequality,18,20,storage,2,soc_upper_bound,true,38,5650,MWh,0,NaN,
20260811_121452_stage_B_2C_4168a6e9,INEQ-LOWER-D018-H21-PW01,inequality,18,21,wind,1,pw_lower_bound,true,1,5651,MW,0,NaN,
20260811_121452_stage_B_2C_4168a6e9,INEQ-UPPER-D018-H21-PW01,inequality,18,21,wind,1,pw_upper_bound,true,2,5652,MW,0,NaN,
20260811_121452_stage_B_2C_4168a6e9,INEQ-LOWER-D018-H21-PW02,inequality,18,21,wind,2,pw_lower_bound,true,3,5653,MW,0,NaN,
20260811_121452_stage_B_2C_4168a6e9,INEQ-UPPER-D018-H21-PW02,inequality,18,21,wind,2,pw_upper_bound,true,4,5654,MW,0,NaN,
20260811_121452_stage_B_2C_4168a6e9,INEQ-LOWER-D018-H21-PW03,inequality,18,21,wind,3,pw_lower_bound,true,5,5655,MW,0,NaN,
20260811_121452_stage_B_2C_4168a6e9,INEQ-UPPER-D018-H21-PW03,inequality,18,21,wind,3,pw_upper_bound,true,6,5656,MW,0,NaN,
20260811_121452_stage_B_2C_4168a6e9,INEQ-LOWER-D018-H21-PW04,inequality,18,21,wind,4,pw_lower_bound,true,7,5657,MW,0,NaN,
20260811_121452_stage_B_2C_4168a6e9,INEQ-UPPER-D018-H21-PW04,inequality,18,21,wind,4,pw_upper_bound,true,8,5658,MW,0,NaN,
20260811_121452_stage_B_2C_4168a6e9,INEQ-LOWER-D018-H21-PW05,inequality,18,21,wind,5,pw_lower_bound,true,9,5659,MW,0,NaN,
20260811_121452_stage_B_2C_4168a6e9,INEQ-UPPER-D018-H21-PW05,inequality,18,21,wind,5,pw_upper_bound,true,10,5660,MW,0,NaN,
20260811_121452_stage_B_2C_4168a6e9,INEQ-LOWER-D018-H21-PH01,inequality,18,21,hydro,1,ph_lower_bound,true,11,5661,MW,0,NaN,
20260811_121452_stage_B_2C_4168a6e9,INEQ-UPPER-D018-H21-PH01,inequality,18,21,hydro,1,ph_upper_bound,true,12,5662,MW,0,NaN,
20260811_121452_stage_B_2C_4168a6e9,INEQ-LOWER-D018-H21-PH02,inequality,18,21,hydro,2,ph_lower_bound,true,13,5663,MW,0,NaN,
20260811_121452_stage_B_2C_4168a6e9,INEQ-UPPER-D018-H21-PH02,inequality,18,21,hydro,2,ph_upper_bound,true,14,5664,MW,0,NaN,
20260811_121452_stage_B_2C_4168a6e9,INEQ-LOWER-D018-H21-PH03,inequality,18,21,hydro,3,ph_lower_bound,true,15,5665,MW,0,NaN,
20260811_121452_stage_B_2C_4168a6e9,INEQ-UPPER-D018-H21-PH03,inequality,18,21,hydro,3,ph_upper_bound,true,16,5666,MW,0,NaN,
20260811_121452_stage_B_2C_4168a6e9,INEQ-LOWER-D018-H21-PH04,inequality,18,21,hydro,4,ph_lower_bound,true,17,5667,MW,0,NaN,
20260811_121452_stage_B_2C_4168a6e9,INEQ-UPPER-D018-H21-PH04,inequality,18,21,hydro,4,ph_upper_bound,true,18,5668,MW,0,NaN,
20260811_121452_stage_B_2C_4168a6e9,INEQ-LOWER-D018-H21-PF01,inequality,18,21,thermal,1,pf_lower_bound,true,19,5669,MW,0,NaN,
20260811_121452_stage_B_2C_4168a6e9,INEQ-UPPER-D018-H21-PF01,inequality,18,21,thermal,1,pf_upper_bound,true,20,5670,MW,0,NaN,
20260811_121452_stage_B_2C_4168a6e9,INEQ-LOWER-D018-H21-PF02,inequality,18,21,thermal,2,pf_lower_bound,true,21,5671,MW,0,NaN,
20260811_121452_stage_B_2C_4168a6e9,INEQ-UPPER-D018-H21-PF02,inequality,18,21,thermal,2,pf_upper_bound,true,22,5672,MW,0,NaN,
20260811_121452_stage_B_2C_4168a6e9,INEQ-LOWER-D018-H21-PF03,inequality,18,21,thermal,3,pf_lower_bound,true,23,5673,MW,0,NaN,
20260811_121452_stage_B_2C_4168a6e9,INEQ-UPPER-D018-H21-PF03,inequality,18,21,thermal,3,pf_upper_bound,true,24,5674,MW,0,NaN,
20260811_121452_stage_B_2C_4168a6e9,INEQ-LOWER-D018-H21-PF04,inequality,18,21,thermal,4,pf_lower_bound,true,25,5675,MW,0,NaN,
20260811_121452_stage_B_2C_4168a6e9,INEQ-UPPER-D018-H21-PF04,inequality,18,21,thermal,4,pf_upper_bound,true,26,5676,MW,0,NaN,
20260811_121452_stage_B_2C_4168a6e9,INEQ-LOWER-D018-H21-Pch01,inequality,18,21,storage,1,pch_lower_bound,true,27,5677,MW,0,NaN,
20260811_121452_stage_B_2C_4168a6e9,INEQ-UPPER-D018-H21-Pch01,inequality,18,21,storage,1,pch_upper_bound,true,28,5678,MW,0,NaN,
20260811_121452_stage_B_2C_4168a6e9,INEQ-LOWER-D018-H21-Pch02,inequality,18,21,storage,2,pch_lower_bound,true,29,5679,MW,0,NaN,
20260811_121452_stage_B_2C_4168a6e9,INEQ-UPPER-D018-H21-Pch02,inequality,18,21,storage,2,pch_upper_bound,true,30,5680,MW,0,NaN,
20260811_121452_stage_B_2C_4168a6e9,INEQ-LOWER-D018-H21-Pdis01,inequality,18,21,storage,1,pdis_lower_bound,true,31,5681,MW,0,NaN,
20260811_121452_stage_B_2C_4168a6e9,INEQ-UPPER-D018-H21-Pdis01,inequality,18,21,storage,1,pdis_upper_bound,true,32,5682,MW,0,NaN,
20260811_121452_stage_B_2C_4168a6e9,INEQ-LOWER-D018-H21-Pdis02,inequality,18,21,storage,2,pdis_lower_bound,true,33,5683,MW,0,NaN,
20260811_121452_stage_B_2C_4168a6e9,INEQ-UPPER-D018-H21-Pdis02,inequality,18,21,storage,2,pdis_upper_bound,true,34,5684,MW,0,NaN,
20260811_121452_stage_B_2C_4168a6e9,INEQ-LOWER-D018-H21-SOC01,inequality,18,21,storage,1,soc_lower_bound,true,35,5685,MWh,0,NaN,
20260811_121452_stage_B_2C_4168a6e9,INEQ-UPPER-D018-H21-SOC01,inequality,18,21,storage,1,soc_upper_bound,true,36,5686,MWh,0,NaN,
20260811_121452_stage_B_2C_4168a6e9,INEQ-LOWER-D018-H21-SOC02,inequality,18,21,storage,2,soc_lower_bound,true,37,5687,MWh,0,NaN,
20260811_121452_stage_B_2C_4168a6e9,INEQ-UPPER-D018-H21-SOC02,inequality,18,21,storage,2,soc_upper_bound,true,38,5688,MWh,0,NaN,
20260811_121452_stage_B_2C_4168a6e9,INEQ-LOWER-D018-H22-PW01,inequality,18,22,wind,1,pw_lower_bound,true,1,5689,MW,0,NaN,
20260811_121452_stage_B_2C_4168a6e9,INEQ-UPPER-D018-H22-PW01,inequality,18,22,wind,1,pw_upper_bound,true,2,5690,MW,0,NaN,
20260811_121452_stage_B_2C_4168a6e9,INEQ-LOWER-D018-H22-PW02,inequality,18,22,wind,2,pw_lower_bound,true,3,5691,MW,0,NaN,
20260811_121452_stage_B_2C_4168a6e9,INEQ-UPPER-D018-H22-PW02,inequality,18,22,wind,2,pw_upper_bound,true,4,5692,MW,0,NaN,
20260811_121452_stage_B_2C_4168a6e9,INEQ-LOWER-D018-H22-PW03,inequality,18,22,wind,3,pw_lower_bound,true,5,5693,MW,0,NaN,
20260811_121452_stage_B_2C_4168a6e9,INEQ-UPPER-D018-H22-PW03,inequality,18,22,wind,3,pw_upper_bound,true,6,5694,MW,0,NaN,
20260811_121452_stage_B_2C_4168a6e9,INEQ-LOWER-D018-H22-PW04,inequality,18,22,wind,4,pw_lower_bound,true,7,5695,MW,0,NaN,
20260811_121452_stage_B_2C_4168a6e9,INEQ-UPPER-D018-H22-PW04,inequality,18,22,wind,4,pw_upper_bound,true,8,5696,MW,0,NaN,
20260811_121452_stage_B_2C_4168a6e9,INEQ-LOWER-D018-H22-PW05,inequality,18,22,wind,5,pw_lower_bound,true,9,5697,MW,0,NaN,
20260811_121452_stage_B_2C_4168a6e9,INEQ-UPPER-D018-H22-PW05,inequality,18,22,wind,5,pw_upper_bound,true,10,5698,MW,0,NaN,
20260811_121452_stage_B_2C_4168a6e9,INEQ-LOWER-D018-H22-PH01,inequality,18,22,hydro,1,ph_lower_bound,true,11,5699,MW,0,NaN,
20260811_121452_stage_B_2C_4168a6e9,INEQ-UPPER-D018-H22-PH01,inequality,18,22,hydro,1,ph_upper_bound,true,12,5700,MW,0,NaN,
20260811_121452_stage_B_2C_4168a6e9,INEQ-LOWER-D018-H22-PH02,inequality,18,22,hydro,2,ph_lower_bound,true,13,5701,MW,0,NaN,
20260811_121452_stage_B_2C_4168a6e9,INEQ-UPPER-D018-H22-PH02,inequality,18,22,hydro,2,ph_upper_bound,true,14,5702,MW,0,NaN,
20260811_121452_stage_B_2C_4168a6e9,INEQ-LOWER-D018-H22-PH03,inequality,18,22,hydro,3,ph_lower_bound,true,15,5703,MW,0,NaN,
20260811_121452_stage_B_2C_4168a6e9,INEQ-UPPER-D018-H22-PH03,inequality,18,22,hydro,3,ph_upper_bound,true,16,5704,MW,0,NaN,
20260811_121452_stage_B_2C_4168a6e9,INEQ-LOWER-D018-H22-PH04,inequality,18,22,hydro,4,ph_lower_bound,true,17,5705,MW,0,NaN,
20260811_121452_stage_B_2C_4168a6e9,INEQ-UPPER-D018-H22-PH04,inequality,18,22,hydro,4,ph_upper_bound,true,18,5706,MW,0,NaN,
20260811_121452_stage_B_2C_4168a6e9,INEQ-LOWER-D018-H22-PF01,inequality,18,22,thermal,1,pf_lower_bound,true,19,5707,MW,0,NaN,
20260811_121452_stage_B_2C_4168a6e9,INEQ-UPPER-D018-H22-PF01,inequality,18,22,thermal,1,pf_upper_bound,true,20,5708,MW,0,NaN,
20260811_121452_stage_B_2C_4168a6e9,INEQ-LOWER-D018-H22-PF02,inequality,18,22,thermal,2,pf_lower_bound,true,21,5709,MW,0,NaN,
20260811_121452_stage_B_2C_4168a6e9,INEQ-UPPER-D018-H22-PF02,inequality,18,22,thermal,2,pf_upper_bound,true,22,5710,MW,0,NaN,
20260811_121452_stage_B_2C_4168a6e9,INEQ-LOWER-D018-H22-PF03,inequality,18,22,thermal,3,pf_lower_bound,true,23,5711,MW,0,NaN,
20260811_121452_stage_B_2C_4168a6e9,INEQ-UPPER-D018-H22-PF03,inequality,18,22,thermal,3,pf_upper_bound,true,24,5712,MW,0,NaN,
20260811_121452_stage_B_2C_4168a6e9,INEQ-LOWER-D018-H22-PF04,inequality,18,22,thermal,4,pf_lower_bound,true,25,5713,MW,0,NaN,
20260811_121452_stage_B_2C_4168a6e9,INEQ-UPPER-D018-H22-PF04,inequality,18,22,thermal,4,pf_upper_bound,true,26,5714,MW,0,NaN,
20260811_121452_stage_B_2C_4168a6e9,INEQ-LOWER-D018-H22-Pch01,inequality,18,22,storage,1,pch_lower_bound,true,27,5715,MW,0,NaN,
20260811_121452_stage_B_2C_4168a6e9,INEQ-UPPER-D018-H22-Pch01,inequality,18,22,storage,1,pch_upper_bound,true,28,5716,MW,0,NaN,
20260811_121452_stage_B_2C_4168a6e9,INEQ-LOWER-D018-H22-Pch02,inequality,18,22,storage,2,pch_lower_bound,true,29,5717,MW,0,NaN,
20260811_121452_stage_B_2C_4168a6e9,INEQ-UPPER-D018-H22-Pch02,inequality,18,22,storage,2,pch_upper_bound,true,30,5718,MW,0,NaN,
20260811_121452_stage_B_2C_4168a6e9,INEQ-LOWER-D018-H22-Pdis01,inequality,18,22,storage,1,pdis_lower_bound,true,31,5719,MW,0,NaN,
20260811_121452_stage_B_2C_4168a6e9,INEQ-UPPER-D018-H22-Pdis01,inequality,18,22,storage,1,pdis_upper_bound,true,32,5720,MW,0,NaN,
20260811_121452_stage_B_2C_4168a6e9,INEQ-LOWER-D018-H22-Pdis02,inequality,18,22,storage,2,pdis_lower_bound,true,33,5721,MW,0,NaN,
20260811_121452_stage_B_2C_4168a6e9,INEQ-UPPER-D018-H22-Pdis02,inequality,18,22,storage,2,pdis_upper_bound,true,34,5722,MW,0,NaN,
20260811_121452_stage_B_2C_4168a6e9,INEQ-LOWER-D018-H22-SOC01,inequality,18,22,storage,1,soc_lower_bound,true,35,5723,MWh,0,NaN,
20260811_121452_stage_B_2C_4168a6e9,INEQ-UPPER-D018-H22-SOC01,inequality,18,22,storage,1,soc_upper_bound,true,36,5724,MWh,0,NaN,
20260811_121452_stage_B_2C_4168a6e9,INEQ-LOWER-D018-H22-SOC02,inequality,18,22,storage,2,soc_lower_bound,true,37,5725,MWh,0,NaN,
20260811_121452_stage_B_2C_4168a6e9,INEQ-UPPER-D018-H22-SOC02,inequality,18,22,storage,2,soc_upper_bound,true,38,5726,MWh,0,NaN,
20260811_121452_stage_B_2C_4168a6e9,INEQ-LOWER-D018-H23-PW01,inequality,18,23,wind,1,pw_lower_bound,true,1,5727,MW,0,NaN,
20260811_121452_stage_B_2C_4168a6e9,INEQ-UPPER-D018-H23-PW01,inequality,18,23,wind,1,pw_upper_bound,true,2,5728,MW,0,NaN,
20260811_121452_stage_B_2C_4168a6e9,INEQ-LOWER-D018-H23-PW02,inequality,18,23,wind,2,pw_lower_bound,true,3,5729,MW,0,NaN,
20260811_121452_stage_B_2C_4168a6e9,INEQ-UPPER-D018-H23-PW02,inequality,18,23,wind,2,pw_upper_bound,true,4,5730,MW,0,NaN,
20260811_121452_stage_B_2C_4168a6e9,INEQ-LOWER-D018-H23-PW03,inequality,18,23,wind,3,pw_lower_bound,true,5,5731,MW,0,NaN,
20260811_121452_stage_B_2C_4168a6e9,INEQ-UPPER-D018-H23-PW03,inequality,18,23,wind,3,pw_upper_bound,true,6,5732,MW,0,NaN,
20260811_121452_stage_B_2C_4168a6e9,INEQ-LOWER-D018-H23-PW04,inequality,18,23,wind,4,pw_lower_bound,true,7,5733,MW,0,NaN,
20260811_121452_stage_B_2C_4168a6e9,INEQ-UPPER-D018-H23-PW04,inequality,18,23,wind,4,pw_upper_bound,true,8,5734,MW,0,NaN,
20260811_121452_stage_B_2C_4168a6e9,INEQ-LOWER-D018-H23-PW05,inequality,18,23,wind,5,pw_lower_bound,true,9,5735,MW,0,NaN,
20260811_121452_stage_B_2C_4168a6e9,INEQ-UPPER-D018-H23-PW05,inequality,18,23,wind,5,pw_upper_bound,true,10,5736,MW,0,NaN,
20260811_121452_stage_B_2C_4168a6e9,INEQ-LOWER-D018-H23-PH01,inequality,18,23,hydro,1,ph_lower_bound,true,11,5737,MW,0,NaN,
20260811_121452_stage_B_2C_4168a6e9,INEQ-UPPER-D018-H23-PH01,inequality,18,23,hydro,1,ph_upper_bound,true,12,5738,MW,0,NaN,
20260811_121452_stage_B_2C_4168a6e9,INEQ-LOWER-D018-H23-PH02,inequality,18,23,hydro,2,ph_lower_bound,true,13,5739,MW,0,NaN,
20260811_121452_stage_B_2C_4168a6e9,INEQ-UPPER-D018-H23-PH02,inequality,18,23,hydro,2,ph_upper_bound,true,14,5740,MW,0,NaN,
20260811_121452_stage_B_2C_4168a6e9,INEQ-LOWER-D018-H23-PH03,inequality,18,23,hydro,3,ph_lower_bound,true,15,5741,MW,0,NaN,
20260811_121452_stage_B_2C_4168a6e9,INEQ-UPPER-D018-H23-PH03,inequality,18,23,hydro,3,ph_upper_bound,true,16,5742,MW,0,NaN,
20260811_121452_stage_B_2C_4168a6e9,INEQ-LOWER-D018-H23-PH04,inequality,18,23,hydro,4,ph_lower_bound,true,17,5743,MW,0,NaN,
20260811_121452_stage_B_2C_4168a6e9,INEQ-UPPER-D018-H23-PH04,inequality,18,23,hydro,4,ph_upper_bound,true,18,5744,MW,0,NaN,
20260811_121452_stage_B_2C_4168a6e9,INEQ-LOWER-D018-H23-PF01,inequality,18,23,thermal,1,pf_lower_bound,true,19,5745,MW,0,NaN,
20260811_121452_stage_B_2C_4168a6e9,INEQ-UPPER-D018-H23-PF01,inequality,18,23,thermal,1,pf_upper_bound,true,20,5746,MW,0,NaN,
20260811_121452_stage_B_2C_4168a6e9,INEQ-LOWER-D018-H23-PF02,inequality,18,23,thermal,2,pf_lower_bound,true,21,5747,MW,0,NaN,
20260811_121452_stage_B_2C_4168a6e9,INEQ-UPPER-D018-H23-PF02,inequality,18,23,thermal,2,pf_upper_bound,true,22,5748,MW,0,NaN,
20260811_121452_stage_B_2C_4168a6e9,INEQ-LOWER-D018-H23-PF03,inequality,18,23,thermal,3,pf_lower_bound,true,23,5749,MW,0,NaN,
20260811_121452_stage_B_2C_4168a6e9,INEQ-UPPER-D018-H23-PF03,inequality,18,23,thermal,3,pf_upper_bound,true,24,5750,MW,0,NaN,
20260811_121452_stage_B_2C_4168a6e9,INEQ-LOWER-D018-H23-PF04,inequality,18,23,thermal,4,pf_lower_bound,true,25,5751,MW,0,NaN,
20260811_121452_stage_B_2C_4168a6e9,INEQ-UPPER-D018-H23-PF04,inequality,18,23,thermal,4,pf_upper_bound,true,26,5752,MW,0,NaN,
20260811_121452_stage_B_2C_4168a6e9,INEQ-LOWER-D018-H23-Pch01,inequality,18,23,storage,1,pch_lower_bound,true,27,5753,MW,0,NaN,
20260811_121452_stage_B_2C_4168a6e9,INEQ-UPPER-D018-H23-Pch01,inequality,18,23,storage,1,pch_upper_bound,true,28,5754,MW,0,NaN,
20260811_121452_stage_B_2C_4168a6e9,INEQ-LOWER-D018-H23-Pch02,inequality,18,23,storage,2,pch_lower_bound,true,29,5755,MW,0,NaN,
20260811_121452_stage_B_2C_4168a6e9,INEQ-UPPER-D018-H23-Pch02,inequality,18,23,storage,2,pch_upper_bound,true,30,5756,MW,0,NaN,
20260811_121452_stage_B_2C_4168a6e9,INEQ-LOWER-D018-H23-Pdis01,inequality,18,23,storage,1,pdis_lower_bound,true,31,5757,MW,0,NaN,
20260811_121452_stage_B_2C_4168a6e9,INEQ-UPPER-D018-H23-Pdis01,inequality,18,23,storage,1,pdis_upper_bound,true,32,5758,MW,0,NaN,
20260811_121452_stage_B_2C_4168a6e9,INEQ-LOWER-D018-H23-Pdis02,inequality,18,23,storage,2,pdis_lower_bound,true,33,5759,MW,0,NaN,
20260811_121452_stage_B_2C_4168a6e9,INEQ-UPPER-D018-H23-Pdis02,inequality,18,23,storage,2,pdis_upper_bound,true,34,5760,MW,0,NaN,
20260811_121452_stage_B_2C_4168a6e9,INEQ-LOWER-D018-H23-SOC01,inequality,18,23,storage,1,soc_lower_bound,true,35,5761,MWh,0,NaN,
20260811_121452_stage_B_2C_4168a6e9,INEQ-UPPER-D018-H23-SOC01,inequality,18,23,storage,1,soc_upper_bound,true,36,5762,MWh,0,NaN,
20260811_121452_stage_B_2C_4168a6e9,INEQ-LOWER-D018-H23-SOC02,inequality,18,23,storage,2,soc_lower_bound,true,37,5763,MWh,0,NaN,
20260811_121452_stage_B_2C_4168a6e9,INEQ-UPPER-D018-H23-SOC02,inequality,18,23,storage,2,soc_upper_bound,true,38,5764,MWh,0,NaN,
20260811_121452_stage_B_2C_4168a6e9,INEQ-LOWER-D018-H24-PW01,inequality,18,24,wind,1,pw_lower_bound,true,1,5765,MW,0,NaN,
20260811_121452_stage_B_2C_4168a6e9,INEQ-UPPER-D018-H24-PW01,inequality,18,24,wind,1,pw_upper_bound,true,2,5766,MW,0,NaN,
20260811_121452_stage_B_2C_4168a6e9,INEQ-LOWER-D018-H24-PW02,inequality,18,24,wind,2,pw_lower_bound,true,3,5767,MW,0,NaN,
20260811_121452_stage_B_2C_4168a6e9,INEQ-UPPER-D018-H24-PW02,inequality,18,24,wind,2,pw_upper_bound,true,4,5768,MW,0,NaN,
20260811_121452_stage_B_2C_4168a6e9,INEQ-LOWER-D018-H24-PW03,inequality,18,24,wind,3,pw_lower_bound,true,5,5769,MW,0,NaN,
20260811_121452_stage_B_2C_4168a6e9,INEQ-UPPER-D018-H24-PW03,inequality,18,24,wind,3,pw_upper_bound,true,6,5770,MW,0,NaN,
20260811_121452_stage_B_2C_4168a6e9,INEQ-LOWER-D018-H24-PW04,inequality,18,24,wind,4,pw_lower_bound,true,7,5771,MW,0,NaN,
20260811_121452_stage_B_2C_4168a6e9,INEQ-UPPER-D018-H24-PW04,inequality,18,24,wind,4,pw_upper_bound,true,8,5772,MW,0,NaN,
20260811_121452_stage_B_2C_4168a6e9,INEQ-LOWER-D018-H24-PW05,inequality,18,24,wind,5,pw_lower_bound,true,9,5773,MW,0,NaN,
20260811_121452_stage_B_2C_4168a6e9,INEQ-UPPER-D018-H24-PW05,inequality,18,24,wind,5,pw_upper_bound,true,10,5774,MW,0,NaN,
20260811_121452_stage_B_2C_4168a6e9,INEQ-LOWER-D018-H24-PH01,inequality,18,24,hydro,1,ph_lower_bound,true,11,5775,MW,0,NaN,
20260811_121452_stage_B_2C_4168a6e9,INEQ-UPPER-D018-H24-PH01,inequality,18,24,hydro,1,ph_upper_bound,true,12,5776,MW,0,NaN,
20260811_121452_stage_B_2C_4168a6e9,INEQ-LOWER-D018-H24-PH02,inequality,18,24,hydro,2,ph_lower_bound,true,13,5777,MW,0,NaN,
20260811_121452_stage_B_2C_4168a6e9,INEQ-UPPER-D018-H24-PH02,inequality,18,24,hydro,2,ph_upper_bound,true,14,5778,MW,0,NaN,
20260811_121452_stage_B_2C_4168a6e9,INEQ-LOWER-D018-H24-PH03,inequality,18,24,hydro,3,ph_lower_bound,true,15,5779,MW,0,NaN,
20260811_121452_stage_B_2C_4168a6e9,INEQ-UPPER-D018-H24-PH03,inequality,18,24,hydro,3,ph_upper_bound,true,16,5780,MW,0,NaN,
20260811_121452_stage_B_2C_4168a6e9,INEQ-LOWER-D018-H24-PH04,inequality,18,24,hydro,4,ph_lower_bound,true,17,5781,MW,0,NaN,
20260811_121452_stage_B_2C_4168a6e9,INEQ-UPPER-D018-H24-PH04,inequality,18,24,hydro,4,ph_upper_bound,true,18,5782,MW,0,NaN,
20260811_121452_stage_B_2C_4168a6e9,INEQ-LOWER-D018-H24-PF01,inequality,18,24,thermal,1,pf_lower_bound,true,19,5783,MW,0,NaN,
20260811_121452_stage_B_2C_4168a6e9,INEQ-UPPER-D018-H24-PF01,inequality,18,24,thermal,1,pf_upper_bound,true,20,5784,MW,0,NaN,
20260811_121452_stage_B_2C_4168a6e9,INEQ-LOWER-D018-H24-PF02,inequality,18,24,thermal,2,pf_lower_bound,true,21,5785,MW,0,NaN,
20260811_121452_stage_B_2C_4168a6e9,INEQ-UPPER-D018-H24-PF02,inequality,18,24,thermal,2,pf_upper_bound,true,22,5786,MW,0,NaN,
20260811_121452_stage_B_2C_4168a6e9,INEQ-LOWER-D018-H24-PF03,inequality,18,24,thermal,3,pf_lower_bound,true,23,5787,MW,0,NaN,
20260811_121452_stage_B_2C_4168a6e9,INEQ-UPPER-D018-H24-PF03,inequality,18,24,thermal,3,pf_upper_bound,true,24,5788,MW,0,NaN,
20260811_121452_stage_B_2C_4168a6e9,INEQ-LOWER-D018-H24-PF04,inequality,18,24,thermal,4,pf_lower_bound,true,25,5789,MW,0,NaN,
20260811_121452_stage_B_2C_4168a6e9,INEQ-UPPER-D018-H24-PF04,inequality,18,24,thermal,4,pf_upper_bound,true,26,5790,MW,0,NaN,
20260811_121452_stage_B_2C_4168a6e9,INEQ-LOWER-D018-H24-Pch01,inequality,18,24,storage,1,pch_lower_bound,true,27,5791,MW,0,NaN,
20260811_121452_stage_B_2C_4168a6e9,INEQ-UPPER-D018-H24-Pch01,inequality,18,24,storage,1,pch_upper_bound,true,28,5792,MW,0,NaN,
20260811_121452_stage_B_2C_4168a6e9,INEQ-LOWER-D018-H24-Pch02,inequality,18,24,storage,2,pch_lower_bound,true,29,5793,MW,0,NaN,
20260811_121452_stage_B_2C_4168a6e9,INEQ-UPPER-D018-H24-Pch02,inequality,18,24,storage,2,pch_upper_bound,true,30,5794,MW,0,NaN,
20260811_121452_stage_B_2C_4168a6e9,INEQ-LOWER-D018-H24-Pdis01,inequality,18,24,storage,1,pdis_lower_bound,true,31,5795,MW,0,NaN,
20260811_121452_stage_B_2C_4168a6e9,INEQ-UPPER-D018-H24-Pdis01,inequality,18,24,storage,1,pdis_upper_bound,true,32,5796,MW,0,NaN,
20260811_121452_stage_B_2C_4168a6e9,INEQ-LOWER-D018-H24-Pdis02,inequality,18,24,storage,2,pdis_lower_bound,true,33,5797,MW,0,NaN,
20260811_121452_stage_B_2C_4168a6e9,INEQ-UPPER-D018-H24-Pdis02,inequality,18,24,storage,2,pdis_upper_bound,true,34,5798,MW,0,NaN,
20260811_121452_stage_B_2C_4168a6e9,INEQ-LOWER-D018-H24-SOC01,inequality,18,24,storage,1,soc_lower_bound,true,35,5799,MWh,0,NaN,
20260811_121452_stage_B_2C_4168a6e9,INEQ-UPPER-D018-H24-SOC01,inequality,18,24,storage,1,soc_upper_bound,true,36,5800,MWh,0,NaN,
20260811_121452_stage_B_2C_4168a6e9,INEQ-LOWER-D018-H24-SOC02,inequality,18,24,storage,2,soc_lower_bound,true,37,5801,MWh,0,NaN,
20260811_121452_stage_B_2C_4168a6e9,INEQ-UPPER-D018-H24-SOC02,inequality,18,24,storage,2,soc_upper_bound,true,38,5802,MWh,0,NaN,
20260811_121452_stage_B_2C_4168a6e9,INEQ-LOWER-D019-H01-PW01,inequality,19,1,wind,1,pw_lower_bound,true,1,5803,MW,0,NaN,
20260811_121452_stage_B_2C_4168a6e9,INEQ-UPPER-D019-H01-PW01,inequality,19,1,wind,1,pw_upper_bound,true,2,5804,MW,0,NaN,
20260811_121452_stage_B_2C_4168a6e9,INEQ-LOWER-D019-H01-PW02,inequality,19,1,wind,2,pw_lower_bound,true,3,5805,MW,0,NaN,
20260811_121452_stage_B_2C_4168a6e9,INEQ-UPPER-D019-H01-PW02,inequality,19,1,wind,2,pw_upper_bound,true,4,5806,MW,0,NaN,
20260811_121452_stage_B_2C_4168a6e9,INEQ-LOWER-D019-H01-PW03,inequality,19,1,wind,3,pw_lower_bound,true,5,5807,MW,0,NaN,
20260811_121452_stage_B_2C_4168a6e9,INEQ-UPPER-D019-H01-PW03,inequality,19,1,wind,3,pw_upper_bound,true,6,5808,MW,0,NaN,
20260811_121452_stage_B_2C_4168a6e9,INEQ-LOWER-D019-H01-PW04,inequality,19,1,wind,4,pw_lower_bound,true,7,5809,MW,0,NaN,
20260811_121452_stage_B_2C_4168a6e9,INEQ-UPPER-D019-H01-PW04,inequality,19,1,wind,4,pw_upper_bound,true,8,5810,MW,0,NaN,
20260811_121452_stage_B_2C_4168a6e9,INEQ-LOWER-D019-H01-PW05,inequality,19,1,wind,5,pw_lower_bound,true,9,5811,MW,0,NaN,
20260811_121452_stage_B_2C_4168a6e9,INEQ-UPPER-D019-H01-PW05,inequality,19,1,wind,5,pw_upper_bound,true,10,5812,MW,0,NaN,
20260811_121452_stage_B_2C_4168a6e9,INEQ-LOWER-D019-H01-PH01,inequality,19,1,hydro,1,ph_lower_bound,true,11,5813,MW,0,NaN,
20260811_121452_stage_B_2C_4168a6e9,INEQ-UPPER-D019-H01-PH01,inequality,19,1,hydro,1,ph_upper_bound,true,12,5814,MW,0,NaN,
20260811_121452_stage_B_2C_4168a6e9,INEQ-LOWER-D019-H01-PH02,inequality,19,1,hydro,2,ph_lower_bound,true,13,5815,MW,0,NaN,
20260811_121452_stage_B_2C_4168a6e9,INEQ-UPPER-D019-H01-PH02,inequality,19,1,hydro,2,ph_upper_bound,true,14,5816,MW,0,NaN,
20260811_121452_stage_B_2C_4168a6e9,INEQ-LOWER-D019-H01-PH03,inequality,19,1,hydro,3,ph_lower_bound,true,15,5817,MW,0,NaN,
20260811_121452_stage_B_2C_4168a6e9,INEQ-UPPER-D019-H01-PH03,inequality,19,1,hydro,3,ph_upper_bound,true,16,5818,MW,0,NaN,
20260811_121452_stage_B_2C_4168a6e9,INEQ-LOWER-D019-H01-PH04,inequality,19,1,hydro,4,ph_lower_bound,true,17,5819,MW,0,NaN,
20260811_121452_stage_B_2C_4168a6e9,INEQ-UPPER-D019-H01-PH04,inequality,19,1,hydro,4,ph_upper_bound,true,18,5820,MW,0,NaN,
20260811_121452_stage_B_2C_4168a6e9,INEQ-LOWER-D019-H01-PF01,inequality,19,1,thermal,1,pf_lower_bound,true,19,5821,MW,0,NaN,
20260811_121452_stage_B_2C_4168a6e9,INEQ-UPPER-D019-H01-PF01,inequality,19,1,thermal,1,pf_upper_bound,true,20,5822,MW,0,NaN,
20260811_121452_stage_B_2C_4168a6e9,INEQ-LOWER-D019-H01-PF02,inequality,19,1,thermal,2,pf_lower_bound,true,21,5823,MW,0,NaN,
20260811_121452_stage_B_2C_4168a6e9,INEQ-UPPER-D019-H01-PF02,inequality,19,1,thermal,2,pf_upper_bound,true,22,5824,MW,0,NaN,
20260811_121452_stage_B_2C_4168a6e9,INEQ-LOWER-D019-H01-PF03,inequality,19,1,thermal,3,pf_lower_bound,true,23,5825,MW,0,NaN,
20260811_121452_stage_B_2C_4168a6e9,INEQ-UPPER-D019-H01-PF03,inequality,19,1,thermal,3,pf_upper_bound,true,24,5826,MW,0,NaN,
20260811_121452_stage_B_2C_4168a6e9,INEQ-LOWER-D019-H01-PF04,inequality,19,1,thermal,4,pf_lower_bound,true,25,5827,MW,0,NaN,
20260811_121452_stage_B_2C_4168a6e9,INEQ-UPPER-D019-H01-PF04,inequality,19,1,thermal,4,pf_upper_bound,true,26,5828,MW,0,NaN,
20260811_121452_stage_B_2C_4168a6e9,INEQ-LOWER-D019-H01-Pch01,inequality,19,1,storage,1,pch_lower_bound,true,27,5829,MW,0,NaN,
20260811_121452_stage_B_2C_4168a6e9,INEQ-UPPER-D019-H01-Pch01,inequality,19,1,storage,1,pch_upper_bound,true,28,5830,MW,0,NaN,
20260811_121452_stage_B_2C_4168a6e9,INEQ-LOWER-D019-H01-Pch02,inequality,19,1,storage,2,pch_lower_bound,true,29,5831,MW,0,NaN,
20260811_121452_stage_B_2C_4168a6e9,INEQ-UPPER-D019-H01-Pch02,inequality,19,1,storage,2,pch_upper_bound,true,30,5832,MW,0,NaN,
20260811_121452_stage_B_2C_4168a6e9,INEQ-LOWER-D019-H01-Pdis01,inequality,19,1,storage,1,pdis_lower_bound,true,31,5833,MW,0,NaN,
20260811_121452_stage_B_2C_4168a6e9,INEQ-UPPER-D019-H01-Pdis01,inequality,19,1,storage,1,pdis_upper_bound,true,32,5834,MW,0,NaN,
20260811_121452_stage_B_2C_4168a6e9,INEQ-LOWER-D019-H01-Pdis02,inequality,19,1,storage,2,pdis_lower_bound,true,33,5835,MW,0,NaN,
20260811_121452_stage_B_2C_4168a6e9,INEQ-UPPER-D019-H01-Pdis02,inequality,19,1,storage,2,pdis_upper_bound,true,34,5836,MW,0,NaN,
20260811_121452_stage_B_2C_4168a6e9,INEQ-LOWER-D019-H01-SOC01,inequality,19,1,storage,1,soc_lower_bound,true,35,5837,MWh,0,NaN,
20260811_121452_stage_B_2C_4168a6e9,INEQ-UPPER-D019-H01-SOC01,inequality,19,1,storage,1,soc_upper_bound,true,36,5838,MWh,0,NaN,
20260811_121452_stage_B_2C_4168a6e9,INEQ-LOWER-D019-H01-SOC02,inequality,19,1,storage,2,soc_lower_bound,true,37,5839,MWh,0,NaN,
20260811_121452_stage_B_2C_4168a6e9,INEQ-UPPER-D019-H01-SOC02,inequality,19,1,storage,2,soc_upper_bound,true,38,5840,MWh,0,NaN,
20260811_121452_stage_B_2C_4168a6e9,INEQ-LOWER-D019-H02-PW01,inequality,19,2,wind,1,pw_lower_bound,true,1,5841,MW,0,NaN,
20260811_121452_stage_B_2C_4168a6e9,INEQ-UPPER-D019-H02-PW01,inequality,19,2,wind,1,pw_upper_bound,true,2,5842,MW,0,NaN,
20260811_121452_stage_B_2C_4168a6e9,INEQ-LOWER-D019-H02-PW02,inequality,19,2,wind,2,pw_lower_bound,true,3,5843,MW,0,NaN,
20260811_121452_stage_B_2C_4168a6e9,INEQ-UPPER-D019-H02-PW02,inequality,19,2,wind,2,pw_upper_bound,true,4,5844,MW,0,NaN,
20260811_121452_stage_B_2C_4168a6e9,INEQ-LOWER-D019-H02-PW03,inequality,19,2,wind,3,pw_lower_bound,true,5,5845,MW,0,NaN,
20260811_121452_stage_B_2C_4168a6e9,INEQ-UPPER-D019-H02-PW03,inequality,19,2,wind,3,pw_upper_bound,true,6,5846,MW,0,NaN,
20260811_121452_stage_B_2C_4168a6e9,INEQ-LOWER-D019-H02-PW04,inequality,19,2,wind,4,pw_lower_bound,true,7,5847,MW,0,NaN,
20260811_121452_stage_B_2C_4168a6e9,INEQ-UPPER-D019-H02-PW04,inequality,19,2,wind,4,pw_upper_bound,true,8,5848,MW,0,NaN,
20260811_121452_stage_B_2C_4168a6e9,INEQ-LOWER-D019-H02-PW05,inequality,19,2,wind,5,pw_lower_bound,true,9,5849,MW,0,NaN,
20260811_121452_stage_B_2C_4168a6e9,INEQ-UPPER-D019-H02-PW05,inequality,19,2,wind,5,pw_upper_bound,true,10,5850,MW,0,NaN,
20260811_121452_stage_B_2C_4168a6e9,INEQ-LOWER-D019-H02-PH01,inequality,19,2,hydro,1,ph_lower_bound,true,11,5851,MW,0,NaN,
20260811_121452_stage_B_2C_4168a6e9,INEQ-UPPER-D019-H02-PH01,inequality,19,2,hydro,1,ph_upper_bound,true,12,5852,MW,0,NaN,
20260811_121452_stage_B_2C_4168a6e9,INEQ-LOWER-D019-H02-PH02,inequality,19,2,hydro,2,ph_lower_bound,true,13,5853,MW,0,NaN,
20260811_121452_stage_B_2C_4168a6e9,INEQ-UPPER-D019-H02-PH02,inequality,19,2,hydro,2,ph_upper_bound,true,14,5854,MW,0,NaN,
20260811_121452_stage_B_2C_4168a6e9,INEQ-LOWER-D019-H02-PH03,inequality,19,2,hydro,3,ph_lower_bound,true,15,5855,MW,0,NaN,
20260811_121452_stage_B_2C_4168a6e9,INEQ-UPPER-D019-H02-PH03,inequality,19,2,hydro,3,ph_upper_bound,true,16,5856,MW,0,NaN,
20260811_121452_stage_B_2C_4168a6e9,INEQ-LOWER-D019-H02-PH04,inequality,19,2,hydro,4,ph_lower_bound,true,17,5857,MW,0,NaN,
20260811_121452_stage_B_2C_4168a6e9,INEQ-UPPER-D019-H02-PH04,inequality,19,2,hydro,4,ph_upper_bound,true,18,5858,MW,0,NaN,
20260811_121452_stage_B_2C_4168a6e9,INEQ-LOWER-D019-H02-PF01,inequality,19,2,thermal,1,pf_lower_bound,true,19,5859,MW,0,NaN,
20260811_121452_stage_B_2C_4168a6e9,INEQ-UPPER-D019-H02-PF01,inequality,19,2,thermal,1,pf_upper_bound,true,20,5860,MW,0,NaN,
20260811_121452_stage_B_2C_4168a6e9,INEQ-LOWER-D019-H02-PF02,inequality,19,2,thermal,2,pf_lower_bound,true,21,5861,MW,0,NaN,
20260811_121452_stage_B_2C_4168a6e9,INEQ-UPPER-D019-H02-PF02,inequality,19,2,thermal,2,pf_upper_bound,true,22,5862,MW,0,NaN,
20260811_121452_stage_B_2C_4168a6e9,INEQ-LOWER-D019-H02-PF03,inequality,19,2,thermal,3,pf_lower_bound,true,23,5863,MW,0,NaN,
20260811_121452_stage_B_2C_4168a6e9,INEQ-UPPER-D019-H02-PF03,inequality,19,2,thermal,3,pf_upper_bound,true,24,5864,MW,0,NaN,
20260811_121452_stage_B_2C_4168a6e9,INEQ-LOWER-D019-H02-PF04,inequality,19,2,thermal,4,pf_lower_bound,true,25,5865,MW,0,NaN,
20260811_121452_stage_B_2C_4168a6e9,INEQ-UPPER-D019-H02-PF04,inequality,19,2,thermal,4,pf_upper_bound,true,26,5866,MW,0,NaN,
20260811_121452_stage_B_2C_4168a6e9,INEQ-LOWER-D019-H02-Pch01,inequality,19,2,storage,1,pch_lower_bound,true,27,5867,MW,0,NaN,
20260811_121452_stage_B_2C_4168a6e9,INEQ-UPPER-D019-H02-Pch01,inequality,19,2,storage,1,pch_upper_bound,true,28,5868,MW,0,NaN,
20260811_121452_stage_B_2C_4168a6e9,INEQ-LOWER-D019-H02-Pch02,inequality,19,2,storage,2,pch_lower_bound,true,29,5869,MW,0,NaN,
20260811_121452_stage_B_2C_4168a6e9,INEQ-UPPER-D019-H02-Pch02,inequality,19,2,storage,2,pch_upper_bound,true,30,5870,MW,0,NaN,
20260811_121452_stage_B_2C_4168a6e9,INEQ-LOWER-D019-H02-Pdis01,inequality,19,2,storage,1,pdis_lower_bound,true,31,5871,MW,0,NaN,
20260811_121452_stage_B_2C_4168a6e9,INEQ-UPPER-D019-H02-Pdis01,inequality,19,2,storage,1,pdis_upper_bound,true,32,5872,MW,0,NaN,
20260811_121452_stage_B_2C_4168a6e9,INEQ-LOWER-D019-H02-Pdis02,inequality,19,2,storage,2,pdis_lower_bound,true,33,5873,MW,0,NaN,
20260811_121452_stage_B_2C_4168a6e9,INEQ-UPPER-D019-H02-Pdis02,inequality,19,2,storage,2,pdis_upper_bound,true,34,5874,MW,0,NaN,
20260811_121452_stage_B_2C_4168a6e9,INEQ-LOWER-D019-H02-SOC01,inequality,19,2,storage,1,soc_lower_bound,true,35,5875,MWh,0,NaN,
20260811_121452_stage_B_2C_4168a6e9,INEQ-UPPER-D019-H02-SOC01,inequality,19,2,storage,1,soc_upper_bound,true,36,5876,MWh,0,NaN,
20260811_121452_stage_B_2C_4168a6e9,INEQ-LOWER-D019-H02-SOC02,inequality,19,2,storage,2,soc_lower_bound,true,37,5877,MWh,0,NaN,
20260811_121452_stage_B_2C_4168a6e9,INEQ-UPPER-D019-H02-SOC02,inequality,19,2,storage,2,soc_upper_bound,true,38,5878,MWh,0,NaN,
20260811_121452_stage_B_2C_4168a6e9,INEQ-LOWER-D019-H03-PW01,inequality,19,3,wind,1,pw_lower_bound,true,1,5879,MW,0,NaN,
20260811_121452_stage_B_2C_4168a6e9,INEQ-UPPER-D019-H03-PW01,inequality,19,3,wind,1,pw_upper_bound,true,2,5880,MW,0,NaN,
20260811_121452_stage_B_2C_4168a6e9,INEQ-LOWER-D019-H03-PW02,inequality,19,3,wind,2,pw_lower_bound,true,3,5881,MW,0,NaN,
20260811_121452_stage_B_2C_4168a6e9,INEQ-UPPER-D019-H03-PW02,inequality,19,3,wind,2,pw_upper_bound,true,4,5882,MW,0,NaN,
20260811_121452_stage_B_2C_4168a6e9,INEQ-LOWER-D019-H03-PW03,inequality,19,3,wind,3,pw_lower_bound,true,5,5883,MW,0,NaN,
20260811_121452_stage_B_2C_4168a6e9,INEQ-UPPER-D019-H03-PW03,inequality,19,3,wind,3,pw_upper_bound,true,6,5884,MW,0,NaN,
20260811_121452_stage_B_2C_4168a6e9,INEQ-LOWER-D019-H03-PW04,inequality,19,3,wind,4,pw_lower_bound,true,7,5885,MW,0,NaN,
20260811_121452_stage_B_2C_4168a6e9,INEQ-UPPER-D019-H03-PW04,inequality,19,3,wind,4,pw_upper_bound,true,8,5886,MW,0,NaN,
20260811_121452_stage_B_2C_4168a6e9,INEQ-LOWER-D019-H03-PW05,inequality,19,3,wind,5,pw_lower_bound,true,9,5887,MW,0,NaN,
20260811_121452_stage_B_2C_4168a6e9,INEQ-UPPER-D019-H03-PW05,inequality,19,3,wind,5,pw_upper_bound,true,10,5888,MW,0,NaN,
20260811_121452_stage_B_2C_4168a6e9,INEQ-LOWER-D019-H03-PH01,inequality,19,3,hydro,1,ph_lower_bound,true,11,5889,MW,0,NaN,
20260811_121452_stage_B_2C_4168a6e9,INEQ-UPPER-D019-H03-PH01,inequality,19,3,hydro,1,ph_upper_bound,true,12,5890,MW,0,NaN,
20260811_121452_stage_B_2C_4168a6e9,INEQ-LOWER-D019-H03-PH02,inequality,19,3,hydro,2,ph_lower_bound,true,13,5891,MW,0,NaN,
20260811_121452_stage_B_2C_4168a6e9,INEQ-UPPER-D019-H03-PH02,inequality,19,3,hydro,2,ph_upper_bound,true,14,5892,MW,0,NaN,
20260811_121452_stage_B_2C_4168a6e9,INEQ-LOWER-D019-H03-PH03,inequality,19,3,hydro,3,ph_lower_bound,true,15,5893,MW,0,NaN,
20260811_121452_stage_B_2C_4168a6e9,INEQ-UPPER-D019-H03-PH03,inequality,19,3,hydro,3,ph_upper_bound,true,16,5894,MW,0,NaN,
20260811_121452_stage_B_2C_4168a6e9,INEQ-LOWER-D019-H03-PH04,inequality,19,3,hydro,4,ph_lower_bound,true,17,5895,MW,0,NaN,
20260811_121452_stage_B_2C_4168a6e9,INEQ-UPPER-D019-H03-PH04,inequality,19,3,hydro,4,ph_upper_bound,true,18,5896,MW,0,NaN,
20260811_121452_stage_B_2C_4168a6e9,INEQ-LOWER-D019-H03-PF01,inequality,19,3,thermal,1,pf_lower_bound,true,19,5897,MW,0,NaN,
20260811_121452_stage_B_2C_4168a6e9,INEQ-UPPER-D019-H03-PF01,inequality,19,3,thermal,1,pf_upper_bound,true,20,5898,MW,0,NaN,
20260811_121452_stage_B_2C_4168a6e9,INEQ-LOWER-D019-H03-PF02,inequality,19,3,thermal,2,pf_lower_bound,true,21,5899,MW,0,NaN,
20260811_121452_stage_B_2C_4168a6e9,INEQ-UPPER-D019-H03-PF02,inequality,19,3,thermal,2,pf_upper_bound,true,22,5900,MW,0,NaN,
20260811_121452_stage_B_2C_4168a6e9,INEQ-LOWER-D019-H03-PF03,inequality,19,3,thermal,3,pf_lower_bound,true,23,5901,MW,0,NaN,
20260811_121452_stage_B_2C_4168a6e9,INEQ-UPPER-D019-H03-PF03,inequality,19,3,thermal,3,pf_upper_bound,true,24,5902,MW,0,NaN,
20260811_121452_stage_B_2C_4168a6e9,INEQ-LOWER-D019-H03-PF04,inequality,19,3,thermal,4,pf_lower_bound,true,25,5903,MW,0,NaN,
20260811_121452_stage_B_2C_4168a6e9,INEQ-UPPER-D019-H03-PF04,inequality,19,3,thermal,4,pf_upper_bound,true,26,5904,MW,0,NaN,
20260811_121452_stage_B_2C_4168a6e9,INEQ-LOWER-D019-H03-Pch01,inequality,19,3,storage,1,pch_lower_bound,true,27,5905,MW,0,NaN,
20260811_121452_stage_B_2C_4168a6e9,INEQ-UPPER-D019-H03-Pch01,inequality,19,3,storage,1,pch_upper_bound,true,28,5906,MW,0,NaN,
20260811_121452_stage_B_2C_4168a6e9,INEQ-LOWER-D019-H03-Pch02,inequality,19,3,storage,2,pch_lower_bound,true,29,5907,MW,0,NaN,
20260811_121452_stage_B_2C_4168a6e9,INEQ-UPPER-D019-H03-Pch02,inequality,19,3,storage,2,pch_upper_bound,true,30,5908,MW,0,NaN,
20260811_121452_stage_B_2C_4168a6e9,INEQ-LOWER-D019-H03-Pdis01,inequality,19,3,storage,1,pdis_lower_bound,true,31,5909,MW,0,NaN,
20260811_121452_stage_B_2C_4168a6e9,INEQ-UPPER-D019-H03-Pdis01,inequality,19,3,storage,1,pdis_upper_bound,true,32,5910,MW,0,NaN,
20260811_121452_stage_B_2C_4168a6e9,INEQ-LOWER-D019-H03-Pdis02,inequality,19,3,storage,2,pdis_lower_bound,true,33,5911,MW,0,NaN,
20260811_121452_stage_B_2C_4168a6e9,INEQ-UPPER-D019-H03-Pdis02,inequality,19,3,storage,2,pdis_upper_bound,true,34,5912,MW,0,NaN,
20260811_121452_stage_B_2C_4168a6e9,INEQ-LOWER-D019-H03-SOC01,inequality,19,3,storage,1,soc_lower_bound,true,35,5913,MWh,0,NaN,
20260811_121452_stage_B_2C_4168a6e9,INEQ-UPPER-D019-H03-SOC01,inequality,19,3,storage,1,soc_upper_bound,true,36,5914,MWh,0,NaN,
20260811_121452_stage_B_2C_4168a6e9,INEQ-LOWER-D019-H03-SOC02,inequality,19,3,storage,2,soc_lower_bound,true,37,5915,MWh,0,NaN,
20260811_121452_stage_B_2C_4168a6e9,INEQ-UPPER-D019-H03-SOC02,inequality,19,3,storage,2,soc_upper_bound,true,38,5916,MWh,0,NaN,
20260811_121452_stage_B_2C_4168a6e9,INEQ-LOWER-D019-H04-PW01,inequality,19,4,wind,1,pw_lower_bound,true,1,5917,MW,0,NaN,
20260811_121452_stage_B_2C_4168a6e9,INEQ-UPPER-D019-H04-PW01,inequality,19,4,wind,1,pw_upper_bound,true,2,5918,MW,0,NaN,
20260811_121452_stage_B_2C_4168a6e9,INEQ-LOWER-D019-H04-PW02,inequality,19,4,wind,2,pw_lower_bound,true,3,5919,MW,0,NaN,
20260811_121452_stage_B_2C_4168a6e9,INEQ-UPPER-D019-H04-PW02,inequality,19,4,wind,2,pw_upper_bound,true,4,5920,MW,0,NaN,
20260811_121452_stage_B_2C_4168a6e9,INEQ-LOWER-D019-H04-PW03,inequality,19,4,wind,3,pw_lower_bound,true,5,5921,MW,0,NaN,
20260811_121452_stage_B_2C_4168a6e9,INEQ-UPPER-D019-H04-PW03,inequality,19,4,wind,3,pw_upper_bound,true,6,5922,MW,0,NaN,
20260811_121452_stage_B_2C_4168a6e9,INEQ-LOWER-D019-H04-PW04,inequality,19,4,wind,4,pw_lower_bound,true,7,5923,MW,0,NaN,
20260811_121452_stage_B_2C_4168a6e9,INEQ-UPPER-D019-H04-PW04,inequality,19,4,wind,4,pw_upper_bound,true,8,5924,MW,0,NaN,
20260811_121452_stage_B_2C_4168a6e9,INEQ-LOWER-D019-H04-PW05,inequality,19,4,wind,5,pw_lower_bound,true,9,5925,MW,0,NaN,
20260811_121452_stage_B_2C_4168a6e9,INEQ-UPPER-D019-H04-PW05,inequality,19,4,wind,5,pw_upper_bound,true,10,5926,MW,0,NaN,
20260811_121452_stage_B_2C_4168a6e9,INEQ-LOWER-D019-H04-PH01,inequality,19,4,hydro,1,ph_lower_bound,true,11,5927,MW,0,NaN,
20260811_121452_stage_B_2C_4168a6e9,INEQ-UPPER-D019-H04-PH01,inequality,19,4,hydro,1,ph_upper_bound,true,12,5928,MW,0,NaN,
20260811_121452_stage_B_2C_4168a6e9,INEQ-LOWER-D019-H04-PH02,inequality,19,4,hydro,2,ph_lower_bound,true,13,5929,MW,0,NaN,
20260811_121452_stage_B_2C_4168a6e9,INEQ-UPPER-D019-H04-PH02,inequality,19,4,hydro,2,ph_upper_bound,true,14,5930,MW,0,NaN,
20260811_121452_stage_B_2C_4168a6e9,INEQ-LOWER-D019-H04-PH03,inequality,19,4,hydro,3,ph_lower_bound,true,15,5931,MW,0,NaN,
20260811_121452_stage_B_2C_4168a6e9,INEQ-UPPER-D019-H04-PH03,inequality,19,4,hydro,3,ph_upper_bound,true,16,5932,MW,0,NaN,
20260811_121452_stage_B_2C_4168a6e9,INEQ-LOWER-D019-H04-PH04,inequality,19,4,hydro,4,ph_lower_bound,true,17,5933,MW,0,NaN,
20260811_121452_stage_B_2C_4168a6e9,INEQ-UPPER-D019-H04-PH04,inequality,19,4,hydro,4,ph_upper_bound,true,18,5934,MW,0,NaN,
20260811_121452_stage_B_2C_4168a6e9,INEQ-LOWER-D019-H04-PF01,inequality,19,4,thermal,1,pf_lower_bound,true,19,5935,MW,0,NaN,
20260811_121452_stage_B_2C_4168a6e9,INEQ-UPPER-D019-H04-PF01,inequality,19,4,thermal,1,pf_upper_bound,true,20,5936,MW,0,NaN,
20260811_121452_stage_B_2C_4168a6e9,INEQ-LOWER-D019-H04-PF02,inequality,19,4,thermal,2,pf_lower_bound,true,21,5937,MW,0,NaN,
20260811_121452_stage_B_2C_4168a6e9,INEQ-UPPER-D019-H04-PF02,inequality,19,4,thermal,2,pf_upper_bound,true,22,5938,MW,0,NaN,
20260811_121452_stage_B_2C_4168a6e9,INEQ-LOWER-D019-H04-PF03,inequality,19,4,thermal,3,pf_lower_bound,true,23,5939,MW,0,NaN,
20260811_121452_stage_B_2C_4168a6e9,INEQ-UPPER-D019-H04-PF03,inequality,19,4,thermal,3,pf_upper_bound,true,24,5940,MW,0,NaN,
20260811_121452_stage_B_2C_4168a6e9,INEQ-LOWER-D019-H04-PF04,inequality,19,4,thermal,4,pf_lower_bound,true,25,5941,MW,0,NaN,
20260811_121452_stage_B_2C_4168a6e9,INEQ-UPPER-D019-H04-PF04,inequality,19,4,thermal,4,pf_upper_bound,true,26,5942,MW,0,NaN,
20260811_121452_stage_B_2C_4168a6e9,INEQ-LOWER-D019-H04-Pch01,inequality,19,4,storage,1,pch_lower_bound,true,27,5943,MW,0,NaN,
20260811_121452_stage_B_2C_4168a6e9,INEQ-UPPER-D019-H04-Pch01,inequality,19,4,storage,1,pch_upper_bound,true,28,5944,MW,0,NaN,
20260811_121452_stage_B_2C_4168a6e9,INEQ-LOWER-D019-H04-Pch02,inequality,19,4,storage,2,pch_lower_bound,true,29,5945,MW,0,NaN,
20260811_121452_stage_B_2C_4168a6e9,INEQ-UPPER-D019-H04-Pch02,inequality,19,4,storage,2,pch_upper_bound,true,30,5946,MW,0,NaN,
20260811_121452_stage_B_2C_4168a6e9,INEQ-LOWER-D019-H04-Pdis01,inequality,19,4,storage,1,pdis_lower_bound,true,31,5947,MW,0,NaN,
20260811_121452_stage_B_2C_4168a6e9,INEQ-UPPER-D019-H04-Pdis01,inequality,19,4,storage,1,pdis_upper_bound,true,32,5948,MW,0,NaN,
20260811_121452_stage_B_2C_4168a6e9,INEQ-LOWER-D019-H04-Pdis02,inequality,19,4,storage,2,pdis_lower_bound,true,33,5949,MW,0,NaN,
20260811_121452_stage_B_2C_4168a6e9,INEQ-UPPER-D019-H04-Pdis02,inequality,19,4,storage,2,pdis_upper_bound,true,34,5950,MW,0,NaN,
20260811_121452_stage_B_2C_4168a6e9,INEQ-LOWER-D019-H04-SOC01,inequality,19,4,storage,1,soc_lower_bound,true,35,5951,MWh,0,NaN,
20260811_121452_stage_B_2C_4168a6e9,INEQ-UPPER-D019-H04-SOC01,inequality,19,4,storage,1,soc_upper_bound,true,36,5952,MWh,0,NaN,
20260811_121452_stage_B_2C_4168a6e9,INEQ-LOWER-D019-H04-SOC02,inequality,19,4,storage,2,soc_lower_bound,true,37,5953,MWh,0,NaN,
20260811_121452_stage_B_2C_4168a6e9,INEQ-UPPER-D019-H04-SOC02,inequality,19,4,storage,2,soc_upper_bound,true,38,5954,MWh,0,NaN,
20260811_121452_stage_B_2C_4168a6e9,INEQ-LOWER-D019-H05-PW01,inequality,19,5,wind,1,pw_lower_bound,true,1,5955,MW,0,NaN,
20260811_121452_stage_B_2C_4168a6e9,INEQ-UPPER-D019-H05-PW01,inequality,19,5,wind,1,pw_upper_bound,true,2,5956,MW,0,NaN,
20260811_121452_stage_B_2C_4168a6e9,INEQ-LOWER-D019-H05-PW02,inequality,19,5,wind,2,pw_lower_bound,true,3,5957,MW,0,NaN,
20260811_121452_stage_B_2C_4168a6e9,INEQ-UPPER-D019-H05-PW02,inequality,19,5,wind,2,pw_upper_bound,true,4,5958,MW,0,NaN,
20260811_121452_stage_B_2C_4168a6e9,INEQ-LOWER-D019-H05-PW03,inequality,19,5,wind,3,pw_lower_bound,true,5,5959,MW,0,NaN,
20260811_121452_stage_B_2C_4168a6e9,INEQ-UPPER-D019-H05-PW03,inequality,19,5,wind,3,pw_upper_bound,true,6,5960,MW,0,NaN,
20260811_121452_stage_B_2C_4168a6e9,INEQ-LOWER-D019-H05-PW04,inequality,19,5,wind,4,pw_lower_bound,true,7,5961,MW,0,NaN,
20260811_121452_stage_B_2C_4168a6e9,INEQ-UPPER-D019-H05-PW04,inequality,19,5,wind,4,pw_upper_bound,true,8,5962,MW,0,NaN,
20260811_121452_stage_B_2C_4168a6e9,INEQ-LOWER-D019-H05-PW05,inequality,19,5,wind,5,pw_lower_bound,true,9,5963,MW,0,NaN,
20260811_121452_stage_B_2C_4168a6e9,INEQ-UPPER-D019-H05-PW05,inequality,19,5,wind,5,pw_upper_bound,true,10,5964,MW,0,NaN,
20260811_121452_stage_B_2C_4168a6e9,INEQ-LOWER-D019-H05-PH01,inequality,19,5,hydro,1,ph_lower_bound,true,11,5965,MW,0,NaN,
20260811_121452_stage_B_2C_4168a6e9,INEQ-UPPER-D019-H05-PH01,inequality,19,5,hydro,1,ph_upper_bound,true,12,5966,MW,0,NaN,
20260811_121452_stage_B_2C_4168a6e9,INEQ-LOWER-D019-H05-PH02,inequality,19,5,hydro,2,ph_lower_bound,true,13,5967,MW,0,NaN,
20260811_121452_stage_B_2C_4168a6e9,INEQ-UPPER-D019-H05-PH02,inequality,19,5,hydro,2,ph_upper_bound,true,14,5968,MW,0,NaN,
20260811_121452_stage_B_2C_4168a6e9,INEQ-LOWER-D019-H05-PH03,inequality,19,5,hydro,3,ph_lower_bound,true,15,5969,MW,0,NaN,
20260811_121452_stage_B_2C_4168a6e9,INEQ-UPPER-D019-H05-PH03,inequality,19,5,hydro,3,ph_upper_bound,true,16,5970,MW,0,NaN,
20260811_121452_stage_B_2C_4168a6e9,INEQ-LOWER-D019-H05-PH04,inequality,19,5,hydro,4,ph_lower_bound,true,17,5971,MW,0,NaN,
20260811_121452_stage_B_2C_4168a6e9,INEQ-UPPER-D019-H05-PH04,inequality,19,5,hydro,4,ph_upper_bound,true,18,5972,MW,0,NaN,
20260811_121452_stage_B_2C_4168a6e9,INEQ-LOWER-D019-H05-PF01,inequality,19,5,thermal,1,pf_lower_bound,true,19,5973,MW,0,NaN,
20260811_121452_stage_B_2C_4168a6e9,INEQ-UPPER-D019-H05-PF01,inequality,19,5,thermal,1,pf_upper_bound,true,20,5974,MW,0,NaN,
20260811_121452_stage_B_2C_4168a6e9,INEQ-LOWER-D019-H05-PF02,inequality,19,5,thermal,2,pf_lower_bound,true,21,5975,MW,0,NaN,
20260811_121452_stage_B_2C_4168a6e9,INEQ-UPPER-D019-H05-PF02,inequality,19,5,thermal,2,pf_upper_bound,true,22,5976,MW,0,NaN,
20260811_121452_stage_B_2C_4168a6e9,INEQ-LOWER-D019-H05-PF03,inequality,19,5,thermal,3,pf_lower_bound,true,23,5977,MW,0,NaN,
20260811_121452_stage_B_2C_4168a6e9,INEQ-UPPER-D019-H05-PF03,inequality,19,5,thermal,3,pf_upper_bound,true,24,5978,MW,0,NaN,
20260811_121452_stage_B_2C_4168a6e9,INEQ-LOWER-D019-H05-PF04,inequality,19,5,thermal,4,pf_lower_bound,true,25,5979,MW,0,NaN,
20260811_121452_stage_B_2C_4168a6e9,INEQ-UPPER-D019-H05-PF04,inequality,19,5,thermal,4,pf_upper_bound,true,26,5980,MW,0,NaN,
20260811_121452_stage_B_2C_4168a6e9,INEQ-LOWER-D019-H05-Pch01,inequality,19,5,storage,1,pch_lower_bound,true,27,5981,MW,0,NaN,
20260811_121452_stage_B_2C_4168a6e9,INEQ-UPPER-D019-H05-Pch01,inequality,19,5,storage,1,pch_upper_bound,true,28,5982,MW,0,NaN,
20260811_121452_stage_B_2C_4168a6e9,INEQ-LOWER-D019-H05-Pch02,inequality,19,5,storage,2,pch_lower_bound,true,29,5983,MW,0,NaN,
20260811_121452_stage_B_2C_4168a6e9,INEQ-UPPER-D019-H05-Pch02,inequality,19,5,storage,2,pch_upper_bound,true,30,5984,MW,0,NaN,
20260811_121452_stage_B_2C_4168a6e9,INEQ-LOWER-D019-H05-Pdis01,inequality,19,5,storage,1,pdis_lower_bound,true,31,5985,MW,0,NaN,
20260811_121452_stage_B_2C_4168a6e9,INEQ-UPPER-D019-H05-Pdis01,inequality,19,5,storage,1,pdis_upper_bound,true,32,5986,MW,0,NaN,
20260811_121452_stage_B_2C_4168a6e9,INEQ-LOWER-D019-H05-Pdis02,inequality,19,5,storage,2,pdis_lower_bound,true,33,5987,MW,0,NaN,
20260811_121452_stage_B_2C_4168a6e9,INEQ-UPPER-D019-H05-Pdis02,inequality,19,5,storage,2,pdis_upper_bound,true,34,5988,MW,0,NaN,
20260811_121452_stage_B_2C_4168a6e9,INEQ-LOWER-D019-H05-SOC01,inequality,19,5,storage,1,soc_lower_bound,true,35,5989,MWh,0,NaN,
20260811_121452_stage_B_2C_4168a6e9,INEQ-UPPER-D019-H05-SOC01,inequality,19,5,storage,1,soc_upper_bound,true,36,5990,MWh,0,NaN,
20260811_121452_stage_B_2C_4168a6e9,INEQ-LOWER-D019-H05-SOC02,inequality,19,5,storage,2,soc_lower_bound,true,37,5991,MWh,0,NaN,
20260811_121452_stage_B_2C_4168a6e9,INEQ-UPPER-D019-H05-SOC02,inequality,19,5,storage,2,soc_upper_bound,true,38,5992,MWh,0,NaN,
20260811_121452_stage_B_2C_4168a6e9,INEQ-LOWER-D019-H06-PW01,inequality,19,6,wind,1,pw_lower_bound,true,1,5993,MW,0,NaN,
20260811_121452_stage_B_2C_4168a6e9,INEQ-UPPER-D019-H06-PW01,inequality,19,6,wind,1,pw_upper_bound,true,2,5994,MW,0,NaN,
20260811_121452_stage_B_2C_4168a6e9,INEQ-LOWER-D019-H06-PW02,inequality,19,6,wind,2,pw_lower_bound,true,3,5995,MW,0,NaN,
20260811_121452_stage_B_2C_4168a6e9,INEQ-UPPER-D019-H06-PW02,inequality,19,6,wind,2,pw_upper_bound,true,4,5996,MW,0,NaN,
20260811_121452_stage_B_2C_4168a6e9,INEQ-LOWER-D019-H06-PW03,inequality,19,6,wind,3,pw_lower_bound,true,5,5997,MW,0,NaN,
20260811_121452_stage_B_2C_4168a6e9,INEQ-UPPER-D019-H06-PW03,inequality,19,6,wind,3,pw_upper_bound,true,6,5998,MW,0,NaN,
20260811_121452_stage_B_2C_4168a6e9,INEQ-LOWER-D019-H06-PW04,inequality,19,6,wind,4,pw_lower_bound,true,7,5999,MW,0,NaN,
20260811_121452_stage_B_2C_4168a6e9,INEQ-UPPER-D019-H06-PW04,inequality,19,6,wind,4,pw_upper_bound,true,8,6000,MW,0,NaN,
20260811_121452_stage_B_2C_4168a6e9,INEQ-LOWER-D019-H06-PW05,inequality,19,6,wind,5,pw_lower_bound,true,9,6001,MW,0,NaN,
20260811_121452_stage_B_2C_4168a6e9,INEQ-UPPER-D019-H06-PW05,inequality,19,6,wind,5,pw_upper_bound,true,10,6002,MW,0,NaN,
20260811_121452_stage_B_2C_4168a6e9,INEQ-LOWER-D019-H06-PH01,inequality,19,6,hydro,1,ph_lower_bound,true,11,6003,MW,0,NaN,
20260811_121452_stage_B_2C_4168a6e9,INEQ-UPPER-D019-H06-PH01,inequality,19,6,hydro,1,ph_upper_bound,true,12,6004,MW,0,NaN,
20260811_121452_stage_B_2C_4168a6e9,INEQ-LOWER-D019-H06-PH02,inequality,19,6,hydro,2,ph_lower_bound,true,13,6005,MW,0,NaN,
20260811_121452_stage_B_2C_4168a6e9,INEQ-UPPER-D019-H06-PH02,inequality,19,6,hydro,2,ph_upper_bound,true,14,6006,MW,0,NaN,
20260811_121452_stage_B_2C_4168a6e9,INEQ-LOWER-D019-H06-PH03,inequality,19,6,hydro,3,ph_lower_bound,true,15,6007,MW,0,NaN,
20260811_121452_stage_B_2C_4168a6e9,INEQ-UPPER-D019-H06-PH03,inequality,19,6,hydro,3,ph_upper_bound,true,16,6008,MW,0,NaN,
20260811_121452_stage_B_2C_4168a6e9,INEQ-LOWER-D019-H06-PH04,inequality,19,6,hydro,4,ph_lower_bound,true,17,6009,MW,0,NaN,
20260811_121452_stage_B_2C_4168a6e9,INEQ-UPPER-D019-H06-PH04,inequality,19,6,hydro,4,ph_upper_bound,true,18,6010,MW,0,NaN,
20260811_121452_stage_B_2C_4168a6e9,INEQ-LOWER-D019-H06-PF01,inequality,19,6,thermal,1,pf_lower_bound,true,19,6011,MW,0,NaN,
20260811_121452_stage_B_2C_4168a6e9,INEQ-UPPER-D019-H06-PF01,inequality,19,6,thermal,1,pf_upper_bound,true,20,6012,MW,0,NaN,
20260811_121452_stage_B_2C_4168a6e9,INEQ-LOWER-D019-H06-PF02,inequality,19,6,thermal,2,pf_lower_bound,true,21,6013,MW,0,NaN,
20260811_121452_stage_B_2C_4168a6e9,INEQ-UPPER-D019-H06-PF02,inequality,19,6,thermal,2,pf_upper_bound,true,22,6014,MW,0,NaN,
20260811_121452_stage_B_2C_4168a6e9,INEQ-LOWER-D019-H06-PF03,inequality,19,6,thermal,3,pf_lower_bound,true,23,6015,MW,0,NaN,
20260811_121452_stage_B_2C_4168a6e9,INEQ-UPPER-D019-H06-PF03,inequality,19,6,thermal,3,pf_upper_bound,true,24,6016,MW,0,NaN,
20260811_121452_stage_B_2C_4168a6e9,INEQ-LOWER-D019-H06-PF04,inequality,19,6,thermal,4,pf_lower_bound,true,25,6017,MW,0,NaN,
20260811_121452_stage_B_2C_4168a6e9,INEQ-UPPER-D019-H06-PF04,inequality,19,6,thermal,4,pf_upper_bound,true,26,6018,MW,0,NaN,
20260811_121452_stage_B_2C_4168a6e9,INEQ-LOWER-D019-H06-Pch01,inequality,19,6,storage,1,pch_lower_bound,true,27,6019,MW,0,NaN,
20260811_121452_stage_B_2C_4168a6e9,INEQ-UPPER-D019-H06-Pch01,inequality,19,6,storage,1,pch_upper_bound,true,28,6020,MW,0,NaN,
20260811_121452_stage_B_2C_4168a6e9,INEQ-LOWER-D019-H06-Pch02,inequality,19,6,storage,2,pch_lower_bound,true,29,6021,MW,0,NaN,
20260811_121452_stage_B_2C_4168a6e9,INEQ-UPPER-D019-H06-Pch02,inequality,19,6,storage,2,pch_upper_bound,true,30,6022,MW,0,NaN,
20260811_121452_stage_B_2C_4168a6e9,INEQ-LOWER-D019-H06-Pdis01,inequality,19,6,storage,1,pdis_lower_bound,true,31,6023,MW,0,NaN,
20260811_121452_stage_B_2C_4168a6e9,INEQ-UPPER-D019-H06-Pdis01,inequality,19,6,storage,1,pdis_upper_bound,true,32,6024,MW,0,NaN,
20260811_121452_stage_B_2C_4168a6e9,INEQ-LOWER-D019-H06-Pdis02,inequality,19,6,storage,2,pdis_lower_bound,true,33,6025,MW,0,NaN,
20260811_121452_stage_B_2C_4168a6e9,INEQ-UPPER-D019-H06-Pdis02,inequality,19,6,storage,2,pdis_upper_bound,true,34,6026,MW,0,NaN,
20260811_121452_stage_B_2C_4168a6e9,INEQ-LOWER-D019-H06-SOC01,inequality,19,6,storage,1,soc_lower_bound,true,35,6027,MWh,0,NaN,
20260811_121452_stage_B_2C_4168a6e9,INEQ-UPPER-D019-H06-SOC01,inequality,19,6,storage,1,soc_upper_bound,true,36,6028,MWh,0,NaN,
20260811_121452_stage_B_2C_4168a6e9,INEQ-LOWER-D019-H06-SOC02,inequality,19,6,storage,2,soc_lower_bound,true,37,6029,MWh,0,NaN,
20260811_121452_stage_B_2C_4168a6e9,INEQ-UPPER-D019-H06-SOC02,inequality,19,6,storage,2,soc_upper_bound,true,38,6030,MWh,0,NaN,
20260811_121452_stage_B_2C_4168a6e9,INEQ-LOWER-D019-H07-PW01,inequality,19,7,wind,1,pw_lower_bound,true,1,6031,MW,0,NaN,
20260811_121452_stage_B_2C_4168a6e9,INEQ-UPPER-D019-H07-PW01,inequality,19,7,wind,1,pw_upper_bound,true,2,6032,MW,0,NaN,
20260811_121452_stage_B_2C_4168a6e9,INEQ-LOWER-D019-H07-PW02,inequality,19,7,wind,2,pw_lower_bound,true,3,6033,MW,0,NaN,
20260811_121452_stage_B_2C_4168a6e9,INEQ-UPPER-D019-H07-PW02,inequality,19,7,wind,2,pw_upper_bound,true,4,6034,MW,0,NaN,
20260811_121452_stage_B_2C_4168a6e9,INEQ-LOWER-D019-H07-PW03,inequality,19,7,wind,3,pw_lower_bound,true,5,6035,MW,0,NaN,
20260811_121452_stage_B_2C_4168a6e9,INEQ-UPPER-D019-H07-PW03,inequality,19,7,wind,3,pw_upper_bound,true,6,6036,MW,0,NaN,
20260811_121452_stage_B_2C_4168a6e9,INEQ-LOWER-D019-H07-PW04,inequality,19,7,wind,4,pw_lower_bound,true,7,6037,MW,0,NaN,
20260811_121452_stage_B_2C_4168a6e9,INEQ-UPPER-D019-H07-PW04,inequality,19,7,wind,4,pw_upper_bound,true,8,6038,MW,0,NaN,
20260811_121452_stage_B_2C_4168a6e9,INEQ-LOWER-D019-H07-PW05,inequality,19,7,wind,5,pw_lower_bound,true,9,6039,MW,0,NaN,
20260811_121452_stage_B_2C_4168a6e9,INEQ-UPPER-D019-H07-PW05,inequality,19,7,wind,5,pw_upper_bound,true,10,6040,MW,0,NaN,
20260811_121452_stage_B_2C_4168a6e9,INEQ-LOWER-D019-H07-PH01,inequality,19,7,hydro,1,ph_lower_bound,true,11,6041,MW,0,NaN,
20260811_121452_stage_B_2C_4168a6e9,INEQ-UPPER-D019-H07-PH01,inequality,19,7,hydro,1,ph_upper_bound,true,12,6042,MW,0,NaN,
20260811_121452_stage_B_2C_4168a6e9,INEQ-LOWER-D019-H07-PH02,inequality,19,7,hydro,2,ph_lower_bound,true,13,6043,MW,0,NaN,
20260811_121452_stage_B_2C_4168a6e9,INEQ-UPPER-D019-H07-PH02,inequality,19,7,hydro,2,ph_upper_bound,true,14,6044,MW,0,NaN,
20260811_121452_stage_B_2C_4168a6e9,INEQ-LOWER-D019-H07-PH03,inequality,19,7,hydro,3,ph_lower_bound,true,15,6045,MW,0,NaN,
20260811_121452_stage_B_2C_4168a6e9,INEQ-UPPER-D019-H07-PH03,inequality,19,7,hydro,3,ph_upper_bound,true,16,6046,MW,0,NaN,
20260811_121452_stage_B_2C_4168a6e9,INEQ-LOWER-D019-H07-PH04,inequality,19,7,hydro,4,ph_lower_bound,true,17,6047,MW,0,NaN,
20260811_121452_stage_B_2C_4168a6e9,INEQ-UPPER-D019-H07-PH04,inequality,19,7,hydro,4,ph_upper_bound,true,18,6048,MW,0,NaN,
20260811_121452_stage_B_2C_4168a6e9,INEQ-LOWER-D019-H07-PF01,inequality,19,7,thermal,1,pf_lower_bound,true,19,6049,MW,0,NaN,
20260811_121452_stage_B_2C_4168a6e9,INEQ-UPPER-D019-H07-PF01,inequality,19,7,thermal,1,pf_upper_bound,true,20,6050,MW,0,NaN,
20260811_121452_stage_B_2C_4168a6e9,INEQ-LOWER-D019-H07-PF02,inequality,19,7,thermal,2,pf_lower_bound,true,21,6051,MW,0,NaN,
20260811_121452_stage_B_2C_4168a6e9,INEQ-UPPER-D019-H07-PF02,inequality,19,7,thermal,2,pf_upper_bound,true,22,6052,MW,0,NaN,
20260811_121452_stage_B_2C_4168a6e9,INEQ-LOWER-D019-H07-PF03,inequality,19,7,thermal,3,pf_lower_bound,true,23,6053,MW,0,NaN,
20260811_121452_stage_B_2C_4168a6e9,INEQ-UPPER-D019-H07-PF03,inequality,19,7,thermal,3,pf_upper_bound,true,24,6054,MW,0,NaN,
20260811_121452_stage_B_2C_4168a6e9,INEQ-LOWER-D019-H07-PF04,inequality,19,7,thermal,4,pf_lower_bound,true,25,6055,MW,0,NaN,
20260811_121452_stage_B_2C_4168a6e9,INEQ-UPPER-D019-H07-PF04,inequality,19,7,thermal,4,pf_upper_bound,true,26,6056,MW,0,NaN,
20260811_121452_stage_B_2C_4168a6e9,INEQ-LOWER-D019-H07-Pch01,inequality,19,7,storage,1,pch_lower_bound,true,27,6057,MW,0,NaN,
20260811_121452_stage_B_2C_4168a6e9,INEQ-UPPER-D019-H07-Pch01,inequality,19,7,storage,1,pch_upper_bound,true,28,6058,MW,0,NaN,
20260811_121452_stage_B_2C_4168a6e9,INEQ-LOWER-D019-H07-Pch02,inequality,19,7,storage,2,pch_lower_bound,true,29,6059,MW,0,NaN,
20260811_121452_stage_B_2C_4168a6e9,INEQ-UPPER-D019-H07-Pch02,inequality,19,7,storage,2,pch_upper_bound,true,30,6060,MW,0,NaN,
20260811_121452_stage_B_2C_4168a6e9,INEQ-LOWER-D019-H07-Pdis01,inequality,19,7,storage,1,pdis_lower_bound,true,31,6061,MW,0,NaN,
20260811_121452_stage_B_2C_4168a6e9,INEQ-UPPER-D019-H07-Pdis01,inequality,19,7,storage,1,pdis_upper_bound,true,32,6062,MW,0,NaN,
20260811_121452_stage_B_2C_4168a6e9,INEQ-LOWER-D019-H07-Pdis02,inequality,19,7,storage,2,pdis_lower_bound,true,33,6063,MW,0,NaN,
20260811_121452_stage_B_2C_4168a6e9,INEQ-UPPER-D019-H07-Pdis02,inequality,19,7,storage,2,pdis_upper_bound,true,34,6064,MW,0,NaN,
20260811_121452_stage_B_2C_4168a6e9,INEQ-LOWER-D019-H07-SOC01,inequality,19,7,storage,1,soc_lower_bound,true,35,6065,MWh,0,NaN,
20260811_121452_stage_B_2C_4168a6e9,INEQ-UPPER-D019-H07-SOC01,inequality,19,7,storage,1,soc_upper_bound,true,36,6066,MWh,0,NaN,
20260811_121452_stage_B_2C_4168a6e9,INEQ-LOWER-D019-H07-SOC02,inequality,19,7,storage,2,soc_lower_bound,true,37,6067,MWh,0,NaN,
20260811_121452_stage_B_2C_4168a6e9,INEQ-UPPER-D019-H07-SOC02,inequality,19,7,storage,2,soc_upper_bound,true,38,6068,MWh,0,NaN,
20260811_121452_stage_B_2C_4168a6e9,INEQ-LOWER-D019-H08-PW01,inequality,19,8,wind,1,pw_lower_bound,true,1,6069,MW,0,NaN,
20260811_121452_stage_B_2C_4168a6e9,INEQ-UPPER-D019-H08-PW01,inequality,19,8,wind,1,pw_upper_bound,true,2,6070,MW,0,NaN,
20260811_121452_stage_B_2C_4168a6e9,INEQ-LOWER-D019-H08-PW02,inequality,19,8,wind,2,pw_lower_bound,true,3,6071,MW,0,NaN,
20260811_121452_stage_B_2C_4168a6e9,INEQ-UPPER-D019-H08-PW02,inequality,19,8,wind,2,pw_upper_bound,true,4,6072,MW,0,NaN,
20260811_121452_stage_B_2C_4168a6e9,INEQ-LOWER-D019-H08-PW03,inequality,19,8,wind,3,pw_lower_bound,true,5,6073,MW,0,NaN,
20260811_121452_stage_B_2C_4168a6e9,INEQ-UPPER-D019-H08-PW03,inequality,19,8,wind,3,pw_upper_bound,true,6,6074,MW,0,NaN,
20260811_121452_stage_B_2C_4168a6e9,INEQ-LOWER-D019-H08-PW04,inequality,19,8,wind,4,pw_lower_bound,true,7,6075,MW,0,NaN,
20260811_121452_stage_B_2C_4168a6e9,INEQ-UPPER-D019-H08-PW04,inequality,19,8,wind,4,pw_upper_bound,true,8,6076,MW,0,NaN,
20260811_121452_stage_B_2C_4168a6e9,INEQ-LOWER-D019-H08-PW05,inequality,19,8,wind,5,pw_lower_bound,true,9,6077,MW,0,NaN,
20260811_121452_stage_B_2C_4168a6e9,INEQ-UPPER-D019-H08-PW05,inequality,19,8,wind,5,pw_upper_bound,true,10,6078,MW,0,NaN,
20260811_121452_stage_B_2C_4168a6e9,INEQ-LOWER-D019-H08-PP01,inequality,19,8,solar,1,pp_lower_bound,true,11,6079,MW,0,NaN,
20260811_121452_stage_B_2C_4168a6e9,INEQ-UPPER-D019-H08-PP01,inequality,19,8,solar,1,pp_upper_bound,true,12,6080,MW,0,NaN,
20260811_121452_stage_B_2C_4168a6e9,INEQ-LOWER-D019-H08-PP02,inequality,19,8,solar,2,pp_lower_bound,true,13,6081,MW,0,NaN,
20260811_121452_stage_B_2C_4168a6e9,INEQ-UPPER-D019-H08-PP02,inequality,19,8,solar,2,pp_upper_bound,true,14,6082,MW,0,NaN,
20260811_121452_stage_B_2C_4168a6e9,INEQ-LOWER-D019-H08-PP03,inequality,19,8,solar,3,pp_lower_bound,true,15,6083,MW,0,NaN,
20260811_121452_stage_B_2C_4168a6e9,INEQ-UPPER-D019-H08-PP03,inequality,19,8,solar,3,pp_upper_bound,true,16,6084,MW,0,NaN,
20260811_121452_stage_B_2C_4168a6e9,INEQ-LOWER-D019-H08-PP04,inequality,19,8,solar,4,pp_lower_bound,true,17,6085,MW,0,NaN,
20260811_121452_stage_B_2C_4168a6e9,INEQ-UPPER-D019-H08-PP04,inequality,19,8,solar,4,pp_upper_bound,true,18,6086,MW,0,NaN,
20260811_121452_stage_B_2C_4168a6e9,INEQ-LOWER-D019-H08-PP05,inequality,19,8,solar,5,pp_lower_bound,true,19,6087,MW,0,NaN,
20260811_121452_stage_B_2C_4168a6e9,INEQ-UPPER-D019-H08-PP05,inequality,19,8,solar,5,pp_upper_bound,true,20,6088,MW,0,NaN,
20260811_121452_stage_B_2C_4168a6e9,INEQ-LOWER-D019-H08-PH01,inequality,19,8,hydro,1,ph_lower_bound,true,21,6089,MW,0,NaN,
20260811_121452_stage_B_2C_4168a6e9,INEQ-UPPER-D019-H08-PH01,inequality,19,8,hydro,1,ph_upper_bound,true,22,6090,MW,0,NaN,
20260811_121452_stage_B_2C_4168a6e9,INEQ-LOWER-D019-H08-PH02,inequality,19,8,hydro,2,ph_lower_bound,true,23,6091,MW,0,NaN,
20260811_121452_stage_B_2C_4168a6e9,INEQ-UPPER-D019-H08-PH02,inequality,19,8,hydro,2,ph_upper_bound,true,24,6092,MW,0,NaN,
20260811_121452_stage_B_2C_4168a6e9,INEQ-LOWER-D019-H08-PH03,inequality,19,8,hydro,3,ph_lower_bound,true,25,6093,MW,0,NaN,
20260811_121452_stage_B_2C_4168a6e9,INEQ-UPPER-D019-H08-PH03,inequality,19,8,hydro,3,ph_upper_bound,true,26,6094,MW,0,NaN,
20260811_121452_stage_B_2C_4168a6e9,INEQ-LOWER-D019-H08-PH04,inequality,19,8,hydro,4,ph_lower_bound,true,27,6095,MW,0,NaN,
20260811_121452_stage_B_2C_4168a6e9,INEQ-UPPER-D019-H08-PH04,inequality,19,8,hydro,4,ph_upper_bound,true,28,6096,MW,0,NaN,
20260811_121452_stage_B_2C_4168a6e9,INEQ-LOWER-D019-H08-PF01,inequality,19,8,thermal,1,pf_lower_bound,true,29,6097,MW,0,NaN,
20260811_121452_stage_B_2C_4168a6e9,INEQ-UPPER-D019-H08-PF01,inequality,19,8,thermal,1,pf_upper_bound,true,30,6098,MW,0,NaN,
20260811_121452_stage_B_2C_4168a6e9,INEQ-LOWER-D019-H08-PF02,inequality,19,8,thermal,2,pf_lower_bound,true,31,6099,MW,0,NaN,
20260811_121452_stage_B_2C_4168a6e9,INEQ-UPPER-D019-H08-PF02,inequality,19,8,thermal,2,pf_upper_bound,true,32,6100,MW,0,NaN,
20260811_121452_stage_B_2C_4168a6e9,INEQ-LOWER-D019-H08-PF03,inequality,19,8,thermal,3,pf_lower_bound,true,33,6101,MW,0,NaN,
20260811_121452_stage_B_2C_4168a6e9,INEQ-UPPER-D019-H08-PF03,inequality,19,8,thermal,3,pf_upper_bound,true,34,6102,MW,0,NaN,
20260811_121452_stage_B_2C_4168a6e9,INEQ-LOWER-D019-H08-PF04,inequality,19,8,thermal,4,pf_lower_bound,true,35,6103,MW,0,NaN,
20260811_121452_stage_B_2C_4168a6e9,INEQ-UPPER-D019-H08-PF04,inequality,19,8,thermal,4,pf_upper_bound,true,36,6104,MW,0,NaN,
20260811_121452_stage_B_2C_4168a6e9,INEQ-LOWER-D019-H08-Pch01,inequality,19,8,storage,1,pch_lower_bound,true,37,6105,MW,0,NaN,
20260811_121452_stage_B_2C_4168a6e9,INEQ-UPPER-D019-H08-Pch01,inequality,19,8,storage,1,pch_upper_bound,true,38,6106,MW,0,NaN,
20260811_121452_stage_B_2C_4168a6e9,INEQ-LOWER-D019-H08-Pch02,inequality,19,8,storage,2,pch_lower_bound,true,39,6107,MW,0,NaN,
20260811_121452_stage_B_2C_4168a6e9,INEQ-UPPER-D019-H08-Pch02,inequality,19,8,storage,2,pch_upper_bound,true,40,6108,MW,0,NaN,
20260811_121452_stage_B_2C_4168a6e9,INEQ-LOWER-D019-H08-Pdis01,inequality,19,8,storage,1,pdis_lower_bound,true,41,6109,MW,0,NaN,
20260811_121452_stage_B_2C_4168a6e9,INEQ-UPPER-D019-H08-Pdis01,inequality,19,8,storage,1,pdis_upper_bound,true,42,6110,MW,0,NaN,
20260811_121452_stage_B_2C_4168a6e9,INEQ-LOWER-D019-H08-Pdis02,inequality,19,8,storage,2,pdis_lower_bound,true,43,6111,MW,0,NaN,
20260811_121452_stage_B_2C_4168a6e9,INEQ-UPPER-D019-H08-Pdis02,inequality,19,8,storage,2,pdis_upper_bound,true,44,6112,MW,0,NaN,
20260811_121452_stage_B_2C_4168a6e9,INEQ-LOWER-D019-H08-SOC01,inequality,19,8,storage,1,soc_lower_bound,true,45,6113,MWh,0,NaN,
20260811_121452_stage_B_2C_4168a6e9,INEQ-UPPER-D019-H08-SOC01,inequality,19,8,storage,1,soc_upper_bound,true,46,6114,MWh,0,NaN,
20260811_121452_stage_B_2C_4168a6e9,INEQ-LOWER-D019-H08-SOC02,inequality,19,8,storage,2,soc_lower_bound,true,47,6115,MWh,0,NaN,
20260811_121452_stage_B_2C_4168a6e9,INEQ-UPPER-D019-H08-SOC02,inequality,19,8,storage,2,soc_upper_bound,true,48,6116,MWh,0,NaN,
20260811_121452_stage_B_2C_4168a6e9,INEQ-LOWER-D019-H09-PW01,inequality,19,9,wind,1,pw_lower_bound,true,1,6117,MW,0,NaN,
20260811_121452_stage_B_2C_4168a6e9,INEQ-UPPER-D019-H09-PW01,inequality,19,9,wind,1,pw_upper_bound,true,2,6118,MW,0,NaN,
20260811_121452_stage_B_2C_4168a6e9,INEQ-LOWER-D019-H09-PW02,inequality,19,9,wind,2,pw_lower_bound,true,3,6119,MW,0,NaN,
20260811_121452_stage_B_2C_4168a6e9,INEQ-UPPER-D019-H09-PW02,inequality,19,9,wind,2,pw_upper_bound,true,4,6120,MW,0,NaN,
20260811_121452_stage_B_2C_4168a6e9,INEQ-LOWER-D019-H09-PW03,inequality,19,9,wind,3,pw_lower_bound,true,5,6121,MW,0,NaN,
20260811_121452_stage_B_2C_4168a6e9,INEQ-UPPER-D019-H09-PW03,inequality,19,9,wind,3,pw_upper_bound,true,6,6122,MW,0,NaN,
20260811_121452_stage_B_2C_4168a6e9,INEQ-LOWER-D019-H09-PW04,inequality,19,9,wind,4,pw_lower_bound,true,7,6123,MW,0,NaN,
20260811_121452_stage_B_2C_4168a6e9,INEQ-UPPER-D019-H09-PW04,inequality,19,9,wind,4,pw_upper_bound,true,8,6124,MW,0,NaN,
20260811_121452_stage_B_2C_4168a6e9,INEQ-LOWER-D019-H09-PW05,inequality,19,9,wind,5,pw_lower_bound,true,9,6125,MW,0,NaN,
20260811_121452_stage_B_2C_4168a6e9,INEQ-UPPER-D019-H09-PW05,inequality,19,9,wind,5,pw_upper_bound,true,10,6126,MW,0,NaN,
20260811_121452_stage_B_2C_4168a6e9,INEQ-LOWER-D019-H09-PP01,inequality,19,9,solar,1,pp_lower_bound,true,11,6127,MW,0,NaN,
20260811_121452_stage_B_2C_4168a6e9,INEQ-UPPER-D019-H09-PP01,inequality,19,9,solar,1,pp_upper_bound,true,12,6128,MW,0,NaN,
20260811_121452_stage_B_2C_4168a6e9,INEQ-LOWER-D019-H09-PP02,inequality,19,9,solar,2,pp_lower_bound,true,13,6129,MW,0,NaN,
20260811_121452_stage_B_2C_4168a6e9,INEQ-UPPER-D019-H09-PP02,inequality,19,9,solar,2,pp_upper_bound,true,14,6130,MW,0,NaN,
20260811_121452_stage_B_2C_4168a6e9,INEQ-LOWER-D019-H09-PP03,inequality,19,9,solar,3,pp_lower_bound,true,15,6131,MW,0,NaN,
20260811_121452_stage_B_2C_4168a6e9,INEQ-UPPER-D019-H09-PP03,inequality,19,9,solar,3,pp_upper_bound,true,16,6132,MW,0,NaN,
20260811_121452_stage_B_2C_4168a6e9,INEQ-LOWER-D019-H09-PP04,inequality,19,9,solar,4,pp_lower_bound,true,17,6133,MW,0,NaN,
20260811_121452_stage_B_2C_4168a6e9,INEQ-UPPER-D019-H09-PP04,inequality,19,9,solar,4,pp_upper_bound,true,18,6134,MW,0,NaN,
20260811_121452_stage_B_2C_4168a6e9,INEQ-LOWER-D019-H09-PP05,inequality,19,9,solar,5,pp_lower_bound,true,19,6135,MW,0,NaN,
20260811_121452_stage_B_2C_4168a6e9,INEQ-UPPER-D019-H09-PP05,inequality,19,9,solar,5,pp_upper_bound,true,20,6136,MW,0,NaN,
20260811_121452_stage_B_2C_4168a6e9,INEQ-LOWER-D019-H09-PH01,inequality,19,9,hydro,1,ph_lower_bound,true,21,6137,MW,0,NaN,
20260811_121452_stage_B_2C_4168a6e9,INEQ-UPPER-D019-H09-PH01,inequality,19,9,hydro,1,ph_upper_bound,true,22,6138,MW,0,NaN,
20260811_121452_stage_B_2C_4168a6e9,INEQ-LOWER-D019-H09-PH02,inequality,19,9,hydro,2,ph_lower_bound,true,23,6139,MW,0,NaN,
20260811_121452_stage_B_2C_4168a6e9,INEQ-UPPER-D019-H09-PH02,inequality,19,9,hydro,2,ph_upper_bound,true,24,6140,MW,0,NaN,
20260811_121452_stage_B_2C_4168a6e9,INEQ-LOWER-D019-H09-PH03,inequality,19,9,hydro,3,ph_lower_bound,true,25,6141,MW,0,NaN,
20260811_121452_stage_B_2C_4168a6e9,INEQ-UPPER-D019-H09-PH03,inequality,19,9,hydro,3,ph_upper_bound,true,26,6142,MW,0,NaN,
20260811_121452_stage_B_2C_4168a6e9,INEQ-LOWER-D019-H09-PH04,inequality,19,9,hydro,4,ph_lower_bound,true,27,6143,MW,0,NaN,
20260811_121452_stage_B_2C_4168a6e9,INEQ-UPPER-D019-H09-PH04,inequality,19,9,hydro,4,ph_upper_bound,true,28,6144,MW,0,NaN,
20260811_121452_stage_B_2C_4168a6e9,INEQ-LOWER-D019-H09-PF01,inequality,19,9,thermal,1,pf_lower_bound,true,29,6145,MW,0,NaN,
20260811_121452_stage_B_2C_4168a6e9,INEQ-UPPER-D019-H09-PF01,inequality,19,9,thermal,1,pf_upper_bound,true,30,6146,MW,0,NaN,
20260811_121452_stage_B_2C_4168a6e9,INEQ-LOWER-D019-H09-PF02,inequality,19,9,thermal,2,pf_lower_bound,true,31,6147,MW,0,NaN,
20260811_121452_stage_B_2C_4168a6e9,INEQ-UPPER-D019-H09-PF02,inequality,19,9,thermal,2,pf_upper_bound,true,32,6148,MW,0,NaN,
20260811_121452_stage_B_2C_4168a6e9,INEQ-LOWER-D019-H09-PF03,inequality,19,9,thermal,3,pf_lower_bound,true,33,6149,MW,0,NaN,
20260811_121452_stage_B_2C_4168a6e9,INEQ-UPPER-D019-H09-PF03,inequality,19,9,thermal,3,pf_upper_bound,true,34,6150,MW,0,NaN,
20260811_121452_stage_B_2C_4168a6e9,INEQ-LOWER-D019-H09-PF04,inequality,19,9,thermal,4,pf_lower_bound,true,35,6151,MW,0,NaN,
20260811_121452_stage_B_2C_4168a6e9,INEQ-UPPER-D019-H09-PF04,inequality,19,9,thermal,4,pf_upper_bound,true,36,6152,MW,0,NaN,
20260811_121452_stage_B_2C_4168a6e9,INEQ-LOWER-D019-H09-Pch01,inequality,19,9,storage,1,pch_lower_bound,true,37,6153,MW,0,NaN,
20260811_121452_stage_B_2C_4168a6e9,INEQ-UPPER-D019-H09-Pch01,inequality,19,9,storage,1,pch_upper_bound,true,38,6154,MW,0,NaN,
20260811_121452_stage_B_2C_4168a6e9,INEQ-LOWER-D019-H09-Pch02,inequality,19,9,storage,2,pch_lower_bound,true,39,6155,MW,0,NaN,
20260811_121452_stage_B_2C_4168a6e9,INEQ-UPPER-D019-H09-Pch02,inequality,19,9,storage,2,pch_upper_bound,true,40,6156,MW,0,NaN,
20260811_121452_stage_B_2C_4168a6e9,INEQ-LOWER-D019-H09-Pdis01,inequality,19,9,storage,1,pdis_lower_bound,true,41,6157,MW,0,NaN,
20260811_121452_stage_B_2C_4168a6e9,INEQ-UPPER-D019-H09-Pdis01,inequality,19,9,storage,1,pdis_upper_bound,true,42,6158,MW,0,NaN,
20260811_121452_stage_B_2C_4168a6e9,INEQ-LOWER-D019-H09-Pdis02,inequality,19,9,storage,2,pdis_lower_bound,true,43,6159,MW,0,NaN,
20260811_121452_stage_B_2C_4168a6e9,INEQ-UPPER-D019-H09-Pdis02,inequality,19,9,storage,2,pdis_upper_bound,true,44,6160,MW,0,NaN,
20260811_121452_stage_B_2C_4168a6e9,INEQ-LOWER-D019-H09-SOC01,inequality,19,9,storage,1,soc_lower_bound,true,45,6161,MWh,0,NaN,
20260811_121452_stage_B_2C_4168a6e9,INEQ-UPPER-D019-H09-SOC01,inequality,19,9,storage,1,soc_upper_bound,true,46,6162,MWh,0,NaN,
20260811_121452_stage_B_2C_4168a6e9,INEQ-LOWER-D019-H09-SOC02,inequality,19,9,storage,2,soc_lower_bound,true,47,6163,MWh,0,NaN,
20260811_121452_stage_B_2C_4168a6e9,INEQ-UPPER-D019-H09-SOC02,inequality,19,9,storage,2,soc_upper_bound,true,48,6164,MWh,0,NaN,
20260811_121452_stage_B_2C_4168a6e9,INEQ-LOWER-D019-H10-PW01,inequality,19,10,wind,1,pw_lower_bound,true,1,6165,MW,0,NaN,
20260811_121452_stage_B_2C_4168a6e9,INEQ-UPPER-D019-H10-PW01,inequality,19,10,wind,1,pw_upper_bound,true,2,6166,MW,0,NaN,
20260811_121452_stage_B_2C_4168a6e9,INEQ-LOWER-D019-H10-PW02,inequality,19,10,wind,2,pw_lower_bound,true,3,6167,MW,0,NaN,
20260811_121452_stage_B_2C_4168a6e9,INEQ-UPPER-D019-H10-PW02,inequality,19,10,wind,2,pw_upper_bound,true,4,6168,MW,0,NaN,
20260811_121452_stage_B_2C_4168a6e9,INEQ-LOWER-D019-H10-PW03,inequality,19,10,wind,3,pw_lower_bound,true,5,6169,MW,0,NaN,
20260811_121452_stage_B_2C_4168a6e9,INEQ-UPPER-D019-H10-PW03,inequality,19,10,wind,3,pw_upper_bound,true,6,6170,MW,0,NaN,
20260811_121452_stage_B_2C_4168a6e9,INEQ-LOWER-D019-H10-PW04,inequality,19,10,wind,4,pw_lower_bound,true,7,6171,MW,0,NaN,
20260811_121452_stage_B_2C_4168a6e9,INEQ-UPPER-D019-H10-PW04,inequality,19,10,wind,4,pw_upper_bound,true,8,6172,MW,0,NaN,
20260811_121452_stage_B_2C_4168a6e9,INEQ-LOWER-D019-H10-PW05,inequality,19,10,wind,5,pw_lower_bound,true,9,6173,MW,0,NaN,
20260811_121452_stage_B_2C_4168a6e9,INEQ-UPPER-D019-H10-PW05,inequality,19,10,wind,5,pw_upper_bound,true,10,6174,MW,0,NaN,
20260811_121452_stage_B_2C_4168a6e9,INEQ-LOWER-D019-H10-PP01,inequality,19,10,solar,1,pp_lower_bound,true,11,6175,MW,0,NaN,
20260811_121452_stage_B_2C_4168a6e9,INEQ-UPPER-D019-H10-PP01,inequality,19,10,solar,1,pp_upper_bound,true,12,6176,MW,0,NaN,
20260811_121452_stage_B_2C_4168a6e9,INEQ-LOWER-D019-H10-PP02,inequality,19,10,solar,2,pp_lower_bound,true,13,6177,MW,0,NaN,
20260811_121452_stage_B_2C_4168a6e9,INEQ-UPPER-D019-H10-PP02,inequality,19,10,solar,2,pp_upper_bound,true,14,6178,MW,0,NaN,
20260811_121452_stage_B_2C_4168a6e9,INEQ-LOWER-D019-H10-PP03,inequality,19,10,solar,3,pp_lower_bound,true,15,6179,MW,0,NaN,
20260811_121452_stage_B_2C_4168a6e9,INEQ-UPPER-D019-H10-PP03,inequality,19,10,solar,3,pp_upper_bound,true,16,6180,MW,0,NaN,
20260811_121452_stage_B_2C_4168a6e9,INEQ-LOWER-D019-H10-PP04,inequality,19,10,solar,4,pp_lower_bound,true,17,6181,MW,0,NaN,
20260811_121452_stage_B_2C_4168a6e9,INEQ-UPPER-D019-H10-PP04,inequality,19,10,solar,4,pp_upper_bound,true,18,6182,MW,0,NaN,
20260811_121452_stage_B_2C_4168a6e9,INEQ-LOWER-D019-H10-PP05,inequality,19,10,solar,5,pp_lower_bound,true,19,6183,MW,0,NaN,
20260811_121452_stage_B_2C_4168a6e9,INEQ-UPPER-D019-H10-PP05,inequality,19,10,solar,5,pp_upper_bound,true,20,6184,MW,0,NaN,
20260811_121452_stage_B_2C_4168a6e9,INEQ-LOWER-D019-H10-PH01,inequality,19,10,hydro,1,ph_lower_bound,true,21,6185,MW,0,NaN,
20260811_121452_stage_B_2C_4168a6e9,INEQ-UPPER-D019-H10-PH01,inequality,19,10,hydro,1,ph_upper_bound,true,22,6186,MW,0,NaN,
20260811_121452_stage_B_2C_4168a6e9,INEQ-LOWER-D019-H10-PH02,inequality,19,10,hydro,2,ph_lower_bound,true,23,6187,MW,0,NaN,
20260811_121452_stage_B_2C_4168a6e9,INEQ-UPPER-D019-H10-PH02,inequality,19,10,hydro,2,ph_upper_bound,true,24,6188,MW,0,NaN,
20260811_121452_stage_B_2C_4168a6e9,INEQ-LOWER-D019-H10-PH03,inequality,19,10,hydro,3,ph_lower_bound,true,25,6189,MW,0,NaN,
20260811_121452_stage_B_2C_4168a6e9,INEQ-UPPER-D019-H10-PH03,inequality,19,10,hydro,3,ph_upper_bound,true,26,6190,MW,0,NaN,
20260811_121452_stage_B_2C_4168a6e9,INEQ-LOWER-D019-H10-PH04,inequality,19,10,hydro,4,ph_lower_bound,true,27,6191,MW,0,NaN,
20260811_121452_stage_B_2C_4168a6e9,INEQ-UPPER-D019-H10-PH04,inequality,19,10,hydro,4,ph_upper_bound,true,28,6192,MW,0,NaN,
20260811_121452_stage_B_2C_4168a6e9,INEQ-LOWER-D019-H10-PF01,inequality,19,10,thermal,1,pf_lower_bound,true,29,6193,MW,0,NaN,
20260811_121452_stage_B_2C_4168a6e9,INEQ-UPPER-D019-H10-PF01,inequality,19,10,thermal,1,pf_upper_bound,true,30,6194,MW,0,NaN,
20260811_121452_stage_B_2C_4168a6e9,INEQ-LOWER-D019-H10-PF02,inequality,19,10,thermal,2,pf_lower_bound,true,31,6195,MW,0,NaN,
20260811_121452_stage_B_2C_4168a6e9,INEQ-UPPER-D019-H10-PF02,inequality,19,10,thermal,2,pf_upper_bound,true,32,6196,MW,0,NaN,
20260811_121452_stage_B_2C_4168a6e9,INEQ-LOWER-D019-H10-PF03,inequality,19,10,thermal,3,pf_lower_bound,true,33,6197,MW,0,NaN,
20260811_121452_stage_B_2C_4168a6e9,INEQ-UPPER-D019-H10-PF03,inequality,19,10,thermal,3,pf_upper_bound,true,34,6198,MW,0,NaN,
20260811_121452_stage_B_2C_4168a6e9,INEQ-LOWER-D019-H10-PF04,inequality,19,10,thermal,4,pf_lower_bound,true,35,6199,MW,0,NaN,
20260811_121452_stage_B_2C_4168a6e9,INEQ-UPPER-D019-H10-PF04,inequality,19,10,thermal,4,pf_upper_bound,true,36,6200,MW,0,NaN,
20260811_121452_stage_B_2C_4168a6e9,INEQ-LOWER-D019-H10-Pch01,inequality,19,10,storage,1,pch_lower_bound,true,37,6201,MW,0,NaN,
20260811_121452_stage_B_2C_4168a6e9,INEQ-UPPER-D019-H10-Pch01,inequality,19,10,storage,1,pch_upper_bound,true,38,6202,MW,0,NaN,
20260811_121452_stage_B_2C_4168a6e9,INEQ-LOWER-D019-H10-Pch02,inequality,19,10,storage,2,pch_lower_bound,true,39,6203,MW,0,NaN,
20260811_121452_stage_B_2C_4168a6e9,INEQ-UPPER-D019-H10-Pch02,inequality,19,10,storage,2,pch_upper_bound,true,40,6204,MW,0,NaN,
20260811_121452_stage_B_2C_4168a6e9,INEQ-LOWER-D019-H10-Pdis01,inequality,19,10,storage,1,pdis_lower_bound,true,41,6205,MW,0,NaN,
20260811_121452_stage_B_2C_4168a6e9,INEQ-UPPER-D019-H10-Pdis01,inequality,19,10,storage,1,pdis_upper_bound,true,42,6206,MW,0,NaN,
20260811_121452_stage_B_2C_4168a6e9,INEQ-LOWER-D019-H10-Pdis02,inequality,19,10,storage,2,pdis_lower_bound,true,43,6207,MW,0,NaN,
20260811_121452_stage_B_2C_4168a6e9,INEQ-UPPER-D019-H10-Pdis02,inequality,19,10,storage,2,pdis_upper_bound,true,44,6208,MW,0,NaN,
20260811_121452_stage_B_2C_4168a6e9,INEQ-LOWER-D019-H10-SOC01,inequality,19,10,storage,1,soc_lower_bound,true,45,6209,MWh,0,NaN,
20260811_121452_stage_B_2C_4168a6e9,INEQ-UPPER-D019-H10-SOC01,inequality,19,10,storage,1,soc_upper_bound,true,46,6210,MWh,0,NaN,
20260811_121452_stage_B_2C_4168a6e9,INEQ-LOWER-D019-H10-SOC02,inequality,19,10,storage,2,soc_lower_bound,true,47,6211,MWh,0,NaN,
20260811_121452_stage_B_2C_4168a6e9,INEQ-UPPER-D019-H10-SOC02,inequality,19,10,storage,2,soc_upper_bound,true,48,6212,MWh,0,NaN,
20260811_121452_stage_B_2C_4168a6e9,INEQ-LOWER-D019-H11-PW01,inequality,19,11,wind,1,pw_lower_bound,true,1,6213,MW,0,NaN,
20260811_121452_stage_B_2C_4168a6e9,INEQ-UPPER-D019-H11-PW01,inequality,19,11,wind,1,pw_upper_bound,true,2,6214,MW,0,NaN,
20260811_121452_stage_B_2C_4168a6e9,INEQ-LOWER-D019-H11-PW02,inequality,19,11,wind,2,pw_lower_bound,true,3,6215,MW,0,NaN,
20260811_121452_stage_B_2C_4168a6e9,INEQ-UPPER-D019-H11-PW02,inequality,19,11,wind,2,pw_upper_bound,true,4,6216,MW,0,NaN,
20260811_121452_stage_B_2C_4168a6e9,INEQ-LOWER-D019-H11-PW03,inequality,19,11,wind,3,pw_lower_bound,true,5,6217,MW,0,NaN,
20260811_121452_stage_B_2C_4168a6e9,INEQ-UPPER-D019-H11-PW03,inequality,19,11,wind,3,pw_upper_bound,true,6,6218,MW,0,NaN,
20260811_121452_stage_B_2C_4168a6e9,INEQ-LOWER-D019-H11-PW04,inequality,19,11,wind,4,pw_lower_bound,true,7,6219,MW,0,NaN,
20260811_121452_stage_B_2C_4168a6e9,INEQ-UPPER-D019-H11-PW04,inequality,19,11,wind,4,pw_upper_bound,true,8,6220,MW,0,NaN,
20260811_121452_stage_B_2C_4168a6e9,INEQ-LOWER-D019-H11-PW05,inequality,19,11,wind,5,pw_lower_bound,true,9,6221,MW,0,NaN,
20260811_121452_stage_B_2C_4168a6e9,INEQ-UPPER-D019-H11-PW05,inequality,19,11,wind,5,pw_upper_bound,true,10,6222,MW,0,NaN,
20260811_121452_stage_B_2C_4168a6e9,INEQ-LOWER-D019-H11-PP01,inequality,19,11,solar,1,pp_lower_bound,true,11,6223,MW,0,NaN,
20260811_121452_stage_B_2C_4168a6e9,INEQ-UPPER-D019-H11-PP01,inequality,19,11,solar,1,pp_upper_bound,true,12,6224,MW,0,NaN,
20260811_121452_stage_B_2C_4168a6e9,INEQ-LOWER-D019-H11-PP02,inequality,19,11,solar,2,pp_lower_bound,true,13,6225,MW,0,NaN,
20260811_121452_stage_B_2C_4168a6e9,INEQ-UPPER-D019-H11-PP02,inequality,19,11,solar,2,pp_upper_bound,true,14,6226,MW,0,NaN,
20260811_121452_stage_B_2C_4168a6e9,INEQ-LOWER-D019-H11-PP03,inequality,19,11,solar,3,pp_lower_bound,true,15,6227,MW,0,NaN,
20260811_121452_stage_B_2C_4168a6e9,INEQ-UPPER-D019-H11-PP03,inequality,19,11,solar,3,pp_upper_bound,true,16,6228,MW,0,NaN,
20260811_121452_stage_B_2C_4168a6e9,INEQ-LOWER-D019-H11-PP04,inequality,19,11,solar,4,pp_lower_bound,true,17,6229,MW,0,NaN,
20260811_121452_stage_B_2C_4168a6e9,INEQ-UPPER-D019-H11-PP04,inequality,19,11,solar,4,pp_upper_bound,true,18,6230,MW,0,NaN,
20260811_121452_stage_B_2C_4168a6e9,INEQ-LOWER-D019-H11-PP05,inequality,19,11,solar,5,pp_lower_bound,true,19,6231,MW,0,NaN,
20260811_121452_stage_B_2C_4168a6e9,INEQ-UPPER-D019-H11-PP05,inequality,19,11,solar,5,pp_upper_bound,true,20,6232,MW,0,NaN,
20260811_121452_stage_B_2C_4168a6e9,INEQ-LOWER-D019-H11-PH01,inequality,19,11,hydro,1,ph_lower_bound,true,21,6233,MW,0,NaN,
20260811_121452_stage_B_2C_4168a6e9,INEQ-UPPER-D019-H11-PH01,inequality,19,11,hydro,1,ph_upper_bound,true,22,6234,MW,0,NaN,
20260811_121452_stage_B_2C_4168a6e9,INEQ-LOWER-D019-H11-PH02,inequality,19,11,hydro,2,ph_lower_bound,true,23,6235,MW,0,NaN,
20260811_121452_stage_B_2C_4168a6e9,INEQ-UPPER-D019-H11-PH02,inequality,19,11,hydro,2,ph_upper_bound,true,24,6236,MW,0,NaN,
20260811_121452_stage_B_2C_4168a6e9,INEQ-LOWER-D019-H11-PH03,inequality,19,11,hydro,3,ph_lower_bound,true,25,6237,MW,0,NaN,
20260811_121452_stage_B_2C_4168a6e9,INEQ-UPPER-D019-H11-PH03,inequality,19,11,hydro,3,ph_upper_bound,true,26,6238,MW,0,NaN,
20260811_121452_stage_B_2C_4168a6e9,INEQ-LOWER-D019-H11-PH04,inequality,19,11,hydro,4,ph_lower_bound,true,27,6239,MW,0,NaN,
20260811_121452_stage_B_2C_4168a6e9,INEQ-UPPER-D019-H11-PH04,inequality,19,11,hydro,4,ph_upper_bound,true,28,6240,MW,0,NaN,
20260811_121452_stage_B_2C_4168a6e9,INEQ-LOWER-D019-H11-PF01,inequality,19,11,thermal,1,pf_lower_bound,true,29,6241,MW,0,NaN,
20260811_121452_stage_B_2C_4168a6e9,INEQ-UPPER-D019-H11-PF01,inequality,19,11,thermal,1,pf_upper_bound,true,30,6242,MW,0,NaN,
20260811_121452_stage_B_2C_4168a6e9,INEQ-LOWER-D019-H11-PF02,inequality,19,11,thermal,2,pf_lower_bound,true,31,6243,MW,0,NaN,
20260811_121452_stage_B_2C_4168a6e9,INEQ-UPPER-D019-H11-PF02,inequality,19,11,thermal,2,pf_upper_bound,true,32,6244,MW,0,NaN,
20260811_121452_stage_B_2C_4168a6e9,INEQ-LOWER-D019-H11-PF03,inequality,19,11,thermal,3,pf_lower_bound,true,33,6245,MW,0,NaN,
20260811_121452_stage_B_2C_4168a6e9,INEQ-UPPER-D019-H11-PF03,inequality,19,11,thermal,3,pf_upper_bound,true,34,6246,MW,0,NaN,
20260811_121452_stage_B_2C_4168a6e9,INEQ-LOWER-D019-H11-PF04,inequality,19,11,thermal,4,pf_lower_bound,true,35,6247,MW,0,NaN,
20260811_121452_stage_B_2C_4168a6e9,INEQ-UPPER-D019-H11-PF04,inequality,19,11,thermal,4,pf_upper_bound,true,36,6248,MW,0,NaN,
20260811_121452_stage_B_2C_4168a6e9,INEQ-LOWER-D019-H11-Pch01,inequality,19,11,storage,1,pch_lower_bound,true,37,6249,MW,0,NaN,
20260811_121452_stage_B_2C_4168a6e9,INEQ-UPPER-D019-H11-Pch01,inequality,19,11,storage,1,pch_upper_bound,true,38,6250,MW,0,NaN,
20260811_121452_stage_B_2C_4168a6e9,INEQ-LOWER-D019-H11-Pch02,inequality,19,11,storage,2,pch_lower_bound,true,39,6251,MW,0,NaN,
20260811_121452_stage_B_2C_4168a6e9,INEQ-UPPER-D019-H11-Pch02,inequality,19,11,storage,2,pch_upper_bound,true,40,6252,MW,0,NaN,
20260811_121452_stage_B_2C_4168a6e9,INEQ-LOWER-D019-H11-Pdis01,inequality,19,11,storage,1,pdis_lower_bound,true,41,6253,MW,0,NaN,
20260811_121452_stage_B_2C_4168a6e9,INEQ-UPPER-D019-H11-Pdis01,inequality,19,11,storage,1,pdis_upper_bound,true,42,6254,MW,0,NaN,
20260811_121452_stage_B_2C_4168a6e9,INEQ-LOWER-D019-H11-Pdis02,inequality,19,11,storage,2,pdis_lower_bound,true,43,6255,MW,0,NaN,
20260811_121452_stage_B_2C_4168a6e9,INEQ-UPPER-D019-H11-Pdis02,inequality,19,11,storage,2,pdis_upper_bound,true,44,6256,MW,0,NaN,
20260811_121452_stage_B_2C_4168a6e9,INEQ-LOWER-D019-H11-SOC01,inequality,19,11,storage,1,soc_lower_bound,true,45,6257,MWh,0,NaN,
20260811_121452_stage_B_2C_4168a6e9,INEQ-UPPER-D019-H11-SOC01,inequality,19,11,storage,1,soc_upper_bound,true,46,6258,MWh,0,NaN,
20260811_121452_stage_B_2C_4168a6e9,INEQ-LOWER-D019-H11-SOC02,inequality,19,11,storage,2,soc_lower_bound,true,47,6259,MWh,0,NaN,
20260811_121452_stage_B_2C_4168a6e9,INEQ-UPPER-D019-H11-SOC02,inequality,19,11,storage,2,soc_upper_bound,true,48,6260,MWh,0,NaN,
20260811_121452_stage_B_2C_4168a6e9,INEQ-LOWER-D019-H12-PW01,inequality,19,12,wind,1,pw_lower_bound,true,1,6261,MW,0,NaN,
20260811_121452_stage_B_2C_4168a6e9,INEQ-UPPER-D019-H12-PW01,inequality,19,12,wind,1,pw_upper_bound,true,2,6262,MW,0,NaN,
20260811_121452_stage_B_2C_4168a6e9,INEQ-LOWER-D019-H12-PW02,inequality,19,12,wind,2,pw_lower_bound,true,3,6263,MW,0,NaN,
20260811_121452_stage_B_2C_4168a6e9,INEQ-UPPER-D019-H12-PW02,inequality,19,12,wind,2,pw_upper_bound,true,4,6264,MW,0,NaN,
20260811_121452_stage_B_2C_4168a6e9,INEQ-LOWER-D019-H12-PW03,inequality,19,12,wind,3,pw_lower_bound,true,5,6265,MW,0,NaN,
20260811_121452_stage_B_2C_4168a6e9,INEQ-UPPER-D019-H12-PW03,inequality,19,12,wind,3,pw_upper_bound,true,6,6266,MW,0,NaN,
20260811_121452_stage_B_2C_4168a6e9,INEQ-LOWER-D019-H12-PW04,inequality,19,12,wind,4,pw_lower_bound,true,7,6267,MW,0,NaN,
20260811_121452_stage_B_2C_4168a6e9,INEQ-UPPER-D019-H12-PW04,inequality,19,12,wind,4,pw_upper_bound,true,8,6268,MW,0,NaN,
20260811_121452_stage_B_2C_4168a6e9,INEQ-LOWER-D019-H12-PW05,inequality,19,12,wind,5,pw_lower_bound,true,9,6269,MW,0,NaN,
20260811_121452_stage_B_2C_4168a6e9,INEQ-UPPER-D019-H12-PW05,inequality,19,12,wind,5,pw_upper_bound,true,10,6270,MW,0,NaN,
20260811_121452_stage_B_2C_4168a6e9,INEQ-LOWER-D019-H12-PP01,inequality,19,12,solar,1,pp_lower_bound,true,11,6271,MW,0,NaN,
20260811_121452_stage_B_2C_4168a6e9,INEQ-UPPER-D019-H12-PP01,inequality,19,12,solar,1,pp_upper_bound,true,12,6272,MW,0,NaN,
20260811_121452_stage_B_2C_4168a6e9,INEQ-LOWER-D019-H12-PP02,inequality,19,12,solar,2,pp_lower_bound,true,13,6273,MW,0,NaN,
20260811_121452_stage_B_2C_4168a6e9,INEQ-UPPER-D019-H12-PP02,inequality,19,12,solar,2,pp_upper_bound,true,14,6274,MW,0,NaN,
20260811_121452_stage_B_2C_4168a6e9,INEQ-LOWER-D019-H12-PP03,inequality,19,12,solar,3,pp_lower_bound,true,15,6275,MW,0,NaN,
20260811_121452_stage_B_2C_4168a6e9,INEQ-UPPER-D019-H12-PP03,inequality,19,12,solar,3,pp_upper_bound,true,16,6276,MW,0,NaN,
20260811_121452_stage_B_2C_4168a6e9,INEQ-LOWER-D019-H12-PP04,inequality,19,12,solar,4,pp_lower_bound,true,17,6277,MW,0,NaN,
20260811_121452_stage_B_2C_4168a6e9,INEQ-UPPER-D019-H12-PP04,inequality,19,12,solar,4,pp_upper_bound,true,18,6278,MW,0,NaN,
20260811_121452_stage_B_2C_4168a6e9,INEQ-LOWER-D019-H12-PP05,inequality,19,12,solar,5,pp_lower_bound,true,19,6279,MW,0,NaN,
20260811_121452_stage_B_2C_4168a6e9,INEQ-UPPER-D019-H12-PP05,inequality,19,12,solar,5,pp_upper_bound,true,20,6280,MW,0,NaN,
20260811_121452_stage_B_2C_4168a6e9,INEQ-LOWER-D019-H12-PH01,inequality,19,12,hydro,1,ph_lower_bound,true,21,6281,MW,0,NaN,
20260811_121452_stage_B_2C_4168a6e9,INEQ-UPPER-D019-H12-PH01,inequality,19,12,hydro,1,ph_upper_bound,true,22,6282,MW,0,NaN,
20260811_121452_stage_B_2C_4168a6e9,INEQ-LOWER-D019-H12-PH02,inequality,19,12,hydro,2,ph_lower_bound,true,23,6283,MW,0,NaN,
20260811_121452_stage_B_2C_4168a6e9,INEQ-UPPER-D019-H12-PH02,inequality,19,12,hydro,2,ph_upper_bound,true,24,6284,MW,0,NaN,
20260811_121452_stage_B_2C_4168a6e9,INEQ-LOWER-D019-H12-PH03,inequality,19,12,hydro,3,ph_lower_bound,true,25,6285,MW,0,NaN,
20260811_121452_stage_B_2C_4168a6e9,INEQ-UPPER-D019-H12-PH03,inequality,19,12,hydro,3,ph_upper_bound,true,26,6286,MW,0,NaN,
20260811_121452_stage_B_2C_4168a6e9,INEQ-LOWER-D019-H12-PH04,inequality,19,12,hydro,4,ph_lower_bound,true,27,6287,MW,0,NaN,
20260811_121452_stage_B_2C_4168a6e9,INEQ-UPPER-D019-H12-PH04,inequality,19,12,hydro,4,ph_upper_bound,true,28,6288,MW,0,NaN,
20260811_121452_stage_B_2C_4168a6e9,INEQ-LOWER-D019-H12-PF01,inequality,19,12,thermal,1,pf_lower_bound,true,29,6289,MW,0,NaN,
20260811_121452_stage_B_2C_4168a6e9,INEQ-UPPER-D019-H12-PF01,inequality,19,12,thermal,1,pf_upper_bound,true,30,6290,MW,0,NaN,
20260811_121452_stage_B_2C_4168a6e9,INEQ-LOWER-D019-H12-PF02,inequality,19,12,thermal,2,pf_lower_bound,true,31,6291,MW,0,NaN,
20260811_121452_stage_B_2C_4168a6e9,INEQ-UPPER-D019-H12-PF02,inequality,19,12,thermal,2,pf_upper_bound,true,32,6292,MW,0,NaN,
20260811_121452_stage_B_2C_4168a6e9,INEQ-LOWER-D019-H12-PF03,inequality,19,12,thermal,3,pf_lower_bound,true,33,6293,MW,0,NaN,
20260811_121452_stage_B_2C_4168a6e9,INEQ-UPPER-D019-H12-PF03,inequality,19,12,thermal,3,pf_upper_bound,true,34,6294,MW,0,NaN,
20260811_121452_stage_B_2C_4168a6e9,INEQ-LOWER-D019-H12-PF04,inequality,19,12,thermal,4,pf_lower_bound,true,35,6295,MW,0,NaN,
20260811_121452_stage_B_2C_4168a6e9,INEQ-UPPER-D019-H12-PF04,inequality,19,12,thermal,4,pf_upper_bound,true,36,6296,MW,0,NaN,
20260811_121452_stage_B_2C_4168a6e9,INEQ-LOWER-D019-H12-Pch01,inequality,19,12,storage,1,pch_lower_bound,true,37,6297,MW,0,NaN,
20260811_121452_stage_B_2C_4168a6e9,INEQ-UPPER-D019-H12-Pch01,inequality,19,12,storage,1,pch_upper_bound,true,38,6298,MW,0,NaN,
20260811_121452_stage_B_2C_4168a6e9,INEQ-LOWER-D019-H12-Pch02,inequality,19,12,storage,2,pch_lower_bound,true,39,6299,MW,0,NaN,
20260811_121452_stage_B_2C_4168a6e9,INEQ-UPPER-D019-H12-Pch02,inequality,19,12,storage,2,pch_upper_bound,true,40,6300,MW,0,NaN,
20260811_121452_stage_B_2C_4168a6e9,INEQ-LOWER-D019-H12-Pdis01,inequality,19,12,storage,1,pdis_lower_bound,true,41,6301,MW,0,NaN,
20260811_121452_stage_B_2C_4168a6e9,INEQ-UPPER-D019-H12-Pdis01,inequality,19,12,storage,1,pdis_upper_bound,true,42,6302,MW,0,NaN,
20260811_121452_stage_B_2C_4168a6e9,INEQ-LOWER-D019-H12-Pdis02,inequality,19,12,storage,2,pdis_lower_bound,true,43,6303,MW,0,NaN,
20260811_121452_stage_B_2C_4168a6e9,INEQ-UPPER-D019-H12-Pdis02,inequality,19,12,storage,2,pdis_upper_bound,true,44,6304,MW,0,NaN,
20260811_121452_stage_B_2C_4168a6e9,INEQ-LOWER-D019-H12-SOC01,inequality,19,12,storage,1,soc_lower_bound,true,45,6305,MWh,0,NaN,
20260811_121452_stage_B_2C_4168a6e9,INEQ-UPPER-D019-H12-SOC01,inequality,19,12,storage,1,soc_upper_bound,true,46,6306,MWh,0,NaN,
20260811_121452_stage_B_2C_4168a6e9,INEQ-LOWER-D019-H12-SOC02,inequality,19,12,storage,2,soc_lower_bound,true,47,6307,MWh,0,NaN,
20260811_121452_stage_B_2C_4168a6e9,INEQ-UPPER-D019-H12-SOC02,inequality,19,12,storage,2,soc_upper_bound,true,48,6308,MWh,0,NaN,
20260811_121452_stage_B_2C_4168a6e9,INEQ-LOWER-D019-H13-PW01,inequality,19,13,wind,1,pw_lower_bound,true,1,6309,MW,0,NaN,
20260811_121452_stage_B_2C_4168a6e9,INEQ-UPPER-D019-H13-PW01,inequality,19,13,wind,1,pw_upper_bound,true,2,6310,MW,0,NaN,
20260811_121452_stage_B_2C_4168a6e9,INEQ-LOWER-D019-H13-PW02,inequality,19,13,wind,2,pw_lower_bound,true,3,6311,MW,0,NaN,
20260811_121452_stage_B_2C_4168a6e9,INEQ-UPPER-D019-H13-PW02,inequality,19,13,wind,2,pw_upper_bound,true,4,6312,MW,0,NaN,
20260811_121452_stage_B_2C_4168a6e9,INEQ-LOWER-D019-H13-PW03,inequality,19,13,wind,3,pw_lower_bound,true,5,6313,MW,0,NaN,
20260811_121452_stage_B_2C_4168a6e9,INEQ-UPPER-D019-H13-PW03,inequality,19,13,wind,3,pw_upper_bound,true,6,6314,MW,0,NaN,
20260811_121452_stage_B_2C_4168a6e9,INEQ-LOWER-D019-H13-PW04,inequality,19,13,wind,4,pw_lower_bound,true,7,6315,MW,0,NaN,
20260811_121452_stage_B_2C_4168a6e9,INEQ-UPPER-D019-H13-PW04,inequality,19,13,wind,4,pw_upper_bound,true,8,6316,MW,0,NaN,
20260811_121452_stage_B_2C_4168a6e9,INEQ-LOWER-D019-H13-PW05,inequality,19,13,wind,5,pw_lower_bound,true,9,6317,MW,0,NaN,
20260811_121452_stage_B_2C_4168a6e9,INEQ-UPPER-D019-H13-PW05,inequality,19,13,wind,5,pw_upper_bound,true,10,6318,MW,0,NaN,
20260811_121452_stage_B_2C_4168a6e9,INEQ-LOWER-D019-H13-PP01,inequality,19,13,solar,1,pp_lower_bound,true,11,6319,MW,0,NaN,
20260811_121452_stage_B_2C_4168a6e9,INEQ-UPPER-D019-H13-PP01,inequality,19,13,solar,1,pp_upper_bound,true,12,6320,MW,0,NaN,
20260811_121452_stage_B_2C_4168a6e9,INEQ-LOWER-D019-H13-PP02,inequality,19,13,solar,2,pp_lower_bound,true,13,6321,MW,0,NaN,
20260811_121452_stage_B_2C_4168a6e9,INEQ-UPPER-D019-H13-PP02,inequality,19,13,solar,2,pp_upper_bound,true,14,6322,MW,0,NaN,
20260811_121452_stage_B_2C_4168a6e9,INEQ-LOWER-D019-H13-PP03,inequality,19,13,solar,3,pp_lower_bound,true,15,6323,MW,0,NaN,
20260811_121452_stage_B_2C_4168a6e9,INEQ-UPPER-D019-H13-PP03,inequality,19,13,solar,3,pp_upper_bound,true,16,6324,MW,0,NaN,
20260811_121452_stage_B_2C_4168a6e9,INEQ-LOWER-D019-H13-PP04,inequality,19,13,solar,4,pp_lower_bound,true,17,6325,MW,0,NaN,
20260811_121452_stage_B_2C_4168a6e9,INEQ-UPPER-D019-H13-PP04,inequality,19,13,solar,4,pp_upper_bound,true,18,6326,MW,0,NaN,
20260811_121452_stage_B_2C_4168a6e9,INEQ-LOWER-D019-H13-PP05,inequality,19,13,solar,5,pp_lower_bound,true,19,6327,MW,0,NaN,
20260811_121452_stage_B_2C_4168a6e9,INEQ-UPPER-D019-H13-PP05,inequality,19,13,solar,5,pp_upper_bound,true,20,6328,MW,0,NaN,
20260811_121452_stage_B_2C_4168a6e9,INEQ-LOWER-D019-H13-PH01,inequality,19,13,hydro,1,ph_lower_bound,true,21,6329,MW,0,NaN,
20260811_121452_stage_B_2C_4168a6e9,INEQ-UPPER-D019-H13-PH01,inequality,19,13,hydro,1,ph_upper_bound,true,22,6330,MW,0,NaN,
20260811_121452_stage_B_2C_4168a6e9,INEQ-LOWER-D019-H13-PH02,inequality,19,13,hydro,2,ph_lower_bound,true,23,6331,MW,0,NaN,
20260811_121452_stage_B_2C_4168a6e9,INEQ-UPPER-D019-H13-PH02,inequality,19,13,hydro,2,ph_upper_bound,true,24,6332,MW,0,NaN,
20260811_121452_stage_B_2C_4168a6e9,INEQ-LOWER-D019-H13-PH03,inequality,19,13,hydro,3,ph_lower_bound,true,25,6333,MW,0,NaN,
20260811_121452_stage_B_2C_4168a6e9,INEQ-UPPER-D019-H13-PH03,inequality,19,13,hydro,3,ph_upper_bound,true,26,6334,MW,0,NaN,
20260811_121452_stage_B_2C_4168a6e9,INEQ-LOWER-D019-H13-PH04,inequality,19,13,hydro,4,ph_lower_bound,true,27,6335,MW,0,NaN,
20260811_121452_stage_B_2C_4168a6e9,INEQ-UPPER-D019-H13-PH04,inequality,19,13,hydro,4,ph_upper_bound,true,28,6336,MW,0,NaN,
20260811_121452_stage_B_2C_4168a6e9,INEQ-LOWER-D019-H13-PF01,inequality,19,13,thermal,1,pf_lower_bound,true,29,6337,MW,0,NaN,
20260811_121452_stage_B_2C_4168a6e9,INEQ-UPPER-D019-H13-PF01,inequality,19,13,thermal,1,pf_upper_bound,true,30,6338,MW,0,NaN,
20260811_121452_stage_B_2C_4168a6e9,INEQ-LOWER-D019-H13-PF02,inequality,19,13,thermal,2,pf_lower_bound,true,31,6339,MW,0,NaN,
20260811_121452_stage_B_2C_4168a6e9,INEQ-UPPER-D019-H13-PF02,inequality,19,13,thermal,2,pf_upper_bound,true,32,6340,MW,0,NaN,
20260811_121452_stage_B_2C_4168a6e9,INEQ-LOWER-D019-H13-PF03,inequality,19,13,thermal,3,pf_lower_bound,true,33,6341,MW,0,NaN,
20260811_121452_stage_B_2C_4168a6e9,INEQ-UPPER-D019-H13-PF03,inequality,19,13,thermal,3,pf_upper_bound,true,34,6342,MW,0,NaN,
20260811_121452_stage_B_2C_4168a6e9,INEQ-LOWER-D019-H13-PF04,inequality,19,13,thermal,4,pf_lower_bound,true,35,6343,MW,0,NaN,
20260811_121452_stage_B_2C_4168a6e9,INEQ-UPPER-D019-H13-PF04,inequality,19,13,thermal,4,pf_upper_bound,true,36,6344,MW,0,NaN,
20260811_121452_stage_B_2C_4168a6e9,INEQ-LOWER-D019-H13-Pch01,inequality,19,13,storage,1,pch_lower_bound,true,37,6345,MW,0,NaN,
20260811_121452_stage_B_2C_4168a6e9,INEQ-UPPER-D019-H13-Pch01,inequality,19,13,storage,1,pch_upper_bound,true,38,6346,MW,0,NaN,
20260811_121452_stage_B_2C_4168a6e9,INEQ-LOWER-D019-H13-Pch02,inequality,19,13,storage,2,pch_lower_bound,true,39,6347,MW,0,NaN,
20260811_121452_stage_B_2C_4168a6e9,INEQ-UPPER-D019-H13-Pch02,inequality,19,13,storage,2,pch_upper_bound,true,40,6348,MW,0,NaN,
20260811_121452_stage_B_2C_4168a6e9,INEQ-LOWER-D019-H13-Pdis01,inequality,19,13,storage,1,pdis_lower_bound,true,41,6349,MW,0,NaN,
20260811_121452_stage_B_2C_4168a6e9,INEQ-UPPER-D019-H13-Pdis01,inequality,19,13,storage,1,pdis_upper_bound,true,42,6350,MW,0,NaN,
20260811_121452_stage_B_2C_4168a6e9,INEQ-LOWER-D019-H13-Pdis02,inequality,19,13,storage,2,pdis_lower_bound,true,43,6351,MW,0,NaN,
20260811_121452_stage_B_2C_4168a6e9,INEQ-UPPER-D019-H13-Pdis02,inequality,19,13,storage,2,pdis_upper_bound,true,44,6352,MW,0,NaN,
20260811_121452_stage_B_2C_4168a6e9,INEQ-LOWER-D019-H13-SOC01,inequality,19,13,storage,1,soc_lower_bound,true,45,6353,MWh,0,NaN,
20260811_121452_stage_B_2C_4168a6e9,INEQ-UPPER-D019-H13-SOC01,inequality,19,13,storage,1,soc_upper_bound,true,46,6354,MWh,0,NaN,
20260811_121452_stage_B_2C_4168a6e9,INEQ-LOWER-D019-H13-SOC02,inequality,19,13,storage,2,soc_lower_bound,true,47,6355,MWh,0,NaN,
20260811_121452_stage_B_2C_4168a6e9,INEQ-UPPER-D019-H13-SOC02,inequality,19,13,storage,2,soc_upper_bound,true,48,6356,MWh,0,NaN,
20260811_121452_stage_B_2C_4168a6e9,INEQ-LOWER-D019-H14-PW01,inequality,19,14,wind,1,pw_lower_bound,true,1,6357,MW,0,NaN,
20260811_121452_stage_B_2C_4168a6e9,INEQ-UPPER-D019-H14-PW01,inequality,19,14,wind,1,pw_upper_bound,true,2,6358,MW,0,NaN,
20260811_121452_stage_B_2C_4168a6e9,INEQ-LOWER-D019-H14-PW02,inequality,19,14,wind,2,pw_lower_bound,true,3,6359,MW,0,NaN,
20260811_121452_stage_B_2C_4168a6e9,INEQ-UPPER-D019-H14-PW02,inequality,19,14,wind,2,pw_upper_bound,true,4,6360,MW,0,NaN,
20260811_121452_stage_B_2C_4168a6e9,INEQ-LOWER-D019-H14-PW03,inequality,19,14,wind,3,pw_lower_bound,true,5,6361,MW,0,NaN,
20260811_121452_stage_B_2C_4168a6e9,INEQ-UPPER-D019-H14-PW03,inequality,19,14,wind,3,pw_upper_bound,true,6,6362,MW,0,NaN,
20260811_121452_stage_B_2C_4168a6e9,INEQ-LOWER-D019-H14-PW04,inequality,19,14,wind,4,pw_lower_bound,true,7,6363,MW,0,NaN,
20260811_121452_stage_B_2C_4168a6e9,INEQ-UPPER-D019-H14-PW04,inequality,19,14,wind,4,pw_upper_bound,true,8,6364,MW,0,NaN,
20260811_121452_stage_B_2C_4168a6e9,INEQ-LOWER-D019-H14-PW05,inequality,19,14,wind,5,pw_lower_bound,true,9,6365,MW,0,NaN,
20260811_121452_stage_B_2C_4168a6e9,INEQ-UPPER-D019-H14-PW05,inequality,19,14,wind,5,pw_upper_bound,true,10,6366,MW,0,NaN,
20260811_121452_stage_B_2C_4168a6e9,INEQ-LOWER-D019-H14-PP01,inequality,19,14,solar,1,pp_lower_bound,true,11,6367,MW,0,NaN,
20260811_121452_stage_B_2C_4168a6e9,INEQ-UPPER-D019-H14-PP01,inequality,19,14,solar,1,pp_upper_bound,true,12,6368,MW,0,NaN,
20260811_121452_stage_B_2C_4168a6e9,INEQ-LOWER-D019-H14-PP02,inequality,19,14,solar,2,pp_lower_bound,true,13,6369,MW,0,NaN,
20260811_121452_stage_B_2C_4168a6e9,INEQ-UPPER-D019-H14-PP02,inequality,19,14,solar,2,pp_upper_bound,true,14,6370,MW,0,NaN,
20260811_121452_stage_B_2C_4168a6e9,INEQ-LOWER-D019-H14-PP03,inequality,19,14,solar,3,pp_lower_bound,true,15,6371,MW,0,NaN,
20260811_121452_stage_B_2C_4168a6e9,INEQ-UPPER-D019-H14-PP03,inequality,19,14,solar,3,pp_upper_bound,true,16,6372,MW,0,NaN,
20260811_121452_stage_B_2C_4168a6e9,INEQ-LOWER-D019-H14-PP04,inequality,19,14,solar,4,pp_lower_bound,true,17,6373,MW,0,NaN,
20260811_121452_stage_B_2C_4168a6e9,INEQ-UPPER-D019-H14-PP04,inequality,19,14,solar,4,pp_upper_bound,true,18,6374,MW,0,NaN,
20260811_121452_stage_B_2C_4168a6e9,INEQ-LOWER-D019-H14-PP05,inequality,19,14,solar,5,pp_lower_bound,true,19,6375,MW,0,NaN,
20260811_121452_stage_B_2C_4168a6e9,INEQ-UPPER-D019-H14-PP05,inequality,19,14,solar,5,pp_upper_bound,true,20,6376,MW,0,NaN,
20260811_121452_stage_B_2C_4168a6e9,INEQ-LOWER-D019-H14-PH01,inequality,19,14,hydro,1,ph_lower_bound,true,21,6377,MW,0,NaN,
20260811_121452_stage_B_2C_4168a6e9,INEQ-UPPER-D019-H14-PH01,inequality,19,14,hydro,1,ph_upper_bound,true,22,6378,MW,0,NaN,
20260811_121452_stage_B_2C_4168a6e9,INEQ-LOWER-D019-H14-PH02,inequality,19,14,hydro,2,ph_lower_bound,true,23,6379,MW,0,NaN,
20260811_121452_stage_B_2C_4168a6e9,INEQ-UPPER-D019-H14-PH02,inequality,19,14,hydro,2,ph_upper_bound,true,24,6380,MW,0,NaN,
20260811_121452_stage_B_2C_4168a6e9,INEQ-LOWER-D019-H14-PH03,inequality,19,14,hydro,3,ph_lower_bound,true,25,6381,MW,0,NaN,
20260811_121452_stage_B_2C_4168a6e9,INEQ-UPPER-D019-H14-PH03,inequality,19,14,hydro,3,ph_upper_bound,true,26,6382,MW,0,NaN,
20260811_121452_stage_B_2C_4168a6e9,INEQ-LOWER-D019-H14-PH04,inequality,19,14,hydro,4,ph_lower_bound,true,27,6383,MW,0,NaN,
20260811_121452_stage_B_2C_4168a6e9,INEQ-UPPER-D019-H14-PH04,inequality,19,14,hydro,4,ph_upper_bound,true,28,6384,MW,0,NaN,
20260811_121452_stage_B_2C_4168a6e9,INEQ-LOWER-D019-H14-PF01,inequality,19,14,thermal,1,pf_lower_bound,true,29,6385,MW,0,NaN,
20260811_121452_stage_B_2C_4168a6e9,INEQ-UPPER-D019-H14-PF01,inequality,19,14,thermal,1,pf_upper_bound,true,30,6386,MW,0,NaN,
20260811_121452_stage_B_2C_4168a6e9,INEQ-LOWER-D019-H14-PF02,inequality,19,14,thermal,2,pf_lower_bound,true,31,6387,MW,0,NaN,
20260811_121452_stage_B_2C_4168a6e9,INEQ-UPPER-D019-H14-PF02,inequality,19,14,thermal,2,pf_upper_bound,true,32,6388,MW,0,NaN,
20260811_121452_stage_B_2C_4168a6e9,INEQ-LOWER-D019-H14-PF03,inequality,19,14,thermal,3,pf_lower_bound,true,33,6389,MW,0,NaN,
20260811_121452_stage_B_2C_4168a6e9,INEQ-UPPER-D019-H14-PF03,inequality,19,14,thermal,3,pf_upper_bound,true,34,6390,MW,0,NaN,
20260811_121452_stage_B_2C_4168a6e9,INEQ-LOWER-D019-H14-PF04,inequality,19,14,thermal,4,pf_lower_bound,true,35,6391,MW,0,NaN,
20260811_121452_stage_B_2C_4168a6e9,INEQ-UPPER-D019-H14-PF04,inequality,19,14,thermal,4,pf_upper_bound,true,36,6392,MW,0,NaN,
20260811_121452_stage_B_2C_4168a6e9,INEQ-LOWER-D019-H14-Pch01,inequality,19,14,storage,1,pch_lower_bound,true,37,6393,MW,0,NaN,
20260811_121452_stage_B_2C_4168a6e9,INEQ-UPPER-D019-H14-Pch01,inequality,19,14,storage,1,pch_upper_bound,true,38,6394,MW,0,NaN,
20260811_121452_stage_B_2C_4168a6e9,INEQ-LOWER-D019-H14-Pch02,inequality,19,14,storage,2,pch_lower_bound,true,39,6395,MW,0,NaN,
20260811_121452_stage_B_2C_4168a6e9,INEQ-UPPER-D019-H14-Pch02,inequality,19,14,storage,2,pch_upper_bound,true,40,6396,MW,0,NaN,
20260811_121452_stage_B_2C_4168a6e9,INEQ-LOWER-D019-H14-Pdis01,inequality,19,14,storage,1,pdis_lower_bound,true,41,6397,MW,0,NaN,
20260811_121452_stage_B_2C_4168a6e9,INEQ-UPPER-D019-H14-Pdis01,inequality,19,14,storage,1,pdis_upper_bound,true,42,6398,MW,0,NaN,
20260811_121452_stage_B_2C_4168a6e9,INEQ-LOWER-D019-H14-Pdis02,inequality,19,14,storage,2,pdis_lower_bound,true,43,6399,MW,0,NaN,
20260811_121452_stage_B_2C_4168a6e9,INEQ-UPPER-D019-H14-Pdis02,inequality,19,14,storage,2,pdis_upper_bound,true,44,6400,MW,0,NaN,
20260811_121452_stage_B_2C_4168a6e9,INEQ-LOWER-D019-H14-SOC01,inequality,19,14,storage,1,soc_lower_bound,true,45,6401,MWh,0,NaN,
20260811_121452_stage_B_2C_4168a6e9,INEQ-UPPER-D019-H14-SOC01,inequality,19,14,storage,1,soc_upper_bound,true,46,6402,MWh,0,NaN,
20260811_121452_stage_B_2C_4168a6e9,INEQ-LOWER-D019-H14-SOC02,inequality,19,14,storage,2,soc_lower_bound,true,47,6403,MWh,0,NaN,
20260811_121452_stage_B_2C_4168a6e9,INEQ-UPPER-D019-H14-SOC02,inequality,19,14,storage,2,soc_upper_bound,true,48,6404,MWh,0,NaN,
20260811_121452_stage_B_2C_4168a6e9,INEQ-LOWER-D019-H15-PW01,inequality,19,15,wind,1,pw_lower_bound,true,1,6405,MW,0,NaN,
20260811_121452_stage_B_2C_4168a6e9,INEQ-UPPER-D019-H15-PW01,inequality,19,15,wind,1,pw_upper_bound,true,2,6406,MW,0,NaN,
20260811_121452_stage_B_2C_4168a6e9,INEQ-LOWER-D019-H15-PW02,inequality,19,15,wind,2,pw_lower_bound,true,3,6407,MW,0,NaN,
20260811_121452_stage_B_2C_4168a6e9,INEQ-UPPER-D019-H15-PW02,inequality,19,15,wind,2,pw_upper_bound,true,4,6408,MW,0,NaN,
20260811_121452_stage_B_2C_4168a6e9,INEQ-LOWER-D019-H15-PW03,inequality,19,15,wind,3,pw_lower_bound,true,5,6409,MW,0,NaN,
20260811_121452_stage_B_2C_4168a6e9,INEQ-UPPER-D019-H15-PW03,inequality,19,15,wind,3,pw_upper_bound,true,6,6410,MW,0,NaN,
20260811_121452_stage_B_2C_4168a6e9,INEQ-LOWER-D019-H15-PW04,inequality,19,15,wind,4,pw_lower_bound,true,7,6411,MW,0,NaN,
20260811_121452_stage_B_2C_4168a6e9,INEQ-UPPER-D019-H15-PW04,inequality,19,15,wind,4,pw_upper_bound,true,8,6412,MW,0,NaN,
20260811_121452_stage_B_2C_4168a6e9,INEQ-LOWER-D019-H15-PW05,inequality,19,15,wind,5,pw_lower_bound,true,9,6413,MW,0,NaN,
20260811_121452_stage_B_2C_4168a6e9,INEQ-UPPER-D019-H15-PW05,inequality,19,15,wind,5,pw_upper_bound,true,10,6414,MW,0,NaN,
20260811_121452_stage_B_2C_4168a6e9,INEQ-LOWER-D019-H15-PP01,inequality,19,15,solar,1,pp_lower_bound,true,11,6415,MW,0,NaN,
20260811_121452_stage_B_2C_4168a6e9,INEQ-UPPER-D019-H15-PP01,inequality,19,15,solar,1,pp_upper_bound,true,12,6416,MW,0,NaN,
20260811_121452_stage_B_2C_4168a6e9,INEQ-LOWER-D019-H15-PP02,inequality,19,15,solar,2,pp_lower_bound,true,13,6417,MW,0,NaN,
20260811_121452_stage_B_2C_4168a6e9,INEQ-UPPER-D019-H15-PP02,inequality,19,15,solar,2,pp_upper_bound,true,14,6418,MW,0,NaN,
20260811_121452_stage_B_2C_4168a6e9,INEQ-LOWER-D019-H15-PP03,inequality,19,15,solar,3,pp_lower_bound,true,15,6419,MW,0,NaN,
20260811_121452_stage_B_2C_4168a6e9,INEQ-UPPER-D019-H15-PP03,inequality,19,15,solar,3,pp_upper_bound,true,16,6420,MW,0,NaN,
20260811_121452_stage_B_2C_4168a6e9,INEQ-LOWER-D019-H15-PP04,inequality,19,15,solar,4,pp_lower_bound,true,17,6421,MW,0,NaN,
20260811_121452_stage_B_2C_4168a6e9,INEQ-UPPER-D019-H15-PP04,inequality,19,15,solar,4,pp_upper_bound,true,18,6422,MW,0,NaN,
20260811_121452_stage_B_2C_4168a6e9,INEQ-LOWER-D019-H15-PP05,inequality,19,15,solar,5,pp_lower_bound,true,19,6423,MW,0,NaN,
20260811_121452_stage_B_2C_4168a6e9,INEQ-UPPER-D019-H15-PP05,inequality,19,15,solar,5,pp_upper_bound,true,20,6424,MW,0,NaN,
20260811_121452_stage_B_2C_4168a6e9,INEQ-LOWER-D019-H15-PH01,inequality,19,15,hydro,1,ph_lower_bound,true,21,6425,MW,0,NaN,
20260811_121452_stage_B_2C_4168a6e9,INEQ-UPPER-D019-H15-PH01,inequality,19,15,hydro,1,ph_upper_bound,true,22,6426,MW,0,NaN,
20260811_121452_stage_B_2C_4168a6e9,INEQ-LOWER-D019-H15-PH02,inequality,19,15,hydro,2,ph_lower_bound,true,23,6427,MW,0,NaN,
20260811_121452_stage_B_2C_4168a6e9,INEQ-UPPER-D019-H15-PH02,inequality,19,15,hydro,2,ph_upper_bound,true,24,6428,MW,0,NaN,
20260811_121452_stage_B_2C_4168a6e9,INEQ-LOWER-D019-H15-PH03,inequality,19,15,hydro,3,ph_lower_bound,true,25,6429,MW,0,NaN,
20260811_121452_stage_B_2C_4168a6e9,INEQ-UPPER-D019-H15-PH03,inequality,19,15,hydro,3,ph_upper_bound,true,26,6430,MW,0,NaN,
20260811_121452_stage_B_2C_4168a6e9,INEQ-LOWER-D019-H15-PH04,inequality,19,15,hydro,4,ph_lower_bound,true,27,6431,MW,0,NaN,
20260811_121452_stage_B_2C_4168a6e9,INEQ-UPPER-D019-H15-PH04,inequality,19,15,hydro,4,ph_upper_bound,true,28,6432,MW,0,NaN,
20260811_121452_stage_B_2C_4168a6e9,INEQ-LOWER-D019-H15-PF01,inequality,19,15,thermal,1,pf_lower_bound,true,29,6433,MW,0,NaN,
20260811_121452_stage_B_2C_4168a6e9,INEQ-UPPER-D019-H15-PF01,inequality,19,15,thermal,1,pf_upper_bound,true,30,6434,MW,0,NaN,
20260811_121452_stage_B_2C_4168a6e9,INEQ-LOWER-D019-H15-PF02,inequality,19,15,thermal,2,pf_lower_bound,true,31,6435,MW,0,NaN,
20260811_121452_stage_B_2C_4168a6e9,INEQ-UPPER-D019-H15-PF02,inequality,19,15,thermal,2,pf_upper_bound,true,32,6436,MW,0,NaN,
20260811_121452_stage_B_2C_4168a6e9,INEQ-LOWER-D019-H15-PF03,inequality,19,15,thermal,3,pf_lower_bound,true,33,6437,MW,0,NaN,
20260811_121452_stage_B_2C_4168a6e9,INEQ-UPPER-D019-H15-PF03,inequality,19,15,thermal,3,pf_upper_bound,true,34,6438,MW,0,NaN,
20260811_121452_stage_B_2C_4168a6e9,INEQ-LOWER-D019-H15-PF04,inequality,19,15,thermal,4,pf_lower_bound,true,35,6439,MW,0,NaN,
20260811_121452_stage_B_2C_4168a6e9,INEQ-UPPER-D019-H15-PF04,inequality,19,15,thermal,4,pf_upper_bound,true,36,6440,MW,0,NaN,
20260811_121452_stage_B_2C_4168a6e9,INEQ-LOWER-D019-H15-Pch01,inequality,19,15,storage,1,pch_lower_bound,true,37,6441,MW,0,NaN,
20260811_121452_stage_B_2C_4168a6e9,INEQ-UPPER-D019-H15-Pch01,inequality,19,15,storage,1,pch_upper_bound,true,38,6442,MW,0,NaN,
20260811_121452_stage_B_2C_4168a6e9,INEQ-LOWER-D019-H15-Pch02,inequality,19,15,storage,2,pch_lower_bound,true,39,6443,MW,0,NaN,
20260811_121452_stage_B_2C_4168a6e9,INEQ-UPPER-D019-H15-Pch02,inequality,19,15,storage,2,pch_upper_bound,true,40,6444,MW,0,NaN,
20260811_121452_stage_B_2C_4168a6e9,INEQ-LOWER-D019-H15-Pdis01,inequality,19,15,storage,1,pdis_lower_bound,true,41,6445,MW,0,NaN,
20260811_121452_stage_B_2C_4168a6e9,INEQ-UPPER-D019-H15-Pdis01,inequality,19,15,storage,1,pdis_upper_bound,true,42,6446,MW,0,NaN,
20260811_121452_stage_B_2C_4168a6e9,INEQ-LOWER-D019-H15-Pdis02,inequality,19,15,storage,2,pdis_lower_bound,true,43,6447,MW,0,NaN,
20260811_121452_stage_B_2C_4168a6e9,INEQ-UPPER-D019-H15-Pdis02,inequality,19,15,storage,2,pdis_upper_bound,true,44,6448,MW,0,NaN,
20260811_121452_stage_B_2C_4168a6e9,INEQ-LOWER-D019-H15-SOC01,inequality,19,15,storage,1,soc_lower_bound,true,45,6449,MWh,0,NaN,
20260811_121452_stage_B_2C_4168a6e9,INEQ-UPPER-D019-H15-SOC01,inequality,19,15,storage,1,soc_upper_bound,true,46,6450,MWh,0,NaN,
20260811_121452_stage_B_2C_4168a6e9,INEQ-LOWER-D019-H15-SOC02,inequality,19,15,storage,2,soc_lower_bound,true,47,6451,MWh,0,NaN,
20260811_121452_stage_B_2C_4168a6e9,INEQ-UPPER-D019-H15-SOC02,inequality,19,15,storage,2,soc_upper_bound,true,48,6452,MWh,0,NaN,
20260811_121452_stage_B_2C_4168a6e9,INEQ-LOWER-D019-H16-PW01,inequality,19,16,wind,1,pw_lower_bound,true,1,6453,MW,0,NaN,
20260811_121452_stage_B_2C_4168a6e9,INEQ-UPPER-D019-H16-PW01,inequality,19,16,wind,1,pw_upper_bound,true,2,6454,MW,0,NaN,
20260811_121452_stage_B_2C_4168a6e9,INEQ-LOWER-D019-H16-PW02,inequality,19,16,wind,2,pw_lower_bound,true,3,6455,MW,0,NaN,
20260811_121452_stage_B_2C_4168a6e9,INEQ-UPPER-D019-H16-PW02,inequality,19,16,wind,2,pw_upper_bound,true,4,6456,MW,0,NaN,
20260811_121452_stage_B_2C_4168a6e9,INEQ-LOWER-D019-H16-PW03,inequality,19,16,wind,3,pw_lower_bound,true,5,6457,MW,0,NaN,
20260811_121452_stage_B_2C_4168a6e9,INEQ-UPPER-D019-H16-PW03,inequality,19,16,wind,3,pw_upper_bound,true,6,6458,MW,0,NaN,
20260811_121452_stage_B_2C_4168a6e9,INEQ-LOWER-D019-H16-PW04,inequality,19,16,wind,4,pw_lower_bound,true,7,6459,MW,0,NaN,
20260811_121452_stage_B_2C_4168a6e9,INEQ-UPPER-D019-H16-PW04,inequality,19,16,wind,4,pw_upper_bound,true,8,6460,MW,0,NaN,
20260811_121452_stage_B_2C_4168a6e9,INEQ-LOWER-D019-H16-PW05,inequality,19,16,wind,5,pw_lower_bound,true,9,6461,MW,0,NaN,
20260811_121452_stage_B_2C_4168a6e9,INEQ-UPPER-D019-H16-PW05,inequality,19,16,wind,5,pw_upper_bound,true,10,6462,MW,0,NaN,
20260811_121452_stage_B_2C_4168a6e9,INEQ-LOWER-D019-H16-PP01,inequality,19,16,solar,1,pp_lower_bound,true,11,6463,MW,0,NaN,
20260811_121452_stage_B_2C_4168a6e9,INEQ-UPPER-D019-H16-PP01,inequality,19,16,solar,1,pp_upper_bound,true,12,6464,MW,0,NaN,
20260811_121452_stage_B_2C_4168a6e9,INEQ-LOWER-D019-H16-PP02,inequality,19,16,solar,2,pp_lower_bound,true,13,6465,MW,0,NaN,
20260811_121452_stage_B_2C_4168a6e9,INEQ-UPPER-D019-H16-PP02,inequality,19,16,solar,2,pp_upper_bound,true,14,6466,MW,0,NaN,
20260811_121452_stage_B_2C_4168a6e9,INEQ-LOWER-D019-H16-PP03,inequality,19,16,solar,3,pp_lower_bound,true,15,6467,MW,0,NaN,
20260811_121452_stage_B_2C_4168a6e9,INEQ-UPPER-D019-H16-PP03,inequality,19,16,solar,3,pp_upper_bound,true,16,6468,MW,0,NaN,
20260811_121452_stage_B_2C_4168a6e9,INEQ-LOWER-D019-H16-PP04,inequality,19,16,solar,4,pp_lower_bound,true,17,6469,MW,0,NaN,
20260811_121452_stage_B_2C_4168a6e9,INEQ-UPPER-D019-H16-PP04,inequality,19,16,solar,4,pp_upper_bound,true,18,6470,MW,0,NaN,
20260811_121452_stage_B_2C_4168a6e9,INEQ-LOWER-D019-H16-PP05,inequality,19,16,solar,5,pp_lower_bound,true,19,6471,MW,0,NaN,
20260811_121452_stage_B_2C_4168a6e9,INEQ-UPPER-D019-H16-PP05,inequality,19,16,solar,5,pp_upper_bound,true,20,6472,MW,0,NaN,
20260811_121452_stage_B_2C_4168a6e9,INEQ-LOWER-D019-H16-PH01,inequality,19,16,hydro,1,ph_lower_bound,true,21,6473,MW,0,NaN,
20260811_121452_stage_B_2C_4168a6e9,INEQ-UPPER-D019-H16-PH01,inequality,19,16,hydro,1,ph_upper_bound,true,22,6474,MW,0,NaN,
20260811_121452_stage_B_2C_4168a6e9,INEQ-LOWER-D019-H16-PH02,inequality,19,16,hydro,2,ph_lower_bound,true,23,6475,MW,0,NaN,
20260811_121452_stage_B_2C_4168a6e9,INEQ-UPPER-D019-H16-PH02,inequality,19,16,hydro,2,ph_upper_bound,true,24,6476,MW,0,NaN,
20260811_121452_stage_B_2C_4168a6e9,INEQ-LOWER-D019-H16-PH03,inequality,19,16,hydro,3,ph_lower_bound,true,25,6477,MW,0,NaN,
20260811_121452_stage_B_2C_4168a6e9,INEQ-UPPER-D019-H16-PH03,inequality,19,16,hydro,3,ph_upper_bound,true,26,6478,MW,0,NaN,
20260811_121452_stage_B_2C_4168a6e9,INEQ-LOWER-D019-H16-PH04,inequality,19,16,hydro,4,ph_lower_bound,true,27,6479,MW,0,NaN,
20260811_121452_stage_B_2C_4168a6e9,INEQ-UPPER-D019-H16-PH04,inequality,19,16,hydro,4,ph_upper_bound,true,28,6480,MW,0,NaN,
20260811_121452_stage_B_2C_4168a6e9,INEQ-LOWER-D019-H16-PF01,inequality,19,16,thermal,1,pf_lower_bound,true,29,6481,MW,0,NaN,
20260811_121452_stage_B_2C_4168a6e9,INEQ-UPPER-D019-H16-PF01,inequality,19,16,thermal,1,pf_upper_bound,true,30,6482,MW,0,NaN,
20260811_121452_stage_B_2C_4168a6e9,INEQ-LOWER-D019-H16-PF02,inequality,19,16,thermal,2,pf_lower_bound,true,31,6483,MW,0,NaN,
20260811_121452_stage_B_2C_4168a6e9,INEQ-UPPER-D019-H16-PF02,inequality,19,16,thermal,2,pf_upper_bound,true,32,6484,MW,0,NaN,
20260811_121452_stage_B_2C_4168a6e9,INEQ-LOWER-D019-H16-PF03,inequality,19,16,thermal,3,pf_lower_bound,true,33,6485,MW,0,NaN,
20260811_121452_stage_B_2C_4168a6e9,INEQ-UPPER-D019-H16-PF03,inequality,19,16,thermal,3,pf_upper_bound,true,34,6486,MW,0,NaN,
20260811_121452_stage_B_2C_4168a6e9,INEQ-LOWER-D019-H16-PF04,inequality,19,16,thermal,4,pf_lower_bound,true,35,6487,MW,0,NaN,
20260811_121452_stage_B_2C_4168a6e9,INEQ-UPPER-D019-H16-PF04,inequality,19,16,thermal,4,pf_upper_bound,true,36,6488,MW,0,NaN,
20260811_121452_stage_B_2C_4168a6e9,INEQ-LOWER-D019-H16-Pch01,inequality,19,16,storage,1,pch_lower_bound,true,37,6489,MW,0,NaN,
20260811_121452_stage_B_2C_4168a6e9,INEQ-UPPER-D019-H16-Pch01,inequality,19,16,storage,1,pch_upper_bound,true,38,6490,MW,0,NaN,
20260811_121452_stage_B_2C_4168a6e9,INEQ-LOWER-D019-H16-Pch02,inequality,19,16,storage,2,pch_lower_bound,true,39,6491,MW,0,NaN,
20260811_121452_stage_B_2C_4168a6e9,INEQ-UPPER-D019-H16-Pch02,inequality,19,16,storage,2,pch_upper_bound,true,40,6492,MW,0,NaN,
20260811_121452_stage_B_2C_4168a6e9,INEQ-LOWER-D019-H16-Pdis01,inequality,19,16,storage,1,pdis_lower_bound,true,41,6493,MW,0,NaN,
20260811_121452_stage_B_2C_4168a6e9,INEQ-UPPER-D019-H16-Pdis01,inequality,19,16,storage,1,pdis_upper_bound,true,42,6494,MW,0,NaN,
20260811_121452_stage_B_2C_4168a6e9,INEQ-LOWER-D019-H16-Pdis02,inequality,19,16,storage,2,pdis_lower_bound,true,43,6495,MW,0,NaN,
20260811_121452_stage_B_2C_4168a6e9,INEQ-UPPER-D019-H16-Pdis02,inequality,19,16,storage,2,pdis_upper_bound,true,44,6496,MW,0,NaN,
20260811_121452_stage_B_2C_4168a6e9,INEQ-LOWER-D019-H16-SOC01,inequality,19,16,storage,1,soc_lower_bound,true,45,6497,MWh,0,NaN,
20260811_121452_stage_B_2C_4168a6e9,INEQ-UPPER-D019-H16-SOC01,inequality,19,16,storage,1,soc_upper_bound,true,46,6498,MWh,0,NaN,
20260811_121452_stage_B_2C_4168a6e9,INEQ-LOWER-D019-H16-SOC02,inequality,19,16,storage,2,soc_lower_bound,true,47,6499,MWh,0,NaN,
20260811_121452_stage_B_2C_4168a6e9,INEQ-UPPER-D019-H16-SOC02,inequality,19,16,storage,2,soc_upper_bound,true,48,6500,MWh,0,NaN,
20260811_121452_stage_B_2C_4168a6e9,INEQ-LOWER-D019-H17-PW01,inequality,19,17,wind,1,pw_lower_bound,true,1,6501,MW,0,NaN,
20260811_121452_stage_B_2C_4168a6e9,INEQ-UPPER-D019-H17-PW01,inequality,19,17,wind,1,pw_upper_bound,true,2,6502,MW,0,NaN,
20260811_121452_stage_B_2C_4168a6e9,INEQ-LOWER-D019-H17-PW02,inequality,19,17,wind,2,pw_lower_bound,true,3,6503,MW,0,NaN,
20260811_121452_stage_B_2C_4168a6e9,INEQ-UPPER-D019-H17-PW02,inequality,19,17,wind,2,pw_upper_bound,true,4,6504,MW,0,NaN,
20260811_121452_stage_B_2C_4168a6e9,INEQ-LOWER-D019-H17-PW03,inequality,19,17,wind,3,pw_lower_bound,true,5,6505,MW,0,NaN,
20260811_121452_stage_B_2C_4168a6e9,INEQ-UPPER-D019-H17-PW03,inequality,19,17,wind,3,pw_upper_bound,true,6,6506,MW,0,NaN,
20260811_121452_stage_B_2C_4168a6e9,INEQ-LOWER-D019-H17-PW04,inequality,19,17,wind,4,pw_lower_bound,true,7,6507,MW,0,NaN,
20260811_121452_stage_B_2C_4168a6e9,INEQ-UPPER-D019-H17-PW04,inequality,19,17,wind,4,pw_upper_bound,true,8,6508,MW,0,NaN,
20260811_121452_stage_B_2C_4168a6e9,INEQ-LOWER-D019-H17-PW05,inequality,19,17,wind,5,pw_lower_bound,true,9,6509,MW,0,NaN,
20260811_121452_stage_B_2C_4168a6e9,INEQ-UPPER-D019-H17-PW05,inequality,19,17,wind,5,pw_upper_bound,true,10,6510,MW,0,NaN,
20260811_121452_stage_B_2C_4168a6e9,INEQ-LOWER-D019-H17-PP01,inequality,19,17,solar,1,pp_lower_bound,true,11,6511,MW,0,NaN,
20260811_121452_stage_B_2C_4168a6e9,INEQ-UPPER-D019-H17-PP01,inequality,19,17,solar,1,pp_upper_bound,true,12,6512,MW,0,NaN,
20260811_121452_stage_B_2C_4168a6e9,INEQ-LOWER-D019-H17-PP02,inequality,19,17,solar,2,pp_lower_bound,true,13,6513,MW,0,NaN,
20260811_121452_stage_B_2C_4168a6e9,INEQ-UPPER-D019-H17-PP02,inequality,19,17,solar,2,pp_upper_bound,true,14,6514,MW,0,NaN,
20260811_121452_stage_B_2C_4168a6e9,INEQ-LOWER-D019-H17-PP03,inequality,19,17,solar,3,pp_lower_bound,true,15,6515,MW,0,NaN,
20260811_121452_stage_B_2C_4168a6e9,INEQ-UPPER-D019-H17-PP03,inequality,19,17,solar,3,pp_upper_bound,true,16,6516,MW,0,NaN,
20260811_121452_stage_B_2C_4168a6e9,INEQ-LOWER-D019-H17-PP04,inequality,19,17,solar,4,pp_lower_bound,true,17,6517,MW,0,NaN,
20260811_121452_stage_B_2C_4168a6e9,INEQ-UPPER-D019-H17-PP04,inequality,19,17,solar,4,pp_upper_bound,true,18,6518,MW,0,NaN,
20260811_121452_stage_B_2C_4168a6e9,INEQ-LOWER-D019-H17-PP05,inequality,19,17,solar,5,pp_lower_bound,true,19,6519,MW,0,NaN,
20260811_121452_stage_B_2C_4168a6e9,INEQ-UPPER-D019-H17-PP05,inequality,19,17,solar,5,pp_upper_bound,true,20,6520,MW,0,NaN,
20260811_121452_stage_B_2C_4168a6e9,INEQ-LOWER-D019-H17-PH01,inequality,19,17,hydro,1,ph_lower_bound,true,21,6521,MW,0,NaN,
20260811_121452_stage_B_2C_4168a6e9,INEQ-UPPER-D019-H17-PH01,inequality,19,17,hydro,1,ph_upper_bound,true,22,6522,MW,0,NaN,
20260811_121452_stage_B_2C_4168a6e9,INEQ-LOWER-D019-H17-PH02,inequality,19,17,hydro,2,ph_lower_bound,true,23,6523,MW,0,NaN,
20260811_121452_stage_B_2C_4168a6e9,INEQ-UPPER-D019-H17-PH02,inequality,19,17,hydro,2,ph_upper_bound,true,24,6524,MW,0,NaN,
20260811_121452_stage_B_2C_4168a6e9,INEQ-LOWER-D019-H17-PH03,inequality,19,17,hydro,3,ph_lower_bound,true,25,6525,MW,0,NaN,
20260811_121452_stage_B_2C_4168a6e9,INEQ-UPPER-D019-H17-PH03,inequality,19,17,hydro,3,ph_upper_bound,true,26,6526,MW,0,NaN,
20260811_121452_stage_B_2C_4168a6e9,INEQ-LOWER-D019-H17-PH04,inequality,19,17,hydro,4,ph_lower_bound,true,27,6527,MW,0,NaN,
20260811_121452_stage_B_2C_4168a6e9,INEQ-UPPER-D019-H17-PH04,inequality,19,17,hydro,4,ph_upper_bound,true,28,6528,MW,0,NaN,
20260811_121452_stage_B_2C_4168a6e9,INEQ-LOWER-D019-H17-PF01,inequality,19,17,thermal,1,pf_lower_bound,true,29,6529,MW,0,NaN,
20260811_121452_stage_B_2C_4168a6e9,INEQ-UPPER-D019-H17-PF01,inequality,19,17,thermal,1,pf_upper_bound,true,30,6530,MW,0,NaN,
20260811_121452_stage_B_2C_4168a6e9,INEQ-LOWER-D019-H17-PF02,inequality,19,17,thermal,2,pf_lower_bound,true,31,6531,MW,0,NaN,
20260811_121452_stage_B_2C_4168a6e9,INEQ-UPPER-D019-H17-PF02,inequality,19,17,thermal,2,pf_upper_bound,true,32,6532,MW,0,NaN,
20260811_121452_stage_B_2C_4168a6e9,INEQ-LOWER-D019-H17-PF03,inequality,19,17,thermal,3,pf_lower_bound,true,33,6533,MW,0,NaN,
20260811_121452_stage_B_2C_4168a6e9,INEQ-UPPER-D019-H17-PF03,inequality,19,17,thermal,3,pf_upper_bound,true,34,6534,MW,0,NaN,
20260811_121452_stage_B_2C_4168a6e9,INEQ-LOWER-D019-H17-PF04,inequality,19,17,thermal,4,pf_lower_bound,true,35,6535,MW,0,NaN,
20260811_121452_stage_B_2C_4168a6e9,INEQ-UPPER-D019-H17-PF04,inequality,19,17,thermal,4,pf_upper_bound,true,36,6536,MW,0,NaN,
20260811_121452_stage_B_2C_4168a6e9,INEQ-LOWER-D019-H17-Pch01,inequality,19,17,storage,1,pch_lower_bound,true,37,6537,MW,0,NaN,
20260811_121452_stage_B_2C_4168a6e9,INEQ-UPPER-D019-H17-Pch01,inequality,19,17,storage,1,pch_upper_bound,true,38,6538,MW,0,NaN,
20260811_121452_stage_B_2C_4168a6e9,INEQ-LOWER-D019-H17-Pch02,inequality,19,17,storage,2,pch_lower_bound,true,39,6539,MW,0,NaN,
20260811_121452_stage_B_2C_4168a6e9,INEQ-UPPER-D019-H17-Pch02,inequality,19,17,storage,2,pch_upper_bound,true,40,6540,MW,0,NaN,
20260811_121452_stage_B_2C_4168a6e9,INEQ-LOWER-D019-H17-Pdis01,inequality,19,17,storage,1,pdis_lower_bound,true,41,6541,MW,0,NaN,
20260811_121452_stage_B_2C_4168a6e9,INEQ-UPPER-D019-H17-Pdis01,inequality,19,17,storage,1,pdis_upper_bound,true,42,6542,MW,0,NaN,
20260811_121452_stage_B_2C_4168a6e9,INEQ-LOWER-D019-H17-Pdis02,inequality,19,17,storage,2,pdis_lower_bound,true,43,6543,MW,0,NaN,
20260811_121452_stage_B_2C_4168a6e9,INEQ-UPPER-D019-H17-Pdis02,inequality,19,17,storage,2,pdis_upper_bound,true,44,6544,MW,0,NaN,
20260811_121452_stage_B_2C_4168a6e9,INEQ-LOWER-D019-H17-SOC01,inequality,19,17,storage,1,soc_lower_bound,true,45,6545,MWh,0,NaN,
20260811_121452_stage_B_2C_4168a6e9,INEQ-UPPER-D019-H17-SOC01,inequality,19,17,storage,1,soc_upper_bound,true,46,6546,MWh,0,NaN,
20260811_121452_stage_B_2C_4168a6e9,INEQ-LOWER-D019-H17-SOC02,inequality,19,17,storage,2,soc_lower_bound,true,47,6547,MWh,0,NaN,
20260811_121452_stage_B_2C_4168a6e9,INEQ-UPPER-D019-H17-SOC02,inequality,19,17,storage,2,soc_upper_bound,true,48,6548,MWh,0,NaN,
20260811_121452_stage_B_2C_4168a6e9,INEQ-LOWER-D019-H18-PW01,inequality,19,18,wind,1,pw_lower_bound,true,1,6549,MW,0,NaN,
20260811_121452_stage_B_2C_4168a6e9,INEQ-UPPER-D019-H18-PW01,inequality,19,18,wind,1,pw_upper_bound,true,2,6550,MW,0,NaN,
20260811_121452_stage_B_2C_4168a6e9,INEQ-LOWER-D019-H18-PW02,inequality,19,18,wind,2,pw_lower_bound,true,3,6551,MW,0,NaN,
20260811_121452_stage_B_2C_4168a6e9,INEQ-UPPER-D019-H18-PW02,inequality,19,18,wind,2,pw_upper_bound,true,4,6552,MW,0,NaN,
20260811_121452_stage_B_2C_4168a6e9,INEQ-LOWER-D019-H18-PW03,inequality,19,18,wind,3,pw_lower_bound,true,5,6553,MW,0,NaN,
20260811_121452_stage_B_2C_4168a6e9,INEQ-UPPER-D019-H18-PW03,inequality,19,18,wind,3,pw_upper_bound,true,6,6554,MW,0,NaN,
20260811_121452_stage_B_2C_4168a6e9,INEQ-LOWER-D019-H18-PW04,inequality,19,18,wind,4,pw_lower_bound,true,7,6555,MW,0,NaN,
20260811_121452_stage_B_2C_4168a6e9,INEQ-UPPER-D019-H18-PW04,inequality,19,18,wind,4,pw_upper_bound,true,8,6556,MW,0,NaN,
20260811_121452_stage_B_2C_4168a6e9,INEQ-LOWER-D019-H18-PW05,inequality,19,18,wind,5,pw_lower_bound,true,9,6557,MW,0,NaN,
20260811_121452_stage_B_2C_4168a6e9,INEQ-UPPER-D019-H18-PW05,inequality,19,18,wind,5,pw_upper_bound,true,10,6558,MW,0,NaN,
20260811_121452_stage_B_2C_4168a6e9,INEQ-LOWER-D019-H18-PP01,inequality,19,18,solar,1,pp_lower_bound,true,11,6559,MW,0,NaN,
20260811_121452_stage_B_2C_4168a6e9,INEQ-UPPER-D019-H18-PP01,inequality,19,18,solar,1,pp_upper_bound,true,12,6560,MW,0,NaN,
20260811_121452_stage_B_2C_4168a6e9,INEQ-LOWER-D019-H18-PP02,inequality,19,18,solar,2,pp_lower_bound,true,13,6561,MW,0,NaN,
20260811_121452_stage_B_2C_4168a6e9,INEQ-UPPER-D019-H18-PP02,inequality,19,18,solar,2,pp_upper_bound,true,14,6562,MW,0,NaN,
20260811_121452_stage_B_2C_4168a6e9,INEQ-LOWER-D019-H18-PP03,inequality,19,18,solar,3,pp_lower_bound,true,15,6563,MW,0,NaN,
20260811_121452_stage_B_2C_4168a6e9,INEQ-UPPER-D019-H18-PP03,inequality,19,18,solar,3,pp_upper_bound,true,16,6564,MW,0,NaN,
20260811_121452_stage_B_2C_4168a6e9,INEQ-LOWER-D019-H18-PP04,inequality,19,18,solar,4,pp_lower_bound,true,17,6565,MW,0,NaN,
20260811_121452_stage_B_2C_4168a6e9,INEQ-UPPER-D019-H18-PP04,inequality,19,18,solar,4,pp_upper_bound,true,18,6566,MW,0,NaN,
20260811_121452_stage_B_2C_4168a6e9,INEQ-LOWER-D019-H18-PP05,inequality,19,18,solar,5,pp_lower_bound,true,19,6567,MW,0,NaN,
20260811_121452_stage_B_2C_4168a6e9,INEQ-UPPER-D019-H18-PP05,inequality,19,18,solar,5,pp_upper_bound,true,20,6568,MW,0,NaN,
20260811_121452_stage_B_2C_4168a6e9,INEQ-LOWER-D019-H18-PH01,inequality,19,18,hydro,1,ph_lower_bound,true,21,6569,MW,0,NaN,
20260811_121452_stage_B_2C_4168a6e9,INEQ-UPPER-D019-H18-PH01,inequality,19,18,hydro,1,ph_upper_bound,true,22,6570,MW,0,NaN,
20260811_121452_stage_B_2C_4168a6e9,INEQ-LOWER-D019-H18-PH02,inequality,19,18,hydro,2,ph_lower_bound,true,23,6571,MW,0,NaN,
20260811_121452_stage_B_2C_4168a6e9,INEQ-UPPER-D019-H18-PH02,inequality,19,18,hydro,2,ph_upper_bound,true,24,6572,MW,0,NaN,
20260811_121452_stage_B_2C_4168a6e9,INEQ-LOWER-D019-H18-PH03,inequality,19,18,hydro,3,ph_lower_bound,true,25,6573,MW,0,NaN,
20260811_121452_stage_B_2C_4168a6e9,INEQ-UPPER-D019-H18-PH03,inequality,19,18,hydro,3,ph_upper_bound,true,26,6574,MW,0,NaN,
20260811_121452_stage_B_2C_4168a6e9,INEQ-LOWER-D019-H18-PH04,inequality,19,18,hydro,4,ph_lower_bound,true,27,6575,MW,0,NaN,
20260811_121452_stage_B_2C_4168a6e9,INEQ-UPPER-D019-H18-PH04,inequality,19,18,hydro,4,ph_upper_bound,true,28,6576,MW,0,NaN,
20260811_121452_stage_B_2C_4168a6e9,INEQ-LOWER-D019-H18-PF01,inequality,19,18,thermal,1,pf_lower_bound,true,29,6577,MW,0,NaN,
20260811_121452_stage_B_2C_4168a6e9,INEQ-UPPER-D019-H18-PF01,inequality,19,18,thermal,1,pf_upper_bound,true,30,6578,MW,0,NaN,
20260811_121452_stage_B_2C_4168a6e9,INEQ-LOWER-D019-H18-PF02,inequality,19,18,thermal,2,pf_lower_bound,true,31,6579,MW,0,NaN,
20260811_121452_stage_B_2C_4168a6e9,INEQ-UPPER-D019-H18-PF02,inequality,19,18,thermal,2,pf_upper_bound,true,32,6580,MW,0,NaN,
20260811_121452_stage_B_2C_4168a6e9,INEQ-LOWER-D019-H18-PF03,inequality,19,18,thermal,3,pf_lower_bound,true,33,6581,MW,0,NaN,
20260811_121452_stage_B_2C_4168a6e9,INEQ-UPPER-D019-H18-PF03,inequality,19,18,thermal,3,pf_upper_bound,true,34,6582,MW,0,NaN,
20260811_121452_stage_B_2C_4168a6e9,INEQ-LOWER-D019-H18-PF04,inequality,19,18,thermal,4,pf_lower_bound,true,35,6583,MW,0,NaN,
20260811_121452_stage_B_2C_4168a6e9,INEQ-UPPER-D019-H18-PF04,inequality,19,18,thermal,4,pf_upper_bound,true,36,6584,MW,0,NaN,
20260811_121452_stage_B_2C_4168a6e9,INEQ-LOWER-D019-H18-Pch01,inequality,19,18,storage,1,pch_lower_bound,true,37,6585,MW,0,NaN,
20260811_121452_stage_B_2C_4168a6e9,INEQ-UPPER-D019-H18-Pch01,inequality,19,18,storage,1,pch_upper_bound,true,38,6586,MW,0,NaN,
20260811_121452_stage_B_2C_4168a6e9,INEQ-LOWER-D019-H18-Pch02,inequality,19,18,storage,2,pch_lower_bound,true,39,6587,MW,0,NaN,
20260811_121452_stage_B_2C_4168a6e9,INEQ-UPPER-D019-H18-Pch02,inequality,19,18,storage,2,pch_upper_bound,true,40,6588,MW,0,NaN,
20260811_121452_stage_B_2C_4168a6e9,INEQ-LOWER-D019-H18-Pdis01,inequality,19,18,storage,1,pdis_lower_bound,true,41,6589,MW,0,NaN,
20260811_121452_stage_B_2C_4168a6e9,INEQ-UPPER-D019-H18-Pdis01,inequality,19,18,storage,1,pdis_upper_bound,true,42,6590,MW,0,NaN,
20260811_121452_stage_B_2C_4168a6e9,INEQ-LOWER-D019-H18-Pdis02,inequality,19,18,storage,2,pdis_lower_bound,true,43,6591,MW,0,NaN,
20260811_121452_stage_B_2C_4168a6e9,INEQ-UPPER-D019-H18-Pdis02,inequality,19,18,storage,2,pdis_upper_bound,true,44,6592,MW,0,NaN,
20260811_121452_stage_B_2C_4168a6e9,INEQ-LOWER-D019-H18-SOC01,inequality,19,18,storage,1,soc_lower_bound,true,45,6593,MWh,0,NaN,
20260811_121452_stage_B_2C_4168a6e9,INEQ-UPPER-D019-H18-SOC01,inequality,19,18,storage,1,soc_upper_bound,true,46,6594,MWh,0,NaN,
20260811_121452_stage_B_2C_4168a6e9,INEQ-LOWER-D019-H18-SOC02,inequality,19,18,storage,2,soc_lower_bound,true,47,6595,MWh,0,NaN,
20260811_121452_stage_B_2C_4168a6e9,INEQ-UPPER-D019-H18-SOC02,inequality,19,18,storage,2,soc_upper_bound,true,48,6596,MWh,0,NaN,
20260811_121452_stage_B_2C_4168a6e9,INEQ-LOWER-D019-H19-PW01,inequality,19,19,wind,1,pw_lower_bound,true,1,6597,MW,0,NaN,
20260811_121452_stage_B_2C_4168a6e9,INEQ-UPPER-D019-H19-PW01,inequality,19,19,wind,1,pw_upper_bound,true,2,6598,MW,0,NaN,
20260811_121452_stage_B_2C_4168a6e9,INEQ-LOWER-D019-H19-PW02,inequality,19,19,wind,2,pw_lower_bound,true,3,6599,MW,0,NaN,
20260811_121452_stage_B_2C_4168a6e9,INEQ-UPPER-D019-H19-PW02,inequality,19,19,wind,2,pw_upper_bound,true,4,6600,MW,0,NaN,
20260811_121452_stage_B_2C_4168a6e9,INEQ-LOWER-D019-H19-PW03,inequality,19,19,wind,3,pw_lower_bound,true,5,6601,MW,0,NaN,
20260811_121452_stage_B_2C_4168a6e9,INEQ-UPPER-D019-H19-PW03,inequality,19,19,wind,3,pw_upper_bound,true,6,6602,MW,0,NaN,
20260811_121452_stage_B_2C_4168a6e9,INEQ-LOWER-D019-H19-PW04,inequality,19,19,wind,4,pw_lower_bound,true,7,6603,MW,0,NaN,
20260811_121452_stage_B_2C_4168a6e9,INEQ-UPPER-D019-H19-PW04,inequality,19,19,wind,4,pw_upper_bound,true,8,6604,MW,0,NaN,
20260811_121452_stage_B_2C_4168a6e9,INEQ-LOWER-D019-H19-PW05,inequality,19,19,wind,5,pw_lower_bound,true,9,6605,MW,0,NaN,
20260811_121452_stage_B_2C_4168a6e9,INEQ-UPPER-D019-H19-PW05,inequality,19,19,wind,5,pw_upper_bound,true,10,6606,MW,0,NaN,
20260811_121452_stage_B_2C_4168a6e9,INEQ-LOWER-D019-H19-PP01,inequality,19,19,solar,1,pp_lower_bound,true,11,6607,MW,0,NaN,
20260811_121452_stage_B_2C_4168a6e9,INEQ-UPPER-D019-H19-PP01,inequality,19,19,solar,1,pp_upper_bound,true,12,6608,MW,0,NaN,
20260811_121452_stage_B_2C_4168a6e9,INEQ-LOWER-D019-H19-PP02,inequality,19,19,solar,2,pp_lower_bound,true,13,6609,MW,0,NaN,
20260811_121452_stage_B_2C_4168a6e9,INEQ-UPPER-D019-H19-PP02,inequality,19,19,solar,2,pp_upper_bound,true,14,6610,MW,0,NaN,
20260811_121452_stage_B_2C_4168a6e9,INEQ-LOWER-D019-H19-PP03,inequality,19,19,solar,3,pp_lower_bound,true,15,6611,MW,0,NaN,
20260811_121452_stage_B_2C_4168a6e9,INEQ-UPPER-D019-H19-PP03,inequality,19,19,solar,3,pp_upper_bound,true,16,6612,MW,0,NaN,
20260811_121452_stage_B_2C_4168a6e9,INEQ-LOWER-D019-H19-PP04,inequality,19,19,solar,4,pp_lower_bound,true,17,6613,MW,0,NaN,
20260811_121452_stage_B_2C_4168a6e9,INEQ-UPPER-D019-H19-PP04,inequality,19,19,solar,4,pp_upper_bound,true,18,6614,MW,0,NaN,
20260811_121452_stage_B_2C_4168a6e9,INEQ-LOWER-D019-H19-PP05,inequality,19,19,solar,5,pp_lower_bound,true,19,6615,MW,0,NaN,
20260811_121452_stage_B_2C_4168a6e9,INEQ-UPPER-D019-H19-PP05,inequality,19,19,solar,5,pp_upper_bound,true,20,6616,MW,0,NaN,
20260811_121452_stage_B_2C_4168a6e9,INEQ-LOWER-D019-H19-PH01,inequality,19,19,hydro,1,ph_lower_bound,true,21,6617,MW,0,NaN,
20260811_121452_stage_B_2C_4168a6e9,INEQ-UPPER-D019-H19-PH01,inequality,19,19,hydro,1,ph_upper_bound,true,22,6618,MW,0,NaN,
20260811_121452_stage_B_2C_4168a6e9,INEQ-LOWER-D019-H19-PH02,inequality,19,19,hydro,2,ph_lower_bound,true,23,6619,MW,0,NaN,
20260811_121452_stage_B_2C_4168a6e9,INEQ-UPPER-D019-H19-PH02,inequality,19,19,hydro,2,ph_upper_bound,true,24,6620,MW,0,NaN,
20260811_121452_stage_B_2C_4168a6e9,INEQ-LOWER-D019-H19-PH03,inequality,19,19,hydro,3,ph_lower_bound,true,25,6621,MW,0,NaN,
20260811_121452_stage_B_2C_4168a6e9,INEQ-UPPER-D019-H19-PH03,inequality,19,19,hydro,3,ph_upper_bound,true,26,6622,MW,0,NaN,
20260811_121452_stage_B_2C_4168a6e9,INEQ-LOWER-D019-H19-PH04,inequality,19,19,hydro,4,ph_lower_bound,true,27,6623,MW,0,NaN,
20260811_121452_stage_B_2C_4168a6e9,INEQ-UPPER-D019-H19-PH04,inequality,19,19,hydro,4,ph_upper_bound,true,28,6624,MW,0,NaN,
20260811_121452_stage_B_2C_4168a6e9,INEQ-LOWER-D019-H19-PF01,inequality,19,19,thermal,1,pf_lower_bound,true,29,6625,MW,0,NaN,
20260811_121452_stage_B_2C_4168a6e9,INEQ-UPPER-D019-H19-PF01,inequality,19,19,thermal,1,pf_upper_bound,true,30,6626,MW,0,NaN,
20260811_121452_stage_B_2C_4168a6e9,INEQ-LOWER-D019-H19-PF02,inequality,19,19,thermal,2,pf_lower_bound,true,31,6627,MW,0,NaN,
20260811_121452_stage_B_2C_4168a6e9,INEQ-UPPER-D019-H19-PF02,inequality,19,19,thermal,2,pf_upper_bound,true,32,6628,MW,0,NaN,
20260811_121452_stage_B_2C_4168a6e9,INEQ-LOWER-D019-H19-PF03,inequality,19,19,thermal,3,pf_lower_bound,true,33,6629,MW,0,NaN,
20260811_121452_stage_B_2C_4168a6e9,INEQ-UPPER-D019-H19-PF03,inequality,19,19,thermal,3,pf_upper_bound,true,34,6630,MW,0,NaN,
20260811_121452_stage_B_2C_4168a6e9,INEQ-LOWER-D019-H19-PF04,inequality,19,19,thermal,4,pf_lower_bound,true,35,6631,MW,0,NaN,
20260811_121452_stage_B_2C_4168a6e9,INEQ-UPPER-D019-H19-PF04,inequality,19,19,thermal,4,pf_upper_bound,true,36,6632,MW,0,NaN,
20260811_121452_stage_B_2C_4168a6e9,INEQ-LOWER-D019-H19-Pch01,inequality,19,19,storage,1,pch_lower_bound,true,37,6633,MW,0,NaN,
20260811_121452_stage_B_2C_4168a6e9,INEQ-UPPER-D019-H19-Pch01,inequality,19,19,storage,1,pch_upper_bound,true,38,6634,MW,0,NaN,
20260811_121452_stage_B_2C_4168a6e9,INEQ-LOWER-D019-H19-Pch02,inequality,19,19,storage,2,pch_lower_bound,true,39,6635,MW,0,NaN,
20260811_121452_stage_B_2C_4168a6e9,INEQ-UPPER-D019-H19-Pch02,inequality,19,19,storage,2,pch_upper_bound,true,40,6636,MW,0,NaN,
20260811_121452_stage_B_2C_4168a6e9,INEQ-LOWER-D019-H19-Pdis01,inequality,19,19,storage,1,pdis_lower_bound,true,41,6637,MW,0,NaN,
20260811_121452_stage_B_2C_4168a6e9,INEQ-UPPER-D019-H19-Pdis01,inequality,19,19,storage,1,pdis_upper_bound,true,42,6638,MW,0,NaN,
20260811_121452_stage_B_2C_4168a6e9,INEQ-LOWER-D019-H19-Pdis02,inequality,19,19,storage,2,pdis_lower_bound,true,43,6639,MW,0,NaN,
20260811_121452_stage_B_2C_4168a6e9,INEQ-UPPER-D019-H19-Pdis02,inequality,19,19,storage,2,pdis_upper_bound,true,44,6640,MW,0,NaN,
20260811_121452_stage_B_2C_4168a6e9,INEQ-LOWER-D019-H19-SOC01,inequality,19,19,storage,1,soc_lower_bound,true,45,6641,MWh,0,NaN,
20260811_121452_stage_B_2C_4168a6e9,INEQ-UPPER-D019-H19-SOC01,inequality,19,19,storage,1,soc_upper_bound,true,46,6642,MWh,0,NaN,
20260811_121452_stage_B_2C_4168a6e9,INEQ-LOWER-D019-H19-SOC02,inequality,19,19,storage,2,soc_lower_bound,true,47,6643,MWh,0,NaN,
20260811_121452_stage_B_2C_4168a6e9,INEQ-UPPER-D019-H19-SOC02,inequality,19,19,storage,2,soc_upper_bound,true,48,6644,MWh,0,NaN,
20260811_121452_stage_B_2C_4168a6e9,INEQ-LOWER-D019-H20-PW01,inequality,19,20,wind,1,pw_lower_bound,true,1,6645,MW,0,NaN,
20260811_121452_stage_B_2C_4168a6e9,INEQ-UPPER-D019-H20-PW01,inequality,19,20,wind,1,pw_upper_bound,true,2,6646,MW,0,NaN,
20260811_121452_stage_B_2C_4168a6e9,INEQ-LOWER-D019-H20-PW02,inequality,19,20,wind,2,pw_lower_bound,true,3,6647,MW,0,NaN,
20260811_121452_stage_B_2C_4168a6e9,INEQ-UPPER-D019-H20-PW02,inequality,19,20,wind,2,pw_upper_bound,true,4,6648,MW,0,NaN,
20260811_121452_stage_B_2C_4168a6e9,INEQ-LOWER-D019-H20-PW03,inequality,19,20,wind,3,pw_lower_bound,true,5,6649,MW,0,NaN,
20260811_121452_stage_B_2C_4168a6e9,INEQ-UPPER-D019-H20-PW03,inequality,19,20,wind,3,pw_upper_bound,true,6,6650,MW,0,NaN,
20260811_121452_stage_B_2C_4168a6e9,INEQ-LOWER-D019-H20-PW04,inequality,19,20,wind,4,pw_lower_bound,true,7,6651,MW,0,NaN,
20260811_121452_stage_B_2C_4168a6e9,INEQ-UPPER-D019-H20-PW04,inequality,19,20,wind,4,pw_upper_bound,true,8,6652,MW,0,NaN,
20260811_121452_stage_B_2C_4168a6e9,INEQ-LOWER-D019-H20-PW05,inequality,19,20,wind,5,pw_lower_bound,true,9,6653,MW,0,NaN,
20260811_121452_stage_B_2C_4168a6e9,INEQ-UPPER-D019-H20-PW05,inequality,19,20,wind,5,pw_upper_bound,true,10,6654,MW,0,NaN,
20260811_121452_stage_B_2C_4168a6e9,INEQ-LOWER-D019-H20-PH01,inequality,19,20,hydro,1,ph_lower_bound,true,11,6655,MW,0,NaN,
20260811_121452_stage_B_2C_4168a6e9,INEQ-UPPER-D019-H20-PH01,inequality,19,20,hydro,1,ph_upper_bound,true,12,6656,MW,0,NaN,
20260811_121452_stage_B_2C_4168a6e9,INEQ-LOWER-D019-H20-PH02,inequality,19,20,hydro,2,ph_lower_bound,true,13,6657,MW,0,NaN,
20260811_121452_stage_B_2C_4168a6e9,INEQ-UPPER-D019-H20-PH02,inequality,19,20,hydro,2,ph_upper_bound,true,14,6658,MW,0,NaN,
20260811_121452_stage_B_2C_4168a6e9,INEQ-LOWER-D019-H20-PH03,inequality,19,20,hydro,3,ph_lower_bound,true,15,6659,MW,0,NaN,
20260811_121452_stage_B_2C_4168a6e9,INEQ-UPPER-D019-H20-PH03,inequality,19,20,hydro,3,ph_upper_bound,true,16,6660,MW,0,NaN,
20260811_121452_stage_B_2C_4168a6e9,INEQ-LOWER-D019-H20-PH04,inequality,19,20,hydro,4,ph_lower_bound,true,17,6661,MW,0,NaN,
20260811_121452_stage_B_2C_4168a6e9,INEQ-UPPER-D019-H20-PH04,inequality,19,20,hydro,4,ph_upper_bound,true,18,6662,MW,0,NaN,
20260811_121452_stage_B_2C_4168a6e9,INEQ-LOWER-D019-H20-PF01,inequality,19,20,thermal,1,pf_lower_bound,true,19,6663,MW,0,NaN,
20260811_121452_stage_B_2C_4168a6e9,INEQ-UPPER-D019-H20-PF01,inequality,19,20,thermal,1,pf_upper_bound,true,20,6664,MW,0,NaN,
20260811_121452_stage_B_2C_4168a6e9,INEQ-LOWER-D019-H20-PF02,inequality,19,20,thermal,2,pf_lower_bound,true,21,6665,MW,0,NaN,
20260811_121452_stage_B_2C_4168a6e9,INEQ-UPPER-D019-H20-PF02,inequality,19,20,thermal,2,pf_upper_bound,true,22,6666,MW,0,NaN,
20260811_121452_stage_B_2C_4168a6e9,INEQ-LOWER-D019-H20-PF03,inequality,19,20,thermal,3,pf_lower_bound,true,23,6667,MW,0,NaN,
20260811_121452_stage_B_2C_4168a6e9,INEQ-UPPER-D019-H20-PF03,inequality,19,20,thermal,3,pf_upper_bound,true,24,6668,MW,0,NaN,
20260811_121452_stage_B_2C_4168a6e9,INEQ-LOWER-D019-H20-PF04,inequality,19,20,thermal,4,pf_lower_bound,true,25,6669,MW,0,NaN,
20260811_121452_stage_B_2C_4168a6e9,INEQ-UPPER-D019-H20-PF04,inequality,19,20,thermal,4,pf_upper_bound,true,26,6670,MW,0,NaN,
20260811_121452_stage_B_2C_4168a6e9,INEQ-LOWER-D019-H20-Pch01,inequality,19,20,storage,1,pch_lower_bound,true,27,6671,MW,0,NaN,
20260811_121452_stage_B_2C_4168a6e9,INEQ-UPPER-D019-H20-Pch01,inequality,19,20,storage,1,pch_upper_bound,true,28,6672,MW,0,NaN,
20260811_121452_stage_B_2C_4168a6e9,INEQ-LOWER-D019-H20-Pch02,inequality,19,20,storage,2,pch_lower_bound,true,29,6673,MW,0,NaN,
20260811_121452_stage_B_2C_4168a6e9,INEQ-UPPER-D019-H20-Pch02,inequality,19,20,storage,2,pch_upper_bound,true,30,6674,MW,0,NaN,
20260811_121452_stage_B_2C_4168a6e9,INEQ-LOWER-D019-H20-Pdis01,inequality,19,20,storage,1,pdis_lower_bound,true,31,6675,MW,0,NaN,
20260811_121452_stage_B_2C_4168a6e9,INEQ-UPPER-D019-H20-Pdis01,inequality,19,20,storage,1,pdis_upper_bound,true,32,6676,MW,0,NaN,
20260811_121452_stage_B_2C_4168a6e9,INEQ-LOWER-D019-H20-Pdis02,inequality,19,20,storage,2,pdis_lower_bound,true,33,6677,MW,0,NaN,
20260811_121452_stage_B_2C_4168a6e9,INEQ-UPPER-D019-H20-Pdis02,inequality,19,20,storage,2,pdis_upper_bound,true,34,6678,MW,0,NaN,
20260811_121452_stage_B_2C_4168a6e9,INEQ-LOWER-D019-H20-SOC01,inequality,19,20,storage,1,soc_lower_bound,true,35,6679,MWh,0,NaN,
20260811_121452_stage_B_2C_4168a6e9,INEQ-UPPER-D019-H20-SOC01,inequality,19,20,storage,1,soc_upper_bound,true,36,6680,MWh,0,NaN,
20260811_121452_stage_B_2C_4168a6e9,INEQ-LOWER-D019-H20-SOC02,inequality,19,20,storage,2,soc_lower_bound,true,37,6681,MWh,0,NaN,
20260811_121452_stage_B_2C_4168a6e9,INEQ-UPPER-D019-H20-SOC02,inequality,19,20,storage,2,soc_upper_bound,true,38,6682,MWh,0,NaN,
20260811_121452_stage_B_2C_4168a6e9,INEQ-LOWER-D019-H21-PW01,inequality,19,21,wind,1,pw_lower_bound,true,1,6683,MW,0,NaN,
20260811_121452_stage_B_2C_4168a6e9,INEQ-UPPER-D019-H21-PW01,inequality,19,21,wind,1,pw_upper_bound,true,2,6684,MW,0,NaN,
20260811_121452_stage_B_2C_4168a6e9,INEQ-LOWER-D019-H21-PW02,inequality,19,21,wind,2,pw_lower_bound,true,3,6685,MW,0,NaN,
20260811_121452_stage_B_2C_4168a6e9,INEQ-UPPER-D019-H21-PW02,inequality,19,21,wind,2,pw_upper_bound,true,4,6686,MW,0,NaN,
20260811_121452_stage_B_2C_4168a6e9,INEQ-LOWER-D019-H21-PW03,inequality,19,21,wind,3,pw_lower_bound,true,5,6687,MW,0,NaN,
20260811_121452_stage_B_2C_4168a6e9,INEQ-UPPER-D019-H21-PW03,inequality,19,21,wind,3,pw_upper_bound,true,6,6688,MW,0,NaN,
20260811_121452_stage_B_2C_4168a6e9,INEQ-LOWER-D019-H21-PW04,inequality,19,21,wind,4,pw_lower_bound,true,7,6689,MW,0,NaN,
20260811_121452_stage_B_2C_4168a6e9,INEQ-UPPER-D019-H21-PW04,inequality,19,21,wind,4,pw_upper_bound,true,8,6690,MW,0,NaN,
20260811_121452_stage_B_2C_4168a6e9,INEQ-LOWER-D019-H21-PW05,inequality,19,21,wind,5,pw_lower_bound,true,9,6691,MW,0,NaN,
20260811_121452_stage_B_2C_4168a6e9,INEQ-UPPER-D019-H21-PW05,inequality,19,21,wind,5,pw_upper_bound,true,10,6692,MW,0,NaN,
20260811_121452_stage_B_2C_4168a6e9,INEQ-LOWER-D019-H21-PH01,inequality,19,21,hydro,1,ph_lower_bound,true,11,6693,MW,0,NaN,
20260811_121452_stage_B_2C_4168a6e9,INEQ-UPPER-D019-H21-PH01,inequality,19,21,hydro,1,ph_upper_bound,true,12,6694,MW,0,NaN,
20260811_121452_stage_B_2C_4168a6e9,INEQ-LOWER-D019-H21-PH02,inequality,19,21,hydro,2,ph_lower_bound,true,13,6695,MW,0,NaN,
20260811_121452_stage_B_2C_4168a6e9,INEQ-UPPER-D019-H21-PH02,inequality,19,21,hydro,2,ph_upper_bound,true,14,6696,MW,0,NaN,
20260811_121452_stage_B_2C_4168a6e9,INEQ-LOWER-D019-H21-PH03,inequality,19,21,hydro,3,ph_lower_bound,true,15,6697,MW,0,NaN,
20260811_121452_stage_B_2C_4168a6e9,INEQ-UPPER-D019-H21-PH03,inequality,19,21,hydro,3,ph_upper_bound,true,16,6698,MW,0,NaN,
20260811_121452_stage_B_2C_4168a6e9,INEQ-LOWER-D019-H21-PH04,inequality,19,21,hydro,4,ph_lower_bound,true,17,6699,MW,0,NaN,
20260811_121452_stage_B_2C_4168a6e9,INEQ-UPPER-D019-H21-PH04,inequality,19,21,hydro,4,ph_upper_bound,true,18,6700,MW,0,NaN,
20260811_121452_stage_B_2C_4168a6e9,INEQ-LOWER-D019-H21-PF01,inequality,19,21,thermal,1,pf_lower_bound,true,19,6701,MW,0,NaN,
20260811_121452_stage_B_2C_4168a6e9,INEQ-UPPER-D019-H21-PF01,inequality,19,21,thermal,1,pf_upper_bound,true,20,6702,MW,0,NaN,
20260811_121452_stage_B_2C_4168a6e9,INEQ-LOWER-D019-H21-PF02,inequality,19,21,thermal,2,pf_lower_bound,true,21,6703,MW,0,NaN,
20260811_121452_stage_B_2C_4168a6e9,INEQ-UPPER-D019-H21-PF02,inequality,19,21,thermal,2,pf_upper_bound,true,22,6704,MW,0,NaN,
20260811_121452_stage_B_2C_4168a6e9,INEQ-LOWER-D019-H21-PF03,inequality,19,21,thermal,3,pf_lower_bound,true,23,6705,MW,0,NaN,
20260811_121452_stage_B_2C_4168a6e9,INEQ-UPPER-D019-H21-PF03,inequality,19,21,thermal,3,pf_upper_bound,true,24,6706,MW,0,NaN,
20260811_121452_stage_B_2C_4168a6e9,INEQ-LOWER-D019-H21-PF04,inequality,19,21,thermal,4,pf_lower_bound,true,25,6707,MW,0,NaN,
20260811_121452_stage_B_2C_4168a6e9,INEQ-UPPER-D019-H21-PF04,inequality,19,21,thermal,4,pf_upper_bound,true,26,6708,MW,0,NaN,
20260811_121452_stage_B_2C_4168a6e9,INEQ-LOWER-D019-H21-Pch01,inequality,19,21,storage,1,pch_lower_bound,true,27,6709,MW,0,NaN,
20260811_121452_stage_B_2C_4168a6e9,INEQ-UPPER-D019-H21-Pch01,inequality,19,21,storage,1,pch_upper_bound,true,28,6710,MW,0,NaN,
20260811_121452_stage_B_2C_4168a6e9,INEQ-LOWER-D019-H21-Pch02,inequality,19,21,storage,2,pch_lower_bound,true,29,6711,MW,0,NaN,
20260811_121452_stage_B_2C_4168a6e9,INEQ-UPPER-D019-H21-Pch02,inequality,19,21,storage,2,pch_upper_bound,true,30,6712,MW,0,NaN,
20260811_121452_stage_B_2C_4168a6e9,INEQ-LOWER-D019-H21-Pdis01,inequality,19,21,storage,1,pdis_lower_bound,true,31,6713,MW,0,NaN,
20260811_121452_stage_B_2C_4168a6e9,INEQ-UPPER-D019-H21-Pdis01,inequality,19,21,storage,1,pdis_upper_bound,true,32,6714,MW,0,NaN,
20260811_121452_stage_B_2C_4168a6e9,INEQ-LOWER-D019-H21-Pdis02,inequality,19,21,storage,2,pdis_lower_bound,true,33,6715,MW,0,NaN,
20260811_121452_stage_B_2C_4168a6e9,INEQ-UPPER-D019-H21-Pdis02,inequality,19,21,storage,2,pdis_upper_bound,true,34,6716,MW,0,NaN,
20260811_121452_stage_B_2C_4168a6e9,INEQ-LOWER-D019-H21-SOC01,inequality,19,21,storage,1,soc_lower_bound,true,35,6717,MWh,0,NaN,
20260811_121452_stage_B_2C_4168a6e9,INEQ-UPPER-D019-H21-SOC01,inequality,19,21,storage,1,soc_upper_bound,true,36,6718,MWh,0,NaN,
20260811_121452_stage_B_2C_4168a6e9,INEQ-LOWER-D019-H21-SOC02,inequality,19,21,storage,2,soc_lower_bound,true,37,6719,MWh,0,NaN,
20260811_121452_stage_B_2C_4168a6e9,INEQ-UPPER-D019-H21-SOC02,inequality,19,21,storage,2,soc_upper_bound,true,38,6720,MWh,0,NaN,
20260811_121452_stage_B_2C_4168a6e9,INEQ-LOWER-D019-H22-PW01,inequality,19,22,wind,1,pw_lower_bound,true,1,6721,MW,0,NaN,
20260811_121452_stage_B_2C_4168a6e9,INEQ-UPPER-D019-H22-PW01,inequality,19,22,wind,1,pw_upper_bound,true,2,6722,MW,0,NaN,
20260811_121452_stage_B_2C_4168a6e9,INEQ-LOWER-D019-H22-PW02,inequality,19,22,wind,2,pw_lower_bound,true,3,6723,MW,0,NaN,
20260811_121452_stage_B_2C_4168a6e9,INEQ-UPPER-D019-H22-PW02,inequality,19,22,wind,2,pw_upper_bound,true,4,6724,MW,0,NaN,
20260811_121452_stage_B_2C_4168a6e9,INEQ-LOWER-D019-H22-PW03,inequality,19,22,wind,3,pw_lower_bound,true,5,6725,MW,0,NaN,
20260811_121452_stage_B_2C_4168a6e9,INEQ-UPPER-D019-H22-PW03,inequality,19,22,wind,3,pw_upper_bound,true,6,6726,MW,0,NaN,
20260811_121452_stage_B_2C_4168a6e9,INEQ-LOWER-D019-H22-PW04,inequality,19,22,wind,4,pw_lower_bound,true,7,6727,MW,0,NaN,
20260811_121452_stage_B_2C_4168a6e9,INEQ-UPPER-D019-H22-PW04,inequality,19,22,wind,4,pw_upper_bound,true,8,6728,MW,0,NaN,
20260811_121452_stage_B_2C_4168a6e9,INEQ-LOWER-D019-H22-PW05,inequality,19,22,wind,5,pw_lower_bound,true,9,6729,MW,0,NaN,
20260811_121452_stage_B_2C_4168a6e9,INEQ-UPPER-D019-H22-PW05,inequality,19,22,wind,5,pw_upper_bound,true,10,6730,MW,0,NaN,
20260811_121452_stage_B_2C_4168a6e9,INEQ-LOWER-D019-H22-PH01,inequality,19,22,hydro,1,ph_lower_bound,true,11,6731,MW,0,NaN,
20260811_121452_stage_B_2C_4168a6e9,INEQ-UPPER-D019-H22-PH01,inequality,19,22,hydro,1,ph_upper_bound,true,12,6732,MW,0,NaN,
20260811_121452_stage_B_2C_4168a6e9,INEQ-LOWER-D019-H22-PH02,inequality,19,22,hydro,2,ph_lower_bound,true,13,6733,MW,0,NaN,
20260811_121452_stage_B_2C_4168a6e9,INEQ-UPPER-D019-H22-PH02,inequality,19,22,hydro,2,ph_upper_bound,true,14,6734,MW,0,NaN,
20260811_121452_stage_B_2C_4168a6e9,INEQ-LOWER-D019-H22-PH03,inequality,19,22,hydro,3,ph_lower_bound,true,15,6735,MW,0,NaN,
20260811_121452_stage_B_2C_4168a6e9,INEQ-UPPER-D019-H22-PH03,inequality,19,22,hydro,3,ph_upper_bound,true,16,6736,MW,0,NaN,
20260811_121452_stage_B_2C_4168a6e9,INEQ-LOWER-D019-H22-PH04,inequality,19,22,hydro,4,ph_lower_bound,true,17,6737,MW,0,NaN,
20260811_121452_stage_B_2C_4168a6e9,INEQ-UPPER-D019-H22-PH04,inequality,19,22,hydro,4,ph_upper_bound,true,18,6738,MW,0,NaN,
20260811_121452_stage_B_2C_4168a6e9,INEQ-LOWER-D019-H22-PF01,inequality,19,22,thermal,1,pf_lower_bound,true,19,6739,MW,0,NaN,
20260811_121452_stage_B_2C_4168a6e9,INEQ-UPPER-D019-H22-PF01,inequality,19,22,thermal,1,pf_upper_bound,true,20,6740,MW,0,NaN,
20260811_121452_stage_B_2C_4168a6e9,INEQ-LOWER-D019-H22-PF02,inequality,19,22,thermal,2,pf_lower_bound,true,21,6741,MW,0,NaN,
20260811_121452_stage_B_2C_4168a6e9,INEQ-UPPER-D019-H22-PF02,inequality,19,22,thermal,2,pf_upper_bound,true,22,6742,MW,0,NaN,
20260811_121452_stage_B_2C_4168a6e9,INEQ-LOWER-D019-H22-PF03,inequality,19,22,thermal,3,pf_lower_bound,true,23,6743,MW,0,NaN,
20260811_121452_stage_B_2C_4168a6e9,INEQ-UPPER-D019-H22-PF03,inequality,19,22,thermal,3,pf_upper_bound,true,24,6744,MW,0,NaN,
20260811_121452_stage_B_2C_4168a6e9,INEQ-LOWER-D019-H22-PF04,inequality,19,22,thermal,4,pf_lower_bound,true,25,6745,MW,0,NaN,
20260811_121452_stage_B_2C_4168a6e9,INEQ-UPPER-D019-H22-PF04,inequality,19,22,thermal,4,pf_upper_bound,true,26,6746,MW,0,NaN,
20260811_121452_stage_B_2C_4168a6e9,INEQ-LOWER-D019-H22-Pch01,inequality,19,22,storage,1,pch_lower_bound,true,27,6747,MW,0,NaN,
20260811_121452_stage_B_2C_4168a6e9,INEQ-UPPER-D019-H22-Pch01,inequality,19,22,storage,1,pch_upper_bound,true,28,6748,MW,0,NaN,
20260811_121452_stage_B_2C_4168a6e9,INEQ-LOWER-D019-H22-Pch02,inequality,19,22,storage,2,pch_lower_bound,true,29,6749,MW,0,NaN,
20260811_121452_stage_B_2C_4168a6e9,INEQ-UPPER-D019-H22-Pch02,inequality,19,22,storage,2,pch_upper_bound,true,30,6750,MW,0,NaN,
20260811_121452_stage_B_2C_4168a6e9,INEQ-LOWER-D019-H22-Pdis01,inequality,19,22,storage,1,pdis_lower_bound,true,31,6751,MW,0,NaN,
20260811_121452_stage_B_2C_4168a6e9,INEQ-UPPER-D019-H22-Pdis01,inequality,19,22,storage,1,pdis_upper_bound,true,32,6752,MW,0,NaN,
20260811_121452_stage_B_2C_4168a6e9,INEQ-LOWER-D019-H22-Pdis02,inequality,19,22,storage,2,pdis_lower_bound,true,33,6753,MW,0,NaN,
20260811_121452_stage_B_2C_4168a6e9,INEQ-UPPER-D019-H22-Pdis02,inequality,19,22,storage,2,pdis_upper_bound,true,34,6754,MW,0,NaN,
20260811_121452_stage_B_2C_4168a6e9,INEQ-LOWER-D019-H22-SOC01,inequality,19,22,storage,1,soc_lower_bound,true,35,6755,MWh,0,NaN,
20260811_121452_stage_B_2C_4168a6e9,INEQ-UPPER-D019-H22-SOC01,inequality,19,22,storage,1,soc_upper_bound,true,36,6756,MWh,0,NaN,
20260811_121452_stage_B_2C_4168a6e9,INEQ-LOWER-D019-H22-SOC02,inequality,19,22,storage,2,soc_lower_bound,true,37,6757,MWh,0,NaN,
20260811_121452_stage_B_2C_4168a6e9,INEQ-UPPER-D019-H22-SOC02,inequality,19,22,storage,2,soc_upper_bound,true,38,6758,MWh,0,NaN,
20260811_121452_stage_B_2C_4168a6e9,INEQ-LOWER-D019-H23-PW01,inequality,19,23,wind,1,pw_lower_bound,true,1,6759,MW,0,NaN,
20260811_121452_stage_B_2C_4168a6e9,INEQ-UPPER-D019-H23-PW01,inequality,19,23,wind,1,pw_upper_bound,true,2,6760,MW,0,NaN,
20260811_121452_stage_B_2C_4168a6e9,INEQ-LOWER-D019-H23-PW02,inequality,19,23,wind,2,pw_lower_bound,true,3,6761,MW,0,NaN,
20260811_121452_stage_B_2C_4168a6e9,INEQ-UPPER-D019-H23-PW02,inequality,19,23,wind,2,pw_upper_bound,true,4,6762,MW,0,NaN,
20260811_121452_stage_B_2C_4168a6e9,INEQ-LOWER-D019-H23-PW03,inequality,19,23,wind,3,pw_lower_bound,true,5,6763,MW,0,NaN,
20260811_121452_stage_B_2C_4168a6e9,INEQ-UPPER-D019-H23-PW03,inequality,19,23,wind,3,pw_upper_bound,true,6,6764,MW,0,NaN,
20260811_121452_stage_B_2C_4168a6e9,INEQ-LOWER-D019-H23-PW04,inequality,19,23,wind,4,pw_lower_bound,true,7,6765,MW,0,NaN,
20260811_121452_stage_B_2C_4168a6e9,INEQ-UPPER-D019-H23-PW04,inequality,19,23,wind,4,pw_upper_bound,true,8,6766,MW,0,NaN,
20260811_121452_stage_B_2C_4168a6e9,INEQ-LOWER-D019-H23-PW05,inequality,19,23,wind,5,pw_lower_bound,true,9,6767,MW,0,NaN,
20260811_121452_stage_B_2C_4168a6e9,INEQ-UPPER-D019-H23-PW05,inequality,19,23,wind,5,pw_upper_bound,true,10,6768,MW,0,NaN,
20260811_121452_stage_B_2C_4168a6e9,INEQ-LOWER-D019-H23-PH01,inequality,19,23,hydro,1,ph_lower_bound,true,11,6769,MW,0,NaN,
20260811_121452_stage_B_2C_4168a6e9,INEQ-UPPER-D019-H23-PH01,inequality,19,23,hydro,1,ph_upper_bound,true,12,6770,MW,0,NaN,
20260811_121452_stage_B_2C_4168a6e9,INEQ-LOWER-D019-H23-PH02,inequality,19,23,hydro,2,ph_lower_bound,true,13,6771,MW,0,NaN,
20260811_121452_stage_B_2C_4168a6e9,INEQ-UPPER-D019-H23-PH02,inequality,19,23,hydro,2,ph_upper_bound,true,14,6772,MW,0,NaN,
20260811_121452_stage_B_2C_4168a6e9,INEQ-LOWER-D019-H23-PH03,inequality,19,23,hydro,3,ph_lower_bound,true,15,6773,MW,0,NaN,
20260811_121452_stage_B_2C_4168a6e9,INEQ-UPPER-D019-H23-PH03,inequality,19,23,hydro,3,ph_upper_bound,true,16,6774,MW,0,NaN,
20260811_121452_stage_B_2C_4168a6e9,INEQ-LOWER-D019-H23-PH04,inequality,19,23,hydro,4,ph_lower_bound,true,17,6775,MW,0,NaN,
20260811_121452_stage_B_2C_4168a6e9,INEQ-UPPER-D019-H23-PH04,inequality,19,23,hydro,4,ph_upper_bound,true,18,6776,MW,0,NaN,
20260811_121452_stage_B_2C_4168a6e9,INEQ-LOWER-D019-H23-PF01,inequality,19,23,thermal,1,pf_lower_bound,true,19,6777,MW,0,NaN,
20260811_121452_stage_B_2C_4168a6e9,INEQ-UPPER-D019-H23-PF01,inequality,19,23,thermal,1,pf_upper_bound,true,20,6778,MW,0,NaN,
20260811_121452_stage_B_2C_4168a6e9,INEQ-LOWER-D019-H23-PF02,inequality,19,23,thermal,2,pf_lower_bound,true,21,6779,MW,0,NaN,
20260811_121452_stage_B_2C_4168a6e9,INEQ-UPPER-D019-H23-PF02,inequality,19,23,thermal,2,pf_upper_bound,true,22,6780,MW,0,NaN,
20260811_121452_stage_B_2C_4168a6e9,INEQ-LOWER-D019-H23-PF03,inequality,19,23,thermal,3,pf_lower_bound,true,23,6781,MW,0,NaN,
20260811_121452_stage_B_2C_4168a6e9,INEQ-UPPER-D019-H23-PF03,inequality,19,23,thermal,3,pf_upper_bound,true,24,6782,MW,0,NaN,
20260811_121452_stage_B_2C_4168a6e9,INEQ-LOWER-D019-H23-PF04,inequality,19,23,thermal,4,pf_lower_bound,true,25,6783,MW,0,NaN,
20260811_121452_stage_B_2C_4168a6e9,INEQ-UPPER-D019-H23-PF04,inequality,19,23,thermal,4,pf_upper_bound,true,26,6784,MW,0,NaN,
20260811_121452_stage_B_2C_4168a6e9,INEQ-LOWER-D019-H23-Pch01,inequality,19,23,storage,1,pch_lower_bound,true,27,6785,MW,0,NaN,
20260811_121452_stage_B_2C_4168a6e9,INEQ-UPPER-D019-H23-Pch01,inequality,19,23,storage,1,pch_upper_bound,true,28,6786,MW,0,NaN,
20260811_121452_stage_B_2C_4168a6e9,INEQ-LOWER-D019-H23-Pch02,inequality,19,23,storage,2,pch_lower_bound,true,29,6787,MW,0,NaN,
20260811_121452_stage_B_2C_4168a6e9,INEQ-UPPER-D019-H23-Pch02,inequality,19,23,storage,2,pch_upper_bound,true,30,6788,MW,0,NaN,
20260811_121452_stage_B_2C_4168a6e9,INEQ-LOWER-D019-H23-Pdis01,inequality,19,23,storage,1,pdis_lower_bound,true,31,6789,MW,0,NaN,
20260811_121452_stage_B_2C_4168a6e9,INEQ-UPPER-D019-H23-Pdis01,inequality,19,23,storage,1,pdis_upper_bound,true,32,6790,MW,0,NaN,
20260811_121452_stage_B_2C_4168a6e9,INEQ-LOWER-D019-H23-Pdis02,inequality,19,23,storage,2,pdis_lower_bound,true,33,6791,MW,0,NaN,
20260811_121452_stage_B_2C_4168a6e9,INEQ-UPPER-D019-H23-Pdis02,inequality,19,23,storage,2,pdis_upper_bound,true,34,6792,MW,0,NaN,
20260811_121452_stage_B_2C_4168a6e9,INEQ-LOWER-D019-H23-SOC01,inequality,19,23,storage,1,soc_lower_bound,true,35,6793,MWh,0,NaN,
20260811_121452_stage_B_2C_4168a6e9,INEQ-UPPER-D019-H23-SOC01,inequality,19,23,storage,1,soc_upper_bound,true,36,6794,MWh,0,NaN,
20260811_121452_stage_B_2C_4168a6e9,INEQ-LOWER-D019-H23-SOC02,inequality,19,23,storage,2,soc_lower_bound,true,37,6795,MWh,0,NaN,
20260811_121452_stage_B_2C_4168a6e9,INEQ-UPPER-D019-H23-SOC02,inequality,19,23,storage,2,soc_upper_bound,true,38,6796,MWh,0,NaN,
20260811_121452_stage_B_2C_4168a6e9,INEQ-LOWER-D019-H24-PW01,inequality,19,24,wind,1,pw_lower_bound,true,1,6797,MW,0,NaN,
20260811_121452_stage_B_2C_4168a6e9,INEQ-UPPER-D019-H24-PW01,inequality,19,24,wind,1,pw_upper_bound,true,2,6798,MW,0,NaN,
20260811_121452_stage_B_2C_4168a6e9,INEQ-LOWER-D019-H24-PW02,inequality,19,24,wind,2,pw_lower_bound,true,3,6799,MW,0,NaN,
20260811_121452_stage_B_2C_4168a6e9,INEQ-UPPER-D019-H24-PW02,inequality,19,24,wind,2,pw_upper_bound,true,4,6800,MW,0,NaN,
20260811_121452_stage_B_2C_4168a6e9,INEQ-LOWER-D019-H24-PW03,inequality,19,24,wind,3,pw_lower_bound,true,5,6801,MW,0,NaN,
20260811_121452_stage_B_2C_4168a6e9,INEQ-UPPER-D019-H24-PW03,inequality,19,24,wind,3,pw_upper_bound,true,6,6802,MW,0,NaN,
20260811_121452_stage_B_2C_4168a6e9,INEQ-LOWER-D019-H24-PW04,inequality,19,24,wind,4,pw_lower_bound,true,7,6803,MW,0,NaN,
20260811_121452_stage_B_2C_4168a6e9,INEQ-UPPER-D019-H24-PW04,inequality,19,24,wind,4,pw_upper_bound,true,8,6804,MW,0,NaN,
20260811_121452_stage_B_2C_4168a6e9,INEQ-LOWER-D019-H24-PW05,inequality,19,24,wind,5,pw_lower_bound,true,9,6805,MW,0,NaN,
20260811_121452_stage_B_2C_4168a6e9,INEQ-UPPER-D019-H24-PW05,inequality,19,24,wind,5,pw_upper_bound,true,10,6806,MW,0,NaN,
20260811_121452_stage_B_2C_4168a6e9,INEQ-LOWER-D019-H24-PH01,inequality,19,24,hydro,1,ph_lower_bound,true,11,6807,MW,0,NaN,
20260811_121452_stage_B_2C_4168a6e9,INEQ-UPPER-D019-H24-PH01,inequality,19,24,hydro,1,ph_upper_bound,true,12,6808,MW,0,NaN,
20260811_121452_stage_B_2C_4168a6e9,INEQ-LOWER-D019-H24-PH02,inequality,19,24,hydro,2,ph_lower_bound,true,13,6809,MW,0,NaN,
20260811_121452_stage_B_2C_4168a6e9,INEQ-UPPER-D019-H24-PH02,inequality,19,24,hydro,2,ph_upper_bound,true,14,6810,MW,0,NaN,
20260811_121452_stage_B_2C_4168a6e9,INEQ-LOWER-D019-H24-PH03,inequality,19,24,hydro,3,ph_lower_bound,true,15,6811,MW,0,NaN,
20260811_121452_stage_B_2C_4168a6e9,INEQ-UPPER-D019-H24-PH03,inequality,19,24,hydro,3,ph_upper_bound,true,16,6812,MW,0,NaN,
20260811_121452_stage_B_2C_4168a6e9,INEQ-LOWER-D019-H24-PH04,inequality,19,24,hydro,4,ph_lower_bound,true,17,6813,MW,0,NaN,
20260811_121452_stage_B_2C_4168a6e9,INEQ-UPPER-D019-H24-PH04,inequality,19,24,hydro,4,ph_upper_bound,true,18,6814,MW,0,NaN,
20260811_121452_stage_B_2C_4168a6e9,INEQ-LOWER-D019-H24-PF01,inequality,19,24,thermal,1,pf_lower_bound,true,19,6815,MW,0,NaN,
20260811_121452_stage_B_2C_4168a6e9,INEQ-UPPER-D019-H24-PF01,inequality,19,24,thermal,1,pf_upper_bound,true,20,6816,MW,0,NaN,
20260811_121452_stage_B_2C_4168a6e9,INEQ-LOWER-D019-H24-PF02,inequality,19,24,thermal,2,pf_lower_bound,true,21,6817,MW,0,NaN,
20260811_121452_stage_B_2C_4168a6e9,INEQ-UPPER-D019-H24-PF02,inequality,19,24,thermal,2,pf_upper_bound,true,22,6818,MW,0,NaN,
20260811_121452_stage_B_2C_4168a6e9,INEQ-LOWER-D019-H24-PF03,inequality,19,24,thermal,3,pf_lower_bound,true,23,6819,MW,0,NaN,
20260811_121452_stage_B_2C_4168a6e9,INEQ-UPPER-D019-H24-PF03,inequality,19,24,thermal,3,pf_upper_bound,true,24,6820,MW,0,NaN,
20260811_121452_stage_B_2C_4168a6e9,INEQ-LOWER-D019-H24-PF04,inequality,19,24,thermal,4,pf_lower_bound,true,25,6821,MW,0,NaN,
20260811_121452_stage_B_2C_4168a6e9,INEQ-UPPER-D019-H24-PF04,inequality,19,24,thermal,4,pf_upper_bound,true,26,6822,MW,0,NaN,
20260811_121452_stage_B_2C_4168a6e9,INEQ-LOWER-D019-H24-Pch01,inequality,19,24,storage,1,pch_lower_bound,true,27,6823,MW,0,NaN,
20260811_121452_stage_B_2C_4168a6e9,INEQ-UPPER-D019-H24-Pch01,inequality,19,24,storage,1,pch_upper_bound,true,28,6824,MW,0,NaN,
20260811_121452_stage_B_2C_4168a6e9,INEQ-LOWER-D019-H24-Pch02,inequality,19,24,storage,2,pch_lower_bound,true,29,6825,MW,0,NaN,
20260811_121452_stage_B_2C_4168a6e9,INEQ-UPPER-D019-H24-Pch02,inequality,19,24,storage,2,pch_upper_bound,true,30,6826,MW,0,NaN,
20260811_121452_stage_B_2C_4168a6e9,INEQ-LOWER-D019-H24-Pdis01,inequality,19,24,storage,1,pdis_lower_bound,true,31,6827,MW,0,NaN,
20260811_121452_stage_B_2C_4168a6e9,INEQ-UPPER-D019-H24-Pdis01,inequality,19,24,storage,1,pdis_upper_bound,true,32,6828,MW,0,NaN,
20260811_121452_stage_B_2C_4168a6e9,INEQ-LOWER-D019-H24-Pdis02,inequality,19,24,storage,2,pdis_lower_bound,true,33,6829,MW,0,NaN,
20260811_121452_stage_B_2C_4168a6e9,INEQ-UPPER-D019-H24-Pdis02,inequality,19,24,storage,2,pdis_upper_bound,true,34,6830,MW,0,NaN,
20260811_121452_stage_B_2C_4168a6e9,INEQ-LOWER-D019-H24-SOC01,inequality,19,24,storage,1,soc_lower_bound,true,35,6831,MWh,0,NaN,
20260811_121452_stage_B_2C_4168a6e9,INEQ-UPPER-D019-H24-SOC01,inequality,19,24,storage,1,soc_upper_bound,true,36,6832,MWh,0,NaN,
20260811_121452_stage_B_2C_4168a6e9,INEQ-LOWER-D019-H24-SOC02,inequality,19,24,storage,2,soc_lower_bound,true,37,6833,MWh,0,NaN,
20260811_121452_stage_B_2C_4168a6e9,INEQ-UPPER-D019-H24-SOC02,inequality,19,24,storage,2,soc_upper_bound,true,38,6834,MWh,0,NaN,
20260811_121452_stage_B_2C_4168a6e9,INEQ-LOWER-D020-H01-PW01,inequality,20,1,wind,1,pw_lower_bound,true,1,6835,MW,0,NaN,
20260811_121452_stage_B_2C_4168a6e9,INEQ-UPPER-D020-H01-PW01,inequality,20,1,wind,1,pw_upper_bound,true,2,6836,MW,0,NaN,
20260811_121452_stage_B_2C_4168a6e9,INEQ-LOWER-D020-H01-PW02,inequality,20,1,wind,2,pw_lower_bound,true,3,6837,MW,0,NaN,
20260811_121452_stage_B_2C_4168a6e9,INEQ-UPPER-D020-H01-PW02,inequality,20,1,wind,2,pw_upper_bound,true,4,6838,MW,0,NaN,
20260811_121452_stage_B_2C_4168a6e9,INEQ-LOWER-D020-H01-PW03,inequality,20,1,wind,3,pw_lower_bound,true,5,6839,MW,0,NaN,
20260811_121452_stage_B_2C_4168a6e9,INEQ-UPPER-D020-H01-PW03,inequality,20,1,wind,3,pw_upper_bound,true,6,6840,MW,0,NaN,
20260811_121452_stage_B_2C_4168a6e9,INEQ-LOWER-D020-H01-PW04,inequality,20,1,wind,4,pw_lower_bound,true,7,6841,MW,0,NaN,
20260811_121452_stage_B_2C_4168a6e9,INEQ-UPPER-D020-H01-PW04,inequality,20,1,wind,4,pw_upper_bound,true,8,6842,MW,0,NaN,
20260811_121452_stage_B_2C_4168a6e9,INEQ-LOWER-D020-H01-PW05,inequality,20,1,wind,5,pw_lower_bound,true,9,6843,MW,0,NaN,
20260811_121452_stage_B_2C_4168a6e9,INEQ-UPPER-D020-H01-PW05,inequality,20,1,wind,5,pw_upper_bound,true,10,6844,MW,0,NaN,
20260811_121452_stage_B_2C_4168a6e9,INEQ-LOWER-D020-H01-PH01,inequality,20,1,hydro,1,ph_lower_bound,true,11,6845,MW,0,NaN,
20260811_121452_stage_B_2C_4168a6e9,INEQ-UPPER-D020-H01-PH01,inequality,20,1,hydro,1,ph_upper_bound,true,12,6846,MW,0,NaN,
20260811_121452_stage_B_2C_4168a6e9,INEQ-LOWER-D020-H01-PH02,inequality,20,1,hydro,2,ph_lower_bound,true,13,6847,MW,0,NaN,
20260811_121452_stage_B_2C_4168a6e9,INEQ-UPPER-D020-H01-PH02,inequality,20,1,hydro,2,ph_upper_bound,true,14,6848,MW,0,NaN,
20260811_121452_stage_B_2C_4168a6e9,INEQ-LOWER-D020-H01-PH03,inequality,20,1,hydro,3,ph_lower_bound,true,15,6849,MW,0,NaN,
20260811_121452_stage_B_2C_4168a6e9,INEQ-UPPER-D020-H01-PH03,inequality,20,1,hydro,3,ph_upper_bound,true,16,6850,MW,0,NaN,
20260811_121452_stage_B_2C_4168a6e9,INEQ-LOWER-D020-H01-PH04,inequality,20,1,hydro,4,ph_lower_bound,true,17,6851,MW,0,NaN,
20260811_121452_stage_B_2C_4168a6e9,INEQ-UPPER-D020-H01-PH04,inequality,20,1,hydro,4,ph_upper_bound,true,18,6852,MW,0,NaN,
20260811_121452_stage_B_2C_4168a6e9,INEQ-LOWER-D020-H01-PF01,inequality,20,1,thermal,1,pf_lower_bound,true,19,6853,MW,0,NaN,
20260811_121452_stage_B_2C_4168a6e9,INEQ-UPPER-D020-H01-PF01,inequality,20,1,thermal,1,pf_upper_bound,true,20,6854,MW,0,NaN,
20260811_121452_stage_B_2C_4168a6e9,INEQ-LOWER-D020-H01-PF02,inequality,20,1,thermal,2,pf_lower_bound,true,21,6855,MW,0,NaN,
20260811_121452_stage_B_2C_4168a6e9,INEQ-UPPER-D020-H01-PF02,inequality,20,1,thermal,2,pf_upper_bound,true,22,6856,MW,0,NaN,
20260811_121452_stage_B_2C_4168a6e9,INEQ-LOWER-D020-H01-PF03,inequality,20,1,thermal,3,pf_lower_bound,true,23,6857,MW,0,NaN,
20260811_121452_stage_B_2C_4168a6e9,INEQ-UPPER-D020-H01-PF03,inequality,20,1,thermal,3,pf_upper_bound,true,24,6858,MW,0,NaN,
20260811_121452_stage_B_2C_4168a6e9,INEQ-LOWER-D020-H01-PF04,inequality,20,1,thermal,4,pf_lower_bound,true,25,6859,MW,0,NaN,
20260811_121452_stage_B_2C_4168a6e9,INEQ-UPPER-D020-H01-PF04,inequality,20,1,thermal,4,pf_upper_bound,true,26,6860,MW,0,NaN,
20260811_121452_stage_B_2C_4168a6e9,INEQ-LOWER-D020-H01-Pch01,inequality,20,1,storage,1,pch_lower_bound,true,27,6861,MW,0,NaN,
20260811_121452_stage_B_2C_4168a6e9,INEQ-UPPER-D020-H01-Pch01,inequality,20,1,storage,1,pch_upper_bound,true,28,6862,MW,0,NaN,
20260811_121452_stage_B_2C_4168a6e9,INEQ-LOWER-D020-H01-Pch02,inequality,20,1,storage,2,pch_lower_bound,true,29,6863,MW,0,NaN,
20260811_121452_stage_B_2C_4168a6e9,INEQ-UPPER-D020-H01-Pch02,inequality,20,1,storage,2,pch_upper_bound,true,30,6864,MW,0,NaN,
20260811_121452_stage_B_2C_4168a6e9,INEQ-LOWER-D020-H01-Pdis01,inequality,20,1,storage,1,pdis_lower_bound,true,31,6865,MW,0,NaN,
20260811_121452_stage_B_2C_4168a6e9,INEQ-UPPER-D020-H01-Pdis01,inequality,20,1,storage,1,pdis_upper_bound,true,32,6866,MW,0,NaN,
20260811_121452_stage_B_2C_4168a6e9,INEQ-LOWER-D020-H01-Pdis02,inequality,20,1,storage,2,pdis_lower_bound,true,33,6867,MW,0,NaN,
20260811_121452_stage_B_2C_4168a6e9,INEQ-UPPER-D020-H01-Pdis02,inequality,20,1,storage,2,pdis_upper_bound,true,34,6868,MW,0,NaN,
20260811_121452_stage_B_2C_4168a6e9,INEQ-LOWER-D020-H01-SOC01,inequality,20,1,storage,1,soc_lower_bound,true,35,6869,MWh,0,NaN,
20260811_121452_stage_B_2C_4168a6e9,INEQ-UPPER-D020-H01-SOC01,inequality,20,1,storage,1,soc_upper_bound,true,36,6870,MWh,0,NaN,
20260811_121452_stage_B_2C_4168a6e9,INEQ-LOWER-D020-H01-SOC02,inequality,20,1,storage,2,soc_lower_bound,true,37,6871,MWh,0,NaN,
20260811_121452_stage_B_2C_4168a6e9,INEQ-UPPER-D020-H01-SOC02,inequality,20,1,storage,2,soc_upper_bound,true,38,6872,MWh,0,NaN,
20260811_121452_stage_B_2C_4168a6e9,INEQ-LOWER-D020-H02-PW01,inequality,20,2,wind,1,pw_lower_bound,true,1,6873,MW,0,NaN,
20260811_121452_stage_B_2C_4168a6e9,INEQ-UPPER-D020-H02-PW01,inequality,20,2,wind,1,pw_upper_bound,true,2,6874,MW,0,NaN,
20260811_121452_stage_B_2C_4168a6e9,INEQ-LOWER-D020-H02-PW02,inequality,20,2,wind,2,pw_lower_bound,true,3,6875,MW,0,NaN,
20260811_121452_stage_B_2C_4168a6e9,INEQ-UPPER-D020-H02-PW02,inequality,20,2,wind,2,pw_upper_bound,true,4,6876,MW,0,NaN,
20260811_121452_stage_B_2C_4168a6e9,INEQ-LOWER-D020-H02-PW03,inequality,20,2,wind,3,pw_lower_bound,true,5,6877,MW,0,NaN,
20260811_121452_stage_B_2C_4168a6e9,INEQ-UPPER-D020-H02-PW03,inequality,20,2,wind,3,pw_upper_bound,true,6,6878,MW,0,NaN,
20260811_121452_stage_B_2C_4168a6e9,INEQ-LOWER-D020-H02-PW04,inequality,20,2,wind,4,pw_lower_bound,true,7,6879,MW,0,NaN,
20260811_121452_stage_B_2C_4168a6e9,INEQ-UPPER-D020-H02-PW04,inequality,20,2,wind,4,pw_upper_bound,true,8,6880,MW,0,NaN,
20260811_121452_stage_B_2C_4168a6e9,INEQ-LOWER-D020-H02-PW05,inequality,20,2,wind,5,pw_lower_bound,true,9,6881,MW,0,NaN,
20260811_121452_stage_B_2C_4168a6e9,INEQ-UPPER-D020-H02-PW05,inequality,20,2,wind,5,pw_upper_bound,true,10,6882,MW,0,NaN,
20260811_121452_stage_B_2C_4168a6e9,INEQ-LOWER-D020-H02-PH01,inequality,20,2,hydro,1,ph_lower_bound,true,11,6883,MW,0,NaN,
20260811_121452_stage_B_2C_4168a6e9,INEQ-UPPER-D020-H02-PH01,inequality,20,2,hydro,1,ph_upper_bound,true,12,6884,MW,0,NaN,
20260811_121452_stage_B_2C_4168a6e9,INEQ-LOWER-D020-H02-PH02,inequality,20,2,hydro,2,ph_lower_bound,true,13,6885,MW,0,NaN,
20260811_121452_stage_B_2C_4168a6e9,INEQ-UPPER-D020-H02-PH02,inequality,20,2,hydro,2,ph_upper_bound,true,14,6886,MW,0,NaN,
20260811_121452_stage_B_2C_4168a6e9,INEQ-LOWER-D020-H02-PH03,inequality,20,2,hydro,3,ph_lower_bound,true,15,6887,MW,0,NaN,
20260811_121452_stage_B_2C_4168a6e9,INEQ-UPPER-D020-H02-PH03,inequality,20,2,hydro,3,ph_upper_bound,true,16,6888,MW,0,NaN,
20260811_121452_stage_B_2C_4168a6e9,INEQ-LOWER-D020-H02-PH04,inequality,20,2,hydro,4,ph_lower_bound,true,17,6889,MW,0,NaN,
20260811_121452_stage_B_2C_4168a6e9,INEQ-UPPER-D020-H02-PH04,inequality,20,2,hydro,4,ph_upper_bound,true,18,6890,MW,0,NaN,
20260811_121452_stage_B_2C_4168a6e9,INEQ-LOWER-D020-H02-PF01,inequality,20,2,thermal,1,pf_lower_bound,true,19,6891,MW,0,NaN,
20260811_121452_stage_B_2C_4168a6e9,INEQ-UPPER-D020-H02-PF01,inequality,20,2,thermal,1,pf_upper_bound,true,20,6892,MW,0,NaN,
20260811_121452_stage_B_2C_4168a6e9,INEQ-LOWER-D020-H02-PF02,inequality,20,2,thermal,2,pf_lower_bound,true,21,6893,MW,0,NaN,
20260811_121452_stage_B_2C_4168a6e9,INEQ-UPPER-D020-H02-PF02,inequality,20,2,thermal,2,pf_upper_bound,true,22,6894,MW,0,NaN,
20260811_121452_stage_B_2C_4168a6e9,INEQ-LOWER-D020-H02-PF03,inequality,20,2,thermal,3,pf_lower_bound,true,23,6895,MW,0,NaN,
20260811_121452_stage_B_2C_4168a6e9,INEQ-UPPER-D020-H02-PF03,inequality,20,2,thermal,3,pf_upper_bound,true,24,6896,MW,0,NaN,
20260811_121452_stage_B_2C_4168a6e9,INEQ-LOWER-D020-H02-PF04,inequality,20,2,thermal,4,pf_lower_bound,true,25,6897,MW,0,NaN,
20260811_121452_stage_B_2C_4168a6e9,INEQ-UPPER-D020-H02-PF04,inequality,20,2,thermal,4,pf_upper_bound,true,26,6898,MW,0,NaN,
20260811_121452_stage_B_2C_4168a6e9,INEQ-LOWER-D020-H02-Pch01,inequality,20,2,storage,1,pch_lower_bound,true,27,6899,MW,0,NaN,
20260811_121452_stage_B_2C_4168a6e9,INEQ-UPPER-D020-H02-Pch01,inequality,20,2,storage,1,pch_upper_bound,true,28,6900,MW,0,NaN,
20260811_121452_stage_B_2C_4168a6e9,INEQ-LOWER-D020-H02-Pch02,inequality,20,2,storage,2,pch_lower_bound,true,29,6901,MW,0,NaN,
20260811_121452_stage_B_2C_4168a6e9,INEQ-UPPER-D020-H02-Pch02,inequality,20,2,storage,2,pch_upper_bound,true,30,6902,MW,0,NaN,
20260811_121452_stage_B_2C_4168a6e9,INEQ-LOWER-D020-H02-Pdis01,inequality,20,2,storage,1,pdis_lower_bound,true,31,6903,MW,0,NaN,
20260811_121452_stage_B_2C_4168a6e9,INEQ-UPPER-D020-H02-Pdis01,inequality,20,2,storage,1,pdis_upper_bound,true,32,6904,MW,0,NaN,
20260811_121452_stage_B_2C_4168a6e9,INEQ-LOWER-D020-H02-Pdis02,inequality,20,2,storage,2,pdis_lower_bound,true,33,6905,MW,0,NaN,
20260811_121452_stage_B_2C_4168a6e9,INEQ-UPPER-D020-H02-Pdis02,inequality,20,2,storage,2,pdis_upper_bound,true,34,6906,MW,0,NaN,
20260811_121452_stage_B_2C_4168a6e9,INEQ-LOWER-D020-H02-SOC01,inequality,20,2,storage,1,soc_lower_bound,true,35,6907,MWh,0,NaN,
20260811_121452_stage_B_2C_4168a6e9,INEQ-UPPER-D020-H02-SOC01,inequality,20,2,storage,1,soc_upper_bound,true,36,6908,MWh,0,NaN,
20260811_121452_stage_B_2C_4168a6e9,INEQ-LOWER-D020-H02-SOC02,inequality,20,2,storage,2,soc_lower_bound,true,37,6909,MWh,0,NaN,
20260811_121452_stage_B_2C_4168a6e9,INEQ-UPPER-D020-H02-SOC02,inequality,20,2,storage,2,soc_upper_bound,true,38,6910,MWh,0,NaN,
20260811_121452_stage_B_2C_4168a6e9,INEQ-LOWER-D020-H03-PW01,inequality,20,3,wind,1,pw_lower_bound,true,1,6911,MW,0,NaN,
20260811_121452_stage_B_2C_4168a6e9,INEQ-UPPER-D020-H03-PW01,inequality,20,3,wind,1,pw_upper_bound,true,2,6912,MW,0,NaN,
20260811_121452_stage_B_2C_4168a6e9,INEQ-LOWER-D020-H03-PW02,inequality,20,3,wind,2,pw_lower_bound,true,3,6913,MW,0,NaN,
20260811_121452_stage_B_2C_4168a6e9,INEQ-UPPER-D020-H03-PW02,inequality,20,3,wind,2,pw_upper_bound,true,4,6914,MW,0,NaN,
20260811_121452_stage_B_2C_4168a6e9,INEQ-LOWER-D020-H03-PW03,inequality,20,3,wind,3,pw_lower_bound,true,5,6915,MW,0,NaN,
20260811_121452_stage_B_2C_4168a6e9,INEQ-UPPER-D020-H03-PW03,inequality,20,3,wind,3,pw_upper_bound,true,6,6916,MW,0,NaN,
20260811_121452_stage_B_2C_4168a6e9,INEQ-LOWER-D020-H03-PW04,inequality,20,3,wind,4,pw_lower_bound,true,7,6917,MW,0,NaN,
20260811_121452_stage_B_2C_4168a6e9,INEQ-UPPER-D020-H03-PW04,inequality,20,3,wind,4,pw_upper_bound,true,8,6918,MW,0,NaN,
20260811_121452_stage_B_2C_4168a6e9,INEQ-LOWER-D020-H03-PW05,inequality,20,3,wind,5,pw_lower_bound,true,9,6919,MW,0,NaN,
20260811_121452_stage_B_2C_4168a6e9,INEQ-UPPER-D020-H03-PW05,inequality,20,3,wind,5,pw_upper_bound,true,10,6920,MW,0,NaN,
20260811_121452_stage_B_2C_4168a6e9,INEQ-LOWER-D020-H03-PH01,inequality,20,3,hydro,1,ph_lower_bound,true,11,6921,MW,0,NaN,
20260811_121452_stage_B_2C_4168a6e9,INEQ-UPPER-D020-H03-PH01,inequality,20,3,hydro,1,ph_upper_bound,true,12,6922,MW,0,NaN,
20260811_121452_stage_B_2C_4168a6e9,INEQ-LOWER-D020-H03-PH02,inequality,20,3,hydro,2,ph_lower_bound,true,13,6923,MW,0,NaN,
20260811_121452_stage_B_2C_4168a6e9,INEQ-UPPER-D020-H03-PH02,inequality,20,3,hydro,2,ph_upper_bound,true,14,6924,MW,0,NaN,
20260811_121452_stage_B_2C_4168a6e9,INEQ-LOWER-D020-H03-PH03,inequality,20,3,hydro,3,ph_lower_bound,true,15,6925,MW,0,NaN,
20260811_121452_stage_B_2C_4168a6e9,INEQ-UPPER-D020-H03-PH03,inequality,20,3,hydro,3,ph_upper_bound,true,16,6926,MW,0,NaN,
20260811_121452_stage_B_2C_4168a6e9,INEQ-LOWER-D020-H03-PH04,inequality,20,3,hydro,4,ph_lower_bound,true,17,6927,MW,0,NaN,
20260811_121452_stage_B_2C_4168a6e9,INEQ-UPPER-D020-H03-PH04,inequality,20,3,hydro,4,ph_upper_bound,true,18,6928,MW,0,NaN,
20260811_121452_stage_B_2C_4168a6e9,INEQ-LOWER-D020-H03-PF01,inequality,20,3,thermal,1,pf_lower_bound,true,19,6929,MW,0,NaN,
20260811_121452_stage_B_2C_4168a6e9,INEQ-UPPER-D020-H03-PF01,inequality,20,3,thermal,1,pf_upper_bound,true,20,6930,MW,0,NaN,
20260811_121452_stage_B_2C_4168a6e9,INEQ-LOWER-D020-H03-PF02,inequality,20,3,thermal,2,pf_lower_bound,true,21,6931,MW,0,NaN,
20260811_121452_stage_B_2C_4168a6e9,INEQ-UPPER-D020-H03-PF02,inequality,20,3,thermal,2,pf_upper_bound,true,22,6932,MW,0,NaN,
20260811_121452_stage_B_2C_4168a6e9,INEQ-LOWER-D020-H03-PF03,inequality,20,3,thermal,3,pf_lower_bound,true,23,6933,MW,0,NaN,
20260811_121452_stage_B_2C_4168a6e9,INEQ-UPPER-D020-H03-PF03,inequality,20,3,thermal,3,pf_upper_bound,true,24,6934,MW,0,NaN,
20260811_121452_stage_B_2C_4168a6e9,INEQ-LOWER-D020-H03-PF04,inequality,20,3,thermal,4,pf_lower_bound,true,25,6935,MW,0,NaN,
20260811_121452_stage_B_2C_4168a6e9,INEQ-UPPER-D020-H03-PF04,inequality,20,3,thermal,4,pf_upper_bound,true,26,6936,MW,0,NaN,
20260811_121452_stage_B_2C_4168a6e9,INEQ-LOWER-D020-H03-Pch01,inequality,20,3,storage,1,pch_lower_bound,true,27,6937,MW,0,NaN,
20260811_121452_stage_B_2C_4168a6e9,INEQ-UPPER-D020-H03-Pch01,inequality,20,3,storage,1,pch_upper_bound,true,28,6938,MW,0,NaN,
20260811_121452_stage_B_2C_4168a6e9,INEQ-LOWER-D020-H03-Pch02,inequality,20,3,storage,2,pch_lower_bound,true,29,6939,MW,0,NaN,
20260811_121452_stage_B_2C_4168a6e9,INEQ-UPPER-D020-H03-Pch02,inequality,20,3,storage,2,pch_upper_bound,true,30,6940,MW,0,NaN,
20260811_121452_stage_B_2C_4168a6e9,INEQ-LOWER-D020-H03-Pdis01,inequality,20,3,storage,1,pdis_lower_bound,true,31,6941,MW,0,NaN,
20260811_121452_stage_B_2C_4168a6e9,INEQ-UPPER-D020-H03-Pdis01,inequality,20,3,storage,1,pdis_upper_bound,true,32,6942,MW,0,NaN,
20260811_121452_stage_B_2C_4168a6e9,INEQ-LOWER-D020-H03-Pdis02,inequality,20,3,storage,2,pdis_lower_bound,true,33,6943,MW,0,NaN,
20260811_121452_stage_B_2C_4168a6e9,INEQ-UPPER-D020-H03-Pdis02,inequality,20,3,storage,2,pdis_upper_bound,true,34,6944,MW,0,NaN,
20260811_121452_stage_B_2C_4168a6e9,INEQ-LOWER-D020-H03-SOC01,inequality,20,3,storage,1,soc_lower_bound,true,35,6945,MWh,0,NaN,
20260811_121452_stage_B_2C_4168a6e9,INEQ-UPPER-D020-H03-SOC01,inequality,20,3,storage,1,soc_upper_bound,true,36,6946,MWh,0,NaN,
20260811_121452_stage_B_2C_4168a6e9,INEQ-LOWER-D020-H03-SOC02,inequality,20,3,storage,2,soc_lower_bound,true,37,6947,MWh,0,NaN,
20260811_121452_stage_B_2C_4168a6e9,INEQ-UPPER-D020-H03-SOC02,inequality,20,3,storage,2,soc_upper_bound,true,38,6948,MWh,0,NaN,
20260811_121452_stage_B_2C_4168a6e9,INEQ-LOWER-D020-H04-PW01,inequality,20,4,wind,1,pw_lower_bound,true,1,6949,MW,0,NaN,
20260811_121452_stage_B_2C_4168a6e9,INEQ-UPPER-D020-H04-PW01,inequality,20,4,wind,1,pw_upper_bound,true,2,6950,MW,0,NaN,
20260811_121452_stage_B_2C_4168a6e9,INEQ-LOWER-D020-H04-PW02,inequality,20,4,wind,2,pw_lower_bound,true,3,6951,MW,0,NaN,
20260811_121452_stage_B_2C_4168a6e9,INEQ-UPPER-D020-H04-PW02,inequality,20,4,wind,2,pw_upper_bound,true,4,6952,MW,0,NaN,
20260811_121452_stage_B_2C_4168a6e9,INEQ-LOWER-D020-H04-PW03,inequality,20,4,wind,3,pw_lower_bound,true,5,6953,MW,0,NaN,
20260811_121452_stage_B_2C_4168a6e9,INEQ-UPPER-D020-H04-PW03,inequality,20,4,wind,3,pw_upper_bound,true,6,6954,MW,0,NaN,
20260811_121452_stage_B_2C_4168a6e9,INEQ-LOWER-D020-H04-PW04,inequality,20,4,wind,4,pw_lower_bound,true,7,6955,MW,0,NaN,
20260811_121452_stage_B_2C_4168a6e9,INEQ-UPPER-D020-H04-PW04,inequality,20,4,wind,4,pw_upper_bound,true,8,6956,MW,0,NaN,
20260811_121452_stage_B_2C_4168a6e9,INEQ-LOWER-D020-H04-PW05,inequality,20,4,wind,5,pw_lower_bound,true,9,6957,MW,0,NaN,
20260811_121452_stage_B_2C_4168a6e9,INEQ-UPPER-D020-H04-PW05,inequality,20,4,wind,5,pw_upper_bound,true,10,6958,MW,0,NaN,
20260811_121452_stage_B_2C_4168a6e9,INEQ-LOWER-D020-H04-PH01,inequality,20,4,hydro,1,ph_lower_bound,true,11,6959,MW,0,NaN,
20260811_121452_stage_B_2C_4168a6e9,INEQ-UPPER-D020-H04-PH01,inequality,20,4,hydro,1,ph_upper_bound,true,12,6960,MW,0,NaN,
20260811_121452_stage_B_2C_4168a6e9,INEQ-LOWER-D020-H04-PH02,inequality,20,4,hydro,2,ph_lower_bound,true,13,6961,MW,0,NaN,
20260811_121452_stage_B_2C_4168a6e9,INEQ-UPPER-D020-H04-PH02,inequality,20,4,hydro,2,ph_upper_bound,true,14,6962,MW,0,NaN,
20260811_121452_stage_B_2C_4168a6e9,INEQ-LOWER-D020-H04-PH03,inequality,20,4,hydro,3,ph_lower_bound,true,15,6963,MW,0,NaN,
20260811_121452_stage_B_2C_4168a6e9,INEQ-UPPER-D020-H04-PH03,inequality,20,4,hydro,3,ph_upper_bound,true,16,6964,MW,0,NaN,
20260811_121452_stage_B_2C_4168a6e9,INEQ-LOWER-D020-H04-PH04,inequality,20,4,hydro,4,ph_lower_bound,true,17,6965,MW,0,NaN,
20260811_121452_stage_B_2C_4168a6e9,INEQ-UPPER-D020-H04-PH04,inequality,20,4,hydro,4,ph_upper_bound,true,18,6966,MW,0,NaN,
20260811_121452_stage_B_2C_4168a6e9,INEQ-LOWER-D020-H04-PF01,inequality,20,4,thermal,1,pf_lower_bound,true,19,6967,MW,0,NaN,
20260811_121452_stage_B_2C_4168a6e9,INEQ-UPPER-D020-H04-PF01,inequality,20,4,thermal,1,pf_upper_bound,true,20,6968,MW,0,NaN,
20260811_121452_stage_B_2C_4168a6e9,INEQ-LOWER-D020-H04-PF02,inequality,20,4,thermal,2,pf_lower_bound,true,21,6969,MW,0,NaN,
20260811_121452_stage_B_2C_4168a6e9,INEQ-UPPER-D020-H04-PF02,inequality,20,4,thermal,2,pf_upper_bound,true,22,6970,MW,0,NaN,
20260811_121452_stage_B_2C_4168a6e9,INEQ-LOWER-D020-H04-PF03,inequality,20,4,thermal,3,pf_lower_bound,true,23,6971,MW,0,NaN,
20260811_121452_stage_B_2C_4168a6e9,INEQ-UPPER-D020-H04-PF03,inequality,20,4,thermal,3,pf_upper_bound,true,24,6972,MW,0,NaN,
20260811_121452_stage_B_2C_4168a6e9,INEQ-LOWER-D020-H04-PF04,inequality,20,4,thermal,4,pf_lower_bound,true,25,6973,MW,0,NaN,
20260811_121452_stage_B_2C_4168a6e9,INEQ-UPPER-D020-H04-PF04,inequality,20,4,thermal,4,pf_upper_bound,true,26,6974,MW,0,NaN,
20260811_121452_stage_B_2C_4168a6e9,INEQ-LOWER-D020-H04-Pch01,inequality,20,4,storage,1,pch_lower_bound,true,27,6975,MW,0,NaN,
20260811_121452_stage_B_2C_4168a6e9,INEQ-UPPER-D020-H04-Pch01,inequality,20,4,storage,1,pch_upper_bound,true,28,6976,MW,0,NaN,
20260811_121452_stage_B_2C_4168a6e9,INEQ-LOWER-D020-H04-Pch02,inequality,20,4,storage,2,pch_lower_bound,true,29,6977,MW,0,NaN,
20260811_121452_stage_B_2C_4168a6e9,INEQ-UPPER-D020-H04-Pch02,inequality,20,4,storage,2,pch_upper_bound,true,30,6978,MW,0,NaN,
20260811_121452_stage_B_2C_4168a6e9,INEQ-LOWER-D020-H04-Pdis01,inequality,20,4,storage,1,pdis_lower_bound,true,31,6979,MW,0,NaN,
20260811_121452_stage_B_2C_4168a6e9,INEQ-UPPER-D020-H04-Pdis01,inequality,20,4,storage,1,pdis_upper_bound,true,32,6980,MW,0,NaN,
20260811_121452_stage_B_2C_4168a6e9,INEQ-LOWER-D020-H04-Pdis02,inequality,20,4,storage,2,pdis_lower_bound,true,33,6981,MW,0,NaN,
20260811_121452_stage_B_2C_4168a6e9,INEQ-UPPER-D020-H04-Pdis02,inequality,20,4,storage,2,pdis_upper_bound,true,34,6982,MW,0,NaN,
20260811_121452_stage_B_2C_4168a6e9,INEQ-LOWER-D020-H04-SOC01,inequality,20,4,storage,1,soc_lower_bound,true,35,6983,MWh,0,NaN,
20260811_121452_stage_B_2C_4168a6e9,INEQ-UPPER-D020-H04-SOC01,inequality,20,4,storage,1,soc_upper_bound,true,36,6984,MWh,0,NaN,
20260811_121452_stage_B_2C_4168a6e9,INEQ-LOWER-D020-H04-SOC02,inequality,20,4,storage,2,soc_lower_bound,true,37,6985,MWh,0,NaN,
20260811_121452_stage_B_2C_4168a6e9,INEQ-UPPER-D020-H04-SOC02,inequality,20,4,storage,2,soc_upper_bound,true,38,6986,MWh,0,NaN,
20260811_121452_stage_B_2C_4168a6e9,INEQ-LOWER-D020-H05-PW01,inequality,20,5,wind,1,pw_lower_bound,true,1,6987,MW,0,NaN,
20260811_121452_stage_B_2C_4168a6e9,INEQ-UPPER-D020-H05-PW01,inequality,20,5,wind,1,pw_upper_bound,true,2,6988,MW,0,NaN,
20260811_121452_stage_B_2C_4168a6e9,INEQ-LOWER-D020-H05-PW02,inequality,20,5,wind,2,pw_lower_bound,true,3,6989,MW,0,NaN,
20260811_121452_stage_B_2C_4168a6e9,INEQ-UPPER-D020-H05-PW02,inequality,20,5,wind,2,pw_upper_bound,true,4,6990,MW,0,NaN,
20260811_121452_stage_B_2C_4168a6e9,INEQ-LOWER-D020-H05-PW03,inequality,20,5,wind,3,pw_lower_bound,true,5,6991,MW,0,NaN,
20260811_121452_stage_B_2C_4168a6e9,INEQ-UPPER-D020-H05-PW03,inequality,20,5,wind,3,pw_upper_bound,true,6,6992,MW,0,NaN,
20260811_121452_stage_B_2C_4168a6e9,INEQ-LOWER-D020-H05-PW04,inequality,20,5,wind,4,pw_lower_bound,true,7,6993,MW,0,NaN,
20260811_121452_stage_B_2C_4168a6e9,INEQ-UPPER-D020-H05-PW04,inequality,20,5,wind,4,pw_upper_bound,true,8,6994,MW,0,NaN,
20260811_121452_stage_B_2C_4168a6e9,INEQ-LOWER-D020-H05-PW05,inequality,20,5,wind,5,pw_lower_bound,true,9,6995,MW,0,NaN,
20260811_121452_stage_B_2C_4168a6e9,INEQ-UPPER-D020-H05-PW05,inequality,20,5,wind,5,pw_upper_bound,true,10,6996,MW,0,NaN,
20260811_121452_stage_B_2C_4168a6e9,INEQ-LOWER-D020-H05-PH01,inequality,20,5,hydro,1,ph_lower_bound,true,11,6997,MW,0,NaN,
20260811_121452_stage_B_2C_4168a6e9,INEQ-UPPER-D020-H05-PH01,inequality,20,5,hydro,1,ph_upper_bound,true,12,6998,MW,0,NaN,
20260811_121452_stage_B_2C_4168a6e9,INEQ-LOWER-D020-H05-PH02,inequality,20,5,hydro,2,ph_lower_bound,true,13,6999,MW,0,NaN,
20260811_121452_stage_B_2C_4168a6e9,INEQ-UPPER-D020-H05-PH02,inequality,20,5,hydro,2,ph_upper_bound,true,14,7000,MW,0,NaN,
20260811_121452_stage_B_2C_4168a6e9,INEQ-LOWER-D020-H05-PH03,inequality,20,5,hydro,3,ph_lower_bound,true,15,7001,MW,0,NaN,
20260811_121452_stage_B_2C_4168a6e9,INEQ-UPPER-D020-H05-PH03,inequality,20,5,hydro,3,ph_upper_bound,true,16,7002,MW,0,NaN,
20260811_121452_stage_B_2C_4168a6e9,INEQ-LOWER-D020-H05-PH04,inequality,20,5,hydro,4,ph_lower_bound,true,17,7003,MW,0,NaN,
20260811_121452_stage_B_2C_4168a6e9,INEQ-UPPER-D020-H05-PH04,inequality,20,5,hydro,4,ph_upper_bound,true,18,7004,MW,0,NaN,
20260811_121452_stage_B_2C_4168a6e9,INEQ-LOWER-D020-H05-PF01,inequality,20,5,thermal,1,pf_lower_bound,true,19,7005,MW,0,NaN,
20260811_121452_stage_B_2C_4168a6e9,INEQ-UPPER-D020-H05-PF01,inequality,20,5,thermal,1,pf_upper_bound,true,20,7006,MW,0,NaN,
20260811_121452_stage_B_2C_4168a6e9,INEQ-LOWER-D020-H05-PF02,inequality,20,5,thermal,2,pf_lower_bound,true,21,7007,MW,0,NaN,
20260811_121452_stage_B_2C_4168a6e9,INEQ-UPPER-D020-H05-PF02,inequality,20,5,thermal,2,pf_upper_bound,true,22,7008,MW,0,NaN,
20260811_121452_stage_B_2C_4168a6e9,INEQ-LOWER-D020-H05-PF03,inequality,20,5,thermal,3,pf_lower_bound,true,23,7009,MW,0,NaN,
20260811_121452_stage_B_2C_4168a6e9,INEQ-UPPER-D020-H05-PF03,inequality,20,5,thermal,3,pf_upper_bound,true,24,7010,MW,0,NaN,
20260811_121452_stage_B_2C_4168a6e9,INEQ-LOWER-D020-H05-PF04,inequality,20,5,thermal,4,pf_lower_bound,true,25,7011,MW,0,NaN,
20260811_121452_stage_B_2C_4168a6e9,INEQ-UPPER-D020-H05-PF04,inequality,20,5,thermal,4,pf_upper_bound,true,26,7012,MW,0,NaN,
20260811_121452_stage_B_2C_4168a6e9,INEQ-LOWER-D020-H05-Pch01,inequality,20,5,storage,1,pch_lower_bound,true,27,7013,MW,0,NaN,
20260811_121452_stage_B_2C_4168a6e9,INEQ-UPPER-D020-H05-Pch01,inequality,20,5,storage,1,pch_upper_bound,true,28,7014,MW,0,NaN,
20260811_121452_stage_B_2C_4168a6e9,INEQ-LOWER-D020-H05-Pch02,inequality,20,5,storage,2,pch_lower_bound,true,29,7015,MW,0,NaN,
20260811_121452_stage_B_2C_4168a6e9,INEQ-UPPER-D020-H05-Pch02,inequality,20,5,storage,2,pch_upper_bound,true,30,7016,MW,0,NaN,
20260811_121452_stage_B_2C_4168a6e9,INEQ-LOWER-D020-H05-Pdis01,inequality,20,5,storage,1,pdis_lower_bound,true,31,7017,MW,0,NaN,
20260811_121452_stage_B_2C_4168a6e9,INEQ-UPPER-D020-H05-Pdis01,inequality,20,5,storage,1,pdis_upper_bound,true,32,7018,MW,0,NaN,
20260811_121452_stage_B_2C_4168a6e9,INEQ-LOWER-D020-H05-Pdis02,inequality,20,5,storage,2,pdis_lower_bound,true,33,7019,MW,0,NaN,
20260811_121452_stage_B_2C_4168a6e9,INEQ-UPPER-D020-H05-Pdis02,inequality,20,5,storage,2,pdis_upper_bound,true,34,7020,MW,0,NaN,
20260811_121452_stage_B_2C_4168a6e9,INEQ-LOWER-D020-H05-SOC01,inequality,20,5,storage,1,soc_lower_bound,true,35,7021,MWh,0,NaN,
20260811_121452_stage_B_2C_4168a6e9,INEQ-UPPER-D020-H05-SOC01,inequality,20,5,storage,1,soc_upper_bound,true,36,7022,MWh,0,NaN,
20260811_121452_stage_B_2C_4168a6e9,INEQ-LOWER-D020-H05-SOC02,inequality,20,5,storage,2,soc_lower_bound,true,37,7023,MWh,0,NaN,
20260811_121452_stage_B_2C_4168a6e9,INEQ-UPPER-D020-H05-SOC02,inequality,20,5,storage,2,soc_upper_bound,true,38,7024,MWh,0,NaN,
20260811_121452_stage_B_2C_4168a6e9,INEQ-LOWER-D020-H06-PW01,inequality,20,6,wind,1,pw_lower_bound,true,1,7025,MW,0,NaN,
20260811_121452_stage_B_2C_4168a6e9,INEQ-UPPER-D020-H06-PW01,inequality,20,6,wind,1,pw_upper_bound,true,2,7026,MW,0,NaN,
20260811_121452_stage_B_2C_4168a6e9,INEQ-LOWER-D020-H06-PW02,inequality,20,6,wind,2,pw_lower_bound,true,3,7027,MW,0,NaN,
20260811_121452_stage_B_2C_4168a6e9,INEQ-UPPER-D020-H06-PW02,inequality,20,6,wind,2,pw_upper_bound,true,4,7028,MW,0,NaN,
20260811_121452_stage_B_2C_4168a6e9,INEQ-LOWER-D020-H06-PW03,inequality,20,6,wind,3,pw_lower_bound,true,5,7029,MW,0,NaN,
20260811_121452_stage_B_2C_4168a6e9,INEQ-UPPER-D020-H06-PW03,inequality,20,6,wind,3,pw_upper_bound,true,6,7030,MW,0,NaN,
20260811_121452_stage_B_2C_4168a6e9,INEQ-LOWER-D020-H06-PW04,inequality,20,6,wind,4,pw_lower_bound,true,7,7031,MW,0,NaN,
20260811_121452_stage_B_2C_4168a6e9,INEQ-UPPER-D020-H06-PW04,inequality,20,6,wind,4,pw_upper_bound,true,8,7032,MW,0,NaN,
20260811_121452_stage_B_2C_4168a6e9,INEQ-LOWER-D020-H06-PW05,inequality,20,6,wind,5,pw_lower_bound,true,9,7033,MW,0,NaN,
20260811_121452_stage_B_2C_4168a6e9,INEQ-UPPER-D020-H06-PW05,inequality,20,6,wind,5,pw_upper_bound,true,10,7034,MW,0,NaN,
20260811_121452_stage_B_2C_4168a6e9,INEQ-LOWER-D020-H06-PH01,inequality,20,6,hydro,1,ph_lower_bound,true,11,7035,MW,0,NaN,
20260811_121452_stage_B_2C_4168a6e9,INEQ-UPPER-D020-H06-PH01,inequality,20,6,hydro,1,ph_upper_bound,true,12,7036,MW,0,NaN,
20260811_121452_stage_B_2C_4168a6e9,INEQ-LOWER-D020-H06-PH02,inequality,20,6,hydro,2,ph_lower_bound,true,13,7037,MW,0,NaN,
20260811_121452_stage_B_2C_4168a6e9,INEQ-UPPER-D020-H06-PH02,inequality,20,6,hydro,2,ph_upper_bound,true,14,7038,MW,0,NaN,
20260811_121452_stage_B_2C_4168a6e9,INEQ-LOWER-D020-H06-PH03,inequality,20,6,hydro,3,ph_lower_bound,true,15,7039,MW,0,NaN,
20260811_121452_stage_B_2C_4168a6e9,INEQ-UPPER-D020-H06-PH03,inequality,20,6,hydro,3,ph_upper_bound,true,16,7040,MW,0,NaN,
20260811_121452_stage_B_2C_4168a6e9,INEQ-LOWER-D020-H06-PH04,inequality,20,6,hydro,4,ph_lower_bound,true,17,7041,MW,0,NaN,
20260811_121452_stage_B_2C_4168a6e9,INEQ-UPPER-D020-H06-PH04,inequality,20,6,hydro,4,ph_upper_bound,true,18,7042,MW,0,NaN,
20260811_121452_stage_B_2C_4168a6e9,INEQ-LOWER-D020-H06-PF01,inequality,20,6,thermal,1,pf_lower_bound,true,19,7043,MW,0,NaN,
20260811_121452_stage_B_2C_4168a6e9,INEQ-UPPER-D020-H06-PF01,inequality,20,6,thermal,1,pf_upper_bound,true,20,7044,MW,0,NaN,
20260811_121452_stage_B_2C_4168a6e9,INEQ-LOWER-D020-H06-PF02,inequality,20,6,thermal,2,pf_lower_bound,true,21,7045,MW,0,NaN,
20260811_121452_stage_B_2C_4168a6e9,INEQ-UPPER-D020-H06-PF02,inequality,20,6,thermal,2,pf_upper_bound,true,22,7046,MW,0,NaN,
20260811_121452_stage_B_2C_4168a6e9,INEQ-LOWER-D020-H06-PF03,inequality,20,6,thermal,3,pf_lower_bound,true,23,7047,MW,0,NaN,
20260811_121452_stage_B_2C_4168a6e9,INEQ-UPPER-D020-H06-PF03,inequality,20,6,thermal,3,pf_upper_bound,true,24,7048,MW,0,NaN,
20260811_121452_stage_B_2C_4168a6e9,INEQ-LOWER-D020-H06-PF04,inequality,20,6,thermal,4,pf_lower_bound,true,25,7049,MW,0,NaN,
20260811_121452_stage_B_2C_4168a6e9,INEQ-UPPER-D020-H06-PF04,inequality,20,6,thermal,4,pf_upper_bound,true,26,7050,MW,0,NaN,
20260811_121452_stage_B_2C_4168a6e9,INEQ-LOWER-D020-H06-Pch01,inequality,20,6,storage,1,pch_lower_bound,true,27,7051,MW,0,NaN,
20260811_121452_stage_B_2C_4168a6e9,INEQ-UPPER-D020-H06-Pch01,inequality,20,6,storage,1,pch_upper_bound,true,28,7052,MW,0,NaN,
20260811_121452_stage_B_2C_4168a6e9,INEQ-LOWER-D020-H06-Pch02,inequality,20,6,storage,2,pch_lower_bound,true,29,7053,MW,0,NaN,
20260811_121452_stage_B_2C_4168a6e9,INEQ-UPPER-D020-H06-Pch02,inequality,20,6,storage,2,pch_upper_bound,true,30,7054,MW,0,NaN,
20260811_121452_stage_B_2C_4168a6e9,INEQ-LOWER-D020-H06-Pdis01,inequality,20,6,storage,1,pdis_lower_bound,true,31,7055,MW,0,NaN,
20260811_121452_stage_B_2C_4168a6e9,INEQ-UPPER-D020-H06-Pdis01,inequality,20,6,storage,1,pdis_upper_bound,true,32,7056,MW,0,NaN,
20260811_121452_stage_B_2C_4168a6e9,INEQ-LOWER-D020-H06-Pdis02,inequality,20,6,storage,2,pdis_lower_bound,true,33,7057,MW,0,NaN,
20260811_121452_stage_B_2C_4168a6e9,INEQ-UPPER-D020-H06-Pdis02,inequality,20,6,storage,2,pdis_upper_bound,true,34,7058,MW,0,NaN,
20260811_121452_stage_B_2C_4168a6e9,INEQ-LOWER-D020-H06-SOC01,inequality,20,6,storage,1,soc_lower_bound,true,35,7059,MWh,0,NaN,
20260811_121452_stage_B_2C_4168a6e9,INEQ-UPPER-D020-H06-SOC01,inequality,20,6,storage,1,soc_upper_bound,true,36,7060,MWh,0,NaN,
20260811_121452_stage_B_2C_4168a6e9,INEQ-LOWER-D020-H06-SOC02,inequality,20,6,storage,2,soc_lower_bound,true,37,7061,MWh,0,NaN,
20260811_121452_stage_B_2C_4168a6e9,INEQ-UPPER-D020-H06-SOC02,inequality,20,6,storage,2,soc_upper_bound,true,38,7062,MWh,0,NaN,
20260811_121452_stage_B_2C_4168a6e9,INEQ-LOWER-D020-H07-PW01,inequality,20,7,wind,1,pw_lower_bound,true,1,7063,MW,0,NaN,
20260811_121452_stage_B_2C_4168a6e9,INEQ-UPPER-D020-H07-PW01,inequality,20,7,wind,1,pw_upper_bound,true,2,7064,MW,0,NaN,
20260811_121452_stage_B_2C_4168a6e9,INEQ-LOWER-D020-H07-PW02,inequality,20,7,wind,2,pw_lower_bound,true,3,7065,MW,0,NaN,
20260811_121452_stage_B_2C_4168a6e9,INEQ-UPPER-D020-H07-PW02,inequality,20,7,wind,2,pw_upper_bound,true,4,7066,MW,0,NaN,
20260811_121452_stage_B_2C_4168a6e9,INEQ-LOWER-D020-H07-PW03,inequality,20,7,wind,3,pw_lower_bound,true,5,7067,MW,0,NaN,
20260811_121452_stage_B_2C_4168a6e9,INEQ-UPPER-D020-H07-PW03,inequality,20,7,wind,3,pw_upper_bound,true,6,7068,MW,0,NaN,
20260811_121452_stage_B_2C_4168a6e9,INEQ-LOWER-D020-H07-PW04,inequality,20,7,wind,4,pw_lower_bound,true,7,7069,MW,0,NaN,
20260811_121452_stage_B_2C_4168a6e9,INEQ-UPPER-D020-H07-PW04,inequality,20,7,wind,4,pw_upper_bound,true,8,7070,MW,0,NaN,
20260811_121452_stage_B_2C_4168a6e9,INEQ-LOWER-D020-H07-PW05,inequality,20,7,wind,5,pw_lower_bound,true,9,7071,MW,0,NaN,
20260811_121452_stage_B_2C_4168a6e9,INEQ-UPPER-D020-H07-PW05,inequality,20,7,wind,5,pw_upper_bound,true,10,7072,MW,0,NaN,
20260811_121452_stage_B_2C_4168a6e9,INEQ-LOWER-D020-H07-PH01,inequality,20,7,hydro,1,ph_lower_bound,true,11,7073,MW,0,NaN,
20260811_121452_stage_B_2C_4168a6e9,INEQ-UPPER-D020-H07-PH01,inequality,20,7,hydro,1,ph_upper_bound,true,12,7074,MW,0,NaN,
20260811_121452_stage_B_2C_4168a6e9,INEQ-LOWER-D020-H07-PH02,inequality,20,7,hydro,2,ph_lower_bound,true,13,7075,MW,0,NaN,
20260811_121452_stage_B_2C_4168a6e9,INEQ-UPPER-D020-H07-PH02,inequality,20,7,hydro,2,ph_upper_bound,true,14,7076,MW,0,NaN,
20260811_121452_stage_B_2C_4168a6e9,INEQ-LOWER-D020-H07-PH03,inequality,20,7,hydro,3,ph_lower_bound,true,15,7077,MW,0,NaN,
20260811_121452_stage_B_2C_4168a6e9,INEQ-UPPER-D020-H07-PH03,inequality,20,7,hydro,3,ph_upper_bound,true,16,7078,MW,0,NaN,
20260811_121452_stage_B_2C_4168a6e9,INEQ-LOWER-D020-H07-PH04,inequality,20,7,hydro,4,ph_lower_bound,true,17,7079,MW,0,NaN,
20260811_121452_stage_B_2C_4168a6e9,INEQ-UPPER-D020-H07-PH04,inequality,20,7,hydro,4,ph_upper_bound,true,18,7080,MW,0,NaN,
20260811_121452_stage_B_2C_4168a6e9,INEQ-LOWER-D020-H07-PF01,inequality,20,7,thermal,1,pf_lower_bound,true,19,7081,MW,0,NaN,
20260811_121452_stage_B_2C_4168a6e9,INEQ-UPPER-D020-H07-PF01,inequality,20,7,thermal,1,pf_upper_bound,true,20,7082,MW,0,NaN,
20260811_121452_stage_B_2C_4168a6e9,INEQ-LOWER-D020-H07-PF02,inequality,20,7,thermal,2,pf_lower_bound,true,21,7083,MW,0,NaN,
20260811_121452_stage_B_2C_4168a6e9,INEQ-UPPER-D020-H07-PF02,inequality,20,7,thermal,2,pf_upper_bound,true,22,7084,MW,0,NaN,
20260811_121452_stage_B_2C_4168a6e9,INEQ-LOWER-D020-H07-PF03,inequality,20,7,thermal,3,pf_lower_bound,true,23,7085,MW,0,NaN,
20260811_121452_stage_B_2C_4168a6e9,INEQ-UPPER-D020-H07-PF03,inequality,20,7,thermal,3,pf_upper_bound,true,24,7086,MW,0,NaN,
20260811_121452_stage_B_2C_4168a6e9,INEQ-LOWER-D020-H07-PF04,inequality,20,7,thermal,4,pf_lower_bound,true,25,7087,MW,0,NaN,
20260811_121452_stage_B_2C_4168a6e9,INEQ-UPPER-D020-H07-PF04,inequality,20,7,thermal,4,pf_upper_bound,true,26,7088,MW,0,NaN,
20260811_121452_stage_B_2C_4168a6e9,INEQ-LOWER-D020-H07-Pch01,inequality,20,7,storage,1,pch_lower_bound,true,27,7089,MW,0,NaN,
20260811_121452_stage_B_2C_4168a6e9,INEQ-UPPER-D020-H07-Pch01,inequality,20,7,storage,1,pch_upper_bound,true,28,7090,MW,0,NaN,
20260811_121452_stage_B_2C_4168a6e9,INEQ-LOWER-D020-H07-Pch02,inequality,20,7,storage,2,pch_lower_bound,true,29,7091,MW,0,NaN,
20260811_121452_stage_B_2C_4168a6e9,INEQ-UPPER-D020-H07-Pch02,inequality,20,7,storage,2,pch_upper_bound,true,30,7092,MW,0,NaN,
20260811_121452_stage_B_2C_4168a6e9,INEQ-LOWER-D020-H07-Pdis01,inequality,20,7,storage,1,pdis_lower_bound,true,31,7093,MW,0,NaN,
20260811_121452_stage_B_2C_4168a6e9,INEQ-UPPER-D020-H07-Pdis01,inequality,20,7,storage,1,pdis_upper_bound,true,32,7094,MW,0,NaN,
20260811_121452_stage_B_2C_4168a6e9,INEQ-LOWER-D020-H07-Pdis02,inequality,20,7,storage,2,pdis_lower_bound,true,33,7095,MW,0,NaN,
20260811_121452_stage_B_2C_4168a6e9,INEQ-UPPER-D020-H07-Pdis02,inequality,20,7,storage,2,pdis_upper_bound,true,34,7096,MW,0,NaN,
20260811_121452_stage_B_2C_4168a6e9,INEQ-LOWER-D020-H07-SOC01,inequality,20,7,storage,1,soc_lower_bound,true,35,7097,MWh,0,NaN,
20260811_121452_stage_B_2C_4168a6e9,INEQ-UPPER-D020-H07-SOC01,inequality,20,7,storage,1,soc_upper_bound,true,36,7098,MWh,0,NaN,
20260811_121452_stage_B_2C_4168a6e9,INEQ-LOWER-D020-H07-SOC02,inequality,20,7,storage,2,soc_lower_bound,true,37,7099,MWh,0,NaN,
20260811_121452_stage_B_2C_4168a6e9,INEQ-UPPER-D020-H07-SOC02,inequality,20,7,storage,2,soc_upper_bound,true,38,7100,MWh,0,NaN,
20260811_121452_stage_B_2C_4168a6e9,INEQ-LOWER-D020-H08-PW01,inequality,20,8,wind,1,pw_lower_bound,true,1,7101,MW,0,NaN,
20260811_121452_stage_B_2C_4168a6e9,INEQ-UPPER-D020-H08-PW01,inequality,20,8,wind,1,pw_upper_bound,true,2,7102,MW,0,NaN,
20260811_121452_stage_B_2C_4168a6e9,INEQ-LOWER-D020-H08-PW02,inequality,20,8,wind,2,pw_lower_bound,true,3,7103,MW,0,NaN,
20260811_121452_stage_B_2C_4168a6e9,INEQ-UPPER-D020-H08-PW02,inequality,20,8,wind,2,pw_upper_bound,true,4,7104,MW,0,NaN,
20260811_121452_stage_B_2C_4168a6e9,INEQ-LOWER-D020-H08-PW03,inequality,20,8,wind,3,pw_lower_bound,true,5,7105,MW,0,NaN,
20260811_121452_stage_B_2C_4168a6e9,INEQ-UPPER-D020-H08-PW03,inequality,20,8,wind,3,pw_upper_bound,true,6,7106,MW,0,NaN,
20260811_121452_stage_B_2C_4168a6e9,INEQ-LOWER-D020-H08-PW04,inequality,20,8,wind,4,pw_lower_bound,true,7,7107,MW,0,NaN,
20260811_121452_stage_B_2C_4168a6e9,INEQ-UPPER-D020-H08-PW04,inequality,20,8,wind,4,pw_upper_bound,true,8,7108,MW,0,NaN,
20260811_121452_stage_B_2C_4168a6e9,INEQ-LOWER-D020-H08-PW05,inequality,20,8,wind,5,pw_lower_bound,true,9,7109,MW,0,NaN,
20260811_121452_stage_B_2C_4168a6e9,INEQ-UPPER-D020-H08-PW05,inequality,20,8,wind,5,pw_upper_bound,true,10,7110,MW,0,NaN,
20260811_121452_stage_B_2C_4168a6e9,INEQ-LOWER-D020-H08-PP01,inequality,20,8,solar,1,pp_lower_bound,true,11,7111,MW,0,NaN,
20260811_121452_stage_B_2C_4168a6e9,INEQ-UPPER-D020-H08-PP01,inequality,20,8,solar,1,pp_upper_bound,true,12,7112,MW,0,NaN,
20260811_121452_stage_B_2C_4168a6e9,INEQ-LOWER-D020-H08-PP02,inequality,20,8,solar,2,pp_lower_bound,true,13,7113,MW,0,NaN,
20260811_121452_stage_B_2C_4168a6e9,INEQ-UPPER-D020-H08-PP02,inequality,20,8,solar,2,pp_upper_bound,true,14,7114,MW,0,NaN,
20260811_121452_stage_B_2C_4168a6e9,INEQ-LOWER-D020-H08-PP03,inequality,20,8,solar,3,pp_lower_bound,true,15,7115,MW,0,NaN,
20260811_121452_stage_B_2C_4168a6e9,INEQ-UPPER-D020-H08-PP03,inequality,20,8,solar,3,pp_upper_bound,true,16,7116,MW,0,NaN,
20260811_121452_stage_B_2C_4168a6e9,INEQ-LOWER-D020-H08-PP04,inequality,20,8,solar,4,pp_lower_bound,true,17,7117,MW,0,NaN,
20260811_121452_stage_B_2C_4168a6e9,INEQ-UPPER-D020-H08-PP04,inequality,20,8,solar,4,pp_upper_bound,true,18,7118,MW,0,NaN,
20260811_121452_stage_B_2C_4168a6e9,INEQ-LOWER-D020-H08-PP05,inequality,20,8,solar,5,pp_lower_bound,true,19,7119,MW,0,NaN,
20260811_121452_stage_B_2C_4168a6e9,INEQ-UPPER-D020-H08-PP05,inequality,20,8,solar,5,pp_upper_bound,true,20,7120,MW,0,NaN,
20260811_121452_stage_B_2C_4168a6e9,INEQ-LOWER-D020-H08-PH01,inequality,20,8,hydro,1,ph_lower_bound,true,21,7121,MW,0,NaN,
20260811_121452_stage_B_2C_4168a6e9,INEQ-UPPER-D020-H08-PH01,inequality,20,8,hydro,1,ph_upper_bound,true,22,7122,MW,0,NaN,
20260811_121452_stage_B_2C_4168a6e9,INEQ-LOWER-D020-H08-PH02,inequality,20,8,hydro,2,ph_lower_bound,true,23,7123,MW,0,NaN,
20260811_121452_stage_B_2C_4168a6e9,INEQ-UPPER-D020-H08-PH02,inequality,20,8,hydro,2,ph_upper_bound,true,24,7124,MW,0,NaN,
20260811_121452_stage_B_2C_4168a6e9,INEQ-LOWER-D020-H08-PH03,inequality,20,8,hydro,3,ph_lower_bound,true,25,7125,MW,0,NaN,
20260811_121452_stage_B_2C_4168a6e9,INEQ-UPPER-D020-H08-PH03,inequality,20,8,hydro,3,ph_upper_bound,true,26,7126,MW,0,NaN,
20260811_121452_stage_B_2C_4168a6e9,INEQ-LOWER-D020-H08-PH04,inequality,20,8,hydro,4,ph_lower_bound,true,27,7127,MW,0,NaN,
20260811_121452_stage_B_2C_4168a6e9,INEQ-UPPER-D020-H08-PH04,inequality,20,8,hydro,4,ph_upper_bound,true,28,7128,MW,0,NaN,
20260811_121452_stage_B_2C_4168a6e9,INEQ-LOWER-D020-H08-PF01,inequality,20,8,thermal,1,pf_lower_bound,true,29,7129,MW,0,NaN,
20260811_121452_stage_B_2C_4168a6e9,INEQ-UPPER-D020-H08-PF01,inequality,20,8,thermal,1,pf_upper_bound,true,30,7130,MW,0,NaN,
20260811_121452_stage_B_2C_4168a6e9,INEQ-LOWER-D020-H08-PF02,inequality,20,8,thermal,2,pf_lower_bound,true,31,7131,MW,0,NaN,
20260811_121452_stage_B_2C_4168a6e9,INEQ-UPPER-D020-H08-PF02,inequality,20,8,thermal,2,pf_upper_bound,true,32,7132,MW,0,NaN,
20260811_121452_stage_B_2C_4168a6e9,INEQ-LOWER-D020-H08-PF03,inequality,20,8,thermal,3,pf_lower_bound,true,33,7133,MW,0,NaN,
20260811_121452_stage_B_2C_4168a6e9,INEQ-UPPER-D020-H08-PF03,inequality,20,8,thermal,3,pf_upper_bound,true,34,7134,MW,0,NaN,
20260811_121452_stage_B_2C_4168a6e9,INEQ-LOWER-D020-H08-PF04,inequality,20,8,thermal,4,pf_lower_bound,true,35,7135,MW,0,NaN,
20260811_121452_stage_B_2C_4168a6e9,INEQ-UPPER-D020-H08-PF04,inequality,20,8,thermal,4,pf_upper_bound,true,36,7136,MW,0,NaN,
20260811_121452_stage_B_2C_4168a6e9,INEQ-LOWER-D020-H08-Pch01,inequality,20,8,storage,1,pch_lower_bound,true,37,7137,MW,0,NaN,
20260811_121452_stage_B_2C_4168a6e9,INEQ-UPPER-D020-H08-Pch01,inequality,20,8,storage,1,pch_upper_bound,true,38,7138,MW,0,NaN,
20260811_121452_stage_B_2C_4168a6e9,INEQ-LOWER-D020-H08-Pch02,inequality,20,8,storage,2,pch_lower_bound,true,39,7139,MW,0,NaN,
20260811_121452_stage_B_2C_4168a6e9,INEQ-UPPER-D020-H08-Pch02,inequality,20,8,storage,2,pch_upper_bound,true,40,7140,MW,0,NaN,
20260811_121452_stage_B_2C_4168a6e9,INEQ-LOWER-D020-H08-Pdis01,inequality,20,8,storage,1,pdis_lower_bound,true,41,7141,MW,0,NaN,
20260811_121452_stage_B_2C_4168a6e9,INEQ-UPPER-D020-H08-Pdis01,inequality,20,8,storage,1,pdis_upper_bound,true,42,7142,MW,0,NaN,
20260811_121452_stage_B_2C_4168a6e9,INEQ-LOWER-D020-H08-Pdis02,inequality,20,8,storage,2,pdis_lower_bound,true,43,7143,MW,0,NaN,
20260811_121452_stage_B_2C_4168a6e9,INEQ-UPPER-D020-H08-Pdis02,inequality,20,8,storage,2,pdis_upper_bound,true,44,7144,MW,0,NaN,
20260811_121452_stage_B_2C_4168a6e9,INEQ-LOWER-D020-H08-SOC01,inequality,20,8,storage,1,soc_lower_bound,true,45,7145,MWh,0,NaN,
20260811_121452_stage_B_2C_4168a6e9,INEQ-UPPER-D020-H08-SOC01,inequality,20,8,storage,1,soc_upper_bound,true,46,7146,MWh,0,NaN,
20260811_121452_stage_B_2C_4168a6e9,INEQ-LOWER-D020-H08-SOC02,inequality,20,8,storage,2,soc_lower_bound,true,47,7147,MWh,0,NaN,
20260811_121452_stage_B_2C_4168a6e9,INEQ-UPPER-D020-H08-SOC02,inequality,20,8,storage,2,soc_upper_bound,true,48,7148,MWh,0,NaN,
20260811_121452_stage_B_2C_4168a6e9,INEQ-LOWER-D020-H09-PW01,inequality,20,9,wind,1,pw_lower_bound,true,1,7149,MW,0,NaN,
20260811_121452_stage_B_2C_4168a6e9,INEQ-UPPER-D020-H09-PW01,inequality,20,9,wind,1,pw_upper_bound,true,2,7150,MW,0,NaN,
20260811_121452_stage_B_2C_4168a6e9,INEQ-LOWER-D020-H09-PW02,inequality,20,9,wind,2,pw_lower_bound,true,3,7151,MW,0,NaN,
20260811_121452_stage_B_2C_4168a6e9,INEQ-UPPER-D020-H09-PW02,inequality,20,9,wind,2,pw_upper_bound,true,4,7152,MW,0,NaN,
20260811_121452_stage_B_2C_4168a6e9,INEQ-LOWER-D020-H09-PW03,inequality,20,9,wind,3,pw_lower_bound,true,5,7153,MW,0,NaN,
20260811_121452_stage_B_2C_4168a6e9,INEQ-UPPER-D020-H09-PW03,inequality,20,9,wind,3,pw_upper_bound,true,6,7154,MW,0,NaN,
20260811_121452_stage_B_2C_4168a6e9,INEQ-LOWER-D020-H09-PW04,inequality,20,9,wind,4,pw_lower_bound,true,7,7155,MW,0,NaN,
20260811_121452_stage_B_2C_4168a6e9,INEQ-UPPER-D020-H09-PW04,inequality,20,9,wind,4,pw_upper_bound,true,8,7156,MW,0,NaN,
20260811_121452_stage_B_2C_4168a6e9,INEQ-LOWER-D020-H09-PW05,inequality,20,9,wind,5,pw_lower_bound,true,9,7157,MW,0,NaN,
20260811_121452_stage_B_2C_4168a6e9,INEQ-UPPER-D020-H09-PW05,inequality,20,9,wind,5,pw_upper_bound,true,10,7158,MW,0,NaN,
20260811_121452_stage_B_2C_4168a6e9,INEQ-LOWER-D020-H09-PP01,inequality,20,9,solar,1,pp_lower_bound,true,11,7159,MW,0,NaN,
20260811_121452_stage_B_2C_4168a6e9,INEQ-UPPER-D020-H09-PP01,inequality,20,9,solar,1,pp_upper_bound,true,12,7160,MW,0,NaN,
20260811_121452_stage_B_2C_4168a6e9,INEQ-LOWER-D020-H09-PP02,inequality,20,9,solar,2,pp_lower_bound,true,13,7161,MW,0,NaN,
20260811_121452_stage_B_2C_4168a6e9,INEQ-UPPER-D020-H09-PP02,inequality,20,9,solar,2,pp_upper_bound,true,14,7162,MW,0,NaN,
20260811_121452_stage_B_2C_4168a6e9,INEQ-LOWER-D020-H09-PP03,inequality,20,9,solar,3,pp_lower_bound,true,15,7163,MW,0,NaN,
20260811_121452_stage_B_2C_4168a6e9,INEQ-UPPER-D020-H09-PP03,inequality,20,9,solar,3,pp_upper_bound,true,16,7164,MW,0,NaN,
20260811_121452_stage_B_2C_4168a6e9,INEQ-LOWER-D020-H09-PP04,inequality,20,9,solar,4,pp_lower_bound,true,17,7165,MW,0,NaN,
20260811_121452_stage_B_2C_4168a6e9,INEQ-UPPER-D020-H09-PP04,inequality,20,9,solar,4,pp_upper_bound,true,18,7166,MW,0,NaN,
20260811_121452_stage_B_2C_4168a6e9,INEQ-LOWER-D020-H09-PP05,inequality,20,9,solar,5,pp_lower_bound,true,19,7167,MW,0,NaN,
20260811_121452_stage_B_2C_4168a6e9,INEQ-UPPER-D020-H09-PP05,inequality,20,9,solar,5,pp_upper_bound,true,20,7168,MW,0,NaN,
20260811_121452_stage_B_2C_4168a6e9,INEQ-LOWER-D020-H09-PH01,inequality,20,9,hydro,1,ph_lower_bound,true,21,7169,MW,0,NaN,
20260811_121452_stage_B_2C_4168a6e9,INEQ-UPPER-D020-H09-PH01,inequality,20,9,hydro,1,ph_upper_bound,true,22,7170,MW,0,NaN,
20260811_121452_stage_B_2C_4168a6e9,INEQ-LOWER-D020-H09-PH02,inequality,20,9,hydro,2,ph_lower_bound,true,23,7171,MW,0,NaN,
20260811_121452_stage_B_2C_4168a6e9,INEQ-UPPER-D020-H09-PH02,inequality,20,9,hydro,2,ph_upper_bound,true,24,7172,MW,0,NaN,
20260811_121452_stage_B_2C_4168a6e9,INEQ-LOWER-D020-H09-PH03,inequality,20,9,hydro,3,ph_lower_bound,true,25,7173,MW,0,NaN,
20260811_121452_stage_B_2C_4168a6e9,INEQ-UPPER-D020-H09-PH03,inequality,20,9,hydro,3,ph_upper_bound,true,26,7174,MW,0,NaN,
20260811_121452_stage_B_2C_4168a6e9,INEQ-LOWER-D020-H09-PH04,inequality,20,9,hydro,4,ph_lower_bound,true,27,7175,MW,0,NaN,
20260811_121452_stage_B_2C_4168a6e9,INEQ-UPPER-D020-H09-PH04,inequality,20,9,hydro,4,ph_upper_bound,true,28,7176,MW,0,NaN,
20260811_121452_stage_B_2C_4168a6e9,INEQ-LOWER-D020-H09-PF01,inequality,20,9,thermal,1,pf_lower_bound,true,29,7177,MW,0,NaN,
20260811_121452_stage_B_2C_4168a6e9,INEQ-UPPER-D020-H09-PF01,inequality,20,9,thermal,1,pf_upper_bound,true,30,7178,MW,0,NaN,
20260811_121452_stage_B_2C_4168a6e9,INEQ-LOWER-D020-H09-PF02,inequality,20,9,thermal,2,pf_lower_bound,true,31,7179,MW,0,NaN,
20260811_121452_stage_B_2C_4168a6e9,INEQ-UPPER-D020-H09-PF02,inequality,20,9,thermal,2,pf_upper_bound,true,32,7180,MW,0,NaN,
20260811_121452_stage_B_2C_4168a6e9,INEQ-LOWER-D020-H09-PF03,inequality,20,9,thermal,3,pf_lower_bound,true,33,7181,MW,0,NaN,
20260811_121452_stage_B_2C_4168a6e9,INEQ-UPPER-D020-H09-PF03,inequality,20,9,thermal,3,pf_upper_bound,true,34,7182,MW,0,NaN,
20260811_121452_stage_B_2C_4168a6e9,INEQ-LOWER-D020-H09-PF04,inequality,20,9,thermal,4,pf_lower_bound,true,35,7183,MW,0,NaN,
20260811_121452_stage_B_2C_4168a6e9,INEQ-UPPER-D020-H09-PF04,inequality,20,9,thermal,4,pf_upper_bound,true,36,7184,MW,0,NaN,
20260811_121452_stage_B_2C_4168a6e9,INEQ-LOWER-D020-H09-Pch01,inequality,20,9,storage,1,pch_lower_bound,true,37,7185,MW,0,NaN,
20260811_121452_stage_B_2C_4168a6e9,INEQ-UPPER-D020-H09-Pch01,inequality,20,9,storage,1,pch_upper_bound,true,38,7186,MW,0,NaN,
20260811_121452_stage_B_2C_4168a6e9,INEQ-LOWER-D020-H09-Pch02,inequality,20,9,storage,2,pch_lower_bound,true,39,7187,MW,0,NaN,
20260811_121452_stage_B_2C_4168a6e9,INEQ-UPPER-D020-H09-Pch02,inequality,20,9,storage,2,pch_upper_bound,true,40,7188,MW,0,NaN,
20260811_121452_stage_B_2C_4168a6e9,INEQ-LOWER-D020-H09-Pdis01,inequality,20,9,storage,1,pdis_lower_bound,true,41,7189,MW,0,NaN,
20260811_121452_stage_B_2C_4168a6e9,INEQ-UPPER-D020-H09-Pdis01,inequality,20,9,storage,1,pdis_upper_bound,true,42,7190,MW,0,NaN,
20260811_121452_stage_B_2C_4168a6e9,INEQ-LOWER-D020-H09-Pdis02,inequality,20,9,storage,2,pdis_lower_bound,true,43,7191,MW,0,NaN,
20260811_121452_stage_B_2C_4168a6e9,INEQ-UPPER-D020-H09-Pdis02,inequality,20,9,storage,2,pdis_upper_bound,true,44,7192,MW,0,NaN,
20260811_121452_stage_B_2C_4168a6e9,INEQ-LOWER-D020-H09-SOC01,inequality,20,9,storage,1,soc_lower_bound,true,45,7193,MWh,0,NaN,
20260811_121452_stage_B_2C_4168a6e9,INEQ-UPPER-D020-H09-SOC01,inequality,20,9,storage,1,soc_upper_bound,true,46,7194,MWh,0,NaN,
20260811_121452_stage_B_2C_4168a6e9,INEQ-LOWER-D020-H09-SOC02,inequality,20,9,storage,2,soc_lower_bound,true,47,7195,MWh,0,NaN,
20260811_121452_stage_B_2C_4168a6e9,INEQ-UPPER-D020-H09-SOC02,inequality,20,9,storage,2,soc_upper_bound,true,48,7196,MWh,0,NaN,
20260811_121452_stage_B_2C_4168a6e9,INEQ-LOWER-D020-H10-PW01,inequality,20,10,wind,1,pw_lower_bound,true,1,7197,MW,0,NaN,
20260811_121452_stage_B_2C_4168a6e9,INEQ-UPPER-D020-H10-PW01,inequality,20,10,wind,1,pw_upper_bound,true,2,7198,MW,0,NaN,
20260811_121452_stage_B_2C_4168a6e9,INEQ-LOWER-D020-H10-PW02,inequality,20,10,wind,2,pw_lower_bound,true,3,7199,MW,0,NaN,
20260811_121452_stage_B_2C_4168a6e9,INEQ-UPPER-D020-H10-PW02,inequality,20,10,wind,2,pw_upper_bound,true,4,7200,MW,0,NaN,
20260811_121452_stage_B_2C_4168a6e9,INEQ-LOWER-D020-H10-PW03,inequality,20,10,wind,3,pw_lower_bound,true,5,7201,MW,0,NaN,
20260811_121452_stage_B_2C_4168a6e9,INEQ-UPPER-D020-H10-PW03,inequality,20,10,wind,3,pw_upper_bound,true,6,7202,MW,0,NaN,
20260811_121452_stage_B_2C_4168a6e9,INEQ-LOWER-D020-H10-PW04,inequality,20,10,wind,4,pw_lower_bound,true,7,7203,MW,0,NaN,
20260811_121452_stage_B_2C_4168a6e9,INEQ-UPPER-D020-H10-PW04,inequality,20,10,wind,4,pw_upper_bound,true,8,7204,MW,0,NaN,
20260811_121452_stage_B_2C_4168a6e9,INEQ-LOWER-D020-H10-PW05,inequality,20,10,wind,5,pw_lower_bound,true,9,7205,MW,0,NaN,
20260811_121452_stage_B_2C_4168a6e9,INEQ-UPPER-D020-H10-PW05,inequality,20,10,wind,5,pw_upper_bound,true,10,7206,MW,0,NaN,
20260811_121452_stage_B_2C_4168a6e9,INEQ-LOWER-D020-H10-PP01,inequality,20,10,solar,1,pp_lower_bound,true,11,7207,MW,0,NaN,
20260811_121452_stage_B_2C_4168a6e9,INEQ-UPPER-D020-H10-PP01,inequality,20,10,solar,1,pp_upper_bound,true,12,7208,MW,0,NaN,
20260811_121452_stage_B_2C_4168a6e9,INEQ-LOWER-D020-H10-PP02,inequality,20,10,solar,2,pp_lower_bound,true,13,7209,MW,0,NaN,
20260811_121452_stage_B_2C_4168a6e9,INEQ-UPPER-D020-H10-PP02,inequality,20,10,solar,2,pp_upper_bound,true,14,7210,MW,0,NaN,
20260811_121452_stage_B_2C_4168a6e9,INEQ-LOWER-D020-H10-PP03,inequality,20,10,solar,3,pp_lower_bound,true,15,7211,MW,0,NaN,
20260811_121452_stage_B_2C_4168a6e9,INEQ-UPPER-D020-H10-PP03,inequality,20,10,solar,3,pp_upper_bound,true,16,7212,MW,0,NaN,
20260811_121452_stage_B_2C_4168a6e9,INEQ-LOWER-D020-H10-PP04,inequality,20,10,solar,4,pp_lower_bound,true,17,7213,MW,0,NaN,
20260811_121452_stage_B_2C_4168a6e9,INEQ-UPPER-D020-H10-PP04,inequality,20,10,solar,4,pp_upper_bound,true,18,7214,MW,0,NaN,
20260811_121452_stage_B_2C_4168a6e9,INEQ-LOWER-D020-H10-PP05,inequality,20,10,solar,5,pp_lower_bound,true,19,7215,MW,0,NaN,
20260811_121452_stage_B_2C_4168a6e9,INEQ-UPPER-D020-H10-PP05,inequality,20,10,solar,5,pp_upper_bound,true,20,7216,MW,0,NaN,
20260811_121452_stage_B_2C_4168a6e9,INEQ-LOWER-D020-H10-PH01,inequality,20,10,hydro,1,ph_lower_bound,true,21,7217,MW,0,NaN,
20260811_121452_stage_B_2C_4168a6e9,INEQ-UPPER-D020-H10-PH01,inequality,20,10,hydro,1,ph_upper_bound,true,22,7218,MW,0,NaN,
20260811_121452_stage_B_2C_4168a6e9,INEQ-LOWER-D020-H10-PH02,inequality,20,10,hydro,2,ph_lower_bound,true,23,7219,MW,0,NaN,
20260811_121452_stage_B_2C_4168a6e9,INEQ-UPPER-D020-H10-PH02,inequality,20,10,hydro,2,ph_upper_bound,true,24,7220,MW,0,NaN,
20260811_121452_stage_B_2C_4168a6e9,INEQ-LOWER-D020-H10-PH03,inequality,20,10,hydro,3,ph_lower_bound,true,25,7221,MW,0,NaN,
20260811_121452_stage_B_2C_4168a6e9,INEQ-UPPER-D020-H10-PH03,inequality,20,10,hydro,3,ph_upper_bound,true,26,7222,MW,0,NaN,
20260811_121452_stage_B_2C_4168a6e9,INEQ-LOWER-D020-H10-PH04,inequality,20,10,hydro,4,ph_lower_bound,true,27,7223,MW,0,NaN,
20260811_121452_stage_B_2C_4168a6e9,INEQ-UPPER-D020-H10-PH04,inequality,20,10,hydro,4,ph_upper_bound,true,28,7224,MW,0,NaN,
20260811_121452_stage_B_2C_4168a6e9,INEQ-LOWER-D020-H10-PF01,inequality,20,10,thermal,1,pf_lower_bound,true,29,7225,MW,0,NaN,
20260811_121452_stage_B_2C_4168a6e9,INEQ-UPPER-D020-H10-PF01,inequality,20,10,thermal,1,pf_upper_bound,true,30,7226,MW,0,NaN,
20260811_121452_stage_B_2C_4168a6e9,INEQ-LOWER-D020-H10-PF02,inequality,20,10,thermal,2,pf_lower_bound,true,31,7227,MW,0,NaN,
20260811_121452_stage_B_2C_4168a6e9,INEQ-UPPER-D020-H10-PF02,inequality,20,10,thermal,2,pf_upper_bound,true,32,7228,MW,0,NaN,
20260811_121452_stage_B_2C_4168a6e9,INEQ-LOWER-D020-H10-PF03,inequality,20,10,thermal,3,pf_lower_bound,true,33,7229,MW,0,NaN,
20260811_121452_stage_B_2C_4168a6e9,INEQ-UPPER-D020-H10-PF03,inequality,20,10,thermal,3,pf_upper_bound,true,34,7230,MW,0,NaN,
20260811_121452_stage_B_2C_4168a6e9,INEQ-LOWER-D020-H10-PF04,inequality,20,10,thermal,4,pf_lower_bound,true,35,7231,MW,0,NaN,
20260811_121452_stage_B_2C_4168a6e9,INEQ-UPPER-D020-H10-PF04,inequality,20,10,thermal,4,pf_upper_bound,true,36,7232,MW,0,NaN,
20260811_121452_stage_B_2C_4168a6e9,INEQ-LOWER-D020-H10-Pch01,inequality,20,10,storage,1,pch_lower_bound,true,37,7233,MW,0,NaN,
20260811_121452_stage_B_2C_4168a6e9,INEQ-UPPER-D020-H10-Pch01,inequality,20,10,storage,1,pch_upper_bound,true,38,7234,MW,0,NaN,
20260811_121452_stage_B_2C_4168a6e9,INEQ-LOWER-D020-H10-Pch02,inequality,20,10,storage,2,pch_lower_bound,true,39,7235,MW,0,NaN,
20260811_121452_stage_B_2C_4168a6e9,INEQ-UPPER-D020-H10-Pch02,inequality,20,10,storage,2,pch_upper_bound,true,40,7236,MW,0,NaN,
20260811_121452_stage_B_2C_4168a6e9,INEQ-LOWER-D020-H10-Pdis01,inequality,20,10,storage,1,pdis_lower_bound,true,41,7237,MW,0,NaN,
20260811_121452_stage_B_2C_4168a6e9,INEQ-UPPER-D020-H10-Pdis01,inequality,20,10,storage,1,pdis_upper_bound,true,42,7238,MW,0,NaN,
20260811_121452_stage_B_2C_4168a6e9,INEQ-LOWER-D020-H10-Pdis02,inequality,20,10,storage,2,pdis_lower_bound,true,43,7239,MW,0,NaN,
20260811_121452_stage_B_2C_4168a6e9,INEQ-UPPER-D020-H10-Pdis02,inequality,20,10,storage,2,pdis_upper_bound,true,44,7240,MW,0,NaN,
20260811_121452_stage_B_2C_4168a6e9,INEQ-LOWER-D020-H10-SOC01,inequality,20,10,storage,1,soc_lower_bound,true,45,7241,MWh,0,NaN,
20260811_121452_stage_B_2C_4168a6e9,INEQ-UPPER-D020-H10-SOC01,inequality,20,10,storage,1,soc_upper_bound,true,46,7242,MWh,0,NaN,
20260811_121452_stage_B_2C_4168a6e9,INEQ-LOWER-D020-H10-SOC02,inequality,20,10,storage,2,soc_lower_bound,true,47,7243,MWh,0,NaN,
20260811_121452_stage_B_2C_4168a6e9,INEQ-UPPER-D020-H10-SOC02,inequality,20,10,storage,2,soc_upper_bound,true,48,7244,MWh,0,NaN,
20260811_121452_stage_B_2C_4168a6e9,INEQ-LOWER-D020-H11-PW01,inequality,20,11,wind,1,pw_lower_bound,true,1,7245,MW,0,NaN,
20260811_121452_stage_B_2C_4168a6e9,INEQ-UPPER-D020-H11-PW01,inequality,20,11,wind,1,pw_upper_bound,true,2,7246,MW,0,NaN,
20260811_121452_stage_B_2C_4168a6e9,INEQ-LOWER-D020-H11-PW02,inequality,20,11,wind,2,pw_lower_bound,true,3,7247,MW,0,NaN,
20260811_121452_stage_B_2C_4168a6e9,INEQ-UPPER-D020-H11-PW02,inequality,20,11,wind,2,pw_upper_bound,true,4,7248,MW,0,NaN,
20260811_121452_stage_B_2C_4168a6e9,INEQ-LOWER-D020-H11-PW03,inequality,20,11,wind,3,pw_lower_bound,true,5,7249,MW,0,NaN,
20260811_121452_stage_B_2C_4168a6e9,INEQ-UPPER-D020-H11-PW03,inequality,20,11,wind,3,pw_upper_bound,true,6,7250,MW,0,NaN,
20260811_121452_stage_B_2C_4168a6e9,INEQ-LOWER-D020-H11-PW04,inequality,20,11,wind,4,pw_lower_bound,true,7,7251,MW,0,NaN,
20260811_121452_stage_B_2C_4168a6e9,INEQ-UPPER-D020-H11-PW04,inequality,20,11,wind,4,pw_upper_bound,true,8,7252,MW,0,NaN,
20260811_121452_stage_B_2C_4168a6e9,INEQ-LOWER-D020-H11-PW05,inequality,20,11,wind,5,pw_lower_bound,true,9,7253,MW,0,NaN,
20260811_121452_stage_B_2C_4168a6e9,INEQ-UPPER-D020-H11-PW05,inequality,20,11,wind,5,pw_upper_bound,true,10,7254,MW,0,NaN,
20260811_121452_stage_B_2C_4168a6e9,INEQ-LOWER-D020-H11-PP01,inequality,20,11,solar,1,pp_lower_bound,true,11,7255,MW,0,NaN,
20260811_121452_stage_B_2C_4168a6e9,INEQ-UPPER-D020-H11-PP01,inequality,20,11,solar,1,pp_upper_bound,true,12,7256,MW,0,NaN,
20260811_121452_stage_B_2C_4168a6e9,INEQ-LOWER-D020-H11-PP02,inequality,20,11,solar,2,pp_lower_bound,true,13,7257,MW,0,NaN,
20260811_121452_stage_B_2C_4168a6e9,INEQ-UPPER-D020-H11-PP02,inequality,20,11,solar,2,pp_upper_bound,true,14,7258,MW,0,NaN,
20260811_121452_stage_B_2C_4168a6e9,INEQ-LOWER-D020-H11-PP03,inequality,20,11,solar,3,pp_lower_bound,true,15,7259,MW,0,NaN,
20260811_121452_stage_B_2C_4168a6e9,INEQ-UPPER-D020-H11-PP03,inequality,20,11,solar,3,pp_upper_bound,true,16,7260,MW,0,NaN,
20260811_121452_stage_B_2C_4168a6e9,INEQ-LOWER-D020-H11-PP04,inequality,20,11,solar,4,pp_lower_bound,true,17,7261,MW,0,NaN,
20260811_121452_stage_B_2C_4168a6e9,INEQ-UPPER-D020-H11-PP04,inequality,20,11,solar,4,pp_upper_bound,true,18,7262,MW,0,NaN,
20260811_121452_stage_B_2C_4168a6e9,INEQ-LOWER-D020-H11-PP05,inequality,20,11,solar,5,pp_lower_bound,true,19,7263,MW,0,NaN,
20260811_121452_stage_B_2C_4168a6e9,INEQ-UPPER-D020-H11-PP05,inequality,20,11,solar,5,pp_upper_bound,true,20,7264,MW,0,NaN,
20260811_121452_stage_B_2C_4168a6e9,INEQ-LOWER-D020-H11-PH01,inequality,20,11,hydro,1,ph_lower_bound,true,21,7265,MW,0,NaN,
20260811_121452_stage_B_2C_4168a6e9,INEQ-UPPER-D020-H11-PH01,inequality,20,11,hydro,1,ph_upper_bound,true,22,7266,MW,0,NaN,
20260811_121452_stage_B_2C_4168a6e9,INEQ-LOWER-D020-H11-PH02,inequality,20,11,hydro,2,ph_lower_bound,true,23,7267,MW,0,NaN,
20260811_121452_stage_B_2C_4168a6e9,INEQ-UPPER-D020-H11-PH02,inequality,20,11,hydro,2,ph_upper_bound,true,24,7268,MW,0,NaN,
20260811_121452_stage_B_2C_4168a6e9,INEQ-LOWER-D020-H11-PH03,inequality,20,11,hydro,3,ph_lower_bound,true,25,7269,MW,0,NaN,
20260811_121452_stage_B_2C_4168a6e9,INEQ-UPPER-D020-H11-PH03,inequality,20,11,hydro,3,ph_upper_bound,true,26,7270,MW,0,NaN,
20260811_121452_stage_B_2C_4168a6e9,INEQ-LOWER-D020-H11-PH04,inequality,20,11,hydro,4,ph_lower_bound,true,27,7271,MW,0,NaN,
20260811_121452_stage_B_2C_4168a6e9,INEQ-UPPER-D020-H11-PH04,inequality,20,11,hydro,4,ph_upper_bound,true,28,7272,MW,0,NaN,
20260811_121452_stage_B_2C_4168a6e9,INEQ-LOWER-D020-H11-PF01,inequality,20,11,thermal,1,pf_lower_bound,true,29,7273,MW,0,NaN,
20260811_121452_stage_B_2C_4168a6e9,INEQ-UPPER-D020-H11-PF01,inequality,20,11,thermal,1,pf_upper_bound,true,30,7274,MW,0,NaN,
20260811_121452_stage_B_2C_4168a6e9,INEQ-LOWER-D020-H11-PF02,inequality,20,11,thermal,2,pf_lower_bound,true,31,7275,MW,0,NaN,
20260811_121452_stage_B_2C_4168a6e9,INEQ-UPPER-D020-H11-PF02,inequality,20,11,thermal,2,pf_upper_bound,true,32,7276,MW,0,NaN,
20260811_121452_stage_B_2C_4168a6e9,INEQ-LOWER-D020-H11-PF03,inequality,20,11,thermal,3,pf_lower_bound,true,33,7277,MW,0,NaN,
20260811_121452_stage_B_2C_4168a6e9,INEQ-UPPER-D020-H11-PF03,inequality,20,11,thermal,3,pf_upper_bound,true,34,7278,MW,0,NaN,
20260811_121452_stage_B_2C_4168a6e9,INEQ-LOWER-D020-H11-PF04,inequality,20,11,thermal,4,pf_lower_bound,true,35,7279,MW,0,NaN,
20260811_121452_stage_B_2C_4168a6e9,INEQ-UPPER-D020-H11-PF04,inequality,20,11,thermal,4,pf_upper_bound,true,36,7280,MW,0,NaN,
20260811_121452_stage_B_2C_4168a6e9,INEQ-LOWER-D020-H11-Pch01,inequality,20,11,storage,1,pch_lower_bound,true,37,7281,MW,0,NaN,
20260811_121452_stage_B_2C_4168a6e9,INEQ-UPPER-D020-H11-Pch01,inequality,20,11,storage,1,pch_upper_bound,true,38,7282,MW,0,NaN,
20260811_121452_stage_B_2C_4168a6e9,INEQ-LOWER-D020-H11-Pch02,inequality,20,11,storage,2,pch_lower_bound,true,39,7283,MW,0,NaN,
20260811_121452_stage_B_2C_4168a6e9,INEQ-UPPER-D020-H11-Pch02,inequality,20,11,storage,2,pch_upper_bound,true,40,7284,MW,0,NaN,
20260811_121452_stage_B_2C_4168a6e9,INEQ-LOWER-D020-H11-Pdis01,inequality,20,11,storage,1,pdis_lower_bound,true,41,7285,MW,0,NaN,
20260811_121452_stage_B_2C_4168a6e9,INEQ-UPPER-D020-H11-Pdis01,inequality,20,11,storage,1,pdis_upper_bound,true,42,7286,MW,0,NaN,
20260811_121452_stage_B_2C_4168a6e9,INEQ-LOWER-D020-H11-Pdis02,inequality,20,11,storage,2,pdis_lower_bound,true,43,7287,MW,0,NaN,
20260811_121452_stage_B_2C_4168a6e9,INEQ-UPPER-D020-H11-Pdis02,inequality,20,11,storage,2,pdis_upper_bound,true,44,7288,MW,0,NaN,
20260811_121452_stage_B_2C_4168a6e9,INEQ-LOWER-D020-H11-SOC01,inequality,20,11,storage,1,soc_lower_bound,true,45,7289,MWh,0,NaN,
20260811_121452_stage_B_2C_4168a6e9,INEQ-UPPER-D020-H11-SOC01,inequality,20,11,storage,1,soc_upper_bound,true,46,7290,MWh,0,NaN,
20260811_121452_stage_B_2C_4168a6e9,INEQ-LOWER-D020-H11-SOC02,inequality,20,11,storage,2,soc_lower_bound,true,47,7291,MWh,0,NaN,
20260811_121452_stage_B_2C_4168a6e9,INEQ-UPPER-D020-H11-SOC02,inequality,20,11,storage,2,soc_upper_bound,true,48,7292,MWh,0,NaN,
20260811_121452_stage_B_2C_4168a6e9,INEQ-LOWER-D020-H12-PW01,inequality,20,12,wind,1,pw_lower_bound,true,1,7293,MW,0,NaN,
20260811_121452_stage_B_2C_4168a6e9,INEQ-UPPER-D020-H12-PW01,inequality,20,12,wind,1,pw_upper_bound,true,2,7294,MW,0,NaN,
20260811_121452_stage_B_2C_4168a6e9,INEQ-LOWER-D020-H12-PW02,inequality,20,12,wind,2,pw_lower_bound,true,3,7295,MW,0,NaN,
20260811_121452_stage_B_2C_4168a6e9,INEQ-UPPER-D020-H12-PW02,inequality,20,12,wind,2,pw_upper_bound,true,4,7296,MW,0,NaN,
20260811_121452_stage_B_2C_4168a6e9,INEQ-LOWER-D020-H12-PW03,inequality,20,12,wind,3,pw_lower_bound,true,5,7297,MW,0,NaN,
20260811_121452_stage_B_2C_4168a6e9,INEQ-UPPER-D020-H12-PW03,inequality,20,12,wind,3,pw_upper_bound,true,6,7298,MW,0,NaN,
20260811_121452_stage_B_2C_4168a6e9,INEQ-LOWER-D020-H12-PW04,inequality,20,12,wind,4,pw_lower_bound,true,7,7299,MW,0,NaN,
20260811_121452_stage_B_2C_4168a6e9,INEQ-UPPER-D020-H12-PW04,inequality,20,12,wind,4,pw_upper_bound,true,8,7300,MW,0,NaN,
20260811_121452_stage_B_2C_4168a6e9,INEQ-LOWER-D020-H12-PW05,inequality,20,12,wind,5,pw_lower_bound,true,9,7301,MW,0,NaN,
20260811_121452_stage_B_2C_4168a6e9,INEQ-UPPER-D020-H12-PW05,inequality,20,12,wind,5,pw_upper_bound,true,10,7302,MW,0,NaN,
20260811_121452_stage_B_2C_4168a6e9,INEQ-LOWER-D020-H12-PP01,inequality,20,12,solar,1,pp_lower_bound,true,11,7303,MW,0,NaN,
20260811_121452_stage_B_2C_4168a6e9,INEQ-UPPER-D020-H12-PP01,inequality,20,12,solar,1,pp_upper_bound,true,12,7304,MW,0,NaN,
20260811_121452_stage_B_2C_4168a6e9,INEQ-LOWER-D020-H12-PP02,inequality,20,12,solar,2,pp_lower_bound,true,13,7305,MW,0,NaN,
20260811_121452_stage_B_2C_4168a6e9,INEQ-UPPER-D020-H12-PP02,inequality,20,12,solar,2,pp_upper_bound,true,14,7306,MW,0,NaN,
20260811_121452_stage_B_2C_4168a6e9,INEQ-LOWER-D020-H12-PP03,inequality,20,12,solar,3,pp_lower_bound,true,15,7307,MW,0,NaN,
20260811_121452_stage_B_2C_4168a6e9,INEQ-UPPER-D020-H12-PP03,inequality,20,12,solar,3,pp_upper_bound,true,16,7308,MW,0,NaN,
20260811_121452_stage_B_2C_4168a6e9,INEQ-LOWER-D020-H12-PP04,inequality,20,12,solar,4,pp_lower_bound,true,17,7309,MW,0,NaN,
20260811_121452_stage_B_2C_4168a6e9,INEQ-UPPER-D020-H12-PP04,inequality,20,12,solar,4,pp_upper_bound,true,18,7310,MW,0,NaN,
20260811_121452_stage_B_2C_4168a6e9,INEQ-LOWER-D020-H12-PP05,inequality,20,12,solar,5,pp_lower_bound,true,19,7311,MW,0,NaN,
20260811_121452_stage_B_2C_4168a6e9,INEQ-UPPER-D020-H12-PP05,inequality,20,12,solar,5,pp_upper_bound,true,20,7312,MW,0,NaN,
20260811_121452_stage_B_2C_4168a6e9,INEQ-LOWER-D020-H12-PH01,inequality,20,12,hydro,1,ph_lower_bound,true,21,7313,MW,0,NaN,
20260811_121452_stage_B_2C_4168a6e9,INEQ-UPPER-D020-H12-PH01,inequality,20,12,hydro,1,ph_upper_bound,true,22,7314,MW,0,NaN,
20260811_121452_stage_B_2C_4168a6e9,INEQ-LOWER-D020-H12-PH02,inequality,20,12,hydro,2,ph_lower_bound,true,23,7315,MW,0,NaN,
20260811_121452_stage_B_2C_4168a6e9,INEQ-UPPER-D020-H12-PH02,inequality,20,12,hydro,2,ph_upper_bound,true,24,7316,MW,0,NaN,
20260811_121452_stage_B_2C_4168a6e9,INEQ-LOWER-D020-H12-PH03,inequality,20,12,hydro,3,ph_lower_bound,true,25,7317,MW,0,NaN,
20260811_121452_stage_B_2C_4168a6e9,INEQ-UPPER-D020-H12-PH03,inequality,20,12,hydro,3,ph_upper_bound,true,26,7318,MW,0,NaN,
20260811_121452_stage_B_2C_4168a6e9,INEQ-LOWER-D020-H12-PH04,inequality,20,12,hydro,4,ph_lower_bound,true,27,7319,MW,0,NaN,
20260811_121452_stage_B_2C_4168a6e9,INEQ-UPPER-D020-H12-PH04,inequality,20,12,hydro,4,ph_upper_bound,true,28,7320,MW,0,NaN,
20260811_121452_stage_B_2C_4168a6e9,INEQ-LOWER-D020-H12-PF01,inequality,20,12,thermal,1,pf_lower_bound,true,29,7321,MW,0,NaN,
20260811_121452_stage_B_2C_4168a6e9,INEQ-UPPER-D020-H12-PF01,inequality,20,12,thermal,1,pf_upper_bound,true,30,7322,MW,0,NaN,
20260811_121452_stage_B_2C_4168a6e9,INEQ-LOWER-D020-H12-PF02,inequality,20,12,thermal,2,pf_lower_bound,true,31,7323,MW,0,NaN,
20260811_121452_stage_B_2C_4168a6e9,INEQ-UPPER-D020-H12-PF02,inequality,20,12,thermal,2,pf_upper_bound,true,32,7324,MW,0,NaN,
20260811_121452_stage_B_2C_4168a6e9,INEQ-LOWER-D020-H12-PF03,inequality,20,12,thermal,3,pf_lower_bound,true,33,7325,MW,0,NaN,
20260811_121452_stage_B_2C_4168a6e9,INEQ-UPPER-D020-H12-PF03,inequality,20,12,thermal,3,pf_upper_bound,true,34,7326,MW,0,NaN,
20260811_121452_stage_B_2C_4168a6e9,INEQ-LOWER-D020-H12-PF04,inequality,20,12,thermal,4,pf_lower_bound,true,35,7327,MW,0,NaN,
20260811_121452_stage_B_2C_4168a6e9,INEQ-UPPER-D020-H12-PF04,inequality,20,12,thermal,4,pf_upper_bound,true,36,7328,MW,0,NaN,
20260811_121452_stage_B_2C_4168a6e9,INEQ-LOWER-D020-H12-Pch01,inequality,20,12,storage,1,pch_lower_bound,true,37,7329,MW,0,NaN,
20260811_121452_stage_B_2C_4168a6e9,INEQ-UPPER-D020-H12-Pch01,inequality,20,12,storage,1,pch_upper_bound,true,38,7330,MW,0,NaN,
20260811_121452_stage_B_2C_4168a6e9,INEQ-LOWER-D020-H12-Pch02,inequality,20,12,storage,2,pch_lower_bound,true,39,7331,MW,0,NaN,
20260811_121452_stage_B_2C_4168a6e9,INEQ-UPPER-D020-H12-Pch02,inequality,20,12,storage,2,pch_upper_bound,true,40,7332,MW,0,NaN,
20260811_121452_stage_B_2C_4168a6e9,INEQ-LOWER-D020-H12-Pdis01,inequality,20,12,storage,1,pdis_lower_bound,true,41,7333,MW,0,NaN,
20260811_121452_stage_B_2C_4168a6e9,INEQ-UPPER-D020-H12-Pdis01,inequality,20,12,storage,1,pdis_upper_bound,true,42,7334,MW,0,NaN,
20260811_121452_stage_B_2C_4168a6e9,INEQ-LOWER-D020-H12-Pdis02,inequality,20,12,storage,2,pdis_lower_bound,true,43,7335,MW,0,NaN,
20260811_121452_stage_B_2C_4168a6e9,INEQ-UPPER-D020-H12-Pdis02,inequality,20,12,storage,2,pdis_upper_bound,true,44,7336,MW,0,NaN,
20260811_121452_stage_B_2C_4168a6e9,INEQ-LOWER-D020-H12-SOC01,inequality,20,12,storage,1,soc_lower_bound,true,45,7337,MWh,0,NaN,
20260811_121452_stage_B_2C_4168a6e9,INEQ-UPPER-D020-H12-SOC01,inequality,20,12,storage,1,soc_upper_bound,true,46,7338,MWh,0,NaN,
20260811_121452_stage_B_2C_4168a6e9,INEQ-LOWER-D020-H12-SOC02,inequality,20,12,storage,2,soc_lower_bound,true,47,7339,MWh,0,NaN,
20260811_121452_stage_B_2C_4168a6e9,INEQ-UPPER-D020-H12-SOC02,inequality,20,12,storage,2,soc_upper_bound,true,48,7340,MWh,0,NaN,
20260811_121452_stage_B_2C_4168a6e9,INEQ-LOWER-D020-H13-PW01,inequality,20,13,wind,1,pw_lower_bound,true,1,7341,MW,0,NaN,
20260811_121452_stage_B_2C_4168a6e9,INEQ-UPPER-D020-H13-PW01,inequality,20,13,wind,1,pw_upper_bound,true,2,7342,MW,0,NaN,
20260811_121452_stage_B_2C_4168a6e9,INEQ-LOWER-D020-H13-PW02,inequality,20,13,wind,2,pw_lower_bound,true,3,7343,MW,0,NaN,
20260811_121452_stage_B_2C_4168a6e9,INEQ-UPPER-D020-H13-PW02,inequality,20,13,wind,2,pw_upper_bound,true,4,7344,MW,0,NaN,
20260811_121452_stage_B_2C_4168a6e9,INEQ-LOWER-D020-H13-PW03,inequality,20,13,wind,3,pw_lower_bound,true,5,7345,MW,0,NaN,
20260811_121452_stage_B_2C_4168a6e9,INEQ-UPPER-D020-H13-PW03,inequality,20,13,wind,3,pw_upper_bound,true,6,7346,MW,0,NaN,
20260811_121452_stage_B_2C_4168a6e9,INEQ-LOWER-D020-H13-PW04,inequality,20,13,wind,4,pw_lower_bound,true,7,7347,MW,0,NaN,
20260811_121452_stage_B_2C_4168a6e9,INEQ-UPPER-D020-H13-PW04,inequality,20,13,wind,4,pw_upper_bound,true,8,7348,MW,0,NaN,
20260811_121452_stage_B_2C_4168a6e9,INEQ-LOWER-D020-H13-PW05,inequality,20,13,wind,5,pw_lower_bound,true,9,7349,MW,0,NaN,
20260811_121452_stage_B_2C_4168a6e9,INEQ-UPPER-D020-H13-PW05,inequality,20,13,wind,5,pw_upper_bound,true,10,7350,MW,0,NaN,
20260811_121452_stage_B_2C_4168a6e9,INEQ-LOWER-D020-H13-PP01,inequality,20,13,solar,1,pp_lower_bound,true,11,7351,MW,0,NaN,
20260811_121452_stage_B_2C_4168a6e9,INEQ-UPPER-D020-H13-PP01,inequality,20,13,solar,1,pp_upper_bound,true,12,7352,MW,0,NaN,
20260811_121452_stage_B_2C_4168a6e9,INEQ-LOWER-D020-H13-PP02,inequality,20,13,solar,2,pp_lower_bound,true,13,7353,MW,0,NaN,
20260811_121452_stage_B_2C_4168a6e9,INEQ-UPPER-D020-H13-PP02,inequality,20,13,solar,2,pp_upper_bound,true,14,7354,MW,0,NaN,
20260811_121452_stage_B_2C_4168a6e9,INEQ-LOWER-D020-H13-PP03,inequality,20,13,solar,3,pp_lower_bound,true,15,7355,MW,0,NaN,
20260811_121452_stage_B_2C_4168a6e9,INEQ-UPPER-D020-H13-PP03,inequality,20,13,solar,3,pp_upper_bound,true,16,7356,MW,0,NaN,
20260811_121452_stage_B_2C_4168a6e9,INEQ-LOWER-D020-H13-PP04,inequality,20,13,solar,4,pp_lower_bound,true,17,7357,MW,0,NaN,
20260811_121452_stage_B_2C_4168a6e9,INEQ-UPPER-D020-H13-PP04,inequality,20,13,solar,4,pp_upper_bound,true,18,7358,MW,0,NaN,
20260811_121452_stage_B_2C_4168a6e9,INEQ-LOWER-D020-H13-PP05,inequality,20,13,solar,5,pp_lower_bound,true,19,7359,MW,0,NaN,
20260811_121452_stage_B_2C_4168a6e9,INEQ-UPPER-D020-H13-PP05,inequality,20,13,solar,5,pp_upper_bound,true,20,7360,MW,0,NaN,
20260811_121452_stage_B_2C_4168a6e9,INEQ-LOWER-D020-H13-PH01,inequality,20,13,hydro,1,ph_lower_bound,true,21,7361,MW,0,NaN,
20260811_121452_stage_B_2C_4168a6e9,INEQ-UPPER-D020-H13-PH01,inequality,20,13,hydro,1,ph_upper_bound,true,22,7362,MW,0,NaN,
20260811_121452_stage_B_2C_4168a6e9,INEQ-LOWER-D020-H13-PH02,inequality,20,13,hydro,2,ph_lower_bound,true,23,7363,MW,0,NaN,
20260811_121452_stage_B_2C_4168a6e9,INEQ-UPPER-D020-H13-PH02,inequality,20,13,hydro,2,ph_upper_bound,true,24,7364,MW,0,NaN,
20260811_121452_stage_B_2C_4168a6e9,INEQ-LOWER-D020-H13-PH03,inequality,20,13,hydro,3,ph_lower_bound,true,25,7365,MW,0,NaN,
20260811_121452_stage_B_2C_4168a6e9,INEQ-UPPER-D020-H13-PH03,inequality,20,13,hydro,3,ph_upper_bound,true,26,7366,MW,0,NaN,
20260811_121452_stage_B_2C_4168a6e9,INEQ-LOWER-D020-H13-PH04,inequality,20,13,hydro,4,ph_lower_bound,true,27,7367,MW,0,NaN,
20260811_121452_stage_B_2C_4168a6e9,INEQ-UPPER-D020-H13-PH04,inequality,20,13,hydro,4,ph_upper_bound,true,28,7368,MW,0,NaN,
20260811_121452_stage_B_2C_4168a6e9,INEQ-LOWER-D020-H13-PF01,inequality,20,13,thermal,1,pf_lower_bound,true,29,7369,MW,0,NaN,
20260811_121452_stage_B_2C_4168a6e9,INEQ-UPPER-D020-H13-PF01,inequality,20,13,thermal,1,pf_upper_bound,true,30,7370,MW,0,NaN,
20260811_121452_stage_B_2C_4168a6e9,INEQ-LOWER-D020-H13-PF02,inequality,20,13,thermal,2,pf_lower_bound,true,31,7371,MW,0,NaN,
20260811_121452_stage_B_2C_4168a6e9,INEQ-UPPER-D020-H13-PF02,inequality,20,13,thermal,2,pf_upper_bound,true,32,7372,MW,0,NaN,
20260811_121452_stage_B_2C_4168a6e9,INEQ-LOWER-D020-H13-PF03,inequality,20,13,thermal,3,pf_lower_bound,true,33,7373,MW,0,NaN,
20260811_121452_stage_B_2C_4168a6e9,INEQ-UPPER-D020-H13-PF03,inequality,20,13,thermal,3,pf_upper_bound,true,34,7374,MW,0,NaN,
20260811_121452_stage_B_2C_4168a6e9,INEQ-LOWER-D020-H13-PF04,inequality,20,13,thermal,4,pf_lower_bound,true,35,7375,MW,0,NaN,
20260811_121452_stage_B_2C_4168a6e9,INEQ-UPPER-D020-H13-PF04,inequality,20,13,thermal,4,pf_upper_bound,true,36,7376,MW,0,NaN,
20260811_121452_stage_B_2C_4168a6e9,INEQ-LOWER-D020-H13-Pch01,inequality,20,13,storage,1,pch_lower_bound,true,37,7377,MW,0,NaN,
20260811_121452_stage_B_2C_4168a6e9,INEQ-UPPER-D020-H13-Pch01,inequality,20,13,storage,1,pch_upper_bound,true,38,7378,MW,0,NaN,
20260811_121452_stage_B_2C_4168a6e9,INEQ-LOWER-D020-H13-Pch02,inequality,20,13,storage,2,pch_lower_bound,true,39,7379,MW,0,NaN,
20260811_121452_stage_B_2C_4168a6e9,INEQ-UPPER-D020-H13-Pch02,inequality,20,13,storage,2,pch_upper_bound,true,40,7380,MW,0,NaN,
20260811_121452_stage_B_2C_4168a6e9,INEQ-LOWER-D020-H13-Pdis01,inequality,20,13,storage,1,pdis_lower_bound,true,41,7381,MW,0,NaN,
20260811_121452_stage_B_2C_4168a6e9,INEQ-UPPER-D020-H13-Pdis01,inequality,20,13,storage,1,pdis_upper_bound,true,42,7382,MW,0,NaN,
20260811_121452_stage_B_2C_4168a6e9,INEQ-LOWER-D020-H13-Pdis02,inequality,20,13,storage,2,pdis_lower_bound,true,43,7383,MW,0,NaN,
20260811_121452_stage_B_2C_4168a6e9,INEQ-UPPER-D020-H13-Pdis02,inequality,20,13,storage,2,pdis_upper_bound,true,44,7384,MW,0,NaN,
20260811_121452_stage_B_2C_4168a6e9,INEQ-LOWER-D020-H13-SOC01,inequality,20,13,storage,1,soc_lower_bound,true,45,7385,MWh,0,NaN,
20260811_121452_stage_B_2C_4168a6e9,INEQ-UPPER-D020-H13-SOC01,inequality,20,13,storage,1,soc_upper_bound,true,46,7386,MWh,0,NaN,
20260811_121452_stage_B_2C_4168a6e9,INEQ-LOWER-D020-H13-SOC02,inequality,20,13,storage,2,soc_lower_bound,true,47,7387,MWh,0,NaN,
20260811_121452_stage_B_2C_4168a6e9,INEQ-UPPER-D020-H13-SOC02,inequality,20,13,storage,2,soc_upper_bound,true,48,7388,MWh,0,NaN,
20260811_121452_stage_B_2C_4168a6e9,INEQ-LOWER-D020-H14-PW01,inequality,20,14,wind,1,pw_lower_bound,true,1,7389,MW,0,NaN,
20260811_121452_stage_B_2C_4168a6e9,INEQ-UPPER-D020-H14-PW01,inequality,20,14,wind,1,pw_upper_bound,true,2,7390,MW,0,NaN,
20260811_121452_stage_B_2C_4168a6e9,INEQ-LOWER-D020-H14-PW02,inequality,20,14,wind,2,pw_lower_bound,true,3,7391,MW,0,NaN,
20260811_121452_stage_B_2C_4168a6e9,INEQ-UPPER-D020-H14-PW02,inequality,20,14,wind,2,pw_upper_bound,true,4,7392,MW,0,NaN,
20260811_121452_stage_B_2C_4168a6e9,INEQ-LOWER-D020-H14-PW03,inequality,20,14,wind,3,pw_lower_bound,true,5,7393,MW,0,NaN,
20260811_121452_stage_B_2C_4168a6e9,INEQ-UPPER-D020-H14-PW03,inequality,20,14,wind,3,pw_upper_bound,true,6,7394,MW,0,NaN,
20260811_121452_stage_B_2C_4168a6e9,INEQ-LOWER-D020-H14-PW04,inequality,20,14,wind,4,pw_lower_bound,true,7,7395,MW,0,NaN,
20260811_121452_stage_B_2C_4168a6e9,INEQ-UPPER-D020-H14-PW04,inequality,20,14,wind,4,pw_upper_bound,true,8,7396,MW,0,NaN,
20260811_121452_stage_B_2C_4168a6e9,INEQ-LOWER-D020-H14-PW05,inequality,20,14,wind,5,pw_lower_bound,true,9,7397,MW,0,NaN,
20260811_121452_stage_B_2C_4168a6e9,INEQ-UPPER-D020-H14-PW05,inequality,20,14,wind,5,pw_upper_bound,true,10,7398,MW,0,NaN,
20260811_121452_stage_B_2C_4168a6e9,INEQ-LOWER-D020-H14-PP01,inequality,20,14,solar,1,pp_lower_bound,true,11,7399,MW,0,NaN,
20260811_121452_stage_B_2C_4168a6e9,INEQ-UPPER-D020-H14-PP01,inequality,20,14,solar,1,pp_upper_bound,true,12,7400,MW,0,NaN,
20260811_121452_stage_B_2C_4168a6e9,INEQ-LOWER-D020-H14-PP02,inequality,20,14,solar,2,pp_lower_bound,true,13,7401,MW,0,NaN,
20260811_121452_stage_B_2C_4168a6e9,INEQ-UPPER-D020-H14-PP02,inequality,20,14,solar,2,pp_upper_bound,true,14,7402,MW,0,NaN,
20260811_121452_stage_B_2C_4168a6e9,INEQ-LOWER-D020-H14-PP03,inequality,20,14,solar,3,pp_lower_bound,true,15,7403,MW,0,NaN,
20260811_121452_stage_B_2C_4168a6e9,INEQ-UPPER-D020-H14-PP03,inequality,20,14,solar,3,pp_upper_bound,true,16,7404,MW,0,NaN,
20260811_121452_stage_B_2C_4168a6e9,INEQ-LOWER-D020-H14-PP04,inequality,20,14,solar,4,pp_lower_bound,true,17,7405,MW,0,NaN,
20260811_121452_stage_B_2C_4168a6e9,INEQ-UPPER-D020-H14-PP04,inequality,20,14,solar,4,pp_upper_bound,true,18,7406,MW,0,NaN,
20260811_121452_stage_B_2C_4168a6e9,INEQ-LOWER-D020-H14-PP05,inequality,20,14,solar,5,pp_lower_bound,true,19,7407,MW,0,NaN,
20260811_121452_stage_B_2C_4168a6e9,INEQ-UPPER-D020-H14-PP05,inequality,20,14,solar,5,pp_upper_bound,true,20,7408,MW,0,NaN,
20260811_121452_stage_B_2C_4168a6e9,INEQ-LOWER-D020-H14-PH01,inequality,20,14,hydro,1,ph_lower_bound,true,21,7409,MW,0,NaN,
20260811_121452_stage_B_2C_4168a6e9,INEQ-UPPER-D020-H14-PH01,inequality,20,14,hydro,1,ph_upper_bound,true,22,7410,MW,0,NaN,
20260811_121452_stage_B_2C_4168a6e9,INEQ-LOWER-D020-H14-PH02,inequality,20,14,hydro,2,ph_lower_bound,true,23,7411,MW,0,NaN,
20260811_121452_stage_B_2C_4168a6e9,INEQ-UPPER-D020-H14-PH02,inequality,20,14,hydro,2,ph_upper_bound,true,24,7412,MW,0,NaN,
20260811_121452_stage_B_2C_4168a6e9,INEQ-LOWER-D020-H14-PH03,inequality,20,14,hydro,3,ph_lower_bound,true,25,7413,MW,0,NaN,
20260811_121452_stage_B_2C_4168a6e9,INEQ-UPPER-D020-H14-PH03,inequality,20,14,hydro,3,ph_upper_bound,true,26,7414,MW,0,NaN,
20260811_121452_stage_B_2C_4168a6e9,INEQ-LOWER-D020-H14-PH04,inequality,20,14,hydro,4,ph_lower_bound,true,27,7415,MW,0,NaN,
20260811_121452_stage_B_2C_4168a6e9,INEQ-UPPER-D020-H14-PH04,inequality,20,14,hydro,4,ph_upper_bound,true,28,7416,MW,0,NaN,
20260811_121452_stage_B_2C_4168a6e9,INEQ-LOWER-D020-H14-PF01,inequality,20,14,thermal,1,pf_lower_bound,true,29,7417,MW,0,NaN,
20260811_121452_stage_B_2C_4168a6e9,INEQ-UPPER-D020-H14-PF01,inequality,20,14,thermal,1,pf_upper_bound,true,30,7418,MW,0,NaN,
20260811_121452_stage_B_2C_4168a6e9,INEQ-LOWER-D020-H14-PF02,inequality,20,14,thermal,2,pf_lower_bound,true,31,7419,MW,0,NaN,
20260811_121452_stage_B_2C_4168a6e9,INEQ-UPPER-D020-H14-PF02,inequality,20,14,thermal,2,pf_upper_bound,true,32,7420,MW,0,NaN,
20260811_121452_stage_B_2C_4168a6e9,INEQ-LOWER-D020-H14-PF03,inequality,20,14,thermal,3,pf_lower_bound,true,33,7421,MW,0,NaN,
20260811_121452_stage_B_2C_4168a6e9,INEQ-UPPER-D020-H14-PF03,inequality,20,14,thermal,3,pf_upper_bound,true,34,7422,MW,0,NaN,
20260811_121452_stage_B_2C_4168a6e9,INEQ-LOWER-D020-H14-PF04,inequality,20,14,thermal,4,pf_lower_bound,true,35,7423,MW,0,NaN,
20260811_121452_stage_B_2C_4168a6e9,INEQ-UPPER-D020-H14-PF04,inequality,20,14,thermal,4,pf_upper_bound,true,36,7424,MW,0,NaN,
20260811_121452_stage_B_2C_4168a6e9,INEQ-LOWER-D020-H14-Pch01,inequality,20,14,storage,1,pch_lower_bound,true,37,7425,MW,0,NaN,
20260811_121452_stage_B_2C_4168a6e9,INEQ-UPPER-D020-H14-Pch01,inequality,20,14,storage,1,pch_upper_bound,true,38,7426,MW,0,NaN,
20260811_121452_stage_B_2C_4168a6e9,INEQ-LOWER-D020-H14-Pch02,inequality,20,14,storage,2,pch_lower_bound,true,39,7427,MW,0,NaN,
20260811_121452_stage_B_2C_4168a6e9,INEQ-UPPER-D020-H14-Pch02,inequality,20,14,storage,2,pch_upper_bound,true,40,7428,MW,0,NaN,
20260811_121452_stage_B_2C_4168a6e9,INEQ-LOWER-D020-H14-Pdis01,inequality,20,14,storage,1,pdis_lower_bound,true,41,7429,MW,0,NaN,
20260811_121452_stage_B_2C_4168a6e9,INEQ-UPPER-D020-H14-Pdis01,inequality,20,14,storage,1,pdis_upper_bound,true,42,7430,MW,0,NaN,
20260811_121452_stage_B_2C_4168a6e9,INEQ-LOWER-D020-H14-Pdis02,inequality,20,14,storage,2,pdis_lower_bound,true,43,7431,MW,0,NaN,
20260811_121452_stage_B_2C_4168a6e9,INEQ-UPPER-D020-H14-Pdis02,inequality,20,14,storage,2,pdis_upper_bound,true,44,7432,MW,0,NaN,
20260811_121452_stage_B_2C_4168a6e9,INEQ-LOWER-D020-H14-SOC01,inequality,20,14,storage,1,soc_lower_bound,true,45,7433,MWh,0,NaN,
20260811_121452_stage_B_2C_4168a6e9,INEQ-UPPER-D020-H14-SOC01,inequality,20,14,storage,1,soc_upper_bound,true,46,7434,MWh,0,NaN,
20260811_121452_stage_B_2C_4168a6e9,INEQ-LOWER-D020-H14-SOC02,inequality,20,14,storage,2,soc_lower_bound,true,47,7435,MWh,0,NaN,
20260811_121452_stage_B_2C_4168a6e9,INEQ-UPPER-D020-H14-SOC02,inequality,20,14,storage,2,soc_upper_bound,true,48,7436,MWh,0,NaN,
20260811_121452_stage_B_2C_4168a6e9,INEQ-LOWER-D020-H15-PW01,inequality,20,15,wind,1,pw_lower_bound,true,1,7437,MW,0,NaN,
20260811_121452_stage_B_2C_4168a6e9,INEQ-UPPER-D020-H15-PW01,inequality,20,15,wind,1,pw_upper_bound,true,2,7438,MW,0,NaN,
20260811_121452_stage_B_2C_4168a6e9,INEQ-LOWER-D020-H15-PW02,inequality,20,15,wind,2,pw_lower_bound,true,3,7439,MW,0,NaN,
20260811_121452_stage_B_2C_4168a6e9,INEQ-UPPER-D020-H15-PW02,inequality,20,15,wind,2,pw_upper_bound,true,4,7440,MW,0,NaN,
20260811_121452_stage_B_2C_4168a6e9,INEQ-LOWER-D020-H15-PW03,inequality,20,15,wind,3,pw_lower_bound,true,5,7441,MW,0,NaN,
20260811_121452_stage_B_2C_4168a6e9,INEQ-UPPER-D020-H15-PW03,inequality,20,15,wind,3,pw_upper_bound,true,6,7442,MW,0,NaN,
20260811_121452_stage_B_2C_4168a6e9,INEQ-LOWER-D020-H15-PW04,inequality,20,15,wind,4,pw_lower_bound,true,7,7443,MW,0,NaN,
20260811_121452_stage_B_2C_4168a6e9,INEQ-UPPER-D020-H15-PW04,inequality,20,15,wind,4,pw_upper_bound,true,8,7444,MW,0,NaN,
20260811_121452_stage_B_2C_4168a6e9,INEQ-LOWER-D020-H15-PW05,inequality,20,15,wind,5,pw_lower_bound,true,9,7445,MW,0,NaN,
20260811_121452_stage_B_2C_4168a6e9,INEQ-UPPER-D020-H15-PW05,inequality,20,15,wind,5,pw_upper_bound,true,10,7446,MW,0,NaN,
20260811_121452_stage_B_2C_4168a6e9,INEQ-LOWER-D020-H15-PP01,inequality,20,15,solar,1,pp_lower_bound,true,11,7447,MW,0,NaN,
20260811_121452_stage_B_2C_4168a6e9,INEQ-UPPER-D020-H15-PP01,inequality,20,15,solar,1,pp_upper_bound,true,12,7448,MW,0,NaN,
20260811_121452_stage_B_2C_4168a6e9,INEQ-LOWER-D020-H15-PP02,inequality,20,15,solar,2,pp_lower_bound,true,13,7449,MW,0,NaN,
20260811_121452_stage_B_2C_4168a6e9,INEQ-UPPER-D020-H15-PP02,inequality,20,15,solar,2,pp_upper_bound,true,14,7450,MW,0,NaN,
20260811_121452_stage_B_2C_4168a6e9,INEQ-LOWER-D020-H15-PP03,inequality,20,15,solar,3,pp_lower_bound,true,15,7451,MW,0,NaN,
20260811_121452_stage_B_2C_4168a6e9,INEQ-UPPER-D020-H15-PP03,inequality,20,15,solar,3,pp_upper_bound,true,16,7452,MW,0,NaN,
20260811_121452_stage_B_2C_4168a6e9,INEQ-LOWER-D020-H15-PP04,inequality,20,15,solar,4,pp_lower_bound,true,17,7453,MW,0,NaN,
20260811_121452_stage_B_2C_4168a6e9,INEQ-UPPER-D020-H15-PP04,inequality,20,15,solar,4,pp_upper_bound,true,18,7454,MW,0,NaN,
20260811_121452_stage_B_2C_4168a6e9,INEQ-LOWER-D020-H15-PP05,inequality,20,15,solar,5,pp_lower_bound,true,19,7455,MW,0,NaN,
20260811_121452_stage_B_2C_4168a6e9,INEQ-UPPER-D020-H15-PP05,inequality,20,15,solar,5,pp_upper_bound,true,20,7456,MW,0,NaN,
20260811_121452_stage_B_2C_4168a6e9,INEQ-LOWER-D020-H15-PH01,inequality,20,15,hydro,1,ph_lower_bound,true,21,7457,MW,0,NaN,
20260811_121452_stage_B_2C_4168a6e9,INEQ-UPPER-D020-H15-PH01,inequality,20,15,hydro,1,ph_upper_bound,true,22,7458,MW,0,NaN,
20260811_121452_stage_B_2C_4168a6e9,INEQ-LOWER-D020-H15-PH02,inequality,20,15,hydro,2,ph_lower_bound,true,23,7459,MW,0,NaN,
20260811_121452_stage_B_2C_4168a6e9,INEQ-UPPER-D020-H15-PH02,inequality,20,15,hydro,2,ph_upper_bound,true,24,7460,MW,0,NaN,
20260811_121452_stage_B_2C_4168a6e9,INEQ-LOWER-D020-H15-PH03,inequality,20,15,hydro,3,ph_lower_bound,true,25,7461,MW,0,NaN,
20260811_121452_stage_B_2C_4168a6e9,INEQ-UPPER-D020-H15-PH03,inequality,20,15,hydro,3,ph_upper_bound,true,26,7462,MW,0,NaN,
20260811_121452_stage_B_2C_4168a6e9,INEQ-LOWER-D020-H15-PH04,inequality,20,15,hydro,4,ph_lower_bound,true,27,7463,MW,0,NaN,
20260811_121452_stage_B_2C_4168a6e9,INEQ-UPPER-D020-H15-PH04,inequality,20,15,hydro,4,ph_upper_bound,true,28,7464,MW,0,NaN,
20260811_121452_stage_B_2C_4168a6e9,INEQ-LOWER-D020-H15-PF01,inequality,20,15,thermal,1,pf_lower_bound,true,29,7465,MW,0,NaN,
20260811_121452_stage_B_2C_4168a6e9,INEQ-UPPER-D020-H15-PF01,inequality,20,15,thermal,1,pf_upper_bound,true,30,7466,MW,0,NaN,
20260811_121452_stage_B_2C_4168a6e9,INEQ-LOWER-D020-H15-PF02,inequality,20,15,thermal,2,pf_lower_bound,true,31,7467,MW,0,NaN,
20260811_121452_stage_B_2C_4168a6e9,INEQ-UPPER-D020-H15-PF02,inequality,20,15,thermal,2,pf_upper_bound,true,32,7468,MW,0,NaN,
20260811_121452_stage_B_2C_4168a6e9,INEQ-LOWER-D020-H15-PF03,inequality,20,15,thermal,3,pf_lower_bound,true,33,7469,MW,0,NaN,
20260811_121452_stage_B_2C_4168a6e9,INEQ-UPPER-D020-H15-PF03,inequality,20,15,thermal,3,pf_upper_bound,true,34,7470,MW,0,NaN,
20260811_121452_stage_B_2C_4168a6e9,INEQ-LOWER-D020-H15-PF04,inequality,20,15,thermal,4,pf_lower_bound,true,35,7471,MW,0,NaN,
20260811_121452_stage_B_2C_4168a6e9,INEQ-UPPER-D020-H15-PF04,inequality,20,15,thermal,4,pf_upper_bound,true,36,7472,MW,0,NaN,
20260811_121452_stage_B_2C_4168a6e9,INEQ-LOWER-D020-H15-Pch01,inequality,20,15,storage,1,pch_lower_bound,true,37,7473,MW,0,NaN,
20260811_121452_stage_B_2C_4168a6e9,INEQ-UPPER-D020-H15-Pch01,inequality,20,15,storage,1,pch_upper_bound,true,38,7474,MW,0,NaN,
20260811_121452_stage_B_2C_4168a6e9,INEQ-LOWER-D020-H15-Pch02,inequality,20,15,storage,2,pch_lower_bound,true,39,7475,MW,0,NaN,
20260811_121452_stage_B_2C_4168a6e9,INEQ-UPPER-D020-H15-Pch02,inequality,20,15,storage,2,pch_upper_bound,true,40,7476,MW,0,NaN,
20260811_121452_stage_B_2C_4168a6e9,INEQ-LOWER-D020-H15-Pdis01,inequality,20,15,storage,1,pdis_lower_bound,true,41,7477,MW,0,NaN,
20260811_121452_stage_B_2C_4168a6e9,INEQ-UPPER-D020-H15-Pdis01,inequality,20,15,storage,1,pdis_upper_bound,true,42,7478,MW,0,NaN,
20260811_121452_stage_B_2C_4168a6e9,INEQ-LOWER-D020-H15-Pdis02,inequality,20,15,storage,2,pdis_lower_bound,true,43,7479,MW,0,NaN,
20260811_121452_stage_B_2C_4168a6e9,INEQ-UPPER-D020-H15-Pdis02,inequality,20,15,storage,2,pdis_upper_bound,true,44,7480,MW,0,NaN,
20260811_121452_stage_B_2C_4168a6e9,INEQ-LOWER-D020-H15-SOC01,inequality,20,15,storage,1,soc_lower_bound,true,45,7481,MWh,0,NaN,
20260811_121452_stage_B_2C_4168a6e9,INEQ-UPPER-D020-H15-SOC01,inequality,20,15,storage,1,soc_upper_bound,true,46,7482,MWh,0,NaN,
20260811_121452_stage_B_2C_4168a6e9,INEQ-LOWER-D020-H15-SOC02,inequality,20,15,storage,2,soc_lower_bound,true,47,7483,MWh,0,NaN,
20260811_121452_stage_B_2C_4168a6e9,INEQ-UPPER-D020-H15-SOC02,inequality,20,15,storage,2,soc_upper_bound,true,48,7484,MWh,0,NaN,
20260811_121452_stage_B_2C_4168a6e9,INEQ-LOWER-D020-H16-PW01,inequality,20,16,wind,1,pw_lower_bound,true,1,7485,MW,0,NaN,
20260811_121452_stage_B_2C_4168a6e9,INEQ-UPPER-D020-H16-PW01,inequality,20,16,wind,1,pw_upper_bound,true,2,7486,MW,0,NaN,
20260811_121452_stage_B_2C_4168a6e9,INEQ-LOWER-D020-H16-PW02,inequality,20,16,wind,2,pw_lower_bound,true,3,7487,MW,0,NaN,
20260811_121452_stage_B_2C_4168a6e9,INEQ-UPPER-D020-H16-PW02,inequality,20,16,wind,2,pw_upper_bound,true,4,7488,MW,0,NaN,
20260811_121452_stage_B_2C_4168a6e9,INEQ-LOWER-D020-H16-PW03,inequality,20,16,wind,3,pw_lower_bound,true,5,7489,MW,0,NaN,
20260811_121452_stage_B_2C_4168a6e9,INEQ-UPPER-D020-H16-PW03,inequality,20,16,wind,3,pw_upper_bound,true,6,7490,MW,0,NaN,
20260811_121452_stage_B_2C_4168a6e9,INEQ-LOWER-D020-H16-PW04,inequality,20,16,wind,4,pw_lower_bound,true,7,7491,MW,0,NaN,
20260811_121452_stage_B_2C_4168a6e9,INEQ-UPPER-D020-H16-PW04,inequality,20,16,wind,4,pw_upper_bound,true,8,7492,MW,0,NaN,
20260811_121452_stage_B_2C_4168a6e9,INEQ-LOWER-D020-H16-PW05,inequality,20,16,wind,5,pw_lower_bound,true,9,7493,MW,0,NaN,
20260811_121452_stage_B_2C_4168a6e9,INEQ-UPPER-D020-H16-PW05,inequality,20,16,wind,5,pw_upper_bound,true,10,7494,MW,0,NaN,
20260811_121452_stage_B_2C_4168a6e9,INEQ-LOWER-D020-H16-PP01,inequality,20,16,solar,1,pp_lower_bound,true,11,7495,MW,0,NaN,
20260811_121452_stage_B_2C_4168a6e9,INEQ-UPPER-D020-H16-PP01,inequality,20,16,solar,1,pp_upper_bound,true,12,7496,MW,0,NaN,
20260811_121452_stage_B_2C_4168a6e9,INEQ-LOWER-D020-H16-PP02,inequality,20,16,solar,2,pp_lower_bound,true,13,7497,MW,0,NaN,
20260811_121452_stage_B_2C_4168a6e9,INEQ-UPPER-D020-H16-PP02,inequality,20,16,solar,2,pp_upper_bound,true,14,7498,MW,0,NaN,
20260811_121452_stage_B_2C_4168a6e9,INEQ-LOWER-D020-H16-PP03,inequality,20,16,solar,3,pp_lower_bound,true,15,7499,MW,0,NaN,
20260811_121452_stage_B_2C_4168a6e9,INEQ-UPPER-D020-H16-PP03,inequality,20,16,solar,3,pp_upper_bound,true,16,7500,MW,0,NaN,
20260811_121452_stage_B_2C_4168a6e9,INEQ-LOWER-D020-H16-PP04,inequality,20,16,solar,4,pp_lower_bound,true,17,7501,MW,0,NaN,
20260811_121452_stage_B_2C_4168a6e9,INEQ-UPPER-D020-H16-PP04,inequality,20,16,solar,4,pp_upper_bound,true,18,7502,MW,0,NaN,
20260811_121452_stage_B_2C_4168a6e9,INEQ-LOWER-D020-H16-PP05,inequality,20,16,solar,5,pp_lower_bound,true,19,7503,MW,0,NaN,
20260811_121452_stage_B_2C_4168a6e9,INEQ-UPPER-D020-H16-PP05,inequality,20,16,solar,5,pp_upper_bound,true,20,7504,MW,0,NaN,
20260811_121452_stage_B_2C_4168a6e9,INEQ-LOWER-D020-H16-PH01,inequality,20,16,hydro,1,ph_lower_bound,true,21,7505,MW,0,NaN,
20260811_121452_stage_B_2C_4168a6e9,INEQ-UPPER-D020-H16-PH01,inequality,20,16,hydro,1,ph_upper_bound,true,22,7506,MW,0,NaN,
20260811_121452_stage_B_2C_4168a6e9,INEQ-LOWER-D020-H16-PH02,inequality,20,16,hydro,2,ph_lower_bound,true,23,7507,MW,0,NaN,
20260811_121452_stage_B_2C_4168a6e9,INEQ-UPPER-D020-H16-PH02,inequality,20,16,hydro,2,ph_upper_bound,true,24,7508,MW,0,NaN,
20260811_121452_stage_B_2C_4168a6e9,INEQ-LOWER-D020-H16-PH03,inequality,20,16,hydro,3,ph_lower_bound,true,25,7509,MW,0,NaN,
20260811_121452_stage_B_2C_4168a6e9,INEQ-UPPER-D020-H16-PH03,inequality,20,16,hydro,3,ph_upper_bound,true,26,7510,MW,0,NaN,
20260811_121452_stage_B_2C_4168a6e9,INEQ-LOWER-D020-H16-PH04,inequality,20,16,hydro,4,ph_lower_bound,true,27,7511,MW,0,NaN,
20260811_121452_stage_B_2C_4168a6e9,INEQ-UPPER-D020-H16-PH04,inequality,20,16,hydro,4,ph_upper_bound,true,28,7512,MW,0,NaN,
20260811_121452_stage_B_2C_4168a6e9,INEQ-LOWER-D020-H16-PF01,inequality,20,16,thermal,1,pf_lower_bound,true,29,7513,MW,0,NaN,
20260811_121452_stage_B_2C_4168a6e9,INEQ-UPPER-D020-H16-PF01,inequality,20,16,thermal,1,pf_upper_bound,true,30,7514,MW,0,NaN,
20260811_121452_stage_B_2C_4168a6e9,INEQ-LOWER-D020-H16-PF02,inequality,20,16,thermal,2,pf_lower_bound,true,31,7515,MW,0,NaN,
20260811_121452_stage_B_2C_4168a6e9,INEQ-UPPER-D020-H16-PF02,inequality,20,16,thermal,2,pf_upper_bound,true,32,7516,MW,0,NaN,
20260811_121452_stage_B_2C_4168a6e9,INEQ-LOWER-D020-H16-PF03,inequality,20,16,thermal,3,pf_lower_bound,true,33,7517,MW,0,NaN,
20260811_121452_stage_B_2C_4168a6e9,INEQ-UPPER-D020-H16-PF03,inequality,20,16,thermal,3,pf_upper_bound,true,34,7518,MW,0,NaN,
20260811_121452_stage_B_2C_4168a6e9,INEQ-LOWER-D020-H16-PF04,inequality,20,16,thermal,4,pf_lower_bound,true,35,7519,MW,0,NaN,
20260811_121452_stage_B_2C_4168a6e9,INEQ-UPPER-D020-H16-PF04,inequality,20,16,thermal,4,pf_upper_bound,true,36,7520,MW,0,NaN,
20260811_121452_stage_B_2C_4168a6e9,INEQ-LOWER-D020-H16-Pch01,inequality,20,16,storage,1,pch_lower_bound,true,37,7521,MW,0,NaN,
20260811_121452_stage_B_2C_4168a6e9,INEQ-UPPER-D020-H16-Pch01,inequality,20,16,storage,1,pch_upper_bound,true,38,7522,MW,0,NaN,
20260811_121452_stage_B_2C_4168a6e9,INEQ-LOWER-D020-H16-Pch02,inequality,20,16,storage,2,pch_lower_bound,true,39,7523,MW,0,NaN,
20260811_121452_stage_B_2C_4168a6e9,INEQ-UPPER-D020-H16-Pch02,inequality,20,16,storage,2,pch_upper_bound,true,40,7524,MW,0,NaN,
20260811_121452_stage_B_2C_4168a6e9,INEQ-LOWER-D020-H16-Pdis01,inequality,20,16,storage,1,pdis_lower_bound,true,41,7525,MW,0,NaN,
20260811_121452_stage_B_2C_4168a6e9,INEQ-UPPER-D020-H16-Pdis01,inequality,20,16,storage,1,pdis_upper_bound,true,42,7526,MW,0,NaN,
20260811_121452_stage_B_2C_4168a6e9,INEQ-LOWER-D020-H16-Pdis02,inequality,20,16,storage,2,pdis_lower_bound,true,43,7527,MW,0,NaN,
20260811_121452_stage_B_2C_4168a6e9,INEQ-UPPER-D020-H16-Pdis02,inequality,20,16,storage,2,pdis_upper_bound,true,44,7528,MW,0,NaN,
20260811_121452_stage_B_2C_4168a6e9,INEQ-LOWER-D020-H16-SOC01,inequality,20,16,storage,1,soc_lower_bound,true,45,7529,MWh,0,NaN,
20260811_121452_stage_B_2C_4168a6e9,INEQ-UPPER-D020-H16-SOC01,inequality,20,16,storage,1,soc_upper_bound,true,46,7530,MWh,0,NaN,
20260811_121452_stage_B_2C_4168a6e9,INEQ-LOWER-D020-H16-SOC02,inequality,20,16,storage,2,soc_lower_bound,true,47,7531,MWh,0,NaN,
20260811_121452_stage_B_2C_4168a6e9,INEQ-UPPER-D020-H16-SOC02,inequality,20,16,storage,2,soc_upper_bound,true,48,7532,MWh,0,NaN,
20260811_121452_stage_B_2C_4168a6e9,INEQ-LOWER-D020-H17-PW01,inequality,20,17,wind,1,pw_lower_bound,true,1,7533,MW,0,NaN,
20260811_121452_stage_B_2C_4168a6e9,INEQ-UPPER-D020-H17-PW01,inequality,20,17,wind,1,pw_upper_bound,true,2,7534,MW,0,NaN,
20260811_121452_stage_B_2C_4168a6e9,INEQ-LOWER-D020-H17-PW02,inequality,20,17,wind,2,pw_lower_bound,true,3,7535,MW,0,NaN,
20260811_121452_stage_B_2C_4168a6e9,INEQ-UPPER-D020-H17-PW02,inequality,20,17,wind,2,pw_upper_bound,true,4,7536,MW,0,NaN,
20260811_121452_stage_B_2C_4168a6e9,INEQ-LOWER-D020-H17-PW03,inequality,20,17,wind,3,pw_lower_bound,true,5,7537,MW,0,NaN,
20260811_121452_stage_B_2C_4168a6e9,INEQ-UPPER-D020-H17-PW03,inequality,20,17,wind,3,pw_upper_bound,true,6,7538,MW,0,NaN,
20260811_121452_stage_B_2C_4168a6e9,INEQ-LOWER-D020-H17-PW04,inequality,20,17,wind,4,pw_lower_bound,true,7,7539,MW,0,NaN,
20260811_121452_stage_B_2C_4168a6e9,INEQ-UPPER-D020-H17-PW04,inequality,20,17,wind,4,pw_upper_bound,true,8,7540,MW,0,NaN,
20260811_121452_stage_B_2C_4168a6e9,INEQ-LOWER-D020-H17-PW05,inequality,20,17,wind,5,pw_lower_bound,true,9,7541,MW,0,NaN,
20260811_121452_stage_B_2C_4168a6e9,INEQ-UPPER-D020-H17-PW05,inequality,20,17,wind,5,pw_upper_bound,true,10,7542,MW,0,NaN,
20260811_121452_stage_B_2C_4168a6e9,INEQ-LOWER-D020-H17-PP01,inequality,20,17,solar,1,pp_lower_bound,true,11,7543,MW,0,NaN,
20260811_121452_stage_B_2C_4168a6e9,INEQ-UPPER-D020-H17-PP01,inequality,20,17,solar,1,pp_upper_bound,true,12,7544,MW,0,NaN,
20260811_121452_stage_B_2C_4168a6e9,INEQ-LOWER-D020-H17-PP02,inequality,20,17,solar,2,pp_lower_bound,true,13,7545,MW,0,NaN,
20260811_121452_stage_B_2C_4168a6e9,INEQ-UPPER-D020-H17-PP02,inequality,20,17,solar,2,pp_upper_bound,true,14,7546,MW,0,NaN,
20260811_121452_stage_B_2C_4168a6e9,INEQ-LOWER-D020-H17-PP03,inequality,20,17,solar,3,pp_lower_bound,true,15,7547,MW,0,NaN,
20260811_121452_stage_B_2C_4168a6e9,INEQ-UPPER-D020-H17-PP03,inequality,20,17,solar,3,pp_upper_bound,true,16,7548,MW,0,NaN,
20260811_121452_stage_B_2C_4168a6e9,INEQ-LOWER-D020-H17-PP04,inequality,20,17,solar,4,pp_lower_bound,true,17,7549,MW,0,NaN,
20260811_121452_stage_B_2C_4168a6e9,INEQ-UPPER-D020-H17-PP04,inequality,20,17,solar,4,pp_upper_bound,true,18,7550,MW,0,NaN,
20260811_121452_stage_B_2C_4168a6e9,INEQ-LOWER-D020-H17-PP05,inequality,20,17,solar,5,pp_lower_bound,true,19,7551,MW,0,NaN,
20260811_121452_stage_B_2C_4168a6e9,INEQ-UPPER-D020-H17-PP05,inequality,20,17,solar,5,pp_upper_bound,true,20,7552,MW,0,NaN,
20260811_121452_stage_B_2C_4168a6e9,INEQ-LOWER-D020-H17-PH01,inequality,20,17,hydro,1,ph_lower_bound,true,21,7553,MW,0,NaN,
20260811_121452_stage_B_2C_4168a6e9,INEQ-UPPER-D020-H17-PH01,inequality,20,17,hydro,1,ph_upper_bound,true,22,7554,MW,0,NaN,
20260811_121452_stage_B_2C_4168a6e9,INEQ-LOWER-D020-H17-PH02,inequality,20,17,hydro,2,ph_lower_bound,true,23,7555,MW,0,NaN,
20260811_121452_stage_B_2C_4168a6e9,INEQ-UPPER-D020-H17-PH02,inequality,20,17,hydro,2,ph_upper_bound,true,24,7556,MW,0,NaN,
20260811_121452_stage_B_2C_4168a6e9,INEQ-LOWER-D020-H17-PH03,inequality,20,17,hydro,3,ph_lower_bound,true,25,7557,MW,0,NaN,
20260811_121452_stage_B_2C_4168a6e9,INEQ-UPPER-D020-H17-PH03,inequality,20,17,hydro,3,ph_upper_bound,true,26,7558,MW,0,NaN,
20260811_121452_stage_B_2C_4168a6e9,INEQ-LOWER-D020-H17-PH04,inequality,20,17,hydro,4,ph_lower_bound,true,27,7559,MW,0,NaN,
20260811_121452_stage_B_2C_4168a6e9,INEQ-UPPER-D020-H17-PH04,inequality,20,17,hydro,4,ph_upper_bound,true,28,7560,MW,0,NaN,
20260811_121452_stage_B_2C_4168a6e9,INEQ-LOWER-D020-H17-PF01,inequality,20,17,thermal,1,pf_lower_bound,true,29,7561,MW,0,NaN,
20260811_121452_stage_B_2C_4168a6e9,INEQ-UPPER-D020-H17-PF01,inequality,20,17,thermal,1,pf_upper_bound,true,30,7562,MW,0,NaN,
20260811_121452_stage_B_2C_4168a6e9,INEQ-LOWER-D020-H17-PF02,inequality,20,17,thermal,2,pf_lower_bound,true,31,7563,MW,0,NaN,
20260811_121452_stage_B_2C_4168a6e9,INEQ-UPPER-D020-H17-PF02,inequality,20,17,thermal,2,pf_upper_bound,true,32,7564,MW,0,NaN,
20260811_121452_stage_B_2C_4168a6e9,INEQ-LOWER-D020-H17-PF03,inequality,20,17,thermal,3,pf_lower_bound,true,33,7565,MW,0,NaN,
20260811_121452_stage_B_2C_4168a6e9,INEQ-UPPER-D020-H17-PF03,inequality,20,17,thermal,3,pf_upper_bound,true,34,7566,MW,0,NaN,
20260811_121452_stage_B_2C_4168a6e9,INEQ-LOWER-D020-H17-PF04,inequality,20,17,thermal,4,pf_lower_bound,true,35,7567,MW,0,NaN,
20260811_121452_stage_B_2C_4168a6e9,INEQ-UPPER-D020-H17-PF04,inequality,20,17,thermal,4,pf_upper_bound,true,36,7568,MW,0,NaN,
20260811_121452_stage_B_2C_4168a6e9,INEQ-LOWER-D020-H17-Pch01,inequality,20,17,storage,1,pch_lower_bound,true,37,7569,MW,0,NaN,
20260811_121452_stage_B_2C_4168a6e9,INEQ-UPPER-D020-H17-Pch01,inequality,20,17,storage,1,pch_upper_bound,true,38,7570,MW,0,NaN,
20260811_121452_stage_B_2C_4168a6e9,INEQ-LOWER-D020-H17-Pch02,inequality,20,17,storage,2,pch_lower_bound,true,39,7571,MW,0,NaN,
20260811_121452_stage_B_2C_4168a6e9,INEQ-UPPER-D020-H17-Pch02,inequality,20,17,storage,2,pch_upper_bound,true,40,7572,MW,0,NaN,
20260811_121452_stage_B_2C_4168a6e9,INEQ-LOWER-D020-H17-Pdis01,inequality,20,17,storage,1,pdis_lower_bound,true,41,7573,MW,0,NaN,
20260811_121452_stage_B_2C_4168a6e9,INEQ-UPPER-D020-H17-Pdis01,inequality,20,17,storage,1,pdis_upper_bound,true,42,7574,MW,0,NaN,
20260811_121452_stage_B_2C_4168a6e9,INEQ-LOWER-D020-H17-Pdis02,inequality,20,17,storage,2,pdis_lower_bound,true,43,7575,MW,0,NaN,
20260811_121452_stage_B_2C_4168a6e9,INEQ-UPPER-D020-H17-Pdis02,inequality,20,17,storage,2,pdis_upper_bound,true,44,7576,MW,0,NaN,
20260811_121452_stage_B_2C_4168a6e9,INEQ-LOWER-D020-H17-SOC01,inequality,20,17,storage,1,soc_lower_bound,true,45,7577,MWh,0,NaN,
20260811_121452_stage_B_2C_4168a6e9,INEQ-UPPER-D020-H17-SOC01,inequality,20,17,storage,1,soc_upper_bound,true,46,7578,MWh,0,NaN,
20260811_121452_stage_B_2C_4168a6e9,INEQ-LOWER-D020-H17-SOC02,inequality,20,17,storage,2,soc_lower_bound,true,47,7579,MWh,0,NaN,
20260811_121452_stage_B_2C_4168a6e9,INEQ-UPPER-D020-H17-SOC02,inequality,20,17,storage,2,soc_upper_bound,true,48,7580,MWh,0,NaN,
20260811_121452_stage_B_2C_4168a6e9,INEQ-LOWER-D020-H18-PW01,inequality,20,18,wind,1,pw_lower_bound,true,1,7581,MW,0,NaN,
20260811_121452_stage_B_2C_4168a6e9,INEQ-UPPER-D020-H18-PW01,inequality,20,18,wind,1,pw_upper_bound,true,2,7582,MW,0,NaN,
20260811_121452_stage_B_2C_4168a6e9,INEQ-LOWER-D020-H18-PW02,inequality,20,18,wind,2,pw_lower_bound,true,3,7583,MW,0,NaN,
20260811_121452_stage_B_2C_4168a6e9,INEQ-UPPER-D020-H18-PW02,inequality,20,18,wind,2,pw_upper_bound,true,4,7584,MW,0,NaN,
20260811_121452_stage_B_2C_4168a6e9,INEQ-LOWER-D020-H18-PW03,inequality,20,18,wind,3,pw_lower_bound,true,5,7585,MW,0,NaN,
20260811_121452_stage_B_2C_4168a6e9,INEQ-UPPER-D020-H18-PW03,inequality,20,18,wind,3,pw_upper_bound,true,6,7586,MW,0,NaN,
20260811_121452_stage_B_2C_4168a6e9,INEQ-LOWER-D020-H18-PW04,inequality,20,18,wind,4,pw_lower_bound,true,7,7587,MW,0,NaN,
20260811_121452_stage_B_2C_4168a6e9,INEQ-UPPER-D020-H18-PW04,inequality,20,18,wind,4,pw_upper_bound,true,8,7588,MW,0,NaN,
20260811_121452_stage_B_2C_4168a6e9,INEQ-LOWER-D020-H18-PW05,inequality,20,18,wind,5,pw_lower_bound,true,9,7589,MW,0,NaN,
20260811_121452_stage_B_2C_4168a6e9,INEQ-UPPER-D020-H18-PW05,inequality,20,18,wind,5,pw_upper_bound,true,10,7590,MW,0,NaN,
20260811_121452_stage_B_2C_4168a6e9,INEQ-LOWER-D020-H18-PP01,inequality,20,18,solar,1,pp_lower_bound,true,11,7591,MW,0,NaN,
20260811_121452_stage_B_2C_4168a6e9,INEQ-UPPER-D020-H18-PP01,inequality,20,18,solar,1,pp_upper_bound,true,12,7592,MW,0,NaN,
20260811_121452_stage_B_2C_4168a6e9,INEQ-LOWER-D020-H18-PP02,inequality,20,18,solar,2,pp_lower_bound,true,13,7593,MW,0,NaN,
20260811_121452_stage_B_2C_4168a6e9,INEQ-UPPER-D020-H18-PP02,inequality,20,18,solar,2,pp_upper_bound,true,14,7594,MW,0,NaN,
20260811_121452_stage_B_2C_4168a6e9,INEQ-LOWER-D020-H18-PP03,inequality,20,18,solar,3,pp_lower_bound,true,15,7595,MW,0,NaN,
20260811_121452_stage_B_2C_4168a6e9,INEQ-UPPER-D020-H18-PP03,inequality,20,18,solar,3,pp_upper_bound,true,16,7596,MW,0,NaN,
20260811_121452_stage_B_2C_4168a6e9,INEQ-LOWER-D020-H18-PP04,inequality,20,18,solar,4,pp_lower_bound,true,17,7597,MW,0,NaN,
20260811_121452_stage_B_2C_4168a6e9,INEQ-UPPER-D020-H18-PP04,inequality,20,18,solar,4,pp_upper_bound,true,18,7598,MW,0,NaN,
20260811_121452_stage_B_2C_4168a6e9,INEQ-LOWER-D020-H18-PP05,inequality,20,18,solar,5,pp_lower_bound,true,19,7599,MW,0,NaN,
20260811_121452_stage_B_2C_4168a6e9,INEQ-UPPER-D020-H18-PP05,inequality,20,18,solar,5,pp_upper_bound,true,20,7600,MW,0,NaN,
20260811_121452_stage_B_2C_4168a6e9,INEQ-LOWER-D020-H18-PH01,inequality,20,18,hydro,1,ph_lower_bound,true,21,7601,MW,0,NaN,
20260811_121452_stage_B_2C_4168a6e9,INEQ-UPPER-D020-H18-PH01,inequality,20,18,hydro,1,ph_upper_bound,true,22,7602,MW,0,NaN,
20260811_121452_stage_B_2C_4168a6e9,INEQ-LOWER-D020-H18-PH02,inequality,20,18,hydro,2,ph_lower_bound,true,23,7603,MW,0,NaN,
20260811_121452_stage_B_2C_4168a6e9,INEQ-UPPER-D020-H18-PH02,inequality,20,18,hydro,2,ph_upper_bound,true,24,7604,MW,0,NaN,
20260811_121452_stage_B_2C_4168a6e9,INEQ-LOWER-D020-H18-PH03,inequality,20,18,hydro,3,ph_lower_bound,true,25,7605,MW,0,NaN,
20260811_121452_stage_B_2C_4168a6e9,INEQ-UPPER-D020-H18-PH03,inequality,20,18,hydro,3,ph_upper_bound,true,26,7606,MW,0,NaN,
20260811_121452_stage_B_2C_4168a6e9,INEQ-LOWER-D020-H18-PH04,inequality,20,18,hydro,4,ph_lower_bound,true,27,7607,MW,0,NaN,
20260811_121452_stage_B_2C_4168a6e9,INEQ-UPPER-D020-H18-PH04,inequality,20,18,hydro,4,ph_upper_bound,true,28,7608,MW,0,NaN,
20260811_121452_stage_B_2C_4168a6e9,INEQ-LOWER-D020-H18-PF01,inequality,20,18,thermal,1,pf_lower_bound,true,29,7609,MW,0,NaN,
20260811_121452_stage_B_2C_4168a6e9,INEQ-UPPER-D020-H18-PF01,inequality,20,18,thermal,1,pf_upper_bound,true,30,7610,MW,0,NaN,
20260811_121452_stage_B_2C_4168a6e9,INEQ-LOWER-D020-H18-PF02,inequality,20,18,thermal,2,pf_lower_bound,true,31,7611,MW,0,NaN,
20260811_121452_stage_B_2C_4168a6e9,INEQ-UPPER-D020-H18-PF02,inequality,20,18,thermal,2,pf_upper_bound,true,32,7612,MW,0,NaN,
20260811_121452_stage_B_2C_4168a6e9,INEQ-LOWER-D020-H18-PF03,inequality,20,18,thermal,3,pf_lower_bound,true,33,7613,MW,0,NaN,
20260811_121452_stage_B_2C_4168a6e9,INEQ-UPPER-D020-H18-PF03,inequality,20,18,thermal,3,pf_upper_bound,true,34,7614,MW,0,NaN,
20260811_121452_stage_B_2C_4168a6e9,INEQ-LOWER-D020-H18-PF04,inequality,20,18,thermal,4,pf_lower_bound,true,35,7615,MW,0,NaN,
20260811_121452_stage_B_2C_4168a6e9,INEQ-UPPER-D020-H18-PF04,inequality,20,18,thermal,4,pf_upper_bound,true,36,7616,MW,0,NaN,
20260811_121452_stage_B_2C_4168a6e9,INEQ-LOWER-D020-H18-Pch01,inequality,20,18,storage,1,pch_lower_bound,true,37,7617,MW,0,NaN,
20260811_121452_stage_B_2C_4168a6e9,INEQ-UPPER-D020-H18-Pch01,inequality,20,18,storage,1,pch_upper_bound,true,38,7618,MW,0,NaN,
20260811_121452_stage_B_2C_4168a6e9,INEQ-LOWER-D020-H18-Pch02,inequality,20,18,storage,2,pch_lower_bound,true,39,7619,MW,0,NaN,
20260811_121452_stage_B_2C_4168a6e9,INEQ-UPPER-D020-H18-Pch02,inequality,20,18,storage,2,pch_upper_bound,true,40,7620,MW,0,NaN,
20260811_121452_stage_B_2C_4168a6e9,INEQ-LOWER-D020-H18-Pdis01,inequality,20,18,storage,1,pdis_lower_bound,true,41,7621,MW,0,NaN,
20260811_121452_stage_B_2C_4168a6e9,INEQ-UPPER-D020-H18-Pdis01,inequality,20,18,storage,1,pdis_upper_bound,true,42,7622,MW,0,NaN,
20260811_121452_stage_B_2C_4168a6e9,INEQ-LOWER-D020-H18-Pdis02,inequality,20,18,storage,2,pdis_lower_bound,true,43,7623,MW,0,NaN,
20260811_121452_stage_B_2C_4168a6e9,INEQ-UPPER-D020-H18-Pdis02,inequality,20,18,storage,2,pdis_upper_bound,true,44,7624,MW,0,NaN,
20260811_121452_stage_B_2C_4168a6e9,INEQ-LOWER-D020-H18-SOC01,inequality,20,18,storage,1,soc_lower_bound,true,45,7625,MWh,0,NaN,
20260811_121452_stage_B_2C_4168a6e9,INEQ-UPPER-D020-H18-SOC01,inequality,20,18,storage,1,soc_upper_bound,true,46,7626,MWh,0,NaN,
20260811_121452_stage_B_2C_4168a6e9,INEQ-LOWER-D020-H18-SOC02,inequality,20,18,storage,2,soc_lower_bound,true,47,7627,MWh,0,NaN,
20260811_121452_stage_B_2C_4168a6e9,INEQ-UPPER-D020-H18-SOC02,inequality,20,18,storage,2,soc_upper_bound,true,48,7628,MWh,0,NaN,
20260811_121452_stage_B_2C_4168a6e9,INEQ-LOWER-D020-H19-PW01,inequality,20,19,wind,1,pw_lower_bound,true,1,7629,MW,0,NaN,
20260811_121452_stage_B_2C_4168a6e9,INEQ-UPPER-D020-H19-PW01,inequality,20,19,wind,1,pw_upper_bound,true,2,7630,MW,0,NaN,
20260811_121452_stage_B_2C_4168a6e9,INEQ-LOWER-D020-H19-PW02,inequality,20,19,wind,2,pw_lower_bound,true,3,7631,MW,0,NaN,
20260811_121452_stage_B_2C_4168a6e9,INEQ-UPPER-D020-H19-PW02,inequality,20,19,wind,2,pw_upper_bound,true,4,7632,MW,0,NaN,
20260811_121452_stage_B_2C_4168a6e9,INEQ-LOWER-D020-H19-PW03,inequality,20,19,wind,3,pw_lower_bound,true,5,7633,MW,0,NaN,
20260811_121452_stage_B_2C_4168a6e9,INEQ-UPPER-D020-H19-PW03,inequality,20,19,wind,3,pw_upper_bound,true,6,7634,MW,0,NaN,
20260811_121452_stage_B_2C_4168a6e9,INEQ-LOWER-D020-H19-PW04,inequality,20,19,wind,4,pw_lower_bound,true,7,7635,MW,0,NaN,
20260811_121452_stage_B_2C_4168a6e9,INEQ-UPPER-D020-H19-PW04,inequality,20,19,wind,4,pw_upper_bound,true,8,7636,MW,0,NaN,
20260811_121452_stage_B_2C_4168a6e9,INEQ-LOWER-D020-H19-PW05,inequality,20,19,wind,5,pw_lower_bound,true,9,7637,MW,0,NaN,
20260811_121452_stage_B_2C_4168a6e9,INEQ-UPPER-D020-H19-PW05,inequality,20,19,wind,5,pw_upper_bound,true,10,7638,MW,0,NaN,
20260811_121452_stage_B_2C_4168a6e9,INEQ-LOWER-D020-H19-PP01,inequality,20,19,solar,1,pp_lower_bound,true,11,7639,MW,0,NaN,
20260811_121452_stage_B_2C_4168a6e9,INEQ-UPPER-D020-H19-PP01,inequality,20,19,solar,1,pp_upper_bound,true,12,7640,MW,0,NaN,
20260811_121452_stage_B_2C_4168a6e9,INEQ-LOWER-D020-H19-PP02,inequality,20,19,solar,2,pp_lower_bound,true,13,7641,MW,0,NaN,
20260811_121452_stage_B_2C_4168a6e9,INEQ-UPPER-D020-H19-PP02,inequality,20,19,solar,2,pp_upper_bound,true,14,7642,MW,0,NaN,
20260811_121452_stage_B_2C_4168a6e9,INEQ-LOWER-D020-H19-PP03,inequality,20,19,solar,3,pp_lower_bound,true,15,7643,MW,0,NaN,
20260811_121452_stage_B_2C_4168a6e9,INEQ-UPPER-D020-H19-PP03,inequality,20,19,solar,3,pp_upper_bound,true,16,7644,MW,0,NaN,
20260811_121452_stage_B_2C_4168a6e9,INEQ-LOWER-D020-H19-PP04,inequality,20,19,solar,4,pp_lower_bound,true,17,7645,MW,0,NaN,
20260811_121452_stage_B_2C_4168a6e9,INEQ-UPPER-D020-H19-PP04,inequality,20,19,solar,4,pp_upper_bound,true,18,7646,MW,0,NaN,
20260811_121452_stage_B_2C_4168a6e9,INEQ-LOWER-D020-H19-PP05,inequality,20,19,solar,5,pp_lower_bound,true,19,7647,MW,0,NaN,
20260811_121452_stage_B_2C_4168a6e9,INEQ-UPPER-D020-H19-PP05,inequality,20,19,solar,5,pp_upper_bound,true,20,7648,MW,0,NaN,
20260811_121452_stage_B_2C_4168a6e9,INEQ-LOWER-D020-H19-PH01,inequality,20,19,hydro,1,ph_lower_bound,true,21,7649,MW,0,NaN,
20260811_121452_stage_B_2C_4168a6e9,INEQ-UPPER-D020-H19-PH01,inequality,20,19,hydro,1,ph_upper_bound,true,22,7650,MW,0,NaN,
20260811_121452_stage_B_2C_4168a6e9,INEQ-LOWER-D020-H19-PH02,inequality,20,19,hydro,2,ph_lower_bound,true,23,7651,MW,0,NaN,
20260811_121452_stage_B_2C_4168a6e9,INEQ-UPPER-D020-H19-PH02,inequality,20,19,hydro,2,ph_upper_bound,true,24,7652,MW,0,NaN,
20260811_121452_stage_B_2C_4168a6e9,INEQ-LOWER-D020-H19-PH03,inequality,20,19,hydro,3,ph_lower_bound,true,25,7653,MW,0,NaN,
20260811_121452_stage_B_2C_4168a6e9,INEQ-UPPER-D020-H19-PH03,inequality,20,19,hydro,3,ph_upper_bound,true,26,7654,MW,0,NaN,
20260811_121452_stage_B_2C_4168a6e9,INEQ-LOWER-D020-H19-PH04,inequality,20,19,hydro,4,ph_lower_bound,true,27,7655,MW,0,NaN,
20260811_121452_stage_B_2C_4168a6e9,INEQ-UPPER-D020-H19-PH04,inequality,20,19,hydro,4,ph_upper_bound,true,28,7656,MW,0,NaN,
20260811_121452_stage_B_2C_4168a6e9,INEQ-LOWER-D020-H19-PF01,inequality,20,19,thermal,1,pf_lower_bound,true,29,7657,MW,0,NaN,
20260811_121452_stage_B_2C_4168a6e9,INEQ-UPPER-D020-H19-PF01,inequality,20,19,thermal,1,pf_upper_bound,true,30,7658,MW,0,NaN,
20260811_121452_stage_B_2C_4168a6e9,INEQ-LOWER-D020-H19-PF02,inequality,20,19,thermal,2,pf_lower_bound,true,31,7659,MW,0,NaN,
20260811_121452_stage_B_2C_4168a6e9,INEQ-UPPER-D020-H19-PF02,inequality,20,19,thermal,2,pf_upper_bound,true,32,7660,MW,0,NaN,
20260811_121452_stage_B_2C_4168a6e9,INEQ-LOWER-D020-H19-PF03,inequality,20,19,thermal,3,pf_lower_bound,true,33,7661,MW,0,NaN,
20260811_121452_stage_B_2C_4168a6e9,INEQ-UPPER-D020-H19-PF03,inequality,20,19,thermal,3,pf_upper_bound,true,34,7662,MW,0,NaN,
20260811_121452_stage_B_2C_4168a6e9,INEQ-LOWER-D020-H19-PF04,inequality,20,19,thermal,4,pf_lower_bound,true,35,7663,MW,0,NaN,
20260811_121452_stage_B_2C_4168a6e9,INEQ-UPPER-D020-H19-PF04,inequality,20,19,thermal,4,pf_upper_bound,true,36,7664,MW,0,NaN,
20260811_121452_stage_B_2C_4168a6e9,INEQ-LOWER-D020-H19-Pch01,inequality,20,19,storage,1,pch_lower_bound,true,37,7665,MW,0,NaN,
20260811_121452_stage_B_2C_4168a6e9,INEQ-UPPER-D020-H19-Pch01,inequality,20,19,storage,1,pch_upper_bound,true,38,7666,MW,0,NaN,
20260811_121452_stage_B_2C_4168a6e9,INEQ-LOWER-D020-H19-Pch02,inequality,20,19,storage,2,pch_lower_bound,true,39,7667,MW,0,NaN,
20260811_121452_stage_B_2C_4168a6e9,INEQ-UPPER-D020-H19-Pch02,inequality,20,19,storage,2,pch_upper_bound,true,40,7668,MW,0,NaN,
20260811_121452_stage_B_2C_4168a6e9,INEQ-LOWER-D020-H19-Pdis01,inequality,20,19,storage,1,pdis_lower_bound,true,41,7669,MW,0,NaN,
20260811_121452_stage_B_2C_4168a6e9,INEQ-UPPER-D020-H19-Pdis01,inequality,20,19,storage,1,pdis_upper_bound,true,42,7670,MW,0,NaN,
20260811_121452_stage_B_2C_4168a6e9,INEQ-LOWER-D020-H19-Pdis02,inequality,20,19,storage,2,pdis_lower_bound,true,43,7671,MW,0,NaN,
20260811_121452_stage_B_2C_4168a6e9,INEQ-UPPER-D020-H19-Pdis02,inequality,20,19,storage,2,pdis_upper_bound,true,44,7672,MW,0,NaN,
20260811_121452_stage_B_2C_4168a6e9,INEQ-LOWER-D020-H19-SOC01,inequality,20,19,storage,1,soc_lower_bound,true,45,7673,MWh,0,NaN,
20260811_121452_stage_B_2C_4168a6e9,INEQ-UPPER-D020-H19-SOC01,inequality,20,19,storage,1,soc_upper_bound,true,46,7674,MWh,0,NaN,
20260811_121452_stage_B_2C_4168a6e9,INEQ-LOWER-D020-H19-SOC02,inequality,20,19,storage,2,soc_lower_bound,true,47,7675,MWh,0,NaN,
20260811_121452_stage_B_2C_4168a6e9,INEQ-UPPER-D020-H19-SOC02,inequality,20,19,storage,2,soc_upper_bound,true,48,7676,MWh,0,NaN,
20260811_121452_stage_B_2C_4168a6e9,INEQ-LOWER-D020-H20-PW01,inequality,20,20,wind,1,pw_lower_bound,true,1,7677,MW,0,NaN,
20260811_121452_stage_B_2C_4168a6e9,INEQ-UPPER-D020-H20-PW01,inequality,20,20,wind,1,pw_upper_bound,true,2,7678,MW,0,NaN,
20260811_121452_stage_B_2C_4168a6e9,INEQ-LOWER-D020-H20-PW02,inequality,20,20,wind,2,pw_lower_bound,true,3,7679,MW,0,NaN,
20260811_121452_stage_B_2C_4168a6e9,INEQ-UPPER-D020-H20-PW02,inequality,20,20,wind,2,pw_upper_bound,true,4,7680,MW,0,NaN,
20260811_121452_stage_B_2C_4168a6e9,INEQ-LOWER-D020-H20-PW03,inequality,20,20,wind,3,pw_lower_bound,true,5,7681,MW,0,NaN,
20260811_121452_stage_B_2C_4168a6e9,INEQ-UPPER-D020-H20-PW03,inequality,20,20,wind,3,pw_upper_bound,true,6,7682,MW,0,NaN,
20260811_121452_stage_B_2C_4168a6e9,INEQ-LOWER-D020-H20-PW04,inequality,20,20,wind,4,pw_lower_bound,true,7,7683,MW,0,NaN,
20260811_121452_stage_B_2C_4168a6e9,INEQ-UPPER-D020-H20-PW04,inequality,20,20,wind,4,pw_upper_bound,true,8,7684,MW,0,NaN,
20260811_121452_stage_B_2C_4168a6e9,INEQ-LOWER-D020-H20-PW05,inequality,20,20,wind,5,pw_lower_bound,true,9,7685,MW,0,NaN,
20260811_121452_stage_B_2C_4168a6e9,INEQ-UPPER-D020-H20-PW05,inequality,20,20,wind,5,pw_upper_bound,true,10,7686,MW,0,NaN,
20260811_121452_stage_B_2C_4168a6e9,INEQ-LOWER-D020-H20-PH01,inequality,20,20,hydro,1,ph_lower_bound,true,11,7687,MW,0,NaN,
20260811_121452_stage_B_2C_4168a6e9,INEQ-UPPER-D020-H20-PH01,inequality,20,20,hydro,1,ph_upper_bound,true,12,7688,MW,0,NaN,
20260811_121452_stage_B_2C_4168a6e9,INEQ-LOWER-D020-H20-PH02,inequality,20,20,hydro,2,ph_lower_bound,true,13,7689,MW,0,NaN,
20260811_121452_stage_B_2C_4168a6e9,INEQ-UPPER-D020-H20-PH02,inequality,20,20,hydro,2,ph_upper_bound,true,14,7690,MW,0,NaN,
20260811_121452_stage_B_2C_4168a6e9,INEQ-LOWER-D020-H20-PH03,inequality,20,20,hydro,3,ph_lower_bound,true,15,7691,MW,0,NaN,
20260811_121452_stage_B_2C_4168a6e9,INEQ-UPPER-D020-H20-PH03,inequality,20,20,hydro,3,ph_upper_bound,true,16,7692,MW,0,NaN,
20260811_121452_stage_B_2C_4168a6e9,INEQ-LOWER-D020-H20-PH04,inequality,20,20,hydro,4,ph_lower_bound,true,17,7693,MW,0,NaN,
20260811_121452_stage_B_2C_4168a6e9,INEQ-UPPER-D020-H20-PH04,inequality,20,20,hydro,4,ph_upper_bound,true,18,7694,MW,0,NaN,
20260811_121452_stage_B_2C_4168a6e9,INEQ-LOWER-D020-H20-PF01,inequality,20,20,thermal,1,pf_lower_bound,true,19,7695,MW,0,NaN,
20260811_121452_stage_B_2C_4168a6e9,INEQ-UPPER-D020-H20-PF01,inequality,20,20,thermal,1,pf_upper_bound,true,20,7696,MW,0,NaN,
20260811_121452_stage_B_2C_4168a6e9,INEQ-LOWER-D020-H20-PF02,inequality,20,20,thermal,2,pf_lower_bound,true,21,7697,MW,0,NaN,
20260811_121452_stage_B_2C_4168a6e9,INEQ-UPPER-D020-H20-PF02,inequality,20,20,thermal,2,pf_upper_bound,true,22,7698,MW,0,NaN,
20260811_121452_stage_B_2C_4168a6e9,INEQ-LOWER-D020-H20-PF03,inequality,20,20,thermal,3,pf_lower_bound,true,23,7699,MW,0,NaN,
20260811_121452_stage_B_2C_4168a6e9,INEQ-UPPER-D020-H20-PF03,inequality,20,20,thermal,3,pf_upper_bound,true,24,7700,MW,0,NaN,
20260811_121452_stage_B_2C_4168a6e9,INEQ-LOWER-D020-H20-PF04,inequality,20,20,thermal,4,pf_lower_bound,true,25,7701,MW,0,NaN,
20260811_121452_stage_B_2C_4168a6e9,INEQ-UPPER-D020-H20-PF04,inequality,20,20,thermal,4,pf_upper_bound,true,26,7702,MW,0,NaN,
20260811_121452_stage_B_2C_4168a6e9,INEQ-LOWER-D020-H20-Pch01,inequality,20,20,storage,1,pch_lower_bound,true,27,7703,MW,0,NaN,
20260811_121452_stage_B_2C_4168a6e9,INEQ-UPPER-D020-H20-Pch01,inequality,20,20,storage,1,pch_upper_bound,true,28,7704,MW,0,NaN,
20260811_121452_stage_B_2C_4168a6e9,INEQ-LOWER-D020-H20-Pch02,inequality,20,20,storage,2,pch_lower_bound,true,29,7705,MW,0,NaN,
20260811_121452_stage_B_2C_4168a6e9,INEQ-UPPER-D020-H20-Pch02,inequality,20,20,storage,2,pch_upper_bound,true,30,7706,MW,0,NaN,
20260811_121452_stage_B_2C_4168a6e9,INEQ-LOWER-D020-H20-Pdis01,inequality,20,20,storage,1,pdis_lower_bound,true,31,7707,MW,0,NaN,
20260811_121452_stage_B_2C_4168a6e9,INEQ-UPPER-D020-H20-Pdis01,inequality,20,20,storage,1,pdis_upper_bound,true,32,7708,MW,0,NaN,
20260811_121452_stage_B_2C_4168a6e9,INEQ-LOWER-D020-H20-Pdis02,inequality,20,20,storage,2,pdis_lower_bound,true,33,7709,MW,0,NaN,
20260811_121452_stage_B_2C_4168a6e9,INEQ-UPPER-D020-H20-Pdis02,inequality,20,20,storage,2,pdis_upper_bound,true,34,7710,MW,0,NaN,
20260811_121452_stage_B_2C_4168a6e9,INEQ-LOWER-D020-H20-SOC01,inequality,20,20,storage,1,soc_lower_bound,true,35,7711,MWh,0,NaN,
20260811_121452_stage_B_2C_4168a6e9,INEQ-UPPER-D020-H20-SOC01,inequality,20,20,storage,1,soc_upper_bound,true,36,7712,MWh,0,NaN,
20260811_121452_stage_B_2C_4168a6e9,INEQ-LOWER-D020-H20-SOC02,inequality,20,20,storage,2,soc_lower_bound,true,37,7713,MWh,0,NaN,
20260811_121452_stage_B_2C_4168a6e9,INEQ-UPPER-D020-H20-SOC02,inequality,20,20,storage,2,soc_upper_bound,true,38,7714,MWh,0,NaN,
20260811_121452_stage_B_2C_4168a6e9,INEQ-LOWER-D020-H21-PW01,inequality,20,21,wind,1,pw_lower_bound,true,1,7715,MW,0,NaN,
20260811_121452_stage_B_2C_4168a6e9,INEQ-UPPER-D020-H21-PW01,inequality,20,21,wind,1,pw_upper_bound,true,2,7716,MW,0,NaN,
20260811_121452_stage_B_2C_4168a6e9,INEQ-LOWER-D020-H21-PW02,inequality,20,21,wind,2,pw_lower_bound,true,3,7717,MW,0,NaN,
20260811_121452_stage_B_2C_4168a6e9,INEQ-UPPER-D020-H21-PW02,inequality,20,21,wind,2,pw_upper_bound,true,4,7718,MW,0,NaN,
20260811_121452_stage_B_2C_4168a6e9,INEQ-LOWER-D020-H21-PW03,inequality,20,21,wind,3,pw_lower_bound,true,5,7719,MW,0,NaN,
20260811_121452_stage_B_2C_4168a6e9,INEQ-UPPER-D020-H21-PW03,inequality,20,21,wind,3,pw_upper_bound,true,6,7720,MW,0,NaN,
20260811_121452_stage_B_2C_4168a6e9,INEQ-LOWER-D020-H21-PW04,inequality,20,21,wind,4,pw_lower_bound,true,7,7721,MW,0,NaN,
20260811_121452_stage_B_2C_4168a6e9,INEQ-UPPER-D020-H21-PW04,inequality,20,21,wind,4,pw_upper_bound,true,8,7722,MW,0,NaN,
20260811_121452_stage_B_2C_4168a6e9,INEQ-LOWER-D020-H21-PW05,inequality,20,21,wind,5,pw_lower_bound,true,9,7723,MW,0,NaN,
20260811_121452_stage_B_2C_4168a6e9,INEQ-UPPER-D020-H21-PW05,inequality,20,21,wind,5,pw_upper_bound,true,10,7724,MW,0,NaN,
20260811_121452_stage_B_2C_4168a6e9,INEQ-LOWER-D020-H21-PH01,inequality,20,21,hydro,1,ph_lower_bound,true,11,7725,MW,0,NaN,
20260811_121452_stage_B_2C_4168a6e9,INEQ-UPPER-D020-H21-PH01,inequality,20,21,hydro,1,ph_upper_bound,true,12,7726,MW,0,NaN,
20260811_121452_stage_B_2C_4168a6e9,INEQ-LOWER-D020-H21-PH02,inequality,20,21,hydro,2,ph_lower_bound,true,13,7727,MW,0,NaN,
20260811_121452_stage_B_2C_4168a6e9,INEQ-UPPER-D020-H21-PH02,inequality,20,21,hydro,2,ph_upper_bound,true,14,7728,MW,0,NaN,
20260811_121452_stage_B_2C_4168a6e9,INEQ-LOWER-D020-H21-PH03,inequality,20,21,hydro,3,ph_lower_bound,true,15,7729,MW,0,NaN,
20260811_121452_stage_B_2C_4168a6e9,INEQ-UPPER-D020-H21-PH03,inequality,20,21,hydro,3,ph_upper_bound,true,16,7730,MW,0,NaN,
20260811_121452_stage_B_2C_4168a6e9,INEQ-LOWER-D020-H21-PH04,inequality,20,21,hydro,4,ph_lower_bound,true,17,7731,MW,0,NaN,
20260811_121452_stage_B_2C_4168a6e9,INEQ-UPPER-D020-H21-PH04,inequality,20,21,hydro,4,ph_upper_bound,true,18,7732,MW,0,NaN,
20260811_121452_stage_B_2C_4168a6e9,INEQ-LOWER-D020-H21-PF01,inequality,20,21,thermal,1,pf_lower_bound,true,19,7733,MW,0,NaN,
20260811_121452_stage_B_2C_4168a6e9,INEQ-UPPER-D020-H21-PF01,inequality,20,21,thermal,1,pf_upper_bound,true,20,7734,MW,0,NaN,
20260811_121452_stage_B_2C_4168a6e9,INEQ-LOWER-D020-H21-PF02,inequality,20,21,thermal,2,pf_lower_bound,true,21,7735,MW,0,NaN,
20260811_121452_stage_B_2C_4168a6e9,INEQ-UPPER-D020-H21-PF02,inequality,20,21,thermal,2,pf_upper_bound,true,22,7736,MW,0,NaN,
20260811_121452_stage_B_2C_4168a6e9,INEQ-LOWER-D020-H21-PF03,inequality,20,21,thermal,3,pf_lower_bound,true,23,7737,MW,0,NaN,
20260811_121452_stage_B_2C_4168a6e9,INEQ-UPPER-D020-H21-PF03,inequality,20,21,thermal,3,pf_upper_bound,true,24,7738,MW,0,NaN,
20260811_121452_stage_B_2C_4168a6e9,INEQ-LOWER-D020-H21-PF04,inequality,20,21,thermal,4,pf_lower_bound,true,25,7739,MW,0,NaN,
20260811_121452_stage_B_2C_4168a6e9,INEQ-UPPER-D020-H21-PF04,inequality,20,21,thermal,4,pf_upper_bound,true,26,7740,MW,0,NaN,
20260811_121452_stage_B_2C_4168a6e9,INEQ-LOWER-D020-H21-Pch01,inequality,20,21,storage,1,pch_lower_bound,true,27,7741,MW,0,NaN,
20260811_121452_stage_B_2C_4168a6e9,INEQ-UPPER-D020-H21-Pch01,inequality,20,21,storage,1,pch_upper_bound,true,28,7742,MW,0,NaN,
20260811_121452_stage_B_2C_4168a6e9,INEQ-LOWER-D020-H21-Pch02,inequality,20,21,storage,2,pch_lower_bound,true,29,7743,MW,0,NaN,
20260811_121452_stage_B_2C_4168a6e9,INEQ-UPPER-D020-H21-Pch02,inequality,20,21,storage,2,pch_upper_bound,true,30,7744,MW,0,NaN,
20260811_121452_stage_B_2C_4168a6e9,INEQ-LOWER-D020-H21-Pdis01,inequality,20,21,storage,1,pdis_lower_bound,true,31,7745,MW,0,NaN,
20260811_121452_stage_B_2C_4168a6e9,INEQ-UPPER-D020-H21-Pdis01,inequality,20,21,storage,1,pdis_upper_bound,true,32,7746,MW,0,NaN,
20260811_121452_stage_B_2C_4168a6e9,INEQ-LOWER-D020-H21-Pdis02,inequality,20,21,storage,2,pdis_lower_bound,true,33,7747,MW,0,NaN,
20260811_121452_stage_B_2C_4168a6e9,INEQ-UPPER-D020-H21-Pdis02,inequality,20,21,storage,2,pdis_upper_bound,true,34,7748,MW,0,NaN,
20260811_121452_stage_B_2C_4168a6e9,INEQ-LOWER-D020-H21-SOC01,inequality,20,21,storage,1,soc_lower_bound,true,35,7749,MWh,0,NaN,
20260811_121452_stage_B_2C_4168a6e9,INEQ-UPPER-D020-H21-SOC01,inequality,20,21,storage,1,soc_upper_bound,true,36,7750,MWh,0,NaN,
20260811_121452_stage_B_2C_4168a6e9,INEQ-LOWER-D020-H21-SOC02,inequality,20,21,storage,2,soc_lower_bound,true,37,7751,MWh,0,NaN,
20260811_121452_stage_B_2C_4168a6e9,INEQ-UPPER-D020-H21-SOC02,inequality,20,21,storage,2,soc_upper_bound,true,38,7752,MWh,0,NaN,
20260811_121452_stage_B_2C_4168a6e9,INEQ-LOWER-D020-H22-PW01,inequality,20,22,wind,1,pw_lower_bound,true,1,7753,MW,0,NaN,
20260811_121452_stage_B_2C_4168a6e9,INEQ-UPPER-D020-H22-PW01,inequality,20,22,wind,1,pw_upper_bound,true,2,7754,MW,0,NaN,
20260811_121452_stage_B_2C_4168a6e9,INEQ-LOWER-D020-H22-PW02,inequality,20,22,wind,2,pw_lower_bound,true,3,7755,MW,0,NaN,
20260811_121452_stage_B_2C_4168a6e9,INEQ-UPPER-D020-H22-PW02,inequality,20,22,wind,2,pw_upper_bound,true,4,7756,MW,0,NaN,
20260811_121452_stage_B_2C_4168a6e9,INEQ-LOWER-D020-H22-PW03,inequality,20,22,wind,3,pw_lower_bound,true,5,7757,MW,0,NaN,
20260811_121452_stage_B_2C_4168a6e9,INEQ-UPPER-D020-H22-PW03,inequality,20,22,wind,3,pw_upper_bound,true,6,7758,MW,0,NaN,
20260811_121452_stage_B_2C_4168a6e9,INEQ-LOWER-D020-H22-PW04,inequality,20,22,wind,4,pw_lower_bound,true,7,7759,MW,0,NaN,
20260811_121452_stage_B_2C_4168a6e9,INEQ-UPPER-D020-H22-PW04,inequality,20,22,wind,4,pw_upper_bound,true,8,7760,MW,0,NaN,
20260811_121452_stage_B_2C_4168a6e9,INEQ-LOWER-D020-H22-PW05,inequality,20,22,wind,5,pw_lower_bound,true,9,7761,MW,0,NaN,
20260811_121452_stage_B_2C_4168a6e9,INEQ-UPPER-D020-H22-PW05,inequality,20,22,wind,5,pw_upper_bound,true,10,7762,MW,0,NaN,
20260811_121452_stage_B_2C_4168a6e9,INEQ-LOWER-D020-H22-PH01,inequality,20,22,hydro,1,ph_lower_bound,true,11,7763,MW,0,NaN,
20260811_121452_stage_B_2C_4168a6e9,INEQ-UPPER-D020-H22-PH01,inequality,20,22,hydro,1,ph_upper_bound,true,12,7764,MW,0,NaN,
20260811_121452_stage_B_2C_4168a6e9,INEQ-LOWER-D020-H22-PH02,inequality,20,22,hydro,2,ph_lower_bound,true,13,7765,MW,0,NaN,
20260811_121452_stage_B_2C_4168a6e9,INEQ-UPPER-D020-H22-PH02,inequality,20,22,hydro,2,ph_upper_bound,true,14,7766,MW,0,NaN,
20260811_121452_stage_B_2C_4168a6e9,INEQ-LOWER-D020-H22-PH03,inequality,20,22,hydro,3,ph_lower_bound,true,15,7767,MW,0,NaN,
20260811_121452_stage_B_2C_4168a6e9,INEQ-UPPER-D020-H22-PH03,inequality,20,22,hydro,3,ph_upper_bound,true,16,7768,MW,0,NaN,
20260811_121452_stage_B_2C_4168a6e9,INEQ-LOWER-D020-H22-PH04,inequality,20,22,hydro,4,ph_lower_bound,true,17,7769,MW,0,NaN,
20260811_121452_stage_B_2C_4168a6e9,INEQ-UPPER-D020-H22-PH04,inequality,20,22,hydro,4,ph_upper_bound,true,18,7770,MW,0,NaN,
20260811_121452_stage_B_2C_4168a6e9,INEQ-LOWER-D020-H22-PF01,inequality,20,22,thermal,1,pf_lower_bound,true,19,7771,MW,0,NaN,
20260811_121452_stage_B_2C_4168a6e9,INEQ-UPPER-D020-H22-PF01,inequality,20,22,thermal,1,pf_upper_bound,true,20,7772,MW,0,NaN,
20260811_121452_stage_B_2C_4168a6e9,INEQ-LOWER-D020-H22-PF02,inequality,20,22,thermal,2,pf_lower_bound,true,21,7773,MW,0,NaN,
20260811_121452_stage_B_2C_4168a6e9,INEQ-UPPER-D020-H22-PF02,inequality,20,22,thermal,2,pf_upper_bound,true,22,7774,MW,0,NaN,
20260811_121452_stage_B_2C_4168a6e9,INEQ-LOWER-D020-H22-PF03,inequality,20,22,thermal,3,pf_lower_bound,true,23,7775,MW,0,NaN,
20260811_121452_stage_B_2C_4168a6e9,INEQ-UPPER-D020-H22-PF03,inequality,20,22,thermal,3,pf_upper_bound,true,24,7776,MW,0,NaN,
20260811_121452_stage_B_2C_4168a6e9,INEQ-LOWER-D020-H22-PF04,inequality,20,22,thermal,4,pf_lower_bound,true,25,7777,MW,0,NaN,
20260811_121452_stage_B_2C_4168a6e9,INEQ-UPPER-D020-H22-PF04,inequality,20,22,thermal,4,pf_upper_bound,true,26,7778,MW,0,NaN,
20260811_121452_stage_B_2C_4168a6e9,INEQ-LOWER-D020-H22-Pch01,inequality,20,22,storage,1,pch_lower_bound,true,27,7779,MW,0,NaN,
20260811_121452_stage_B_2C_4168a6e9,INEQ-UPPER-D020-H22-Pch01,inequality,20,22,storage,1,pch_upper_bound,true,28,7780,MW,0,NaN,
20260811_121452_stage_B_2C_4168a6e9,INEQ-LOWER-D020-H22-Pch02,inequality,20,22,storage,2,pch_lower_bound,true,29,7781,MW,0,NaN,
20260811_121452_stage_B_2C_4168a6e9,INEQ-UPPER-D020-H22-Pch02,inequality,20,22,storage,2,pch_upper_bound,true,30,7782,MW,0,NaN,
20260811_121452_stage_B_2C_4168a6e9,INEQ-LOWER-D020-H22-Pdis01,inequality,20,22,storage,1,pdis_lower_bound,true,31,7783,MW,0,NaN,
20260811_121452_stage_B_2C_4168a6e9,INEQ-UPPER-D020-H22-Pdis01,inequality,20,22,storage,1,pdis_upper_bound,true,32,7784,MW,0,NaN,
20260811_121452_stage_B_2C_4168a6e9,INEQ-LOWER-D020-H22-Pdis02,inequality,20,22,storage,2,pdis_lower_bound,true,33,7785,MW,0,NaN,
20260811_121452_stage_B_2C_4168a6e9,INEQ-UPPER-D020-H22-Pdis02,inequality,20,22,storage,2,pdis_upper_bound,true,34,7786,MW,0,NaN,
20260811_121452_stage_B_2C_4168a6e9,INEQ-LOWER-D020-H22-SOC01,inequality,20,22,storage,1,soc_lower_bound,true,35,7787,MWh,0,NaN,
20260811_121452_stage_B_2C_4168a6e9,INEQ-UPPER-D020-H22-SOC01,inequality,20,22,storage,1,soc_upper_bound,true,36,7788,MWh,0,NaN,
20260811_121452_stage_B_2C_4168a6e9,INEQ-LOWER-D020-H22-SOC02,inequality,20,22,storage,2,soc_lower_bound,true,37,7789,MWh,0,NaN,
20260811_121452_stage_B_2C_4168a6e9,INEQ-UPPER-D020-H22-SOC02,inequality,20,22,storage,2,soc_upper_bound,true,38,7790,MWh,0,NaN,
20260811_121452_stage_B_2C_4168a6e9,INEQ-LOWER-D020-H23-PW01,inequality,20,23,wind,1,pw_lower_bound,true,1,7791,MW,0,NaN,
20260811_121452_stage_B_2C_4168a6e9,INEQ-UPPER-D020-H23-PW01,inequality,20,23,wind,1,pw_upper_bound,true,2,7792,MW,0,NaN,
20260811_121452_stage_B_2C_4168a6e9,INEQ-LOWER-D020-H23-PW02,inequality,20,23,wind,2,pw_lower_bound,true,3,7793,MW,0,NaN,
20260811_121452_stage_B_2C_4168a6e9,INEQ-UPPER-D020-H23-PW02,inequality,20,23,wind,2,pw_upper_bound,true,4,7794,MW,0,NaN,
20260811_121452_stage_B_2C_4168a6e9,INEQ-LOWER-D020-H23-PW03,inequality,20,23,wind,3,pw_lower_bound,true,5,7795,MW,0,NaN,
20260811_121452_stage_B_2C_4168a6e9,INEQ-UPPER-D020-H23-PW03,inequality,20,23,wind,3,pw_upper_bound,true,6,7796,MW,0,NaN,
20260811_121452_stage_B_2C_4168a6e9,INEQ-LOWER-D020-H23-PW04,inequality,20,23,wind,4,pw_lower_bound,true,7,7797,MW,0,NaN,
20260811_121452_stage_B_2C_4168a6e9,INEQ-UPPER-D020-H23-PW04,inequality,20,23,wind,4,pw_upper_bound,true,8,7798,MW,0,NaN,
20260811_121452_stage_B_2C_4168a6e9,INEQ-LOWER-D020-H23-PW05,inequality,20,23,wind,5,pw_lower_bound,true,9,7799,MW,0,NaN,
20260811_121452_stage_B_2C_4168a6e9,INEQ-UPPER-D020-H23-PW05,inequality,20,23,wind,5,pw_upper_bound,true,10,7800,MW,0,NaN,
20260811_121452_stage_B_2C_4168a6e9,INEQ-LOWER-D020-H23-PH01,inequality,20,23,hydro,1,ph_lower_bound,true,11,7801,MW,0,NaN,
20260811_121452_stage_B_2C_4168a6e9,INEQ-UPPER-D020-H23-PH01,inequality,20,23,hydro,1,ph_upper_bound,true,12,7802,MW,0,NaN,
20260811_121452_stage_B_2C_4168a6e9,INEQ-LOWER-D020-H23-PH02,inequality,20,23,hydro,2,ph_lower_bound,true,13,7803,MW,0,NaN,
20260811_121452_stage_B_2C_4168a6e9,INEQ-UPPER-D020-H23-PH02,inequality,20,23,hydro,2,ph_upper_bound,true,14,7804,MW,0,NaN,
20260811_121452_stage_B_2C_4168a6e9,INEQ-LOWER-D020-H23-PH03,inequality,20,23,hydro,3,ph_lower_bound,true,15,7805,MW,0,NaN,
20260811_121452_stage_B_2C_4168a6e9,INEQ-UPPER-D020-H23-PH03,inequality,20,23,hydro,3,ph_upper_bound,true,16,7806,MW,0,NaN,
20260811_121452_stage_B_2C_4168a6e9,INEQ-LOWER-D020-H23-PH04,inequality,20,23,hydro,4,ph_lower_bound,true,17,7807,MW,0,NaN,
20260811_121452_stage_B_2C_4168a6e9,INEQ-UPPER-D020-H23-PH04,inequality,20,23,hydro,4,ph_upper_bound,true,18,7808,MW,0,NaN,
20260811_121452_stage_B_2C_4168a6e9,INEQ-LOWER-D020-H23-PF01,inequality,20,23,thermal,1,pf_lower_bound,true,19,7809,MW,0,NaN,
20260811_121452_stage_B_2C_4168a6e9,INEQ-UPPER-D020-H23-PF01,inequality,20,23,thermal,1,pf_upper_bound,true,20,7810,MW,0,NaN,
20260811_121452_stage_B_2C_4168a6e9,INEQ-LOWER-D020-H23-PF02,inequality,20,23,thermal,2,pf_lower_bound,true,21,7811,MW,0,NaN,
20260811_121452_stage_B_2C_4168a6e9,INEQ-UPPER-D020-H23-PF02,inequality,20,23,thermal,2,pf_upper_bound,true,22,7812,MW,0,NaN,
20260811_121452_stage_B_2C_4168a6e9,INEQ-LOWER-D020-H23-PF03,inequality,20,23,thermal,3,pf_lower_bound,true,23,7813,MW,0,NaN,
20260811_121452_stage_B_2C_4168a6e9,INEQ-UPPER-D020-H23-PF03,inequality,20,23,thermal,3,pf_upper_bound,true,24,7814,MW,0,NaN,
20260811_121452_stage_B_2C_4168a6e9,INEQ-LOWER-D020-H23-PF04,inequality,20,23,thermal,4,pf_lower_bound,true,25,7815,MW,0,NaN,
20260811_121452_stage_B_2C_4168a6e9,INEQ-UPPER-D020-H23-PF04,inequality,20,23,thermal,4,pf_upper_bound,true,26,7816,MW,0,NaN,
20260811_121452_stage_B_2C_4168a6e9,INEQ-LOWER-D020-H23-Pch01,inequality,20,23,storage,1,pch_lower_bound,true,27,7817,MW,0,NaN,
20260811_121452_stage_B_2C_4168a6e9,INEQ-UPPER-D020-H23-Pch01,inequality,20,23,storage,1,pch_upper_bound,true,28,7818,MW,0,NaN,
20260811_121452_stage_B_2C_4168a6e9,INEQ-LOWER-D020-H23-Pch02,inequality,20,23,storage,2,pch_lower_bound,true,29,7819,MW,0,NaN,
20260811_121452_stage_B_2C_4168a6e9,INEQ-UPPER-D020-H23-Pch02,inequality,20,23,storage,2,pch_upper_bound,true,30,7820,MW,0,NaN,
20260811_121452_stage_B_2C_4168a6e9,INEQ-LOWER-D020-H23-Pdis01,inequality,20,23,storage,1,pdis_lower_bound,true,31,7821,MW,0,NaN,
20260811_121452_stage_B_2C_4168a6e9,INEQ-UPPER-D020-H23-Pdis01,inequality,20,23,storage,1,pdis_upper_bound,true,32,7822,MW,0,NaN,
20260811_121452_stage_B_2C_4168a6e9,INEQ-LOWER-D020-H23-Pdis02,inequality,20,23,storage,2,pdis_lower_bound,true,33,7823,MW,0,NaN,
20260811_121452_stage_B_2C_4168a6e9,INEQ-UPPER-D020-H23-Pdis02,inequality,20,23,storage,2,pdis_upper_bound,true,34,7824,MW,0,NaN,
20260811_121452_stage_B_2C_4168a6e9,INEQ-LOWER-D020-H23-SOC01,inequality,20,23,storage,1,soc_lower_bound,true,35,7825,MWh,0,NaN,
20260811_121452_stage_B_2C_4168a6e9,INEQ-UPPER-D020-H23-SOC01,inequality,20,23,storage,1,soc_upper_bound,true,36,7826,MWh,0,NaN,
20260811_121452_stage_B_2C_4168a6e9,INEQ-LOWER-D020-H23-SOC02,inequality,20,23,storage,2,soc_lower_bound,true,37,7827,MWh,0,NaN,
20260811_121452_stage_B_2C_4168a6e9,INEQ-UPPER-D020-H23-SOC02,inequality,20,23,storage,2,soc_upper_bound,true,38,7828,MWh,0,NaN,
20260811_121452_stage_B_2C_4168a6e9,INEQ-LOWER-D020-H24-PW01,inequality,20,24,wind,1,pw_lower_bound,true,1,7829,MW,0,NaN,
20260811_121452_stage_B_2C_4168a6e9,INEQ-UPPER-D020-H24-PW01,inequality,20,24,wind,1,pw_upper_bound,true,2,7830,MW,0,NaN,
20260811_121452_stage_B_2C_4168a6e9,INEQ-LOWER-D020-H24-PW02,inequality,20,24,wind,2,pw_lower_bound,true,3,7831,MW,0,NaN,
20260811_121452_stage_B_2C_4168a6e9,INEQ-UPPER-D020-H24-PW02,inequality,20,24,wind,2,pw_upper_bound,true,4,7832,MW,0,NaN,
20260811_121452_stage_B_2C_4168a6e9,INEQ-LOWER-D020-H24-PW03,inequality,20,24,wind,3,pw_lower_bound,true,5,7833,MW,0,NaN,
20260811_121452_stage_B_2C_4168a6e9,INEQ-UPPER-D020-H24-PW03,inequality,20,24,wind,3,pw_upper_bound,true,6,7834,MW,0,NaN,
20260811_121452_stage_B_2C_4168a6e9,INEQ-LOWER-D020-H24-PW04,inequality,20,24,wind,4,pw_lower_bound,true,7,7835,MW,0,NaN,
20260811_121452_stage_B_2C_4168a6e9,INEQ-UPPER-D020-H24-PW04,inequality,20,24,wind,4,pw_upper_bound,true,8,7836,MW,0,NaN,
20260811_121452_stage_B_2C_4168a6e9,INEQ-LOWER-D020-H24-PW05,inequality,20,24,wind,5,pw_lower_bound,true,9,7837,MW,0,NaN,
20260811_121452_stage_B_2C_4168a6e9,INEQ-UPPER-D020-H24-PW05,inequality,20,24,wind,5,pw_upper_bound,true,10,7838,MW,0,NaN,
20260811_121452_stage_B_2C_4168a6e9,INEQ-LOWER-D020-H24-PH01,inequality,20,24,hydro,1,ph_lower_bound,true,11,7839,MW,0,NaN,
20260811_121452_stage_B_2C_4168a6e9,INEQ-UPPER-D020-H24-PH01,inequality,20,24,hydro,1,ph_upper_bound,true,12,7840,MW,0,NaN,
20260811_121452_stage_B_2C_4168a6e9,INEQ-LOWER-D020-H24-PH02,inequality,20,24,hydro,2,ph_lower_bound,true,13,7841,MW,0,NaN,
20260811_121452_stage_B_2C_4168a6e9,INEQ-UPPER-D020-H24-PH02,inequality,20,24,hydro,2,ph_upper_bound,true,14,7842,MW,0,NaN,
20260811_121452_stage_B_2C_4168a6e9,INEQ-LOWER-D020-H24-PH03,inequality,20,24,hydro,3,ph_lower_bound,true,15,7843,MW,0,NaN,
20260811_121452_stage_B_2C_4168a6e9,INEQ-UPPER-D020-H24-PH03,inequality,20,24,hydro,3,ph_upper_bound,true,16,7844,MW,0,NaN,
20260811_121452_stage_B_2C_4168a6e9,INEQ-LOWER-D020-H24-PH04,inequality,20,24,hydro,4,ph_lower_bound,true,17,7845,MW,0,NaN,
20260811_121452_stage_B_2C_4168a6e9,INEQ-UPPER-D020-H24-PH04,inequality,20,24,hydro,4,ph_upper_bound,true,18,7846,MW,0,NaN,
20260811_121452_stage_B_2C_4168a6e9,INEQ-LOWER-D020-H24-PF01,inequality,20,24,thermal,1,pf_lower_bound,true,19,7847,MW,0,NaN,
20260811_121452_stage_B_2C_4168a6e9,INEQ-UPPER-D020-H24-PF01,inequality,20,24,thermal,1,pf_upper_bound,true,20,7848,MW,0,NaN,
20260811_121452_stage_B_2C_4168a6e9,INEQ-LOWER-D020-H24-PF02,inequality,20,24,thermal,2,pf_lower_bound,true,21,7849,MW,0,NaN,
20260811_121452_stage_B_2C_4168a6e9,INEQ-UPPER-D020-H24-PF02,inequality,20,24,thermal,2,pf_upper_bound,true,22,7850,MW,0,NaN,
20260811_121452_stage_B_2C_4168a6e9,INEQ-LOWER-D020-H24-PF03,inequality,20,24,thermal,3,pf_lower_bound,true,23,7851,MW,0,NaN,
20260811_121452_stage_B_2C_4168a6e9,INEQ-UPPER-D020-H24-PF03,inequality,20,24,thermal,3,pf_upper_bound,true,24,7852,MW,0,NaN,
20260811_121452_stage_B_2C_4168a6e9,INEQ-LOWER-D020-H24-PF04,inequality,20,24,thermal,4,pf_lower_bound,true,25,7853,MW,0,NaN,
20260811_121452_stage_B_2C_4168a6e9,INEQ-UPPER-D020-H24-PF04,inequality,20,24,thermal,4,pf_upper_bound,true,26,7854,MW,0,NaN,
20260811_121452_stage_B_2C_4168a6e9,INEQ-LOWER-D020-H24-Pch01,inequality,20,24,storage,1,pch_lower_bound,true,27,7855,MW,0,NaN,
20260811_121452_stage_B_2C_4168a6e9,INEQ-UPPER-D020-H24-Pch01,inequality,20,24,storage,1,pch_upper_bound,true,28,7856,MW,0,NaN,
20260811_121452_stage_B_2C_4168a6e9,INEQ-LOWER-D020-H24-Pch02,inequality,20,24,storage,2,pch_lower_bound,true,29,7857,MW,0,NaN,
20260811_121452_stage_B_2C_4168a6e9,INEQ-UPPER-D020-H24-Pch02,inequality,20,24,storage,2,pch_upper_bound,true,30,7858,MW,0,NaN,
20260811_121452_stage_B_2C_4168a6e9,INEQ-LOWER-D020-H24-Pdis01,inequality,20,24,storage,1,pdis_lower_bound,true,31,7859,MW,0,NaN,
20260811_121452_stage_B_2C_4168a6e9,INEQ-UPPER-D020-H24-Pdis01,inequality,20,24,storage,1,pdis_upper_bound,true,32,7860,MW,0,NaN,
20260811_121452_stage_B_2C_4168a6e9,INEQ-LOWER-D020-H24-Pdis02,inequality,20,24,storage,2,pdis_lower_bound,true,33,7861,MW,0,NaN,
20260811_121452_stage_B_2C_4168a6e9,INEQ-UPPER-D020-H24-Pdis02,inequality,20,24,storage,2,pdis_upper_bound,true,34,7862,MW,0,NaN,
20260811_121452_stage_B_2C_4168a6e9,INEQ-LOWER-D020-H24-SOC01,inequality,20,24,storage,1,soc_lower_bound,true,35,7863,MWh,0,NaN,
20260811_121452_stage_B_2C_4168a6e9,INEQ-UPPER-D020-H24-SOC01,inequality,20,24,storage,1,soc_upper_bound,true,36,7864,MWh,0,NaN,
20260811_121452_stage_B_2C_4168a6e9,INEQ-LOWER-D020-H24-SOC02,inequality,20,24,storage,2,soc_lower_bound,true,37,7865,MWh,0,NaN,
20260811_121452_stage_B_2C_4168a6e9,INEQ-UPPER-D020-H24-SOC02,inequality,20,24,storage,2,soc_upper_bound,true,38,7866,MWh,0,NaN,
20260811_121452_stage_B_2C_4168a6e9,INEQ-WATER-D014-HYDRO01-UPPER,inequality,14,0,hydro,1,daily_hydro_water_upper,true,1,7867,m3/day,0,NaN,daily_hydro_water
20260811_121452_stage_B_2C_4168a6e9,INEQ-WATER-D014-HYDRO01-LOWER,inequality,14,0,hydro,1,daily_hydro_water_lower,true,2,7868,m3/day,0,NaN,daily_hydro_water
20260811_121452_stage_B_2C_4168a6e9,INEQ-WATER-D014-HYDRO02-UPPER,inequality,14,0,hydro,2,daily_hydro_water_upper,true,3,7869,m3/day,0,NaN,daily_hydro_water
20260811_121452_stage_B_2C_4168a6e9,INEQ-WATER-D014-HYDRO02-LOWER,inequality,14,0,hydro,2,daily_hydro_water_lower,true,4,7870,m3/day,0,NaN,daily_hydro_water
20260811_121452_stage_B_2C_4168a6e9,INEQ-WATER-D014-HYDRO03-UPPER,inequality,14,0,hydro,3,daily_hydro_water_upper,true,5,7871,m3/day,0,NaN,daily_hydro_water
20260811_121452_stage_B_2C_4168a6e9,INEQ-WATER-D014-HYDRO03-LOWER,inequality,14,0,hydro,3,daily_hydro_water_lower,true,6,7872,m3/day,0,NaN,daily_hydro_water
20260811_121452_stage_B_2C_4168a6e9,INEQ-WATER-D014-HYDRO04-UPPER,inequality,14,0,hydro,4,daily_hydro_water_upper,true,7,7873,m3/day,0,NaN,daily_hydro_water
20260811_121452_stage_B_2C_4168a6e9,INEQ-WATER-D014-HYDRO04-LOWER,inequality,14,0,hydro,4,daily_hydro_water_lower,true,8,7874,m3/day,0,NaN,daily_hydro_water
20260811_121452_stage_B_2C_4168a6e9,INEQ-WATER-D015-HYDRO01-UPPER,inequality,15,0,hydro,1,daily_hydro_water_upper,true,1,7875,m3/day,0,NaN,daily_hydro_water
20260811_121452_stage_B_2C_4168a6e9,INEQ-WATER-D015-HYDRO01-LOWER,inequality,15,0,hydro,1,daily_hydro_water_lower,true,2,7876,m3/day,0,NaN,daily_hydro_water
20260811_121452_stage_B_2C_4168a6e9,INEQ-WATER-D015-HYDRO02-UPPER,inequality,15,0,hydro,2,daily_hydro_water_upper,true,3,7877,m3/day,0,NaN,daily_hydro_water
20260811_121452_stage_B_2C_4168a6e9,INEQ-WATER-D015-HYDRO02-LOWER,inequality,15,0,hydro,2,daily_hydro_water_lower,true,4,7878,m3/day,0,NaN,daily_hydro_water
20260811_121452_stage_B_2C_4168a6e9,INEQ-WATER-D015-HYDRO03-UPPER,inequality,15,0,hydro,3,daily_hydro_water_upper,true,5,7879,m3/day,0,NaN,daily_hydro_water
20260811_121452_stage_B_2C_4168a6e9,INEQ-WATER-D015-HYDRO03-LOWER,inequality,15,0,hydro,3,daily_hydro_water_lower,true,6,7880,m3/day,0,NaN,daily_hydro_water
20260811_121452_stage_B_2C_4168a6e9,INEQ-WATER-D015-HYDRO04-UPPER,inequality,15,0,hydro,4,daily_hydro_water_upper,true,7,7881,m3/day,0,NaN,daily_hydro_water
20260811_121452_stage_B_2C_4168a6e9,INEQ-WATER-D015-HYDRO04-LOWER,inequality,15,0,hydro,4,daily_hydro_water_lower,true,8,7882,m3/day,0,NaN,daily_hydro_water
20260811_121452_stage_B_2C_4168a6e9,INEQ-WATER-D016-HYDRO01-UPPER,inequality,16,0,hydro,1,daily_hydro_water_upper,true,1,7883,m3/day,0,NaN,daily_hydro_water
20260811_121452_stage_B_2C_4168a6e9,INEQ-WATER-D016-HYDRO01-LOWER,inequality,16,0,hydro,1,daily_hydro_water_lower,true,2,7884,m3/day,0,NaN,daily_hydro_water
20260811_121452_stage_B_2C_4168a6e9,INEQ-WATER-D016-HYDRO02-UPPER,inequality,16,0,hydro,2,daily_hydro_water_upper,true,3,7885,m3/day,0,NaN,daily_hydro_water
20260811_121452_stage_B_2C_4168a6e9,INEQ-WATER-D016-HYDRO02-LOWER,inequality,16,0,hydro,2,daily_hydro_water_lower,true,4,7886,m3/day,0,NaN,daily_hydro_water
20260811_121452_stage_B_2C_4168a6e9,INEQ-WATER-D016-HYDRO03-UPPER,inequality,16,0,hydro,3,daily_hydro_water_upper,true,5,7887,m3/day,0,NaN,daily_hydro_water
20260811_121452_stage_B_2C_4168a6e9,INEQ-WATER-D016-HYDRO03-LOWER,inequality,16,0,hydro,3,daily_hydro_water_lower,true,6,7888,m3/day,0,NaN,daily_hydro_water
20260811_121452_stage_B_2C_4168a6e9,INEQ-WATER-D016-HYDRO04-UPPER,inequality,16,0,hydro,4,daily_hydro_water_upper,true,7,7889,m3/day,0,NaN,daily_hydro_water
20260811_121452_stage_B_2C_4168a6e9,INEQ-WATER-D016-HYDRO04-LOWER,inequality,16,0,hydro,4,daily_hydro_water_lower,true,8,7890,m3/day,0,NaN,daily_hydro_water
20260811_121452_stage_B_2C_4168a6e9,INEQ-WATER-D017-HYDRO01-UPPER,inequality,17,0,hydro,1,daily_hydro_water_upper,true,1,7891,m3/day,0,NaN,daily_hydro_water
20260811_121452_stage_B_2C_4168a6e9,INEQ-WATER-D017-HYDRO01-LOWER,inequality,17,0,hydro,1,daily_hydro_water_lower,true,2,7892,m3/day,0,NaN,daily_hydro_water
20260811_121452_stage_B_2C_4168a6e9,INEQ-WATER-D017-HYDRO02-UPPER,inequality,17,0,hydro,2,daily_hydro_water_upper,true,3,7893,m3/day,0,NaN,daily_hydro_water
20260811_121452_stage_B_2C_4168a6e9,INEQ-WATER-D017-HYDRO02-LOWER,inequality,17,0,hydro,2,daily_hydro_water_lower,true,4,7894,m3/day,0,NaN,daily_hydro_water
20260811_121452_stage_B_2C_4168a6e9,INEQ-WATER-D017-HYDRO03-UPPER,inequality,17,0,hydro,3,daily_hydro_water_upper,true,5,7895,m3/day,0,NaN,daily_hydro_water
20260811_121452_stage_B_2C_4168a6e9,INEQ-WATER-D017-HYDRO03-LOWER,inequality,17,0,hydro,3,daily_hydro_water_lower,true,6,7896,m3/day,0,NaN,daily_hydro_water
20260811_121452_stage_B_2C_4168a6e9,INEQ-WATER-D017-HYDRO04-UPPER,inequality,17,0,hydro,4,daily_hydro_water_upper,true,7,7897,m3/day,0,NaN,daily_hydro_water
20260811_121452_stage_B_2C_4168a6e9,INEQ-WATER-D017-HYDRO04-LOWER,inequality,17,0,hydro,4,daily_hydro_water_lower,true,8,7898,m3/day,0,NaN,daily_hydro_water
20260811_121452_stage_B_2C_4168a6e9,INEQ-WATER-D018-HYDRO01-UPPER,inequality,18,0,hydro,1,daily_hydro_water_upper,true,1,7899,m3/day,0,NaN,daily_hydro_water
20260811_121452_stage_B_2C_4168a6e9,INEQ-WATER-D018-HYDRO01-LOWER,inequality,18,0,hydro,1,daily_hydro_water_lower,true,2,7900,m3/day,0,NaN,daily_hydro_water
20260811_121452_stage_B_2C_4168a6e9,INEQ-WATER-D018-HYDRO02-UPPER,inequality,18,0,hydro,2,daily_hydro_water_upper,true,3,7901,m3/day,0,NaN,daily_hydro_water
20260811_121452_stage_B_2C_4168a6e9,INEQ-WATER-D018-HYDRO02-LOWER,inequality,18,0,hydro,2,daily_hydro_water_lower,true,4,7902,m3/day,0,NaN,daily_hydro_water
20260811_121452_stage_B_2C_4168a6e9,INEQ-WATER-D018-HYDRO03-UPPER,inequality,18,0,hydro,3,daily_hydro_water_upper,true,5,7903,m3/day,0,NaN,daily_hydro_water
20260811_121452_stage_B_2C_4168a6e9,INEQ-WATER-D018-HYDRO03-LOWER,inequality,18,0,hydro,3,daily_hydro_water_lower,true,6,7904,m3/day,0,NaN,daily_hydro_water
20260811_121452_stage_B_2C_4168a6e9,INEQ-WATER-D018-HYDRO04-UPPER,inequality,18,0,hydro,4,daily_hydro_water_upper,true,7,7905,m3/day,0,NaN,daily_hydro_water
20260811_121452_stage_B_2C_4168a6e9,INEQ-WATER-D018-HYDRO04-LOWER,inequality,18,0,hydro,4,daily_hydro_water_lower,true,8,7906,m3/day,0,NaN,daily_hydro_water
20260811_121452_stage_B_2C_4168a6e9,INEQ-WATER-D019-HYDRO01-UPPER,inequality,19,0,hydro,1,daily_hydro_water_upper,true,1,7907,m3/day,0,NaN,daily_hydro_water
20260811_121452_stage_B_2C_4168a6e9,INEQ-WATER-D019-HYDRO01-LOWER,inequality,19,0,hydro,1,daily_hydro_water_lower,true,2,7908,m3/day,0,NaN,daily_hydro_water
20260811_121452_stage_B_2C_4168a6e9,INEQ-WATER-D019-HYDRO02-UPPER,inequality,19,0,hydro,2,daily_hydro_water_upper,true,3,7909,m3/day,0,NaN,daily_hydro_water
20260811_121452_stage_B_2C_4168a6e9,INEQ-WATER-D019-HYDRO02-LOWER,inequality,19,0,hydro,2,daily_hydro_water_lower,true,4,7910,m3/day,0,NaN,daily_hydro_water
20260811_121452_stage_B_2C_4168a6e9,INEQ-WATER-D019-HYDRO03-UPPER,inequality,19,0,hydro,3,daily_hydro_water_upper,true,5,7911,m3/day,0,NaN,daily_hydro_water
20260811_121452_stage_B_2C_4168a6e9,INEQ-WATER-D019-HYDRO03-LOWER,inequality,19,0,hydro,3,daily_hydro_water_lower,true,6,7912,m3/day,0,NaN,daily_hydro_water
20260811_121452_stage_B_2C_4168a6e9,INEQ-WATER-D019-HYDRO04-UPPER,inequality,19,0,hydro,4,daily_hydro_water_upper,true,7,7913,m3/day,0,NaN,daily_hydro_water
20260811_121452_stage_B_2C_4168a6e9,INEQ-WATER-D019-HYDRO04-LOWER,inequality,19,0,hydro,4,daily_hydro_water_lower,true,8,7914,m3/day,0,NaN,daily_hydro_water
20260811_121452_stage_B_2C_4168a6e9,INEQ-WATER-D020-HYDRO01-UPPER,inequality,20,0,hydro,1,daily_hydro_water_upper,true,1,7915,m3/day,0,NaN,daily_hydro_water
20260811_121452_stage_B_2C_4168a6e9,INEQ-WATER-D020-HYDRO01-LOWER,inequality,20,0,hydro,1,daily_hydro_water_lower,true,2,7916,m3/day,0,NaN,daily_hydro_water
20260811_121452_stage_B_2C_4168a6e9,INEQ-WATER-D020-HYDRO02-UPPER,inequality,20,0,hydro,2,daily_hydro_water_upper,true,3,7917,m3/day,0,NaN,daily_hydro_water
20260811_121452_stage_B_2C_4168a6e9,INEQ-WATER-D020-HYDRO02-LOWER,inequality,20,0,hydro,2,daily_hydro_water_lower,true,4,7918,m3/day,0,NaN,daily_hydro_water
20260811_121452_stage_B_2C_4168a6e9,INEQ-WATER-D020-HYDRO03-UPPER,inequality,20,0,hydro,3,daily_hydro_water_upper,true,5,7919,m3/day,0,NaN,daily_hydro_water
20260811_121452_stage_B_2C_4168a6e9,INEQ-WATER-D020-HYDRO03-LOWER,inequality,20,0,hydro,3,daily_hydro_water_lower,true,6,7920,m3/day,0,NaN,daily_hydro_water
20260811_121452_stage_B_2C_4168a6e9,INEQ-WATER-D020-HYDRO04-UPPER,inequality,20,0,hydro,4,daily_hydro_water_upper,true,7,7921,m3/day,0,NaN,daily_hydro_water
20260811_121452_stage_B_2C_4168a6e9,INEQ-WATER-D020-HYDRO04-LOWER,inequality,20,0,hydro,4,daily_hydro_water_lower,true,8,7922,m3/day,0,NaN,daily_hydro_water
