run_id,space_name,canonical_index,solver_index,object_type,object_name
20260811_121452_stage_B_2C_4168a6e9,variable,1,1,variable,QW1
20260811_121452_stage_B_2C_4168a6e9,variable,2,2,variable,QW2
20260811_121452_stage_B_2C_4168a6e9,variable,3,3,variable,QW3
20260811_121452_stage_B_2C_4168a6e9,variable,4,4,variable,QW4
20260811_121452_stage_B_2C_4168a6e9,variable,5,5,variable,QW5
20260811_121452_stage_B_2C_4168a6e9,variable,6,6,variable,QP1
20260811_121452_stage_B_2C_4168a6e9,variable,7,7,variable,QP2
20260811_121452_stage_B_2C_4168a6e9,variable,8,8,variable,QP3
20260811_121452_stage_B_2C_4168a6e9,variable,9,9,variable,QP4
20260811_121452_stage_B_2C_4168a6e9,variable,10,10,variable,QP5
20260811_121452_stage_B_2C_4168a6e9,variable,11,11,variable,QS1
20260811_121452_stage_B_2C_4168a6e9,variable,12,12,variable,QS2
20260811_121452_stage_B_2C_4168a6e9,variable,13,13,variable,ES1
20260811_121452_stage_B_2C_4168a6e9,variable,14,14,variable,ES2
20260811_121452_stage_B_2C_4168a6e9,variable,15,15,variable,QW1_d014
20260811_121452_stage_B_2C_4168a6e9,variable,16,16,variable,QW2_d014
20260811_121452_stage_B_2C_4168a6e9,variable,17,17,variable,QW3_d014
20260811_121452_stage_B_2C_4168a6e9,variable,18,18,variable,QW4_d014
20260811_121452_stage_B_2C_4168a6e9,variable,19,19,variable,QW5_d014
20260811_121452_stage_B_2C_4168a6e9,variable,20,20,variable,QP1_d014
20260811_121452_stage_B_2C_4168a6e9,variable,21,21,variable,QP2_d014
20260811_121452_stage_B_2C_4168a6e9,variable,22,22,variable,QP3_d014
20260811_121452_stage_B_2C_4168a6e9,variable,23,23,variable,QP4_d014
20260811_121452_stage_B_2C_4168a6e9,variable,24,24,variable,QP5_d014
20260811_121452_stage_B_2C_4168a6e9,variable,25,25,variable,QS1_d014
20260811_121452_stage_B_2C_4168a6e9,variable,26,26,variable,QS2_d014
20260811_121452_stage_B_2C_4168a6e9,variable,27,27,variable,ES1_d014
20260811_121452_stage_B_2C_4168a6e9,variable,28,28,variable,ES2_d014
20260811_121452_stage_B_2C_4168a6e9,variable,29,29,variable,QW1_d015
20260811_121452_stage_B_2C_4168a6e9,variable,30,30,variable,QW2_d015
20260811_121452_stage_B_2C_4168a6e9,variable,31,31,variable,QW3_d015
20260811_121452_stage_B_2C_4168a6e9,variable,32,32,variable,QW4_d015
20260811_121452_stage_B_2C_4168a6e9,variable,33,33,variable,QW5_d015
20260811_121452_stage_B_2C_4168a6e9,variable,34,34,variable,QP1_d015
20260811_121452_stage_B_2C_4168a6e9,variable,35,35,variable,QP2_d015
20260811_121452_stage_B_2C_4168a6e9,variable,36,36,variable,QP3_d015
20260811_121452_stage_B_2C_4168a6e9,variable,37,37,variable,QP4_d015
20260811_121452_stage_B_2C_4168a6e9,variable,38,38,variable,QP5_d015
20260811_121452_stage_B_2C_4168a6e9,variable,39,39,variable,QS1_d015
20260811_121452_stage_B_2C_4168a6e9,variable,40,40,variable,QS2_d015
20260811_121452_stage_B_2C_4168a6e9,variable,41,41,variable,ES1_d015
20260811_121452_stage_B_2C_4168a6e9,variable,42,42,variable,ES2_d015
20260811_121452_stage_B_2C_4168a6e9,variable,43,43,variable,QW1_d016
20260811_121452_stage_B_2C_4168a6e9,variable,44,44,variable,QW2_d016
20260811_121452_stage_B_2C_4168a6e9,variable,45,45,variable,QW3_d016
20260811_121452_stage_B_2C_4168a6e9,variable,46,46,variable,QW4_d016
20260811_121452_stage_B_2C_4168a6e9,variable,47,47,variable,QW5_d016
20260811_121452_stage_B_2C_4168a6e9,variable,48,48,variable,QP1_d016
20260811_121452_stage_B_2C_4168a6e9,variable,49,49,variable,QP2_d016
20260811_121452_stage_B_2C_4168a6e9,variable,50,50,variable,QP3_d016
20260811_121452_stage_B_2C_4168a6e9,variable,51,51,variable,QP4_d016
20260811_121452_stage_B_2C_4168a6e9,variable,52,52,variable,QP5_d016
20260811_121452_stage_B_2C_4168a6e9,variable,53,53,variable,QS1_d016
20260811_121452_stage_B_2C_4168a6e9,variable,54,54,variable,QS2_d016
20260811_121452_stage_B_2C_4168a6e9,variable,55,55,variable,ES1_d016
20260811_121452_stage_B_2C_4168a6e9,variable,56,56,variable,ES2_d016
20260811_121452_stage_B_2C_4168a6e9,variable,57,57,variable,QW1_d017
20260811_121452_stage_B_2C_4168a6e9,variable,58,58,variable,QW2_d017
20260811_121452_stage_B_2C_4168a6e9,variable,59,59,variable,QW3_d017
20260811_121452_stage_B_2C_4168a6e9,variable,60,60,variable,QW4_d017
20260811_121452_stage_B_2C_4168a6e9,variable,61,61,variable,QW5_d017
20260811_121452_stage_B_2C_4168a6e9,variable,62,62,variable,QP1_d017
20260811_121452_stage_B_2C_4168a6e9,variable,63,63,variable,QP2_d017
20260811_121452_stage_B_2C_4168a6e9,variable,64,64,variable,QP3_d017
20260811_121452_stage_B_2C_4168a6e9,variable,65,65,variable,QP4_d017
20260811_121452_stage_B_2C_4168a6e9,variable,66,66,variable,QP5_d017
20260811_121452_stage_B_2C_4168a6e9,variable,67,67,variable,QS1_d017
20260811_121452_stage_B_2C_4168a6e9,variable,68,68,variable,QS2_d017
20260811_121452_stage_B_2C_4168a6e9,variable,69,69,variable,ES1_d017
20260811_121452_stage_B_2C_4168a6e9,variable,70,70,variable,ES2_d017
20260811_121452_stage_B_2C_4168a6e9,variable,71,71,variable,QW1_d018
20260811_121452_stage_B_2C_4168a6e9,variable,72,72,variable,QW2_d018
20260811_121452_stage_B_2C_4168a6e9,variable,73,73,variable,QW3_d018
20260811_121452_stage_B_2C_4168a6e9,variable,74,74,variable,QW4_d018
20260811_121452_stage_B_2C_4168a6e9,variable,75,75,variable,QW5_d018
20260811_121452_stage_B_2C_4168a6e9,variable,76,76,variable,QP1_d018
20260811_121452_stage_B_2C_4168a6e9,variable,77,77,variable,QP2_d018
20260811_121452_stage_B_2C_4168a6e9,variable,78,78,variable,QP3_d018
20260811_121452_stage_B_2C_4168a6e9,variable,79,79,variable,QP4_d018
20260811_121452_stage_B_2C_4168a6e9,variable,80,80,variable,QP5_d018
20260811_121452_stage_B_2C_4168a6e9,variable,81,81,variable,QS1_d018
20260811_121452_stage_B_2C_4168a6e9,variable,82,82,variable,QS2_d018
20260811_121452_stage_B_2C_4168a6e9,variable,83,83,variable,ES1_d018
20260811_121452_stage_B_2C_4168a6e9,variable,84,84,variable,ES2_d018
20260811_121452_stage_B_2C_4168a6e9,variable,85,85,variable,QW1_d019
20260811_121452_stage_B_2C_4168a6e9,variable,86,86,variable,QW2_d019
20260811_121452_stage_B_2C_4168a6e9,variable,87,87,variable,QW3_d019
20260811_121452_stage_B_2C_4168a6e9,variable,88,88,variable,QW4_d019
20260811_121452_stage_B_2C_4168a6e9,variable,89,89,variable,QW5_d019
20260811_121452_stage_B_2C_4168a6e9,variable,90,90,variable,QP1_d019
20260811_121452_stage_B_2C_4168a6e9,variable,91,91,variable,QP2_d019
20260811_121452_stage_B_2C_4168a6e9,variable,92,92,variable,QP3_d019
20260811_121452_stage_B_2C_4168a6e9,variable,93,93,variable,QP4_d019
20260811_121452_stage_B_2C_4168a6e9,variable,94,94,variable,QP5_d019
20260811_121452_stage_B_2C_4168a6e9,variable,95,95,variable,QS1_d019
20260811_121452_stage_B_2C_4168a6e9,variable,96,96,variable,QS2_d019
20260811_121452_stage_B_2C_4168a6e9,variable,97,97,variable,ES1_d019
20260811_121452_stage_B_2C_4168a6e9,variable,98,98,variable,ES2_d019
20260811_121452_stage_B_2C_4168a6e9,variable,99,99,variable,QW1_d020
20260811_121452_stage_B_2C_4168a6e9,variable,100,100,variable,QW2_d020
20260811_121452_stage_B_2C_4168a6e9,variable,101,101,variable,QW3_d020
20260811_121452_stage_B_2C_4168a6e9,variable,102,102,variable,QW4_d020
20260811_121452_stage_B_2C_4168a6e9,variable,103,103,variable,QW5_d020
20260811_121452_stage_B_2C_4168a6e9,variable,104,104,variable,QP1_d020
20260811_121452_stage_B_2C_4168a6e9,variable,105,105,variable,QP2_d020
20260811_121452_stage_B_2C_4168a6e9,variable,106,106,variable,QP3_d020
20260811_121452_stage_B_2C_4168a6e9,variable,107,107,variable,QP4_d020
20260811_121452_stage_B_2C_4168a6e9,variable,108,108,variable,QP5_d020
20260811_121452_stage_B_2C_4168a6e9,variable,109,109,variable,QS1_d020
20260811_121452_stage_B_2C_4168a6e9,variable,110,110,variable,QS2_d020
20260811_121452_stage_B_2C_4168a6e9,variable,111,111,variable,ES1_d020
20260811_121452_stage_B_2C_4168a6e9,variable,112,112,variable,ES2_d020
20260811_121452_stage_B_2C_4168a6e9,variable,113,113,variable,PW
20260811_121452_stage_B_2C_4168a6e9,variable,114,114,variable,PW
20260811_121452_stage_B_2C_4168a6e9,variable,115,115,variable,PW
20260811_121452_stage_B_2C_4168a6e9,variable,116,116,variable,PW
20260811_121452_stage_B_2C_4168a6e9,variable,117,117,variable,PW
20260811_121452_stage_B_2C_4168a6e9,variable,118,118,variable,PH
20260811_121452_stage_B_2C_4168a6e9,variable,119,119,variable,PH
20260811_121452_stage_B_2C_4168a6e9,variable,120,120,variable,PH
20260811_121452_stage_B_2C_4168a6e9,variable,121,121,variable,PH
20260811_121452_stage_B_2C_4168a6e9,variable,122,122,variable,PF
20260811_121452_stage_B_2C_4168a6e9,variable,123,123,variable,PF
20260811_121452_stage_B_2C_4168a6e9,variable,124,124,variable,PF
20260811_121452_stage_B_2C_4168a6e9,variable,125,125,variable,PF
20260811_121452_stage_B_2C_4168a6e9,variable,126,126,variable,Pch
20260811_121452_stage_B_2C_4168a6e9,variable,127,127,variable,Pch
20260811_121452_stage_B_2C_4168a6e9,variable,128,128,variable,Pdis
20260811_121452_stage_B_2C_4168a6e9,variable,129,129,variable,Pdis
20260811_121452_stage_B_2C_4168a6e9,variable,130,130,variable,SOC
20260811_121452_stage_B_2C_4168a6e9,variable,131,131,variable,SOC
20260811_121452_stage_B_2C_4168a6e9,variable,132,132,variable,PW
20260811_121452_stage_B_2C_4168a6e9,variable,133,133,variable,PW
20260811_121452_stage_B_2C_4168a6e9,variable,134,134,variable,PW
20260811_121452_stage_B_2C_4168a6e9,variable,135,135,variable,PW
20260811_121452_stage_B_2C_4168a6e9,variable,136,136,variable,PW
20260811_121452_stage_B_2C_4168a6e9,variable,137,137,variable,PH
20260811_121452_stage_B_2C_4168a6e9,variable,138,138,variable,PH
20260811_121452_stage_B_2C_4168a6e9,variable,139,139,variable,PH
20260811_121452_stage_B_2C_4168a6e9,variable,140,140,variable,PH
20260811_121452_stage_B_2C_4168a6e9,variable,141,141,variable,PF
20260811_121452_stage_B_2C_4168a6e9,variable,142,142,variable,PF
20260811_121452_stage_B_2C_4168a6e9,variable,143,143,variable,PF
20260811_121452_stage_B_2C_4168a6e9,variable,144,144,variable,PF
20260811_121452_stage_B_2C_4168a6e9,variable,145,145,variable,Pch
20260811_121452_stage_B_2C_4168a6e9,variable,146,146,variable,Pch
20260811_121452_stage_B_2C_4168a6e9,variable,147,147,variable,Pdis
20260811_121452_stage_B_2C_4168a6e9,variable,148,148,variable,Pdis
20260811_121452_stage_B_2C_4168a6e9,variable,149,149,variable,SOC
20260811_121452_stage_B_2C_4168a6e9,variable,150,150,variable,SOC
20260811_121452_stage_B_2C_4168a6e9,variable,151,151,variable,PW
20260811_121452_stage_B_2C_4168a6e9,variable,152,152,variable,PW
20260811_121452_stage_B_2C_4168a6e9,variable,153,153,variable,PW
20260811_121452_stage_B_2C_4168a6e9,variable,154,154,variable,PW
20260811_121452_stage_B_2C_4168a6e9,variable,155,155,variable,PW
20260811_121452_stage_B_2C_4168a6e9,variable,156,156,variable,PH
20260811_121452_stage_B_2C_4168a6e9,variable,157,157,variable,PH
20260811_121452_stage_B_2C_4168a6e9,variable,158,158,variable,PH
20260811_121452_stage_B_2C_4168a6e9,variable,159,159,variable,PH
20260811_121452_stage_B_2C_4168a6e9,variable,160,160,variable,PF
20260811_121452_stage_B_2C_4168a6e9,variable,161,161,variable,PF
20260811_121452_stage_B_2C_4168a6e9,variable,162,162,variable,PF
20260811_121452_stage_B_2C_4168a6e9,variable,163,163,variable,PF
20260811_121452_stage_B_2C_4168a6e9,variable,164,164,variable,Pch
20260811_121452_stage_B_2C_4168a6e9,variable,165,165,variable,Pch
20260811_121452_stage_B_2C_4168a6e9,variable,166,166,variable,Pdis
20260811_121452_stage_B_2C_4168a6e9,variable,167,167,variable,Pdis
20260811_121452_stage_B_2C_4168a6e9,variable,168,168,variable,SOC
20260811_121452_stage_B_2C_4168a6e9,variable,169,169,variable,SOC
20260811_121452_stage_B_2C_4168a6e9,variable,170,170,variable,PW
20260811_121452_stage_B_2C_4168a6e9,variable,171,171,variable,PW
20260811_121452_stage_B_2C_4168a6e9,variable,172,172,variable,PW
20260811_121452_stage_B_2C_4168a6e9,variable,173,173,variable,PW
20260811_121452_stage_B_2C_4168a6e9,variable,174,174,variable,PW
20260811_121452_stage_B_2C_4168a6e9,variable,175,175,variable,PH
20260811_121452_stage_B_2C_4168a6e9,variable,176,176,variable,PH
20260811_121452_stage_B_2C_4168a6e9,variable,177,177,variable,PH
20260811_121452_stage_B_2C_4168a6e9,variable,178,178,variable,PH
20260811_121452_stage_B_2C_4168a6e9,variable,179,179,variable,PF
20260811_121452_stage_B_2C_4168a6e9,variable,180,180,variable,PF
20260811_121452_stage_B_2C_4168a6e9,variable,181,181,variable,PF
20260811_121452_stage_B_2C_4168a6e9,variable,182,182,variable,PF
20260811_121452_stage_B_2C_4168a6e9,variable,183,183,variable,Pch
20260811_121452_stage_B_2C_4168a6e9,variable,184,184,variable,Pch
20260811_121452_stage_B_2C_4168a6e9,variable,185,185,variable,Pdis
20260811_121452_stage_B_2C_4168a6e9,variable,186,186,variable,Pdis
20260811_121452_stage_B_2C_4168a6e9,variable,187,187,variable,SOC
20260811_121452_stage_B_2C_4168a6e9,variable,188,188,variable,SOC
20260811_121452_stage_B_2C_4168a6e9,variable,189,189,variable,PW
20260811_121452_stage_B_2C_4168a6e9,variable,190,190,variable,PW
20260811_121452_stage_B_2C_4168a6e9,variable,191,191,variable,PW
20260811_121452_stage_B_2C_4168a6e9,variable,192,192,variable,PW
20260811_121452_stage_B_2C_4168a6e9,variable,193,193,variable,PW
20260811_121452_stage_B_2C_4168a6e9,variable,194,194,variable,PH
20260811_121452_stage_B_2C_4168a6e9,variable,195,195,variable,PH
20260811_121452_stage_B_2C_4168a6e9,variable,196,196,variable,PH
20260811_121452_stage_B_2C_4168a6e9,variable,197,197,variable,PH
20260811_121452_stage_B_2C_4168a6e9,variable,198,198,variable,PF
20260811_121452_stage_B_2C_4168a6e9,variable,199,199,variable,PF
20260811_121452_stage_B_2C_4168a6e9,variable,200,200,variable,PF
20260811_121452_stage_B_2C_4168a6e9,variable,201,201,variable,PF
20260811_121452_stage_B_2C_4168a6e9,variable,202,202,variable,Pch
20260811_121452_stage_B_2C_4168a6e9,variable,203,203,variable,Pch
20260811_121452_stage_B_2C_4168a6e9,variable,204,204,variable,Pdis
20260811_121452_stage_B_2C_4168a6e9,variable,205,205,variable,Pdis
20260811_121452_stage_B_2C_4168a6e9,variable,206,206,variable,SOC
20260811_121452_stage_B_2C_4168a6e9,variable,207,207,variable,SOC
20260811_121452_stage_B_2C_4168a6e9,variable,208,208,variable,PW
20260811_121452_stage_B_2C_4168a6e9,variable,209,209,variable,PW
20260811_121452_stage_B_2C_4168a6e9,variable,210,210,variable,PW
20260811_121452_stage_B_2C_4168a6e9,variable,211,211,variable,PW
20260811_121452_stage_B_2C_4168a6e9,variable,212,212,variable,PW
20260811_121452_stage_B_2C_4168a6e9,variable,213,213,variable,PH
20260811_121452_stage_B_2C_4168a6e9,variable,214,214,variable,PH
20260811_121452_stage_B_2C_4168a6e9,variable,215,215,variable,PH
20260811_121452_stage_B_2C_4168a6e9,variable,216,216,variable,PH
20260811_121452_stage_B_2C_4168a6e9,variable,217,217,variable,PF
20260811_121452_stage_B_2C_4168a6e9,variable,218,218,variable,PF
20260811_121452_stage_B_2C_4168a6e9,variable,219,219,variable,PF
20260811_121452_stage_B_2C_4168a6e9,variable,220,220,variable,PF
20260811_121452_stage_B_2C_4168a6e9,variable,221,221,variable,Pch
20260811_121452_stage_B_2C_4168a6e9,variable,222,222,variable,Pch
20260811_121452_stage_B_2C_4168a6e9,variable,223,223,variable,Pdis
20260811_121452_stage_B_2C_4168a6e9,variable,224,224,variable,Pdis
20260811_121452_stage_B_2C_4168a6e9,variable,225,225,variable,SOC
20260811_121452_stage_B_2C_4168a6e9,variable,226,226,variable,SOC
20260811_121452_stage_B_2C_4168a6e9,variable,227,227,variable,PW
20260811_121452_stage_B_2C_4168a6e9,variable,228,228,variable,PW
20260811_121452_stage_B_2C_4168a6e9,variable,229,229,variable,PW
20260811_121452_stage_B_2C_4168a6e9,variable,230,230,variable,PW
20260811_121452_stage_B_2C_4168a6e9,variable,231,231,variable,PW
20260811_121452_stage_B_2C_4168a6e9,variable,232,232,variable,PH
20260811_121452_stage_B_2C_4168a6e9,variable,233,233,variable,PH
20260811_121452_stage_B_2C_4168a6e9,variable,234,234,variable,PH
20260811_121452_stage_B_2C_4168a6e9,variable,235,235,variable,PH
20260811_121452_stage_B_2C_4168a6e9,variable,236,236,variable,PF
20260811_121452_stage_B_2C_4168a6e9,variable,237,237,variable,PF
20260811_121452_stage_B_2C_4168a6e9,variable,238,238,variable,PF
20260811_121452_stage_B_2C_4168a6e9,variable,239,239,variable,PF
20260811_121452_stage_B_2C_4168a6e9,variable,240,240,variable,Pch
20260811_121452_stage_B_2C_4168a6e9,variable,241,241,variable,Pch
20260811_121452_stage_B_2C_4168a6e9,variable,242,242,variable,Pdis
20260811_121452_stage_B_2C_4168a6e9,variable,243,243,variable,Pdis
20260811_121452_stage_B_2C_4168a6e9,variable,244,244,variable,SOC
20260811_121452_stage_B_2C_4168a6e9,variable,245,245,variable,SOC
20260811_121452_stage_B_2C_4168a6e9,variable,246,246,variable,PW
20260811_121452_stage_B_2C_4168a6e9,variable,247,247,variable,PW
20260811_121452_stage_B_2C_4168a6e9,variable,248,248,variable,PW
20260811_121452_stage_B_2C_4168a6e9,variable,249,249,variable,PW
20260811_121452_stage_B_2C_4168a6e9,variable,250,250,variable,PW
20260811_121452_stage_B_2C_4168a6e9,variable,251,251,variable,PP
20260811_121452_stage_B_2C_4168a6e9,variable,252,252,variable,PP
20260811_121452_stage_B_2C_4168a6e9,variable,253,253,variable,PP
20260811_121452_stage_B_2C_4168a6e9,variable,254,254,variable,PP
20260811_121452_stage_B_2C_4168a6e9,variable,255,255,variable,PP
20260811_121452_stage_B_2C_4168a6e9,variable,256,256,variable,PH
20260811_121452_stage_B_2C_4168a6e9,variable,257,257,variable,PH
20260811_121452_stage_B_2C_4168a6e9,variable,258,258,variable,PH
20260811_121452_stage_B_2C_4168a6e9,variable,259,259,variable,PH
20260811_121452_stage_B_2C_4168a6e9,variable,260,260,variable,PF
20260811_121452_stage_B_2C_4168a6e9,variable,261,261,variable,PF
20260811_121452_stage_B_2C_4168a6e9,variable,262,262,variable,PF
20260811_121452_stage_B_2C_4168a6e9,variable,263,263,variable,PF
20260811_121452_stage_B_2C_4168a6e9,variable,264,264,variable,Pch
20260811_121452_stage_B_2C_4168a6e9,variable,265,265,variable,Pch
20260811_121452_stage_B_2C_4168a6e9,variable,266,266,variable,Pdis
20260811_121452_stage_B_2C_4168a6e9,variable,267,267,variable,Pdis
20260811_121452_stage_B_2C_4168a6e9,variable,268,268,variable,SOC
20260811_121452_stage_B_2C_4168a6e9,variable,269,269,variable,SOC
20260811_121452_stage_B_2C_4168a6e9,variable,270,270,variable,PW
20260811_121452_stage_B_2C_4168a6e9,variable,271,271,variable,PW
20260811_121452_stage_B_2C_4168a6e9,variable,272,272,variable,PW
20260811_121452_stage_B_2C_4168a6e9,variable,273,273,variable,PW
20260811_121452_stage_B_2C_4168a6e9,variable,274,274,variable,PW
20260811_121452_stage_B_2C_4168a6e9,variable,275,275,variable,PP
20260811_121452_stage_B_2C_4168a6e9,variable,276,276,variable,PP
20260811_121452_stage_B_2C_4168a6e9,variable,277,277,variable,PP
20260811_121452_stage_B_2C_4168a6e9,variable,278,278,variable,PP
20260811_121452_stage_B_2C_4168a6e9,variable,279,279,variable,PP
20260811_121452_stage_B_2C_4168a6e9,variable,280,280,variable,PH
20260811_121452_stage_B_2C_4168a6e9,variable,281,281,variable,PH
20260811_121452_stage_B_2C_4168a6e9,variable,282,282,variable,PH
20260811_121452_stage_B_2C_4168a6e9,variable,283,283,variable,PH
20260811_121452_stage_B_2C_4168a6e9,variable,284,284,variable,PF
20260811_121452_stage_B_2C_4168a6e9,variable,285,285,variable,PF
20260811_121452_stage_B_2C_4168a6e9,variable,286,286,variable,PF
20260811_121452_stage_B_2C_4168a6e9,variable,287,287,variable,PF
20260811_121452_stage_B_2C_4168a6e9,variable,288,288,variable,Pch
20260811_121452_stage_B_2C_4168a6e9,variable,289,289,variable,Pch
20260811_121452_stage_B_2C_4168a6e9,variable,290,290,variable,Pdis
20260811_121452_stage_B_2C_4168a6e9,variable,291,291,variable,Pdis
20260811_121452_stage_B_2C_4168a6e9,variable,292,292,variable,SOC
20260811_121452_stage_B_2C_4168a6e9,variable,293,293,variable,SOC
20260811_121452_stage_B_2C_4168a6e9,variable,294,294,variable,PW
20260811_121452_stage_B_2C_4168a6e9,variable,295,295,variable,PW
20260811_121452_stage_B_2C_4168a6e9,variable,296,296,variable,PW
20260811_121452_stage_B_2C_4168a6e9,variable,297,297,variable,PW
20260811_121452_stage_B_2C_4168a6e9,variable,298,298,variable,PW
20260811_121452_stage_B_2C_4168a6e9,variable,299,299,variable,PP
20260811_121452_stage_B_2C_4168a6e9,variable,300,300,variable,PP
20260811_121452_stage_B_2C_4168a6e9,variable,301,301,variable,PP
20260811_121452_stage_B_2C_4168a6e9,variable,302,302,variable,PP
20260811_121452_stage_B_2C_4168a6e9,variable,303,303,variable,PP
20260811_121452_stage_B_2C_4168a6e9,variable,304,304,variable,PH
20260811_121452_stage_B_2C_4168a6e9,variable,305,305,variable,PH
20260811_121452_stage_B_2C_4168a6e9,variable,306,306,variable,PH
20260811_121452_stage_B_2C_4168a6e9,variable,307,307,variable,PH
20260811_121452_stage_B_2C_4168a6e9,variable,308,308,variable,PF
20260811_121452_stage_B_2C_4168a6e9,variable,309,309,variable,PF
20260811_121452_stage_B_2C_4168a6e9,variable,310,310,variable,PF
20260811_121452_stage_B_2C_4168a6e9,variable,311,311,variable,PF
20260811_121452_stage_B_2C_4168a6e9,variable,312,312,variable,Pch
20260811_121452_stage_B_2C_4168a6e9,variable,313,313,variable,Pch
20260811_121452_stage_B_2C_4168a6e9,variable,314,314,variable,Pdis
20260811_121452_stage_B_2C_4168a6e9,variable,315,315,variable,Pdis
20260811_121452_stage_B_2C_4168a6e9,variable,316,316,variable,SOC
20260811_121452_stage_B_2C_4168a6e9,variable,317,317,variable,SOC
20260811_121452_stage_B_2C_4168a6e9,variable,318,318,variable,PW
20260811_121452_stage_B_2C_4168a6e9,variable,319,319,variable,PW
20260811_121452_stage_B_2C_4168a6e9,variable,320,320,variable,PW
20260811_121452_stage_B_2C_4168a6e9,variable,321,321,variable,PW
20260811_121452_stage_B_2C_4168a6e9,variable,322,322,variable,PW
20260811_121452_stage_B_2C_4168a6e9,variable,323,323,variable,PP
20260811_121452_stage_B_2C_4168a6e9,variable,324,324,variable,PP
20260811_121452_stage_B_2C_4168a6e9,variable,325,325,variable,PP
20260811_121452_stage_B_2C_4168a6e9,variable,326,326,variable,PP
20260811_121452_stage_B_2C_4168a6e9,variable,327,327,variable,PP
20260811_121452_stage_B_2C_4168a6e9,variable,328,328,variable,PH
20260811_121452_stage_B_2C_4168a6e9,variable,329,329,variable,PH
20260811_121452_stage_B_2C_4168a6e9,variable,330,330,variable,PH
20260811_121452_stage_B_2C_4168a6e9,variable,331,331,variable,PH
20260811_121452_stage_B_2C_4168a6e9,variable,332,332,variable,PF
20260811_121452_stage_B_2C_4168a6e9,variable,333,333,variable,PF
20260811_121452_stage_B_2C_4168a6e9,variable,334,334,variable,PF
20260811_121452_stage_B_2C_4168a6e9,variable,335,335,variable,PF
20260811_121452_stage_B_2C_4168a6e9,variable,336,336,variable,Pch
20260811_121452_stage_B_2C_4168a6e9,variable,337,337,variable,Pch
20260811_121452_stage_B_2C_4168a6e9,variable,338,338,variable,Pdis
20260811_121452_stage_B_2C_4168a6e9,variable,339,339,variable,Pdis
20260811_121452_stage_B_2C_4168a6e9,variable,340,340,variable,SOC
20260811_121452_stage_B_2C_4168a6e9,variable,341,341,variable,SOC
20260811_121452_stage_B_2C_4168a6e9,variable,342,342,variable,PW
20260811_121452_stage_B_2C_4168a6e9,variable,343,343,variable,PW
20260811_121452_stage_B_2C_4168a6e9,variable,344,344,variable,PW
20260811_121452_stage_B_2C_4168a6e9,variable,345,345,variable,PW
20260811_121452_stage_B_2C_4168a6e9,variable,346,346,variable,PW
20260811_121452_stage_B_2C_4168a6e9,variable,347,347,variable,PP
20260811_121452_stage_B_2C_4168a6e9,variable,348,348,variable,PP
20260811_121452_stage_B_2C_4168a6e9,variable,349,349,variable,PP
20260811_121452_stage_B_2C_4168a6e9,variable,350,350,variable,PP
20260811_121452_stage_B_2C_4168a6e9,variable,351,351,variable,PP
20260811_121452_stage_B_2C_4168a6e9,variable,352,352,variable,PH
20260811_121452_stage_B_2C_4168a6e9,variable,353,353,variable,PH
20260811_121452_stage_B_2C_4168a6e9,variable,354,354,variable,PH
20260811_121452_stage_B_2C_4168a6e9,variable,355,355,variable,PH
20260811_121452_stage_B_2C_4168a6e9,variable,356,356,variable,PF
20260811_121452_stage_B_2C_4168a6e9,variable,357,357,variable,PF
20260811_121452_stage_B_2C_4168a6e9,variable,358,358,variable,PF
20260811_121452_stage_B_2C_4168a6e9,variable,359,359,variable,PF
20260811_121452_stage_B_2C_4168a6e9,variable,360,360,variable,Pch
20260811_121452_stage_B_2C_4168a6e9,variable,361,361,variable,Pch
20260811_121452_stage_B_2C_4168a6e9,variable,362,362,variable,Pdis
20260811_121452_stage_B_2C_4168a6e9,variable,363,363,variable,Pdis
20260811_121452_stage_B_2C_4168a6e9,variable,364,364,variable,SOC
20260811_121452_stage_B_2C_4168a6e9,variable,365,365,variable,SOC
20260811_121452_stage_B_2C_4168a6e9,variable,366,366,variable,PW
20260811_121452_stage_B_2C_4168a6e9,variable,367,367,variable,PW
20260811_121452_stage_B_2C_4168a6e9,variable,368,368,variable,PW
20260811_121452_stage_B_2C_4168a6e9,variable,369,369,variable,PW
20260811_121452_stage_B_2C_4168a6e9,variable,370,370,variable,PW
20260811_121452_stage_B_2C_4168a6e9,variable,371,371,variable,PP
20260811_121452_stage_B_2C_4168a6e9,variable,372,372,variable,PP
20260811_121452_stage_B_2C_4168a6e9,variable,373,373,variable,PP
20260811_121452_stage_B_2C_4168a6e9,variable,374,374,variable,PP
20260811_121452_stage_B_2C_4168a6e9,variable,375,375,variable,PP
20260811_121452_stage_B_2C_4168a6e9,variable,376,376,variable,PH
20260811_121452_stage_B_2C_4168a6e9,variable,377,377,variable,PH
20260811_121452_stage_B_2C_4168a6e9,variable,378,378,variable,PH
20260811_121452_stage_B_2C_4168a6e9,variable,379,379,variable,PH
20260811_121452_stage_B_2C_4168a6e9,variable,380,380,variable,PF
20260811_121452_stage_B_2C_4168a6e9,variable,381,381,variable,PF
20260811_121452_stage_B_2C_4168a6e9,variable,382,382,variable,PF
20260811_121452_stage_B_2C_4168a6e9,variable,383,383,variable,PF
20260811_121452_stage_B_2C_4168a6e9,variable,384,384,variable,Pch
20260811_121452_stage_B_2C_4168a6e9,variable,385,385,variable,Pch
20260811_121452_stage_B_2C_4168a6e9,variable,386,386,variable,Pdis
20260811_121452_stage_B_2C_4168a6e9,variable,387,387,variable,Pdis
20260811_121452_stage_B_2C_4168a6e9,variable,388,388,variable,SOC
20260811_121452_stage_B_2C_4168a6e9,variable,389,389,variable,SOC
20260811_121452_stage_B_2C_4168a6e9,variable,390,390,variable,PW
20260811_121452_stage_B_2C_4168a6e9,variable,391,391,variable,PW
20260811_121452_stage_B_2C_4168a6e9,variable,392,392,variable,PW
20260811_121452_stage_B_2C_4168a6e9,variable,393,393,variable,PW
20260811_121452_stage_B_2C_4168a6e9,variable,394,394,variable,PW
20260811_121452_stage_B_2C_4168a6e9,variable,395,395,variable,PP
20260811_121452_stage_B_2C_4168a6e9,variable,396,396,variable,PP
20260811_121452_stage_B_2C_4168a6e9,variable,397,397,variable,PP
20260811_121452_stage_B_2C_4168a6e9,variable,398,398,variable,PP
20260811_121452_stage_B_2C_4168a6e9,variable,399,399,variable,PP
20260811_121452_stage_B_2C_4168a6e9,variable,400,400,variable,PH
20260811_121452_stage_B_2C_4168a6e9,variable,401,401,variable,PH
20260811_121452_stage_B_2C_4168a6e9,variable,402,402,variable,PH
20260811_121452_stage_B_2C_4168a6e9,variable,403,403,variable,PH
20260811_121452_stage_B_2C_4168a6e9,variable,404,404,variable,PF
20260811_121452_stage_B_2C_4168a6e9,variable,405,405,variable,PF
20260811_121452_stage_B_2C_4168a6e9,variable,406,406,variable,PF
20260811_121452_stage_B_2C_4168a6e9,variable,407,407,variable,PF
20260811_121452_stage_B_2C_4168a6e9,variable,408,408,variable,Pch
20260811_121452_stage_B_2C_4168a6e9,variable,409,409,variable,Pch
20260811_121452_stage_B_2C_4168a6e9,variable,410,410,variable,Pdis
20260811_121452_stage_B_2C_4168a6e9,variable,411,411,variable,Pdis
20260811_121452_stage_B_2C_4168a6e9,variable,412,412,variable,SOC
20260811_121452_stage_B_2C_4168a6e9,variable,413,413,variable,SOC
20260811_121452_stage_B_2C_4168a6e9,variable,414,414,variable,PW
20260811_121452_stage_B_2C_4168a6e9,variable,415,415,variable,PW
20260811_121452_stage_B_2C_4168a6e9,variable,416,416,variable,PW
20260811_121452_stage_B_2C_4168a6e9,variable,417,417,variable,PW
20260811_121452_stage_B_2C_4168a6e9,variable,418,418,variable,PW
20260811_121452_stage_B_2C_4168a6e9,variable,419,419,variable,PP
20260811_121452_stage_B_2C_4168a6e9,variable,420,420,variable,PP
20260811_121452_stage_B_2C_4168a6e9,variable,421,421,variable,PP
20260811_121452_stage_B_2C_4168a6e9,variable,422,422,variable,PP
20260811_121452_stage_B_2C_4168a6e9,variable,423,423,variable,PP
20260811_121452_stage_B_2C_4168a6e9,variable,424,424,variable,PH
20260811_121452_stage_B_2C_4168a6e9,variable,425,425,variable,PH
20260811_121452_stage_B_2C_4168a6e9,variable,426,426,variable,PH
20260811_121452_stage_B_2C_4168a6e9,variable,427,427,variable,PH
20260811_121452_stage_B_2C_4168a6e9,variable,428,428,variable,PF
20260811_121452_stage_B_2C_4168a6e9,variable,429,429,variable,PF
20260811_121452_stage_B_2C_4168a6e9,variable,430,430,variable,PF
20260811_121452_stage_B_2C_4168a6e9,variable,431,431,variable,PF
20260811_121452_stage_B_2C_4168a6e9,variable,432,432,variable,Pch
20260811_121452_stage_B_2C_4168a6e9,variable,433,433,variable,Pch
20260811_121452_stage_B_2C_4168a6e9,variable,434,434,variable,Pdis
20260811_121452_stage_B_2C_4168a6e9,variable,435,435,variable,Pdis
20260811_121452_stage_B_2C_4168a6e9,variable,436,436,variable,SOC
20260811_121452_stage_B_2C_4168a6e9,variable,437,437,variable,SOC
20260811_121452_stage_B_2C_4168a6e9,variable,438,438,variable,PW
20260811_121452_stage_B_2C_4168a6e9,variable,439,439,variable,PW
20260811_121452_stage_B_2C_4168a6e9,variable,440,440,variable,PW
20260811_121452_stage_B_2C_4168a6e9,variable,441,441,variable,PW
20260811_121452_stage_B_2C_4168a6e9,variable,442,442,variable,PW
20260811_121452_stage_B_2C_4168a6e9,variable,443,443,variable,PP
20260811_121452_stage_B_2C_4168a6e9,variable,444,444,variable,PP
20260811_121452_stage_B_2C_4168a6e9,variable,445,445,variable,PP
20260811_121452_stage_B_2C_4168a6e9,variable,446,446,variable,PP
20260811_121452_stage_B_2C_4168a6e9,variable,447,447,variable,PP
20260811_121452_stage_B_2C_4168a6e9,variable,448,448,variable,PH
20260811_121452_stage_B_2C_4168a6e9,variable,449,449,variable,PH
20260811_121452_stage_B_2C_4168a6e9,variable,450,450,variable,PH
20260811_121452_stage_B_2C_4168a6e9,variable,451,451,variable,PH
20260811_121452_stage_B_2C_4168a6e9,variable,452,452,variable,PF
20260811_121452_stage_B_2C_4168a6e9,variable,453,453,variable,PF
20260811_121452_stage_B_2C_4168a6e9,variable,454,454,variable,PF
20260811_121452_stage_B_2C_4168a6e9,variable,455,455,variable,PF
20260811_121452_stage_B_2C_4168a6e9,variable,456,456,variable,Pch
20260811_121452_stage_B_2C_4168a6e9,variable,457,457,variable,Pch
20260811_121452_stage_B_2C_4168a6e9,variable,458,458,variable,Pdis
20260811_121452_stage_B_2C_4168a6e9,variable,459,459,variable,Pdis
20260811_121452_stage_B_2C_4168a6e9,variable,460,460,variable,SOC
20260811_121452_stage_B_2C_4168a6e9,variable,461,461,variable,SOC
20260811_121452_stage_B_2C_4168a6e9,variable,462,462,variable,PW
20260811_121452_stage_B_2C_4168a6e9,variable,463,463,variable,PW
20260811_121452_stage_B_2C_4168a6e9,variable,464,464,variable,PW
20260811_121452_stage_B_2C_4168a6e9,variable,465,465,variable,PW
20260811_121452_stage_B_2C_4168a6e9,variable,466,466,variable,PW
20260811_121452_stage_B_2C_4168a6e9,variable,467,467,variable,PP
20260811_121452_stage_B_2C_4168a6e9,variable,468,468,variable,PP
20260811_121452_stage_B_2C_4168a6e9,variable,469,469,variable,PP
20260811_121452_stage_B_2C_4168a6e9,variable,470,470,variable,PP
20260811_121452_stage_B_2C_4168a6e9,variable,471,471,variable,PP
20260811_121452_stage_B_2C_4168a6e9,variable,472,472,variable,PH
20260811_121452_stage_B_2C_4168a6e9,variable,473,473,variable,PH
20260811_121452_stage_B_2C_4168a6e9,variable,474,474,variable,PH
20260811_121452_stage_B_2C_4168a6e9,variable,475,475,variable,PH
20260811_121452_stage_B_2C_4168a6e9,variable,476,476,variable,PF
20260811_121452_stage_B_2C_4168a6e9,variable,477,477,variable,PF
20260811_121452_stage_B_2C_4168a6e9,variable,478,478,variable,PF
20260811_121452_stage_B_2C_4168a6e9,variable,479,479,variable,PF
20260811_121452_stage_B_2C_4168a6e9,variable,480,480,variable,Pch
20260811_121452_stage_B_2C_4168a6e9,variable,481,481,variable,Pch
20260811_121452_stage_B_2C_4168a6e9,variable,482,482,variable,Pdis
20260811_121452_stage_B_2C_4168a6e9,variable,483,483,variable,Pdis
20260811_121452_stage_B_2C_4168a6e9,variable,484,484,variable,SOC
20260811_121452_stage_B_2C_4168a6e9,variable,485,485,variable,SOC
20260811_121452_stage_B_2C_4168a6e9,variable,486,486,variable,PW
20260811_121452_stage_B_2C_4168a6e9,variable,487,487,variable,PW
20260811_121452_stage_B_2C_4168a6e9,variable,488,488,variable,PW
20260811_121452_stage_B_2C_4168a6e9,variable,489,489,variable,PW
20260811_121452_stage_B_2C_4168a6e9,variable,490,490,variable,PW
20260811_121452_stage_B_2C_4168a6e9,variable,491,491,variable,PP
20260811_121452_stage_B_2C_4168a6e9,variable,492,492,variable,PP
20260811_121452_stage_B_2C_4168a6e9,variable,493,493,variable,PP
20260811_121452_stage_B_2C_4168a6e9,variable,494,494,variable,PP
20260811_121452_stage_B_2C_4168a6e9,variable,495,495,variable,PP
20260811_121452_stage_B_2C_4168a6e9,variable,496,496,variable,PH
20260811_121452_stage_B_2C_4168a6e9,variable,497,497,variable,PH
20260811_121452_stage_B_2C_4168a6e9,variable,498,498,variable,PH
20260811_121452_stage_B_2C_4168a6e9,variable,499,499,variable,PH
20260811_121452_stage_B_2C_4168a6e9,variable,500,500,variable,PF
20260811_121452_stage_B_2C_4168a6e9,variable,501,501,variable,PF
20260811_121452_stage_B_2C_4168a6e9,variable,502,502,variable,PF
20260811_121452_stage_B_2C_4168a6e9,variable,503,503,variable,PF
20260811_121452_stage_B_2C_4168a6e9,variable,504,504,variable,Pch
20260811_121452_stage_B_2C_4168a6e9,variable,505,505,variable,Pch
20260811_121452_stage_B_2C_4168a6e9,variable,506,506,variable,Pdis
20260811_121452_stage_B_2C_4168a6e9,variable,507,507,variable,Pdis
20260811_121452_stage_B_2C_4168a6e9,variable,508,508,variable,SOC
20260811_121452_stage_B_2C_4168a6e9,variable,509,509,variable,SOC
20260811_121452_stage_B_2C_4168a6e9,variable,510,510,variable,PW
20260811_121452_stage_B_2C_4168a6e9,variable,511,511,variable,PW
20260811_121452_stage_B_2C_4168a6e9,variable,512,512,variable,PW
20260811_121452_stage_B_2C_4168a6e9,variable,513,513,variable,PW
20260811_121452_stage_B_2C_4168a6e9,variable,514,514,variable,PP
20260811_121452_stage_B_2C_4168a6e9,variable,515,515,variable,PP
20260811_121452_stage_B_2C_4168a6e9,variable,516,516,variable,PP
20260811_121452_stage_B_2C_4168a6e9,variable,517,517,variable,PP
20260811_121452_stage_B_2C_4168a6e9,variable,518,518,variable,PP
20260811_121452_stage_B_2C_4168a6e9,variable,519,519,variable,PH
20260811_121452_stage_B_2C_4168a6e9,variable,520,520,variable,PH
20260811_121452_stage_B_2C_4168a6e9,variable,521,521,variable,PH
20260811_121452_stage_B_2C_4168a6e9,variable,522,522,variable,PH
20260811_121452_stage_B_2C_4168a6e9,variable,523,523,variable,PF
20260811_121452_stage_B_2C_4168a6e9,variable,524,524,variable,PF
20260811_121452_stage_B_2C_4168a6e9,variable,525,525,variable,PF
20260811_121452_stage_B_2C_4168a6e9,variable,526,526,variable,PF
20260811_121452_stage_B_2C_4168a6e9,variable,527,527,variable,Pch
20260811_121452_stage_B_2C_4168a6e9,variable,528,528,variable,Pch
20260811_121452_stage_B_2C_4168a6e9,variable,529,529,variable,Pdis
20260811_121452_stage_B_2C_4168a6e9,variable,530,530,variable,Pdis
20260811_121452_stage_B_2C_4168a6e9,variable,531,531,variable,SOC
20260811_121452_stage_B_2C_4168a6e9,variable,532,532,variable,SOC
20260811_121452_stage_B_2C_4168a6e9,variable,533,533,variable,PW
20260811_121452_stage_B_2C_4168a6e9,variable,534,534,variable,PW
20260811_121452_stage_B_2C_4168a6e9,variable,535,535,variable,PW
20260811_121452_stage_B_2C_4168a6e9,variable,536,536,variable,PW
20260811_121452_stage_B_2C_4168a6e9,variable,537,537,variable,PW
20260811_121452_stage_B_2C_4168a6e9,variable,538,538,variable,PH
20260811_121452_stage_B_2C_4168a6e9,variable,539,539,variable,PH
20260811_121452_stage_B_2C_4168a6e9,variable,540,540,variable,PH
20260811_121452_stage_B_2C_4168a6e9,variable,541,541,variable,PH
20260811_121452_stage_B_2C_4168a6e9,variable,542,542,variable,PF
20260811_121452_stage_B_2C_4168a6e9,variable,543,543,variable,PF
20260811_121452_stage_B_2C_4168a6e9,variable,544,544,variable,PF
20260811_121452_stage_B_2C_4168a6e9,variable,545,545,variable,PF
20260811_121452_stage_B_2C_4168a6e9,variable,546,546,variable,Pch
20260811_121452_stage_B_2C_4168a6e9,variable,547,547,variable,Pch
20260811_121452_stage_B_2C_4168a6e9,variable,548,548,variable,Pdis
20260811_121452_stage_B_2C_4168a6e9,variable,549,549,variable,Pdis
20260811_121452_stage_B_2C_4168a6e9,variable,550,550,variable,SOC
20260811_121452_stage_B_2C_4168a6e9,variable,551,551,variable,SOC
20260811_121452_stage_B_2C_4168a6e9,variable,552,552,variable,PW
20260811_121452_stage_B_2C_4168a6e9,variable,553,553,variable,PW
20260811_121452_stage_B_2C_4168a6e9,variable,554,554,variable,PW
20260811_121452_stage_B_2C_4168a6e9,variable,555,555,variable,PW
20260811_121452_stage_B_2C_4168a6e9,variable,556,556,variable,PW
20260811_121452_stage_B_2C_4168a6e9,variable,557,557,variable,PH
20260811_121452_stage_B_2C_4168a6e9,variable,558,558,variable,PH
20260811_121452_stage_B_2C_4168a6e9,variable,559,559,variable,PH
20260811_121452_stage_B_2C_4168a6e9,variable,560,560,variable,PH
20260811_121452_stage_B_2C_4168a6e9,variable,561,561,variable,PF
20260811_121452_stage_B_2C_4168a6e9,variable,562,562,variable,PF
20260811_121452_stage_B_2C_4168a6e9,variable,563,563,variable,PF
20260811_121452_stage_B_2C_4168a6e9,variable,564,564,variable,PF
20260811_121452_stage_B_2C_4168a6e9,variable,565,565,variable,Pch
20260811_121452_stage_B_2C_4168a6e9,variable,566,566,variable,Pch
20260811_121452_stage_B_2C_4168a6e9,variable,567,567,variable,Pdis
20260811_121452_stage_B_2C_4168a6e9,variable,568,568,variable,Pdis
20260811_121452_stage_B_2C_4168a6e9,variable,569,569,variable,SOC
20260811_121452_stage_B_2C_4168a6e9,variable,570,570,variable,SOC
20260811_121452_stage_B_2C_4168a6e9,variable,571,571,variable,PW
20260811_121452_stage_B_2C_4168a6e9,variable,572,572,variable,PW
20260811_121452_stage_B_2C_4168a6e9,variable,573,573,variable,PW
20260811_121452_stage_B_2C_4168a6e9,variable,574,574,variable,PW
20260811_121452_stage_B_2C_4168a6e9,variable,575,575,variable,PW
20260811_121452_stage_B_2C_4168a6e9,variable,576,576,variable,PH
20260811_121452_stage_B_2C_4168a6e9,variable,577,577,variable,PH
20260811_121452_stage_B_2C_4168a6e9,variable,578,578,variable,PH
20260811_121452_stage_B_2C_4168a6e9,variable,579,579,variable,PH
20260811_121452_stage_B_2C_4168a6e9,variable,580,580,variable,PF
20260811_121452_stage_B_2C_4168a6e9,variable,581,581,variable,PF
20260811_121452_stage_B_2C_4168a6e9,variable,582,582,variable,PF
20260811_121452_stage_B_2C_4168a6e9,variable,583,583,variable,PF
20260811_121452_stage_B_2C_4168a6e9,variable,584,584,variable,Pch
20260811_121452_stage_B_2C_4168a6e9,variable,585,585,variable,Pch
20260811_121452_stage_B_2C_4168a6e9,variable,586,586,variable,Pdis
20260811_121452_stage_B_2C_4168a6e9,variable,587,587,variable,Pdis
20260811_121452_stage_B_2C_4168a6e9,variable,588,588,variable,SOC
20260811_121452_stage_B_2C_4168a6e9,variable,589,589,variable,SOC
20260811_121452_stage_B_2C_4168a6e9,variable,590,590,variable,PW
20260811_121452_stage_B_2C_4168a6e9,variable,591,591,variable,PW
20260811_121452_stage_B_2C_4168a6e9,variable,592,592,variable,PW
20260811_121452_stage_B_2C_4168a6e9,variable,593,593,variable,PW
20260811_121452_stage_B_2C_4168a6e9,variable,594,594,variable,PW
20260811_121452_stage_B_2C_4168a6e9,variable,595,595,variable,PH
20260811_121452_stage_B_2C_4168a6e9,variable,596,596,variable,PH
20260811_121452_stage_B_2C_4168a6e9,variable,597,597,variable,PH
20260811_121452_stage_B_2C_4168a6e9,variable,598,598,variable,PH
20260811_121452_stage_B_2C_4168a6e9,variable,599,599,variable,PF
20260811_121452_stage_B_2C_4168a6e9,variable,600,600,variable,PF
20260811_121452_stage_B_2C_4168a6e9,variable,601,601,variable,PF
20260811_121452_stage_B_2C_4168a6e9,variable,602,602,variable,PF
20260811_121452_stage_B_2C_4168a6e9,variable,603,603,variable,Pch
20260811_121452_stage_B_2C_4168a6e9,variable,604,604,variable,Pch
20260811_121452_stage_B_2C_4168a6e9,variable,605,605,variable,Pdis
20260811_121452_stage_B_2C_4168a6e9,variable,606,606,variable,Pdis
20260811_121452_stage_B_2C_4168a6e9,variable,607,607,variable,SOC
20260811_121452_stage_B_2C_4168a6e9,variable,608,608,variable,SOC
20260811_121452_stage_B_2C_4168a6e9,variable,609,609,variable,PW
20260811_121452_stage_B_2C_4168a6e9,variable,610,610,variable,PW
20260811_121452_stage_B_2C_4168a6e9,variable,611,611,variable,PW
20260811_121452_stage_B_2C_4168a6e9,variable,612,612,variable,PW
20260811_121452_stage_B_2C_4168a6e9,variable,613,613,variable,PW
20260811_121452_stage_B_2C_4168a6e9,variable,614,614,variable,PH
20260811_121452_stage_B_2C_4168a6e9,variable,615,615,variable,PH
20260811_121452_stage_B_2C_4168a6e9,variable,616,616,variable,PH
20260811_121452_stage_B_2C_4168a6e9,variable,617,617,variable,PH
20260811_121452_stage_B_2C_4168a6e9,variable,618,618,variable,PF
20260811_121452_stage_B_2C_4168a6e9,variable,619,619,variable,PF
20260811_121452_stage_B_2C_4168a6e9,variable,620,620,variable,PF
20260811_121452_stage_B_2C_4168a6e9,variable,621,621,variable,PF
20260811_121452_stage_B_2C_4168a6e9,variable,622,622,variable,Pch
20260811_121452_stage_B_2C_4168a6e9,variable,623,623,variable,Pch
20260811_121452_stage_B_2C_4168a6e9,variable,624,624,variable,Pdis
20260811_121452_stage_B_2C_4168a6e9,variable,625,625,variable,Pdis
20260811_121452_stage_B_2C_4168a6e9,variable,626,626,variable,SOC
20260811_121452_stage_B_2C_4168a6e9,variable,627,627,variable,SOC
20260811_121452_stage_B_2C_4168a6e9,variable,628,628,variable,PW
20260811_121452_stage_B_2C_4168a6e9,variable,629,629,variable,PW
20260811_121452_stage_B_2C_4168a6e9,variable,630,630,variable,PW
20260811_121452_stage_B_2C_4168a6e9,variable,631,631,variable,PW
20260811_121452_stage_B_2C_4168a6e9,variable,632,632,variable,PW
20260811_121452_stage_B_2C_4168a6e9,variable,633,633,variable,PH
20260811_121452_stage_B_2C_4168a6e9,variable,634,634,variable,PH
20260811_121452_stage_B_2C_4168a6e9,variable,635,635,variable,PH
20260811_121452_stage_B_2C_4168a6e9,variable,636,636,variable,PH
20260811_121452_stage_B_2C_4168a6e9,variable,637,637,variable,PF
20260811_121452_stage_B_2C_4168a6e9,variable,638,638,variable,PF
20260811_121452_stage_B_2C_4168a6e9,variable,639,639,variable,PF
20260811_121452_stage_B_2C_4168a6e9,variable,640,640,variable,PF
20260811_121452_stage_B_2C_4168a6e9,variable,641,641,variable,Pch
20260811_121452_stage_B_2C_4168a6e9,variable,642,642,variable,Pch
20260811_121452_stage_B_2C_4168a6e9,variable,643,643,variable,Pdis
20260811_121452_stage_B_2C_4168a6e9,variable,644,644,variable,Pdis
20260811_121452_stage_B_2C_4168a6e9,variable,645,645,variable,SOC
20260811_121452_stage_B_2C_4168a6e9,variable,646,646,variable,SOC
20260811_121452_stage_B_2C_4168a6e9,variable,647,647,variable,PW
20260811_121452_stage_B_2C_4168a6e9,variable,648,648,variable,PW
20260811_121452_stage_B_2C_4168a6e9,variable,649,649,variable,PW
20260811_121452_stage_B_2C_4168a6e9,variable,650,650,variable,PW
20260811_121452_stage_B_2C_4168a6e9,variable,651,651,variable,PW
20260811_121452_stage_B_2C_4168a6e9,variable,652,652,variable,PH
20260811_121452_stage_B_2C_4168a6e9,variable,653,653,variable,PH
20260811_121452_stage_B_2C_4168a6e9,variable,654,654,variable,PH
20260811_121452_stage_B_2C_4168a6e9,variable,655,655,variable,PH
20260811_121452_stage_B_2C_4168a6e9,variable,656,656,variable,PF
20260811_121452_stage_B_2C_4168a6e9,variable,657,657,variable,PF
20260811_121452_stage_B_2C_4168a6e9,variable,658,658,variable,PF
20260811_121452_stage_B_2C_4168a6e9,variable,659,659,variable,PF
20260811_121452_stage_B_2C_4168a6e9,variable,660,660,variable,Pch
20260811_121452_stage_B_2C_4168a6e9,variable,661,661,variable,Pch
20260811_121452_stage_B_2C_4168a6e9,variable,662,662,variable,Pdis
20260811_121452_stage_B_2C_4168a6e9,variable,663,663,variable,Pdis
20260811_121452_stage_B_2C_4168a6e9,variable,664,664,variable,SOC
20260811_121452_stage_B_2C_4168a6e9,variable,665,665,variable,SOC
20260811_121452_stage_B_2C_4168a6e9,variable,666,666,variable,PW
20260811_121452_stage_B_2C_4168a6e9,variable,667,667,variable,PW
20260811_121452_stage_B_2C_4168a6e9,variable,668,668,variable,PW
20260811_121452_stage_B_2C_4168a6e9,variable,669,669,variable,PW
20260811_121452_stage_B_2C_4168a6e9,variable,670,670,variable,PW
20260811_121452_stage_B_2C_4168a6e9,variable,671,671,variable,PH
20260811_121452_stage_B_2C_4168a6e9,variable,672,672,variable,PH
20260811_121452_stage_B_2C_4168a6e9,variable,673,673,variable,PH
20260811_121452_stage_B_2C_4168a6e9,variable,674,674,variable,PH
20260811_121452_stage_B_2C_4168a6e9,variable,675,675,variable,PF
20260811_121452_stage_B_2C_4168a6e9,variable,676,676,variable,PF
20260811_121452_stage_B_2C_4168a6e9,variable,677,677,variable,PF
20260811_121452_stage_B_2C_4168a6e9,variable,678,678,variable,PF
20260811_121452_stage_B_2C_4168a6e9,variable,679,679,variable,Pch
20260811_121452_stage_B_2C_4168a6e9,variable,680,680,variable,Pch
20260811_121452_stage_B_2C_4168a6e9,variable,681,681,variable,Pdis
20260811_121452_stage_B_2C_4168a6e9,variable,682,682,variable,Pdis
20260811_121452_stage_B_2C_4168a6e9,variable,683,683,variable,SOC
20260811_121452_stage_B_2C_4168a6e9,variable,684,684,variable,SOC
20260811_121452_stage_B_2C_4168a6e9,variable,685,685,variable,PW
20260811_121452_stage_B_2C_4168a6e9,variable,686,686,variable,PW
20260811_121452_stage_B_2C_4168a6e9,variable,687,687,variable,PW
20260811_121452_stage_B_2C_4168a6e9,variable,688,688,variable,PW
20260811_121452_stage_B_2C_4168a6e9,variable,689,689,variable,PW
20260811_121452_stage_B_2C_4168a6e9,variable,690,690,variable,PH
20260811_121452_stage_B_2C_4168a6e9,variable,691,691,variable,PH
20260811_121452_stage_B_2C_4168a6e9,variable,692,692,variable,PH
20260811_121452_stage_B_2C_4168a6e9,variable,693,693,variable,PH
20260811_121452_stage_B_2C_4168a6e9,variable,694,694,variable,PF
20260811_121452_stage_B_2C_4168a6e9,variable,695,695,variable,PF
20260811_121452_stage_B_2C_4168a6e9,variable,696,696,variable,PF
20260811_121452_stage_B_2C_4168a6e9,variable,697,697,variable,PF
20260811_121452_stage_B_2C_4168a6e9,variable,698,698,variable,Pch
20260811_121452_stage_B_2C_4168a6e9,variable,699,699,variable,Pch
20260811_121452_stage_B_2C_4168a6e9,variable,700,700,variable,Pdis
20260811_121452_stage_B_2C_4168a6e9,variable,701,701,variable,Pdis
20260811_121452_stage_B_2C_4168a6e9,variable,702,702,variable,SOC
20260811_121452_stage_B_2C_4168a6e9,variable,703,703,variable,SOC
20260811_121452_stage_B_2C_4168a6e9,variable,704,704,variable,PW
20260811_121452_stage_B_2C_4168a6e9,variable,705,705,variable,PW
20260811_121452_stage_B_2C_4168a6e9,variable,706,706,variable,PW
20260811_121452_stage_B_2C_4168a6e9,variable,707,707,variable,PW
20260811_121452_stage_B_2C_4168a6e9,variable,708,708,variable,PW
20260811_121452_stage_B_2C_4168a6e9,variable,709,709,variable,PH
20260811_121452_stage_B_2C_4168a6e9,variable,710,710,variable,PH
20260811_121452_stage_B_2C_4168a6e9,variable,711,711,variable,PH
20260811_121452_stage_B_2C_4168a6e9,variable,712,712,variable,PH
20260811_121452_stage_B_2C_4168a6e9,variable,713,713,variable,PF
20260811_121452_stage_B_2C_4168a6e9,variable,714,714,variable,PF
20260811_121452_stage_B_2C_4168a6e9,variable,715,715,variable,PF
20260811_121452_stage_B_2C_4168a6e9,variable,716,716,variable,PF
20260811_121452_stage_B_2C_4168a6e9,variable,717,717,variable,Pch
20260811_121452_stage_B_2C_4168a6e9,variable,718,718,variable,Pch
20260811_121452_stage_B_2C_4168a6e9,variable,719,719,variable,Pdis
20260811_121452_stage_B_2C_4168a6e9,variable,720,720,variable,Pdis
20260811_121452_stage_B_2C_4168a6e9,variable,721,721,variable,SOC
20260811_121452_stage_B_2C_4168a6e9,variable,722,722,variable,SOC
20260811_121452_stage_B_2C_4168a6e9,variable,723,723,variable,PW
20260811_121452_stage_B_2C_4168a6e9,variable,724,724,variable,PW
20260811_121452_stage_B_2C_4168a6e9,variable,725,725,variable,PW
20260811_121452_stage_B_2C_4168a6e9,variable,726,726,variable,PW
20260811_121452_stage_B_2C_4168a6e9,variable,727,727,variable,PW
20260811_121452_stage_B_2C_4168a6e9,variable,728,728,variable,PH
20260811_121452_stage_B_2C_4168a6e9,variable,729,729,variable,PH
20260811_121452_stage_B_2C_4168a6e9,variable,730,730,variable,PH
20260811_121452_stage_B_2C_4168a6e9,variable,731,731,variable,PH
20260811_121452_stage_B_2C_4168a6e9,variable,732,732,variable,PF
20260811_121452_stage_B_2C_4168a6e9,variable,733,733,variable,PF
20260811_121452_stage_B_2C_4168a6e9,variable,734,734,variable,PF
20260811_121452_stage_B_2C_4168a6e9,variable,735,735,variable,PF
20260811_121452_stage_B_2C_4168a6e9,variable,736,736,variable,Pch
20260811_121452_stage_B_2C_4168a6e9,variable,737,737,variable,Pch
20260811_121452_stage_B_2C_4168a6e9,variable,738,738,variable,Pdis
20260811_121452_stage_B_2C_4168a6e9,variable,739,739,variable,Pdis
20260811_121452_stage_B_2C_4168a6e9,variable,740,740,variable,SOC
20260811_121452_stage_B_2C_4168a6e9,variable,741,741,variable,SOC
20260811_121452_stage_B_2C_4168a6e9,variable,742,742,variable,PW
20260811_121452_stage_B_2C_4168a6e9,variable,743,743,variable,PW
20260811_121452_stage_B_2C_4168a6e9,variable,744,744,variable,PW
20260811_121452_stage_B_2C_4168a6e9,variable,745,745,variable,PW
20260811_121452_stage_B_2C_4168a6e9,variable,746,746,variable,PW
20260811_121452_stage_B_2C_4168a6e9,variable,747,747,variable,PH
20260811_121452_stage_B_2C_4168a6e9,variable,748,748,variable,PH
20260811_121452_stage_B_2C_4168a6e9,variable,749,749,variable,PH
20260811_121452_stage_B_2C_4168a6e9,variable,750,750,variable,PH
20260811_121452_stage_B_2C_4168a6e9,variable,751,751,variable,PF
20260811_121452_stage_B_2C_4168a6e9,variable,752,752,variable,PF
20260811_121452_stage_B_2C_4168a6e9,variable,753,753,variable,PF
20260811_121452_stage_B_2C_4168a6e9,variable,754,754,variable,PF
20260811_121452_stage_B_2C_4168a6e9,variable,755,755,variable,Pch
20260811_121452_stage_B_2C_4168a6e9,variable,756,756,variable,Pch
20260811_121452_stage_B_2C_4168a6e9,variable,757,757,variable,Pdis
20260811_121452_stage_B_2C_4168a6e9,variable,758,758,variable,Pdis
20260811_121452_stage_B_2C_4168a6e9,variable,759,759,variable,SOC
20260811_121452_stage_B_2C_4168a6e9,variable,760,760,variable,SOC
20260811_121452_stage_B_2C_4168a6e9,variable,761,761,variable,PW
20260811_121452_stage_B_2C_4168a6e9,variable,762,762,variable,PW
20260811_121452_stage_B_2C_4168a6e9,variable,763,763,variable,PW
20260811_121452_stage_B_2C_4168a6e9,variable,764,764,variable,PW
20260811_121452_stage_B_2C_4168a6e9,variable,765,765,variable,PW
20260811_121452_stage_B_2C_4168a6e9,variable,766,766,variable,PP
20260811_121452_stage_B_2C_4168a6e9,variable,767,767,variable,PP
20260811_121452_stage_B_2C_4168a6e9,variable,768,768,variable,PP
20260811_121452_stage_B_2C_4168a6e9,variable,769,769,variable,PP
20260811_121452_stage_B_2C_4168a6e9,variable,770,770,variable,PP
20260811_121452_stage_B_2C_4168a6e9,variable,771,771,variable,PH
20260811_121452_stage_B_2C_4168a6e9,variable,772,772,variable,PH
20260811_121452_stage_B_2C_4168a6e9,variable,773,773,variable,PH
20260811_121452_stage_B_2C_4168a6e9,variable,774,774,variable,PH
20260811_121452_stage_B_2C_4168a6e9,variable,775,775,variable,PF
20260811_121452_stage_B_2C_4168a6e9,variable,776,776,variable,PF
20260811_121452_stage_B_2C_4168a6e9,variable,777,777,variable,PF
20260811_121452_stage_B_2C_4168a6e9,variable,778,778,variable,PF
20260811_121452_stage_B_2C_4168a6e9,variable,779,779,variable,Pch
20260811_121452_stage_B_2C_4168a6e9,variable,780,780,variable,Pch
20260811_121452_stage_B_2C_4168a6e9,variable,781,781,variable,Pdis
20260811_121452_stage_B_2C_4168a6e9,variable,782,782,variable,Pdis
20260811_121452_stage_B_2C_4168a6e9,variable,783,783,variable,SOC
20260811_121452_stage_B_2C_4168a6e9,variable,784,784,variable,SOC
20260811_121452_stage_B_2C_4168a6e9,variable,785,785,variable,PW
20260811_121452_stage_B_2C_4168a6e9,variable,786,786,variable,PW
20260811_121452_stage_B_2C_4168a6e9,variable,787,787,variable,PW
20260811_121452_stage_B_2C_4168a6e9,variable,788,788,variable,PW
20260811_121452_stage_B_2C_4168a6e9,variable,789,789,variable,PW
20260811_121452_stage_B_2C_4168a6e9,variable,790,790,variable,PP
20260811_121452_stage_B_2C_4168a6e9,variable,791,791,variable,PP
20260811_121452_stage_B_2C_4168a6e9,variable,792,792,variable,PP
20260811_121452_stage_B_2C_4168a6e9,variable,793,793,variable,PP
20260811_121452_stage_B_2C_4168a6e9,variable,794,794,variable,PP
20260811_121452_stage_B_2C_4168a6e9,variable,795,795,variable,PH
20260811_121452_stage_B_2C_4168a6e9,variable,796,796,variable,PH
20260811_121452_stage_B_2C_4168a6e9,variable,797,797,variable,PH
20260811_121452_stage_B_2C_4168a6e9,variable,798,798,variable,PH
20260811_121452_stage_B_2C_4168a6e9,variable,799,799,variable,PF
20260811_121452_stage_B_2C_4168a6e9,variable,800,800,variable,PF
20260811_121452_stage_B_2C_4168a6e9,variable,801,801,variable,PF
20260811_121452_stage_B_2C_4168a6e9,variable,802,802,variable,PF
20260811_121452_stage_B_2C_4168a6e9,variable,803,803,variable,Pch
20260811_121452_stage_B_2C_4168a6e9,variable,804,804,variable,Pch
20260811_121452_stage_B_2C_4168a6e9,variable,805,805,variable,Pdis
20260811_121452_stage_B_2C_4168a6e9,variable,806,806,variable,Pdis
20260811_121452_stage_B_2C_4168a6e9,variable,807,807,variable,SOC
20260811_121452_stage_B_2C_4168a6e9,variable,808,808,variable,SOC
20260811_121452_stage_B_2C_4168a6e9,variable,809,809,variable,PW
20260811_121452_stage_B_2C_4168a6e9,variable,810,810,variable,PW
20260811_121452_stage_B_2C_4168a6e9,variable,811,811,variable,PW
20260811_121452_stage_B_2C_4168a6e9,variable,812,812,variable,PW
20260811_121452_stage_B_2C_4168a6e9,variable,813,813,variable,PW
20260811_121452_stage_B_2C_4168a6e9,variable,814,814,variable,PP
20260811_121452_stage_B_2C_4168a6e9,variable,815,815,variable,PP
20260811_121452_stage_B_2C_4168a6e9,variable,816,816,variable,PP
20260811_121452_stage_B_2C_4168a6e9,variable,817,817,variable,PP
20260811_121452_stage_B_2C_4168a6e9,variable,818,818,variable,PP
20260811_121452_stage_B_2C_4168a6e9,variable,819,819,variable,PH
20260811_121452_stage_B_2C_4168a6e9,variable,820,820,variable,PH
20260811_121452_stage_B_2C_4168a6e9,variable,821,821,variable,PH
20260811_121452_stage_B_2C_4168a6e9,variable,822,822,variable,PH
20260811_121452_stage_B_2C_4168a6e9,variable,823,823,variable,PF
20260811_121452_stage_B_2C_4168a6e9,variable,824,824,variable,PF
20260811_121452_stage_B_2C_4168a6e9,variable,825,825,variable,PF
20260811_121452_stage_B_2C_4168a6e9,variable,826,826,variable,PF
20260811_121452_stage_B_2C_4168a6e9,variable,827,827,variable,Pch
20260811_121452_stage_B_2C_4168a6e9,variable,828,828,variable,Pch
20260811_121452_stage_B_2C_4168a6e9,variable,829,829,variable,Pdis
20260811_121452_stage_B_2C_4168a6e9,variable,830,830,variable,Pdis
20260811_121452_stage_B_2C_4168a6e9,variable,831,831,variable,SOC
20260811_121452_stage_B_2C_4168a6e9,variable,832,832,variable,SOC
20260811_121452_stage_B_2C_4168a6e9,variable,833,833,variable,PW
20260811_121452_stage_B_2C_4168a6e9,variable,834,834,variable,PW
20260811_121452_stage_B_2C_4168a6e9,variable,835,835,variable,PW
20260811_121452_stage_B_2C_4168a6e9,variable,836,836,variable,PW
20260811_121452_stage_B_2C_4168a6e9,variable,837,837,variable,PW
20260811_121452_stage_B_2C_4168a6e9,variable,838,838,variable,PP
20260811_121452_stage_B_2C_4168a6e9,variable,839,839,variable,PP
20260811_121452_stage_B_2C_4168a6e9,variable,840,840,variable,PP
20260811_121452_stage_B_2C_4168a6e9,variable,841,841,variable,PP
20260811_121452_stage_B_2C_4168a6e9,variable,842,842,variable,PP
20260811_121452_stage_B_2C_4168a6e9,variable,843,843,variable,PH
20260811_121452_stage_B_2C_4168a6e9,variable,844,844,variable,PH
20260811_121452_stage_B_2C_4168a6e9,variable,845,845,variable,PH
20260811_121452_stage_B_2C_4168a6e9,variable,846,846,variable,PH
20260811_121452_stage_B_2C_4168a6e9,variable,847,847,variable,PF
20260811_121452_stage_B_2C_4168a6e9,variable,848,848,variable,PF
20260811_121452_stage_B_2C_4168a6e9,variable,849,849,variable,PF
20260811_121452_stage_B_2C_4168a6e9,variable,850,850,variable,PF
20260811_121452_stage_B_2C_4168a6e9,variable,851,851,variable,Pch
20260811_121452_stage_B_2C_4168a6e9,variable,852,852,variable,Pch
20260811_121452_stage_B_2C_4168a6e9,variable,853,853,variable,Pdis
20260811_121452_stage_B_2C_4168a6e9,variable,854,854,variable,Pdis
20260811_121452_stage_B_2C_4168a6e9,variable,855,855,variable,SOC
20260811_121452_stage_B_2C_4168a6e9,variable,856,856,variable,SOC
20260811_121452_stage_B_2C_4168a6e9,variable,857,857,variable,PW
20260811_121452_stage_B_2C_4168a6e9,variable,858,858,variable,PW
20260811_121452_stage_B_2C_4168a6e9,variable,859,859,variable,PW
20260811_121452_stage_B_2C_4168a6e9,variable,860,860,variable,PW
20260811_121452_stage_B_2C_4168a6e9,variable,861,861,variable,PW
20260811_121452_stage_B_2C_4168a6e9,variable,862,862,variable,PP
20260811_121452_stage_B_2C_4168a6e9,variable,863,863,variable,PP
20260811_121452_stage_B_2C_4168a6e9,variable,864,864,variable,PP
20260811_121452_stage_B_2C_4168a6e9,variable,865,865,variable,PP
20260811_121452_stage_B_2C_4168a6e9,variable,866,866,variable,PP
20260811_121452_stage_B_2C_4168a6e9,variable,867,867,variable,PH
20260811_121452_stage_B_2C_4168a6e9,variable,868,868,variable,PH
20260811_121452_stage_B_2C_4168a6e9,variable,869,869,variable,PH
20260811_121452_stage_B_2C_4168a6e9,variable,870,870,variable,PH
20260811_121452_stage_B_2C_4168a6e9,variable,871,871,variable,PF
20260811_121452_stage_B_2C_4168a6e9,variable,872,872,variable,PF
20260811_121452_stage_B_2C_4168a6e9,variable,873,873,variable,PF
20260811_121452_stage_B_2C_4168a6e9,variable,874,874,variable,PF
20260811_121452_stage_B_2C_4168a6e9,variable,875,875,variable,Pch
20260811_121452_stage_B_2C_4168a6e9,variable,876,876,variable,Pch
20260811_121452_stage_B_2C_4168a6e9,variable,877,877,variable,Pdis
20260811_121452_stage_B_2C_4168a6e9,variable,878,878,variable,Pdis
20260811_121452_stage_B_2C_4168a6e9,variable,879,879,variable,SOC
20260811_121452_stage_B_2C_4168a6e9,variable,880,880,variable,SOC
20260811_121452_stage_B_2C_4168a6e9,variable,881,881,variable,PW
20260811_121452_stage_B_2C_4168a6e9,variable,882,882,variable,PW
20260811_121452_stage_B_2C_4168a6e9,variable,883,883,variable,PW
20260811_121452_stage_B_2C_4168a6e9,variable,884,884,variable,PW
20260811_121452_stage_B_2C_4168a6e9,variable,885,885,variable,PW
20260811_121452_stage_B_2C_4168a6e9,variable,886,886,variable,PP
20260811_121452_stage_B_2C_4168a6e9,variable,887,887,variable,PP
20260811_121452_stage_B_2C_4168a6e9,variable,888,888,variable,PP
20260811_121452_stage_B_2C_4168a6e9,variable,889,889,variable,PP
20260811_121452_stage_B_2C_4168a6e9,variable,890,890,variable,PP
20260811_121452_stage_B_2C_4168a6e9,variable,891,891,variable,PH
20260811_121452_stage_B_2C_4168a6e9,variable,892,892,variable,PH
20260811_121452_stage_B_2C_4168a6e9,variable,893,893,variable,PH
20260811_121452_stage_B_2C_4168a6e9,variable,894,894,variable,PH
20260811_121452_stage_B_2C_4168a6e9,variable,895,895,variable,PF
20260811_121452_stage_B_2C_4168a6e9,variable,896,896,variable,PF
20260811_121452_stage_B_2C_4168a6e9,variable,897,897,variable,PF
20260811_121452_stage_B_2C_4168a6e9,variable,898,898,variable,PF
20260811_121452_stage_B_2C_4168a6e9,variable,899,899,variable,Pch
20260811_121452_stage_B_2C_4168a6e9,variable,900,900,variable,Pch
20260811_121452_stage_B_2C_4168a6e9,variable,901,901,variable,Pdis
20260811_121452_stage_B_2C_4168a6e9,variable,902,902,variable,Pdis
20260811_121452_stage_B_2C_4168a6e9,variable,903,903,variable,SOC
20260811_121452_stage_B_2C_4168a6e9,variable,904,904,variable,SOC
20260811_121452_stage_B_2C_4168a6e9,variable,905,905,variable,PW
20260811_121452_stage_B_2C_4168a6e9,variable,906,906,variable,PW
20260811_121452_stage_B_2C_4168a6e9,variable,907,907,variable,PW
20260811_121452_stage_B_2C_4168a6e9,variable,908,908,variable,PW
20260811_121452_stage_B_2C_4168a6e9,variable,909,909,variable,PW
20260811_121452_stage_B_2C_4168a6e9,variable,910,910,variable,PP
20260811_121452_stage_B_2C_4168a6e9,variable,911,911,variable,PP
20260811_121452_stage_B_2C_4168a6e9,variable,912,912,variable,PP
20260811_121452_stage_B_2C_4168a6e9,variable,913,913,variable,PP
20260811_121452_stage_B_2C_4168a6e9,variable,914,914,variable,PP
20260811_121452_stage_B_2C_4168a6e9,variable,915,915,variable,PH
20260811_121452_stage_B_2C_4168a6e9,variable,916,916,variable,PH
20260811_121452_stage_B_2C_4168a6e9,variable,917,917,variable,PH
20260811_121452_stage_B_2C_4168a6e9,variable,918,918,variable,PH
20260811_121452_stage_B_2C_4168a6e9,variable,919,919,variable,PF
20260811_121452_stage_B_2C_4168a6e9,variable,920,920,variable,PF
20260811_121452_stage_B_2C_4168a6e9,variable,921,921,variable,PF
20260811_121452_stage_B_2C_4168a6e9,variable,922,922,variable,PF
20260811_121452_stage_B_2C_4168a6e9,variable,923,923,variable,Pch
20260811_121452_stage_B_2C_4168a6e9,variable,924,924,variable,Pch
20260811_121452_stage_B_2C_4168a6e9,variable,925,925,variable,Pdis
20260811_121452_stage_B_2C_4168a6e9,variable,926,926,variable,Pdis
20260811_121452_stage_B_2C_4168a6e9,variable,927,927,variable,SOC
20260811_121452_stage_B_2C_4168a6e9,variable,928,928,variable,SOC
20260811_121452_stage_B_2C_4168a6e9,variable,929,929,variable,PW
20260811_121452_stage_B_2C_4168a6e9,variable,930,930,variable,PW
20260811_121452_stage_B_2C_4168a6e9,variable,931,931,variable,PW
20260811_121452_stage_B_2C_4168a6e9,variable,932,932,variable,PW
20260811_121452_stage_B_2C_4168a6e9,variable,933,933,variable,PW
20260811_121452_stage_B_2C_4168a6e9,variable,934,934,variable,PP
20260811_121452_stage_B_2C_4168a6e9,variable,935,935,variable,PP
20260811_121452_stage_B_2C_4168a6e9,variable,936,936,variable,PP
20260811_121452_stage_B_2C_4168a6e9,variable,937,937,variable,PP
20260811_121452_stage_B_2C_4168a6e9,variable,938,938,variable,PP
20260811_121452_stage_B_2C_4168a6e9,variable,939,939,variable,PH
20260811_121452_stage_B_2C_4168a6e9,variable,940,940,variable,PH
20260811_121452_stage_B_2C_4168a6e9,variable,941,941,variable,PH
20260811_121452_stage_B_2C_4168a6e9,variable,942,942,variable,PH
20260811_121452_stage_B_2C_4168a6e9,variable,943,943,variable,PF
20260811_121452_stage_B_2C_4168a6e9,variable,944,944,variable,PF
20260811_121452_stage_B_2C_4168a6e9,variable,945,945,variable,PF
20260811_121452_stage_B_2C_4168a6e9,variable,946,946,variable,PF
20260811_121452_stage_B_2C_4168a6e9,variable,947,947,variable,Pch
20260811_121452_stage_B_2C_4168a6e9,variable,948,948,variable,Pch
20260811_121452_stage_B_2C_4168a6e9,variable,949,949,variable,Pdis
20260811_121452_stage_B_2C_4168a6e9,variable,950,950,variable,Pdis
20260811_121452_stage_B_2C_4168a6e9,variable,951,951,variable,SOC
20260811_121452_stage_B_2C_4168a6e9,variable,952,952,variable,SOC
20260811_121452_stage_B_2C_4168a6e9,variable,953,953,variable,PW
20260811_121452_stage_B_2C_4168a6e9,variable,954,954,variable,PW
20260811_121452_stage_B_2C_4168a6e9,variable,955,955,variable,PW
20260811_121452_stage_B_2C_4168a6e9,variable,956,956,variable,PW
20260811_121452_stage_B_2C_4168a6e9,variable,957,957,variable,PW
20260811_121452_stage_B_2C_4168a6e9,variable,958,958,variable,PP
20260811_121452_stage_B_2C_4168a6e9,variable,959,959,variable,PP
20260811_121452_stage_B_2C_4168a6e9,variable,960,960,variable,PP
20260811_121452_stage_B_2C_4168a6e9,variable,961,961,variable,PP
20260811_121452_stage_B_2C_4168a6e9,variable,962,962,variable,PP
20260811_121452_stage_B_2C_4168a6e9,variable,963,963,variable,PH
20260811_121452_stage_B_2C_4168a6e9,variable,964,964,variable,PH
20260811_121452_stage_B_2C_4168a6e9,variable,965,965,variable,PH
20260811_121452_stage_B_2C_4168a6e9,variable,966,966,variable,PH
20260811_121452_stage_B_2C_4168a6e9,variable,967,967,variable,PF
20260811_121452_stage_B_2C_4168a6e9,variable,968,968,variable,PF
20260811_121452_stage_B_2C_4168a6e9,variable,969,969,variable,PF
20260811_121452_stage_B_2C_4168a6e9,variable,970,970,variable,PF
20260811_121452_stage_B_2C_4168a6e9,variable,971,971,variable,Pch
20260811_121452_stage_B_2C_4168a6e9,variable,972,972,variable,Pch
20260811_121452_stage_B_2C_4168a6e9,variable,973,973,variable,Pdis
20260811_121452_stage_B_2C_4168a6e9,variable,974,974,variable,Pdis
20260811_121452_stage_B_2C_4168a6e9,variable,975,975,variable,SOC
20260811_121452_stage_B_2C_4168a6e9,variable,976,976,variable,SOC
20260811_121452_stage_B_2C_4168a6e9,variable,977,977,variable,PW
20260811_121452_stage_B_2C_4168a6e9,variable,978,978,variable,PW
20260811_121452_stage_B_2C_4168a6e9,variable,979,979,variable,PW
20260811_121452_stage_B_2C_4168a6e9,variable,980,980,variable,PW
20260811_121452_stage_B_2C_4168a6e9,variable,981,981,variable,PW
20260811_121452_stage_B_2C_4168a6e9,variable,982,982,variable,PP
20260811_121452_stage_B_2C_4168a6e9,variable,983,983,variable,PP
20260811_121452_stage_B_2C_4168a6e9,variable,984,984,variable,PP
20260811_121452_stage_B_2C_4168a6e9,variable,985,985,variable,PP
20260811_121452_stage_B_2C_4168a6e9,variable,986,986,variable,PP
20260811_121452_stage_B_2C_4168a6e9,variable,987,987,variable,PH
20260811_121452_stage_B_2C_4168a6e9,variable,988,988,variable,PH
20260811_121452_stage_B_2C_4168a6e9,variable,989,989,variable,PH
20260811_121452_stage_B_2C_4168a6e9,variable,990,990,variable,PH
20260811_121452_stage_B_2C_4168a6e9,variable,991,991,variable,PF
20260811_121452_stage_B_2C_4168a6e9,variable,992,992,variable,PF
20260811_121452_stage_B_2C_4168a6e9,variable,993,993,variable,PF
20260811_121452_stage_B_2C_4168a6e9,variable,994,994,variable,PF
20260811_121452_stage_B_2C_4168a6e9,variable,995,995,variable,Pch
20260811_121452_stage_B_2C_4168a6e9,variable,996,996,variable,Pch
20260811_121452_stage_B_2C_4168a6e9,variable,997,997,variable,Pdis
20260811_121452_stage_B_2C_4168a6e9,variable,998,998,variable,Pdis
20260811_121452_stage_B_2C_4168a6e9,variable,999,999,variable,SOC
20260811_121452_stage_B_2C_4168a6e9,variable,1000,1000,variable,SOC
20260811_121452_stage_B_2C_4168a6e9,variable,1001,1001,variable,PW
20260811_121452_stage_B_2C_4168a6e9,variable,1002,1002,variable,PW
20260811_121452_stage_B_2C_4168a6e9,variable,1003,1003,variable,PW
20260811_121452_stage_B_2C_4168a6e9,variable,1004,1004,variable,PW
20260811_121452_stage_B_2C_4168a6e9,variable,1005,1005,variable,PW
20260811_121452_stage_B_2C_4168a6e9,variable,1006,1006,variable,PP
20260811_121452_stage_B_2C_4168a6e9,variable,1007,1007,variable,PP
20260811_121452_stage_B_2C_4168a6e9,variable,1008,1008,variable,PP
20260811_121452_stage_B_2C_4168a6e9,variable,1009,1009,variable,PP
20260811_121452_stage_B_2C_4168a6e9,variable,1010,1010,variable,PP
20260811_121452_stage_B_2C_4168a6e9,variable,1011,1011,variable,PH
20260811_121452_stage_B_2C_4168a6e9,variable,1012,1012,variable,PH
20260811_121452_stage_B_2C_4168a6e9,variable,1013,1013,variable,PH
20260811_121452_stage_B_2C_4168a6e9,variable,1014,1014,variable,PH
20260811_121452_stage_B_2C_4168a6e9,variable,1015,1015,variable,PF
20260811_121452_stage_B_2C_4168a6e9,variable,1016,1016,variable,PF
20260811_121452_stage_B_2C_4168a6e9,variable,1017,1017,variable,PF
20260811_121452_stage_B_2C_4168a6e9,variable,1018,1018,variable,PF
20260811_121452_stage_B_2C_4168a6e9,variable,1019,1019,variable,Pch
20260811_121452_stage_B_2C_4168a6e9,variable,1020,1020,variable,Pch
20260811_121452_stage_B_2C_4168a6e9,variable,1021,1021,variable,Pdis
20260811_121452_stage_B_2C_4168a6e9,variable,1022,1022,variable,Pdis
20260811_121452_stage_B_2C_4168a6e9,variable,1023,1023,variable,SOC
20260811_121452_stage_B_2C_4168a6e9,variable,1024,1024,variable,SOC
20260811_121452_stage_B_2C_4168a6e9,variable,1025,1025,variable,PW
20260811_121452_stage_B_2C_4168a6e9,variable,1026,1026,variable,PW
20260811_121452_stage_B_2C_4168a6e9,variable,1027,1027,variable,PW
20260811_121452_stage_B_2C_4168a6e9,variable,1028,1028,variable,PW
20260811_121452_stage_B_2C_4168a6e9,variable,1029,1029,variable,PW
20260811_121452_stage_B_2C_4168a6e9,variable,1030,1030,variable,PP
20260811_121452_stage_B_2C_4168a6e9,variable,1031,1031,variable,PP
20260811_121452_stage_B_2C_4168a6e9,variable,1032,1032,variable,PP
20260811_121452_stage_B_2C_4168a6e9,variable,1033,1033,variable,PP
20260811_121452_stage_B_2C_4168a6e9,variable,1034,1034,variable,PP
20260811_121452_stage_B_2C_4168a6e9,variable,1035,1035,variable,PH
20260811_121452_stage_B_2C_4168a6e9,variable,1036,1036,variable,PH
20260811_121452_stage_B_2C_4168a6e9,variable,1037,1037,variable,PH
20260811_121452_stage_B_2C_4168a6e9,variable,1038,1038,variable,PH
20260811_121452_stage_B_2C_4168a6e9,variable,1039,1039,variable,PF
20260811_121452_stage_B_2C_4168a6e9,variable,1040,1040,variable,PF
20260811_121452_stage_B_2C_4168a6e9,variable,1041,1041,variable,PF
20260811_121452_stage_B_2C_4168a6e9,variable,1042,1042,variable,PF
20260811_121452_stage_B_2C_4168a6e9,variable,1043,1043,variable,Pch
20260811_121452_stage_B_2C_4168a6e9,variable,1044,1044,variable,Pch
20260811_121452_stage_B_2C_4168a6e9,variable,1045,1045,variable,Pdis
20260811_121452_stage_B_2C_4168a6e9,variable,1046,1046,variable,Pdis
20260811_121452_stage_B_2C_4168a6e9,variable,1047,1047,variable,SOC
20260811_121452_stage_B_2C_4168a6e9,variable,1048,1048,variable,SOC
20260811_121452_stage_B_2C_4168a6e9,variable,1049,1049,variable,PW
20260811_121452_stage_B_2C_4168a6e9,variable,1050,1050,variable,PW
20260811_121452_stage_B_2C_4168a6e9,variable,1051,1051,variable,PW
20260811_121452_stage_B_2C_4168a6e9,variable,1052,1052,variable,PW
20260811_121452_stage_B_2C_4168a6e9,variable,1053,1053,variable,PW
20260811_121452_stage_B_2C_4168a6e9,variable,1054,1054,variable,PH
20260811_121452_stage_B_2C_4168a6e9,variable,1055,1055,variable,PH
20260811_121452_stage_B_2C_4168a6e9,variable,1056,1056,variable,PH
20260811_121452_stage_B_2C_4168a6e9,variable,1057,1057,variable,PH
20260811_121452_stage_B_2C_4168a6e9,variable,1058,1058,variable,PF
20260811_121452_stage_B_2C_4168a6e9,variable,1059,1059,variable,PF
20260811_121452_stage_B_2C_4168a6e9,variable,1060,1060,variable,PF
20260811_121452_stage_B_2C_4168a6e9,variable,1061,1061,variable,PF
20260811_121452_stage_B_2C_4168a6e9,variable,1062,1062,variable,Pch
20260811_121452_stage_B_2C_4168a6e9,variable,1063,1063,variable,Pch
20260811_121452_stage_B_2C_4168a6e9,variable,1064,1064,variable,Pdis
20260811_121452_stage_B_2C_4168a6e9,variable,1065,1065,variable,Pdis
20260811_121452_stage_B_2C_4168a6e9,variable,1066,1066,variable,SOC
20260811_121452_stage_B_2C_4168a6e9,variable,1067,1067,variable,SOC
20260811_121452_stage_B_2C_4168a6e9,variable,1068,1068,variable,PW
20260811_121452_stage_B_2C_4168a6e9,variable,1069,1069,variable,PW
20260811_121452_stage_B_2C_4168a6e9,variable,1070,1070,variable,PW
20260811_121452_stage_B_2C_4168a6e9,variable,1071,1071,variable,PW
20260811_121452_stage_B_2C_4168a6e9,variable,1072,1072,variable,PW
20260811_121452_stage_B_2C_4168a6e9,variable,1073,1073,variable,PH
20260811_121452_stage_B_2C_4168a6e9,variable,1074,1074,variable,PH
20260811_121452_stage_B_2C_4168a6e9,variable,1075,1075,variable,PH
20260811_121452_stage_B_2C_4168a6e9,variable,1076,1076,variable,PH
20260811_121452_stage_B_2C_4168a6e9,variable,1077,1077,variable,PF
20260811_121452_stage_B_2C_4168a6e9,variable,1078,1078,variable,PF
20260811_121452_stage_B_2C_4168a6e9,variable,1079,1079,variable,PF
20260811_121452_stage_B_2C_4168a6e9,variable,1080,1080,variable,PF
20260811_121452_stage_B_2C_4168a6e9,variable,1081,1081,variable,Pch
20260811_121452_stage_B_2C_4168a6e9,variable,1082,1082,variable,Pch
20260811_121452_stage_B_2C_4168a6e9,variable,1083,1083,variable,Pdis
20260811_121452_stage_B_2C_4168a6e9,variable,1084,1084,variable,Pdis
20260811_121452_stage_B_2C_4168a6e9,variable,1085,1085,variable,SOC
20260811_121452_stage_B_2C_4168a6e9,variable,1086,1086,variable,SOC
20260811_121452_stage_B_2C_4168a6e9,variable,1087,1087,variable,PW
20260811_121452_stage_B_2C_4168a6e9,variable,1088,1088,variable,PW
20260811_121452_stage_B_2C_4168a6e9,variable,1089,1089,variable,PW
20260811_121452_stage_B_2C_4168a6e9,variable,1090,1090,variable,PW
20260811_121452_stage_B_2C_4168a6e9,variable,1091,1091,variable,PW
20260811_121452_stage_B_2C_4168a6e9,variable,1092,1092,variable,PH
20260811_121452_stage_B_2C_4168a6e9,variable,1093,1093,variable,PH
20260811_121452_stage_B_2C_4168a6e9,variable,1094,1094,variable,PH
20260811_121452_stage_B_2C_4168a6e9,variable,1095,1095,variable,PH
20260811_121452_stage_B_2C_4168a6e9,variable,1096,1096,variable,PF
20260811_121452_stage_B_2C_4168a6e9,variable,1097,1097,variable,PF
20260811_121452_stage_B_2C_4168a6e9,variable,1098,1098,variable,PF
20260811_121452_stage_B_2C_4168a6e9,variable,1099,1099,variable,PF
20260811_121452_stage_B_2C_4168a6e9,variable,1100,1100,variable,Pch
20260811_121452_stage_B_2C_4168a6e9,variable,1101,1101,variable,Pch
20260811_121452_stage_B_2C_4168a6e9,variable,1102,1102,variable,Pdis
20260811_121452_stage_B_2C_4168a6e9,variable,1103,1103,variable,Pdis
20260811_121452_stage_B_2C_4168a6e9,variable,1104,1104,variable,SOC
20260811_121452_stage_B_2C_4168a6e9,variable,1105,1105,variable,SOC
20260811_121452_stage_B_2C_4168a6e9,variable,1106,1106,variable,PW
20260811_121452_stage_B_2C_4168a6e9,variable,1107,1107,variable,PW
20260811_121452_stage_B_2C_4168a6e9,variable,1108,1108,variable,PW
20260811_121452_stage_B_2C_4168a6e9,variable,1109,1109,variable,PW
20260811_121452_stage_B_2C_4168a6e9,variable,1110,1110,variable,PW
20260811_121452_stage_B_2C_4168a6e9,variable,1111,1111,variable,PH
20260811_121452_stage_B_2C_4168a6e9,variable,1112,1112,variable,PH
20260811_121452_stage_B_2C_4168a6e9,variable,1113,1113,variable,PH
20260811_121452_stage_B_2C_4168a6e9,variable,1114,1114,variable,PH
20260811_121452_stage_B_2C_4168a6e9,variable,1115,1115,variable,PF
20260811_121452_stage_B_2C_4168a6e9,variable,1116,1116,variable,PF
20260811_121452_stage_B_2C_4168a6e9,variable,1117,1117,variable,PF
20260811_121452_stage_B_2C_4168a6e9,variable,1118,1118,variable,PF
20260811_121452_stage_B_2C_4168a6e9,variable,1119,1119,variable,Pch
20260811_121452_stage_B_2C_4168a6e9,variable,1120,1120,variable,Pch
20260811_121452_stage_B_2C_4168a6e9,variable,1121,1121,variable,Pdis
20260811_121452_stage_B_2C_4168a6e9,variable,1122,1122,variable,Pdis
20260811_121452_stage_B_2C_4168a6e9,variable,1123,1123,variable,SOC
20260811_121452_stage_B_2C_4168a6e9,variable,1124,1124,variable,SOC
20260811_121452_stage_B_2C_4168a6e9,variable,1125,1125,variable,PW
20260811_121452_stage_B_2C_4168a6e9,variable,1126,1126,variable,PW
20260811_121452_stage_B_2C_4168a6e9,variable,1127,1127,variable,PW
20260811_121452_stage_B_2C_4168a6e9,variable,1128,1128,variable,PW
20260811_121452_stage_B_2C_4168a6e9,variable,1129,1129,variable,PW
20260811_121452_stage_B_2C_4168a6e9,variable,1130,1130,variable,PH
20260811_121452_stage_B_2C_4168a6e9,variable,1131,1131,variable,PH
20260811_121452_stage_B_2C_4168a6e9,variable,1132,1132,variable,PH
20260811_121452_stage_B_2C_4168a6e9,variable,1133,1133,variable,PH
20260811_121452_stage_B_2C_4168a6e9,variable,1134,1134,variable,PF
20260811_121452_stage_B_2C_4168a6e9,variable,1135,1135,variable,PF
20260811_121452_stage_B_2C_4168a6e9,variable,1136,1136,variable,PF
20260811_121452_stage_B_2C_4168a6e9,variable,1137,1137,variable,PF
20260811_121452_stage_B_2C_4168a6e9,variable,1138,1138,variable,Pch
20260811_121452_stage_B_2C_4168a6e9,variable,1139,1139,variable,Pch
20260811_121452_stage_B_2C_4168a6e9,variable,1140,1140,variable,Pdis
20260811_121452_stage_B_2C_4168a6e9,variable,1141,1141,variable,Pdis
20260811_121452_stage_B_2C_4168a6e9,variable,1142,1142,variable,SOC
20260811_121452_stage_B_2C_4168a6e9,variable,1143,1143,variable,SOC
20260811_121452_stage_B_2C_4168a6e9,variable,1144,1144,variable,PW
20260811_121452_stage_B_2C_4168a6e9,variable,1145,1145,variable,PW
20260811_121452_stage_B_2C_4168a6e9,variable,1146,1146,variable,PW
20260811_121452_stage_B_2C_4168a6e9,variable,1147,1147,variable,PW
20260811_121452_stage_B_2C_4168a6e9,variable,1148,1148,variable,PW
20260811_121452_stage_B_2C_4168a6e9,variable,1149,1149,variable,PH
20260811_121452_stage_B_2C_4168a6e9,variable,1150,1150,variable,PH
20260811_121452_stage_B_2C_4168a6e9,variable,1151,1151,variable,PH
20260811_121452_stage_B_2C_4168a6e9,variable,1152,1152,variable,PH
20260811_121452_stage_B_2C_4168a6e9,variable,1153,1153,variable,PF
20260811_121452_stage_B_2C_4168a6e9,variable,1154,1154,variable,PF
20260811_121452_stage_B_2C_4168a6e9,variable,1155,1155,variable,PF
20260811_121452_stage_B_2C_4168a6e9,variable,1156,1156,variable,PF
20260811_121452_stage_B_2C_4168a6e9,variable,1157,1157,variable,Pch
20260811_121452_stage_B_2C_4168a6e9,variable,1158,1158,variable,Pch
20260811_121452_stage_B_2C_4168a6e9,variable,1159,1159,variable,Pdis
20260811_121452_stage_B_2C_4168a6e9,variable,1160,1160,variable,Pdis
20260811_121452_stage_B_2C_4168a6e9,variable,1161,1161,variable,SOC
20260811_121452_stage_B_2C_4168a6e9,variable,1162,1162,variable,SOC
20260811_121452_stage_B_2C_4168a6e9,variable,1163,1163,variable,PW
20260811_121452_stage_B_2C_4168a6e9,variable,1164,1164,variable,PW
20260811_121452_stage_B_2C_4168a6e9,variable,1165,1165,variable,PW
20260811_121452_stage_B_2C_4168a6e9,variable,1166,1166,variable,PW
20260811_121452_stage_B_2C_4168a6e9,variable,1167,1167,variable,PW
20260811_121452_stage_B_2C_4168a6e9,variable,1168,1168,variable,PH
20260811_121452_stage_B_2C_4168a6e9,variable,1169,1169,variable,PH
20260811_121452_stage_B_2C_4168a6e9,variable,1170,1170,variable,PH
20260811_121452_stage_B_2C_4168a6e9,variable,1171,1171,variable,PH
20260811_121452_stage_B_2C_4168a6e9,variable,1172,1172,variable,PF
20260811_121452_stage_B_2C_4168a6e9,variable,1173,1173,variable,PF
20260811_121452_stage_B_2C_4168a6e9,variable,1174,1174,variable,PF
20260811_121452_stage_B_2C_4168a6e9,variable,1175,1175,variable,PF
20260811_121452_stage_B_2C_4168a6e9,variable,1176,1176,variable,Pch
20260811_121452_stage_B_2C_4168a6e9,variable,1177,1177,variable,Pch
20260811_121452_stage_B_2C_4168a6e9,variable,1178,1178,variable,Pdis
20260811_121452_stage_B_2C_4168a6e9,variable,1179,1179,variable,Pdis
20260811_121452_stage_B_2C_4168a6e9,variable,1180,1180,variable,SOC
20260811_121452_stage_B_2C_4168a6e9,variable,1181,1181,variable,SOC
20260811_121452_stage_B_2C_4168a6e9,variable,1182,1182,variable,PW
20260811_121452_stage_B_2C_4168a6e9,variable,1183,1183,variable,PW
20260811_121452_stage_B_2C_4168a6e9,variable,1184,1184,variable,PW
20260811_121452_stage_B_2C_4168a6e9,variable,1185,1185,variable,PW
20260811_121452_stage_B_2C_4168a6e9,variable,1186,1186,variable,PW
20260811_121452_stage_B_2C_4168a6e9,variable,1187,1187,variable,PH
20260811_121452_stage_B_2C_4168a6e9,variable,1188,1188,variable,PH
20260811_121452_stage_B_2C_4168a6e9,variable,1189,1189,variable,PH
20260811_121452_stage_B_2C_4168a6e9,variable,1190,1190,variable,PH
20260811_121452_stage_B_2C_4168a6e9,variable,1191,1191,variable,PF
20260811_121452_stage_B_2C_4168a6e9,variable,1192,1192,variable,PF
20260811_121452_stage_B_2C_4168a6e9,variable,1193,1193,variable,PF
20260811_121452_stage_B_2C_4168a6e9,variable,1194,1194,variable,PF
20260811_121452_stage_B_2C_4168a6e9,variable,1195,1195,variable,Pch
20260811_121452_stage_B_2C_4168a6e9,variable,1196,1196,variable,Pch
20260811_121452_stage_B_2C_4168a6e9,variable,1197,1197,variable,Pdis
20260811_121452_stage_B_2C_4168a6e9,variable,1198,1198,variable,Pdis
20260811_121452_stage_B_2C_4168a6e9,variable,1199,1199,variable,SOC
20260811_121452_stage_B_2C_4168a6e9,variable,1200,1200,variable,SOC
20260811_121452_stage_B_2C_4168a6e9,variable,1201,1201,variable,PW
20260811_121452_stage_B_2C_4168a6e9,variable,1202,1202,variable,PW
20260811_121452_stage_B_2C_4168a6e9,variable,1203,1203,variable,PW
20260811_121452_stage_B_2C_4168a6e9,variable,1204,1204,variable,PW
20260811_121452_stage_B_2C_4168a6e9,variable,1205,1205,variable,PW
20260811_121452_stage_B_2C_4168a6e9,variable,1206,1206,variable,PH
20260811_121452_stage_B_2C_4168a6e9,variable,1207,1207,variable,PH
20260811_121452_stage_B_2C_4168a6e9,variable,1208,1208,variable,PH
20260811_121452_stage_B_2C_4168a6e9,variable,1209,1209,variable,PH
20260811_121452_stage_B_2C_4168a6e9,variable,1210,1210,variable,PF
20260811_121452_stage_B_2C_4168a6e9,variable,1211,1211,variable,PF
20260811_121452_stage_B_2C_4168a6e9,variable,1212,1212,variable,PF
20260811_121452_stage_B_2C_4168a6e9,variable,1213,1213,variable,PF
20260811_121452_stage_B_2C_4168a6e9,variable,1214,1214,variable,Pch
20260811_121452_stage_B_2C_4168a6e9,variable,1215,1215,variable,Pch
20260811_121452_stage_B_2C_4168a6e9,variable,1216,1216,variable,Pdis
20260811_121452_stage_B_2C_4168a6e9,variable,1217,1217,variable,Pdis
20260811_121452_stage_B_2C_4168a6e9,variable,1218,1218,variable,SOC
20260811_121452_stage_B_2C_4168a6e9,variable,1219,1219,variable,SOC
20260811_121452_stage_B_2C_4168a6e9,variable,1220,1220,variable,PW
20260811_121452_stage_B_2C_4168a6e9,variable,1221,1221,variable,PW
20260811_121452_stage_B_2C_4168a6e9,variable,1222,1222,variable,PW
20260811_121452_stage_B_2C_4168a6e9,variable,1223,1223,variable,PW
20260811_121452_stage_B_2C_4168a6e9,variable,1224,1224,variable,PH
20260811_121452_stage_B_2C_4168a6e9,variable,1225,1225,variable,PH
20260811_121452_stage_B_2C_4168a6e9,variable,1226,1226,variable,PH
20260811_121452_stage_B_2C_4168a6e9,variable,1227,1227,variable,PH
20260811_121452_stage_B_2C_4168a6e9,variable,1228,1228,variable,PF
20260811_121452_stage_B_2C_4168a6e9,variable,1229,1229,variable,PF
20260811_121452_stage_B_2C_4168a6e9,variable,1230,1230,variable,PF
20260811_121452_stage_B_2C_4168a6e9,variable,1231,1231,variable,PF
20260811_121452_stage_B_2C_4168a6e9,variable,1232,1232,variable,Pch
20260811_121452_stage_B_2C_4168a6e9,variable,1233,1233,variable,Pch
20260811_121452_stage_B_2C_4168a6e9,variable,1234,1234,variable,Pdis
20260811_121452_stage_B_2C_4168a6e9,variable,1235,1235,variable,Pdis
20260811_121452_stage_B_2C_4168a6e9,variable,1236,1236,variable,SOC
20260811_121452_stage_B_2C_4168a6e9,variable,1237,1237,variable,SOC
20260811_121452_stage_B_2C_4168a6e9,variable,1238,1238,variable,PW
20260811_121452_stage_B_2C_4168a6e9,variable,1239,1239,variable,PW
20260811_121452_stage_B_2C_4168a6e9,variable,1240,1240,variable,PW
20260811_121452_stage_B_2C_4168a6e9,variable,1241,1241,variable,PW
20260811_121452_stage_B_2C_4168a6e9,variable,1242,1242,variable,PW
20260811_121452_stage_B_2C_4168a6e9,variable,1243,1243,variable,PH
20260811_121452_stage_B_2C_4168a6e9,variable,1244,1244,variable,PH
20260811_121452_stage_B_2C_4168a6e9,variable,1245,1245,variable,PH
20260811_121452_stage_B_2C_4168a6e9,variable,1246,1246,variable,PH
20260811_121452_stage_B_2C_4168a6e9,variable,1247,1247,variable,PF
20260811_121452_stage_B_2C_4168a6e9,variable,1248,1248,variable,PF
20260811_121452_stage_B_2C_4168a6e9,variable,1249,1249,variable,PF
20260811_121452_stage_B_2C_4168a6e9,variable,1250,1250,variable,PF
20260811_121452_stage_B_2C_4168a6e9,variable,1251,1251,variable,Pch
20260811_121452_stage_B_2C_4168a6e9,variable,1252,1252,variable,Pch
20260811_121452_stage_B_2C_4168a6e9,variable,1253,1253,variable,Pdis
20260811_121452_stage_B_2C_4168a6e9,variable,1254,1254,variable,Pdis
20260811_121452_stage_B_2C_4168a6e9,variable,1255,1255,variable,SOC
20260811_121452_stage_B_2C_4168a6e9,variable,1256,1256,variable,SOC
20260811_121452_stage_B_2C_4168a6e9,variable,1257,1257,variable,PW
20260811_121452_stage_B_2C_4168a6e9,variable,1258,1258,variable,PW
20260811_121452_stage_B_2C_4168a6e9,variable,1259,1259,variable,PW
20260811_121452_stage_B_2C_4168a6e9,variable,1260,1260,variable,PW
20260811_121452_stage_B_2C_4168a6e9,variable,1261,1261,variable,PW
20260811_121452_stage_B_2C_4168a6e9,variable,1262,1262,variable,PH
20260811_121452_stage_B_2C_4168a6e9,variable,1263,1263,variable,PH
20260811_121452_stage_B_2C_4168a6e9,variable,1264,1264,variable,PH
20260811_121452_stage_B_2C_4168a6e9,variable,1265,1265,variable,PH
20260811_121452_stage_B_2C_4168a6e9,variable,1266,1266,variable,PF
20260811_121452_stage_B_2C_4168a6e9,variable,1267,1267,variable,PF
20260811_121452_stage_B_2C_4168a6e9,variable,1268,1268,variable,PF
20260811_121452_stage_B_2C_4168a6e9,variable,1269,1269,variable,PF
20260811_121452_stage_B_2C_4168a6e9,variable,1270,1270,variable,Pch
20260811_121452_stage_B_2C_4168a6e9,variable,1271,1271,variable,Pch
20260811_121452_stage_B_2C_4168a6e9,variable,1272,1272,variable,Pdis
20260811_121452_stage_B_2C_4168a6e9,variable,1273,1273,variable,Pdis
20260811_121452_stage_B_2C_4168a6e9,variable,1274,1274,variable,SOC
20260811_121452_stage_B_2C_4168a6e9,variable,1275,1275,variable,SOC
20260811_121452_stage_B_2C_4168a6e9,variable,1276,1276,variable,PW
20260811_121452_stage_B_2C_4168a6e9,variable,1277,1277,variable,PW
20260811_121452_stage_B_2C_4168a6e9,variable,1278,1278,variable,PW
20260811_121452_stage_B_2C_4168a6e9,variable,1279,1279,variable,PW
20260811_121452_stage_B_2C_4168a6e9,variable,1280,1280,variable,PW
20260811_121452_stage_B_2C_4168a6e9,variable,1281,1281,variable,PP
20260811_121452_stage_B_2C_4168a6e9,variable,1282,1282,variable,PP
20260811_121452_stage_B_2C_4168a6e9,variable,1283,1283,variable,PP
20260811_121452_stage_B_2C_4168a6e9,variable,1284,1284,variable,PP
20260811_121452_stage_B_2C_4168a6e9,variable,1285,1285,variable,PP
20260811_121452_stage_B_2C_4168a6e9,variable,1286,1286,variable,PH
20260811_121452_stage_B_2C_4168a6e9,variable,1287,1287,variable,PH
20260811_121452_stage_B_2C_4168a6e9,variable,1288,1288,variable,PH
20260811_121452_stage_B_2C_4168a6e9,variable,1289,1289,variable,PH
20260811_121452_stage_B_2C_4168a6e9,variable,1290,1290,variable,PF
20260811_121452_stage_B_2C_4168a6e9,variable,1291,1291,variable,PF
20260811_121452_stage_B_2C_4168a6e9,variable,1292,1292,variable,PF
20260811_121452_stage_B_2C_4168a6e9,variable,1293,1293,variable,PF
20260811_121452_stage_B_2C_4168a6e9,variable,1294,1294,variable,Pch
20260811_121452_stage_B_2C_4168a6e9,variable,1295,1295,variable,Pch
20260811_121452_stage_B_2C_4168a6e9,variable,1296,1296,variable,Pdis
20260811_121452_stage_B_2C_4168a6e9,variable,1297,1297,variable,Pdis
20260811_121452_stage_B_2C_4168a6e9,variable,1298,1298,variable,SOC
20260811_121452_stage_B_2C_4168a6e9,variable,1299,1299,variable,SOC
20260811_121452_stage_B_2C_4168a6e9,variable,1300,1300,variable,PW
20260811_121452_stage_B_2C_4168a6e9,variable,1301,1301,variable,PW
20260811_121452_stage_B_2C_4168a6e9,variable,1302,1302,variable,PW
20260811_121452_stage_B_2C_4168a6e9,variable,1303,1303,variable,PW
20260811_121452_stage_B_2C_4168a6e9,variable,1304,1304,variable,PW
20260811_121452_stage_B_2C_4168a6e9,variable,1305,1305,variable,PP
20260811_121452_stage_B_2C_4168a6e9,variable,1306,1306,variable,PP
20260811_121452_stage_B_2C_4168a6e9,variable,1307,1307,variable,PP
20260811_121452_stage_B_2C_4168a6e9,variable,1308,1308,variable,PP
20260811_121452_stage_B_2C_4168a6e9,variable,1309,1309,variable,PP
20260811_121452_stage_B_2C_4168a6e9,variable,1310,1310,variable,PH
20260811_121452_stage_B_2C_4168a6e9,variable,1311,1311,variable,PH
20260811_121452_stage_B_2C_4168a6e9,variable,1312,1312,variable,PH
20260811_121452_stage_B_2C_4168a6e9,variable,1313,1313,variable,PH
20260811_121452_stage_B_2C_4168a6e9,variable,1314,1314,variable,PF
20260811_121452_stage_B_2C_4168a6e9,variable,1315,1315,variable,PF
20260811_121452_stage_B_2C_4168a6e9,variable,1316,1316,variable,PF
20260811_121452_stage_B_2C_4168a6e9,variable,1317,1317,variable,PF
20260811_121452_stage_B_2C_4168a6e9,variable,1318,1318,variable,Pch
20260811_121452_stage_B_2C_4168a6e9,variable,1319,1319,variable,Pch
20260811_121452_stage_B_2C_4168a6e9,variable,1320,1320,variable,Pdis
20260811_121452_stage_B_2C_4168a6e9,variable,1321,1321,variable,Pdis
20260811_121452_stage_B_2C_4168a6e9,variable,1322,1322,variable,SOC
20260811_121452_stage_B_2C_4168a6e9,variable,1323,1323,variable,SOC
20260811_121452_stage_B_2C_4168a6e9,variable,1324,1324,variable,PW
20260811_121452_stage_B_2C_4168a6e9,variable,1325,1325,variable,PW
20260811_121452_stage_B_2C_4168a6e9,variable,1326,1326,variable,PW
20260811_121452_stage_B_2C_4168a6e9,variable,1327,1327,variable,PW
20260811_121452_stage_B_2C_4168a6e9,variable,1328,1328,variable,PW
20260811_121452_stage_B_2C_4168a6e9,variable,1329,1329,variable,PP
20260811_121452_stage_B_2C_4168a6e9,variable,1330,1330,variable,PP
20260811_121452_stage_B_2C_4168a6e9,variable,1331,1331,variable,PP
20260811_121452_stage_B_2C_4168a6e9,variable,1332,1332,variable,PP
20260811_121452_stage_B_2C_4168a6e9,variable,1333,1333,variable,PP
20260811_121452_stage_B_2C_4168a6e9,variable,1334,1334,variable,PH
20260811_121452_stage_B_2C_4168a6e9,variable,1335,1335,variable,PH
20260811_121452_stage_B_2C_4168a6e9,variable,1336,1336,variable,PH
20260811_121452_stage_B_2C_4168a6e9,variable,1337,1337,variable,PH
20260811_121452_stage_B_2C_4168a6e9,variable,1338,1338,variable,PF
20260811_121452_stage_B_2C_4168a6e9,variable,1339,1339,variable,PF
20260811_121452_stage_B_2C_4168a6e9,variable,1340,1340,variable,PF
20260811_121452_stage_B_2C_4168a6e9,variable,1341,1341,variable,PF
20260811_121452_stage_B_2C_4168a6e9,variable,1342,1342,variable,Pch
20260811_121452_stage_B_2C_4168a6e9,variable,1343,1343,variable,Pch
20260811_121452_stage_B_2C_4168a6e9,variable,1344,1344,variable,Pdis
20260811_121452_stage_B_2C_4168a6e9,variable,1345,1345,variable,Pdis
20260811_121452_stage_B_2C_4168a6e9,variable,1346,1346,variable,SOC
20260811_121452_stage_B_2C_4168a6e9,variable,1347,1347,variable,SOC
20260811_121452_stage_B_2C_4168a6e9,variable,1348,1348,variable,PW
20260811_121452_stage_B_2C_4168a6e9,variable,1349,1349,variable,PW
20260811_121452_stage_B_2C_4168a6e9,variable,1350,1350,variable,PW
20260811_121452_stage_B_2C_4168a6e9,variable,1351,1351,variable,PW
20260811_121452_stage_B_2C_4168a6e9,variable,1352,1352,variable,PW
20260811_121452_stage_B_2C_4168a6e9,variable,1353,1353,variable,PP
20260811_121452_stage_B_2C_4168a6e9,variable,1354,1354,variable,PP
20260811_121452_stage_B_2C_4168a6e9,variable,1355,1355,variable,PP
20260811_121452_stage_B_2C_4168a6e9,variable,1356,1356,variable,PP
20260811_121452_stage_B_2C_4168a6e9,variable,1357,1357,variable,PP
20260811_121452_stage_B_2C_4168a6e9,variable,1358,1358,variable,PH
20260811_121452_stage_B_2C_4168a6e9,variable,1359,1359,variable,PH
20260811_121452_stage_B_2C_4168a6e9,variable,1360,1360,variable,PH
20260811_121452_stage_B_2C_4168a6e9,variable,1361,1361,variable,PH
20260811_121452_stage_B_2C_4168a6e9,variable,1362,1362,variable,PF
20260811_121452_stage_B_2C_4168a6e9,variable,1363,1363,variable,PF
20260811_121452_stage_B_2C_4168a6e9,variable,1364,1364,variable,PF
20260811_121452_stage_B_2C_4168a6e9,variable,1365,1365,variable,PF
20260811_121452_stage_B_2C_4168a6e9,variable,1366,1366,variable,Pch
20260811_121452_stage_B_2C_4168a6e9,variable,1367,1367,variable,Pch
20260811_121452_stage_B_2C_4168a6e9,variable,1368,1368,variable,Pdis
20260811_121452_stage_B_2C_4168a6e9,variable,1369,1369,variable,Pdis
20260811_121452_stage_B_2C_4168a6e9,variable,1370,1370,variable,SOC
20260811_121452_stage_B_2C_4168a6e9,variable,1371,1371,variable,SOC
20260811_121452_stage_B_2C_4168a6e9,variable,1372,1372,variable,PW
20260811_121452_stage_B_2C_4168a6e9,variable,1373,1373,variable,PW
20260811_121452_stage_B_2C_4168a6e9,variable,1374,1374,variable,PW
20260811_121452_stage_B_2C_4168a6e9,variable,1375,1375,variable,PW
20260811_121452_stage_B_2C_4168a6e9,variable,1376,1376,variable,PW
20260811_121452_stage_B_2C_4168a6e9,variable,1377,1377,variable,PP
20260811_121452_stage_B_2C_4168a6e9,variable,1378,1378,variable,PP
20260811_121452_stage_B_2C_4168a6e9,variable,1379,1379,variable,PP
20260811_121452_stage_B_2C_4168a6e9,variable,1380,1380,variable,PP
20260811_121452_stage_B_2C_4168a6e9,variable,1381,1381,variable,PP
20260811_121452_stage_B_2C_4168a6e9,variable,1382,1382,variable,PH
20260811_121452_stage_B_2C_4168a6e9,variable,1383,1383,variable,PH
20260811_121452_stage_B_2C_4168a6e9,variable,1384,1384,variable,PH
20260811_121452_stage_B_2C_4168a6e9,variable,1385,1385,variable,PH
20260811_121452_stage_B_2C_4168a6e9,variable,1386,1386,variable,PF
20260811_121452_stage_B_2C_4168a6e9,variable,1387,1387,variable,PF
20260811_121452_stage_B_2C_4168a6e9,variable,1388,1388,variable,PF
20260811_121452_stage_B_2C_4168a6e9,variable,1389,1389,variable,PF
20260811_121452_stage_B_2C_4168a6e9,variable,1390,1390,variable,Pch
20260811_121452_stage_B_2C_4168a6e9,variable,1391,1391,variable,Pch
20260811_121452_stage_B_2C_4168a6e9,variable,1392,1392,variable,Pdis
20260811_121452_stage_B_2C_4168a6e9,variable,1393,1393,variable,Pdis
20260811_121452_stage_B_2C_4168a6e9,variable,1394,1394,variable,SOC
20260811_121452_stage_B_2C_4168a6e9,variable,1395,1395,variable,SOC
20260811_121452_stage_B_2C_4168a6e9,variable,1396,1396,variable,PW
20260811_121452_stage_B_2C_4168a6e9,variable,1397,1397,variable,PW
20260811_121452_stage_B_2C_4168a6e9,variable,1398,1398,variable,PW
20260811_121452_stage_B_2C_4168a6e9,variable,1399,1399,variable,PW
20260811_121452_stage_B_2C_4168a6e9,variable,1400,1400,variable,PW
20260811_121452_stage_B_2C_4168a6e9,variable,1401,1401,variable,PP
20260811_121452_stage_B_2C_4168a6e9,variable,1402,1402,variable,PP
20260811_121452_stage_B_2C_4168a6e9,variable,1403,1403,variable,PP
20260811_121452_stage_B_2C_4168a6e9,variable,1404,1404,variable,PP
20260811_121452_stage_B_2C_4168a6e9,variable,1405,1405,variable,PP
20260811_121452_stage_B_2C_4168a6e9,variable,1406,1406,variable,PH
20260811_121452_stage_B_2C_4168a6e9,variable,1407,1407,variable,PH
20260811_121452_stage_B_2C_4168a6e9,variable,1408,1408,variable,PH
20260811_121452_stage_B_2C_4168a6e9,variable,1409,1409,variable,PH
20260811_121452_stage_B_2C_4168a6e9,variable,1410,1410,variable,PF
20260811_121452_stage_B_2C_4168a6e9,variable,1411,1411,variable,PF
20260811_121452_stage_B_2C_4168a6e9,variable,1412,1412,variable,PF
20260811_121452_stage_B_2C_4168a6e9,variable,1413,1413,variable,PF
20260811_121452_stage_B_2C_4168a6e9,variable,1414,1414,variable,Pch
20260811_121452_stage_B_2C_4168a6e9,variable,1415,1415,variable,Pch
20260811_121452_stage_B_2C_4168a6e9,variable,1416,1416,variable,Pdis
20260811_121452_stage_B_2C_4168a6e9,variable,1417,1417,variable,Pdis
20260811_121452_stage_B_2C_4168a6e9,variable,1418,1418,variable,SOC
20260811_121452_stage_B_2C_4168a6e9,variable,1419,1419,variable,SOC
20260811_121452_stage_B_2C_4168a6e9,variable,1420,1420,variable,PW
20260811_121452_stage_B_2C_4168a6e9,variable,1421,1421,variable,PW
20260811_121452_stage_B_2C_4168a6e9,variable,1422,1422,variable,PW
20260811_121452_stage_B_2C_4168a6e9,variable,1423,1423,variable,PW
20260811_121452_stage_B_2C_4168a6e9,variable,1424,1424,variable,PW
20260811_121452_stage_B_2C_4168a6e9,variable,1425,1425,variable,PP
20260811_121452_stage_B_2C_4168a6e9,variable,1426,1426,variable,PP
20260811_121452_stage_B_2C_4168a6e9,variable,1427,1427,variable,PP
20260811_121452_stage_B_2C_4168a6e9,variable,1428,1428,variable,PP
20260811_121452_stage_B_2C_4168a6e9,variable,1429,1429,variable,PP
20260811_121452_stage_B_2C_4168a6e9,variable,1430,1430,variable,PH
20260811_121452_stage_B_2C_4168a6e9,variable,1431,1431,variable,PH
20260811_121452_stage_B_2C_4168a6e9,variable,1432,1432,variable,PH
20260811_121452_stage_B_2C_4168a6e9,variable,1433,1433,variable,PH
20260811_121452_stage_B_2C_4168a6e9,variable,1434,1434,variable,PF
20260811_121452_stage_B_2C_4168a6e9,variable,1435,1435,variable,PF
20260811_121452_stage_B_2C_4168a6e9,variable,1436,1436,variable,PF
20260811_121452_stage_B_2C_4168a6e9,variable,1437,1437,variable,PF
20260811_121452_stage_B_2C_4168a6e9,variable,1438,1438,variable,Pch
20260811_121452_stage_B_2C_4168a6e9,variable,1439,1439,variable,Pch
20260811_121452_stage_B_2C_4168a6e9,variable,1440,1440,variable,Pdis
20260811_121452_stage_B_2C_4168a6e9,variable,1441,1441,variable,Pdis
20260811_121452_stage_B_2C_4168a6e9,variable,1442,1442,variable,SOC
20260811_121452_stage_B_2C_4168a6e9,variable,1443,1443,variable,SOC
20260811_121452_stage_B_2C_4168a6e9,variable,1444,1444,variable,PW
20260811_121452_stage_B_2C_4168a6e9,variable,1445,1445,variable,PW
20260811_121452_stage_B_2C_4168a6e9,variable,1446,1446,variable,PW
20260811_121452_stage_B_2C_4168a6e9,variable,1447,1447,variable,PW
20260811_121452_stage_B_2C_4168a6e9,variable,1448,1448,variable,PW
20260811_121452_stage_B_2C_4168a6e9,variable,1449,1449,variable,PP
20260811_121452_stage_B_2C_4168a6e9,variable,1450,1450,variable,PP
20260811_121452_stage_B_2C_4168a6e9,variable,1451,1451,variable,PP
20260811_121452_stage_B_2C_4168a6e9,variable,1452,1452,variable,PP
20260811_121452_stage_B_2C_4168a6e9,variable,1453,1453,variable,PP
20260811_121452_stage_B_2C_4168a6e9,variable,1454,1454,variable,PH
20260811_121452_stage_B_2C_4168a6e9,variable,1455,1455,variable,PH
20260811_121452_stage_B_2C_4168a6e9,variable,1456,1456,variable,PH
20260811_121452_stage_B_2C_4168a6e9,variable,1457,1457,variable,PH
20260811_121452_stage_B_2C_4168a6e9,variable,1458,1458,variable,PF
20260811_121452_stage_B_2C_4168a6e9,variable,1459,1459,variable,PF
20260811_121452_stage_B_2C_4168a6e9,variable,1460,1460,variable,PF
20260811_121452_stage_B_2C_4168a6e9,variable,1461,1461,variable,PF
20260811_121452_stage_B_2C_4168a6e9,variable,1462,1462,variable,Pch
20260811_121452_stage_B_2C_4168a6e9,variable,1463,1463,variable,Pch
20260811_121452_stage_B_2C_4168a6e9,variable,1464,1464,variable,Pdis
20260811_121452_stage_B_2C_4168a6e9,variable,1465,1465,variable,Pdis
20260811_121452_stage_B_2C_4168a6e9,variable,1466,1466,variable,SOC
20260811_121452_stage_B_2C_4168a6e9,variable,1467,1467,variable,SOC
20260811_121452_stage_B_2C_4168a6e9,variable,1468,1468,variable,PW
20260811_121452_stage_B_2C_4168a6e9,variable,1469,1469,variable,PW
20260811_121452_stage_B_2C_4168a6e9,variable,1470,1470,variable,PW
20260811_121452_stage_B_2C_4168a6e9,variable,1471,1471,variable,PW
20260811_121452_stage_B_2C_4168a6e9,variable,1472,1472,variable,PW
20260811_121452_stage_B_2C_4168a6e9,variable,1473,1473,variable,PP
20260811_121452_stage_B_2C_4168a6e9,variable,1474,1474,variable,PP
20260811_121452_stage_B_2C_4168a6e9,variable,1475,1475,variable,PP
20260811_121452_stage_B_2C_4168a6e9,variable,1476,1476,variable,PP
20260811_121452_stage_B_2C_4168a6e9,variable,1477,1477,variable,PP
20260811_121452_stage_B_2C_4168a6e9,variable,1478,1478,variable,PH
20260811_121452_stage_B_2C_4168a6e9,variable,1479,1479,variable,PH
20260811_121452_stage_B_2C_4168a6e9,variable,1480,1480,variable,PH
20260811_121452_stage_B_2C_4168a6e9,variable,1481,1481,variable,PH
20260811_121452_stage_B_2C_4168a6e9,variable,1482,1482,variable,PF
20260811_121452_stage_B_2C_4168a6e9,variable,1483,1483,variable,PF
20260811_121452_stage_B_2C_4168a6e9,variable,1484,1484,variable,PF
20260811_121452_stage_B_2C_4168a6e9,variable,1485,1485,variable,PF
20260811_121452_stage_B_2C_4168a6e9,variable,1486,1486,variable,Pch
20260811_121452_stage_B_2C_4168a6e9,variable,1487,1487,variable,Pch
20260811_121452_stage_B_2C_4168a6e9,variable,1488,1488,variable,Pdis
20260811_121452_stage_B_2C_4168a6e9,variable,1489,1489,variable,Pdis
20260811_121452_stage_B_2C_4168a6e9,variable,1490,1490,variable,SOC
20260811_121452_stage_B_2C_4168a6e9,variable,1491,1491,variable,SOC
20260811_121452_stage_B_2C_4168a6e9,variable,1492,1492,variable,PW
20260811_121452_stage_B_2C_4168a6e9,variable,1493,1493,variable,PW
20260811_121452_stage_B_2C_4168a6e9,variable,1494,1494,variable,PW
20260811_121452_stage_B_2C_4168a6e9,variable,1495,1495,variable,PW
20260811_121452_stage_B_2C_4168a6e9,variable,1496,1496,variable,PW
20260811_121452_stage_B_2C_4168a6e9,variable,1497,1497,variable,PP
20260811_121452_stage_B_2C_4168a6e9,variable,1498,1498,variable,PP
20260811_121452_stage_B_2C_4168a6e9,variable,1499,1499,variable,PP
20260811_121452_stage_B_2C_4168a6e9,variable,1500,1500,variable,PP
20260811_121452_stage_B_2C_4168a6e9,variable,1501,1501,variable,PP
20260811_121452_stage_B_2C_4168a6e9,variable,1502,1502,variable,PH
20260811_121452_stage_B_2C_4168a6e9,variable,1503,1503,variable,PH
20260811_121452_stage_B_2C_4168a6e9,variable,1504,1504,variable,PH
20260811_121452_stage_B_2C_4168a6e9,variable,1505,1505,variable,PH
20260811_121452_stage_B_2C_4168a6e9,variable,1506,1506,variable,PF
20260811_121452_stage_B_2C_4168a6e9,variable,1507,1507,variable,PF
20260811_121452_stage_B_2C_4168a6e9,variable,1508,1508,variable,PF
20260811_121452_stage_B_2C_4168a6e9,variable,1509,1509,variable,PF
20260811_121452_stage_B_2C_4168a6e9,variable,1510,1510,variable,Pch
20260811_121452_stage_B_2C_4168a6e9,variable,1511,1511,variable,Pch
20260811_121452_stage_B_2C_4168a6e9,variable,1512,1512,variable,Pdis
20260811_121452_stage_B_2C_4168a6e9,variable,1513,1513,variable,Pdis
20260811_121452_stage_B_2C_4168a6e9,variable,1514,1514,variable,SOC
20260811_121452_stage_B_2C_4168a6e9,variable,1515,1515,variable,SOC
20260811_121452_stage_B_2C_4168a6e9,variable,1516,1516,variable,PW
20260811_121452_stage_B_2C_4168a6e9,variable,1517,1517,variable,PW
20260811_121452_stage_B_2C_4168a6e9,variable,1518,1518,variable,PW
20260811_121452_stage_B_2C_4168a6e9,variable,1519,1519,variable,PW
20260811_121452_stage_B_2C_4168a6e9,variable,1520,1520,variable,PW
20260811_121452_stage_B_2C_4168a6e9,variable,1521,1521,variable,PP
20260811_121452_stage_B_2C_4168a6e9,variable,1522,1522,variable,PP
20260811_121452_stage_B_2C_4168a6e9,variable,1523,1523,variable,PP
20260811_121452_stage_B_2C_4168a6e9,variable,1524,1524,variable,PP
20260811_121452_stage_B_2C_4168a6e9,variable,1525,1525,variable,PP
20260811_121452_stage_B_2C_4168a6e9,variable,1526,1526,variable,PH
20260811_121452_stage_B_2C_4168a6e9,variable,1527,1527,variable,PH
20260811_121452_stage_B_2C_4168a6e9,variable,1528,1528,variable,PH
20260811_121452_stage_B_2C_4168a6e9,variable,1529,1529,variable,PH
20260811_121452_stage_B_2C_4168a6e9,variable,1530,1530,variable,PF
20260811_121452_stage_B_2C_4168a6e9,variable,1531,1531,variable,PF
20260811_121452_stage_B_2C_4168a6e9,variable,1532,1532,variable,PF
20260811_121452_stage_B_2C_4168a6e9,variable,1533,1533,variable,PF
20260811_121452_stage_B_2C_4168a6e9,variable,1534,1534,variable,Pch
20260811_121452_stage_B_2C_4168a6e9,variable,1535,1535,variable,Pch
20260811_121452_stage_B_2C_4168a6e9,variable,1536,1536,variable,Pdis
20260811_121452_stage_B_2C_4168a6e9,variable,1537,1537,variable,Pdis
20260811_121452_stage_B_2C_4168a6e9,variable,1538,1538,variable,SOC
20260811_121452_stage_B_2C_4168a6e9,variable,1539,1539,variable,SOC
20260811_121452_stage_B_2C_4168a6e9,variable,1540,1540,variable,PW
20260811_121452_stage_B_2C_4168a6e9,variable,1541,1541,variable,PW
20260811_121452_stage_B_2C_4168a6e9,variable,1542,1542,variable,PW
20260811_121452_stage_B_2C_4168a6e9,variable,1543,1543,variable,PW
20260811_121452_stage_B_2C_4168a6e9,variable,1544,1544,variable,PW
20260811_121452_stage_B_2C_4168a6e9,variable,1545,1545,variable,PP
20260811_121452_stage_B_2C_4168a6e9,variable,1546,1546,variable,PP
20260811_121452_stage_B_2C_4168a6e9,variable,1547,1547,variable,PP
20260811_121452_stage_B_2C_4168a6e9,variable,1548,1548,variable,PP
20260811_121452_stage_B_2C_4168a6e9,variable,1549,1549,variable,PP
20260811_121452_stage_B_2C_4168a6e9,variable,1550,1550,variable,PH
20260811_121452_stage_B_2C_4168a6e9,variable,1551,1551,variable,PH
20260811_121452_stage_B_2C_4168a6e9,variable,1552,1552,variable,PH
20260811_121452_stage_B_2C_4168a6e9,variable,1553,1553,variable,PH
20260811_121452_stage_B_2C_4168a6e9,variable,1554,1554,variable,PF
20260811_121452_stage_B_2C_4168a6e9,variable,1555,1555,variable,PF
20260811_121452_stage_B_2C_4168a6e9,variable,1556,1556,variable,PF
20260811_121452_stage_B_2C_4168a6e9,variable,1557,1557,variable,PF
20260811_121452_stage_B_2C_4168a6e9,variable,1558,1558,variable,Pch
20260811_121452_stage_B_2C_4168a6e9,variable,1559,1559,variable,Pch
20260811_121452_stage_B_2C_4168a6e9,variable,1560,1560,variable,Pdis
20260811_121452_stage_B_2C_4168a6e9,variable,1561,1561,variable,Pdis
20260811_121452_stage_B_2C_4168a6e9,variable,1562,1562,variable,SOC
20260811_121452_stage_B_2C_4168a6e9,variable,1563,1563,variable,SOC
20260811_121452_stage_B_2C_4168a6e9,variable,1564,1564,variable,PW
20260811_121452_stage_B_2C_4168a6e9,variable,1565,1565,variable,PW
20260811_121452_stage_B_2C_4168a6e9,variable,1566,1566,variable,PW
20260811_121452_stage_B_2C_4168a6e9,variable,1567,1567,variable,PW
20260811_121452_stage_B_2C_4168a6e9,variable,1568,1568,variable,PW
20260811_121452_stage_B_2C_4168a6e9,variable,1569,1569,variable,PH
20260811_121452_stage_B_2C_4168a6e9,variable,1570,1570,variable,PH
20260811_121452_stage_B_2C_4168a6e9,variable,1571,1571,variable,PH
20260811_121452_stage_B_2C_4168a6e9,variable,1572,1572,variable,PH
20260811_121452_stage_B_2C_4168a6e9,variable,1573,1573,variable,PF
20260811_121452_stage_B_2C_4168a6e9,variable,1574,1574,variable,PF
20260811_121452_stage_B_2C_4168a6e9,variable,1575,1575,variable,PF
20260811_121452_stage_B_2C_4168a6e9,variable,1576,1576,variable,PF
20260811_121452_stage_B_2C_4168a6e9,variable,1577,1577,variable,Pch
20260811_121452_stage_B_2C_4168a6e9,variable,1578,1578,variable,Pch
20260811_121452_stage_B_2C_4168a6e9,variable,1579,1579,variable,Pdis
20260811_121452_stage_B_2C_4168a6e9,variable,1580,1580,variable,Pdis
20260811_121452_stage_B_2C_4168a6e9,variable,1581,1581,variable,SOC
20260811_121452_stage_B_2C_4168a6e9,variable,1582,1582,variable,SOC
20260811_121452_stage_B_2C_4168a6e9,variable,1583,1583,variable,PW
20260811_121452_stage_B_2C_4168a6e9,variable,1584,1584,variable,PW
20260811_121452_stage_B_2C_4168a6e9,variable,1585,1585,variable,PW
20260811_121452_stage_B_2C_4168a6e9,variable,1586,1586,variable,PW
20260811_121452_stage_B_2C_4168a6e9,variable,1587,1587,variable,PW
20260811_121452_stage_B_2C_4168a6e9,variable,1588,1588,variable,PH
20260811_121452_stage_B_2C_4168a6e9,variable,1589,1589,variable,PH
20260811_121452_stage_B_2C_4168a6e9,variable,1590,1590,variable,PH
20260811_121452_stage_B_2C_4168a6e9,variable,1591,1591,variable,PH
20260811_121452_stage_B_2C_4168a6e9,variable,1592,1592,variable,PF
20260811_121452_stage_B_2C_4168a6e9,variable,1593,1593,variable,PF
20260811_121452_stage_B_2C_4168a6e9,variable,1594,1594,variable,PF
20260811_121452_stage_B_2C_4168a6e9,variable,1595,1595,variable,PF
20260811_121452_stage_B_2C_4168a6e9,variable,1596,1596,variable,Pch
20260811_121452_stage_B_2C_4168a6e9,variable,1597,1597,variable,Pch
20260811_121452_stage_B_2C_4168a6e9,variable,1598,1598,variable,Pdis
20260811_121452_stage_B_2C_4168a6e9,variable,1599,1599,variable,Pdis
20260811_121452_stage_B_2C_4168a6e9,variable,1600,1600,variable,SOC
20260811_121452_stage_B_2C_4168a6e9,variable,1601,1601,variable,SOC
20260811_121452_stage_B_2C_4168a6e9,variable,1602,1602,variable,PW
20260811_121452_stage_B_2C_4168a6e9,variable,1603,1603,variable,PW
20260811_121452_stage_B_2C_4168a6e9,variable,1604,1604,variable,PW
20260811_121452_stage_B_2C_4168a6e9,variable,1605,1605,variable,PW
20260811_121452_stage_B_2C_4168a6e9,variable,1606,1606,variable,PW
20260811_121452_stage_B_2C_4168a6e9,variable,1607,1607,variable,PH
20260811_121452_stage_B_2C_4168a6e9,variable,1608,1608,variable,PH
20260811_121452_stage_B_2C_4168a6e9,variable,1609,1609,variable,PH
20260811_121452_stage_B_2C_4168a6e9,variable,1610,1610,variable,PH
20260811_121452_stage_B_2C_4168a6e9,variable,1611,1611,variable,PF
20260811_121452_stage_B_2C_4168a6e9,variable,1612,1612,variable,PF
20260811_121452_stage_B_2C_4168a6e9,variable,1613,1613,variable,PF
20260811_121452_stage_B_2C_4168a6e9,variable,1614,1614,variable,PF
20260811_121452_stage_B_2C_4168a6e9,variable,1615,1615,variable,Pch
20260811_121452_stage_B_2C_4168a6e9,variable,1616,1616,variable,Pch
20260811_121452_stage_B_2C_4168a6e9,variable,1617,1617,variable,Pdis
20260811_121452_stage_B_2C_4168a6e9,variable,1618,1618,variable,Pdis
20260811_121452_stage_B_2C_4168a6e9,variable,1619,1619,variable,SOC
20260811_121452_stage_B_2C_4168a6e9,variable,1620,1620,variable,SOC
20260811_121452_stage_B_2C_4168a6e9,variable,1621,1621,variable,PW
20260811_121452_stage_B_2C_4168a6e9,variable,1622,1622,variable,PW
20260811_121452_stage_B_2C_4168a6e9,variable,1623,1623,variable,PW
20260811_121452_stage_B_2C_4168a6e9,variable,1624,1624,variable,PW
20260811_121452_stage_B_2C_4168a6e9,variable,1625,1625,variable,PW
20260811_121452_stage_B_2C_4168a6e9,variable,1626,1626,variable,PH
20260811_121452_stage_B_2C_4168a6e9,variable,1627,1627,variable,PH
20260811_121452_stage_B_2C_4168a6e9,variable,1628,1628,variable,PH
20260811_121452_stage_B_2C_4168a6e9,variable,1629,1629,variable,PH
20260811_121452_stage_B_2C_4168a6e9,variable,1630,1630,variable,PF
20260811_121452_stage_B_2C_4168a6e9,variable,1631,1631,variable,PF
20260811_121452_stage_B_2C_4168a6e9,variable,1632,1632,variable,PF
20260811_121452_stage_B_2C_4168a6e9,variable,1633,1633,variable,PF
20260811_121452_stage_B_2C_4168a6e9,variable,1634,1634,variable,Pch
20260811_121452_stage_B_2C_4168a6e9,variable,1635,1635,variable,Pch
20260811_121452_stage_B_2C_4168a6e9,variable,1636,1636,variable,Pdis
20260811_121452_stage_B_2C_4168a6e9,variable,1637,1637,variable,Pdis
20260811_121452_stage_B_2C_4168a6e9,variable,1638,1638,variable,SOC
20260811_121452_stage_B_2C_4168a6e9,variable,1639,1639,variable,SOC
20260811_121452_stage_B_2C_4168a6e9,variable,1640,1640,variable,PW
20260811_121452_stage_B_2C_4168a6e9,variable,1641,1641,variable,PW
20260811_121452_stage_B_2C_4168a6e9,variable,1642,1642,variable,PW
20260811_121452_stage_B_2C_4168a6e9,variable,1643,1643,variable,PW
20260811_121452_stage_B_2C_4168a6e9,variable,1644,1644,variable,PW
20260811_121452_stage_B_2C_4168a6e9,variable,1645,1645,variable,PH
20260811_121452_stage_B_2C_4168a6e9,variable,1646,1646,variable,PH
20260811_121452_stage_B_2C_4168a6e9,variable,1647,1647,variable,PH
20260811_121452_stage_B_2C_4168a6e9,variable,1648,1648,variable,PH
20260811_121452_stage_B_2C_4168a6e9,variable,1649,1649,variable,PF
20260811_121452_stage_B_2C_4168a6e9,variable,1650,1650,variable,PF
20260811_121452_stage_B_2C_4168a6e9,variable,1651,1651,variable,PF
20260811_121452_stage_B_2C_4168a6e9,variable,1652,1652,variable,PF
20260811_121452_stage_B_2C_4168a6e9,variable,1653,1653,variable,Pch
20260811_121452_stage_B_2C_4168a6e9,variable,1654,1654,variable,Pch
20260811_121452_stage_B_2C_4168a6e9,variable,1655,1655,variable,Pdis
20260811_121452_stage_B_2C_4168a6e9,variable,1656,1656,variable,Pdis
20260811_121452_stage_B_2C_4168a6e9,variable,1657,1657,variable,SOC
20260811_121452_stage_B_2C_4168a6e9,variable,1658,1658,variable,SOC
20260811_121452_stage_B_2C_4168a6e9,variable,1659,1659,variable,PW
20260811_121452_stage_B_2C_4168a6e9,variable,1660,1660,variable,PW
20260811_121452_stage_B_2C_4168a6e9,variable,1661,1661,variable,PW
20260811_121452_stage_B_2C_4168a6e9,variable,1662,1662,variable,PW
20260811_121452_stage_B_2C_4168a6e9,variable,1663,1663,variable,PW
20260811_121452_stage_B_2C_4168a6e9,variable,1664,1664,variable,PH
20260811_121452_stage_B_2C_4168a6e9,variable,1665,1665,variable,PH
20260811_121452_stage_B_2C_4168a6e9,variable,1666,1666,variable,PH
20260811_121452_stage_B_2C_4168a6e9,variable,1667,1667,variable,PH
20260811_121452_stage_B_2C_4168a6e9,variable,1668,1668,variable,PF
20260811_121452_stage_B_2C_4168a6e9,variable,1669,1669,variable,PF
20260811_121452_stage_B_2C_4168a6e9,variable,1670,1670,variable,PF
20260811_121452_stage_B_2C_4168a6e9,variable,1671,1671,variable,PF
20260811_121452_stage_B_2C_4168a6e9,variable,1672,1672,variable,Pch
20260811_121452_stage_B_2C_4168a6e9,variable,1673,1673,variable,Pch
20260811_121452_stage_B_2C_4168a6e9,variable,1674,1674,variable,Pdis
20260811_121452_stage_B_2C_4168a6e9,variable,1675,1675,variable,Pdis
20260811_121452_stage_B_2C_4168a6e9,variable,1676,1676,variable,SOC
20260811_121452_stage_B_2C_4168a6e9,variable,1677,1677,variable,SOC
20260811_121452_stage_B_2C_4168a6e9,variable,1678,1678,variable,PW
20260811_121452_stage_B_2C_4168a6e9,variable,1679,1679,variable,PW
20260811_121452_stage_B_2C_4168a6e9,variable,1680,1680,variable,PW
20260811_121452_stage_B_2C_4168a6e9,variable,1681,1681,variable,PW
20260811_121452_stage_B_2C_4168a6e9,variable,1682,1682,variable,PW
20260811_121452_stage_B_2C_4168a6e9,variable,1683,1683,variable,PH
20260811_121452_stage_B_2C_4168a6e9,variable,1684,1684,variable,PH
20260811_121452_stage_B_2C_4168a6e9,variable,1685,1685,variable,PH
20260811_121452_stage_B_2C_4168a6e9,variable,1686,1686,variable,PH
20260811_121452_stage_B_2C_4168a6e9,variable,1687,1687,variable,PF
20260811_121452_stage_B_2C_4168a6e9,variable,1688,1688,variable,PF
20260811_121452_stage_B_2C_4168a6e9,variable,1689,1689,variable,PF
20260811_121452_stage_B_2C_4168a6e9,variable,1690,1690,variable,PF
20260811_121452_stage_B_2C_4168a6e9,variable,1691,1691,variable,Pch
20260811_121452_stage_B_2C_4168a6e9,variable,1692,1692,variable,Pch
20260811_121452_stage_B_2C_4168a6e9,variable,1693,1693,variable,Pdis
20260811_121452_stage_B_2C_4168a6e9,variable,1694,1694,variable,Pdis
20260811_121452_stage_B_2C_4168a6e9,variable,1695,1695,variable,SOC
20260811_121452_stage_B_2C_4168a6e9,variable,1696,1696,variable,SOC
20260811_121452_stage_B_2C_4168a6e9,variable,1697,1697,variable,PW
20260811_121452_stage_B_2C_4168a6e9,variable,1698,1698,variable,PW
20260811_121452_stage_B_2C_4168a6e9,variable,1699,1699,variable,PW
20260811_121452_stage_B_2C_4168a6e9,variable,1700,1700,variable,PW
20260811_121452_stage_B_2C_4168a6e9,variable,1701,1701,variable,PW
20260811_121452_stage_B_2C_4168a6e9,variable,1702,1702,variable,PH
20260811_121452_stage_B_2C_4168a6e9,variable,1703,1703,variable,PH
20260811_121452_stage_B_2C_4168a6e9,variable,1704,1704,variable,PH
20260811_121452_stage_B_2C_4168a6e9,variable,1705,1705,variable,PH
20260811_121452_stage_B_2C_4168a6e9,variable,1706,1706,variable,PF
20260811_121452_stage_B_2C_4168a6e9,variable,1707,1707,variable,PF
20260811_121452_stage_B_2C_4168a6e9,variable,1708,1708,variable,PF
20260811_121452_stage_B_2C_4168a6e9,variable,1709,1709,variable,PF
20260811_121452_stage_B_2C_4168a6e9,variable,1710,1710,variable,Pch
20260811_121452_stage_B_2C_4168a6e9,variable,1711,1711,variable,Pch
20260811_121452_stage_B_2C_4168a6e9,variable,1712,1712,variable,Pdis
20260811_121452_stage_B_2C_4168a6e9,variable,1713,1713,variable,Pdis
20260811_121452_stage_B_2C_4168a6e9,variable,1714,1714,variable,SOC
20260811_121452_stage_B_2C_4168a6e9,variable,1715,1715,variable,SOC
20260811_121452_stage_B_2C_4168a6e9,variable,1716,1716,variable,PW
20260811_121452_stage_B_2C_4168a6e9,variable,1717,1717,variable,PW
20260811_121452_stage_B_2C_4168a6e9,variable,1718,1718,variable,PW
20260811_121452_stage_B_2C_4168a6e9,variable,1719,1719,variable,PW
20260811_121452_stage_B_2C_4168a6e9,variable,1720,1720,variable,PW
20260811_121452_stage_B_2C_4168a6e9,variable,1721,1721,variable,PH
20260811_121452_stage_B_2C_4168a6e9,variable,1722,1722,variable,PH
20260811_121452_stage_B_2C_4168a6e9,variable,1723,1723,variable,PH
20260811_121452_stage_B_2C_4168a6e9,variable,1724,1724,variable,PH
20260811_121452_stage_B_2C_4168a6e9,variable,1725,1725,variable,PF
20260811_121452_stage_B_2C_4168a6e9,variable,1726,1726,variable,PF
20260811_121452_stage_B_2C_4168a6e9,variable,1727,1727,variable,PF
20260811_121452_stage_B_2C_4168a6e9,variable,1728,1728,variable,PF
20260811_121452_stage_B_2C_4168a6e9,variable,1729,1729,variable,Pch
20260811_121452_stage_B_2C_4168a6e9,variable,1730,1730,variable,Pch
20260811_121452_stage_B_2C_4168a6e9,variable,1731,1731,variable,Pdis
20260811_121452_stage_B_2C_4168a6e9,variable,1732,1732,variable,Pdis
20260811_121452_stage_B_2C_4168a6e9,variable,1733,1733,variable,SOC
20260811_121452_stage_B_2C_4168a6e9,variable,1734,1734,variable,SOC
20260811_121452_stage_B_2C_4168a6e9,variable,1735,1735,variable,PW
20260811_121452_stage_B_2C_4168a6e9,variable,1736,1736,variable,PW
20260811_121452_stage_B_2C_4168a6e9,variable,1737,1737,variable,PW
20260811_121452_stage_B_2C_4168a6e9,variable,1738,1738,variable,PW
20260811_121452_stage_B_2C_4168a6e9,variable,1739,1739,variable,PW
20260811_121452_stage_B_2C_4168a6e9,variable,1740,1740,variable,PH
20260811_121452_stage_B_2C_4168a6e9,variable,1741,1741,variable,PH
20260811_121452_stage_B_2C_4168a6e9,variable,1742,1742,variable,PH
20260811_121452_stage_B_2C_4168a6e9,variable,1743,1743,variable,PH
20260811_121452_stage_B_2C_4168a6e9,variable,1744,1744,variable,PF
20260811_121452_stage_B_2C_4168a6e9,variable,1745,1745,variable,PF
20260811_121452_stage_B_2C_4168a6e9,variable,1746,1746,variable,PF
20260811_121452_stage_B_2C_4168a6e9,variable,1747,1747,variable,PF
20260811_121452_stage_B_2C_4168a6e9,variable,1748,1748,variable,Pch
20260811_121452_stage_B_2C_4168a6e9,variable,1749,1749,variable,Pch
20260811_121452_stage_B_2C_4168a6e9,variable,1750,1750,variable,Pdis
20260811_121452_stage_B_2C_4168a6e9,variable,1751,1751,variable,Pdis
20260811_121452_stage_B_2C_4168a6e9,variable,1752,1752,variable,SOC
20260811_121452_stage_B_2C_4168a6e9,variable,1753,1753,variable,SOC
20260811_121452_stage_B_2C_4168a6e9,variable,1754,1754,variable,PW
20260811_121452_stage_B_2C_4168a6e9,variable,1755,1755,variable,PW
20260811_121452_stage_B_2C_4168a6e9,variable,1756,1756,variable,PW
20260811_121452_stage_B_2C_4168a6e9,variable,1757,1757,variable,PW
20260811_121452_stage_B_2C_4168a6e9,variable,1758,1758,variable,PW
20260811_121452_stage_B_2C_4168a6e9,variable,1759,1759,variable,PH
20260811_121452_stage_B_2C_4168a6e9,variable,1760,1760,variable,PH
20260811_121452_stage_B_2C_4168a6e9,variable,1761,1761,variable,PH
20260811_121452_stage_B_2C_4168a6e9,variable,1762,1762,variable,PH
20260811_121452_stage_B_2C_4168a6e9,variable,1763,1763,variable,PF
20260811_121452_stage_B_2C_4168a6e9,variable,1764,1764,variable,PF
20260811_121452_stage_B_2C_4168a6e9,variable,1765,1765,variable,PF
20260811_121452_stage_B_2C_4168a6e9,variable,1766,1766,variable,PF
20260811_121452_stage_B_2C_4168a6e9,variable,1767,1767,variable,Pch
20260811_121452_stage_B_2C_4168a6e9,variable,1768,1768,variable,Pch
20260811_121452_stage_B_2C_4168a6e9,variable,1769,1769,variable,Pdis
20260811_121452_stage_B_2C_4168a6e9,variable,1770,1770,variable,Pdis
20260811_121452_stage_B_2C_4168a6e9,variable,1771,1771,variable,SOC
20260811_121452_stage_B_2C_4168a6e9,variable,1772,1772,variable,SOC
20260811_121452_stage_B_2C_4168a6e9,variable,1773,1773,variable,PW
20260811_121452_stage_B_2C_4168a6e9,variable,1774,1774,variable,PW
20260811_121452_stage_B_2C_4168a6e9,variable,1775,1775,variable,PW
20260811_121452_stage_B_2C_4168a6e9,variable,1776,1776,variable,PW
20260811_121452_stage_B_2C_4168a6e9,variable,1777,1777,variable,PW
20260811_121452_stage_B_2C_4168a6e9,variable,1778,1778,variable,PH
20260811_121452_stage_B_2C_4168a6e9,variable,1779,1779,variable,PH
20260811_121452_stage_B_2C_4168a6e9,variable,1780,1780,variable,PH
20260811_121452_stage_B_2C_4168a6e9,variable,1781,1781,variable,PH
20260811_121452_stage_B_2C_4168a6e9,variable,1782,1782,variable,PF
20260811_121452_stage_B_2C_4168a6e9,variable,1783,1783,variable,PF
20260811_121452_stage_B_2C_4168a6e9,variable,1784,1784,variable,PF
20260811_121452_stage_B_2C_4168a6e9,variable,1785,1785,variable,PF
20260811_121452_stage_B_2C_4168a6e9,variable,1786,1786,variable,Pch
20260811_121452_stage_B_2C_4168a6e9,variable,1787,1787,variable,Pch
20260811_121452_stage_B_2C_4168a6e9,variable,1788,1788,variable,Pdis
20260811_121452_stage_B_2C_4168a6e9,variable,1789,1789,variable,Pdis
20260811_121452_stage_B_2C_4168a6e9,variable,1790,1790,variable,SOC
20260811_121452_stage_B_2C_4168a6e9,variable,1791,1791,variable,SOC
20260811_121452_stage_B_2C_4168a6e9,variable,1792,1792,variable,PW
20260811_121452_stage_B_2C_4168a6e9,variable,1793,1793,variable,PW
20260811_121452_stage_B_2C_4168a6e9,variable,1794,1794,variable,PW
20260811_121452_stage_B_2C_4168a6e9,variable,1795,1795,variable,PW
20260811_121452_stage_B_2C_4168a6e9,variable,1796,1796,variable,PW
20260811_121452_stage_B_2C_4168a6e9,variable,1797,1797,variable,PP
20260811_121452_stage_B_2C_4168a6e9,variable,1798,1798,variable,PP
20260811_121452_stage_B_2C_4168a6e9,variable,1799,1799,variable,PP
20260811_121452_stage_B_2C_4168a6e9,variable,1800,1800,variable,PP
20260811_121452_stage_B_2C_4168a6e9,variable,1801,1801,variable,PP
20260811_121452_stage_B_2C_4168a6e9,variable,1802,1802,variable,PH
20260811_121452_stage_B_2C_4168a6e9,variable,1803,1803,variable,PH
20260811_121452_stage_B_2C_4168a6e9,variable,1804,1804,variable,PH
20260811_121452_stage_B_2C_4168a6e9,variable,1805,1805,variable,PH
20260811_121452_stage_B_2C_4168a6e9,variable,1806,1806,variable,PF
20260811_121452_stage_B_2C_4168a6e9,variable,1807,1807,variable,PF
20260811_121452_stage_B_2C_4168a6e9,variable,1808,1808,variable,PF
20260811_121452_stage_B_2C_4168a6e9,variable,1809,1809,variable,PF
20260811_121452_stage_B_2C_4168a6e9,variable,1810,1810,variable,Pch
20260811_121452_stage_B_2C_4168a6e9,variable,1811,1811,variable,Pch
20260811_121452_stage_B_2C_4168a6e9,variable,1812,1812,variable,Pdis
20260811_121452_stage_B_2C_4168a6e9,variable,1813,1813,variable,Pdis
20260811_121452_stage_B_2C_4168a6e9,variable,1814,1814,variable,SOC
20260811_121452_stage_B_2C_4168a6e9,variable,1815,1815,variable,SOC
20260811_121452_stage_B_2C_4168a6e9,variable,1816,1816,variable,PW
20260811_121452_stage_B_2C_4168a6e9,variable,1817,1817,variable,PW
20260811_121452_stage_B_2C_4168a6e9,variable,1818,1818,variable,PW
20260811_121452_stage_B_2C_4168a6e9,variable,1819,1819,variable,PW
20260811_121452_stage_B_2C_4168a6e9,variable,1820,1820,variable,PW
20260811_121452_stage_B_2C_4168a6e9,variable,1821,1821,variable,PP
20260811_121452_stage_B_2C_4168a6e9,variable,1822,1822,variable,PP
20260811_121452_stage_B_2C_4168a6e9,variable,1823,1823,variable,PP
20260811_121452_stage_B_2C_4168a6e9,variable,1824,1824,variable,PP
20260811_121452_stage_B_2C_4168a6e9,variable,1825,1825,variable,PP
20260811_121452_stage_B_2C_4168a6e9,variable,1826,1826,variable,PH
20260811_121452_stage_B_2C_4168a6e9,variable,1827,1827,variable,PH
20260811_121452_stage_B_2C_4168a6e9,variable,1828,1828,variable,PH
20260811_121452_stage_B_2C_4168a6e9,variable,1829,1829,variable,PH
20260811_121452_stage_B_2C_4168a6e9,variable,1830,1830,variable,PF
20260811_121452_stage_B_2C_4168a6e9,variable,1831,1831,variable,PF
20260811_121452_stage_B_2C_4168a6e9,variable,1832,1832,variable,PF
20260811_121452_stage_B_2C_4168a6e9,variable,1833,1833,variable,PF
20260811_121452_stage_B_2C_4168a6e9,variable,1834,1834,variable,Pch
20260811_121452_stage_B_2C_4168a6e9,variable,1835,1835,variable,Pch
20260811_121452_stage_B_2C_4168a6e9,variable,1836,1836,variable,Pdis
20260811_121452_stage_B_2C_4168a6e9,variable,1837,1837,variable,Pdis
20260811_121452_stage_B_2C_4168a6e9,variable,1838,1838,variable,SOC
20260811_121452_stage_B_2C_4168a6e9,variable,1839,1839,variable,SOC
20260811_121452_stage_B_2C_4168a6e9,variable,1840,1840,variable,PW
20260811_121452_stage_B_2C_4168a6e9,variable,1841,1841,variable,PW
20260811_121452_stage_B_2C_4168a6e9,variable,1842,1842,variable,PW
20260811_121452_stage_B_2C_4168a6e9,variable,1843,1843,variable,PW
20260811_121452_stage_B_2C_4168a6e9,variable,1844,1844,variable,PW
20260811_121452_stage_B_2C_4168a6e9,variable,1845,1845,variable,PP
20260811_121452_stage_B_2C_4168a6e9,variable,1846,1846,variable,PP
20260811_121452_stage_B_2C_4168a6e9,variable,1847,1847,variable,PP
20260811_121452_stage_B_2C_4168a6e9,variable,1848,1848,variable,PP
20260811_121452_stage_B_2C_4168a6e9,variable,1849,1849,variable,PP
20260811_121452_stage_B_2C_4168a6e9,variable,1850,1850,variable,PH
20260811_121452_stage_B_2C_4168a6e9,variable,1851,1851,variable,PH
20260811_121452_stage_B_2C_4168a6e9,variable,1852,1852,variable,PH
20260811_121452_stage_B_2C_4168a6e9,variable,1853,1853,variable,PH
20260811_121452_stage_B_2C_4168a6e9,variable,1854,1854,variable,PF
20260811_121452_stage_B_2C_4168a6e9,variable,1855,1855,variable,PF
20260811_121452_stage_B_2C_4168a6e9,variable,1856,1856,variable,PF
20260811_121452_stage_B_2C_4168a6e9,variable,1857,1857,variable,PF
20260811_121452_stage_B_2C_4168a6e9,variable,1858,1858,variable,Pch
20260811_121452_stage_B_2C_4168a6e9,variable,1859,1859,variable,Pch
20260811_121452_stage_B_2C_4168a6e9,variable,1860,1860,variable,Pdis
20260811_121452_stage_B_2C_4168a6e9,variable,1861,1861,variable,Pdis
20260811_121452_stage_B_2C_4168a6e9,variable,1862,1862,variable,SOC
20260811_121452_stage_B_2C_4168a6e9,variable,1863,1863,variable,SOC
20260811_121452_stage_B_2C_4168a6e9,variable,1864,1864,variable,PW
20260811_121452_stage_B_2C_4168a6e9,variable,1865,1865,variable,PW
20260811_121452_stage_B_2C_4168a6e9,variable,1866,1866,variable,PW
20260811_121452_stage_B_2C_4168a6e9,variable,1867,1867,variable,PW
20260811_121452_stage_B_2C_4168a6e9,variable,1868,1868,variable,PW
20260811_121452_stage_B_2C_4168a6e9,variable,1869,1869,variable,PP
20260811_121452_stage_B_2C_4168a6e9,variable,1870,1870,variable,PP
20260811_121452_stage_B_2C_4168a6e9,variable,1871,1871,variable,PP
20260811_121452_stage_B_2C_4168a6e9,variable,1872,1872,variable,PP
20260811_121452_stage_B_2C_4168a6e9,variable,1873,1873,variable,PP
20260811_121452_stage_B_2C_4168a6e9,variable,1874,1874,variable,PH
20260811_121452_stage_B_2C_4168a6e9,variable,1875,1875,variable,PH
20260811_121452_stage_B_2C_4168a6e9,variable,1876,1876,variable,PH
20260811_121452_stage_B_2C_4168a6e9,variable,1877,1877,variable,PH
20260811_121452_stage_B_2C_4168a6e9,variable,1878,1878,variable,PF
20260811_121452_stage_B_2C_4168a6e9,variable,1879,1879,variable,PF
20260811_121452_stage_B_2C_4168a6e9,variable,1880,1880,variable,PF
20260811_121452_stage_B_2C_4168a6e9,variable,1881,1881,variable,PF
20260811_121452_stage_B_2C_4168a6e9,variable,1882,1882,variable,Pch
20260811_121452_stage_B_2C_4168a6e9,variable,1883,1883,variable,Pch
20260811_121452_stage_B_2C_4168a6e9,variable,1884,1884,variable,Pdis
20260811_121452_stage_B_2C_4168a6e9,variable,1885,1885,variable,Pdis
20260811_121452_stage_B_2C_4168a6e9,variable,1886,1886,variable,SOC
20260811_121452_stage_B_2C_4168a6e9,variable,1887,1887,variable,SOC
20260811_121452_stage_B_2C_4168a6e9,variable,1888,1888,variable,PW
20260811_121452_stage_B_2C_4168a6e9,variable,1889,1889,variable,PW
20260811_121452_stage_B_2C_4168a6e9,variable,1890,1890,variable,PW
20260811_121452_stage_B_2C_4168a6e9,variable,1891,1891,variable,PW
20260811_121452_stage_B_2C_4168a6e9,variable,1892,1892,variable,PW
20260811_121452_stage_B_2C_4168a6e9,variable,1893,1893,variable,PP
20260811_121452_stage_B_2C_4168a6e9,variable,1894,1894,variable,PP
20260811_121452_stage_B_2C_4168a6e9,variable,1895,1895,variable,PP
20260811_121452_stage_B_2C_4168a6e9,variable,1896,1896,variable,PP
20260811_121452_stage_B_2C_4168a6e9,variable,1897,1897,variable,PP
20260811_121452_stage_B_2C_4168a6e9,variable,1898,1898,variable,PH
20260811_121452_stage_B_2C_4168a6e9,variable,1899,1899,variable,PH
20260811_121452_stage_B_2C_4168a6e9,variable,1900,1900,variable,PH
20260811_121452_stage_B_2C_4168a6e9,variable,1901,1901,variable,PH
20260811_121452_stage_B_2C_4168a6e9,variable,1902,1902,variable,PF
20260811_121452_stage_B_2C_4168a6e9,variable,1903,1903,variable,PF
20260811_121452_stage_B_2C_4168a6e9,variable,1904,1904,variable,PF
20260811_121452_stage_B_2C_4168a6e9,variable,1905,1905,variable,PF
20260811_121452_stage_B_2C_4168a6e9,variable,1906,1906,variable,Pch
20260811_121452_stage_B_2C_4168a6e9,variable,1907,1907,variable,Pch
20260811_121452_stage_B_2C_4168a6e9,variable,1908,1908,variable,Pdis
20260811_121452_stage_B_2C_4168a6e9,variable,1909,1909,variable,Pdis
20260811_121452_stage_B_2C_4168a6e9,variable,1910,1910,variable,SOC
20260811_121452_stage_B_2C_4168a6e9,variable,1911,1911,variable,SOC
20260811_121452_stage_B_2C_4168a6e9,variable,1912,1912,variable,PW
20260811_121452_stage_B_2C_4168a6e9,variable,1913,1913,variable,PW
20260811_121452_stage_B_2C_4168a6e9,variable,1914,1914,variable,PW
20260811_121452_stage_B_2C_4168a6e9,variable,1915,1915,variable,PW
20260811_121452_stage_B_2C_4168a6e9,variable,1916,1916,variable,PW
20260811_121452_stage_B_2C_4168a6e9,variable,1917,1917,variable,PP
20260811_121452_stage_B_2C_4168a6e9,variable,1918,1918,variable,PP
20260811_121452_stage_B_2C_4168a6e9,variable,1919,1919,variable,PP
20260811_121452_stage_B_2C_4168a6e9,variable,1920,1920,variable,PP
20260811_121452_stage_B_2C_4168a6e9,variable,1921,1921,variable,PP
20260811_121452_stage_B_2C_4168a6e9,variable,1922,1922,variable,PH
20260811_121452_stage_B_2C_4168a6e9,variable,1923,1923,variable,PH
20260811_121452_stage_B_2C_4168a6e9,variable,1924,1924,variable,PH
20260811_121452_stage_B_2C_4168a6e9,variable,1925,1925,variable,PH
20260811_121452_stage_B_2C_4168a6e9,variable,1926,1926,variable,PF
20260811_121452_stage_B_2C_4168a6e9,variable,1927,1927,variable,PF
20260811_121452_stage_B_2C_4168a6e9,variable,1928,1928,variable,PF
20260811_121452_stage_B_2C_4168a6e9,variable,1929,1929,variable,PF
20260811_121452_stage_B_2C_4168a6e9,variable,1930,1930,variable,Pch
20260811_121452_stage_B_2C_4168a6e9,variable,1931,1931,variable,Pch
20260811_121452_stage_B_2C_4168a6e9,variable,1932,1932,variable,Pdis
20260811_121452_stage_B_2C_4168a6e9,variable,1933,1933,variable,Pdis
20260811_121452_stage_B_2C_4168a6e9,variable,1934,1934,variable,SOC
20260811_121452_stage_B_2C_4168a6e9,variable,1935,1935,variable,SOC
20260811_121452_stage_B_2C_4168a6e9,variable,1936,1936,variable,PW
20260811_121452_stage_B_2C_4168a6e9,variable,1937,1937,variable,PW
20260811_121452_stage_B_2C_4168a6e9,variable,1938,1938,variable,PW
20260811_121452_stage_B_2C_4168a6e9,variable,1939,1939,variable,PW
20260811_121452_stage_B_2C_4168a6e9,variable,1940,1940,variable,PW
20260811_121452_stage_B_2C_4168a6e9,variable,1941,1941,variable,PP
20260811_121452_stage_B_2C_4168a6e9,variable,1942,1942,variable,PP
20260811_121452_stage_B_2C_4168a6e9,variable,1943,1943,variable,PP
20260811_121452_stage_B_2C_4168a6e9,variable,1944,1944,variable,PP
20260811_121452_stage_B_2C_4168a6e9,variable,1945,1945,variable,PP
20260811_121452_stage_B_2C_4168a6e9,variable,1946,1946,variable,PH
20260811_121452_stage_B_2C_4168a6e9,variable,1947,1947,variable,PH
20260811_121452_stage_B_2C_4168a6e9,variable,1948,1948,variable,PH
20260811_121452_stage_B_2C_4168a6e9,variable,1949,1949,variable,PH
20260811_121452_stage_B_2C_4168a6e9,variable,1950,1950,variable,PF
20260811_121452_stage_B_2C_4168a6e9,variable,1951,1951,variable,PF
20260811_121452_stage_B_2C_4168a6e9,variable,1952,1952,variable,PF
20260811_121452_stage_B_2C_4168a6e9,variable,1953,1953,variable,PF
20260811_121452_stage_B_2C_4168a6e9,variable,1954,1954,variable,Pch
20260811_121452_stage_B_2C_4168a6e9,variable,1955,1955,variable,Pch
20260811_121452_stage_B_2C_4168a6e9,variable,1956,1956,variable,Pdis
20260811_121452_stage_B_2C_4168a6e9,variable,1957,1957,variable,Pdis
20260811_121452_stage_B_2C_4168a6e9,variable,1958,1958,variable,SOC
20260811_121452_stage_B_2C_4168a6e9,variable,1959,1959,variable,SOC
20260811_121452_stage_B_2C_4168a6e9,variable,1960,1960,variable,PW
20260811_121452_stage_B_2C_4168a6e9,variable,1961,1961,variable,PW
20260811_121452_stage_B_2C_4168a6e9,variable,1962,1962,variable,PW
20260811_121452_stage_B_2C_4168a6e9,variable,1963,1963,variable,PW
20260811_121452_stage_B_2C_4168a6e9,variable,1964,1964,variable,PW
20260811_121452_stage_B_2C_4168a6e9,variable,1965,1965,variable,PP
20260811_121452_stage_B_2C_4168a6e9,variable,1966,1966,variable,PP
20260811_121452_stage_B_2C_4168a6e9,variable,1967,1967,variable,PP
20260811_121452_stage_B_2C_4168a6e9,variable,1968,1968,variable,PP
20260811_121452_stage_B_2C_4168a6e9,variable,1969,1969,variable,PP
20260811_121452_stage_B_2C_4168a6e9,variable,1970,1970,variable,PH
20260811_121452_stage_B_2C_4168a6e9,variable,1971,1971,variable,PH
20260811_121452_stage_B_2C_4168a6e9,variable,1972,1972,variable,PH
20260811_121452_stage_B_2C_4168a6e9,variable,1973,1973,variable,PH
20260811_121452_stage_B_2C_4168a6e9,variable,1974,1974,variable,PF
20260811_121452_stage_B_2C_4168a6e9,variable,1975,1975,variable,PF
20260811_121452_stage_B_2C_4168a6e9,variable,1976,1976,variable,PF
20260811_121452_stage_B_2C_4168a6e9,variable,1977,1977,variable,PF
20260811_121452_stage_B_2C_4168a6e9,variable,1978,1978,variable,Pch
20260811_121452_stage_B_2C_4168a6e9,variable,1979,1979,variable,Pch
20260811_121452_stage_B_2C_4168a6e9,variable,1980,1980,variable,Pdis
20260811_121452_stage_B_2C_4168a6e9,variable,1981,1981,variable,Pdis
20260811_121452_stage_B_2C_4168a6e9,variable,1982,1982,variable,SOC
20260811_121452_stage_B_2C_4168a6e9,variable,1983,1983,variable,SOC
20260811_121452_stage_B_2C_4168a6e9,variable,1984,1984,variable,PW
20260811_121452_stage_B_2C_4168a6e9,variable,1985,1985,variable,PW
20260811_121452_stage_B_2C_4168a6e9,variable,1986,1986,variable,PW
20260811_121452_stage_B_2C_4168a6e9,variable,1987,1987,variable,PW
20260811_121452_stage_B_2C_4168a6e9,variable,1988,1988,variable,PW
20260811_121452_stage_B_2C_4168a6e9,variable,1989,1989,variable,PP
20260811_121452_stage_B_2C_4168a6e9,variable,1990,1990,variable,PP
20260811_121452_stage_B_2C_4168a6e9,variable,1991,1991,variable,PP
20260811_121452_stage_B_2C_4168a6e9,variable,1992,1992,variable,PP
20260811_121452_stage_B_2C_4168a6e9,variable,1993,1993,variable,PP
20260811_121452_stage_B_2C_4168a6e9,variable,1994,1994,variable,PH
20260811_121452_stage_B_2C_4168a6e9,variable,1995,1995,variable,PH
20260811_121452_stage_B_2C_4168a6e9,variable,1996,1996,variable,PH
20260811_121452_stage_B_2C_4168a6e9,variable,1997,1997,variable,PH
20260811_121452_stage_B_2C_4168a6e9,variable,1998,1998,variable,PF
20260811_121452_stage_B_2C_4168a6e9,variable,1999,1999,variable,PF
20260811_121452_stage_B_2C_4168a6e9,variable,2000,2000,variable,PF
20260811_121452_stage_B_2C_4168a6e9,variable,2001,2001,variable,PF
20260811_121452_stage_B_2C_4168a6e9,variable,2002,2002,variable,Pch
20260811_121452_stage_B_2C_4168a6e9,variable,2003,2003,variable,Pch
20260811_121452_stage_B_2C_4168a6e9,variable,2004,2004,variable,Pdis
20260811_121452_stage_B_2C_4168a6e9,variable,2005,2005,variable,Pdis
20260811_121452_stage_B_2C_4168a6e9,variable,2006,2006,variable,SOC
20260811_121452_stage_B_2C_4168a6e9,variable,2007,2007,variable,SOC
20260811_121452_stage_B_2C_4168a6e9,variable,2008,2008,variable,PW
20260811_121452_stage_B_2C_4168a6e9,variable,2009,2009,variable,PW
20260811_121452_stage_B_2C_4168a6e9,variable,2010,2010,variable,PW
20260811_121452_stage_B_2C_4168a6e9,variable,2011,2011,variable,PW
20260811_121452_stage_B_2C_4168a6e9,variable,2012,2012,variable,PW
20260811_121452_stage_B_2C_4168a6e9,variable,2013,2013,variable,PP
20260811_121452_stage_B_2C_4168a6e9,variable,2014,2014,variable,PP
20260811_121452_stage_B_2C_4168a6e9,variable,2015,2015,variable,PP
20260811_121452_stage_B_2C_4168a6e9,variable,2016,2016,variable,PP
20260811_121452_stage_B_2C_4168a6e9,variable,2017,2017,variable,PP
20260811_121452_stage_B_2C_4168a6e9,variable,2018,2018,variable,PH
20260811_121452_stage_B_2C_4168a6e9,variable,2019,2019,variable,PH
20260811_121452_stage_B_2C_4168a6e9,variable,2020,2020,variable,PH
20260811_121452_stage_B_2C_4168a6e9,variable,2021,2021,variable,PH
20260811_121452_stage_B_2C_4168a6e9,variable,2022,2022,variable,PF
20260811_121452_stage_B_2C_4168a6e9,variable,2023,2023,variable,PF
20260811_121452_stage_B_2C_4168a6e9,variable,2024,2024,variable,PF
20260811_121452_stage_B_2C_4168a6e9,variable,2025,2025,variable,PF
20260811_121452_stage_B_2C_4168a6e9,variable,2026,2026,variable,Pch
20260811_121452_stage_B_2C_4168a6e9,variable,2027,2027,variable,Pch
20260811_121452_stage_B_2C_4168a6e9,variable,2028,2028,variable,Pdis
20260811_121452_stage_B_2C_4168a6e9,variable,2029,2029,variable,Pdis
20260811_121452_stage_B_2C_4168a6e9,variable,2030,2030,variable,SOC
20260811_121452_stage_B_2C_4168a6e9,variable,2031,2031,variable,SOC
20260811_121452_stage_B_2C_4168a6e9,variable,2032,2032,variable,PW
20260811_121452_stage_B_2C_4168a6e9,variable,2033,2033,variable,PW
20260811_121452_stage_B_2C_4168a6e9,variable,2034,2034,variable,PW
20260811_121452_stage_B_2C_4168a6e9,variable,2035,2035,variable,PW
20260811_121452_stage_B_2C_4168a6e9,variable,2036,2036,variable,PW
20260811_121452_stage_B_2C_4168a6e9,variable,2037,2037,variable,PP
20260811_121452_stage_B_2C_4168a6e9,variable,2038,2038,variable,PP
20260811_121452_stage_B_2C_4168a6e9,variable,2039,2039,variable,PP
20260811_121452_stage_B_2C_4168a6e9,variable,2040,2040,variable,PP
20260811_121452_stage_B_2C_4168a6e9,variable,2041,2041,variable,PP
20260811_121452_stage_B_2C_4168a6e9,variable,2042,2042,variable,PH
20260811_121452_stage_B_2C_4168a6e9,variable,2043,2043,variable,PH
20260811_121452_stage_B_2C_4168a6e9,variable,2044,2044,variable,PH
20260811_121452_stage_B_2C_4168a6e9,variable,2045,2045,variable,PH
20260811_121452_stage_B_2C_4168a6e9,variable,2046,2046,variable,PF
20260811_121452_stage_B_2C_4168a6e9,variable,2047,2047,variable,PF
20260811_121452_stage_B_2C_4168a6e9,variable,2048,2048,variable,PF
20260811_121452_stage_B_2C_4168a6e9,variable,2049,2049,variable,PF
20260811_121452_stage_B_2C_4168a6e9,variable,2050,2050,variable,Pch
20260811_121452_stage_B_2C_4168a6e9,variable,2051,2051,variable,Pch
20260811_121452_stage_B_2C_4168a6e9,variable,2052,2052,variable,Pdis
20260811_121452_stage_B_2C_4168a6e9,variable,2053,2053,variable,Pdis
20260811_121452_stage_B_2C_4168a6e9,variable,2054,2054,variable,SOC
20260811_121452_stage_B_2C_4168a6e9,variable,2055,2055,variable,SOC
20260811_121452_stage_B_2C_4168a6e9,variable,2056,2056,variable,PW
20260811_121452_stage_B_2C_4168a6e9,variable,2057,2057,variable,PW
20260811_121452_stage_B_2C_4168a6e9,variable,2058,2058,variable,PW
20260811_121452_stage_B_2C_4168a6e9,variable,2059,2059,variable,PW
20260811_121452_stage_B_2C_4168a6e9,variable,2060,2060,variable,PW
20260811_121452_stage_B_2C_4168a6e9,variable,2061,2061,variable,PP
20260811_121452_stage_B_2C_4168a6e9,variable,2062,2062,variable,PP
20260811_121452_stage_B_2C_4168a6e9,variable,2063,2063,variable,PP
20260811_121452_stage_B_2C_4168a6e9,variable,2064,2064,variable,PP
20260811_121452_stage_B_2C_4168a6e9,variable,2065,2065,variable,PP
20260811_121452_stage_B_2C_4168a6e9,variable,2066,2066,variable,PH
20260811_121452_stage_B_2C_4168a6e9,variable,2067,2067,variable,PH
20260811_121452_stage_B_2C_4168a6e9,variable,2068,2068,variable,PH
20260811_121452_stage_B_2C_4168a6e9,variable,2069,2069,variable,PH
20260811_121452_stage_B_2C_4168a6e9,variable,2070,2070,variable,PF
20260811_121452_stage_B_2C_4168a6e9,variable,2071,2071,variable,PF
20260811_121452_stage_B_2C_4168a6e9,variable,2072,2072,variable,PF
20260811_121452_stage_B_2C_4168a6e9,variable,2073,2073,variable,PF
20260811_121452_stage_B_2C_4168a6e9,variable,2074,2074,variable,Pch
20260811_121452_stage_B_2C_4168a6e9,variable,2075,2075,variable,Pch
20260811_121452_stage_B_2C_4168a6e9,variable,2076,2076,variable,Pdis
20260811_121452_stage_B_2C_4168a6e9,variable,2077,2077,variable,Pdis
20260811_121452_stage_B_2C_4168a6e9,variable,2078,2078,variable,SOC
20260811_121452_stage_B_2C_4168a6e9,variable,2079,2079,variable,SOC
20260811_121452_stage_B_2C_4168a6e9,variable,2080,2080,variable,PW
20260811_121452_stage_B_2C_4168a6e9,variable,2081,2081,variable,PW
20260811_121452_stage_B_2C_4168a6e9,variable,2082,2082,variable,PW
20260811_121452_stage_B_2C_4168a6e9,variable,2083,2083,variable,PW
20260811_121452_stage_B_2C_4168a6e9,variable,2084,2084,variable,PW
20260811_121452_stage_B_2C_4168a6e9,variable,2085,2085,variable,PH
20260811_121452_stage_B_2C_4168a6e9,variable,2086,2086,variable,PH
20260811_121452_stage_B_2C_4168a6e9,variable,2087,2087,variable,PH
20260811_121452_stage_B_2C_4168a6e9,variable,2088,2088,variable,PH
20260811_121452_stage_B_2C_4168a6e9,variable,2089,2089,variable,PF
20260811_121452_stage_B_2C_4168a6e9,variable,2090,2090,variable,PF
20260811_121452_stage_B_2C_4168a6e9,variable,2091,2091,variable,PF
20260811_121452_stage_B_2C_4168a6e9,variable,2092,2092,variable,PF
20260811_121452_stage_B_2C_4168a6e9,variable,2093,2093,variable,Pch
20260811_121452_stage_B_2C_4168a6e9,variable,2094,2094,variable,Pch
20260811_121452_stage_B_2C_4168a6e9,variable,2095,2095,variable,Pdis
20260811_121452_stage_B_2C_4168a6e9,variable,2096,2096,variable,Pdis
20260811_121452_stage_B_2C_4168a6e9,variable,2097,2097,variable,SOC
20260811_121452_stage_B_2C_4168a6e9,variable,2098,2098,variable,SOC
20260811_121452_stage_B_2C_4168a6e9,variable,2099,2099,variable,PW
20260811_121452_stage_B_2C_4168a6e9,variable,2100,2100,variable,PW
20260811_121452_stage_B_2C_4168a6e9,variable,2101,2101,variable,PW
20260811_121452_stage_B_2C_4168a6e9,variable,2102,2102,variable,PW
20260811_121452_stage_B_2C_4168a6e9,variable,2103,2103,variable,PW
20260811_121452_stage_B_2C_4168a6e9,variable,2104,2104,variable,PH
20260811_121452_stage_B_2C_4168a6e9,variable,2105,2105,variable,PH
20260811_121452_stage_B_2C_4168a6e9,variable,2106,2106,variable,PH
20260811_121452_stage_B_2C_4168a6e9,variable,2107,2107,variable,PH
20260811_121452_stage_B_2C_4168a6e9,variable,2108,2108,variable,PF
20260811_121452_stage_B_2C_4168a6e9,variable,2109,2109,variable,PF
20260811_121452_stage_B_2C_4168a6e9,variable,2110,2110,variable,PF
20260811_121452_stage_B_2C_4168a6e9,variable,2111,2111,variable,PF
20260811_121452_stage_B_2C_4168a6e9,variable,2112,2112,variable,Pch
20260811_121452_stage_B_2C_4168a6e9,variable,2113,2113,variable,Pch
20260811_121452_stage_B_2C_4168a6e9,variable,2114,2114,variable,Pdis
20260811_121452_stage_B_2C_4168a6e9,variable,2115,2115,variable,Pdis
20260811_121452_stage_B_2C_4168a6e9,variable,2116,2116,variable,SOC
20260811_121452_stage_B_2C_4168a6e9,variable,2117,2117,variable,SOC
20260811_121452_stage_B_2C_4168a6e9,variable,2118,2118,variable,PW
20260811_121452_stage_B_2C_4168a6e9,variable,2119,2119,variable,PW
20260811_121452_stage_B_2C_4168a6e9,variable,2120,2120,variable,PW
20260811_121452_stage_B_2C_4168a6e9,variable,2121,2121,variable,PW
20260811_121452_stage_B_2C_4168a6e9,variable,2122,2122,variable,PW
20260811_121452_stage_B_2C_4168a6e9,variable,2123,2123,variable,PH
20260811_121452_stage_B_2C_4168a6e9,variable,2124,2124,variable,PH
20260811_121452_stage_B_2C_4168a6e9,variable,2125,2125,variable,PH
20260811_121452_stage_B_2C_4168a6e9,variable,2126,2126,variable,PH
20260811_121452_stage_B_2C_4168a6e9,variable,2127,2127,variable,PF
20260811_121452_stage_B_2C_4168a6e9,variable,2128,2128,variable,PF
20260811_121452_stage_B_2C_4168a6e9,variable,2129,2129,variable,PF
20260811_121452_stage_B_2C_4168a6e9,variable,2130,2130,variable,PF
20260811_121452_stage_B_2C_4168a6e9,variable,2131,2131,variable,Pch
20260811_121452_stage_B_2C_4168a6e9,variable,2132,2132,variable,Pch
20260811_121452_stage_B_2C_4168a6e9,variable,2133,2133,variable,Pdis
20260811_121452_stage_B_2C_4168a6e9,variable,2134,2134,variable,Pdis
20260811_121452_stage_B_2C_4168a6e9,variable,2135,2135,variable,SOC
20260811_121452_stage_B_2C_4168a6e9,variable,2136,2136,variable,SOC
20260811_121452_stage_B_2C_4168a6e9,variable,2137,2137,variable,PW
20260811_121452_stage_B_2C_4168a6e9,variable,2138,2138,variable,PW
20260811_121452_stage_B_2C_4168a6e9,variable,2139,2139,variable,PW
20260811_121452_stage_B_2C_4168a6e9,variable,2140,2140,variable,PW
20260811_121452_stage_B_2C_4168a6e9,variable,2141,2141,variable,PW
20260811_121452_stage_B_2C_4168a6e9,variable,2142,2142,variable,PH
20260811_121452_stage_B_2C_4168a6e9,variable,2143,2143,variable,PH
20260811_121452_stage_B_2C_4168a6e9,variable,2144,2144,variable,PH
20260811_121452_stage_B_2C_4168a6e9,variable,2145,2145,variable,PH
20260811_121452_stage_B_2C_4168a6e9,variable,2146,2146,variable,PF
20260811_121452_stage_B_2C_4168a6e9,variable,2147,2147,variable,PF
20260811_121452_stage_B_2C_4168a6e9,variable,2148,2148,variable,PF
20260811_121452_stage_B_2C_4168a6e9,variable,2149,2149,variable,PF
20260811_121452_stage_B_2C_4168a6e9,variable,2150,2150,variable,Pch
20260811_121452_stage_B_2C_4168a6e9,variable,2151,2151,variable,Pch
20260811_121452_stage_B_2C_4168a6e9,variable,2152,2152,variable,Pdis
20260811_121452_stage_B_2C_4168a6e9,variable,2153,2153,variable,Pdis
20260811_121452_stage_B_2C_4168a6e9,variable,2154,2154,variable,SOC
20260811_121452_stage_B_2C_4168a6e9,variable,2155,2155,variable,SOC
20260811_121452_stage_B_2C_4168a6e9,variable,2156,2156,variable,PW
20260811_121452_stage_B_2C_4168a6e9,variable,2157,2157,variable,PW
20260811_121452_stage_B_2C_4168a6e9,variable,2158,2158,variable,PW
20260811_121452_stage_B_2C_4168a6e9,variable,2159,2159,variable,PW
20260811_121452_stage_B_2C_4168a6e9,variable,2160,2160,variable,PW
20260811_121452_stage_B_2C_4168a6e9,variable,2161,2161,variable,PH
20260811_121452_stage_B_2C_4168a6e9,variable,2162,2162,variable,PH
20260811_121452_stage_B_2C_4168a6e9,variable,2163,2163,variable,PH
20260811_121452_stage_B_2C_4168a6e9,variable,2164,2164,variable,PH
20260811_121452_stage_B_2C_4168a6e9,variable,2165,2165,variable,PF
20260811_121452_stage_B_2C_4168a6e9,variable,2166,2166,variable,PF
20260811_121452_stage_B_2C_4168a6e9,variable,2167,2167,variable,PF
20260811_121452_stage_B_2C_4168a6e9,variable,2168,2168,variable,PF
20260811_121452_stage_B_2C_4168a6e9,variable,2169,2169,variable,Pch
20260811_121452_stage_B_2C_4168a6e9,variable,2170,2170,variable,Pch
20260811_121452_stage_B_2C_4168a6e9,variable,2171,2171,variable,Pdis
20260811_121452_stage_B_2C_4168a6e9,variable,2172,2172,variable,Pdis
20260811_121452_stage_B_2C_4168a6e9,variable,2173,2173,variable,SOC
20260811_121452_stage_B_2C_4168a6e9,variable,2174,2174,variable,SOC
20260811_121452_stage_B_2C_4168a6e9,variable,2175,2175,variable,PW
20260811_121452_stage_B_2C_4168a6e9,variable,2176,2176,variable,PW
20260811_121452_stage_B_2C_4168a6e9,variable,2177,2177,variable,PW
20260811_121452_stage_B_2C_4168a6e9,variable,2178,2178,variable,PW
20260811_121452_stage_B_2C_4168a6e9,variable,2179,2179,variable,PW
20260811_121452_stage_B_2C_4168a6e9,variable,2180,2180,variable,PH
20260811_121452_stage_B_2C_4168a6e9,variable,2181,2181,variable,PH
20260811_121452_stage_B_2C_4168a6e9,variable,2182,2182,variable,PH
20260811_121452_stage_B_2C_4168a6e9,variable,2183,2183,variable,PH
20260811_121452_stage_B_2C_4168a6e9,variable,2184,2184,variable,PF
20260811_121452_stage_B_2C_4168a6e9,variable,2185,2185,variable,PF
20260811_121452_stage_B_2C_4168a6e9,variable,2186,2186,variable,PF
20260811_121452_stage_B_2C_4168a6e9,variable,2187,2187,variable,PF
20260811_121452_stage_B_2C_4168a6e9,variable,2188,2188,variable,Pch
20260811_121452_stage_B_2C_4168a6e9,variable,2189,2189,variable,Pch
20260811_121452_stage_B_2C_4168a6e9,variable,2190,2190,variable,Pdis
20260811_121452_stage_B_2C_4168a6e9,variable,2191,2191,variable,Pdis
20260811_121452_stage_B_2C_4168a6e9,variable,2192,2192,variable,SOC
20260811_121452_stage_B_2C_4168a6e9,variable,2193,2193,variable,SOC
20260811_121452_stage_B_2C_4168a6e9,variable,2194,2194,variable,PW
20260811_121452_stage_B_2C_4168a6e9,variable,2195,2195,variable,PW
20260811_121452_stage_B_2C_4168a6e9,variable,2196,2196,variable,PW
20260811_121452_stage_B_2C_4168a6e9,variable,2197,2197,variable,PW
20260811_121452_stage_B_2C_4168a6e9,variable,2198,2198,variable,PW
20260811_121452_stage_B_2C_4168a6e9,variable,2199,2199,variable,PH
20260811_121452_stage_B_2C_4168a6e9,variable,2200,2200,variable,PH
20260811_121452_stage_B_2C_4168a6e9,variable,2201,2201,variable,PH
20260811_121452_stage_B_2C_4168a6e9,variable,2202,2202,variable,PH
20260811_121452_stage_B_2C_4168a6e9,variable,2203,2203,variable,PF
20260811_121452_stage_B_2C_4168a6e9,variable,2204,2204,variable,PF
20260811_121452_stage_B_2C_4168a6e9,variable,2205,2205,variable,PF
20260811_121452_stage_B_2C_4168a6e9,variable,2206,2206,variable,PF
20260811_121452_stage_B_2C_4168a6e9,variable,2207,2207,variable,Pch
20260811_121452_stage_B_2C_4168a6e9,variable,2208,2208,variable,Pch
20260811_121452_stage_B_2C_4168a6e9,variable,2209,2209,variable,Pdis
20260811_121452_stage_B_2C_4168a6e9,variable,2210,2210,variable,Pdis
20260811_121452_stage_B_2C_4168a6e9,variable,2211,2211,variable,SOC
20260811_121452_stage_B_2C_4168a6e9,variable,2212,2212,variable,SOC
20260811_121452_stage_B_2C_4168a6e9,variable,2213,2213,variable,PW
20260811_121452_stage_B_2C_4168a6e9,variable,2214,2214,variable,PW
20260811_121452_stage_B_2C_4168a6e9,variable,2215,2215,variable,PW
20260811_121452_stage_B_2C_4168a6e9,variable,2216,2216,variable,PW
20260811_121452_stage_B_2C_4168a6e9,variable,2217,2217,variable,PW
20260811_121452_stage_B_2C_4168a6e9,variable,2218,2218,variable,PH
20260811_121452_stage_B_2C_4168a6e9,variable,2219,2219,variable,PH
20260811_121452_stage_B_2C_4168a6e9,variable,2220,2220,variable,PH
20260811_121452_stage_B_2C_4168a6e9,variable,2221,2221,variable,PH
20260811_121452_stage_B_2C_4168a6e9,variable,2222,2222,variable,PF
20260811_121452_stage_B_2C_4168a6e9,variable,2223,2223,variable,PF
20260811_121452_stage_B_2C_4168a6e9,variable,2224,2224,variable,PF
20260811_121452_stage_B_2C_4168a6e9,variable,2225,2225,variable,PF
20260811_121452_stage_B_2C_4168a6e9,variable,2226,2226,variable,Pch
20260811_121452_stage_B_2C_4168a6e9,variable,2227,2227,variable,Pch
20260811_121452_stage_B_2C_4168a6e9,variable,2228,2228,variable,Pdis
20260811_121452_stage_B_2C_4168a6e9,variable,2229,2229,variable,Pdis
20260811_121452_stage_B_2C_4168a6e9,variable,2230,2230,variable,SOC
20260811_121452_stage_B_2C_4168a6e9,variable,2231,2231,variable,SOC
20260811_121452_stage_B_2C_4168a6e9,variable,2232,2232,variable,PW
20260811_121452_stage_B_2C_4168a6e9,variable,2233,2233,variable,PW
20260811_121452_stage_B_2C_4168a6e9,variable,2234,2234,variable,PW
20260811_121452_stage_B_2C_4168a6e9,variable,2235,2235,variable,PW
20260811_121452_stage_B_2C_4168a6e9,variable,2236,2236,variable,PW
20260811_121452_stage_B_2C_4168a6e9,variable,2237,2237,variable,PH
20260811_121452_stage_B_2C_4168a6e9,variable,2238,2238,variable,PH
20260811_121452_stage_B_2C_4168a6e9,variable,2239,2239,variable,PH
20260811_121452_stage_B_2C_4168a6e9,variable,2240,2240,variable,PH
20260811_121452_stage_B_2C_4168a6e9,variable,2241,2241,variable,PF
20260811_121452_stage_B_2C_4168a6e9,variable,2242,2242,variable,PF
20260811_121452_stage_B_2C_4168a6e9,variable,2243,2243,variable,PF
20260811_121452_stage_B_2C_4168a6e9,variable,2244,2244,variable,PF
20260811_121452_stage_B_2C_4168a6e9,variable,2245,2245,variable,Pch
20260811_121452_stage_B_2C_4168a6e9,variable,2246,2246,variable,Pch
20260811_121452_stage_B_2C_4168a6e9,variable,2247,2247,variable,Pdis
20260811_121452_stage_B_2C_4168a6e9,variable,2248,2248,variable,Pdis
20260811_121452_stage_B_2C_4168a6e9,variable,2249,2249,variable,SOC
20260811_121452_stage_B_2C_4168a6e9,variable,2250,2250,variable,SOC
20260811_121452_stage_B_2C_4168a6e9,variable,2251,2251,variable,PW
20260811_121452_stage_B_2C_4168a6e9,variable,2252,2252,variable,PW
20260811_121452_stage_B_2C_4168a6e9,variable,2253,2253,variable,PW
20260811_121452_stage_B_2C_4168a6e9,variable,2254,2254,variable,PW
20260811_121452_stage_B_2C_4168a6e9,variable,2255,2255,variable,PW
20260811_121452_stage_B_2C_4168a6e9,variable,2256,2256,variable,PH
20260811_121452_stage_B_2C_4168a6e9,variable,2257,2257,variable,PH
20260811_121452_stage_B_2C_4168a6e9,variable,2258,2258,variable,PH
20260811_121452_stage_B_2C_4168a6e9,variable,2259,2259,variable,PH
20260811_121452_stage_B_2C_4168a6e9,variable,2260,2260,variable,PF
20260811_121452_stage_B_2C_4168a6e9,variable,2261,2261,variable,PF
20260811_121452_stage_B_2C_4168a6e9,variable,2262,2262,variable,PF
20260811_121452_stage_B_2C_4168a6e9,variable,2263,2263,variable,PF
20260811_121452_stage_B_2C_4168a6e9,variable,2264,2264,variable,Pch
20260811_121452_stage_B_2C_4168a6e9,variable,2265,2265,variable,Pch
20260811_121452_stage_B_2C_4168a6e9,variable,2266,2266,variable,Pdis
20260811_121452_stage_B_2C_4168a6e9,variable,2267,2267,variable,Pdis
20260811_121452_stage_B_2C_4168a6e9,variable,2268,2268,variable,SOC
20260811_121452_stage_B_2C_4168a6e9,variable,2269,2269,variable,SOC
20260811_121452_stage_B_2C_4168a6e9,variable,2270,2270,variable,PW
20260811_121452_stage_B_2C_4168a6e9,variable,2271,2271,variable,PW
20260811_121452_stage_B_2C_4168a6e9,variable,2272,2272,variable,PW
20260811_121452_stage_B_2C_4168a6e9,variable,2273,2273,variable,PW
20260811_121452_stage_B_2C_4168a6e9,variable,2274,2274,variable,PW
20260811_121452_stage_B_2C_4168a6e9,variable,2275,2275,variable,PH
20260811_121452_stage_B_2C_4168a6e9,variable,2276,2276,variable,PH
20260811_121452_stage_B_2C_4168a6e9,variable,2277,2277,variable,PH
20260811_121452_stage_B_2C_4168a6e9,variable,2278,2278,variable,PH
20260811_121452_stage_B_2C_4168a6e9,variable,2279,2279,variable,PF
20260811_121452_stage_B_2C_4168a6e9,variable,2280,2280,variable,PF
20260811_121452_stage_B_2C_4168a6e9,variable,2281,2281,variable,PF
20260811_121452_stage_B_2C_4168a6e9,variable,2282,2282,variable,PF
20260811_121452_stage_B_2C_4168a6e9,variable,2283,2283,variable,Pch
20260811_121452_stage_B_2C_4168a6e9,variable,2284,2284,variable,Pch
20260811_121452_stage_B_2C_4168a6e9,variable,2285,2285,variable,Pdis
20260811_121452_stage_B_2C_4168a6e9,variable,2286,2286,variable,Pdis
20260811_121452_stage_B_2C_4168a6e9,variable,2287,2287,variable,SOC
20260811_121452_stage_B_2C_4168a6e9,variable,2288,2288,variable,SOC
20260811_121452_stage_B_2C_4168a6e9,variable,2289,2289,variable,PW
20260811_121452_stage_B_2C_4168a6e9,variable,2290,2290,variable,PW
20260811_121452_stage_B_2C_4168a6e9,variable,2291,2291,variable,PW
20260811_121452_stage_B_2C_4168a6e9,variable,2292,2292,variable,PW
20260811_121452_stage_B_2C_4168a6e9,variable,2293,2293,variable,PW
20260811_121452_stage_B_2C_4168a6e9,variable,2294,2294,variable,PH
20260811_121452_stage_B_2C_4168a6e9,variable,2295,2295,variable,PH
20260811_121452_stage_B_2C_4168a6e9,variable,2296,2296,variable,PH
20260811_121452_stage_B_2C_4168a6e9,variable,2297,2297,variable,PH
20260811_121452_stage_B_2C_4168a6e9,variable,2298,2298,variable,PF
20260811_121452_stage_B_2C_4168a6e9,variable,2299,2299,variable,PF
20260811_121452_stage_B_2C_4168a6e9,variable,2300,2300,variable,PF
20260811_121452_stage_B_2C_4168a6e9,variable,2301,2301,variable,PF
20260811_121452_stage_B_2C_4168a6e9,variable,2302,2302,variable,Pch
20260811_121452_stage_B_2C_4168a6e9,variable,2303,2303,variable,Pch
20260811_121452_stage_B_2C_4168a6e9,variable,2304,2304,variable,Pdis
20260811_121452_stage_B_2C_4168a6e9,variable,2305,2305,variable,Pdis
20260811_121452_stage_B_2C_4168a6e9,variable,2306,2306,variable,SOC
20260811_121452_stage_B_2C_4168a6e9,variable,2307,2307,variable,SOC
20260811_121452_stage_B_2C_4168a6e9,variable,2308,2308,variable,PW
20260811_121452_stage_B_2C_4168a6e9,variable,2309,2309,variable,PW
20260811_121452_stage_B_2C_4168a6e9,variable,2310,2310,variable,PW
20260811_121452_stage_B_2C_4168a6e9,variable,2311,2311,variable,PW
20260811_121452_stage_B_2C_4168a6e9,variable,2312,2312,variable,PW
20260811_121452_stage_B_2C_4168a6e9,variable,2313,2313,variable,PP
20260811_121452_stage_B_2C_4168a6e9,variable,2314,2314,variable,PP
20260811_121452_stage_B_2C_4168a6e9,variable,2315,2315,variable,PP
20260811_121452_stage_B_2C_4168a6e9,variable,2316,2316,variable,PP
20260811_121452_stage_B_2C_4168a6e9,variable,2317,2317,variable,PP
20260811_121452_stage_B_2C_4168a6e9,variable,2318,2318,variable,PH
20260811_121452_stage_B_2C_4168a6e9,variable,2319,2319,variable,PH
20260811_121452_stage_B_2C_4168a6e9,variable,2320,2320,variable,PH
20260811_121452_stage_B_2C_4168a6e9,variable,2321,2321,variable,PH
20260811_121452_stage_B_2C_4168a6e9,variable,2322,2322,variable,PF
20260811_121452_stage_B_2C_4168a6e9,variable,2323,2323,variable,PF
20260811_121452_stage_B_2C_4168a6e9,variable,2324,2324,variable,PF
20260811_121452_stage_B_2C_4168a6e9,variable,2325,2325,variable,PF
20260811_121452_stage_B_2C_4168a6e9,variable,2326,2326,variable,Pch
20260811_121452_stage_B_2C_4168a6e9,variable,2327,2327,variable,Pch
20260811_121452_stage_B_2C_4168a6e9,variable,2328,2328,variable,Pdis
20260811_121452_stage_B_2C_4168a6e9,variable,2329,2329,variable,Pdis
20260811_121452_stage_B_2C_4168a6e9,variable,2330,2330,variable,SOC
20260811_121452_stage_B_2C_4168a6e9,variable,2331,2331,variable,SOC
20260811_121452_stage_B_2C_4168a6e9,variable,2332,2332,variable,PW
20260811_121452_stage_B_2C_4168a6e9,variable,2333,2333,variable,PW
20260811_121452_stage_B_2C_4168a6e9,variable,2334,2334,variable,PW
20260811_121452_stage_B_2C_4168a6e9,variable,2335,2335,variable,PW
20260811_121452_stage_B_2C_4168a6e9,variable,2336,2336,variable,PW
20260811_121452_stage_B_2C_4168a6e9,variable,2337,2337,variable,PP
20260811_121452_stage_B_2C_4168a6e9,variable,2338,2338,variable,PP
20260811_121452_stage_B_2C_4168a6e9,variable,2339,2339,variable,PP
20260811_121452_stage_B_2C_4168a6e9,variable,2340,2340,variable,PP
20260811_121452_stage_B_2C_4168a6e9,variable,2341,2341,variable,PP
20260811_121452_stage_B_2C_4168a6e9,variable,2342,2342,variable,PH
20260811_121452_stage_B_2C_4168a6e9,variable,2343,2343,variable,PH
20260811_121452_stage_B_2C_4168a6e9,variable,2344,2344,variable,PH
20260811_121452_stage_B_2C_4168a6e9,variable,2345,2345,variable,PH
20260811_121452_stage_B_2C_4168a6e9,variable,2346,2346,variable,PF
20260811_121452_stage_B_2C_4168a6e9,variable,2347,2347,variable,PF
20260811_121452_stage_B_2C_4168a6e9,variable,2348,2348,variable,PF
20260811_121452_stage_B_2C_4168a6e9,variable,2349,2349,variable,PF
20260811_121452_stage_B_2C_4168a6e9,variable,2350,2350,variable,Pch
20260811_121452_stage_B_2C_4168a6e9,variable,2351,2351,variable,Pch
20260811_121452_stage_B_2C_4168a6e9,variable,2352,2352,variable,Pdis
20260811_121452_stage_B_2C_4168a6e9,variable,2353,2353,variable,Pdis
20260811_121452_stage_B_2C_4168a6e9,variable,2354,2354,variable,SOC
20260811_121452_stage_B_2C_4168a6e9,variable,2355,2355,variable,SOC
20260811_121452_stage_B_2C_4168a6e9,variable,2356,2356,variable,PW
20260811_121452_stage_B_2C_4168a6e9,variable,2357,2357,variable,PW
20260811_121452_stage_B_2C_4168a6e9,variable,2358,2358,variable,PW
20260811_121452_stage_B_2C_4168a6e9,variable,2359,2359,variable,PW
20260811_121452_stage_B_2C_4168a6e9,variable,2360,2360,variable,PW
20260811_121452_stage_B_2C_4168a6e9,variable,2361,2361,variable,PP
20260811_121452_stage_B_2C_4168a6e9,variable,2362,2362,variable,PP
20260811_121452_stage_B_2C_4168a6e9,variable,2363,2363,variable,PP
20260811_121452_stage_B_2C_4168a6e9,variable,2364,2364,variable,PP
20260811_121452_stage_B_2C_4168a6e9,variable,2365,2365,variable,PP
20260811_121452_stage_B_2C_4168a6e9,variable,2366,2366,variable,PH
20260811_121452_stage_B_2C_4168a6e9,variable,2367,2367,variable,PH
20260811_121452_stage_B_2C_4168a6e9,variable,2368,2368,variable,PH
20260811_121452_stage_B_2C_4168a6e9,variable,2369,2369,variable,PH
20260811_121452_stage_B_2C_4168a6e9,variable,2370,2370,variable,PF
20260811_121452_stage_B_2C_4168a6e9,variable,2371,2371,variable,PF
20260811_121452_stage_B_2C_4168a6e9,variable,2372,2372,variable,PF
20260811_121452_stage_B_2C_4168a6e9,variable,2373,2373,variable,PF
20260811_121452_stage_B_2C_4168a6e9,variable,2374,2374,variable,Pch
20260811_121452_stage_B_2C_4168a6e9,variable,2375,2375,variable,Pch
20260811_121452_stage_B_2C_4168a6e9,variable,2376,2376,variable,Pdis
20260811_121452_stage_B_2C_4168a6e9,variable,2377,2377,variable,Pdis
20260811_121452_stage_B_2C_4168a6e9,variable,2378,2378,variable,SOC
20260811_121452_stage_B_2C_4168a6e9,variable,2379,2379,variable,SOC
20260811_121452_stage_B_2C_4168a6e9,variable,2380,2380,variable,PW
20260811_121452_stage_B_2C_4168a6e9,variable,2381,2381,variable,PW
20260811_121452_stage_B_2C_4168a6e9,variable,2382,2382,variable,PW
20260811_121452_stage_B_2C_4168a6e9,variable,2383,2383,variable,PW
20260811_121452_stage_B_2C_4168a6e9,variable,2384,2384,variable,PW
20260811_121452_stage_B_2C_4168a6e9,variable,2385,2385,variable,PP
20260811_121452_stage_B_2C_4168a6e9,variable,2386,2386,variable,PP
20260811_121452_stage_B_2C_4168a6e9,variable,2387,2387,variable,PP
20260811_121452_stage_B_2C_4168a6e9,variable,2388,2388,variable,PP
20260811_121452_stage_B_2C_4168a6e9,variable,2389,2389,variable,PP
20260811_121452_stage_B_2C_4168a6e9,variable,2390,2390,variable,PH
20260811_121452_stage_B_2C_4168a6e9,variable,2391,2391,variable,PH
20260811_121452_stage_B_2C_4168a6e9,variable,2392,2392,variable,PH
20260811_121452_stage_B_2C_4168a6e9,variable,2393,2393,variable,PH
20260811_121452_stage_B_2C_4168a6e9,variable,2394,2394,variable,PF
20260811_121452_stage_B_2C_4168a6e9,variable,2395,2395,variable,PF
20260811_121452_stage_B_2C_4168a6e9,variable,2396,2396,variable,PF
20260811_121452_stage_B_2C_4168a6e9,variable,2397,2397,variable,PF
20260811_121452_stage_B_2C_4168a6e9,variable,2398,2398,variable,Pch
20260811_121452_stage_B_2C_4168a6e9,variable,2399,2399,variable,Pch
20260811_121452_stage_B_2C_4168a6e9,variable,2400,2400,variable,Pdis
20260811_121452_stage_B_2C_4168a6e9,variable,2401,2401,variable,Pdis
20260811_121452_stage_B_2C_4168a6e9,variable,2402,2402,variable,SOC
20260811_121452_stage_B_2C_4168a6e9,variable,2403,2403,variable,SOC
20260811_121452_stage_B_2C_4168a6e9,variable,2404,2404,variable,PW
20260811_121452_stage_B_2C_4168a6e9,variable,2405,2405,variable,PW
20260811_121452_stage_B_2C_4168a6e9,variable,2406,2406,variable,PW
20260811_121452_stage_B_2C_4168a6e9,variable,2407,2407,variable,PW
20260811_121452_stage_B_2C_4168a6e9,variable,2408,2408,variable,PW
20260811_121452_stage_B_2C_4168a6e9,variable,2409,2409,variable,PP
20260811_121452_stage_B_2C_4168a6e9,variable,2410,2410,variable,PP
20260811_121452_stage_B_2C_4168a6e9,variable,2411,2411,variable,PP
20260811_121452_stage_B_2C_4168a6e9,variable,2412,2412,variable,PP
20260811_121452_stage_B_2C_4168a6e9,variable,2413,2413,variable,PP
20260811_121452_stage_B_2C_4168a6e9,variable,2414,2414,variable,PH
20260811_121452_stage_B_2C_4168a6e9,variable,2415,2415,variable,PH
20260811_121452_stage_B_2C_4168a6e9,variable,2416,2416,variable,PH
20260811_121452_stage_B_2C_4168a6e9,variable,2417,2417,variable,PH
20260811_121452_stage_B_2C_4168a6e9,variable,2418,2418,variable,PF
20260811_121452_stage_B_2C_4168a6e9,variable,2419,2419,variable,PF
20260811_121452_stage_B_2C_4168a6e9,variable,2420,2420,variable,PF
20260811_121452_stage_B_2C_4168a6e9,variable,2421,2421,variable,PF
20260811_121452_stage_B_2C_4168a6e9,variable,2422,2422,variable,Pch
20260811_121452_stage_B_2C_4168a6e9,variable,2423,2423,variable,Pch
20260811_121452_stage_B_2C_4168a6e9,variable,2424,2424,variable,Pdis
20260811_121452_stage_B_2C_4168a6e9,variable,2425,2425,variable,Pdis
20260811_121452_stage_B_2C_4168a6e9,variable,2426,2426,variable,SOC
20260811_121452_stage_B_2C_4168a6e9,variable,2427,2427,variable,SOC
20260811_121452_stage_B_2C_4168a6e9,variable,2428,2428,variable,PW
20260811_121452_stage_B_2C_4168a6e9,variable,2429,2429,variable,PW
20260811_121452_stage_B_2C_4168a6e9,variable,2430,2430,variable,PW
20260811_121452_stage_B_2C_4168a6e9,variable,2431,2431,variable,PW
20260811_121452_stage_B_2C_4168a6e9,variable,2432,2432,variable,PW
20260811_121452_stage_B_2C_4168a6e9,variable,2433,2433,variable,PP
20260811_121452_stage_B_2C_4168a6e9,variable,2434,2434,variable,PP
20260811_121452_stage_B_2C_4168a6e9,variable,2435,2435,variable,PP
20260811_121452_stage_B_2C_4168a6e9,variable,2436,2436,variable,PP
20260811_121452_stage_B_2C_4168a6e9,variable,2437,2437,variable,PP
20260811_121452_stage_B_2C_4168a6e9,variable,2438,2438,variable,PH
20260811_121452_stage_B_2C_4168a6e9,variable,2439,2439,variable,PH
20260811_121452_stage_B_2C_4168a6e9,variable,2440,2440,variable,PH
20260811_121452_stage_B_2C_4168a6e9,variable,2441,2441,variable,PH
20260811_121452_stage_B_2C_4168a6e9,variable,2442,2442,variable,PF
20260811_121452_stage_B_2C_4168a6e9,variable,2443,2443,variable,PF
20260811_121452_stage_B_2C_4168a6e9,variable,2444,2444,variable,PF
20260811_121452_stage_B_2C_4168a6e9,variable,2445,2445,variable,PF
20260811_121452_stage_B_2C_4168a6e9,variable,2446,2446,variable,Pch
20260811_121452_stage_B_2C_4168a6e9,variable,2447,2447,variable,Pch
20260811_121452_stage_B_2C_4168a6e9,variable,2448,2448,variable,Pdis
20260811_121452_stage_B_2C_4168a6e9,variable,2449,2449,variable,Pdis
20260811_121452_stage_B_2C_4168a6e9,variable,2450,2450,variable,SOC
20260811_121452_stage_B_2C_4168a6e9,variable,2451,2451,variable,SOC
20260811_121452_stage_B_2C_4168a6e9,variable,2452,2452,variable,PW
20260811_121452_stage_B_2C_4168a6e9,variable,2453,2453,variable,PW
20260811_121452_stage_B_2C_4168a6e9,variable,2454,2454,variable,PW
20260811_121452_stage_B_2C_4168a6e9,variable,2455,2455,variable,PW
20260811_121452_stage_B_2C_4168a6e9,variable,2456,2456,variable,PW
20260811_121452_stage_B_2C_4168a6e9,variable,2457,2457,variable,PP
20260811_121452_stage_B_2C_4168a6e9,variable,2458,2458,variable,PP
20260811_121452_stage_B_2C_4168a6e9,variable,2459,2459,variable,PP
20260811_121452_stage_B_2C_4168a6e9,variable,2460,2460,variable,PP
20260811_121452_stage_B_2C_4168a6e9,variable,2461,2461,variable,PP
20260811_121452_stage_B_2C_4168a6e9,variable,2462,2462,variable,PH
20260811_121452_stage_B_2C_4168a6e9,variable,2463,2463,variable,PH
20260811_121452_stage_B_2C_4168a6e9,variable,2464,2464,variable,PH
20260811_121452_stage_B_2C_4168a6e9,variable,2465,2465,variable,PH
20260811_121452_stage_B_2C_4168a6e9,variable,2466,2466,variable,PF
20260811_121452_stage_B_2C_4168a6e9,variable,2467,2467,variable,PF
20260811_121452_stage_B_2C_4168a6e9,variable,2468,2468,variable,PF
20260811_121452_stage_B_2C_4168a6e9,variable,2469,2469,variable,PF
20260811_121452_stage_B_2C_4168a6e9,variable,2470,2470,variable,Pch
20260811_121452_stage_B_2C_4168a6e9,variable,2471,2471,variable,Pch
20260811_121452_stage_B_2C_4168a6e9,variable,2472,2472,variable,Pdis
20260811_121452_stage_B_2C_4168a6e9,variable,2473,2473,variable,Pdis
20260811_121452_stage_B_2C_4168a6e9,variable,2474,2474,variable,SOC
20260811_121452_stage_B_2C_4168a6e9,variable,2475,2475,variable,SOC
20260811_121452_stage_B_2C_4168a6e9,variable,2476,2476,variable,PW
20260811_121452_stage_B_2C_4168a6e9,variable,2477,2477,variable,PW
20260811_121452_stage_B_2C_4168a6e9,variable,2478,2478,variable,PW
20260811_121452_stage_B_2C_4168a6e9,variable,2479,2479,variable,PW
20260811_121452_stage_B_2C_4168a6e9,variable,2480,2480,variable,PW
20260811_121452_stage_B_2C_4168a6e9,variable,2481,2481,variable,PP
20260811_121452_stage_B_2C_4168a6e9,variable,2482,2482,variable,PP
20260811_121452_stage_B_2C_4168a6e9,variable,2483,2483,variable,PP
20260811_121452_stage_B_2C_4168a6e9,variable,2484,2484,variable,PP
20260811_121452_stage_B_2C_4168a6e9,variable,2485,2485,variable,PP
20260811_121452_stage_B_2C_4168a6e9,variable,2486,2486,variable,PH
20260811_121452_stage_B_2C_4168a6e9,variable,2487,2487,variable,PH
20260811_121452_stage_B_2C_4168a6e9,variable,2488,2488,variable,PH
20260811_121452_stage_B_2C_4168a6e9,variable,2489,2489,variable,PH
20260811_121452_stage_B_2C_4168a6e9,variable,2490,2490,variable,PF
20260811_121452_stage_B_2C_4168a6e9,variable,2491,2491,variable,PF
20260811_121452_stage_B_2C_4168a6e9,variable,2492,2492,variable,PF
20260811_121452_stage_B_2C_4168a6e9,variable,2493,2493,variable,PF
20260811_121452_stage_B_2C_4168a6e9,variable,2494,2494,variable,Pch
20260811_121452_stage_B_2C_4168a6e9,variable,2495,2495,variable,Pch
20260811_121452_stage_B_2C_4168a6e9,variable,2496,2496,variable,Pdis
20260811_121452_stage_B_2C_4168a6e9,variable,2497,2497,variable,Pdis
20260811_121452_stage_B_2C_4168a6e9,variable,2498,2498,variable,SOC
20260811_121452_stage_B_2C_4168a6e9,variable,2499,2499,variable,SOC
20260811_121452_stage_B_2C_4168a6e9,variable,2500,2500,variable,PW
20260811_121452_stage_B_2C_4168a6e9,variable,2501,2501,variable,PW
20260811_121452_stage_B_2C_4168a6e9,variable,2502,2502,variable,PW
20260811_121452_stage_B_2C_4168a6e9,variable,2503,2503,variable,PW
20260811_121452_stage_B_2C_4168a6e9,variable,2504,2504,variable,PW
20260811_121452_stage_B_2C_4168a6e9,variable,2505,2505,variable,PP
20260811_121452_stage_B_2C_4168a6e9,variable,2506,2506,variable,PP
20260811_121452_stage_B_2C_4168a6e9,variable,2507,2507,variable,PP
20260811_121452_stage_B_2C_4168a6e9,variable,2508,2508,variable,PP
20260811_121452_stage_B_2C_4168a6e9,variable,2509,2509,variable,PP
20260811_121452_stage_B_2C_4168a6e9,variable,2510,2510,variable,PH
20260811_121452_stage_B_2C_4168a6e9,variable,2511,2511,variable,PH
20260811_121452_stage_B_2C_4168a6e9,variable,2512,2512,variable,PH
20260811_121452_stage_B_2C_4168a6e9,variable,2513,2513,variable,PH
20260811_121452_stage_B_2C_4168a6e9,variable,2514,2514,variable,PF
20260811_121452_stage_B_2C_4168a6e9,variable,2515,2515,variable,PF
20260811_121452_stage_B_2C_4168a6e9,variable,2516,2516,variable,PF
20260811_121452_stage_B_2C_4168a6e9,variable,2517,2517,variable,PF
20260811_121452_stage_B_2C_4168a6e9,variable,2518,2518,variable,Pch
20260811_121452_stage_B_2C_4168a6e9,variable,2519,2519,variable,Pch
20260811_121452_stage_B_2C_4168a6e9,variable,2520,2520,variable,Pdis
20260811_121452_stage_B_2C_4168a6e9,variable,2521,2521,variable,Pdis
20260811_121452_stage_B_2C_4168a6e9,variable,2522,2522,variable,SOC
20260811_121452_stage_B_2C_4168a6e9,variable,2523,2523,variable,SOC
20260811_121452_stage_B_2C_4168a6e9,variable,2524,2524,variable,PW
20260811_121452_stage_B_2C_4168a6e9,variable,2525,2525,variable,PW
20260811_121452_stage_B_2C_4168a6e9,variable,2526,2526,variable,PW
20260811_121452_stage_B_2C_4168a6e9,variable,2527,2527,variable,PW
20260811_121452_stage_B_2C_4168a6e9,variable,2528,2528,variable,PW
20260811_121452_stage_B_2C_4168a6e9,variable,2529,2529,variable,PP
20260811_121452_stage_B_2C_4168a6e9,variable,2530,2530,variable,PP
20260811_121452_stage_B_2C_4168a6e9,variable,2531,2531,variable,PP
20260811_121452_stage_B_2C_4168a6e9,variable,2532,2532,variable,PP
20260811_121452_stage_B_2C_4168a6e9,variable,2533,2533,variable,PP
20260811_121452_stage_B_2C_4168a6e9,variable,2534,2534,variable,PH
20260811_121452_stage_B_2C_4168a6e9,variable,2535,2535,variable,PH
20260811_121452_stage_B_2C_4168a6e9,variable,2536,2536,variable,PH
20260811_121452_stage_B_2C_4168a6e9,variable,2537,2537,variable,PH
20260811_121452_stage_B_2C_4168a6e9,variable,2538,2538,variable,PF
20260811_121452_stage_B_2C_4168a6e9,variable,2539,2539,variable,PF
20260811_121452_stage_B_2C_4168a6e9,variable,2540,2540,variable,PF
20260811_121452_stage_B_2C_4168a6e9,variable,2541,2541,variable,PF
20260811_121452_stage_B_2C_4168a6e9,variable,2542,2542,variable,Pch
20260811_121452_stage_B_2C_4168a6e9,variable,2543,2543,variable,Pch
20260811_121452_stage_B_2C_4168a6e9,variable,2544,2544,variable,Pdis
20260811_121452_stage_B_2C_4168a6e9,variable,2545,2545,variable,Pdis
20260811_121452_stage_B_2C_4168a6e9,variable,2546,2546,variable,SOC
20260811_121452_stage_B_2C_4168a6e9,variable,2547,2547,variable,SOC
20260811_121452_stage_B_2C_4168a6e9,variable,2548,2548,variable,PW
20260811_121452_stage_B_2C_4168a6e9,variable,2549,2549,variable,PW
20260811_121452_stage_B_2C_4168a6e9,variable,2550,2550,variable,PW
20260811_121452_stage_B_2C_4168a6e9,variable,2551,2551,variable,PW
20260811_121452_stage_B_2C_4168a6e9,variable,2552,2552,variable,PW
20260811_121452_stage_B_2C_4168a6e9,variable,2553,2553,variable,PP
20260811_121452_stage_B_2C_4168a6e9,variable,2554,2554,variable,PP
20260811_121452_stage_B_2C_4168a6e9,variable,2555,2555,variable,PP
20260811_121452_stage_B_2C_4168a6e9,variable,2556,2556,variable,PP
20260811_121452_stage_B_2C_4168a6e9,variable,2557,2557,variable,PP
20260811_121452_stage_B_2C_4168a6e9,variable,2558,2558,variable,PH
20260811_121452_stage_B_2C_4168a6e9,variable,2559,2559,variable,PH
20260811_121452_stage_B_2C_4168a6e9,variable,2560,2560,variable,PH
20260811_121452_stage_B_2C_4168a6e9,variable,2561,2561,variable,PH
20260811_121452_stage_B_2C_4168a6e9,variable,2562,2562,variable,PF
20260811_121452_stage_B_2C_4168a6e9,variable,2563,2563,variable,PF
20260811_121452_stage_B_2C_4168a6e9,variable,2564,2564,variable,PF
20260811_121452_stage_B_2C_4168a6e9,variable,2565,2565,variable,PF
20260811_121452_stage_B_2C_4168a6e9,variable,2566,2566,variable,Pch
20260811_121452_stage_B_2C_4168a6e9,variable,2567,2567,variable,Pch
20260811_121452_stage_B_2C_4168a6e9,variable,2568,2568,variable,Pdis
20260811_121452_stage_B_2C_4168a6e9,variable,2569,2569,variable,Pdis
20260811_121452_stage_B_2C_4168a6e9,variable,2570,2570,variable,SOC
20260811_121452_stage_B_2C_4168a6e9,variable,2571,2571,variable,SOC
20260811_121452_stage_B_2C_4168a6e9,variable,2572,2572,variable,PW
20260811_121452_stage_B_2C_4168a6e9,variable,2573,2573,variable,PW
20260811_121452_stage_B_2C_4168a6e9,variable,2574,2574,variable,PW
20260811_121452_stage_B_2C_4168a6e9,variable,2575,2575,variable,PW
20260811_121452_stage_B_2C_4168a6e9,variable,2576,2576,variable,PW
20260811_121452_stage_B_2C_4168a6e9,variable,2577,2577,variable,PP
20260811_121452_stage_B_2C_4168a6e9,variable,2578,2578,variable,PP
20260811_121452_stage_B_2C_4168a6e9,variable,2579,2579,variable,PP
20260811_121452_stage_B_2C_4168a6e9,variable,2580,2580,variable,PP
20260811_121452_stage_B_2C_4168a6e9,variable,2581,2581,variable,PP
20260811_121452_stage_B_2C_4168a6e9,variable,2582,2582,variable,PH
20260811_121452_stage_B_2C_4168a6e9,variable,2583,2583,variable,PH
20260811_121452_stage_B_2C_4168a6e9,variable,2584,2584,variable,PH
20260811_121452_stage_B_2C_4168a6e9,variable,2585,2585,variable,PH
20260811_121452_stage_B_2C_4168a6e9,variable,2586,2586,variable,PF
20260811_121452_stage_B_2C_4168a6e9,variable,2587,2587,variable,PF
20260811_121452_stage_B_2C_4168a6e9,variable,2588,2588,variable,PF
20260811_121452_stage_B_2C_4168a6e9,variable,2589,2589,variable,PF
20260811_121452_stage_B_2C_4168a6e9,variable,2590,2590,variable,Pch
20260811_121452_stage_B_2C_4168a6e9,variable,2591,2591,variable,Pch
20260811_121452_stage_B_2C_4168a6e9,variable,2592,2592,variable,Pdis
20260811_121452_stage_B_2C_4168a6e9,variable,2593,2593,variable,Pdis
20260811_121452_stage_B_2C_4168a6e9,variable,2594,2594,variable,SOC
20260811_121452_stage_B_2C_4168a6e9,variable,2595,2595,variable,SOC
20260811_121452_stage_B_2C_4168a6e9,variable,2596,2596,variable,PW
20260811_121452_stage_B_2C_4168a6e9,variable,2597,2597,variable,PW
20260811_121452_stage_B_2C_4168a6e9,variable,2598,2598,variable,PW
20260811_121452_stage_B_2C_4168a6e9,variable,2599,2599,variable,PW
20260811_121452_stage_B_2C_4168a6e9,variable,2600,2600,variable,PW
20260811_121452_stage_B_2C_4168a6e9,variable,2601,2601,variable,PH
20260811_121452_stage_B_2C_4168a6e9,variable,2602,2602,variable,PH
20260811_121452_stage_B_2C_4168a6e9,variable,2603,2603,variable,PH
20260811_121452_stage_B_2C_4168a6e9,variable,2604,2604,variable,PH
20260811_121452_stage_B_2C_4168a6e9,variable,2605,2605,variable,PF
20260811_121452_stage_B_2C_4168a6e9,variable,2606,2606,variable,PF
20260811_121452_stage_B_2C_4168a6e9,variable,2607,2607,variable,PF
20260811_121452_stage_B_2C_4168a6e9,variable,2608,2608,variable,PF
20260811_121452_stage_B_2C_4168a6e9,variable,2609,2609,variable,Pch
20260811_121452_stage_B_2C_4168a6e9,variable,2610,2610,variable,Pch
20260811_121452_stage_B_2C_4168a6e9,variable,2611,2611,variable,Pdis
20260811_121452_stage_B_2C_4168a6e9,variable,2612,2612,variable,Pdis
20260811_121452_stage_B_2C_4168a6e9,variable,2613,2613,variable,SOC
20260811_121452_stage_B_2C_4168a6e9,variable,2614,2614,variable,SOC
20260811_121452_stage_B_2C_4168a6e9,variable,2615,2615,variable,PW
20260811_121452_stage_B_2C_4168a6e9,variable,2616,2616,variable,PW
20260811_121452_stage_B_2C_4168a6e9,variable,2617,2617,variable,PW
20260811_121452_stage_B_2C_4168a6e9,variable,2618,2618,variable,PW
20260811_121452_stage_B_2C_4168a6e9,variable,2619,2619,variable,PW
20260811_121452_stage_B_2C_4168a6e9,variable,2620,2620,variable,PH
20260811_121452_stage_B_2C_4168a6e9,variable,2621,2621,variable,PH
20260811_121452_stage_B_2C_4168a6e9,variable,2622,2622,variable,PH
20260811_121452_stage_B_2C_4168a6e9,variable,2623,2623,variable,PH
20260811_121452_stage_B_2C_4168a6e9,variable,2624,2624,variable,PF
20260811_121452_stage_B_2C_4168a6e9,variable,2625,2625,variable,PF
20260811_121452_stage_B_2C_4168a6e9,variable,2626,2626,variable,PF
20260811_121452_stage_B_2C_4168a6e9,variable,2627,2627,variable,PF
20260811_121452_stage_B_2C_4168a6e9,variable,2628,2628,variable,Pch
20260811_121452_stage_B_2C_4168a6e9,variable,2629,2629,variable,Pch
20260811_121452_stage_B_2C_4168a6e9,variable,2630,2630,variable,Pdis
20260811_121452_stage_B_2C_4168a6e9,variable,2631,2631,variable,Pdis
20260811_121452_stage_B_2C_4168a6e9,variable,2632,2632,variable,SOC
20260811_121452_stage_B_2C_4168a6e9,variable,2633,2633,variable,SOC
20260811_121452_stage_B_2C_4168a6e9,variable,2634,2634,variable,PW
20260811_121452_stage_B_2C_4168a6e9,variable,2635,2635,variable,PW
20260811_121452_stage_B_2C_4168a6e9,variable,2636,2636,variable,PW
20260811_121452_stage_B_2C_4168a6e9,variable,2637,2637,variable,PW
20260811_121452_stage_B_2C_4168a6e9,variable,2638,2638,variable,PW
20260811_121452_stage_B_2C_4168a6e9,variable,2639,2639,variable,PH
20260811_121452_stage_B_2C_4168a6e9,variable,2640,2640,variable,PH
20260811_121452_stage_B_2C_4168a6e9,variable,2641,2641,variable,PH
20260811_121452_stage_B_2C_4168a6e9,variable,2642,2642,variable,PH
20260811_121452_stage_B_2C_4168a6e9,variable,2643,2643,variable,PF
20260811_121452_stage_B_2C_4168a6e9,variable,2644,2644,variable,PF
20260811_121452_stage_B_2C_4168a6e9,variable,2645,2645,variable,PF
20260811_121452_stage_B_2C_4168a6e9,variable,2646,2646,variable,PF
20260811_121452_stage_B_2C_4168a6e9,variable,2647,2647,variable,Pch
20260811_121452_stage_B_2C_4168a6e9,variable,2648,2648,variable,Pch
20260811_121452_stage_B_2C_4168a6e9,variable,2649,2649,variable,Pdis
20260811_121452_stage_B_2C_4168a6e9,variable,2650,2650,variable,Pdis
20260811_121452_stage_B_2C_4168a6e9,variable,2651,2651,variable,SOC
20260811_121452_stage_B_2C_4168a6e9,variable,2652,2652,variable,SOC
20260811_121452_stage_B_2C_4168a6e9,variable,2653,2653,variable,PW
20260811_121452_stage_B_2C_4168a6e9,variable,2654,2654,variable,PW
20260811_121452_stage_B_2C_4168a6e9,variable,2655,2655,variable,PW
20260811_121452_stage_B_2C_4168a6e9,variable,2656,2656,variable,PW
20260811_121452_stage_B_2C_4168a6e9,variable,2657,2657,variable,PW
20260811_121452_stage_B_2C_4168a6e9,variable,2658,2658,variable,PH
20260811_121452_stage_B_2C_4168a6e9,variable,2659,2659,variable,PH
20260811_121452_stage_B_2C_4168a6e9,variable,2660,2660,variable,PH
20260811_121452_stage_B_2C_4168a6e9,variable,2661,2661,variable,PH
20260811_121452_stage_B_2C_4168a6e9,variable,2662,2662,variable,PF
20260811_121452_stage_B_2C_4168a6e9,variable,2663,2663,variable,PF
20260811_121452_stage_B_2C_4168a6e9,variable,2664,2664,variable,PF
20260811_121452_stage_B_2C_4168a6e9,variable,2665,2665,variable,PF
20260811_121452_stage_B_2C_4168a6e9,variable,2666,2666,variable,Pch
20260811_121452_stage_B_2C_4168a6e9,variable,2667,2667,variable,Pch
20260811_121452_stage_B_2C_4168a6e9,variable,2668,2668,variable,Pdis
20260811_121452_stage_B_2C_4168a6e9,variable,2669,2669,variable,Pdis
20260811_121452_stage_B_2C_4168a6e9,variable,2670,2670,variable,SOC
20260811_121452_stage_B_2C_4168a6e9,variable,2671,2671,variable,SOC
20260811_121452_stage_B_2C_4168a6e9,variable,2672,2672,variable,PW
20260811_121452_stage_B_2C_4168a6e9,variable,2673,2673,variable,PW
20260811_121452_stage_B_2C_4168a6e9,variable,2674,2674,variable,PW
20260811_121452_stage_B_2C_4168a6e9,variable,2675,2675,variable,PW
20260811_121452_stage_B_2C_4168a6e9,variable,2676,2676,variable,PW
20260811_121452_stage_B_2C_4168a6e9,variable,2677,2677,variable,PH
20260811_121452_stage_B_2C_4168a6e9,variable,2678,2678,variable,PH
20260811_121452_stage_B_2C_4168a6e9,variable,2679,2679,variable,PH
20260811_121452_stage_B_2C_4168a6e9,variable,2680,2680,variable,PH
20260811_121452_stage_B_2C_4168a6e9,variable,2681,2681,variable,PF
20260811_121452_stage_B_2C_4168a6e9,variable,2682,2682,variable,PF
20260811_121452_stage_B_2C_4168a6e9,variable,2683,2683,variable,PF
20260811_121452_stage_B_2C_4168a6e9,variable,2684,2684,variable,PF
20260811_121452_stage_B_2C_4168a6e9,variable,2685,2685,variable,Pch
20260811_121452_stage_B_2C_4168a6e9,variable,2686,2686,variable,Pch
20260811_121452_stage_B_2C_4168a6e9,variable,2687,2687,variable,Pdis
20260811_121452_stage_B_2C_4168a6e9,variable,2688,2688,variable,Pdis
20260811_121452_stage_B_2C_4168a6e9,variable,2689,2689,variable,SOC
20260811_121452_stage_B_2C_4168a6e9,variable,2690,2690,variable,SOC
20260811_121452_stage_B_2C_4168a6e9,variable,2691,2691,variable,PW
20260811_121452_stage_B_2C_4168a6e9,variable,2692,2692,variable,PW
20260811_121452_stage_B_2C_4168a6e9,variable,2693,2693,variable,PW
20260811_121452_stage_B_2C_4168a6e9,variable,2694,2694,variable,PW
20260811_121452_stage_B_2C_4168a6e9,variable,2695,2695,variable,PW
20260811_121452_stage_B_2C_4168a6e9,variable,2696,2696,variable,PH
20260811_121452_stage_B_2C_4168a6e9,variable,2697,2697,variable,PH
20260811_121452_stage_B_2C_4168a6e9,variable,2698,2698,variable,PH
20260811_121452_stage_B_2C_4168a6e9,variable,2699,2699,variable,PH
20260811_121452_stage_B_2C_4168a6e9,variable,2700,2700,variable,PF
20260811_121452_stage_B_2C_4168a6e9,variable,2701,2701,variable,PF
20260811_121452_stage_B_2C_4168a6e9,variable,2702,2702,variable,PF
20260811_121452_stage_B_2C_4168a6e9,variable,2703,2703,variable,PF
20260811_121452_stage_B_2C_4168a6e9,variable,2704,2704,variable,Pch
20260811_121452_stage_B_2C_4168a6e9,variable,2705,2705,variable,Pch
20260811_121452_stage_B_2C_4168a6e9,variable,2706,2706,variable,Pdis
20260811_121452_stage_B_2C_4168a6e9,variable,2707,2707,variable,Pdis
20260811_121452_stage_B_2C_4168a6e9,variable,2708,2708,variable,SOC
20260811_121452_stage_B_2C_4168a6e9,variable,2709,2709,variable,SOC
20260811_121452_stage_B_2C_4168a6e9,variable,2710,2710,variable,PW
20260811_121452_stage_B_2C_4168a6e9,variable,2711,2711,variable,PW
20260811_121452_stage_B_2C_4168a6e9,variable,2712,2712,variable,PW
20260811_121452_stage_B_2C_4168a6e9,variable,2713,2713,variable,PW
20260811_121452_stage_B_2C_4168a6e9,variable,2714,2714,variable,PW
20260811_121452_stage_B_2C_4168a6e9,variable,2715,2715,variable,PH
20260811_121452_stage_B_2C_4168a6e9,variable,2716,2716,variable,PH
20260811_121452_stage_B_2C_4168a6e9,variable,2717,2717,variable,PH
20260811_121452_stage_B_2C_4168a6e9,variable,2718,2718,variable,PH
20260811_121452_stage_B_2C_4168a6e9,variable,2719,2719,variable,PF
20260811_121452_stage_B_2C_4168a6e9,variable,2720,2720,variable,PF
20260811_121452_stage_B_2C_4168a6e9,variable,2721,2721,variable,PF
20260811_121452_stage_B_2C_4168a6e9,variable,2722,2722,variable,PF
20260811_121452_stage_B_2C_4168a6e9,variable,2723,2723,variable,Pch
20260811_121452_stage_B_2C_4168a6e9,variable,2724,2724,variable,Pch
20260811_121452_stage_B_2C_4168a6e9,variable,2725,2725,variable,Pdis
20260811_121452_stage_B_2C_4168a6e9,variable,2726,2726,variable,Pdis
20260811_121452_stage_B_2C_4168a6e9,variable,2727,2727,variable,SOC
20260811_121452_stage_B_2C_4168a6e9,variable,2728,2728,variable,SOC
20260811_121452_stage_B_2C_4168a6e9,variable,2729,2729,variable,PW
20260811_121452_stage_B_2C_4168a6e9,variable,2730,2730,variable,PW
20260811_121452_stage_B_2C_4168a6e9,variable,2731,2731,variable,PW
20260811_121452_stage_B_2C_4168a6e9,variable,2732,2732,variable,PW
20260811_121452_stage_B_2C_4168a6e9,variable,2733,2733,variable,PW
20260811_121452_stage_B_2C_4168a6e9,variable,2734,2734,variable,PH
20260811_121452_stage_B_2C_4168a6e9,variable,2735,2735,variable,PH
20260811_121452_stage_B_2C_4168a6e9,variable,2736,2736,variable,PH
20260811_121452_stage_B_2C_4168a6e9,variable,2737,2737,variable,PH
20260811_121452_stage_B_2C_4168a6e9,variable,2738,2738,variable,PF
20260811_121452_stage_B_2C_4168a6e9,variable,2739,2739,variable,PF
20260811_121452_stage_B_2C_4168a6e9,variable,2740,2740,variable,PF
20260811_121452_stage_B_2C_4168a6e9,variable,2741,2741,variable,PF
20260811_121452_stage_B_2C_4168a6e9,variable,2742,2742,variable,Pch
20260811_121452_stage_B_2C_4168a6e9,variable,2743,2743,variable,Pch
20260811_121452_stage_B_2C_4168a6e9,variable,2744,2744,variable,Pdis
20260811_121452_stage_B_2C_4168a6e9,variable,2745,2745,variable,Pdis
20260811_121452_stage_B_2C_4168a6e9,variable,2746,2746,variable,SOC
20260811_121452_stage_B_2C_4168a6e9,variable,2747,2747,variable,SOC
20260811_121452_stage_B_2C_4168a6e9,variable,2748,2748,variable,PW
20260811_121452_stage_B_2C_4168a6e9,variable,2749,2749,variable,PW
20260811_121452_stage_B_2C_4168a6e9,variable,2750,2750,variable,PW
20260811_121452_stage_B_2C_4168a6e9,variable,2751,2751,variable,PW
20260811_121452_stage_B_2C_4168a6e9,variable,2752,2752,variable,PW
20260811_121452_stage_B_2C_4168a6e9,variable,2753,2753,variable,PH
20260811_121452_stage_B_2C_4168a6e9,variable,2754,2754,variable,PH
20260811_121452_stage_B_2C_4168a6e9,variable,2755,2755,variable,PH
20260811_121452_stage_B_2C_4168a6e9,variable,2756,2756,variable,PH
20260811_121452_stage_B_2C_4168a6e9,variable,2757,2757,variable,PF
20260811_121452_stage_B_2C_4168a6e9,variable,2758,2758,variable,PF
20260811_121452_stage_B_2C_4168a6e9,variable,2759,2759,variable,PF
20260811_121452_stage_B_2C_4168a6e9,variable,2760,2760,variable,PF
20260811_121452_stage_B_2C_4168a6e9,variable,2761,2761,variable,Pch
20260811_121452_stage_B_2C_4168a6e9,variable,2762,2762,variable,Pch
20260811_121452_stage_B_2C_4168a6e9,variable,2763,2763,variable,Pdis
20260811_121452_stage_B_2C_4168a6e9,variable,2764,2764,variable,Pdis
20260811_121452_stage_B_2C_4168a6e9,variable,2765,2765,variable,SOC
20260811_121452_stage_B_2C_4168a6e9,variable,2766,2766,variable,SOC
20260811_121452_stage_B_2C_4168a6e9,variable,2767,2767,variable,PW
20260811_121452_stage_B_2C_4168a6e9,variable,2768,2768,variable,PW
20260811_121452_stage_B_2C_4168a6e9,variable,2769,2769,variable,PW
20260811_121452_stage_B_2C_4168a6e9,variable,2770,2770,variable,PW
20260811_121452_stage_B_2C_4168a6e9,variable,2771,2771,variable,PW
20260811_121452_stage_B_2C_4168a6e9,variable,2772,2772,variable,PH
20260811_121452_stage_B_2C_4168a6e9,variable,2773,2773,variable,PH
20260811_121452_stage_B_2C_4168a6e9,variable,2774,2774,variable,PH
20260811_121452_stage_B_2C_4168a6e9,variable,2775,2775,variable,PH
20260811_121452_stage_B_2C_4168a6e9,variable,2776,2776,variable,PF
20260811_121452_stage_B_2C_4168a6e9,variable,2777,2777,variable,PF
20260811_121452_stage_B_2C_4168a6e9,variable,2778,2778,variable,PF
20260811_121452_stage_B_2C_4168a6e9,variable,2779,2779,variable,PF
20260811_121452_stage_B_2C_4168a6e9,variable,2780,2780,variable,Pch
20260811_121452_stage_B_2C_4168a6e9,variable,2781,2781,variable,Pch
20260811_121452_stage_B_2C_4168a6e9,variable,2782,2782,variable,Pdis
20260811_121452_stage_B_2C_4168a6e9,variable,2783,2783,variable,Pdis
20260811_121452_stage_B_2C_4168a6e9,variable,2784,2784,variable,SOC
20260811_121452_stage_B_2C_4168a6e9,variable,2785,2785,variable,SOC
20260811_121452_stage_B_2C_4168a6e9,variable,2786,2786,variable,PW
20260811_121452_stage_B_2C_4168a6e9,variable,2787,2787,variable,PW
20260811_121452_stage_B_2C_4168a6e9,variable,2788,2788,variable,PW
20260811_121452_stage_B_2C_4168a6e9,variable,2789,2789,variable,PW
20260811_121452_stage_B_2C_4168a6e9,variable,2790,2790,variable,PW
20260811_121452_stage_B_2C_4168a6e9,variable,2791,2791,variable,PH
20260811_121452_stage_B_2C_4168a6e9,variable,2792,2792,variable,PH
20260811_121452_stage_B_2C_4168a6e9,variable,2793,2793,variable,PH
20260811_121452_stage_B_2C_4168a6e9,variable,2794,2794,variable,PH
20260811_121452_stage_B_2C_4168a6e9,variable,2795,2795,variable,PF
20260811_121452_stage_B_2C_4168a6e9,variable,2796,2796,variable,PF
20260811_121452_stage_B_2C_4168a6e9,variable,2797,2797,variable,PF
20260811_121452_stage_B_2C_4168a6e9,variable,2798,2798,variable,PF
20260811_121452_stage_B_2C_4168a6e9,variable,2799,2799,variable,Pch
20260811_121452_stage_B_2C_4168a6e9,variable,2800,2800,variable,Pch
20260811_121452_stage_B_2C_4168a6e9,variable,2801,2801,variable,Pdis
20260811_121452_stage_B_2C_4168a6e9,variable,2802,2802,variable,Pdis
20260811_121452_stage_B_2C_4168a6e9,variable,2803,2803,variable,SOC
20260811_121452_stage_B_2C_4168a6e9,variable,2804,2804,variable,SOC
20260811_121452_stage_B_2C_4168a6e9,variable,2805,2805,variable,PW
20260811_121452_stage_B_2C_4168a6e9,variable,2806,2806,variable,PW
20260811_121452_stage_B_2C_4168a6e9,variable,2807,2807,variable,PW
20260811_121452_stage_B_2C_4168a6e9,variable,2808,2808,variable,PW
20260811_121452_stage_B_2C_4168a6e9,variable,2809,2809,variable,PW
20260811_121452_stage_B_2C_4168a6e9,variable,2810,2810,variable,PH
20260811_121452_stage_B_2C_4168a6e9,variable,2811,2811,variable,PH
20260811_121452_stage_B_2C_4168a6e9,variable,2812,2812,variable,PH
20260811_121452_stage_B_2C_4168a6e9,variable,2813,2813,variable,PH
20260811_121452_stage_B_2C_4168a6e9,variable,2814,2814,variable,PF
20260811_121452_stage_B_2C_4168a6e9,variable,2815,2815,variable,PF
20260811_121452_stage_B_2C_4168a6e9,variable,2816,2816,variable,PF
20260811_121452_stage_B_2C_4168a6e9,variable,2817,2817,variable,PF
20260811_121452_stage_B_2C_4168a6e9,variable,2818,2818,variable,Pch
20260811_121452_stage_B_2C_4168a6e9,variable,2819,2819,variable,Pch
20260811_121452_stage_B_2C_4168a6e9,variable,2820,2820,variable,Pdis
20260811_121452_stage_B_2C_4168a6e9,variable,2821,2821,variable,Pdis
20260811_121452_stage_B_2C_4168a6e9,variable,2822,2822,variable,SOC
20260811_121452_stage_B_2C_4168a6e9,variable,2823,2823,variable,SOC
20260811_121452_stage_B_2C_4168a6e9,variable,2824,2824,variable,PW
20260811_121452_stage_B_2C_4168a6e9,variable,2825,2825,variable,PW
20260811_121452_stage_B_2C_4168a6e9,variable,2826,2826,variable,PW
20260811_121452_stage_B_2C_4168a6e9,variable,2827,2827,variable,PW
20260811_121452_stage_B_2C_4168a6e9,variable,2828,2828,variable,PW
20260811_121452_stage_B_2C_4168a6e9,variable,2829,2829,variable,PP
20260811_121452_stage_B_2C_4168a6e9,variable,2830,2830,variable,PP
20260811_121452_stage_B_2C_4168a6e9,variable,2831,2831,variable,PP
20260811_121452_stage_B_2C_4168a6e9,variable,2832,2832,variable,PP
20260811_121452_stage_B_2C_4168a6e9,variable,2833,2833,variable,PP
20260811_121452_stage_B_2C_4168a6e9,variable,2834,2834,variable,PH
20260811_121452_stage_B_2C_4168a6e9,variable,2835,2835,variable,PH
20260811_121452_stage_B_2C_4168a6e9,variable,2836,2836,variable,PH
20260811_121452_stage_B_2C_4168a6e9,variable,2837,2837,variable,PH
20260811_121452_stage_B_2C_4168a6e9,variable,2838,2838,variable,PF
20260811_121452_stage_B_2C_4168a6e9,variable,2839,2839,variable,PF
20260811_121452_stage_B_2C_4168a6e9,variable,2840,2840,variable,PF
20260811_121452_stage_B_2C_4168a6e9,variable,2841,2841,variable,PF
20260811_121452_stage_B_2C_4168a6e9,variable,2842,2842,variable,Pch
20260811_121452_stage_B_2C_4168a6e9,variable,2843,2843,variable,Pch
20260811_121452_stage_B_2C_4168a6e9,variable,2844,2844,variable,Pdis
20260811_121452_stage_B_2C_4168a6e9,variable,2845,2845,variable,Pdis
20260811_121452_stage_B_2C_4168a6e9,variable,2846,2846,variable,SOC
20260811_121452_stage_B_2C_4168a6e9,variable,2847,2847,variable,SOC
20260811_121452_stage_B_2C_4168a6e9,variable,2848,2848,variable,PW
20260811_121452_stage_B_2C_4168a6e9,variable,2849,2849,variable,PW
20260811_121452_stage_B_2C_4168a6e9,variable,2850,2850,variable,PW
20260811_121452_stage_B_2C_4168a6e9,variable,2851,2851,variable,PW
20260811_121452_stage_B_2C_4168a6e9,variable,2852,2852,variable,PW
20260811_121452_stage_B_2C_4168a6e9,variable,2853,2853,variable,PP
20260811_121452_stage_B_2C_4168a6e9,variable,2854,2854,variable,PP
20260811_121452_stage_B_2C_4168a6e9,variable,2855,2855,variable,PP
20260811_121452_stage_B_2C_4168a6e9,variable,2856,2856,variable,PP
20260811_121452_stage_B_2C_4168a6e9,variable,2857,2857,variable,PP
20260811_121452_stage_B_2C_4168a6e9,variable,2858,2858,variable,PH
20260811_121452_stage_B_2C_4168a6e9,variable,2859,2859,variable,PH
20260811_121452_stage_B_2C_4168a6e9,variable,2860,2860,variable,PH
20260811_121452_stage_B_2C_4168a6e9,variable,2861,2861,variable,PH
20260811_121452_stage_B_2C_4168a6e9,variable,2862,2862,variable,PF
20260811_121452_stage_B_2C_4168a6e9,variable,2863,2863,variable,PF
20260811_121452_stage_B_2C_4168a6e9,variable,2864,2864,variable,PF
20260811_121452_stage_B_2C_4168a6e9,variable,2865,2865,variable,PF
20260811_121452_stage_B_2C_4168a6e9,variable,2866,2866,variable,Pch
20260811_121452_stage_B_2C_4168a6e9,variable,2867,2867,variable,Pch
20260811_121452_stage_B_2C_4168a6e9,variable,2868,2868,variable,Pdis
20260811_121452_stage_B_2C_4168a6e9,variable,2869,2869,variable,Pdis
20260811_121452_stage_B_2C_4168a6e9,variable,2870,2870,variable,SOC
20260811_121452_stage_B_2C_4168a6e9,variable,2871,2871,variable,SOC
20260811_121452_stage_B_2C_4168a6e9,variable,2872,2872,variable,PW
20260811_121452_stage_B_2C_4168a6e9,variable,2873,2873,variable,PW
20260811_121452_stage_B_2C_4168a6e9,variable,2874,2874,variable,PW
20260811_121452_stage_B_2C_4168a6e9,variable,2875,2875,variable,PW
20260811_121452_stage_B_2C_4168a6e9,variable,2876,2876,variable,PW
20260811_121452_stage_B_2C_4168a6e9,variable,2877,2877,variable,PP
20260811_121452_stage_B_2C_4168a6e9,variable,2878,2878,variable,PP
20260811_121452_stage_B_2C_4168a6e9,variable,2879,2879,variable,PP
20260811_121452_stage_B_2C_4168a6e9,variable,2880,2880,variable,PP
20260811_121452_stage_B_2C_4168a6e9,variable,2881,2881,variable,PP
20260811_121452_stage_B_2C_4168a6e9,variable,2882,2882,variable,PH
20260811_121452_stage_B_2C_4168a6e9,variable,2883,2883,variable,PH
20260811_121452_stage_B_2C_4168a6e9,variable,2884,2884,variable,PH
20260811_121452_stage_B_2C_4168a6e9,variable,2885,2885,variable,PH
20260811_121452_stage_B_2C_4168a6e9,variable,2886,2886,variable,PF
20260811_121452_stage_B_2C_4168a6e9,variable,2887,2887,variable,PF
20260811_121452_stage_B_2C_4168a6e9,variable,2888,2888,variable,PF
20260811_121452_stage_B_2C_4168a6e9,variable,2889,2889,variable,PF
20260811_121452_stage_B_2C_4168a6e9,variable,2890,2890,variable,Pch
20260811_121452_stage_B_2C_4168a6e9,variable,2891,2891,variable,Pch
20260811_121452_stage_B_2C_4168a6e9,variable,2892,2892,variable,Pdis
20260811_121452_stage_B_2C_4168a6e9,variable,2893,2893,variable,Pdis
20260811_121452_stage_B_2C_4168a6e9,variable,2894,2894,variable,SOC
20260811_121452_stage_B_2C_4168a6e9,variable,2895,2895,variable,SOC
20260811_121452_stage_B_2C_4168a6e9,variable,2896,2896,variable,PW
20260811_121452_stage_B_2C_4168a6e9,variable,2897,2897,variable,PW
20260811_121452_stage_B_2C_4168a6e9,variable,2898,2898,variable,PW
20260811_121452_stage_B_2C_4168a6e9,variable,2899,2899,variable,PW
20260811_121452_stage_B_2C_4168a6e9,variable,2900,2900,variable,PW
20260811_121452_stage_B_2C_4168a6e9,variable,2901,2901,variable,PP
20260811_121452_stage_B_2C_4168a6e9,variable,2902,2902,variable,PP
20260811_121452_stage_B_2C_4168a6e9,variable,2903,2903,variable,PP
20260811_121452_stage_B_2C_4168a6e9,variable,2904,2904,variable,PP
20260811_121452_stage_B_2C_4168a6e9,variable,2905,2905,variable,PP
20260811_121452_stage_B_2C_4168a6e9,variable,2906,2906,variable,PH
20260811_121452_stage_B_2C_4168a6e9,variable,2907,2907,variable,PH
20260811_121452_stage_B_2C_4168a6e9,variable,2908,2908,variable,PH
20260811_121452_stage_B_2C_4168a6e9,variable,2909,2909,variable,PH
20260811_121452_stage_B_2C_4168a6e9,variable,2910,2910,variable,PF
20260811_121452_stage_B_2C_4168a6e9,variable,2911,2911,variable,PF
20260811_121452_stage_B_2C_4168a6e9,variable,2912,2912,variable,PF
20260811_121452_stage_B_2C_4168a6e9,variable,2913,2913,variable,PF
20260811_121452_stage_B_2C_4168a6e9,variable,2914,2914,variable,Pch
20260811_121452_stage_B_2C_4168a6e9,variable,2915,2915,variable,Pch
20260811_121452_stage_B_2C_4168a6e9,variable,2916,2916,variable,Pdis
20260811_121452_stage_B_2C_4168a6e9,variable,2917,2917,variable,Pdis
20260811_121452_stage_B_2C_4168a6e9,variable,2918,2918,variable,SOC
20260811_121452_stage_B_2C_4168a6e9,variable,2919,2919,variable,SOC
20260811_121452_stage_B_2C_4168a6e9,variable,2920,2920,variable,PW
20260811_121452_stage_B_2C_4168a6e9,variable,2921,2921,variable,PW
20260811_121452_stage_B_2C_4168a6e9,variable,2922,2922,variable,PW
20260811_121452_stage_B_2C_4168a6e9,variable,2923,2923,variable,PW
20260811_121452_stage_B_2C_4168a6e9,variable,2924,2924,variable,PW
20260811_121452_stage_B_2C_4168a6e9,variable,2925,2925,variable,PP
20260811_121452_stage_B_2C_4168a6e9,variable,2926,2926,variable,PP
20260811_121452_stage_B_2C_4168a6e9,variable,2927,2927,variable,PP
20260811_121452_stage_B_2C_4168a6e9,variable,2928,2928,variable,PP
20260811_121452_stage_B_2C_4168a6e9,variable,2929,2929,variable,PP
20260811_121452_stage_B_2C_4168a6e9,variable,2930,2930,variable,PH
20260811_121452_stage_B_2C_4168a6e9,variable,2931,2931,variable,PH
20260811_121452_stage_B_2C_4168a6e9,variable,2932,2932,variable,PH
20260811_121452_stage_B_2C_4168a6e9,variable,2933,2933,variable,PH
20260811_121452_stage_B_2C_4168a6e9,variable,2934,2934,variable,PF
20260811_121452_stage_B_2C_4168a6e9,variable,2935,2935,variable,PF
20260811_121452_stage_B_2C_4168a6e9,variable,2936,2936,variable,PF
20260811_121452_stage_B_2C_4168a6e9,variable,2937,2937,variable,PF
20260811_121452_stage_B_2C_4168a6e9,variable,2938,2938,variable,Pch
20260811_121452_stage_B_2C_4168a6e9,variable,2939,2939,variable,Pch
20260811_121452_stage_B_2C_4168a6e9,variable,2940,2940,variable,Pdis
20260811_121452_stage_B_2C_4168a6e9,variable,2941,2941,variable,Pdis
20260811_121452_stage_B_2C_4168a6e9,variable,2942,2942,variable,SOC
20260811_121452_stage_B_2C_4168a6e9,variable,2943,2943,variable,SOC
20260811_121452_stage_B_2C_4168a6e9,variable,2944,2944,variable,PW
20260811_121452_stage_B_2C_4168a6e9,variable,2945,2945,variable,PW
20260811_121452_stage_B_2C_4168a6e9,variable,2946,2946,variable,PW
20260811_121452_stage_B_2C_4168a6e9,variable,2947,2947,variable,PW
20260811_121452_stage_B_2C_4168a6e9,variable,2948,2948,variable,PW
20260811_121452_stage_B_2C_4168a6e9,variable,2949,2949,variable,PP
20260811_121452_stage_B_2C_4168a6e9,variable,2950,2950,variable,PP
20260811_121452_stage_B_2C_4168a6e9,variable,2951,2951,variable,PP
20260811_121452_stage_B_2C_4168a6e9,variable,2952,2952,variable,PP
20260811_121452_stage_B_2C_4168a6e9,variable,2953,2953,variable,PP
20260811_121452_stage_B_2C_4168a6e9,variable,2954,2954,variable,PH
20260811_121452_stage_B_2C_4168a6e9,variable,2955,2955,variable,PH
20260811_121452_stage_B_2C_4168a6e9,variable,2956,2956,variable,PH
20260811_121452_stage_B_2C_4168a6e9,variable,2957,2957,variable,PH
20260811_121452_stage_B_2C_4168a6e9,variable,2958,2958,variable,PF
20260811_121452_stage_B_2C_4168a6e9,variable,2959,2959,variable,PF
20260811_121452_stage_B_2C_4168a6e9,variable,2960,2960,variable,PF
20260811_121452_stage_B_2C_4168a6e9,variable,2961,2961,variable,PF
20260811_121452_stage_B_2C_4168a6e9,variable,2962,2962,variable,Pch
20260811_121452_stage_B_2C_4168a6e9,variable,2963,2963,variable,Pch
20260811_121452_stage_B_2C_4168a6e9,variable,2964,2964,variable,Pdis
20260811_121452_stage_B_2C_4168a6e9,variable,2965,2965,variable,Pdis
20260811_121452_stage_B_2C_4168a6e9,variable,2966,2966,variable,SOC
20260811_121452_stage_B_2C_4168a6e9,variable,2967,2967,variable,SOC
20260811_121452_stage_B_2C_4168a6e9,variable,2968,2968,variable,PW
20260811_121452_stage_B_2C_4168a6e9,variable,2969,2969,variable,PW
20260811_121452_stage_B_2C_4168a6e9,variable,2970,2970,variable,PW
20260811_121452_stage_B_2C_4168a6e9,variable,2971,2971,variable,PW
20260811_121452_stage_B_2C_4168a6e9,variable,2972,2972,variable,PW
20260811_121452_stage_B_2C_4168a6e9,variable,2973,2973,variable,PP
20260811_121452_stage_B_2C_4168a6e9,variable,2974,2974,variable,PP
20260811_121452_stage_B_2C_4168a6e9,variable,2975,2975,variable,PP
20260811_121452_stage_B_2C_4168a6e9,variable,2976,2976,variable,PP
20260811_121452_stage_B_2C_4168a6e9,variable,2977,2977,variable,PP
20260811_121452_stage_B_2C_4168a6e9,variable,2978,2978,variable,PH
20260811_121452_stage_B_2C_4168a6e9,variable,2979,2979,variable,PH
20260811_121452_stage_B_2C_4168a6e9,variable,2980,2980,variable,PH
20260811_121452_stage_B_2C_4168a6e9,variable,2981,2981,variable,PH
20260811_121452_stage_B_2C_4168a6e9,variable,2982,2982,variable,PF
20260811_121452_stage_B_2C_4168a6e9,variable,2983,2983,variable,PF
20260811_121452_stage_B_2C_4168a6e9,variable,2984,2984,variable,PF
20260811_121452_stage_B_2C_4168a6e9,variable,2985,2985,variable,PF
20260811_121452_stage_B_2C_4168a6e9,variable,2986,2986,variable,Pch
20260811_121452_stage_B_2C_4168a6e9,variable,2987,2987,variable,Pch
20260811_121452_stage_B_2C_4168a6e9,variable,2988,2988,variable,Pdis
20260811_121452_stage_B_2C_4168a6e9,variable,2989,2989,variable,Pdis
20260811_121452_stage_B_2C_4168a6e9,variable,2990,2990,variable,SOC
20260811_121452_stage_B_2C_4168a6e9,variable,2991,2991,variable,SOC
20260811_121452_stage_B_2C_4168a6e9,variable,2992,2992,variable,PW
20260811_121452_stage_B_2C_4168a6e9,variable,2993,2993,variable,PW
20260811_121452_stage_B_2C_4168a6e9,variable,2994,2994,variable,PW
20260811_121452_stage_B_2C_4168a6e9,variable,2995,2995,variable,PW
20260811_121452_stage_B_2C_4168a6e9,variable,2996,2996,variable,PW
20260811_121452_stage_B_2C_4168a6e9,variable,2997,2997,variable,PP
20260811_121452_stage_B_2C_4168a6e9,variable,2998,2998,variable,PP
20260811_121452_stage_B_2C_4168a6e9,variable,2999,2999,variable,PP
20260811_121452_stage_B_2C_4168a6e9,variable,3000,3000,variable,PP
20260811_121452_stage_B_2C_4168a6e9,variable,3001,3001,variable,PP
20260811_121452_stage_B_2C_4168a6e9,variable,3002,3002,variable,PH
20260811_121452_stage_B_2C_4168a6e9,variable,3003,3003,variable,PH
20260811_121452_stage_B_2C_4168a6e9,variable,3004,3004,variable,PH
20260811_121452_stage_B_2C_4168a6e9,variable,3005,3005,variable,PH
20260811_121452_stage_B_2C_4168a6e9,variable,3006,3006,variable,PF
20260811_121452_stage_B_2C_4168a6e9,variable,3007,3007,variable,PF
20260811_121452_stage_B_2C_4168a6e9,variable,3008,3008,variable,PF
20260811_121452_stage_B_2C_4168a6e9,variable,3009,3009,variable,PF
20260811_121452_stage_B_2C_4168a6e9,variable,3010,3010,variable,Pch
20260811_121452_stage_B_2C_4168a6e9,variable,3011,3011,variable,Pch
20260811_121452_stage_B_2C_4168a6e9,variable,3012,3012,variable,Pdis
20260811_121452_stage_B_2C_4168a6e9,variable,3013,3013,variable,Pdis
20260811_121452_stage_B_2C_4168a6e9,variable,3014,3014,variable,SOC
20260811_121452_stage_B_2C_4168a6e9,variable,3015,3015,variable,SOC
20260811_121452_stage_B_2C_4168a6e9,variable,3016,3016,variable,PW
20260811_121452_stage_B_2C_4168a6e9,variable,3017,3017,variable,PW
20260811_121452_stage_B_2C_4168a6e9,variable,3018,3018,variable,PW
20260811_121452_stage_B_2C_4168a6e9,variable,3019,3019,variable,PW
20260811_121452_stage_B_2C_4168a6e9,variable,3020,3020,variable,PW
20260811_121452_stage_B_2C_4168a6e9,variable,3021,3021,variable,PP
20260811_121452_stage_B_2C_4168a6e9,variable,3022,3022,variable,PP
20260811_121452_stage_B_2C_4168a6e9,variable,3023,3023,variable,PP
20260811_121452_stage_B_2C_4168a6e9,variable,3024,3024,variable,PP
20260811_121452_stage_B_2C_4168a6e9,variable,3025,3025,variable,PP
20260811_121452_stage_B_2C_4168a6e9,variable,3026,3026,variable,PH
20260811_121452_stage_B_2C_4168a6e9,variable,3027,3027,variable,PH
20260811_121452_stage_B_2C_4168a6e9,variable,3028,3028,variable,PH
20260811_121452_stage_B_2C_4168a6e9,variable,3029,3029,variable,PH
20260811_121452_stage_B_2C_4168a6e9,variable,3030,3030,variable,PF
20260811_121452_stage_B_2C_4168a6e9,variable,3031,3031,variable,PF
20260811_121452_stage_B_2C_4168a6e9,variable,3032,3032,variable,PF
20260811_121452_stage_B_2C_4168a6e9,variable,3033,3033,variable,PF
20260811_121452_stage_B_2C_4168a6e9,variable,3034,3034,variable,Pch
20260811_121452_stage_B_2C_4168a6e9,variable,3035,3035,variable,Pch
20260811_121452_stage_B_2C_4168a6e9,variable,3036,3036,variable,Pdis
20260811_121452_stage_B_2C_4168a6e9,variable,3037,3037,variable,Pdis
20260811_121452_stage_B_2C_4168a6e9,variable,3038,3038,variable,SOC
20260811_121452_stage_B_2C_4168a6e9,variable,3039,3039,variable,SOC
20260811_121452_stage_B_2C_4168a6e9,variable,3040,3040,variable,PW
20260811_121452_stage_B_2C_4168a6e9,variable,3041,3041,variable,PW
20260811_121452_stage_B_2C_4168a6e9,variable,3042,3042,variable,PW
20260811_121452_stage_B_2C_4168a6e9,variable,3043,3043,variable,PW
20260811_121452_stage_B_2C_4168a6e9,variable,3044,3044,variable,PW
20260811_121452_stage_B_2C_4168a6e9,variable,3045,3045,variable,PP
20260811_121452_stage_B_2C_4168a6e9,variable,3046,3046,variable,PP
20260811_121452_stage_B_2C_4168a6e9,variable,3047,3047,variable,PP
20260811_121452_stage_B_2C_4168a6e9,variable,3048,3048,variable,PP
20260811_121452_stage_B_2C_4168a6e9,variable,3049,3049,variable,PP
20260811_121452_stage_B_2C_4168a6e9,variable,3050,3050,variable,PH
20260811_121452_stage_B_2C_4168a6e9,variable,3051,3051,variable,PH
20260811_121452_stage_B_2C_4168a6e9,variable,3052,3052,variable,PH
20260811_121452_stage_B_2C_4168a6e9,variable,3053,3053,variable,PH
20260811_121452_stage_B_2C_4168a6e9,variable,3054,3054,variable,PF
20260811_121452_stage_B_2C_4168a6e9,variable,3055,3055,variable,PF
20260811_121452_stage_B_2C_4168a6e9,variable,3056,3056,variable,PF
20260811_121452_stage_B_2C_4168a6e9,variable,3057,3057,variable,PF
20260811_121452_stage_B_2C_4168a6e9,variable,3058,3058,variable,Pch
20260811_121452_stage_B_2C_4168a6e9,variable,3059,3059,variable,Pch
20260811_121452_stage_B_2C_4168a6e9,variable,3060,3060,variable,Pdis
20260811_121452_stage_B_2C_4168a6e9,variable,3061,3061,variable,Pdis
20260811_121452_stage_B_2C_4168a6e9,variable,3062,3062,variable,SOC
20260811_121452_stage_B_2C_4168a6e9,variable,3063,3063,variable,SOC
20260811_121452_stage_B_2C_4168a6e9,variable,3064,3064,variable,PW
20260811_121452_stage_B_2C_4168a6e9,variable,3065,3065,variable,PW
20260811_121452_stage_B_2C_4168a6e9,variable,3066,3066,variable,PW
20260811_121452_stage_B_2C_4168a6e9,variable,3067,3067,variable,PW
20260811_121452_stage_B_2C_4168a6e9,variable,3068,3068,variable,PW
20260811_121452_stage_B_2C_4168a6e9,variable,3069,3069,variable,PP
20260811_121452_stage_B_2C_4168a6e9,variable,3070,3070,variable,PP
20260811_121452_stage_B_2C_4168a6e9,variable,3071,3071,variable,PP
20260811_121452_stage_B_2C_4168a6e9,variable,3072,3072,variable,PP
20260811_121452_stage_B_2C_4168a6e9,variable,3073,3073,variable,PP
20260811_121452_stage_B_2C_4168a6e9,variable,3074,3074,variable,PH
20260811_121452_stage_B_2C_4168a6e9,variable,3075,3075,variable,PH
20260811_121452_stage_B_2C_4168a6e9,variable,3076,3076,variable,PH
20260811_121452_stage_B_2C_4168a6e9,variable,3077,3077,variable,PH
20260811_121452_stage_B_2C_4168a6e9,variable,3078,3078,variable,PF
20260811_121452_stage_B_2C_4168a6e9,variable,3079,3079,variable,PF
20260811_121452_stage_B_2C_4168a6e9,variable,3080,3080,variable,PF
20260811_121452_stage_B_2C_4168a6e9,variable,3081,3081,variable,PF
20260811_121452_stage_B_2C_4168a6e9,variable,3082,3082,variable,Pch
20260811_121452_stage_B_2C_4168a6e9,variable,3083,3083,variable,Pch
20260811_121452_stage_B_2C_4168a6e9,variable,3084,3084,variable,Pdis
20260811_121452_stage_B_2C_4168a6e9,variable,3085,3085,variable,Pdis
20260811_121452_stage_B_2C_4168a6e9,variable,3086,3086,variable,SOC
20260811_121452_stage_B_2C_4168a6e9,variable,3087,3087,variable,SOC
20260811_121452_stage_B_2C_4168a6e9,variable,3088,3088,variable,PW
20260811_121452_stage_B_2C_4168a6e9,variable,3089,3089,variable,PW
20260811_121452_stage_B_2C_4168a6e9,variable,3090,3090,variable,PW
20260811_121452_stage_B_2C_4168a6e9,variable,3091,3091,variable,PW
20260811_121452_stage_B_2C_4168a6e9,variable,3092,3092,variable,PW
20260811_121452_stage_B_2C_4168a6e9,variable,3093,3093,variable,PP
20260811_121452_stage_B_2C_4168a6e9,variable,3094,3094,variable,PP
20260811_121452_stage_B_2C_4168a6e9,variable,3095,3095,variable,PP
20260811_121452_stage_B_2C_4168a6e9,variable,3096,3096,variable,PP
20260811_121452_stage_B_2C_4168a6e9,variable,3097,3097,variable,PP
20260811_121452_stage_B_2C_4168a6e9,variable,3098,3098,variable,PH
20260811_121452_stage_B_2C_4168a6e9,variable,3099,3099,variable,PH
20260811_121452_stage_B_2C_4168a6e9,variable,3100,3100,variable,PH
20260811_121452_stage_B_2C_4168a6e9,variable,3101,3101,variable,PH
20260811_121452_stage_B_2C_4168a6e9,variable,3102,3102,variable,PF
20260811_121452_stage_B_2C_4168a6e9,variable,3103,3103,variable,PF
20260811_121452_stage_B_2C_4168a6e9,variable,3104,3104,variable,PF
20260811_121452_stage_B_2C_4168a6e9,variable,3105,3105,variable,PF
20260811_121452_stage_B_2C_4168a6e9,variable,3106,3106,variable,Pch
20260811_121452_stage_B_2C_4168a6e9,variable,3107,3107,variable,Pch
20260811_121452_stage_B_2C_4168a6e9,variable,3108,3108,variable,Pdis
20260811_121452_stage_B_2C_4168a6e9,variable,3109,3109,variable,Pdis
20260811_121452_stage_B_2C_4168a6e9,variable,3110,3110,variable,SOC
20260811_121452_stage_B_2C_4168a6e9,variable,3111,3111,variable,SOC
20260811_121452_stage_B_2C_4168a6e9,variable,3112,3112,variable,PW
20260811_121452_stage_B_2C_4168a6e9,variable,3113,3113,variable,PW
20260811_121452_stage_B_2C_4168a6e9,variable,3114,3114,variable,PW
20260811_121452_stage_B_2C_4168a6e9,variable,3115,3115,variable,PW
20260811_121452_stage_B_2C_4168a6e9,variable,3116,3116,variable,PW
20260811_121452_stage_B_2C_4168a6e9,variable,3117,3117,variable,PH
20260811_121452_stage_B_2C_4168a6e9,variable,3118,3118,variable,PH
20260811_121452_stage_B_2C_4168a6e9,variable,3119,3119,variable,PH
20260811_121452_stage_B_2C_4168a6e9,variable,3120,3120,variable,PH
20260811_121452_stage_B_2C_4168a6e9,variable,3121,3121,variable,PF
20260811_121452_stage_B_2C_4168a6e9,variable,3122,3122,variable,PF
20260811_121452_stage_B_2C_4168a6e9,variable,3123,3123,variable,PF
20260811_121452_stage_B_2C_4168a6e9,variable,3124,3124,variable,PF
20260811_121452_stage_B_2C_4168a6e9,variable,3125,3125,variable,Pch
20260811_121452_stage_B_2C_4168a6e9,variable,3126,3126,variable,Pch
20260811_121452_stage_B_2C_4168a6e9,variable,3127,3127,variable,Pdis
20260811_121452_stage_B_2C_4168a6e9,variable,3128,3128,variable,Pdis
20260811_121452_stage_B_2C_4168a6e9,variable,3129,3129,variable,SOC
20260811_121452_stage_B_2C_4168a6e9,variable,3130,3130,variable,SOC
20260811_121452_stage_B_2C_4168a6e9,variable,3131,3131,variable,PW
20260811_121452_stage_B_2C_4168a6e9,variable,3132,3132,variable,PW
20260811_121452_stage_B_2C_4168a6e9,variable,3133,3133,variable,PW
20260811_121452_stage_B_2C_4168a6e9,variable,3134,3134,variable,PW
20260811_121452_stage_B_2C_4168a6e9,variable,3135,3135,variable,PW
20260811_121452_stage_B_2C_4168a6e9,variable,3136,3136,variable,PH
20260811_121452_stage_B_2C_4168a6e9,variable,3137,3137,variable,PH
20260811_121452_stage_B_2C_4168a6e9,variable,3138,3138,variable,PH
20260811_121452_stage_B_2C_4168a6e9,variable,3139,3139,variable,PH
20260811_121452_stage_B_2C_4168a6e9,variable,3140,3140,variable,PF
20260811_121452_stage_B_2C_4168a6e9,variable,3141,3141,variable,PF
20260811_121452_stage_B_2C_4168a6e9,variable,3142,3142,variable,PF
20260811_121452_stage_B_2C_4168a6e9,variable,3143,3143,variable,PF
20260811_121452_stage_B_2C_4168a6e9,variable,3144,3144,variable,Pch
20260811_121452_stage_B_2C_4168a6e9,variable,3145,3145,variable,Pch
20260811_121452_stage_B_2C_4168a6e9,variable,3146,3146,variable,Pdis
20260811_121452_stage_B_2C_4168a6e9,variable,3147,3147,variable,Pdis
20260811_121452_stage_B_2C_4168a6e9,variable,3148,3148,variable,SOC
20260811_121452_stage_B_2C_4168a6e9,variable,3149,3149,variable,SOC
20260811_121452_stage_B_2C_4168a6e9,variable,3150,3150,variable,PW
20260811_121452_stage_B_2C_4168a6e9,variable,3151,3151,variable,PW
20260811_121452_stage_B_2C_4168a6e9,variable,3152,3152,variable,PW
20260811_121452_stage_B_2C_4168a6e9,variable,3153,3153,variable,PW
20260811_121452_stage_B_2C_4168a6e9,variable,3154,3154,variable,PW
20260811_121452_stage_B_2C_4168a6e9,variable,3155,3155,variable,PH
20260811_121452_stage_B_2C_4168a6e9,variable,3156,3156,variable,PH
20260811_121452_stage_B_2C_4168a6e9,variable,3157,3157,variable,PH
20260811_121452_stage_B_2C_4168a6e9,variable,3158,3158,variable,PH
20260811_121452_stage_B_2C_4168a6e9,variable,3159,3159,variable,PF
20260811_121452_stage_B_2C_4168a6e9,variable,3160,3160,variable,PF
20260811_121452_stage_B_2C_4168a6e9,variable,3161,3161,variable,PF
20260811_121452_stage_B_2C_4168a6e9,variable,3162,3162,variable,PF
20260811_121452_stage_B_2C_4168a6e9,variable,3163,3163,variable,Pch
20260811_121452_stage_B_2C_4168a6e9,variable,3164,3164,variable,Pch
20260811_121452_stage_B_2C_4168a6e9,variable,3165,3165,variable,Pdis
20260811_121452_stage_B_2C_4168a6e9,variable,3166,3166,variable,Pdis
20260811_121452_stage_B_2C_4168a6e9,variable,3167,3167,variable,SOC
20260811_121452_stage_B_2C_4168a6e9,variable,3168,3168,variable,SOC
20260811_121452_stage_B_2C_4168a6e9,variable,3169,3169,variable,PW
20260811_121452_stage_B_2C_4168a6e9,variable,3170,3170,variable,PW
20260811_121452_stage_B_2C_4168a6e9,variable,3171,3171,variable,PW
20260811_121452_stage_B_2C_4168a6e9,variable,3172,3172,variable,PW
20260811_121452_stage_B_2C_4168a6e9,variable,3173,3173,variable,PW
20260811_121452_stage_B_2C_4168a6e9,variable,3174,3174,variable,PH
20260811_121452_stage_B_2C_4168a6e9,variable,3175,3175,variable,PH
20260811_121452_stage_B_2C_4168a6e9,variable,3176,3176,variable,PH
20260811_121452_stage_B_2C_4168a6e9,variable,3177,3177,variable,PH
20260811_121452_stage_B_2C_4168a6e9,variable,3178,3178,variable,PF
20260811_121452_stage_B_2C_4168a6e9,variable,3179,3179,variable,PF
20260811_121452_stage_B_2C_4168a6e9,variable,3180,3180,variable,PF
20260811_121452_stage_B_2C_4168a6e9,variable,3181,3181,variable,PF
20260811_121452_stage_B_2C_4168a6e9,variable,3182,3182,variable,Pch
20260811_121452_stage_B_2C_4168a6e9,variable,3183,3183,variable,Pch
20260811_121452_stage_B_2C_4168a6e9,variable,3184,3184,variable,Pdis
20260811_121452_stage_B_2C_4168a6e9,variable,3185,3185,variable,Pdis
20260811_121452_stage_B_2C_4168a6e9,variable,3186,3186,variable,SOC
20260811_121452_stage_B_2C_4168a6e9,variable,3187,3187,variable,SOC
20260811_121452_stage_B_2C_4168a6e9,variable,3188,3188,variable,PW
20260811_121452_stage_B_2C_4168a6e9,variable,3189,3189,variable,PW
20260811_121452_stage_B_2C_4168a6e9,variable,3190,3190,variable,PW
20260811_121452_stage_B_2C_4168a6e9,variable,3191,3191,variable,PW
20260811_121452_stage_B_2C_4168a6e9,variable,3192,3192,variable,PW
20260811_121452_stage_B_2C_4168a6e9,variable,3193,3193,variable,PH
20260811_121452_stage_B_2C_4168a6e9,variable,3194,3194,variable,PH
20260811_121452_stage_B_2C_4168a6e9,variable,3195,3195,variable,PH
20260811_121452_stage_B_2C_4168a6e9,variable,3196,3196,variable,PH
20260811_121452_stage_B_2C_4168a6e9,variable,3197,3197,variable,PF
20260811_121452_stage_B_2C_4168a6e9,variable,3198,3198,variable,PF
20260811_121452_stage_B_2C_4168a6e9,variable,3199,3199,variable,PF
20260811_121452_stage_B_2C_4168a6e9,variable,3200,3200,variable,PF
20260811_121452_stage_B_2C_4168a6e9,variable,3201,3201,variable,Pch
20260811_121452_stage_B_2C_4168a6e9,variable,3202,3202,variable,Pch
20260811_121452_stage_B_2C_4168a6e9,variable,3203,3203,variable,Pdis
20260811_121452_stage_B_2C_4168a6e9,variable,3204,3204,variable,Pdis
20260811_121452_stage_B_2C_4168a6e9,variable,3205,3205,variable,SOC
20260811_121452_stage_B_2C_4168a6e9,variable,3206,3206,variable,SOC
20260811_121452_stage_B_2C_4168a6e9,variable,3207,3207,variable,PW
20260811_121452_stage_B_2C_4168a6e9,variable,3208,3208,variable,PW
20260811_121452_stage_B_2C_4168a6e9,variable,3209,3209,variable,PW
20260811_121452_stage_B_2C_4168a6e9,variable,3210,3210,variable,PW
20260811_121452_stage_B_2C_4168a6e9,variable,3211,3211,variable,PW
20260811_121452_stage_B_2C_4168a6e9,variable,3212,3212,variable,PH
20260811_121452_stage_B_2C_4168a6e9,variable,3213,3213,variable,PH
20260811_121452_stage_B_2C_4168a6e9,variable,3214,3214,variable,PH
20260811_121452_stage_B_2C_4168a6e9,variable,3215,3215,variable,PH
20260811_121452_stage_B_2C_4168a6e9,variable,3216,3216,variable,PF
20260811_121452_stage_B_2C_4168a6e9,variable,3217,3217,variable,PF
20260811_121452_stage_B_2C_4168a6e9,variable,3218,3218,variable,PF
20260811_121452_stage_B_2C_4168a6e9,variable,3219,3219,variable,PF
20260811_121452_stage_B_2C_4168a6e9,variable,3220,3220,variable,Pch
20260811_121452_stage_B_2C_4168a6e9,variable,3221,3221,variable,Pch
20260811_121452_stage_B_2C_4168a6e9,variable,3222,3222,variable,Pdis
20260811_121452_stage_B_2C_4168a6e9,variable,3223,3223,variable,Pdis
20260811_121452_stage_B_2C_4168a6e9,variable,3224,3224,variable,SOC
20260811_121452_stage_B_2C_4168a6e9,variable,3225,3225,variable,SOC
20260811_121452_stage_B_2C_4168a6e9,variable,3226,3226,variable,PW
20260811_121452_stage_B_2C_4168a6e9,variable,3227,3227,variable,PW
20260811_121452_stage_B_2C_4168a6e9,variable,3228,3228,variable,PW
20260811_121452_stage_B_2C_4168a6e9,variable,3229,3229,variable,PW
20260811_121452_stage_B_2C_4168a6e9,variable,3230,3230,variable,PW
20260811_121452_stage_B_2C_4168a6e9,variable,3231,3231,variable,PH
20260811_121452_stage_B_2C_4168a6e9,variable,3232,3232,variable,PH
20260811_121452_stage_B_2C_4168a6e9,variable,3233,3233,variable,PH
20260811_121452_stage_B_2C_4168a6e9,variable,3234,3234,variable,PH
20260811_121452_stage_B_2C_4168a6e9,variable,3235,3235,variable,PF
20260811_121452_stage_B_2C_4168a6e9,variable,3236,3236,variable,PF
20260811_121452_stage_B_2C_4168a6e9,variable,3237,3237,variable,PF
20260811_121452_stage_B_2C_4168a6e9,variable,3238,3238,variable,PF
20260811_121452_stage_B_2C_4168a6e9,variable,3239,3239,variable,Pch
20260811_121452_stage_B_2C_4168a6e9,variable,3240,3240,variable,Pch
20260811_121452_stage_B_2C_4168a6e9,variable,3241,3241,variable,Pdis
20260811_121452_stage_B_2C_4168a6e9,variable,3242,3242,variable,Pdis
20260811_121452_stage_B_2C_4168a6e9,variable,3243,3243,variable,SOC
20260811_121452_stage_B_2C_4168a6e9,variable,3244,3244,variable,SOC
20260811_121452_stage_B_2C_4168a6e9,variable,3245,3245,variable,PW
20260811_121452_stage_B_2C_4168a6e9,variable,3246,3246,variable,PW
20260811_121452_stage_B_2C_4168a6e9,variable,3247,3247,variable,PW
20260811_121452_stage_B_2C_4168a6e9,variable,3248,3248,variable,PW
20260811_121452_stage_B_2C_4168a6e9,variable,3249,3249,variable,PW
20260811_121452_stage_B_2C_4168a6e9,variable,3250,3250,variable,PH
20260811_121452_stage_B_2C_4168a6e9,variable,3251,3251,variable,PH
20260811_121452_stage_B_2C_4168a6e9,variable,3252,3252,variable,PH
20260811_121452_stage_B_2C_4168a6e9,variable,3253,3253,variable,PH
20260811_121452_stage_B_2C_4168a6e9,variable,3254,3254,variable,PF
20260811_121452_stage_B_2C_4168a6e9,variable,3255,3255,variable,PF
20260811_121452_stage_B_2C_4168a6e9,variable,3256,3256,variable,PF
20260811_121452_stage_B_2C_4168a6e9,variable,3257,3257,variable,PF
20260811_121452_stage_B_2C_4168a6e9,variable,3258,3258,variable,Pch
20260811_121452_stage_B_2C_4168a6e9,variable,3259,3259,variable,Pch
20260811_121452_stage_B_2C_4168a6e9,variable,3260,3260,variable,Pdis
20260811_121452_stage_B_2C_4168a6e9,variable,3261,3261,variable,Pdis
20260811_121452_stage_B_2C_4168a6e9,variable,3262,3262,variable,SOC
20260811_121452_stage_B_2C_4168a6e9,variable,3263,3263,variable,SOC
20260811_121452_stage_B_2C_4168a6e9,variable,3264,3264,variable,PW
20260811_121452_stage_B_2C_4168a6e9,variable,3265,3265,variable,PW
20260811_121452_stage_B_2C_4168a6e9,variable,3266,3266,variable,PW
20260811_121452_stage_B_2C_4168a6e9,variable,3267,3267,variable,PW
20260811_121452_stage_B_2C_4168a6e9,variable,3268,3268,variable,PW
20260811_121452_stage_B_2C_4168a6e9,variable,3269,3269,variable,PH
20260811_121452_stage_B_2C_4168a6e9,variable,3270,3270,variable,PH
20260811_121452_stage_B_2C_4168a6e9,variable,3271,3271,variable,PH
20260811_121452_stage_B_2C_4168a6e9,variable,3272,3272,variable,PH
20260811_121452_stage_B_2C_4168a6e9,variable,3273,3273,variable,PF
20260811_121452_stage_B_2C_4168a6e9,variable,3274,3274,variable,PF
20260811_121452_stage_B_2C_4168a6e9,variable,3275,3275,variable,PF
20260811_121452_stage_B_2C_4168a6e9,variable,3276,3276,variable,PF
20260811_121452_stage_B_2C_4168a6e9,variable,3277,3277,variable,Pch
20260811_121452_stage_B_2C_4168a6e9,variable,3278,3278,variable,Pch
20260811_121452_stage_B_2C_4168a6e9,variable,3279,3279,variable,Pdis
20260811_121452_stage_B_2C_4168a6e9,variable,3280,3280,variable,Pdis
20260811_121452_stage_B_2C_4168a6e9,variable,3281,3281,variable,SOC
20260811_121452_stage_B_2C_4168a6e9,variable,3282,3282,variable,SOC
20260811_121452_stage_B_2C_4168a6e9,variable,3283,3283,variable,PW
20260811_121452_stage_B_2C_4168a6e9,variable,3284,3284,variable,PW
20260811_121452_stage_B_2C_4168a6e9,variable,3285,3285,variable,PW
20260811_121452_stage_B_2C_4168a6e9,variable,3286,3286,variable,PW
20260811_121452_stage_B_2C_4168a6e9,variable,3287,3287,variable,PW
20260811_121452_stage_B_2C_4168a6e9,variable,3288,3288,variable,PH
20260811_121452_stage_B_2C_4168a6e9,variable,3289,3289,variable,PH
20260811_121452_stage_B_2C_4168a6e9,variable,3290,3290,variable,PH
20260811_121452_stage_B_2C_4168a6e9,variable,3291,3291,variable,PH
20260811_121452_stage_B_2C_4168a6e9,variable,3292,3292,variable,PF
20260811_121452_stage_B_2C_4168a6e9,variable,3293,3293,variable,PF
20260811_121452_stage_B_2C_4168a6e9,variable,3294,3294,variable,PF
20260811_121452_stage_B_2C_4168a6e9,variable,3295,3295,variable,PF
20260811_121452_stage_B_2C_4168a6e9,variable,3296,3296,variable,Pch
20260811_121452_stage_B_2C_4168a6e9,variable,3297,3297,variable,Pch
20260811_121452_stage_B_2C_4168a6e9,variable,3298,3298,variable,Pdis
20260811_121452_stage_B_2C_4168a6e9,variable,3299,3299,variable,Pdis
20260811_121452_stage_B_2C_4168a6e9,variable,3300,3300,variable,SOC
20260811_121452_stage_B_2C_4168a6e9,variable,3301,3301,variable,SOC
20260811_121452_stage_B_2C_4168a6e9,variable,3302,3302,variable,PW
20260811_121452_stage_B_2C_4168a6e9,variable,3303,3303,variable,PW
20260811_121452_stage_B_2C_4168a6e9,variable,3304,3304,variable,PW
20260811_121452_stage_B_2C_4168a6e9,variable,3305,3305,variable,PW
20260811_121452_stage_B_2C_4168a6e9,variable,3306,3306,variable,PW
20260811_121452_stage_B_2C_4168a6e9,variable,3307,3307,variable,PH
20260811_121452_stage_B_2C_4168a6e9,variable,3308,3308,variable,PH
20260811_121452_stage_B_2C_4168a6e9,variable,3309,3309,variable,PH
20260811_121452_stage_B_2C_4168a6e9,variable,3310,3310,variable,PH
20260811_121452_stage_B_2C_4168a6e9,variable,3311,3311,variable,PF
20260811_121452_stage_B_2C_4168a6e9,variable,3312,3312,variable,PF
20260811_121452_stage_B_2C_4168a6e9,variable,3313,3313,variable,PF
20260811_121452_stage_B_2C_4168a6e9,variable,3314,3314,variable,PF
20260811_121452_stage_B_2C_4168a6e9,variable,3315,3315,variable,Pch
20260811_121452_stage_B_2C_4168a6e9,variable,3316,3316,variable,Pch
20260811_121452_stage_B_2C_4168a6e9,variable,3317,3317,variable,Pdis
20260811_121452_stage_B_2C_4168a6e9,variable,3318,3318,variable,Pdis
20260811_121452_stage_B_2C_4168a6e9,variable,3319,3319,variable,SOC
20260811_121452_stage_B_2C_4168a6e9,variable,3320,3320,variable,SOC
20260811_121452_stage_B_2C_4168a6e9,variable,3321,3321,variable,PW
20260811_121452_stage_B_2C_4168a6e9,variable,3322,3322,variable,PW
20260811_121452_stage_B_2C_4168a6e9,variable,3323,3323,variable,PW
20260811_121452_stage_B_2C_4168a6e9,variable,3324,3324,variable,PW
20260811_121452_stage_B_2C_4168a6e9,variable,3325,3325,variable,PW
20260811_121452_stage_B_2C_4168a6e9,variable,3326,3326,variable,PH
20260811_121452_stage_B_2C_4168a6e9,variable,3327,3327,variable,PH
20260811_121452_stage_B_2C_4168a6e9,variable,3328,3328,variable,PH
20260811_121452_stage_B_2C_4168a6e9,variable,3329,3329,variable,PH
20260811_121452_stage_B_2C_4168a6e9,variable,3330,3330,variable,PF
20260811_121452_stage_B_2C_4168a6e9,variable,3331,3331,variable,PF
20260811_121452_stage_B_2C_4168a6e9,variable,3332,3332,variable,PF
20260811_121452_stage_B_2C_4168a6e9,variable,3333,3333,variable,PF
20260811_121452_stage_B_2C_4168a6e9,variable,3334,3334,variable,Pch
20260811_121452_stage_B_2C_4168a6e9,variable,3335,3335,variable,Pch
20260811_121452_stage_B_2C_4168a6e9,variable,3336,3336,variable,Pdis
20260811_121452_stage_B_2C_4168a6e9,variable,3337,3337,variable,Pdis
20260811_121452_stage_B_2C_4168a6e9,variable,3338,3338,variable,SOC
20260811_121452_stage_B_2C_4168a6e9,variable,3339,3339,variable,SOC
20260811_121452_stage_B_2C_4168a6e9,variable,3340,3340,variable,PW
20260811_121452_stage_B_2C_4168a6e9,variable,3341,3341,variable,PW
20260811_121452_stage_B_2C_4168a6e9,variable,3342,3342,variable,PW
20260811_121452_stage_B_2C_4168a6e9,variable,3343,3343,variable,PW
20260811_121452_stage_B_2C_4168a6e9,variable,3344,3344,variable,PW
20260811_121452_stage_B_2C_4168a6e9,variable,3345,3345,variable,PP
20260811_121452_stage_B_2C_4168a6e9,variable,3346,3346,variable,PP
20260811_121452_stage_B_2C_4168a6e9,variable,3347,3347,variable,PP
20260811_121452_stage_B_2C_4168a6e9,variable,3348,3348,variable,PP
20260811_121452_stage_B_2C_4168a6e9,variable,3349,3349,variable,PP
20260811_121452_stage_B_2C_4168a6e9,variable,3350,3350,variable,PH
20260811_121452_stage_B_2C_4168a6e9,variable,3351,3351,variable,PH
20260811_121452_stage_B_2C_4168a6e9,variable,3352,3352,variable,PH
20260811_121452_stage_B_2C_4168a6e9,variable,3353,3353,variable,PH
20260811_121452_stage_B_2C_4168a6e9,variable,3354,3354,variable,PF
20260811_121452_stage_B_2C_4168a6e9,variable,3355,3355,variable,PF
20260811_121452_stage_B_2C_4168a6e9,variable,3356,3356,variable,PF
20260811_121452_stage_B_2C_4168a6e9,variable,3357,3357,variable,PF
20260811_121452_stage_B_2C_4168a6e9,variable,3358,3358,variable,Pch
20260811_121452_stage_B_2C_4168a6e9,variable,3359,3359,variable,Pch
20260811_121452_stage_B_2C_4168a6e9,variable,3360,3360,variable,Pdis
20260811_121452_stage_B_2C_4168a6e9,variable,3361,3361,variable,Pdis
20260811_121452_stage_B_2C_4168a6e9,variable,3362,3362,variable,SOC
20260811_121452_stage_B_2C_4168a6e9,variable,3363,3363,variable,SOC
20260811_121452_stage_B_2C_4168a6e9,variable,3364,3364,variable,PW
20260811_121452_stage_B_2C_4168a6e9,variable,3365,3365,variable,PW
20260811_121452_stage_B_2C_4168a6e9,variable,3366,3366,variable,PW
20260811_121452_stage_B_2C_4168a6e9,variable,3367,3367,variable,PW
20260811_121452_stage_B_2C_4168a6e9,variable,3368,3368,variable,PW
20260811_121452_stage_B_2C_4168a6e9,variable,3369,3369,variable,PP
20260811_121452_stage_B_2C_4168a6e9,variable,3370,3370,variable,PP
20260811_121452_stage_B_2C_4168a6e9,variable,3371,3371,variable,PP
20260811_121452_stage_B_2C_4168a6e9,variable,3372,3372,variable,PP
20260811_121452_stage_B_2C_4168a6e9,variable,3373,3373,variable,PP
20260811_121452_stage_B_2C_4168a6e9,variable,3374,3374,variable,PH
20260811_121452_stage_B_2C_4168a6e9,variable,3375,3375,variable,PH
20260811_121452_stage_B_2C_4168a6e9,variable,3376,3376,variable,PH
20260811_121452_stage_B_2C_4168a6e9,variable,3377,3377,variable,PH
20260811_121452_stage_B_2C_4168a6e9,variable,3378,3378,variable,PF
20260811_121452_stage_B_2C_4168a6e9,variable,3379,3379,variable,PF
20260811_121452_stage_B_2C_4168a6e9,variable,3380,3380,variable,PF
20260811_121452_stage_B_2C_4168a6e9,variable,3381,3381,variable,PF
20260811_121452_stage_B_2C_4168a6e9,variable,3382,3382,variable,Pch
20260811_121452_stage_B_2C_4168a6e9,variable,3383,3383,variable,Pch
20260811_121452_stage_B_2C_4168a6e9,variable,3384,3384,variable,Pdis
20260811_121452_stage_B_2C_4168a6e9,variable,3385,3385,variable,Pdis
20260811_121452_stage_B_2C_4168a6e9,variable,3386,3386,variable,SOC
20260811_121452_stage_B_2C_4168a6e9,variable,3387,3387,variable,SOC
20260811_121452_stage_B_2C_4168a6e9,variable,3388,3388,variable,PW
20260811_121452_stage_B_2C_4168a6e9,variable,3389,3389,variable,PW
20260811_121452_stage_B_2C_4168a6e9,variable,3390,3390,variable,PW
20260811_121452_stage_B_2C_4168a6e9,variable,3391,3391,variable,PW
20260811_121452_stage_B_2C_4168a6e9,variable,3392,3392,variable,PW
20260811_121452_stage_B_2C_4168a6e9,variable,3393,3393,variable,PP
20260811_121452_stage_B_2C_4168a6e9,variable,3394,3394,variable,PP
20260811_121452_stage_B_2C_4168a6e9,variable,3395,3395,variable,PP
20260811_121452_stage_B_2C_4168a6e9,variable,3396,3396,variable,PP
20260811_121452_stage_B_2C_4168a6e9,variable,3397,3397,variable,PP
20260811_121452_stage_B_2C_4168a6e9,variable,3398,3398,variable,PH
20260811_121452_stage_B_2C_4168a6e9,variable,3399,3399,variable,PH
20260811_121452_stage_B_2C_4168a6e9,variable,3400,3400,variable,PH
20260811_121452_stage_B_2C_4168a6e9,variable,3401,3401,variable,PH
20260811_121452_stage_B_2C_4168a6e9,variable,3402,3402,variable,PF
20260811_121452_stage_B_2C_4168a6e9,variable,3403,3403,variable,PF
20260811_121452_stage_B_2C_4168a6e9,variable,3404,3404,variable,PF
20260811_121452_stage_B_2C_4168a6e9,variable,3405,3405,variable,PF
20260811_121452_stage_B_2C_4168a6e9,variable,3406,3406,variable,Pch
20260811_121452_stage_B_2C_4168a6e9,variable,3407,3407,variable,Pch
20260811_121452_stage_B_2C_4168a6e9,variable,3408,3408,variable,Pdis
20260811_121452_stage_B_2C_4168a6e9,variable,3409,3409,variable,Pdis
20260811_121452_stage_B_2C_4168a6e9,variable,3410,3410,variable,SOC
20260811_121452_stage_B_2C_4168a6e9,variable,3411,3411,variable,SOC
20260811_121452_stage_B_2C_4168a6e9,variable,3412,3412,variable,PW
20260811_121452_stage_B_2C_4168a6e9,variable,3413,3413,variable,PW
20260811_121452_stage_B_2C_4168a6e9,variable,3414,3414,variable,PW
20260811_121452_stage_B_2C_4168a6e9,variable,3415,3415,variable,PW
20260811_121452_stage_B_2C_4168a6e9,variable,3416,3416,variable,PW
20260811_121452_stage_B_2C_4168a6e9,variable,3417,3417,variable,PP
20260811_121452_stage_B_2C_4168a6e9,variable,3418,3418,variable,PP
20260811_121452_stage_B_2C_4168a6e9,variable,3419,3419,variable,PP
20260811_121452_stage_B_2C_4168a6e9,variable,3420,3420,variable,PP
20260811_121452_stage_B_2C_4168a6e9,variable,3421,3421,variable,PP
20260811_121452_stage_B_2C_4168a6e9,variable,3422,3422,variable,PH
20260811_121452_stage_B_2C_4168a6e9,variable,3423,3423,variable,PH
20260811_121452_stage_B_2C_4168a6e9,variable,3424,3424,variable,PH
20260811_121452_stage_B_2C_4168a6e9,variable,3425,3425,variable,PH
20260811_121452_stage_B_2C_4168a6e9,variable,3426,3426,variable,PF
20260811_121452_stage_B_2C_4168a6e9,variable,3427,3427,variable,PF
20260811_121452_stage_B_2C_4168a6e9,variable,3428,3428,variable,PF
20260811_121452_stage_B_2C_4168a6e9,variable,3429,3429,variable,PF
20260811_121452_stage_B_2C_4168a6e9,variable,3430,3430,variable,Pch
20260811_121452_stage_B_2C_4168a6e9,variable,3431,3431,variable,Pch
20260811_121452_stage_B_2C_4168a6e9,variable,3432,3432,variable,Pdis
20260811_121452_stage_B_2C_4168a6e9,variable,3433,3433,variable,Pdis
20260811_121452_stage_B_2C_4168a6e9,variable,3434,3434,variable,SOC
20260811_121452_stage_B_2C_4168a6e9,variable,3435,3435,variable,SOC
20260811_121452_stage_B_2C_4168a6e9,variable,3436,3436,variable,PW
20260811_121452_stage_B_2C_4168a6e9,variable,3437,3437,variable,PW
20260811_121452_stage_B_2C_4168a6e9,variable,3438,3438,variable,PW
20260811_121452_stage_B_2C_4168a6e9,variable,3439,3439,variable,PW
20260811_121452_stage_B_2C_4168a6e9,variable,3440,3440,variable,PW
20260811_121452_stage_B_2C_4168a6e9,variable,3441,3441,variable,PP
20260811_121452_stage_B_2C_4168a6e9,variable,3442,3442,variable,PP
20260811_121452_stage_B_2C_4168a6e9,variable,3443,3443,variable,PP
20260811_121452_stage_B_2C_4168a6e9,variable,3444,3444,variable,PP
20260811_121452_stage_B_2C_4168a6e9,variable,3445,3445,variable,PP
20260811_121452_stage_B_2C_4168a6e9,variable,3446,3446,variable,PH
20260811_121452_stage_B_2C_4168a6e9,variable,3447,3447,variable,PH
20260811_121452_stage_B_2C_4168a6e9,variable,3448,3448,variable,PH
20260811_121452_stage_B_2C_4168a6e9,variable,3449,3449,variable,PH
20260811_121452_stage_B_2C_4168a6e9,variable,3450,3450,variable,PF
20260811_121452_stage_B_2C_4168a6e9,variable,3451,3451,variable,PF
20260811_121452_stage_B_2C_4168a6e9,variable,3452,3452,variable,PF
20260811_121452_stage_B_2C_4168a6e9,variable,3453,3453,variable,PF
20260811_121452_stage_B_2C_4168a6e9,variable,3454,3454,variable,Pch
20260811_121452_stage_B_2C_4168a6e9,variable,3455,3455,variable,Pch
20260811_121452_stage_B_2C_4168a6e9,variable,3456,3456,variable,Pdis
20260811_121452_stage_B_2C_4168a6e9,variable,3457,3457,variable,Pdis
20260811_121452_stage_B_2C_4168a6e9,variable,3458,3458,variable,SOC
20260811_121452_stage_B_2C_4168a6e9,variable,3459,3459,variable,SOC
20260811_121452_stage_B_2C_4168a6e9,variable,3460,3460,variable,PW
20260811_121452_stage_B_2C_4168a6e9,variable,3461,3461,variable,PW
20260811_121452_stage_B_2C_4168a6e9,variable,3462,3462,variable,PW
20260811_121452_stage_B_2C_4168a6e9,variable,3463,3463,variable,PW
20260811_121452_stage_B_2C_4168a6e9,variable,3464,3464,variable,PW
20260811_121452_stage_B_2C_4168a6e9,variable,3465,3465,variable,PP
20260811_121452_stage_B_2C_4168a6e9,variable,3466,3466,variable,PP
20260811_121452_stage_B_2C_4168a6e9,variable,3467,3467,variable,PP
20260811_121452_stage_B_2C_4168a6e9,variable,3468,3468,variable,PP
20260811_121452_stage_B_2C_4168a6e9,variable,3469,3469,variable,PP
20260811_121452_stage_B_2C_4168a6e9,variable,3470,3470,variable,PH
20260811_121452_stage_B_2C_4168a6e9,variable,3471,3471,variable,PH
20260811_121452_stage_B_2C_4168a6e9,variable,3472,3472,variable,PH
20260811_121452_stage_B_2C_4168a6e9,variable,3473,3473,variable,PH
20260811_121452_stage_B_2C_4168a6e9,variable,3474,3474,variable,PF
20260811_121452_stage_B_2C_4168a6e9,variable,3475,3475,variable,PF
20260811_121452_stage_B_2C_4168a6e9,variable,3476,3476,variable,PF
20260811_121452_stage_B_2C_4168a6e9,variable,3477,3477,variable,PF
20260811_121452_stage_B_2C_4168a6e9,variable,3478,3478,variable,Pch
20260811_121452_stage_B_2C_4168a6e9,variable,3479,3479,variable,Pch
20260811_121452_stage_B_2C_4168a6e9,variable,3480,3480,variable,Pdis
20260811_121452_stage_B_2C_4168a6e9,variable,3481,3481,variable,Pdis
20260811_121452_stage_B_2C_4168a6e9,variable,3482,3482,variable,SOC
20260811_121452_stage_B_2C_4168a6e9,variable,3483,3483,variable,SOC
20260811_121452_stage_B_2C_4168a6e9,variable,3484,3484,variable,PW
20260811_121452_stage_B_2C_4168a6e9,variable,3485,3485,variable,PW
20260811_121452_stage_B_2C_4168a6e9,variable,3486,3486,variable,PW
20260811_121452_stage_B_2C_4168a6e9,variable,3487,3487,variable,PW
20260811_121452_stage_B_2C_4168a6e9,variable,3488,3488,variable,PW
20260811_121452_stage_B_2C_4168a6e9,variable,3489,3489,variable,PP
20260811_121452_stage_B_2C_4168a6e9,variable,3490,3490,variable,PP
20260811_121452_stage_B_2C_4168a6e9,variable,3491,3491,variable,PP
20260811_121452_stage_B_2C_4168a6e9,variable,3492,3492,variable,PP
20260811_121452_stage_B_2C_4168a6e9,variable,3493,3493,variable,PP
20260811_121452_stage_B_2C_4168a6e9,variable,3494,3494,variable,PH
20260811_121452_stage_B_2C_4168a6e9,variable,3495,3495,variable,PH
20260811_121452_stage_B_2C_4168a6e9,variable,3496,3496,variable,PH
20260811_121452_stage_B_2C_4168a6e9,variable,3497,3497,variable,PH
20260811_121452_stage_B_2C_4168a6e9,variable,3498,3498,variable,PF
20260811_121452_stage_B_2C_4168a6e9,variable,3499,3499,variable,PF
20260811_121452_stage_B_2C_4168a6e9,variable,3500,3500,variable,PF
20260811_121452_stage_B_2C_4168a6e9,variable,3501,3501,variable,PF
20260811_121452_stage_B_2C_4168a6e9,variable,3502,3502,variable,Pch
20260811_121452_stage_B_2C_4168a6e9,variable,3503,3503,variable,Pch
20260811_121452_stage_B_2C_4168a6e9,variable,3504,3504,variable,Pdis
20260811_121452_stage_B_2C_4168a6e9,variable,3505,3505,variable,Pdis
20260811_121452_stage_B_2C_4168a6e9,variable,3506,3506,variable,SOC
20260811_121452_stage_B_2C_4168a6e9,variable,3507,3507,variable,SOC
20260811_121452_stage_B_2C_4168a6e9,variable,3508,3508,variable,PW
20260811_121452_stage_B_2C_4168a6e9,variable,3509,3509,variable,PW
20260811_121452_stage_B_2C_4168a6e9,variable,3510,3510,variable,PW
20260811_121452_stage_B_2C_4168a6e9,variable,3511,3511,variable,PW
20260811_121452_stage_B_2C_4168a6e9,variable,3512,3512,variable,PW
20260811_121452_stage_B_2C_4168a6e9,variable,3513,3513,variable,PP
20260811_121452_stage_B_2C_4168a6e9,variable,3514,3514,variable,PP
20260811_121452_stage_B_2C_4168a6e9,variable,3515,3515,variable,PP
20260811_121452_stage_B_2C_4168a6e9,variable,3516,3516,variable,PP
20260811_121452_stage_B_2C_4168a6e9,variable,3517,3517,variable,PP
20260811_121452_stage_B_2C_4168a6e9,variable,3518,3518,variable,PH
20260811_121452_stage_B_2C_4168a6e9,variable,3519,3519,variable,PH
20260811_121452_stage_B_2C_4168a6e9,variable,3520,3520,variable,PH
20260811_121452_stage_B_2C_4168a6e9,variable,3521,3521,variable,PH
20260811_121452_stage_B_2C_4168a6e9,variable,3522,3522,variable,PF
20260811_121452_stage_B_2C_4168a6e9,variable,3523,3523,variable,PF
20260811_121452_stage_B_2C_4168a6e9,variable,3524,3524,variable,PF
20260811_121452_stage_B_2C_4168a6e9,variable,3525,3525,variable,PF
20260811_121452_stage_B_2C_4168a6e9,variable,3526,3526,variable,Pch
20260811_121452_stage_B_2C_4168a6e9,variable,3527,3527,variable,Pch
20260811_121452_stage_B_2C_4168a6e9,variable,3528,3528,variable,Pdis
20260811_121452_stage_B_2C_4168a6e9,variable,3529,3529,variable,Pdis
20260811_121452_stage_B_2C_4168a6e9,variable,3530,3530,variable,SOC
20260811_121452_stage_B_2C_4168a6e9,variable,3531,3531,variable,SOC
20260811_121452_stage_B_2C_4168a6e9,variable,3532,3532,variable,PW
20260811_121452_stage_B_2C_4168a6e9,variable,3533,3533,variable,PW
20260811_121452_stage_B_2C_4168a6e9,variable,3534,3534,variable,PW
20260811_121452_stage_B_2C_4168a6e9,variable,3535,3535,variable,PW
20260811_121452_stage_B_2C_4168a6e9,variable,3536,3536,variable,PW
20260811_121452_stage_B_2C_4168a6e9,variable,3537,3537,variable,PP
20260811_121452_stage_B_2C_4168a6e9,variable,3538,3538,variable,PP
20260811_121452_stage_B_2C_4168a6e9,variable,3539,3539,variable,PP
20260811_121452_stage_B_2C_4168a6e9,variable,3540,3540,variable,PP
20260811_121452_stage_B_2C_4168a6e9,variable,3541,3541,variable,PP
20260811_121452_stage_B_2C_4168a6e9,variable,3542,3542,variable,PH
20260811_121452_stage_B_2C_4168a6e9,variable,3543,3543,variable,PH
20260811_121452_stage_B_2C_4168a6e9,variable,3544,3544,variable,PH
20260811_121452_stage_B_2C_4168a6e9,variable,3545,3545,variable,PH
20260811_121452_stage_B_2C_4168a6e9,variable,3546,3546,variable,PF
20260811_121452_stage_B_2C_4168a6e9,variable,3547,3547,variable,PF
20260811_121452_stage_B_2C_4168a6e9,variable,3548,3548,variable,PF
20260811_121452_stage_B_2C_4168a6e9,variable,3549,3549,variable,PF
20260811_121452_stage_B_2C_4168a6e9,variable,3550,3550,variable,Pch
20260811_121452_stage_B_2C_4168a6e9,variable,3551,3551,variable,Pch
20260811_121452_stage_B_2C_4168a6e9,variable,3552,3552,variable,Pdis
20260811_121452_stage_B_2C_4168a6e9,variable,3553,3553,variable,Pdis
20260811_121452_stage_B_2C_4168a6e9,variable,3554,3554,variable,SOC
20260811_121452_stage_B_2C_4168a6e9,variable,3555,3555,variable,SOC
20260811_121452_stage_B_2C_4168a6e9,variable,3556,3556,variable,PW
20260811_121452_stage_B_2C_4168a6e9,variable,3557,3557,variable,PW
20260811_121452_stage_B_2C_4168a6e9,variable,3558,3558,variable,PW
20260811_121452_stage_B_2C_4168a6e9,variable,3559,3559,variable,PW
20260811_121452_stage_B_2C_4168a6e9,variable,3560,3560,variable,PW
20260811_121452_stage_B_2C_4168a6e9,variable,3561,3561,variable,PP
20260811_121452_stage_B_2C_4168a6e9,variable,3562,3562,variable,PP
20260811_121452_stage_B_2C_4168a6e9,variable,3563,3563,variable,PP
20260811_121452_stage_B_2C_4168a6e9,variable,3564,3564,variable,PP
20260811_121452_stage_B_2C_4168a6e9,variable,3565,3565,variable,PP
20260811_121452_stage_B_2C_4168a6e9,variable,3566,3566,variable,PH
20260811_121452_stage_B_2C_4168a6e9,variable,3567,3567,variable,PH
20260811_121452_stage_B_2C_4168a6e9,variable,3568,3568,variable,PH
20260811_121452_stage_B_2C_4168a6e9,variable,3569,3569,variable,PH
20260811_121452_stage_B_2C_4168a6e9,variable,3570,3570,variable,PF
20260811_121452_stage_B_2C_4168a6e9,variable,3571,3571,variable,PF
20260811_121452_stage_B_2C_4168a6e9,variable,3572,3572,variable,PF
20260811_121452_stage_B_2C_4168a6e9,variable,3573,3573,variable,PF
20260811_121452_stage_B_2C_4168a6e9,variable,3574,3574,variable,Pch
20260811_121452_stage_B_2C_4168a6e9,variable,3575,3575,variable,Pch
20260811_121452_stage_B_2C_4168a6e9,variable,3576,3576,variable,Pdis
20260811_121452_stage_B_2C_4168a6e9,variable,3577,3577,variable,Pdis
20260811_121452_stage_B_2C_4168a6e9,variable,3578,3578,variable,SOC
20260811_121452_stage_B_2C_4168a6e9,variable,3579,3579,variable,SOC
20260811_121452_stage_B_2C_4168a6e9,variable,3580,3580,variable,PW
20260811_121452_stage_B_2C_4168a6e9,variable,3581,3581,variable,PW
20260811_121452_stage_B_2C_4168a6e9,variable,3582,3582,variable,PW
20260811_121452_stage_B_2C_4168a6e9,variable,3583,3583,variable,PW
20260811_121452_stage_B_2C_4168a6e9,variable,3584,3584,variable,PW
20260811_121452_stage_B_2C_4168a6e9,variable,3585,3585,variable,PP
20260811_121452_stage_B_2C_4168a6e9,variable,3586,3586,variable,PP
20260811_121452_stage_B_2C_4168a6e9,variable,3587,3587,variable,PP
20260811_121452_stage_B_2C_4168a6e9,variable,3588,3588,variable,PP
20260811_121452_stage_B_2C_4168a6e9,variable,3589,3589,variable,PP
20260811_121452_stage_B_2C_4168a6e9,variable,3590,3590,variable,PH
20260811_121452_stage_B_2C_4168a6e9,variable,3591,3591,variable,PH
20260811_121452_stage_B_2C_4168a6e9,variable,3592,3592,variable,PH
20260811_121452_stage_B_2C_4168a6e9,variable,3593,3593,variable,PH
20260811_121452_stage_B_2C_4168a6e9,variable,3594,3594,variable,PF
20260811_121452_stage_B_2C_4168a6e9,variable,3595,3595,variable,PF
20260811_121452_stage_B_2C_4168a6e9,variable,3596,3596,variable,PF
20260811_121452_stage_B_2C_4168a6e9,variable,3597,3597,variable,PF
20260811_121452_stage_B_2C_4168a6e9,variable,3598,3598,variable,Pch
20260811_121452_stage_B_2C_4168a6e9,variable,3599,3599,variable,Pch
20260811_121452_stage_B_2C_4168a6e9,variable,3600,3600,variable,Pdis
20260811_121452_stage_B_2C_4168a6e9,variable,3601,3601,variable,Pdis
20260811_121452_stage_B_2C_4168a6e9,variable,3602,3602,variable,SOC
20260811_121452_stage_B_2C_4168a6e9,variable,3603,3603,variable,SOC
20260811_121452_stage_B_2C_4168a6e9,variable,3604,3604,variable,PW
20260811_121452_stage_B_2C_4168a6e9,variable,3605,3605,variable,PW
20260811_121452_stage_B_2C_4168a6e9,variable,3606,3606,variable,PW
20260811_121452_stage_B_2C_4168a6e9,variable,3607,3607,variable,PW
20260811_121452_stage_B_2C_4168a6e9,variable,3608,3608,variable,PW
20260811_121452_stage_B_2C_4168a6e9,variable,3609,3609,variable,PP
20260811_121452_stage_B_2C_4168a6e9,variable,3610,3610,variable,PP
20260811_121452_stage_B_2C_4168a6e9,variable,3611,3611,variable,PP
20260811_121452_stage_B_2C_4168a6e9,variable,3612,3612,variable,PP
20260811_121452_stage_B_2C_4168a6e9,variable,3613,3613,variable,PP
20260811_121452_stage_B_2C_4168a6e9,variable,3614,3614,variable,PH
20260811_121452_stage_B_2C_4168a6e9,variable,3615,3615,variable,PH
20260811_121452_stage_B_2C_4168a6e9,variable,3616,3616,variable,PH
20260811_121452_stage_B_2C_4168a6e9,variable,3617,3617,variable,PH
20260811_121452_stage_B_2C_4168a6e9,variable,3618,3618,variable,PF
20260811_121452_stage_B_2C_4168a6e9,variable,3619,3619,variable,PF
20260811_121452_stage_B_2C_4168a6e9,variable,3620,3620,variable,PF
20260811_121452_stage_B_2C_4168a6e9,variable,3621,3621,variable,PF
20260811_121452_stage_B_2C_4168a6e9,variable,3622,3622,variable,Pch
20260811_121452_stage_B_2C_4168a6e9,variable,3623,3623,variable,Pch
20260811_121452_stage_B_2C_4168a6e9,variable,3624,3624,variable,Pdis
20260811_121452_stage_B_2C_4168a6e9,variable,3625,3625,variable,Pdis
20260811_121452_stage_B_2C_4168a6e9,variable,3626,3626,variable,SOC
20260811_121452_stage_B_2C_4168a6e9,variable,3627,3627,variable,SOC
20260811_121452_stage_B_2C_4168a6e9,variable,3628,3628,variable,PW
20260811_121452_stage_B_2C_4168a6e9,variable,3629,3629,variable,PW
20260811_121452_stage_B_2C_4168a6e9,variable,3630,3630,variable,PW
20260811_121452_stage_B_2C_4168a6e9,variable,3631,3631,variable,PW
20260811_121452_stage_B_2C_4168a6e9,variable,3632,3632,variable,PW
20260811_121452_stage_B_2C_4168a6e9,variable,3633,3633,variable,PH
20260811_121452_stage_B_2C_4168a6e9,variable,3634,3634,variable,PH
20260811_121452_stage_B_2C_4168a6e9,variable,3635,3635,variable,PH
20260811_121452_stage_B_2C_4168a6e9,variable,3636,3636,variable,PH
20260811_121452_stage_B_2C_4168a6e9,variable,3637,3637,variable,PF
20260811_121452_stage_B_2C_4168a6e9,variable,3638,3638,variable,PF
20260811_121452_stage_B_2C_4168a6e9,variable,3639,3639,variable,PF
20260811_121452_stage_B_2C_4168a6e9,variable,3640,3640,variable,PF
20260811_121452_stage_B_2C_4168a6e9,variable,3641,3641,variable,Pch
20260811_121452_stage_B_2C_4168a6e9,variable,3642,3642,variable,Pch
20260811_121452_stage_B_2C_4168a6e9,variable,3643,3643,variable,Pdis
20260811_121452_stage_B_2C_4168a6e9,variable,3644,3644,variable,Pdis
20260811_121452_stage_B_2C_4168a6e9,variable,3645,3645,variable,SOC
20260811_121452_stage_B_2C_4168a6e9,variable,3646,3646,variable,SOC
20260811_121452_stage_B_2C_4168a6e9,variable,3647,3647,variable,PW
20260811_121452_stage_B_2C_4168a6e9,variable,3648,3648,variable,PW
20260811_121452_stage_B_2C_4168a6e9,variable,3649,3649,variable,PW
20260811_121452_stage_B_2C_4168a6e9,variable,3650,3650,variable,PW
20260811_121452_stage_B_2C_4168a6e9,variable,3651,3651,variable,PW
20260811_121452_stage_B_2C_4168a6e9,variable,3652,3652,variable,PH
20260811_121452_stage_B_2C_4168a6e9,variable,3653,3653,variable,PH
20260811_121452_stage_B_2C_4168a6e9,variable,3654,3654,variable,PH
20260811_121452_stage_B_2C_4168a6e9,variable,3655,3655,variable,PH
20260811_121452_stage_B_2C_4168a6e9,variable,3656,3656,variable,PF
20260811_121452_stage_B_2C_4168a6e9,variable,3657,3657,variable,PF
20260811_121452_stage_B_2C_4168a6e9,variable,3658,3658,variable,PF
20260811_121452_stage_B_2C_4168a6e9,variable,3659,3659,variable,PF
20260811_121452_stage_B_2C_4168a6e9,variable,3660,3660,variable,Pch
20260811_121452_stage_B_2C_4168a6e9,variable,3661,3661,variable,Pch
20260811_121452_stage_B_2C_4168a6e9,variable,3662,3662,variable,Pdis
20260811_121452_stage_B_2C_4168a6e9,variable,3663,3663,variable,Pdis
20260811_121452_stage_B_2C_4168a6e9,variable,3664,3664,variable,SOC
20260811_121452_stage_B_2C_4168a6e9,variable,3665,3665,variable,SOC
20260811_121452_stage_B_2C_4168a6e9,variable,3666,3666,variable,PW
20260811_121452_stage_B_2C_4168a6e9,variable,3667,3667,variable,PW
20260811_121452_stage_B_2C_4168a6e9,variable,3668,3668,variable,PW
20260811_121452_stage_B_2C_4168a6e9,variable,3669,3669,variable,PW
20260811_121452_stage_B_2C_4168a6e9,variable,3670,3670,variable,PW
20260811_121452_stage_B_2C_4168a6e9,variable,3671,3671,variable,PH
20260811_121452_stage_B_2C_4168a6e9,variable,3672,3672,variable,PH
20260811_121452_stage_B_2C_4168a6e9,variable,3673,3673,variable,PH
20260811_121452_stage_B_2C_4168a6e9,variable,3674,3674,variable,PH
20260811_121452_stage_B_2C_4168a6e9,variable,3675,3675,variable,PF
20260811_121452_stage_B_2C_4168a6e9,variable,3676,3676,variable,PF
20260811_121452_stage_B_2C_4168a6e9,variable,3677,3677,variable,PF
20260811_121452_stage_B_2C_4168a6e9,variable,3678,3678,variable,PF
20260811_121452_stage_B_2C_4168a6e9,variable,3679,3679,variable,Pch
20260811_121452_stage_B_2C_4168a6e9,variable,3680,3680,variable,Pch
20260811_121452_stage_B_2C_4168a6e9,variable,3681,3681,variable,Pdis
20260811_121452_stage_B_2C_4168a6e9,variable,3682,3682,variable,Pdis
20260811_121452_stage_B_2C_4168a6e9,variable,3683,3683,variable,SOC
20260811_121452_stage_B_2C_4168a6e9,variable,3684,3684,variable,SOC
20260811_121452_stage_B_2C_4168a6e9,variable,3685,3685,variable,PW
20260811_121452_stage_B_2C_4168a6e9,variable,3686,3686,variable,PW
20260811_121452_stage_B_2C_4168a6e9,variable,3687,3687,variable,PW
20260811_121452_stage_B_2C_4168a6e9,variable,3688,3688,variable,PW
20260811_121452_stage_B_2C_4168a6e9,variable,3689,3689,variable,PW
20260811_121452_stage_B_2C_4168a6e9,variable,3690,3690,variable,PH
20260811_121452_stage_B_2C_4168a6e9,variable,3691,3691,variable,PH
20260811_121452_stage_B_2C_4168a6e9,variable,3692,3692,variable,PH
20260811_121452_stage_B_2C_4168a6e9,variable,3693,3693,variable,PH
20260811_121452_stage_B_2C_4168a6e9,variable,3694,3694,variable,PF
20260811_121452_stage_B_2C_4168a6e9,variable,3695,3695,variable,PF
20260811_121452_stage_B_2C_4168a6e9,variable,3696,3696,variable,PF
20260811_121452_stage_B_2C_4168a6e9,variable,3697,3697,variable,PF
20260811_121452_stage_B_2C_4168a6e9,variable,3698,3698,variable,Pch
20260811_121452_stage_B_2C_4168a6e9,variable,3699,3699,variable,Pch
20260811_121452_stage_B_2C_4168a6e9,variable,3700,3700,variable,Pdis
20260811_121452_stage_B_2C_4168a6e9,variable,3701,3701,variable,Pdis
20260811_121452_stage_B_2C_4168a6e9,variable,3702,3702,variable,SOC
20260811_121452_stage_B_2C_4168a6e9,variable,3703,3703,variable,SOC
20260811_121452_stage_B_2C_4168a6e9,variable,3704,3704,variable,PW
20260811_121452_stage_B_2C_4168a6e9,variable,3705,3705,variable,PW
20260811_121452_stage_B_2C_4168a6e9,variable,3706,3706,variable,PW
20260811_121452_stage_B_2C_4168a6e9,variable,3707,3707,variable,PW
20260811_121452_stage_B_2C_4168a6e9,variable,3708,3708,variable,PW
20260811_121452_stage_B_2C_4168a6e9,variable,3709,3709,variable,PH
20260811_121452_stage_B_2C_4168a6e9,variable,3710,3710,variable,PH
20260811_121452_stage_B_2C_4168a6e9,variable,3711,3711,variable,PH
20260811_121452_stage_B_2C_4168a6e9,variable,3712,3712,variable,PH
20260811_121452_stage_B_2C_4168a6e9,variable,3713,3713,variable,PF
20260811_121452_stage_B_2C_4168a6e9,variable,3714,3714,variable,PF
20260811_121452_stage_B_2C_4168a6e9,variable,3715,3715,variable,PF
20260811_121452_stage_B_2C_4168a6e9,variable,3716,3716,variable,PF
20260811_121452_stage_B_2C_4168a6e9,variable,3717,3717,variable,Pch
20260811_121452_stage_B_2C_4168a6e9,variable,3718,3718,variable,Pch
20260811_121452_stage_B_2C_4168a6e9,variable,3719,3719,variable,Pdis
20260811_121452_stage_B_2C_4168a6e9,variable,3720,3720,variable,Pdis
20260811_121452_stage_B_2C_4168a6e9,variable,3721,3721,variable,SOC
20260811_121452_stage_B_2C_4168a6e9,variable,3722,3722,variable,SOC
20260811_121452_stage_B_2C_4168a6e9,equality,1,1,constraint,EQ-DURATION-S01
20260811_121452_stage_B_2C_4168a6e9,equality,2,2,constraint,EQ-DURATION-S02
20260811_121452_stage_B_2C_4168a6e9,equality,3,3,constraint,EQ-QBIND-D014-QW1
20260811_121452_stage_B_2C_4168a6e9,equality,4,4,constraint,EQ-QBIND-D014-QW2
20260811_121452_stage_B_2C_4168a6e9,equality,5,5,constraint,EQ-QBIND-D014-QW3
20260811_121452_stage_B_2C_4168a6e9,equality,6,6,constraint,EQ-QBIND-D014-QW4
20260811_121452_stage_B_2C_4168a6e9,equality,7,7,constraint,EQ-QBIND-D014-QW5
20260811_121452_stage_B_2C_4168a6e9,equality,8,8,constraint,EQ-QBIND-D014-QP1
20260811_121452_stage_B_2C_4168a6e9,equality,9,9,constraint,EQ-QBIND-D014-QP2
20260811_121452_stage_B_2C_4168a6e9,equality,10,10,constraint,EQ-QBIND-D014-QP3
20260811_121452_stage_B_2C_4168a6e9,equality,11,11,constraint,EQ-QBIND-D014-QP4
20260811_121452_stage_B_2C_4168a6e9,equality,12,12,constraint,EQ-QBIND-D014-QP5
20260811_121452_stage_B_2C_4168a6e9,equality,13,13,constraint,EQ-QBIND-D014-QS1
20260811_121452_stage_B_2C_4168a6e9,equality,14,14,constraint,EQ-QBIND-D014-QS2
20260811_121452_stage_B_2C_4168a6e9,equality,15,15,constraint,EQ-QBIND-D014-ES1
20260811_121452_stage_B_2C_4168a6e9,equality,16,16,constraint,EQ-QBIND-D014-ES2
20260811_121452_stage_B_2C_4168a6e9,equality,17,17,constraint,EQ-BAL-D014-H01
20260811_121452_stage_B_2C_4168a6e9,equality,18,18,constraint,EQ-SOC-D014-H01-S01
20260811_121452_stage_B_2C_4168a6e9,equality,19,19,constraint,EQ-SOC-D014-H01-S02
20260811_121452_stage_B_2C_4168a6e9,equality,20,20,constraint,EQ-BAL-D014-H02
20260811_121452_stage_B_2C_4168a6e9,equality,21,21,constraint,EQ-SOC-D014-H02-S01
20260811_121452_stage_B_2C_4168a6e9,equality,22,22,constraint,EQ-SOC-D014-H02-S02
20260811_121452_stage_B_2C_4168a6e9,equality,23,23,constraint,EQ-BAL-D014-H03
20260811_121452_stage_B_2C_4168a6e9,equality,24,24,constraint,EQ-SOC-D014-H03-S01
20260811_121452_stage_B_2C_4168a6e9,equality,25,25,constraint,EQ-SOC-D014-H03-S02
20260811_121452_stage_B_2C_4168a6e9,equality,26,26,constraint,EQ-BAL-D014-H04
20260811_121452_stage_B_2C_4168a6e9,equality,27,27,constraint,EQ-SOC-D014-H04-S01
20260811_121452_stage_B_2C_4168a6e9,equality,28,28,constraint,EQ-SOC-D014-H04-S02
20260811_121452_stage_B_2C_4168a6e9,equality,29,29,constraint,EQ-BAL-D014-H05
20260811_121452_stage_B_2C_4168a6e9,equality,30,30,constraint,EQ-SOC-D014-H05-S01
20260811_121452_stage_B_2C_4168a6e9,equality,31,31,constraint,EQ-SOC-D014-H05-S02
20260811_121452_stage_B_2C_4168a6e9,equality,32,32,constraint,EQ-BAL-D014-H06
20260811_121452_stage_B_2C_4168a6e9,equality,33,33,constraint,EQ-SOC-D014-H06-S01
20260811_121452_stage_B_2C_4168a6e9,equality,34,34,constraint,EQ-SOC-D014-H06-S02
20260811_121452_stage_B_2C_4168a6e9,equality,35,35,constraint,EQ-BAL-D014-H07
20260811_121452_stage_B_2C_4168a6e9,equality,36,36,constraint,EQ-SOC-D014-H07-S01
20260811_121452_stage_B_2C_4168a6e9,equality,37,37,constraint,EQ-SOC-D014-H07-S02
20260811_121452_stage_B_2C_4168a6e9,equality,38,38,constraint,EQ-BAL-D014-H08
20260811_121452_stage_B_2C_4168a6e9,equality,39,39,constraint,EQ-SOC-D014-H08-S01
20260811_121452_stage_B_2C_4168a6e9,equality,40,40,constraint,EQ-SOC-D014-H08-S02
20260811_121452_stage_B_2C_4168a6e9,equality,41,41,constraint,EQ-BAL-D014-H09
20260811_121452_stage_B_2C_4168a6e9,equality,42,42,constraint,EQ-SOC-D014-H09-S01
20260811_121452_stage_B_2C_4168a6e9,equality,43,43,constraint,EQ-SOC-D014-H09-S02
20260811_121452_stage_B_2C_4168a6e9,equality,44,44,constraint,EQ-BAL-D014-H10
20260811_121452_stage_B_2C_4168a6e9,equality,45,45,constraint,EQ-SOC-D014-H10-S01
20260811_121452_stage_B_2C_4168a6e9,equality,46,46,constraint,EQ-SOC-D014-H10-S02
20260811_121452_stage_B_2C_4168a6e9,equality,47,47,constraint,EQ-BAL-D014-H11
20260811_121452_stage_B_2C_4168a6e9,equality,48,48,constraint,EQ-SOC-D014-H11-S01
20260811_121452_stage_B_2C_4168a6e9,equality,49,49,constraint,EQ-SOC-D014-H11-S02
20260811_121452_stage_B_2C_4168a6e9,equality,50,50,constraint,EQ-BAL-D014-H12
20260811_121452_stage_B_2C_4168a6e9,equality,51,51,constraint,EQ-SOC-D014-H12-S01
20260811_121452_stage_B_2C_4168a6e9,equality,52,52,constraint,EQ-SOC-D014-H12-S02
20260811_121452_stage_B_2C_4168a6e9,equality,53,53,constraint,EQ-BAL-D014-H13
20260811_121452_stage_B_2C_4168a6e9,equality,54,54,constraint,EQ-SOC-D014-H13-S01
20260811_121452_stage_B_2C_4168a6e9,equality,55,55,constraint,EQ-SOC-D014-H13-S02
20260811_121452_stage_B_2C_4168a6e9,equality,56,56,constraint,EQ-BAL-D014-H14
20260811_121452_stage_B_2C_4168a6e9,equality,57,57,constraint,EQ-SOC-D014-H14-S01
20260811_121452_stage_B_2C_4168a6e9,equality,58,58,constraint,EQ-SOC-D014-H14-S02
20260811_121452_stage_B_2C_4168a6e9,equality,59,59,constraint,EQ-BAL-D014-H15
20260811_121452_stage_B_2C_4168a6e9,equality,60,60,constraint,EQ-SOC-D014-H15-S01
20260811_121452_stage_B_2C_4168a6e9,equality,61,61,constraint,EQ-SOC-D014-H15-S02
20260811_121452_stage_B_2C_4168a6e9,equality,62,62,constraint,EQ-BAL-D014-H16
20260811_121452_stage_B_2C_4168a6e9,equality,63,63,constraint,EQ-SOC-D014-H16-S01
20260811_121452_stage_B_2C_4168a6e9,equality,64,64,constraint,EQ-SOC-D014-H16-S02
20260811_121452_stage_B_2C_4168a6e9,equality,65,65,constraint,EQ-BAL-D014-H17
20260811_121452_stage_B_2C_4168a6e9,equality,66,66,constraint,EQ-SOC-D014-H17-S01
20260811_121452_stage_B_2C_4168a6e9,equality,67,67,constraint,EQ-SOC-D014-H17-S02
20260811_121452_stage_B_2C_4168a6e9,equality,68,68,constraint,EQ-BAL-D014-H18
20260811_121452_stage_B_2C_4168a6e9,equality,69,69,constraint,EQ-SOC-D014-H18-S01
20260811_121452_stage_B_2C_4168a6e9,equality,70,70,constraint,EQ-SOC-D014-H18-S02
20260811_121452_stage_B_2C_4168a6e9,equality,71,71,constraint,EQ-BAL-D014-H19
20260811_121452_stage_B_2C_4168a6e9,equality,72,72,constraint,EQ-SOC-D014-H19-S01
20260811_121452_stage_B_2C_4168a6e9,equality,73,73,constraint,EQ-SOC-D014-H19-S02
20260811_121452_stage_B_2C_4168a6e9,equality,74,74,constraint,EQ-BAL-D014-H20
20260811_121452_stage_B_2C_4168a6e9,equality,75,75,constraint,EQ-SOC-D014-H20-S01
20260811_121452_stage_B_2C_4168a6e9,equality,76,76,constraint,EQ-SOC-D014-H20-S02
20260811_121452_stage_B_2C_4168a6e9,equality,77,77,constraint,EQ-BAL-D014-H21
20260811_121452_stage_B_2C_4168a6e9,equality,78,78,constraint,EQ-SOC-D014-H21-S01
20260811_121452_stage_B_2C_4168a6e9,equality,79,79,constraint,EQ-SOC-D014-H21-S02
20260811_121452_stage_B_2C_4168a6e9,equality,80,80,constraint,EQ-BAL-D014-H22
20260811_121452_stage_B_2C_4168a6e9,equality,81,81,constraint,EQ-SOC-D014-H22-S01
20260811_121452_stage_B_2C_4168a6e9,equality,82,82,constraint,EQ-SOC-D014-H22-S02
20260811_121452_stage_B_2C_4168a6e9,equality,83,83,constraint,EQ-BAL-D014-H23
20260811_121452_stage_B_2C_4168a6e9,equality,84,84,constraint,EQ-SOC-D014-H23-S01
20260811_121452_stage_B_2C_4168a6e9,equality,85,85,constraint,EQ-SOC-D014-H23-S02
20260811_121452_stage_B_2C_4168a6e9,equality,86,86,constraint,EQ-BAL-D014-H24
20260811_121452_stage_B_2C_4168a6e9,equality,87,87,constraint,EQ-SOC-D014-H24-S01
20260811_121452_stage_B_2C_4168a6e9,equality,88,88,constraint,EQ-SOC-D014-H24-S02
20260811_121452_stage_B_2C_4168a6e9,equality,89,89,constraint,EQ-SOC-END-D014-S01
20260811_121452_stage_B_2C_4168a6e9,equality,90,90,constraint,EQ-SOC-END-D014-S02
20260811_121452_stage_B_2C_4168a6e9,equality,91,91,constraint,EQ-QBIND-D015-QW1
20260811_121452_stage_B_2C_4168a6e9,equality,92,92,constraint,EQ-QBIND-D015-QW2
20260811_121452_stage_B_2C_4168a6e9,equality,93,93,constraint,EQ-QBIND-D015-QW3
20260811_121452_stage_B_2C_4168a6e9,equality,94,94,constraint,EQ-QBIND-D015-QW4
20260811_121452_stage_B_2C_4168a6e9,equality,95,95,constraint,EQ-QBIND-D015-QW5
20260811_121452_stage_B_2C_4168a6e9,equality,96,96,constraint,EQ-QBIND-D015-QP1
20260811_121452_stage_B_2C_4168a6e9,equality,97,97,constraint,EQ-QBIND-D015-QP2
20260811_121452_stage_B_2C_4168a6e9,equality,98,98,constraint,EQ-QBIND-D015-QP3
20260811_121452_stage_B_2C_4168a6e9,equality,99,99,constraint,EQ-QBIND-D015-QP4
20260811_121452_stage_B_2C_4168a6e9,equality,100,100,constraint,EQ-QBIND-D015-QP5
20260811_121452_stage_B_2C_4168a6e9,equality,101,101,constraint,EQ-QBIND-D015-QS1
20260811_121452_stage_B_2C_4168a6e9,equality,102,102,constraint,EQ-QBIND-D015-QS2
20260811_121452_stage_B_2C_4168a6e9,equality,103,103,constraint,EQ-QBIND-D015-ES1
20260811_121452_stage_B_2C_4168a6e9,equality,104,104,constraint,EQ-QBIND-D015-ES2
20260811_121452_stage_B_2C_4168a6e9,equality,105,105,constraint,EQ-BAL-D015-H01
20260811_121452_stage_B_2C_4168a6e9,equality,106,106,constraint,EQ-SOC-D015-H01-S01
20260811_121452_stage_B_2C_4168a6e9,equality,107,107,constraint,EQ-SOC-D015-H01-S02
20260811_121452_stage_B_2C_4168a6e9,equality,108,108,constraint,EQ-BAL-D015-H02
20260811_121452_stage_B_2C_4168a6e9,equality,109,109,constraint,EQ-SOC-D015-H02-S01
20260811_121452_stage_B_2C_4168a6e9,equality,110,110,constraint,EQ-SOC-D015-H02-S02
20260811_121452_stage_B_2C_4168a6e9,equality,111,111,constraint,EQ-BAL-D015-H03
20260811_121452_stage_B_2C_4168a6e9,equality,112,112,constraint,EQ-SOC-D015-H03-S01
20260811_121452_stage_B_2C_4168a6e9,equality,113,113,constraint,EQ-SOC-D015-H03-S02
20260811_121452_stage_B_2C_4168a6e9,equality,114,114,constraint,EQ-BAL-D015-H04
20260811_121452_stage_B_2C_4168a6e9,equality,115,115,constraint,EQ-SOC-D015-H04-S01
20260811_121452_stage_B_2C_4168a6e9,equality,116,116,constraint,EQ-SOC-D015-H04-S02
20260811_121452_stage_B_2C_4168a6e9,equality,117,117,constraint,EQ-BAL-D015-H05
20260811_121452_stage_B_2C_4168a6e9,equality,118,118,constraint,EQ-SOC-D015-H05-S01
20260811_121452_stage_B_2C_4168a6e9,equality,119,119,constraint,EQ-SOC-D015-H05-S02
20260811_121452_stage_B_2C_4168a6e9,equality,120,120,constraint,EQ-BAL-D015-H06
20260811_121452_stage_B_2C_4168a6e9,equality,121,121,constraint,EQ-SOC-D015-H06-S01
20260811_121452_stage_B_2C_4168a6e9,equality,122,122,constraint,EQ-SOC-D015-H06-S02
20260811_121452_stage_B_2C_4168a6e9,equality,123,123,constraint,EQ-BAL-D015-H07
20260811_121452_stage_B_2C_4168a6e9,equality,124,124,constraint,EQ-SOC-D015-H07-S01
20260811_121452_stage_B_2C_4168a6e9,equality,125,125,constraint,EQ-SOC-D015-H07-S02
20260811_121452_stage_B_2C_4168a6e9,equality,126,126,constraint,EQ-BAL-D015-H08
20260811_121452_stage_B_2C_4168a6e9,equality,127,127,constraint,EQ-SOC-D015-H08-S01
20260811_121452_stage_B_2C_4168a6e9,equality,128,128,constraint,EQ-SOC-D015-H08-S02
20260811_121452_stage_B_2C_4168a6e9,equality,129,129,constraint,EQ-BAL-D015-H09
20260811_121452_stage_B_2C_4168a6e9,equality,130,130,constraint,EQ-SOC-D015-H09-S01
20260811_121452_stage_B_2C_4168a6e9,equality,131,131,constraint,EQ-SOC-D015-H09-S02
20260811_121452_stage_B_2C_4168a6e9,equality,132,132,constraint,EQ-BAL-D015-H10
20260811_121452_stage_B_2C_4168a6e9,equality,133,133,constraint,EQ-SOC-D015-H10-S01
20260811_121452_stage_B_2C_4168a6e9,equality,134,134,constraint,EQ-SOC-D015-H10-S02
20260811_121452_stage_B_2C_4168a6e9,equality,135,135,constraint,EQ-BAL-D015-H11
20260811_121452_stage_B_2C_4168a6e9,equality,136,136,constraint,EQ-SOC-D015-H11-S01
20260811_121452_stage_B_2C_4168a6e9,equality,137,137,constraint,EQ-SOC-D015-H11-S02
20260811_121452_stage_B_2C_4168a6e9,equality,138,138,constraint,EQ-BAL-D015-H12
20260811_121452_stage_B_2C_4168a6e9,equality,139,139,constraint,EQ-SOC-D015-H12-S01
20260811_121452_stage_B_2C_4168a6e9,equality,140,140,constraint,EQ-SOC-D015-H12-S02
20260811_121452_stage_B_2C_4168a6e9,equality,141,141,constraint,EQ-BAL-D015-H13
20260811_121452_stage_B_2C_4168a6e9,equality,142,142,constraint,EQ-SOC-D015-H13-S01
20260811_121452_stage_B_2C_4168a6e9,equality,143,143,constraint,EQ-SOC-D015-H13-S02
20260811_121452_stage_B_2C_4168a6e9,equality,144,144,constraint,EQ-BAL-D015-H14
20260811_121452_stage_B_2C_4168a6e9,equality,145,145,constraint,EQ-SOC-D015-H14-S01
20260811_121452_stage_B_2C_4168a6e9,equality,146,146,constraint,EQ-SOC-D015-H14-S02
20260811_121452_stage_B_2C_4168a6e9,equality,147,147,constraint,EQ-BAL-D015-H15
20260811_121452_stage_B_2C_4168a6e9,equality,148,148,constraint,EQ-SOC-D015-H15-S01
20260811_121452_stage_B_2C_4168a6e9,equality,149,149,constraint,EQ-SOC-D015-H15-S02
20260811_121452_stage_B_2C_4168a6e9,equality,150,150,constraint,EQ-BAL-D015-H16
20260811_121452_stage_B_2C_4168a6e9,equality,151,151,constraint,EQ-SOC-D015-H16-S01
20260811_121452_stage_B_2C_4168a6e9,equality,152,152,constraint,EQ-SOC-D015-H16-S02
20260811_121452_stage_B_2C_4168a6e9,equality,153,153,constraint,EQ-BAL-D015-H17
20260811_121452_stage_B_2C_4168a6e9,equality,154,154,constraint,EQ-SOC-D015-H17-S01
20260811_121452_stage_B_2C_4168a6e9,equality,155,155,constraint,EQ-SOC-D015-H17-S02
20260811_121452_stage_B_2C_4168a6e9,equality,156,156,constraint,EQ-BAL-D015-H18
20260811_121452_stage_B_2C_4168a6e9,equality,157,157,constraint,EQ-SOC-D015-H18-S01
20260811_121452_stage_B_2C_4168a6e9,equality,158,158,constraint,EQ-SOC-D015-H18-S02
20260811_121452_stage_B_2C_4168a6e9,equality,159,159,constraint,EQ-BAL-D015-H19
20260811_121452_stage_B_2C_4168a6e9,equality,160,160,constraint,EQ-SOC-D015-H19-S01
20260811_121452_stage_B_2C_4168a6e9,equality,161,161,constraint,EQ-SOC-D015-H19-S02
20260811_121452_stage_B_2C_4168a6e9,equality,162,162,constraint,EQ-BAL-D015-H20
20260811_121452_stage_B_2C_4168a6e9,equality,163,163,constraint,EQ-SOC-D015-H20-S01
20260811_121452_stage_B_2C_4168a6e9,equality,164,164,constraint,EQ-SOC-D015-H20-S02
20260811_121452_stage_B_2C_4168a6e9,equality,165,165,constraint,EQ-BAL-D015-H21
20260811_121452_stage_B_2C_4168a6e9,equality,166,166,constraint,EQ-SOC-D015-H21-S01
20260811_121452_stage_B_2C_4168a6e9,equality,167,167,constraint,EQ-SOC-D015-H21-S02
20260811_121452_stage_B_2C_4168a6e9,equality,168,168,constraint,EQ-BAL-D015-H22
20260811_121452_stage_B_2C_4168a6e9,equality,169,169,constraint,EQ-SOC-D015-H22-S01
20260811_121452_stage_B_2C_4168a6e9,equality,170,170,constraint,EQ-SOC-D015-H22-S02
20260811_121452_stage_B_2C_4168a6e9,equality,171,171,constraint,EQ-BAL-D015-H23
20260811_121452_stage_B_2C_4168a6e9,equality,172,172,constraint,EQ-SOC-D015-H23-S01
20260811_121452_stage_B_2C_4168a6e9,equality,173,173,constraint,EQ-SOC-D015-H23-S02
20260811_121452_stage_B_2C_4168a6e9,equality,174,174,constraint,EQ-BAL-D015-H24
20260811_121452_stage_B_2C_4168a6e9,equality,175,175,constraint,EQ-SOC-D015-H24-S01
20260811_121452_stage_B_2C_4168a6e9,equality,176,176,constraint,EQ-SOC-D015-H24-S02
20260811_121452_stage_B_2C_4168a6e9,equality,177,177,constraint,EQ-SOC-END-D015-S01
20260811_121452_stage_B_2C_4168a6e9,equality,178,178,constraint,EQ-SOC-END-D015-S02
20260811_121452_stage_B_2C_4168a6e9,equality,179,179,constraint,EQ-QBIND-D016-QW1
20260811_121452_stage_B_2C_4168a6e9,equality,180,180,constraint,EQ-QBIND-D016-QW2
20260811_121452_stage_B_2C_4168a6e9,equality,181,181,constraint,EQ-QBIND-D016-QW3
20260811_121452_stage_B_2C_4168a6e9,equality,182,182,constraint,EQ-QBIND-D016-QW4
20260811_121452_stage_B_2C_4168a6e9,equality,183,183,constraint,EQ-QBIND-D016-QW5
20260811_121452_stage_B_2C_4168a6e9,equality,184,184,constraint,EQ-QBIND-D016-QP1
20260811_121452_stage_B_2C_4168a6e9,equality,185,185,constraint,EQ-QBIND-D016-QP2
20260811_121452_stage_B_2C_4168a6e9,equality,186,186,constraint,EQ-QBIND-D016-QP3
20260811_121452_stage_B_2C_4168a6e9,equality,187,187,constraint,EQ-QBIND-D016-QP4
20260811_121452_stage_B_2C_4168a6e9,equality,188,188,constraint,EQ-QBIND-D016-QP5
20260811_121452_stage_B_2C_4168a6e9,equality,189,189,constraint,EQ-QBIND-D016-QS1
20260811_121452_stage_B_2C_4168a6e9,equality,190,190,constraint,EQ-QBIND-D016-QS2
20260811_121452_stage_B_2C_4168a6e9,equality,191,191,constraint,EQ-QBIND-D016-ES1
20260811_121452_stage_B_2C_4168a6e9,equality,192,192,constraint,EQ-QBIND-D016-ES2
20260811_121452_stage_B_2C_4168a6e9,equality,193,193,constraint,EQ-BAL-D016-H01
20260811_121452_stage_B_2C_4168a6e9,equality,194,194,constraint,EQ-SOC-D016-H01-S01
20260811_121452_stage_B_2C_4168a6e9,equality,195,195,constraint,EQ-SOC-D016-H01-S02
20260811_121452_stage_B_2C_4168a6e9,equality,196,196,constraint,EQ-BAL-D016-H02
20260811_121452_stage_B_2C_4168a6e9,equality,197,197,constraint,EQ-SOC-D016-H02-S01
20260811_121452_stage_B_2C_4168a6e9,equality,198,198,constraint,EQ-SOC-D016-H02-S02
20260811_121452_stage_B_2C_4168a6e9,equality,199,199,constraint,EQ-BAL-D016-H03
20260811_121452_stage_B_2C_4168a6e9,equality,200,200,constraint,EQ-SOC-D016-H03-S01
20260811_121452_stage_B_2C_4168a6e9,equality,201,201,constraint,EQ-SOC-D016-H03-S02
20260811_121452_stage_B_2C_4168a6e9,equality,202,202,constraint,EQ-BAL-D016-H04
20260811_121452_stage_B_2C_4168a6e9,equality,203,203,constraint,EQ-SOC-D016-H04-S01
20260811_121452_stage_B_2C_4168a6e9,equality,204,204,constraint,EQ-SOC-D016-H04-S02
20260811_121452_stage_B_2C_4168a6e9,equality,205,205,constraint,EQ-BAL-D016-H05
20260811_121452_stage_B_2C_4168a6e9,equality,206,206,constraint,EQ-SOC-D016-H05-S01
20260811_121452_stage_B_2C_4168a6e9,equality,207,207,constraint,EQ-SOC-D016-H05-S02
20260811_121452_stage_B_2C_4168a6e9,equality,208,208,constraint,EQ-BAL-D016-H06
20260811_121452_stage_B_2C_4168a6e9,equality,209,209,constraint,EQ-SOC-D016-H06-S01
20260811_121452_stage_B_2C_4168a6e9,equality,210,210,constraint,EQ-SOC-D016-H06-S02
20260811_121452_stage_B_2C_4168a6e9,equality,211,211,constraint,EQ-BAL-D016-H07
20260811_121452_stage_B_2C_4168a6e9,equality,212,212,constraint,EQ-SOC-D016-H07-S01
20260811_121452_stage_B_2C_4168a6e9,equality,213,213,constraint,EQ-SOC-D016-H07-S02
20260811_121452_stage_B_2C_4168a6e9,equality,214,214,constraint,EQ-BAL-D016-H08
20260811_121452_stage_B_2C_4168a6e9,equality,215,215,constraint,EQ-SOC-D016-H08-S01
20260811_121452_stage_B_2C_4168a6e9,equality,216,216,constraint,EQ-SOC-D016-H08-S02
20260811_121452_stage_B_2C_4168a6e9,equality,217,217,constraint,EQ-BAL-D016-H09
20260811_121452_stage_B_2C_4168a6e9,equality,218,218,constraint,EQ-SOC-D016-H09-S01
20260811_121452_stage_B_2C_4168a6e9,equality,219,219,constraint,EQ-SOC-D016-H09-S02
20260811_121452_stage_B_2C_4168a6e9,equality,220,220,constraint,EQ-BAL-D016-H10
20260811_121452_stage_B_2C_4168a6e9,equality,221,221,constraint,EQ-SOC-D016-H10-S01
20260811_121452_stage_B_2C_4168a6e9,equality,222,222,constraint,EQ-SOC-D016-H10-S02
20260811_121452_stage_B_2C_4168a6e9,equality,223,223,constraint,EQ-BAL-D016-H11
20260811_121452_stage_B_2C_4168a6e9,equality,224,224,constraint,EQ-SOC-D016-H11-S01
20260811_121452_stage_B_2C_4168a6e9,equality,225,225,constraint,EQ-SOC-D016-H11-S02
20260811_121452_stage_B_2C_4168a6e9,equality,226,226,constraint,EQ-BAL-D016-H12
20260811_121452_stage_B_2C_4168a6e9,equality,227,227,constraint,EQ-SOC-D016-H12-S01
20260811_121452_stage_B_2C_4168a6e9,equality,228,228,constraint,EQ-SOC-D016-H12-S02
20260811_121452_stage_B_2C_4168a6e9,equality,229,229,constraint,EQ-BAL-D016-H13
20260811_121452_stage_B_2C_4168a6e9,equality,230,230,constraint,EQ-SOC-D016-H13-S01
20260811_121452_stage_B_2C_4168a6e9,equality,231,231,constraint,EQ-SOC-D016-H13-S02
20260811_121452_stage_B_2C_4168a6e9,equality,232,232,constraint,EQ-BAL-D016-H14
20260811_121452_stage_B_2C_4168a6e9,equality,233,233,constraint,EQ-SOC-D016-H14-S01
20260811_121452_stage_B_2C_4168a6e9,equality,234,234,constraint,EQ-SOC-D016-H14-S02
20260811_121452_stage_B_2C_4168a6e9,equality,235,235,constraint,EQ-BAL-D016-H15
20260811_121452_stage_B_2C_4168a6e9,equality,236,236,constraint,EQ-SOC-D016-H15-S01
20260811_121452_stage_B_2C_4168a6e9,equality,237,237,constraint,EQ-SOC-D016-H15-S02
20260811_121452_stage_B_2C_4168a6e9,equality,238,238,constraint,EQ-BAL-D016-H16
20260811_121452_stage_B_2C_4168a6e9,equality,239,239,constraint,EQ-SOC-D016-H16-S01
20260811_121452_stage_B_2C_4168a6e9,equality,240,240,constraint,EQ-SOC-D016-H16-S02
20260811_121452_stage_B_2C_4168a6e9,equality,241,241,constraint,EQ-BAL-D016-H17
20260811_121452_stage_B_2C_4168a6e9,equality,242,242,constraint,EQ-SOC-D016-H17-S01
20260811_121452_stage_B_2C_4168a6e9,equality,243,243,constraint,EQ-SOC-D016-H17-S02
20260811_121452_stage_B_2C_4168a6e9,equality,244,244,constraint,EQ-BAL-D016-H18
20260811_121452_stage_B_2C_4168a6e9,equality,245,245,constraint,EQ-SOC-D016-H18-S01
20260811_121452_stage_B_2C_4168a6e9,equality,246,246,constraint,EQ-SOC-D016-H18-S02
20260811_121452_stage_B_2C_4168a6e9,equality,247,247,constraint,EQ-BAL-D016-H19
20260811_121452_stage_B_2C_4168a6e9,equality,248,248,constraint,EQ-SOC-D016-H19-S01
20260811_121452_stage_B_2C_4168a6e9,equality,249,249,constraint,EQ-SOC-D016-H19-S02
20260811_121452_stage_B_2C_4168a6e9,equality,250,250,constraint,EQ-BAL-D016-H20
20260811_121452_stage_B_2C_4168a6e9,equality,251,251,constraint,EQ-SOC-D016-H20-S01
20260811_121452_stage_B_2C_4168a6e9,equality,252,252,constraint,EQ-SOC-D016-H20-S02
20260811_121452_stage_B_2C_4168a6e9,equality,253,253,constraint,EQ-BAL-D016-H21
20260811_121452_stage_B_2C_4168a6e9,equality,254,254,constraint,EQ-SOC-D016-H21-S01
20260811_121452_stage_B_2C_4168a6e9,equality,255,255,constraint,EQ-SOC-D016-H21-S02
20260811_121452_stage_B_2C_4168a6e9,equality,256,256,constraint,EQ-BAL-D016-H22
20260811_121452_stage_B_2C_4168a6e9,equality,257,257,constraint,EQ-SOC-D016-H22-S01
20260811_121452_stage_B_2C_4168a6e9,equality,258,258,constraint,EQ-SOC-D016-H22-S02
20260811_121452_stage_B_2C_4168a6e9,equality,259,259,constraint,EQ-BAL-D016-H23
20260811_121452_stage_B_2C_4168a6e9,equality,260,260,constraint,EQ-SOC-D016-H23-S01
20260811_121452_stage_B_2C_4168a6e9,equality,261,261,constraint,EQ-SOC-D016-H23-S02
20260811_121452_stage_B_2C_4168a6e9,equality,262,262,constraint,EQ-BAL-D016-H24
20260811_121452_stage_B_2C_4168a6e9,equality,263,263,constraint,EQ-SOC-D016-H24-S01
20260811_121452_stage_B_2C_4168a6e9,equality,264,264,constraint,EQ-SOC-D016-H24-S02
20260811_121452_stage_B_2C_4168a6e9,equality,265,265,constraint,EQ-SOC-END-D016-S01
20260811_121452_stage_B_2C_4168a6e9,equality,266,266,constraint,EQ-SOC-END-D016-S02
20260811_121452_stage_B_2C_4168a6e9,equality,267,267,constraint,EQ-QBIND-D017-QW1
20260811_121452_stage_B_2C_4168a6e9,equality,268,268,constraint,EQ-QBIND-D017-QW2
20260811_121452_stage_B_2C_4168a6e9,equality,269,269,constraint,EQ-QBIND-D017-QW3
20260811_121452_stage_B_2C_4168a6e9,equality,270,270,constraint,EQ-QBIND-D017-QW4
20260811_121452_stage_B_2C_4168a6e9,equality,271,271,constraint,EQ-QBIND-D017-QW5
20260811_121452_stage_B_2C_4168a6e9,equality,272,272,constraint,EQ-QBIND-D017-QP1
20260811_121452_stage_B_2C_4168a6e9,equality,273,273,constraint,EQ-QBIND-D017-QP2
20260811_121452_stage_B_2C_4168a6e9,equality,274,274,constraint,EQ-QBIND-D017-QP3
20260811_121452_stage_B_2C_4168a6e9,equality,275,275,constraint,EQ-QBIND-D017-QP4
20260811_121452_stage_B_2C_4168a6e9,equality,276,276,constraint,EQ-QBIND-D017-QP5
20260811_121452_stage_B_2C_4168a6e9,equality,277,277,constraint,EQ-QBIND-D017-QS1
20260811_121452_stage_B_2C_4168a6e9,equality,278,278,constraint,EQ-QBIND-D017-QS2
20260811_121452_stage_B_2C_4168a6e9,equality,279,279,constraint,EQ-QBIND-D017-ES1
20260811_121452_stage_B_2C_4168a6e9,equality,280,280,constraint,EQ-QBIND-D017-ES2
20260811_121452_stage_B_2C_4168a6e9,equality,281,281,constraint,EQ-BAL-D017-H01
20260811_121452_stage_B_2C_4168a6e9,equality,282,282,constraint,EQ-SOC-D017-H01-S01
20260811_121452_stage_B_2C_4168a6e9,equality,283,283,constraint,EQ-SOC-D017-H01-S02
20260811_121452_stage_B_2C_4168a6e9,equality,284,284,constraint,EQ-BAL-D017-H02
20260811_121452_stage_B_2C_4168a6e9,equality,285,285,constraint,EQ-SOC-D017-H02-S01
20260811_121452_stage_B_2C_4168a6e9,equality,286,286,constraint,EQ-SOC-D017-H02-S02
20260811_121452_stage_B_2C_4168a6e9,equality,287,287,constraint,EQ-BAL-D017-H03
20260811_121452_stage_B_2C_4168a6e9,equality,288,288,constraint,EQ-SOC-D017-H03-S01
20260811_121452_stage_B_2C_4168a6e9,equality,289,289,constraint,EQ-SOC-D017-H03-S02
20260811_121452_stage_B_2C_4168a6e9,equality,290,290,constraint,EQ-BAL-D017-H04
20260811_121452_stage_B_2C_4168a6e9,equality,291,291,constraint,EQ-SOC-D017-H04-S01
20260811_121452_stage_B_2C_4168a6e9,equality,292,292,constraint,EQ-SOC-D017-H04-S02
20260811_121452_stage_B_2C_4168a6e9,equality,293,293,constraint,EQ-BAL-D017-H05
20260811_121452_stage_B_2C_4168a6e9,equality,294,294,constraint,EQ-SOC-D017-H05-S01
20260811_121452_stage_B_2C_4168a6e9,equality,295,295,constraint,EQ-SOC-D017-H05-S02
20260811_121452_stage_B_2C_4168a6e9,equality,296,296,constraint,EQ-BAL-D017-H06
20260811_121452_stage_B_2C_4168a6e9,equality,297,297,constraint,EQ-SOC-D017-H06-S01
20260811_121452_stage_B_2C_4168a6e9,equality,298,298,constraint,EQ-SOC-D017-H06-S02
20260811_121452_stage_B_2C_4168a6e9,equality,299,299,constraint,EQ-BAL-D017-H07
20260811_121452_stage_B_2C_4168a6e9,equality,300,300,constraint,EQ-SOC-D017-H07-S01
20260811_121452_stage_B_2C_4168a6e9,equality,301,301,constraint,EQ-SOC-D017-H07-S02
20260811_121452_stage_B_2C_4168a6e9,equality,302,302,constraint,EQ-BAL-D017-H08
20260811_121452_stage_B_2C_4168a6e9,equality,303,303,constraint,EQ-SOC-D017-H08-S01
20260811_121452_stage_B_2C_4168a6e9,equality,304,304,constraint,EQ-SOC-D017-H08-S02
20260811_121452_stage_B_2C_4168a6e9,equality,305,305,constraint,EQ-BAL-D017-H09
20260811_121452_stage_B_2C_4168a6e9,equality,306,306,constraint,EQ-SOC-D017-H09-S01
20260811_121452_stage_B_2C_4168a6e9,equality,307,307,constraint,EQ-SOC-D017-H09-S02
20260811_121452_stage_B_2C_4168a6e9,equality,308,308,constraint,EQ-BAL-D017-H10
20260811_121452_stage_B_2C_4168a6e9,equality,309,309,constraint,EQ-SOC-D017-H10-S01
20260811_121452_stage_B_2C_4168a6e9,equality,310,310,constraint,EQ-SOC-D017-H10-S02
20260811_121452_stage_B_2C_4168a6e9,equality,311,311,constraint,EQ-BAL-D017-H11
20260811_121452_stage_B_2C_4168a6e9,equality,312,312,constraint,EQ-SOC-D017-H11-S01
20260811_121452_stage_B_2C_4168a6e9,equality,313,313,constraint,EQ-SOC-D017-H11-S02
20260811_121452_stage_B_2C_4168a6e9,equality,314,314,constraint,EQ-BAL-D017-H12
20260811_121452_stage_B_2C_4168a6e9,equality,315,315,constraint,EQ-SOC-D017-H12-S01
20260811_121452_stage_B_2C_4168a6e9,equality,316,316,constraint,EQ-SOC-D017-H12-S02
20260811_121452_stage_B_2C_4168a6e9,equality,317,317,constraint,EQ-BAL-D017-H13
20260811_121452_stage_B_2C_4168a6e9,equality,318,318,constraint,EQ-SOC-D017-H13-S01
20260811_121452_stage_B_2C_4168a6e9,equality,319,319,constraint,EQ-SOC-D017-H13-S02
20260811_121452_stage_B_2C_4168a6e9,equality,320,320,constraint,EQ-BAL-D017-H14
20260811_121452_stage_B_2C_4168a6e9,equality,321,321,constraint,EQ-SOC-D017-H14-S01
20260811_121452_stage_B_2C_4168a6e9,equality,322,322,constraint,EQ-SOC-D017-H14-S02
20260811_121452_stage_B_2C_4168a6e9,equality,323,323,constraint,EQ-BAL-D017-H15
20260811_121452_stage_B_2C_4168a6e9,equality,324,324,constraint,EQ-SOC-D017-H15-S01
20260811_121452_stage_B_2C_4168a6e9,equality,325,325,constraint,EQ-SOC-D017-H15-S02
20260811_121452_stage_B_2C_4168a6e9,equality,326,326,constraint,EQ-BAL-D017-H16
20260811_121452_stage_B_2C_4168a6e9,equality,327,327,constraint,EQ-SOC-D017-H16-S01
20260811_121452_stage_B_2C_4168a6e9,equality,328,328,constraint,EQ-SOC-D017-H16-S02
20260811_121452_stage_B_2C_4168a6e9,equality,329,329,constraint,EQ-BAL-D017-H17
20260811_121452_stage_B_2C_4168a6e9,equality,330,330,constraint,EQ-SOC-D017-H17-S01
20260811_121452_stage_B_2C_4168a6e9,equality,331,331,constraint,EQ-SOC-D017-H17-S02
20260811_121452_stage_B_2C_4168a6e9,equality,332,332,constraint,EQ-BAL-D017-H18
20260811_121452_stage_B_2C_4168a6e9,equality,333,333,constraint,EQ-SOC-D017-H18-S01
20260811_121452_stage_B_2C_4168a6e9,equality,334,334,constraint,EQ-SOC-D017-H18-S02
20260811_121452_stage_B_2C_4168a6e9,equality,335,335,constraint,EQ-BAL-D017-H19
20260811_121452_stage_B_2C_4168a6e9,equality,336,336,constraint,EQ-SOC-D017-H19-S01
20260811_121452_stage_B_2C_4168a6e9,equality,337,337,constraint,EQ-SOC-D017-H19-S02
20260811_121452_stage_B_2C_4168a6e9,equality,338,338,constraint,EQ-BAL-D017-H20
20260811_121452_stage_B_2C_4168a6e9,equality,339,339,constraint,EQ-SOC-D017-H20-S01
20260811_121452_stage_B_2C_4168a6e9,equality,340,340,constraint,EQ-SOC-D017-H20-S02
20260811_121452_stage_B_2C_4168a6e9,equality,341,341,constraint,EQ-BAL-D017-H21
20260811_121452_stage_B_2C_4168a6e9,equality,342,342,constraint,EQ-SOC-D017-H21-S01
20260811_121452_stage_B_2C_4168a6e9,equality,343,343,constraint,EQ-SOC-D017-H21-S02
20260811_121452_stage_B_2C_4168a6e9,equality,344,344,constraint,EQ-BAL-D017-H22
20260811_121452_stage_B_2C_4168a6e9,equality,345,345,constraint,EQ-SOC-D017-H22-S01
20260811_121452_stage_B_2C_4168a6e9,equality,346,346,constraint,EQ-SOC-D017-H22-S02
20260811_121452_stage_B_2C_4168a6e9,equality,347,347,constraint,EQ-BAL-D017-H23
20260811_121452_stage_B_2C_4168a6e9,equality,348,348,constraint,EQ-SOC-D017-H23-S01
20260811_121452_stage_B_2C_4168a6e9,equality,349,349,constraint,EQ-SOC-D017-H23-S02
20260811_121452_stage_B_2C_4168a6e9,equality,350,350,constraint,EQ-BAL-D017-H24
20260811_121452_stage_B_2C_4168a6e9,equality,351,351,constraint,EQ-SOC-D017-H24-S01
20260811_121452_stage_B_2C_4168a6e9,equality,352,352,constraint,EQ-SOC-D017-H24-S02
20260811_121452_stage_B_2C_4168a6e9,equality,353,353,constraint,EQ-SOC-END-D017-S01
20260811_121452_stage_B_2C_4168a6e9,equality,354,354,constraint,EQ-SOC-END-D017-S02
20260811_121452_stage_B_2C_4168a6e9,equality,355,355,constraint,EQ-QBIND-D018-QW1
20260811_121452_stage_B_2C_4168a6e9,equality,356,356,constraint,EQ-QBIND-D018-QW2
20260811_121452_stage_B_2C_4168a6e9,equality,357,357,constraint,EQ-QBIND-D018-QW3
20260811_121452_stage_B_2C_4168a6e9,equality,358,358,constraint,EQ-QBIND-D018-QW4
20260811_121452_stage_B_2C_4168a6e9,equality,359,359,constraint,EQ-QBIND-D018-QW5
20260811_121452_stage_B_2C_4168a6e9,equality,360,360,constraint,EQ-QBIND-D018-QP1
20260811_121452_stage_B_2C_4168a6e9,equality,361,361,constraint,EQ-QBIND-D018-QP2
20260811_121452_stage_B_2C_4168a6e9,equality,362,362,constraint,EQ-QBIND-D018-QP3
20260811_121452_stage_B_2C_4168a6e9,equality,363,363,constraint,EQ-QBIND-D018-QP4
20260811_121452_stage_B_2C_4168a6e9,equality,364,364,constraint,EQ-QBIND-D018-QP5
20260811_121452_stage_B_2C_4168a6e9,equality,365,365,constraint,EQ-QBIND-D018-QS1
20260811_121452_stage_B_2C_4168a6e9,equality,366,366,constraint,EQ-QBIND-D018-QS2
20260811_121452_stage_B_2C_4168a6e9,equality,367,367,constraint,EQ-QBIND-D018-ES1
20260811_121452_stage_B_2C_4168a6e9,equality,368,368,constraint,EQ-QBIND-D018-ES2
20260811_121452_stage_B_2C_4168a6e9,equality,369,369,constraint,EQ-BAL-D018-H01
20260811_121452_stage_B_2C_4168a6e9,equality,370,370,constraint,EQ-SOC-D018-H01-S01
20260811_121452_stage_B_2C_4168a6e9,equality,371,371,constraint,EQ-SOC-D018-H01-S02
20260811_121452_stage_B_2C_4168a6e9,equality,372,372,constraint,EQ-BAL-D018-H02
20260811_121452_stage_B_2C_4168a6e9,equality,373,373,constraint,EQ-SOC-D018-H02-S01
20260811_121452_stage_B_2C_4168a6e9,equality,374,374,constraint,EQ-SOC-D018-H02-S02
20260811_121452_stage_B_2C_4168a6e9,equality,375,375,constraint,EQ-BAL-D018-H03
20260811_121452_stage_B_2C_4168a6e9,equality,376,376,constraint,EQ-SOC-D018-H03-S01
20260811_121452_stage_B_2C_4168a6e9,equality,377,377,constraint,EQ-SOC-D018-H03-S02
20260811_121452_stage_B_2C_4168a6e9,equality,378,378,constraint,EQ-BAL-D018-H04
20260811_121452_stage_B_2C_4168a6e9,equality,379,379,constraint,EQ-SOC-D018-H04-S01
20260811_121452_stage_B_2C_4168a6e9,equality,380,380,constraint,EQ-SOC-D018-H04-S02
20260811_121452_stage_B_2C_4168a6e9,equality,381,381,constraint,EQ-BAL-D018-H05
20260811_121452_stage_B_2C_4168a6e9,equality,382,382,constraint,EQ-SOC-D018-H05-S01
20260811_121452_stage_B_2C_4168a6e9,equality,383,383,constraint,EQ-SOC-D018-H05-S02
20260811_121452_stage_B_2C_4168a6e9,equality,384,384,constraint,EQ-BAL-D018-H06
20260811_121452_stage_B_2C_4168a6e9,equality,385,385,constraint,EQ-SOC-D018-H06-S01
20260811_121452_stage_B_2C_4168a6e9,equality,386,386,constraint,EQ-SOC-D018-H06-S02
20260811_121452_stage_B_2C_4168a6e9,equality,387,387,constraint,EQ-BAL-D018-H07
20260811_121452_stage_B_2C_4168a6e9,equality,388,388,constraint,EQ-SOC-D018-H07-S01
20260811_121452_stage_B_2C_4168a6e9,equality,389,389,constraint,EQ-SOC-D018-H07-S02
20260811_121452_stage_B_2C_4168a6e9,equality,390,390,constraint,EQ-BAL-D018-H08
20260811_121452_stage_B_2C_4168a6e9,equality,391,391,constraint,EQ-SOC-D018-H08-S01
20260811_121452_stage_B_2C_4168a6e9,equality,392,392,constraint,EQ-SOC-D018-H08-S02
20260811_121452_stage_B_2C_4168a6e9,equality,393,393,constraint,EQ-BAL-D018-H09
20260811_121452_stage_B_2C_4168a6e9,equality,394,394,constraint,EQ-SOC-D018-H09-S01
20260811_121452_stage_B_2C_4168a6e9,equality,395,395,constraint,EQ-SOC-D018-H09-S02
20260811_121452_stage_B_2C_4168a6e9,equality,396,396,constraint,EQ-BAL-D018-H10
20260811_121452_stage_B_2C_4168a6e9,equality,397,397,constraint,EQ-SOC-D018-H10-S01
20260811_121452_stage_B_2C_4168a6e9,equality,398,398,constraint,EQ-SOC-D018-H10-S02
20260811_121452_stage_B_2C_4168a6e9,equality,399,399,constraint,EQ-BAL-D018-H11
20260811_121452_stage_B_2C_4168a6e9,equality,400,400,constraint,EQ-SOC-D018-H11-S01
20260811_121452_stage_B_2C_4168a6e9,equality,401,401,constraint,EQ-SOC-D018-H11-S02
20260811_121452_stage_B_2C_4168a6e9,equality,402,402,constraint,EQ-BAL-D018-H12
20260811_121452_stage_B_2C_4168a6e9,equality,403,403,constraint,EQ-SOC-D018-H12-S01
20260811_121452_stage_B_2C_4168a6e9,equality,404,404,constraint,EQ-SOC-D018-H12-S02
20260811_121452_stage_B_2C_4168a6e9,equality,405,405,constraint,EQ-BAL-D018-H13
20260811_121452_stage_B_2C_4168a6e9,equality,406,406,constraint,EQ-SOC-D018-H13-S01
20260811_121452_stage_B_2C_4168a6e9,equality,407,407,constraint,EQ-SOC-D018-H13-S02
20260811_121452_stage_B_2C_4168a6e9,equality,408,408,constraint,EQ-BAL-D018-H14
20260811_121452_stage_B_2C_4168a6e9,equality,409,409,constraint,EQ-SOC-D018-H14-S01
20260811_121452_stage_B_2C_4168a6e9,equality,410,410,constraint,EQ-SOC-D018-H14-S02
20260811_121452_stage_B_2C_4168a6e9,equality,411,411,constraint,EQ-BAL-D018-H15
20260811_121452_stage_B_2C_4168a6e9,equality,412,412,constraint,EQ-SOC-D018-H15-S01
20260811_121452_stage_B_2C_4168a6e9,equality,413,413,constraint,EQ-SOC-D018-H15-S02
20260811_121452_stage_B_2C_4168a6e9,equality,414,414,constraint,EQ-BAL-D018-H16
20260811_121452_stage_B_2C_4168a6e9,equality,415,415,constraint,EQ-SOC-D018-H16-S01
20260811_121452_stage_B_2C_4168a6e9,equality,416,416,constraint,EQ-SOC-D018-H16-S02
20260811_121452_stage_B_2C_4168a6e9,equality,417,417,constraint,EQ-BAL-D018-H17
20260811_121452_stage_B_2C_4168a6e9,equality,418,418,constraint,EQ-SOC-D018-H17-S01
20260811_121452_stage_B_2C_4168a6e9,equality,419,419,constraint,EQ-SOC-D018-H17-S02
20260811_121452_stage_B_2C_4168a6e9,equality,420,420,constraint,EQ-BAL-D018-H18
20260811_121452_stage_B_2C_4168a6e9,equality,421,421,constraint,EQ-SOC-D018-H18-S01
20260811_121452_stage_B_2C_4168a6e9,equality,422,422,constraint,EQ-SOC-D018-H18-S02
20260811_121452_stage_B_2C_4168a6e9,equality,423,423,constraint,EQ-BAL-D018-H19
20260811_121452_stage_B_2C_4168a6e9,equality,424,424,constraint,EQ-SOC-D018-H19-S01
20260811_121452_stage_B_2C_4168a6e9,equality,425,425,constraint,EQ-SOC-D018-H19-S02
20260811_121452_stage_B_2C_4168a6e9,equality,426,426,constraint,EQ-BAL-D018-H20
20260811_121452_stage_B_2C_4168a6e9,equality,427,427,constraint,EQ-SOC-D018-H20-S01
20260811_121452_stage_B_2C_4168a6e9,equality,428,428,constraint,EQ-SOC-D018-H20-S02
20260811_121452_stage_B_2C_4168a6e9,equality,429,429,constraint,EQ-BAL-D018-H21
20260811_121452_stage_B_2C_4168a6e9,equality,430,430,constraint,EQ-SOC-D018-H21-S01
20260811_121452_stage_B_2C_4168a6e9,equality,431,431,constraint,EQ-SOC-D018-H21-S02
20260811_121452_stage_B_2C_4168a6e9,equality,432,432,constraint,EQ-BAL-D018-H22
20260811_121452_stage_B_2C_4168a6e9,equality,433,433,constraint,EQ-SOC-D018-H22-S01
20260811_121452_stage_B_2C_4168a6e9,equality,434,434,constraint,EQ-SOC-D018-H22-S02
20260811_121452_stage_B_2C_4168a6e9,equality,435,435,constraint,EQ-BAL-D018-H23
20260811_121452_stage_B_2C_4168a6e9,equality,436,436,constraint,EQ-SOC-D018-H23-S01
20260811_121452_stage_B_2C_4168a6e9,equality,437,437,constraint,EQ-SOC-D018-H23-S02
20260811_121452_stage_B_2C_4168a6e9,equality,438,438,constraint,EQ-BAL-D018-H24
20260811_121452_stage_B_2C_4168a6e9,equality,439,439,constraint,EQ-SOC-D018-H24-S01
20260811_121452_stage_B_2C_4168a6e9,equality,440,440,constraint,EQ-SOC-D018-H24-S02
20260811_121452_stage_B_2C_4168a6e9,equality,441,441,constraint,EQ-SOC-END-D018-S01
20260811_121452_stage_B_2C_4168a6e9,equality,442,442,constraint,EQ-SOC-END-D018-S02
20260811_121452_stage_B_2C_4168a6e9,equality,443,443,constraint,EQ-QBIND-D019-QW1
20260811_121452_stage_B_2C_4168a6e9,equality,444,444,constraint,EQ-QBIND-D019-QW2
20260811_121452_stage_B_2C_4168a6e9,equality,445,445,constraint,EQ-QBIND-D019-QW3
20260811_121452_stage_B_2C_4168a6e9,equality,446,446,constraint,EQ-QBIND-D019-QW4
20260811_121452_stage_B_2C_4168a6e9,equality,447,447,constraint,EQ-QBIND-D019-QW5
20260811_121452_stage_B_2C_4168a6e9,equality,448,448,constraint,EQ-QBIND-D019-QP1
20260811_121452_stage_B_2C_4168a6e9,equality,449,449,constraint,EQ-QBIND-D019-QP2
20260811_121452_stage_B_2C_4168a6e9,equality,450,450,constraint,EQ-QBIND-D019-QP3
20260811_121452_stage_B_2C_4168a6e9,equality,451,451,constraint,EQ-QBIND-D019-QP4
20260811_121452_stage_B_2C_4168a6e9,equality,452,452,constraint,EQ-QBIND-D019-QP5
20260811_121452_stage_B_2C_4168a6e9,equality,453,453,constraint,EQ-QBIND-D019-QS1
20260811_121452_stage_B_2C_4168a6e9,equality,454,454,constraint,EQ-QBIND-D019-QS2
20260811_121452_stage_B_2C_4168a6e9,equality,455,455,constraint,EQ-QBIND-D019-ES1
20260811_121452_stage_B_2C_4168a6e9,equality,456,456,constraint,EQ-QBIND-D019-ES2
20260811_121452_stage_B_2C_4168a6e9,equality,457,457,constraint,EQ-BAL-D019-H01
20260811_121452_stage_B_2C_4168a6e9,equality,458,458,constraint,EQ-SOC-D019-H01-S01
20260811_121452_stage_B_2C_4168a6e9,equality,459,459,constraint,EQ-SOC-D019-H01-S02
20260811_121452_stage_B_2C_4168a6e9,equality,460,460,constraint,EQ-BAL-D019-H02
20260811_121452_stage_B_2C_4168a6e9,equality,461,461,constraint,EQ-SOC-D019-H02-S01
20260811_121452_stage_B_2C_4168a6e9,equality,462,462,constraint,EQ-SOC-D019-H02-S02
20260811_121452_stage_B_2C_4168a6e9,equality,463,463,constraint,EQ-BAL-D019-H03
20260811_121452_stage_B_2C_4168a6e9,equality,464,464,constraint,EQ-SOC-D019-H03-S01
20260811_121452_stage_B_2C_4168a6e9,equality,465,465,constraint,EQ-SOC-D019-H03-S02
20260811_121452_stage_B_2C_4168a6e9,equality,466,466,constraint,EQ-BAL-D019-H04
20260811_121452_stage_B_2C_4168a6e9,equality,467,467,constraint,EQ-SOC-D019-H04-S01
20260811_121452_stage_B_2C_4168a6e9,equality,468,468,constraint,EQ-SOC-D019-H04-S02
20260811_121452_stage_B_2C_4168a6e9,equality,469,469,constraint,EQ-BAL-D019-H05
20260811_121452_stage_B_2C_4168a6e9,equality,470,470,constraint,EQ-SOC-D019-H05-S01
20260811_121452_stage_B_2C_4168a6e9,equality,471,471,constraint,EQ-SOC-D019-H05-S02
20260811_121452_stage_B_2C_4168a6e9,equality,472,472,constraint,EQ-BAL-D019-H06
20260811_121452_stage_B_2C_4168a6e9,equality,473,473,constraint,EQ-SOC-D019-H06-S01
20260811_121452_stage_B_2C_4168a6e9,equality,474,474,constraint,EQ-SOC-D019-H06-S02
20260811_121452_stage_B_2C_4168a6e9,equality,475,475,constraint,EQ-BAL-D019-H07
20260811_121452_stage_B_2C_4168a6e9,equality,476,476,constraint,EQ-SOC-D019-H07-S01
20260811_121452_stage_B_2C_4168a6e9,equality,477,477,constraint,EQ-SOC-D019-H07-S02
20260811_121452_stage_B_2C_4168a6e9,equality,478,478,constraint,EQ-BAL-D019-H08
20260811_121452_stage_B_2C_4168a6e9,equality,479,479,constraint,EQ-SOC-D019-H08-S01
20260811_121452_stage_B_2C_4168a6e9,equality,480,480,constraint,EQ-SOC-D019-H08-S02
20260811_121452_stage_B_2C_4168a6e9,equality,481,481,constraint,EQ-BAL-D019-H09
20260811_121452_stage_B_2C_4168a6e9,equality,482,482,constraint,EQ-SOC-D019-H09-S01
20260811_121452_stage_B_2C_4168a6e9,equality,483,483,constraint,EQ-SOC-D019-H09-S02
20260811_121452_stage_B_2C_4168a6e9,equality,484,484,constraint,EQ-BAL-D019-H10
20260811_121452_stage_B_2C_4168a6e9,equality,485,485,constraint,EQ-SOC-D019-H10-S01
20260811_121452_stage_B_2C_4168a6e9,equality,486,486,constraint,EQ-SOC-D019-H10-S02
20260811_121452_stage_B_2C_4168a6e9,equality,487,487,constraint,EQ-BAL-D019-H11
20260811_121452_stage_B_2C_4168a6e9,equality,488,488,constraint,EQ-SOC-D019-H11-S01
20260811_121452_stage_B_2C_4168a6e9,equality,489,489,constraint,EQ-SOC-D019-H11-S02
20260811_121452_stage_B_2C_4168a6e9,equality,490,490,constraint,EQ-BAL-D019-H12
20260811_121452_stage_B_2C_4168a6e9,equality,491,491,constraint,EQ-SOC-D019-H12-S01
20260811_121452_stage_B_2C_4168a6e9,equality,492,492,constraint,EQ-SOC-D019-H12-S02
20260811_121452_stage_B_2C_4168a6e9,equality,493,493,constraint,EQ-BAL-D019-H13
20260811_121452_stage_B_2C_4168a6e9,equality,494,494,constraint,EQ-SOC-D019-H13-S01
20260811_121452_stage_B_2C_4168a6e9,equality,495,495,constraint,EQ-SOC-D019-H13-S02
20260811_121452_stage_B_2C_4168a6e9,equality,496,496,constraint,EQ-BAL-D019-H14
20260811_121452_stage_B_2C_4168a6e9,equality,497,497,constraint,EQ-SOC-D019-H14-S01
20260811_121452_stage_B_2C_4168a6e9,equality,498,498,constraint,EQ-SOC-D019-H14-S02
20260811_121452_stage_B_2C_4168a6e9,equality,499,499,constraint,EQ-BAL-D019-H15
20260811_121452_stage_B_2C_4168a6e9,equality,500,500,constraint,EQ-SOC-D019-H15-S01
20260811_121452_stage_B_2C_4168a6e9,equality,501,501,constraint,EQ-SOC-D019-H15-S02
20260811_121452_stage_B_2C_4168a6e9,equality,502,502,constraint,EQ-BAL-D019-H16
20260811_121452_stage_B_2C_4168a6e9,equality,503,503,constraint,EQ-SOC-D019-H16-S01
20260811_121452_stage_B_2C_4168a6e9,equality,504,504,constraint,EQ-SOC-D019-H16-S02
20260811_121452_stage_B_2C_4168a6e9,equality,505,505,constraint,EQ-BAL-D019-H17
20260811_121452_stage_B_2C_4168a6e9,equality,506,506,constraint,EQ-SOC-D019-H17-S01
20260811_121452_stage_B_2C_4168a6e9,equality,507,507,constraint,EQ-SOC-D019-H17-S02
20260811_121452_stage_B_2C_4168a6e9,equality,508,508,constraint,EQ-BAL-D019-H18
20260811_121452_stage_B_2C_4168a6e9,equality,509,509,constraint,EQ-SOC-D019-H18-S01
20260811_121452_stage_B_2C_4168a6e9,equality,510,510,constraint,EQ-SOC-D019-H18-S02
20260811_121452_stage_B_2C_4168a6e9,equality,511,511,constraint,EQ-BAL-D019-H19
20260811_121452_stage_B_2C_4168a6e9,equality,512,512,constraint,EQ-SOC-D019-H19-S01
20260811_121452_stage_B_2C_4168a6e9,equality,513,513,constraint,EQ-SOC-D019-H19-S02
20260811_121452_stage_B_2C_4168a6e9,equality,514,514,constraint,EQ-BAL-D019-H20
20260811_121452_stage_B_2C_4168a6e9,equality,515,515,constraint,EQ-SOC-D019-H20-S01
20260811_121452_stage_B_2C_4168a6e9,equality,516,516,constraint,EQ-SOC-D019-H20-S02
20260811_121452_stage_B_2C_4168a6e9,equality,517,517,constraint,EQ-BAL-D019-H21
20260811_121452_stage_B_2C_4168a6e9,equality,518,518,constraint,EQ-SOC-D019-H21-S01
20260811_121452_stage_B_2C_4168a6e9,equality,519,519,constraint,EQ-SOC-D019-H21-S02
20260811_121452_stage_B_2C_4168a6e9,equality,520,520,constraint,EQ-BAL-D019-H22
20260811_121452_stage_B_2C_4168a6e9,equality,521,521,constraint,EQ-SOC-D019-H22-S01
20260811_121452_stage_B_2C_4168a6e9,equality,522,522,constraint,EQ-SOC-D019-H22-S02
20260811_121452_stage_B_2C_4168a6e9,equality,523,523,constraint,EQ-BAL-D019-H23
20260811_121452_stage_B_2C_4168a6e9,equality,524,524,constraint,EQ-SOC-D019-H23-S01
20260811_121452_stage_B_2C_4168a6e9,equality,525,525,constraint,EQ-SOC-D019-H23-S02
20260811_121452_stage_B_2C_4168a6e9,equality,526,526,constraint,EQ-BAL-D019-H24
20260811_121452_stage_B_2C_4168a6e9,equality,527,527,constraint,EQ-SOC-D019-H24-S01
20260811_121452_stage_B_2C_4168a6e9,equality,528,528,constraint,EQ-SOC-D019-H24-S02
20260811_121452_stage_B_2C_4168a6e9,equality,529,529,constraint,EQ-SOC-END-D019-S01
20260811_121452_stage_B_2C_4168a6e9,equality,530,530,constraint,EQ-SOC-END-D019-S02
20260811_121452_stage_B_2C_4168a6e9,equality,531,531,constraint,EQ-QBIND-D020-QW1
20260811_121452_stage_B_2C_4168a6e9,equality,532,532,constraint,EQ-QBIND-D020-QW2
20260811_121452_stage_B_2C_4168a6e9,equality,533,533,constraint,EQ-QBIND-D020-QW3
20260811_121452_stage_B_2C_4168a6e9,equality,534,534,constraint,EQ-QBIND-D020-QW4
20260811_121452_stage_B_2C_4168a6e9,equality,535,535,constraint,EQ-QBIND-D020-QW5
20260811_121452_stage_B_2C_4168a6e9,equality,536,536,constraint,EQ-QBIND-D020-QP1
20260811_121452_stage_B_2C_4168a6e9,equality,537,537,constraint,EQ-QBIND-D020-QP2
20260811_121452_stage_B_2C_4168a6e9,equality,538,538,constraint,EQ-QBIND-D020-QP3
20260811_121452_stage_B_2C_4168a6e9,equality,539,539,constraint,EQ-QBIND-D020-QP4
20260811_121452_stage_B_2C_4168a6e9,equality,540,540,constraint,EQ-QBIND-D020-QP5
20260811_121452_stage_B_2C_4168a6e9,equality,541,541,constraint,EQ-QBIND-D020-QS1
20260811_121452_stage_B_2C_4168a6e9,equality,542,542,constraint,EQ-QBIND-D020-QS2
20260811_121452_stage_B_2C_4168a6e9,equality,543,543,constraint,EQ-QBIND-D020-ES1
20260811_121452_stage_B_2C_4168a6e9,equality,544,544,constraint,EQ-QBIND-D020-ES2
20260811_121452_stage_B_2C_4168a6e9,equality,545,545,constraint,EQ-BAL-D020-H01
20260811_121452_stage_B_2C_4168a6e9,equality,546,546,constraint,EQ-SOC-D020-H01-S01
20260811_121452_stage_B_2C_4168a6e9,equality,547,547,constraint,EQ-SOC-D020-H01-S02
20260811_121452_stage_B_2C_4168a6e9,equality,548,548,constraint,EQ-BAL-D020-H02
20260811_121452_stage_B_2C_4168a6e9,equality,549,549,constraint,EQ-SOC-D020-H02-S01
20260811_121452_stage_B_2C_4168a6e9,equality,550,550,constraint,EQ-SOC-D020-H02-S02
20260811_121452_stage_B_2C_4168a6e9,equality,551,551,constraint,EQ-BAL-D020-H03
20260811_121452_stage_B_2C_4168a6e9,equality,552,552,constraint,EQ-SOC-D020-H03-S01
20260811_121452_stage_B_2C_4168a6e9,equality,553,553,constraint,EQ-SOC-D020-H03-S02
20260811_121452_stage_B_2C_4168a6e9,equality,554,554,constraint,EQ-BAL-D020-H04
20260811_121452_stage_B_2C_4168a6e9,equality,555,555,constraint,EQ-SOC-D020-H04-S01
20260811_121452_stage_B_2C_4168a6e9,equality,556,556,constraint,EQ-SOC-D020-H04-S02
20260811_121452_stage_B_2C_4168a6e9,equality,557,557,constraint,EQ-BAL-D020-H05
20260811_121452_stage_B_2C_4168a6e9,equality,558,558,constraint,EQ-SOC-D020-H05-S01
20260811_121452_stage_B_2C_4168a6e9,equality,559,559,constraint,EQ-SOC-D020-H05-S02
20260811_121452_stage_B_2C_4168a6e9,equality,560,560,constraint,EQ-BAL-D020-H06
20260811_121452_stage_B_2C_4168a6e9,equality,561,561,constraint,EQ-SOC-D020-H06-S01
20260811_121452_stage_B_2C_4168a6e9,equality,562,562,constraint,EQ-SOC-D020-H06-S02
20260811_121452_stage_B_2C_4168a6e9,equality,563,563,constraint,EQ-BAL-D020-H07
20260811_121452_stage_B_2C_4168a6e9,equality,564,564,constraint,EQ-SOC-D020-H07-S01
20260811_121452_stage_B_2C_4168a6e9,equality,565,565,constraint,EQ-SOC-D020-H07-S02
20260811_121452_stage_B_2C_4168a6e9,equality,566,566,constraint,EQ-BAL-D020-H08
20260811_121452_stage_B_2C_4168a6e9,equality,567,567,constraint,EQ-SOC-D020-H08-S01
20260811_121452_stage_B_2C_4168a6e9,equality,568,568,constraint,EQ-SOC-D020-H08-S02
20260811_121452_stage_B_2C_4168a6e9,equality,569,569,constraint,EQ-BAL-D020-H09
20260811_121452_stage_B_2C_4168a6e9,equality,570,570,constraint,EQ-SOC-D020-H09-S01
20260811_121452_stage_B_2C_4168a6e9,equality,571,571,constraint,EQ-SOC-D020-H09-S02
20260811_121452_stage_B_2C_4168a6e9,equality,572,572,constraint,EQ-BAL-D020-H10
20260811_121452_stage_B_2C_4168a6e9,equality,573,573,constraint,EQ-SOC-D020-H10-S01
20260811_121452_stage_B_2C_4168a6e9,equality,574,574,constraint,EQ-SOC-D020-H10-S02
20260811_121452_stage_B_2C_4168a6e9,equality,575,575,constraint,EQ-BAL-D020-H11
20260811_121452_stage_B_2C_4168a6e9,equality,576,576,constraint,EQ-SOC-D020-H11-S01
20260811_121452_stage_B_2C_4168a6e9,equality,577,577,constraint,EQ-SOC-D020-H11-S02
20260811_121452_stage_B_2C_4168a6e9,equality,578,578,constraint,EQ-BAL-D020-H12
20260811_121452_stage_B_2C_4168a6e9,equality,579,579,constraint,EQ-SOC-D020-H12-S01
20260811_121452_stage_B_2C_4168a6e9,equality,580,580,constraint,EQ-SOC-D020-H12-S02
20260811_121452_stage_B_2C_4168a6e9,equality,581,581,constraint,EQ-BAL-D020-H13
20260811_121452_stage_B_2C_4168a6e9,equality,582,582,constraint,EQ-SOC-D020-H13-S01
20260811_121452_stage_B_2C_4168a6e9,equality,583,583,constraint,EQ-SOC-D020-H13-S02
20260811_121452_stage_B_2C_4168a6e9,equality,584,584,constraint,EQ-BAL-D020-H14
20260811_121452_stage_B_2C_4168a6e9,equality,585,585,constraint,EQ-SOC-D020-H14-S01
20260811_121452_stage_B_2C_4168a6e9,equality,586,586,constraint,EQ-SOC-D020-H14-S02
20260811_121452_stage_B_2C_4168a6e9,equality,587,587,constraint,EQ-BAL-D020-H15
20260811_121452_stage_B_2C_4168a6e9,equality,588,588,constraint,EQ-SOC-D020-H15-S01
20260811_121452_stage_B_2C_4168a6e9,equality,589,589,constraint,EQ-SOC-D020-H15-S02
20260811_121452_stage_B_2C_4168a6e9,equality,590,590,constraint,EQ-BAL-D020-H16
20260811_121452_stage_B_2C_4168a6e9,equality,591,591,constraint,EQ-SOC-D020-H16-S01
20260811_121452_stage_B_2C_4168a6e9,equality,592,592,constraint,EQ-SOC-D020-H16-S02
20260811_121452_stage_B_2C_4168a6e9,equality,593,593,constraint,EQ-BAL-D020-H17
20260811_121452_stage_B_2C_4168a6e9,equality,594,594,constraint,EQ-SOC-D020-H17-S01
20260811_121452_stage_B_2C_4168a6e9,equality,595,595,constraint,EQ-SOC-D020-H17-S02
20260811_121452_stage_B_2C_4168a6e9,equality,596,596,constraint,EQ-BAL-D020-H18
20260811_121452_stage_B_2C_4168a6e9,equality,597,597,constraint,EQ-SOC-D020-H18-S01
20260811_121452_stage_B_2C_4168a6e9,equality,598,598,constraint,EQ-SOC-D020-H18-S02
20260811_121452_stage_B_2C_4168a6e9,equality,599,599,constraint,EQ-BAL-D020-H19
20260811_121452_stage_B_2C_4168a6e9,equality,600,600,constraint,EQ-SOC-D020-H19-S01
20260811_121452_stage_B_2C_4168a6e9,equality,601,601,constraint,EQ-SOC-D020-H19-S02
20260811_121452_stage_B_2C_4168a6e9,equality,602,602,constraint,EQ-BAL-D020-H20
20260811_121452_stage_B_2C_4168a6e9,equality,603,603,constraint,EQ-SOC-D020-H20-S01
20260811_121452_stage_B_2C_4168a6e9,equality,604,604,constraint,EQ-SOC-D020-H20-S02
20260811_121452_stage_B_2C_4168a6e9,equality,605,605,constraint,EQ-BAL-D020-H21
20260811_121452_stage_B_2C_4168a6e9,equality,606,606,constraint,EQ-SOC-D020-H21-S01
20260811_121452_stage_B_2C_4168a6e9,equality,607,607,constraint,EQ-SOC-D020-H21-S02
20260811_121452_stage_B_2C_4168a6e9,equality,608,608,constraint,EQ-BAL-D020-H22
20260811_121452_stage_B_2C_4168a6e9,equality,609,609,constraint,EQ-SOC-D020-H22-S01
20260811_121452_stage_B_2C_4168a6e9,equality,610,610,constraint,EQ-SOC-D020-H22-S02
20260811_121452_stage_B_2C_4168a6e9,equality,611,611,constraint,EQ-BAL-D020-H23
20260811_121452_stage_B_2C_4168a6e9,equality,612,612,constraint,EQ-SOC-D020-H23-S01
20260811_121452_stage_B_2C_4168a6e9,equality,613,613,constraint,EQ-SOC-D020-H23-S02
20260811_121452_stage_B_2C_4168a6e9,equality,614,614,constraint,EQ-BAL-D020-H24
20260811_121452_stage_B_2C_4168a6e9,equality,615,615,constraint,EQ-SOC-D020-H24-S01
20260811_121452_stage_B_2C_4168a6e9,equality,616,616,constraint,EQ-SOC-D020-H24-S02
20260811_121452_stage_B_2C_4168a6e9,equality,617,617,constraint,EQ-SOC-END-D020-S01
20260811_121452_stage_B_2C_4168a6e9,equality,618,618,constraint,EQ-SOC-END-D020-S02
20260811_121452_stage_B_2C_4168a6e9,inequality,1,1,constraint,INEQ-Q-LOWER-QW1
20260811_121452_stage_B_2C_4168a6e9,inequality,2,2,constraint,INEQ-Q-UPPER-QW1
20260811_121452_stage_B_2C_4168a6e9,inequality,3,3,constraint,INEQ-Q-LOWER-QW2
20260811_121452_stage_B_2C_4168a6e9,inequality,4,4,constraint,INEQ-Q-UPPER-QW2
20260811_121452_stage_B_2C_4168a6e9,inequality,5,5,constraint,INEQ-Q-LOWER-QW3
20260811_121452_stage_B_2C_4168a6e9,inequality,6,6,constraint,INEQ-Q-UPPER-QW3
20260811_121452_stage_B_2C_4168a6e9,inequality,7,7,constraint,INEQ-Q-LOWER-QW4
20260811_121452_stage_B_2C_4168a6e9,inequality,8,8,constraint,INEQ-Q-UPPER-QW4
20260811_121452_stage_B_2C_4168a6e9,inequality,9,9,constraint,INEQ-Q-LOWER-QW5
20260811_121452_stage_B_2C_4168a6e9,inequality,10,10,constraint,INEQ-Q-UPPER-QW5
20260811_121452_stage_B_2C_4168a6e9,inequality,11,11,constraint,INEQ-Q-LOWER-QP1
20260811_121452_stage_B_2C_4168a6e9,inequality,12,12,constraint,INEQ-Q-UPPER-QP1
20260811_121452_stage_B_2C_4168a6e9,inequality,13,13,constraint,INEQ-Q-LOWER-QP2
20260811_121452_stage_B_2C_4168a6e9,inequality,14,14,constraint,INEQ-Q-UPPER-QP2
20260811_121452_stage_B_2C_4168a6e9,inequality,15,15,constraint,INEQ-Q-LOWER-QP3
20260811_121452_stage_B_2C_4168a6e9,inequality,16,16,constraint,INEQ-Q-UPPER-QP3
20260811_121452_stage_B_2C_4168a6e9,inequality,17,17,constraint,INEQ-Q-LOWER-QP4
20260811_121452_stage_B_2C_4168a6e9,inequality,18,18,constraint,INEQ-Q-UPPER-QP4
20260811_121452_stage_B_2C_4168a6e9,inequality,19,19,constraint,INEQ-Q-LOWER-QP5
20260811_121452_stage_B_2C_4168a6e9,inequality,20,20,constraint,INEQ-Q-UPPER-QP5
20260811_121452_stage_B_2C_4168a6e9,inequality,21,21,constraint,INEQ-Q-LOWER-QS1
20260811_121452_stage_B_2C_4168a6e9,inequality,22,22,constraint,INEQ-Q-UPPER-QS1
20260811_121452_stage_B_2C_4168a6e9,inequality,23,23,constraint,INEQ-Q-LOWER-QS2
20260811_121452_stage_B_2C_4168a6e9,inequality,24,24,constraint,INEQ-Q-UPPER-QS2
20260811_121452_stage_B_2C_4168a6e9,inequality,25,25,constraint,INEQ-Q-LOWER-ES1
20260811_121452_stage_B_2C_4168a6e9,inequality,26,26,constraint,INEQ-Q-UPPER-ES1
20260811_121452_stage_B_2C_4168a6e9,inequality,27,27,constraint,INEQ-Q-LOWER-ES2
20260811_121452_stage_B_2C_4168a6e9,inequality,28,28,constraint,INEQ-Q-UPPER-ES2
20260811_121452_stage_B_2C_4168a6e9,inequality,29,29,constraint,INEQ-LOWER-D014-H01-PW01
20260811_121452_stage_B_2C_4168a6e9,inequality,30,30,constraint,INEQ-UPPER-D014-H01-PW01
20260811_121452_stage_B_2C_4168a6e9,inequality,31,31,constraint,INEQ-LOWER-D014-H01-PW02
20260811_121452_stage_B_2C_4168a6e9,inequality,32,32,constraint,INEQ-UPPER-D014-H01-PW02
20260811_121452_stage_B_2C_4168a6e9,inequality,33,33,constraint,INEQ-LOWER-D014-H01-PW03
20260811_121452_stage_B_2C_4168a6e9,inequality,34,34,constraint,INEQ-UPPER-D014-H01-PW03
20260811_121452_stage_B_2C_4168a6e9,inequality,35,35,constraint,INEQ-LOWER-D014-H01-PW04
20260811_121452_stage_B_2C_4168a6e9,inequality,36,36,constraint,INEQ-UPPER-D014-H01-PW04
20260811_121452_stage_B_2C_4168a6e9,inequality,37,37,constraint,INEQ-LOWER-D014-H01-PW05
20260811_121452_stage_B_2C_4168a6e9,inequality,38,38,constraint,INEQ-UPPER-D014-H01-PW05
20260811_121452_stage_B_2C_4168a6e9,inequality,39,39,constraint,INEQ-LOWER-D014-H01-PH01
20260811_121452_stage_B_2C_4168a6e9,inequality,40,40,constraint,INEQ-UPPER-D014-H01-PH01
20260811_121452_stage_B_2C_4168a6e9,inequality,41,41,constraint,INEQ-LOWER-D014-H01-PH02
20260811_121452_stage_B_2C_4168a6e9,inequality,42,42,constraint,INEQ-UPPER-D014-H01-PH02
20260811_121452_stage_B_2C_4168a6e9,inequality,43,43,constraint,INEQ-LOWER-D014-H01-PH03
20260811_121452_stage_B_2C_4168a6e9,inequality,44,44,constraint,INEQ-UPPER-D014-H01-PH03
20260811_121452_stage_B_2C_4168a6e9,inequality,45,45,constraint,INEQ-LOWER-D014-H01-PH04
20260811_121452_stage_B_2C_4168a6e9,inequality,46,46,constraint,INEQ-UPPER-D014-H01-PH04
20260811_121452_stage_B_2C_4168a6e9,inequality,47,47,constraint,INEQ-LOWER-D014-H01-PF01
20260811_121452_stage_B_2C_4168a6e9,inequality,48,48,constraint,INEQ-UPPER-D014-H01-PF01
20260811_121452_stage_B_2C_4168a6e9,inequality,49,49,constraint,INEQ-LOWER-D014-H01-PF02
20260811_121452_stage_B_2C_4168a6e9,inequality,50,50,constraint,INEQ-UPPER-D014-H01-PF02
20260811_121452_stage_B_2C_4168a6e9,inequality,51,51,constraint,INEQ-LOWER-D014-H01-PF03
20260811_121452_stage_B_2C_4168a6e9,inequality,52,52,constraint,INEQ-UPPER-D014-H01-PF03
20260811_121452_stage_B_2C_4168a6e9,inequality,53,53,constraint,INEQ-LOWER-D014-H01-PF04
20260811_121452_stage_B_2C_4168a6e9,inequality,54,54,constraint,INEQ-UPPER-D014-H01-PF04
20260811_121452_stage_B_2C_4168a6e9,inequality,55,55,constraint,INEQ-LOWER-D014-H01-Pch01
20260811_121452_stage_B_2C_4168a6e9,inequality,56,56,constraint,INEQ-UPPER-D014-H01-Pch01
20260811_121452_stage_B_2C_4168a6e9,inequality,57,57,constraint,INEQ-LOWER-D014-H01-Pch02
20260811_121452_stage_B_2C_4168a6e9,inequality,58,58,constraint,INEQ-UPPER-D014-H01-Pch02
20260811_121452_stage_B_2C_4168a6e9,inequality,59,59,constraint,INEQ-LOWER-D014-H01-Pdis01
20260811_121452_stage_B_2C_4168a6e9,inequality,60,60,constraint,INEQ-UPPER-D014-H01-Pdis01
20260811_121452_stage_B_2C_4168a6e9,inequality,61,61,constraint,INEQ-LOWER-D014-H01-Pdis02
20260811_121452_stage_B_2C_4168a6e9,inequality,62,62,constraint,INEQ-UPPER-D014-H01-Pdis02
20260811_121452_stage_B_2C_4168a6e9,inequality,63,63,constraint,INEQ-LOWER-D014-H01-SOC01
20260811_121452_stage_B_2C_4168a6e9,inequality,64,64,constraint,INEQ-UPPER-D014-H01-SOC01
20260811_121452_stage_B_2C_4168a6e9,inequality,65,65,constraint,INEQ-LOWER-D014-H01-SOC02
20260811_121452_stage_B_2C_4168a6e9,inequality,66,66,constraint,INEQ-UPPER-D014-H01-SOC02
20260811_121452_stage_B_2C_4168a6e9,inequality,67,67,constraint,INEQ-LOWER-D014-H02-PW01
20260811_121452_stage_B_2C_4168a6e9,inequality,68,68,constraint,INEQ-UPPER-D014-H02-PW01
20260811_121452_stage_B_2C_4168a6e9,inequality,69,69,constraint,INEQ-LOWER-D014-H02-PW02
20260811_121452_stage_B_2C_4168a6e9,inequality,70,70,constraint,INEQ-UPPER-D014-H02-PW02
20260811_121452_stage_B_2C_4168a6e9,inequality,71,71,constraint,INEQ-LOWER-D014-H02-PW03
20260811_121452_stage_B_2C_4168a6e9,inequality,72,72,constraint,INEQ-UPPER-D014-H02-PW03
20260811_121452_stage_B_2C_4168a6e9,inequality,73,73,constraint,INEQ-LOWER-D014-H02-PW04
20260811_121452_stage_B_2C_4168a6e9,inequality,74,74,constraint,INEQ-UPPER-D014-H02-PW04
20260811_121452_stage_B_2C_4168a6e9,inequality,75,75,constraint,INEQ-LOWER-D014-H02-PW05
20260811_121452_stage_B_2C_4168a6e9,inequality,76,76,constraint,INEQ-UPPER-D014-H02-PW05
20260811_121452_stage_B_2C_4168a6e9,inequality,77,77,constraint,INEQ-LOWER-D014-H02-PH01
20260811_121452_stage_B_2C_4168a6e9,inequality,78,78,constraint,INEQ-UPPER-D014-H02-PH01
20260811_121452_stage_B_2C_4168a6e9,inequality,79,79,constraint,INEQ-LOWER-D014-H02-PH02
20260811_121452_stage_B_2C_4168a6e9,inequality,80,80,constraint,INEQ-UPPER-D014-H02-PH02
20260811_121452_stage_B_2C_4168a6e9,inequality,81,81,constraint,INEQ-LOWER-D014-H02-PH03
20260811_121452_stage_B_2C_4168a6e9,inequality,82,82,constraint,INEQ-UPPER-D014-H02-PH03
20260811_121452_stage_B_2C_4168a6e9,inequality,83,83,constraint,INEQ-LOWER-D014-H02-PH04
20260811_121452_stage_B_2C_4168a6e9,inequality,84,84,constraint,INEQ-UPPER-D014-H02-PH04
20260811_121452_stage_B_2C_4168a6e9,inequality,85,85,constraint,INEQ-LOWER-D014-H02-PF01
20260811_121452_stage_B_2C_4168a6e9,inequality,86,86,constraint,INEQ-UPPER-D014-H02-PF01
20260811_121452_stage_B_2C_4168a6e9,inequality,87,87,constraint,INEQ-LOWER-D014-H02-PF02
20260811_121452_stage_B_2C_4168a6e9,inequality,88,88,constraint,INEQ-UPPER-D014-H02-PF02
20260811_121452_stage_B_2C_4168a6e9,inequality,89,89,constraint,INEQ-LOWER-D014-H02-PF03
20260811_121452_stage_B_2C_4168a6e9,inequality,90,90,constraint,INEQ-UPPER-D014-H02-PF03
20260811_121452_stage_B_2C_4168a6e9,inequality,91,91,constraint,INEQ-LOWER-D014-H02-PF04
20260811_121452_stage_B_2C_4168a6e9,inequality,92,92,constraint,INEQ-UPPER-D014-H02-PF04
20260811_121452_stage_B_2C_4168a6e9,inequality,93,93,constraint,INEQ-LOWER-D014-H02-Pch01
20260811_121452_stage_B_2C_4168a6e9,inequality,94,94,constraint,INEQ-UPPER-D014-H02-Pch01
20260811_121452_stage_B_2C_4168a6e9,inequality,95,95,constraint,INEQ-LOWER-D014-H02-Pch02
20260811_121452_stage_B_2C_4168a6e9,inequality,96,96,constraint,INEQ-UPPER-D014-H02-Pch02
20260811_121452_stage_B_2C_4168a6e9,inequality,97,97,constraint,INEQ-LOWER-D014-H02-Pdis01
20260811_121452_stage_B_2C_4168a6e9,inequality,98,98,constraint,INEQ-UPPER-D014-H02-Pdis01
20260811_121452_stage_B_2C_4168a6e9,inequality,99,99,constraint,INEQ-LOWER-D014-H02-Pdis02
20260811_121452_stage_B_2C_4168a6e9,inequality,100,100,constraint,INEQ-UPPER-D014-H02-Pdis02
20260811_121452_stage_B_2C_4168a6e9,inequality,101,101,constraint,INEQ-LOWER-D014-H02-SOC01
20260811_121452_stage_B_2C_4168a6e9,inequality,102,102,constraint,INEQ-UPPER-D014-H02-SOC01
20260811_121452_stage_B_2C_4168a6e9,inequality,103,103,constraint,INEQ-LOWER-D014-H02-SOC02
20260811_121452_stage_B_2C_4168a6e9,inequality,104,104,constraint,INEQ-UPPER-D014-H02-SOC02
20260811_121452_stage_B_2C_4168a6e9,inequality,105,105,constraint,INEQ-LOWER-D014-H03-PW01
20260811_121452_stage_B_2C_4168a6e9,inequality,106,106,constraint,INEQ-UPPER-D014-H03-PW01
20260811_121452_stage_B_2C_4168a6e9,inequality,107,107,constraint,INEQ-LOWER-D014-H03-PW02
20260811_121452_stage_B_2C_4168a6e9,inequality,108,108,constraint,INEQ-UPPER-D014-H03-PW02
20260811_121452_stage_B_2C_4168a6e9,inequality,109,109,constraint,INEQ-LOWER-D014-H03-PW03
20260811_121452_stage_B_2C_4168a6e9,inequality,110,110,constraint,INEQ-UPPER-D014-H03-PW03
20260811_121452_stage_B_2C_4168a6e9,inequality,111,111,constraint,INEQ-LOWER-D014-H03-PW04
20260811_121452_stage_B_2C_4168a6e9,inequality,112,112,constraint,INEQ-UPPER-D014-H03-PW04
20260811_121452_stage_B_2C_4168a6e9,inequality,113,113,constraint,INEQ-LOWER-D014-H03-PW05
20260811_121452_stage_B_2C_4168a6e9,inequality,114,114,constraint,INEQ-UPPER-D014-H03-PW05
20260811_121452_stage_B_2C_4168a6e9,inequality,115,115,constraint,INEQ-LOWER-D014-H03-PH01
20260811_121452_stage_B_2C_4168a6e9,inequality,116,116,constraint,INEQ-UPPER-D014-H03-PH01
20260811_121452_stage_B_2C_4168a6e9,inequality,117,117,constraint,INEQ-LOWER-D014-H03-PH02
20260811_121452_stage_B_2C_4168a6e9,inequality,118,118,constraint,INEQ-UPPER-D014-H03-PH02
20260811_121452_stage_B_2C_4168a6e9,inequality,119,119,constraint,INEQ-LOWER-D014-H03-PH03
20260811_121452_stage_B_2C_4168a6e9,inequality,120,120,constraint,INEQ-UPPER-D014-H03-PH03
20260811_121452_stage_B_2C_4168a6e9,inequality,121,121,constraint,INEQ-LOWER-D014-H03-PH04
20260811_121452_stage_B_2C_4168a6e9,inequality,122,122,constraint,INEQ-UPPER-D014-H03-PH04
20260811_121452_stage_B_2C_4168a6e9,inequality,123,123,constraint,INEQ-LOWER-D014-H03-PF01
20260811_121452_stage_B_2C_4168a6e9,inequality,124,124,constraint,INEQ-UPPER-D014-H03-PF01
20260811_121452_stage_B_2C_4168a6e9,inequality,125,125,constraint,INEQ-LOWER-D014-H03-PF02
20260811_121452_stage_B_2C_4168a6e9,inequality,126,126,constraint,INEQ-UPPER-D014-H03-PF02
20260811_121452_stage_B_2C_4168a6e9,inequality,127,127,constraint,INEQ-LOWER-D014-H03-PF03
20260811_121452_stage_B_2C_4168a6e9,inequality,128,128,constraint,INEQ-UPPER-D014-H03-PF03
20260811_121452_stage_B_2C_4168a6e9,inequality,129,129,constraint,INEQ-LOWER-D014-H03-PF04
20260811_121452_stage_B_2C_4168a6e9,inequality,130,130,constraint,INEQ-UPPER-D014-H03-PF04
20260811_121452_stage_B_2C_4168a6e9,inequality,131,131,constraint,INEQ-LOWER-D014-H03-Pch01
20260811_121452_stage_B_2C_4168a6e9,inequality,132,132,constraint,INEQ-UPPER-D014-H03-Pch01
20260811_121452_stage_B_2C_4168a6e9,inequality,133,133,constraint,INEQ-LOWER-D014-H03-Pch02
20260811_121452_stage_B_2C_4168a6e9,inequality,134,134,constraint,INEQ-UPPER-D014-H03-Pch02
20260811_121452_stage_B_2C_4168a6e9,inequality,135,135,constraint,INEQ-LOWER-D014-H03-Pdis01
20260811_121452_stage_B_2C_4168a6e9,inequality,136,136,constraint,INEQ-UPPER-D014-H03-Pdis01
20260811_121452_stage_B_2C_4168a6e9,inequality,137,137,constraint,INEQ-LOWER-D014-H03-Pdis02
20260811_121452_stage_B_2C_4168a6e9,inequality,138,138,constraint,INEQ-UPPER-D014-H03-Pdis02
20260811_121452_stage_B_2C_4168a6e9,inequality,139,139,constraint,INEQ-LOWER-D014-H03-SOC01
20260811_121452_stage_B_2C_4168a6e9,inequality,140,140,constraint,INEQ-UPPER-D014-H03-SOC01
20260811_121452_stage_B_2C_4168a6e9,inequality,141,141,constraint,INEQ-LOWER-D014-H03-SOC02
20260811_121452_stage_B_2C_4168a6e9,inequality,142,142,constraint,INEQ-UPPER-D014-H03-SOC02
20260811_121452_stage_B_2C_4168a6e9,inequality,143,143,constraint,INEQ-LOWER-D014-H04-PW01
20260811_121452_stage_B_2C_4168a6e9,inequality,144,144,constraint,INEQ-UPPER-D014-H04-PW01
20260811_121452_stage_B_2C_4168a6e9,inequality,145,145,constraint,INEQ-LOWER-D014-H04-PW02
20260811_121452_stage_B_2C_4168a6e9,inequality,146,146,constraint,INEQ-UPPER-D014-H04-PW02
20260811_121452_stage_B_2C_4168a6e9,inequality,147,147,constraint,INEQ-LOWER-D014-H04-PW03
20260811_121452_stage_B_2C_4168a6e9,inequality,148,148,constraint,INEQ-UPPER-D014-H04-PW03
20260811_121452_stage_B_2C_4168a6e9,inequality,149,149,constraint,INEQ-LOWER-D014-H04-PW04
20260811_121452_stage_B_2C_4168a6e9,inequality,150,150,constraint,INEQ-UPPER-D014-H04-PW04
20260811_121452_stage_B_2C_4168a6e9,inequality,151,151,constraint,INEQ-LOWER-D014-H04-PW05
20260811_121452_stage_B_2C_4168a6e9,inequality,152,152,constraint,INEQ-UPPER-D014-H04-PW05
20260811_121452_stage_B_2C_4168a6e9,inequality,153,153,constraint,INEQ-LOWER-D014-H04-PH01
20260811_121452_stage_B_2C_4168a6e9,inequality,154,154,constraint,INEQ-UPPER-D014-H04-PH01
20260811_121452_stage_B_2C_4168a6e9,inequality,155,155,constraint,INEQ-LOWER-D014-H04-PH02
20260811_121452_stage_B_2C_4168a6e9,inequality,156,156,constraint,INEQ-UPPER-D014-H04-PH02
20260811_121452_stage_B_2C_4168a6e9,inequality,157,157,constraint,INEQ-LOWER-D014-H04-PH03
20260811_121452_stage_B_2C_4168a6e9,inequality,158,158,constraint,INEQ-UPPER-D014-H04-PH03
20260811_121452_stage_B_2C_4168a6e9,inequality,159,159,constraint,INEQ-LOWER-D014-H04-PH04
20260811_121452_stage_B_2C_4168a6e9,inequality,160,160,constraint,INEQ-UPPER-D014-H04-PH04
20260811_121452_stage_B_2C_4168a6e9,inequality,161,161,constraint,INEQ-LOWER-D014-H04-PF01
20260811_121452_stage_B_2C_4168a6e9,inequality,162,162,constraint,INEQ-UPPER-D014-H04-PF01
20260811_121452_stage_B_2C_4168a6e9,inequality,163,163,constraint,INEQ-LOWER-D014-H04-PF02
20260811_121452_stage_B_2C_4168a6e9,inequality,164,164,constraint,INEQ-UPPER-D014-H04-PF02
20260811_121452_stage_B_2C_4168a6e9,inequality,165,165,constraint,INEQ-LOWER-D014-H04-PF03
20260811_121452_stage_B_2C_4168a6e9,inequality,166,166,constraint,INEQ-UPPER-D014-H04-PF03
20260811_121452_stage_B_2C_4168a6e9,inequality,167,167,constraint,INEQ-LOWER-D014-H04-PF04
20260811_121452_stage_B_2C_4168a6e9,inequality,168,168,constraint,INEQ-UPPER-D014-H04-PF04
20260811_121452_stage_B_2C_4168a6e9,inequality,169,169,constraint,INEQ-LOWER-D014-H04-Pch01
20260811_121452_stage_B_2C_4168a6e9,inequality,170,170,constraint,INEQ-UPPER-D014-H04-Pch01
20260811_121452_stage_B_2C_4168a6e9,inequality,171,171,constraint,INEQ-LOWER-D014-H04-Pch02
20260811_121452_stage_B_2C_4168a6e9,inequality,172,172,constraint,INEQ-UPPER-D014-H04-Pch02
20260811_121452_stage_B_2C_4168a6e9,inequality,173,173,constraint,INEQ-LOWER-D014-H04-Pdis01
20260811_121452_stage_B_2C_4168a6e9,inequality,174,174,constraint,INEQ-UPPER-D014-H04-Pdis01
20260811_121452_stage_B_2C_4168a6e9,inequality,175,175,constraint,INEQ-LOWER-D014-H04-Pdis02
20260811_121452_stage_B_2C_4168a6e9,inequality,176,176,constraint,INEQ-UPPER-D014-H04-Pdis02
20260811_121452_stage_B_2C_4168a6e9,inequality,177,177,constraint,INEQ-LOWER-D014-H04-SOC01
20260811_121452_stage_B_2C_4168a6e9,inequality,178,178,constraint,INEQ-UPPER-D014-H04-SOC01
20260811_121452_stage_B_2C_4168a6e9,inequality,179,179,constraint,INEQ-LOWER-D014-H04-SOC02
20260811_121452_stage_B_2C_4168a6e9,inequality,180,180,constraint,INEQ-UPPER-D014-H04-SOC02
20260811_121452_stage_B_2C_4168a6e9,inequality,181,181,constraint,INEQ-LOWER-D014-H05-PW01
20260811_121452_stage_B_2C_4168a6e9,inequality,182,182,constraint,INEQ-UPPER-D014-H05-PW01
20260811_121452_stage_B_2C_4168a6e9,inequality,183,183,constraint,INEQ-LOWER-D014-H05-PW02
20260811_121452_stage_B_2C_4168a6e9,inequality,184,184,constraint,INEQ-UPPER-D014-H05-PW02
20260811_121452_stage_B_2C_4168a6e9,inequality,185,185,constraint,INEQ-LOWER-D014-H05-PW03
20260811_121452_stage_B_2C_4168a6e9,inequality,186,186,constraint,INEQ-UPPER-D014-H05-PW03
20260811_121452_stage_B_2C_4168a6e9,inequality,187,187,constraint,INEQ-LOWER-D014-H05-PW04
20260811_121452_stage_B_2C_4168a6e9,inequality,188,188,constraint,INEQ-UPPER-D014-H05-PW04
20260811_121452_stage_B_2C_4168a6e9,inequality,189,189,constraint,INEQ-LOWER-D014-H05-PW05
20260811_121452_stage_B_2C_4168a6e9,inequality,190,190,constraint,INEQ-UPPER-D014-H05-PW05
20260811_121452_stage_B_2C_4168a6e9,inequality,191,191,constraint,INEQ-LOWER-D014-H05-PH01
20260811_121452_stage_B_2C_4168a6e9,inequality,192,192,constraint,INEQ-UPPER-D014-H05-PH01
20260811_121452_stage_B_2C_4168a6e9,inequality,193,193,constraint,INEQ-LOWER-D014-H05-PH02
20260811_121452_stage_B_2C_4168a6e9,inequality,194,194,constraint,INEQ-UPPER-D014-H05-PH02
20260811_121452_stage_B_2C_4168a6e9,inequality,195,195,constraint,INEQ-LOWER-D014-H05-PH03
20260811_121452_stage_B_2C_4168a6e9,inequality,196,196,constraint,INEQ-UPPER-D014-H05-PH03
20260811_121452_stage_B_2C_4168a6e9,inequality,197,197,constraint,INEQ-LOWER-D014-H05-PH04
20260811_121452_stage_B_2C_4168a6e9,inequality,198,198,constraint,INEQ-UPPER-D014-H05-PH04
20260811_121452_stage_B_2C_4168a6e9,inequality,199,199,constraint,INEQ-LOWER-D014-H05-PF01
20260811_121452_stage_B_2C_4168a6e9,inequality,200,200,constraint,INEQ-UPPER-D014-H05-PF01
20260811_121452_stage_B_2C_4168a6e9,inequality,201,201,constraint,INEQ-LOWER-D014-H05-PF02
20260811_121452_stage_B_2C_4168a6e9,inequality,202,202,constraint,INEQ-UPPER-D014-H05-PF02
20260811_121452_stage_B_2C_4168a6e9,inequality,203,203,constraint,INEQ-LOWER-D014-H05-PF03
20260811_121452_stage_B_2C_4168a6e9,inequality,204,204,constraint,INEQ-UPPER-D014-H05-PF03
20260811_121452_stage_B_2C_4168a6e9,inequality,205,205,constraint,INEQ-LOWER-D014-H05-PF04
20260811_121452_stage_B_2C_4168a6e9,inequality,206,206,constraint,INEQ-UPPER-D014-H05-PF04
20260811_121452_stage_B_2C_4168a6e9,inequality,207,207,constraint,INEQ-LOWER-D014-H05-Pch01
20260811_121452_stage_B_2C_4168a6e9,inequality,208,208,constraint,INEQ-UPPER-D014-H05-Pch01
20260811_121452_stage_B_2C_4168a6e9,inequality,209,209,constraint,INEQ-LOWER-D014-H05-Pch02
20260811_121452_stage_B_2C_4168a6e9,inequality,210,210,constraint,INEQ-UPPER-D014-H05-Pch02
20260811_121452_stage_B_2C_4168a6e9,inequality,211,211,constraint,INEQ-LOWER-D014-H05-Pdis01
20260811_121452_stage_B_2C_4168a6e9,inequality,212,212,constraint,INEQ-UPPER-D014-H05-Pdis01
20260811_121452_stage_B_2C_4168a6e9,inequality,213,213,constraint,INEQ-LOWER-D014-H05-Pdis02
20260811_121452_stage_B_2C_4168a6e9,inequality,214,214,constraint,INEQ-UPPER-D014-H05-Pdis02
20260811_121452_stage_B_2C_4168a6e9,inequality,215,215,constraint,INEQ-LOWER-D014-H05-SOC01
20260811_121452_stage_B_2C_4168a6e9,inequality,216,216,constraint,INEQ-UPPER-D014-H05-SOC01
20260811_121452_stage_B_2C_4168a6e9,inequality,217,217,constraint,INEQ-LOWER-D014-H05-SOC02
20260811_121452_stage_B_2C_4168a6e9,inequality,218,218,constraint,INEQ-UPPER-D014-H05-SOC02
20260811_121452_stage_B_2C_4168a6e9,inequality,219,219,constraint,INEQ-LOWER-D014-H06-PW01
20260811_121452_stage_B_2C_4168a6e9,inequality,220,220,constraint,INEQ-UPPER-D014-H06-PW01
20260811_121452_stage_B_2C_4168a6e9,inequality,221,221,constraint,INEQ-LOWER-D014-H06-PW02
20260811_121452_stage_B_2C_4168a6e9,inequality,222,222,constraint,INEQ-UPPER-D014-H06-PW02
20260811_121452_stage_B_2C_4168a6e9,inequality,223,223,constraint,INEQ-LOWER-D014-H06-PW03
20260811_121452_stage_B_2C_4168a6e9,inequality,224,224,constraint,INEQ-UPPER-D014-H06-PW03
20260811_121452_stage_B_2C_4168a6e9,inequality,225,225,constraint,INEQ-LOWER-D014-H06-PW04
20260811_121452_stage_B_2C_4168a6e9,inequality,226,226,constraint,INEQ-UPPER-D014-H06-PW04
20260811_121452_stage_B_2C_4168a6e9,inequality,227,227,constraint,INEQ-LOWER-D014-H06-PW05
20260811_121452_stage_B_2C_4168a6e9,inequality,228,228,constraint,INEQ-UPPER-D014-H06-PW05
20260811_121452_stage_B_2C_4168a6e9,inequality,229,229,constraint,INEQ-LOWER-D014-H06-PH01
20260811_121452_stage_B_2C_4168a6e9,inequality,230,230,constraint,INEQ-UPPER-D014-H06-PH01
20260811_121452_stage_B_2C_4168a6e9,inequality,231,231,constraint,INEQ-LOWER-D014-H06-PH02
20260811_121452_stage_B_2C_4168a6e9,inequality,232,232,constraint,INEQ-UPPER-D014-H06-PH02
20260811_121452_stage_B_2C_4168a6e9,inequality,233,233,constraint,INEQ-LOWER-D014-H06-PH03
20260811_121452_stage_B_2C_4168a6e9,inequality,234,234,constraint,INEQ-UPPER-D014-H06-PH03
20260811_121452_stage_B_2C_4168a6e9,inequality,235,235,constraint,INEQ-LOWER-D014-H06-PH04
20260811_121452_stage_B_2C_4168a6e9,inequality,236,236,constraint,INEQ-UPPER-D014-H06-PH04
20260811_121452_stage_B_2C_4168a6e9,inequality,237,237,constraint,INEQ-LOWER-D014-H06-PF01
20260811_121452_stage_B_2C_4168a6e9,inequality,238,238,constraint,INEQ-UPPER-D014-H06-PF01
20260811_121452_stage_B_2C_4168a6e9,inequality,239,239,constraint,INEQ-LOWER-D014-H06-PF02
20260811_121452_stage_B_2C_4168a6e9,inequality,240,240,constraint,INEQ-UPPER-D014-H06-PF02
20260811_121452_stage_B_2C_4168a6e9,inequality,241,241,constraint,INEQ-LOWER-D014-H06-PF03
20260811_121452_stage_B_2C_4168a6e9,inequality,242,242,constraint,INEQ-UPPER-D014-H06-PF03
20260811_121452_stage_B_2C_4168a6e9,inequality,243,243,constraint,INEQ-LOWER-D014-H06-PF04
20260811_121452_stage_B_2C_4168a6e9,inequality,244,244,constraint,INEQ-UPPER-D014-H06-PF04
20260811_121452_stage_B_2C_4168a6e9,inequality,245,245,constraint,INEQ-LOWER-D014-H06-Pch01
20260811_121452_stage_B_2C_4168a6e9,inequality,246,246,constraint,INEQ-UPPER-D014-H06-Pch01
20260811_121452_stage_B_2C_4168a6e9,inequality,247,247,constraint,INEQ-LOWER-D014-H06-Pch02
20260811_121452_stage_B_2C_4168a6e9,inequality,248,248,constraint,INEQ-UPPER-D014-H06-Pch02
20260811_121452_stage_B_2C_4168a6e9,inequality,249,249,constraint,INEQ-LOWER-D014-H06-Pdis01
20260811_121452_stage_B_2C_4168a6e9,inequality,250,250,constraint,INEQ-UPPER-D014-H06-Pdis01
20260811_121452_stage_B_2C_4168a6e9,inequality,251,251,constraint,INEQ-LOWER-D014-H06-Pdis02
20260811_121452_stage_B_2C_4168a6e9,inequality,252,252,constraint,INEQ-UPPER-D014-H06-Pdis02
20260811_121452_stage_B_2C_4168a6e9,inequality,253,253,constraint,INEQ-LOWER-D014-H06-SOC01
20260811_121452_stage_B_2C_4168a6e9,inequality,254,254,constraint,INEQ-UPPER-D014-H06-SOC01
20260811_121452_stage_B_2C_4168a6e9,inequality,255,255,constraint,INEQ-LOWER-D014-H06-SOC02
20260811_121452_stage_B_2C_4168a6e9,inequality,256,256,constraint,INEQ-UPPER-D014-H06-SOC02
20260811_121452_stage_B_2C_4168a6e9,inequality,257,257,constraint,INEQ-LOWER-D014-H07-PW01
20260811_121452_stage_B_2C_4168a6e9,inequality,258,258,constraint,INEQ-UPPER-D014-H07-PW01
20260811_121452_stage_B_2C_4168a6e9,inequality,259,259,constraint,INEQ-LOWER-D014-H07-PW02
20260811_121452_stage_B_2C_4168a6e9,inequality,260,260,constraint,INEQ-UPPER-D014-H07-PW02
20260811_121452_stage_B_2C_4168a6e9,inequality,261,261,constraint,INEQ-LOWER-D014-H07-PW03
20260811_121452_stage_B_2C_4168a6e9,inequality,262,262,constraint,INEQ-UPPER-D014-H07-PW03
20260811_121452_stage_B_2C_4168a6e9,inequality,263,263,constraint,INEQ-LOWER-D014-H07-PW04
20260811_121452_stage_B_2C_4168a6e9,inequality,264,264,constraint,INEQ-UPPER-D014-H07-PW04
20260811_121452_stage_B_2C_4168a6e9,inequality,265,265,constraint,INEQ-LOWER-D014-H07-PW05
20260811_121452_stage_B_2C_4168a6e9,inequality,266,266,constraint,INEQ-UPPER-D014-H07-PW05
20260811_121452_stage_B_2C_4168a6e9,inequality,267,267,constraint,INEQ-LOWER-D014-H07-PH01
20260811_121452_stage_B_2C_4168a6e9,inequality,268,268,constraint,INEQ-UPPER-D014-H07-PH01
20260811_121452_stage_B_2C_4168a6e9,inequality,269,269,constraint,INEQ-LOWER-D014-H07-PH02
20260811_121452_stage_B_2C_4168a6e9,inequality,270,270,constraint,INEQ-UPPER-D014-H07-PH02
20260811_121452_stage_B_2C_4168a6e9,inequality,271,271,constraint,INEQ-LOWER-D014-H07-PH03
20260811_121452_stage_B_2C_4168a6e9,inequality,272,272,constraint,INEQ-UPPER-D014-H07-PH03
20260811_121452_stage_B_2C_4168a6e9,inequality,273,273,constraint,INEQ-LOWER-D014-H07-PH04
20260811_121452_stage_B_2C_4168a6e9,inequality,274,274,constraint,INEQ-UPPER-D014-H07-PH04
20260811_121452_stage_B_2C_4168a6e9,inequality,275,275,constraint,INEQ-LOWER-D014-H07-PF01
20260811_121452_stage_B_2C_4168a6e9,inequality,276,276,constraint,INEQ-UPPER-D014-H07-PF01
20260811_121452_stage_B_2C_4168a6e9,inequality,277,277,constraint,INEQ-LOWER-D014-H07-PF02
20260811_121452_stage_B_2C_4168a6e9,inequality,278,278,constraint,INEQ-UPPER-D014-H07-PF02
20260811_121452_stage_B_2C_4168a6e9,inequality,279,279,constraint,INEQ-LOWER-D014-H07-PF03
20260811_121452_stage_B_2C_4168a6e9,inequality,280,280,constraint,INEQ-UPPER-D014-H07-PF03
20260811_121452_stage_B_2C_4168a6e9,inequality,281,281,constraint,INEQ-LOWER-D014-H07-PF04
20260811_121452_stage_B_2C_4168a6e9,inequality,282,282,constraint,INEQ-UPPER-D014-H07-PF04
20260811_121452_stage_B_2C_4168a6e9,inequality,283,283,constraint,INEQ-LOWER-D014-H07-Pch01
20260811_121452_stage_B_2C_4168a6e9,inequality,284,284,constraint,INEQ-UPPER-D014-H07-Pch01
20260811_121452_stage_B_2C_4168a6e9,inequality,285,285,constraint,INEQ-LOWER-D014-H07-Pch02
20260811_121452_stage_B_2C_4168a6e9,inequality,286,286,constraint,INEQ-UPPER-D014-H07-Pch02
20260811_121452_stage_B_2C_4168a6e9,inequality,287,287,constraint,INEQ-LOWER-D014-H07-Pdis01
20260811_121452_stage_B_2C_4168a6e9,inequality,288,288,constraint,INEQ-UPPER-D014-H07-Pdis01
20260811_121452_stage_B_2C_4168a6e9,inequality,289,289,constraint,INEQ-LOWER-D014-H07-Pdis02
20260811_121452_stage_B_2C_4168a6e9,inequality,290,290,constraint,INEQ-UPPER-D014-H07-Pdis02
20260811_121452_stage_B_2C_4168a6e9,inequality,291,291,constraint,INEQ-LOWER-D014-H07-SOC01
20260811_121452_stage_B_2C_4168a6e9,inequality,292,292,constraint,INEQ-UPPER-D014-H07-SOC01
20260811_121452_stage_B_2C_4168a6e9,inequality,293,293,constraint,INEQ-LOWER-D014-H07-SOC02
20260811_121452_stage_B_2C_4168a6e9,inequality,294,294,constraint,INEQ-UPPER-D014-H07-SOC02
20260811_121452_stage_B_2C_4168a6e9,inequality,295,295,constraint,INEQ-LOWER-D014-H08-PW01
20260811_121452_stage_B_2C_4168a6e9,inequality,296,296,constraint,INEQ-UPPER-D014-H08-PW01
20260811_121452_stage_B_2C_4168a6e9,inequality,297,297,constraint,INEQ-LOWER-D014-H08-PW02
20260811_121452_stage_B_2C_4168a6e9,inequality,298,298,constraint,INEQ-UPPER-D014-H08-PW02
20260811_121452_stage_B_2C_4168a6e9,inequality,299,299,constraint,INEQ-LOWER-D014-H08-PW03
20260811_121452_stage_B_2C_4168a6e9,inequality,300,300,constraint,INEQ-UPPER-D014-H08-PW03
20260811_121452_stage_B_2C_4168a6e9,inequality,301,301,constraint,INEQ-LOWER-D014-H08-PW04
20260811_121452_stage_B_2C_4168a6e9,inequality,302,302,constraint,INEQ-UPPER-D014-H08-PW04
20260811_121452_stage_B_2C_4168a6e9,inequality,303,303,constraint,INEQ-LOWER-D014-H08-PW05
20260811_121452_stage_B_2C_4168a6e9,inequality,304,304,constraint,INEQ-UPPER-D014-H08-PW05
20260811_121452_stage_B_2C_4168a6e9,inequality,305,305,constraint,INEQ-LOWER-D014-H08-PP01
20260811_121452_stage_B_2C_4168a6e9,inequality,306,306,constraint,INEQ-UPPER-D014-H08-PP01
20260811_121452_stage_B_2C_4168a6e9,inequality,307,307,constraint,INEQ-LOWER-D014-H08-PP02
20260811_121452_stage_B_2C_4168a6e9,inequality,308,308,constraint,INEQ-UPPER-D014-H08-PP02
20260811_121452_stage_B_2C_4168a6e9,inequality,309,309,constraint,INEQ-LOWER-D014-H08-PP03
20260811_121452_stage_B_2C_4168a6e9,inequality,310,310,constraint,INEQ-UPPER-D014-H08-PP03
20260811_121452_stage_B_2C_4168a6e9,inequality,311,311,constraint,INEQ-LOWER-D014-H08-PP04
20260811_121452_stage_B_2C_4168a6e9,inequality,312,312,constraint,INEQ-UPPER-D014-H08-PP04
20260811_121452_stage_B_2C_4168a6e9,inequality,313,313,constraint,INEQ-LOWER-D014-H08-PP05
20260811_121452_stage_B_2C_4168a6e9,inequality,314,314,constraint,INEQ-UPPER-D014-H08-PP05
20260811_121452_stage_B_2C_4168a6e9,inequality,315,315,constraint,INEQ-LOWER-D014-H08-PH01
20260811_121452_stage_B_2C_4168a6e9,inequality,316,316,constraint,INEQ-UPPER-D014-H08-PH01
20260811_121452_stage_B_2C_4168a6e9,inequality,317,317,constraint,INEQ-LOWER-D014-H08-PH02
20260811_121452_stage_B_2C_4168a6e9,inequality,318,318,constraint,INEQ-UPPER-D014-H08-PH02
20260811_121452_stage_B_2C_4168a6e9,inequality,319,319,constraint,INEQ-LOWER-D014-H08-PH03
20260811_121452_stage_B_2C_4168a6e9,inequality,320,320,constraint,INEQ-UPPER-D014-H08-PH03
20260811_121452_stage_B_2C_4168a6e9,inequality,321,321,constraint,INEQ-LOWER-D014-H08-PH04
20260811_121452_stage_B_2C_4168a6e9,inequality,322,322,constraint,INEQ-UPPER-D014-H08-PH04
20260811_121452_stage_B_2C_4168a6e9,inequality,323,323,constraint,INEQ-LOWER-D014-H08-PF01
20260811_121452_stage_B_2C_4168a6e9,inequality,324,324,constraint,INEQ-UPPER-D014-H08-PF01
20260811_121452_stage_B_2C_4168a6e9,inequality,325,325,constraint,INEQ-LOWER-D014-H08-PF02
20260811_121452_stage_B_2C_4168a6e9,inequality,326,326,constraint,INEQ-UPPER-D014-H08-PF02
20260811_121452_stage_B_2C_4168a6e9,inequality,327,327,constraint,INEQ-LOWER-D014-H08-PF03
20260811_121452_stage_B_2C_4168a6e9,inequality,328,328,constraint,INEQ-UPPER-D014-H08-PF03
20260811_121452_stage_B_2C_4168a6e9,inequality,329,329,constraint,INEQ-LOWER-D014-H08-PF04
20260811_121452_stage_B_2C_4168a6e9,inequality,330,330,constraint,INEQ-UPPER-D014-H08-PF04
20260811_121452_stage_B_2C_4168a6e9,inequality,331,331,constraint,INEQ-LOWER-D014-H08-Pch01
20260811_121452_stage_B_2C_4168a6e9,inequality,332,332,constraint,INEQ-UPPER-D014-H08-Pch01
20260811_121452_stage_B_2C_4168a6e9,inequality,333,333,constraint,INEQ-LOWER-D014-H08-Pch02
20260811_121452_stage_B_2C_4168a6e9,inequality,334,334,constraint,INEQ-UPPER-D014-H08-Pch02
20260811_121452_stage_B_2C_4168a6e9,inequality,335,335,constraint,INEQ-LOWER-D014-H08-Pdis01
20260811_121452_stage_B_2C_4168a6e9,inequality,336,336,constraint,INEQ-UPPER-D014-H08-Pdis01
20260811_121452_stage_B_2C_4168a6e9,inequality,337,337,constraint,INEQ-LOWER-D014-H08-Pdis02
20260811_121452_stage_B_2C_4168a6e9,inequality,338,338,constraint,INEQ-UPPER-D014-H08-Pdis02
20260811_121452_stage_B_2C_4168a6e9,inequality,339,339,constraint,INEQ-LOWER-D014-H08-SOC01
20260811_121452_stage_B_2C_4168a6e9,inequality,340,340,constraint,INEQ-UPPER-D014-H08-SOC01
20260811_121452_stage_B_2C_4168a6e9,inequality,341,341,constraint,INEQ-LOWER-D014-H08-SOC02
20260811_121452_stage_B_2C_4168a6e9,inequality,342,342,constraint,INEQ-UPPER-D014-H08-SOC02
20260811_121452_stage_B_2C_4168a6e9,inequality,343,343,constraint,INEQ-LOWER-D014-H09-PW01
20260811_121452_stage_B_2C_4168a6e9,inequality,344,344,constraint,INEQ-UPPER-D014-H09-PW01
20260811_121452_stage_B_2C_4168a6e9,inequality,345,345,constraint,INEQ-LOWER-D014-H09-PW02
20260811_121452_stage_B_2C_4168a6e9,inequality,346,346,constraint,INEQ-UPPER-D014-H09-PW02
20260811_121452_stage_B_2C_4168a6e9,inequality,347,347,constraint,INEQ-LOWER-D014-H09-PW03
20260811_121452_stage_B_2C_4168a6e9,inequality,348,348,constraint,INEQ-UPPER-D014-H09-PW03
20260811_121452_stage_B_2C_4168a6e9,inequality,349,349,constraint,INEQ-LOWER-D014-H09-PW04
20260811_121452_stage_B_2C_4168a6e9,inequality,350,350,constraint,INEQ-UPPER-D014-H09-PW04
20260811_121452_stage_B_2C_4168a6e9,inequality,351,351,constraint,INEQ-LOWER-D014-H09-PW05
20260811_121452_stage_B_2C_4168a6e9,inequality,352,352,constraint,INEQ-UPPER-D014-H09-PW05
20260811_121452_stage_B_2C_4168a6e9,inequality,353,353,constraint,INEQ-LOWER-D014-H09-PP01
20260811_121452_stage_B_2C_4168a6e9,inequality,354,354,constraint,INEQ-UPPER-D014-H09-PP01
20260811_121452_stage_B_2C_4168a6e9,inequality,355,355,constraint,INEQ-LOWER-D014-H09-PP02
20260811_121452_stage_B_2C_4168a6e9,inequality,356,356,constraint,INEQ-UPPER-D014-H09-PP02
20260811_121452_stage_B_2C_4168a6e9,inequality,357,357,constraint,INEQ-LOWER-D014-H09-PP03
20260811_121452_stage_B_2C_4168a6e9,inequality,358,358,constraint,INEQ-UPPER-D014-H09-PP03
20260811_121452_stage_B_2C_4168a6e9,inequality,359,359,constraint,INEQ-LOWER-D014-H09-PP04
20260811_121452_stage_B_2C_4168a6e9,inequality,360,360,constraint,INEQ-UPPER-D014-H09-PP04
20260811_121452_stage_B_2C_4168a6e9,inequality,361,361,constraint,INEQ-LOWER-D014-H09-PP05
20260811_121452_stage_B_2C_4168a6e9,inequality,362,362,constraint,INEQ-UPPER-D014-H09-PP05
20260811_121452_stage_B_2C_4168a6e9,inequality,363,363,constraint,INEQ-LOWER-D014-H09-PH01
20260811_121452_stage_B_2C_4168a6e9,inequality,364,364,constraint,INEQ-UPPER-D014-H09-PH01
20260811_121452_stage_B_2C_4168a6e9,inequality,365,365,constraint,INEQ-LOWER-D014-H09-PH02
20260811_121452_stage_B_2C_4168a6e9,inequality,366,366,constraint,INEQ-UPPER-D014-H09-PH02
20260811_121452_stage_B_2C_4168a6e9,inequality,367,367,constraint,INEQ-LOWER-D014-H09-PH03
20260811_121452_stage_B_2C_4168a6e9,inequality,368,368,constraint,INEQ-UPPER-D014-H09-PH03
20260811_121452_stage_B_2C_4168a6e9,inequality,369,369,constraint,INEQ-LOWER-D014-H09-PH04
20260811_121452_stage_B_2C_4168a6e9,inequality,370,370,constraint,INEQ-UPPER-D014-H09-PH04
20260811_121452_stage_B_2C_4168a6e9,inequality,371,371,constraint,INEQ-LOWER-D014-H09-PF01
20260811_121452_stage_B_2C_4168a6e9,inequality,372,372,constraint,INEQ-UPPER-D014-H09-PF01
20260811_121452_stage_B_2C_4168a6e9,inequality,373,373,constraint,INEQ-LOWER-D014-H09-PF02
20260811_121452_stage_B_2C_4168a6e9,inequality,374,374,constraint,INEQ-UPPER-D014-H09-PF02
20260811_121452_stage_B_2C_4168a6e9,inequality,375,375,constraint,INEQ-LOWER-D014-H09-PF03
20260811_121452_stage_B_2C_4168a6e9,inequality,376,376,constraint,INEQ-UPPER-D014-H09-PF03
20260811_121452_stage_B_2C_4168a6e9,inequality,377,377,constraint,INEQ-LOWER-D014-H09-PF04
20260811_121452_stage_B_2C_4168a6e9,inequality,378,378,constraint,INEQ-UPPER-D014-H09-PF04
20260811_121452_stage_B_2C_4168a6e9,inequality,379,379,constraint,INEQ-LOWER-D014-H09-Pch01
20260811_121452_stage_B_2C_4168a6e9,inequality,380,380,constraint,INEQ-UPPER-D014-H09-Pch01
20260811_121452_stage_B_2C_4168a6e9,inequality,381,381,constraint,INEQ-LOWER-D014-H09-Pch02
20260811_121452_stage_B_2C_4168a6e9,inequality,382,382,constraint,INEQ-UPPER-D014-H09-Pch02
20260811_121452_stage_B_2C_4168a6e9,inequality,383,383,constraint,INEQ-LOWER-D014-H09-Pdis01
20260811_121452_stage_B_2C_4168a6e9,inequality,384,384,constraint,INEQ-UPPER-D014-H09-Pdis01
20260811_121452_stage_B_2C_4168a6e9,inequality,385,385,constraint,INEQ-LOWER-D014-H09-Pdis02
20260811_121452_stage_B_2C_4168a6e9,inequality,386,386,constraint,INEQ-UPPER-D014-H09-Pdis02
20260811_121452_stage_B_2C_4168a6e9,inequality,387,387,constraint,INEQ-LOWER-D014-H09-SOC01
20260811_121452_stage_B_2C_4168a6e9,inequality,388,388,constraint,INEQ-UPPER-D014-H09-SOC01
20260811_121452_stage_B_2C_4168a6e9,inequality,389,389,constraint,INEQ-LOWER-D014-H09-SOC02
20260811_121452_stage_B_2C_4168a6e9,inequality,390,390,constraint,INEQ-UPPER-D014-H09-SOC02
20260811_121452_stage_B_2C_4168a6e9,inequality,391,391,constraint,INEQ-LOWER-D014-H10-PW01
20260811_121452_stage_B_2C_4168a6e9,inequality,392,392,constraint,INEQ-UPPER-D014-H10-PW01
20260811_121452_stage_B_2C_4168a6e9,inequality,393,393,constraint,INEQ-LOWER-D014-H10-PW02
20260811_121452_stage_B_2C_4168a6e9,inequality,394,394,constraint,INEQ-UPPER-D014-H10-PW02
20260811_121452_stage_B_2C_4168a6e9,inequality,395,395,constraint,INEQ-LOWER-D014-H10-PW03
20260811_121452_stage_B_2C_4168a6e9,inequality,396,396,constraint,INEQ-UPPER-D014-H10-PW03
20260811_121452_stage_B_2C_4168a6e9,inequality,397,397,constraint,INEQ-LOWER-D014-H10-PW04
20260811_121452_stage_B_2C_4168a6e9,inequality,398,398,constraint,INEQ-UPPER-D014-H10-PW04
20260811_121452_stage_B_2C_4168a6e9,inequality,399,399,constraint,INEQ-LOWER-D014-H10-PW05
20260811_121452_stage_B_2C_4168a6e9,inequality,400,400,constraint,INEQ-UPPER-D014-H10-PW05
20260811_121452_stage_B_2C_4168a6e9,inequality,401,401,constraint,INEQ-LOWER-D014-H10-PP01
20260811_121452_stage_B_2C_4168a6e9,inequality,402,402,constraint,INEQ-UPPER-D014-H10-PP01
20260811_121452_stage_B_2C_4168a6e9,inequality,403,403,constraint,INEQ-LOWER-D014-H10-PP02
20260811_121452_stage_B_2C_4168a6e9,inequality,404,404,constraint,INEQ-UPPER-D014-H10-PP02
20260811_121452_stage_B_2C_4168a6e9,inequality,405,405,constraint,INEQ-LOWER-D014-H10-PP03
20260811_121452_stage_B_2C_4168a6e9,inequality,406,406,constraint,INEQ-UPPER-D014-H10-PP03
20260811_121452_stage_B_2C_4168a6e9,inequality,407,407,constraint,INEQ-LOWER-D014-H10-PP04
20260811_121452_stage_B_2C_4168a6e9,inequality,408,408,constraint,INEQ-UPPER-D014-H10-PP04
20260811_121452_stage_B_2C_4168a6e9,inequality,409,409,constraint,INEQ-LOWER-D014-H10-PP05
20260811_121452_stage_B_2C_4168a6e9,inequality,410,410,constraint,INEQ-UPPER-D014-H10-PP05
20260811_121452_stage_B_2C_4168a6e9,inequality,411,411,constraint,INEQ-LOWER-D014-H10-PH01
20260811_121452_stage_B_2C_4168a6e9,inequality,412,412,constraint,INEQ-UPPER-D014-H10-PH01
20260811_121452_stage_B_2C_4168a6e9,inequality,413,413,constraint,INEQ-LOWER-D014-H10-PH02
20260811_121452_stage_B_2C_4168a6e9,inequality,414,414,constraint,INEQ-UPPER-D014-H10-PH02
20260811_121452_stage_B_2C_4168a6e9,inequality,415,415,constraint,INEQ-LOWER-D014-H10-PH03
20260811_121452_stage_B_2C_4168a6e9,inequality,416,416,constraint,INEQ-UPPER-D014-H10-PH03
20260811_121452_stage_B_2C_4168a6e9,inequality,417,417,constraint,INEQ-LOWER-D014-H10-PH04
20260811_121452_stage_B_2C_4168a6e9,inequality,418,418,constraint,INEQ-UPPER-D014-H10-PH04
20260811_121452_stage_B_2C_4168a6e9,inequality,419,419,constraint,INEQ-LOWER-D014-H10-PF01
20260811_121452_stage_B_2C_4168a6e9,inequality,420,420,constraint,INEQ-UPPER-D014-H10-PF01
20260811_121452_stage_B_2C_4168a6e9,inequality,421,421,constraint,INEQ-LOWER-D014-H10-PF02
20260811_121452_stage_B_2C_4168a6e9,inequality,422,422,constraint,INEQ-UPPER-D014-H10-PF02
20260811_121452_stage_B_2C_4168a6e9,inequality,423,423,constraint,INEQ-LOWER-D014-H10-PF03
20260811_121452_stage_B_2C_4168a6e9,inequality,424,424,constraint,INEQ-UPPER-D014-H10-PF03
20260811_121452_stage_B_2C_4168a6e9,inequality,425,425,constraint,INEQ-LOWER-D014-H10-PF04
20260811_121452_stage_B_2C_4168a6e9,inequality,426,426,constraint,INEQ-UPPER-D014-H10-PF04
20260811_121452_stage_B_2C_4168a6e9,inequality,427,427,constraint,INEQ-LOWER-D014-H10-Pch01
20260811_121452_stage_B_2C_4168a6e9,inequality,428,428,constraint,INEQ-UPPER-D014-H10-Pch01
20260811_121452_stage_B_2C_4168a6e9,inequality,429,429,constraint,INEQ-LOWER-D014-H10-Pch02
20260811_121452_stage_B_2C_4168a6e9,inequality,430,430,constraint,INEQ-UPPER-D014-H10-Pch02
20260811_121452_stage_B_2C_4168a6e9,inequality,431,431,constraint,INEQ-LOWER-D014-H10-Pdis01
20260811_121452_stage_B_2C_4168a6e9,inequality,432,432,constraint,INEQ-UPPER-D014-H10-Pdis01
20260811_121452_stage_B_2C_4168a6e9,inequality,433,433,constraint,INEQ-LOWER-D014-H10-Pdis02
20260811_121452_stage_B_2C_4168a6e9,inequality,434,434,constraint,INEQ-UPPER-D014-H10-Pdis02
20260811_121452_stage_B_2C_4168a6e9,inequality,435,435,constraint,INEQ-LOWER-D014-H10-SOC01
20260811_121452_stage_B_2C_4168a6e9,inequality,436,436,constraint,INEQ-UPPER-D014-H10-SOC01
20260811_121452_stage_B_2C_4168a6e9,inequality,437,437,constraint,INEQ-LOWER-D014-H10-SOC02
20260811_121452_stage_B_2C_4168a6e9,inequality,438,438,constraint,INEQ-UPPER-D014-H10-SOC02
20260811_121452_stage_B_2C_4168a6e9,inequality,439,439,constraint,INEQ-LOWER-D014-H11-PW01
20260811_121452_stage_B_2C_4168a6e9,inequality,440,440,constraint,INEQ-UPPER-D014-H11-PW01
20260811_121452_stage_B_2C_4168a6e9,inequality,441,441,constraint,INEQ-LOWER-D014-H11-PW02
20260811_121452_stage_B_2C_4168a6e9,inequality,442,442,constraint,INEQ-UPPER-D014-H11-PW02
20260811_121452_stage_B_2C_4168a6e9,inequality,443,443,constraint,INEQ-LOWER-D014-H11-PW03
20260811_121452_stage_B_2C_4168a6e9,inequality,444,444,constraint,INEQ-UPPER-D014-H11-PW03
20260811_121452_stage_B_2C_4168a6e9,inequality,445,445,constraint,INEQ-LOWER-D014-H11-PW04
20260811_121452_stage_B_2C_4168a6e9,inequality,446,446,constraint,INEQ-UPPER-D014-H11-PW04
20260811_121452_stage_B_2C_4168a6e9,inequality,447,447,constraint,INEQ-LOWER-D014-H11-PW05
20260811_121452_stage_B_2C_4168a6e9,inequality,448,448,constraint,INEQ-UPPER-D014-H11-PW05
20260811_121452_stage_B_2C_4168a6e9,inequality,449,449,constraint,INEQ-LOWER-D014-H11-PP01
20260811_121452_stage_B_2C_4168a6e9,inequality,450,450,constraint,INEQ-UPPER-D014-H11-PP01
20260811_121452_stage_B_2C_4168a6e9,inequality,451,451,constraint,INEQ-LOWER-D014-H11-PP02
20260811_121452_stage_B_2C_4168a6e9,inequality,452,452,constraint,INEQ-UPPER-D014-H11-PP02
20260811_121452_stage_B_2C_4168a6e9,inequality,453,453,constraint,INEQ-LOWER-D014-H11-PP03
20260811_121452_stage_B_2C_4168a6e9,inequality,454,454,constraint,INEQ-UPPER-D014-H11-PP03
20260811_121452_stage_B_2C_4168a6e9,inequality,455,455,constraint,INEQ-LOWER-D014-H11-PP04
20260811_121452_stage_B_2C_4168a6e9,inequality,456,456,constraint,INEQ-UPPER-D014-H11-PP04
20260811_121452_stage_B_2C_4168a6e9,inequality,457,457,constraint,INEQ-LOWER-D014-H11-PP05
20260811_121452_stage_B_2C_4168a6e9,inequality,458,458,constraint,INEQ-UPPER-D014-H11-PP05
20260811_121452_stage_B_2C_4168a6e9,inequality,459,459,constraint,INEQ-LOWER-D014-H11-PH01
20260811_121452_stage_B_2C_4168a6e9,inequality,460,460,constraint,INEQ-UPPER-D014-H11-PH01
20260811_121452_stage_B_2C_4168a6e9,inequality,461,461,constraint,INEQ-LOWER-D014-H11-PH02
20260811_121452_stage_B_2C_4168a6e9,inequality,462,462,constraint,INEQ-UPPER-D014-H11-PH02
20260811_121452_stage_B_2C_4168a6e9,inequality,463,463,constraint,INEQ-LOWER-D014-H11-PH03
20260811_121452_stage_B_2C_4168a6e9,inequality,464,464,constraint,INEQ-UPPER-D014-H11-PH03
20260811_121452_stage_B_2C_4168a6e9,inequality,465,465,constraint,INEQ-LOWER-D014-H11-PH04
20260811_121452_stage_B_2C_4168a6e9,inequality,466,466,constraint,INEQ-UPPER-D014-H11-PH04
20260811_121452_stage_B_2C_4168a6e9,inequality,467,467,constraint,INEQ-LOWER-D014-H11-PF01
20260811_121452_stage_B_2C_4168a6e9,inequality,468,468,constraint,INEQ-UPPER-D014-H11-PF01
20260811_121452_stage_B_2C_4168a6e9,inequality,469,469,constraint,INEQ-LOWER-D014-H11-PF02
20260811_121452_stage_B_2C_4168a6e9,inequality,470,470,constraint,INEQ-UPPER-D014-H11-PF02
20260811_121452_stage_B_2C_4168a6e9,inequality,471,471,constraint,INEQ-LOWER-D014-H11-PF03
20260811_121452_stage_B_2C_4168a6e9,inequality,472,472,constraint,INEQ-UPPER-D014-H11-PF03
20260811_121452_stage_B_2C_4168a6e9,inequality,473,473,constraint,INEQ-LOWER-D014-H11-PF04
20260811_121452_stage_B_2C_4168a6e9,inequality,474,474,constraint,INEQ-UPPER-D014-H11-PF04
20260811_121452_stage_B_2C_4168a6e9,inequality,475,475,constraint,INEQ-LOWER-D014-H11-Pch01
20260811_121452_stage_B_2C_4168a6e9,inequality,476,476,constraint,INEQ-UPPER-D014-H11-Pch01
20260811_121452_stage_B_2C_4168a6e9,inequality,477,477,constraint,INEQ-LOWER-D014-H11-Pch02
20260811_121452_stage_B_2C_4168a6e9,inequality,478,478,constraint,INEQ-UPPER-D014-H11-Pch02
20260811_121452_stage_B_2C_4168a6e9,inequality,479,479,constraint,INEQ-LOWER-D014-H11-Pdis01
20260811_121452_stage_B_2C_4168a6e9,inequality,480,480,constraint,INEQ-UPPER-D014-H11-Pdis01
20260811_121452_stage_B_2C_4168a6e9,inequality,481,481,constraint,INEQ-LOWER-D014-H11-Pdis02
20260811_121452_stage_B_2C_4168a6e9,inequality,482,482,constraint,INEQ-UPPER-D014-H11-Pdis02
20260811_121452_stage_B_2C_4168a6e9,inequality,483,483,constraint,INEQ-LOWER-D014-H11-SOC01
20260811_121452_stage_B_2C_4168a6e9,inequality,484,484,constraint,INEQ-UPPER-D014-H11-SOC01
20260811_121452_stage_B_2C_4168a6e9,inequality,485,485,constraint,INEQ-LOWER-D014-H11-SOC02
20260811_121452_stage_B_2C_4168a6e9,inequality,486,486,constraint,INEQ-UPPER-D014-H11-SOC02
20260811_121452_stage_B_2C_4168a6e9,inequality,487,487,constraint,INEQ-LOWER-D014-H12-PW01
20260811_121452_stage_B_2C_4168a6e9,inequality,488,488,constraint,INEQ-UPPER-D014-H12-PW01
20260811_121452_stage_B_2C_4168a6e9,inequality,489,489,constraint,INEQ-LOWER-D014-H12-PW02
20260811_121452_stage_B_2C_4168a6e9,inequality,490,490,constraint,INEQ-UPPER-D014-H12-PW02
20260811_121452_stage_B_2C_4168a6e9,inequality,491,491,constraint,INEQ-LOWER-D014-H12-PW03
20260811_121452_stage_B_2C_4168a6e9,inequality,492,492,constraint,INEQ-UPPER-D014-H12-PW03
20260811_121452_stage_B_2C_4168a6e9,inequality,493,493,constraint,INEQ-LOWER-D014-H12-PW04
20260811_121452_stage_B_2C_4168a6e9,inequality,494,494,constraint,INEQ-UPPER-D014-H12-PW04
20260811_121452_stage_B_2C_4168a6e9,inequality,495,495,constraint,INEQ-LOWER-D014-H12-PW05
20260811_121452_stage_B_2C_4168a6e9,inequality,496,496,constraint,INEQ-UPPER-D014-H12-PW05
20260811_121452_stage_B_2C_4168a6e9,inequality,497,497,constraint,INEQ-LOWER-D014-H12-PP01
20260811_121452_stage_B_2C_4168a6e9,inequality,498,498,constraint,INEQ-UPPER-D014-H12-PP01
20260811_121452_stage_B_2C_4168a6e9,inequality,499,499,constraint,INEQ-LOWER-D014-H12-PP02
20260811_121452_stage_B_2C_4168a6e9,inequality,500,500,constraint,INEQ-UPPER-D014-H12-PP02
20260811_121452_stage_B_2C_4168a6e9,inequality,501,501,constraint,INEQ-LOWER-D014-H12-PP03
20260811_121452_stage_B_2C_4168a6e9,inequality,502,502,constraint,INEQ-UPPER-D014-H12-PP03
20260811_121452_stage_B_2C_4168a6e9,inequality,503,503,constraint,INEQ-LOWER-D014-H12-PP04
20260811_121452_stage_B_2C_4168a6e9,inequality,504,504,constraint,INEQ-UPPER-D014-H12-PP04
20260811_121452_stage_B_2C_4168a6e9,inequality,505,505,constraint,INEQ-LOWER-D014-H12-PP05
20260811_121452_stage_B_2C_4168a6e9,inequality,506,506,constraint,INEQ-UPPER-D014-H12-PP05
20260811_121452_stage_B_2C_4168a6e9,inequality,507,507,constraint,INEQ-LOWER-D014-H12-PH01
20260811_121452_stage_B_2C_4168a6e9,inequality,508,508,constraint,INEQ-UPPER-D014-H12-PH01
20260811_121452_stage_B_2C_4168a6e9,inequality,509,509,constraint,INEQ-LOWER-D014-H12-PH02
20260811_121452_stage_B_2C_4168a6e9,inequality,510,510,constraint,INEQ-UPPER-D014-H12-PH02
20260811_121452_stage_B_2C_4168a6e9,inequality,511,511,constraint,INEQ-LOWER-D014-H12-PH03
20260811_121452_stage_B_2C_4168a6e9,inequality,512,512,constraint,INEQ-UPPER-D014-H12-PH03
20260811_121452_stage_B_2C_4168a6e9,inequality,513,513,constraint,INEQ-LOWER-D014-H12-PH04
20260811_121452_stage_B_2C_4168a6e9,inequality,514,514,constraint,INEQ-UPPER-D014-H12-PH04
20260811_121452_stage_B_2C_4168a6e9,inequality,515,515,constraint,INEQ-LOWER-D014-H12-PF01
20260811_121452_stage_B_2C_4168a6e9,inequality,516,516,constraint,INEQ-UPPER-D014-H12-PF01
20260811_121452_stage_B_2C_4168a6e9,inequality,517,517,constraint,INEQ-LOWER-D014-H12-PF02
20260811_121452_stage_B_2C_4168a6e9,inequality,518,518,constraint,INEQ-UPPER-D014-H12-PF02
20260811_121452_stage_B_2C_4168a6e9,inequality,519,519,constraint,INEQ-LOWER-D014-H12-PF03
20260811_121452_stage_B_2C_4168a6e9,inequality,520,520,constraint,INEQ-UPPER-D014-H12-PF03
20260811_121452_stage_B_2C_4168a6e9,inequality,521,521,constraint,INEQ-LOWER-D014-H12-PF04
20260811_121452_stage_B_2C_4168a6e9,inequality,522,522,constraint,INEQ-UPPER-D014-H12-PF04
20260811_121452_stage_B_2C_4168a6e9,inequality,523,523,constraint,INEQ-LOWER-D014-H12-Pch01
20260811_121452_stage_B_2C_4168a6e9,inequality,524,524,constraint,INEQ-UPPER-D014-H12-Pch01
20260811_121452_stage_B_2C_4168a6e9,inequality,525,525,constraint,INEQ-LOWER-D014-H12-Pch02
20260811_121452_stage_B_2C_4168a6e9,inequality,526,526,constraint,INEQ-UPPER-D014-H12-Pch02
20260811_121452_stage_B_2C_4168a6e9,inequality,527,527,constraint,INEQ-LOWER-D014-H12-Pdis01
20260811_121452_stage_B_2C_4168a6e9,inequality,528,528,constraint,INEQ-UPPER-D014-H12-Pdis01
20260811_121452_stage_B_2C_4168a6e9,inequality,529,529,constraint,INEQ-LOWER-D014-H12-Pdis02
20260811_121452_stage_B_2C_4168a6e9,inequality,530,530,constraint,INEQ-UPPER-D014-H12-Pdis02
20260811_121452_stage_B_2C_4168a6e9,inequality,531,531,constraint,INEQ-LOWER-D014-H12-SOC01
20260811_121452_stage_B_2C_4168a6e9,inequality,532,532,constraint,INEQ-UPPER-D014-H12-SOC01
20260811_121452_stage_B_2C_4168a6e9,inequality,533,533,constraint,INEQ-LOWER-D014-H12-SOC02
20260811_121452_stage_B_2C_4168a6e9,inequality,534,534,constraint,INEQ-UPPER-D014-H12-SOC02
20260811_121452_stage_B_2C_4168a6e9,inequality,535,535,constraint,INEQ-LOWER-D014-H13-PW01
20260811_121452_stage_B_2C_4168a6e9,inequality,536,536,constraint,INEQ-UPPER-D014-H13-PW01
20260811_121452_stage_B_2C_4168a6e9,inequality,537,537,constraint,INEQ-LOWER-D014-H13-PW02
20260811_121452_stage_B_2C_4168a6e9,inequality,538,538,constraint,INEQ-UPPER-D014-H13-PW02
20260811_121452_stage_B_2C_4168a6e9,inequality,539,539,constraint,INEQ-LOWER-D014-H13-PW03
20260811_121452_stage_B_2C_4168a6e9,inequality,540,540,constraint,INEQ-UPPER-D014-H13-PW03
20260811_121452_stage_B_2C_4168a6e9,inequality,541,541,constraint,INEQ-LOWER-D014-H13-PW04
20260811_121452_stage_B_2C_4168a6e9,inequality,542,542,constraint,INEQ-UPPER-D014-H13-PW04
20260811_121452_stage_B_2C_4168a6e9,inequality,543,543,constraint,INEQ-LOWER-D014-H13-PW05
20260811_121452_stage_B_2C_4168a6e9,inequality,544,544,constraint,INEQ-UPPER-D014-H13-PW05
20260811_121452_stage_B_2C_4168a6e9,inequality,545,545,constraint,INEQ-LOWER-D014-H13-PP01
20260811_121452_stage_B_2C_4168a6e9,inequality,546,546,constraint,INEQ-UPPER-D014-H13-PP01
20260811_121452_stage_B_2C_4168a6e9,inequality,547,547,constraint,INEQ-LOWER-D014-H13-PP02
20260811_121452_stage_B_2C_4168a6e9,inequality,548,548,constraint,INEQ-UPPER-D014-H13-PP02
20260811_121452_stage_B_2C_4168a6e9,inequality,549,549,constraint,INEQ-LOWER-D014-H13-PP03
20260811_121452_stage_B_2C_4168a6e9,inequality,550,550,constraint,INEQ-UPPER-D014-H13-PP03
20260811_121452_stage_B_2C_4168a6e9,inequality,551,551,constraint,INEQ-LOWER-D014-H13-PP04
20260811_121452_stage_B_2C_4168a6e9,inequality,552,552,constraint,INEQ-UPPER-D014-H13-PP04
20260811_121452_stage_B_2C_4168a6e9,inequality,553,553,constraint,INEQ-LOWER-D014-H13-PP05
20260811_121452_stage_B_2C_4168a6e9,inequality,554,554,constraint,INEQ-UPPER-D014-H13-PP05
20260811_121452_stage_B_2C_4168a6e9,inequality,555,555,constraint,INEQ-LOWER-D014-H13-PH01
20260811_121452_stage_B_2C_4168a6e9,inequality,556,556,constraint,INEQ-UPPER-D014-H13-PH01
20260811_121452_stage_B_2C_4168a6e9,inequality,557,557,constraint,INEQ-LOWER-D014-H13-PH02
20260811_121452_stage_B_2C_4168a6e9,inequality,558,558,constraint,INEQ-UPPER-D014-H13-PH02
20260811_121452_stage_B_2C_4168a6e9,inequality,559,559,constraint,INEQ-LOWER-D014-H13-PH03
20260811_121452_stage_B_2C_4168a6e9,inequality,560,560,constraint,INEQ-UPPER-D014-H13-PH03
20260811_121452_stage_B_2C_4168a6e9,inequality,561,561,constraint,INEQ-LOWER-D014-H13-PH04
20260811_121452_stage_B_2C_4168a6e9,inequality,562,562,constraint,INEQ-UPPER-D014-H13-PH04
20260811_121452_stage_B_2C_4168a6e9,inequality,563,563,constraint,INEQ-LOWER-D014-H13-PF01
20260811_121452_stage_B_2C_4168a6e9,inequality,564,564,constraint,INEQ-UPPER-D014-H13-PF01
20260811_121452_stage_B_2C_4168a6e9,inequality,565,565,constraint,INEQ-LOWER-D014-H13-PF02
20260811_121452_stage_B_2C_4168a6e9,inequality,566,566,constraint,INEQ-UPPER-D014-H13-PF02
20260811_121452_stage_B_2C_4168a6e9,inequality,567,567,constraint,INEQ-LOWER-D014-H13-PF03
20260811_121452_stage_B_2C_4168a6e9,inequality,568,568,constraint,INEQ-UPPER-D014-H13-PF03
20260811_121452_stage_B_2C_4168a6e9,inequality,569,569,constraint,INEQ-LOWER-D014-H13-PF04
20260811_121452_stage_B_2C_4168a6e9,inequality,570,570,constraint,INEQ-UPPER-D014-H13-PF04
20260811_121452_stage_B_2C_4168a6e9,inequality,571,571,constraint,INEQ-LOWER-D014-H13-Pch01
20260811_121452_stage_B_2C_4168a6e9,inequality,572,572,constraint,INEQ-UPPER-D014-H13-Pch01
20260811_121452_stage_B_2C_4168a6e9,inequality,573,573,constraint,INEQ-LOWER-D014-H13-Pch02
20260811_121452_stage_B_2C_4168a6e9,inequality,574,574,constraint,INEQ-UPPER-D014-H13-Pch02
20260811_121452_stage_B_2C_4168a6e9,inequality,575,575,constraint,INEQ-LOWER-D014-H13-Pdis01
20260811_121452_stage_B_2C_4168a6e9,inequality,576,576,constraint,INEQ-UPPER-D014-H13-Pdis01
20260811_121452_stage_B_2C_4168a6e9,inequality,577,577,constraint,INEQ-LOWER-D014-H13-Pdis02
20260811_121452_stage_B_2C_4168a6e9,inequality,578,578,constraint,INEQ-UPPER-D014-H13-Pdis02
20260811_121452_stage_B_2C_4168a6e9,inequality,579,579,constraint,INEQ-LOWER-D014-H13-SOC01
20260811_121452_stage_B_2C_4168a6e9,inequality,580,580,constraint,INEQ-UPPER-D014-H13-SOC01
20260811_121452_stage_B_2C_4168a6e9,inequality,581,581,constraint,INEQ-LOWER-D014-H13-SOC02
20260811_121452_stage_B_2C_4168a6e9,inequality,582,582,constraint,INEQ-UPPER-D014-H13-SOC02
20260811_121452_stage_B_2C_4168a6e9,inequality,583,583,constraint,INEQ-LOWER-D014-H14-PW01
20260811_121452_stage_B_2C_4168a6e9,inequality,584,584,constraint,INEQ-UPPER-D014-H14-PW01
20260811_121452_stage_B_2C_4168a6e9,inequality,585,585,constraint,INEQ-LOWER-D014-H14-PW02
20260811_121452_stage_B_2C_4168a6e9,inequality,586,586,constraint,INEQ-UPPER-D014-H14-PW02
20260811_121452_stage_B_2C_4168a6e9,inequality,587,587,constraint,INEQ-LOWER-D014-H14-PW03
20260811_121452_stage_B_2C_4168a6e9,inequality,588,588,constraint,INEQ-UPPER-D014-H14-PW03
20260811_121452_stage_B_2C_4168a6e9,inequality,589,589,constraint,INEQ-LOWER-D014-H14-PW04
20260811_121452_stage_B_2C_4168a6e9,inequality,590,590,constraint,INEQ-UPPER-D014-H14-PW04
20260811_121452_stage_B_2C_4168a6e9,inequality,591,591,constraint,INEQ-LOWER-D014-H14-PW05
20260811_121452_stage_B_2C_4168a6e9,inequality,592,592,constraint,INEQ-UPPER-D014-H14-PW05
20260811_121452_stage_B_2C_4168a6e9,inequality,593,593,constraint,INEQ-LOWER-D014-H14-PP01
20260811_121452_stage_B_2C_4168a6e9,inequality,594,594,constraint,INEQ-UPPER-D014-H14-PP01
20260811_121452_stage_B_2C_4168a6e9,inequality,595,595,constraint,INEQ-LOWER-D014-H14-PP02
20260811_121452_stage_B_2C_4168a6e9,inequality,596,596,constraint,INEQ-UPPER-D014-H14-PP02
20260811_121452_stage_B_2C_4168a6e9,inequality,597,597,constraint,INEQ-LOWER-D014-H14-PP03
20260811_121452_stage_B_2C_4168a6e9,inequality,598,598,constraint,INEQ-UPPER-D014-H14-PP03
20260811_121452_stage_B_2C_4168a6e9,inequality,599,599,constraint,INEQ-LOWER-D014-H14-PP04
20260811_121452_stage_B_2C_4168a6e9,inequality,600,600,constraint,INEQ-UPPER-D014-H14-PP04
20260811_121452_stage_B_2C_4168a6e9,inequality,601,601,constraint,INEQ-LOWER-D014-H14-PP05
20260811_121452_stage_B_2C_4168a6e9,inequality,602,602,constraint,INEQ-UPPER-D014-H14-PP05
20260811_121452_stage_B_2C_4168a6e9,inequality,603,603,constraint,INEQ-LOWER-D014-H14-PH01
20260811_121452_stage_B_2C_4168a6e9,inequality,604,604,constraint,INEQ-UPPER-D014-H14-PH01
20260811_121452_stage_B_2C_4168a6e9,inequality,605,605,constraint,INEQ-LOWER-D014-H14-PH02
20260811_121452_stage_B_2C_4168a6e9,inequality,606,606,constraint,INEQ-UPPER-D014-H14-PH02
20260811_121452_stage_B_2C_4168a6e9,inequality,607,607,constraint,INEQ-LOWER-D014-H14-PH03
20260811_121452_stage_B_2C_4168a6e9,inequality,608,608,constraint,INEQ-UPPER-D014-H14-PH03
20260811_121452_stage_B_2C_4168a6e9,inequality,609,609,constraint,INEQ-LOWER-D014-H14-PH04
20260811_121452_stage_B_2C_4168a6e9,inequality,610,610,constraint,INEQ-UPPER-D014-H14-PH04
20260811_121452_stage_B_2C_4168a6e9,inequality,611,611,constraint,INEQ-LOWER-D014-H14-PF01
20260811_121452_stage_B_2C_4168a6e9,inequality,612,612,constraint,INEQ-UPPER-D014-H14-PF01
20260811_121452_stage_B_2C_4168a6e9,inequality,613,613,constraint,INEQ-LOWER-D014-H14-PF02
20260811_121452_stage_B_2C_4168a6e9,inequality,614,614,constraint,INEQ-UPPER-D014-H14-PF02
20260811_121452_stage_B_2C_4168a6e9,inequality,615,615,constraint,INEQ-LOWER-D014-H14-PF03
20260811_121452_stage_B_2C_4168a6e9,inequality,616,616,constraint,INEQ-UPPER-D014-H14-PF03
20260811_121452_stage_B_2C_4168a6e9,inequality,617,617,constraint,INEQ-LOWER-D014-H14-PF04
20260811_121452_stage_B_2C_4168a6e9,inequality,618,618,constraint,INEQ-UPPER-D014-H14-PF04
20260811_121452_stage_B_2C_4168a6e9,inequality,619,619,constraint,INEQ-LOWER-D014-H14-Pch01
20260811_121452_stage_B_2C_4168a6e9,inequality,620,620,constraint,INEQ-UPPER-D014-H14-Pch01
20260811_121452_stage_B_2C_4168a6e9,inequality,621,621,constraint,INEQ-LOWER-D014-H14-Pch02
20260811_121452_stage_B_2C_4168a6e9,inequality,622,622,constraint,INEQ-UPPER-D014-H14-Pch02
20260811_121452_stage_B_2C_4168a6e9,inequality,623,623,constraint,INEQ-LOWER-D014-H14-Pdis01
20260811_121452_stage_B_2C_4168a6e9,inequality,624,624,constraint,INEQ-UPPER-D014-H14-Pdis01
20260811_121452_stage_B_2C_4168a6e9,inequality,625,625,constraint,INEQ-LOWER-D014-H14-Pdis02
20260811_121452_stage_B_2C_4168a6e9,inequality,626,626,constraint,INEQ-UPPER-D014-H14-Pdis02
20260811_121452_stage_B_2C_4168a6e9,inequality,627,627,constraint,INEQ-LOWER-D014-H14-SOC01
20260811_121452_stage_B_2C_4168a6e9,inequality,628,628,constraint,INEQ-UPPER-D014-H14-SOC01
20260811_121452_stage_B_2C_4168a6e9,inequality,629,629,constraint,INEQ-LOWER-D014-H14-SOC02
20260811_121452_stage_B_2C_4168a6e9,inequality,630,630,constraint,INEQ-UPPER-D014-H14-SOC02
20260811_121452_stage_B_2C_4168a6e9,inequality,631,631,constraint,INEQ-LOWER-D014-H15-PW01
20260811_121452_stage_B_2C_4168a6e9,inequality,632,632,constraint,INEQ-UPPER-D014-H15-PW01
20260811_121452_stage_B_2C_4168a6e9,inequality,633,633,constraint,INEQ-LOWER-D014-H15-PW02
20260811_121452_stage_B_2C_4168a6e9,inequality,634,634,constraint,INEQ-UPPER-D014-H15-PW02
20260811_121452_stage_B_2C_4168a6e9,inequality,635,635,constraint,INEQ-LOWER-D014-H15-PW03
20260811_121452_stage_B_2C_4168a6e9,inequality,636,636,constraint,INEQ-UPPER-D014-H15-PW03
20260811_121452_stage_B_2C_4168a6e9,inequality,637,637,constraint,INEQ-LOWER-D014-H15-PW04
20260811_121452_stage_B_2C_4168a6e9,inequality,638,638,constraint,INEQ-UPPER-D014-H15-PW04
20260811_121452_stage_B_2C_4168a6e9,inequality,639,639,constraint,INEQ-LOWER-D014-H15-PW05
20260811_121452_stage_B_2C_4168a6e9,inequality,640,640,constraint,INEQ-UPPER-D014-H15-PW05
20260811_121452_stage_B_2C_4168a6e9,inequality,641,641,constraint,INEQ-LOWER-D014-H15-PP01
20260811_121452_stage_B_2C_4168a6e9,inequality,642,642,constraint,INEQ-UPPER-D014-H15-PP01
20260811_121452_stage_B_2C_4168a6e9,inequality,643,643,constraint,INEQ-LOWER-D014-H15-PP02
20260811_121452_stage_B_2C_4168a6e9,inequality,644,644,constraint,INEQ-UPPER-D014-H15-PP02
20260811_121452_stage_B_2C_4168a6e9,inequality,645,645,constraint,INEQ-LOWER-D014-H15-PP03
20260811_121452_stage_B_2C_4168a6e9,inequality,646,646,constraint,INEQ-UPPER-D014-H15-PP03
20260811_121452_stage_B_2C_4168a6e9,inequality,647,647,constraint,INEQ-LOWER-D014-H15-PP04
20260811_121452_stage_B_2C_4168a6e9,inequality,648,648,constraint,INEQ-UPPER-D014-H15-PP04
20260811_121452_stage_B_2C_4168a6e9,inequality,649,649,constraint,INEQ-LOWER-D014-H15-PP05
20260811_121452_stage_B_2C_4168a6e9,inequality,650,650,constraint,INEQ-UPPER-D014-H15-PP05
20260811_121452_stage_B_2C_4168a6e9,inequality,651,651,constraint,INEQ-LOWER-D014-H15-PH01
20260811_121452_stage_B_2C_4168a6e9,inequality,652,652,constraint,INEQ-UPPER-D014-H15-PH01
20260811_121452_stage_B_2C_4168a6e9,inequality,653,653,constraint,INEQ-LOWER-D014-H15-PH02
20260811_121452_stage_B_2C_4168a6e9,inequality,654,654,constraint,INEQ-UPPER-D014-H15-PH02
20260811_121452_stage_B_2C_4168a6e9,inequality,655,655,constraint,INEQ-LOWER-D014-H15-PH03
20260811_121452_stage_B_2C_4168a6e9,inequality,656,656,constraint,INEQ-UPPER-D014-H15-PH03
20260811_121452_stage_B_2C_4168a6e9,inequality,657,657,constraint,INEQ-LOWER-D014-H15-PH04
20260811_121452_stage_B_2C_4168a6e9,inequality,658,658,constraint,INEQ-UPPER-D014-H15-PH04
20260811_121452_stage_B_2C_4168a6e9,inequality,659,659,constraint,INEQ-LOWER-D014-H15-PF01
20260811_121452_stage_B_2C_4168a6e9,inequality,660,660,constraint,INEQ-UPPER-D014-H15-PF01
20260811_121452_stage_B_2C_4168a6e9,inequality,661,661,constraint,INEQ-LOWER-D014-H15-PF02
20260811_121452_stage_B_2C_4168a6e9,inequality,662,662,constraint,INEQ-UPPER-D014-H15-PF02
20260811_121452_stage_B_2C_4168a6e9,inequality,663,663,constraint,INEQ-LOWER-D014-H15-PF03
20260811_121452_stage_B_2C_4168a6e9,inequality,664,664,constraint,INEQ-UPPER-D014-H15-PF03
20260811_121452_stage_B_2C_4168a6e9,inequality,665,665,constraint,INEQ-LOWER-D014-H15-PF04
20260811_121452_stage_B_2C_4168a6e9,inequality,666,666,constraint,INEQ-UPPER-D014-H15-PF04
20260811_121452_stage_B_2C_4168a6e9,inequality,667,667,constraint,INEQ-LOWER-D014-H15-Pch01
20260811_121452_stage_B_2C_4168a6e9,inequality,668,668,constraint,INEQ-UPPER-D014-H15-Pch01
20260811_121452_stage_B_2C_4168a6e9,inequality,669,669,constraint,INEQ-LOWER-D014-H15-Pch02
20260811_121452_stage_B_2C_4168a6e9,inequality,670,670,constraint,INEQ-UPPER-D014-H15-Pch02
20260811_121452_stage_B_2C_4168a6e9,inequality,671,671,constraint,INEQ-LOWER-D014-H15-Pdis01
20260811_121452_stage_B_2C_4168a6e9,inequality,672,672,constraint,INEQ-UPPER-D014-H15-Pdis01
20260811_121452_stage_B_2C_4168a6e9,inequality,673,673,constraint,INEQ-LOWER-D014-H15-Pdis02
20260811_121452_stage_B_2C_4168a6e9,inequality,674,674,constraint,INEQ-UPPER-D014-H15-Pdis02
20260811_121452_stage_B_2C_4168a6e9,inequality,675,675,constraint,INEQ-LOWER-D014-H15-SOC01
20260811_121452_stage_B_2C_4168a6e9,inequality,676,676,constraint,INEQ-UPPER-D014-H15-SOC01
20260811_121452_stage_B_2C_4168a6e9,inequality,677,677,constraint,INEQ-LOWER-D014-H15-SOC02
20260811_121452_stage_B_2C_4168a6e9,inequality,678,678,constraint,INEQ-UPPER-D014-H15-SOC02
20260811_121452_stage_B_2C_4168a6e9,inequality,679,679,constraint,INEQ-LOWER-D014-H16-PW01
20260811_121452_stage_B_2C_4168a6e9,inequality,680,680,constraint,INEQ-UPPER-D014-H16-PW01
20260811_121452_stage_B_2C_4168a6e9,inequality,681,681,constraint,INEQ-LOWER-D014-H16-PW02
20260811_121452_stage_B_2C_4168a6e9,inequality,682,682,constraint,INEQ-UPPER-D014-H16-PW02
20260811_121452_stage_B_2C_4168a6e9,inequality,683,683,constraint,INEQ-LOWER-D014-H16-PW03
20260811_121452_stage_B_2C_4168a6e9,inequality,684,684,constraint,INEQ-UPPER-D014-H16-PW03
20260811_121452_stage_B_2C_4168a6e9,inequality,685,685,constraint,INEQ-LOWER-D014-H16-PW04
20260811_121452_stage_B_2C_4168a6e9,inequality,686,686,constraint,INEQ-UPPER-D014-H16-PW04
20260811_121452_stage_B_2C_4168a6e9,inequality,687,687,constraint,INEQ-LOWER-D014-H16-PW05
20260811_121452_stage_B_2C_4168a6e9,inequality,688,688,constraint,INEQ-UPPER-D014-H16-PW05
20260811_121452_stage_B_2C_4168a6e9,inequality,689,689,constraint,INEQ-LOWER-D014-H16-PP01
20260811_121452_stage_B_2C_4168a6e9,inequality,690,690,constraint,INEQ-UPPER-D014-H16-PP01
20260811_121452_stage_B_2C_4168a6e9,inequality,691,691,constraint,INEQ-LOWER-D014-H16-PP02
20260811_121452_stage_B_2C_4168a6e9,inequality,692,692,constraint,INEQ-UPPER-D014-H16-PP02
20260811_121452_stage_B_2C_4168a6e9,inequality,693,693,constraint,INEQ-LOWER-D014-H16-PP03
20260811_121452_stage_B_2C_4168a6e9,inequality,694,694,constraint,INEQ-UPPER-D014-H16-PP03
20260811_121452_stage_B_2C_4168a6e9,inequality,695,695,constraint,INEQ-LOWER-D014-H16-PP04
20260811_121452_stage_B_2C_4168a6e9,inequality,696,696,constraint,INEQ-UPPER-D014-H16-PP04
20260811_121452_stage_B_2C_4168a6e9,inequality,697,697,constraint,INEQ-LOWER-D014-H16-PP05
20260811_121452_stage_B_2C_4168a6e9,inequality,698,698,constraint,INEQ-UPPER-D014-H16-PP05
20260811_121452_stage_B_2C_4168a6e9,inequality,699,699,constraint,INEQ-LOWER-D014-H16-PH01
20260811_121452_stage_B_2C_4168a6e9,inequality,700,700,constraint,INEQ-UPPER-D014-H16-PH01
20260811_121452_stage_B_2C_4168a6e9,inequality,701,701,constraint,INEQ-LOWER-D014-H16-PH02
20260811_121452_stage_B_2C_4168a6e9,inequality,702,702,constraint,INEQ-UPPER-D014-H16-PH02
20260811_121452_stage_B_2C_4168a6e9,inequality,703,703,constraint,INEQ-LOWER-D014-H16-PH03
20260811_121452_stage_B_2C_4168a6e9,inequality,704,704,constraint,INEQ-UPPER-D014-H16-PH03
20260811_121452_stage_B_2C_4168a6e9,inequality,705,705,constraint,INEQ-LOWER-D014-H16-PH04
20260811_121452_stage_B_2C_4168a6e9,inequality,706,706,constraint,INEQ-UPPER-D014-H16-PH04
20260811_121452_stage_B_2C_4168a6e9,inequality,707,707,constraint,INEQ-LOWER-D014-H16-PF01
20260811_121452_stage_B_2C_4168a6e9,inequality,708,708,constraint,INEQ-UPPER-D014-H16-PF01
20260811_121452_stage_B_2C_4168a6e9,inequality,709,709,constraint,INEQ-LOWER-D014-H16-PF02
20260811_121452_stage_B_2C_4168a6e9,inequality,710,710,constraint,INEQ-UPPER-D014-H16-PF02
20260811_121452_stage_B_2C_4168a6e9,inequality,711,711,constraint,INEQ-LOWER-D014-H16-PF03
20260811_121452_stage_B_2C_4168a6e9,inequality,712,712,constraint,INEQ-UPPER-D014-H16-PF03
20260811_121452_stage_B_2C_4168a6e9,inequality,713,713,constraint,INEQ-LOWER-D014-H16-PF04
20260811_121452_stage_B_2C_4168a6e9,inequality,714,714,constraint,INEQ-UPPER-D014-H16-PF04
20260811_121452_stage_B_2C_4168a6e9,inequality,715,715,constraint,INEQ-LOWER-D014-H16-Pch01
20260811_121452_stage_B_2C_4168a6e9,inequality,716,716,constraint,INEQ-UPPER-D014-H16-Pch01
20260811_121452_stage_B_2C_4168a6e9,inequality,717,717,constraint,INEQ-LOWER-D014-H16-Pch02
20260811_121452_stage_B_2C_4168a6e9,inequality,718,718,constraint,INEQ-UPPER-D014-H16-Pch02
20260811_121452_stage_B_2C_4168a6e9,inequality,719,719,constraint,INEQ-LOWER-D014-H16-Pdis01
20260811_121452_stage_B_2C_4168a6e9,inequality,720,720,constraint,INEQ-UPPER-D014-H16-Pdis01
20260811_121452_stage_B_2C_4168a6e9,inequality,721,721,constraint,INEQ-LOWER-D014-H16-Pdis02
20260811_121452_stage_B_2C_4168a6e9,inequality,722,722,constraint,INEQ-UPPER-D014-H16-Pdis02
20260811_121452_stage_B_2C_4168a6e9,inequality,723,723,constraint,INEQ-LOWER-D014-H16-SOC01
20260811_121452_stage_B_2C_4168a6e9,inequality,724,724,constraint,INEQ-UPPER-D014-H16-SOC01
20260811_121452_stage_B_2C_4168a6e9,inequality,725,725,constraint,INEQ-LOWER-D014-H16-SOC02
20260811_121452_stage_B_2C_4168a6e9,inequality,726,726,constraint,INEQ-UPPER-D014-H16-SOC02
20260811_121452_stage_B_2C_4168a6e9,inequality,727,727,constraint,INEQ-LOWER-D014-H17-PW01
20260811_121452_stage_B_2C_4168a6e9,inequality,728,728,constraint,INEQ-UPPER-D014-H17-PW01
20260811_121452_stage_B_2C_4168a6e9,inequality,729,729,constraint,INEQ-LOWER-D014-H17-PW02
20260811_121452_stage_B_2C_4168a6e9,inequality,730,730,constraint,INEQ-UPPER-D014-H17-PW02
20260811_121452_stage_B_2C_4168a6e9,inequality,731,731,constraint,INEQ-LOWER-D014-H17-PW03
20260811_121452_stage_B_2C_4168a6e9,inequality,732,732,constraint,INEQ-UPPER-D014-H17-PW03
20260811_121452_stage_B_2C_4168a6e9,inequality,733,733,constraint,INEQ-LOWER-D014-H17-PW04
20260811_121452_stage_B_2C_4168a6e9,inequality,734,734,constraint,INEQ-UPPER-D014-H17-PW04
20260811_121452_stage_B_2C_4168a6e9,inequality,735,735,constraint,INEQ-LOWER-D014-H17-PW05
20260811_121452_stage_B_2C_4168a6e9,inequality,736,736,constraint,INEQ-UPPER-D014-H17-PW05
20260811_121452_stage_B_2C_4168a6e9,inequality,737,737,constraint,INEQ-LOWER-D014-H17-PP01
20260811_121452_stage_B_2C_4168a6e9,inequality,738,738,constraint,INEQ-UPPER-D014-H17-PP01
20260811_121452_stage_B_2C_4168a6e9,inequality,739,739,constraint,INEQ-LOWER-D014-H17-PP02
20260811_121452_stage_B_2C_4168a6e9,inequality,740,740,constraint,INEQ-UPPER-D014-H17-PP02
20260811_121452_stage_B_2C_4168a6e9,inequality,741,741,constraint,INEQ-LOWER-D014-H17-PP03
20260811_121452_stage_B_2C_4168a6e9,inequality,742,742,constraint,INEQ-UPPER-D014-H17-PP03
20260811_121452_stage_B_2C_4168a6e9,inequality,743,743,constraint,INEQ-LOWER-D014-H17-PP04
20260811_121452_stage_B_2C_4168a6e9,inequality,744,744,constraint,INEQ-UPPER-D014-H17-PP04
20260811_121452_stage_B_2C_4168a6e9,inequality,745,745,constraint,INEQ-LOWER-D014-H17-PP05
20260811_121452_stage_B_2C_4168a6e9,inequality,746,746,constraint,INEQ-UPPER-D014-H17-PP05
20260811_121452_stage_B_2C_4168a6e9,inequality,747,747,constraint,INEQ-LOWER-D014-H17-PH01
20260811_121452_stage_B_2C_4168a6e9,inequality,748,748,constraint,INEQ-UPPER-D014-H17-PH01
20260811_121452_stage_B_2C_4168a6e9,inequality,749,749,constraint,INEQ-LOWER-D014-H17-PH02
20260811_121452_stage_B_2C_4168a6e9,inequality,750,750,constraint,INEQ-UPPER-D014-H17-PH02
20260811_121452_stage_B_2C_4168a6e9,inequality,751,751,constraint,INEQ-LOWER-D014-H17-PH03
20260811_121452_stage_B_2C_4168a6e9,inequality,752,752,constraint,INEQ-UPPER-D014-H17-PH03
20260811_121452_stage_B_2C_4168a6e9,inequality,753,753,constraint,INEQ-LOWER-D014-H17-PH04
20260811_121452_stage_B_2C_4168a6e9,inequality,754,754,constraint,INEQ-UPPER-D014-H17-PH04
20260811_121452_stage_B_2C_4168a6e9,inequality,755,755,constraint,INEQ-LOWER-D014-H17-PF01
20260811_121452_stage_B_2C_4168a6e9,inequality,756,756,constraint,INEQ-UPPER-D014-H17-PF01
20260811_121452_stage_B_2C_4168a6e9,inequality,757,757,constraint,INEQ-LOWER-D014-H17-PF02
20260811_121452_stage_B_2C_4168a6e9,inequality,758,758,constraint,INEQ-UPPER-D014-H17-PF02
20260811_121452_stage_B_2C_4168a6e9,inequality,759,759,constraint,INEQ-LOWER-D014-H17-PF03
20260811_121452_stage_B_2C_4168a6e9,inequality,760,760,constraint,INEQ-UPPER-D014-H17-PF03
20260811_121452_stage_B_2C_4168a6e9,inequality,761,761,constraint,INEQ-LOWER-D014-H17-PF04
20260811_121452_stage_B_2C_4168a6e9,inequality,762,762,constraint,INEQ-UPPER-D014-H17-PF04
20260811_121452_stage_B_2C_4168a6e9,inequality,763,763,constraint,INEQ-LOWER-D014-H17-Pch01
20260811_121452_stage_B_2C_4168a6e9,inequality,764,764,constraint,INEQ-UPPER-D014-H17-Pch01
20260811_121452_stage_B_2C_4168a6e9,inequality,765,765,constraint,INEQ-LOWER-D014-H17-Pch02
20260811_121452_stage_B_2C_4168a6e9,inequality,766,766,constraint,INEQ-UPPER-D014-H17-Pch02
20260811_121452_stage_B_2C_4168a6e9,inequality,767,767,constraint,INEQ-LOWER-D014-H17-Pdis01
20260811_121452_stage_B_2C_4168a6e9,inequality,768,768,constraint,INEQ-UPPER-D014-H17-Pdis01
20260811_121452_stage_B_2C_4168a6e9,inequality,769,769,constraint,INEQ-LOWER-D014-H17-Pdis02
20260811_121452_stage_B_2C_4168a6e9,inequality,770,770,constraint,INEQ-UPPER-D014-H17-Pdis02
20260811_121452_stage_B_2C_4168a6e9,inequality,771,771,constraint,INEQ-LOWER-D014-H17-SOC01
20260811_121452_stage_B_2C_4168a6e9,inequality,772,772,constraint,INEQ-UPPER-D014-H17-SOC01
20260811_121452_stage_B_2C_4168a6e9,inequality,773,773,constraint,INEQ-LOWER-D014-H17-SOC02
20260811_121452_stage_B_2C_4168a6e9,inequality,774,774,constraint,INEQ-UPPER-D014-H17-SOC02
20260811_121452_stage_B_2C_4168a6e9,inequality,775,775,constraint,INEQ-LOWER-D014-H18-PW01
20260811_121452_stage_B_2C_4168a6e9,inequality,776,776,constraint,INEQ-UPPER-D014-H18-PW01
20260811_121452_stage_B_2C_4168a6e9,inequality,777,777,constraint,INEQ-LOWER-D014-H18-PW02
20260811_121452_stage_B_2C_4168a6e9,inequality,778,778,constraint,INEQ-UPPER-D014-H18-PW02
20260811_121452_stage_B_2C_4168a6e9,inequality,779,779,constraint,INEQ-LOWER-D014-H18-PW03
20260811_121452_stage_B_2C_4168a6e9,inequality,780,780,constraint,INEQ-UPPER-D014-H18-PW03
20260811_121452_stage_B_2C_4168a6e9,inequality,781,781,constraint,INEQ-LOWER-D014-H18-PW04
20260811_121452_stage_B_2C_4168a6e9,inequality,782,782,constraint,INEQ-UPPER-D014-H18-PW04
20260811_121452_stage_B_2C_4168a6e9,inequality,783,783,constraint,INEQ-LOWER-D014-H18-PW05
20260811_121452_stage_B_2C_4168a6e9,inequality,784,784,constraint,INEQ-UPPER-D014-H18-PW05
20260811_121452_stage_B_2C_4168a6e9,inequality,785,785,constraint,INEQ-LOWER-D014-H18-PP01
20260811_121452_stage_B_2C_4168a6e9,inequality,786,786,constraint,INEQ-UPPER-D014-H18-PP01
20260811_121452_stage_B_2C_4168a6e9,inequality,787,787,constraint,INEQ-LOWER-D014-H18-PP02
20260811_121452_stage_B_2C_4168a6e9,inequality,788,788,constraint,INEQ-UPPER-D014-H18-PP02
20260811_121452_stage_B_2C_4168a6e9,inequality,789,789,constraint,INEQ-LOWER-D014-H18-PP03
20260811_121452_stage_B_2C_4168a6e9,inequality,790,790,constraint,INEQ-UPPER-D014-H18-PP03
20260811_121452_stage_B_2C_4168a6e9,inequality,791,791,constraint,INEQ-LOWER-D014-H18-PP04
20260811_121452_stage_B_2C_4168a6e9,inequality,792,792,constraint,INEQ-UPPER-D014-H18-PP04
20260811_121452_stage_B_2C_4168a6e9,inequality,793,793,constraint,INEQ-LOWER-D014-H18-PP05
20260811_121452_stage_B_2C_4168a6e9,inequality,794,794,constraint,INEQ-UPPER-D014-H18-PP05
20260811_121452_stage_B_2C_4168a6e9,inequality,795,795,constraint,INEQ-LOWER-D014-H18-PH01
20260811_121452_stage_B_2C_4168a6e9,inequality,796,796,constraint,INEQ-UPPER-D014-H18-PH01
20260811_121452_stage_B_2C_4168a6e9,inequality,797,797,constraint,INEQ-LOWER-D014-H18-PH02
20260811_121452_stage_B_2C_4168a6e9,inequality,798,798,constraint,INEQ-UPPER-D014-H18-PH02
20260811_121452_stage_B_2C_4168a6e9,inequality,799,799,constraint,INEQ-LOWER-D014-H18-PH03
20260811_121452_stage_B_2C_4168a6e9,inequality,800,800,constraint,INEQ-UPPER-D014-H18-PH03
20260811_121452_stage_B_2C_4168a6e9,inequality,801,801,constraint,INEQ-LOWER-D014-H18-PH04
20260811_121452_stage_B_2C_4168a6e9,inequality,802,802,constraint,INEQ-UPPER-D014-H18-PH04
20260811_121452_stage_B_2C_4168a6e9,inequality,803,803,constraint,INEQ-LOWER-D014-H18-PF01
20260811_121452_stage_B_2C_4168a6e9,inequality,804,804,constraint,INEQ-UPPER-D014-H18-PF01
20260811_121452_stage_B_2C_4168a6e9,inequality,805,805,constraint,INEQ-LOWER-D014-H18-PF02
20260811_121452_stage_B_2C_4168a6e9,inequality,806,806,constraint,INEQ-UPPER-D014-H18-PF02
20260811_121452_stage_B_2C_4168a6e9,inequality,807,807,constraint,INEQ-LOWER-D014-H18-PF03
20260811_121452_stage_B_2C_4168a6e9,inequality,808,808,constraint,INEQ-UPPER-D014-H18-PF03
20260811_121452_stage_B_2C_4168a6e9,inequality,809,809,constraint,INEQ-LOWER-D014-H18-PF04
20260811_121452_stage_B_2C_4168a6e9,inequality,810,810,constraint,INEQ-UPPER-D014-H18-PF04
20260811_121452_stage_B_2C_4168a6e9,inequality,811,811,constraint,INEQ-LOWER-D014-H18-Pch01
20260811_121452_stage_B_2C_4168a6e9,inequality,812,812,constraint,INEQ-UPPER-D014-H18-Pch01
20260811_121452_stage_B_2C_4168a6e9,inequality,813,813,constraint,INEQ-LOWER-D014-H18-Pch02
20260811_121452_stage_B_2C_4168a6e9,inequality,814,814,constraint,INEQ-UPPER-D014-H18-Pch02
20260811_121452_stage_B_2C_4168a6e9,inequality,815,815,constraint,INEQ-LOWER-D014-H18-Pdis01
20260811_121452_stage_B_2C_4168a6e9,inequality,816,816,constraint,INEQ-UPPER-D014-H18-Pdis01
20260811_121452_stage_B_2C_4168a6e9,inequality,817,817,constraint,INEQ-LOWER-D014-H18-Pdis02
20260811_121452_stage_B_2C_4168a6e9,inequality,818,818,constraint,INEQ-UPPER-D014-H18-Pdis02
20260811_121452_stage_B_2C_4168a6e9,inequality,819,819,constraint,INEQ-LOWER-D014-H18-SOC01
20260811_121452_stage_B_2C_4168a6e9,inequality,820,820,constraint,INEQ-UPPER-D014-H18-SOC01
20260811_121452_stage_B_2C_4168a6e9,inequality,821,821,constraint,INEQ-LOWER-D014-H18-SOC02
20260811_121452_stage_B_2C_4168a6e9,inequality,822,822,constraint,INEQ-UPPER-D014-H18-SOC02
20260811_121452_stage_B_2C_4168a6e9,inequality,823,823,constraint,INEQ-LOWER-D014-H19-PW01
20260811_121452_stage_B_2C_4168a6e9,inequality,824,824,constraint,INEQ-UPPER-D014-H19-PW01
20260811_121452_stage_B_2C_4168a6e9,inequality,825,825,constraint,INEQ-LOWER-D014-H19-PW02
20260811_121452_stage_B_2C_4168a6e9,inequality,826,826,constraint,INEQ-UPPER-D014-H19-PW02
20260811_121452_stage_B_2C_4168a6e9,inequality,827,827,constraint,INEQ-LOWER-D014-H19-PW04
20260811_121452_stage_B_2C_4168a6e9,inequality,828,828,constraint,INEQ-UPPER-D014-H19-PW04
20260811_121452_stage_B_2C_4168a6e9,inequality,829,829,constraint,INEQ-LOWER-D014-H19-PW05
20260811_121452_stage_B_2C_4168a6e9,inequality,830,830,constraint,INEQ-UPPER-D014-H19-PW05
20260811_121452_stage_B_2C_4168a6e9,inequality,831,831,constraint,INEQ-LOWER-D014-H19-PP01
20260811_121452_stage_B_2C_4168a6e9,inequality,832,832,constraint,INEQ-UPPER-D014-H19-PP01
20260811_121452_stage_B_2C_4168a6e9,inequality,833,833,constraint,INEQ-LOWER-D014-H19-PP02
20260811_121452_stage_B_2C_4168a6e9,inequality,834,834,constraint,INEQ-UPPER-D014-H19-PP02
20260811_121452_stage_B_2C_4168a6e9,inequality,835,835,constraint,INEQ-LOWER-D014-H19-PP03
20260811_121452_stage_B_2C_4168a6e9,inequality,836,836,constraint,INEQ-UPPER-D014-H19-PP03
20260811_121452_stage_B_2C_4168a6e9,inequality,837,837,constraint,INEQ-LOWER-D014-H19-PP04
20260811_121452_stage_B_2C_4168a6e9,inequality,838,838,constraint,INEQ-UPPER-D014-H19-PP04
20260811_121452_stage_B_2C_4168a6e9,inequality,839,839,constraint,INEQ-LOWER-D014-H19-PP05
20260811_121452_stage_B_2C_4168a6e9,inequality,840,840,constraint,INEQ-UPPER-D014-H19-PP05
20260811_121452_stage_B_2C_4168a6e9,inequality,841,841,constraint,INEQ-LOWER-D014-H19-PH01
20260811_121452_stage_B_2C_4168a6e9,inequality,842,842,constraint,INEQ-UPPER-D014-H19-PH01
20260811_121452_stage_B_2C_4168a6e9,inequality,843,843,constraint,INEQ-LOWER-D014-H19-PH02
20260811_121452_stage_B_2C_4168a6e9,inequality,844,844,constraint,INEQ-UPPER-D014-H19-PH02
20260811_121452_stage_B_2C_4168a6e9,inequality,845,845,constraint,INEQ-LOWER-D014-H19-PH03
20260811_121452_stage_B_2C_4168a6e9,inequality,846,846,constraint,INEQ-UPPER-D014-H19-PH03
20260811_121452_stage_B_2C_4168a6e9,inequality,847,847,constraint,INEQ-LOWER-D014-H19-PH04
20260811_121452_stage_B_2C_4168a6e9,inequality,848,848,constraint,INEQ-UPPER-D014-H19-PH04
20260811_121452_stage_B_2C_4168a6e9,inequality,849,849,constraint,INEQ-LOWER-D014-H19-PF01
20260811_121452_stage_B_2C_4168a6e9,inequality,850,850,constraint,INEQ-UPPER-D014-H19-PF01
20260811_121452_stage_B_2C_4168a6e9,inequality,851,851,constraint,INEQ-LOWER-D014-H19-PF02
20260811_121452_stage_B_2C_4168a6e9,inequality,852,852,constraint,INEQ-UPPER-D014-H19-PF02
20260811_121452_stage_B_2C_4168a6e9,inequality,853,853,constraint,INEQ-LOWER-D014-H19-PF03
20260811_121452_stage_B_2C_4168a6e9,inequality,854,854,constraint,INEQ-UPPER-D014-H19-PF03
20260811_121452_stage_B_2C_4168a6e9,inequality,855,855,constraint,INEQ-LOWER-D014-H19-PF04
20260811_121452_stage_B_2C_4168a6e9,inequality,856,856,constraint,INEQ-UPPER-D014-H19-PF04
20260811_121452_stage_B_2C_4168a6e9,inequality,857,857,constraint,INEQ-LOWER-D014-H19-Pch01
20260811_121452_stage_B_2C_4168a6e9,inequality,858,858,constraint,INEQ-UPPER-D014-H19-Pch01
20260811_121452_stage_B_2C_4168a6e9,inequality,859,859,constraint,INEQ-LOWER-D014-H19-Pch02
20260811_121452_stage_B_2C_4168a6e9,inequality,860,860,constraint,INEQ-UPPER-D014-H19-Pch02
20260811_121452_stage_B_2C_4168a6e9,inequality,861,861,constraint,INEQ-LOWER-D014-H19-Pdis01
20260811_121452_stage_B_2C_4168a6e9,inequality,862,862,constraint,INEQ-UPPER-D014-H19-Pdis01
20260811_121452_stage_B_2C_4168a6e9,inequality,863,863,constraint,INEQ-LOWER-D014-H19-Pdis02
20260811_121452_stage_B_2C_4168a6e9,inequality,864,864,constraint,INEQ-UPPER-D014-H19-Pdis02
20260811_121452_stage_B_2C_4168a6e9,inequality,865,865,constraint,INEQ-LOWER-D014-H19-SOC01
20260811_121452_stage_B_2C_4168a6e9,inequality,866,866,constraint,INEQ-UPPER-D014-H19-SOC01
20260811_121452_stage_B_2C_4168a6e9,inequality,867,867,constraint,INEQ-LOWER-D014-H19-SOC02
20260811_121452_stage_B_2C_4168a6e9,inequality,868,868,constraint,INEQ-UPPER-D014-H19-SOC02
20260811_121452_stage_B_2C_4168a6e9,inequality,869,869,constraint,INEQ-LOWER-D014-H20-PW01
20260811_121452_stage_B_2C_4168a6e9,inequality,870,870,constraint,INEQ-UPPER-D014-H20-PW01
20260811_121452_stage_B_2C_4168a6e9,inequality,871,871,constraint,INEQ-LOWER-D014-H20-PW02
20260811_121452_stage_B_2C_4168a6e9,inequality,872,872,constraint,INEQ-UPPER-D014-H20-PW02
20260811_121452_stage_B_2C_4168a6e9,inequality,873,873,constraint,INEQ-LOWER-D014-H20-PW03
20260811_121452_stage_B_2C_4168a6e9,inequality,874,874,constraint,INEQ-UPPER-D014-H20-PW03
20260811_121452_stage_B_2C_4168a6e9,inequality,875,875,constraint,INEQ-LOWER-D014-H20-PW04
20260811_121452_stage_B_2C_4168a6e9,inequality,876,876,constraint,INEQ-UPPER-D014-H20-PW04
20260811_121452_stage_B_2C_4168a6e9,inequality,877,877,constraint,INEQ-LOWER-D014-H20-PW05
20260811_121452_stage_B_2C_4168a6e9,inequality,878,878,constraint,INEQ-UPPER-D014-H20-PW05
20260811_121452_stage_B_2C_4168a6e9,inequality,879,879,constraint,INEQ-LOWER-D014-H20-PH01
20260811_121452_stage_B_2C_4168a6e9,inequality,880,880,constraint,INEQ-UPPER-D014-H20-PH01
20260811_121452_stage_B_2C_4168a6e9,inequality,881,881,constraint,INEQ-LOWER-D014-H20-PH02
20260811_121452_stage_B_2C_4168a6e9,inequality,882,882,constraint,INEQ-UPPER-D014-H20-PH02
20260811_121452_stage_B_2C_4168a6e9,inequality,883,883,constraint,INEQ-LOWER-D014-H20-PH03
20260811_121452_stage_B_2C_4168a6e9,inequality,884,884,constraint,INEQ-UPPER-D014-H20-PH03
20260811_121452_stage_B_2C_4168a6e9,inequality,885,885,constraint,INEQ-LOWER-D014-H20-PH04
20260811_121452_stage_B_2C_4168a6e9,inequality,886,886,constraint,INEQ-UPPER-D014-H20-PH04
20260811_121452_stage_B_2C_4168a6e9,inequality,887,887,constraint,INEQ-LOWER-D014-H20-PF01
20260811_121452_stage_B_2C_4168a6e9,inequality,888,888,constraint,INEQ-UPPER-D014-H20-PF01
20260811_121452_stage_B_2C_4168a6e9,inequality,889,889,constraint,INEQ-LOWER-D014-H20-PF02
20260811_121452_stage_B_2C_4168a6e9,inequality,890,890,constraint,INEQ-UPPER-D014-H20-PF02
20260811_121452_stage_B_2C_4168a6e9,inequality,891,891,constraint,INEQ-LOWER-D014-H20-PF03
20260811_121452_stage_B_2C_4168a6e9,inequality,892,892,constraint,INEQ-UPPER-D014-H20-PF03
20260811_121452_stage_B_2C_4168a6e9,inequality,893,893,constraint,INEQ-LOWER-D014-H20-PF04
20260811_121452_stage_B_2C_4168a6e9,inequality,894,894,constraint,INEQ-UPPER-D014-H20-PF04
20260811_121452_stage_B_2C_4168a6e9,inequality,895,895,constraint,INEQ-LOWER-D014-H20-Pch01
20260811_121452_stage_B_2C_4168a6e9,inequality,896,896,constraint,INEQ-UPPER-D014-H20-Pch01
20260811_121452_stage_B_2C_4168a6e9,inequality,897,897,constraint,INEQ-LOWER-D014-H20-Pch02
20260811_121452_stage_B_2C_4168a6e9,inequality,898,898,constraint,INEQ-UPPER-D014-H20-Pch02
20260811_121452_stage_B_2C_4168a6e9,inequality,899,899,constraint,INEQ-LOWER-D014-H20-Pdis01
20260811_121452_stage_B_2C_4168a6e9,inequality,900,900,constraint,INEQ-UPPER-D014-H20-Pdis01
20260811_121452_stage_B_2C_4168a6e9,inequality,901,901,constraint,INEQ-LOWER-D014-H20-Pdis02
20260811_121452_stage_B_2C_4168a6e9,inequality,902,902,constraint,INEQ-UPPER-D014-H20-Pdis02
20260811_121452_stage_B_2C_4168a6e9,inequality,903,903,constraint,INEQ-LOWER-D014-H20-SOC01
20260811_121452_stage_B_2C_4168a6e9,inequality,904,904,constraint,INEQ-UPPER-D014-H20-SOC01
20260811_121452_stage_B_2C_4168a6e9,inequality,905,905,constraint,INEQ-LOWER-D014-H20-SOC02
20260811_121452_stage_B_2C_4168a6e9,inequality,906,906,constraint,INEQ-UPPER-D014-H20-SOC02
20260811_121452_stage_B_2C_4168a6e9,inequality,907,907,constraint,INEQ-LOWER-D014-H21-PW01
20260811_121452_stage_B_2C_4168a6e9,inequality,908,908,constraint,INEQ-UPPER-D014-H21-PW01
20260811_121452_stage_B_2C_4168a6e9,inequality,909,909,constraint,INEQ-LOWER-D014-H21-PW02
20260811_121452_stage_B_2C_4168a6e9,inequality,910,910,constraint,INEQ-UPPER-D014-H21-PW02
20260811_121452_stage_B_2C_4168a6e9,inequality,911,911,constraint,INEQ-LOWER-D014-H21-PW03
20260811_121452_stage_B_2C_4168a6e9,inequality,912,912,constraint,INEQ-UPPER-D014-H21-PW03
20260811_121452_stage_B_2C_4168a6e9,inequality,913,913,constraint,INEQ-LOWER-D014-H21-PW04
20260811_121452_stage_B_2C_4168a6e9,inequality,914,914,constraint,INEQ-UPPER-D014-H21-PW04
20260811_121452_stage_B_2C_4168a6e9,inequality,915,915,constraint,INEQ-LOWER-D014-H21-PW05
20260811_121452_stage_B_2C_4168a6e9,inequality,916,916,constraint,INEQ-UPPER-D014-H21-PW05
20260811_121452_stage_B_2C_4168a6e9,inequality,917,917,constraint,INEQ-LOWER-D014-H21-PH01
20260811_121452_stage_B_2C_4168a6e9,inequality,918,918,constraint,INEQ-UPPER-D014-H21-PH01
20260811_121452_stage_B_2C_4168a6e9,inequality,919,919,constraint,INEQ-LOWER-D014-H21-PH02
20260811_121452_stage_B_2C_4168a6e9,inequality,920,920,constraint,INEQ-UPPER-D014-H21-PH02
20260811_121452_stage_B_2C_4168a6e9,inequality,921,921,constraint,INEQ-LOWER-D014-H21-PH03
20260811_121452_stage_B_2C_4168a6e9,inequality,922,922,constraint,INEQ-UPPER-D014-H21-PH03
20260811_121452_stage_B_2C_4168a6e9,inequality,923,923,constraint,INEQ-LOWER-D014-H21-PH04
20260811_121452_stage_B_2C_4168a6e9,inequality,924,924,constraint,INEQ-UPPER-D014-H21-PH04
20260811_121452_stage_B_2C_4168a6e9,inequality,925,925,constraint,INEQ-LOWER-D014-H21-PF01
20260811_121452_stage_B_2C_4168a6e9,inequality,926,926,constraint,INEQ-UPPER-D014-H21-PF01
20260811_121452_stage_B_2C_4168a6e9,inequality,927,927,constraint,INEQ-LOWER-D014-H21-PF02
20260811_121452_stage_B_2C_4168a6e9,inequality,928,928,constraint,INEQ-UPPER-D014-H21-PF02
20260811_121452_stage_B_2C_4168a6e9,inequality,929,929,constraint,INEQ-LOWER-D014-H21-PF03
20260811_121452_stage_B_2C_4168a6e9,inequality,930,930,constraint,INEQ-UPPER-D014-H21-PF03
20260811_121452_stage_B_2C_4168a6e9,inequality,931,931,constraint,INEQ-LOWER-D014-H21-PF04
20260811_121452_stage_B_2C_4168a6e9,inequality,932,932,constraint,INEQ-UPPER-D014-H21-PF04
20260811_121452_stage_B_2C_4168a6e9,inequality,933,933,constraint,INEQ-LOWER-D014-H21-Pch01
20260811_121452_stage_B_2C_4168a6e9,inequality,934,934,constraint,INEQ-UPPER-D014-H21-Pch01
20260811_121452_stage_B_2C_4168a6e9,inequality,935,935,constraint,INEQ-LOWER-D014-H21-Pch02
20260811_121452_stage_B_2C_4168a6e9,inequality,936,936,constraint,INEQ-UPPER-D014-H21-Pch02
20260811_121452_stage_B_2C_4168a6e9,inequality,937,937,constraint,INEQ-LOWER-D014-H21-Pdis01
20260811_121452_stage_B_2C_4168a6e9,inequality,938,938,constraint,INEQ-UPPER-D014-H21-Pdis01
20260811_121452_stage_B_2C_4168a6e9,inequality,939,939,constraint,INEQ-LOWER-D014-H21-Pdis02
20260811_121452_stage_B_2C_4168a6e9,inequality,940,940,constraint,INEQ-UPPER-D014-H21-Pdis02
20260811_121452_stage_B_2C_4168a6e9,inequality,941,941,constraint,INEQ-LOWER-D014-H21-SOC01
20260811_121452_stage_B_2C_4168a6e9,inequality,942,942,constraint,INEQ-UPPER-D014-H21-SOC01
20260811_121452_stage_B_2C_4168a6e9,inequality,943,943,constraint,INEQ-LOWER-D014-H21-SOC02
20260811_121452_stage_B_2C_4168a6e9,inequality,944,944,constraint,INEQ-UPPER-D014-H21-SOC02
20260811_121452_stage_B_2C_4168a6e9,inequality,945,945,constraint,INEQ-LOWER-D014-H22-PW01
20260811_121452_stage_B_2C_4168a6e9,inequality,946,946,constraint,INEQ-UPPER-D014-H22-PW01
20260811_121452_stage_B_2C_4168a6e9,inequality,947,947,constraint,INEQ-LOWER-D014-H22-PW02
20260811_121452_stage_B_2C_4168a6e9,inequality,948,948,constraint,INEQ-UPPER-D014-H22-PW02
20260811_121452_stage_B_2C_4168a6e9,inequality,949,949,constraint,INEQ-LOWER-D014-H22-PW03
20260811_121452_stage_B_2C_4168a6e9,inequality,950,950,constraint,INEQ-UPPER-D014-H22-PW03
20260811_121452_stage_B_2C_4168a6e9,inequality,951,951,constraint,INEQ-LOWER-D014-H22-PW04
20260811_121452_stage_B_2C_4168a6e9,inequality,952,952,constraint,INEQ-UPPER-D014-H22-PW04
20260811_121452_stage_B_2C_4168a6e9,inequality,953,953,constraint,INEQ-LOWER-D014-H22-PW05
20260811_121452_stage_B_2C_4168a6e9,inequality,954,954,constraint,INEQ-UPPER-D014-H22-PW05
20260811_121452_stage_B_2C_4168a6e9,inequality,955,955,constraint,INEQ-LOWER-D014-H22-PH01
20260811_121452_stage_B_2C_4168a6e9,inequality,956,956,constraint,INEQ-UPPER-D014-H22-PH01
20260811_121452_stage_B_2C_4168a6e9,inequality,957,957,constraint,INEQ-LOWER-D014-H22-PH02
20260811_121452_stage_B_2C_4168a6e9,inequality,958,958,constraint,INEQ-UPPER-D014-H22-PH02
20260811_121452_stage_B_2C_4168a6e9,inequality,959,959,constraint,INEQ-LOWER-D014-H22-PH03
20260811_121452_stage_B_2C_4168a6e9,inequality,960,960,constraint,INEQ-UPPER-D014-H22-PH03
20260811_121452_stage_B_2C_4168a6e9,inequality,961,961,constraint,INEQ-LOWER-D014-H22-PH04
20260811_121452_stage_B_2C_4168a6e9,inequality,962,962,constraint,INEQ-UPPER-D014-H22-PH04
20260811_121452_stage_B_2C_4168a6e9,inequality,963,963,constraint,INEQ-LOWER-D014-H22-PF01
20260811_121452_stage_B_2C_4168a6e9,inequality,964,964,constraint,INEQ-UPPER-D014-H22-PF01
20260811_121452_stage_B_2C_4168a6e9,inequality,965,965,constraint,INEQ-LOWER-D014-H22-PF02
20260811_121452_stage_B_2C_4168a6e9,inequality,966,966,constraint,INEQ-UPPER-D014-H22-PF02
20260811_121452_stage_B_2C_4168a6e9,inequality,967,967,constraint,INEQ-LOWER-D014-H22-PF03
20260811_121452_stage_B_2C_4168a6e9,inequality,968,968,constraint,INEQ-UPPER-D014-H22-PF03
20260811_121452_stage_B_2C_4168a6e9,inequality,969,969,constraint,INEQ-LOWER-D014-H22-PF04
20260811_121452_stage_B_2C_4168a6e9,inequality,970,970,constraint,INEQ-UPPER-D014-H22-PF04
20260811_121452_stage_B_2C_4168a6e9,inequality,971,971,constraint,INEQ-LOWER-D014-H22-Pch01
20260811_121452_stage_B_2C_4168a6e9,inequality,972,972,constraint,INEQ-UPPER-D014-H22-Pch01
20260811_121452_stage_B_2C_4168a6e9,inequality,973,973,constraint,INEQ-LOWER-D014-H22-Pch02
20260811_121452_stage_B_2C_4168a6e9,inequality,974,974,constraint,INEQ-UPPER-D014-H22-Pch02
20260811_121452_stage_B_2C_4168a6e9,inequality,975,975,constraint,INEQ-LOWER-D014-H22-Pdis01
20260811_121452_stage_B_2C_4168a6e9,inequality,976,976,constraint,INEQ-UPPER-D014-H22-Pdis01
20260811_121452_stage_B_2C_4168a6e9,inequality,977,977,constraint,INEQ-LOWER-D014-H22-Pdis02
20260811_121452_stage_B_2C_4168a6e9,inequality,978,978,constraint,INEQ-UPPER-D014-H22-Pdis02
20260811_121452_stage_B_2C_4168a6e9,inequality,979,979,constraint,INEQ-LOWER-D014-H22-SOC01
20260811_121452_stage_B_2C_4168a6e9,inequality,980,980,constraint,INEQ-UPPER-D014-H22-SOC01
20260811_121452_stage_B_2C_4168a6e9,inequality,981,981,constraint,INEQ-LOWER-D014-H22-SOC02
20260811_121452_stage_B_2C_4168a6e9,inequality,982,982,constraint,INEQ-UPPER-D014-H22-SOC02
20260811_121452_stage_B_2C_4168a6e9,inequality,983,983,constraint,INEQ-LOWER-D014-H23-PW01
20260811_121452_stage_B_2C_4168a6e9,inequality,984,984,constraint,INEQ-UPPER-D014-H23-PW01
20260811_121452_stage_B_2C_4168a6e9,inequality,985,985,constraint,INEQ-LOWER-D014-H23-PW02
20260811_121452_stage_B_2C_4168a6e9,inequality,986,986,constraint,INEQ-UPPER-D014-H23-PW02
20260811_121452_stage_B_2C_4168a6e9,inequality,987,987,constraint,INEQ-LOWER-D014-H23-PW03
20260811_121452_stage_B_2C_4168a6e9,inequality,988,988,constraint,INEQ-UPPER-D014-H23-PW03
20260811_121452_stage_B_2C_4168a6e9,inequality,989,989,constraint,INEQ-LOWER-D014-H23-PW04
20260811_121452_stage_B_2C_4168a6e9,inequality,990,990,constraint,INEQ-UPPER-D014-H23-PW04
20260811_121452_stage_B_2C_4168a6e9,inequality,991,991,constraint,INEQ-LOWER-D014-H23-PW05
20260811_121452_stage_B_2C_4168a6e9,inequality,992,992,constraint,INEQ-UPPER-D014-H23-PW05
20260811_121452_stage_B_2C_4168a6e9,inequality,993,993,constraint,INEQ-LOWER-D014-H23-PH01
20260811_121452_stage_B_2C_4168a6e9,inequality,994,994,constraint,INEQ-UPPER-D014-H23-PH01
20260811_121452_stage_B_2C_4168a6e9,inequality,995,995,constraint,INEQ-LOWER-D014-H23-PH02
20260811_121452_stage_B_2C_4168a6e9,inequality,996,996,constraint,INEQ-UPPER-D014-H23-PH02
20260811_121452_stage_B_2C_4168a6e9,inequality,997,997,constraint,INEQ-LOWER-D014-H23-PH03
20260811_121452_stage_B_2C_4168a6e9,inequality,998,998,constraint,INEQ-UPPER-D014-H23-PH03
20260811_121452_stage_B_2C_4168a6e9,inequality,999,999,constraint,INEQ-LOWER-D014-H23-PH04
20260811_121452_stage_B_2C_4168a6e9,inequality,1000,1000,constraint,INEQ-UPPER-D014-H23-PH04
20260811_121452_stage_B_2C_4168a6e9,inequality,1001,1001,constraint,INEQ-LOWER-D014-H23-PF01
20260811_121452_stage_B_2C_4168a6e9,inequality,1002,1002,constraint,INEQ-UPPER-D014-H23-PF01
20260811_121452_stage_B_2C_4168a6e9,inequality,1003,1003,constraint,INEQ-LOWER-D014-H23-PF02
20260811_121452_stage_B_2C_4168a6e9,inequality,1004,1004,constraint,INEQ-UPPER-D014-H23-PF02
20260811_121452_stage_B_2C_4168a6e9,inequality,1005,1005,constraint,INEQ-LOWER-D014-H23-PF03
20260811_121452_stage_B_2C_4168a6e9,inequality,1006,1006,constraint,INEQ-UPPER-D014-H23-PF03
20260811_121452_stage_B_2C_4168a6e9,inequality,1007,1007,constraint,INEQ-LOWER-D014-H23-PF04
20260811_121452_stage_B_2C_4168a6e9,inequality,1008,1008,constraint,INEQ-UPPER-D014-H23-PF04
20260811_121452_stage_B_2C_4168a6e9,inequality,1009,1009,constraint,INEQ-LOWER-D014-H23-Pch01
20260811_121452_stage_B_2C_4168a6e9,inequality,1010,1010,constraint,INEQ-UPPER-D014-H23-Pch01
20260811_121452_stage_B_2C_4168a6e9,inequality,1011,1011,constraint,INEQ-LOWER-D014-H23-Pch02
20260811_121452_stage_B_2C_4168a6e9,inequality,1012,1012,constraint,INEQ-UPPER-D014-H23-Pch02
20260811_121452_stage_B_2C_4168a6e9,inequality,1013,1013,constraint,INEQ-LOWER-D014-H23-Pdis01
20260811_121452_stage_B_2C_4168a6e9,inequality,1014,1014,constraint,INEQ-UPPER-D014-H23-Pdis01
20260811_121452_stage_B_2C_4168a6e9,inequality,1015,1015,constraint,INEQ-LOWER-D014-H23-Pdis02
20260811_121452_stage_B_2C_4168a6e9,inequality,1016,1016,constraint,INEQ-UPPER-D014-H23-Pdis02
20260811_121452_stage_B_2C_4168a6e9,inequality,1017,1017,constraint,INEQ-LOWER-D014-H23-SOC01
20260811_121452_stage_B_2C_4168a6e9,inequality,1018,1018,constraint,INEQ-UPPER-D014-H23-SOC01
20260811_121452_stage_B_2C_4168a6e9,inequality,1019,1019,constraint,INEQ-LOWER-D014-H23-SOC02
20260811_121452_stage_B_2C_4168a6e9,inequality,1020,1020,constraint,INEQ-UPPER-D014-H23-SOC02
20260811_121452_stage_B_2C_4168a6e9,inequality,1021,1021,constraint,INEQ-LOWER-D014-H24-PW01
20260811_121452_stage_B_2C_4168a6e9,inequality,1022,1022,constraint,INEQ-UPPER-D014-H24-PW01
20260811_121452_stage_B_2C_4168a6e9,inequality,1023,1023,constraint,INEQ-LOWER-D014-H24-PW02
20260811_121452_stage_B_2C_4168a6e9,inequality,1024,1024,constraint,INEQ-UPPER-D014-H24-PW02
20260811_121452_stage_B_2C_4168a6e9,inequality,1025,1025,constraint,INEQ-LOWER-D014-H24-PW03
20260811_121452_stage_B_2C_4168a6e9,inequality,1026,1026,constraint,INEQ-UPPER-D014-H24-PW03
20260811_121452_stage_B_2C_4168a6e9,inequality,1027,1027,constraint,INEQ-LOWER-D014-H24-PW04
20260811_121452_stage_B_2C_4168a6e9,inequality,1028,1028,constraint,INEQ-UPPER-D014-H24-PW04
20260811_121452_stage_B_2C_4168a6e9,inequality,1029,1029,constraint,INEQ-LOWER-D014-H24-PW05
20260811_121452_stage_B_2C_4168a6e9,inequality,1030,1030,constraint,INEQ-UPPER-D014-H24-PW05
20260811_121452_stage_B_2C_4168a6e9,inequality,1031,1031,constraint,INEQ-LOWER-D014-H24-PH01
20260811_121452_stage_B_2C_4168a6e9,inequality,1032,1032,constraint,INEQ-UPPER-D014-H24-PH01
20260811_121452_stage_B_2C_4168a6e9,inequality,1033,1033,constraint,INEQ-LOWER-D014-H24-PH02
20260811_121452_stage_B_2C_4168a6e9,inequality,1034,1034,constraint,INEQ-UPPER-D014-H24-PH02
20260811_121452_stage_B_2C_4168a6e9,inequality,1035,1035,constraint,INEQ-LOWER-D014-H24-PH03
20260811_121452_stage_B_2C_4168a6e9,inequality,1036,1036,constraint,INEQ-UPPER-D014-H24-PH03
20260811_121452_stage_B_2C_4168a6e9,inequality,1037,1037,constraint,INEQ-LOWER-D014-H24-PH04
20260811_121452_stage_B_2C_4168a6e9,inequality,1038,1038,constraint,INEQ-UPPER-D014-H24-PH04
20260811_121452_stage_B_2C_4168a6e9,inequality,1039,1039,constraint,INEQ-LOWER-D014-H24-PF01
20260811_121452_stage_B_2C_4168a6e9,inequality,1040,1040,constraint,INEQ-UPPER-D014-H24-PF01
20260811_121452_stage_B_2C_4168a6e9,inequality,1041,1041,constraint,INEQ-LOWER-D014-H24-PF02
20260811_121452_stage_B_2C_4168a6e9,inequality,1042,1042,constraint,INEQ-UPPER-D014-H24-PF02
20260811_121452_stage_B_2C_4168a6e9,inequality,1043,1043,constraint,INEQ-LOWER-D014-H24-PF03
20260811_121452_stage_B_2C_4168a6e9,inequality,1044,1044,constraint,INEQ-UPPER-D014-H24-PF03
20260811_121452_stage_B_2C_4168a6e9,inequality,1045,1045,constraint,INEQ-LOWER-D014-H24-PF04
20260811_121452_stage_B_2C_4168a6e9,inequality,1046,1046,constraint,INEQ-UPPER-D014-H24-PF04
20260811_121452_stage_B_2C_4168a6e9,inequality,1047,1047,constraint,INEQ-LOWER-D014-H24-Pch01
20260811_121452_stage_B_2C_4168a6e9,inequality,1048,1048,constraint,INEQ-UPPER-D014-H24-Pch01
20260811_121452_stage_B_2C_4168a6e9,inequality,1049,1049,constraint,INEQ-LOWER-D014-H24-Pch02
20260811_121452_stage_B_2C_4168a6e9,inequality,1050,1050,constraint,INEQ-UPPER-D014-H24-Pch02
20260811_121452_stage_B_2C_4168a6e9,inequality,1051,1051,constraint,INEQ-LOWER-D014-H24-Pdis01
20260811_121452_stage_B_2C_4168a6e9,inequality,1052,1052,constraint,INEQ-UPPER-D014-H24-Pdis01
20260811_121452_stage_B_2C_4168a6e9,inequality,1053,1053,constraint,INEQ-LOWER-D014-H24-Pdis02
20260811_121452_stage_B_2C_4168a6e9,inequality,1054,1054,constraint,INEQ-UPPER-D014-H24-Pdis02
20260811_121452_stage_B_2C_4168a6e9,inequality,1055,1055,constraint,INEQ-LOWER-D014-H24-SOC01
20260811_121452_stage_B_2C_4168a6e9,inequality,1056,1056,constraint,INEQ-UPPER-D014-H24-SOC01
20260811_121452_stage_B_2C_4168a6e9,inequality,1057,1057,constraint,INEQ-LOWER-D014-H24-SOC02
20260811_121452_stage_B_2C_4168a6e9,inequality,1058,1058,constraint,INEQ-UPPER-D014-H24-SOC02
20260811_121452_stage_B_2C_4168a6e9,inequality,1059,1059,constraint,INEQ-LOWER-D015-H01-PW01
20260811_121452_stage_B_2C_4168a6e9,inequality,1060,1060,constraint,INEQ-UPPER-D015-H01-PW01
20260811_121452_stage_B_2C_4168a6e9,inequality,1061,1061,constraint,INEQ-LOWER-D015-H01-PW02
20260811_121452_stage_B_2C_4168a6e9,inequality,1062,1062,constraint,INEQ-UPPER-D015-H01-PW02
20260811_121452_stage_B_2C_4168a6e9,inequality,1063,1063,constraint,INEQ-LOWER-D015-H01-PW03
20260811_121452_stage_B_2C_4168a6e9,inequality,1064,1064,constraint,INEQ-UPPER-D015-H01-PW03
20260811_121452_stage_B_2C_4168a6e9,inequality,1065,1065,constraint,INEQ-LOWER-D015-H01-PW04
20260811_121452_stage_B_2C_4168a6e9,inequality,1066,1066,constraint,INEQ-UPPER-D015-H01-PW04
20260811_121452_stage_B_2C_4168a6e9,inequality,1067,1067,constraint,INEQ-LOWER-D015-H01-PW05
20260811_121452_stage_B_2C_4168a6e9,inequality,1068,1068,constraint,INEQ-UPPER-D015-H01-PW05
20260811_121452_stage_B_2C_4168a6e9,inequality,1069,1069,constraint,INEQ-LOWER-D015-H01-PH01
20260811_121452_stage_B_2C_4168a6e9,inequality,1070,1070,constraint,INEQ-UPPER-D015-H01-PH01
20260811_121452_stage_B_2C_4168a6e9,inequality,1071,1071,constraint,INEQ-LOWER-D015-H01-PH02
20260811_121452_stage_B_2C_4168a6e9,inequality,1072,1072,constraint,INEQ-UPPER-D015-H01-PH02
20260811_121452_stage_B_2C_4168a6e9,inequality,1073,1073,constraint,INEQ-LOWER-D015-H01-PH03
20260811_121452_stage_B_2C_4168a6e9,inequality,1074,1074,constraint,INEQ-UPPER-D015-H01-PH03
20260811_121452_stage_B_2C_4168a6e9,inequality,1075,1075,constraint,INEQ-LOWER-D015-H01-PH04
20260811_121452_stage_B_2C_4168a6e9,inequality,1076,1076,constraint,INEQ-UPPER-D015-H01-PH04
20260811_121452_stage_B_2C_4168a6e9,inequality,1077,1077,constraint,INEQ-LOWER-D015-H01-PF01
20260811_121452_stage_B_2C_4168a6e9,inequality,1078,1078,constraint,INEQ-UPPER-D015-H01-PF01
20260811_121452_stage_B_2C_4168a6e9,inequality,1079,1079,constraint,INEQ-LOWER-D015-H01-PF02
20260811_121452_stage_B_2C_4168a6e9,inequality,1080,1080,constraint,INEQ-UPPER-D015-H01-PF02
20260811_121452_stage_B_2C_4168a6e9,inequality,1081,1081,constraint,INEQ-LOWER-D015-H01-PF03
20260811_121452_stage_B_2C_4168a6e9,inequality,1082,1082,constraint,INEQ-UPPER-D015-H01-PF03
20260811_121452_stage_B_2C_4168a6e9,inequality,1083,1083,constraint,INEQ-LOWER-D015-H01-PF04
20260811_121452_stage_B_2C_4168a6e9,inequality,1084,1084,constraint,INEQ-UPPER-D015-H01-PF04
20260811_121452_stage_B_2C_4168a6e9,inequality,1085,1085,constraint,INEQ-LOWER-D015-H01-Pch01
20260811_121452_stage_B_2C_4168a6e9,inequality,1086,1086,constraint,INEQ-UPPER-D015-H01-Pch01
20260811_121452_stage_B_2C_4168a6e9,inequality,1087,1087,constraint,INEQ-LOWER-D015-H01-Pch02
20260811_121452_stage_B_2C_4168a6e9,inequality,1088,1088,constraint,INEQ-UPPER-D015-H01-Pch02
20260811_121452_stage_B_2C_4168a6e9,inequality,1089,1089,constraint,INEQ-LOWER-D015-H01-Pdis01
20260811_121452_stage_B_2C_4168a6e9,inequality,1090,1090,constraint,INEQ-UPPER-D015-H01-Pdis01
20260811_121452_stage_B_2C_4168a6e9,inequality,1091,1091,constraint,INEQ-LOWER-D015-H01-Pdis02
20260811_121452_stage_B_2C_4168a6e9,inequality,1092,1092,constraint,INEQ-UPPER-D015-H01-Pdis02
20260811_121452_stage_B_2C_4168a6e9,inequality,1093,1093,constraint,INEQ-LOWER-D015-H01-SOC01
20260811_121452_stage_B_2C_4168a6e9,inequality,1094,1094,constraint,INEQ-UPPER-D015-H01-SOC01
20260811_121452_stage_B_2C_4168a6e9,inequality,1095,1095,constraint,INEQ-LOWER-D015-H01-SOC02
20260811_121452_stage_B_2C_4168a6e9,inequality,1096,1096,constraint,INEQ-UPPER-D015-H01-SOC02
20260811_121452_stage_B_2C_4168a6e9,inequality,1097,1097,constraint,INEQ-LOWER-D015-H02-PW01
20260811_121452_stage_B_2C_4168a6e9,inequality,1098,1098,constraint,INEQ-UPPER-D015-H02-PW01
20260811_121452_stage_B_2C_4168a6e9,inequality,1099,1099,constraint,INEQ-LOWER-D015-H02-PW02
20260811_121452_stage_B_2C_4168a6e9,inequality,1100,1100,constraint,INEQ-UPPER-D015-H02-PW02
20260811_121452_stage_B_2C_4168a6e9,inequality,1101,1101,constraint,INEQ-LOWER-D015-H02-PW03
20260811_121452_stage_B_2C_4168a6e9,inequality,1102,1102,constraint,INEQ-UPPER-D015-H02-PW03
20260811_121452_stage_B_2C_4168a6e9,inequality,1103,1103,constraint,INEQ-LOWER-D015-H02-PW04
20260811_121452_stage_B_2C_4168a6e9,inequality,1104,1104,constraint,INEQ-UPPER-D015-H02-PW04
20260811_121452_stage_B_2C_4168a6e9,inequality,1105,1105,constraint,INEQ-LOWER-D015-H02-PW05
20260811_121452_stage_B_2C_4168a6e9,inequality,1106,1106,constraint,INEQ-UPPER-D015-H02-PW05
20260811_121452_stage_B_2C_4168a6e9,inequality,1107,1107,constraint,INEQ-LOWER-D015-H02-PH01
20260811_121452_stage_B_2C_4168a6e9,inequality,1108,1108,constraint,INEQ-UPPER-D015-H02-PH01
20260811_121452_stage_B_2C_4168a6e9,inequality,1109,1109,constraint,INEQ-LOWER-D015-H02-PH02
20260811_121452_stage_B_2C_4168a6e9,inequality,1110,1110,constraint,INEQ-UPPER-D015-H02-PH02
20260811_121452_stage_B_2C_4168a6e9,inequality,1111,1111,constraint,INEQ-LOWER-D015-H02-PH03
20260811_121452_stage_B_2C_4168a6e9,inequality,1112,1112,constraint,INEQ-UPPER-D015-H02-PH03
20260811_121452_stage_B_2C_4168a6e9,inequality,1113,1113,constraint,INEQ-LOWER-D015-H02-PH04
20260811_121452_stage_B_2C_4168a6e9,inequality,1114,1114,constraint,INEQ-UPPER-D015-H02-PH04
20260811_121452_stage_B_2C_4168a6e9,inequality,1115,1115,constraint,INEQ-LOWER-D015-H02-PF01
20260811_121452_stage_B_2C_4168a6e9,inequality,1116,1116,constraint,INEQ-UPPER-D015-H02-PF01
20260811_121452_stage_B_2C_4168a6e9,inequality,1117,1117,constraint,INEQ-LOWER-D015-H02-PF02
20260811_121452_stage_B_2C_4168a6e9,inequality,1118,1118,constraint,INEQ-UPPER-D015-H02-PF02
20260811_121452_stage_B_2C_4168a6e9,inequality,1119,1119,constraint,INEQ-LOWER-D015-H02-PF03
20260811_121452_stage_B_2C_4168a6e9,inequality,1120,1120,constraint,INEQ-UPPER-D015-H02-PF03
20260811_121452_stage_B_2C_4168a6e9,inequality,1121,1121,constraint,INEQ-LOWER-D015-H02-PF04
20260811_121452_stage_B_2C_4168a6e9,inequality,1122,1122,constraint,INEQ-UPPER-D015-H02-PF04
20260811_121452_stage_B_2C_4168a6e9,inequality,1123,1123,constraint,INEQ-LOWER-D015-H02-Pch01
20260811_121452_stage_B_2C_4168a6e9,inequality,1124,1124,constraint,INEQ-UPPER-D015-H02-Pch01
20260811_121452_stage_B_2C_4168a6e9,inequality,1125,1125,constraint,INEQ-LOWER-D015-H02-Pch02
20260811_121452_stage_B_2C_4168a6e9,inequality,1126,1126,constraint,INEQ-UPPER-D015-H02-Pch02
20260811_121452_stage_B_2C_4168a6e9,inequality,1127,1127,constraint,INEQ-LOWER-D015-H02-Pdis01
20260811_121452_stage_B_2C_4168a6e9,inequality,1128,1128,constraint,INEQ-UPPER-D015-H02-Pdis01
20260811_121452_stage_B_2C_4168a6e9,inequality,1129,1129,constraint,INEQ-LOWER-D015-H02-Pdis02
20260811_121452_stage_B_2C_4168a6e9,inequality,1130,1130,constraint,INEQ-UPPER-D015-H02-Pdis02
20260811_121452_stage_B_2C_4168a6e9,inequality,1131,1131,constraint,INEQ-LOWER-D015-H02-SOC01
20260811_121452_stage_B_2C_4168a6e9,inequality,1132,1132,constraint,INEQ-UPPER-D015-H02-SOC01
20260811_121452_stage_B_2C_4168a6e9,inequality,1133,1133,constraint,INEQ-LOWER-D015-H02-SOC02
20260811_121452_stage_B_2C_4168a6e9,inequality,1134,1134,constraint,INEQ-UPPER-D015-H02-SOC02
20260811_121452_stage_B_2C_4168a6e9,inequality,1135,1135,constraint,INEQ-LOWER-D015-H03-PW01
20260811_121452_stage_B_2C_4168a6e9,inequality,1136,1136,constraint,INEQ-UPPER-D015-H03-PW01
20260811_121452_stage_B_2C_4168a6e9,inequality,1137,1137,constraint,INEQ-LOWER-D015-H03-PW02
20260811_121452_stage_B_2C_4168a6e9,inequality,1138,1138,constraint,INEQ-UPPER-D015-H03-PW02
20260811_121452_stage_B_2C_4168a6e9,inequality,1139,1139,constraint,INEQ-LOWER-D015-H03-PW03
20260811_121452_stage_B_2C_4168a6e9,inequality,1140,1140,constraint,INEQ-UPPER-D015-H03-PW03
20260811_121452_stage_B_2C_4168a6e9,inequality,1141,1141,constraint,INEQ-LOWER-D015-H03-PW04
20260811_121452_stage_B_2C_4168a6e9,inequality,1142,1142,constraint,INEQ-UPPER-D015-H03-PW04
20260811_121452_stage_B_2C_4168a6e9,inequality,1143,1143,constraint,INEQ-LOWER-D015-H03-PW05
20260811_121452_stage_B_2C_4168a6e9,inequality,1144,1144,constraint,INEQ-UPPER-D015-H03-PW05
20260811_121452_stage_B_2C_4168a6e9,inequality,1145,1145,constraint,INEQ-LOWER-D015-H03-PH01
20260811_121452_stage_B_2C_4168a6e9,inequality,1146,1146,constraint,INEQ-UPPER-D015-H03-PH01
20260811_121452_stage_B_2C_4168a6e9,inequality,1147,1147,constraint,INEQ-LOWER-D015-H03-PH02
20260811_121452_stage_B_2C_4168a6e9,inequality,1148,1148,constraint,INEQ-UPPER-D015-H03-PH02
20260811_121452_stage_B_2C_4168a6e9,inequality,1149,1149,constraint,INEQ-LOWER-D015-H03-PH03
20260811_121452_stage_B_2C_4168a6e9,inequality,1150,1150,constraint,INEQ-UPPER-D015-H03-PH03
20260811_121452_stage_B_2C_4168a6e9,inequality,1151,1151,constraint,INEQ-LOWER-D015-H03-PH04
20260811_121452_stage_B_2C_4168a6e9,inequality,1152,1152,constraint,INEQ-UPPER-D015-H03-PH04
20260811_121452_stage_B_2C_4168a6e9,inequality,1153,1153,constraint,INEQ-LOWER-D015-H03-PF01
20260811_121452_stage_B_2C_4168a6e9,inequality,1154,1154,constraint,INEQ-UPPER-D015-H03-PF01
20260811_121452_stage_B_2C_4168a6e9,inequality,1155,1155,constraint,INEQ-LOWER-D015-H03-PF02
20260811_121452_stage_B_2C_4168a6e9,inequality,1156,1156,constraint,INEQ-UPPER-D015-H03-PF02
20260811_121452_stage_B_2C_4168a6e9,inequality,1157,1157,constraint,INEQ-LOWER-D015-H03-PF03
20260811_121452_stage_B_2C_4168a6e9,inequality,1158,1158,constraint,INEQ-UPPER-D015-H03-PF03
20260811_121452_stage_B_2C_4168a6e9,inequality,1159,1159,constraint,INEQ-LOWER-D015-H03-PF04
20260811_121452_stage_B_2C_4168a6e9,inequality,1160,1160,constraint,INEQ-UPPER-D015-H03-PF04
20260811_121452_stage_B_2C_4168a6e9,inequality,1161,1161,constraint,INEQ-LOWER-D015-H03-Pch01
20260811_121452_stage_B_2C_4168a6e9,inequality,1162,1162,constraint,INEQ-UPPER-D015-H03-Pch01
20260811_121452_stage_B_2C_4168a6e9,inequality,1163,1163,constraint,INEQ-LOWER-D015-H03-Pch02
20260811_121452_stage_B_2C_4168a6e9,inequality,1164,1164,constraint,INEQ-UPPER-D015-H03-Pch02
20260811_121452_stage_B_2C_4168a6e9,inequality,1165,1165,constraint,INEQ-LOWER-D015-H03-Pdis01
20260811_121452_stage_B_2C_4168a6e9,inequality,1166,1166,constraint,INEQ-UPPER-D015-H03-Pdis01
20260811_121452_stage_B_2C_4168a6e9,inequality,1167,1167,constraint,INEQ-LOWER-D015-H03-Pdis02
20260811_121452_stage_B_2C_4168a6e9,inequality,1168,1168,constraint,INEQ-UPPER-D015-H03-Pdis02
20260811_121452_stage_B_2C_4168a6e9,inequality,1169,1169,constraint,INEQ-LOWER-D015-H03-SOC01
20260811_121452_stage_B_2C_4168a6e9,inequality,1170,1170,constraint,INEQ-UPPER-D015-H03-SOC01
20260811_121452_stage_B_2C_4168a6e9,inequality,1171,1171,constraint,INEQ-LOWER-D015-H03-SOC02
20260811_121452_stage_B_2C_4168a6e9,inequality,1172,1172,constraint,INEQ-UPPER-D015-H03-SOC02
20260811_121452_stage_B_2C_4168a6e9,inequality,1173,1173,constraint,INEQ-LOWER-D015-H04-PW01
20260811_121452_stage_B_2C_4168a6e9,inequality,1174,1174,constraint,INEQ-UPPER-D015-H04-PW01
20260811_121452_stage_B_2C_4168a6e9,inequality,1175,1175,constraint,INEQ-LOWER-D015-H04-PW02
20260811_121452_stage_B_2C_4168a6e9,inequality,1176,1176,constraint,INEQ-UPPER-D015-H04-PW02
20260811_121452_stage_B_2C_4168a6e9,inequality,1177,1177,constraint,INEQ-LOWER-D015-H04-PW03
20260811_121452_stage_B_2C_4168a6e9,inequality,1178,1178,constraint,INEQ-UPPER-D015-H04-PW03
20260811_121452_stage_B_2C_4168a6e9,inequality,1179,1179,constraint,INEQ-LOWER-D015-H04-PW04
20260811_121452_stage_B_2C_4168a6e9,inequality,1180,1180,constraint,INEQ-UPPER-D015-H04-PW04
20260811_121452_stage_B_2C_4168a6e9,inequality,1181,1181,constraint,INEQ-LOWER-D015-H04-PW05
20260811_121452_stage_B_2C_4168a6e9,inequality,1182,1182,constraint,INEQ-UPPER-D015-H04-PW05
20260811_121452_stage_B_2C_4168a6e9,inequality,1183,1183,constraint,INEQ-LOWER-D015-H04-PH01
20260811_121452_stage_B_2C_4168a6e9,inequality,1184,1184,constraint,INEQ-UPPER-D015-H04-PH01
20260811_121452_stage_B_2C_4168a6e9,inequality,1185,1185,constraint,INEQ-LOWER-D015-H04-PH02
20260811_121452_stage_B_2C_4168a6e9,inequality,1186,1186,constraint,INEQ-UPPER-D015-H04-PH02
20260811_121452_stage_B_2C_4168a6e9,inequality,1187,1187,constraint,INEQ-LOWER-D015-H04-PH03
20260811_121452_stage_B_2C_4168a6e9,inequality,1188,1188,constraint,INEQ-UPPER-D015-H04-PH03
20260811_121452_stage_B_2C_4168a6e9,inequality,1189,1189,constraint,INEQ-LOWER-D015-H04-PH04
20260811_121452_stage_B_2C_4168a6e9,inequality,1190,1190,constraint,INEQ-UPPER-D015-H04-PH04
20260811_121452_stage_B_2C_4168a6e9,inequality,1191,1191,constraint,INEQ-LOWER-D015-H04-PF01
20260811_121452_stage_B_2C_4168a6e9,inequality,1192,1192,constraint,INEQ-UPPER-D015-H04-PF01
20260811_121452_stage_B_2C_4168a6e9,inequality,1193,1193,constraint,INEQ-LOWER-D015-H04-PF02
20260811_121452_stage_B_2C_4168a6e9,inequality,1194,1194,constraint,INEQ-UPPER-D015-H04-PF02
20260811_121452_stage_B_2C_4168a6e9,inequality,1195,1195,constraint,INEQ-LOWER-D015-H04-PF03
20260811_121452_stage_B_2C_4168a6e9,inequality,1196,1196,constraint,INEQ-UPPER-D015-H04-PF03
20260811_121452_stage_B_2C_4168a6e9,inequality,1197,1197,constraint,INEQ-LOWER-D015-H04-PF04
20260811_121452_stage_B_2C_4168a6e9,inequality,1198,1198,constraint,INEQ-UPPER-D015-H04-PF04
20260811_121452_stage_B_2C_4168a6e9,inequality,1199,1199,constraint,INEQ-LOWER-D015-H04-Pch01
20260811_121452_stage_B_2C_4168a6e9,inequality,1200,1200,constraint,INEQ-UPPER-D015-H04-Pch01
20260811_121452_stage_B_2C_4168a6e9,inequality,1201,1201,constraint,INEQ-LOWER-D015-H04-Pch02
20260811_121452_stage_B_2C_4168a6e9,inequality,1202,1202,constraint,INEQ-UPPER-D015-H04-Pch02
20260811_121452_stage_B_2C_4168a6e9,inequality,1203,1203,constraint,INEQ-LOWER-D015-H04-Pdis01
20260811_121452_stage_B_2C_4168a6e9,inequality,1204,1204,constraint,INEQ-UPPER-D015-H04-Pdis01
20260811_121452_stage_B_2C_4168a6e9,inequality,1205,1205,constraint,INEQ-LOWER-D015-H04-Pdis02
20260811_121452_stage_B_2C_4168a6e9,inequality,1206,1206,constraint,INEQ-UPPER-D015-H04-Pdis02
20260811_121452_stage_B_2C_4168a6e9,inequality,1207,1207,constraint,INEQ-LOWER-D015-H04-SOC01
20260811_121452_stage_B_2C_4168a6e9,inequality,1208,1208,constraint,INEQ-UPPER-D015-H04-SOC01
20260811_121452_stage_B_2C_4168a6e9,inequality,1209,1209,constraint,INEQ-LOWER-D015-H04-SOC02
20260811_121452_stage_B_2C_4168a6e9,inequality,1210,1210,constraint,INEQ-UPPER-D015-H04-SOC02
20260811_121452_stage_B_2C_4168a6e9,inequality,1211,1211,constraint,INEQ-LOWER-D015-H05-PW01
20260811_121452_stage_B_2C_4168a6e9,inequality,1212,1212,constraint,INEQ-UPPER-D015-H05-PW01
20260811_121452_stage_B_2C_4168a6e9,inequality,1213,1213,constraint,INEQ-LOWER-D015-H05-PW02
20260811_121452_stage_B_2C_4168a6e9,inequality,1214,1214,constraint,INEQ-UPPER-D015-H05-PW02
20260811_121452_stage_B_2C_4168a6e9,inequality,1215,1215,constraint,INEQ-LOWER-D015-H05-PW03
20260811_121452_stage_B_2C_4168a6e9,inequality,1216,1216,constraint,INEQ-UPPER-D015-H05-PW03
20260811_121452_stage_B_2C_4168a6e9,inequality,1217,1217,constraint,INEQ-LOWER-D015-H05-PW04
20260811_121452_stage_B_2C_4168a6e9,inequality,1218,1218,constraint,INEQ-UPPER-D015-H05-PW04
20260811_121452_stage_B_2C_4168a6e9,inequality,1219,1219,constraint,INEQ-LOWER-D015-H05-PW05
20260811_121452_stage_B_2C_4168a6e9,inequality,1220,1220,constraint,INEQ-UPPER-D015-H05-PW05
20260811_121452_stage_B_2C_4168a6e9,inequality,1221,1221,constraint,INEQ-LOWER-D015-H05-PH01
20260811_121452_stage_B_2C_4168a6e9,inequality,1222,1222,constraint,INEQ-UPPER-D015-H05-PH01
20260811_121452_stage_B_2C_4168a6e9,inequality,1223,1223,constraint,INEQ-LOWER-D015-H05-PH02
20260811_121452_stage_B_2C_4168a6e9,inequality,1224,1224,constraint,INEQ-UPPER-D015-H05-PH02
20260811_121452_stage_B_2C_4168a6e9,inequality,1225,1225,constraint,INEQ-LOWER-D015-H05-PH03
20260811_121452_stage_B_2C_4168a6e9,inequality,1226,1226,constraint,INEQ-UPPER-D015-H05-PH03
20260811_121452_stage_B_2C_4168a6e9,inequality,1227,1227,constraint,INEQ-LOWER-D015-H05-PH04
20260811_121452_stage_B_2C_4168a6e9,inequality,1228,1228,constraint,INEQ-UPPER-D015-H05-PH04
20260811_121452_stage_B_2C_4168a6e9,inequality,1229,1229,constraint,INEQ-LOWER-D015-H05-PF01
20260811_121452_stage_B_2C_4168a6e9,inequality,1230,1230,constraint,INEQ-UPPER-D015-H05-PF01
20260811_121452_stage_B_2C_4168a6e9,inequality,1231,1231,constraint,INEQ-LOWER-D015-H05-PF02
20260811_121452_stage_B_2C_4168a6e9,inequality,1232,1232,constraint,INEQ-UPPER-D015-H05-PF02
20260811_121452_stage_B_2C_4168a6e9,inequality,1233,1233,constraint,INEQ-LOWER-D015-H05-PF03
20260811_121452_stage_B_2C_4168a6e9,inequality,1234,1234,constraint,INEQ-UPPER-D015-H05-PF03
20260811_121452_stage_B_2C_4168a6e9,inequality,1235,1235,constraint,INEQ-LOWER-D015-H05-PF04
20260811_121452_stage_B_2C_4168a6e9,inequality,1236,1236,constraint,INEQ-UPPER-D015-H05-PF04
20260811_121452_stage_B_2C_4168a6e9,inequality,1237,1237,constraint,INEQ-LOWER-D015-H05-Pch01
20260811_121452_stage_B_2C_4168a6e9,inequality,1238,1238,constraint,INEQ-UPPER-D015-H05-Pch01
20260811_121452_stage_B_2C_4168a6e9,inequality,1239,1239,constraint,INEQ-LOWER-D015-H05-Pch02
20260811_121452_stage_B_2C_4168a6e9,inequality,1240,1240,constraint,INEQ-UPPER-D015-H05-Pch02
20260811_121452_stage_B_2C_4168a6e9,inequality,1241,1241,constraint,INEQ-LOWER-D015-H05-Pdis01
20260811_121452_stage_B_2C_4168a6e9,inequality,1242,1242,constraint,INEQ-UPPER-D015-H05-Pdis01
20260811_121452_stage_B_2C_4168a6e9,inequality,1243,1243,constraint,INEQ-LOWER-D015-H05-Pdis02
20260811_121452_stage_B_2C_4168a6e9,inequality,1244,1244,constraint,INEQ-UPPER-D015-H05-Pdis02
20260811_121452_stage_B_2C_4168a6e9,inequality,1245,1245,constraint,INEQ-LOWER-D015-H05-SOC01
20260811_121452_stage_B_2C_4168a6e9,inequality,1246,1246,constraint,INEQ-UPPER-D015-H05-SOC01
20260811_121452_stage_B_2C_4168a6e9,inequality,1247,1247,constraint,INEQ-LOWER-D015-H05-SOC02
20260811_121452_stage_B_2C_4168a6e9,inequality,1248,1248,constraint,INEQ-UPPER-D015-H05-SOC02
20260811_121452_stage_B_2C_4168a6e9,inequality,1249,1249,constraint,INEQ-LOWER-D015-H06-PW01
20260811_121452_stage_B_2C_4168a6e9,inequality,1250,1250,constraint,INEQ-UPPER-D015-H06-PW01
20260811_121452_stage_B_2C_4168a6e9,inequality,1251,1251,constraint,INEQ-LOWER-D015-H06-PW02
20260811_121452_stage_B_2C_4168a6e9,inequality,1252,1252,constraint,INEQ-UPPER-D015-H06-PW02
20260811_121452_stage_B_2C_4168a6e9,inequality,1253,1253,constraint,INEQ-LOWER-D015-H06-PW03
20260811_121452_stage_B_2C_4168a6e9,inequality,1254,1254,constraint,INEQ-UPPER-D015-H06-PW03
20260811_121452_stage_B_2C_4168a6e9,inequality,1255,1255,constraint,INEQ-LOWER-D015-H06-PW04
20260811_121452_stage_B_2C_4168a6e9,inequality,1256,1256,constraint,INEQ-UPPER-D015-H06-PW04
20260811_121452_stage_B_2C_4168a6e9,inequality,1257,1257,constraint,INEQ-LOWER-D015-H06-PW05
20260811_121452_stage_B_2C_4168a6e9,inequality,1258,1258,constraint,INEQ-UPPER-D015-H06-PW05
20260811_121452_stage_B_2C_4168a6e9,inequality,1259,1259,constraint,INEQ-LOWER-D015-H06-PH01
20260811_121452_stage_B_2C_4168a6e9,inequality,1260,1260,constraint,INEQ-UPPER-D015-H06-PH01
20260811_121452_stage_B_2C_4168a6e9,inequality,1261,1261,constraint,INEQ-LOWER-D015-H06-PH02
20260811_121452_stage_B_2C_4168a6e9,inequality,1262,1262,constraint,INEQ-UPPER-D015-H06-PH02
20260811_121452_stage_B_2C_4168a6e9,inequality,1263,1263,constraint,INEQ-LOWER-D015-H06-PH03
20260811_121452_stage_B_2C_4168a6e9,inequality,1264,1264,constraint,INEQ-UPPER-D015-H06-PH03
20260811_121452_stage_B_2C_4168a6e9,inequality,1265,1265,constraint,INEQ-LOWER-D015-H06-PH04
20260811_121452_stage_B_2C_4168a6e9,inequality,1266,1266,constraint,INEQ-UPPER-D015-H06-PH04
20260811_121452_stage_B_2C_4168a6e9,inequality,1267,1267,constraint,INEQ-LOWER-D015-H06-PF01
20260811_121452_stage_B_2C_4168a6e9,inequality,1268,1268,constraint,INEQ-UPPER-D015-H06-PF01
20260811_121452_stage_B_2C_4168a6e9,inequality,1269,1269,constraint,INEQ-LOWER-D015-H06-PF02
20260811_121452_stage_B_2C_4168a6e9,inequality,1270,1270,constraint,INEQ-UPPER-D015-H06-PF02
20260811_121452_stage_B_2C_4168a6e9,inequality,1271,1271,constraint,INEQ-LOWER-D015-H06-PF03
20260811_121452_stage_B_2C_4168a6e9,inequality,1272,1272,constraint,INEQ-UPPER-D015-H06-PF03
20260811_121452_stage_B_2C_4168a6e9,inequality,1273,1273,constraint,INEQ-LOWER-D015-H06-PF04
20260811_121452_stage_B_2C_4168a6e9,inequality,1274,1274,constraint,INEQ-UPPER-D015-H06-PF04
20260811_121452_stage_B_2C_4168a6e9,inequality,1275,1275,constraint,INEQ-LOWER-D015-H06-Pch01
20260811_121452_stage_B_2C_4168a6e9,inequality,1276,1276,constraint,INEQ-UPPER-D015-H06-Pch01
20260811_121452_stage_B_2C_4168a6e9,inequality,1277,1277,constraint,INEQ-LOWER-D015-H06-Pch02
20260811_121452_stage_B_2C_4168a6e9,inequality,1278,1278,constraint,INEQ-UPPER-D015-H06-Pch02
20260811_121452_stage_B_2C_4168a6e9,inequality,1279,1279,constraint,INEQ-LOWER-D015-H06-Pdis01
20260811_121452_stage_B_2C_4168a6e9,inequality,1280,1280,constraint,INEQ-UPPER-D015-H06-Pdis01
20260811_121452_stage_B_2C_4168a6e9,inequality,1281,1281,constraint,INEQ-LOWER-D015-H06-Pdis02
20260811_121452_stage_B_2C_4168a6e9,inequality,1282,1282,constraint,INEQ-UPPER-D015-H06-Pdis02
20260811_121452_stage_B_2C_4168a6e9,inequality,1283,1283,constraint,INEQ-LOWER-D015-H06-SOC01
20260811_121452_stage_B_2C_4168a6e9,inequality,1284,1284,constraint,INEQ-UPPER-D015-H06-SOC01
20260811_121452_stage_B_2C_4168a6e9,inequality,1285,1285,constraint,INEQ-LOWER-D015-H06-SOC02
20260811_121452_stage_B_2C_4168a6e9,inequality,1286,1286,constraint,INEQ-UPPER-D015-H06-SOC02
20260811_121452_stage_B_2C_4168a6e9,inequality,1287,1287,constraint,INEQ-LOWER-D015-H07-PW01
20260811_121452_stage_B_2C_4168a6e9,inequality,1288,1288,constraint,INEQ-UPPER-D015-H07-PW01
20260811_121452_stage_B_2C_4168a6e9,inequality,1289,1289,constraint,INEQ-LOWER-D015-H07-PW02
20260811_121452_stage_B_2C_4168a6e9,inequality,1290,1290,constraint,INEQ-UPPER-D015-H07-PW02
20260811_121452_stage_B_2C_4168a6e9,inequality,1291,1291,constraint,INEQ-LOWER-D015-H07-PW03
20260811_121452_stage_B_2C_4168a6e9,inequality,1292,1292,constraint,INEQ-UPPER-D015-H07-PW03
20260811_121452_stage_B_2C_4168a6e9,inequality,1293,1293,constraint,INEQ-LOWER-D015-H07-PW04
20260811_121452_stage_B_2C_4168a6e9,inequality,1294,1294,constraint,INEQ-UPPER-D015-H07-PW04
20260811_121452_stage_B_2C_4168a6e9,inequality,1295,1295,constraint,INEQ-LOWER-D015-H07-PW05
20260811_121452_stage_B_2C_4168a6e9,inequality,1296,1296,constraint,INEQ-UPPER-D015-H07-PW05
20260811_121452_stage_B_2C_4168a6e9,inequality,1297,1297,constraint,INEQ-LOWER-D015-H07-PH01
20260811_121452_stage_B_2C_4168a6e9,inequality,1298,1298,constraint,INEQ-UPPER-D015-H07-PH01
20260811_121452_stage_B_2C_4168a6e9,inequality,1299,1299,constraint,INEQ-LOWER-D015-H07-PH02
20260811_121452_stage_B_2C_4168a6e9,inequality,1300,1300,constraint,INEQ-UPPER-D015-H07-PH02
20260811_121452_stage_B_2C_4168a6e9,inequality,1301,1301,constraint,INEQ-LOWER-D015-H07-PH03
20260811_121452_stage_B_2C_4168a6e9,inequality,1302,1302,constraint,INEQ-UPPER-D015-H07-PH03
20260811_121452_stage_B_2C_4168a6e9,inequality,1303,1303,constraint,INEQ-LOWER-D015-H07-PH04
20260811_121452_stage_B_2C_4168a6e9,inequality,1304,1304,constraint,INEQ-UPPER-D015-H07-PH04
20260811_121452_stage_B_2C_4168a6e9,inequality,1305,1305,constraint,INEQ-LOWER-D015-H07-PF01
20260811_121452_stage_B_2C_4168a6e9,inequality,1306,1306,constraint,INEQ-UPPER-D015-H07-PF01
20260811_121452_stage_B_2C_4168a6e9,inequality,1307,1307,constraint,INEQ-LOWER-D015-H07-PF02
20260811_121452_stage_B_2C_4168a6e9,inequality,1308,1308,constraint,INEQ-UPPER-D015-H07-PF02
20260811_121452_stage_B_2C_4168a6e9,inequality,1309,1309,constraint,INEQ-LOWER-D015-H07-PF03
20260811_121452_stage_B_2C_4168a6e9,inequality,1310,1310,constraint,INEQ-UPPER-D015-H07-PF03
20260811_121452_stage_B_2C_4168a6e9,inequality,1311,1311,constraint,INEQ-LOWER-D015-H07-PF04
20260811_121452_stage_B_2C_4168a6e9,inequality,1312,1312,constraint,INEQ-UPPER-D015-H07-PF04
20260811_121452_stage_B_2C_4168a6e9,inequality,1313,1313,constraint,INEQ-LOWER-D015-H07-Pch01
20260811_121452_stage_B_2C_4168a6e9,inequality,1314,1314,constraint,INEQ-UPPER-D015-H07-Pch01
20260811_121452_stage_B_2C_4168a6e9,inequality,1315,1315,constraint,INEQ-LOWER-D015-H07-Pch02
20260811_121452_stage_B_2C_4168a6e9,inequality,1316,1316,constraint,INEQ-UPPER-D015-H07-Pch02
20260811_121452_stage_B_2C_4168a6e9,inequality,1317,1317,constraint,INEQ-LOWER-D015-H07-Pdis01
20260811_121452_stage_B_2C_4168a6e9,inequality,1318,1318,constraint,INEQ-UPPER-D015-H07-Pdis01
20260811_121452_stage_B_2C_4168a6e9,inequality,1319,1319,constraint,INEQ-LOWER-D015-H07-Pdis02
20260811_121452_stage_B_2C_4168a6e9,inequality,1320,1320,constraint,INEQ-UPPER-D015-H07-Pdis02
20260811_121452_stage_B_2C_4168a6e9,inequality,1321,1321,constraint,INEQ-LOWER-D015-H07-SOC01
20260811_121452_stage_B_2C_4168a6e9,inequality,1322,1322,constraint,INEQ-UPPER-D015-H07-SOC01
20260811_121452_stage_B_2C_4168a6e9,inequality,1323,1323,constraint,INEQ-LOWER-D015-H07-SOC02
20260811_121452_stage_B_2C_4168a6e9,inequality,1324,1324,constraint,INEQ-UPPER-D015-H07-SOC02
20260811_121452_stage_B_2C_4168a6e9,inequality,1325,1325,constraint,INEQ-LOWER-D015-H08-PW01
20260811_121452_stage_B_2C_4168a6e9,inequality,1326,1326,constraint,INEQ-UPPER-D015-H08-PW01
20260811_121452_stage_B_2C_4168a6e9,inequality,1327,1327,constraint,INEQ-LOWER-D015-H08-PW02
20260811_121452_stage_B_2C_4168a6e9,inequality,1328,1328,constraint,INEQ-UPPER-D015-H08-PW02
20260811_121452_stage_B_2C_4168a6e9,inequality,1329,1329,constraint,INEQ-LOWER-D015-H08-PW03
20260811_121452_stage_B_2C_4168a6e9,inequality,1330,1330,constraint,INEQ-UPPER-D015-H08-PW03
20260811_121452_stage_B_2C_4168a6e9,inequality,1331,1331,constraint,INEQ-LOWER-D015-H08-PW04
20260811_121452_stage_B_2C_4168a6e9,inequality,1332,1332,constraint,INEQ-UPPER-D015-H08-PW04
20260811_121452_stage_B_2C_4168a6e9,inequality,1333,1333,constraint,INEQ-LOWER-D015-H08-PW05
20260811_121452_stage_B_2C_4168a6e9,inequality,1334,1334,constraint,INEQ-UPPER-D015-H08-PW05
20260811_121452_stage_B_2C_4168a6e9,inequality,1335,1335,constraint,INEQ-LOWER-D015-H08-PP01
20260811_121452_stage_B_2C_4168a6e9,inequality,1336,1336,constraint,INEQ-UPPER-D015-H08-PP01
20260811_121452_stage_B_2C_4168a6e9,inequality,1337,1337,constraint,INEQ-LOWER-D015-H08-PP02
20260811_121452_stage_B_2C_4168a6e9,inequality,1338,1338,constraint,INEQ-UPPER-D015-H08-PP02
20260811_121452_stage_B_2C_4168a6e9,inequality,1339,1339,constraint,INEQ-LOWER-D015-H08-PP03
20260811_121452_stage_B_2C_4168a6e9,inequality,1340,1340,constraint,INEQ-UPPER-D015-H08-PP03
20260811_121452_stage_B_2C_4168a6e9,inequality,1341,1341,constraint,INEQ-LOWER-D015-H08-PP04
20260811_121452_stage_B_2C_4168a6e9,inequality,1342,1342,constraint,INEQ-UPPER-D015-H08-PP04
20260811_121452_stage_B_2C_4168a6e9,inequality,1343,1343,constraint,INEQ-LOWER-D015-H08-PP05
20260811_121452_stage_B_2C_4168a6e9,inequality,1344,1344,constraint,INEQ-UPPER-D015-H08-PP05
20260811_121452_stage_B_2C_4168a6e9,inequality,1345,1345,constraint,INEQ-LOWER-D015-H08-PH01
20260811_121452_stage_B_2C_4168a6e9,inequality,1346,1346,constraint,INEQ-UPPER-D015-H08-PH01
20260811_121452_stage_B_2C_4168a6e9,inequality,1347,1347,constraint,INEQ-LOWER-D015-H08-PH02
20260811_121452_stage_B_2C_4168a6e9,inequality,1348,1348,constraint,INEQ-UPPER-D015-H08-PH02
20260811_121452_stage_B_2C_4168a6e9,inequality,1349,1349,constraint,INEQ-LOWER-D015-H08-PH03
20260811_121452_stage_B_2C_4168a6e9,inequality,1350,1350,constraint,INEQ-UPPER-D015-H08-PH03
20260811_121452_stage_B_2C_4168a6e9,inequality,1351,1351,constraint,INEQ-LOWER-D015-H08-PH04
20260811_121452_stage_B_2C_4168a6e9,inequality,1352,1352,constraint,INEQ-UPPER-D015-H08-PH04
20260811_121452_stage_B_2C_4168a6e9,inequality,1353,1353,constraint,INEQ-LOWER-D015-H08-PF01
20260811_121452_stage_B_2C_4168a6e9,inequality,1354,1354,constraint,INEQ-UPPER-D015-H08-PF01
20260811_121452_stage_B_2C_4168a6e9,inequality,1355,1355,constraint,INEQ-LOWER-D015-H08-PF02
20260811_121452_stage_B_2C_4168a6e9,inequality,1356,1356,constraint,INEQ-UPPER-D015-H08-PF02
20260811_121452_stage_B_2C_4168a6e9,inequality,1357,1357,constraint,INEQ-LOWER-D015-H08-PF03
20260811_121452_stage_B_2C_4168a6e9,inequality,1358,1358,constraint,INEQ-UPPER-D015-H08-PF03
20260811_121452_stage_B_2C_4168a6e9,inequality,1359,1359,constraint,INEQ-LOWER-D015-H08-PF04
20260811_121452_stage_B_2C_4168a6e9,inequality,1360,1360,constraint,INEQ-UPPER-D015-H08-PF04
20260811_121452_stage_B_2C_4168a6e9,inequality,1361,1361,constraint,INEQ-LOWER-D015-H08-Pch01
20260811_121452_stage_B_2C_4168a6e9,inequality,1362,1362,constraint,INEQ-UPPER-D015-H08-Pch01
20260811_121452_stage_B_2C_4168a6e9,inequality,1363,1363,constraint,INEQ-LOWER-D015-H08-Pch02
20260811_121452_stage_B_2C_4168a6e9,inequality,1364,1364,constraint,INEQ-UPPER-D015-H08-Pch02
20260811_121452_stage_B_2C_4168a6e9,inequality,1365,1365,constraint,INEQ-LOWER-D015-H08-Pdis01
20260811_121452_stage_B_2C_4168a6e9,inequality,1366,1366,constraint,INEQ-UPPER-D015-H08-Pdis01
20260811_121452_stage_B_2C_4168a6e9,inequality,1367,1367,constraint,INEQ-LOWER-D015-H08-Pdis02
20260811_121452_stage_B_2C_4168a6e9,inequality,1368,1368,constraint,INEQ-UPPER-D015-H08-Pdis02
20260811_121452_stage_B_2C_4168a6e9,inequality,1369,1369,constraint,INEQ-LOWER-D015-H08-SOC01
20260811_121452_stage_B_2C_4168a6e9,inequality,1370,1370,constraint,INEQ-UPPER-D015-H08-SOC01
20260811_121452_stage_B_2C_4168a6e9,inequality,1371,1371,constraint,INEQ-LOWER-D015-H08-SOC02
20260811_121452_stage_B_2C_4168a6e9,inequality,1372,1372,constraint,INEQ-UPPER-D015-H08-SOC02
20260811_121452_stage_B_2C_4168a6e9,inequality,1373,1373,constraint,INEQ-LOWER-D015-H09-PW01
20260811_121452_stage_B_2C_4168a6e9,inequality,1374,1374,constraint,INEQ-UPPER-D015-H09-PW01
20260811_121452_stage_B_2C_4168a6e9,inequality,1375,1375,constraint,INEQ-LOWER-D015-H09-PW02
20260811_121452_stage_B_2C_4168a6e9,inequality,1376,1376,constraint,INEQ-UPPER-D015-H09-PW02
20260811_121452_stage_B_2C_4168a6e9,inequality,1377,1377,constraint,INEQ-LOWER-D015-H09-PW03
20260811_121452_stage_B_2C_4168a6e9,inequality,1378,1378,constraint,INEQ-UPPER-D015-H09-PW03
20260811_121452_stage_B_2C_4168a6e9,inequality,1379,1379,constraint,INEQ-LOWER-D015-H09-PW04
20260811_121452_stage_B_2C_4168a6e9,inequality,1380,1380,constraint,INEQ-UPPER-D015-H09-PW04
20260811_121452_stage_B_2C_4168a6e9,inequality,1381,1381,constraint,INEQ-LOWER-D015-H09-PW05
20260811_121452_stage_B_2C_4168a6e9,inequality,1382,1382,constraint,INEQ-UPPER-D015-H09-PW05
20260811_121452_stage_B_2C_4168a6e9,inequality,1383,1383,constraint,INEQ-LOWER-D015-H09-PP01
20260811_121452_stage_B_2C_4168a6e9,inequality,1384,1384,constraint,INEQ-UPPER-D015-H09-PP01
20260811_121452_stage_B_2C_4168a6e9,inequality,1385,1385,constraint,INEQ-LOWER-D015-H09-PP02
20260811_121452_stage_B_2C_4168a6e9,inequality,1386,1386,constraint,INEQ-UPPER-D015-H09-PP02
20260811_121452_stage_B_2C_4168a6e9,inequality,1387,1387,constraint,INEQ-LOWER-D015-H09-PP03
20260811_121452_stage_B_2C_4168a6e9,inequality,1388,1388,constraint,INEQ-UPPER-D015-H09-PP03
20260811_121452_stage_B_2C_4168a6e9,inequality,1389,1389,constraint,INEQ-LOWER-D015-H09-PP04
20260811_121452_stage_B_2C_4168a6e9,inequality,1390,1390,constraint,INEQ-UPPER-D015-H09-PP04
20260811_121452_stage_B_2C_4168a6e9,inequality,1391,1391,constraint,INEQ-LOWER-D015-H09-PP05
20260811_121452_stage_B_2C_4168a6e9,inequality,1392,1392,constraint,INEQ-UPPER-D015-H09-PP05
20260811_121452_stage_B_2C_4168a6e9,inequality,1393,1393,constraint,INEQ-LOWER-D015-H09-PH01
20260811_121452_stage_B_2C_4168a6e9,inequality,1394,1394,constraint,INEQ-UPPER-D015-H09-PH01
20260811_121452_stage_B_2C_4168a6e9,inequality,1395,1395,constraint,INEQ-LOWER-D015-H09-PH02
20260811_121452_stage_B_2C_4168a6e9,inequality,1396,1396,constraint,INEQ-UPPER-D015-H09-PH02
20260811_121452_stage_B_2C_4168a6e9,inequality,1397,1397,constraint,INEQ-LOWER-D015-H09-PH03
20260811_121452_stage_B_2C_4168a6e9,inequality,1398,1398,constraint,INEQ-UPPER-D015-H09-PH03
20260811_121452_stage_B_2C_4168a6e9,inequality,1399,1399,constraint,INEQ-LOWER-D015-H09-PH04
20260811_121452_stage_B_2C_4168a6e9,inequality,1400,1400,constraint,INEQ-UPPER-D015-H09-PH04
20260811_121452_stage_B_2C_4168a6e9,inequality,1401,1401,constraint,INEQ-LOWER-D015-H09-PF01
20260811_121452_stage_B_2C_4168a6e9,inequality,1402,1402,constraint,INEQ-UPPER-D015-H09-PF01
20260811_121452_stage_B_2C_4168a6e9,inequality,1403,1403,constraint,INEQ-LOWER-D015-H09-PF02
20260811_121452_stage_B_2C_4168a6e9,inequality,1404,1404,constraint,INEQ-UPPER-D015-H09-PF02
20260811_121452_stage_B_2C_4168a6e9,inequality,1405,1405,constraint,INEQ-LOWER-D015-H09-PF03
20260811_121452_stage_B_2C_4168a6e9,inequality,1406,1406,constraint,INEQ-UPPER-D015-H09-PF03
20260811_121452_stage_B_2C_4168a6e9,inequality,1407,1407,constraint,INEQ-LOWER-D015-H09-PF04
20260811_121452_stage_B_2C_4168a6e9,inequality,1408,1408,constraint,INEQ-UPPER-D015-H09-PF04
20260811_121452_stage_B_2C_4168a6e9,inequality,1409,1409,constraint,INEQ-LOWER-D015-H09-Pch01
20260811_121452_stage_B_2C_4168a6e9,inequality,1410,1410,constraint,INEQ-UPPER-D015-H09-Pch01
20260811_121452_stage_B_2C_4168a6e9,inequality,1411,1411,constraint,INEQ-LOWER-D015-H09-Pch02
20260811_121452_stage_B_2C_4168a6e9,inequality,1412,1412,constraint,INEQ-UPPER-D015-H09-Pch02
20260811_121452_stage_B_2C_4168a6e9,inequality,1413,1413,constraint,INEQ-LOWER-D015-H09-Pdis01
20260811_121452_stage_B_2C_4168a6e9,inequality,1414,1414,constraint,INEQ-UPPER-D015-H09-Pdis01
20260811_121452_stage_B_2C_4168a6e9,inequality,1415,1415,constraint,INEQ-LOWER-D015-H09-Pdis02
20260811_121452_stage_B_2C_4168a6e9,inequality,1416,1416,constraint,INEQ-UPPER-D015-H09-Pdis02
20260811_121452_stage_B_2C_4168a6e9,inequality,1417,1417,constraint,INEQ-LOWER-D015-H09-SOC01
20260811_121452_stage_B_2C_4168a6e9,inequality,1418,1418,constraint,INEQ-UPPER-D015-H09-SOC01
20260811_121452_stage_B_2C_4168a6e9,inequality,1419,1419,constraint,INEQ-LOWER-D015-H09-SOC02
20260811_121452_stage_B_2C_4168a6e9,inequality,1420,1420,constraint,INEQ-UPPER-D015-H09-SOC02
20260811_121452_stage_B_2C_4168a6e9,inequality,1421,1421,constraint,INEQ-LOWER-D015-H10-PW01
20260811_121452_stage_B_2C_4168a6e9,inequality,1422,1422,constraint,INEQ-UPPER-D015-H10-PW01
20260811_121452_stage_B_2C_4168a6e9,inequality,1423,1423,constraint,INEQ-LOWER-D015-H10-PW02
20260811_121452_stage_B_2C_4168a6e9,inequality,1424,1424,constraint,INEQ-UPPER-D015-H10-PW02
20260811_121452_stage_B_2C_4168a6e9,inequality,1425,1425,constraint,INEQ-LOWER-D015-H10-PW03
20260811_121452_stage_B_2C_4168a6e9,inequality,1426,1426,constraint,INEQ-UPPER-D015-H10-PW03
20260811_121452_stage_B_2C_4168a6e9,inequality,1427,1427,constraint,INEQ-LOWER-D015-H10-PW04
20260811_121452_stage_B_2C_4168a6e9,inequality,1428,1428,constraint,INEQ-UPPER-D015-H10-PW04
20260811_121452_stage_B_2C_4168a6e9,inequality,1429,1429,constraint,INEQ-LOWER-D015-H10-PW05
20260811_121452_stage_B_2C_4168a6e9,inequality,1430,1430,constraint,INEQ-UPPER-D015-H10-PW05
20260811_121452_stage_B_2C_4168a6e9,inequality,1431,1431,constraint,INEQ-LOWER-D015-H10-PP01
20260811_121452_stage_B_2C_4168a6e9,inequality,1432,1432,constraint,INEQ-UPPER-D015-H10-PP01
20260811_121452_stage_B_2C_4168a6e9,inequality,1433,1433,constraint,INEQ-LOWER-D015-H10-PP02
20260811_121452_stage_B_2C_4168a6e9,inequality,1434,1434,constraint,INEQ-UPPER-D015-H10-PP02
20260811_121452_stage_B_2C_4168a6e9,inequality,1435,1435,constraint,INEQ-LOWER-D015-H10-PP03
20260811_121452_stage_B_2C_4168a6e9,inequality,1436,1436,constraint,INEQ-UPPER-D015-H10-PP03
20260811_121452_stage_B_2C_4168a6e9,inequality,1437,1437,constraint,INEQ-LOWER-D015-H10-PP04
20260811_121452_stage_B_2C_4168a6e9,inequality,1438,1438,constraint,INEQ-UPPER-D015-H10-PP04
20260811_121452_stage_B_2C_4168a6e9,inequality,1439,1439,constraint,INEQ-LOWER-D015-H10-PP05
20260811_121452_stage_B_2C_4168a6e9,inequality,1440,1440,constraint,INEQ-UPPER-D015-H10-PP05
20260811_121452_stage_B_2C_4168a6e9,inequality,1441,1441,constraint,INEQ-LOWER-D015-H10-PH01
20260811_121452_stage_B_2C_4168a6e9,inequality,1442,1442,constraint,INEQ-UPPER-D015-H10-PH01
20260811_121452_stage_B_2C_4168a6e9,inequality,1443,1443,constraint,INEQ-LOWER-D015-H10-PH02
20260811_121452_stage_B_2C_4168a6e9,inequality,1444,1444,constraint,INEQ-UPPER-D015-H10-PH02
20260811_121452_stage_B_2C_4168a6e9,inequality,1445,1445,constraint,INEQ-LOWER-D015-H10-PH03
20260811_121452_stage_B_2C_4168a6e9,inequality,1446,1446,constraint,INEQ-UPPER-D015-H10-PH03
20260811_121452_stage_B_2C_4168a6e9,inequality,1447,1447,constraint,INEQ-LOWER-D015-H10-PH04
20260811_121452_stage_B_2C_4168a6e9,inequality,1448,1448,constraint,INEQ-UPPER-D015-H10-PH04
20260811_121452_stage_B_2C_4168a6e9,inequality,1449,1449,constraint,INEQ-LOWER-D015-H10-PF01
20260811_121452_stage_B_2C_4168a6e9,inequality,1450,1450,constraint,INEQ-UPPER-D015-H10-PF01
20260811_121452_stage_B_2C_4168a6e9,inequality,1451,1451,constraint,INEQ-LOWER-D015-H10-PF02
20260811_121452_stage_B_2C_4168a6e9,inequality,1452,1452,constraint,INEQ-UPPER-D015-H10-PF02
20260811_121452_stage_B_2C_4168a6e9,inequality,1453,1453,constraint,INEQ-LOWER-D015-H10-PF03
20260811_121452_stage_B_2C_4168a6e9,inequality,1454,1454,constraint,INEQ-UPPER-D015-H10-PF03
20260811_121452_stage_B_2C_4168a6e9,inequality,1455,1455,constraint,INEQ-LOWER-D015-H10-PF04
20260811_121452_stage_B_2C_4168a6e9,inequality,1456,1456,constraint,INEQ-UPPER-D015-H10-PF04
20260811_121452_stage_B_2C_4168a6e9,inequality,1457,1457,constraint,INEQ-LOWER-D015-H10-Pch01
20260811_121452_stage_B_2C_4168a6e9,inequality,1458,1458,constraint,INEQ-UPPER-D015-H10-Pch01
20260811_121452_stage_B_2C_4168a6e9,inequality,1459,1459,constraint,INEQ-LOWER-D015-H10-Pch02
20260811_121452_stage_B_2C_4168a6e9,inequality,1460,1460,constraint,INEQ-UPPER-D015-H10-Pch02
20260811_121452_stage_B_2C_4168a6e9,inequality,1461,1461,constraint,INEQ-LOWER-D015-H10-Pdis01
20260811_121452_stage_B_2C_4168a6e9,inequality,1462,1462,constraint,INEQ-UPPER-D015-H10-Pdis01
20260811_121452_stage_B_2C_4168a6e9,inequality,1463,1463,constraint,INEQ-LOWER-D015-H10-Pdis02
20260811_121452_stage_B_2C_4168a6e9,inequality,1464,1464,constraint,INEQ-UPPER-D015-H10-Pdis02
20260811_121452_stage_B_2C_4168a6e9,inequality,1465,1465,constraint,INEQ-LOWER-D015-H10-SOC01
20260811_121452_stage_B_2C_4168a6e9,inequality,1466,1466,constraint,INEQ-UPPER-D015-H10-SOC01
20260811_121452_stage_B_2C_4168a6e9,inequality,1467,1467,constraint,INEQ-LOWER-D015-H10-SOC02
20260811_121452_stage_B_2C_4168a6e9,inequality,1468,1468,constraint,INEQ-UPPER-D015-H10-SOC02
20260811_121452_stage_B_2C_4168a6e9,inequality,1469,1469,constraint,INEQ-LOWER-D015-H11-PW01
20260811_121452_stage_B_2C_4168a6e9,inequality,1470,1470,constraint,INEQ-UPPER-D015-H11-PW01
20260811_121452_stage_B_2C_4168a6e9,inequality,1471,1471,constraint,INEQ-LOWER-D015-H11-PW02
20260811_121452_stage_B_2C_4168a6e9,inequality,1472,1472,constraint,INEQ-UPPER-D015-H11-PW02
20260811_121452_stage_B_2C_4168a6e9,inequality,1473,1473,constraint,INEQ-LOWER-D015-H11-PW03
20260811_121452_stage_B_2C_4168a6e9,inequality,1474,1474,constraint,INEQ-UPPER-D015-H11-PW03
20260811_121452_stage_B_2C_4168a6e9,inequality,1475,1475,constraint,INEQ-LOWER-D015-H11-PW04
20260811_121452_stage_B_2C_4168a6e9,inequality,1476,1476,constraint,INEQ-UPPER-D015-H11-PW04
20260811_121452_stage_B_2C_4168a6e9,inequality,1477,1477,constraint,INEQ-LOWER-D015-H11-PW05
20260811_121452_stage_B_2C_4168a6e9,inequality,1478,1478,constraint,INEQ-UPPER-D015-H11-PW05
20260811_121452_stage_B_2C_4168a6e9,inequality,1479,1479,constraint,INEQ-LOWER-D015-H11-PP01
20260811_121452_stage_B_2C_4168a6e9,inequality,1480,1480,constraint,INEQ-UPPER-D015-H11-PP01
20260811_121452_stage_B_2C_4168a6e9,inequality,1481,1481,constraint,INEQ-LOWER-D015-H11-PP02
20260811_121452_stage_B_2C_4168a6e9,inequality,1482,1482,constraint,INEQ-UPPER-D015-H11-PP02
20260811_121452_stage_B_2C_4168a6e9,inequality,1483,1483,constraint,INEQ-LOWER-D015-H11-PP03
20260811_121452_stage_B_2C_4168a6e9,inequality,1484,1484,constraint,INEQ-UPPER-D015-H11-PP03
20260811_121452_stage_B_2C_4168a6e9,inequality,1485,1485,constraint,INEQ-LOWER-D015-H11-PP04
20260811_121452_stage_B_2C_4168a6e9,inequality,1486,1486,constraint,INEQ-UPPER-D015-H11-PP04
20260811_121452_stage_B_2C_4168a6e9,inequality,1487,1487,constraint,INEQ-LOWER-D015-H11-PP05
20260811_121452_stage_B_2C_4168a6e9,inequality,1488,1488,constraint,INEQ-UPPER-D015-H11-PP05
20260811_121452_stage_B_2C_4168a6e9,inequality,1489,1489,constraint,INEQ-LOWER-D015-H11-PH01
20260811_121452_stage_B_2C_4168a6e9,inequality,1490,1490,constraint,INEQ-UPPER-D015-H11-PH01
20260811_121452_stage_B_2C_4168a6e9,inequality,1491,1491,constraint,INEQ-LOWER-D015-H11-PH02
20260811_121452_stage_B_2C_4168a6e9,inequality,1492,1492,constraint,INEQ-UPPER-D015-H11-PH02
20260811_121452_stage_B_2C_4168a6e9,inequality,1493,1493,constraint,INEQ-LOWER-D015-H11-PH03
20260811_121452_stage_B_2C_4168a6e9,inequality,1494,1494,constraint,INEQ-UPPER-D015-H11-PH03
20260811_121452_stage_B_2C_4168a6e9,inequality,1495,1495,constraint,INEQ-LOWER-D015-H11-PH04
20260811_121452_stage_B_2C_4168a6e9,inequality,1496,1496,constraint,INEQ-UPPER-D015-H11-PH04
20260811_121452_stage_B_2C_4168a6e9,inequality,1497,1497,constraint,INEQ-LOWER-D015-H11-PF01
20260811_121452_stage_B_2C_4168a6e9,inequality,1498,1498,constraint,INEQ-UPPER-D015-H11-PF01
20260811_121452_stage_B_2C_4168a6e9,inequality,1499,1499,constraint,INEQ-LOWER-D015-H11-PF02
20260811_121452_stage_B_2C_4168a6e9,inequality,1500,1500,constraint,INEQ-UPPER-D015-H11-PF02
20260811_121452_stage_B_2C_4168a6e9,inequality,1501,1501,constraint,INEQ-LOWER-D015-H11-PF03
20260811_121452_stage_B_2C_4168a6e9,inequality,1502,1502,constraint,INEQ-UPPER-D015-H11-PF03
20260811_121452_stage_B_2C_4168a6e9,inequality,1503,1503,constraint,INEQ-LOWER-D015-H11-PF04
20260811_121452_stage_B_2C_4168a6e9,inequality,1504,1504,constraint,INEQ-UPPER-D015-H11-PF04
20260811_121452_stage_B_2C_4168a6e9,inequality,1505,1505,constraint,INEQ-LOWER-D015-H11-Pch01
20260811_121452_stage_B_2C_4168a6e9,inequality,1506,1506,constraint,INEQ-UPPER-D015-H11-Pch01
20260811_121452_stage_B_2C_4168a6e9,inequality,1507,1507,constraint,INEQ-LOWER-D015-H11-Pch02
20260811_121452_stage_B_2C_4168a6e9,inequality,1508,1508,constraint,INEQ-UPPER-D015-H11-Pch02
20260811_121452_stage_B_2C_4168a6e9,inequality,1509,1509,constraint,INEQ-LOWER-D015-H11-Pdis01
20260811_121452_stage_B_2C_4168a6e9,inequality,1510,1510,constraint,INEQ-UPPER-D015-H11-Pdis01
20260811_121452_stage_B_2C_4168a6e9,inequality,1511,1511,constraint,INEQ-LOWER-D015-H11-Pdis02
20260811_121452_stage_B_2C_4168a6e9,inequality,1512,1512,constraint,INEQ-UPPER-D015-H11-Pdis02
20260811_121452_stage_B_2C_4168a6e9,inequality,1513,1513,constraint,INEQ-LOWER-D015-H11-SOC01
20260811_121452_stage_B_2C_4168a6e9,inequality,1514,1514,constraint,INEQ-UPPER-D015-H11-SOC01
20260811_121452_stage_B_2C_4168a6e9,inequality,1515,1515,constraint,INEQ-LOWER-D015-H11-SOC02
20260811_121452_stage_B_2C_4168a6e9,inequality,1516,1516,constraint,INEQ-UPPER-D015-H11-SOC02
20260811_121452_stage_B_2C_4168a6e9,inequality,1517,1517,constraint,INEQ-LOWER-D015-H12-PW01
20260811_121452_stage_B_2C_4168a6e9,inequality,1518,1518,constraint,INEQ-UPPER-D015-H12-PW01
20260811_121452_stage_B_2C_4168a6e9,inequality,1519,1519,constraint,INEQ-LOWER-D015-H12-PW02
20260811_121452_stage_B_2C_4168a6e9,inequality,1520,1520,constraint,INEQ-UPPER-D015-H12-PW02
20260811_121452_stage_B_2C_4168a6e9,inequality,1521,1521,constraint,INEQ-LOWER-D015-H12-PW03
20260811_121452_stage_B_2C_4168a6e9,inequality,1522,1522,constraint,INEQ-UPPER-D015-H12-PW03
20260811_121452_stage_B_2C_4168a6e9,inequality,1523,1523,constraint,INEQ-LOWER-D015-H12-PW04
20260811_121452_stage_B_2C_4168a6e9,inequality,1524,1524,constraint,INEQ-UPPER-D015-H12-PW04
20260811_121452_stage_B_2C_4168a6e9,inequality,1525,1525,constraint,INEQ-LOWER-D015-H12-PW05
20260811_121452_stage_B_2C_4168a6e9,inequality,1526,1526,constraint,INEQ-UPPER-D015-H12-PW05
20260811_121452_stage_B_2C_4168a6e9,inequality,1527,1527,constraint,INEQ-LOWER-D015-H12-PP01
20260811_121452_stage_B_2C_4168a6e9,inequality,1528,1528,constraint,INEQ-UPPER-D015-H12-PP01
20260811_121452_stage_B_2C_4168a6e9,inequality,1529,1529,constraint,INEQ-LOWER-D015-H12-PP02
20260811_121452_stage_B_2C_4168a6e9,inequality,1530,1530,constraint,INEQ-UPPER-D015-H12-PP02
20260811_121452_stage_B_2C_4168a6e9,inequality,1531,1531,constraint,INEQ-LOWER-D015-H12-PP03
20260811_121452_stage_B_2C_4168a6e9,inequality,1532,1532,constraint,INEQ-UPPER-D015-H12-PP03
20260811_121452_stage_B_2C_4168a6e9,inequality,1533,1533,constraint,INEQ-LOWER-D015-H12-PP04
20260811_121452_stage_B_2C_4168a6e9,inequality,1534,1534,constraint,INEQ-UPPER-D015-H12-PP04
20260811_121452_stage_B_2C_4168a6e9,inequality,1535,1535,constraint,INEQ-LOWER-D015-H12-PP05
20260811_121452_stage_B_2C_4168a6e9,inequality,1536,1536,constraint,INEQ-UPPER-D015-H12-PP05
20260811_121452_stage_B_2C_4168a6e9,inequality,1537,1537,constraint,INEQ-LOWER-D015-H12-PH01
20260811_121452_stage_B_2C_4168a6e9,inequality,1538,1538,constraint,INEQ-UPPER-D015-H12-PH01
20260811_121452_stage_B_2C_4168a6e9,inequality,1539,1539,constraint,INEQ-LOWER-D015-H12-PH02
20260811_121452_stage_B_2C_4168a6e9,inequality,1540,1540,constraint,INEQ-UPPER-D015-H12-PH02
20260811_121452_stage_B_2C_4168a6e9,inequality,1541,1541,constraint,INEQ-LOWER-D015-H12-PH03
20260811_121452_stage_B_2C_4168a6e9,inequality,1542,1542,constraint,INEQ-UPPER-D015-H12-PH03
20260811_121452_stage_B_2C_4168a6e9,inequality,1543,1543,constraint,INEQ-LOWER-D015-H12-PH04
20260811_121452_stage_B_2C_4168a6e9,inequality,1544,1544,constraint,INEQ-UPPER-D015-H12-PH04
20260811_121452_stage_B_2C_4168a6e9,inequality,1545,1545,constraint,INEQ-LOWER-D015-H12-PF01
20260811_121452_stage_B_2C_4168a6e9,inequality,1546,1546,constraint,INEQ-UPPER-D015-H12-PF01
20260811_121452_stage_B_2C_4168a6e9,inequality,1547,1547,constraint,INEQ-LOWER-D015-H12-PF02
20260811_121452_stage_B_2C_4168a6e9,inequality,1548,1548,constraint,INEQ-UPPER-D015-H12-PF02
20260811_121452_stage_B_2C_4168a6e9,inequality,1549,1549,constraint,INEQ-LOWER-D015-H12-PF03
20260811_121452_stage_B_2C_4168a6e9,inequality,1550,1550,constraint,INEQ-UPPER-D015-H12-PF03
20260811_121452_stage_B_2C_4168a6e9,inequality,1551,1551,constraint,INEQ-LOWER-D015-H12-PF04
20260811_121452_stage_B_2C_4168a6e9,inequality,1552,1552,constraint,INEQ-UPPER-D015-H12-PF04
20260811_121452_stage_B_2C_4168a6e9,inequality,1553,1553,constraint,INEQ-LOWER-D015-H12-Pch01
20260811_121452_stage_B_2C_4168a6e9,inequality,1554,1554,constraint,INEQ-UPPER-D015-H12-Pch01
20260811_121452_stage_B_2C_4168a6e9,inequality,1555,1555,constraint,INEQ-LOWER-D015-H12-Pch02
20260811_121452_stage_B_2C_4168a6e9,inequality,1556,1556,constraint,INEQ-UPPER-D015-H12-Pch02
20260811_121452_stage_B_2C_4168a6e9,inequality,1557,1557,constraint,INEQ-LOWER-D015-H12-Pdis01
20260811_121452_stage_B_2C_4168a6e9,inequality,1558,1558,constraint,INEQ-UPPER-D015-H12-Pdis01
20260811_121452_stage_B_2C_4168a6e9,inequality,1559,1559,constraint,INEQ-LOWER-D015-H12-Pdis02
20260811_121452_stage_B_2C_4168a6e9,inequality,1560,1560,constraint,INEQ-UPPER-D015-H12-Pdis02
20260811_121452_stage_B_2C_4168a6e9,inequality,1561,1561,constraint,INEQ-LOWER-D015-H12-SOC01
20260811_121452_stage_B_2C_4168a6e9,inequality,1562,1562,constraint,INEQ-UPPER-D015-H12-SOC01
20260811_121452_stage_B_2C_4168a6e9,inequality,1563,1563,constraint,INEQ-LOWER-D015-H12-SOC02
20260811_121452_stage_B_2C_4168a6e9,inequality,1564,1564,constraint,INEQ-UPPER-D015-H12-SOC02
20260811_121452_stage_B_2C_4168a6e9,inequality,1565,1565,constraint,INEQ-LOWER-D015-H13-PW01
20260811_121452_stage_B_2C_4168a6e9,inequality,1566,1566,constraint,INEQ-UPPER-D015-H13-PW01
20260811_121452_stage_B_2C_4168a6e9,inequality,1567,1567,constraint,INEQ-LOWER-D015-H13-PW02
20260811_121452_stage_B_2C_4168a6e9,inequality,1568,1568,constraint,INEQ-UPPER-D015-H13-PW02
20260811_121452_stage_B_2C_4168a6e9,inequality,1569,1569,constraint,INEQ-LOWER-D015-H13-PW03
20260811_121452_stage_B_2C_4168a6e9,inequality,1570,1570,constraint,INEQ-UPPER-D015-H13-PW03
20260811_121452_stage_B_2C_4168a6e9,inequality,1571,1571,constraint,INEQ-LOWER-D015-H13-PW04
20260811_121452_stage_B_2C_4168a6e9,inequality,1572,1572,constraint,INEQ-UPPER-D015-H13-PW04
20260811_121452_stage_B_2C_4168a6e9,inequality,1573,1573,constraint,INEQ-LOWER-D015-H13-PW05
20260811_121452_stage_B_2C_4168a6e9,inequality,1574,1574,constraint,INEQ-UPPER-D015-H13-PW05
20260811_121452_stage_B_2C_4168a6e9,inequality,1575,1575,constraint,INEQ-LOWER-D015-H13-PP01
20260811_121452_stage_B_2C_4168a6e9,inequality,1576,1576,constraint,INEQ-UPPER-D015-H13-PP01
20260811_121452_stage_B_2C_4168a6e9,inequality,1577,1577,constraint,INEQ-LOWER-D015-H13-PP02
20260811_121452_stage_B_2C_4168a6e9,inequality,1578,1578,constraint,INEQ-UPPER-D015-H13-PP02
20260811_121452_stage_B_2C_4168a6e9,inequality,1579,1579,constraint,INEQ-LOWER-D015-H13-PP03
20260811_121452_stage_B_2C_4168a6e9,inequality,1580,1580,constraint,INEQ-UPPER-D015-H13-PP03
20260811_121452_stage_B_2C_4168a6e9,inequality,1581,1581,constraint,INEQ-LOWER-D015-H13-PP04
20260811_121452_stage_B_2C_4168a6e9,inequality,1582,1582,constraint,INEQ-UPPER-D015-H13-PP04
20260811_121452_stage_B_2C_4168a6e9,inequality,1583,1583,constraint,INEQ-LOWER-D015-H13-PP05
20260811_121452_stage_B_2C_4168a6e9,inequality,1584,1584,constraint,INEQ-UPPER-D015-H13-PP05
20260811_121452_stage_B_2C_4168a6e9,inequality,1585,1585,constraint,INEQ-LOWER-D015-H13-PH01
20260811_121452_stage_B_2C_4168a6e9,inequality,1586,1586,constraint,INEQ-UPPER-D015-H13-PH01
20260811_121452_stage_B_2C_4168a6e9,inequality,1587,1587,constraint,INEQ-LOWER-D015-H13-PH02
20260811_121452_stage_B_2C_4168a6e9,inequality,1588,1588,constraint,INEQ-UPPER-D015-H13-PH02
20260811_121452_stage_B_2C_4168a6e9,inequality,1589,1589,constraint,INEQ-LOWER-D015-H13-PH03
20260811_121452_stage_B_2C_4168a6e9,inequality,1590,1590,constraint,INEQ-UPPER-D015-H13-PH03
20260811_121452_stage_B_2C_4168a6e9,inequality,1591,1591,constraint,INEQ-LOWER-D015-H13-PH04
20260811_121452_stage_B_2C_4168a6e9,inequality,1592,1592,constraint,INEQ-UPPER-D015-H13-PH04
20260811_121452_stage_B_2C_4168a6e9,inequality,1593,1593,constraint,INEQ-LOWER-D015-H13-PF01
20260811_121452_stage_B_2C_4168a6e9,inequality,1594,1594,constraint,INEQ-UPPER-D015-H13-PF01
20260811_121452_stage_B_2C_4168a6e9,inequality,1595,1595,constraint,INEQ-LOWER-D015-H13-PF02
20260811_121452_stage_B_2C_4168a6e9,inequality,1596,1596,constraint,INEQ-UPPER-D015-H13-PF02
20260811_121452_stage_B_2C_4168a6e9,inequality,1597,1597,constraint,INEQ-LOWER-D015-H13-PF03
20260811_121452_stage_B_2C_4168a6e9,inequality,1598,1598,constraint,INEQ-UPPER-D015-H13-PF03
20260811_121452_stage_B_2C_4168a6e9,inequality,1599,1599,constraint,INEQ-LOWER-D015-H13-PF04
20260811_121452_stage_B_2C_4168a6e9,inequality,1600,1600,constraint,INEQ-UPPER-D015-H13-PF04
20260811_121452_stage_B_2C_4168a6e9,inequality,1601,1601,constraint,INEQ-LOWER-D015-H13-Pch01
20260811_121452_stage_B_2C_4168a6e9,inequality,1602,1602,constraint,INEQ-UPPER-D015-H13-Pch01
20260811_121452_stage_B_2C_4168a6e9,inequality,1603,1603,constraint,INEQ-LOWER-D015-H13-Pch02
20260811_121452_stage_B_2C_4168a6e9,inequality,1604,1604,constraint,INEQ-UPPER-D015-H13-Pch02
20260811_121452_stage_B_2C_4168a6e9,inequality,1605,1605,constraint,INEQ-LOWER-D015-H13-Pdis01
20260811_121452_stage_B_2C_4168a6e9,inequality,1606,1606,constraint,INEQ-UPPER-D015-H13-Pdis01
20260811_121452_stage_B_2C_4168a6e9,inequality,1607,1607,constraint,INEQ-LOWER-D015-H13-Pdis02
20260811_121452_stage_B_2C_4168a6e9,inequality,1608,1608,constraint,INEQ-UPPER-D015-H13-Pdis02
20260811_121452_stage_B_2C_4168a6e9,inequality,1609,1609,constraint,INEQ-LOWER-D015-H13-SOC01
20260811_121452_stage_B_2C_4168a6e9,inequality,1610,1610,constraint,INEQ-UPPER-D015-H13-SOC01
20260811_121452_stage_B_2C_4168a6e9,inequality,1611,1611,constraint,INEQ-LOWER-D015-H13-SOC02
20260811_121452_stage_B_2C_4168a6e9,inequality,1612,1612,constraint,INEQ-UPPER-D015-H13-SOC02
20260811_121452_stage_B_2C_4168a6e9,inequality,1613,1613,constraint,INEQ-LOWER-D015-H14-PW01
20260811_121452_stage_B_2C_4168a6e9,inequality,1614,1614,constraint,INEQ-UPPER-D015-H14-PW01
20260811_121452_stage_B_2C_4168a6e9,inequality,1615,1615,constraint,INEQ-LOWER-D015-H14-PW02
20260811_121452_stage_B_2C_4168a6e9,inequality,1616,1616,constraint,INEQ-UPPER-D015-H14-PW02
20260811_121452_stage_B_2C_4168a6e9,inequality,1617,1617,constraint,INEQ-LOWER-D015-H14-PW03
20260811_121452_stage_B_2C_4168a6e9,inequality,1618,1618,constraint,INEQ-UPPER-D015-H14-PW03
20260811_121452_stage_B_2C_4168a6e9,inequality,1619,1619,constraint,INEQ-LOWER-D015-H14-PW04
20260811_121452_stage_B_2C_4168a6e9,inequality,1620,1620,constraint,INEQ-UPPER-D015-H14-PW04
20260811_121452_stage_B_2C_4168a6e9,inequality,1621,1621,constraint,INEQ-LOWER-D015-H14-PW05
20260811_121452_stage_B_2C_4168a6e9,inequality,1622,1622,constraint,INEQ-UPPER-D015-H14-PW05
20260811_121452_stage_B_2C_4168a6e9,inequality,1623,1623,constraint,INEQ-LOWER-D015-H14-PP01
20260811_121452_stage_B_2C_4168a6e9,inequality,1624,1624,constraint,INEQ-UPPER-D015-H14-PP01
20260811_121452_stage_B_2C_4168a6e9,inequality,1625,1625,constraint,INEQ-LOWER-D015-H14-PP02
20260811_121452_stage_B_2C_4168a6e9,inequality,1626,1626,constraint,INEQ-UPPER-D015-H14-PP02
20260811_121452_stage_B_2C_4168a6e9,inequality,1627,1627,constraint,INEQ-LOWER-D015-H14-PP03
20260811_121452_stage_B_2C_4168a6e9,inequality,1628,1628,constraint,INEQ-UPPER-D015-H14-PP03
20260811_121452_stage_B_2C_4168a6e9,inequality,1629,1629,constraint,INEQ-LOWER-D015-H14-PP04
20260811_121452_stage_B_2C_4168a6e9,inequality,1630,1630,constraint,INEQ-UPPER-D015-H14-PP04
20260811_121452_stage_B_2C_4168a6e9,inequality,1631,1631,constraint,INEQ-LOWER-D015-H14-PP05
20260811_121452_stage_B_2C_4168a6e9,inequality,1632,1632,constraint,INEQ-UPPER-D015-H14-PP05
20260811_121452_stage_B_2C_4168a6e9,inequality,1633,1633,constraint,INEQ-LOWER-D015-H14-PH01
20260811_121452_stage_B_2C_4168a6e9,inequality,1634,1634,constraint,INEQ-UPPER-D015-H14-PH01
20260811_121452_stage_B_2C_4168a6e9,inequality,1635,1635,constraint,INEQ-LOWER-D015-H14-PH02
20260811_121452_stage_B_2C_4168a6e9,inequality,1636,1636,constraint,INEQ-UPPER-D015-H14-PH02
20260811_121452_stage_B_2C_4168a6e9,inequality,1637,1637,constraint,INEQ-LOWER-D015-H14-PH03
20260811_121452_stage_B_2C_4168a6e9,inequality,1638,1638,constraint,INEQ-UPPER-D015-H14-PH03
20260811_121452_stage_B_2C_4168a6e9,inequality,1639,1639,constraint,INEQ-LOWER-D015-H14-PH04
20260811_121452_stage_B_2C_4168a6e9,inequality,1640,1640,constraint,INEQ-UPPER-D015-H14-PH04
20260811_121452_stage_B_2C_4168a6e9,inequality,1641,1641,constraint,INEQ-LOWER-D015-H14-PF01
20260811_121452_stage_B_2C_4168a6e9,inequality,1642,1642,constraint,INEQ-UPPER-D015-H14-PF01
20260811_121452_stage_B_2C_4168a6e9,inequality,1643,1643,constraint,INEQ-LOWER-D015-H14-PF02
20260811_121452_stage_B_2C_4168a6e9,inequality,1644,1644,constraint,INEQ-UPPER-D015-H14-PF02
20260811_121452_stage_B_2C_4168a6e9,inequality,1645,1645,constraint,INEQ-LOWER-D015-H14-PF03
20260811_121452_stage_B_2C_4168a6e9,inequality,1646,1646,constraint,INEQ-UPPER-D015-H14-PF03
20260811_121452_stage_B_2C_4168a6e9,inequality,1647,1647,constraint,INEQ-LOWER-D015-H14-PF04
20260811_121452_stage_B_2C_4168a6e9,inequality,1648,1648,constraint,INEQ-UPPER-D015-H14-PF04
20260811_121452_stage_B_2C_4168a6e9,inequality,1649,1649,constraint,INEQ-LOWER-D015-H14-Pch01
20260811_121452_stage_B_2C_4168a6e9,inequality,1650,1650,constraint,INEQ-UPPER-D015-H14-Pch01
20260811_121452_stage_B_2C_4168a6e9,inequality,1651,1651,constraint,INEQ-LOWER-D015-H14-Pch02
20260811_121452_stage_B_2C_4168a6e9,inequality,1652,1652,constraint,INEQ-UPPER-D015-H14-Pch02
20260811_121452_stage_B_2C_4168a6e9,inequality,1653,1653,constraint,INEQ-LOWER-D015-H14-Pdis01
20260811_121452_stage_B_2C_4168a6e9,inequality,1654,1654,constraint,INEQ-UPPER-D015-H14-Pdis01
20260811_121452_stage_B_2C_4168a6e9,inequality,1655,1655,constraint,INEQ-LOWER-D015-H14-Pdis02
20260811_121452_stage_B_2C_4168a6e9,inequality,1656,1656,constraint,INEQ-UPPER-D015-H14-Pdis02
20260811_121452_stage_B_2C_4168a6e9,inequality,1657,1657,constraint,INEQ-LOWER-D015-H14-SOC01
20260811_121452_stage_B_2C_4168a6e9,inequality,1658,1658,constraint,INEQ-UPPER-D015-H14-SOC01
20260811_121452_stage_B_2C_4168a6e9,inequality,1659,1659,constraint,INEQ-LOWER-D015-H14-SOC02
20260811_121452_stage_B_2C_4168a6e9,inequality,1660,1660,constraint,INEQ-UPPER-D015-H14-SOC02
20260811_121452_stage_B_2C_4168a6e9,inequality,1661,1661,constraint,INEQ-LOWER-D015-H15-PW01
20260811_121452_stage_B_2C_4168a6e9,inequality,1662,1662,constraint,INEQ-UPPER-D015-H15-PW01
20260811_121452_stage_B_2C_4168a6e9,inequality,1663,1663,constraint,INEQ-LOWER-D015-H15-PW02
20260811_121452_stage_B_2C_4168a6e9,inequality,1664,1664,constraint,INEQ-UPPER-D015-H15-PW02
20260811_121452_stage_B_2C_4168a6e9,inequality,1665,1665,constraint,INEQ-LOWER-D015-H15-PW03
20260811_121452_stage_B_2C_4168a6e9,inequality,1666,1666,constraint,INEQ-UPPER-D015-H15-PW03
20260811_121452_stage_B_2C_4168a6e9,inequality,1667,1667,constraint,INEQ-LOWER-D015-H15-PW04
20260811_121452_stage_B_2C_4168a6e9,inequality,1668,1668,constraint,INEQ-UPPER-D015-H15-PW04
20260811_121452_stage_B_2C_4168a6e9,inequality,1669,1669,constraint,INEQ-LOWER-D015-H15-PW05
20260811_121452_stage_B_2C_4168a6e9,inequality,1670,1670,constraint,INEQ-UPPER-D015-H15-PW05
20260811_121452_stage_B_2C_4168a6e9,inequality,1671,1671,constraint,INEQ-LOWER-D015-H15-PP01
20260811_121452_stage_B_2C_4168a6e9,inequality,1672,1672,constraint,INEQ-UPPER-D015-H15-PP01
20260811_121452_stage_B_2C_4168a6e9,inequality,1673,1673,constraint,INEQ-LOWER-D015-H15-PP02
20260811_121452_stage_B_2C_4168a6e9,inequality,1674,1674,constraint,INEQ-UPPER-D015-H15-PP02
20260811_121452_stage_B_2C_4168a6e9,inequality,1675,1675,constraint,INEQ-LOWER-D015-H15-PP03
20260811_121452_stage_B_2C_4168a6e9,inequality,1676,1676,constraint,INEQ-UPPER-D015-H15-PP03
20260811_121452_stage_B_2C_4168a6e9,inequality,1677,1677,constraint,INEQ-LOWER-D015-H15-PP04
20260811_121452_stage_B_2C_4168a6e9,inequality,1678,1678,constraint,INEQ-UPPER-D015-H15-PP04
20260811_121452_stage_B_2C_4168a6e9,inequality,1679,1679,constraint,INEQ-LOWER-D015-H15-PP05
20260811_121452_stage_B_2C_4168a6e9,inequality,1680,1680,constraint,INEQ-UPPER-D015-H15-PP05
20260811_121452_stage_B_2C_4168a6e9,inequality,1681,1681,constraint,INEQ-LOWER-D015-H15-PH01
20260811_121452_stage_B_2C_4168a6e9,inequality,1682,1682,constraint,INEQ-UPPER-D015-H15-PH01
20260811_121452_stage_B_2C_4168a6e9,inequality,1683,1683,constraint,INEQ-LOWER-D015-H15-PH02
20260811_121452_stage_B_2C_4168a6e9,inequality,1684,1684,constraint,INEQ-UPPER-D015-H15-PH02
20260811_121452_stage_B_2C_4168a6e9,inequality,1685,1685,constraint,INEQ-LOWER-D015-H15-PH03
20260811_121452_stage_B_2C_4168a6e9,inequality,1686,1686,constraint,INEQ-UPPER-D015-H15-PH03
20260811_121452_stage_B_2C_4168a6e9,inequality,1687,1687,constraint,INEQ-LOWER-D015-H15-PH04
20260811_121452_stage_B_2C_4168a6e9,inequality,1688,1688,constraint,INEQ-UPPER-D015-H15-PH04
20260811_121452_stage_B_2C_4168a6e9,inequality,1689,1689,constraint,INEQ-LOWER-D015-H15-PF01
20260811_121452_stage_B_2C_4168a6e9,inequality,1690,1690,constraint,INEQ-UPPER-D015-H15-PF01
20260811_121452_stage_B_2C_4168a6e9,inequality,1691,1691,constraint,INEQ-LOWER-D015-H15-PF02
20260811_121452_stage_B_2C_4168a6e9,inequality,1692,1692,constraint,INEQ-UPPER-D015-H15-PF02
20260811_121452_stage_B_2C_4168a6e9,inequality,1693,1693,constraint,INEQ-LOWER-D015-H15-PF03
20260811_121452_stage_B_2C_4168a6e9,inequality,1694,1694,constraint,INEQ-UPPER-D015-H15-PF03
20260811_121452_stage_B_2C_4168a6e9,inequality,1695,1695,constraint,INEQ-LOWER-D015-H15-PF04
20260811_121452_stage_B_2C_4168a6e9,inequality,1696,1696,constraint,INEQ-UPPER-D015-H15-PF04
20260811_121452_stage_B_2C_4168a6e9,inequality,1697,1697,constraint,INEQ-LOWER-D015-H15-Pch01
20260811_121452_stage_B_2C_4168a6e9,inequality,1698,1698,constraint,INEQ-UPPER-D015-H15-Pch01
20260811_121452_stage_B_2C_4168a6e9,inequality,1699,1699,constraint,INEQ-LOWER-D015-H15-Pch02
20260811_121452_stage_B_2C_4168a6e9,inequality,1700,1700,constraint,INEQ-UPPER-D015-H15-Pch02
20260811_121452_stage_B_2C_4168a6e9,inequality,1701,1701,constraint,INEQ-LOWER-D015-H15-Pdis01
20260811_121452_stage_B_2C_4168a6e9,inequality,1702,1702,constraint,INEQ-UPPER-D015-H15-Pdis01
20260811_121452_stage_B_2C_4168a6e9,inequality,1703,1703,constraint,INEQ-LOWER-D015-H15-Pdis02
20260811_121452_stage_B_2C_4168a6e9,inequality,1704,1704,constraint,INEQ-UPPER-D015-H15-Pdis02
20260811_121452_stage_B_2C_4168a6e9,inequality,1705,1705,constraint,INEQ-LOWER-D015-H15-SOC01
20260811_121452_stage_B_2C_4168a6e9,inequality,1706,1706,constraint,INEQ-UPPER-D015-H15-SOC01
20260811_121452_stage_B_2C_4168a6e9,inequality,1707,1707,constraint,INEQ-LOWER-D015-H15-SOC02
20260811_121452_stage_B_2C_4168a6e9,inequality,1708,1708,constraint,INEQ-UPPER-D015-H15-SOC02
20260811_121452_stage_B_2C_4168a6e9,inequality,1709,1709,constraint,INEQ-LOWER-D015-H16-PW01
20260811_121452_stage_B_2C_4168a6e9,inequality,1710,1710,constraint,INEQ-UPPER-D015-H16-PW01
20260811_121452_stage_B_2C_4168a6e9,inequality,1711,1711,constraint,INEQ-LOWER-D015-H16-PW02
20260811_121452_stage_B_2C_4168a6e9,inequality,1712,1712,constraint,INEQ-UPPER-D015-H16-PW02
20260811_121452_stage_B_2C_4168a6e9,inequality,1713,1713,constraint,INEQ-LOWER-D015-H16-PW03
20260811_121452_stage_B_2C_4168a6e9,inequality,1714,1714,constraint,INEQ-UPPER-D015-H16-PW03
20260811_121452_stage_B_2C_4168a6e9,inequality,1715,1715,constraint,INEQ-LOWER-D015-H16-PW04
20260811_121452_stage_B_2C_4168a6e9,inequality,1716,1716,constraint,INEQ-UPPER-D015-H16-PW04
20260811_121452_stage_B_2C_4168a6e9,inequality,1717,1717,constraint,INEQ-LOWER-D015-H16-PW05
20260811_121452_stage_B_2C_4168a6e9,inequality,1718,1718,constraint,INEQ-UPPER-D015-H16-PW05
20260811_121452_stage_B_2C_4168a6e9,inequality,1719,1719,constraint,INEQ-LOWER-D015-H16-PP01
20260811_121452_stage_B_2C_4168a6e9,inequality,1720,1720,constraint,INEQ-UPPER-D015-H16-PP01
20260811_121452_stage_B_2C_4168a6e9,inequality,1721,1721,constraint,INEQ-LOWER-D015-H16-PP02
20260811_121452_stage_B_2C_4168a6e9,inequality,1722,1722,constraint,INEQ-UPPER-D015-H16-PP02
20260811_121452_stage_B_2C_4168a6e9,inequality,1723,1723,constraint,INEQ-LOWER-D015-H16-PP03
20260811_121452_stage_B_2C_4168a6e9,inequality,1724,1724,constraint,INEQ-UPPER-D015-H16-PP03
20260811_121452_stage_B_2C_4168a6e9,inequality,1725,1725,constraint,INEQ-LOWER-D015-H16-PP04
20260811_121452_stage_B_2C_4168a6e9,inequality,1726,1726,constraint,INEQ-UPPER-D015-H16-PP04
20260811_121452_stage_B_2C_4168a6e9,inequality,1727,1727,constraint,INEQ-LOWER-D015-H16-PP05
20260811_121452_stage_B_2C_4168a6e9,inequality,1728,1728,constraint,INEQ-UPPER-D015-H16-PP05
20260811_121452_stage_B_2C_4168a6e9,inequality,1729,1729,constraint,INEQ-LOWER-D015-H16-PH01
20260811_121452_stage_B_2C_4168a6e9,inequality,1730,1730,constraint,INEQ-UPPER-D015-H16-PH01
20260811_121452_stage_B_2C_4168a6e9,inequality,1731,1731,constraint,INEQ-LOWER-D015-H16-PH02
20260811_121452_stage_B_2C_4168a6e9,inequality,1732,1732,constraint,INEQ-UPPER-D015-H16-PH02
20260811_121452_stage_B_2C_4168a6e9,inequality,1733,1733,constraint,INEQ-LOWER-D015-H16-PH03
20260811_121452_stage_B_2C_4168a6e9,inequality,1734,1734,constraint,INEQ-UPPER-D015-H16-PH03
20260811_121452_stage_B_2C_4168a6e9,inequality,1735,1735,constraint,INEQ-LOWER-D015-H16-PH04
20260811_121452_stage_B_2C_4168a6e9,inequality,1736,1736,constraint,INEQ-UPPER-D015-H16-PH04
20260811_121452_stage_B_2C_4168a6e9,inequality,1737,1737,constraint,INEQ-LOWER-D015-H16-PF01
20260811_121452_stage_B_2C_4168a6e9,inequality,1738,1738,constraint,INEQ-UPPER-D015-H16-PF01
20260811_121452_stage_B_2C_4168a6e9,inequality,1739,1739,constraint,INEQ-LOWER-D015-H16-PF02
20260811_121452_stage_B_2C_4168a6e9,inequality,1740,1740,constraint,INEQ-UPPER-D015-H16-PF02
20260811_121452_stage_B_2C_4168a6e9,inequality,1741,1741,constraint,INEQ-LOWER-D015-H16-PF03
20260811_121452_stage_B_2C_4168a6e9,inequality,1742,1742,constraint,INEQ-UPPER-D015-H16-PF03
20260811_121452_stage_B_2C_4168a6e9,inequality,1743,1743,constraint,INEQ-LOWER-D015-H16-PF04
20260811_121452_stage_B_2C_4168a6e9,inequality,1744,1744,constraint,INEQ-UPPER-D015-H16-PF04
20260811_121452_stage_B_2C_4168a6e9,inequality,1745,1745,constraint,INEQ-LOWER-D015-H16-Pch01
20260811_121452_stage_B_2C_4168a6e9,inequality,1746,1746,constraint,INEQ-UPPER-D015-H16-Pch01
20260811_121452_stage_B_2C_4168a6e9,inequality,1747,1747,constraint,INEQ-LOWER-D015-H16-Pch02
20260811_121452_stage_B_2C_4168a6e9,inequality,1748,1748,constraint,INEQ-UPPER-D015-H16-Pch02
20260811_121452_stage_B_2C_4168a6e9,inequality,1749,1749,constraint,INEQ-LOWER-D015-H16-Pdis01
20260811_121452_stage_B_2C_4168a6e9,inequality,1750,1750,constraint,INEQ-UPPER-D015-H16-Pdis01
20260811_121452_stage_B_2C_4168a6e9,inequality,1751,1751,constraint,INEQ-LOWER-D015-H16-Pdis02
20260811_121452_stage_B_2C_4168a6e9,inequality,1752,1752,constraint,INEQ-UPPER-D015-H16-Pdis02
20260811_121452_stage_B_2C_4168a6e9,inequality,1753,1753,constraint,INEQ-LOWER-D015-H16-SOC01
20260811_121452_stage_B_2C_4168a6e9,inequality,1754,1754,constraint,INEQ-UPPER-D015-H16-SOC01
20260811_121452_stage_B_2C_4168a6e9,inequality,1755,1755,constraint,INEQ-LOWER-D015-H16-SOC02
20260811_121452_stage_B_2C_4168a6e9,inequality,1756,1756,constraint,INEQ-UPPER-D015-H16-SOC02
20260811_121452_stage_B_2C_4168a6e9,inequality,1757,1757,constraint,INEQ-LOWER-D015-H17-PW01
20260811_121452_stage_B_2C_4168a6e9,inequality,1758,1758,constraint,INEQ-UPPER-D015-H17-PW01
20260811_121452_stage_B_2C_4168a6e9,inequality,1759,1759,constraint,INEQ-LOWER-D015-H17-PW02
20260811_121452_stage_B_2C_4168a6e9,inequality,1760,1760,constraint,INEQ-UPPER-D015-H17-PW02
20260811_121452_stage_B_2C_4168a6e9,inequality,1761,1761,constraint,INEQ-LOWER-D015-H17-PW03
20260811_121452_stage_B_2C_4168a6e9,inequality,1762,1762,constraint,INEQ-UPPER-D015-H17-PW03
20260811_121452_stage_B_2C_4168a6e9,inequality,1763,1763,constraint,INEQ-LOWER-D015-H17-PW04
20260811_121452_stage_B_2C_4168a6e9,inequality,1764,1764,constraint,INEQ-UPPER-D015-H17-PW04
20260811_121452_stage_B_2C_4168a6e9,inequality,1765,1765,constraint,INEQ-LOWER-D015-H17-PW05
20260811_121452_stage_B_2C_4168a6e9,inequality,1766,1766,constraint,INEQ-UPPER-D015-H17-PW05
20260811_121452_stage_B_2C_4168a6e9,inequality,1767,1767,constraint,INEQ-LOWER-D015-H17-PP01
20260811_121452_stage_B_2C_4168a6e9,inequality,1768,1768,constraint,INEQ-UPPER-D015-H17-PP01
20260811_121452_stage_B_2C_4168a6e9,inequality,1769,1769,constraint,INEQ-LOWER-D015-H17-PP02
20260811_121452_stage_B_2C_4168a6e9,inequality,1770,1770,constraint,INEQ-UPPER-D015-H17-PP02
20260811_121452_stage_B_2C_4168a6e9,inequality,1771,1771,constraint,INEQ-LOWER-D015-H17-PP03
20260811_121452_stage_B_2C_4168a6e9,inequality,1772,1772,constraint,INEQ-UPPER-D015-H17-PP03
20260811_121452_stage_B_2C_4168a6e9,inequality,1773,1773,constraint,INEQ-LOWER-D015-H17-PP04
20260811_121452_stage_B_2C_4168a6e9,inequality,1774,1774,constraint,INEQ-UPPER-D015-H17-PP04
20260811_121452_stage_B_2C_4168a6e9,inequality,1775,1775,constraint,INEQ-LOWER-D015-H17-PP05
20260811_121452_stage_B_2C_4168a6e9,inequality,1776,1776,constraint,INEQ-UPPER-D015-H17-PP05
20260811_121452_stage_B_2C_4168a6e9,inequality,1777,1777,constraint,INEQ-LOWER-D015-H17-PH01
20260811_121452_stage_B_2C_4168a6e9,inequality,1778,1778,constraint,INEQ-UPPER-D015-H17-PH01
20260811_121452_stage_B_2C_4168a6e9,inequality,1779,1779,constraint,INEQ-LOWER-D015-H17-PH02
20260811_121452_stage_B_2C_4168a6e9,inequality,1780,1780,constraint,INEQ-UPPER-D015-H17-PH02
20260811_121452_stage_B_2C_4168a6e9,inequality,1781,1781,constraint,INEQ-LOWER-D015-H17-PH03
20260811_121452_stage_B_2C_4168a6e9,inequality,1782,1782,constraint,INEQ-UPPER-D015-H17-PH03
20260811_121452_stage_B_2C_4168a6e9,inequality,1783,1783,constraint,INEQ-LOWER-D015-H17-PH04
20260811_121452_stage_B_2C_4168a6e9,inequality,1784,1784,constraint,INEQ-UPPER-D015-H17-PH04
20260811_121452_stage_B_2C_4168a6e9,inequality,1785,1785,constraint,INEQ-LOWER-D015-H17-PF01
20260811_121452_stage_B_2C_4168a6e9,inequality,1786,1786,constraint,INEQ-UPPER-D015-H17-PF01
20260811_121452_stage_B_2C_4168a6e9,inequality,1787,1787,constraint,INEQ-LOWER-D015-H17-PF02
20260811_121452_stage_B_2C_4168a6e9,inequality,1788,1788,constraint,INEQ-UPPER-D015-H17-PF02
20260811_121452_stage_B_2C_4168a6e9,inequality,1789,1789,constraint,INEQ-LOWER-D015-H17-PF03
20260811_121452_stage_B_2C_4168a6e9,inequality,1790,1790,constraint,INEQ-UPPER-D015-H17-PF03
20260811_121452_stage_B_2C_4168a6e9,inequality,1791,1791,constraint,INEQ-LOWER-D015-H17-PF04
20260811_121452_stage_B_2C_4168a6e9,inequality,1792,1792,constraint,INEQ-UPPER-D015-H17-PF04
20260811_121452_stage_B_2C_4168a6e9,inequality,1793,1793,constraint,INEQ-LOWER-D015-H17-Pch01
20260811_121452_stage_B_2C_4168a6e9,inequality,1794,1794,constraint,INEQ-UPPER-D015-H17-Pch01
20260811_121452_stage_B_2C_4168a6e9,inequality,1795,1795,constraint,INEQ-LOWER-D015-H17-Pch02
20260811_121452_stage_B_2C_4168a6e9,inequality,1796,1796,constraint,INEQ-UPPER-D015-H17-Pch02
20260811_121452_stage_B_2C_4168a6e9,inequality,1797,1797,constraint,INEQ-LOWER-D015-H17-Pdis01
20260811_121452_stage_B_2C_4168a6e9,inequality,1798,1798,constraint,INEQ-UPPER-D015-H17-Pdis01
20260811_121452_stage_B_2C_4168a6e9,inequality,1799,1799,constraint,INEQ-LOWER-D015-H17-Pdis02
20260811_121452_stage_B_2C_4168a6e9,inequality,1800,1800,constraint,INEQ-UPPER-D015-H17-Pdis02
20260811_121452_stage_B_2C_4168a6e9,inequality,1801,1801,constraint,INEQ-LOWER-D015-H17-SOC01
20260811_121452_stage_B_2C_4168a6e9,inequality,1802,1802,constraint,INEQ-UPPER-D015-H17-SOC01
20260811_121452_stage_B_2C_4168a6e9,inequality,1803,1803,constraint,INEQ-LOWER-D015-H17-SOC02
20260811_121452_stage_B_2C_4168a6e9,inequality,1804,1804,constraint,INEQ-UPPER-D015-H17-SOC02
20260811_121452_stage_B_2C_4168a6e9,inequality,1805,1805,constraint,INEQ-LOWER-D015-H18-PW01
20260811_121452_stage_B_2C_4168a6e9,inequality,1806,1806,constraint,INEQ-UPPER-D015-H18-PW01
20260811_121452_stage_B_2C_4168a6e9,inequality,1807,1807,constraint,INEQ-LOWER-D015-H18-PW02
20260811_121452_stage_B_2C_4168a6e9,inequality,1808,1808,constraint,INEQ-UPPER-D015-H18-PW02
20260811_121452_stage_B_2C_4168a6e9,inequality,1809,1809,constraint,INEQ-LOWER-D015-H18-PW03
20260811_121452_stage_B_2C_4168a6e9,inequality,1810,1810,constraint,INEQ-UPPER-D015-H18-PW03
20260811_121452_stage_B_2C_4168a6e9,inequality,1811,1811,constraint,INEQ-LOWER-D015-H18-PW04
20260811_121452_stage_B_2C_4168a6e9,inequality,1812,1812,constraint,INEQ-UPPER-D015-H18-PW04
20260811_121452_stage_B_2C_4168a6e9,inequality,1813,1813,constraint,INEQ-LOWER-D015-H18-PW05
20260811_121452_stage_B_2C_4168a6e9,inequality,1814,1814,constraint,INEQ-UPPER-D015-H18-PW05
20260811_121452_stage_B_2C_4168a6e9,inequality,1815,1815,constraint,INEQ-LOWER-D015-H18-PP01
20260811_121452_stage_B_2C_4168a6e9,inequality,1816,1816,constraint,INEQ-UPPER-D015-H18-PP01
20260811_121452_stage_B_2C_4168a6e9,inequality,1817,1817,constraint,INEQ-LOWER-D015-H18-PP02
20260811_121452_stage_B_2C_4168a6e9,inequality,1818,1818,constraint,INEQ-UPPER-D015-H18-PP02
20260811_121452_stage_B_2C_4168a6e9,inequality,1819,1819,constraint,INEQ-LOWER-D015-H18-PP03
20260811_121452_stage_B_2C_4168a6e9,inequality,1820,1820,constraint,INEQ-UPPER-D015-H18-PP03
20260811_121452_stage_B_2C_4168a6e9,inequality,1821,1821,constraint,INEQ-LOWER-D015-H18-PP04
20260811_121452_stage_B_2C_4168a6e9,inequality,1822,1822,constraint,INEQ-UPPER-D015-H18-PP04
20260811_121452_stage_B_2C_4168a6e9,inequality,1823,1823,constraint,INEQ-LOWER-D015-H18-PP05
20260811_121452_stage_B_2C_4168a6e9,inequality,1824,1824,constraint,INEQ-UPPER-D015-H18-PP05
20260811_121452_stage_B_2C_4168a6e9,inequality,1825,1825,constraint,INEQ-LOWER-D015-H18-PH01
20260811_121452_stage_B_2C_4168a6e9,inequality,1826,1826,constraint,INEQ-UPPER-D015-H18-PH01
20260811_121452_stage_B_2C_4168a6e9,inequality,1827,1827,constraint,INEQ-LOWER-D015-H18-PH02
20260811_121452_stage_B_2C_4168a6e9,inequality,1828,1828,constraint,INEQ-UPPER-D015-H18-PH02
20260811_121452_stage_B_2C_4168a6e9,inequality,1829,1829,constraint,INEQ-LOWER-D015-H18-PH03
20260811_121452_stage_B_2C_4168a6e9,inequality,1830,1830,constraint,INEQ-UPPER-D015-H18-PH03
20260811_121452_stage_B_2C_4168a6e9,inequality,1831,1831,constraint,INEQ-LOWER-D015-H18-PH04
20260811_121452_stage_B_2C_4168a6e9,inequality,1832,1832,constraint,INEQ-UPPER-D015-H18-PH04
20260811_121452_stage_B_2C_4168a6e9,inequality,1833,1833,constraint,INEQ-LOWER-D015-H18-PF01
20260811_121452_stage_B_2C_4168a6e9,inequality,1834,1834,constraint,INEQ-UPPER-D015-H18-PF01
20260811_121452_stage_B_2C_4168a6e9,inequality,1835,1835,constraint,INEQ-LOWER-D015-H18-PF02
20260811_121452_stage_B_2C_4168a6e9,inequality,1836,1836,constraint,INEQ-UPPER-D015-H18-PF02
20260811_121452_stage_B_2C_4168a6e9,inequality,1837,1837,constraint,INEQ-LOWER-D015-H18-PF03
20260811_121452_stage_B_2C_4168a6e9,inequality,1838,1838,constraint,INEQ-UPPER-D015-H18-PF03
20260811_121452_stage_B_2C_4168a6e9,inequality,1839,1839,constraint,INEQ-LOWER-D015-H18-PF04
20260811_121452_stage_B_2C_4168a6e9,inequality,1840,1840,constraint,INEQ-UPPER-D015-H18-PF04
20260811_121452_stage_B_2C_4168a6e9,inequality,1841,1841,constraint,INEQ-LOWER-D015-H18-Pch01
20260811_121452_stage_B_2C_4168a6e9,inequality,1842,1842,constraint,INEQ-UPPER-D015-H18-Pch01
20260811_121452_stage_B_2C_4168a6e9,inequality,1843,1843,constraint,INEQ-LOWER-D015-H18-Pch02
20260811_121452_stage_B_2C_4168a6e9,inequality,1844,1844,constraint,INEQ-UPPER-D015-H18-Pch02
20260811_121452_stage_B_2C_4168a6e9,inequality,1845,1845,constraint,INEQ-LOWER-D015-H18-Pdis01
20260811_121452_stage_B_2C_4168a6e9,inequality,1846,1846,constraint,INEQ-UPPER-D015-H18-Pdis01
20260811_121452_stage_B_2C_4168a6e9,inequality,1847,1847,constraint,INEQ-LOWER-D015-H18-Pdis02
20260811_121452_stage_B_2C_4168a6e9,inequality,1848,1848,constraint,INEQ-UPPER-D015-H18-Pdis02
20260811_121452_stage_B_2C_4168a6e9,inequality,1849,1849,constraint,INEQ-LOWER-D015-H18-SOC01
20260811_121452_stage_B_2C_4168a6e9,inequality,1850,1850,constraint,INEQ-UPPER-D015-H18-SOC01
20260811_121452_stage_B_2C_4168a6e9,inequality,1851,1851,constraint,INEQ-LOWER-D015-H18-SOC02
20260811_121452_stage_B_2C_4168a6e9,inequality,1852,1852,constraint,INEQ-UPPER-D015-H18-SOC02
20260811_121452_stage_B_2C_4168a6e9,inequality,1853,1853,constraint,INEQ-LOWER-D015-H19-PW01
20260811_121452_stage_B_2C_4168a6e9,inequality,1854,1854,constraint,INEQ-UPPER-D015-H19-PW01
20260811_121452_stage_B_2C_4168a6e9,inequality,1855,1855,constraint,INEQ-LOWER-D015-H19-PW02
20260811_121452_stage_B_2C_4168a6e9,inequality,1856,1856,constraint,INEQ-UPPER-D015-H19-PW02
20260811_121452_stage_B_2C_4168a6e9,inequality,1857,1857,constraint,INEQ-LOWER-D015-H19-PW03
20260811_121452_stage_B_2C_4168a6e9,inequality,1858,1858,constraint,INEQ-UPPER-D015-H19-PW03
20260811_121452_stage_B_2C_4168a6e9,inequality,1859,1859,constraint,INEQ-LOWER-D015-H19-PW04
20260811_121452_stage_B_2C_4168a6e9,inequality,1860,1860,constraint,INEQ-UPPER-D015-H19-PW04
20260811_121452_stage_B_2C_4168a6e9,inequality,1861,1861,constraint,INEQ-LOWER-D015-H19-PW05
20260811_121452_stage_B_2C_4168a6e9,inequality,1862,1862,constraint,INEQ-UPPER-D015-H19-PW05
20260811_121452_stage_B_2C_4168a6e9,inequality,1863,1863,constraint,INEQ-LOWER-D015-H19-PP01
20260811_121452_stage_B_2C_4168a6e9,inequality,1864,1864,constraint,INEQ-UPPER-D015-H19-PP01
20260811_121452_stage_B_2C_4168a6e9,inequality,1865,1865,constraint,INEQ-LOWER-D015-H19-PP02
20260811_121452_stage_B_2C_4168a6e9,inequality,1866,1866,constraint,INEQ-UPPER-D015-H19-PP02
20260811_121452_stage_B_2C_4168a6e9,inequality,1867,1867,constraint,INEQ-LOWER-D015-H19-PP03
20260811_121452_stage_B_2C_4168a6e9,inequality,1868,1868,constraint,INEQ-UPPER-D015-H19-PP03
20260811_121452_stage_B_2C_4168a6e9,inequality,1869,1869,constraint,INEQ-LOWER-D015-H19-PP04
20260811_121452_stage_B_2C_4168a6e9,inequality,1870,1870,constraint,INEQ-UPPER-D015-H19-PP04
20260811_121452_stage_B_2C_4168a6e9,inequality,1871,1871,constraint,INEQ-LOWER-D015-H19-PP05
20260811_121452_stage_B_2C_4168a6e9,inequality,1872,1872,constraint,INEQ-UPPER-D015-H19-PP05
20260811_121452_stage_B_2C_4168a6e9,inequality,1873,1873,constraint,INEQ-LOWER-D015-H19-PH01
20260811_121452_stage_B_2C_4168a6e9,inequality,1874,1874,constraint,INEQ-UPPER-D015-H19-PH01
20260811_121452_stage_B_2C_4168a6e9,inequality,1875,1875,constraint,INEQ-LOWER-D015-H19-PH02
20260811_121452_stage_B_2C_4168a6e9,inequality,1876,1876,constraint,INEQ-UPPER-D015-H19-PH02
20260811_121452_stage_B_2C_4168a6e9,inequality,1877,1877,constraint,INEQ-LOWER-D015-H19-PH03
20260811_121452_stage_B_2C_4168a6e9,inequality,1878,1878,constraint,INEQ-UPPER-D015-H19-PH03
20260811_121452_stage_B_2C_4168a6e9,inequality,1879,1879,constraint,INEQ-LOWER-D015-H19-PH04
20260811_121452_stage_B_2C_4168a6e9,inequality,1880,1880,constraint,INEQ-UPPER-D015-H19-PH04
20260811_121452_stage_B_2C_4168a6e9,inequality,1881,1881,constraint,INEQ-LOWER-D015-H19-PF01
20260811_121452_stage_B_2C_4168a6e9,inequality,1882,1882,constraint,INEQ-UPPER-D015-H19-PF01
20260811_121452_stage_B_2C_4168a6e9,inequality,1883,1883,constraint,INEQ-LOWER-D015-H19-PF02
20260811_121452_stage_B_2C_4168a6e9,inequality,1884,1884,constraint,INEQ-UPPER-D015-H19-PF02
20260811_121452_stage_B_2C_4168a6e9,inequality,1885,1885,constraint,INEQ-LOWER-D015-H19-PF03
20260811_121452_stage_B_2C_4168a6e9,inequality,1886,1886,constraint,INEQ-UPPER-D015-H19-PF03
20260811_121452_stage_B_2C_4168a6e9,inequality,1887,1887,constraint,INEQ-LOWER-D015-H19-PF04
20260811_121452_stage_B_2C_4168a6e9,inequality,1888,1888,constraint,INEQ-UPPER-D015-H19-PF04
20260811_121452_stage_B_2C_4168a6e9,inequality,1889,1889,constraint,INEQ-LOWER-D015-H19-Pch01
20260811_121452_stage_B_2C_4168a6e9,inequality,1890,1890,constraint,INEQ-UPPER-D015-H19-Pch01
20260811_121452_stage_B_2C_4168a6e9,inequality,1891,1891,constraint,INEQ-LOWER-D015-H19-Pch02
20260811_121452_stage_B_2C_4168a6e9,inequality,1892,1892,constraint,INEQ-UPPER-D015-H19-Pch02
20260811_121452_stage_B_2C_4168a6e9,inequality,1893,1893,constraint,INEQ-LOWER-D015-H19-Pdis01
20260811_121452_stage_B_2C_4168a6e9,inequality,1894,1894,constraint,INEQ-UPPER-D015-H19-Pdis01
20260811_121452_stage_B_2C_4168a6e9,inequality,1895,1895,constraint,INEQ-LOWER-D015-H19-Pdis02
20260811_121452_stage_B_2C_4168a6e9,inequality,1896,1896,constraint,INEQ-UPPER-D015-H19-Pdis02
20260811_121452_stage_B_2C_4168a6e9,inequality,1897,1897,constraint,INEQ-LOWER-D015-H19-SOC01
20260811_121452_stage_B_2C_4168a6e9,inequality,1898,1898,constraint,INEQ-UPPER-D015-H19-SOC01
20260811_121452_stage_B_2C_4168a6e9,inequality,1899,1899,constraint,INEQ-LOWER-D015-H19-SOC02
20260811_121452_stage_B_2C_4168a6e9,inequality,1900,1900,constraint,INEQ-UPPER-D015-H19-SOC02
20260811_121452_stage_B_2C_4168a6e9,inequality,1901,1901,constraint,INEQ-LOWER-D015-H20-PW01
20260811_121452_stage_B_2C_4168a6e9,inequality,1902,1902,constraint,INEQ-UPPER-D015-H20-PW01
20260811_121452_stage_B_2C_4168a6e9,inequality,1903,1903,constraint,INEQ-LOWER-D015-H20-PW02
20260811_121452_stage_B_2C_4168a6e9,inequality,1904,1904,constraint,INEQ-UPPER-D015-H20-PW02
20260811_121452_stage_B_2C_4168a6e9,inequality,1905,1905,constraint,INEQ-LOWER-D015-H20-PW03
20260811_121452_stage_B_2C_4168a6e9,inequality,1906,1906,constraint,INEQ-UPPER-D015-H20-PW03
20260811_121452_stage_B_2C_4168a6e9,inequality,1907,1907,constraint,INEQ-LOWER-D015-H20-PW04
20260811_121452_stage_B_2C_4168a6e9,inequality,1908,1908,constraint,INEQ-UPPER-D015-H20-PW04
20260811_121452_stage_B_2C_4168a6e9,inequality,1909,1909,constraint,INEQ-LOWER-D015-H20-PW05
20260811_121452_stage_B_2C_4168a6e9,inequality,1910,1910,constraint,INEQ-UPPER-D015-H20-PW05
20260811_121452_stage_B_2C_4168a6e9,inequality,1911,1911,constraint,INEQ-LOWER-D015-H20-PH01
20260811_121452_stage_B_2C_4168a6e9,inequality,1912,1912,constraint,INEQ-UPPER-D015-H20-PH01
20260811_121452_stage_B_2C_4168a6e9,inequality,1913,1913,constraint,INEQ-LOWER-D015-H20-PH02
20260811_121452_stage_B_2C_4168a6e9,inequality,1914,1914,constraint,INEQ-UPPER-D015-H20-PH02
20260811_121452_stage_B_2C_4168a6e9,inequality,1915,1915,constraint,INEQ-LOWER-D015-H20-PH03
20260811_121452_stage_B_2C_4168a6e9,inequality,1916,1916,constraint,INEQ-UPPER-D015-H20-PH03
20260811_121452_stage_B_2C_4168a6e9,inequality,1917,1917,constraint,INEQ-LOWER-D015-H20-PH04
20260811_121452_stage_B_2C_4168a6e9,inequality,1918,1918,constraint,INEQ-UPPER-D015-H20-PH04
20260811_121452_stage_B_2C_4168a6e9,inequality,1919,1919,constraint,INEQ-LOWER-D015-H20-PF01
20260811_121452_stage_B_2C_4168a6e9,inequality,1920,1920,constraint,INEQ-UPPER-D015-H20-PF01
20260811_121452_stage_B_2C_4168a6e9,inequality,1921,1921,constraint,INEQ-LOWER-D015-H20-PF02
20260811_121452_stage_B_2C_4168a6e9,inequality,1922,1922,constraint,INEQ-UPPER-D015-H20-PF02
20260811_121452_stage_B_2C_4168a6e9,inequality,1923,1923,constraint,INEQ-LOWER-D015-H20-PF03
20260811_121452_stage_B_2C_4168a6e9,inequality,1924,1924,constraint,INEQ-UPPER-D015-H20-PF03
20260811_121452_stage_B_2C_4168a6e9,inequality,1925,1925,constraint,INEQ-LOWER-D015-H20-PF04
20260811_121452_stage_B_2C_4168a6e9,inequality,1926,1926,constraint,INEQ-UPPER-D015-H20-PF04
20260811_121452_stage_B_2C_4168a6e9,inequality,1927,1927,constraint,INEQ-LOWER-D015-H20-Pch01
20260811_121452_stage_B_2C_4168a6e9,inequality,1928,1928,constraint,INEQ-UPPER-D015-H20-Pch01
20260811_121452_stage_B_2C_4168a6e9,inequality,1929,1929,constraint,INEQ-LOWER-D015-H20-Pch02
20260811_121452_stage_B_2C_4168a6e9,inequality,1930,1930,constraint,INEQ-UPPER-D015-H20-Pch02
20260811_121452_stage_B_2C_4168a6e9,inequality,1931,1931,constraint,INEQ-LOWER-D015-H20-Pdis01
20260811_121452_stage_B_2C_4168a6e9,inequality,1932,1932,constraint,INEQ-UPPER-D015-H20-Pdis01
20260811_121452_stage_B_2C_4168a6e9,inequality,1933,1933,constraint,INEQ-LOWER-D015-H20-Pdis02
20260811_121452_stage_B_2C_4168a6e9,inequality,1934,1934,constraint,INEQ-UPPER-D015-H20-Pdis02
20260811_121452_stage_B_2C_4168a6e9,inequality,1935,1935,constraint,INEQ-LOWER-D015-H20-SOC01
20260811_121452_stage_B_2C_4168a6e9,inequality,1936,1936,constraint,INEQ-UPPER-D015-H20-SOC01
20260811_121452_stage_B_2C_4168a6e9,inequality,1937,1937,constraint,INEQ-LOWER-D015-H20-SOC02
20260811_121452_stage_B_2C_4168a6e9,inequality,1938,1938,constraint,INEQ-UPPER-D015-H20-SOC02
20260811_121452_stage_B_2C_4168a6e9,inequality,1939,1939,constraint,INEQ-LOWER-D015-H21-PW01
20260811_121452_stage_B_2C_4168a6e9,inequality,1940,1940,constraint,INEQ-UPPER-D015-H21-PW01
20260811_121452_stage_B_2C_4168a6e9,inequality,1941,1941,constraint,INEQ-LOWER-D015-H21-PW02
20260811_121452_stage_B_2C_4168a6e9,inequality,1942,1942,constraint,INEQ-UPPER-D015-H21-PW02
20260811_121452_stage_B_2C_4168a6e9,inequality,1943,1943,constraint,INEQ-LOWER-D015-H21-PW03
20260811_121452_stage_B_2C_4168a6e9,inequality,1944,1944,constraint,INEQ-UPPER-D015-H21-PW03
20260811_121452_stage_B_2C_4168a6e9,inequality,1945,1945,constraint,INEQ-LOWER-D015-H21-PW04
20260811_121452_stage_B_2C_4168a6e9,inequality,1946,1946,constraint,INEQ-UPPER-D015-H21-PW04
20260811_121452_stage_B_2C_4168a6e9,inequality,1947,1947,constraint,INEQ-LOWER-D015-H21-PW05
20260811_121452_stage_B_2C_4168a6e9,inequality,1948,1948,constraint,INEQ-UPPER-D015-H21-PW05
20260811_121452_stage_B_2C_4168a6e9,inequality,1949,1949,constraint,INEQ-LOWER-D015-H21-PH01
20260811_121452_stage_B_2C_4168a6e9,inequality,1950,1950,constraint,INEQ-UPPER-D015-H21-PH01
20260811_121452_stage_B_2C_4168a6e9,inequality,1951,1951,constraint,INEQ-LOWER-D015-H21-PH02
20260811_121452_stage_B_2C_4168a6e9,inequality,1952,1952,constraint,INEQ-UPPER-D015-H21-PH02
20260811_121452_stage_B_2C_4168a6e9,inequality,1953,1953,constraint,INEQ-LOWER-D015-H21-PH03
20260811_121452_stage_B_2C_4168a6e9,inequality,1954,1954,constraint,INEQ-UPPER-D015-H21-PH03
20260811_121452_stage_B_2C_4168a6e9,inequality,1955,1955,constraint,INEQ-LOWER-D015-H21-PH04
20260811_121452_stage_B_2C_4168a6e9,inequality,1956,1956,constraint,INEQ-UPPER-D015-H21-PH04
20260811_121452_stage_B_2C_4168a6e9,inequality,1957,1957,constraint,INEQ-LOWER-D015-H21-PF01
20260811_121452_stage_B_2C_4168a6e9,inequality,1958,1958,constraint,INEQ-UPPER-D015-H21-PF01
20260811_121452_stage_B_2C_4168a6e9,inequality,1959,1959,constraint,INEQ-LOWER-D015-H21-PF02
20260811_121452_stage_B_2C_4168a6e9,inequality,1960,1960,constraint,INEQ-UPPER-D015-H21-PF02
20260811_121452_stage_B_2C_4168a6e9,inequality,1961,1961,constraint,INEQ-LOWER-D015-H21-PF03
20260811_121452_stage_B_2C_4168a6e9,inequality,1962,1962,constraint,INEQ-UPPER-D015-H21-PF03
20260811_121452_stage_B_2C_4168a6e9,inequality,1963,1963,constraint,INEQ-LOWER-D015-H21-PF04
20260811_121452_stage_B_2C_4168a6e9,inequality,1964,1964,constraint,INEQ-UPPER-D015-H21-PF04
20260811_121452_stage_B_2C_4168a6e9,inequality,1965,1965,constraint,INEQ-LOWER-D015-H21-Pch01
20260811_121452_stage_B_2C_4168a6e9,inequality,1966,1966,constraint,INEQ-UPPER-D015-H21-Pch01
20260811_121452_stage_B_2C_4168a6e9,inequality,1967,1967,constraint,INEQ-LOWER-D015-H21-Pch02
20260811_121452_stage_B_2C_4168a6e9,inequality,1968,1968,constraint,INEQ-UPPER-D015-H21-Pch02
20260811_121452_stage_B_2C_4168a6e9,inequality,1969,1969,constraint,INEQ-LOWER-D015-H21-Pdis01
20260811_121452_stage_B_2C_4168a6e9,inequality,1970,1970,constraint,INEQ-UPPER-D015-H21-Pdis01
20260811_121452_stage_B_2C_4168a6e9,inequality,1971,1971,constraint,INEQ-LOWER-D015-H21-Pdis02
20260811_121452_stage_B_2C_4168a6e9,inequality,1972,1972,constraint,INEQ-UPPER-D015-H21-Pdis02
20260811_121452_stage_B_2C_4168a6e9,inequality,1973,1973,constraint,INEQ-LOWER-D015-H21-SOC01
20260811_121452_stage_B_2C_4168a6e9,inequality,1974,1974,constraint,INEQ-UPPER-D015-H21-SOC01
20260811_121452_stage_B_2C_4168a6e9,inequality,1975,1975,constraint,INEQ-LOWER-D015-H21-SOC02
20260811_121452_stage_B_2C_4168a6e9,inequality,1976,1976,constraint,INEQ-UPPER-D015-H21-SOC02
20260811_121452_stage_B_2C_4168a6e9,inequality,1977,1977,constraint,INEQ-LOWER-D015-H22-PW01
20260811_121452_stage_B_2C_4168a6e9,inequality,1978,1978,constraint,INEQ-UPPER-D015-H22-PW01
20260811_121452_stage_B_2C_4168a6e9,inequality,1979,1979,constraint,INEQ-LOWER-D015-H22-PW02
20260811_121452_stage_B_2C_4168a6e9,inequality,1980,1980,constraint,INEQ-UPPER-D015-H22-PW02
20260811_121452_stage_B_2C_4168a6e9,inequality,1981,1981,constraint,INEQ-LOWER-D015-H22-PW03
20260811_121452_stage_B_2C_4168a6e9,inequality,1982,1982,constraint,INEQ-UPPER-D015-H22-PW03
20260811_121452_stage_B_2C_4168a6e9,inequality,1983,1983,constraint,INEQ-LOWER-D015-H22-PW04
20260811_121452_stage_B_2C_4168a6e9,inequality,1984,1984,constraint,INEQ-UPPER-D015-H22-PW04
20260811_121452_stage_B_2C_4168a6e9,inequality,1985,1985,constraint,INEQ-LOWER-D015-H22-PW05
20260811_121452_stage_B_2C_4168a6e9,inequality,1986,1986,constraint,INEQ-UPPER-D015-H22-PW05
20260811_121452_stage_B_2C_4168a6e9,inequality,1987,1987,constraint,INEQ-LOWER-D015-H22-PH01
20260811_121452_stage_B_2C_4168a6e9,inequality,1988,1988,constraint,INEQ-UPPER-D015-H22-PH01
20260811_121452_stage_B_2C_4168a6e9,inequality,1989,1989,constraint,INEQ-LOWER-D015-H22-PH02
20260811_121452_stage_B_2C_4168a6e9,inequality,1990,1990,constraint,INEQ-UPPER-D015-H22-PH02
20260811_121452_stage_B_2C_4168a6e9,inequality,1991,1991,constraint,INEQ-LOWER-D015-H22-PH03
20260811_121452_stage_B_2C_4168a6e9,inequality,1992,1992,constraint,INEQ-UPPER-D015-H22-PH03
20260811_121452_stage_B_2C_4168a6e9,inequality,1993,1993,constraint,INEQ-LOWER-D015-H22-PH04
20260811_121452_stage_B_2C_4168a6e9,inequality,1994,1994,constraint,INEQ-UPPER-D015-H22-PH04
20260811_121452_stage_B_2C_4168a6e9,inequality,1995,1995,constraint,INEQ-LOWER-D015-H22-PF01
20260811_121452_stage_B_2C_4168a6e9,inequality,1996,1996,constraint,INEQ-UPPER-D015-H22-PF01
20260811_121452_stage_B_2C_4168a6e9,inequality,1997,1997,constraint,INEQ-LOWER-D015-H22-PF02
20260811_121452_stage_B_2C_4168a6e9,inequality,1998,1998,constraint,INEQ-UPPER-D015-H22-PF02
20260811_121452_stage_B_2C_4168a6e9,inequality,1999,1999,constraint,INEQ-LOWER-D015-H22-PF03
20260811_121452_stage_B_2C_4168a6e9,inequality,2000,2000,constraint,INEQ-UPPER-D015-H22-PF03
20260811_121452_stage_B_2C_4168a6e9,inequality,2001,2001,constraint,INEQ-LOWER-D015-H22-PF04
20260811_121452_stage_B_2C_4168a6e9,inequality,2002,2002,constraint,INEQ-UPPER-D015-H22-PF04
20260811_121452_stage_B_2C_4168a6e9,inequality,2003,2003,constraint,INEQ-LOWER-D015-H22-Pch01
20260811_121452_stage_B_2C_4168a6e9,inequality,2004,2004,constraint,INEQ-UPPER-D015-H22-Pch01
20260811_121452_stage_B_2C_4168a6e9,inequality,2005,2005,constraint,INEQ-LOWER-D015-H22-Pch02
20260811_121452_stage_B_2C_4168a6e9,inequality,2006,2006,constraint,INEQ-UPPER-D015-H22-Pch02
20260811_121452_stage_B_2C_4168a6e9,inequality,2007,2007,constraint,INEQ-LOWER-D015-H22-Pdis01
20260811_121452_stage_B_2C_4168a6e9,inequality,2008,2008,constraint,INEQ-UPPER-D015-H22-Pdis01
20260811_121452_stage_B_2C_4168a6e9,inequality,2009,2009,constraint,INEQ-LOWER-D015-H22-Pdis02
20260811_121452_stage_B_2C_4168a6e9,inequality,2010,2010,constraint,INEQ-UPPER-D015-H22-Pdis02
20260811_121452_stage_B_2C_4168a6e9,inequality,2011,2011,constraint,INEQ-LOWER-D015-H22-SOC01
20260811_121452_stage_B_2C_4168a6e9,inequality,2012,2012,constraint,INEQ-UPPER-D015-H22-SOC01
20260811_121452_stage_B_2C_4168a6e9,inequality,2013,2013,constraint,INEQ-LOWER-D015-H22-SOC02
20260811_121452_stage_B_2C_4168a6e9,inequality,2014,2014,constraint,INEQ-UPPER-D015-H22-SOC02
20260811_121452_stage_B_2C_4168a6e9,inequality,2015,2015,constraint,INEQ-LOWER-D015-H23-PW01
20260811_121452_stage_B_2C_4168a6e9,inequality,2016,2016,constraint,INEQ-UPPER-D015-H23-PW01
20260811_121452_stage_B_2C_4168a6e9,inequality,2017,2017,constraint,INEQ-LOWER-D015-H23-PW02
20260811_121452_stage_B_2C_4168a6e9,inequality,2018,2018,constraint,INEQ-UPPER-D015-H23-PW02
20260811_121452_stage_B_2C_4168a6e9,inequality,2019,2019,constraint,INEQ-LOWER-D015-H23-PW03
20260811_121452_stage_B_2C_4168a6e9,inequality,2020,2020,constraint,INEQ-UPPER-D015-H23-PW03
20260811_121452_stage_B_2C_4168a6e9,inequality,2021,2021,constraint,INEQ-LOWER-D015-H23-PW04
20260811_121452_stage_B_2C_4168a6e9,inequality,2022,2022,constraint,INEQ-UPPER-D015-H23-PW04
20260811_121452_stage_B_2C_4168a6e9,inequality,2023,2023,constraint,INEQ-LOWER-D015-H23-PW05
20260811_121452_stage_B_2C_4168a6e9,inequality,2024,2024,constraint,INEQ-UPPER-D015-H23-PW05
20260811_121452_stage_B_2C_4168a6e9,inequality,2025,2025,constraint,INEQ-LOWER-D015-H23-PH01
20260811_121452_stage_B_2C_4168a6e9,inequality,2026,2026,constraint,INEQ-UPPER-D015-H23-PH01
20260811_121452_stage_B_2C_4168a6e9,inequality,2027,2027,constraint,INEQ-LOWER-D015-H23-PH02
20260811_121452_stage_B_2C_4168a6e9,inequality,2028,2028,constraint,INEQ-UPPER-D015-H23-PH02
20260811_121452_stage_B_2C_4168a6e9,inequality,2029,2029,constraint,INEQ-LOWER-D015-H23-PH03
20260811_121452_stage_B_2C_4168a6e9,inequality,2030,2030,constraint,INEQ-UPPER-D015-H23-PH03
20260811_121452_stage_B_2C_4168a6e9,inequality,2031,2031,constraint,INEQ-LOWER-D015-H23-PH04
20260811_121452_stage_B_2C_4168a6e9,inequality,2032,2032,constraint,INEQ-UPPER-D015-H23-PH04
20260811_121452_stage_B_2C_4168a6e9,inequality,2033,2033,constraint,INEQ-LOWER-D015-H23-PF01
20260811_121452_stage_B_2C_4168a6e9,inequality,2034,2034,constraint,INEQ-UPPER-D015-H23-PF01
20260811_121452_stage_B_2C_4168a6e9,inequality,2035,2035,constraint,INEQ-LOWER-D015-H23-PF02
20260811_121452_stage_B_2C_4168a6e9,inequality,2036,2036,constraint,INEQ-UPPER-D015-H23-PF02
20260811_121452_stage_B_2C_4168a6e9,inequality,2037,2037,constraint,INEQ-LOWER-D015-H23-PF03
20260811_121452_stage_B_2C_4168a6e9,inequality,2038,2038,constraint,INEQ-UPPER-D015-H23-PF03
20260811_121452_stage_B_2C_4168a6e9,inequality,2039,2039,constraint,INEQ-LOWER-D015-H23-PF04
20260811_121452_stage_B_2C_4168a6e9,inequality,2040,2040,constraint,INEQ-UPPER-D015-H23-PF04
20260811_121452_stage_B_2C_4168a6e9,inequality,2041,2041,constraint,INEQ-LOWER-D015-H23-Pch01
20260811_121452_stage_B_2C_4168a6e9,inequality,2042,2042,constraint,INEQ-UPPER-D015-H23-Pch01
20260811_121452_stage_B_2C_4168a6e9,inequality,2043,2043,constraint,INEQ-LOWER-D015-H23-Pch02
20260811_121452_stage_B_2C_4168a6e9,inequality,2044,2044,constraint,INEQ-UPPER-D015-H23-Pch02
20260811_121452_stage_B_2C_4168a6e9,inequality,2045,2045,constraint,INEQ-LOWER-D015-H23-Pdis01
20260811_121452_stage_B_2C_4168a6e9,inequality,2046,2046,constraint,INEQ-UPPER-D015-H23-Pdis01
20260811_121452_stage_B_2C_4168a6e9,inequality,2047,2047,constraint,INEQ-LOWER-D015-H23-Pdis02
20260811_121452_stage_B_2C_4168a6e9,inequality,2048,2048,constraint,INEQ-UPPER-D015-H23-Pdis02
20260811_121452_stage_B_2C_4168a6e9,inequality,2049,2049,constraint,INEQ-LOWER-D015-H23-SOC01
20260811_121452_stage_B_2C_4168a6e9,inequality,2050,2050,constraint,INEQ-UPPER-D015-H23-SOC01
20260811_121452_stage_B_2C_4168a6e9,inequality,2051,2051,constraint,INEQ-LOWER-D015-H23-SOC02
20260811_121452_stage_B_2C_4168a6e9,inequality,2052,2052,constraint,INEQ-UPPER-D015-H23-SOC02
20260811_121452_stage_B_2C_4168a6e9,inequality,2053,2053,constraint,INEQ-LOWER-D015-H24-PW01
20260811_121452_stage_B_2C_4168a6e9,inequality,2054,2054,constraint,INEQ-UPPER-D015-H24-PW01
20260811_121452_stage_B_2C_4168a6e9,inequality,2055,2055,constraint,INEQ-LOWER-D015-H24-PW02
20260811_121452_stage_B_2C_4168a6e9,inequality,2056,2056,constraint,INEQ-UPPER-D015-H24-PW02
20260811_121452_stage_B_2C_4168a6e9,inequality,2057,2057,constraint,INEQ-LOWER-D015-H24-PW03
20260811_121452_stage_B_2C_4168a6e9,inequality,2058,2058,constraint,INEQ-UPPER-D015-H24-PW03
20260811_121452_stage_B_2C_4168a6e9,inequality,2059,2059,constraint,INEQ-LOWER-D015-H24-PW04
20260811_121452_stage_B_2C_4168a6e9,inequality,2060,2060,constraint,INEQ-UPPER-D015-H24-PW04
20260811_121452_stage_B_2C_4168a6e9,inequality,2061,2061,constraint,INEQ-LOWER-D015-H24-PW05
20260811_121452_stage_B_2C_4168a6e9,inequality,2062,2062,constraint,INEQ-UPPER-D015-H24-PW05
20260811_121452_stage_B_2C_4168a6e9,inequality,2063,2063,constraint,INEQ-LOWER-D015-H24-PH01
20260811_121452_stage_B_2C_4168a6e9,inequality,2064,2064,constraint,INEQ-UPPER-D015-H24-PH01
20260811_121452_stage_B_2C_4168a6e9,inequality,2065,2065,constraint,INEQ-LOWER-D015-H24-PH02
20260811_121452_stage_B_2C_4168a6e9,inequality,2066,2066,constraint,INEQ-UPPER-D015-H24-PH02
20260811_121452_stage_B_2C_4168a6e9,inequality,2067,2067,constraint,INEQ-LOWER-D015-H24-PH03
20260811_121452_stage_B_2C_4168a6e9,inequality,2068,2068,constraint,INEQ-UPPER-D015-H24-PH03
20260811_121452_stage_B_2C_4168a6e9,inequality,2069,2069,constraint,INEQ-LOWER-D015-H24-PH04
20260811_121452_stage_B_2C_4168a6e9,inequality,2070,2070,constraint,INEQ-UPPER-D015-H24-PH04
20260811_121452_stage_B_2C_4168a6e9,inequality,2071,2071,constraint,INEQ-LOWER-D015-H24-PF01
20260811_121452_stage_B_2C_4168a6e9,inequality,2072,2072,constraint,INEQ-UPPER-D015-H24-PF01
20260811_121452_stage_B_2C_4168a6e9,inequality,2073,2073,constraint,INEQ-LOWER-D015-H24-PF02
20260811_121452_stage_B_2C_4168a6e9,inequality,2074,2074,constraint,INEQ-UPPER-D015-H24-PF02
20260811_121452_stage_B_2C_4168a6e9,inequality,2075,2075,constraint,INEQ-LOWER-D015-H24-PF03
20260811_121452_stage_B_2C_4168a6e9,inequality,2076,2076,constraint,INEQ-UPPER-D015-H24-PF03
20260811_121452_stage_B_2C_4168a6e9,inequality,2077,2077,constraint,INEQ-LOWER-D015-H24-PF04
20260811_121452_stage_B_2C_4168a6e9,inequality,2078,2078,constraint,INEQ-UPPER-D015-H24-PF04
20260811_121452_stage_B_2C_4168a6e9,inequality,2079,2079,constraint,INEQ-LOWER-D015-H24-Pch01
20260811_121452_stage_B_2C_4168a6e9,inequality,2080,2080,constraint,INEQ-UPPER-D015-H24-Pch01
20260811_121452_stage_B_2C_4168a6e9,inequality,2081,2081,constraint,INEQ-LOWER-D015-H24-Pch02
20260811_121452_stage_B_2C_4168a6e9,inequality,2082,2082,constraint,INEQ-UPPER-D015-H24-Pch02
20260811_121452_stage_B_2C_4168a6e9,inequality,2083,2083,constraint,INEQ-LOWER-D015-H24-Pdis01
20260811_121452_stage_B_2C_4168a6e9,inequality,2084,2084,constraint,INEQ-UPPER-D015-H24-Pdis01
20260811_121452_stage_B_2C_4168a6e9,inequality,2085,2085,constraint,INEQ-LOWER-D015-H24-Pdis02
20260811_121452_stage_B_2C_4168a6e9,inequality,2086,2086,constraint,INEQ-UPPER-D015-H24-Pdis02
20260811_121452_stage_B_2C_4168a6e9,inequality,2087,2087,constraint,INEQ-LOWER-D015-H24-SOC01
20260811_121452_stage_B_2C_4168a6e9,inequality,2088,2088,constraint,INEQ-UPPER-D015-H24-SOC01
20260811_121452_stage_B_2C_4168a6e9,inequality,2089,2089,constraint,INEQ-LOWER-D015-H24-SOC02
20260811_121452_stage_B_2C_4168a6e9,inequality,2090,2090,constraint,INEQ-UPPER-D015-H24-SOC02
20260811_121452_stage_B_2C_4168a6e9,inequality,2091,2091,constraint,INEQ-LOWER-D016-H01-PW01
20260811_121452_stage_B_2C_4168a6e9,inequality,2092,2092,constraint,INEQ-UPPER-D016-H01-PW01
20260811_121452_stage_B_2C_4168a6e9,inequality,2093,2093,constraint,INEQ-LOWER-D016-H01-PW02
20260811_121452_stage_B_2C_4168a6e9,inequality,2094,2094,constraint,INEQ-UPPER-D016-H01-PW02
20260811_121452_stage_B_2C_4168a6e9,inequality,2095,2095,constraint,INEQ-LOWER-D016-H01-PW03
20260811_121452_stage_B_2C_4168a6e9,inequality,2096,2096,constraint,INEQ-UPPER-D016-H01-PW03
20260811_121452_stage_B_2C_4168a6e9,inequality,2097,2097,constraint,INEQ-LOWER-D016-H01-PW04
20260811_121452_stage_B_2C_4168a6e9,inequality,2098,2098,constraint,INEQ-UPPER-D016-H01-PW04
20260811_121452_stage_B_2C_4168a6e9,inequality,2099,2099,constraint,INEQ-LOWER-D016-H01-PW05
20260811_121452_stage_B_2C_4168a6e9,inequality,2100,2100,constraint,INEQ-UPPER-D016-H01-PW05
20260811_121452_stage_B_2C_4168a6e9,inequality,2101,2101,constraint,INEQ-LOWER-D016-H01-PH01
20260811_121452_stage_B_2C_4168a6e9,inequality,2102,2102,constraint,INEQ-UPPER-D016-H01-PH01
20260811_121452_stage_B_2C_4168a6e9,inequality,2103,2103,constraint,INEQ-LOWER-D016-H01-PH02
20260811_121452_stage_B_2C_4168a6e9,inequality,2104,2104,constraint,INEQ-UPPER-D016-H01-PH02
20260811_121452_stage_B_2C_4168a6e9,inequality,2105,2105,constraint,INEQ-LOWER-D016-H01-PH03
20260811_121452_stage_B_2C_4168a6e9,inequality,2106,2106,constraint,INEQ-UPPER-D016-H01-PH03
20260811_121452_stage_B_2C_4168a6e9,inequality,2107,2107,constraint,INEQ-LOWER-D016-H01-PH04
20260811_121452_stage_B_2C_4168a6e9,inequality,2108,2108,constraint,INEQ-UPPER-D016-H01-PH04
20260811_121452_stage_B_2C_4168a6e9,inequality,2109,2109,constraint,INEQ-LOWER-D016-H01-PF01
20260811_121452_stage_B_2C_4168a6e9,inequality,2110,2110,constraint,INEQ-UPPER-D016-H01-PF01
20260811_121452_stage_B_2C_4168a6e9,inequality,2111,2111,constraint,INEQ-LOWER-D016-H01-PF02
20260811_121452_stage_B_2C_4168a6e9,inequality,2112,2112,constraint,INEQ-UPPER-D016-H01-PF02
20260811_121452_stage_B_2C_4168a6e9,inequality,2113,2113,constraint,INEQ-LOWER-D016-H01-PF03
20260811_121452_stage_B_2C_4168a6e9,inequality,2114,2114,constraint,INEQ-UPPER-D016-H01-PF03
20260811_121452_stage_B_2C_4168a6e9,inequality,2115,2115,constraint,INEQ-LOWER-D016-H01-PF04
20260811_121452_stage_B_2C_4168a6e9,inequality,2116,2116,constraint,INEQ-UPPER-D016-H01-PF04
20260811_121452_stage_B_2C_4168a6e9,inequality,2117,2117,constraint,INEQ-LOWER-D016-H01-Pch01
20260811_121452_stage_B_2C_4168a6e9,inequality,2118,2118,constraint,INEQ-UPPER-D016-H01-Pch01
20260811_121452_stage_B_2C_4168a6e9,inequality,2119,2119,constraint,INEQ-LOWER-D016-H01-Pch02
20260811_121452_stage_B_2C_4168a6e9,inequality,2120,2120,constraint,INEQ-UPPER-D016-H01-Pch02
20260811_121452_stage_B_2C_4168a6e9,inequality,2121,2121,constraint,INEQ-LOWER-D016-H01-Pdis01
20260811_121452_stage_B_2C_4168a6e9,inequality,2122,2122,constraint,INEQ-UPPER-D016-H01-Pdis01
20260811_121452_stage_B_2C_4168a6e9,inequality,2123,2123,constraint,INEQ-LOWER-D016-H01-Pdis02
20260811_121452_stage_B_2C_4168a6e9,inequality,2124,2124,constraint,INEQ-UPPER-D016-H01-Pdis02
20260811_121452_stage_B_2C_4168a6e9,inequality,2125,2125,constraint,INEQ-LOWER-D016-H01-SOC01
20260811_121452_stage_B_2C_4168a6e9,inequality,2126,2126,constraint,INEQ-UPPER-D016-H01-SOC01
20260811_121452_stage_B_2C_4168a6e9,inequality,2127,2127,constraint,INEQ-LOWER-D016-H01-SOC02
20260811_121452_stage_B_2C_4168a6e9,inequality,2128,2128,constraint,INEQ-UPPER-D016-H01-SOC02
20260811_121452_stage_B_2C_4168a6e9,inequality,2129,2129,constraint,INEQ-LOWER-D016-H02-PW01
20260811_121452_stage_B_2C_4168a6e9,inequality,2130,2130,constraint,INEQ-UPPER-D016-H02-PW01
20260811_121452_stage_B_2C_4168a6e9,inequality,2131,2131,constraint,INEQ-LOWER-D016-H02-PW02
20260811_121452_stage_B_2C_4168a6e9,inequality,2132,2132,constraint,INEQ-UPPER-D016-H02-PW02
20260811_121452_stage_B_2C_4168a6e9,inequality,2133,2133,constraint,INEQ-LOWER-D016-H02-PW03
20260811_121452_stage_B_2C_4168a6e9,inequality,2134,2134,constraint,INEQ-UPPER-D016-H02-PW03
20260811_121452_stage_B_2C_4168a6e9,inequality,2135,2135,constraint,INEQ-LOWER-D016-H02-PW04
20260811_121452_stage_B_2C_4168a6e9,inequality,2136,2136,constraint,INEQ-UPPER-D016-H02-PW04
20260811_121452_stage_B_2C_4168a6e9,inequality,2137,2137,constraint,INEQ-LOWER-D016-H02-PW05
20260811_121452_stage_B_2C_4168a6e9,inequality,2138,2138,constraint,INEQ-UPPER-D016-H02-PW05
20260811_121452_stage_B_2C_4168a6e9,inequality,2139,2139,constraint,INEQ-LOWER-D016-H02-PH01
20260811_121452_stage_B_2C_4168a6e9,inequality,2140,2140,constraint,INEQ-UPPER-D016-H02-PH01
20260811_121452_stage_B_2C_4168a6e9,inequality,2141,2141,constraint,INEQ-LOWER-D016-H02-PH02
20260811_121452_stage_B_2C_4168a6e9,inequality,2142,2142,constraint,INEQ-UPPER-D016-H02-PH02
20260811_121452_stage_B_2C_4168a6e9,inequality,2143,2143,constraint,INEQ-LOWER-D016-H02-PH03
20260811_121452_stage_B_2C_4168a6e9,inequality,2144,2144,constraint,INEQ-UPPER-D016-H02-PH03
20260811_121452_stage_B_2C_4168a6e9,inequality,2145,2145,constraint,INEQ-LOWER-D016-H02-PH04
20260811_121452_stage_B_2C_4168a6e9,inequality,2146,2146,constraint,INEQ-UPPER-D016-H02-PH04
20260811_121452_stage_B_2C_4168a6e9,inequality,2147,2147,constraint,INEQ-LOWER-D016-H02-PF01
20260811_121452_stage_B_2C_4168a6e9,inequality,2148,2148,constraint,INEQ-UPPER-D016-H02-PF01
20260811_121452_stage_B_2C_4168a6e9,inequality,2149,2149,constraint,INEQ-LOWER-D016-H02-PF02
20260811_121452_stage_B_2C_4168a6e9,inequality,2150,2150,constraint,INEQ-UPPER-D016-H02-PF02
20260811_121452_stage_B_2C_4168a6e9,inequality,2151,2151,constraint,INEQ-LOWER-D016-H02-PF03
20260811_121452_stage_B_2C_4168a6e9,inequality,2152,2152,constraint,INEQ-UPPER-D016-H02-PF03
20260811_121452_stage_B_2C_4168a6e9,inequality,2153,2153,constraint,INEQ-LOWER-D016-H02-PF04
20260811_121452_stage_B_2C_4168a6e9,inequality,2154,2154,constraint,INEQ-UPPER-D016-H02-PF04
20260811_121452_stage_B_2C_4168a6e9,inequality,2155,2155,constraint,INEQ-LOWER-D016-H02-Pch01
20260811_121452_stage_B_2C_4168a6e9,inequality,2156,2156,constraint,INEQ-UPPER-D016-H02-Pch01
20260811_121452_stage_B_2C_4168a6e9,inequality,2157,2157,constraint,INEQ-LOWER-D016-H02-Pch02
20260811_121452_stage_B_2C_4168a6e9,inequality,2158,2158,constraint,INEQ-UPPER-D016-H02-Pch02
20260811_121452_stage_B_2C_4168a6e9,inequality,2159,2159,constraint,INEQ-LOWER-D016-H02-Pdis01
20260811_121452_stage_B_2C_4168a6e9,inequality,2160,2160,constraint,INEQ-UPPER-D016-H02-Pdis01
20260811_121452_stage_B_2C_4168a6e9,inequality,2161,2161,constraint,INEQ-LOWER-D016-H02-Pdis02
20260811_121452_stage_B_2C_4168a6e9,inequality,2162,2162,constraint,INEQ-UPPER-D016-H02-Pdis02
20260811_121452_stage_B_2C_4168a6e9,inequality,2163,2163,constraint,INEQ-LOWER-D016-H02-SOC01
20260811_121452_stage_B_2C_4168a6e9,inequality,2164,2164,constraint,INEQ-UPPER-D016-H02-SOC01
20260811_121452_stage_B_2C_4168a6e9,inequality,2165,2165,constraint,INEQ-LOWER-D016-H02-SOC02
20260811_121452_stage_B_2C_4168a6e9,inequality,2166,2166,constraint,INEQ-UPPER-D016-H02-SOC02
20260811_121452_stage_B_2C_4168a6e9,inequality,2167,2167,constraint,INEQ-LOWER-D016-H03-PW01
20260811_121452_stage_B_2C_4168a6e9,inequality,2168,2168,constraint,INEQ-UPPER-D016-H03-PW01
20260811_121452_stage_B_2C_4168a6e9,inequality,2169,2169,constraint,INEQ-LOWER-D016-H03-PW02
20260811_121452_stage_B_2C_4168a6e9,inequality,2170,2170,constraint,INEQ-UPPER-D016-H03-PW02
20260811_121452_stage_B_2C_4168a6e9,inequality,2171,2171,constraint,INEQ-LOWER-D016-H03-PW03
20260811_121452_stage_B_2C_4168a6e9,inequality,2172,2172,constraint,INEQ-UPPER-D016-H03-PW03
20260811_121452_stage_B_2C_4168a6e9,inequality,2173,2173,constraint,INEQ-LOWER-D016-H03-PW04
20260811_121452_stage_B_2C_4168a6e9,inequality,2174,2174,constraint,INEQ-UPPER-D016-H03-PW04
20260811_121452_stage_B_2C_4168a6e9,inequality,2175,2175,constraint,INEQ-LOWER-D016-H03-PW05
20260811_121452_stage_B_2C_4168a6e9,inequality,2176,2176,constraint,INEQ-UPPER-D016-H03-PW05
20260811_121452_stage_B_2C_4168a6e9,inequality,2177,2177,constraint,INEQ-LOWER-D016-H03-PH01
20260811_121452_stage_B_2C_4168a6e9,inequality,2178,2178,constraint,INEQ-UPPER-D016-H03-PH01
20260811_121452_stage_B_2C_4168a6e9,inequality,2179,2179,constraint,INEQ-LOWER-D016-H03-PH02
20260811_121452_stage_B_2C_4168a6e9,inequality,2180,2180,constraint,INEQ-UPPER-D016-H03-PH02
20260811_121452_stage_B_2C_4168a6e9,inequality,2181,2181,constraint,INEQ-LOWER-D016-H03-PH03
20260811_121452_stage_B_2C_4168a6e9,inequality,2182,2182,constraint,INEQ-UPPER-D016-H03-PH03
20260811_121452_stage_B_2C_4168a6e9,inequality,2183,2183,constraint,INEQ-LOWER-D016-H03-PH04
20260811_121452_stage_B_2C_4168a6e9,inequality,2184,2184,constraint,INEQ-UPPER-D016-H03-PH04
20260811_121452_stage_B_2C_4168a6e9,inequality,2185,2185,constraint,INEQ-LOWER-D016-H03-PF01
20260811_121452_stage_B_2C_4168a6e9,inequality,2186,2186,constraint,INEQ-UPPER-D016-H03-PF01
20260811_121452_stage_B_2C_4168a6e9,inequality,2187,2187,constraint,INEQ-LOWER-D016-H03-PF02
20260811_121452_stage_B_2C_4168a6e9,inequality,2188,2188,constraint,INEQ-UPPER-D016-H03-PF02
20260811_121452_stage_B_2C_4168a6e9,inequality,2189,2189,constraint,INEQ-LOWER-D016-H03-PF03
20260811_121452_stage_B_2C_4168a6e9,inequality,2190,2190,constraint,INEQ-UPPER-D016-H03-PF03
20260811_121452_stage_B_2C_4168a6e9,inequality,2191,2191,constraint,INEQ-LOWER-D016-H03-PF04
20260811_121452_stage_B_2C_4168a6e9,inequality,2192,2192,constraint,INEQ-UPPER-D016-H03-PF04
20260811_121452_stage_B_2C_4168a6e9,inequality,2193,2193,constraint,INEQ-LOWER-D016-H03-Pch01
20260811_121452_stage_B_2C_4168a6e9,inequality,2194,2194,constraint,INEQ-UPPER-D016-H03-Pch01
20260811_121452_stage_B_2C_4168a6e9,inequality,2195,2195,constraint,INEQ-LOWER-D016-H03-Pch02
20260811_121452_stage_B_2C_4168a6e9,inequality,2196,2196,constraint,INEQ-UPPER-D016-H03-Pch02
20260811_121452_stage_B_2C_4168a6e9,inequality,2197,2197,constraint,INEQ-LOWER-D016-H03-Pdis01
20260811_121452_stage_B_2C_4168a6e9,inequality,2198,2198,constraint,INEQ-UPPER-D016-H03-Pdis01
20260811_121452_stage_B_2C_4168a6e9,inequality,2199,2199,constraint,INEQ-LOWER-D016-H03-Pdis02
20260811_121452_stage_B_2C_4168a6e9,inequality,2200,2200,constraint,INEQ-UPPER-D016-H03-Pdis02
20260811_121452_stage_B_2C_4168a6e9,inequality,2201,2201,constraint,INEQ-LOWER-D016-H03-SOC01
20260811_121452_stage_B_2C_4168a6e9,inequality,2202,2202,constraint,INEQ-UPPER-D016-H03-SOC01
20260811_121452_stage_B_2C_4168a6e9,inequality,2203,2203,constraint,INEQ-LOWER-D016-H03-SOC02
20260811_121452_stage_B_2C_4168a6e9,inequality,2204,2204,constraint,INEQ-UPPER-D016-H03-SOC02
20260811_121452_stage_B_2C_4168a6e9,inequality,2205,2205,constraint,INEQ-LOWER-D016-H04-PW01
20260811_121452_stage_B_2C_4168a6e9,inequality,2206,2206,constraint,INEQ-UPPER-D016-H04-PW01
20260811_121452_stage_B_2C_4168a6e9,inequality,2207,2207,constraint,INEQ-LOWER-D016-H04-PW02
20260811_121452_stage_B_2C_4168a6e9,inequality,2208,2208,constraint,INEQ-UPPER-D016-H04-PW02
20260811_121452_stage_B_2C_4168a6e9,inequality,2209,2209,constraint,INEQ-LOWER-D016-H04-PW03
20260811_121452_stage_B_2C_4168a6e9,inequality,2210,2210,constraint,INEQ-UPPER-D016-H04-PW03
20260811_121452_stage_B_2C_4168a6e9,inequality,2211,2211,constraint,INEQ-LOWER-D016-H04-PW04
20260811_121452_stage_B_2C_4168a6e9,inequality,2212,2212,constraint,INEQ-UPPER-D016-H04-PW04
20260811_121452_stage_B_2C_4168a6e9,inequality,2213,2213,constraint,INEQ-LOWER-D016-H04-PW05
20260811_121452_stage_B_2C_4168a6e9,inequality,2214,2214,constraint,INEQ-UPPER-D016-H04-PW05
20260811_121452_stage_B_2C_4168a6e9,inequality,2215,2215,constraint,INEQ-LOWER-D016-H04-PH01
20260811_121452_stage_B_2C_4168a6e9,inequality,2216,2216,constraint,INEQ-UPPER-D016-H04-PH01
20260811_121452_stage_B_2C_4168a6e9,inequality,2217,2217,constraint,INEQ-LOWER-D016-H04-PH02
20260811_121452_stage_B_2C_4168a6e9,inequality,2218,2218,constraint,INEQ-UPPER-D016-H04-PH02
20260811_121452_stage_B_2C_4168a6e9,inequality,2219,2219,constraint,INEQ-LOWER-D016-H04-PH03
20260811_121452_stage_B_2C_4168a6e9,inequality,2220,2220,constraint,INEQ-UPPER-D016-H04-PH03
20260811_121452_stage_B_2C_4168a6e9,inequality,2221,2221,constraint,INEQ-LOWER-D016-H04-PH04
20260811_121452_stage_B_2C_4168a6e9,inequality,2222,2222,constraint,INEQ-UPPER-D016-H04-PH04
20260811_121452_stage_B_2C_4168a6e9,inequality,2223,2223,constraint,INEQ-LOWER-D016-H04-PF01
20260811_121452_stage_B_2C_4168a6e9,inequality,2224,2224,constraint,INEQ-UPPER-D016-H04-PF01
20260811_121452_stage_B_2C_4168a6e9,inequality,2225,2225,constraint,INEQ-LOWER-D016-H04-PF02
20260811_121452_stage_B_2C_4168a6e9,inequality,2226,2226,constraint,INEQ-UPPER-D016-H04-PF02
20260811_121452_stage_B_2C_4168a6e9,inequality,2227,2227,constraint,INEQ-LOWER-D016-H04-PF03
20260811_121452_stage_B_2C_4168a6e9,inequality,2228,2228,constraint,INEQ-UPPER-D016-H04-PF03
20260811_121452_stage_B_2C_4168a6e9,inequality,2229,2229,constraint,INEQ-LOWER-D016-H04-PF04
20260811_121452_stage_B_2C_4168a6e9,inequality,2230,2230,constraint,INEQ-UPPER-D016-H04-PF04
20260811_121452_stage_B_2C_4168a6e9,inequality,2231,2231,constraint,INEQ-LOWER-D016-H04-Pch01
20260811_121452_stage_B_2C_4168a6e9,inequality,2232,2232,constraint,INEQ-UPPER-D016-H04-Pch01
20260811_121452_stage_B_2C_4168a6e9,inequality,2233,2233,constraint,INEQ-LOWER-D016-H04-Pch02
20260811_121452_stage_B_2C_4168a6e9,inequality,2234,2234,constraint,INEQ-UPPER-D016-H04-Pch02
20260811_121452_stage_B_2C_4168a6e9,inequality,2235,2235,constraint,INEQ-LOWER-D016-H04-Pdis01
20260811_121452_stage_B_2C_4168a6e9,inequality,2236,2236,constraint,INEQ-UPPER-D016-H04-Pdis01
20260811_121452_stage_B_2C_4168a6e9,inequality,2237,2237,constraint,INEQ-LOWER-D016-H04-Pdis02
20260811_121452_stage_B_2C_4168a6e9,inequality,2238,2238,constraint,INEQ-UPPER-D016-H04-Pdis02
20260811_121452_stage_B_2C_4168a6e9,inequality,2239,2239,constraint,INEQ-LOWER-D016-H04-SOC01
20260811_121452_stage_B_2C_4168a6e9,inequality,2240,2240,constraint,INEQ-UPPER-D016-H04-SOC01
20260811_121452_stage_B_2C_4168a6e9,inequality,2241,2241,constraint,INEQ-LOWER-D016-H04-SOC02
20260811_121452_stage_B_2C_4168a6e9,inequality,2242,2242,constraint,INEQ-UPPER-D016-H04-SOC02
20260811_121452_stage_B_2C_4168a6e9,inequality,2243,2243,constraint,INEQ-LOWER-D016-H05-PW01
20260811_121452_stage_B_2C_4168a6e9,inequality,2244,2244,constraint,INEQ-UPPER-D016-H05-PW01
20260811_121452_stage_B_2C_4168a6e9,inequality,2245,2245,constraint,INEQ-LOWER-D016-H05-PW02
20260811_121452_stage_B_2C_4168a6e9,inequality,2246,2246,constraint,INEQ-UPPER-D016-H05-PW02
20260811_121452_stage_B_2C_4168a6e9,inequality,2247,2247,constraint,INEQ-LOWER-D016-H05-PW03
20260811_121452_stage_B_2C_4168a6e9,inequality,2248,2248,constraint,INEQ-UPPER-D016-H05-PW03
20260811_121452_stage_B_2C_4168a6e9,inequality,2249,2249,constraint,INEQ-LOWER-D016-H05-PW05
20260811_121452_stage_B_2C_4168a6e9,inequality,2250,2250,constraint,INEQ-UPPER-D016-H05-PW05
20260811_121452_stage_B_2C_4168a6e9,inequality,2251,2251,constraint,INEQ-LOWER-D016-H05-PH01
20260811_121452_stage_B_2C_4168a6e9,inequality,2252,2252,constraint,INEQ-UPPER-D016-H05-PH01
20260811_121452_stage_B_2C_4168a6e9,inequality,2253,2253,constraint,INEQ-LOWER-D016-H05-PH02
20260811_121452_stage_B_2C_4168a6e9,inequality,2254,2254,constraint,INEQ-UPPER-D016-H05-PH02
20260811_121452_stage_B_2C_4168a6e9,inequality,2255,2255,constraint,INEQ-LOWER-D016-H05-PH03
20260811_121452_stage_B_2C_4168a6e9,inequality,2256,2256,constraint,INEQ-UPPER-D016-H05-PH03
20260811_121452_stage_B_2C_4168a6e9,inequality,2257,2257,constraint,INEQ-LOWER-D016-H05-PH04
20260811_121452_stage_B_2C_4168a6e9,inequality,2258,2258,constraint,INEQ-UPPER-D016-H05-PH04
20260811_121452_stage_B_2C_4168a6e9,inequality,2259,2259,constraint,INEQ-LOWER-D016-H05-PF01
20260811_121452_stage_B_2C_4168a6e9,inequality,2260,2260,constraint,INEQ-UPPER-D016-H05-PF01
20260811_121452_stage_B_2C_4168a6e9,inequality,2261,2261,constraint,INEQ-LOWER-D016-H05-PF02
20260811_121452_stage_B_2C_4168a6e9,inequality,2262,2262,constraint,INEQ-UPPER-D016-H05-PF02
20260811_121452_stage_B_2C_4168a6e9,inequality,2263,2263,constraint,INEQ-LOWER-D016-H05-PF03
20260811_121452_stage_B_2C_4168a6e9,inequality,2264,2264,constraint,INEQ-UPPER-D016-H05-PF03
20260811_121452_stage_B_2C_4168a6e9,inequality,2265,2265,constraint,INEQ-LOWER-D016-H05-PF04
20260811_121452_stage_B_2C_4168a6e9,inequality,2266,2266,constraint,INEQ-UPPER-D016-H05-PF04
20260811_121452_stage_B_2C_4168a6e9,inequality,2267,2267,constraint,INEQ-LOWER-D016-H05-Pch01
20260811_121452_stage_B_2C_4168a6e9,inequality,2268,2268,constraint,INEQ-UPPER-D016-H05-Pch01
20260811_121452_stage_B_2C_4168a6e9,inequality,2269,2269,constraint,INEQ-LOWER-D016-H05-Pch02
20260811_121452_stage_B_2C_4168a6e9,inequality,2270,2270,constraint,INEQ-UPPER-D016-H05-Pch02
20260811_121452_stage_B_2C_4168a6e9,inequality,2271,2271,constraint,INEQ-LOWER-D016-H05-Pdis01
20260811_121452_stage_B_2C_4168a6e9,inequality,2272,2272,constraint,INEQ-UPPER-D016-H05-Pdis01
20260811_121452_stage_B_2C_4168a6e9,inequality,2273,2273,constraint,INEQ-LOWER-D016-H05-Pdis02
20260811_121452_stage_B_2C_4168a6e9,inequality,2274,2274,constraint,INEQ-UPPER-D016-H05-Pdis02
20260811_121452_stage_B_2C_4168a6e9,inequality,2275,2275,constraint,INEQ-LOWER-D016-H05-SOC01
20260811_121452_stage_B_2C_4168a6e9,inequality,2276,2276,constraint,INEQ-UPPER-D016-H05-SOC01
20260811_121452_stage_B_2C_4168a6e9,inequality,2277,2277,constraint,INEQ-LOWER-D016-H05-SOC02
20260811_121452_stage_B_2C_4168a6e9,inequality,2278,2278,constraint,INEQ-UPPER-D016-H05-SOC02
20260811_121452_stage_B_2C_4168a6e9,inequality,2279,2279,constraint,INEQ-LOWER-D016-H06-PW01
20260811_121452_stage_B_2C_4168a6e9,inequality,2280,2280,constraint,INEQ-UPPER-D016-H06-PW01
20260811_121452_stage_B_2C_4168a6e9,inequality,2281,2281,constraint,INEQ-LOWER-D016-H06-PW02
20260811_121452_stage_B_2C_4168a6e9,inequality,2282,2282,constraint,INEQ-UPPER-D016-H06-PW02
20260811_121452_stage_B_2C_4168a6e9,inequality,2283,2283,constraint,INEQ-LOWER-D016-H06-PW03
20260811_121452_stage_B_2C_4168a6e9,inequality,2284,2284,constraint,INEQ-UPPER-D016-H06-PW03
20260811_121452_stage_B_2C_4168a6e9,inequality,2285,2285,constraint,INEQ-LOWER-D016-H06-PW04
20260811_121452_stage_B_2C_4168a6e9,inequality,2286,2286,constraint,INEQ-UPPER-D016-H06-PW04
20260811_121452_stage_B_2C_4168a6e9,inequality,2287,2287,constraint,INEQ-LOWER-D016-H06-PW05
20260811_121452_stage_B_2C_4168a6e9,inequality,2288,2288,constraint,INEQ-UPPER-D016-H06-PW05
20260811_121452_stage_B_2C_4168a6e9,inequality,2289,2289,constraint,INEQ-LOWER-D016-H06-PH01
20260811_121452_stage_B_2C_4168a6e9,inequality,2290,2290,constraint,INEQ-UPPER-D016-H06-PH01
20260811_121452_stage_B_2C_4168a6e9,inequality,2291,2291,constraint,INEQ-LOWER-D016-H06-PH02
20260811_121452_stage_B_2C_4168a6e9,inequality,2292,2292,constraint,INEQ-UPPER-D016-H06-PH02
20260811_121452_stage_B_2C_4168a6e9,inequality,2293,2293,constraint,INEQ-LOWER-D016-H06-PH03
20260811_121452_stage_B_2C_4168a6e9,inequality,2294,2294,constraint,INEQ-UPPER-D016-H06-PH03
20260811_121452_stage_B_2C_4168a6e9,inequality,2295,2295,constraint,INEQ-LOWER-D016-H06-PH04
20260811_121452_stage_B_2C_4168a6e9,inequality,2296,2296,constraint,INEQ-UPPER-D016-H06-PH04
20260811_121452_stage_B_2C_4168a6e9,inequality,2297,2297,constraint,INEQ-LOWER-D016-H06-PF01
20260811_121452_stage_B_2C_4168a6e9,inequality,2298,2298,constraint,INEQ-UPPER-D016-H06-PF01
20260811_121452_stage_B_2C_4168a6e9,inequality,2299,2299,constraint,INEQ-LOWER-D016-H06-PF02
20260811_121452_stage_B_2C_4168a6e9,inequality,2300,2300,constraint,INEQ-UPPER-D016-H06-PF02
20260811_121452_stage_B_2C_4168a6e9,inequality,2301,2301,constraint,INEQ-LOWER-D016-H06-PF03
20260811_121452_stage_B_2C_4168a6e9,inequality,2302,2302,constraint,INEQ-UPPER-D016-H06-PF03
20260811_121452_stage_B_2C_4168a6e9,inequality,2303,2303,constraint,INEQ-LOWER-D016-H06-PF04
20260811_121452_stage_B_2C_4168a6e9,inequality,2304,2304,constraint,INEQ-UPPER-D016-H06-PF04
20260811_121452_stage_B_2C_4168a6e9,inequality,2305,2305,constraint,INEQ-LOWER-D016-H06-Pch01
20260811_121452_stage_B_2C_4168a6e9,inequality,2306,2306,constraint,INEQ-UPPER-D016-H06-Pch01
20260811_121452_stage_B_2C_4168a6e9,inequality,2307,2307,constraint,INEQ-LOWER-D016-H06-Pch02
20260811_121452_stage_B_2C_4168a6e9,inequality,2308,2308,constraint,INEQ-UPPER-D016-H06-Pch02
20260811_121452_stage_B_2C_4168a6e9,inequality,2309,2309,constraint,INEQ-LOWER-D016-H06-Pdis01
20260811_121452_stage_B_2C_4168a6e9,inequality,2310,2310,constraint,INEQ-UPPER-D016-H06-Pdis01
20260811_121452_stage_B_2C_4168a6e9,inequality,2311,2311,constraint,INEQ-LOWER-D016-H06-Pdis02
20260811_121452_stage_B_2C_4168a6e9,inequality,2312,2312,constraint,INEQ-UPPER-D016-H06-Pdis02
20260811_121452_stage_B_2C_4168a6e9,inequality,2313,2313,constraint,INEQ-LOWER-D016-H06-SOC01
20260811_121452_stage_B_2C_4168a6e9,inequality,2314,2314,constraint,INEQ-UPPER-D016-H06-SOC01
20260811_121452_stage_B_2C_4168a6e9,inequality,2315,2315,constraint,INEQ-LOWER-D016-H06-SOC02
20260811_121452_stage_B_2C_4168a6e9,inequality,2316,2316,constraint,INEQ-UPPER-D016-H06-SOC02
20260811_121452_stage_B_2C_4168a6e9,inequality,2317,2317,constraint,INEQ-LOWER-D016-H07-PW01
20260811_121452_stage_B_2C_4168a6e9,inequality,2318,2318,constraint,INEQ-UPPER-D016-H07-PW01
20260811_121452_stage_B_2C_4168a6e9,inequality,2319,2319,constraint,INEQ-LOWER-D016-H07-PW02
20260811_121452_stage_B_2C_4168a6e9,inequality,2320,2320,constraint,INEQ-UPPER-D016-H07-PW02
20260811_121452_stage_B_2C_4168a6e9,inequality,2321,2321,constraint,INEQ-LOWER-D016-H07-PW03
20260811_121452_stage_B_2C_4168a6e9,inequality,2322,2322,constraint,INEQ-UPPER-D016-H07-PW03
20260811_121452_stage_B_2C_4168a6e9,inequality,2323,2323,constraint,INEQ-LOWER-D016-H07-PW04
20260811_121452_stage_B_2C_4168a6e9,inequality,2324,2324,constraint,INEQ-UPPER-D016-H07-PW04
20260811_121452_stage_B_2C_4168a6e9,inequality,2325,2325,constraint,INEQ-LOWER-D016-H07-PW05
20260811_121452_stage_B_2C_4168a6e9,inequality,2326,2326,constraint,INEQ-UPPER-D016-H07-PW05
20260811_121452_stage_B_2C_4168a6e9,inequality,2327,2327,constraint,INEQ-LOWER-D016-H07-PH01
20260811_121452_stage_B_2C_4168a6e9,inequality,2328,2328,constraint,INEQ-UPPER-D016-H07-PH01
20260811_121452_stage_B_2C_4168a6e9,inequality,2329,2329,constraint,INEQ-LOWER-D016-H07-PH02
20260811_121452_stage_B_2C_4168a6e9,inequality,2330,2330,constraint,INEQ-UPPER-D016-H07-PH02
20260811_121452_stage_B_2C_4168a6e9,inequality,2331,2331,constraint,INEQ-LOWER-D016-H07-PH03
20260811_121452_stage_B_2C_4168a6e9,inequality,2332,2332,constraint,INEQ-UPPER-D016-H07-PH03
20260811_121452_stage_B_2C_4168a6e9,inequality,2333,2333,constraint,INEQ-LOWER-D016-H07-PH04
20260811_121452_stage_B_2C_4168a6e9,inequality,2334,2334,constraint,INEQ-UPPER-D016-H07-PH04
20260811_121452_stage_B_2C_4168a6e9,inequality,2335,2335,constraint,INEQ-LOWER-D016-H07-PF01
20260811_121452_stage_B_2C_4168a6e9,inequality,2336,2336,constraint,INEQ-UPPER-D016-H07-PF01
20260811_121452_stage_B_2C_4168a6e9,inequality,2337,2337,constraint,INEQ-LOWER-D016-H07-PF02
20260811_121452_stage_B_2C_4168a6e9,inequality,2338,2338,constraint,INEQ-UPPER-D016-H07-PF02
20260811_121452_stage_B_2C_4168a6e9,inequality,2339,2339,constraint,INEQ-LOWER-D016-H07-PF03
20260811_121452_stage_B_2C_4168a6e9,inequality,2340,2340,constraint,INEQ-UPPER-D016-H07-PF03
20260811_121452_stage_B_2C_4168a6e9,inequality,2341,2341,constraint,INEQ-LOWER-D016-H07-PF04
20260811_121452_stage_B_2C_4168a6e9,inequality,2342,2342,constraint,INEQ-UPPER-D016-H07-PF04
20260811_121452_stage_B_2C_4168a6e9,inequality,2343,2343,constraint,INEQ-LOWER-D016-H07-Pch01
20260811_121452_stage_B_2C_4168a6e9,inequality,2344,2344,constraint,INEQ-UPPER-D016-H07-Pch01
20260811_121452_stage_B_2C_4168a6e9,inequality,2345,2345,constraint,INEQ-LOWER-D016-H07-Pch02
20260811_121452_stage_B_2C_4168a6e9,inequality,2346,2346,constraint,INEQ-UPPER-D016-H07-Pch02
20260811_121452_stage_B_2C_4168a6e9,inequality,2347,2347,constraint,INEQ-LOWER-D016-H07-Pdis01
20260811_121452_stage_B_2C_4168a6e9,inequality,2348,2348,constraint,INEQ-UPPER-D016-H07-Pdis01
20260811_121452_stage_B_2C_4168a6e9,inequality,2349,2349,constraint,INEQ-LOWER-D016-H07-Pdis02
20260811_121452_stage_B_2C_4168a6e9,inequality,2350,2350,constraint,INEQ-UPPER-D016-H07-Pdis02
20260811_121452_stage_B_2C_4168a6e9,inequality,2351,2351,constraint,INEQ-LOWER-D016-H07-SOC01
20260811_121452_stage_B_2C_4168a6e9,inequality,2352,2352,constraint,INEQ-UPPER-D016-H07-SOC01
20260811_121452_stage_B_2C_4168a6e9,inequality,2353,2353,constraint,INEQ-LOWER-D016-H07-SOC02
20260811_121452_stage_B_2C_4168a6e9,inequality,2354,2354,constraint,INEQ-UPPER-D016-H07-SOC02
20260811_121452_stage_B_2C_4168a6e9,inequality,2355,2355,constraint,INEQ-LOWER-D016-H08-PW01
20260811_121452_stage_B_2C_4168a6e9,inequality,2356,2356,constraint,INEQ-UPPER-D016-H08-PW01
20260811_121452_stage_B_2C_4168a6e9,inequality,2357,2357,constraint,INEQ-LOWER-D016-H08-PW02
20260811_121452_stage_B_2C_4168a6e9,inequality,2358,2358,constraint,INEQ-UPPER-D016-H08-PW02
20260811_121452_stage_B_2C_4168a6e9,inequality,2359,2359,constraint,INEQ-LOWER-D016-H08-PW03
20260811_121452_stage_B_2C_4168a6e9,inequality,2360,2360,constraint,INEQ-UPPER-D016-H08-PW03
20260811_121452_stage_B_2C_4168a6e9,inequality,2361,2361,constraint,INEQ-LOWER-D016-H08-PW04
20260811_121452_stage_B_2C_4168a6e9,inequality,2362,2362,constraint,INEQ-UPPER-D016-H08-PW04
20260811_121452_stage_B_2C_4168a6e9,inequality,2363,2363,constraint,INEQ-LOWER-D016-H08-PW05
20260811_121452_stage_B_2C_4168a6e9,inequality,2364,2364,constraint,INEQ-UPPER-D016-H08-PW05
20260811_121452_stage_B_2C_4168a6e9,inequality,2365,2365,constraint,INEQ-LOWER-D016-H08-PP01
20260811_121452_stage_B_2C_4168a6e9,inequality,2366,2366,constraint,INEQ-UPPER-D016-H08-PP01
20260811_121452_stage_B_2C_4168a6e9,inequality,2367,2367,constraint,INEQ-LOWER-D016-H08-PP02
20260811_121452_stage_B_2C_4168a6e9,inequality,2368,2368,constraint,INEQ-UPPER-D016-H08-PP02
20260811_121452_stage_B_2C_4168a6e9,inequality,2369,2369,constraint,INEQ-LOWER-D016-H08-PP03
20260811_121452_stage_B_2C_4168a6e9,inequality,2370,2370,constraint,INEQ-UPPER-D016-H08-PP03
20260811_121452_stage_B_2C_4168a6e9,inequality,2371,2371,constraint,INEQ-LOWER-D016-H08-PP04
20260811_121452_stage_B_2C_4168a6e9,inequality,2372,2372,constraint,INEQ-UPPER-D016-H08-PP04
20260811_121452_stage_B_2C_4168a6e9,inequality,2373,2373,constraint,INEQ-LOWER-D016-H08-PP05
20260811_121452_stage_B_2C_4168a6e9,inequality,2374,2374,constraint,INEQ-UPPER-D016-H08-PP05
20260811_121452_stage_B_2C_4168a6e9,inequality,2375,2375,constraint,INEQ-LOWER-D016-H08-PH01
20260811_121452_stage_B_2C_4168a6e9,inequality,2376,2376,constraint,INEQ-UPPER-D016-H08-PH01
20260811_121452_stage_B_2C_4168a6e9,inequality,2377,2377,constraint,INEQ-LOWER-D016-H08-PH02
20260811_121452_stage_B_2C_4168a6e9,inequality,2378,2378,constraint,INEQ-UPPER-D016-H08-PH02
20260811_121452_stage_B_2C_4168a6e9,inequality,2379,2379,constraint,INEQ-LOWER-D016-H08-PH03
20260811_121452_stage_B_2C_4168a6e9,inequality,2380,2380,constraint,INEQ-UPPER-D016-H08-PH03
20260811_121452_stage_B_2C_4168a6e9,inequality,2381,2381,constraint,INEQ-LOWER-D016-H08-PH04
20260811_121452_stage_B_2C_4168a6e9,inequality,2382,2382,constraint,INEQ-UPPER-D016-H08-PH04
20260811_121452_stage_B_2C_4168a6e9,inequality,2383,2383,constraint,INEQ-LOWER-D016-H08-PF01
20260811_121452_stage_B_2C_4168a6e9,inequality,2384,2384,constraint,INEQ-UPPER-D016-H08-PF01
20260811_121452_stage_B_2C_4168a6e9,inequality,2385,2385,constraint,INEQ-LOWER-D016-H08-PF02
20260811_121452_stage_B_2C_4168a6e9,inequality,2386,2386,constraint,INEQ-UPPER-D016-H08-PF02
20260811_121452_stage_B_2C_4168a6e9,inequality,2387,2387,constraint,INEQ-LOWER-D016-H08-PF03
20260811_121452_stage_B_2C_4168a6e9,inequality,2388,2388,constraint,INEQ-UPPER-D016-H08-PF03
20260811_121452_stage_B_2C_4168a6e9,inequality,2389,2389,constraint,INEQ-LOWER-D016-H08-PF04
20260811_121452_stage_B_2C_4168a6e9,inequality,2390,2390,constraint,INEQ-UPPER-D016-H08-PF04
20260811_121452_stage_B_2C_4168a6e9,inequality,2391,2391,constraint,INEQ-LOWER-D016-H08-Pch01
20260811_121452_stage_B_2C_4168a6e9,inequality,2392,2392,constraint,INEQ-UPPER-D016-H08-Pch01
20260811_121452_stage_B_2C_4168a6e9,inequality,2393,2393,constraint,INEQ-LOWER-D016-H08-Pch02
20260811_121452_stage_B_2C_4168a6e9,inequality,2394,2394,constraint,INEQ-UPPER-D016-H08-Pch02
20260811_121452_stage_B_2C_4168a6e9,inequality,2395,2395,constraint,INEQ-LOWER-D016-H08-Pdis01
20260811_121452_stage_B_2C_4168a6e9,inequality,2396,2396,constraint,INEQ-UPPER-D016-H08-Pdis01
20260811_121452_stage_B_2C_4168a6e9,inequality,2397,2397,constraint,INEQ-LOWER-D016-H08-Pdis02
20260811_121452_stage_B_2C_4168a6e9,inequality,2398,2398,constraint,INEQ-UPPER-D016-H08-Pdis02
20260811_121452_stage_B_2C_4168a6e9,inequality,2399,2399,constraint,INEQ-LOWER-D016-H08-SOC01
20260811_121452_stage_B_2C_4168a6e9,inequality,2400,2400,constraint,INEQ-UPPER-D016-H08-SOC01
20260811_121452_stage_B_2C_4168a6e9,inequality,2401,2401,constraint,INEQ-LOWER-D016-H08-SOC02
20260811_121452_stage_B_2C_4168a6e9,inequality,2402,2402,constraint,INEQ-UPPER-D016-H08-SOC02
20260811_121452_stage_B_2C_4168a6e9,inequality,2403,2403,constraint,INEQ-LOWER-D016-H09-PW01
20260811_121452_stage_B_2C_4168a6e9,inequality,2404,2404,constraint,INEQ-UPPER-D016-H09-PW01
20260811_121452_stage_B_2C_4168a6e9,inequality,2405,2405,constraint,INEQ-LOWER-D016-H09-PW02
20260811_121452_stage_B_2C_4168a6e9,inequality,2406,2406,constraint,INEQ-UPPER-D016-H09-PW02
20260811_121452_stage_B_2C_4168a6e9,inequality,2407,2407,constraint,INEQ-LOWER-D016-H09-PW03
20260811_121452_stage_B_2C_4168a6e9,inequality,2408,2408,constraint,INEQ-UPPER-D016-H09-PW03
20260811_121452_stage_B_2C_4168a6e9,inequality,2409,2409,constraint,INEQ-LOWER-D016-H09-PW04
20260811_121452_stage_B_2C_4168a6e9,inequality,2410,2410,constraint,INEQ-UPPER-D016-H09-PW04
20260811_121452_stage_B_2C_4168a6e9,inequality,2411,2411,constraint,INEQ-LOWER-D016-H09-PW05
20260811_121452_stage_B_2C_4168a6e9,inequality,2412,2412,constraint,INEQ-UPPER-D016-H09-PW05
20260811_121452_stage_B_2C_4168a6e9,inequality,2413,2413,constraint,INEQ-LOWER-D016-H09-PP01
20260811_121452_stage_B_2C_4168a6e9,inequality,2414,2414,constraint,INEQ-UPPER-D016-H09-PP01
20260811_121452_stage_B_2C_4168a6e9,inequality,2415,2415,constraint,INEQ-LOWER-D016-H09-PP02
20260811_121452_stage_B_2C_4168a6e9,inequality,2416,2416,constraint,INEQ-UPPER-D016-H09-PP02
20260811_121452_stage_B_2C_4168a6e9,inequality,2417,2417,constraint,INEQ-LOWER-D016-H09-PP03
20260811_121452_stage_B_2C_4168a6e9,inequality,2418,2418,constraint,INEQ-UPPER-D016-H09-PP03
20260811_121452_stage_B_2C_4168a6e9,inequality,2419,2419,constraint,INEQ-LOWER-D016-H09-PP04
20260811_121452_stage_B_2C_4168a6e9,inequality,2420,2420,constraint,INEQ-UPPER-D016-H09-PP04
20260811_121452_stage_B_2C_4168a6e9,inequality,2421,2421,constraint,INEQ-LOWER-D016-H09-PP05
20260811_121452_stage_B_2C_4168a6e9,inequality,2422,2422,constraint,INEQ-UPPER-D016-H09-PP05
20260811_121452_stage_B_2C_4168a6e9,inequality,2423,2423,constraint,INEQ-LOWER-D016-H09-PH01
20260811_121452_stage_B_2C_4168a6e9,inequality,2424,2424,constraint,INEQ-UPPER-D016-H09-PH01
20260811_121452_stage_B_2C_4168a6e9,inequality,2425,2425,constraint,INEQ-LOWER-D016-H09-PH02
20260811_121452_stage_B_2C_4168a6e9,inequality,2426,2426,constraint,INEQ-UPPER-D016-H09-PH02
20260811_121452_stage_B_2C_4168a6e9,inequality,2427,2427,constraint,INEQ-LOWER-D016-H09-PH03
20260811_121452_stage_B_2C_4168a6e9,inequality,2428,2428,constraint,INEQ-UPPER-D016-H09-PH03
20260811_121452_stage_B_2C_4168a6e9,inequality,2429,2429,constraint,INEQ-LOWER-D016-H09-PH04
20260811_121452_stage_B_2C_4168a6e9,inequality,2430,2430,constraint,INEQ-UPPER-D016-H09-PH04
20260811_121452_stage_B_2C_4168a6e9,inequality,2431,2431,constraint,INEQ-LOWER-D016-H09-PF01
20260811_121452_stage_B_2C_4168a6e9,inequality,2432,2432,constraint,INEQ-UPPER-D016-H09-PF01
20260811_121452_stage_B_2C_4168a6e9,inequality,2433,2433,constraint,INEQ-LOWER-D016-H09-PF02
20260811_121452_stage_B_2C_4168a6e9,inequality,2434,2434,constraint,INEQ-UPPER-D016-H09-PF02
20260811_121452_stage_B_2C_4168a6e9,inequality,2435,2435,constraint,INEQ-LOWER-D016-H09-PF03
20260811_121452_stage_B_2C_4168a6e9,inequality,2436,2436,constraint,INEQ-UPPER-D016-H09-PF03
20260811_121452_stage_B_2C_4168a6e9,inequality,2437,2437,constraint,INEQ-LOWER-D016-H09-PF04
20260811_121452_stage_B_2C_4168a6e9,inequality,2438,2438,constraint,INEQ-UPPER-D016-H09-PF04
20260811_121452_stage_B_2C_4168a6e9,inequality,2439,2439,constraint,INEQ-LOWER-D016-H09-Pch01
20260811_121452_stage_B_2C_4168a6e9,inequality,2440,2440,constraint,INEQ-UPPER-D016-H09-Pch01
20260811_121452_stage_B_2C_4168a6e9,inequality,2441,2441,constraint,INEQ-LOWER-D016-H09-Pch02
20260811_121452_stage_B_2C_4168a6e9,inequality,2442,2442,constraint,INEQ-UPPER-D016-H09-Pch02
20260811_121452_stage_B_2C_4168a6e9,inequality,2443,2443,constraint,INEQ-LOWER-D016-H09-Pdis01
20260811_121452_stage_B_2C_4168a6e9,inequality,2444,2444,constraint,INEQ-UPPER-D016-H09-Pdis01
20260811_121452_stage_B_2C_4168a6e9,inequality,2445,2445,constraint,INEQ-LOWER-D016-H09-Pdis02
20260811_121452_stage_B_2C_4168a6e9,inequality,2446,2446,constraint,INEQ-UPPER-D016-H09-Pdis02
20260811_121452_stage_B_2C_4168a6e9,inequality,2447,2447,constraint,INEQ-LOWER-D016-H09-SOC01
20260811_121452_stage_B_2C_4168a6e9,inequality,2448,2448,constraint,INEQ-UPPER-D016-H09-SOC01
20260811_121452_stage_B_2C_4168a6e9,inequality,2449,2449,constraint,INEQ-LOWER-D016-H09-SOC02
20260811_121452_stage_B_2C_4168a6e9,inequality,2450,2450,constraint,INEQ-UPPER-D016-H09-SOC02
20260811_121452_stage_B_2C_4168a6e9,inequality,2451,2451,constraint,INEQ-LOWER-D016-H10-PW01
20260811_121452_stage_B_2C_4168a6e9,inequality,2452,2452,constraint,INEQ-UPPER-D016-H10-PW01
20260811_121452_stage_B_2C_4168a6e9,inequality,2453,2453,constraint,INEQ-LOWER-D016-H10-PW02
20260811_121452_stage_B_2C_4168a6e9,inequality,2454,2454,constraint,INEQ-UPPER-D016-H10-PW02
20260811_121452_stage_B_2C_4168a6e9,inequality,2455,2455,constraint,INEQ-LOWER-D016-H10-PW03
20260811_121452_stage_B_2C_4168a6e9,inequality,2456,2456,constraint,INEQ-UPPER-D016-H10-PW03
20260811_121452_stage_B_2C_4168a6e9,inequality,2457,2457,constraint,INEQ-LOWER-D016-H10-PW04
20260811_121452_stage_B_2C_4168a6e9,inequality,2458,2458,constraint,INEQ-UPPER-D016-H10-PW04
20260811_121452_stage_B_2C_4168a6e9,inequality,2459,2459,constraint,INEQ-LOWER-D016-H10-PW05
20260811_121452_stage_B_2C_4168a6e9,inequality,2460,2460,constraint,INEQ-UPPER-D016-H10-PW05
20260811_121452_stage_B_2C_4168a6e9,inequality,2461,2461,constraint,INEQ-LOWER-D016-H10-PP01
20260811_121452_stage_B_2C_4168a6e9,inequality,2462,2462,constraint,INEQ-UPPER-D016-H10-PP01
20260811_121452_stage_B_2C_4168a6e9,inequality,2463,2463,constraint,INEQ-LOWER-D016-H10-PP02
20260811_121452_stage_B_2C_4168a6e9,inequality,2464,2464,constraint,INEQ-UPPER-D016-H10-PP02
20260811_121452_stage_B_2C_4168a6e9,inequality,2465,2465,constraint,INEQ-LOWER-D016-H10-PP03
20260811_121452_stage_B_2C_4168a6e9,inequality,2466,2466,constraint,INEQ-UPPER-D016-H10-PP03
20260811_121452_stage_B_2C_4168a6e9,inequality,2467,2467,constraint,INEQ-LOWER-D016-H10-PP04
20260811_121452_stage_B_2C_4168a6e9,inequality,2468,2468,constraint,INEQ-UPPER-D016-H10-PP04
20260811_121452_stage_B_2C_4168a6e9,inequality,2469,2469,constraint,INEQ-LOWER-D016-H10-PP05
20260811_121452_stage_B_2C_4168a6e9,inequality,2470,2470,constraint,INEQ-UPPER-D016-H10-PP05
20260811_121452_stage_B_2C_4168a6e9,inequality,2471,2471,constraint,INEQ-LOWER-D016-H10-PH01
20260811_121452_stage_B_2C_4168a6e9,inequality,2472,2472,constraint,INEQ-UPPER-D016-H10-PH01
20260811_121452_stage_B_2C_4168a6e9,inequality,2473,2473,constraint,INEQ-LOWER-D016-H10-PH02
20260811_121452_stage_B_2C_4168a6e9,inequality,2474,2474,constraint,INEQ-UPPER-D016-H10-PH02
20260811_121452_stage_B_2C_4168a6e9,inequality,2475,2475,constraint,INEQ-LOWER-D016-H10-PH03
20260811_121452_stage_B_2C_4168a6e9,inequality,2476,2476,constraint,INEQ-UPPER-D016-H10-PH03
20260811_121452_stage_B_2C_4168a6e9,inequality,2477,2477,constraint,INEQ-LOWER-D016-H10-PH04
20260811_121452_stage_B_2C_4168a6e9,inequality,2478,2478,constraint,INEQ-UPPER-D016-H10-PH04
20260811_121452_stage_B_2C_4168a6e9,inequality,2479,2479,constraint,INEQ-LOWER-D016-H10-PF01
20260811_121452_stage_B_2C_4168a6e9,inequality,2480,2480,constraint,INEQ-UPPER-D016-H10-PF01
20260811_121452_stage_B_2C_4168a6e9,inequality,2481,2481,constraint,INEQ-LOWER-D016-H10-PF02
20260811_121452_stage_B_2C_4168a6e9,inequality,2482,2482,constraint,INEQ-UPPER-D016-H10-PF02
20260811_121452_stage_B_2C_4168a6e9,inequality,2483,2483,constraint,INEQ-LOWER-D016-H10-PF03
20260811_121452_stage_B_2C_4168a6e9,inequality,2484,2484,constraint,INEQ-UPPER-D016-H10-PF03
20260811_121452_stage_B_2C_4168a6e9,inequality,2485,2485,constraint,INEQ-LOWER-D016-H10-PF04
20260811_121452_stage_B_2C_4168a6e9,inequality,2486,2486,constraint,INEQ-UPPER-D016-H10-PF04
20260811_121452_stage_B_2C_4168a6e9,inequality,2487,2487,constraint,INEQ-LOWER-D016-H10-Pch01
20260811_121452_stage_B_2C_4168a6e9,inequality,2488,2488,constraint,INEQ-UPPER-D016-H10-Pch01
20260811_121452_stage_B_2C_4168a6e9,inequality,2489,2489,constraint,INEQ-LOWER-D016-H10-Pch02
20260811_121452_stage_B_2C_4168a6e9,inequality,2490,2490,constraint,INEQ-UPPER-D016-H10-Pch02
20260811_121452_stage_B_2C_4168a6e9,inequality,2491,2491,constraint,INEQ-LOWER-D016-H10-Pdis01
20260811_121452_stage_B_2C_4168a6e9,inequality,2492,2492,constraint,INEQ-UPPER-D016-H10-Pdis01
20260811_121452_stage_B_2C_4168a6e9,inequality,2493,2493,constraint,INEQ-LOWER-D016-H10-Pdis02
20260811_121452_stage_B_2C_4168a6e9,inequality,2494,2494,constraint,INEQ-UPPER-D016-H10-Pdis02
20260811_121452_stage_B_2C_4168a6e9,inequality,2495,2495,constraint,INEQ-LOWER-D016-H10-SOC01
20260811_121452_stage_B_2C_4168a6e9,inequality,2496,2496,constraint,INEQ-UPPER-D016-H10-SOC01
20260811_121452_stage_B_2C_4168a6e9,inequality,2497,2497,constraint,INEQ-LOWER-D016-H10-SOC02
20260811_121452_stage_B_2C_4168a6e9,inequality,2498,2498,constraint,INEQ-UPPER-D016-H10-SOC02
20260811_121452_stage_B_2C_4168a6e9,inequality,2499,2499,constraint,INEQ-LOWER-D016-H11-PW01
20260811_121452_stage_B_2C_4168a6e9,inequality,2500,2500,constraint,INEQ-UPPER-D016-H11-PW01
20260811_121452_stage_B_2C_4168a6e9,inequality,2501,2501,constraint,INEQ-LOWER-D016-H11-PW02
20260811_121452_stage_B_2C_4168a6e9,inequality,2502,2502,constraint,INEQ-UPPER-D016-H11-PW02
20260811_121452_stage_B_2C_4168a6e9,inequality,2503,2503,constraint,INEQ-LOWER-D016-H11-PW03
20260811_121452_stage_B_2C_4168a6e9,inequality,2504,2504,constraint,INEQ-UPPER-D016-H11-PW03
20260811_121452_stage_B_2C_4168a6e9,inequality,2505,2505,constraint,INEQ-LOWER-D016-H11-PW04
20260811_121452_stage_B_2C_4168a6e9,inequality,2506,2506,constraint,INEQ-UPPER-D016-H11-PW04
20260811_121452_stage_B_2C_4168a6e9,inequality,2507,2507,constraint,INEQ-LOWER-D016-H11-PW05
20260811_121452_stage_B_2C_4168a6e9,inequality,2508,2508,constraint,INEQ-UPPER-D016-H11-PW05
20260811_121452_stage_B_2C_4168a6e9,inequality,2509,2509,constraint,INEQ-LOWER-D016-H11-PP01
20260811_121452_stage_B_2C_4168a6e9,inequality,2510,2510,constraint,INEQ-UPPER-D016-H11-PP01
20260811_121452_stage_B_2C_4168a6e9,inequality,2511,2511,constraint,INEQ-LOWER-D016-H11-PP02
20260811_121452_stage_B_2C_4168a6e9,inequality,2512,2512,constraint,INEQ-UPPER-D016-H11-PP02
20260811_121452_stage_B_2C_4168a6e9,inequality,2513,2513,constraint,INEQ-LOWER-D016-H11-PP03
20260811_121452_stage_B_2C_4168a6e9,inequality,2514,2514,constraint,INEQ-UPPER-D016-H11-PP03
20260811_121452_stage_B_2C_4168a6e9,inequality,2515,2515,constraint,INEQ-LOWER-D016-H11-PP04
20260811_121452_stage_B_2C_4168a6e9,inequality,2516,2516,constraint,INEQ-UPPER-D016-H11-PP04
20260811_121452_stage_B_2C_4168a6e9,inequality,2517,2517,constraint,INEQ-LOWER-D016-H11-PP05
20260811_121452_stage_B_2C_4168a6e9,inequality,2518,2518,constraint,INEQ-UPPER-D016-H11-PP05
20260811_121452_stage_B_2C_4168a6e9,inequality,2519,2519,constraint,INEQ-LOWER-D016-H11-PH01
20260811_121452_stage_B_2C_4168a6e9,inequality,2520,2520,constraint,INEQ-UPPER-D016-H11-PH01
20260811_121452_stage_B_2C_4168a6e9,inequality,2521,2521,constraint,INEQ-LOWER-D016-H11-PH02
20260811_121452_stage_B_2C_4168a6e9,inequality,2522,2522,constraint,INEQ-UPPER-D016-H11-PH02
20260811_121452_stage_B_2C_4168a6e9,inequality,2523,2523,constraint,INEQ-LOWER-D016-H11-PH03
20260811_121452_stage_B_2C_4168a6e9,inequality,2524,2524,constraint,INEQ-UPPER-D016-H11-PH03
20260811_121452_stage_B_2C_4168a6e9,inequality,2525,2525,constraint,INEQ-LOWER-D016-H11-PH04
20260811_121452_stage_B_2C_4168a6e9,inequality,2526,2526,constraint,INEQ-UPPER-D016-H11-PH04
20260811_121452_stage_B_2C_4168a6e9,inequality,2527,2527,constraint,INEQ-LOWER-D016-H11-PF01
20260811_121452_stage_B_2C_4168a6e9,inequality,2528,2528,constraint,INEQ-UPPER-D016-H11-PF01
20260811_121452_stage_B_2C_4168a6e9,inequality,2529,2529,constraint,INEQ-LOWER-D016-H11-PF02
20260811_121452_stage_B_2C_4168a6e9,inequality,2530,2530,constraint,INEQ-UPPER-D016-H11-PF02
20260811_121452_stage_B_2C_4168a6e9,inequality,2531,2531,constraint,INEQ-LOWER-D016-H11-PF03
20260811_121452_stage_B_2C_4168a6e9,inequality,2532,2532,constraint,INEQ-UPPER-D016-H11-PF03
20260811_121452_stage_B_2C_4168a6e9,inequality,2533,2533,constraint,INEQ-LOWER-D016-H11-PF04
20260811_121452_stage_B_2C_4168a6e9,inequality,2534,2534,constraint,INEQ-UPPER-D016-H11-PF04
20260811_121452_stage_B_2C_4168a6e9,inequality,2535,2535,constraint,INEQ-LOWER-D016-H11-Pch01
20260811_121452_stage_B_2C_4168a6e9,inequality,2536,2536,constraint,INEQ-UPPER-D016-H11-Pch01
20260811_121452_stage_B_2C_4168a6e9,inequality,2537,2537,constraint,INEQ-LOWER-D016-H11-Pch02
20260811_121452_stage_B_2C_4168a6e9,inequality,2538,2538,constraint,INEQ-UPPER-D016-H11-Pch02
20260811_121452_stage_B_2C_4168a6e9,inequality,2539,2539,constraint,INEQ-LOWER-D016-H11-Pdis01
20260811_121452_stage_B_2C_4168a6e9,inequality,2540,2540,constraint,INEQ-UPPER-D016-H11-Pdis01
20260811_121452_stage_B_2C_4168a6e9,inequality,2541,2541,constraint,INEQ-LOWER-D016-H11-Pdis02
20260811_121452_stage_B_2C_4168a6e9,inequality,2542,2542,constraint,INEQ-UPPER-D016-H11-Pdis02
20260811_121452_stage_B_2C_4168a6e9,inequality,2543,2543,constraint,INEQ-LOWER-D016-H11-SOC01
20260811_121452_stage_B_2C_4168a6e9,inequality,2544,2544,constraint,INEQ-UPPER-D016-H11-SOC01
20260811_121452_stage_B_2C_4168a6e9,inequality,2545,2545,constraint,INEQ-LOWER-D016-H11-SOC02
20260811_121452_stage_B_2C_4168a6e9,inequality,2546,2546,constraint,INEQ-UPPER-D016-H11-SOC02
20260811_121452_stage_B_2C_4168a6e9,inequality,2547,2547,constraint,INEQ-LOWER-D016-H12-PW01
20260811_121452_stage_B_2C_4168a6e9,inequality,2548,2548,constraint,INEQ-UPPER-D016-H12-PW01
20260811_121452_stage_B_2C_4168a6e9,inequality,2549,2549,constraint,INEQ-LOWER-D016-H12-PW02
20260811_121452_stage_B_2C_4168a6e9,inequality,2550,2550,constraint,INEQ-UPPER-D016-H12-PW02
20260811_121452_stage_B_2C_4168a6e9,inequality,2551,2551,constraint,INEQ-LOWER-D016-H12-PW03
20260811_121452_stage_B_2C_4168a6e9,inequality,2552,2552,constraint,INEQ-UPPER-D016-H12-PW03
20260811_121452_stage_B_2C_4168a6e9,inequality,2553,2553,constraint,INEQ-LOWER-D016-H12-PW04
20260811_121452_stage_B_2C_4168a6e9,inequality,2554,2554,constraint,INEQ-UPPER-D016-H12-PW04
20260811_121452_stage_B_2C_4168a6e9,inequality,2555,2555,constraint,INEQ-LOWER-D016-H12-PW05
20260811_121452_stage_B_2C_4168a6e9,inequality,2556,2556,constraint,INEQ-UPPER-D016-H12-PW05
20260811_121452_stage_B_2C_4168a6e9,inequality,2557,2557,constraint,INEQ-LOWER-D016-H12-PP01
20260811_121452_stage_B_2C_4168a6e9,inequality,2558,2558,constraint,INEQ-UPPER-D016-H12-PP01
20260811_121452_stage_B_2C_4168a6e9,inequality,2559,2559,constraint,INEQ-LOWER-D016-H12-PP02
20260811_121452_stage_B_2C_4168a6e9,inequality,2560,2560,constraint,INEQ-UPPER-D016-H12-PP02
20260811_121452_stage_B_2C_4168a6e9,inequality,2561,2561,constraint,INEQ-LOWER-D016-H12-PP03
20260811_121452_stage_B_2C_4168a6e9,inequality,2562,2562,constraint,INEQ-UPPER-D016-H12-PP03
20260811_121452_stage_B_2C_4168a6e9,inequality,2563,2563,constraint,INEQ-LOWER-D016-H12-PP04
20260811_121452_stage_B_2C_4168a6e9,inequality,2564,2564,constraint,INEQ-UPPER-D016-H12-PP04
20260811_121452_stage_B_2C_4168a6e9,inequality,2565,2565,constraint,INEQ-LOWER-D016-H12-PP05
20260811_121452_stage_B_2C_4168a6e9,inequality,2566,2566,constraint,INEQ-UPPER-D016-H12-PP05
20260811_121452_stage_B_2C_4168a6e9,inequality,2567,2567,constraint,INEQ-LOWER-D016-H12-PH01
20260811_121452_stage_B_2C_4168a6e9,inequality,2568,2568,constraint,INEQ-UPPER-D016-H12-PH01
20260811_121452_stage_B_2C_4168a6e9,inequality,2569,2569,constraint,INEQ-LOWER-D016-H12-PH02
20260811_121452_stage_B_2C_4168a6e9,inequality,2570,2570,constraint,INEQ-UPPER-D016-H12-PH02
20260811_121452_stage_B_2C_4168a6e9,inequality,2571,2571,constraint,INEQ-LOWER-D016-H12-PH03
20260811_121452_stage_B_2C_4168a6e9,inequality,2572,2572,constraint,INEQ-UPPER-D016-H12-PH03
20260811_121452_stage_B_2C_4168a6e9,inequality,2573,2573,constraint,INEQ-LOWER-D016-H12-PH04
20260811_121452_stage_B_2C_4168a6e9,inequality,2574,2574,constraint,INEQ-UPPER-D016-H12-PH04
20260811_121452_stage_B_2C_4168a6e9,inequality,2575,2575,constraint,INEQ-LOWER-D016-H12-PF01
20260811_121452_stage_B_2C_4168a6e9,inequality,2576,2576,constraint,INEQ-UPPER-D016-H12-PF01
20260811_121452_stage_B_2C_4168a6e9,inequality,2577,2577,constraint,INEQ-LOWER-D016-H12-PF02
20260811_121452_stage_B_2C_4168a6e9,inequality,2578,2578,constraint,INEQ-UPPER-D016-H12-PF02
20260811_121452_stage_B_2C_4168a6e9,inequality,2579,2579,constraint,INEQ-LOWER-D016-H12-PF03
20260811_121452_stage_B_2C_4168a6e9,inequality,2580,2580,constraint,INEQ-UPPER-D016-H12-PF03
20260811_121452_stage_B_2C_4168a6e9,inequality,2581,2581,constraint,INEQ-LOWER-D016-H12-PF04
20260811_121452_stage_B_2C_4168a6e9,inequality,2582,2582,constraint,INEQ-UPPER-D016-H12-PF04
20260811_121452_stage_B_2C_4168a6e9,inequality,2583,2583,constraint,INEQ-LOWER-D016-H12-Pch01
20260811_121452_stage_B_2C_4168a6e9,inequality,2584,2584,constraint,INEQ-UPPER-D016-H12-Pch01
20260811_121452_stage_B_2C_4168a6e9,inequality,2585,2585,constraint,INEQ-LOWER-D016-H12-Pch02
20260811_121452_stage_B_2C_4168a6e9,inequality,2586,2586,constraint,INEQ-UPPER-D016-H12-Pch02
20260811_121452_stage_B_2C_4168a6e9,inequality,2587,2587,constraint,INEQ-LOWER-D016-H12-Pdis01
20260811_121452_stage_B_2C_4168a6e9,inequality,2588,2588,constraint,INEQ-UPPER-D016-H12-Pdis01
20260811_121452_stage_B_2C_4168a6e9,inequality,2589,2589,constraint,INEQ-LOWER-D016-H12-Pdis02
20260811_121452_stage_B_2C_4168a6e9,inequality,2590,2590,constraint,INEQ-UPPER-D016-H12-Pdis02
20260811_121452_stage_B_2C_4168a6e9,inequality,2591,2591,constraint,INEQ-LOWER-D016-H12-SOC01
20260811_121452_stage_B_2C_4168a6e9,inequality,2592,2592,constraint,INEQ-UPPER-D016-H12-SOC01
20260811_121452_stage_B_2C_4168a6e9,inequality,2593,2593,constraint,INEQ-LOWER-D016-H12-SOC02
20260811_121452_stage_B_2C_4168a6e9,inequality,2594,2594,constraint,INEQ-UPPER-D016-H12-SOC02
20260811_121452_stage_B_2C_4168a6e9,inequality,2595,2595,constraint,INEQ-LOWER-D016-H13-PW01
20260811_121452_stage_B_2C_4168a6e9,inequality,2596,2596,constraint,INEQ-UPPER-D016-H13-PW01
20260811_121452_stage_B_2C_4168a6e9,inequality,2597,2597,constraint,INEQ-LOWER-D016-H13-PW02
20260811_121452_stage_B_2C_4168a6e9,inequality,2598,2598,constraint,INEQ-UPPER-D016-H13-PW02
20260811_121452_stage_B_2C_4168a6e9,inequality,2599,2599,constraint,INEQ-LOWER-D016-H13-PW03
20260811_121452_stage_B_2C_4168a6e9,inequality,2600,2600,constraint,INEQ-UPPER-D016-H13-PW03
20260811_121452_stage_B_2C_4168a6e9,inequality,2601,2601,constraint,INEQ-LOWER-D016-H13-PW04
20260811_121452_stage_B_2C_4168a6e9,inequality,2602,2602,constraint,INEQ-UPPER-D016-H13-PW04
20260811_121452_stage_B_2C_4168a6e9,inequality,2603,2603,constraint,INEQ-LOWER-D016-H13-PW05
20260811_121452_stage_B_2C_4168a6e9,inequality,2604,2604,constraint,INEQ-UPPER-D016-H13-PW05
20260811_121452_stage_B_2C_4168a6e9,inequality,2605,2605,constraint,INEQ-LOWER-D016-H13-PP01
20260811_121452_stage_B_2C_4168a6e9,inequality,2606,2606,constraint,INEQ-UPPER-D016-H13-PP01
20260811_121452_stage_B_2C_4168a6e9,inequality,2607,2607,constraint,INEQ-LOWER-D016-H13-PP02
20260811_121452_stage_B_2C_4168a6e9,inequality,2608,2608,constraint,INEQ-UPPER-D016-H13-PP02
20260811_121452_stage_B_2C_4168a6e9,inequality,2609,2609,constraint,INEQ-LOWER-D016-H13-PP03
20260811_121452_stage_B_2C_4168a6e9,inequality,2610,2610,constraint,INEQ-UPPER-D016-H13-PP03
20260811_121452_stage_B_2C_4168a6e9,inequality,2611,2611,constraint,INEQ-LOWER-D016-H13-PP04
20260811_121452_stage_B_2C_4168a6e9,inequality,2612,2612,constraint,INEQ-UPPER-D016-H13-PP04
20260811_121452_stage_B_2C_4168a6e9,inequality,2613,2613,constraint,INEQ-LOWER-D016-H13-PP05
20260811_121452_stage_B_2C_4168a6e9,inequality,2614,2614,constraint,INEQ-UPPER-D016-H13-PP05
20260811_121452_stage_B_2C_4168a6e9,inequality,2615,2615,constraint,INEQ-LOWER-D016-H13-PH01
20260811_121452_stage_B_2C_4168a6e9,inequality,2616,2616,constraint,INEQ-UPPER-D016-H13-PH01
20260811_121452_stage_B_2C_4168a6e9,inequality,2617,2617,constraint,INEQ-LOWER-D016-H13-PH02
20260811_121452_stage_B_2C_4168a6e9,inequality,2618,2618,constraint,INEQ-UPPER-D016-H13-PH02
20260811_121452_stage_B_2C_4168a6e9,inequality,2619,2619,constraint,INEQ-LOWER-D016-H13-PH03
20260811_121452_stage_B_2C_4168a6e9,inequality,2620,2620,constraint,INEQ-UPPER-D016-H13-PH03
20260811_121452_stage_B_2C_4168a6e9,inequality,2621,2621,constraint,INEQ-LOWER-D016-H13-PH04
20260811_121452_stage_B_2C_4168a6e9,inequality,2622,2622,constraint,INEQ-UPPER-D016-H13-PH04
20260811_121452_stage_B_2C_4168a6e9,inequality,2623,2623,constraint,INEQ-LOWER-D016-H13-PF01
20260811_121452_stage_B_2C_4168a6e9,inequality,2624,2624,constraint,INEQ-UPPER-D016-H13-PF01
20260811_121452_stage_B_2C_4168a6e9,inequality,2625,2625,constraint,INEQ-LOWER-D016-H13-PF02
20260811_121452_stage_B_2C_4168a6e9,inequality,2626,2626,constraint,INEQ-UPPER-D016-H13-PF02
20260811_121452_stage_B_2C_4168a6e9,inequality,2627,2627,constraint,INEQ-LOWER-D016-H13-PF03
20260811_121452_stage_B_2C_4168a6e9,inequality,2628,2628,constraint,INEQ-UPPER-D016-H13-PF03
20260811_121452_stage_B_2C_4168a6e9,inequality,2629,2629,constraint,INEQ-LOWER-D016-H13-PF04
20260811_121452_stage_B_2C_4168a6e9,inequality,2630,2630,constraint,INEQ-UPPER-D016-H13-PF04
20260811_121452_stage_B_2C_4168a6e9,inequality,2631,2631,constraint,INEQ-LOWER-D016-H13-Pch01
20260811_121452_stage_B_2C_4168a6e9,inequality,2632,2632,constraint,INEQ-UPPER-D016-H13-Pch01
20260811_121452_stage_B_2C_4168a6e9,inequality,2633,2633,constraint,INEQ-LOWER-D016-H13-Pch02
20260811_121452_stage_B_2C_4168a6e9,inequality,2634,2634,constraint,INEQ-UPPER-D016-H13-Pch02
20260811_121452_stage_B_2C_4168a6e9,inequality,2635,2635,constraint,INEQ-LOWER-D016-H13-Pdis01
20260811_121452_stage_B_2C_4168a6e9,inequality,2636,2636,constraint,INEQ-UPPER-D016-H13-Pdis01
20260811_121452_stage_B_2C_4168a6e9,inequality,2637,2637,constraint,INEQ-LOWER-D016-H13-Pdis02
20260811_121452_stage_B_2C_4168a6e9,inequality,2638,2638,constraint,INEQ-UPPER-D016-H13-Pdis02
20260811_121452_stage_B_2C_4168a6e9,inequality,2639,2639,constraint,INEQ-LOWER-D016-H13-SOC01
20260811_121452_stage_B_2C_4168a6e9,inequality,2640,2640,constraint,INEQ-UPPER-D016-H13-SOC01
20260811_121452_stage_B_2C_4168a6e9,inequality,2641,2641,constraint,INEQ-LOWER-D016-H13-SOC02
20260811_121452_stage_B_2C_4168a6e9,inequality,2642,2642,constraint,INEQ-UPPER-D016-H13-SOC02
20260811_121452_stage_B_2C_4168a6e9,inequality,2643,2643,constraint,INEQ-LOWER-D016-H14-PW01
20260811_121452_stage_B_2C_4168a6e9,inequality,2644,2644,constraint,INEQ-UPPER-D016-H14-PW01
20260811_121452_stage_B_2C_4168a6e9,inequality,2645,2645,constraint,INEQ-LOWER-D016-H14-PW02
20260811_121452_stage_B_2C_4168a6e9,inequality,2646,2646,constraint,INEQ-UPPER-D016-H14-PW02
20260811_121452_stage_B_2C_4168a6e9,inequality,2647,2647,constraint,INEQ-LOWER-D016-H14-PW03
20260811_121452_stage_B_2C_4168a6e9,inequality,2648,2648,constraint,INEQ-UPPER-D016-H14-PW03
20260811_121452_stage_B_2C_4168a6e9,inequality,2649,2649,constraint,INEQ-LOWER-D016-H14-PW04
20260811_121452_stage_B_2C_4168a6e9,inequality,2650,2650,constraint,INEQ-UPPER-D016-H14-PW04
20260811_121452_stage_B_2C_4168a6e9,inequality,2651,2651,constraint,INEQ-LOWER-D016-H14-PW05
20260811_121452_stage_B_2C_4168a6e9,inequality,2652,2652,constraint,INEQ-UPPER-D016-H14-PW05
20260811_121452_stage_B_2C_4168a6e9,inequality,2653,2653,constraint,INEQ-LOWER-D016-H14-PP01
20260811_121452_stage_B_2C_4168a6e9,inequality,2654,2654,constraint,INEQ-UPPER-D016-H14-PP01
20260811_121452_stage_B_2C_4168a6e9,inequality,2655,2655,constraint,INEQ-LOWER-D016-H14-PP02
20260811_121452_stage_B_2C_4168a6e9,inequality,2656,2656,constraint,INEQ-UPPER-D016-H14-PP02
20260811_121452_stage_B_2C_4168a6e9,inequality,2657,2657,constraint,INEQ-LOWER-D016-H14-PP03
20260811_121452_stage_B_2C_4168a6e9,inequality,2658,2658,constraint,INEQ-UPPER-D016-H14-PP03
20260811_121452_stage_B_2C_4168a6e9,inequality,2659,2659,constraint,INEQ-LOWER-D016-H14-PP04
20260811_121452_stage_B_2C_4168a6e9,inequality,2660,2660,constraint,INEQ-UPPER-D016-H14-PP04
20260811_121452_stage_B_2C_4168a6e9,inequality,2661,2661,constraint,INEQ-LOWER-D016-H14-PP05
20260811_121452_stage_B_2C_4168a6e9,inequality,2662,2662,constraint,INEQ-UPPER-D016-H14-PP05
20260811_121452_stage_B_2C_4168a6e9,inequality,2663,2663,constraint,INEQ-LOWER-D016-H14-PH01
20260811_121452_stage_B_2C_4168a6e9,inequality,2664,2664,constraint,INEQ-UPPER-D016-H14-PH01
20260811_121452_stage_B_2C_4168a6e9,inequality,2665,2665,constraint,INEQ-LOWER-D016-H14-PH02
20260811_121452_stage_B_2C_4168a6e9,inequality,2666,2666,constraint,INEQ-UPPER-D016-H14-PH02
20260811_121452_stage_B_2C_4168a6e9,inequality,2667,2667,constraint,INEQ-LOWER-D016-H14-PH03
20260811_121452_stage_B_2C_4168a6e9,inequality,2668,2668,constraint,INEQ-UPPER-D016-H14-PH03
20260811_121452_stage_B_2C_4168a6e9,inequality,2669,2669,constraint,INEQ-LOWER-D016-H14-PH04
20260811_121452_stage_B_2C_4168a6e9,inequality,2670,2670,constraint,INEQ-UPPER-D016-H14-PH04
20260811_121452_stage_B_2C_4168a6e9,inequality,2671,2671,constraint,INEQ-LOWER-D016-H14-PF01
20260811_121452_stage_B_2C_4168a6e9,inequality,2672,2672,constraint,INEQ-UPPER-D016-H14-PF01
20260811_121452_stage_B_2C_4168a6e9,inequality,2673,2673,constraint,INEQ-LOWER-D016-H14-PF02
20260811_121452_stage_B_2C_4168a6e9,inequality,2674,2674,constraint,INEQ-UPPER-D016-H14-PF02
20260811_121452_stage_B_2C_4168a6e9,inequality,2675,2675,constraint,INEQ-LOWER-D016-H14-PF03
20260811_121452_stage_B_2C_4168a6e9,inequality,2676,2676,constraint,INEQ-UPPER-D016-H14-PF03
20260811_121452_stage_B_2C_4168a6e9,inequality,2677,2677,constraint,INEQ-LOWER-D016-H14-PF04
20260811_121452_stage_B_2C_4168a6e9,inequality,2678,2678,constraint,INEQ-UPPER-D016-H14-PF04
20260811_121452_stage_B_2C_4168a6e9,inequality,2679,2679,constraint,INEQ-LOWER-D016-H14-Pch01
20260811_121452_stage_B_2C_4168a6e9,inequality,2680,2680,constraint,INEQ-UPPER-D016-H14-Pch01
20260811_121452_stage_B_2C_4168a6e9,inequality,2681,2681,constraint,INEQ-LOWER-D016-H14-Pch02
20260811_121452_stage_B_2C_4168a6e9,inequality,2682,2682,constraint,INEQ-UPPER-D016-H14-Pch02
20260811_121452_stage_B_2C_4168a6e9,inequality,2683,2683,constraint,INEQ-LOWER-D016-H14-Pdis01
20260811_121452_stage_B_2C_4168a6e9,inequality,2684,2684,constraint,INEQ-UPPER-D016-H14-Pdis01
20260811_121452_stage_B_2C_4168a6e9,inequality,2685,2685,constraint,INEQ-LOWER-D016-H14-Pdis02
20260811_121452_stage_B_2C_4168a6e9,inequality,2686,2686,constraint,INEQ-UPPER-D016-H14-Pdis02
20260811_121452_stage_B_2C_4168a6e9,inequality,2687,2687,constraint,INEQ-LOWER-D016-H14-SOC01
20260811_121452_stage_B_2C_4168a6e9,inequality,2688,2688,constraint,INEQ-UPPER-D016-H14-SOC01
20260811_121452_stage_B_2C_4168a6e9,inequality,2689,2689,constraint,INEQ-LOWER-D016-H14-SOC02
20260811_121452_stage_B_2C_4168a6e9,inequality,2690,2690,constraint,INEQ-UPPER-D016-H14-SOC02
20260811_121452_stage_B_2C_4168a6e9,inequality,2691,2691,constraint,INEQ-LOWER-D016-H15-PW01
20260811_121452_stage_B_2C_4168a6e9,inequality,2692,2692,constraint,INEQ-UPPER-D016-H15-PW01
20260811_121452_stage_B_2C_4168a6e9,inequality,2693,2693,constraint,INEQ-LOWER-D016-H15-PW02
20260811_121452_stage_B_2C_4168a6e9,inequality,2694,2694,constraint,INEQ-UPPER-D016-H15-PW02
20260811_121452_stage_B_2C_4168a6e9,inequality,2695,2695,constraint,INEQ-LOWER-D016-H15-PW03
20260811_121452_stage_B_2C_4168a6e9,inequality,2696,2696,constraint,INEQ-UPPER-D016-H15-PW03
20260811_121452_stage_B_2C_4168a6e9,inequality,2697,2697,constraint,INEQ-LOWER-D016-H15-PW04
20260811_121452_stage_B_2C_4168a6e9,inequality,2698,2698,constraint,INEQ-UPPER-D016-H15-PW04
20260811_121452_stage_B_2C_4168a6e9,inequality,2699,2699,constraint,INEQ-LOWER-D016-H15-PW05
20260811_121452_stage_B_2C_4168a6e9,inequality,2700,2700,constraint,INEQ-UPPER-D016-H15-PW05
20260811_121452_stage_B_2C_4168a6e9,inequality,2701,2701,constraint,INEQ-LOWER-D016-H15-PP01
20260811_121452_stage_B_2C_4168a6e9,inequality,2702,2702,constraint,INEQ-UPPER-D016-H15-PP01
20260811_121452_stage_B_2C_4168a6e9,inequality,2703,2703,constraint,INEQ-LOWER-D016-H15-PP02
20260811_121452_stage_B_2C_4168a6e9,inequality,2704,2704,constraint,INEQ-UPPER-D016-H15-PP02
20260811_121452_stage_B_2C_4168a6e9,inequality,2705,2705,constraint,INEQ-LOWER-D016-H15-PP03
20260811_121452_stage_B_2C_4168a6e9,inequality,2706,2706,constraint,INEQ-UPPER-D016-H15-PP03
20260811_121452_stage_B_2C_4168a6e9,inequality,2707,2707,constraint,INEQ-LOWER-D016-H15-PP04
20260811_121452_stage_B_2C_4168a6e9,inequality,2708,2708,constraint,INEQ-UPPER-D016-H15-PP04
20260811_121452_stage_B_2C_4168a6e9,inequality,2709,2709,constraint,INEQ-LOWER-D016-H15-PP05
20260811_121452_stage_B_2C_4168a6e9,inequality,2710,2710,constraint,INEQ-UPPER-D016-H15-PP05
20260811_121452_stage_B_2C_4168a6e9,inequality,2711,2711,constraint,INEQ-LOWER-D016-H15-PH01
20260811_121452_stage_B_2C_4168a6e9,inequality,2712,2712,constraint,INEQ-UPPER-D016-H15-PH01
20260811_121452_stage_B_2C_4168a6e9,inequality,2713,2713,constraint,INEQ-LOWER-D016-H15-PH02
20260811_121452_stage_B_2C_4168a6e9,inequality,2714,2714,constraint,INEQ-UPPER-D016-H15-PH02
20260811_121452_stage_B_2C_4168a6e9,inequality,2715,2715,constraint,INEQ-LOWER-D016-H15-PH03
20260811_121452_stage_B_2C_4168a6e9,inequality,2716,2716,constraint,INEQ-UPPER-D016-H15-PH03
20260811_121452_stage_B_2C_4168a6e9,inequality,2717,2717,constraint,INEQ-LOWER-D016-H15-PH04
20260811_121452_stage_B_2C_4168a6e9,inequality,2718,2718,constraint,INEQ-UPPER-D016-H15-PH04
20260811_121452_stage_B_2C_4168a6e9,inequality,2719,2719,constraint,INEQ-LOWER-D016-H15-PF01
20260811_121452_stage_B_2C_4168a6e9,inequality,2720,2720,constraint,INEQ-UPPER-D016-H15-PF01
20260811_121452_stage_B_2C_4168a6e9,inequality,2721,2721,constraint,INEQ-LOWER-D016-H15-PF02
20260811_121452_stage_B_2C_4168a6e9,inequality,2722,2722,constraint,INEQ-UPPER-D016-H15-PF02
20260811_121452_stage_B_2C_4168a6e9,inequality,2723,2723,constraint,INEQ-LOWER-D016-H15-PF03
20260811_121452_stage_B_2C_4168a6e9,inequality,2724,2724,constraint,INEQ-UPPER-D016-H15-PF03
20260811_121452_stage_B_2C_4168a6e9,inequality,2725,2725,constraint,INEQ-LOWER-D016-H15-PF04
20260811_121452_stage_B_2C_4168a6e9,inequality,2726,2726,constraint,INEQ-UPPER-D016-H15-PF04
20260811_121452_stage_B_2C_4168a6e9,inequality,2727,2727,constraint,INEQ-LOWER-D016-H15-Pch01
20260811_121452_stage_B_2C_4168a6e9,inequality,2728,2728,constraint,INEQ-UPPER-D016-H15-Pch01
20260811_121452_stage_B_2C_4168a6e9,inequality,2729,2729,constraint,INEQ-LOWER-D016-H15-Pch02
20260811_121452_stage_B_2C_4168a6e9,inequality,2730,2730,constraint,INEQ-UPPER-D016-H15-Pch02
20260811_121452_stage_B_2C_4168a6e9,inequality,2731,2731,constraint,INEQ-LOWER-D016-H15-Pdis01
20260811_121452_stage_B_2C_4168a6e9,inequality,2732,2732,constraint,INEQ-UPPER-D016-H15-Pdis01
20260811_121452_stage_B_2C_4168a6e9,inequality,2733,2733,constraint,INEQ-LOWER-D016-H15-Pdis02
20260811_121452_stage_B_2C_4168a6e9,inequality,2734,2734,constraint,INEQ-UPPER-D016-H15-Pdis02
20260811_121452_stage_B_2C_4168a6e9,inequality,2735,2735,constraint,INEQ-LOWER-D016-H15-SOC01
20260811_121452_stage_B_2C_4168a6e9,inequality,2736,2736,constraint,INEQ-UPPER-D016-H15-SOC01
20260811_121452_stage_B_2C_4168a6e9,inequality,2737,2737,constraint,INEQ-LOWER-D016-H15-SOC02
20260811_121452_stage_B_2C_4168a6e9,inequality,2738,2738,constraint,INEQ-UPPER-D016-H15-SOC02
20260811_121452_stage_B_2C_4168a6e9,inequality,2739,2739,constraint,INEQ-LOWER-D016-H16-PW01
20260811_121452_stage_B_2C_4168a6e9,inequality,2740,2740,constraint,INEQ-UPPER-D016-H16-PW01
20260811_121452_stage_B_2C_4168a6e9,inequality,2741,2741,constraint,INEQ-LOWER-D016-H16-PW02
20260811_121452_stage_B_2C_4168a6e9,inequality,2742,2742,constraint,INEQ-UPPER-D016-H16-PW02
20260811_121452_stage_B_2C_4168a6e9,inequality,2743,2743,constraint,INEQ-LOWER-D016-H16-PW03
20260811_121452_stage_B_2C_4168a6e9,inequality,2744,2744,constraint,INEQ-UPPER-D016-H16-PW03
20260811_121452_stage_B_2C_4168a6e9,inequality,2745,2745,constraint,INEQ-LOWER-D016-H16-PW04
20260811_121452_stage_B_2C_4168a6e9,inequality,2746,2746,constraint,INEQ-UPPER-D016-H16-PW04
20260811_121452_stage_B_2C_4168a6e9,inequality,2747,2747,constraint,INEQ-LOWER-D016-H16-PW05
20260811_121452_stage_B_2C_4168a6e9,inequality,2748,2748,constraint,INEQ-UPPER-D016-H16-PW05
20260811_121452_stage_B_2C_4168a6e9,inequality,2749,2749,constraint,INEQ-LOWER-D016-H16-PP01
20260811_121452_stage_B_2C_4168a6e9,inequality,2750,2750,constraint,INEQ-UPPER-D016-H16-PP01
20260811_121452_stage_B_2C_4168a6e9,inequality,2751,2751,constraint,INEQ-LOWER-D016-H16-PP02
20260811_121452_stage_B_2C_4168a6e9,inequality,2752,2752,constraint,INEQ-UPPER-D016-H16-PP02
20260811_121452_stage_B_2C_4168a6e9,inequality,2753,2753,constraint,INEQ-LOWER-D016-H16-PP03
20260811_121452_stage_B_2C_4168a6e9,inequality,2754,2754,constraint,INEQ-UPPER-D016-H16-PP03
20260811_121452_stage_B_2C_4168a6e9,inequality,2755,2755,constraint,INEQ-LOWER-D016-H16-PP04
20260811_121452_stage_B_2C_4168a6e9,inequality,2756,2756,constraint,INEQ-UPPER-D016-H16-PP04
20260811_121452_stage_B_2C_4168a6e9,inequality,2757,2757,constraint,INEQ-LOWER-D016-H16-PP05
20260811_121452_stage_B_2C_4168a6e9,inequality,2758,2758,constraint,INEQ-UPPER-D016-H16-PP05
20260811_121452_stage_B_2C_4168a6e9,inequality,2759,2759,constraint,INEQ-LOWER-D016-H16-PH01
20260811_121452_stage_B_2C_4168a6e9,inequality,2760,2760,constraint,INEQ-UPPER-D016-H16-PH01
20260811_121452_stage_B_2C_4168a6e9,inequality,2761,2761,constraint,INEQ-LOWER-D016-H16-PH02
20260811_121452_stage_B_2C_4168a6e9,inequality,2762,2762,constraint,INEQ-UPPER-D016-H16-PH02
20260811_121452_stage_B_2C_4168a6e9,inequality,2763,2763,constraint,INEQ-LOWER-D016-H16-PH03
20260811_121452_stage_B_2C_4168a6e9,inequality,2764,2764,constraint,INEQ-UPPER-D016-H16-PH03
20260811_121452_stage_B_2C_4168a6e9,inequality,2765,2765,constraint,INEQ-LOWER-D016-H16-PH04
20260811_121452_stage_B_2C_4168a6e9,inequality,2766,2766,constraint,INEQ-UPPER-D016-H16-PH04
20260811_121452_stage_B_2C_4168a6e9,inequality,2767,2767,constraint,INEQ-LOWER-D016-H16-PF01
20260811_121452_stage_B_2C_4168a6e9,inequality,2768,2768,constraint,INEQ-UPPER-D016-H16-PF01
20260811_121452_stage_B_2C_4168a6e9,inequality,2769,2769,constraint,INEQ-LOWER-D016-H16-PF02
20260811_121452_stage_B_2C_4168a6e9,inequality,2770,2770,constraint,INEQ-UPPER-D016-H16-PF02
20260811_121452_stage_B_2C_4168a6e9,inequality,2771,2771,constraint,INEQ-LOWER-D016-H16-PF03
20260811_121452_stage_B_2C_4168a6e9,inequality,2772,2772,constraint,INEQ-UPPER-D016-H16-PF03
20260811_121452_stage_B_2C_4168a6e9,inequality,2773,2773,constraint,INEQ-LOWER-D016-H16-PF04
20260811_121452_stage_B_2C_4168a6e9,inequality,2774,2774,constraint,INEQ-UPPER-D016-H16-PF04
20260811_121452_stage_B_2C_4168a6e9,inequality,2775,2775,constraint,INEQ-LOWER-D016-H16-Pch01
20260811_121452_stage_B_2C_4168a6e9,inequality,2776,2776,constraint,INEQ-UPPER-D016-H16-Pch01
20260811_121452_stage_B_2C_4168a6e9,inequality,2777,2777,constraint,INEQ-LOWER-D016-H16-Pch02
20260811_121452_stage_B_2C_4168a6e9,inequality,2778,2778,constraint,INEQ-UPPER-D016-H16-Pch02
20260811_121452_stage_B_2C_4168a6e9,inequality,2779,2779,constraint,INEQ-LOWER-D016-H16-Pdis01
20260811_121452_stage_B_2C_4168a6e9,inequality,2780,2780,constraint,INEQ-UPPER-D016-H16-Pdis01
20260811_121452_stage_B_2C_4168a6e9,inequality,2781,2781,constraint,INEQ-LOWER-D016-H16-Pdis02
20260811_121452_stage_B_2C_4168a6e9,inequality,2782,2782,constraint,INEQ-UPPER-D016-H16-Pdis02
20260811_121452_stage_B_2C_4168a6e9,inequality,2783,2783,constraint,INEQ-LOWER-D016-H16-SOC01
20260811_121452_stage_B_2C_4168a6e9,inequality,2784,2784,constraint,INEQ-UPPER-D016-H16-SOC01
20260811_121452_stage_B_2C_4168a6e9,inequality,2785,2785,constraint,INEQ-LOWER-D016-H16-SOC02
20260811_121452_stage_B_2C_4168a6e9,inequality,2786,2786,constraint,INEQ-UPPER-D016-H16-SOC02
20260811_121452_stage_B_2C_4168a6e9,inequality,2787,2787,constraint,INEQ-LOWER-D016-H17-PW01
20260811_121452_stage_B_2C_4168a6e9,inequality,2788,2788,constraint,INEQ-UPPER-D016-H17-PW01
20260811_121452_stage_B_2C_4168a6e9,inequality,2789,2789,constraint,INEQ-LOWER-D016-H17-PW02
20260811_121452_stage_B_2C_4168a6e9,inequality,2790,2790,constraint,INEQ-UPPER-D016-H17-PW02
20260811_121452_stage_B_2C_4168a6e9,inequality,2791,2791,constraint,INEQ-LOWER-D016-H17-PW03
20260811_121452_stage_B_2C_4168a6e9,inequality,2792,2792,constraint,INEQ-UPPER-D016-H17-PW03
20260811_121452_stage_B_2C_4168a6e9,inequality,2793,2793,constraint,INEQ-LOWER-D016-H17-PW04
20260811_121452_stage_B_2C_4168a6e9,inequality,2794,2794,constraint,INEQ-UPPER-D016-H17-PW04
20260811_121452_stage_B_2C_4168a6e9,inequality,2795,2795,constraint,INEQ-LOWER-D016-H17-PW05
20260811_121452_stage_B_2C_4168a6e9,inequality,2796,2796,constraint,INEQ-UPPER-D016-H17-PW05
20260811_121452_stage_B_2C_4168a6e9,inequality,2797,2797,constraint,INEQ-LOWER-D016-H17-PP01
20260811_121452_stage_B_2C_4168a6e9,inequality,2798,2798,constraint,INEQ-UPPER-D016-H17-PP01
20260811_121452_stage_B_2C_4168a6e9,inequality,2799,2799,constraint,INEQ-LOWER-D016-H17-PP02
20260811_121452_stage_B_2C_4168a6e9,inequality,2800,2800,constraint,INEQ-UPPER-D016-H17-PP02
20260811_121452_stage_B_2C_4168a6e9,inequality,2801,2801,constraint,INEQ-LOWER-D016-H17-PP03
20260811_121452_stage_B_2C_4168a6e9,inequality,2802,2802,constraint,INEQ-UPPER-D016-H17-PP03
20260811_121452_stage_B_2C_4168a6e9,inequality,2803,2803,constraint,INEQ-LOWER-D016-H17-PP04
20260811_121452_stage_B_2C_4168a6e9,inequality,2804,2804,constraint,INEQ-UPPER-D016-H17-PP04
20260811_121452_stage_B_2C_4168a6e9,inequality,2805,2805,constraint,INEQ-LOWER-D016-H17-PP05
20260811_121452_stage_B_2C_4168a6e9,inequality,2806,2806,constraint,INEQ-UPPER-D016-H17-PP05
20260811_121452_stage_B_2C_4168a6e9,inequality,2807,2807,constraint,INEQ-LOWER-D016-H17-PH01
20260811_121452_stage_B_2C_4168a6e9,inequality,2808,2808,constraint,INEQ-UPPER-D016-H17-PH01
20260811_121452_stage_B_2C_4168a6e9,inequality,2809,2809,constraint,INEQ-LOWER-D016-H17-PH02
20260811_121452_stage_B_2C_4168a6e9,inequality,2810,2810,constraint,INEQ-UPPER-D016-H17-PH02
20260811_121452_stage_B_2C_4168a6e9,inequality,2811,2811,constraint,INEQ-LOWER-D016-H17-PH03
20260811_121452_stage_B_2C_4168a6e9,inequality,2812,2812,constraint,INEQ-UPPER-D016-H17-PH03
20260811_121452_stage_B_2C_4168a6e9,inequality,2813,2813,constraint,INEQ-LOWER-D016-H17-PH04
20260811_121452_stage_B_2C_4168a6e9,inequality,2814,2814,constraint,INEQ-UPPER-D016-H17-PH04
20260811_121452_stage_B_2C_4168a6e9,inequality,2815,2815,constraint,INEQ-LOWER-D016-H17-PF01
20260811_121452_stage_B_2C_4168a6e9,inequality,2816,2816,constraint,INEQ-UPPER-D016-H17-PF01
20260811_121452_stage_B_2C_4168a6e9,inequality,2817,2817,constraint,INEQ-LOWER-D016-H17-PF02
20260811_121452_stage_B_2C_4168a6e9,inequality,2818,2818,constraint,INEQ-UPPER-D016-H17-PF02
20260811_121452_stage_B_2C_4168a6e9,inequality,2819,2819,constraint,INEQ-LOWER-D016-H17-PF03
20260811_121452_stage_B_2C_4168a6e9,inequality,2820,2820,constraint,INEQ-UPPER-D016-H17-PF03
20260811_121452_stage_B_2C_4168a6e9,inequality,2821,2821,constraint,INEQ-LOWER-D016-H17-PF04
20260811_121452_stage_B_2C_4168a6e9,inequality,2822,2822,constraint,INEQ-UPPER-D016-H17-PF04
20260811_121452_stage_B_2C_4168a6e9,inequality,2823,2823,constraint,INEQ-LOWER-D016-H17-Pch01
20260811_121452_stage_B_2C_4168a6e9,inequality,2824,2824,constraint,INEQ-UPPER-D016-H17-Pch01
20260811_121452_stage_B_2C_4168a6e9,inequality,2825,2825,constraint,INEQ-LOWER-D016-H17-Pch02
20260811_121452_stage_B_2C_4168a6e9,inequality,2826,2826,constraint,INEQ-UPPER-D016-H17-Pch02
20260811_121452_stage_B_2C_4168a6e9,inequality,2827,2827,constraint,INEQ-LOWER-D016-H17-Pdis01
20260811_121452_stage_B_2C_4168a6e9,inequality,2828,2828,constraint,INEQ-UPPER-D016-H17-Pdis01
20260811_121452_stage_B_2C_4168a6e9,inequality,2829,2829,constraint,INEQ-LOWER-D016-H17-Pdis02
20260811_121452_stage_B_2C_4168a6e9,inequality,2830,2830,constraint,INEQ-UPPER-D016-H17-Pdis02
20260811_121452_stage_B_2C_4168a6e9,inequality,2831,2831,constraint,INEQ-LOWER-D016-H17-SOC01
20260811_121452_stage_B_2C_4168a6e9,inequality,2832,2832,constraint,INEQ-UPPER-D016-H17-SOC01
20260811_121452_stage_B_2C_4168a6e9,inequality,2833,2833,constraint,INEQ-LOWER-D016-H17-SOC02
20260811_121452_stage_B_2C_4168a6e9,inequality,2834,2834,constraint,INEQ-UPPER-D016-H17-SOC02
20260811_121452_stage_B_2C_4168a6e9,inequality,2835,2835,constraint,INEQ-LOWER-D016-H18-PW01
20260811_121452_stage_B_2C_4168a6e9,inequality,2836,2836,constraint,INEQ-UPPER-D016-H18-PW01
20260811_121452_stage_B_2C_4168a6e9,inequality,2837,2837,constraint,INEQ-LOWER-D016-H18-PW02
20260811_121452_stage_B_2C_4168a6e9,inequality,2838,2838,constraint,INEQ-UPPER-D016-H18-PW02
20260811_121452_stage_B_2C_4168a6e9,inequality,2839,2839,constraint,INEQ-LOWER-D016-H18-PW03
20260811_121452_stage_B_2C_4168a6e9,inequality,2840,2840,constraint,INEQ-UPPER-D016-H18-PW03
20260811_121452_stage_B_2C_4168a6e9,inequality,2841,2841,constraint,INEQ-LOWER-D016-H18-PW04
20260811_121452_stage_B_2C_4168a6e9,inequality,2842,2842,constraint,INEQ-UPPER-D016-H18-PW04
20260811_121452_stage_B_2C_4168a6e9,inequality,2843,2843,constraint,INEQ-LOWER-D016-H18-PW05
20260811_121452_stage_B_2C_4168a6e9,inequality,2844,2844,constraint,INEQ-UPPER-D016-H18-PW05
20260811_121452_stage_B_2C_4168a6e9,inequality,2845,2845,constraint,INEQ-LOWER-D016-H18-PP01
20260811_121452_stage_B_2C_4168a6e9,inequality,2846,2846,constraint,INEQ-UPPER-D016-H18-PP01
20260811_121452_stage_B_2C_4168a6e9,inequality,2847,2847,constraint,INEQ-LOWER-D016-H18-PP02
20260811_121452_stage_B_2C_4168a6e9,inequality,2848,2848,constraint,INEQ-UPPER-D016-H18-PP02
20260811_121452_stage_B_2C_4168a6e9,inequality,2849,2849,constraint,INEQ-LOWER-D016-H18-PP03
20260811_121452_stage_B_2C_4168a6e9,inequality,2850,2850,constraint,INEQ-UPPER-D016-H18-PP03
20260811_121452_stage_B_2C_4168a6e9,inequality,2851,2851,constraint,INEQ-LOWER-D016-H18-PP04
20260811_121452_stage_B_2C_4168a6e9,inequality,2852,2852,constraint,INEQ-UPPER-D016-H18-PP04
20260811_121452_stage_B_2C_4168a6e9,inequality,2853,2853,constraint,INEQ-LOWER-D016-H18-PP05
20260811_121452_stage_B_2C_4168a6e9,inequality,2854,2854,constraint,INEQ-UPPER-D016-H18-PP05
20260811_121452_stage_B_2C_4168a6e9,inequality,2855,2855,constraint,INEQ-LOWER-D016-H18-PH01
20260811_121452_stage_B_2C_4168a6e9,inequality,2856,2856,constraint,INEQ-UPPER-D016-H18-PH01
20260811_121452_stage_B_2C_4168a6e9,inequality,2857,2857,constraint,INEQ-LOWER-D016-H18-PH02
20260811_121452_stage_B_2C_4168a6e9,inequality,2858,2858,constraint,INEQ-UPPER-D016-H18-PH02
20260811_121452_stage_B_2C_4168a6e9,inequality,2859,2859,constraint,INEQ-LOWER-D016-H18-PH03
20260811_121452_stage_B_2C_4168a6e9,inequality,2860,2860,constraint,INEQ-UPPER-D016-H18-PH03
20260811_121452_stage_B_2C_4168a6e9,inequality,2861,2861,constraint,INEQ-LOWER-D016-H18-PH04
20260811_121452_stage_B_2C_4168a6e9,inequality,2862,2862,constraint,INEQ-UPPER-D016-H18-PH04
20260811_121452_stage_B_2C_4168a6e9,inequality,2863,2863,constraint,INEQ-LOWER-D016-H18-PF01
20260811_121452_stage_B_2C_4168a6e9,inequality,2864,2864,constraint,INEQ-UPPER-D016-H18-PF01
20260811_121452_stage_B_2C_4168a6e9,inequality,2865,2865,constraint,INEQ-LOWER-D016-H18-PF02
20260811_121452_stage_B_2C_4168a6e9,inequality,2866,2866,constraint,INEQ-UPPER-D016-H18-PF02
20260811_121452_stage_B_2C_4168a6e9,inequality,2867,2867,constraint,INEQ-LOWER-D016-H18-PF03
20260811_121452_stage_B_2C_4168a6e9,inequality,2868,2868,constraint,INEQ-UPPER-D016-H18-PF03
20260811_121452_stage_B_2C_4168a6e9,inequality,2869,2869,constraint,INEQ-LOWER-D016-H18-PF04
20260811_121452_stage_B_2C_4168a6e9,inequality,2870,2870,constraint,INEQ-UPPER-D016-H18-PF04
20260811_121452_stage_B_2C_4168a6e9,inequality,2871,2871,constraint,INEQ-LOWER-D016-H18-Pch01
20260811_121452_stage_B_2C_4168a6e9,inequality,2872,2872,constraint,INEQ-UPPER-D016-H18-Pch01
20260811_121452_stage_B_2C_4168a6e9,inequality,2873,2873,constraint,INEQ-LOWER-D016-H18-Pch02
20260811_121452_stage_B_2C_4168a6e9,inequality,2874,2874,constraint,INEQ-UPPER-D016-H18-Pch02
20260811_121452_stage_B_2C_4168a6e9,inequality,2875,2875,constraint,INEQ-LOWER-D016-H18-Pdis01
20260811_121452_stage_B_2C_4168a6e9,inequality,2876,2876,constraint,INEQ-UPPER-D016-H18-Pdis01
20260811_121452_stage_B_2C_4168a6e9,inequality,2877,2877,constraint,INEQ-LOWER-D016-H18-Pdis02
20260811_121452_stage_B_2C_4168a6e9,inequality,2878,2878,constraint,INEQ-UPPER-D016-H18-Pdis02
20260811_121452_stage_B_2C_4168a6e9,inequality,2879,2879,constraint,INEQ-LOWER-D016-H18-SOC01
20260811_121452_stage_B_2C_4168a6e9,inequality,2880,2880,constraint,INEQ-UPPER-D016-H18-SOC01
20260811_121452_stage_B_2C_4168a6e9,inequality,2881,2881,constraint,INEQ-LOWER-D016-H18-SOC02
20260811_121452_stage_B_2C_4168a6e9,inequality,2882,2882,constraint,INEQ-UPPER-D016-H18-SOC02
20260811_121452_stage_B_2C_4168a6e9,inequality,2883,2883,constraint,INEQ-LOWER-D016-H19-PW01
20260811_121452_stage_B_2C_4168a6e9,inequality,2884,2884,constraint,INEQ-UPPER-D016-H19-PW01
20260811_121452_stage_B_2C_4168a6e9,inequality,2885,2885,constraint,INEQ-LOWER-D016-H19-PW02
20260811_121452_stage_B_2C_4168a6e9,inequality,2886,2886,constraint,INEQ-UPPER-D016-H19-PW02
20260811_121452_stage_B_2C_4168a6e9,inequality,2887,2887,constraint,INEQ-LOWER-D016-H19-PW03
20260811_121452_stage_B_2C_4168a6e9,inequality,2888,2888,constraint,INEQ-UPPER-D016-H19-PW03
20260811_121452_stage_B_2C_4168a6e9,inequality,2889,2889,constraint,INEQ-LOWER-D016-H19-PW04
20260811_121452_stage_B_2C_4168a6e9,inequality,2890,2890,constraint,INEQ-UPPER-D016-H19-PW04
20260811_121452_stage_B_2C_4168a6e9,inequality,2891,2891,constraint,INEQ-LOWER-D016-H19-PW05
20260811_121452_stage_B_2C_4168a6e9,inequality,2892,2892,constraint,INEQ-UPPER-D016-H19-PW05
20260811_121452_stage_B_2C_4168a6e9,inequality,2893,2893,constraint,INEQ-LOWER-D016-H19-PP01
20260811_121452_stage_B_2C_4168a6e9,inequality,2894,2894,constraint,INEQ-UPPER-D016-H19-PP01
20260811_121452_stage_B_2C_4168a6e9,inequality,2895,2895,constraint,INEQ-LOWER-D016-H19-PP02
20260811_121452_stage_B_2C_4168a6e9,inequality,2896,2896,constraint,INEQ-UPPER-D016-H19-PP02
20260811_121452_stage_B_2C_4168a6e9,inequality,2897,2897,constraint,INEQ-LOWER-D016-H19-PP03
20260811_121452_stage_B_2C_4168a6e9,inequality,2898,2898,constraint,INEQ-UPPER-D016-H19-PP03
20260811_121452_stage_B_2C_4168a6e9,inequality,2899,2899,constraint,INEQ-LOWER-D016-H19-PP04
20260811_121452_stage_B_2C_4168a6e9,inequality,2900,2900,constraint,INEQ-UPPER-D016-H19-PP04
20260811_121452_stage_B_2C_4168a6e9,inequality,2901,2901,constraint,INEQ-LOWER-D016-H19-PP05
20260811_121452_stage_B_2C_4168a6e9,inequality,2902,2902,constraint,INEQ-UPPER-D016-H19-PP05
20260811_121452_stage_B_2C_4168a6e9,inequality,2903,2903,constraint,INEQ-LOWER-D016-H19-PH01
20260811_121452_stage_B_2C_4168a6e9,inequality,2904,2904,constraint,INEQ-UPPER-D016-H19-PH01
20260811_121452_stage_B_2C_4168a6e9,inequality,2905,2905,constraint,INEQ-LOWER-D016-H19-PH02
20260811_121452_stage_B_2C_4168a6e9,inequality,2906,2906,constraint,INEQ-UPPER-D016-H19-PH02
20260811_121452_stage_B_2C_4168a6e9,inequality,2907,2907,constraint,INEQ-LOWER-D016-H19-PH03
20260811_121452_stage_B_2C_4168a6e9,inequality,2908,2908,constraint,INEQ-UPPER-D016-H19-PH03
20260811_121452_stage_B_2C_4168a6e9,inequality,2909,2909,constraint,INEQ-LOWER-D016-H19-PH04
20260811_121452_stage_B_2C_4168a6e9,inequality,2910,2910,constraint,INEQ-UPPER-D016-H19-PH04
20260811_121452_stage_B_2C_4168a6e9,inequality,2911,2911,constraint,INEQ-LOWER-D016-H19-PF01
20260811_121452_stage_B_2C_4168a6e9,inequality,2912,2912,constraint,INEQ-UPPER-D016-H19-PF01
20260811_121452_stage_B_2C_4168a6e9,inequality,2913,2913,constraint,INEQ-LOWER-D016-H19-PF02
20260811_121452_stage_B_2C_4168a6e9,inequality,2914,2914,constraint,INEQ-UPPER-D016-H19-PF02
20260811_121452_stage_B_2C_4168a6e9,inequality,2915,2915,constraint,INEQ-LOWER-D016-H19-PF03
20260811_121452_stage_B_2C_4168a6e9,inequality,2916,2916,constraint,INEQ-UPPER-D016-H19-PF03
20260811_121452_stage_B_2C_4168a6e9,inequality,2917,2917,constraint,INEQ-LOWER-D016-H19-PF04
20260811_121452_stage_B_2C_4168a6e9,inequality,2918,2918,constraint,INEQ-UPPER-D016-H19-PF04
20260811_121452_stage_B_2C_4168a6e9,inequality,2919,2919,constraint,INEQ-LOWER-D016-H19-Pch01
20260811_121452_stage_B_2C_4168a6e9,inequality,2920,2920,constraint,INEQ-UPPER-D016-H19-Pch01
20260811_121452_stage_B_2C_4168a6e9,inequality,2921,2921,constraint,INEQ-LOWER-D016-H19-Pch02
20260811_121452_stage_B_2C_4168a6e9,inequality,2922,2922,constraint,INEQ-UPPER-D016-H19-Pch02
20260811_121452_stage_B_2C_4168a6e9,inequality,2923,2923,constraint,INEQ-LOWER-D016-H19-Pdis01
20260811_121452_stage_B_2C_4168a6e9,inequality,2924,2924,constraint,INEQ-UPPER-D016-H19-Pdis01
20260811_121452_stage_B_2C_4168a6e9,inequality,2925,2925,constraint,INEQ-LOWER-D016-H19-Pdis02
20260811_121452_stage_B_2C_4168a6e9,inequality,2926,2926,constraint,INEQ-UPPER-D016-H19-Pdis02
20260811_121452_stage_B_2C_4168a6e9,inequality,2927,2927,constraint,INEQ-LOWER-D016-H19-SOC01
20260811_121452_stage_B_2C_4168a6e9,inequality,2928,2928,constraint,INEQ-UPPER-D016-H19-SOC01
20260811_121452_stage_B_2C_4168a6e9,inequality,2929,2929,constraint,INEQ-LOWER-D016-H19-SOC02
20260811_121452_stage_B_2C_4168a6e9,inequality,2930,2930,constraint,INEQ-UPPER-D016-H19-SOC02
20260811_121452_stage_B_2C_4168a6e9,inequality,2931,2931,constraint,INEQ-LOWER-D016-H20-PW01
20260811_121452_stage_B_2C_4168a6e9,inequality,2932,2932,constraint,INEQ-UPPER-D016-H20-PW01
20260811_121452_stage_B_2C_4168a6e9,inequality,2933,2933,constraint,INEQ-LOWER-D016-H20-PW02
20260811_121452_stage_B_2C_4168a6e9,inequality,2934,2934,constraint,INEQ-UPPER-D016-H20-PW02
20260811_121452_stage_B_2C_4168a6e9,inequality,2935,2935,constraint,INEQ-LOWER-D016-H20-PW03
20260811_121452_stage_B_2C_4168a6e9,inequality,2936,2936,constraint,INEQ-UPPER-D016-H20-PW03
20260811_121452_stage_B_2C_4168a6e9,inequality,2937,2937,constraint,INEQ-LOWER-D016-H20-PW04
20260811_121452_stage_B_2C_4168a6e9,inequality,2938,2938,constraint,INEQ-UPPER-D016-H20-PW04
20260811_121452_stage_B_2C_4168a6e9,inequality,2939,2939,constraint,INEQ-LOWER-D016-H20-PW05
20260811_121452_stage_B_2C_4168a6e9,inequality,2940,2940,constraint,INEQ-UPPER-D016-H20-PW05
20260811_121452_stage_B_2C_4168a6e9,inequality,2941,2941,constraint,INEQ-LOWER-D016-H20-PH01
20260811_121452_stage_B_2C_4168a6e9,inequality,2942,2942,constraint,INEQ-UPPER-D016-H20-PH01
20260811_121452_stage_B_2C_4168a6e9,inequality,2943,2943,constraint,INEQ-LOWER-D016-H20-PH02
20260811_121452_stage_B_2C_4168a6e9,inequality,2944,2944,constraint,INEQ-UPPER-D016-H20-PH02
20260811_121452_stage_B_2C_4168a6e9,inequality,2945,2945,constraint,INEQ-LOWER-D016-H20-PH03
20260811_121452_stage_B_2C_4168a6e9,inequality,2946,2946,constraint,INEQ-UPPER-D016-H20-PH03
20260811_121452_stage_B_2C_4168a6e9,inequality,2947,2947,constraint,INEQ-LOWER-D016-H20-PH04
20260811_121452_stage_B_2C_4168a6e9,inequality,2948,2948,constraint,INEQ-UPPER-D016-H20-PH04
20260811_121452_stage_B_2C_4168a6e9,inequality,2949,2949,constraint,INEQ-LOWER-D016-H20-PF01
20260811_121452_stage_B_2C_4168a6e9,inequality,2950,2950,constraint,INEQ-UPPER-D016-H20-PF01
20260811_121452_stage_B_2C_4168a6e9,inequality,2951,2951,constraint,INEQ-LOWER-D016-H20-PF02
20260811_121452_stage_B_2C_4168a6e9,inequality,2952,2952,constraint,INEQ-UPPER-D016-H20-PF02
20260811_121452_stage_B_2C_4168a6e9,inequality,2953,2953,constraint,INEQ-LOWER-D016-H20-PF03
20260811_121452_stage_B_2C_4168a6e9,inequality,2954,2954,constraint,INEQ-UPPER-D016-H20-PF03
20260811_121452_stage_B_2C_4168a6e9,inequality,2955,2955,constraint,INEQ-LOWER-D016-H20-PF04
20260811_121452_stage_B_2C_4168a6e9,inequality,2956,2956,constraint,INEQ-UPPER-D016-H20-PF04
20260811_121452_stage_B_2C_4168a6e9,inequality,2957,2957,constraint,INEQ-LOWER-D016-H20-Pch01
20260811_121452_stage_B_2C_4168a6e9,inequality,2958,2958,constraint,INEQ-UPPER-D016-H20-Pch01
20260811_121452_stage_B_2C_4168a6e9,inequality,2959,2959,constraint,INEQ-LOWER-D016-H20-Pch02
20260811_121452_stage_B_2C_4168a6e9,inequality,2960,2960,constraint,INEQ-UPPER-D016-H20-Pch02
20260811_121452_stage_B_2C_4168a6e9,inequality,2961,2961,constraint,INEQ-LOWER-D016-H20-Pdis01
20260811_121452_stage_B_2C_4168a6e9,inequality,2962,2962,constraint,INEQ-UPPER-D016-H20-Pdis01
20260811_121452_stage_B_2C_4168a6e9,inequality,2963,2963,constraint,INEQ-LOWER-D016-H20-Pdis02
20260811_121452_stage_B_2C_4168a6e9,inequality,2964,2964,constraint,INEQ-UPPER-D016-H20-Pdis02
20260811_121452_stage_B_2C_4168a6e9,inequality,2965,2965,constraint,INEQ-LOWER-D016-H20-SOC01
20260811_121452_stage_B_2C_4168a6e9,inequality,2966,2966,constraint,INEQ-UPPER-D016-H20-SOC01
20260811_121452_stage_B_2C_4168a6e9,inequality,2967,2967,constraint,INEQ-LOWER-D016-H20-SOC02
20260811_121452_stage_B_2C_4168a6e9,inequality,2968,2968,constraint,INEQ-UPPER-D016-H20-SOC02
20260811_121452_stage_B_2C_4168a6e9,inequality,2969,2969,constraint,INEQ-LOWER-D016-H21-PW01
20260811_121452_stage_B_2C_4168a6e9,inequality,2970,2970,constraint,INEQ-UPPER-D016-H21-PW01
20260811_121452_stage_B_2C_4168a6e9,inequality,2971,2971,constraint,INEQ-LOWER-D016-H21-PW02
20260811_121452_stage_B_2C_4168a6e9,inequality,2972,2972,constraint,INEQ-UPPER-D016-H21-PW02
20260811_121452_stage_B_2C_4168a6e9,inequality,2973,2973,constraint,INEQ-LOWER-D016-H21-PW03
20260811_121452_stage_B_2C_4168a6e9,inequality,2974,2974,constraint,INEQ-UPPER-D016-H21-PW03
20260811_121452_stage_B_2C_4168a6e9,inequality,2975,2975,constraint,INEQ-LOWER-D016-H21-PW04
20260811_121452_stage_B_2C_4168a6e9,inequality,2976,2976,constraint,INEQ-UPPER-D016-H21-PW04
20260811_121452_stage_B_2C_4168a6e9,inequality,2977,2977,constraint,INEQ-LOWER-D016-H21-PW05
20260811_121452_stage_B_2C_4168a6e9,inequality,2978,2978,constraint,INEQ-UPPER-D016-H21-PW05
20260811_121452_stage_B_2C_4168a6e9,inequality,2979,2979,constraint,INEQ-LOWER-D016-H21-PH01
20260811_121452_stage_B_2C_4168a6e9,inequality,2980,2980,constraint,INEQ-UPPER-D016-H21-PH01
20260811_121452_stage_B_2C_4168a6e9,inequality,2981,2981,constraint,INEQ-LOWER-D016-H21-PH02
20260811_121452_stage_B_2C_4168a6e9,inequality,2982,2982,constraint,INEQ-UPPER-D016-H21-PH02
20260811_121452_stage_B_2C_4168a6e9,inequality,2983,2983,constraint,INEQ-LOWER-D016-H21-PH03
20260811_121452_stage_B_2C_4168a6e9,inequality,2984,2984,constraint,INEQ-UPPER-D016-H21-PH03
20260811_121452_stage_B_2C_4168a6e9,inequality,2985,2985,constraint,INEQ-LOWER-D016-H21-PH04
20260811_121452_stage_B_2C_4168a6e9,inequality,2986,2986,constraint,INEQ-UPPER-D016-H21-PH04
20260811_121452_stage_B_2C_4168a6e9,inequality,2987,2987,constraint,INEQ-LOWER-D016-H21-PF01
20260811_121452_stage_B_2C_4168a6e9,inequality,2988,2988,constraint,INEQ-UPPER-D016-H21-PF01
20260811_121452_stage_B_2C_4168a6e9,inequality,2989,2989,constraint,INEQ-LOWER-D016-H21-PF02
20260811_121452_stage_B_2C_4168a6e9,inequality,2990,2990,constraint,INEQ-UPPER-D016-H21-PF02
20260811_121452_stage_B_2C_4168a6e9,inequality,2991,2991,constraint,INEQ-LOWER-D016-H21-PF03
20260811_121452_stage_B_2C_4168a6e9,inequality,2992,2992,constraint,INEQ-UPPER-D016-H21-PF03
20260811_121452_stage_B_2C_4168a6e9,inequality,2993,2993,constraint,INEQ-LOWER-D016-H21-PF04
20260811_121452_stage_B_2C_4168a6e9,inequality,2994,2994,constraint,INEQ-UPPER-D016-H21-PF04
20260811_121452_stage_B_2C_4168a6e9,inequality,2995,2995,constraint,INEQ-LOWER-D016-H21-Pch01
20260811_121452_stage_B_2C_4168a6e9,inequality,2996,2996,constraint,INEQ-UPPER-D016-H21-Pch01
20260811_121452_stage_B_2C_4168a6e9,inequality,2997,2997,constraint,INEQ-LOWER-D016-H21-Pch02
20260811_121452_stage_B_2C_4168a6e9,inequality,2998,2998,constraint,INEQ-UPPER-D016-H21-Pch02
20260811_121452_stage_B_2C_4168a6e9,inequality,2999,2999,constraint,INEQ-LOWER-D016-H21-Pdis01
20260811_121452_stage_B_2C_4168a6e9,inequality,3000,3000,constraint,INEQ-UPPER-D016-H21-Pdis01
20260811_121452_stage_B_2C_4168a6e9,inequality,3001,3001,constraint,INEQ-LOWER-D016-H21-Pdis02
20260811_121452_stage_B_2C_4168a6e9,inequality,3002,3002,constraint,INEQ-UPPER-D016-H21-Pdis02
20260811_121452_stage_B_2C_4168a6e9,inequality,3003,3003,constraint,INEQ-LOWER-D016-H21-SOC01
20260811_121452_stage_B_2C_4168a6e9,inequality,3004,3004,constraint,INEQ-UPPER-D016-H21-SOC01
20260811_121452_stage_B_2C_4168a6e9,inequality,3005,3005,constraint,INEQ-LOWER-D016-H21-SOC02
20260811_121452_stage_B_2C_4168a6e9,inequality,3006,3006,constraint,INEQ-UPPER-D016-H21-SOC02
20260811_121452_stage_B_2C_4168a6e9,inequality,3007,3007,constraint,INEQ-LOWER-D016-H22-PW01
20260811_121452_stage_B_2C_4168a6e9,inequality,3008,3008,constraint,INEQ-UPPER-D016-H22-PW01
20260811_121452_stage_B_2C_4168a6e9,inequality,3009,3009,constraint,INEQ-LOWER-D016-H22-PW02
20260811_121452_stage_B_2C_4168a6e9,inequality,3010,3010,constraint,INEQ-UPPER-D016-H22-PW02
20260811_121452_stage_B_2C_4168a6e9,inequality,3011,3011,constraint,INEQ-LOWER-D016-H22-PW03
20260811_121452_stage_B_2C_4168a6e9,inequality,3012,3012,constraint,INEQ-UPPER-D016-H22-PW03
20260811_121452_stage_B_2C_4168a6e9,inequality,3013,3013,constraint,INEQ-LOWER-D016-H22-PW04
20260811_121452_stage_B_2C_4168a6e9,inequality,3014,3014,constraint,INEQ-UPPER-D016-H22-PW04
20260811_121452_stage_B_2C_4168a6e9,inequality,3015,3015,constraint,INEQ-LOWER-D016-H22-PW05
20260811_121452_stage_B_2C_4168a6e9,inequality,3016,3016,constraint,INEQ-UPPER-D016-H22-PW05
20260811_121452_stage_B_2C_4168a6e9,inequality,3017,3017,constraint,INEQ-LOWER-D016-H22-PH01
20260811_121452_stage_B_2C_4168a6e9,inequality,3018,3018,constraint,INEQ-UPPER-D016-H22-PH01
20260811_121452_stage_B_2C_4168a6e9,inequality,3019,3019,constraint,INEQ-LOWER-D016-H22-PH02
20260811_121452_stage_B_2C_4168a6e9,inequality,3020,3020,constraint,INEQ-UPPER-D016-H22-PH02
20260811_121452_stage_B_2C_4168a6e9,inequality,3021,3021,constraint,INEQ-LOWER-D016-H22-PH03
20260811_121452_stage_B_2C_4168a6e9,inequality,3022,3022,constraint,INEQ-UPPER-D016-H22-PH03
20260811_121452_stage_B_2C_4168a6e9,inequality,3023,3023,constraint,INEQ-LOWER-D016-H22-PH04
20260811_121452_stage_B_2C_4168a6e9,inequality,3024,3024,constraint,INEQ-UPPER-D016-H22-PH04
20260811_121452_stage_B_2C_4168a6e9,inequality,3025,3025,constraint,INEQ-LOWER-D016-H22-PF01
20260811_121452_stage_B_2C_4168a6e9,inequality,3026,3026,constraint,INEQ-UPPER-D016-H22-PF01
20260811_121452_stage_B_2C_4168a6e9,inequality,3027,3027,constraint,INEQ-LOWER-D016-H22-PF02
20260811_121452_stage_B_2C_4168a6e9,inequality,3028,3028,constraint,INEQ-UPPER-D016-H22-PF02
20260811_121452_stage_B_2C_4168a6e9,inequality,3029,3029,constraint,INEQ-LOWER-D016-H22-PF03
20260811_121452_stage_B_2C_4168a6e9,inequality,3030,3030,constraint,INEQ-UPPER-D016-H22-PF03
20260811_121452_stage_B_2C_4168a6e9,inequality,3031,3031,constraint,INEQ-LOWER-D016-H22-PF04
20260811_121452_stage_B_2C_4168a6e9,inequality,3032,3032,constraint,INEQ-UPPER-D016-H22-PF04
20260811_121452_stage_B_2C_4168a6e9,inequality,3033,3033,constraint,INEQ-LOWER-D016-H22-Pch01
20260811_121452_stage_B_2C_4168a6e9,inequality,3034,3034,constraint,INEQ-UPPER-D016-H22-Pch01
20260811_121452_stage_B_2C_4168a6e9,inequality,3035,3035,constraint,INEQ-LOWER-D016-H22-Pch02
20260811_121452_stage_B_2C_4168a6e9,inequality,3036,3036,constraint,INEQ-UPPER-D016-H22-Pch02
20260811_121452_stage_B_2C_4168a6e9,inequality,3037,3037,constraint,INEQ-LOWER-D016-H22-Pdis01
20260811_121452_stage_B_2C_4168a6e9,inequality,3038,3038,constraint,INEQ-UPPER-D016-H22-Pdis01
20260811_121452_stage_B_2C_4168a6e9,inequality,3039,3039,constraint,INEQ-LOWER-D016-H22-Pdis02
20260811_121452_stage_B_2C_4168a6e9,inequality,3040,3040,constraint,INEQ-UPPER-D016-H22-Pdis02
20260811_121452_stage_B_2C_4168a6e9,inequality,3041,3041,constraint,INEQ-LOWER-D016-H22-SOC01
20260811_121452_stage_B_2C_4168a6e9,inequality,3042,3042,constraint,INEQ-UPPER-D016-H22-SOC01
20260811_121452_stage_B_2C_4168a6e9,inequality,3043,3043,constraint,INEQ-LOWER-D016-H22-SOC02
20260811_121452_stage_B_2C_4168a6e9,inequality,3044,3044,constraint,INEQ-UPPER-D016-H22-SOC02
20260811_121452_stage_B_2C_4168a6e9,inequality,3045,3045,constraint,INEQ-LOWER-D016-H23-PW01
20260811_121452_stage_B_2C_4168a6e9,inequality,3046,3046,constraint,INEQ-UPPER-D016-H23-PW01
20260811_121452_stage_B_2C_4168a6e9,inequality,3047,3047,constraint,INEQ-LOWER-D016-H23-PW02
20260811_121452_stage_B_2C_4168a6e9,inequality,3048,3048,constraint,INEQ-UPPER-D016-H23-PW02
20260811_121452_stage_B_2C_4168a6e9,inequality,3049,3049,constraint,INEQ-LOWER-D016-H23-PW03
20260811_121452_stage_B_2C_4168a6e9,inequality,3050,3050,constraint,INEQ-UPPER-D016-H23-PW03
20260811_121452_stage_B_2C_4168a6e9,inequality,3051,3051,constraint,INEQ-LOWER-D016-H23-PW04
20260811_121452_stage_B_2C_4168a6e9,inequality,3052,3052,constraint,INEQ-UPPER-D016-H23-PW04
20260811_121452_stage_B_2C_4168a6e9,inequality,3053,3053,constraint,INEQ-LOWER-D016-H23-PW05
20260811_121452_stage_B_2C_4168a6e9,inequality,3054,3054,constraint,INEQ-UPPER-D016-H23-PW05
20260811_121452_stage_B_2C_4168a6e9,inequality,3055,3055,constraint,INEQ-LOWER-D016-H23-PH01
20260811_121452_stage_B_2C_4168a6e9,inequality,3056,3056,constraint,INEQ-UPPER-D016-H23-PH01
20260811_121452_stage_B_2C_4168a6e9,inequality,3057,3057,constraint,INEQ-LOWER-D016-H23-PH02
20260811_121452_stage_B_2C_4168a6e9,inequality,3058,3058,constraint,INEQ-UPPER-D016-H23-PH02
20260811_121452_stage_B_2C_4168a6e9,inequality,3059,3059,constraint,INEQ-LOWER-D016-H23-PH03
20260811_121452_stage_B_2C_4168a6e9,inequality,3060,3060,constraint,INEQ-UPPER-D016-H23-PH03
20260811_121452_stage_B_2C_4168a6e9,inequality,3061,3061,constraint,INEQ-LOWER-D016-H23-PH04
20260811_121452_stage_B_2C_4168a6e9,inequality,3062,3062,constraint,INEQ-UPPER-D016-H23-PH04
20260811_121452_stage_B_2C_4168a6e9,inequality,3063,3063,constraint,INEQ-LOWER-D016-H23-PF01
20260811_121452_stage_B_2C_4168a6e9,inequality,3064,3064,constraint,INEQ-UPPER-D016-H23-PF01
20260811_121452_stage_B_2C_4168a6e9,inequality,3065,3065,constraint,INEQ-LOWER-D016-H23-PF02
20260811_121452_stage_B_2C_4168a6e9,inequality,3066,3066,constraint,INEQ-UPPER-D016-H23-PF02
20260811_121452_stage_B_2C_4168a6e9,inequality,3067,3067,constraint,INEQ-LOWER-D016-H23-PF03
20260811_121452_stage_B_2C_4168a6e9,inequality,3068,3068,constraint,INEQ-UPPER-D016-H23-PF03
20260811_121452_stage_B_2C_4168a6e9,inequality,3069,3069,constraint,INEQ-LOWER-D016-H23-PF04
20260811_121452_stage_B_2C_4168a6e9,inequality,3070,3070,constraint,INEQ-UPPER-D016-H23-PF04
20260811_121452_stage_B_2C_4168a6e9,inequality,3071,3071,constraint,INEQ-LOWER-D016-H23-Pch01
20260811_121452_stage_B_2C_4168a6e9,inequality,3072,3072,constraint,INEQ-UPPER-D016-H23-Pch01
20260811_121452_stage_B_2C_4168a6e9,inequality,3073,3073,constraint,INEQ-LOWER-D016-H23-Pch02
20260811_121452_stage_B_2C_4168a6e9,inequality,3074,3074,constraint,INEQ-UPPER-D016-H23-Pch02
20260811_121452_stage_B_2C_4168a6e9,inequality,3075,3075,constraint,INEQ-LOWER-D016-H23-Pdis01
20260811_121452_stage_B_2C_4168a6e9,inequality,3076,3076,constraint,INEQ-UPPER-D016-H23-Pdis01
20260811_121452_stage_B_2C_4168a6e9,inequality,3077,3077,constraint,INEQ-LOWER-D016-H23-Pdis02
20260811_121452_stage_B_2C_4168a6e9,inequality,3078,3078,constraint,INEQ-UPPER-D016-H23-Pdis02
20260811_121452_stage_B_2C_4168a6e9,inequality,3079,3079,constraint,INEQ-LOWER-D016-H23-SOC01
20260811_121452_stage_B_2C_4168a6e9,inequality,3080,3080,constraint,INEQ-UPPER-D016-H23-SOC01
20260811_121452_stage_B_2C_4168a6e9,inequality,3081,3081,constraint,INEQ-LOWER-D016-H23-SOC02
20260811_121452_stage_B_2C_4168a6e9,inequality,3082,3082,constraint,INEQ-UPPER-D016-H23-SOC02
20260811_121452_stage_B_2C_4168a6e9,inequality,3083,3083,constraint,INEQ-LOWER-D016-H24-PW01
20260811_121452_stage_B_2C_4168a6e9,inequality,3084,3084,constraint,INEQ-UPPER-D016-H24-PW01
20260811_121452_stage_B_2C_4168a6e9,inequality,3085,3085,constraint,INEQ-LOWER-D016-H24-PW02
20260811_121452_stage_B_2C_4168a6e9,inequality,3086,3086,constraint,INEQ-UPPER-D016-H24-PW02
20260811_121452_stage_B_2C_4168a6e9,inequality,3087,3087,constraint,INEQ-LOWER-D016-H24-PW03
20260811_121452_stage_B_2C_4168a6e9,inequality,3088,3088,constraint,INEQ-UPPER-D016-H24-PW03
20260811_121452_stage_B_2C_4168a6e9,inequality,3089,3089,constraint,INEQ-LOWER-D016-H24-PW04
20260811_121452_stage_B_2C_4168a6e9,inequality,3090,3090,constraint,INEQ-UPPER-D016-H24-PW04
20260811_121452_stage_B_2C_4168a6e9,inequality,3091,3091,constraint,INEQ-LOWER-D016-H24-PW05
20260811_121452_stage_B_2C_4168a6e9,inequality,3092,3092,constraint,INEQ-UPPER-D016-H24-PW05
20260811_121452_stage_B_2C_4168a6e9,inequality,3093,3093,constraint,INEQ-LOWER-D016-H24-PH01
20260811_121452_stage_B_2C_4168a6e9,inequality,3094,3094,constraint,INEQ-UPPER-D016-H24-PH01
20260811_121452_stage_B_2C_4168a6e9,inequality,3095,3095,constraint,INEQ-LOWER-D016-H24-PH02
20260811_121452_stage_B_2C_4168a6e9,inequality,3096,3096,constraint,INEQ-UPPER-D016-H24-PH02
20260811_121452_stage_B_2C_4168a6e9,inequality,3097,3097,constraint,INEQ-LOWER-D016-H24-PH03
20260811_121452_stage_B_2C_4168a6e9,inequality,3098,3098,constraint,INEQ-UPPER-D016-H24-PH03
20260811_121452_stage_B_2C_4168a6e9,inequality,3099,3099,constraint,INEQ-LOWER-D016-H24-PH04
20260811_121452_stage_B_2C_4168a6e9,inequality,3100,3100,constraint,INEQ-UPPER-D016-H24-PH04
20260811_121452_stage_B_2C_4168a6e9,inequality,3101,3101,constraint,INEQ-LOWER-D016-H24-PF01
20260811_121452_stage_B_2C_4168a6e9,inequality,3102,3102,constraint,INEQ-UPPER-D016-H24-PF01
20260811_121452_stage_B_2C_4168a6e9,inequality,3103,3103,constraint,INEQ-LOWER-D016-H24-PF02
20260811_121452_stage_B_2C_4168a6e9,inequality,3104,3104,constraint,INEQ-UPPER-D016-H24-PF02
20260811_121452_stage_B_2C_4168a6e9,inequality,3105,3105,constraint,INEQ-LOWER-D016-H24-PF03
20260811_121452_stage_B_2C_4168a6e9,inequality,3106,3106,constraint,INEQ-UPPER-D016-H24-PF03
20260811_121452_stage_B_2C_4168a6e9,inequality,3107,3107,constraint,INEQ-LOWER-D016-H24-PF04
20260811_121452_stage_B_2C_4168a6e9,inequality,3108,3108,constraint,INEQ-UPPER-D016-H24-PF04
20260811_121452_stage_B_2C_4168a6e9,inequality,3109,3109,constraint,INEQ-LOWER-D016-H24-Pch01
20260811_121452_stage_B_2C_4168a6e9,inequality,3110,3110,constraint,INEQ-UPPER-D016-H24-Pch01
20260811_121452_stage_B_2C_4168a6e9,inequality,3111,3111,constraint,INEQ-LOWER-D016-H24-Pch02
20260811_121452_stage_B_2C_4168a6e9,inequality,3112,3112,constraint,INEQ-UPPER-D016-H24-Pch02
20260811_121452_stage_B_2C_4168a6e9,inequality,3113,3113,constraint,INEQ-LOWER-D016-H24-Pdis01
20260811_121452_stage_B_2C_4168a6e9,inequality,3114,3114,constraint,INEQ-UPPER-D016-H24-Pdis01
20260811_121452_stage_B_2C_4168a6e9,inequality,3115,3115,constraint,INEQ-LOWER-D016-H24-Pdis02
20260811_121452_stage_B_2C_4168a6e9,inequality,3116,3116,constraint,INEQ-UPPER-D016-H24-Pdis02
20260811_121452_stage_B_2C_4168a6e9,inequality,3117,3117,constraint,INEQ-LOWER-D016-H24-SOC01
20260811_121452_stage_B_2C_4168a6e9,inequality,3118,3118,constraint,INEQ-UPPER-D016-H24-SOC01
20260811_121452_stage_B_2C_4168a6e9,inequality,3119,3119,constraint,INEQ-LOWER-D016-H24-SOC02
20260811_121452_stage_B_2C_4168a6e9,inequality,3120,3120,constraint,INEQ-UPPER-D016-H24-SOC02
20260811_121452_stage_B_2C_4168a6e9,inequality,3121,3121,constraint,INEQ-LOWER-D017-H01-PW01
20260811_121452_stage_B_2C_4168a6e9,inequality,3122,3122,constraint,INEQ-UPPER-D017-H01-PW01
20260811_121452_stage_B_2C_4168a6e9,inequality,3123,3123,constraint,INEQ-LOWER-D017-H01-PW02
20260811_121452_stage_B_2C_4168a6e9,inequality,3124,3124,constraint,INEQ-UPPER-D017-H01-PW02
20260811_121452_stage_B_2C_4168a6e9,inequality,3125,3125,constraint,INEQ-LOWER-D017-H01-PW03
20260811_121452_stage_B_2C_4168a6e9,inequality,3126,3126,constraint,INEQ-UPPER-D017-H01-PW03
20260811_121452_stage_B_2C_4168a6e9,inequality,3127,3127,constraint,INEQ-LOWER-D017-H01-PW04
20260811_121452_stage_B_2C_4168a6e9,inequality,3128,3128,constraint,INEQ-UPPER-D017-H01-PW04
20260811_121452_stage_B_2C_4168a6e9,inequality,3129,3129,constraint,INEQ-LOWER-D017-H01-PW05
20260811_121452_stage_B_2C_4168a6e9,inequality,3130,3130,constraint,INEQ-UPPER-D017-H01-PW05
20260811_121452_stage_B_2C_4168a6e9,inequality,3131,3131,constraint,INEQ-LOWER-D017-H01-PH01
20260811_121452_stage_B_2C_4168a6e9,inequality,3132,3132,constraint,INEQ-UPPER-D017-H01-PH01
20260811_121452_stage_B_2C_4168a6e9,inequality,3133,3133,constraint,INEQ-LOWER-D017-H01-PH02
20260811_121452_stage_B_2C_4168a6e9,inequality,3134,3134,constraint,INEQ-UPPER-D017-H01-PH02
20260811_121452_stage_B_2C_4168a6e9,inequality,3135,3135,constraint,INEQ-LOWER-D017-H01-PH03
20260811_121452_stage_B_2C_4168a6e9,inequality,3136,3136,constraint,INEQ-UPPER-D017-H01-PH03
20260811_121452_stage_B_2C_4168a6e9,inequality,3137,3137,constraint,INEQ-LOWER-D017-H01-PH04
20260811_121452_stage_B_2C_4168a6e9,inequality,3138,3138,constraint,INEQ-UPPER-D017-H01-PH04
20260811_121452_stage_B_2C_4168a6e9,inequality,3139,3139,constraint,INEQ-LOWER-D017-H01-PF01
20260811_121452_stage_B_2C_4168a6e9,inequality,3140,3140,constraint,INEQ-UPPER-D017-H01-PF01
20260811_121452_stage_B_2C_4168a6e9,inequality,3141,3141,constraint,INEQ-LOWER-D017-H01-PF02
20260811_121452_stage_B_2C_4168a6e9,inequality,3142,3142,constraint,INEQ-UPPER-D017-H01-PF02
20260811_121452_stage_B_2C_4168a6e9,inequality,3143,3143,constraint,INEQ-LOWER-D017-H01-PF03
20260811_121452_stage_B_2C_4168a6e9,inequality,3144,3144,constraint,INEQ-UPPER-D017-H01-PF03
20260811_121452_stage_B_2C_4168a6e9,inequality,3145,3145,constraint,INEQ-LOWER-D017-H01-PF04
20260811_121452_stage_B_2C_4168a6e9,inequality,3146,3146,constraint,INEQ-UPPER-D017-H01-PF04
20260811_121452_stage_B_2C_4168a6e9,inequality,3147,3147,constraint,INEQ-LOWER-D017-H01-Pch01
20260811_121452_stage_B_2C_4168a6e9,inequality,3148,3148,constraint,INEQ-UPPER-D017-H01-Pch01
20260811_121452_stage_B_2C_4168a6e9,inequality,3149,3149,constraint,INEQ-LOWER-D017-H01-Pch02
20260811_121452_stage_B_2C_4168a6e9,inequality,3150,3150,constraint,INEQ-UPPER-D017-H01-Pch02
20260811_121452_stage_B_2C_4168a6e9,inequality,3151,3151,constraint,INEQ-LOWER-D017-H01-Pdis01
20260811_121452_stage_B_2C_4168a6e9,inequality,3152,3152,constraint,INEQ-UPPER-D017-H01-Pdis01
20260811_121452_stage_B_2C_4168a6e9,inequality,3153,3153,constraint,INEQ-LOWER-D017-H01-Pdis02
20260811_121452_stage_B_2C_4168a6e9,inequality,3154,3154,constraint,INEQ-UPPER-D017-H01-Pdis02
20260811_121452_stage_B_2C_4168a6e9,inequality,3155,3155,constraint,INEQ-LOWER-D017-H01-SOC01
20260811_121452_stage_B_2C_4168a6e9,inequality,3156,3156,constraint,INEQ-UPPER-D017-H01-SOC01
20260811_121452_stage_B_2C_4168a6e9,inequality,3157,3157,constraint,INEQ-LOWER-D017-H01-SOC02
20260811_121452_stage_B_2C_4168a6e9,inequality,3158,3158,constraint,INEQ-UPPER-D017-H01-SOC02
20260811_121452_stage_B_2C_4168a6e9,inequality,3159,3159,constraint,INEQ-LOWER-D017-H02-PW01
20260811_121452_stage_B_2C_4168a6e9,inequality,3160,3160,constraint,INEQ-UPPER-D017-H02-PW01
20260811_121452_stage_B_2C_4168a6e9,inequality,3161,3161,constraint,INEQ-LOWER-D017-H02-PW02
20260811_121452_stage_B_2C_4168a6e9,inequality,3162,3162,constraint,INEQ-UPPER-D017-H02-PW02
20260811_121452_stage_B_2C_4168a6e9,inequality,3163,3163,constraint,INEQ-LOWER-D017-H02-PW03
20260811_121452_stage_B_2C_4168a6e9,inequality,3164,3164,constraint,INEQ-UPPER-D017-H02-PW03
20260811_121452_stage_B_2C_4168a6e9,inequality,3165,3165,constraint,INEQ-LOWER-D017-H02-PW04
20260811_121452_stage_B_2C_4168a6e9,inequality,3166,3166,constraint,INEQ-UPPER-D017-H02-PW04
20260811_121452_stage_B_2C_4168a6e9,inequality,3167,3167,constraint,INEQ-LOWER-D017-H02-PW05
20260811_121452_stage_B_2C_4168a6e9,inequality,3168,3168,constraint,INEQ-UPPER-D017-H02-PW05
20260811_121452_stage_B_2C_4168a6e9,inequality,3169,3169,constraint,INEQ-LOWER-D017-H02-PH01
20260811_121452_stage_B_2C_4168a6e9,inequality,3170,3170,constraint,INEQ-UPPER-D017-H02-PH01
20260811_121452_stage_B_2C_4168a6e9,inequality,3171,3171,constraint,INEQ-LOWER-D017-H02-PH02
20260811_121452_stage_B_2C_4168a6e9,inequality,3172,3172,constraint,INEQ-UPPER-D017-H02-PH02
20260811_121452_stage_B_2C_4168a6e9,inequality,3173,3173,constraint,INEQ-LOWER-D017-H02-PH03
20260811_121452_stage_B_2C_4168a6e9,inequality,3174,3174,constraint,INEQ-UPPER-D017-H02-PH03
20260811_121452_stage_B_2C_4168a6e9,inequality,3175,3175,constraint,INEQ-LOWER-D017-H02-PH04
20260811_121452_stage_B_2C_4168a6e9,inequality,3176,3176,constraint,INEQ-UPPER-D017-H02-PH04
20260811_121452_stage_B_2C_4168a6e9,inequality,3177,3177,constraint,INEQ-LOWER-D017-H02-PF01
20260811_121452_stage_B_2C_4168a6e9,inequality,3178,3178,constraint,INEQ-UPPER-D017-H02-PF01
20260811_121452_stage_B_2C_4168a6e9,inequality,3179,3179,constraint,INEQ-LOWER-D017-H02-PF02
20260811_121452_stage_B_2C_4168a6e9,inequality,3180,3180,constraint,INEQ-UPPER-D017-H02-PF02
20260811_121452_stage_B_2C_4168a6e9,inequality,3181,3181,constraint,INEQ-LOWER-D017-H02-PF03
20260811_121452_stage_B_2C_4168a6e9,inequality,3182,3182,constraint,INEQ-UPPER-D017-H02-PF03
20260811_121452_stage_B_2C_4168a6e9,inequality,3183,3183,constraint,INEQ-LOWER-D017-H02-PF04
20260811_121452_stage_B_2C_4168a6e9,inequality,3184,3184,constraint,INEQ-UPPER-D017-H02-PF04
20260811_121452_stage_B_2C_4168a6e9,inequality,3185,3185,constraint,INEQ-LOWER-D017-H02-Pch01
20260811_121452_stage_B_2C_4168a6e9,inequality,3186,3186,constraint,INEQ-UPPER-D017-H02-Pch01
20260811_121452_stage_B_2C_4168a6e9,inequality,3187,3187,constraint,INEQ-LOWER-D017-H02-Pch02
20260811_121452_stage_B_2C_4168a6e9,inequality,3188,3188,constraint,INEQ-UPPER-D017-H02-Pch02
20260811_121452_stage_B_2C_4168a6e9,inequality,3189,3189,constraint,INEQ-LOWER-D017-H02-Pdis01
20260811_121452_stage_B_2C_4168a6e9,inequality,3190,3190,constraint,INEQ-UPPER-D017-H02-Pdis01
20260811_121452_stage_B_2C_4168a6e9,inequality,3191,3191,constraint,INEQ-LOWER-D017-H02-Pdis02
20260811_121452_stage_B_2C_4168a6e9,inequality,3192,3192,constraint,INEQ-UPPER-D017-H02-Pdis02
20260811_121452_stage_B_2C_4168a6e9,inequality,3193,3193,constraint,INEQ-LOWER-D017-H02-SOC01
20260811_121452_stage_B_2C_4168a6e9,inequality,3194,3194,constraint,INEQ-UPPER-D017-H02-SOC01
20260811_121452_stage_B_2C_4168a6e9,inequality,3195,3195,constraint,INEQ-LOWER-D017-H02-SOC02
20260811_121452_stage_B_2C_4168a6e9,inequality,3196,3196,constraint,INEQ-UPPER-D017-H02-SOC02
20260811_121452_stage_B_2C_4168a6e9,inequality,3197,3197,constraint,INEQ-LOWER-D017-H03-PW01
20260811_121452_stage_B_2C_4168a6e9,inequality,3198,3198,constraint,INEQ-UPPER-D017-H03-PW01
20260811_121452_stage_B_2C_4168a6e9,inequality,3199,3199,constraint,INEQ-LOWER-D017-H03-PW02
20260811_121452_stage_B_2C_4168a6e9,inequality,3200,3200,constraint,INEQ-UPPER-D017-H03-PW02
20260811_121452_stage_B_2C_4168a6e9,inequality,3201,3201,constraint,INEQ-LOWER-D017-H03-PW03
20260811_121452_stage_B_2C_4168a6e9,inequality,3202,3202,constraint,INEQ-UPPER-D017-H03-PW03
20260811_121452_stage_B_2C_4168a6e9,inequality,3203,3203,constraint,INEQ-LOWER-D017-H03-PW04
20260811_121452_stage_B_2C_4168a6e9,inequality,3204,3204,constraint,INEQ-UPPER-D017-H03-PW04
20260811_121452_stage_B_2C_4168a6e9,inequality,3205,3205,constraint,INEQ-LOWER-D017-H03-PW05
20260811_121452_stage_B_2C_4168a6e9,inequality,3206,3206,constraint,INEQ-UPPER-D017-H03-PW05
20260811_121452_stage_B_2C_4168a6e9,inequality,3207,3207,constraint,INEQ-LOWER-D017-H03-PH01
20260811_121452_stage_B_2C_4168a6e9,inequality,3208,3208,constraint,INEQ-UPPER-D017-H03-PH01
20260811_121452_stage_B_2C_4168a6e9,inequality,3209,3209,constraint,INEQ-LOWER-D017-H03-PH02
20260811_121452_stage_B_2C_4168a6e9,inequality,3210,3210,constraint,INEQ-UPPER-D017-H03-PH02
20260811_121452_stage_B_2C_4168a6e9,inequality,3211,3211,constraint,INEQ-LOWER-D017-H03-PH03
20260811_121452_stage_B_2C_4168a6e9,inequality,3212,3212,constraint,INEQ-UPPER-D017-H03-PH03
20260811_121452_stage_B_2C_4168a6e9,inequality,3213,3213,constraint,INEQ-LOWER-D017-H03-PH04
20260811_121452_stage_B_2C_4168a6e9,inequality,3214,3214,constraint,INEQ-UPPER-D017-H03-PH04
20260811_121452_stage_B_2C_4168a6e9,inequality,3215,3215,constraint,INEQ-LOWER-D017-H03-PF01
20260811_121452_stage_B_2C_4168a6e9,inequality,3216,3216,constraint,INEQ-UPPER-D017-H03-PF01
20260811_121452_stage_B_2C_4168a6e9,inequality,3217,3217,constraint,INEQ-LOWER-D017-H03-PF02
20260811_121452_stage_B_2C_4168a6e9,inequality,3218,3218,constraint,INEQ-UPPER-D017-H03-PF02
20260811_121452_stage_B_2C_4168a6e9,inequality,3219,3219,constraint,INEQ-LOWER-D017-H03-PF03
20260811_121452_stage_B_2C_4168a6e9,inequality,3220,3220,constraint,INEQ-UPPER-D017-H03-PF03
20260811_121452_stage_B_2C_4168a6e9,inequality,3221,3221,constraint,INEQ-LOWER-D017-H03-PF04
20260811_121452_stage_B_2C_4168a6e9,inequality,3222,3222,constraint,INEQ-UPPER-D017-H03-PF04
20260811_121452_stage_B_2C_4168a6e9,inequality,3223,3223,constraint,INEQ-LOWER-D017-H03-Pch01
20260811_121452_stage_B_2C_4168a6e9,inequality,3224,3224,constraint,INEQ-UPPER-D017-H03-Pch01
20260811_121452_stage_B_2C_4168a6e9,inequality,3225,3225,constraint,INEQ-LOWER-D017-H03-Pch02
20260811_121452_stage_B_2C_4168a6e9,inequality,3226,3226,constraint,INEQ-UPPER-D017-H03-Pch02
20260811_121452_stage_B_2C_4168a6e9,inequality,3227,3227,constraint,INEQ-LOWER-D017-H03-Pdis01
20260811_121452_stage_B_2C_4168a6e9,inequality,3228,3228,constraint,INEQ-UPPER-D017-H03-Pdis01
20260811_121452_stage_B_2C_4168a6e9,inequality,3229,3229,constraint,INEQ-LOWER-D017-H03-Pdis02
20260811_121452_stage_B_2C_4168a6e9,inequality,3230,3230,constraint,INEQ-UPPER-D017-H03-Pdis02
20260811_121452_stage_B_2C_4168a6e9,inequality,3231,3231,constraint,INEQ-LOWER-D017-H03-SOC01
20260811_121452_stage_B_2C_4168a6e9,inequality,3232,3232,constraint,INEQ-UPPER-D017-H03-SOC01
20260811_121452_stage_B_2C_4168a6e9,inequality,3233,3233,constraint,INEQ-LOWER-D017-H03-SOC02
20260811_121452_stage_B_2C_4168a6e9,inequality,3234,3234,constraint,INEQ-UPPER-D017-H03-SOC02
20260811_121452_stage_B_2C_4168a6e9,inequality,3235,3235,constraint,INEQ-LOWER-D017-H04-PW01
20260811_121452_stage_B_2C_4168a6e9,inequality,3236,3236,constraint,INEQ-UPPER-D017-H04-PW01
20260811_121452_stage_B_2C_4168a6e9,inequality,3237,3237,constraint,INEQ-LOWER-D017-H04-PW02
20260811_121452_stage_B_2C_4168a6e9,inequality,3238,3238,constraint,INEQ-UPPER-D017-H04-PW02
20260811_121452_stage_B_2C_4168a6e9,inequality,3239,3239,constraint,INEQ-LOWER-D017-H04-PW03
20260811_121452_stage_B_2C_4168a6e9,inequality,3240,3240,constraint,INEQ-UPPER-D017-H04-PW03
20260811_121452_stage_B_2C_4168a6e9,inequality,3241,3241,constraint,INEQ-LOWER-D017-H04-PW04
20260811_121452_stage_B_2C_4168a6e9,inequality,3242,3242,constraint,INEQ-UPPER-D017-H04-PW04
20260811_121452_stage_B_2C_4168a6e9,inequality,3243,3243,constraint,INEQ-LOWER-D017-H04-PW05
20260811_121452_stage_B_2C_4168a6e9,inequality,3244,3244,constraint,INEQ-UPPER-D017-H04-PW05
20260811_121452_stage_B_2C_4168a6e9,inequality,3245,3245,constraint,INEQ-LOWER-D017-H04-PH01
20260811_121452_stage_B_2C_4168a6e9,inequality,3246,3246,constraint,INEQ-UPPER-D017-H04-PH01
20260811_121452_stage_B_2C_4168a6e9,inequality,3247,3247,constraint,INEQ-LOWER-D017-H04-PH02
20260811_121452_stage_B_2C_4168a6e9,inequality,3248,3248,constraint,INEQ-UPPER-D017-H04-PH02
20260811_121452_stage_B_2C_4168a6e9,inequality,3249,3249,constraint,INEQ-LOWER-D017-H04-PH03
20260811_121452_stage_B_2C_4168a6e9,inequality,3250,3250,constraint,INEQ-UPPER-D017-H04-PH03
20260811_121452_stage_B_2C_4168a6e9,inequality,3251,3251,constraint,INEQ-LOWER-D017-H04-PH04
20260811_121452_stage_B_2C_4168a6e9,inequality,3252,3252,constraint,INEQ-UPPER-D017-H04-PH04
20260811_121452_stage_B_2C_4168a6e9,inequality,3253,3253,constraint,INEQ-LOWER-D017-H04-PF01
20260811_121452_stage_B_2C_4168a6e9,inequality,3254,3254,constraint,INEQ-UPPER-D017-H04-PF01
20260811_121452_stage_B_2C_4168a6e9,inequality,3255,3255,constraint,INEQ-LOWER-D017-H04-PF02
20260811_121452_stage_B_2C_4168a6e9,inequality,3256,3256,constraint,INEQ-UPPER-D017-H04-PF02
20260811_121452_stage_B_2C_4168a6e9,inequality,3257,3257,constraint,INEQ-LOWER-D017-H04-PF03
20260811_121452_stage_B_2C_4168a6e9,inequality,3258,3258,constraint,INEQ-UPPER-D017-H04-PF03
20260811_121452_stage_B_2C_4168a6e9,inequality,3259,3259,constraint,INEQ-LOWER-D017-H04-PF04
20260811_121452_stage_B_2C_4168a6e9,inequality,3260,3260,constraint,INEQ-UPPER-D017-H04-PF04
20260811_121452_stage_B_2C_4168a6e9,inequality,3261,3261,constraint,INEQ-LOWER-D017-H04-Pch01
20260811_121452_stage_B_2C_4168a6e9,inequality,3262,3262,constraint,INEQ-UPPER-D017-H04-Pch01
20260811_121452_stage_B_2C_4168a6e9,inequality,3263,3263,constraint,INEQ-LOWER-D017-H04-Pch02
20260811_121452_stage_B_2C_4168a6e9,inequality,3264,3264,constraint,INEQ-UPPER-D017-H04-Pch02
20260811_121452_stage_B_2C_4168a6e9,inequality,3265,3265,constraint,INEQ-LOWER-D017-H04-Pdis01
20260811_121452_stage_B_2C_4168a6e9,inequality,3266,3266,constraint,INEQ-UPPER-D017-H04-Pdis01
20260811_121452_stage_B_2C_4168a6e9,inequality,3267,3267,constraint,INEQ-LOWER-D017-H04-Pdis02
20260811_121452_stage_B_2C_4168a6e9,inequality,3268,3268,constraint,INEQ-UPPER-D017-H04-Pdis02
20260811_121452_stage_B_2C_4168a6e9,inequality,3269,3269,constraint,INEQ-LOWER-D017-H04-SOC01
20260811_121452_stage_B_2C_4168a6e9,inequality,3270,3270,constraint,INEQ-UPPER-D017-H04-SOC01
20260811_121452_stage_B_2C_4168a6e9,inequality,3271,3271,constraint,INEQ-LOWER-D017-H04-SOC02
20260811_121452_stage_B_2C_4168a6e9,inequality,3272,3272,constraint,INEQ-UPPER-D017-H04-SOC02
20260811_121452_stage_B_2C_4168a6e9,inequality,3273,3273,constraint,INEQ-LOWER-D017-H05-PW01
20260811_121452_stage_B_2C_4168a6e9,inequality,3274,3274,constraint,INEQ-UPPER-D017-H05-PW01
20260811_121452_stage_B_2C_4168a6e9,inequality,3275,3275,constraint,INEQ-LOWER-D017-H05-PW02
20260811_121452_stage_B_2C_4168a6e9,inequality,3276,3276,constraint,INEQ-UPPER-D017-H05-PW02
20260811_121452_stage_B_2C_4168a6e9,inequality,3277,3277,constraint,INEQ-LOWER-D017-H05-PW03
20260811_121452_stage_B_2C_4168a6e9,inequality,3278,3278,constraint,INEQ-UPPER-D017-H05-PW03
20260811_121452_stage_B_2C_4168a6e9,inequality,3279,3279,constraint,INEQ-LOWER-D017-H05-PW04
20260811_121452_stage_B_2C_4168a6e9,inequality,3280,3280,constraint,INEQ-UPPER-D017-H05-PW04
20260811_121452_stage_B_2C_4168a6e9,inequality,3281,3281,constraint,INEQ-LOWER-D017-H05-PW05
20260811_121452_stage_B_2C_4168a6e9,inequality,3282,3282,constraint,INEQ-UPPER-D017-H05-PW05
20260811_121452_stage_B_2C_4168a6e9,inequality,3283,3283,constraint,INEQ-LOWER-D017-H05-PH01
20260811_121452_stage_B_2C_4168a6e9,inequality,3284,3284,constraint,INEQ-UPPER-D017-H05-PH01
20260811_121452_stage_B_2C_4168a6e9,inequality,3285,3285,constraint,INEQ-LOWER-D017-H05-PH02
20260811_121452_stage_B_2C_4168a6e9,inequality,3286,3286,constraint,INEQ-UPPER-D017-H05-PH02
20260811_121452_stage_B_2C_4168a6e9,inequality,3287,3287,constraint,INEQ-LOWER-D017-H05-PH03
20260811_121452_stage_B_2C_4168a6e9,inequality,3288,3288,constraint,INEQ-UPPER-D017-H05-PH03
20260811_121452_stage_B_2C_4168a6e9,inequality,3289,3289,constraint,INEQ-LOWER-D017-H05-PH04
20260811_121452_stage_B_2C_4168a6e9,inequality,3290,3290,constraint,INEQ-UPPER-D017-H05-PH04
20260811_121452_stage_B_2C_4168a6e9,inequality,3291,3291,constraint,INEQ-LOWER-D017-H05-PF01
20260811_121452_stage_B_2C_4168a6e9,inequality,3292,3292,constraint,INEQ-UPPER-D017-H05-PF01
20260811_121452_stage_B_2C_4168a6e9,inequality,3293,3293,constraint,INEQ-LOWER-D017-H05-PF02
20260811_121452_stage_B_2C_4168a6e9,inequality,3294,3294,constraint,INEQ-UPPER-D017-H05-PF02
20260811_121452_stage_B_2C_4168a6e9,inequality,3295,3295,constraint,INEQ-LOWER-D017-H05-PF03
20260811_121452_stage_B_2C_4168a6e9,inequality,3296,3296,constraint,INEQ-UPPER-D017-H05-PF03
20260811_121452_stage_B_2C_4168a6e9,inequality,3297,3297,constraint,INEQ-LOWER-D017-H05-PF04
20260811_121452_stage_B_2C_4168a6e9,inequality,3298,3298,constraint,INEQ-UPPER-D017-H05-PF04
20260811_121452_stage_B_2C_4168a6e9,inequality,3299,3299,constraint,INEQ-LOWER-D017-H05-Pch01
20260811_121452_stage_B_2C_4168a6e9,inequality,3300,3300,constraint,INEQ-UPPER-D017-H05-Pch01
20260811_121452_stage_B_2C_4168a6e9,inequality,3301,3301,constraint,INEQ-LOWER-D017-H05-Pch02
20260811_121452_stage_B_2C_4168a6e9,inequality,3302,3302,constraint,INEQ-UPPER-D017-H05-Pch02
20260811_121452_stage_B_2C_4168a6e9,inequality,3303,3303,constraint,INEQ-LOWER-D017-H05-Pdis01
20260811_121452_stage_B_2C_4168a6e9,inequality,3304,3304,constraint,INEQ-UPPER-D017-H05-Pdis01
20260811_121452_stage_B_2C_4168a6e9,inequality,3305,3305,constraint,INEQ-LOWER-D017-H05-Pdis02
20260811_121452_stage_B_2C_4168a6e9,inequality,3306,3306,constraint,INEQ-UPPER-D017-H05-Pdis02
20260811_121452_stage_B_2C_4168a6e9,inequality,3307,3307,constraint,INEQ-LOWER-D017-H05-SOC01
20260811_121452_stage_B_2C_4168a6e9,inequality,3308,3308,constraint,INEQ-UPPER-D017-H05-SOC01
20260811_121452_stage_B_2C_4168a6e9,inequality,3309,3309,constraint,INEQ-LOWER-D017-H05-SOC02
20260811_121452_stage_B_2C_4168a6e9,inequality,3310,3310,constraint,INEQ-UPPER-D017-H05-SOC02
20260811_121452_stage_B_2C_4168a6e9,inequality,3311,3311,constraint,INEQ-LOWER-D017-H06-PW01
20260811_121452_stage_B_2C_4168a6e9,inequality,3312,3312,constraint,INEQ-UPPER-D017-H06-PW01
20260811_121452_stage_B_2C_4168a6e9,inequality,3313,3313,constraint,INEQ-LOWER-D017-H06-PW02
20260811_121452_stage_B_2C_4168a6e9,inequality,3314,3314,constraint,INEQ-UPPER-D017-H06-PW02
20260811_121452_stage_B_2C_4168a6e9,inequality,3315,3315,constraint,INEQ-LOWER-D017-H06-PW03
20260811_121452_stage_B_2C_4168a6e9,inequality,3316,3316,constraint,INEQ-UPPER-D017-H06-PW03
20260811_121452_stage_B_2C_4168a6e9,inequality,3317,3317,constraint,INEQ-LOWER-D017-H06-PW04
20260811_121452_stage_B_2C_4168a6e9,inequality,3318,3318,constraint,INEQ-UPPER-D017-H06-PW04
20260811_121452_stage_B_2C_4168a6e9,inequality,3319,3319,constraint,INEQ-LOWER-D017-H06-PW05
20260811_121452_stage_B_2C_4168a6e9,inequality,3320,3320,constraint,INEQ-UPPER-D017-H06-PW05
20260811_121452_stage_B_2C_4168a6e9,inequality,3321,3321,constraint,INEQ-LOWER-D017-H06-PH01
20260811_121452_stage_B_2C_4168a6e9,inequality,3322,3322,constraint,INEQ-UPPER-D017-H06-PH01
20260811_121452_stage_B_2C_4168a6e9,inequality,3323,3323,constraint,INEQ-LOWER-D017-H06-PH02
20260811_121452_stage_B_2C_4168a6e9,inequality,3324,3324,constraint,INEQ-UPPER-D017-H06-PH02
20260811_121452_stage_B_2C_4168a6e9,inequality,3325,3325,constraint,INEQ-LOWER-D017-H06-PH03
20260811_121452_stage_B_2C_4168a6e9,inequality,3326,3326,constraint,INEQ-UPPER-D017-H06-PH03
20260811_121452_stage_B_2C_4168a6e9,inequality,3327,3327,constraint,INEQ-LOWER-D017-H06-PH04
20260811_121452_stage_B_2C_4168a6e9,inequality,3328,3328,constraint,INEQ-UPPER-D017-H06-PH04
20260811_121452_stage_B_2C_4168a6e9,inequality,3329,3329,constraint,INEQ-LOWER-D017-H06-PF01
20260811_121452_stage_B_2C_4168a6e9,inequality,3330,3330,constraint,INEQ-UPPER-D017-H06-PF01
20260811_121452_stage_B_2C_4168a6e9,inequality,3331,3331,constraint,INEQ-LOWER-D017-H06-PF02
20260811_121452_stage_B_2C_4168a6e9,inequality,3332,3332,constraint,INEQ-UPPER-D017-H06-PF02
20260811_121452_stage_B_2C_4168a6e9,inequality,3333,3333,constraint,INEQ-LOWER-D017-H06-PF03
20260811_121452_stage_B_2C_4168a6e9,inequality,3334,3334,constraint,INEQ-UPPER-D017-H06-PF03
20260811_121452_stage_B_2C_4168a6e9,inequality,3335,3335,constraint,INEQ-LOWER-D017-H06-PF04
20260811_121452_stage_B_2C_4168a6e9,inequality,3336,3336,constraint,INEQ-UPPER-D017-H06-PF04
20260811_121452_stage_B_2C_4168a6e9,inequality,3337,3337,constraint,INEQ-LOWER-D017-H06-Pch01
20260811_121452_stage_B_2C_4168a6e9,inequality,3338,3338,constraint,INEQ-UPPER-D017-H06-Pch01
20260811_121452_stage_B_2C_4168a6e9,inequality,3339,3339,constraint,INEQ-LOWER-D017-H06-Pch02
20260811_121452_stage_B_2C_4168a6e9,inequality,3340,3340,constraint,INEQ-UPPER-D017-H06-Pch02
20260811_121452_stage_B_2C_4168a6e9,inequality,3341,3341,constraint,INEQ-LOWER-D017-H06-Pdis01
20260811_121452_stage_B_2C_4168a6e9,inequality,3342,3342,constraint,INEQ-UPPER-D017-H06-Pdis01
20260811_121452_stage_B_2C_4168a6e9,inequality,3343,3343,constraint,INEQ-LOWER-D017-H06-Pdis02
20260811_121452_stage_B_2C_4168a6e9,inequality,3344,3344,constraint,INEQ-UPPER-D017-H06-Pdis02
20260811_121452_stage_B_2C_4168a6e9,inequality,3345,3345,constraint,INEQ-LOWER-D017-H06-SOC01
20260811_121452_stage_B_2C_4168a6e9,inequality,3346,3346,constraint,INEQ-UPPER-D017-H06-SOC01
20260811_121452_stage_B_2C_4168a6e9,inequality,3347,3347,constraint,INEQ-LOWER-D017-H06-SOC02
20260811_121452_stage_B_2C_4168a6e9,inequality,3348,3348,constraint,INEQ-UPPER-D017-H06-SOC02
20260811_121452_stage_B_2C_4168a6e9,inequality,3349,3349,constraint,INEQ-LOWER-D017-H07-PW01
20260811_121452_stage_B_2C_4168a6e9,inequality,3350,3350,constraint,INEQ-UPPER-D017-H07-PW01
20260811_121452_stage_B_2C_4168a6e9,inequality,3351,3351,constraint,INEQ-LOWER-D017-H07-PW02
20260811_121452_stage_B_2C_4168a6e9,inequality,3352,3352,constraint,INEQ-UPPER-D017-H07-PW02
20260811_121452_stage_B_2C_4168a6e9,inequality,3353,3353,constraint,INEQ-LOWER-D017-H07-PW03
20260811_121452_stage_B_2C_4168a6e9,inequality,3354,3354,constraint,INEQ-UPPER-D017-H07-PW03
20260811_121452_stage_B_2C_4168a6e9,inequality,3355,3355,constraint,INEQ-LOWER-D017-H07-PW04
20260811_121452_stage_B_2C_4168a6e9,inequality,3356,3356,constraint,INEQ-UPPER-D017-H07-PW04
20260811_121452_stage_B_2C_4168a6e9,inequality,3357,3357,constraint,INEQ-LOWER-D017-H07-PW05
20260811_121452_stage_B_2C_4168a6e9,inequality,3358,3358,constraint,INEQ-UPPER-D017-H07-PW05
20260811_121452_stage_B_2C_4168a6e9,inequality,3359,3359,constraint,INEQ-LOWER-D017-H07-PH01
20260811_121452_stage_B_2C_4168a6e9,inequality,3360,3360,constraint,INEQ-UPPER-D017-H07-PH01
20260811_121452_stage_B_2C_4168a6e9,inequality,3361,3361,constraint,INEQ-LOWER-D017-H07-PH02
20260811_121452_stage_B_2C_4168a6e9,inequality,3362,3362,constraint,INEQ-UPPER-D017-H07-PH02
20260811_121452_stage_B_2C_4168a6e9,inequality,3363,3363,constraint,INEQ-LOWER-D017-H07-PH03
20260811_121452_stage_B_2C_4168a6e9,inequality,3364,3364,constraint,INEQ-UPPER-D017-H07-PH03
20260811_121452_stage_B_2C_4168a6e9,inequality,3365,3365,constraint,INEQ-LOWER-D017-H07-PH04
20260811_121452_stage_B_2C_4168a6e9,inequality,3366,3366,constraint,INEQ-UPPER-D017-H07-PH04
20260811_121452_stage_B_2C_4168a6e9,inequality,3367,3367,constraint,INEQ-LOWER-D017-H07-PF01
20260811_121452_stage_B_2C_4168a6e9,inequality,3368,3368,constraint,INEQ-UPPER-D017-H07-PF01
20260811_121452_stage_B_2C_4168a6e9,inequality,3369,3369,constraint,INEQ-LOWER-D017-H07-PF02
20260811_121452_stage_B_2C_4168a6e9,inequality,3370,3370,constraint,INEQ-UPPER-D017-H07-PF02
20260811_121452_stage_B_2C_4168a6e9,inequality,3371,3371,constraint,INEQ-LOWER-D017-H07-PF03
20260811_121452_stage_B_2C_4168a6e9,inequality,3372,3372,constraint,INEQ-UPPER-D017-H07-PF03
20260811_121452_stage_B_2C_4168a6e9,inequality,3373,3373,constraint,INEQ-LOWER-D017-H07-PF04
20260811_121452_stage_B_2C_4168a6e9,inequality,3374,3374,constraint,INEQ-UPPER-D017-H07-PF04
20260811_121452_stage_B_2C_4168a6e9,inequality,3375,3375,constraint,INEQ-LOWER-D017-H07-Pch01
20260811_121452_stage_B_2C_4168a6e9,inequality,3376,3376,constraint,INEQ-UPPER-D017-H07-Pch01
20260811_121452_stage_B_2C_4168a6e9,inequality,3377,3377,constraint,INEQ-LOWER-D017-H07-Pch02
20260811_121452_stage_B_2C_4168a6e9,inequality,3378,3378,constraint,INEQ-UPPER-D017-H07-Pch02
20260811_121452_stage_B_2C_4168a6e9,inequality,3379,3379,constraint,INEQ-LOWER-D017-H07-Pdis01
20260811_121452_stage_B_2C_4168a6e9,inequality,3380,3380,constraint,INEQ-UPPER-D017-H07-Pdis01
20260811_121452_stage_B_2C_4168a6e9,inequality,3381,3381,constraint,INEQ-LOWER-D017-H07-Pdis02
20260811_121452_stage_B_2C_4168a6e9,inequality,3382,3382,constraint,INEQ-UPPER-D017-H07-Pdis02
20260811_121452_stage_B_2C_4168a6e9,inequality,3383,3383,constraint,INEQ-LOWER-D017-H07-SOC01
20260811_121452_stage_B_2C_4168a6e9,inequality,3384,3384,constraint,INEQ-UPPER-D017-H07-SOC01
20260811_121452_stage_B_2C_4168a6e9,inequality,3385,3385,constraint,INEQ-LOWER-D017-H07-SOC02
20260811_121452_stage_B_2C_4168a6e9,inequality,3386,3386,constraint,INEQ-UPPER-D017-H07-SOC02
20260811_121452_stage_B_2C_4168a6e9,inequality,3387,3387,constraint,INEQ-LOWER-D017-H08-PW01
20260811_121452_stage_B_2C_4168a6e9,inequality,3388,3388,constraint,INEQ-UPPER-D017-H08-PW01
20260811_121452_stage_B_2C_4168a6e9,inequality,3389,3389,constraint,INEQ-LOWER-D017-H08-PW02
20260811_121452_stage_B_2C_4168a6e9,inequality,3390,3390,constraint,INEQ-UPPER-D017-H08-PW02
20260811_121452_stage_B_2C_4168a6e9,inequality,3391,3391,constraint,INEQ-LOWER-D017-H08-PW03
20260811_121452_stage_B_2C_4168a6e9,inequality,3392,3392,constraint,INEQ-UPPER-D017-H08-PW03
20260811_121452_stage_B_2C_4168a6e9,inequality,3393,3393,constraint,INEQ-LOWER-D017-H08-PW04
20260811_121452_stage_B_2C_4168a6e9,inequality,3394,3394,constraint,INEQ-UPPER-D017-H08-PW04
20260811_121452_stage_B_2C_4168a6e9,inequality,3395,3395,constraint,INEQ-LOWER-D017-H08-PW05
20260811_121452_stage_B_2C_4168a6e9,inequality,3396,3396,constraint,INEQ-UPPER-D017-H08-PW05
20260811_121452_stage_B_2C_4168a6e9,inequality,3397,3397,constraint,INEQ-LOWER-D017-H08-PP01
20260811_121452_stage_B_2C_4168a6e9,inequality,3398,3398,constraint,INEQ-UPPER-D017-H08-PP01
20260811_121452_stage_B_2C_4168a6e9,inequality,3399,3399,constraint,INEQ-LOWER-D017-H08-PP02
20260811_121452_stage_B_2C_4168a6e9,inequality,3400,3400,constraint,INEQ-UPPER-D017-H08-PP02
20260811_121452_stage_B_2C_4168a6e9,inequality,3401,3401,constraint,INEQ-LOWER-D017-H08-PP03
20260811_121452_stage_B_2C_4168a6e9,inequality,3402,3402,constraint,INEQ-UPPER-D017-H08-PP03
20260811_121452_stage_B_2C_4168a6e9,inequality,3403,3403,constraint,INEQ-LOWER-D017-H08-PP04
20260811_121452_stage_B_2C_4168a6e9,inequality,3404,3404,constraint,INEQ-UPPER-D017-H08-PP04
20260811_121452_stage_B_2C_4168a6e9,inequality,3405,3405,constraint,INEQ-LOWER-D017-H08-PP05
20260811_121452_stage_B_2C_4168a6e9,inequality,3406,3406,constraint,INEQ-UPPER-D017-H08-PP05
20260811_121452_stage_B_2C_4168a6e9,inequality,3407,3407,constraint,INEQ-LOWER-D017-H08-PH01
20260811_121452_stage_B_2C_4168a6e9,inequality,3408,3408,constraint,INEQ-UPPER-D017-H08-PH01
20260811_121452_stage_B_2C_4168a6e9,inequality,3409,3409,constraint,INEQ-LOWER-D017-H08-PH02
20260811_121452_stage_B_2C_4168a6e9,inequality,3410,3410,constraint,INEQ-UPPER-D017-H08-PH02
20260811_121452_stage_B_2C_4168a6e9,inequality,3411,3411,constraint,INEQ-LOWER-D017-H08-PH03
20260811_121452_stage_B_2C_4168a6e9,inequality,3412,3412,constraint,INEQ-UPPER-D017-H08-PH03
20260811_121452_stage_B_2C_4168a6e9,inequality,3413,3413,constraint,INEQ-LOWER-D017-H08-PH04
20260811_121452_stage_B_2C_4168a6e9,inequality,3414,3414,constraint,INEQ-UPPER-D017-H08-PH04
20260811_121452_stage_B_2C_4168a6e9,inequality,3415,3415,constraint,INEQ-LOWER-D017-H08-PF01
20260811_121452_stage_B_2C_4168a6e9,inequality,3416,3416,constraint,INEQ-UPPER-D017-H08-PF01
20260811_121452_stage_B_2C_4168a6e9,inequality,3417,3417,constraint,INEQ-LOWER-D017-H08-PF02
20260811_121452_stage_B_2C_4168a6e9,inequality,3418,3418,constraint,INEQ-UPPER-D017-H08-PF02
20260811_121452_stage_B_2C_4168a6e9,inequality,3419,3419,constraint,INEQ-LOWER-D017-H08-PF03
20260811_121452_stage_B_2C_4168a6e9,inequality,3420,3420,constraint,INEQ-UPPER-D017-H08-PF03
20260811_121452_stage_B_2C_4168a6e9,inequality,3421,3421,constraint,INEQ-LOWER-D017-H08-PF04
20260811_121452_stage_B_2C_4168a6e9,inequality,3422,3422,constraint,INEQ-UPPER-D017-H08-PF04
20260811_121452_stage_B_2C_4168a6e9,inequality,3423,3423,constraint,INEQ-LOWER-D017-H08-Pch01
20260811_121452_stage_B_2C_4168a6e9,inequality,3424,3424,constraint,INEQ-UPPER-D017-H08-Pch01
20260811_121452_stage_B_2C_4168a6e9,inequality,3425,3425,constraint,INEQ-LOWER-D017-H08-Pch02
20260811_121452_stage_B_2C_4168a6e9,inequality,3426,3426,constraint,INEQ-UPPER-D017-H08-Pch02
20260811_121452_stage_B_2C_4168a6e9,inequality,3427,3427,constraint,INEQ-LOWER-D017-H08-Pdis01
20260811_121452_stage_B_2C_4168a6e9,inequality,3428,3428,constraint,INEQ-UPPER-D017-H08-Pdis01
20260811_121452_stage_B_2C_4168a6e9,inequality,3429,3429,constraint,INEQ-LOWER-D017-H08-Pdis02
20260811_121452_stage_B_2C_4168a6e9,inequality,3430,3430,constraint,INEQ-UPPER-D017-H08-Pdis02
20260811_121452_stage_B_2C_4168a6e9,inequality,3431,3431,constraint,INEQ-LOWER-D017-H08-SOC01
20260811_121452_stage_B_2C_4168a6e9,inequality,3432,3432,constraint,INEQ-UPPER-D017-H08-SOC01
20260811_121452_stage_B_2C_4168a6e9,inequality,3433,3433,constraint,INEQ-LOWER-D017-H08-SOC02
20260811_121452_stage_B_2C_4168a6e9,inequality,3434,3434,constraint,INEQ-UPPER-D017-H08-SOC02
20260811_121452_stage_B_2C_4168a6e9,inequality,3435,3435,constraint,INEQ-LOWER-D017-H09-PW01
20260811_121452_stage_B_2C_4168a6e9,inequality,3436,3436,constraint,INEQ-UPPER-D017-H09-PW01
20260811_121452_stage_B_2C_4168a6e9,inequality,3437,3437,constraint,INEQ-LOWER-D017-H09-PW02
20260811_121452_stage_B_2C_4168a6e9,inequality,3438,3438,constraint,INEQ-UPPER-D017-H09-PW02
20260811_121452_stage_B_2C_4168a6e9,inequality,3439,3439,constraint,INEQ-LOWER-D017-H09-PW03
20260811_121452_stage_B_2C_4168a6e9,inequality,3440,3440,constraint,INEQ-UPPER-D017-H09-PW03
20260811_121452_stage_B_2C_4168a6e9,inequality,3441,3441,constraint,INEQ-LOWER-D017-H09-PW04
20260811_121452_stage_B_2C_4168a6e9,inequality,3442,3442,constraint,INEQ-UPPER-D017-H09-PW04
20260811_121452_stage_B_2C_4168a6e9,inequality,3443,3443,constraint,INEQ-LOWER-D017-H09-PW05
20260811_121452_stage_B_2C_4168a6e9,inequality,3444,3444,constraint,INEQ-UPPER-D017-H09-PW05
20260811_121452_stage_B_2C_4168a6e9,inequality,3445,3445,constraint,INEQ-LOWER-D017-H09-PP01
20260811_121452_stage_B_2C_4168a6e9,inequality,3446,3446,constraint,INEQ-UPPER-D017-H09-PP01
20260811_121452_stage_B_2C_4168a6e9,inequality,3447,3447,constraint,INEQ-LOWER-D017-H09-PP02
20260811_121452_stage_B_2C_4168a6e9,inequality,3448,3448,constraint,INEQ-UPPER-D017-H09-PP02
20260811_121452_stage_B_2C_4168a6e9,inequality,3449,3449,constraint,INEQ-LOWER-D017-H09-PP03
20260811_121452_stage_B_2C_4168a6e9,inequality,3450,3450,constraint,INEQ-UPPER-D017-H09-PP03
20260811_121452_stage_B_2C_4168a6e9,inequality,3451,3451,constraint,INEQ-LOWER-D017-H09-PP04
20260811_121452_stage_B_2C_4168a6e9,inequality,3452,3452,constraint,INEQ-UPPER-D017-H09-PP04
20260811_121452_stage_B_2C_4168a6e9,inequality,3453,3453,constraint,INEQ-LOWER-D017-H09-PP05
20260811_121452_stage_B_2C_4168a6e9,inequality,3454,3454,constraint,INEQ-UPPER-D017-H09-PP05
20260811_121452_stage_B_2C_4168a6e9,inequality,3455,3455,constraint,INEQ-LOWER-D017-H09-PH01
20260811_121452_stage_B_2C_4168a6e9,inequality,3456,3456,constraint,INEQ-UPPER-D017-H09-PH01
20260811_121452_stage_B_2C_4168a6e9,inequality,3457,3457,constraint,INEQ-LOWER-D017-H09-PH02
20260811_121452_stage_B_2C_4168a6e9,inequality,3458,3458,constraint,INEQ-UPPER-D017-H09-PH02
20260811_121452_stage_B_2C_4168a6e9,inequality,3459,3459,constraint,INEQ-LOWER-D017-H09-PH03
20260811_121452_stage_B_2C_4168a6e9,inequality,3460,3460,constraint,INEQ-UPPER-D017-H09-PH03
20260811_121452_stage_B_2C_4168a6e9,inequality,3461,3461,constraint,INEQ-LOWER-D017-H09-PH04
20260811_121452_stage_B_2C_4168a6e9,inequality,3462,3462,constraint,INEQ-UPPER-D017-H09-PH04
20260811_121452_stage_B_2C_4168a6e9,inequality,3463,3463,constraint,INEQ-LOWER-D017-H09-PF01
20260811_121452_stage_B_2C_4168a6e9,inequality,3464,3464,constraint,INEQ-UPPER-D017-H09-PF01
20260811_121452_stage_B_2C_4168a6e9,inequality,3465,3465,constraint,INEQ-LOWER-D017-H09-PF02
20260811_121452_stage_B_2C_4168a6e9,inequality,3466,3466,constraint,INEQ-UPPER-D017-H09-PF02
20260811_121452_stage_B_2C_4168a6e9,inequality,3467,3467,constraint,INEQ-LOWER-D017-H09-PF03
20260811_121452_stage_B_2C_4168a6e9,inequality,3468,3468,constraint,INEQ-UPPER-D017-H09-PF03
20260811_121452_stage_B_2C_4168a6e9,inequality,3469,3469,constraint,INEQ-LOWER-D017-H09-PF04
20260811_121452_stage_B_2C_4168a6e9,inequality,3470,3470,constraint,INEQ-UPPER-D017-H09-PF04
20260811_121452_stage_B_2C_4168a6e9,inequality,3471,3471,constraint,INEQ-LOWER-D017-H09-Pch01
20260811_121452_stage_B_2C_4168a6e9,inequality,3472,3472,constraint,INEQ-UPPER-D017-H09-Pch01
20260811_121452_stage_B_2C_4168a6e9,inequality,3473,3473,constraint,INEQ-LOWER-D017-H09-Pch02
20260811_121452_stage_B_2C_4168a6e9,inequality,3474,3474,constraint,INEQ-UPPER-D017-H09-Pch02
20260811_121452_stage_B_2C_4168a6e9,inequality,3475,3475,constraint,INEQ-LOWER-D017-H09-Pdis01
20260811_121452_stage_B_2C_4168a6e9,inequality,3476,3476,constraint,INEQ-UPPER-D017-H09-Pdis01
20260811_121452_stage_B_2C_4168a6e9,inequality,3477,3477,constraint,INEQ-LOWER-D017-H09-Pdis02
20260811_121452_stage_B_2C_4168a6e9,inequality,3478,3478,constraint,INEQ-UPPER-D017-H09-Pdis02
20260811_121452_stage_B_2C_4168a6e9,inequality,3479,3479,constraint,INEQ-LOWER-D017-H09-SOC01
20260811_121452_stage_B_2C_4168a6e9,inequality,3480,3480,constraint,INEQ-UPPER-D017-H09-SOC01
20260811_121452_stage_B_2C_4168a6e9,inequality,3481,3481,constraint,INEQ-LOWER-D017-H09-SOC02
20260811_121452_stage_B_2C_4168a6e9,inequality,3482,3482,constraint,INEQ-UPPER-D017-H09-SOC02
20260811_121452_stage_B_2C_4168a6e9,inequality,3483,3483,constraint,INEQ-LOWER-D017-H10-PW01
20260811_121452_stage_B_2C_4168a6e9,inequality,3484,3484,constraint,INEQ-UPPER-D017-H10-PW01
20260811_121452_stage_B_2C_4168a6e9,inequality,3485,3485,constraint,INEQ-LOWER-D017-H10-PW02
20260811_121452_stage_B_2C_4168a6e9,inequality,3486,3486,constraint,INEQ-UPPER-D017-H10-PW02
20260811_121452_stage_B_2C_4168a6e9,inequality,3487,3487,constraint,INEQ-LOWER-D017-H10-PW03
20260811_121452_stage_B_2C_4168a6e9,inequality,3488,3488,constraint,INEQ-UPPER-D017-H10-PW03
20260811_121452_stage_B_2C_4168a6e9,inequality,3489,3489,constraint,INEQ-LOWER-D017-H10-PW04
20260811_121452_stage_B_2C_4168a6e9,inequality,3490,3490,constraint,INEQ-UPPER-D017-H10-PW04
20260811_121452_stage_B_2C_4168a6e9,inequality,3491,3491,constraint,INEQ-LOWER-D017-H10-PW05
20260811_121452_stage_B_2C_4168a6e9,inequality,3492,3492,constraint,INEQ-UPPER-D017-H10-PW05
20260811_121452_stage_B_2C_4168a6e9,inequality,3493,3493,constraint,INEQ-LOWER-D017-H10-PP01
20260811_121452_stage_B_2C_4168a6e9,inequality,3494,3494,constraint,INEQ-UPPER-D017-H10-PP01
20260811_121452_stage_B_2C_4168a6e9,inequality,3495,3495,constraint,INEQ-LOWER-D017-H10-PP02
20260811_121452_stage_B_2C_4168a6e9,inequality,3496,3496,constraint,INEQ-UPPER-D017-H10-PP02
20260811_121452_stage_B_2C_4168a6e9,inequality,3497,3497,constraint,INEQ-LOWER-D017-H10-PP03
20260811_121452_stage_B_2C_4168a6e9,inequality,3498,3498,constraint,INEQ-UPPER-D017-H10-PP03
20260811_121452_stage_B_2C_4168a6e9,inequality,3499,3499,constraint,INEQ-LOWER-D017-H10-PP04
20260811_121452_stage_B_2C_4168a6e9,inequality,3500,3500,constraint,INEQ-UPPER-D017-H10-PP04
20260811_121452_stage_B_2C_4168a6e9,inequality,3501,3501,constraint,INEQ-LOWER-D017-H10-PP05
20260811_121452_stage_B_2C_4168a6e9,inequality,3502,3502,constraint,INEQ-UPPER-D017-H10-PP05
20260811_121452_stage_B_2C_4168a6e9,inequality,3503,3503,constraint,INEQ-LOWER-D017-H10-PH01
20260811_121452_stage_B_2C_4168a6e9,inequality,3504,3504,constraint,INEQ-UPPER-D017-H10-PH01
20260811_121452_stage_B_2C_4168a6e9,inequality,3505,3505,constraint,INEQ-LOWER-D017-H10-PH02
20260811_121452_stage_B_2C_4168a6e9,inequality,3506,3506,constraint,INEQ-UPPER-D017-H10-PH02
20260811_121452_stage_B_2C_4168a6e9,inequality,3507,3507,constraint,INEQ-LOWER-D017-H10-PH03
20260811_121452_stage_B_2C_4168a6e9,inequality,3508,3508,constraint,INEQ-UPPER-D017-H10-PH03
20260811_121452_stage_B_2C_4168a6e9,inequality,3509,3509,constraint,INEQ-LOWER-D017-H10-PH04
20260811_121452_stage_B_2C_4168a6e9,inequality,3510,3510,constraint,INEQ-UPPER-D017-H10-PH04
20260811_121452_stage_B_2C_4168a6e9,inequality,3511,3511,constraint,INEQ-LOWER-D017-H10-PF01
20260811_121452_stage_B_2C_4168a6e9,inequality,3512,3512,constraint,INEQ-UPPER-D017-H10-PF01
20260811_121452_stage_B_2C_4168a6e9,inequality,3513,3513,constraint,INEQ-LOWER-D017-H10-PF02
20260811_121452_stage_B_2C_4168a6e9,inequality,3514,3514,constraint,INEQ-UPPER-D017-H10-PF02
20260811_121452_stage_B_2C_4168a6e9,inequality,3515,3515,constraint,INEQ-LOWER-D017-H10-PF03
20260811_121452_stage_B_2C_4168a6e9,inequality,3516,3516,constraint,INEQ-UPPER-D017-H10-PF03
20260811_121452_stage_B_2C_4168a6e9,inequality,3517,3517,constraint,INEQ-LOWER-D017-H10-PF04
20260811_121452_stage_B_2C_4168a6e9,inequality,3518,3518,constraint,INEQ-UPPER-D017-H10-PF04
20260811_121452_stage_B_2C_4168a6e9,inequality,3519,3519,constraint,INEQ-LOWER-D017-H10-Pch01
20260811_121452_stage_B_2C_4168a6e9,inequality,3520,3520,constraint,INEQ-UPPER-D017-H10-Pch01
20260811_121452_stage_B_2C_4168a6e9,inequality,3521,3521,constraint,INEQ-LOWER-D017-H10-Pch02
20260811_121452_stage_B_2C_4168a6e9,inequality,3522,3522,constraint,INEQ-UPPER-D017-H10-Pch02
20260811_121452_stage_B_2C_4168a6e9,inequality,3523,3523,constraint,INEQ-LOWER-D017-H10-Pdis01
20260811_121452_stage_B_2C_4168a6e9,inequality,3524,3524,constraint,INEQ-UPPER-D017-H10-Pdis01
20260811_121452_stage_B_2C_4168a6e9,inequality,3525,3525,constraint,INEQ-LOWER-D017-H10-Pdis02
20260811_121452_stage_B_2C_4168a6e9,inequality,3526,3526,constraint,INEQ-UPPER-D017-H10-Pdis02
20260811_121452_stage_B_2C_4168a6e9,inequality,3527,3527,constraint,INEQ-LOWER-D017-H10-SOC01
20260811_121452_stage_B_2C_4168a6e9,inequality,3528,3528,constraint,INEQ-UPPER-D017-H10-SOC01
20260811_121452_stage_B_2C_4168a6e9,inequality,3529,3529,constraint,INEQ-LOWER-D017-H10-SOC02
20260811_121452_stage_B_2C_4168a6e9,inequality,3530,3530,constraint,INEQ-UPPER-D017-H10-SOC02
20260811_121452_stage_B_2C_4168a6e9,inequality,3531,3531,constraint,INEQ-LOWER-D017-H11-PW01
20260811_121452_stage_B_2C_4168a6e9,inequality,3532,3532,constraint,INEQ-UPPER-D017-H11-PW01
20260811_121452_stage_B_2C_4168a6e9,inequality,3533,3533,constraint,INEQ-LOWER-D017-H11-PW02
20260811_121452_stage_B_2C_4168a6e9,inequality,3534,3534,constraint,INEQ-UPPER-D017-H11-PW02
20260811_121452_stage_B_2C_4168a6e9,inequality,3535,3535,constraint,INEQ-LOWER-D017-H11-PW03
20260811_121452_stage_B_2C_4168a6e9,inequality,3536,3536,constraint,INEQ-UPPER-D017-H11-PW03
20260811_121452_stage_B_2C_4168a6e9,inequality,3537,3537,constraint,INEQ-LOWER-D017-H11-PW04
20260811_121452_stage_B_2C_4168a6e9,inequality,3538,3538,constraint,INEQ-UPPER-D017-H11-PW04
20260811_121452_stage_B_2C_4168a6e9,inequality,3539,3539,constraint,INEQ-LOWER-D017-H11-PW05
20260811_121452_stage_B_2C_4168a6e9,inequality,3540,3540,constraint,INEQ-UPPER-D017-H11-PW05
20260811_121452_stage_B_2C_4168a6e9,inequality,3541,3541,constraint,INEQ-LOWER-D017-H11-PP01
20260811_121452_stage_B_2C_4168a6e9,inequality,3542,3542,constraint,INEQ-UPPER-D017-H11-PP01
20260811_121452_stage_B_2C_4168a6e9,inequality,3543,3543,constraint,INEQ-LOWER-D017-H11-PP02
20260811_121452_stage_B_2C_4168a6e9,inequality,3544,3544,constraint,INEQ-UPPER-D017-H11-PP02
20260811_121452_stage_B_2C_4168a6e9,inequality,3545,3545,constraint,INEQ-LOWER-D017-H11-PP03
20260811_121452_stage_B_2C_4168a6e9,inequality,3546,3546,constraint,INEQ-UPPER-D017-H11-PP03
20260811_121452_stage_B_2C_4168a6e9,inequality,3547,3547,constraint,INEQ-LOWER-D017-H11-PP04
20260811_121452_stage_B_2C_4168a6e9,inequality,3548,3548,constraint,INEQ-UPPER-D017-H11-PP04
20260811_121452_stage_B_2C_4168a6e9,inequality,3549,3549,constraint,INEQ-LOWER-D017-H11-PP05
20260811_121452_stage_B_2C_4168a6e9,inequality,3550,3550,constraint,INEQ-UPPER-D017-H11-PP05
20260811_121452_stage_B_2C_4168a6e9,inequality,3551,3551,constraint,INEQ-LOWER-D017-H11-PH01
20260811_121452_stage_B_2C_4168a6e9,inequality,3552,3552,constraint,INEQ-UPPER-D017-H11-PH01
20260811_121452_stage_B_2C_4168a6e9,inequality,3553,3553,constraint,INEQ-LOWER-D017-H11-PH02
20260811_121452_stage_B_2C_4168a6e9,inequality,3554,3554,constraint,INEQ-UPPER-D017-H11-PH02
20260811_121452_stage_B_2C_4168a6e9,inequality,3555,3555,constraint,INEQ-LOWER-D017-H11-PH03
20260811_121452_stage_B_2C_4168a6e9,inequality,3556,3556,constraint,INEQ-UPPER-D017-H11-PH03
20260811_121452_stage_B_2C_4168a6e9,inequality,3557,3557,constraint,INEQ-LOWER-D017-H11-PH04
20260811_121452_stage_B_2C_4168a6e9,inequality,3558,3558,constraint,INEQ-UPPER-D017-H11-PH04
20260811_121452_stage_B_2C_4168a6e9,inequality,3559,3559,constraint,INEQ-LOWER-D017-H11-PF01
20260811_121452_stage_B_2C_4168a6e9,inequality,3560,3560,constraint,INEQ-UPPER-D017-H11-PF01
20260811_121452_stage_B_2C_4168a6e9,inequality,3561,3561,constraint,INEQ-LOWER-D017-H11-PF02
20260811_121452_stage_B_2C_4168a6e9,inequality,3562,3562,constraint,INEQ-UPPER-D017-H11-PF02
20260811_121452_stage_B_2C_4168a6e9,inequality,3563,3563,constraint,INEQ-LOWER-D017-H11-PF03
20260811_121452_stage_B_2C_4168a6e9,inequality,3564,3564,constraint,INEQ-UPPER-D017-H11-PF03
20260811_121452_stage_B_2C_4168a6e9,inequality,3565,3565,constraint,INEQ-LOWER-D017-H11-PF04
20260811_121452_stage_B_2C_4168a6e9,inequality,3566,3566,constraint,INEQ-UPPER-D017-H11-PF04
20260811_121452_stage_B_2C_4168a6e9,inequality,3567,3567,constraint,INEQ-LOWER-D017-H11-Pch01
20260811_121452_stage_B_2C_4168a6e9,inequality,3568,3568,constraint,INEQ-UPPER-D017-H11-Pch01
20260811_121452_stage_B_2C_4168a6e9,inequality,3569,3569,constraint,INEQ-LOWER-D017-H11-Pch02
20260811_121452_stage_B_2C_4168a6e9,inequality,3570,3570,constraint,INEQ-UPPER-D017-H11-Pch02
20260811_121452_stage_B_2C_4168a6e9,inequality,3571,3571,constraint,INEQ-LOWER-D017-H11-Pdis01
20260811_121452_stage_B_2C_4168a6e9,inequality,3572,3572,constraint,INEQ-UPPER-D017-H11-Pdis01
20260811_121452_stage_B_2C_4168a6e9,inequality,3573,3573,constraint,INEQ-LOWER-D017-H11-Pdis02
20260811_121452_stage_B_2C_4168a6e9,inequality,3574,3574,constraint,INEQ-UPPER-D017-H11-Pdis02
20260811_121452_stage_B_2C_4168a6e9,inequality,3575,3575,constraint,INEQ-LOWER-D017-H11-SOC01
20260811_121452_stage_B_2C_4168a6e9,inequality,3576,3576,constraint,INEQ-UPPER-D017-H11-SOC01
20260811_121452_stage_B_2C_4168a6e9,inequality,3577,3577,constraint,INEQ-LOWER-D017-H11-SOC02
20260811_121452_stage_B_2C_4168a6e9,inequality,3578,3578,constraint,INEQ-UPPER-D017-H11-SOC02
20260811_121452_stage_B_2C_4168a6e9,inequality,3579,3579,constraint,INEQ-LOWER-D017-H12-PW01
20260811_121452_stage_B_2C_4168a6e9,inequality,3580,3580,constraint,INEQ-UPPER-D017-H12-PW01
20260811_121452_stage_B_2C_4168a6e9,inequality,3581,3581,constraint,INEQ-LOWER-D017-H12-PW02
20260811_121452_stage_B_2C_4168a6e9,inequality,3582,3582,constraint,INEQ-UPPER-D017-H12-PW02
20260811_121452_stage_B_2C_4168a6e9,inequality,3583,3583,constraint,INEQ-LOWER-D017-H12-PW03
20260811_121452_stage_B_2C_4168a6e9,inequality,3584,3584,constraint,INEQ-UPPER-D017-H12-PW03
20260811_121452_stage_B_2C_4168a6e9,inequality,3585,3585,constraint,INEQ-LOWER-D017-H12-PW04
20260811_121452_stage_B_2C_4168a6e9,inequality,3586,3586,constraint,INEQ-UPPER-D017-H12-PW04
20260811_121452_stage_B_2C_4168a6e9,inequality,3587,3587,constraint,INEQ-LOWER-D017-H12-PW05
20260811_121452_stage_B_2C_4168a6e9,inequality,3588,3588,constraint,INEQ-UPPER-D017-H12-PW05
20260811_121452_stage_B_2C_4168a6e9,inequality,3589,3589,constraint,INEQ-LOWER-D017-H12-PP01
20260811_121452_stage_B_2C_4168a6e9,inequality,3590,3590,constraint,INEQ-UPPER-D017-H12-PP01
20260811_121452_stage_B_2C_4168a6e9,inequality,3591,3591,constraint,INEQ-LOWER-D017-H12-PP02
20260811_121452_stage_B_2C_4168a6e9,inequality,3592,3592,constraint,INEQ-UPPER-D017-H12-PP02
20260811_121452_stage_B_2C_4168a6e9,inequality,3593,3593,constraint,INEQ-LOWER-D017-H12-PP03
20260811_121452_stage_B_2C_4168a6e9,inequality,3594,3594,constraint,INEQ-UPPER-D017-H12-PP03
20260811_121452_stage_B_2C_4168a6e9,inequality,3595,3595,constraint,INEQ-LOWER-D017-H12-PP04
20260811_121452_stage_B_2C_4168a6e9,inequality,3596,3596,constraint,INEQ-UPPER-D017-H12-PP04
20260811_121452_stage_B_2C_4168a6e9,inequality,3597,3597,constraint,INEQ-LOWER-D017-H12-PP05
20260811_121452_stage_B_2C_4168a6e9,inequality,3598,3598,constraint,INEQ-UPPER-D017-H12-PP05
20260811_121452_stage_B_2C_4168a6e9,inequality,3599,3599,constraint,INEQ-LOWER-D017-H12-PH01
20260811_121452_stage_B_2C_4168a6e9,inequality,3600,3600,constraint,INEQ-UPPER-D017-H12-PH01
20260811_121452_stage_B_2C_4168a6e9,inequality,3601,3601,constraint,INEQ-LOWER-D017-H12-PH02
20260811_121452_stage_B_2C_4168a6e9,inequality,3602,3602,constraint,INEQ-UPPER-D017-H12-PH02
20260811_121452_stage_B_2C_4168a6e9,inequality,3603,3603,constraint,INEQ-LOWER-D017-H12-PH03
20260811_121452_stage_B_2C_4168a6e9,inequality,3604,3604,constraint,INEQ-UPPER-D017-H12-PH03
20260811_121452_stage_B_2C_4168a6e9,inequality,3605,3605,constraint,INEQ-LOWER-D017-H12-PH04
20260811_121452_stage_B_2C_4168a6e9,inequality,3606,3606,constraint,INEQ-UPPER-D017-H12-PH04
20260811_121452_stage_B_2C_4168a6e9,inequality,3607,3607,constraint,INEQ-LOWER-D017-H12-PF01
20260811_121452_stage_B_2C_4168a6e9,inequality,3608,3608,constraint,INEQ-UPPER-D017-H12-PF01
20260811_121452_stage_B_2C_4168a6e9,inequality,3609,3609,constraint,INEQ-LOWER-D017-H12-PF02
20260811_121452_stage_B_2C_4168a6e9,inequality,3610,3610,constraint,INEQ-UPPER-D017-H12-PF02
20260811_121452_stage_B_2C_4168a6e9,inequality,3611,3611,constraint,INEQ-LOWER-D017-H12-PF03
20260811_121452_stage_B_2C_4168a6e9,inequality,3612,3612,constraint,INEQ-UPPER-D017-H12-PF03
20260811_121452_stage_B_2C_4168a6e9,inequality,3613,3613,constraint,INEQ-LOWER-D017-H12-PF04
20260811_121452_stage_B_2C_4168a6e9,inequality,3614,3614,constraint,INEQ-UPPER-D017-H12-PF04
20260811_121452_stage_B_2C_4168a6e9,inequality,3615,3615,constraint,INEQ-LOWER-D017-H12-Pch01
20260811_121452_stage_B_2C_4168a6e9,inequality,3616,3616,constraint,INEQ-UPPER-D017-H12-Pch01
20260811_121452_stage_B_2C_4168a6e9,inequality,3617,3617,constraint,INEQ-LOWER-D017-H12-Pch02
20260811_121452_stage_B_2C_4168a6e9,inequality,3618,3618,constraint,INEQ-UPPER-D017-H12-Pch02
20260811_121452_stage_B_2C_4168a6e9,inequality,3619,3619,constraint,INEQ-LOWER-D017-H12-Pdis01
20260811_121452_stage_B_2C_4168a6e9,inequality,3620,3620,constraint,INEQ-UPPER-D017-H12-Pdis01
20260811_121452_stage_B_2C_4168a6e9,inequality,3621,3621,constraint,INEQ-LOWER-D017-H12-Pdis02
20260811_121452_stage_B_2C_4168a6e9,inequality,3622,3622,constraint,INEQ-UPPER-D017-H12-Pdis02
20260811_121452_stage_B_2C_4168a6e9,inequality,3623,3623,constraint,INEQ-LOWER-D017-H12-SOC01
20260811_121452_stage_B_2C_4168a6e9,inequality,3624,3624,constraint,INEQ-UPPER-D017-H12-SOC01
20260811_121452_stage_B_2C_4168a6e9,inequality,3625,3625,constraint,INEQ-LOWER-D017-H12-SOC02
20260811_121452_stage_B_2C_4168a6e9,inequality,3626,3626,constraint,INEQ-UPPER-D017-H12-SOC02
20260811_121452_stage_B_2C_4168a6e9,inequality,3627,3627,constraint,INEQ-LOWER-D017-H13-PW01
20260811_121452_stage_B_2C_4168a6e9,inequality,3628,3628,constraint,INEQ-UPPER-D017-H13-PW01
20260811_121452_stage_B_2C_4168a6e9,inequality,3629,3629,constraint,INEQ-LOWER-D017-H13-PW02
20260811_121452_stage_B_2C_4168a6e9,inequality,3630,3630,constraint,INEQ-UPPER-D017-H13-PW02
20260811_121452_stage_B_2C_4168a6e9,inequality,3631,3631,constraint,INEQ-LOWER-D017-H13-PW03
20260811_121452_stage_B_2C_4168a6e9,inequality,3632,3632,constraint,INEQ-UPPER-D017-H13-PW03
20260811_121452_stage_B_2C_4168a6e9,inequality,3633,3633,constraint,INEQ-LOWER-D017-H13-PW04
20260811_121452_stage_B_2C_4168a6e9,inequality,3634,3634,constraint,INEQ-UPPER-D017-H13-PW04
20260811_121452_stage_B_2C_4168a6e9,inequality,3635,3635,constraint,INEQ-LOWER-D017-H13-PW05
20260811_121452_stage_B_2C_4168a6e9,inequality,3636,3636,constraint,INEQ-UPPER-D017-H13-PW05
20260811_121452_stage_B_2C_4168a6e9,inequality,3637,3637,constraint,INEQ-LOWER-D017-H13-PP01
20260811_121452_stage_B_2C_4168a6e9,inequality,3638,3638,constraint,INEQ-UPPER-D017-H13-PP01
20260811_121452_stage_B_2C_4168a6e9,inequality,3639,3639,constraint,INEQ-LOWER-D017-H13-PP02
20260811_121452_stage_B_2C_4168a6e9,inequality,3640,3640,constraint,INEQ-UPPER-D017-H13-PP02
20260811_121452_stage_B_2C_4168a6e9,inequality,3641,3641,constraint,INEQ-LOWER-D017-H13-PP03
20260811_121452_stage_B_2C_4168a6e9,inequality,3642,3642,constraint,INEQ-UPPER-D017-H13-PP03
20260811_121452_stage_B_2C_4168a6e9,inequality,3643,3643,constraint,INEQ-LOWER-D017-H13-PP04
20260811_121452_stage_B_2C_4168a6e9,inequality,3644,3644,constraint,INEQ-UPPER-D017-H13-PP04
20260811_121452_stage_B_2C_4168a6e9,inequality,3645,3645,constraint,INEQ-LOWER-D017-H13-PP05
20260811_121452_stage_B_2C_4168a6e9,inequality,3646,3646,constraint,INEQ-UPPER-D017-H13-PP05
20260811_121452_stage_B_2C_4168a6e9,inequality,3647,3647,constraint,INEQ-LOWER-D017-H13-PH01
20260811_121452_stage_B_2C_4168a6e9,inequality,3648,3648,constraint,INEQ-UPPER-D017-H13-PH01
20260811_121452_stage_B_2C_4168a6e9,inequality,3649,3649,constraint,INEQ-LOWER-D017-H13-PH02
20260811_121452_stage_B_2C_4168a6e9,inequality,3650,3650,constraint,INEQ-UPPER-D017-H13-PH02
20260811_121452_stage_B_2C_4168a6e9,inequality,3651,3651,constraint,INEQ-LOWER-D017-H13-PH03
20260811_121452_stage_B_2C_4168a6e9,inequality,3652,3652,constraint,INEQ-UPPER-D017-H13-PH03
20260811_121452_stage_B_2C_4168a6e9,inequality,3653,3653,constraint,INEQ-LOWER-D017-H13-PH04
20260811_121452_stage_B_2C_4168a6e9,inequality,3654,3654,constraint,INEQ-UPPER-D017-H13-PH04
20260811_121452_stage_B_2C_4168a6e9,inequality,3655,3655,constraint,INEQ-LOWER-D017-H13-PF01
20260811_121452_stage_B_2C_4168a6e9,inequality,3656,3656,constraint,INEQ-UPPER-D017-H13-PF01
20260811_121452_stage_B_2C_4168a6e9,inequality,3657,3657,constraint,INEQ-LOWER-D017-H13-PF02
20260811_121452_stage_B_2C_4168a6e9,inequality,3658,3658,constraint,INEQ-UPPER-D017-H13-PF02
20260811_121452_stage_B_2C_4168a6e9,inequality,3659,3659,constraint,INEQ-LOWER-D017-H13-PF03
20260811_121452_stage_B_2C_4168a6e9,inequality,3660,3660,constraint,INEQ-UPPER-D017-H13-PF03
20260811_121452_stage_B_2C_4168a6e9,inequality,3661,3661,constraint,INEQ-LOWER-D017-H13-PF04
20260811_121452_stage_B_2C_4168a6e9,inequality,3662,3662,constraint,INEQ-UPPER-D017-H13-PF04
20260811_121452_stage_B_2C_4168a6e9,inequality,3663,3663,constraint,INEQ-LOWER-D017-H13-Pch01
20260811_121452_stage_B_2C_4168a6e9,inequality,3664,3664,constraint,INEQ-UPPER-D017-H13-Pch01
20260811_121452_stage_B_2C_4168a6e9,inequality,3665,3665,constraint,INEQ-LOWER-D017-H13-Pch02
20260811_121452_stage_B_2C_4168a6e9,inequality,3666,3666,constraint,INEQ-UPPER-D017-H13-Pch02
20260811_121452_stage_B_2C_4168a6e9,inequality,3667,3667,constraint,INEQ-LOWER-D017-H13-Pdis01
20260811_121452_stage_B_2C_4168a6e9,inequality,3668,3668,constraint,INEQ-UPPER-D017-H13-Pdis01
20260811_121452_stage_B_2C_4168a6e9,inequality,3669,3669,constraint,INEQ-LOWER-D017-H13-Pdis02
20260811_121452_stage_B_2C_4168a6e9,inequality,3670,3670,constraint,INEQ-UPPER-D017-H13-Pdis02
20260811_121452_stage_B_2C_4168a6e9,inequality,3671,3671,constraint,INEQ-LOWER-D017-H13-SOC01
20260811_121452_stage_B_2C_4168a6e9,inequality,3672,3672,constraint,INEQ-UPPER-D017-H13-SOC01
20260811_121452_stage_B_2C_4168a6e9,inequality,3673,3673,constraint,INEQ-LOWER-D017-H13-SOC02
20260811_121452_stage_B_2C_4168a6e9,inequality,3674,3674,constraint,INEQ-UPPER-D017-H13-SOC02
20260811_121452_stage_B_2C_4168a6e9,inequality,3675,3675,constraint,INEQ-LOWER-D017-H14-PW01
20260811_121452_stage_B_2C_4168a6e9,inequality,3676,3676,constraint,INEQ-UPPER-D017-H14-PW01
20260811_121452_stage_B_2C_4168a6e9,inequality,3677,3677,constraint,INEQ-LOWER-D017-H14-PW02
20260811_121452_stage_B_2C_4168a6e9,inequality,3678,3678,constraint,INEQ-UPPER-D017-H14-PW02
20260811_121452_stage_B_2C_4168a6e9,inequality,3679,3679,constraint,INEQ-LOWER-D017-H14-PW03
20260811_121452_stage_B_2C_4168a6e9,inequality,3680,3680,constraint,INEQ-UPPER-D017-H14-PW03
20260811_121452_stage_B_2C_4168a6e9,inequality,3681,3681,constraint,INEQ-LOWER-D017-H14-PW04
20260811_121452_stage_B_2C_4168a6e9,inequality,3682,3682,constraint,INEQ-UPPER-D017-H14-PW04
20260811_121452_stage_B_2C_4168a6e9,inequality,3683,3683,constraint,INEQ-LOWER-D017-H14-PW05
20260811_121452_stage_B_2C_4168a6e9,inequality,3684,3684,constraint,INEQ-UPPER-D017-H14-PW05
20260811_121452_stage_B_2C_4168a6e9,inequality,3685,3685,constraint,INEQ-LOWER-D017-H14-PP01
20260811_121452_stage_B_2C_4168a6e9,inequality,3686,3686,constraint,INEQ-UPPER-D017-H14-PP01
20260811_121452_stage_B_2C_4168a6e9,inequality,3687,3687,constraint,INEQ-LOWER-D017-H14-PP02
20260811_121452_stage_B_2C_4168a6e9,inequality,3688,3688,constraint,INEQ-UPPER-D017-H14-PP02
20260811_121452_stage_B_2C_4168a6e9,inequality,3689,3689,constraint,INEQ-LOWER-D017-H14-PP03
20260811_121452_stage_B_2C_4168a6e9,inequality,3690,3690,constraint,INEQ-UPPER-D017-H14-PP03
20260811_121452_stage_B_2C_4168a6e9,inequality,3691,3691,constraint,INEQ-LOWER-D017-H14-PP04
20260811_121452_stage_B_2C_4168a6e9,inequality,3692,3692,constraint,INEQ-UPPER-D017-H14-PP04
20260811_121452_stage_B_2C_4168a6e9,inequality,3693,3693,constraint,INEQ-LOWER-D017-H14-PP05
20260811_121452_stage_B_2C_4168a6e9,inequality,3694,3694,constraint,INEQ-UPPER-D017-H14-PP05
20260811_121452_stage_B_2C_4168a6e9,inequality,3695,3695,constraint,INEQ-LOWER-D017-H14-PH01
20260811_121452_stage_B_2C_4168a6e9,inequality,3696,3696,constraint,INEQ-UPPER-D017-H14-PH01
20260811_121452_stage_B_2C_4168a6e9,inequality,3697,3697,constraint,INEQ-LOWER-D017-H14-PH02
20260811_121452_stage_B_2C_4168a6e9,inequality,3698,3698,constraint,INEQ-UPPER-D017-H14-PH02
20260811_121452_stage_B_2C_4168a6e9,inequality,3699,3699,constraint,INEQ-LOWER-D017-H14-PH03
20260811_121452_stage_B_2C_4168a6e9,inequality,3700,3700,constraint,INEQ-UPPER-D017-H14-PH03
20260811_121452_stage_B_2C_4168a6e9,inequality,3701,3701,constraint,INEQ-LOWER-D017-H14-PH04
20260811_121452_stage_B_2C_4168a6e9,inequality,3702,3702,constraint,INEQ-UPPER-D017-H14-PH04
20260811_121452_stage_B_2C_4168a6e9,inequality,3703,3703,constraint,INEQ-LOWER-D017-H14-PF01
20260811_121452_stage_B_2C_4168a6e9,inequality,3704,3704,constraint,INEQ-UPPER-D017-H14-PF01
20260811_121452_stage_B_2C_4168a6e9,inequality,3705,3705,constraint,INEQ-LOWER-D017-H14-PF02
20260811_121452_stage_B_2C_4168a6e9,inequality,3706,3706,constraint,INEQ-UPPER-D017-H14-PF02
20260811_121452_stage_B_2C_4168a6e9,inequality,3707,3707,constraint,INEQ-LOWER-D017-H14-PF03
20260811_121452_stage_B_2C_4168a6e9,inequality,3708,3708,constraint,INEQ-UPPER-D017-H14-PF03
20260811_121452_stage_B_2C_4168a6e9,inequality,3709,3709,constraint,INEQ-LOWER-D017-H14-PF04
20260811_121452_stage_B_2C_4168a6e9,inequality,3710,3710,constraint,INEQ-UPPER-D017-H14-PF04
20260811_121452_stage_B_2C_4168a6e9,inequality,3711,3711,constraint,INEQ-LOWER-D017-H14-Pch01
20260811_121452_stage_B_2C_4168a6e9,inequality,3712,3712,constraint,INEQ-UPPER-D017-H14-Pch01
20260811_121452_stage_B_2C_4168a6e9,inequality,3713,3713,constraint,INEQ-LOWER-D017-H14-Pch02
20260811_121452_stage_B_2C_4168a6e9,inequality,3714,3714,constraint,INEQ-UPPER-D017-H14-Pch02
20260811_121452_stage_B_2C_4168a6e9,inequality,3715,3715,constraint,INEQ-LOWER-D017-H14-Pdis01
20260811_121452_stage_B_2C_4168a6e9,inequality,3716,3716,constraint,INEQ-UPPER-D017-H14-Pdis01
20260811_121452_stage_B_2C_4168a6e9,inequality,3717,3717,constraint,INEQ-LOWER-D017-H14-Pdis02
20260811_121452_stage_B_2C_4168a6e9,inequality,3718,3718,constraint,INEQ-UPPER-D017-H14-Pdis02
20260811_121452_stage_B_2C_4168a6e9,inequality,3719,3719,constraint,INEQ-LOWER-D017-H14-SOC01
20260811_121452_stage_B_2C_4168a6e9,inequality,3720,3720,constraint,INEQ-UPPER-D017-H14-SOC01
20260811_121452_stage_B_2C_4168a6e9,inequality,3721,3721,constraint,INEQ-LOWER-D017-H14-SOC02
20260811_121452_stage_B_2C_4168a6e9,inequality,3722,3722,constraint,INEQ-UPPER-D017-H14-SOC02
20260811_121452_stage_B_2C_4168a6e9,inequality,3723,3723,constraint,INEQ-LOWER-D017-H15-PW01
20260811_121452_stage_B_2C_4168a6e9,inequality,3724,3724,constraint,INEQ-UPPER-D017-H15-PW01
20260811_121452_stage_B_2C_4168a6e9,inequality,3725,3725,constraint,INEQ-LOWER-D017-H15-PW02
20260811_121452_stage_B_2C_4168a6e9,inequality,3726,3726,constraint,INEQ-UPPER-D017-H15-PW02
20260811_121452_stage_B_2C_4168a6e9,inequality,3727,3727,constraint,INEQ-LOWER-D017-H15-PW03
20260811_121452_stage_B_2C_4168a6e9,inequality,3728,3728,constraint,INEQ-UPPER-D017-H15-PW03
20260811_121452_stage_B_2C_4168a6e9,inequality,3729,3729,constraint,INEQ-LOWER-D017-H15-PW04
20260811_121452_stage_B_2C_4168a6e9,inequality,3730,3730,constraint,INEQ-UPPER-D017-H15-PW04
20260811_121452_stage_B_2C_4168a6e9,inequality,3731,3731,constraint,INEQ-LOWER-D017-H15-PW05
20260811_121452_stage_B_2C_4168a6e9,inequality,3732,3732,constraint,INEQ-UPPER-D017-H15-PW05
20260811_121452_stage_B_2C_4168a6e9,inequality,3733,3733,constraint,INEQ-LOWER-D017-H15-PP01
20260811_121452_stage_B_2C_4168a6e9,inequality,3734,3734,constraint,INEQ-UPPER-D017-H15-PP01
20260811_121452_stage_B_2C_4168a6e9,inequality,3735,3735,constraint,INEQ-LOWER-D017-H15-PP02
20260811_121452_stage_B_2C_4168a6e9,inequality,3736,3736,constraint,INEQ-UPPER-D017-H15-PP02
20260811_121452_stage_B_2C_4168a6e9,inequality,3737,3737,constraint,INEQ-LOWER-D017-H15-PP03
20260811_121452_stage_B_2C_4168a6e9,inequality,3738,3738,constraint,INEQ-UPPER-D017-H15-PP03
20260811_121452_stage_B_2C_4168a6e9,inequality,3739,3739,constraint,INEQ-LOWER-D017-H15-PP04
20260811_121452_stage_B_2C_4168a6e9,inequality,3740,3740,constraint,INEQ-UPPER-D017-H15-PP04
20260811_121452_stage_B_2C_4168a6e9,inequality,3741,3741,constraint,INEQ-LOWER-D017-H15-PP05
20260811_121452_stage_B_2C_4168a6e9,inequality,3742,3742,constraint,INEQ-UPPER-D017-H15-PP05
20260811_121452_stage_B_2C_4168a6e9,inequality,3743,3743,constraint,INEQ-LOWER-D017-H15-PH01
20260811_121452_stage_B_2C_4168a6e9,inequality,3744,3744,constraint,INEQ-UPPER-D017-H15-PH01
20260811_121452_stage_B_2C_4168a6e9,inequality,3745,3745,constraint,INEQ-LOWER-D017-H15-PH02
20260811_121452_stage_B_2C_4168a6e9,inequality,3746,3746,constraint,INEQ-UPPER-D017-H15-PH02
20260811_121452_stage_B_2C_4168a6e9,inequality,3747,3747,constraint,INEQ-LOWER-D017-H15-PH03
20260811_121452_stage_B_2C_4168a6e9,inequality,3748,3748,constraint,INEQ-UPPER-D017-H15-PH03
20260811_121452_stage_B_2C_4168a6e9,inequality,3749,3749,constraint,INEQ-LOWER-D017-H15-PH04
20260811_121452_stage_B_2C_4168a6e9,inequality,3750,3750,constraint,INEQ-UPPER-D017-H15-PH04
20260811_121452_stage_B_2C_4168a6e9,inequality,3751,3751,constraint,INEQ-LOWER-D017-H15-PF01
20260811_121452_stage_B_2C_4168a6e9,inequality,3752,3752,constraint,INEQ-UPPER-D017-H15-PF01
20260811_121452_stage_B_2C_4168a6e9,inequality,3753,3753,constraint,INEQ-LOWER-D017-H15-PF02
20260811_121452_stage_B_2C_4168a6e9,inequality,3754,3754,constraint,INEQ-UPPER-D017-H15-PF02
20260811_121452_stage_B_2C_4168a6e9,inequality,3755,3755,constraint,INEQ-LOWER-D017-H15-PF03
20260811_121452_stage_B_2C_4168a6e9,inequality,3756,3756,constraint,INEQ-UPPER-D017-H15-PF03
20260811_121452_stage_B_2C_4168a6e9,inequality,3757,3757,constraint,INEQ-LOWER-D017-H15-PF04
20260811_121452_stage_B_2C_4168a6e9,inequality,3758,3758,constraint,INEQ-UPPER-D017-H15-PF04
20260811_121452_stage_B_2C_4168a6e9,inequality,3759,3759,constraint,INEQ-LOWER-D017-H15-Pch01
20260811_121452_stage_B_2C_4168a6e9,inequality,3760,3760,constraint,INEQ-UPPER-D017-H15-Pch01
20260811_121452_stage_B_2C_4168a6e9,inequality,3761,3761,constraint,INEQ-LOWER-D017-H15-Pch02
20260811_121452_stage_B_2C_4168a6e9,inequality,3762,3762,constraint,INEQ-UPPER-D017-H15-Pch02
20260811_121452_stage_B_2C_4168a6e9,inequality,3763,3763,constraint,INEQ-LOWER-D017-H15-Pdis01
20260811_121452_stage_B_2C_4168a6e9,inequality,3764,3764,constraint,INEQ-UPPER-D017-H15-Pdis01
20260811_121452_stage_B_2C_4168a6e9,inequality,3765,3765,constraint,INEQ-LOWER-D017-H15-Pdis02
20260811_121452_stage_B_2C_4168a6e9,inequality,3766,3766,constraint,INEQ-UPPER-D017-H15-Pdis02
20260811_121452_stage_B_2C_4168a6e9,inequality,3767,3767,constraint,INEQ-LOWER-D017-H15-SOC01
20260811_121452_stage_B_2C_4168a6e9,inequality,3768,3768,constraint,INEQ-UPPER-D017-H15-SOC01
20260811_121452_stage_B_2C_4168a6e9,inequality,3769,3769,constraint,INEQ-LOWER-D017-H15-SOC02
20260811_121452_stage_B_2C_4168a6e9,inequality,3770,3770,constraint,INEQ-UPPER-D017-H15-SOC02
20260811_121452_stage_B_2C_4168a6e9,inequality,3771,3771,constraint,INEQ-LOWER-D017-H16-PW01
20260811_121452_stage_B_2C_4168a6e9,inequality,3772,3772,constraint,INEQ-UPPER-D017-H16-PW01
20260811_121452_stage_B_2C_4168a6e9,inequality,3773,3773,constraint,INEQ-LOWER-D017-H16-PW02
20260811_121452_stage_B_2C_4168a6e9,inequality,3774,3774,constraint,INEQ-UPPER-D017-H16-PW02
20260811_121452_stage_B_2C_4168a6e9,inequality,3775,3775,constraint,INEQ-LOWER-D017-H16-PW03
20260811_121452_stage_B_2C_4168a6e9,inequality,3776,3776,constraint,INEQ-UPPER-D017-H16-PW03
20260811_121452_stage_B_2C_4168a6e9,inequality,3777,3777,constraint,INEQ-LOWER-D017-H16-PW04
20260811_121452_stage_B_2C_4168a6e9,inequality,3778,3778,constraint,INEQ-UPPER-D017-H16-PW04
20260811_121452_stage_B_2C_4168a6e9,inequality,3779,3779,constraint,INEQ-LOWER-D017-H16-PW05
20260811_121452_stage_B_2C_4168a6e9,inequality,3780,3780,constraint,INEQ-UPPER-D017-H16-PW05
20260811_121452_stage_B_2C_4168a6e9,inequality,3781,3781,constraint,INEQ-LOWER-D017-H16-PP01
20260811_121452_stage_B_2C_4168a6e9,inequality,3782,3782,constraint,INEQ-UPPER-D017-H16-PP01
20260811_121452_stage_B_2C_4168a6e9,inequality,3783,3783,constraint,INEQ-LOWER-D017-H16-PP02
20260811_121452_stage_B_2C_4168a6e9,inequality,3784,3784,constraint,INEQ-UPPER-D017-H16-PP02
20260811_121452_stage_B_2C_4168a6e9,inequality,3785,3785,constraint,INEQ-LOWER-D017-H16-PP03
20260811_121452_stage_B_2C_4168a6e9,inequality,3786,3786,constraint,INEQ-UPPER-D017-H16-PP03
20260811_121452_stage_B_2C_4168a6e9,inequality,3787,3787,constraint,INEQ-LOWER-D017-H16-PP04
20260811_121452_stage_B_2C_4168a6e9,inequality,3788,3788,constraint,INEQ-UPPER-D017-H16-PP04
20260811_121452_stage_B_2C_4168a6e9,inequality,3789,3789,constraint,INEQ-LOWER-D017-H16-PP05
20260811_121452_stage_B_2C_4168a6e9,inequality,3790,3790,constraint,INEQ-UPPER-D017-H16-PP05
20260811_121452_stage_B_2C_4168a6e9,inequality,3791,3791,constraint,INEQ-LOWER-D017-H16-PH01
20260811_121452_stage_B_2C_4168a6e9,inequality,3792,3792,constraint,INEQ-UPPER-D017-H16-PH01
20260811_121452_stage_B_2C_4168a6e9,inequality,3793,3793,constraint,INEQ-LOWER-D017-H16-PH02
20260811_121452_stage_B_2C_4168a6e9,inequality,3794,3794,constraint,INEQ-UPPER-D017-H16-PH02
20260811_121452_stage_B_2C_4168a6e9,inequality,3795,3795,constraint,INEQ-LOWER-D017-H16-PH03
20260811_121452_stage_B_2C_4168a6e9,inequality,3796,3796,constraint,INEQ-UPPER-D017-H16-PH03
20260811_121452_stage_B_2C_4168a6e9,inequality,3797,3797,constraint,INEQ-LOWER-D017-H16-PH04
20260811_121452_stage_B_2C_4168a6e9,inequality,3798,3798,constraint,INEQ-UPPER-D017-H16-PH04
20260811_121452_stage_B_2C_4168a6e9,inequality,3799,3799,constraint,INEQ-LOWER-D017-H16-PF01
20260811_121452_stage_B_2C_4168a6e9,inequality,3800,3800,constraint,INEQ-UPPER-D017-H16-PF01
20260811_121452_stage_B_2C_4168a6e9,inequality,3801,3801,constraint,INEQ-LOWER-D017-H16-PF02
20260811_121452_stage_B_2C_4168a6e9,inequality,3802,3802,constraint,INEQ-UPPER-D017-H16-PF02
20260811_121452_stage_B_2C_4168a6e9,inequality,3803,3803,constraint,INEQ-LOWER-D017-H16-PF03
20260811_121452_stage_B_2C_4168a6e9,inequality,3804,3804,constraint,INEQ-UPPER-D017-H16-PF03
20260811_121452_stage_B_2C_4168a6e9,inequality,3805,3805,constraint,INEQ-LOWER-D017-H16-PF04
20260811_121452_stage_B_2C_4168a6e9,inequality,3806,3806,constraint,INEQ-UPPER-D017-H16-PF04
20260811_121452_stage_B_2C_4168a6e9,inequality,3807,3807,constraint,INEQ-LOWER-D017-H16-Pch01
20260811_121452_stage_B_2C_4168a6e9,inequality,3808,3808,constraint,INEQ-UPPER-D017-H16-Pch01
20260811_121452_stage_B_2C_4168a6e9,inequality,3809,3809,constraint,INEQ-LOWER-D017-H16-Pch02
20260811_121452_stage_B_2C_4168a6e9,inequality,3810,3810,constraint,INEQ-UPPER-D017-H16-Pch02
20260811_121452_stage_B_2C_4168a6e9,inequality,3811,3811,constraint,INEQ-LOWER-D017-H16-Pdis01
20260811_121452_stage_B_2C_4168a6e9,inequality,3812,3812,constraint,INEQ-UPPER-D017-H16-Pdis01
20260811_121452_stage_B_2C_4168a6e9,inequality,3813,3813,constraint,INEQ-LOWER-D017-H16-Pdis02
20260811_121452_stage_B_2C_4168a6e9,inequality,3814,3814,constraint,INEQ-UPPER-D017-H16-Pdis02
20260811_121452_stage_B_2C_4168a6e9,inequality,3815,3815,constraint,INEQ-LOWER-D017-H16-SOC01
20260811_121452_stage_B_2C_4168a6e9,inequality,3816,3816,constraint,INEQ-UPPER-D017-H16-SOC01
20260811_121452_stage_B_2C_4168a6e9,inequality,3817,3817,constraint,INEQ-LOWER-D017-H16-SOC02
20260811_121452_stage_B_2C_4168a6e9,inequality,3818,3818,constraint,INEQ-UPPER-D017-H16-SOC02
20260811_121452_stage_B_2C_4168a6e9,inequality,3819,3819,constraint,INEQ-LOWER-D017-H17-PW01
20260811_121452_stage_B_2C_4168a6e9,inequality,3820,3820,constraint,INEQ-UPPER-D017-H17-PW01
20260811_121452_stage_B_2C_4168a6e9,inequality,3821,3821,constraint,INEQ-LOWER-D017-H17-PW02
20260811_121452_stage_B_2C_4168a6e9,inequality,3822,3822,constraint,INEQ-UPPER-D017-H17-PW02
20260811_121452_stage_B_2C_4168a6e9,inequality,3823,3823,constraint,INEQ-LOWER-D017-H17-PW03
20260811_121452_stage_B_2C_4168a6e9,inequality,3824,3824,constraint,INEQ-UPPER-D017-H17-PW03
20260811_121452_stage_B_2C_4168a6e9,inequality,3825,3825,constraint,INEQ-LOWER-D017-H17-PW04
20260811_121452_stage_B_2C_4168a6e9,inequality,3826,3826,constraint,INEQ-UPPER-D017-H17-PW04
20260811_121452_stage_B_2C_4168a6e9,inequality,3827,3827,constraint,INEQ-LOWER-D017-H17-PW05
20260811_121452_stage_B_2C_4168a6e9,inequality,3828,3828,constraint,INEQ-UPPER-D017-H17-PW05
20260811_121452_stage_B_2C_4168a6e9,inequality,3829,3829,constraint,INEQ-LOWER-D017-H17-PP01
20260811_121452_stage_B_2C_4168a6e9,inequality,3830,3830,constraint,INEQ-UPPER-D017-H17-PP01
20260811_121452_stage_B_2C_4168a6e9,inequality,3831,3831,constraint,INEQ-LOWER-D017-H17-PP02
20260811_121452_stage_B_2C_4168a6e9,inequality,3832,3832,constraint,INEQ-UPPER-D017-H17-PP02
20260811_121452_stage_B_2C_4168a6e9,inequality,3833,3833,constraint,INEQ-LOWER-D017-H17-PP03
20260811_121452_stage_B_2C_4168a6e9,inequality,3834,3834,constraint,INEQ-UPPER-D017-H17-PP03
20260811_121452_stage_B_2C_4168a6e9,inequality,3835,3835,constraint,INEQ-LOWER-D017-H17-PP04
20260811_121452_stage_B_2C_4168a6e9,inequality,3836,3836,constraint,INEQ-UPPER-D017-H17-PP04
20260811_121452_stage_B_2C_4168a6e9,inequality,3837,3837,constraint,INEQ-LOWER-D017-H17-PP05
20260811_121452_stage_B_2C_4168a6e9,inequality,3838,3838,constraint,INEQ-UPPER-D017-H17-PP05
20260811_121452_stage_B_2C_4168a6e9,inequality,3839,3839,constraint,INEQ-LOWER-D017-H17-PH01
20260811_121452_stage_B_2C_4168a6e9,inequality,3840,3840,constraint,INEQ-UPPER-D017-H17-PH01
20260811_121452_stage_B_2C_4168a6e9,inequality,3841,3841,constraint,INEQ-LOWER-D017-H17-PH02
20260811_121452_stage_B_2C_4168a6e9,inequality,3842,3842,constraint,INEQ-UPPER-D017-H17-PH02
20260811_121452_stage_B_2C_4168a6e9,inequality,3843,3843,constraint,INEQ-LOWER-D017-H17-PH03
20260811_121452_stage_B_2C_4168a6e9,inequality,3844,3844,constraint,INEQ-UPPER-D017-H17-PH03
20260811_121452_stage_B_2C_4168a6e9,inequality,3845,3845,constraint,INEQ-LOWER-D017-H17-PH04
20260811_121452_stage_B_2C_4168a6e9,inequality,3846,3846,constraint,INEQ-UPPER-D017-H17-PH04
20260811_121452_stage_B_2C_4168a6e9,inequality,3847,3847,constraint,INEQ-LOWER-D017-H17-PF01
20260811_121452_stage_B_2C_4168a6e9,inequality,3848,3848,constraint,INEQ-UPPER-D017-H17-PF01
20260811_121452_stage_B_2C_4168a6e9,inequality,3849,3849,constraint,INEQ-LOWER-D017-H17-PF02
20260811_121452_stage_B_2C_4168a6e9,inequality,3850,3850,constraint,INEQ-UPPER-D017-H17-PF02
20260811_121452_stage_B_2C_4168a6e9,inequality,3851,3851,constraint,INEQ-LOWER-D017-H17-PF03
20260811_121452_stage_B_2C_4168a6e9,inequality,3852,3852,constraint,INEQ-UPPER-D017-H17-PF03
20260811_121452_stage_B_2C_4168a6e9,inequality,3853,3853,constraint,INEQ-LOWER-D017-H17-PF04
20260811_121452_stage_B_2C_4168a6e9,inequality,3854,3854,constraint,INEQ-UPPER-D017-H17-PF04
20260811_121452_stage_B_2C_4168a6e9,inequality,3855,3855,constraint,INEQ-LOWER-D017-H17-Pch01
20260811_121452_stage_B_2C_4168a6e9,inequality,3856,3856,constraint,INEQ-UPPER-D017-H17-Pch01
20260811_121452_stage_B_2C_4168a6e9,inequality,3857,3857,constraint,INEQ-LOWER-D017-H17-Pch02
20260811_121452_stage_B_2C_4168a6e9,inequality,3858,3858,constraint,INEQ-UPPER-D017-H17-Pch02
20260811_121452_stage_B_2C_4168a6e9,inequality,3859,3859,constraint,INEQ-LOWER-D017-H17-Pdis01
20260811_121452_stage_B_2C_4168a6e9,inequality,3860,3860,constraint,INEQ-UPPER-D017-H17-Pdis01
20260811_121452_stage_B_2C_4168a6e9,inequality,3861,3861,constraint,INEQ-LOWER-D017-H17-Pdis02
20260811_121452_stage_B_2C_4168a6e9,inequality,3862,3862,constraint,INEQ-UPPER-D017-H17-Pdis02
20260811_121452_stage_B_2C_4168a6e9,inequality,3863,3863,constraint,INEQ-LOWER-D017-H17-SOC01
20260811_121452_stage_B_2C_4168a6e9,inequality,3864,3864,constraint,INEQ-UPPER-D017-H17-SOC01
20260811_121452_stage_B_2C_4168a6e9,inequality,3865,3865,constraint,INEQ-LOWER-D017-H17-SOC02
20260811_121452_stage_B_2C_4168a6e9,inequality,3866,3866,constraint,INEQ-UPPER-D017-H17-SOC02
20260811_121452_stage_B_2C_4168a6e9,inequality,3867,3867,constraint,INEQ-LOWER-D017-H18-PW01
20260811_121452_stage_B_2C_4168a6e9,inequality,3868,3868,constraint,INEQ-UPPER-D017-H18-PW01
20260811_121452_stage_B_2C_4168a6e9,inequality,3869,3869,constraint,INEQ-LOWER-D017-H18-PW02
20260811_121452_stage_B_2C_4168a6e9,inequality,3870,3870,constraint,INEQ-UPPER-D017-H18-PW02
20260811_121452_stage_B_2C_4168a6e9,inequality,3871,3871,constraint,INEQ-LOWER-D017-H18-PW03
20260811_121452_stage_B_2C_4168a6e9,inequality,3872,3872,constraint,INEQ-UPPER-D017-H18-PW03
20260811_121452_stage_B_2C_4168a6e9,inequality,3873,3873,constraint,INEQ-LOWER-D017-H18-PW04
20260811_121452_stage_B_2C_4168a6e9,inequality,3874,3874,constraint,INEQ-UPPER-D017-H18-PW04
20260811_121452_stage_B_2C_4168a6e9,inequality,3875,3875,constraint,INEQ-LOWER-D017-H18-PW05
20260811_121452_stage_B_2C_4168a6e9,inequality,3876,3876,constraint,INEQ-UPPER-D017-H18-PW05
20260811_121452_stage_B_2C_4168a6e9,inequality,3877,3877,constraint,INEQ-LOWER-D017-H18-PP01
20260811_121452_stage_B_2C_4168a6e9,inequality,3878,3878,constraint,INEQ-UPPER-D017-H18-PP01
20260811_121452_stage_B_2C_4168a6e9,inequality,3879,3879,constraint,INEQ-LOWER-D017-H18-PP02
20260811_121452_stage_B_2C_4168a6e9,inequality,3880,3880,constraint,INEQ-UPPER-D017-H18-PP02
20260811_121452_stage_B_2C_4168a6e9,inequality,3881,3881,constraint,INEQ-LOWER-D017-H18-PP03
20260811_121452_stage_B_2C_4168a6e9,inequality,3882,3882,constraint,INEQ-UPPER-D017-H18-PP03
20260811_121452_stage_B_2C_4168a6e9,inequality,3883,3883,constraint,INEQ-LOWER-D017-H18-PP04
20260811_121452_stage_B_2C_4168a6e9,inequality,3884,3884,constraint,INEQ-UPPER-D017-H18-PP04
20260811_121452_stage_B_2C_4168a6e9,inequality,3885,3885,constraint,INEQ-LOWER-D017-H18-PP05
20260811_121452_stage_B_2C_4168a6e9,inequality,3886,3886,constraint,INEQ-UPPER-D017-H18-PP05
20260811_121452_stage_B_2C_4168a6e9,inequality,3887,3887,constraint,INEQ-LOWER-D017-H18-PH01
20260811_121452_stage_B_2C_4168a6e9,inequality,3888,3888,constraint,INEQ-UPPER-D017-H18-PH01
20260811_121452_stage_B_2C_4168a6e9,inequality,3889,3889,constraint,INEQ-LOWER-D017-H18-PH02
20260811_121452_stage_B_2C_4168a6e9,inequality,3890,3890,constraint,INEQ-UPPER-D017-H18-PH02
20260811_121452_stage_B_2C_4168a6e9,inequality,3891,3891,constraint,INEQ-LOWER-D017-H18-PH03
20260811_121452_stage_B_2C_4168a6e9,inequality,3892,3892,constraint,INEQ-UPPER-D017-H18-PH03
20260811_121452_stage_B_2C_4168a6e9,inequality,3893,3893,constraint,INEQ-LOWER-D017-H18-PH04
20260811_121452_stage_B_2C_4168a6e9,inequality,3894,3894,constraint,INEQ-UPPER-D017-H18-PH04
20260811_121452_stage_B_2C_4168a6e9,inequality,3895,3895,constraint,INEQ-LOWER-D017-H18-PF01
20260811_121452_stage_B_2C_4168a6e9,inequality,3896,3896,constraint,INEQ-UPPER-D017-H18-PF01
20260811_121452_stage_B_2C_4168a6e9,inequality,3897,3897,constraint,INEQ-LOWER-D017-H18-PF02
20260811_121452_stage_B_2C_4168a6e9,inequality,3898,3898,constraint,INEQ-UPPER-D017-H18-PF02
20260811_121452_stage_B_2C_4168a6e9,inequality,3899,3899,constraint,INEQ-LOWER-D017-H18-PF03
20260811_121452_stage_B_2C_4168a6e9,inequality,3900,3900,constraint,INEQ-UPPER-D017-H18-PF03
20260811_121452_stage_B_2C_4168a6e9,inequality,3901,3901,constraint,INEQ-LOWER-D017-H18-PF04
20260811_121452_stage_B_2C_4168a6e9,inequality,3902,3902,constraint,INEQ-UPPER-D017-H18-PF04
20260811_121452_stage_B_2C_4168a6e9,inequality,3903,3903,constraint,INEQ-LOWER-D017-H18-Pch01
20260811_121452_stage_B_2C_4168a6e9,inequality,3904,3904,constraint,INEQ-UPPER-D017-H18-Pch01
20260811_121452_stage_B_2C_4168a6e9,inequality,3905,3905,constraint,INEQ-LOWER-D017-H18-Pch02
20260811_121452_stage_B_2C_4168a6e9,inequality,3906,3906,constraint,INEQ-UPPER-D017-H18-Pch02
20260811_121452_stage_B_2C_4168a6e9,inequality,3907,3907,constraint,INEQ-LOWER-D017-H18-Pdis01
20260811_121452_stage_B_2C_4168a6e9,inequality,3908,3908,constraint,INEQ-UPPER-D017-H18-Pdis01
20260811_121452_stage_B_2C_4168a6e9,inequality,3909,3909,constraint,INEQ-LOWER-D017-H18-Pdis02
20260811_121452_stage_B_2C_4168a6e9,inequality,3910,3910,constraint,INEQ-UPPER-D017-H18-Pdis02
20260811_121452_stage_B_2C_4168a6e9,inequality,3911,3911,constraint,INEQ-LOWER-D017-H18-SOC01
20260811_121452_stage_B_2C_4168a6e9,inequality,3912,3912,constraint,INEQ-UPPER-D017-H18-SOC01
20260811_121452_stage_B_2C_4168a6e9,inequality,3913,3913,constraint,INEQ-LOWER-D017-H18-SOC02
20260811_121452_stage_B_2C_4168a6e9,inequality,3914,3914,constraint,INEQ-UPPER-D017-H18-SOC02
20260811_121452_stage_B_2C_4168a6e9,inequality,3915,3915,constraint,INEQ-LOWER-D017-H19-PW01
20260811_121452_stage_B_2C_4168a6e9,inequality,3916,3916,constraint,INEQ-UPPER-D017-H19-PW01
20260811_121452_stage_B_2C_4168a6e9,inequality,3917,3917,constraint,INEQ-LOWER-D017-H19-PW02
20260811_121452_stage_B_2C_4168a6e9,inequality,3918,3918,constraint,INEQ-UPPER-D017-H19-PW02
20260811_121452_stage_B_2C_4168a6e9,inequality,3919,3919,constraint,INEQ-LOWER-D017-H19-PW03
20260811_121452_stage_B_2C_4168a6e9,inequality,3920,3920,constraint,INEQ-UPPER-D017-H19-PW03
20260811_121452_stage_B_2C_4168a6e9,inequality,3921,3921,constraint,INEQ-LOWER-D017-H19-PW04
20260811_121452_stage_B_2C_4168a6e9,inequality,3922,3922,constraint,INEQ-UPPER-D017-H19-PW04
20260811_121452_stage_B_2C_4168a6e9,inequality,3923,3923,constraint,INEQ-LOWER-D017-H19-PW05
20260811_121452_stage_B_2C_4168a6e9,inequality,3924,3924,constraint,INEQ-UPPER-D017-H19-PW05
20260811_121452_stage_B_2C_4168a6e9,inequality,3925,3925,constraint,INEQ-LOWER-D017-H19-PP01
20260811_121452_stage_B_2C_4168a6e9,inequality,3926,3926,constraint,INEQ-UPPER-D017-H19-PP01
20260811_121452_stage_B_2C_4168a6e9,inequality,3927,3927,constraint,INEQ-LOWER-D017-H19-PP02
20260811_121452_stage_B_2C_4168a6e9,inequality,3928,3928,constraint,INEQ-UPPER-D017-H19-PP02
20260811_121452_stage_B_2C_4168a6e9,inequality,3929,3929,constraint,INEQ-LOWER-D017-H19-PP03
20260811_121452_stage_B_2C_4168a6e9,inequality,3930,3930,constraint,INEQ-UPPER-D017-H19-PP03
20260811_121452_stage_B_2C_4168a6e9,inequality,3931,3931,constraint,INEQ-LOWER-D017-H19-PP04
20260811_121452_stage_B_2C_4168a6e9,inequality,3932,3932,constraint,INEQ-UPPER-D017-H19-PP04
20260811_121452_stage_B_2C_4168a6e9,inequality,3933,3933,constraint,INEQ-LOWER-D017-H19-PP05
20260811_121452_stage_B_2C_4168a6e9,inequality,3934,3934,constraint,INEQ-UPPER-D017-H19-PP05
20260811_121452_stage_B_2C_4168a6e9,inequality,3935,3935,constraint,INEQ-LOWER-D017-H19-PH01
20260811_121452_stage_B_2C_4168a6e9,inequality,3936,3936,constraint,INEQ-UPPER-D017-H19-PH01
20260811_121452_stage_B_2C_4168a6e9,inequality,3937,3937,constraint,INEQ-LOWER-D017-H19-PH02
20260811_121452_stage_B_2C_4168a6e9,inequality,3938,3938,constraint,INEQ-UPPER-D017-H19-PH02
20260811_121452_stage_B_2C_4168a6e9,inequality,3939,3939,constraint,INEQ-LOWER-D017-H19-PH03
20260811_121452_stage_B_2C_4168a6e9,inequality,3940,3940,constraint,INEQ-UPPER-D017-H19-PH03
20260811_121452_stage_B_2C_4168a6e9,inequality,3941,3941,constraint,INEQ-LOWER-D017-H19-PH04
20260811_121452_stage_B_2C_4168a6e9,inequality,3942,3942,constraint,INEQ-UPPER-D017-H19-PH04
20260811_121452_stage_B_2C_4168a6e9,inequality,3943,3943,constraint,INEQ-LOWER-D017-H19-PF01
20260811_121452_stage_B_2C_4168a6e9,inequality,3944,3944,constraint,INEQ-UPPER-D017-H19-PF01
20260811_121452_stage_B_2C_4168a6e9,inequality,3945,3945,constraint,INEQ-LOWER-D017-H19-PF02
20260811_121452_stage_B_2C_4168a6e9,inequality,3946,3946,constraint,INEQ-UPPER-D017-H19-PF02
20260811_121452_stage_B_2C_4168a6e9,inequality,3947,3947,constraint,INEQ-LOWER-D017-H19-PF03
20260811_121452_stage_B_2C_4168a6e9,inequality,3948,3948,constraint,INEQ-UPPER-D017-H19-PF03
20260811_121452_stage_B_2C_4168a6e9,inequality,3949,3949,constraint,INEQ-LOWER-D017-H19-PF04
20260811_121452_stage_B_2C_4168a6e9,inequality,3950,3950,constraint,INEQ-UPPER-D017-H19-PF04
20260811_121452_stage_B_2C_4168a6e9,inequality,3951,3951,constraint,INEQ-LOWER-D017-H19-Pch01
20260811_121452_stage_B_2C_4168a6e9,inequality,3952,3952,constraint,INEQ-UPPER-D017-H19-Pch01
20260811_121452_stage_B_2C_4168a6e9,inequality,3953,3953,constraint,INEQ-LOWER-D017-H19-Pch02
20260811_121452_stage_B_2C_4168a6e9,inequality,3954,3954,constraint,INEQ-UPPER-D017-H19-Pch02
20260811_121452_stage_B_2C_4168a6e9,inequality,3955,3955,constraint,INEQ-LOWER-D017-H19-Pdis01
20260811_121452_stage_B_2C_4168a6e9,inequality,3956,3956,constraint,INEQ-UPPER-D017-H19-Pdis01
20260811_121452_stage_B_2C_4168a6e9,inequality,3957,3957,constraint,INEQ-LOWER-D017-H19-Pdis02
20260811_121452_stage_B_2C_4168a6e9,inequality,3958,3958,constraint,INEQ-UPPER-D017-H19-Pdis02
20260811_121452_stage_B_2C_4168a6e9,inequality,3959,3959,constraint,INEQ-LOWER-D017-H19-SOC01
20260811_121452_stage_B_2C_4168a6e9,inequality,3960,3960,constraint,INEQ-UPPER-D017-H19-SOC01
20260811_121452_stage_B_2C_4168a6e9,inequality,3961,3961,constraint,INEQ-LOWER-D017-H19-SOC02
20260811_121452_stage_B_2C_4168a6e9,inequality,3962,3962,constraint,INEQ-UPPER-D017-H19-SOC02
20260811_121452_stage_B_2C_4168a6e9,inequality,3963,3963,constraint,INEQ-LOWER-D017-H20-PW01
20260811_121452_stage_B_2C_4168a6e9,inequality,3964,3964,constraint,INEQ-UPPER-D017-H20-PW01
20260811_121452_stage_B_2C_4168a6e9,inequality,3965,3965,constraint,INEQ-LOWER-D017-H20-PW02
20260811_121452_stage_B_2C_4168a6e9,inequality,3966,3966,constraint,INEQ-UPPER-D017-H20-PW02
20260811_121452_stage_B_2C_4168a6e9,inequality,3967,3967,constraint,INEQ-LOWER-D017-H20-PW03
20260811_121452_stage_B_2C_4168a6e9,inequality,3968,3968,constraint,INEQ-UPPER-D017-H20-PW03
20260811_121452_stage_B_2C_4168a6e9,inequality,3969,3969,constraint,INEQ-LOWER-D017-H20-PW04
20260811_121452_stage_B_2C_4168a6e9,inequality,3970,3970,constraint,INEQ-UPPER-D017-H20-PW04
20260811_121452_stage_B_2C_4168a6e9,inequality,3971,3971,constraint,INEQ-LOWER-D017-H20-PW05
20260811_121452_stage_B_2C_4168a6e9,inequality,3972,3972,constraint,INEQ-UPPER-D017-H20-PW05
20260811_121452_stage_B_2C_4168a6e9,inequality,3973,3973,constraint,INEQ-LOWER-D017-H20-PH01
20260811_121452_stage_B_2C_4168a6e9,inequality,3974,3974,constraint,INEQ-UPPER-D017-H20-PH01
20260811_121452_stage_B_2C_4168a6e9,inequality,3975,3975,constraint,INEQ-LOWER-D017-H20-PH02
20260811_121452_stage_B_2C_4168a6e9,inequality,3976,3976,constraint,INEQ-UPPER-D017-H20-PH02
20260811_121452_stage_B_2C_4168a6e9,inequality,3977,3977,constraint,INEQ-LOWER-D017-H20-PH03
20260811_121452_stage_B_2C_4168a6e9,inequality,3978,3978,constraint,INEQ-UPPER-D017-H20-PH03
20260811_121452_stage_B_2C_4168a6e9,inequality,3979,3979,constraint,INEQ-LOWER-D017-H20-PH04
20260811_121452_stage_B_2C_4168a6e9,inequality,3980,3980,constraint,INEQ-UPPER-D017-H20-PH04
20260811_121452_stage_B_2C_4168a6e9,inequality,3981,3981,constraint,INEQ-LOWER-D017-H20-PF01
20260811_121452_stage_B_2C_4168a6e9,inequality,3982,3982,constraint,INEQ-UPPER-D017-H20-PF01
20260811_121452_stage_B_2C_4168a6e9,inequality,3983,3983,constraint,INEQ-LOWER-D017-H20-PF02
20260811_121452_stage_B_2C_4168a6e9,inequality,3984,3984,constraint,INEQ-UPPER-D017-H20-PF02
20260811_121452_stage_B_2C_4168a6e9,inequality,3985,3985,constraint,INEQ-LOWER-D017-H20-PF03
20260811_121452_stage_B_2C_4168a6e9,inequality,3986,3986,constraint,INEQ-UPPER-D017-H20-PF03
20260811_121452_stage_B_2C_4168a6e9,inequality,3987,3987,constraint,INEQ-LOWER-D017-H20-PF04
20260811_121452_stage_B_2C_4168a6e9,inequality,3988,3988,constraint,INEQ-UPPER-D017-H20-PF04
20260811_121452_stage_B_2C_4168a6e9,inequality,3989,3989,constraint,INEQ-LOWER-D017-H20-Pch01
20260811_121452_stage_B_2C_4168a6e9,inequality,3990,3990,constraint,INEQ-UPPER-D017-H20-Pch01
20260811_121452_stage_B_2C_4168a6e9,inequality,3991,3991,constraint,INEQ-LOWER-D017-H20-Pch02
20260811_121452_stage_B_2C_4168a6e9,inequality,3992,3992,constraint,INEQ-UPPER-D017-H20-Pch02
20260811_121452_stage_B_2C_4168a6e9,inequality,3993,3993,constraint,INEQ-LOWER-D017-H20-Pdis01
20260811_121452_stage_B_2C_4168a6e9,inequality,3994,3994,constraint,INEQ-UPPER-D017-H20-Pdis01
20260811_121452_stage_B_2C_4168a6e9,inequality,3995,3995,constraint,INEQ-LOWER-D017-H20-Pdis02
20260811_121452_stage_B_2C_4168a6e9,inequality,3996,3996,constraint,INEQ-UPPER-D017-H20-Pdis02
20260811_121452_stage_B_2C_4168a6e9,inequality,3997,3997,constraint,INEQ-LOWER-D017-H20-SOC01
20260811_121452_stage_B_2C_4168a6e9,inequality,3998,3998,constraint,INEQ-UPPER-D017-H20-SOC01
20260811_121452_stage_B_2C_4168a6e9,inequality,3999,3999,constraint,INEQ-LOWER-D017-H20-SOC02
20260811_121452_stage_B_2C_4168a6e9,inequality,4000,4000,constraint,INEQ-UPPER-D017-H20-SOC02
20260811_121452_stage_B_2C_4168a6e9,inequality,4001,4001,constraint,INEQ-LOWER-D017-H21-PW01
20260811_121452_stage_B_2C_4168a6e9,inequality,4002,4002,constraint,INEQ-UPPER-D017-H21-PW01
20260811_121452_stage_B_2C_4168a6e9,inequality,4003,4003,constraint,INEQ-LOWER-D017-H21-PW02
20260811_121452_stage_B_2C_4168a6e9,inequality,4004,4004,constraint,INEQ-UPPER-D017-H21-PW02
20260811_121452_stage_B_2C_4168a6e9,inequality,4005,4005,constraint,INEQ-LOWER-D017-H21-PW03
20260811_121452_stage_B_2C_4168a6e9,inequality,4006,4006,constraint,INEQ-UPPER-D017-H21-PW03
20260811_121452_stage_B_2C_4168a6e9,inequality,4007,4007,constraint,INEQ-LOWER-D017-H21-PW04
20260811_121452_stage_B_2C_4168a6e9,inequality,4008,4008,constraint,INEQ-UPPER-D017-H21-PW04
20260811_121452_stage_B_2C_4168a6e9,inequality,4009,4009,constraint,INEQ-LOWER-D017-H21-PW05
20260811_121452_stage_B_2C_4168a6e9,inequality,4010,4010,constraint,INEQ-UPPER-D017-H21-PW05
20260811_121452_stage_B_2C_4168a6e9,inequality,4011,4011,constraint,INEQ-LOWER-D017-H21-PH01
20260811_121452_stage_B_2C_4168a6e9,inequality,4012,4012,constraint,INEQ-UPPER-D017-H21-PH01
20260811_121452_stage_B_2C_4168a6e9,inequality,4013,4013,constraint,INEQ-LOWER-D017-H21-PH02
20260811_121452_stage_B_2C_4168a6e9,inequality,4014,4014,constraint,INEQ-UPPER-D017-H21-PH02
20260811_121452_stage_B_2C_4168a6e9,inequality,4015,4015,constraint,INEQ-LOWER-D017-H21-PH03
20260811_121452_stage_B_2C_4168a6e9,inequality,4016,4016,constraint,INEQ-UPPER-D017-H21-PH03
20260811_121452_stage_B_2C_4168a6e9,inequality,4017,4017,constraint,INEQ-LOWER-D017-H21-PH04
20260811_121452_stage_B_2C_4168a6e9,inequality,4018,4018,constraint,INEQ-UPPER-D017-H21-PH04
20260811_121452_stage_B_2C_4168a6e9,inequality,4019,4019,constraint,INEQ-LOWER-D017-H21-PF01
20260811_121452_stage_B_2C_4168a6e9,inequality,4020,4020,constraint,INEQ-UPPER-D017-H21-PF01
20260811_121452_stage_B_2C_4168a6e9,inequality,4021,4021,constraint,INEQ-LOWER-D017-H21-PF02
20260811_121452_stage_B_2C_4168a6e9,inequality,4022,4022,constraint,INEQ-UPPER-D017-H21-PF02
20260811_121452_stage_B_2C_4168a6e9,inequality,4023,4023,constraint,INEQ-LOWER-D017-H21-PF03
20260811_121452_stage_B_2C_4168a6e9,inequality,4024,4024,constraint,INEQ-UPPER-D017-H21-PF03
20260811_121452_stage_B_2C_4168a6e9,inequality,4025,4025,constraint,INEQ-LOWER-D017-H21-PF04
20260811_121452_stage_B_2C_4168a6e9,inequality,4026,4026,constraint,INEQ-UPPER-D017-H21-PF04
20260811_121452_stage_B_2C_4168a6e9,inequality,4027,4027,constraint,INEQ-LOWER-D017-H21-Pch01
20260811_121452_stage_B_2C_4168a6e9,inequality,4028,4028,constraint,INEQ-UPPER-D017-H21-Pch01
20260811_121452_stage_B_2C_4168a6e9,inequality,4029,4029,constraint,INEQ-LOWER-D017-H21-Pch02
20260811_121452_stage_B_2C_4168a6e9,inequality,4030,4030,constraint,INEQ-UPPER-D017-H21-Pch02
20260811_121452_stage_B_2C_4168a6e9,inequality,4031,4031,constraint,INEQ-LOWER-D017-H21-Pdis01
20260811_121452_stage_B_2C_4168a6e9,inequality,4032,4032,constraint,INEQ-UPPER-D017-H21-Pdis01
20260811_121452_stage_B_2C_4168a6e9,inequality,4033,4033,constraint,INEQ-LOWER-D017-H21-Pdis02
20260811_121452_stage_B_2C_4168a6e9,inequality,4034,4034,constraint,INEQ-UPPER-D017-H21-Pdis02
20260811_121452_stage_B_2C_4168a6e9,inequality,4035,4035,constraint,INEQ-LOWER-D017-H21-SOC01
20260811_121452_stage_B_2C_4168a6e9,inequality,4036,4036,constraint,INEQ-UPPER-D017-H21-SOC01
20260811_121452_stage_B_2C_4168a6e9,inequality,4037,4037,constraint,INEQ-LOWER-D017-H21-SOC02
20260811_121452_stage_B_2C_4168a6e9,inequality,4038,4038,constraint,INEQ-UPPER-D017-H21-SOC02
20260811_121452_stage_B_2C_4168a6e9,inequality,4039,4039,constraint,INEQ-LOWER-D017-H22-PW01
20260811_121452_stage_B_2C_4168a6e9,inequality,4040,4040,constraint,INEQ-UPPER-D017-H22-PW01
20260811_121452_stage_B_2C_4168a6e9,inequality,4041,4041,constraint,INEQ-LOWER-D017-H22-PW02
20260811_121452_stage_B_2C_4168a6e9,inequality,4042,4042,constraint,INEQ-UPPER-D017-H22-PW02
20260811_121452_stage_B_2C_4168a6e9,inequality,4043,4043,constraint,INEQ-LOWER-D017-H22-PW03
20260811_121452_stage_B_2C_4168a6e9,inequality,4044,4044,constraint,INEQ-UPPER-D017-H22-PW03
20260811_121452_stage_B_2C_4168a6e9,inequality,4045,4045,constraint,INEQ-LOWER-D017-H22-PW04
20260811_121452_stage_B_2C_4168a6e9,inequality,4046,4046,constraint,INEQ-UPPER-D017-H22-PW04
20260811_121452_stage_B_2C_4168a6e9,inequality,4047,4047,constraint,INEQ-LOWER-D017-H22-PW05
20260811_121452_stage_B_2C_4168a6e9,inequality,4048,4048,constraint,INEQ-UPPER-D017-H22-PW05
20260811_121452_stage_B_2C_4168a6e9,inequality,4049,4049,constraint,INEQ-LOWER-D017-H22-PH01
20260811_121452_stage_B_2C_4168a6e9,inequality,4050,4050,constraint,INEQ-UPPER-D017-H22-PH01
20260811_121452_stage_B_2C_4168a6e9,inequality,4051,4051,constraint,INEQ-LOWER-D017-H22-PH02
20260811_121452_stage_B_2C_4168a6e9,inequality,4052,4052,constraint,INEQ-UPPER-D017-H22-PH02
20260811_121452_stage_B_2C_4168a6e9,inequality,4053,4053,constraint,INEQ-LOWER-D017-H22-PH03
20260811_121452_stage_B_2C_4168a6e9,inequality,4054,4054,constraint,INEQ-UPPER-D017-H22-PH03
20260811_121452_stage_B_2C_4168a6e9,inequality,4055,4055,constraint,INEQ-LOWER-D017-H22-PH04
20260811_121452_stage_B_2C_4168a6e9,inequality,4056,4056,constraint,INEQ-UPPER-D017-H22-PH04
20260811_121452_stage_B_2C_4168a6e9,inequality,4057,4057,constraint,INEQ-LOWER-D017-H22-PF01
20260811_121452_stage_B_2C_4168a6e9,inequality,4058,4058,constraint,INEQ-UPPER-D017-H22-PF01
20260811_121452_stage_B_2C_4168a6e9,inequality,4059,4059,constraint,INEQ-LOWER-D017-H22-PF02
20260811_121452_stage_B_2C_4168a6e9,inequality,4060,4060,constraint,INEQ-UPPER-D017-H22-PF02
20260811_121452_stage_B_2C_4168a6e9,inequality,4061,4061,constraint,INEQ-LOWER-D017-H22-PF03
20260811_121452_stage_B_2C_4168a6e9,inequality,4062,4062,constraint,INEQ-UPPER-D017-H22-PF03
20260811_121452_stage_B_2C_4168a6e9,inequality,4063,4063,constraint,INEQ-LOWER-D017-H22-PF04
20260811_121452_stage_B_2C_4168a6e9,inequality,4064,4064,constraint,INEQ-UPPER-D017-H22-PF04
20260811_121452_stage_B_2C_4168a6e9,inequality,4065,4065,constraint,INEQ-LOWER-D017-H22-Pch01
20260811_121452_stage_B_2C_4168a6e9,inequality,4066,4066,constraint,INEQ-UPPER-D017-H22-Pch01
20260811_121452_stage_B_2C_4168a6e9,inequality,4067,4067,constraint,INEQ-LOWER-D017-H22-Pch02
20260811_121452_stage_B_2C_4168a6e9,inequality,4068,4068,constraint,INEQ-UPPER-D017-H22-Pch02
20260811_121452_stage_B_2C_4168a6e9,inequality,4069,4069,constraint,INEQ-LOWER-D017-H22-Pdis01
20260811_121452_stage_B_2C_4168a6e9,inequality,4070,4070,constraint,INEQ-UPPER-D017-H22-Pdis01
20260811_121452_stage_B_2C_4168a6e9,inequality,4071,4071,constraint,INEQ-LOWER-D017-H22-Pdis02
20260811_121452_stage_B_2C_4168a6e9,inequality,4072,4072,constraint,INEQ-UPPER-D017-H22-Pdis02
20260811_121452_stage_B_2C_4168a6e9,inequality,4073,4073,constraint,INEQ-LOWER-D017-H22-SOC01
20260811_121452_stage_B_2C_4168a6e9,inequality,4074,4074,constraint,INEQ-UPPER-D017-H22-SOC01
20260811_121452_stage_B_2C_4168a6e9,inequality,4075,4075,constraint,INEQ-LOWER-D017-H22-SOC02
20260811_121452_stage_B_2C_4168a6e9,inequality,4076,4076,constraint,INEQ-UPPER-D017-H22-SOC02
20260811_121452_stage_B_2C_4168a6e9,inequality,4077,4077,constraint,INEQ-LOWER-D017-H23-PW01
20260811_121452_stage_B_2C_4168a6e9,inequality,4078,4078,constraint,INEQ-UPPER-D017-H23-PW01
20260811_121452_stage_B_2C_4168a6e9,inequality,4079,4079,constraint,INEQ-LOWER-D017-H23-PW02
20260811_121452_stage_B_2C_4168a6e9,inequality,4080,4080,constraint,INEQ-UPPER-D017-H23-PW02
20260811_121452_stage_B_2C_4168a6e9,inequality,4081,4081,constraint,INEQ-LOWER-D017-H23-PW03
20260811_121452_stage_B_2C_4168a6e9,inequality,4082,4082,constraint,INEQ-UPPER-D017-H23-PW03
20260811_121452_stage_B_2C_4168a6e9,inequality,4083,4083,constraint,INEQ-LOWER-D017-H23-PW04
20260811_121452_stage_B_2C_4168a6e9,inequality,4084,4084,constraint,INEQ-UPPER-D017-H23-PW04
20260811_121452_stage_B_2C_4168a6e9,inequality,4085,4085,constraint,INEQ-LOWER-D017-H23-PW05
20260811_121452_stage_B_2C_4168a6e9,inequality,4086,4086,constraint,INEQ-UPPER-D017-H23-PW05
20260811_121452_stage_B_2C_4168a6e9,inequality,4087,4087,constraint,INEQ-LOWER-D017-H23-PH01
20260811_121452_stage_B_2C_4168a6e9,inequality,4088,4088,constraint,INEQ-UPPER-D017-H23-PH01
20260811_121452_stage_B_2C_4168a6e9,inequality,4089,4089,constraint,INEQ-LOWER-D017-H23-PH02
20260811_121452_stage_B_2C_4168a6e9,inequality,4090,4090,constraint,INEQ-UPPER-D017-H23-PH02
20260811_121452_stage_B_2C_4168a6e9,inequality,4091,4091,constraint,INEQ-LOWER-D017-H23-PH03
20260811_121452_stage_B_2C_4168a6e9,inequality,4092,4092,constraint,INEQ-UPPER-D017-H23-PH03
20260811_121452_stage_B_2C_4168a6e9,inequality,4093,4093,constraint,INEQ-LOWER-D017-H23-PH04
20260811_121452_stage_B_2C_4168a6e9,inequality,4094,4094,constraint,INEQ-UPPER-D017-H23-PH04
20260811_121452_stage_B_2C_4168a6e9,inequality,4095,4095,constraint,INEQ-LOWER-D017-H23-PF01
20260811_121452_stage_B_2C_4168a6e9,inequality,4096,4096,constraint,INEQ-UPPER-D017-H23-PF01
20260811_121452_stage_B_2C_4168a6e9,inequality,4097,4097,constraint,INEQ-LOWER-D017-H23-PF02
20260811_121452_stage_B_2C_4168a6e9,inequality,4098,4098,constraint,INEQ-UPPER-D017-H23-PF02
20260811_121452_stage_B_2C_4168a6e9,inequality,4099,4099,constraint,INEQ-LOWER-D017-H23-PF03
20260811_121452_stage_B_2C_4168a6e9,inequality,4100,4100,constraint,INEQ-UPPER-D017-H23-PF03
20260811_121452_stage_B_2C_4168a6e9,inequality,4101,4101,constraint,INEQ-LOWER-D017-H23-PF04
20260811_121452_stage_B_2C_4168a6e9,inequality,4102,4102,constraint,INEQ-UPPER-D017-H23-PF04
20260811_121452_stage_B_2C_4168a6e9,inequality,4103,4103,constraint,INEQ-LOWER-D017-H23-Pch01
20260811_121452_stage_B_2C_4168a6e9,inequality,4104,4104,constraint,INEQ-UPPER-D017-H23-Pch01
20260811_121452_stage_B_2C_4168a6e9,inequality,4105,4105,constraint,INEQ-LOWER-D017-H23-Pch02
20260811_121452_stage_B_2C_4168a6e9,inequality,4106,4106,constraint,INEQ-UPPER-D017-H23-Pch02
20260811_121452_stage_B_2C_4168a6e9,inequality,4107,4107,constraint,INEQ-LOWER-D017-H23-Pdis01
20260811_121452_stage_B_2C_4168a6e9,inequality,4108,4108,constraint,INEQ-UPPER-D017-H23-Pdis01
20260811_121452_stage_B_2C_4168a6e9,inequality,4109,4109,constraint,INEQ-LOWER-D017-H23-Pdis02
20260811_121452_stage_B_2C_4168a6e9,inequality,4110,4110,constraint,INEQ-UPPER-D017-H23-Pdis02
20260811_121452_stage_B_2C_4168a6e9,inequality,4111,4111,constraint,INEQ-LOWER-D017-H23-SOC01
20260811_121452_stage_B_2C_4168a6e9,inequality,4112,4112,constraint,INEQ-UPPER-D017-H23-SOC01
20260811_121452_stage_B_2C_4168a6e9,inequality,4113,4113,constraint,INEQ-LOWER-D017-H23-SOC02
20260811_121452_stage_B_2C_4168a6e9,inequality,4114,4114,constraint,INEQ-UPPER-D017-H23-SOC02
20260811_121452_stage_B_2C_4168a6e9,inequality,4115,4115,constraint,INEQ-LOWER-D017-H24-PW01
20260811_121452_stage_B_2C_4168a6e9,inequality,4116,4116,constraint,INEQ-UPPER-D017-H24-PW01
20260811_121452_stage_B_2C_4168a6e9,inequality,4117,4117,constraint,INEQ-LOWER-D017-H24-PW02
20260811_121452_stage_B_2C_4168a6e9,inequality,4118,4118,constraint,INEQ-UPPER-D017-H24-PW02
20260811_121452_stage_B_2C_4168a6e9,inequality,4119,4119,constraint,INEQ-LOWER-D017-H24-PW03
20260811_121452_stage_B_2C_4168a6e9,inequality,4120,4120,constraint,INEQ-UPPER-D017-H24-PW03
20260811_121452_stage_B_2C_4168a6e9,inequality,4121,4121,constraint,INEQ-LOWER-D017-H24-PW04
20260811_121452_stage_B_2C_4168a6e9,inequality,4122,4122,constraint,INEQ-UPPER-D017-H24-PW04
20260811_121452_stage_B_2C_4168a6e9,inequality,4123,4123,constraint,INEQ-LOWER-D017-H24-PW05
20260811_121452_stage_B_2C_4168a6e9,inequality,4124,4124,constraint,INEQ-UPPER-D017-H24-PW05
20260811_121452_stage_B_2C_4168a6e9,inequality,4125,4125,constraint,INEQ-LOWER-D017-H24-PH01
20260811_121452_stage_B_2C_4168a6e9,inequality,4126,4126,constraint,INEQ-UPPER-D017-H24-PH01
20260811_121452_stage_B_2C_4168a6e9,inequality,4127,4127,constraint,INEQ-LOWER-D017-H24-PH02
20260811_121452_stage_B_2C_4168a6e9,inequality,4128,4128,constraint,INEQ-UPPER-D017-H24-PH02
20260811_121452_stage_B_2C_4168a6e9,inequality,4129,4129,constraint,INEQ-LOWER-D017-H24-PH03
20260811_121452_stage_B_2C_4168a6e9,inequality,4130,4130,constraint,INEQ-UPPER-D017-H24-PH03
20260811_121452_stage_B_2C_4168a6e9,inequality,4131,4131,constraint,INEQ-LOWER-D017-H24-PH04
20260811_121452_stage_B_2C_4168a6e9,inequality,4132,4132,constraint,INEQ-UPPER-D017-H24-PH04
20260811_121452_stage_B_2C_4168a6e9,inequality,4133,4133,constraint,INEQ-LOWER-D017-H24-PF01
20260811_121452_stage_B_2C_4168a6e9,inequality,4134,4134,constraint,INEQ-UPPER-D017-H24-PF01
20260811_121452_stage_B_2C_4168a6e9,inequality,4135,4135,constraint,INEQ-LOWER-D017-H24-PF02
20260811_121452_stage_B_2C_4168a6e9,inequality,4136,4136,constraint,INEQ-UPPER-D017-H24-PF02
20260811_121452_stage_B_2C_4168a6e9,inequality,4137,4137,constraint,INEQ-LOWER-D017-H24-PF03
20260811_121452_stage_B_2C_4168a6e9,inequality,4138,4138,constraint,INEQ-UPPER-D017-H24-PF03
20260811_121452_stage_B_2C_4168a6e9,inequality,4139,4139,constraint,INEQ-LOWER-D017-H24-PF04
20260811_121452_stage_B_2C_4168a6e9,inequality,4140,4140,constraint,INEQ-UPPER-D017-H24-PF04
20260811_121452_stage_B_2C_4168a6e9,inequality,4141,4141,constraint,INEQ-LOWER-D017-H24-Pch01
20260811_121452_stage_B_2C_4168a6e9,inequality,4142,4142,constraint,INEQ-UPPER-D017-H24-Pch01
20260811_121452_stage_B_2C_4168a6e9,inequality,4143,4143,constraint,INEQ-LOWER-D017-H24-Pch02
20260811_121452_stage_B_2C_4168a6e9,inequality,4144,4144,constraint,INEQ-UPPER-D017-H24-Pch02
20260811_121452_stage_B_2C_4168a6e9,inequality,4145,4145,constraint,INEQ-LOWER-D017-H24-Pdis01
20260811_121452_stage_B_2C_4168a6e9,inequality,4146,4146,constraint,INEQ-UPPER-D017-H24-Pdis01
20260811_121452_stage_B_2C_4168a6e9,inequality,4147,4147,constraint,INEQ-LOWER-D017-H24-Pdis02
20260811_121452_stage_B_2C_4168a6e9,inequality,4148,4148,constraint,INEQ-UPPER-D017-H24-Pdis02
20260811_121452_stage_B_2C_4168a6e9,inequality,4149,4149,constraint,INEQ-LOWER-D017-H24-SOC01
20260811_121452_stage_B_2C_4168a6e9,inequality,4150,4150,constraint,INEQ-UPPER-D017-H24-SOC01
20260811_121452_stage_B_2C_4168a6e9,inequality,4151,4151,constraint,INEQ-LOWER-D017-H24-SOC02
20260811_121452_stage_B_2C_4168a6e9,inequality,4152,4152,constraint,INEQ-UPPER-D017-H24-SOC02
20260811_121452_stage_B_2C_4168a6e9,inequality,4153,4153,constraint,INEQ-LOWER-D018-H01-PW01
20260811_121452_stage_B_2C_4168a6e9,inequality,4154,4154,constraint,INEQ-UPPER-D018-H01-PW01
20260811_121452_stage_B_2C_4168a6e9,inequality,4155,4155,constraint,INEQ-LOWER-D018-H01-PW02
20260811_121452_stage_B_2C_4168a6e9,inequality,4156,4156,constraint,INEQ-UPPER-D018-H01-PW02
20260811_121452_stage_B_2C_4168a6e9,inequality,4157,4157,constraint,INEQ-LOWER-D018-H01-PW03
20260811_121452_stage_B_2C_4168a6e9,inequality,4158,4158,constraint,INEQ-UPPER-D018-H01-PW03
20260811_121452_stage_B_2C_4168a6e9,inequality,4159,4159,constraint,INEQ-LOWER-D018-H01-PW04
20260811_121452_stage_B_2C_4168a6e9,inequality,4160,4160,constraint,INEQ-UPPER-D018-H01-PW04
20260811_121452_stage_B_2C_4168a6e9,inequality,4161,4161,constraint,INEQ-LOWER-D018-H01-PW05
20260811_121452_stage_B_2C_4168a6e9,inequality,4162,4162,constraint,INEQ-UPPER-D018-H01-PW05
20260811_121452_stage_B_2C_4168a6e9,inequality,4163,4163,constraint,INEQ-LOWER-D018-H01-PH01
20260811_121452_stage_B_2C_4168a6e9,inequality,4164,4164,constraint,INEQ-UPPER-D018-H01-PH01
20260811_121452_stage_B_2C_4168a6e9,inequality,4165,4165,constraint,INEQ-LOWER-D018-H01-PH02
20260811_121452_stage_B_2C_4168a6e9,inequality,4166,4166,constraint,INEQ-UPPER-D018-H01-PH02
20260811_121452_stage_B_2C_4168a6e9,inequality,4167,4167,constraint,INEQ-LOWER-D018-H01-PH03
20260811_121452_stage_B_2C_4168a6e9,inequality,4168,4168,constraint,INEQ-UPPER-D018-H01-PH03
20260811_121452_stage_B_2C_4168a6e9,inequality,4169,4169,constraint,INEQ-LOWER-D018-H01-PH04
20260811_121452_stage_B_2C_4168a6e9,inequality,4170,4170,constraint,INEQ-UPPER-D018-H01-PH04
20260811_121452_stage_B_2C_4168a6e9,inequality,4171,4171,constraint,INEQ-LOWER-D018-H01-PF01
20260811_121452_stage_B_2C_4168a6e9,inequality,4172,4172,constraint,INEQ-UPPER-D018-H01-PF01
20260811_121452_stage_B_2C_4168a6e9,inequality,4173,4173,constraint,INEQ-LOWER-D018-H01-PF02
20260811_121452_stage_B_2C_4168a6e9,inequality,4174,4174,constraint,INEQ-UPPER-D018-H01-PF02
20260811_121452_stage_B_2C_4168a6e9,inequality,4175,4175,constraint,INEQ-LOWER-D018-H01-PF03
20260811_121452_stage_B_2C_4168a6e9,inequality,4176,4176,constraint,INEQ-UPPER-D018-H01-PF03
20260811_121452_stage_B_2C_4168a6e9,inequality,4177,4177,constraint,INEQ-LOWER-D018-H01-PF04
20260811_121452_stage_B_2C_4168a6e9,inequality,4178,4178,constraint,INEQ-UPPER-D018-H01-PF04
20260811_121452_stage_B_2C_4168a6e9,inequality,4179,4179,constraint,INEQ-LOWER-D018-H01-Pch01
20260811_121452_stage_B_2C_4168a6e9,inequality,4180,4180,constraint,INEQ-UPPER-D018-H01-Pch01
20260811_121452_stage_B_2C_4168a6e9,inequality,4181,4181,constraint,INEQ-LOWER-D018-H01-Pch02
20260811_121452_stage_B_2C_4168a6e9,inequality,4182,4182,constraint,INEQ-UPPER-D018-H01-Pch02
20260811_121452_stage_B_2C_4168a6e9,inequality,4183,4183,constraint,INEQ-LOWER-D018-H01-Pdis01
20260811_121452_stage_B_2C_4168a6e9,inequality,4184,4184,constraint,INEQ-UPPER-D018-H01-Pdis01
20260811_121452_stage_B_2C_4168a6e9,inequality,4185,4185,constraint,INEQ-LOWER-D018-H01-Pdis02
20260811_121452_stage_B_2C_4168a6e9,inequality,4186,4186,constraint,INEQ-UPPER-D018-H01-Pdis02
20260811_121452_stage_B_2C_4168a6e9,inequality,4187,4187,constraint,INEQ-LOWER-D018-H01-SOC01
20260811_121452_stage_B_2C_4168a6e9,inequality,4188,4188,constraint,INEQ-UPPER-D018-H01-SOC01
20260811_121452_stage_B_2C_4168a6e9,inequality,4189,4189,constraint,INEQ-LOWER-D018-H01-SOC02
20260811_121452_stage_B_2C_4168a6e9,inequality,4190,4190,constraint,INEQ-UPPER-D018-H01-SOC02
20260811_121452_stage_B_2C_4168a6e9,inequality,4191,4191,constraint,INEQ-LOWER-D018-H02-PW01
20260811_121452_stage_B_2C_4168a6e9,inequality,4192,4192,constraint,INEQ-UPPER-D018-H02-PW01
20260811_121452_stage_B_2C_4168a6e9,inequality,4193,4193,constraint,INEQ-LOWER-D018-H02-PW02
20260811_121452_stage_B_2C_4168a6e9,inequality,4194,4194,constraint,INEQ-UPPER-D018-H02-PW02
20260811_121452_stage_B_2C_4168a6e9,inequality,4195,4195,constraint,INEQ-LOWER-D018-H02-PW03
20260811_121452_stage_B_2C_4168a6e9,inequality,4196,4196,constraint,INEQ-UPPER-D018-H02-PW03
20260811_121452_stage_B_2C_4168a6e9,inequality,4197,4197,constraint,INEQ-LOWER-D018-H02-PW04
20260811_121452_stage_B_2C_4168a6e9,inequality,4198,4198,constraint,INEQ-UPPER-D018-H02-PW04
20260811_121452_stage_B_2C_4168a6e9,inequality,4199,4199,constraint,INEQ-LOWER-D018-H02-PW05
20260811_121452_stage_B_2C_4168a6e9,inequality,4200,4200,constraint,INEQ-UPPER-D018-H02-PW05
20260811_121452_stage_B_2C_4168a6e9,inequality,4201,4201,constraint,INEQ-LOWER-D018-H02-PH01
20260811_121452_stage_B_2C_4168a6e9,inequality,4202,4202,constraint,INEQ-UPPER-D018-H02-PH01
20260811_121452_stage_B_2C_4168a6e9,inequality,4203,4203,constraint,INEQ-LOWER-D018-H02-PH02
20260811_121452_stage_B_2C_4168a6e9,inequality,4204,4204,constraint,INEQ-UPPER-D018-H02-PH02
20260811_121452_stage_B_2C_4168a6e9,inequality,4205,4205,constraint,INEQ-LOWER-D018-H02-PH03
20260811_121452_stage_B_2C_4168a6e9,inequality,4206,4206,constraint,INEQ-UPPER-D018-H02-PH03
20260811_121452_stage_B_2C_4168a6e9,inequality,4207,4207,constraint,INEQ-LOWER-D018-H02-PH04
20260811_121452_stage_B_2C_4168a6e9,inequality,4208,4208,constraint,INEQ-UPPER-D018-H02-PH04
20260811_121452_stage_B_2C_4168a6e9,inequality,4209,4209,constraint,INEQ-LOWER-D018-H02-PF01
20260811_121452_stage_B_2C_4168a6e9,inequality,4210,4210,constraint,INEQ-UPPER-D018-H02-PF01
20260811_121452_stage_B_2C_4168a6e9,inequality,4211,4211,constraint,INEQ-LOWER-D018-H02-PF02
20260811_121452_stage_B_2C_4168a6e9,inequality,4212,4212,constraint,INEQ-UPPER-D018-H02-PF02
20260811_121452_stage_B_2C_4168a6e9,inequality,4213,4213,constraint,INEQ-LOWER-D018-H02-PF03
20260811_121452_stage_B_2C_4168a6e9,inequality,4214,4214,constraint,INEQ-UPPER-D018-H02-PF03
20260811_121452_stage_B_2C_4168a6e9,inequality,4215,4215,constraint,INEQ-LOWER-D018-H02-PF04
20260811_121452_stage_B_2C_4168a6e9,inequality,4216,4216,constraint,INEQ-UPPER-D018-H02-PF04
20260811_121452_stage_B_2C_4168a6e9,inequality,4217,4217,constraint,INEQ-LOWER-D018-H02-Pch01
20260811_121452_stage_B_2C_4168a6e9,inequality,4218,4218,constraint,INEQ-UPPER-D018-H02-Pch01
20260811_121452_stage_B_2C_4168a6e9,inequality,4219,4219,constraint,INEQ-LOWER-D018-H02-Pch02
20260811_121452_stage_B_2C_4168a6e9,inequality,4220,4220,constraint,INEQ-UPPER-D018-H02-Pch02
20260811_121452_stage_B_2C_4168a6e9,inequality,4221,4221,constraint,INEQ-LOWER-D018-H02-Pdis01
20260811_121452_stage_B_2C_4168a6e9,inequality,4222,4222,constraint,INEQ-UPPER-D018-H02-Pdis01
20260811_121452_stage_B_2C_4168a6e9,inequality,4223,4223,constraint,INEQ-LOWER-D018-H02-Pdis02
20260811_121452_stage_B_2C_4168a6e9,inequality,4224,4224,constraint,INEQ-UPPER-D018-H02-Pdis02
20260811_121452_stage_B_2C_4168a6e9,inequality,4225,4225,constraint,INEQ-LOWER-D018-H02-SOC01
20260811_121452_stage_B_2C_4168a6e9,inequality,4226,4226,constraint,INEQ-UPPER-D018-H02-SOC01
20260811_121452_stage_B_2C_4168a6e9,inequality,4227,4227,constraint,INEQ-LOWER-D018-H02-SOC02
20260811_121452_stage_B_2C_4168a6e9,inequality,4228,4228,constraint,INEQ-UPPER-D018-H02-SOC02
20260811_121452_stage_B_2C_4168a6e9,inequality,4229,4229,constraint,INEQ-LOWER-D018-H03-PW01
20260811_121452_stage_B_2C_4168a6e9,inequality,4230,4230,constraint,INEQ-UPPER-D018-H03-PW01
20260811_121452_stage_B_2C_4168a6e9,inequality,4231,4231,constraint,INEQ-LOWER-D018-H03-PW02
20260811_121452_stage_B_2C_4168a6e9,inequality,4232,4232,constraint,INEQ-UPPER-D018-H03-PW02
20260811_121452_stage_B_2C_4168a6e9,inequality,4233,4233,constraint,INEQ-LOWER-D018-H03-PW03
20260811_121452_stage_B_2C_4168a6e9,inequality,4234,4234,constraint,INEQ-UPPER-D018-H03-PW03
20260811_121452_stage_B_2C_4168a6e9,inequality,4235,4235,constraint,INEQ-LOWER-D018-H03-PW04
20260811_121452_stage_B_2C_4168a6e9,inequality,4236,4236,constraint,INEQ-UPPER-D018-H03-PW04
20260811_121452_stage_B_2C_4168a6e9,inequality,4237,4237,constraint,INEQ-LOWER-D018-H03-PW05
20260811_121452_stage_B_2C_4168a6e9,inequality,4238,4238,constraint,INEQ-UPPER-D018-H03-PW05
20260811_121452_stage_B_2C_4168a6e9,inequality,4239,4239,constraint,INEQ-LOWER-D018-H03-PH01
20260811_121452_stage_B_2C_4168a6e9,inequality,4240,4240,constraint,INEQ-UPPER-D018-H03-PH01
20260811_121452_stage_B_2C_4168a6e9,inequality,4241,4241,constraint,INEQ-LOWER-D018-H03-PH02
20260811_121452_stage_B_2C_4168a6e9,inequality,4242,4242,constraint,INEQ-UPPER-D018-H03-PH02
20260811_121452_stage_B_2C_4168a6e9,inequality,4243,4243,constraint,INEQ-LOWER-D018-H03-PH03
20260811_121452_stage_B_2C_4168a6e9,inequality,4244,4244,constraint,INEQ-UPPER-D018-H03-PH03
20260811_121452_stage_B_2C_4168a6e9,inequality,4245,4245,constraint,INEQ-LOWER-D018-H03-PH04
20260811_121452_stage_B_2C_4168a6e9,inequality,4246,4246,constraint,INEQ-UPPER-D018-H03-PH04
20260811_121452_stage_B_2C_4168a6e9,inequality,4247,4247,constraint,INEQ-LOWER-D018-H03-PF01
20260811_121452_stage_B_2C_4168a6e9,inequality,4248,4248,constraint,INEQ-UPPER-D018-H03-PF01
20260811_121452_stage_B_2C_4168a6e9,inequality,4249,4249,constraint,INEQ-LOWER-D018-H03-PF02
20260811_121452_stage_B_2C_4168a6e9,inequality,4250,4250,constraint,INEQ-UPPER-D018-H03-PF02
20260811_121452_stage_B_2C_4168a6e9,inequality,4251,4251,constraint,INEQ-LOWER-D018-H03-PF03
20260811_121452_stage_B_2C_4168a6e9,inequality,4252,4252,constraint,INEQ-UPPER-D018-H03-PF03
20260811_121452_stage_B_2C_4168a6e9,inequality,4253,4253,constraint,INEQ-LOWER-D018-H03-PF04
20260811_121452_stage_B_2C_4168a6e9,inequality,4254,4254,constraint,INEQ-UPPER-D018-H03-PF04
20260811_121452_stage_B_2C_4168a6e9,inequality,4255,4255,constraint,INEQ-LOWER-D018-H03-Pch01
20260811_121452_stage_B_2C_4168a6e9,inequality,4256,4256,constraint,INEQ-UPPER-D018-H03-Pch01
20260811_121452_stage_B_2C_4168a6e9,inequality,4257,4257,constraint,INEQ-LOWER-D018-H03-Pch02
20260811_121452_stage_B_2C_4168a6e9,inequality,4258,4258,constraint,INEQ-UPPER-D018-H03-Pch02
20260811_121452_stage_B_2C_4168a6e9,inequality,4259,4259,constraint,INEQ-LOWER-D018-H03-Pdis01
20260811_121452_stage_B_2C_4168a6e9,inequality,4260,4260,constraint,INEQ-UPPER-D018-H03-Pdis01
20260811_121452_stage_B_2C_4168a6e9,inequality,4261,4261,constraint,INEQ-LOWER-D018-H03-Pdis02
20260811_121452_stage_B_2C_4168a6e9,inequality,4262,4262,constraint,INEQ-UPPER-D018-H03-Pdis02
20260811_121452_stage_B_2C_4168a6e9,inequality,4263,4263,constraint,INEQ-LOWER-D018-H03-SOC01
20260811_121452_stage_B_2C_4168a6e9,inequality,4264,4264,constraint,INEQ-UPPER-D018-H03-SOC01
20260811_121452_stage_B_2C_4168a6e9,inequality,4265,4265,constraint,INEQ-LOWER-D018-H03-SOC02
20260811_121452_stage_B_2C_4168a6e9,inequality,4266,4266,constraint,INEQ-UPPER-D018-H03-SOC02
20260811_121452_stage_B_2C_4168a6e9,inequality,4267,4267,constraint,INEQ-LOWER-D018-H04-PW01
20260811_121452_stage_B_2C_4168a6e9,inequality,4268,4268,constraint,INEQ-UPPER-D018-H04-PW01
20260811_121452_stage_B_2C_4168a6e9,inequality,4269,4269,constraint,INEQ-LOWER-D018-H04-PW02
20260811_121452_stage_B_2C_4168a6e9,inequality,4270,4270,constraint,INEQ-UPPER-D018-H04-PW02
20260811_121452_stage_B_2C_4168a6e9,inequality,4271,4271,constraint,INEQ-LOWER-D018-H04-PW03
20260811_121452_stage_B_2C_4168a6e9,inequality,4272,4272,constraint,INEQ-UPPER-D018-H04-PW03
20260811_121452_stage_B_2C_4168a6e9,inequality,4273,4273,constraint,INEQ-LOWER-D018-H04-PW04
20260811_121452_stage_B_2C_4168a6e9,inequality,4274,4274,constraint,INEQ-UPPER-D018-H04-PW04
20260811_121452_stage_B_2C_4168a6e9,inequality,4275,4275,constraint,INEQ-LOWER-D018-H04-PW05
20260811_121452_stage_B_2C_4168a6e9,inequality,4276,4276,constraint,INEQ-UPPER-D018-H04-PW05
20260811_121452_stage_B_2C_4168a6e9,inequality,4277,4277,constraint,INEQ-LOWER-D018-H04-PH01
20260811_121452_stage_B_2C_4168a6e9,inequality,4278,4278,constraint,INEQ-UPPER-D018-H04-PH01
20260811_121452_stage_B_2C_4168a6e9,inequality,4279,4279,constraint,INEQ-LOWER-D018-H04-PH02
20260811_121452_stage_B_2C_4168a6e9,inequality,4280,4280,constraint,INEQ-UPPER-D018-H04-PH02
20260811_121452_stage_B_2C_4168a6e9,inequality,4281,4281,constraint,INEQ-LOWER-D018-H04-PH03
20260811_121452_stage_B_2C_4168a6e9,inequality,4282,4282,constraint,INEQ-UPPER-D018-H04-PH03
20260811_121452_stage_B_2C_4168a6e9,inequality,4283,4283,constraint,INEQ-LOWER-D018-H04-PH04
20260811_121452_stage_B_2C_4168a6e9,inequality,4284,4284,constraint,INEQ-UPPER-D018-H04-PH04
20260811_121452_stage_B_2C_4168a6e9,inequality,4285,4285,constraint,INEQ-LOWER-D018-H04-PF01
20260811_121452_stage_B_2C_4168a6e9,inequality,4286,4286,constraint,INEQ-UPPER-D018-H04-PF01
20260811_121452_stage_B_2C_4168a6e9,inequality,4287,4287,constraint,INEQ-LOWER-D018-H04-PF02
20260811_121452_stage_B_2C_4168a6e9,inequality,4288,4288,constraint,INEQ-UPPER-D018-H04-PF02
20260811_121452_stage_B_2C_4168a6e9,inequality,4289,4289,constraint,INEQ-LOWER-D018-H04-PF03
20260811_121452_stage_B_2C_4168a6e9,inequality,4290,4290,constraint,INEQ-UPPER-D018-H04-PF03
20260811_121452_stage_B_2C_4168a6e9,inequality,4291,4291,constraint,INEQ-LOWER-D018-H04-PF04
20260811_121452_stage_B_2C_4168a6e9,inequality,4292,4292,constraint,INEQ-UPPER-D018-H04-PF04
20260811_121452_stage_B_2C_4168a6e9,inequality,4293,4293,constraint,INEQ-LOWER-D018-H04-Pch01
20260811_121452_stage_B_2C_4168a6e9,inequality,4294,4294,constraint,INEQ-UPPER-D018-H04-Pch01
20260811_121452_stage_B_2C_4168a6e9,inequality,4295,4295,constraint,INEQ-LOWER-D018-H04-Pch02
20260811_121452_stage_B_2C_4168a6e9,inequality,4296,4296,constraint,INEQ-UPPER-D018-H04-Pch02
20260811_121452_stage_B_2C_4168a6e9,inequality,4297,4297,constraint,INEQ-LOWER-D018-H04-Pdis01
20260811_121452_stage_B_2C_4168a6e9,inequality,4298,4298,constraint,INEQ-UPPER-D018-H04-Pdis01
20260811_121452_stage_B_2C_4168a6e9,inequality,4299,4299,constraint,INEQ-LOWER-D018-H04-Pdis02
20260811_121452_stage_B_2C_4168a6e9,inequality,4300,4300,constraint,INEQ-UPPER-D018-H04-Pdis02
20260811_121452_stage_B_2C_4168a6e9,inequality,4301,4301,constraint,INEQ-LOWER-D018-H04-SOC01
20260811_121452_stage_B_2C_4168a6e9,inequality,4302,4302,constraint,INEQ-UPPER-D018-H04-SOC01
20260811_121452_stage_B_2C_4168a6e9,inequality,4303,4303,constraint,INEQ-LOWER-D018-H04-SOC02
20260811_121452_stage_B_2C_4168a6e9,inequality,4304,4304,constraint,INEQ-UPPER-D018-H04-SOC02
20260811_121452_stage_B_2C_4168a6e9,inequality,4305,4305,constraint,INEQ-LOWER-D018-H05-PW01
20260811_121452_stage_B_2C_4168a6e9,inequality,4306,4306,constraint,INEQ-UPPER-D018-H05-PW01
20260811_121452_stage_B_2C_4168a6e9,inequality,4307,4307,constraint,INEQ-LOWER-D018-H05-PW02
20260811_121452_stage_B_2C_4168a6e9,inequality,4308,4308,constraint,INEQ-UPPER-D018-H05-PW02
20260811_121452_stage_B_2C_4168a6e9,inequality,4309,4309,constraint,INEQ-LOWER-D018-H05-PW03
20260811_121452_stage_B_2C_4168a6e9,inequality,4310,4310,constraint,INEQ-UPPER-D018-H05-PW03
20260811_121452_stage_B_2C_4168a6e9,inequality,4311,4311,constraint,INEQ-LOWER-D018-H05-PW04
20260811_121452_stage_B_2C_4168a6e9,inequality,4312,4312,constraint,INEQ-UPPER-D018-H05-PW04
20260811_121452_stage_B_2C_4168a6e9,inequality,4313,4313,constraint,INEQ-LOWER-D018-H05-PW05
20260811_121452_stage_B_2C_4168a6e9,inequality,4314,4314,constraint,INEQ-UPPER-D018-H05-PW05
20260811_121452_stage_B_2C_4168a6e9,inequality,4315,4315,constraint,INEQ-LOWER-D018-H05-PH01
20260811_121452_stage_B_2C_4168a6e9,inequality,4316,4316,constraint,INEQ-UPPER-D018-H05-PH01
20260811_121452_stage_B_2C_4168a6e9,inequality,4317,4317,constraint,INEQ-LOWER-D018-H05-PH02
20260811_121452_stage_B_2C_4168a6e9,inequality,4318,4318,constraint,INEQ-UPPER-D018-H05-PH02
20260811_121452_stage_B_2C_4168a6e9,inequality,4319,4319,constraint,INEQ-LOWER-D018-H05-PH03
20260811_121452_stage_B_2C_4168a6e9,inequality,4320,4320,constraint,INEQ-UPPER-D018-H05-PH03
20260811_121452_stage_B_2C_4168a6e9,inequality,4321,4321,constraint,INEQ-LOWER-D018-H05-PH04
20260811_121452_stage_B_2C_4168a6e9,inequality,4322,4322,constraint,INEQ-UPPER-D018-H05-PH04
20260811_121452_stage_B_2C_4168a6e9,inequality,4323,4323,constraint,INEQ-LOWER-D018-H05-PF01
20260811_121452_stage_B_2C_4168a6e9,inequality,4324,4324,constraint,INEQ-UPPER-D018-H05-PF01
20260811_121452_stage_B_2C_4168a6e9,inequality,4325,4325,constraint,INEQ-LOWER-D018-H05-PF02
20260811_121452_stage_B_2C_4168a6e9,inequality,4326,4326,constraint,INEQ-UPPER-D018-H05-PF02
20260811_121452_stage_B_2C_4168a6e9,inequality,4327,4327,constraint,INEQ-LOWER-D018-H05-PF03
20260811_121452_stage_B_2C_4168a6e9,inequality,4328,4328,constraint,INEQ-UPPER-D018-H05-PF03
20260811_121452_stage_B_2C_4168a6e9,inequality,4329,4329,constraint,INEQ-LOWER-D018-H05-PF04
20260811_121452_stage_B_2C_4168a6e9,inequality,4330,4330,constraint,INEQ-UPPER-D018-H05-PF04
20260811_121452_stage_B_2C_4168a6e9,inequality,4331,4331,constraint,INEQ-LOWER-D018-H05-Pch01
20260811_121452_stage_B_2C_4168a6e9,inequality,4332,4332,constraint,INEQ-UPPER-D018-H05-Pch01
20260811_121452_stage_B_2C_4168a6e9,inequality,4333,4333,constraint,INEQ-LOWER-D018-H05-Pch02
20260811_121452_stage_B_2C_4168a6e9,inequality,4334,4334,constraint,INEQ-UPPER-D018-H05-Pch02
20260811_121452_stage_B_2C_4168a6e9,inequality,4335,4335,constraint,INEQ-LOWER-D018-H05-Pdis01
20260811_121452_stage_B_2C_4168a6e9,inequality,4336,4336,constraint,INEQ-UPPER-D018-H05-Pdis01
20260811_121452_stage_B_2C_4168a6e9,inequality,4337,4337,constraint,INEQ-LOWER-D018-H05-Pdis02
20260811_121452_stage_B_2C_4168a6e9,inequality,4338,4338,constraint,INEQ-UPPER-D018-H05-Pdis02
20260811_121452_stage_B_2C_4168a6e9,inequality,4339,4339,constraint,INEQ-LOWER-D018-H05-SOC01
20260811_121452_stage_B_2C_4168a6e9,inequality,4340,4340,constraint,INEQ-UPPER-D018-H05-SOC01
20260811_121452_stage_B_2C_4168a6e9,inequality,4341,4341,constraint,INEQ-LOWER-D018-H05-SOC02
20260811_121452_stage_B_2C_4168a6e9,inequality,4342,4342,constraint,INEQ-UPPER-D018-H05-SOC02
20260811_121452_stage_B_2C_4168a6e9,inequality,4343,4343,constraint,INEQ-LOWER-D018-H06-PW01
20260811_121452_stage_B_2C_4168a6e9,inequality,4344,4344,constraint,INEQ-UPPER-D018-H06-PW01
20260811_121452_stage_B_2C_4168a6e9,inequality,4345,4345,constraint,INEQ-LOWER-D018-H06-PW02
20260811_121452_stage_B_2C_4168a6e9,inequality,4346,4346,constraint,INEQ-UPPER-D018-H06-PW02
20260811_121452_stage_B_2C_4168a6e9,inequality,4347,4347,constraint,INEQ-LOWER-D018-H06-PW03
20260811_121452_stage_B_2C_4168a6e9,inequality,4348,4348,constraint,INEQ-UPPER-D018-H06-PW03
20260811_121452_stage_B_2C_4168a6e9,inequality,4349,4349,constraint,INEQ-LOWER-D018-H06-PW04
20260811_121452_stage_B_2C_4168a6e9,inequality,4350,4350,constraint,INEQ-UPPER-D018-H06-PW04
20260811_121452_stage_B_2C_4168a6e9,inequality,4351,4351,constraint,INEQ-LOWER-D018-H06-PW05
20260811_121452_stage_B_2C_4168a6e9,inequality,4352,4352,constraint,INEQ-UPPER-D018-H06-PW05
20260811_121452_stage_B_2C_4168a6e9,inequality,4353,4353,constraint,INEQ-LOWER-D018-H06-PH01
20260811_121452_stage_B_2C_4168a6e9,inequality,4354,4354,constraint,INEQ-UPPER-D018-H06-PH01
20260811_121452_stage_B_2C_4168a6e9,inequality,4355,4355,constraint,INEQ-LOWER-D018-H06-PH02
20260811_121452_stage_B_2C_4168a6e9,inequality,4356,4356,constraint,INEQ-UPPER-D018-H06-PH02
20260811_121452_stage_B_2C_4168a6e9,inequality,4357,4357,constraint,INEQ-LOWER-D018-H06-PH03
20260811_121452_stage_B_2C_4168a6e9,inequality,4358,4358,constraint,INEQ-UPPER-D018-H06-PH03
20260811_121452_stage_B_2C_4168a6e9,inequality,4359,4359,constraint,INEQ-LOWER-D018-H06-PH04
20260811_121452_stage_B_2C_4168a6e9,inequality,4360,4360,constraint,INEQ-UPPER-D018-H06-PH04
20260811_121452_stage_B_2C_4168a6e9,inequality,4361,4361,constraint,INEQ-LOWER-D018-H06-PF01
20260811_121452_stage_B_2C_4168a6e9,inequality,4362,4362,constraint,INEQ-UPPER-D018-H06-PF01
20260811_121452_stage_B_2C_4168a6e9,inequality,4363,4363,constraint,INEQ-LOWER-D018-H06-PF02
20260811_121452_stage_B_2C_4168a6e9,inequality,4364,4364,constraint,INEQ-UPPER-D018-H06-PF02
20260811_121452_stage_B_2C_4168a6e9,inequality,4365,4365,constraint,INEQ-LOWER-D018-H06-PF03
20260811_121452_stage_B_2C_4168a6e9,inequality,4366,4366,constraint,INEQ-UPPER-D018-H06-PF03
20260811_121452_stage_B_2C_4168a6e9,inequality,4367,4367,constraint,INEQ-LOWER-D018-H06-PF04
20260811_121452_stage_B_2C_4168a6e9,inequality,4368,4368,constraint,INEQ-UPPER-D018-H06-PF04
20260811_121452_stage_B_2C_4168a6e9,inequality,4369,4369,constraint,INEQ-LOWER-D018-H06-Pch01
20260811_121452_stage_B_2C_4168a6e9,inequality,4370,4370,constraint,INEQ-UPPER-D018-H06-Pch01
20260811_121452_stage_B_2C_4168a6e9,inequality,4371,4371,constraint,INEQ-LOWER-D018-H06-Pch02
20260811_121452_stage_B_2C_4168a6e9,inequality,4372,4372,constraint,INEQ-UPPER-D018-H06-Pch02
20260811_121452_stage_B_2C_4168a6e9,inequality,4373,4373,constraint,INEQ-LOWER-D018-H06-Pdis01
20260811_121452_stage_B_2C_4168a6e9,inequality,4374,4374,constraint,INEQ-UPPER-D018-H06-Pdis01
20260811_121452_stage_B_2C_4168a6e9,inequality,4375,4375,constraint,INEQ-LOWER-D018-H06-Pdis02
20260811_121452_stage_B_2C_4168a6e9,inequality,4376,4376,constraint,INEQ-UPPER-D018-H06-Pdis02
20260811_121452_stage_B_2C_4168a6e9,inequality,4377,4377,constraint,INEQ-LOWER-D018-H06-SOC01
20260811_121452_stage_B_2C_4168a6e9,inequality,4378,4378,constraint,INEQ-UPPER-D018-H06-SOC01
20260811_121452_stage_B_2C_4168a6e9,inequality,4379,4379,constraint,INEQ-LOWER-D018-H06-SOC02
20260811_121452_stage_B_2C_4168a6e9,inequality,4380,4380,constraint,INEQ-UPPER-D018-H06-SOC02
20260811_121452_stage_B_2C_4168a6e9,inequality,4381,4381,constraint,INEQ-LOWER-D018-H07-PW01
20260811_121452_stage_B_2C_4168a6e9,inequality,4382,4382,constraint,INEQ-UPPER-D018-H07-PW01
20260811_121452_stage_B_2C_4168a6e9,inequality,4383,4383,constraint,INEQ-LOWER-D018-H07-PW02
20260811_121452_stage_B_2C_4168a6e9,inequality,4384,4384,constraint,INEQ-UPPER-D018-H07-PW02
20260811_121452_stage_B_2C_4168a6e9,inequality,4385,4385,constraint,INEQ-LOWER-D018-H07-PW03
20260811_121452_stage_B_2C_4168a6e9,inequality,4386,4386,constraint,INEQ-UPPER-D018-H07-PW03
20260811_121452_stage_B_2C_4168a6e9,inequality,4387,4387,constraint,INEQ-LOWER-D018-H07-PW04
20260811_121452_stage_B_2C_4168a6e9,inequality,4388,4388,constraint,INEQ-UPPER-D018-H07-PW04
20260811_121452_stage_B_2C_4168a6e9,inequality,4389,4389,constraint,INEQ-LOWER-D018-H07-PW05
20260811_121452_stage_B_2C_4168a6e9,inequality,4390,4390,constraint,INEQ-UPPER-D018-H07-PW05
20260811_121452_stage_B_2C_4168a6e9,inequality,4391,4391,constraint,INEQ-LOWER-D018-H07-PH01
20260811_121452_stage_B_2C_4168a6e9,inequality,4392,4392,constraint,INEQ-UPPER-D018-H07-PH01
20260811_121452_stage_B_2C_4168a6e9,inequality,4393,4393,constraint,INEQ-LOWER-D018-H07-PH02
20260811_121452_stage_B_2C_4168a6e9,inequality,4394,4394,constraint,INEQ-UPPER-D018-H07-PH02
20260811_121452_stage_B_2C_4168a6e9,inequality,4395,4395,constraint,INEQ-LOWER-D018-H07-PH03
20260811_121452_stage_B_2C_4168a6e9,inequality,4396,4396,constraint,INEQ-UPPER-D018-H07-PH03
20260811_121452_stage_B_2C_4168a6e9,inequality,4397,4397,constraint,INEQ-LOWER-D018-H07-PH04
20260811_121452_stage_B_2C_4168a6e9,inequality,4398,4398,constraint,INEQ-UPPER-D018-H07-PH04
20260811_121452_stage_B_2C_4168a6e9,inequality,4399,4399,constraint,INEQ-LOWER-D018-H07-PF01
20260811_121452_stage_B_2C_4168a6e9,inequality,4400,4400,constraint,INEQ-UPPER-D018-H07-PF01
20260811_121452_stage_B_2C_4168a6e9,inequality,4401,4401,constraint,INEQ-LOWER-D018-H07-PF02
20260811_121452_stage_B_2C_4168a6e9,inequality,4402,4402,constraint,INEQ-UPPER-D018-H07-PF02
20260811_121452_stage_B_2C_4168a6e9,inequality,4403,4403,constraint,INEQ-LOWER-D018-H07-PF03
20260811_121452_stage_B_2C_4168a6e9,inequality,4404,4404,constraint,INEQ-UPPER-D018-H07-PF03
20260811_121452_stage_B_2C_4168a6e9,inequality,4405,4405,constraint,INEQ-LOWER-D018-H07-PF04
20260811_121452_stage_B_2C_4168a6e9,inequality,4406,4406,constraint,INEQ-UPPER-D018-H07-PF04
20260811_121452_stage_B_2C_4168a6e9,inequality,4407,4407,constraint,INEQ-LOWER-D018-H07-Pch01
20260811_121452_stage_B_2C_4168a6e9,inequality,4408,4408,constraint,INEQ-UPPER-D018-H07-Pch01
20260811_121452_stage_B_2C_4168a6e9,inequality,4409,4409,constraint,INEQ-LOWER-D018-H07-Pch02
20260811_121452_stage_B_2C_4168a6e9,inequality,4410,4410,constraint,INEQ-UPPER-D018-H07-Pch02
20260811_121452_stage_B_2C_4168a6e9,inequality,4411,4411,constraint,INEQ-LOWER-D018-H07-Pdis01
20260811_121452_stage_B_2C_4168a6e9,inequality,4412,4412,constraint,INEQ-UPPER-D018-H07-Pdis01
20260811_121452_stage_B_2C_4168a6e9,inequality,4413,4413,constraint,INEQ-LOWER-D018-H07-Pdis02
20260811_121452_stage_B_2C_4168a6e9,inequality,4414,4414,constraint,INEQ-UPPER-D018-H07-Pdis02
20260811_121452_stage_B_2C_4168a6e9,inequality,4415,4415,constraint,INEQ-LOWER-D018-H07-SOC01
20260811_121452_stage_B_2C_4168a6e9,inequality,4416,4416,constraint,INEQ-UPPER-D018-H07-SOC01
20260811_121452_stage_B_2C_4168a6e9,inequality,4417,4417,constraint,INEQ-LOWER-D018-H07-SOC02
20260811_121452_stage_B_2C_4168a6e9,inequality,4418,4418,constraint,INEQ-UPPER-D018-H07-SOC02
20260811_121452_stage_B_2C_4168a6e9,inequality,4419,4419,constraint,INEQ-LOWER-D018-H08-PW01
20260811_121452_stage_B_2C_4168a6e9,inequality,4420,4420,constraint,INEQ-UPPER-D018-H08-PW01
20260811_121452_stage_B_2C_4168a6e9,inequality,4421,4421,constraint,INEQ-LOWER-D018-H08-PW02
20260811_121452_stage_B_2C_4168a6e9,inequality,4422,4422,constraint,INEQ-UPPER-D018-H08-PW02
20260811_121452_stage_B_2C_4168a6e9,inequality,4423,4423,constraint,INEQ-LOWER-D018-H08-PW03
20260811_121452_stage_B_2C_4168a6e9,inequality,4424,4424,constraint,INEQ-UPPER-D018-H08-PW03
20260811_121452_stage_B_2C_4168a6e9,inequality,4425,4425,constraint,INEQ-LOWER-D018-H08-PW04
20260811_121452_stage_B_2C_4168a6e9,inequality,4426,4426,constraint,INEQ-UPPER-D018-H08-PW04
20260811_121452_stage_B_2C_4168a6e9,inequality,4427,4427,constraint,INEQ-LOWER-D018-H08-PW05
20260811_121452_stage_B_2C_4168a6e9,inequality,4428,4428,constraint,INEQ-UPPER-D018-H08-PW05
20260811_121452_stage_B_2C_4168a6e9,inequality,4429,4429,constraint,INEQ-LOWER-D018-H08-PP01
20260811_121452_stage_B_2C_4168a6e9,inequality,4430,4430,constraint,INEQ-UPPER-D018-H08-PP01
20260811_121452_stage_B_2C_4168a6e9,inequality,4431,4431,constraint,INEQ-LOWER-D018-H08-PP02
20260811_121452_stage_B_2C_4168a6e9,inequality,4432,4432,constraint,INEQ-UPPER-D018-H08-PP02
20260811_121452_stage_B_2C_4168a6e9,inequality,4433,4433,constraint,INEQ-LOWER-D018-H08-PP03
20260811_121452_stage_B_2C_4168a6e9,inequality,4434,4434,constraint,INEQ-UPPER-D018-H08-PP03
20260811_121452_stage_B_2C_4168a6e9,inequality,4435,4435,constraint,INEQ-LOWER-D018-H08-PP04
20260811_121452_stage_B_2C_4168a6e9,inequality,4436,4436,constraint,INEQ-UPPER-D018-H08-PP04
20260811_121452_stage_B_2C_4168a6e9,inequality,4437,4437,constraint,INEQ-LOWER-D018-H08-PP05
20260811_121452_stage_B_2C_4168a6e9,inequality,4438,4438,constraint,INEQ-UPPER-D018-H08-PP05
20260811_121452_stage_B_2C_4168a6e9,inequality,4439,4439,constraint,INEQ-LOWER-D018-H08-PH01
20260811_121452_stage_B_2C_4168a6e9,inequality,4440,4440,constraint,INEQ-UPPER-D018-H08-PH01
20260811_121452_stage_B_2C_4168a6e9,inequality,4441,4441,constraint,INEQ-LOWER-D018-H08-PH02
20260811_121452_stage_B_2C_4168a6e9,inequality,4442,4442,constraint,INEQ-UPPER-D018-H08-PH02
20260811_121452_stage_B_2C_4168a6e9,inequality,4443,4443,constraint,INEQ-LOWER-D018-H08-PH03
20260811_121452_stage_B_2C_4168a6e9,inequality,4444,4444,constraint,INEQ-UPPER-D018-H08-PH03
20260811_121452_stage_B_2C_4168a6e9,inequality,4445,4445,constraint,INEQ-LOWER-D018-H08-PH04
20260811_121452_stage_B_2C_4168a6e9,inequality,4446,4446,constraint,INEQ-UPPER-D018-H08-PH04
20260811_121452_stage_B_2C_4168a6e9,inequality,4447,4447,constraint,INEQ-LOWER-D018-H08-PF01
20260811_121452_stage_B_2C_4168a6e9,inequality,4448,4448,constraint,INEQ-UPPER-D018-H08-PF01
20260811_121452_stage_B_2C_4168a6e9,inequality,4449,4449,constraint,INEQ-LOWER-D018-H08-PF02
20260811_121452_stage_B_2C_4168a6e9,inequality,4450,4450,constraint,INEQ-UPPER-D018-H08-PF02
20260811_121452_stage_B_2C_4168a6e9,inequality,4451,4451,constraint,INEQ-LOWER-D018-H08-PF03
20260811_121452_stage_B_2C_4168a6e9,inequality,4452,4452,constraint,INEQ-UPPER-D018-H08-PF03
20260811_121452_stage_B_2C_4168a6e9,inequality,4453,4453,constraint,INEQ-LOWER-D018-H08-PF04
20260811_121452_stage_B_2C_4168a6e9,inequality,4454,4454,constraint,INEQ-UPPER-D018-H08-PF04
20260811_121452_stage_B_2C_4168a6e9,inequality,4455,4455,constraint,INEQ-LOWER-D018-H08-Pch01
20260811_121452_stage_B_2C_4168a6e9,inequality,4456,4456,constraint,INEQ-UPPER-D018-H08-Pch01
20260811_121452_stage_B_2C_4168a6e9,inequality,4457,4457,constraint,INEQ-LOWER-D018-H08-Pch02
20260811_121452_stage_B_2C_4168a6e9,inequality,4458,4458,constraint,INEQ-UPPER-D018-H08-Pch02
20260811_121452_stage_B_2C_4168a6e9,inequality,4459,4459,constraint,INEQ-LOWER-D018-H08-Pdis01
20260811_121452_stage_B_2C_4168a6e9,inequality,4460,4460,constraint,INEQ-UPPER-D018-H08-Pdis01
20260811_121452_stage_B_2C_4168a6e9,inequality,4461,4461,constraint,INEQ-LOWER-D018-H08-Pdis02
20260811_121452_stage_B_2C_4168a6e9,inequality,4462,4462,constraint,INEQ-UPPER-D018-H08-Pdis02
20260811_121452_stage_B_2C_4168a6e9,inequality,4463,4463,constraint,INEQ-LOWER-D018-H08-SOC01
20260811_121452_stage_B_2C_4168a6e9,inequality,4464,4464,constraint,INEQ-UPPER-D018-H08-SOC01
20260811_121452_stage_B_2C_4168a6e9,inequality,4465,4465,constraint,INEQ-LOWER-D018-H08-SOC02
20260811_121452_stage_B_2C_4168a6e9,inequality,4466,4466,constraint,INEQ-UPPER-D018-H08-SOC02
20260811_121452_stage_B_2C_4168a6e9,inequality,4467,4467,constraint,INEQ-LOWER-D018-H09-PW01
20260811_121452_stage_B_2C_4168a6e9,inequality,4468,4468,constraint,INEQ-UPPER-D018-H09-PW01
20260811_121452_stage_B_2C_4168a6e9,inequality,4469,4469,constraint,INEQ-LOWER-D018-H09-PW02
20260811_121452_stage_B_2C_4168a6e9,inequality,4470,4470,constraint,INEQ-UPPER-D018-H09-PW02
20260811_121452_stage_B_2C_4168a6e9,inequality,4471,4471,constraint,INEQ-LOWER-D018-H09-PW03
20260811_121452_stage_B_2C_4168a6e9,inequality,4472,4472,constraint,INEQ-UPPER-D018-H09-PW03
20260811_121452_stage_B_2C_4168a6e9,inequality,4473,4473,constraint,INEQ-LOWER-D018-H09-PW04
20260811_121452_stage_B_2C_4168a6e9,inequality,4474,4474,constraint,INEQ-UPPER-D018-H09-PW04
20260811_121452_stage_B_2C_4168a6e9,inequality,4475,4475,constraint,INEQ-LOWER-D018-H09-PW05
20260811_121452_stage_B_2C_4168a6e9,inequality,4476,4476,constraint,INEQ-UPPER-D018-H09-PW05
20260811_121452_stage_B_2C_4168a6e9,inequality,4477,4477,constraint,INEQ-LOWER-D018-H09-PP01
20260811_121452_stage_B_2C_4168a6e9,inequality,4478,4478,constraint,INEQ-UPPER-D018-H09-PP01
20260811_121452_stage_B_2C_4168a6e9,inequality,4479,4479,constraint,INEQ-LOWER-D018-H09-PP02
20260811_121452_stage_B_2C_4168a6e9,inequality,4480,4480,constraint,INEQ-UPPER-D018-H09-PP02
20260811_121452_stage_B_2C_4168a6e9,inequality,4481,4481,constraint,INEQ-LOWER-D018-H09-PP03
20260811_121452_stage_B_2C_4168a6e9,inequality,4482,4482,constraint,INEQ-UPPER-D018-H09-PP03
20260811_121452_stage_B_2C_4168a6e9,inequality,4483,4483,constraint,INEQ-LOWER-D018-H09-PP04
20260811_121452_stage_B_2C_4168a6e9,inequality,4484,4484,constraint,INEQ-UPPER-D018-H09-PP04
20260811_121452_stage_B_2C_4168a6e9,inequality,4485,4485,constraint,INEQ-LOWER-D018-H09-PP05
20260811_121452_stage_B_2C_4168a6e9,inequality,4486,4486,constraint,INEQ-UPPER-D018-H09-PP05
20260811_121452_stage_B_2C_4168a6e9,inequality,4487,4487,constraint,INEQ-LOWER-D018-H09-PH01
20260811_121452_stage_B_2C_4168a6e9,inequality,4488,4488,constraint,INEQ-UPPER-D018-H09-PH01
20260811_121452_stage_B_2C_4168a6e9,inequality,4489,4489,constraint,INEQ-LOWER-D018-H09-PH02
20260811_121452_stage_B_2C_4168a6e9,inequality,4490,4490,constraint,INEQ-UPPER-D018-H09-PH02
20260811_121452_stage_B_2C_4168a6e9,inequality,4491,4491,constraint,INEQ-LOWER-D018-H09-PH03
20260811_121452_stage_B_2C_4168a6e9,inequality,4492,4492,constraint,INEQ-UPPER-D018-H09-PH03
20260811_121452_stage_B_2C_4168a6e9,inequality,4493,4493,constraint,INEQ-LOWER-D018-H09-PH04
20260811_121452_stage_B_2C_4168a6e9,inequality,4494,4494,constraint,INEQ-UPPER-D018-H09-PH04
20260811_121452_stage_B_2C_4168a6e9,inequality,4495,4495,constraint,INEQ-LOWER-D018-H09-PF01
20260811_121452_stage_B_2C_4168a6e9,inequality,4496,4496,constraint,INEQ-UPPER-D018-H09-PF01
20260811_121452_stage_B_2C_4168a6e9,inequality,4497,4497,constraint,INEQ-LOWER-D018-H09-PF02
20260811_121452_stage_B_2C_4168a6e9,inequality,4498,4498,constraint,INEQ-UPPER-D018-H09-PF02
20260811_121452_stage_B_2C_4168a6e9,inequality,4499,4499,constraint,INEQ-LOWER-D018-H09-PF03
20260811_121452_stage_B_2C_4168a6e9,inequality,4500,4500,constraint,INEQ-UPPER-D018-H09-PF03
20260811_121452_stage_B_2C_4168a6e9,inequality,4501,4501,constraint,INEQ-LOWER-D018-H09-PF04
20260811_121452_stage_B_2C_4168a6e9,inequality,4502,4502,constraint,INEQ-UPPER-D018-H09-PF04
20260811_121452_stage_B_2C_4168a6e9,inequality,4503,4503,constraint,INEQ-LOWER-D018-H09-Pch01
20260811_121452_stage_B_2C_4168a6e9,inequality,4504,4504,constraint,INEQ-UPPER-D018-H09-Pch01
20260811_121452_stage_B_2C_4168a6e9,inequality,4505,4505,constraint,INEQ-LOWER-D018-H09-Pch02
20260811_121452_stage_B_2C_4168a6e9,inequality,4506,4506,constraint,INEQ-UPPER-D018-H09-Pch02
20260811_121452_stage_B_2C_4168a6e9,inequality,4507,4507,constraint,INEQ-LOWER-D018-H09-Pdis01
20260811_121452_stage_B_2C_4168a6e9,inequality,4508,4508,constraint,INEQ-UPPER-D018-H09-Pdis01
20260811_121452_stage_B_2C_4168a6e9,inequality,4509,4509,constraint,INEQ-LOWER-D018-H09-Pdis02
20260811_121452_stage_B_2C_4168a6e9,inequality,4510,4510,constraint,INEQ-UPPER-D018-H09-Pdis02
20260811_121452_stage_B_2C_4168a6e9,inequality,4511,4511,constraint,INEQ-LOWER-D018-H09-SOC01
20260811_121452_stage_B_2C_4168a6e9,inequality,4512,4512,constraint,INEQ-UPPER-D018-H09-SOC01
20260811_121452_stage_B_2C_4168a6e9,inequality,4513,4513,constraint,INEQ-LOWER-D018-H09-SOC02
20260811_121452_stage_B_2C_4168a6e9,inequality,4514,4514,constraint,INEQ-UPPER-D018-H09-SOC02
20260811_121452_stage_B_2C_4168a6e9,inequality,4515,4515,constraint,INEQ-LOWER-D018-H10-PW01
20260811_121452_stage_B_2C_4168a6e9,inequality,4516,4516,constraint,INEQ-UPPER-D018-H10-PW01
20260811_121452_stage_B_2C_4168a6e9,inequality,4517,4517,constraint,INEQ-LOWER-D018-H10-PW02
20260811_121452_stage_B_2C_4168a6e9,inequality,4518,4518,constraint,INEQ-UPPER-D018-H10-PW02
20260811_121452_stage_B_2C_4168a6e9,inequality,4519,4519,constraint,INEQ-LOWER-D018-H10-PW03
20260811_121452_stage_B_2C_4168a6e9,inequality,4520,4520,constraint,INEQ-UPPER-D018-H10-PW03
20260811_121452_stage_B_2C_4168a6e9,inequality,4521,4521,constraint,INEQ-LOWER-D018-H10-PW04
20260811_121452_stage_B_2C_4168a6e9,inequality,4522,4522,constraint,INEQ-UPPER-D018-H10-PW04
20260811_121452_stage_B_2C_4168a6e9,inequality,4523,4523,constraint,INEQ-LOWER-D018-H10-PW05
20260811_121452_stage_B_2C_4168a6e9,inequality,4524,4524,constraint,INEQ-UPPER-D018-H10-PW05
20260811_121452_stage_B_2C_4168a6e9,inequality,4525,4525,constraint,INEQ-LOWER-D018-H10-PP01
20260811_121452_stage_B_2C_4168a6e9,inequality,4526,4526,constraint,INEQ-UPPER-D018-H10-PP01
20260811_121452_stage_B_2C_4168a6e9,inequality,4527,4527,constraint,INEQ-LOWER-D018-H10-PP02
20260811_121452_stage_B_2C_4168a6e9,inequality,4528,4528,constraint,INEQ-UPPER-D018-H10-PP02
20260811_121452_stage_B_2C_4168a6e9,inequality,4529,4529,constraint,INEQ-LOWER-D018-H10-PP03
20260811_121452_stage_B_2C_4168a6e9,inequality,4530,4530,constraint,INEQ-UPPER-D018-H10-PP03
20260811_121452_stage_B_2C_4168a6e9,inequality,4531,4531,constraint,INEQ-LOWER-D018-H10-PP04
20260811_121452_stage_B_2C_4168a6e9,inequality,4532,4532,constraint,INEQ-UPPER-D018-H10-PP04
20260811_121452_stage_B_2C_4168a6e9,inequality,4533,4533,constraint,INEQ-LOWER-D018-H10-PP05
20260811_121452_stage_B_2C_4168a6e9,inequality,4534,4534,constraint,INEQ-UPPER-D018-H10-PP05
20260811_121452_stage_B_2C_4168a6e9,inequality,4535,4535,constraint,INEQ-LOWER-D018-H10-PH01
20260811_121452_stage_B_2C_4168a6e9,inequality,4536,4536,constraint,INEQ-UPPER-D018-H10-PH01
20260811_121452_stage_B_2C_4168a6e9,inequality,4537,4537,constraint,INEQ-LOWER-D018-H10-PH02
20260811_121452_stage_B_2C_4168a6e9,inequality,4538,4538,constraint,INEQ-UPPER-D018-H10-PH02
20260811_121452_stage_B_2C_4168a6e9,inequality,4539,4539,constraint,INEQ-LOWER-D018-H10-PH03
20260811_121452_stage_B_2C_4168a6e9,inequality,4540,4540,constraint,INEQ-UPPER-D018-H10-PH03
20260811_121452_stage_B_2C_4168a6e9,inequality,4541,4541,constraint,INEQ-LOWER-D018-H10-PH04
20260811_121452_stage_B_2C_4168a6e9,inequality,4542,4542,constraint,INEQ-UPPER-D018-H10-PH04
20260811_121452_stage_B_2C_4168a6e9,inequality,4543,4543,constraint,INEQ-LOWER-D018-H10-PF01
20260811_121452_stage_B_2C_4168a6e9,inequality,4544,4544,constraint,INEQ-UPPER-D018-H10-PF01
20260811_121452_stage_B_2C_4168a6e9,inequality,4545,4545,constraint,INEQ-LOWER-D018-H10-PF02
20260811_121452_stage_B_2C_4168a6e9,inequality,4546,4546,constraint,INEQ-UPPER-D018-H10-PF02
20260811_121452_stage_B_2C_4168a6e9,inequality,4547,4547,constraint,INEQ-LOWER-D018-H10-PF03
20260811_121452_stage_B_2C_4168a6e9,inequality,4548,4548,constraint,INEQ-UPPER-D018-H10-PF03
20260811_121452_stage_B_2C_4168a6e9,inequality,4549,4549,constraint,INEQ-LOWER-D018-H10-PF04
20260811_121452_stage_B_2C_4168a6e9,inequality,4550,4550,constraint,INEQ-UPPER-D018-H10-PF04
20260811_121452_stage_B_2C_4168a6e9,inequality,4551,4551,constraint,INEQ-LOWER-D018-H10-Pch01
20260811_121452_stage_B_2C_4168a6e9,inequality,4552,4552,constraint,INEQ-UPPER-D018-H10-Pch01
20260811_121452_stage_B_2C_4168a6e9,inequality,4553,4553,constraint,INEQ-LOWER-D018-H10-Pch02
20260811_121452_stage_B_2C_4168a6e9,inequality,4554,4554,constraint,INEQ-UPPER-D018-H10-Pch02
20260811_121452_stage_B_2C_4168a6e9,inequality,4555,4555,constraint,INEQ-LOWER-D018-H10-Pdis01
20260811_121452_stage_B_2C_4168a6e9,inequality,4556,4556,constraint,INEQ-UPPER-D018-H10-Pdis01
20260811_121452_stage_B_2C_4168a6e9,inequality,4557,4557,constraint,INEQ-LOWER-D018-H10-Pdis02
20260811_121452_stage_B_2C_4168a6e9,inequality,4558,4558,constraint,INEQ-UPPER-D018-H10-Pdis02
20260811_121452_stage_B_2C_4168a6e9,inequality,4559,4559,constraint,INEQ-LOWER-D018-H10-SOC01
20260811_121452_stage_B_2C_4168a6e9,inequality,4560,4560,constraint,INEQ-UPPER-D018-H10-SOC01
20260811_121452_stage_B_2C_4168a6e9,inequality,4561,4561,constraint,INEQ-LOWER-D018-H10-SOC02
20260811_121452_stage_B_2C_4168a6e9,inequality,4562,4562,constraint,INEQ-UPPER-D018-H10-SOC02
20260811_121452_stage_B_2C_4168a6e9,inequality,4563,4563,constraint,INEQ-LOWER-D018-H11-PW01
20260811_121452_stage_B_2C_4168a6e9,inequality,4564,4564,constraint,INEQ-UPPER-D018-H11-PW01
20260811_121452_stage_B_2C_4168a6e9,inequality,4565,4565,constraint,INEQ-LOWER-D018-H11-PW02
20260811_121452_stage_B_2C_4168a6e9,inequality,4566,4566,constraint,INEQ-UPPER-D018-H11-PW02
20260811_121452_stage_B_2C_4168a6e9,inequality,4567,4567,constraint,INEQ-LOWER-D018-H11-PW03
20260811_121452_stage_B_2C_4168a6e9,inequality,4568,4568,constraint,INEQ-UPPER-D018-H11-PW03
20260811_121452_stage_B_2C_4168a6e9,inequality,4569,4569,constraint,INEQ-LOWER-D018-H11-PW04
20260811_121452_stage_B_2C_4168a6e9,inequality,4570,4570,constraint,INEQ-UPPER-D018-H11-PW04
20260811_121452_stage_B_2C_4168a6e9,inequality,4571,4571,constraint,INEQ-LOWER-D018-H11-PW05
20260811_121452_stage_B_2C_4168a6e9,inequality,4572,4572,constraint,INEQ-UPPER-D018-H11-PW05
20260811_121452_stage_B_2C_4168a6e9,inequality,4573,4573,constraint,INEQ-LOWER-D018-H11-PP01
20260811_121452_stage_B_2C_4168a6e9,inequality,4574,4574,constraint,INEQ-UPPER-D018-H11-PP01
20260811_121452_stage_B_2C_4168a6e9,inequality,4575,4575,constraint,INEQ-LOWER-D018-H11-PP02
20260811_121452_stage_B_2C_4168a6e9,inequality,4576,4576,constraint,INEQ-UPPER-D018-H11-PP02
20260811_121452_stage_B_2C_4168a6e9,inequality,4577,4577,constraint,INEQ-LOWER-D018-H11-PP03
20260811_121452_stage_B_2C_4168a6e9,inequality,4578,4578,constraint,INEQ-UPPER-D018-H11-PP03
20260811_121452_stage_B_2C_4168a6e9,inequality,4579,4579,constraint,INEQ-LOWER-D018-H11-PP04
20260811_121452_stage_B_2C_4168a6e9,inequality,4580,4580,constraint,INEQ-UPPER-D018-H11-PP04
20260811_121452_stage_B_2C_4168a6e9,inequality,4581,4581,constraint,INEQ-LOWER-D018-H11-PP05
20260811_121452_stage_B_2C_4168a6e9,inequality,4582,4582,constraint,INEQ-UPPER-D018-H11-PP05
20260811_121452_stage_B_2C_4168a6e9,inequality,4583,4583,constraint,INEQ-LOWER-D018-H11-PH01
20260811_121452_stage_B_2C_4168a6e9,inequality,4584,4584,constraint,INEQ-UPPER-D018-H11-PH01
20260811_121452_stage_B_2C_4168a6e9,inequality,4585,4585,constraint,INEQ-LOWER-D018-H11-PH02
20260811_121452_stage_B_2C_4168a6e9,inequality,4586,4586,constraint,INEQ-UPPER-D018-H11-PH02
20260811_121452_stage_B_2C_4168a6e9,inequality,4587,4587,constraint,INEQ-LOWER-D018-H11-PH03
20260811_121452_stage_B_2C_4168a6e9,inequality,4588,4588,constraint,INEQ-UPPER-D018-H11-PH03
20260811_121452_stage_B_2C_4168a6e9,inequality,4589,4589,constraint,INEQ-LOWER-D018-H11-PH04
20260811_121452_stage_B_2C_4168a6e9,inequality,4590,4590,constraint,INEQ-UPPER-D018-H11-PH04
20260811_121452_stage_B_2C_4168a6e9,inequality,4591,4591,constraint,INEQ-LOWER-D018-H11-PF01
20260811_121452_stage_B_2C_4168a6e9,inequality,4592,4592,constraint,INEQ-UPPER-D018-H11-PF01
20260811_121452_stage_B_2C_4168a6e9,inequality,4593,4593,constraint,INEQ-LOWER-D018-H11-PF02
20260811_121452_stage_B_2C_4168a6e9,inequality,4594,4594,constraint,INEQ-UPPER-D018-H11-PF02
20260811_121452_stage_B_2C_4168a6e9,inequality,4595,4595,constraint,INEQ-LOWER-D018-H11-PF03
20260811_121452_stage_B_2C_4168a6e9,inequality,4596,4596,constraint,INEQ-UPPER-D018-H11-PF03
20260811_121452_stage_B_2C_4168a6e9,inequality,4597,4597,constraint,INEQ-LOWER-D018-H11-PF04
20260811_121452_stage_B_2C_4168a6e9,inequality,4598,4598,constraint,INEQ-UPPER-D018-H11-PF04
20260811_121452_stage_B_2C_4168a6e9,inequality,4599,4599,constraint,INEQ-LOWER-D018-H11-Pch01
20260811_121452_stage_B_2C_4168a6e9,inequality,4600,4600,constraint,INEQ-UPPER-D018-H11-Pch01
20260811_121452_stage_B_2C_4168a6e9,inequality,4601,4601,constraint,INEQ-LOWER-D018-H11-Pch02
20260811_121452_stage_B_2C_4168a6e9,inequality,4602,4602,constraint,INEQ-UPPER-D018-H11-Pch02
20260811_121452_stage_B_2C_4168a6e9,inequality,4603,4603,constraint,INEQ-LOWER-D018-H11-Pdis01
20260811_121452_stage_B_2C_4168a6e9,inequality,4604,4604,constraint,INEQ-UPPER-D018-H11-Pdis01
20260811_121452_stage_B_2C_4168a6e9,inequality,4605,4605,constraint,INEQ-LOWER-D018-H11-Pdis02
20260811_121452_stage_B_2C_4168a6e9,inequality,4606,4606,constraint,INEQ-UPPER-D018-H11-Pdis02
20260811_121452_stage_B_2C_4168a6e9,inequality,4607,4607,constraint,INEQ-LOWER-D018-H11-SOC01
20260811_121452_stage_B_2C_4168a6e9,inequality,4608,4608,constraint,INEQ-UPPER-D018-H11-SOC01
20260811_121452_stage_B_2C_4168a6e9,inequality,4609,4609,constraint,INEQ-LOWER-D018-H11-SOC02
20260811_121452_stage_B_2C_4168a6e9,inequality,4610,4610,constraint,INEQ-UPPER-D018-H11-SOC02
20260811_121452_stage_B_2C_4168a6e9,inequality,4611,4611,constraint,INEQ-LOWER-D018-H12-PW01
20260811_121452_stage_B_2C_4168a6e9,inequality,4612,4612,constraint,INEQ-UPPER-D018-H12-PW01
20260811_121452_stage_B_2C_4168a6e9,inequality,4613,4613,constraint,INEQ-LOWER-D018-H12-PW02
20260811_121452_stage_B_2C_4168a6e9,inequality,4614,4614,constraint,INEQ-UPPER-D018-H12-PW02
20260811_121452_stage_B_2C_4168a6e9,inequality,4615,4615,constraint,INEQ-LOWER-D018-H12-PW03
20260811_121452_stage_B_2C_4168a6e9,inequality,4616,4616,constraint,INEQ-UPPER-D018-H12-PW03
20260811_121452_stage_B_2C_4168a6e9,inequality,4617,4617,constraint,INEQ-LOWER-D018-H12-PW04
20260811_121452_stage_B_2C_4168a6e9,inequality,4618,4618,constraint,INEQ-UPPER-D018-H12-PW04
20260811_121452_stage_B_2C_4168a6e9,inequality,4619,4619,constraint,INEQ-LOWER-D018-H12-PW05
20260811_121452_stage_B_2C_4168a6e9,inequality,4620,4620,constraint,INEQ-UPPER-D018-H12-PW05
20260811_121452_stage_B_2C_4168a6e9,inequality,4621,4621,constraint,INEQ-LOWER-D018-H12-PP01
20260811_121452_stage_B_2C_4168a6e9,inequality,4622,4622,constraint,INEQ-UPPER-D018-H12-PP01
20260811_121452_stage_B_2C_4168a6e9,inequality,4623,4623,constraint,INEQ-LOWER-D018-H12-PP02
20260811_121452_stage_B_2C_4168a6e9,inequality,4624,4624,constraint,INEQ-UPPER-D018-H12-PP02
20260811_121452_stage_B_2C_4168a6e9,inequality,4625,4625,constraint,INEQ-LOWER-D018-H12-PP03
20260811_121452_stage_B_2C_4168a6e9,inequality,4626,4626,constraint,INEQ-UPPER-D018-H12-PP03
20260811_121452_stage_B_2C_4168a6e9,inequality,4627,4627,constraint,INEQ-LOWER-D018-H12-PP04
20260811_121452_stage_B_2C_4168a6e9,inequality,4628,4628,constraint,INEQ-UPPER-D018-H12-PP04
20260811_121452_stage_B_2C_4168a6e9,inequality,4629,4629,constraint,INEQ-LOWER-D018-H12-PP05
20260811_121452_stage_B_2C_4168a6e9,inequality,4630,4630,constraint,INEQ-UPPER-D018-H12-PP05
20260811_121452_stage_B_2C_4168a6e9,inequality,4631,4631,constraint,INEQ-LOWER-D018-H12-PH01
20260811_121452_stage_B_2C_4168a6e9,inequality,4632,4632,constraint,INEQ-UPPER-D018-H12-PH01
20260811_121452_stage_B_2C_4168a6e9,inequality,4633,4633,constraint,INEQ-LOWER-D018-H12-PH02
20260811_121452_stage_B_2C_4168a6e9,inequality,4634,4634,constraint,INEQ-UPPER-D018-H12-PH02
20260811_121452_stage_B_2C_4168a6e9,inequality,4635,4635,constraint,INEQ-LOWER-D018-H12-PH03
20260811_121452_stage_B_2C_4168a6e9,inequality,4636,4636,constraint,INEQ-UPPER-D018-H12-PH03
20260811_121452_stage_B_2C_4168a6e9,inequality,4637,4637,constraint,INEQ-LOWER-D018-H12-PH04
20260811_121452_stage_B_2C_4168a6e9,inequality,4638,4638,constraint,INEQ-UPPER-D018-H12-PH04
20260811_121452_stage_B_2C_4168a6e9,inequality,4639,4639,constraint,INEQ-LOWER-D018-H12-PF01
20260811_121452_stage_B_2C_4168a6e9,inequality,4640,4640,constraint,INEQ-UPPER-D018-H12-PF01
20260811_121452_stage_B_2C_4168a6e9,inequality,4641,4641,constraint,INEQ-LOWER-D018-H12-PF02
20260811_121452_stage_B_2C_4168a6e9,inequality,4642,4642,constraint,INEQ-UPPER-D018-H12-PF02
20260811_121452_stage_B_2C_4168a6e9,inequality,4643,4643,constraint,INEQ-LOWER-D018-H12-PF03
20260811_121452_stage_B_2C_4168a6e9,inequality,4644,4644,constraint,INEQ-UPPER-D018-H12-PF03
20260811_121452_stage_B_2C_4168a6e9,inequality,4645,4645,constraint,INEQ-LOWER-D018-H12-PF04
20260811_121452_stage_B_2C_4168a6e9,inequality,4646,4646,constraint,INEQ-UPPER-D018-H12-PF04
20260811_121452_stage_B_2C_4168a6e9,inequality,4647,4647,constraint,INEQ-LOWER-D018-H12-Pch01
20260811_121452_stage_B_2C_4168a6e9,inequality,4648,4648,constraint,INEQ-UPPER-D018-H12-Pch01
20260811_121452_stage_B_2C_4168a6e9,inequality,4649,4649,constraint,INEQ-LOWER-D018-H12-Pch02
20260811_121452_stage_B_2C_4168a6e9,inequality,4650,4650,constraint,INEQ-UPPER-D018-H12-Pch02
20260811_121452_stage_B_2C_4168a6e9,inequality,4651,4651,constraint,INEQ-LOWER-D018-H12-Pdis01
20260811_121452_stage_B_2C_4168a6e9,inequality,4652,4652,constraint,INEQ-UPPER-D018-H12-Pdis01
20260811_121452_stage_B_2C_4168a6e9,inequality,4653,4653,constraint,INEQ-LOWER-D018-H12-Pdis02
20260811_121452_stage_B_2C_4168a6e9,inequality,4654,4654,constraint,INEQ-UPPER-D018-H12-Pdis02
20260811_121452_stage_B_2C_4168a6e9,inequality,4655,4655,constraint,INEQ-LOWER-D018-H12-SOC01
20260811_121452_stage_B_2C_4168a6e9,inequality,4656,4656,constraint,INEQ-UPPER-D018-H12-SOC01
20260811_121452_stage_B_2C_4168a6e9,inequality,4657,4657,constraint,INEQ-LOWER-D018-H12-SOC02
20260811_121452_stage_B_2C_4168a6e9,inequality,4658,4658,constraint,INEQ-UPPER-D018-H12-SOC02
20260811_121452_stage_B_2C_4168a6e9,inequality,4659,4659,constraint,INEQ-LOWER-D018-H13-PW01
20260811_121452_stage_B_2C_4168a6e9,inequality,4660,4660,constraint,INEQ-UPPER-D018-H13-PW01
20260811_121452_stage_B_2C_4168a6e9,inequality,4661,4661,constraint,INEQ-LOWER-D018-H13-PW02
20260811_121452_stage_B_2C_4168a6e9,inequality,4662,4662,constraint,INEQ-UPPER-D018-H13-PW02
20260811_121452_stage_B_2C_4168a6e9,inequality,4663,4663,constraint,INEQ-LOWER-D018-H13-PW03
20260811_121452_stage_B_2C_4168a6e9,inequality,4664,4664,constraint,INEQ-UPPER-D018-H13-PW03
20260811_121452_stage_B_2C_4168a6e9,inequality,4665,4665,constraint,INEQ-LOWER-D018-H13-PW04
20260811_121452_stage_B_2C_4168a6e9,inequality,4666,4666,constraint,INEQ-UPPER-D018-H13-PW04
20260811_121452_stage_B_2C_4168a6e9,inequality,4667,4667,constraint,INEQ-LOWER-D018-H13-PW05
20260811_121452_stage_B_2C_4168a6e9,inequality,4668,4668,constraint,INEQ-UPPER-D018-H13-PW05
20260811_121452_stage_B_2C_4168a6e9,inequality,4669,4669,constraint,INEQ-LOWER-D018-H13-PP01
20260811_121452_stage_B_2C_4168a6e9,inequality,4670,4670,constraint,INEQ-UPPER-D018-H13-PP01
20260811_121452_stage_B_2C_4168a6e9,inequality,4671,4671,constraint,INEQ-LOWER-D018-H13-PP02
20260811_121452_stage_B_2C_4168a6e9,inequality,4672,4672,constraint,INEQ-UPPER-D018-H13-PP02
20260811_121452_stage_B_2C_4168a6e9,inequality,4673,4673,constraint,INEQ-LOWER-D018-H13-PP03
20260811_121452_stage_B_2C_4168a6e9,inequality,4674,4674,constraint,INEQ-UPPER-D018-H13-PP03
20260811_121452_stage_B_2C_4168a6e9,inequality,4675,4675,constraint,INEQ-LOWER-D018-H13-PP04
20260811_121452_stage_B_2C_4168a6e9,inequality,4676,4676,constraint,INEQ-UPPER-D018-H13-PP04
20260811_121452_stage_B_2C_4168a6e9,inequality,4677,4677,constraint,INEQ-LOWER-D018-H13-PP05
20260811_121452_stage_B_2C_4168a6e9,inequality,4678,4678,constraint,INEQ-UPPER-D018-H13-PP05
20260811_121452_stage_B_2C_4168a6e9,inequality,4679,4679,constraint,INEQ-LOWER-D018-H13-PH01
20260811_121452_stage_B_2C_4168a6e9,inequality,4680,4680,constraint,INEQ-UPPER-D018-H13-PH01
20260811_121452_stage_B_2C_4168a6e9,inequality,4681,4681,constraint,INEQ-LOWER-D018-H13-PH02
20260811_121452_stage_B_2C_4168a6e9,inequality,4682,4682,constraint,INEQ-UPPER-D018-H13-PH02
20260811_121452_stage_B_2C_4168a6e9,inequality,4683,4683,constraint,INEQ-LOWER-D018-H13-PH03
20260811_121452_stage_B_2C_4168a6e9,inequality,4684,4684,constraint,INEQ-UPPER-D018-H13-PH03
20260811_121452_stage_B_2C_4168a6e9,inequality,4685,4685,constraint,INEQ-LOWER-D018-H13-PH04
20260811_121452_stage_B_2C_4168a6e9,inequality,4686,4686,constraint,INEQ-UPPER-D018-H13-PH04
20260811_121452_stage_B_2C_4168a6e9,inequality,4687,4687,constraint,INEQ-LOWER-D018-H13-PF01
20260811_121452_stage_B_2C_4168a6e9,inequality,4688,4688,constraint,INEQ-UPPER-D018-H13-PF01
20260811_121452_stage_B_2C_4168a6e9,inequality,4689,4689,constraint,INEQ-LOWER-D018-H13-PF02
20260811_121452_stage_B_2C_4168a6e9,inequality,4690,4690,constraint,INEQ-UPPER-D018-H13-PF02
20260811_121452_stage_B_2C_4168a6e9,inequality,4691,4691,constraint,INEQ-LOWER-D018-H13-PF03
20260811_121452_stage_B_2C_4168a6e9,inequality,4692,4692,constraint,INEQ-UPPER-D018-H13-PF03
20260811_121452_stage_B_2C_4168a6e9,inequality,4693,4693,constraint,INEQ-LOWER-D018-H13-PF04
20260811_121452_stage_B_2C_4168a6e9,inequality,4694,4694,constraint,INEQ-UPPER-D018-H13-PF04
20260811_121452_stage_B_2C_4168a6e9,inequality,4695,4695,constraint,INEQ-LOWER-D018-H13-Pch01
20260811_121452_stage_B_2C_4168a6e9,inequality,4696,4696,constraint,INEQ-UPPER-D018-H13-Pch01
20260811_121452_stage_B_2C_4168a6e9,inequality,4697,4697,constraint,INEQ-LOWER-D018-H13-Pch02
20260811_121452_stage_B_2C_4168a6e9,inequality,4698,4698,constraint,INEQ-UPPER-D018-H13-Pch02
20260811_121452_stage_B_2C_4168a6e9,inequality,4699,4699,constraint,INEQ-LOWER-D018-H13-Pdis01
20260811_121452_stage_B_2C_4168a6e9,inequality,4700,4700,constraint,INEQ-UPPER-D018-H13-Pdis01
20260811_121452_stage_B_2C_4168a6e9,inequality,4701,4701,constraint,INEQ-LOWER-D018-H13-Pdis02
20260811_121452_stage_B_2C_4168a6e9,inequality,4702,4702,constraint,INEQ-UPPER-D018-H13-Pdis02
20260811_121452_stage_B_2C_4168a6e9,inequality,4703,4703,constraint,INEQ-LOWER-D018-H13-SOC01
20260811_121452_stage_B_2C_4168a6e9,inequality,4704,4704,constraint,INEQ-UPPER-D018-H13-SOC01
20260811_121452_stage_B_2C_4168a6e9,inequality,4705,4705,constraint,INEQ-LOWER-D018-H13-SOC02
20260811_121452_stage_B_2C_4168a6e9,inequality,4706,4706,constraint,INEQ-UPPER-D018-H13-SOC02
20260811_121452_stage_B_2C_4168a6e9,inequality,4707,4707,constraint,INEQ-LOWER-D018-H14-PW01
20260811_121452_stage_B_2C_4168a6e9,inequality,4708,4708,constraint,INEQ-UPPER-D018-H14-PW01
20260811_121452_stage_B_2C_4168a6e9,inequality,4709,4709,constraint,INEQ-LOWER-D018-H14-PW02
20260811_121452_stage_B_2C_4168a6e9,inequality,4710,4710,constraint,INEQ-UPPER-D018-H14-PW02
20260811_121452_stage_B_2C_4168a6e9,inequality,4711,4711,constraint,INEQ-LOWER-D018-H14-PW03
20260811_121452_stage_B_2C_4168a6e9,inequality,4712,4712,constraint,INEQ-UPPER-D018-H14-PW03
20260811_121452_stage_B_2C_4168a6e9,inequality,4713,4713,constraint,INEQ-LOWER-D018-H14-PW04
20260811_121452_stage_B_2C_4168a6e9,inequality,4714,4714,constraint,INEQ-UPPER-D018-H14-PW04
20260811_121452_stage_B_2C_4168a6e9,inequality,4715,4715,constraint,INEQ-LOWER-D018-H14-PW05
20260811_121452_stage_B_2C_4168a6e9,inequality,4716,4716,constraint,INEQ-UPPER-D018-H14-PW05
20260811_121452_stage_B_2C_4168a6e9,inequality,4717,4717,constraint,INEQ-LOWER-D018-H14-PP01
20260811_121452_stage_B_2C_4168a6e9,inequality,4718,4718,constraint,INEQ-UPPER-D018-H14-PP01
20260811_121452_stage_B_2C_4168a6e9,inequality,4719,4719,constraint,INEQ-LOWER-D018-H14-PP02
20260811_121452_stage_B_2C_4168a6e9,inequality,4720,4720,constraint,INEQ-UPPER-D018-H14-PP02
20260811_121452_stage_B_2C_4168a6e9,inequality,4721,4721,constraint,INEQ-LOWER-D018-H14-PP03
20260811_121452_stage_B_2C_4168a6e9,inequality,4722,4722,constraint,INEQ-UPPER-D018-H14-PP03
20260811_121452_stage_B_2C_4168a6e9,inequality,4723,4723,constraint,INEQ-LOWER-D018-H14-PP04
20260811_121452_stage_B_2C_4168a6e9,inequality,4724,4724,constraint,INEQ-UPPER-D018-H14-PP04
20260811_121452_stage_B_2C_4168a6e9,inequality,4725,4725,constraint,INEQ-LOWER-D018-H14-PP05
20260811_121452_stage_B_2C_4168a6e9,inequality,4726,4726,constraint,INEQ-UPPER-D018-H14-PP05
20260811_121452_stage_B_2C_4168a6e9,inequality,4727,4727,constraint,INEQ-LOWER-D018-H14-PH01
20260811_121452_stage_B_2C_4168a6e9,inequality,4728,4728,constraint,INEQ-UPPER-D018-H14-PH01
20260811_121452_stage_B_2C_4168a6e9,inequality,4729,4729,constraint,INEQ-LOWER-D018-H14-PH02
20260811_121452_stage_B_2C_4168a6e9,inequality,4730,4730,constraint,INEQ-UPPER-D018-H14-PH02
20260811_121452_stage_B_2C_4168a6e9,inequality,4731,4731,constraint,INEQ-LOWER-D018-H14-PH03
20260811_121452_stage_B_2C_4168a6e9,inequality,4732,4732,constraint,INEQ-UPPER-D018-H14-PH03
20260811_121452_stage_B_2C_4168a6e9,inequality,4733,4733,constraint,INEQ-LOWER-D018-H14-PH04
20260811_121452_stage_B_2C_4168a6e9,inequality,4734,4734,constraint,INEQ-UPPER-D018-H14-PH04
20260811_121452_stage_B_2C_4168a6e9,inequality,4735,4735,constraint,INEQ-LOWER-D018-H14-PF01
20260811_121452_stage_B_2C_4168a6e9,inequality,4736,4736,constraint,INEQ-UPPER-D018-H14-PF01
20260811_121452_stage_B_2C_4168a6e9,inequality,4737,4737,constraint,INEQ-LOWER-D018-H14-PF02
20260811_121452_stage_B_2C_4168a6e9,inequality,4738,4738,constraint,INEQ-UPPER-D018-H14-PF02
20260811_121452_stage_B_2C_4168a6e9,inequality,4739,4739,constraint,INEQ-LOWER-D018-H14-PF03
20260811_121452_stage_B_2C_4168a6e9,inequality,4740,4740,constraint,INEQ-UPPER-D018-H14-PF03
20260811_121452_stage_B_2C_4168a6e9,inequality,4741,4741,constraint,INEQ-LOWER-D018-H14-PF04
20260811_121452_stage_B_2C_4168a6e9,inequality,4742,4742,constraint,INEQ-UPPER-D018-H14-PF04
20260811_121452_stage_B_2C_4168a6e9,inequality,4743,4743,constraint,INEQ-LOWER-D018-H14-Pch01
20260811_121452_stage_B_2C_4168a6e9,inequality,4744,4744,constraint,INEQ-UPPER-D018-H14-Pch01
20260811_121452_stage_B_2C_4168a6e9,inequality,4745,4745,constraint,INEQ-LOWER-D018-H14-Pch02
20260811_121452_stage_B_2C_4168a6e9,inequality,4746,4746,constraint,INEQ-UPPER-D018-H14-Pch02
20260811_121452_stage_B_2C_4168a6e9,inequality,4747,4747,constraint,INEQ-LOWER-D018-H14-Pdis01
20260811_121452_stage_B_2C_4168a6e9,inequality,4748,4748,constraint,INEQ-UPPER-D018-H14-Pdis01
20260811_121452_stage_B_2C_4168a6e9,inequality,4749,4749,constraint,INEQ-LOWER-D018-H14-Pdis02
20260811_121452_stage_B_2C_4168a6e9,inequality,4750,4750,constraint,INEQ-UPPER-D018-H14-Pdis02
20260811_121452_stage_B_2C_4168a6e9,inequality,4751,4751,constraint,INEQ-LOWER-D018-H14-SOC01
20260811_121452_stage_B_2C_4168a6e9,inequality,4752,4752,constraint,INEQ-UPPER-D018-H14-SOC01
20260811_121452_stage_B_2C_4168a6e9,inequality,4753,4753,constraint,INEQ-LOWER-D018-H14-SOC02
20260811_121452_stage_B_2C_4168a6e9,inequality,4754,4754,constraint,INEQ-UPPER-D018-H14-SOC02
20260811_121452_stage_B_2C_4168a6e9,inequality,4755,4755,constraint,INEQ-LOWER-D018-H15-PW01
20260811_121452_stage_B_2C_4168a6e9,inequality,4756,4756,constraint,INEQ-UPPER-D018-H15-PW01
20260811_121452_stage_B_2C_4168a6e9,inequality,4757,4757,constraint,INEQ-LOWER-D018-H15-PW02
20260811_121452_stage_B_2C_4168a6e9,inequality,4758,4758,constraint,INEQ-UPPER-D018-H15-PW02
20260811_121452_stage_B_2C_4168a6e9,inequality,4759,4759,constraint,INEQ-LOWER-D018-H15-PW03
20260811_121452_stage_B_2C_4168a6e9,inequality,4760,4760,constraint,INEQ-UPPER-D018-H15-PW03
20260811_121452_stage_B_2C_4168a6e9,inequality,4761,4761,constraint,INEQ-LOWER-D018-H15-PW04
20260811_121452_stage_B_2C_4168a6e9,inequality,4762,4762,constraint,INEQ-UPPER-D018-H15-PW04
20260811_121452_stage_B_2C_4168a6e9,inequality,4763,4763,constraint,INEQ-LOWER-D018-H15-PW05
20260811_121452_stage_B_2C_4168a6e9,inequality,4764,4764,constraint,INEQ-UPPER-D018-H15-PW05
20260811_121452_stage_B_2C_4168a6e9,inequality,4765,4765,constraint,INEQ-LOWER-D018-H15-PP01
20260811_121452_stage_B_2C_4168a6e9,inequality,4766,4766,constraint,INEQ-UPPER-D018-H15-PP01
20260811_121452_stage_B_2C_4168a6e9,inequality,4767,4767,constraint,INEQ-LOWER-D018-H15-PP02
20260811_121452_stage_B_2C_4168a6e9,inequality,4768,4768,constraint,INEQ-UPPER-D018-H15-PP02
20260811_121452_stage_B_2C_4168a6e9,inequality,4769,4769,constraint,INEQ-LOWER-D018-H15-PP03
20260811_121452_stage_B_2C_4168a6e9,inequality,4770,4770,constraint,INEQ-UPPER-D018-H15-PP03
20260811_121452_stage_B_2C_4168a6e9,inequality,4771,4771,constraint,INEQ-LOWER-D018-H15-PP04
20260811_121452_stage_B_2C_4168a6e9,inequality,4772,4772,constraint,INEQ-UPPER-D018-H15-PP04
20260811_121452_stage_B_2C_4168a6e9,inequality,4773,4773,constraint,INEQ-LOWER-D018-H15-PP05
20260811_121452_stage_B_2C_4168a6e9,inequality,4774,4774,constraint,INEQ-UPPER-D018-H15-PP05
20260811_121452_stage_B_2C_4168a6e9,inequality,4775,4775,constraint,INEQ-LOWER-D018-H15-PH01
20260811_121452_stage_B_2C_4168a6e9,inequality,4776,4776,constraint,INEQ-UPPER-D018-H15-PH01
20260811_121452_stage_B_2C_4168a6e9,inequality,4777,4777,constraint,INEQ-LOWER-D018-H15-PH02
20260811_121452_stage_B_2C_4168a6e9,inequality,4778,4778,constraint,INEQ-UPPER-D018-H15-PH02
20260811_121452_stage_B_2C_4168a6e9,inequality,4779,4779,constraint,INEQ-LOWER-D018-H15-PH03
20260811_121452_stage_B_2C_4168a6e9,inequality,4780,4780,constraint,INEQ-UPPER-D018-H15-PH03
20260811_121452_stage_B_2C_4168a6e9,inequality,4781,4781,constraint,INEQ-LOWER-D018-H15-PH04
20260811_121452_stage_B_2C_4168a6e9,inequality,4782,4782,constraint,INEQ-UPPER-D018-H15-PH04
20260811_121452_stage_B_2C_4168a6e9,inequality,4783,4783,constraint,INEQ-LOWER-D018-H15-PF01
20260811_121452_stage_B_2C_4168a6e9,inequality,4784,4784,constraint,INEQ-UPPER-D018-H15-PF01
20260811_121452_stage_B_2C_4168a6e9,inequality,4785,4785,constraint,INEQ-LOWER-D018-H15-PF02
20260811_121452_stage_B_2C_4168a6e9,inequality,4786,4786,constraint,INEQ-UPPER-D018-H15-PF02
20260811_121452_stage_B_2C_4168a6e9,inequality,4787,4787,constraint,INEQ-LOWER-D018-H15-PF03
20260811_121452_stage_B_2C_4168a6e9,inequality,4788,4788,constraint,INEQ-UPPER-D018-H15-PF03
20260811_121452_stage_B_2C_4168a6e9,inequality,4789,4789,constraint,INEQ-LOWER-D018-H15-PF04
20260811_121452_stage_B_2C_4168a6e9,inequality,4790,4790,constraint,INEQ-UPPER-D018-H15-PF04
20260811_121452_stage_B_2C_4168a6e9,inequality,4791,4791,constraint,INEQ-LOWER-D018-H15-Pch01
20260811_121452_stage_B_2C_4168a6e9,inequality,4792,4792,constraint,INEQ-UPPER-D018-H15-Pch01
20260811_121452_stage_B_2C_4168a6e9,inequality,4793,4793,constraint,INEQ-LOWER-D018-H15-Pch02
20260811_121452_stage_B_2C_4168a6e9,inequality,4794,4794,constraint,INEQ-UPPER-D018-H15-Pch02
20260811_121452_stage_B_2C_4168a6e9,inequality,4795,4795,constraint,INEQ-LOWER-D018-H15-Pdis01
20260811_121452_stage_B_2C_4168a6e9,inequality,4796,4796,constraint,INEQ-UPPER-D018-H15-Pdis01
20260811_121452_stage_B_2C_4168a6e9,inequality,4797,4797,constraint,INEQ-LOWER-D018-H15-Pdis02
20260811_121452_stage_B_2C_4168a6e9,inequality,4798,4798,constraint,INEQ-UPPER-D018-H15-Pdis02
20260811_121452_stage_B_2C_4168a6e9,inequality,4799,4799,constraint,INEQ-LOWER-D018-H15-SOC01
20260811_121452_stage_B_2C_4168a6e9,inequality,4800,4800,constraint,INEQ-UPPER-D018-H15-SOC01
20260811_121452_stage_B_2C_4168a6e9,inequality,4801,4801,constraint,INEQ-LOWER-D018-H15-SOC02
20260811_121452_stage_B_2C_4168a6e9,inequality,4802,4802,constraint,INEQ-UPPER-D018-H15-SOC02
20260811_121452_stage_B_2C_4168a6e9,inequality,4803,4803,constraint,INEQ-LOWER-D018-H16-PW01
20260811_121452_stage_B_2C_4168a6e9,inequality,4804,4804,constraint,INEQ-UPPER-D018-H16-PW01
20260811_121452_stage_B_2C_4168a6e9,inequality,4805,4805,constraint,INEQ-LOWER-D018-H16-PW02
20260811_121452_stage_B_2C_4168a6e9,inequality,4806,4806,constraint,INEQ-UPPER-D018-H16-PW02
20260811_121452_stage_B_2C_4168a6e9,inequality,4807,4807,constraint,INEQ-LOWER-D018-H16-PW03
20260811_121452_stage_B_2C_4168a6e9,inequality,4808,4808,constraint,INEQ-UPPER-D018-H16-PW03
20260811_121452_stage_B_2C_4168a6e9,inequality,4809,4809,constraint,INEQ-LOWER-D018-H16-PW04
20260811_121452_stage_B_2C_4168a6e9,inequality,4810,4810,constraint,INEQ-UPPER-D018-H16-PW04
20260811_121452_stage_B_2C_4168a6e9,inequality,4811,4811,constraint,INEQ-LOWER-D018-H16-PW05
20260811_121452_stage_B_2C_4168a6e9,inequality,4812,4812,constraint,INEQ-UPPER-D018-H16-PW05
20260811_121452_stage_B_2C_4168a6e9,inequality,4813,4813,constraint,INEQ-LOWER-D018-H16-PP01
20260811_121452_stage_B_2C_4168a6e9,inequality,4814,4814,constraint,INEQ-UPPER-D018-H16-PP01
20260811_121452_stage_B_2C_4168a6e9,inequality,4815,4815,constraint,INEQ-LOWER-D018-H16-PP02
20260811_121452_stage_B_2C_4168a6e9,inequality,4816,4816,constraint,INEQ-UPPER-D018-H16-PP02
20260811_121452_stage_B_2C_4168a6e9,inequality,4817,4817,constraint,INEQ-LOWER-D018-H16-PP03
20260811_121452_stage_B_2C_4168a6e9,inequality,4818,4818,constraint,INEQ-UPPER-D018-H16-PP03
20260811_121452_stage_B_2C_4168a6e9,inequality,4819,4819,constraint,INEQ-LOWER-D018-H16-PP04
20260811_121452_stage_B_2C_4168a6e9,inequality,4820,4820,constraint,INEQ-UPPER-D018-H16-PP04
20260811_121452_stage_B_2C_4168a6e9,inequality,4821,4821,constraint,INEQ-LOWER-D018-H16-PP05
20260811_121452_stage_B_2C_4168a6e9,inequality,4822,4822,constraint,INEQ-UPPER-D018-H16-PP05
20260811_121452_stage_B_2C_4168a6e9,inequality,4823,4823,constraint,INEQ-LOWER-D018-H16-PH01
20260811_121452_stage_B_2C_4168a6e9,inequality,4824,4824,constraint,INEQ-UPPER-D018-H16-PH01
20260811_121452_stage_B_2C_4168a6e9,inequality,4825,4825,constraint,INEQ-LOWER-D018-H16-PH02
20260811_121452_stage_B_2C_4168a6e9,inequality,4826,4826,constraint,INEQ-UPPER-D018-H16-PH02
20260811_121452_stage_B_2C_4168a6e9,inequality,4827,4827,constraint,INEQ-LOWER-D018-H16-PH03
20260811_121452_stage_B_2C_4168a6e9,inequality,4828,4828,constraint,INEQ-UPPER-D018-H16-PH03
20260811_121452_stage_B_2C_4168a6e9,inequality,4829,4829,constraint,INEQ-LOWER-D018-H16-PH04
20260811_121452_stage_B_2C_4168a6e9,inequality,4830,4830,constraint,INEQ-UPPER-D018-H16-PH04
20260811_121452_stage_B_2C_4168a6e9,inequality,4831,4831,constraint,INEQ-LOWER-D018-H16-PF01
20260811_121452_stage_B_2C_4168a6e9,inequality,4832,4832,constraint,INEQ-UPPER-D018-H16-PF01
20260811_121452_stage_B_2C_4168a6e9,inequality,4833,4833,constraint,INEQ-LOWER-D018-H16-PF02
20260811_121452_stage_B_2C_4168a6e9,inequality,4834,4834,constraint,INEQ-UPPER-D018-H16-PF02
20260811_121452_stage_B_2C_4168a6e9,inequality,4835,4835,constraint,INEQ-LOWER-D018-H16-PF03
20260811_121452_stage_B_2C_4168a6e9,inequality,4836,4836,constraint,INEQ-UPPER-D018-H16-PF03
20260811_121452_stage_B_2C_4168a6e9,inequality,4837,4837,constraint,INEQ-LOWER-D018-H16-PF04
20260811_121452_stage_B_2C_4168a6e9,inequality,4838,4838,constraint,INEQ-UPPER-D018-H16-PF04
20260811_121452_stage_B_2C_4168a6e9,inequality,4839,4839,constraint,INEQ-LOWER-D018-H16-Pch01
20260811_121452_stage_B_2C_4168a6e9,inequality,4840,4840,constraint,INEQ-UPPER-D018-H16-Pch01
20260811_121452_stage_B_2C_4168a6e9,inequality,4841,4841,constraint,INEQ-LOWER-D018-H16-Pch02
20260811_121452_stage_B_2C_4168a6e9,inequality,4842,4842,constraint,INEQ-UPPER-D018-H16-Pch02
20260811_121452_stage_B_2C_4168a6e9,inequality,4843,4843,constraint,INEQ-LOWER-D018-H16-Pdis01
20260811_121452_stage_B_2C_4168a6e9,inequality,4844,4844,constraint,INEQ-UPPER-D018-H16-Pdis01
20260811_121452_stage_B_2C_4168a6e9,inequality,4845,4845,constraint,INEQ-LOWER-D018-H16-Pdis02
20260811_121452_stage_B_2C_4168a6e9,inequality,4846,4846,constraint,INEQ-UPPER-D018-H16-Pdis02
20260811_121452_stage_B_2C_4168a6e9,inequality,4847,4847,constraint,INEQ-LOWER-D018-H16-SOC01
20260811_121452_stage_B_2C_4168a6e9,inequality,4848,4848,constraint,INEQ-UPPER-D018-H16-SOC01
20260811_121452_stage_B_2C_4168a6e9,inequality,4849,4849,constraint,INEQ-LOWER-D018-H16-SOC02
20260811_121452_stage_B_2C_4168a6e9,inequality,4850,4850,constraint,INEQ-UPPER-D018-H16-SOC02
20260811_121452_stage_B_2C_4168a6e9,inequality,4851,4851,constraint,INEQ-LOWER-D018-H17-PW01
20260811_121452_stage_B_2C_4168a6e9,inequality,4852,4852,constraint,INEQ-UPPER-D018-H17-PW01
20260811_121452_stage_B_2C_4168a6e9,inequality,4853,4853,constraint,INEQ-LOWER-D018-H17-PW02
20260811_121452_stage_B_2C_4168a6e9,inequality,4854,4854,constraint,INEQ-UPPER-D018-H17-PW02
20260811_121452_stage_B_2C_4168a6e9,inequality,4855,4855,constraint,INEQ-LOWER-D018-H17-PW03
20260811_121452_stage_B_2C_4168a6e9,inequality,4856,4856,constraint,INEQ-UPPER-D018-H17-PW03
20260811_121452_stage_B_2C_4168a6e9,inequality,4857,4857,constraint,INEQ-LOWER-D018-H17-PW04
20260811_121452_stage_B_2C_4168a6e9,inequality,4858,4858,constraint,INEQ-UPPER-D018-H17-PW04
20260811_121452_stage_B_2C_4168a6e9,inequality,4859,4859,constraint,INEQ-LOWER-D018-H17-PW05
20260811_121452_stage_B_2C_4168a6e9,inequality,4860,4860,constraint,INEQ-UPPER-D018-H17-PW05
20260811_121452_stage_B_2C_4168a6e9,inequality,4861,4861,constraint,INEQ-LOWER-D018-H17-PP01
20260811_121452_stage_B_2C_4168a6e9,inequality,4862,4862,constraint,INEQ-UPPER-D018-H17-PP01
20260811_121452_stage_B_2C_4168a6e9,inequality,4863,4863,constraint,INEQ-LOWER-D018-H17-PP02
20260811_121452_stage_B_2C_4168a6e9,inequality,4864,4864,constraint,INEQ-UPPER-D018-H17-PP02
20260811_121452_stage_B_2C_4168a6e9,inequality,4865,4865,constraint,INEQ-LOWER-D018-H17-PP03
20260811_121452_stage_B_2C_4168a6e9,inequality,4866,4866,constraint,INEQ-UPPER-D018-H17-PP03
20260811_121452_stage_B_2C_4168a6e9,inequality,4867,4867,constraint,INEQ-LOWER-D018-H17-PP04
20260811_121452_stage_B_2C_4168a6e9,inequality,4868,4868,constraint,INEQ-UPPER-D018-H17-PP04
20260811_121452_stage_B_2C_4168a6e9,inequality,4869,4869,constraint,INEQ-LOWER-D018-H17-PP05
20260811_121452_stage_B_2C_4168a6e9,inequality,4870,4870,constraint,INEQ-UPPER-D018-H17-PP05
20260811_121452_stage_B_2C_4168a6e9,inequality,4871,4871,constraint,INEQ-LOWER-D018-H17-PH01
20260811_121452_stage_B_2C_4168a6e9,inequality,4872,4872,constraint,INEQ-UPPER-D018-H17-PH01
20260811_121452_stage_B_2C_4168a6e9,inequality,4873,4873,constraint,INEQ-LOWER-D018-H17-PH02
20260811_121452_stage_B_2C_4168a6e9,inequality,4874,4874,constraint,INEQ-UPPER-D018-H17-PH02
20260811_121452_stage_B_2C_4168a6e9,inequality,4875,4875,constraint,INEQ-LOWER-D018-H17-PH03
20260811_121452_stage_B_2C_4168a6e9,inequality,4876,4876,constraint,INEQ-UPPER-D018-H17-PH03
20260811_121452_stage_B_2C_4168a6e9,inequality,4877,4877,constraint,INEQ-LOWER-D018-H17-PH04
20260811_121452_stage_B_2C_4168a6e9,inequality,4878,4878,constraint,INEQ-UPPER-D018-H17-PH04
20260811_121452_stage_B_2C_4168a6e9,inequality,4879,4879,constraint,INEQ-LOWER-D018-H17-PF01
20260811_121452_stage_B_2C_4168a6e9,inequality,4880,4880,constraint,INEQ-UPPER-D018-H17-PF01
20260811_121452_stage_B_2C_4168a6e9,inequality,4881,4881,constraint,INEQ-LOWER-D018-H17-PF02
20260811_121452_stage_B_2C_4168a6e9,inequality,4882,4882,constraint,INEQ-UPPER-D018-H17-PF02
20260811_121452_stage_B_2C_4168a6e9,inequality,4883,4883,constraint,INEQ-LOWER-D018-H17-PF03
20260811_121452_stage_B_2C_4168a6e9,inequality,4884,4884,constraint,INEQ-UPPER-D018-H17-PF03
20260811_121452_stage_B_2C_4168a6e9,inequality,4885,4885,constraint,INEQ-LOWER-D018-H17-PF04
20260811_121452_stage_B_2C_4168a6e9,inequality,4886,4886,constraint,INEQ-UPPER-D018-H17-PF04
20260811_121452_stage_B_2C_4168a6e9,inequality,4887,4887,constraint,INEQ-LOWER-D018-H17-Pch01
20260811_121452_stage_B_2C_4168a6e9,inequality,4888,4888,constraint,INEQ-UPPER-D018-H17-Pch01
20260811_121452_stage_B_2C_4168a6e9,inequality,4889,4889,constraint,INEQ-LOWER-D018-H17-Pch02
20260811_121452_stage_B_2C_4168a6e9,inequality,4890,4890,constraint,INEQ-UPPER-D018-H17-Pch02
20260811_121452_stage_B_2C_4168a6e9,inequality,4891,4891,constraint,INEQ-LOWER-D018-H17-Pdis01
20260811_121452_stage_B_2C_4168a6e9,inequality,4892,4892,constraint,INEQ-UPPER-D018-H17-Pdis01
20260811_121452_stage_B_2C_4168a6e9,inequality,4893,4893,constraint,INEQ-LOWER-D018-H17-Pdis02
20260811_121452_stage_B_2C_4168a6e9,inequality,4894,4894,constraint,INEQ-UPPER-D018-H17-Pdis02
20260811_121452_stage_B_2C_4168a6e9,inequality,4895,4895,constraint,INEQ-LOWER-D018-H17-SOC01
20260811_121452_stage_B_2C_4168a6e9,inequality,4896,4896,constraint,INEQ-UPPER-D018-H17-SOC01
20260811_121452_stage_B_2C_4168a6e9,inequality,4897,4897,constraint,INEQ-LOWER-D018-H17-SOC02
20260811_121452_stage_B_2C_4168a6e9,inequality,4898,4898,constraint,INEQ-UPPER-D018-H17-SOC02
20260811_121452_stage_B_2C_4168a6e9,inequality,4899,4899,constraint,INEQ-LOWER-D018-H18-PW01
20260811_121452_stage_B_2C_4168a6e9,inequality,4900,4900,constraint,INEQ-UPPER-D018-H18-PW01
20260811_121452_stage_B_2C_4168a6e9,inequality,4901,4901,constraint,INEQ-LOWER-D018-H18-PW02
20260811_121452_stage_B_2C_4168a6e9,inequality,4902,4902,constraint,INEQ-UPPER-D018-H18-PW02
20260811_121452_stage_B_2C_4168a6e9,inequality,4903,4903,constraint,INEQ-LOWER-D018-H18-PW03
20260811_121452_stage_B_2C_4168a6e9,inequality,4904,4904,constraint,INEQ-UPPER-D018-H18-PW03
20260811_121452_stage_B_2C_4168a6e9,inequality,4905,4905,constraint,INEQ-LOWER-D018-H18-PW04
20260811_121452_stage_B_2C_4168a6e9,inequality,4906,4906,constraint,INEQ-UPPER-D018-H18-PW04
20260811_121452_stage_B_2C_4168a6e9,inequality,4907,4907,constraint,INEQ-LOWER-D018-H18-PW05
20260811_121452_stage_B_2C_4168a6e9,inequality,4908,4908,constraint,INEQ-UPPER-D018-H18-PW05
20260811_121452_stage_B_2C_4168a6e9,inequality,4909,4909,constraint,INEQ-LOWER-D018-H18-PP01
20260811_121452_stage_B_2C_4168a6e9,inequality,4910,4910,constraint,INEQ-UPPER-D018-H18-PP01
20260811_121452_stage_B_2C_4168a6e9,inequality,4911,4911,constraint,INEQ-LOWER-D018-H18-PP02
20260811_121452_stage_B_2C_4168a6e9,inequality,4912,4912,constraint,INEQ-UPPER-D018-H18-PP02
20260811_121452_stage_B_2C_4168a6e9,inequality,4913,4913,constraint,INEQ-LOWER-D018-H18-PP03
20260811_121452_stage_B_2C_4168a6e9,inequality,4914,4914,constraint,INEQ-UPPER-D018-H18-PP03
20260811_121452_stage_B_2C_4168a6e9,inequality,4915,4915,constraint,INEQ-LOWER-D018-H18-PP04
20260811_121452_stage_B_2C_4168a6e9,inequality,4916,4916,constraint,INEQ-UPPER-D018-H18-PP04
20260811_121452_stage_B_2C_4168a6e9,inequality,4917,4917,constraint,INEQ-LOWER-D018-H18-PP05
20260811_121452_stage_B_2C_4168a6e9,inequality,4918,4918,constraint,INEQ-UPPER-D018-H18-PP05
20260811_121452_stage_B_2C_4168a6e9,inequality,4919,4919,constraint,INEQ-LOWER-D018-H18-PH01
20260811_121452_stage_B_2C_4168a6e9,inequality,4920,4920,constraint,INEQ-UPPER-D018-H18-PH01
20260811_121452_stage_B_2C_4168a6e9,inequality,4921,4921,constraint,INEQ-LOWER-D018-H18-PH02
20260811_121452_stage_B_2C_4168a6e9,inequality,4922,4922,constraint,INEQ-UPPER-D018-H18-PH02
20260811_121452_stage_B_2C_4168a6e9,inequality,4923,4923,constraint,INEQ-LOWER-D018-H18-PH03
20260811_121452_stage_B_2C_4168a6e9,inequality,4924,4924,constraint,INEQ-UPPER-D018-H18-PH03
20260811_121452_stage_B_2C_4168a6e9,inequality,4925,4925,constraint,INEQ-LOWER-D018-H18-PH04
20260811_121452_stage_B_2C_4168a6e9,inequality,4926,4926,constraint,INEQ-UPPER-D018-H18-PH04
20260811_121452_stage_B_2C_4168a6e9,inequality,4927,4927,constraint,INEQ-LOWER-D018-H18-PF01
20260811_121452_stage_B_2C_4168a6e9,inequality,4928,4928,constraint,INEQ-UPPER-D018-H18-PF01
20260811_121452_stage_B_2C_4168a6e9,inequality,4929,4929,constraint,INEQ-LOWER-D018-H18-PF02
20260811_121452_stage_B_2C_4168a6e9,inequality,4930,4930,constraint,INEQ-UPPER-D018-H18-PF02
20260811_121452_stage_B_2C_4168a6e9,inequality,4931,4931,constraint,INEQ-LOWER-D018-H18-PF03
20260811_121452_stage_B_2C_4168a6e9,inequality,4932,4932,constraint,INEQ-UPPER-D018-H18-PF03
20260811_121452_stage_B_2C_4168a6e9,inequality,4933,4933,constraint,INEQ-LOWER-D018-H18-PF04
20260811_121452_stage_B_2C_4168a6e9,inequality,4934,4934,constraint,INEQ-UPPER-D018-H18-PF04
20260811_121452_stage_B_2C_4168a6e9,inequality,4935,4935,constraint,INEQ-LOWER-D018-H18-Pch01
20260811_121452_stage_B_2C_4168a6e9,inequality,4936,4936,constraint,INEQ-UPPER-D018-H18-Pch01
20260811_121452_stage_B_2C_4168a6e9,inequality,4937,4937,constraint,INEQ-LOWER-D018-H18-Pch02
20260811_121452_stage_B_2C_4168a6e9,inequality,4938,4938,constraint,INEQ-UPPER-D018-H18-Pch02
20260811_121452_stage_B_2C_4168a6e9,inequality,4939,4939,constraint,INEQ-LOWER-D018-H18-Pdis01
20260811_121452_stage_B_2C_4168a6e9,inequality,4940,4940,constraint,INEQ-UPPER-D018-H18-Pdis01
20260811_121452_stage_B_2C_4168a6e9,inequality,4941,4941,constraint,INEQ-LOWER-D018-H18-Pdis02
20260811_121452_stage_B_2C_4168a6e9,inequality,4942,4942,constraint,INEQ-UPPER-D018-H18-Pdis02
20260811_121452_stage_B_2C_4168a6e9,inequality,4943,4943,constraint,INEQ-LOWER-D018-H18-SOC01
20260811_121452_stage_B_2C_4168a6e9,inequality,4944,4944,constraint,INEQ-UPPER-D018-H18-SOC01
20260811_121452_stage_B_2C_4168a6e9,inequality,4945,4945,constraint,INEQ-LOWER-D018-H18-SOC02
20260811_121452_stage_B_2C_4168a6e9,inequality,4946,4946,constraint,INEQ-UPPER-D018-H18-SOC02
20260811_121452_stage_B_2C_4168a6e9,inequality,4947,4947,constraint,INEQ-LOWER-D018-H19-PW01
20260811_121452_stage_B_2C_4168a6e9,inequality,4948,4948,constraint,INEQ-UPPER-D018-H19-PW01
20260811_121452_stage_B_2C_4168a6e9,inequality,4949,4949,constraint,INEQ-LOWER-D018-H19-PW02
20260811_121452_stage_B_2C_4168a6e9,inequality,4950,4950,constraint,INEQ-UPPER-D018-H19-PW02
20260811_121452_stage_B_2C_4168a6e9,inequality,4951,4951,constraint,INEQ-LOWER-D018-H19-PW03
20260811_121452_stage_B_2C_4168a6e9,inequality,4952,4952,constraint,INEQ-UPPER-D018-H19-PW03
20260811_121452_stage_B_2C_4168a6e9,inequality,4953,4953,constraint,INEQ-LOWER-D018-H19-PW04
20260811_121452_stage_B_2C_4168a6e9,inequality,4954,4954,constraint,INEQ-UPPER-D018-H19-PW04
20260811_121452_stage_B_2C_4168a6e9,inequality,4955,4955,constraint,INEQ-LOWER-D018-H19-PW05
20260811_121452_stage_B_2C_4168a6e9,inequality,4956,4956,constraint,INEQ-UPPER-D018-H19-PW05
20260811_121452_stage_B_2C_4168a6e9,inequality,4957,4957,constraint,INEQ-LOWER-D018-H19-PP01
20260811_121452_stage_B_2C_4168a6e9,inequality,4958,4958,constraint,INEQ-UPPER-D018-H19-PP01
20260811_121452_stage_B_2C_4168a6e9,inequality,4959,4959,constraint,INEQ-LOWER-D018-H19-PP02
20260811_121452_stage_B_2C_4168a6e9,inequality,4960,4960,constraint,INEQ-UPPER-D018-H19-PP02
20260811_121452_stage_B_2C_4168a6e9,inequality,4961,4961,constraint,INEQ-LOWER-D018-H19-PP03
20260811_121452_stage_B_2C_4168a6e9,inequality,4962,4962,constraint,INEQ-UPPER-D018-H19-PP03
20260811_121452_stage_B_2C_4168a6e9,inequality,4963,4963,constraint,INEQ-LOWER-D018-H19-PP04
20260811_121452_stage_B_2C_4168a6e9,inequality,4964,4964,constraint,INEQ-UPPER-D018-H19-PP04
20260811_121452_stage_B_2C_4168a6e9,inequality,4965,4965,constraint,INEQ-LOWER-D018-H19-PP05
20260811_121452_stage_B_2C_4168a6e9,inequality,4966,4966,constraint,INEQ-UPPER-D018-H19-PP05
20260811_121452_stage_B_2C_4168a6e9,inequality,4967,4967,constraint,INEQ-LOWER-D018-H19-PH01
20260811_121452_stage_B_2C_4168a6e9,inequality,4968,4968,constraint,INEQ-UPPER-D018-H19-PH01
20260811_121452_stage_B_2C_4168a6e9,inequality,4969,4969,constraint,INEQ-LOWER-D018-H19-PH02
20260811_121452_stage_B_2C_4168a6e9,inequality,4970,4970,constraint,INEQ-UPPER-D018-H19-PH02
20260811_121452_stage_B_2C_4168a6e9,inequality,4971,4971,constraint,INEQ-LOWER-D018-H19-PH03
20260811_121452_stage_B_2C_4168a6e9,inequality,4972,4972,constraint,INEQ-UPPER-D018-H19-PH03
20260811_121452_stage_B_2C_4168a6e9,inequality,4973,4973,constraint,INEQ-LOWER-D018-H19-PH04
20260811_121452_stage_B_2C_4168a6e9,inequality,4974,4974,constraint,INEQ-UPPER-D018-H19-PH04
20260811_121452_stage_B_2C_4168a6e9,inequality,4975,4975,constraint,INEQ-LOWER-D018-H19-PF01
20260811_121452_stage_B_2C_4168a6e9,inequality,4976,4976,constraint,INEQ-UPPER-D018-H19-PF01
20260811_121452_stage_B_2C_4168a6e9,inequality,4977,4977,constraint,INEQ-LOWER-D018-H19-PF02
20260811_121452_stage_B_2C_4168a6e9,inequality,4978,4978,constraint,INEQ-UPPER-D018-H19-PF02
20260811_121452_stage_B_2C_4168a6e9,inequality,4979,4979,constraint,INEQ-LOWER-D018-H19-PF03
20260811_121452_stage_B_2C_4168a6e9,inequality,4980,4980,constraint,INEQ-UPPER-D018-H19-PF03
20260811_121452_stage_B_2C_4168a6e9,inequality,4981,4981,constraint,INEQ-LOWER-D018-H19-PF04
20260811_121452_stage_B_2C_4168a6e9,inequality,4982,4982,constraint,INEQ-UPPER-D018-H19-PF04
20260811_121452_stage_B_2C_4168a6e9,inequality,4983,4983,constraint,INEQ-LOWER-D018-H19-Pch01
20260811_121452_stage_B_2C_4168a6e9,inequality,4984,4984,constraint,INEQ-UPPER-D018-H19-Pch01
20260811_121452_stage_B_2C_4168a6e9,inequality,4985,4985,constraint,INEQ-LOWER-D018-H19-Pch02
20260811_121452_stage_B_2C_4168a6e9,inequality,4986,4986,constraint,INEQ-UPPER-D018-H19-Pch02
20260811_121452_stage_B_2C_4168a6e9,inequality,4987,4987,constraint,INEQ-LOWER-D018-H19-Pdis01
20260811_121452_stage_B_2C_4168a6e9,inequality,4988,4988,constraint,INEQ-UPPER-D018-H19-Pdis01
20260811_121452_stage_B_2C_4168a6e9,inequality,4989,4989,constraint,INEQ-LOWER-D018-H19-Pdis02
20260811_121452_stage_B_2C_4168a6e9,inequality,4990,4990,constraint,INEQ-UPPER-D018-H19-Pdis02
20260811_121452_stage_B_2C_4168a6e9,inequality,4991,4991,constraint,INEQ-LOWER-D018-H19-SOC01
20260811_121452_stage_B_2C_4168a6e9,inequality,4992,4992,constraint,INEQ-UPPER-D018-H19-SOC01
20260811_121452_stage_B_2C_4168a6e9,inequality,4993,4993,constraint,INEQ-LOWER-D018-H19-SOC02
20260811_121452_stage_B_2C_4168a6e9,inequality,4994,4994,constraint,INEQ-UPPER-D018-H19-SOC02
20260811_121452_stage_B_2C_4168a6e9,inequality,4995,4995,constraint,INEQ-LOWER-D018-H20-PW01
20260811_121452_stage_B_2C_4168a6e9,inequality,4996,4996,constraint,INEQ-UPPER-D018-H20-PW01
20260811_121452_stage_B_2C_4168a6e9,inequality,4997,4997,constraint,INEQ-LOWER-D018-H20-PW02
20260811_121452_stage_B_2C_4168a6e9,inequality,4998,4998,constraint,INEQ-UPPER-D018-H20-PW02
20260811_121452_stage_B_2C_4168a6e9,inequality,4999,4999,constraint,INEQ-LOWER-D018-H20-PW03
20260811_121452_stage_B_2C_4168a6e9,inequality,5000,5000,constraint,INEQ-UPPER-D018-H20-PW03
20260811_121452_stage_B_2C_4168a6e9,inequality,5001,5001,constraint,INEQ-LOWER-D018-H20-PW04
20260811_121452_stage_B_2C_4168a6e9,inequality,5002,5002,constraint,INEQ-UPPER-D018-H20-PW04
20260811_121452_stage_B_2C_4168a6e9,inequality,5003,5003,constraint,INEQ-LOWER-D018-H20-PW05
20260811_121452_stage_B_2C_4168a6e9,inequality,5004,5004,constraint,INEQ-UPPER-D018-H20-PW05
20260811_121452_stage_B_2C_4168a6e9,inequality,5005,5005,constraint,INEQ-LOWER-D018-H20-PH01
20260811_121452_stage_B_2C_4168a6e9,inequality,5006,5006,constraint,INEQ-UPPER-D018-H20-PH01
20260811_121452_stage_B_2C_4168a6e9,inequality,5007,5007,constraint,INEQ-LOWER-D018-H20-PH02
20260811_121452_stage_B_2C_4168a6e9,inequality,5008,5008,constraint,INEQ-UPPER-D018-H20-PH02
20260811_121452_stage_B_2C_4168a6e9,inequality,5009,5009,constraint,INEQ-LOWER-D018-H20-PH03
20260811_121452_stage_B_2C_4168a6e9,inequality,5010,5010,constraint,INEQ-UPPER-D018-H20-PH03
20260811_121452_stage_B_2C_4168a6e9,inequality,5011,5011,constraint,INEQ-LOWER-D018-H20-PH04
20260811_121452_stage_B_2C_4168a6e9,inequality,5012,5012,constraint,INEQ-UPPER-D018-H20-PH04
20260811_121452_stage_B_2C_4168a6e9,inequality,5013,5013,constraint,INEQ-LOWER-D018-H20-PF01
20260811_121452_stage_B_2C_4168a6e9,inequality,5014,5014,constraint,INEQ-UPPER-D018-H20-PF01
20260811_121452_stage_B_2C_4168a6e9,inequality,5015,5015,constraint,INEQ-LOWER-D018-H20-PF02
20260811_121452_stage_B_2C_4168a6e9,inequality,5016,5016,constraint,INEQ-UPPER-D018-H20-PF02
20260811_121452_stage_B_2C_4168a6e9,inequality,5017,5017,constraint,INEQ-LOWER-D018-H20-PF03
20260811_121452_stage_B_2C_4168a6e9,inequality,5018,5018,constraint,INEQ-UPPER-D018-H20-PF03
20260811_121452_stage_B_2C_4168a6e9,inequality,5019,5019,constraint,INEQ-LOWER-D018-H20-PF04
20260811_121452_stage_B_2C_4168a6e9,inequality,5020,5020,constraint,INEQ-UPPER-D018-H20-PF04
20260811_121452_stage_B_2C_4168a6e9,inequality,5021,5021,constraint,INEQ-LOWER-D018-H20-Pch01
20260811_121452_stage_B_2C_4168a6e9,inequality,5022,5022,constraint,INEQ-UPPER-D018-H20-Pch01
20260811_121452_stage_B_2C_4168a6e9,inequality,5023,5023,constraint,INEQ-LOWER-D018-H20-Pch02
20260811_121452_stage_B_2C_4168a6e9,inequality,5024,5024,constraint,INEQ-UPPER-D018-H20-Pch02
20260811_121452_stage_B_2C_4168a6e9,inequality,5025,5025,constraint,INEQ-LOWER-D018-H20-Pdis01
20260811_121452_stage_B_2C_4168a6e9,inequality,5026,5026,constraint,INEQ-UPPER-D018-H20-Pdis01
20260811_121452_stage_B_2C_4168a6e9,inequality,5027,5027,constraint,INEQ-LOWER-D018-H20-Pdis02
20260811_121452_stage_B_2C_4168a6e9,inequality,5028,5028,constraint,INEQ-UPPER-D018-H20-Pdis02
20260811_121452_stage_B_2C_4168a6e9,inequality,5029,5029,constraint,INEQ-LOWER-D018-H20-SOC01
20260811_121452_stage_B_2C_4168a6e9,inequality,5030,5030,constraint,INEQ-UPPER-D018-H20-SOC01
20260811_121452_stage_B_2C_4168a6e9,inequality,5031,5031,constraint,INEQ-LOWER-D018-H20-SOC02
20260811_121452_stage_B_2C_4168a6e9,inequality,5032,5032,constraint,INEQ-UPPER-D018-H20-SOC02
20260811_121452_stage_B_2C_4168a6e9,inequality,5033,5033,constraint,INEQ-LOWER-D018-H21-PW01
20260811_121452_stage_B_2C_4168a6e9,inequality,5034,5034,constraint,INEQ-UPPER-D018-H21-PW01
20260811_121452_stage_B_2C_4168a6e9,inequality,5035,5035,constraint,INEQ-LOWER-D018-H21-PW02
20260811_121452_stage_B_2C_4168a6e9,inequality,5036,5036,constraint,INEQ-UPPER-D018-H21-PW02
20260811_121452_stage_B_2C_4168a6e9,inequality,5037,5037,constraint,INEQ-LOWER-D018-H21-PW03
20260811_121452_stage_B_2C_4168a6e9,inequality,5038,5038,constraint,INEQ-UPPER-D018-H21-PW03
20260811_121452_stage_B_2C_4168a6e9,inequality,5039,5039,constraint,INEQ-LOWER-D018-H21-PW04
20260811_121452_stage_B_2C_4168a6e9,inequality,5040,5040,constraint,INEQ-UPPER-D018-H21-PW04
20260811_121452_stage_B_2C_4168a6e9,inequality,5041,5041,constraint,INEQ-LOWER-D018-H21-PW05
20260811_121452_stage_B_2C_4168a6e9,inequality,5042,5042,constraint,INEQ-UPPER-D018-H21-PW05
20260811_121452_stage_B_2C_4168a6e9,inequality,5043,5043,constraint,INEQ-LOWER-D018-H21-PH01
20260811_121452_stage_B_2C_4168a6e9,inequality,5044,5044,constraint,INEQ-UPPER-D018-H21-PH01
20260811_121452_stage_B_2C_4168a6e9,inequality,5045,5045,constraint,INEQ-LOWER-D018-H21-PH02
20260811_121452_stage_B_2C_4168a6e9,inequality,5046,5046,constraint,INEQ-UPPER-D018-H21-PH02
20260811_121452_stage_B_2C_4168a6e9,inequality,5047,5047,constraint,INEQ-LOWER-D018-H21-PH03
20260811_121452_stage_B_2C_4168a6e9,inequality,5048,5048,constraint,INEQ-UPPER-D018-H21-PH03
20260811_121452_stage_B_2C_4168a6e9,inequality,5049,5049,constraint,INEQ-LOWER-D018-H21-PH04
20260811_121452_stage_B_2C_4168a6e9,inequality,5050,5050,constraint,INEQ-UPPER-D018-H21-PH04
20260811_121452_stage_B_2C_4168a6e9,inequality,5051,5051,constraint,INEQ-LOWER-D018-H21-PF01
20260811_121452_stage_B_2C_4168a6e9,inequality,5052,5052,constraint,INEQ-UPPER-D018-H21-PF01
20260811_121452_stage_B_2C_4168a6e9,inequality,5053,5053,constraint,INEQ-LOWER-D018-H21-PF02
20260811_121452_stage_B_2C_4168a6e9,inequality,5054,5054,constraint,INEQ-UPPER-D018-H21-PF02
20260811_121452_stage_B_2C_4168a6e9,inequality,5055,5055,constraint,INEQ-LOWER-D018-H21-PF03
20260811_121452_stage_B_2C_4168a6e9,inequality,5056,5056,constraint,INEQ-UPPER-D018-H21-PF03
20260811_121452_stage_B_2C_4168a6e9,inequality,5057,5057,constraint,INEQ-LOWER-D018-H21-PF04
20260811_121452_stage_B_2C_4168a6e9,inequality,5058,5058,constraint,INEQ-UPPER-D018-H21-PF04
20260811_121452_stage_B_2C_4168a6e9,inequality,5059,5059,constraint,INEQ-LOWER-D018-H21-Pch01
20260811_121452_stage_B_2C_4168a6e9,inequality,5060,5060,constraint,INEQ-UPPER-D018-H21-Pch01
20260811_121452_stage_B_2C_4168a6e9,inequality,5061,5061,constraint,INEQ-LOWER-D018-H21-Pch02
20260811_121452_stage_B_2C_4168a6e9,inequality,5062,5062,constraint,INEQ-UPPER-D018-H21-Pch02
20260811_121452_stage_B_2C_4168a6e9,inequality,5063,5063,constraint,INEQ-LOWER-D018-H21-Pdis01
20260811_121452_stage_B_2C_4168a6e9,inequality,5064,5064,constraint,INEQ-UPPER-D018-H21-Pdis01
20260811_121452_stage_B_2C_4168a6e9,inequality,5065,5065,constraint,INEQ-LOWER-D018-H21-Pdis02
20260811_121452_stage_B_2C_4168a6e9,inequality,5066,5066,constraint,INEQ-UPPER-D018-H21-Pdis02
20260811_121452_stage_B_2C_4168a6e9,inequality,5067,5067,constraint,INEQ-LOWER-D018-H21-SOC01
20260811_121452_stage_B_2C_4168a6e9,inequality,5068,5068,constraint,INEQ-UPPER-D018-H21-SOC01
20260811_121452_stage_B_2C_4168a6e9,inequality,5069,5069,constraint,INEQ-LOWER-D018-H21-SOC02
20260811_121452_stage_B_2C_4168a6e9,inequality,5070,5070,constraint,INEQ-UPPER-D018-H21-SOC02
20260811_121452_stage_B_2C_4168a6e9,inequality,5071,5071,constraint,INEQ-LOWER-D018-H22-PW01
20260811_121452_stage_B_2C_4168a6e9,inequality,5072,5072,constraint,INEQ-UPPER-D018-H22-PW01
20260811_121452_stage_B_2C_4168a6e9,inequality,5073,5073,constraint,INEQ-LOWER-D018-H22-PW02
20260811_121452_stage_B_2C_4168a6e9,inequality,5074,5074,constraint,INEQ-UPPER-D018-H22-PW02
20260811_121452_stage_B_2C_4168a6e9,inequality,5075,5075,constraint,INEQ-LOWER-D018-H22-PW03
20260811_121452_stage_B_2C_4168a6e9,inequality,5076,5076,constraint,INEQ-UPPER-D018-H22-PW03
20260811_121452_stage_B_2C_4168a6e9,inequality,5077,5077,constraint,INEQ-LOWER-D018-H22-PW04
20260811_121452_stage_B_2C_4168a6e9,inequality,5078,5078,constraint,INEQ-UPPER-D018-H22-PW04
20260811_121452_stage_B_2C_4168a6e9,inequality,5079,5079,constraint,INEQ-LOWER-D018-H22-PW05
20260811_121452_stage_B_2C_4168a6e9,inequality,5080,5080,constraint,INEQ-UPPER-D018-H22-PW05
20260811_121452_stage_B_2C_4168a6e9,inequality,5081,5081,constraint,INEQ-LOWER-D018-H22-PH01
20260811_121452_stage_B_2C_4168a6e9,inequality,5082,5082,constraint,INEQ-UPPER-D018-H22-PH01
20260811_121452_stage_B_2C_4168a6e9,inequality,5083,5083,constraint,INEQ-LOWER-D018-H22-PH02
20260811_121452_stage_B_2C_4168a6e9,inequality,5084,5084,constraint,INEQ-UPPER-D018-H22-PH02
20260811_121452_stage_B_2C_4168a6e9,inequality,5085,5085,constraint,INEQ-LOWER-D018-H22-PH03
20260811_121452_stage_B_2C_4168a6e9,inequality,5086,5086,constraint,INEQ-UPPER-D018-H22-PH03
20260811_121452_stage_B_2C_4168a6e9,inequality,5087,5087,constraint,INEQ-LOWER-D018-H22-PH04
20260811_121452_stage_B_2C_4168a6e9,inequality,5088,5088,constraint,INEQ-UPPER-D018-H22-PH04
20260811_121452_stage_B_2C_4168a6e9,inequality,5089,5089,constraint,INEQ-LOWER-D018-H22-PF01
20260811_121452_stage_B_2C_4168a6e9,inequality,5090,5090,constraint,INEQ-UPPER-D018-H22-PF01
20260811_121452_stage_B_2C_4168a6e9,inequality,5091,5091,constraint,INEQ-LOWER-D018-H22-PF02
20260811_121452_stage_B_2C_4168a6e9,inequality,5092,5092,constraint,INEQ-UPPER-D018-H22-PF02
20260811_121452_stage_B_2C_4168a6e9,inequality,5093,5093,constraint,INEQ-LOWER-D018-H22-PF03
20260811_121452_stage_B_2C_4168a6e9,inequality,5094,5094,constraint,INEQ-UPPER-D018-H22-PF03
20260811_121452_stage_B_2C_4168a6e9,inequality,5095,5095,constraint,INEQ-LOWER-D018-H22-PF04
20260811_121452_stage_B_2C_4168a6e9,inequality,5096,5096,constraint,INEQ-UPPER-D018-H22-PF04
20260811_121452_stage_B_2C_4168a6e9,inequality,5097,5097,constraint,INEQ-LOWER-D018-H22-Pch01
20260811_121452_stage_B_2C_4168a6e9,inequality,5098,5098,constraint,INEQ-UPPER-D018-H22-Pch01
20260811_121452_stage_B_2C_4168a6e9,inequality,5099,5099,constraint,INEQ-LOWER-D018-H22-Pch02
20260811_121452_stage_B_2C_4168a6e9,inequality,5100,5100,constraint,INEQ-UPPER-D018-H22-Pch02
20260811_121452_stage_B_2C_4168a6e9,inequality,5101,5101,constraint,INEQ-LOWER-D018-H22-Pdis01
20260811_121452_stage_B_2C_4168a6e9,inequality,5102,5102,constraint,INEQ-UPPER-D018-H22-Pdis01
20260811_121452_stage_B_2C_4168a6e9,inequality,5103,5103,constraint,INEQ-LOWER-D018-H22-Pdis02
20260811_121452_stage_B_2C_4168a6e9,inequality,5104,5104,constraint,INEQ-UPPER-D018-H22-Pdis02
20260811_121452_stage_B_2C_4168a6e9,inequality,5105,5105,constraint,INEQ-LOWER-D018-H22-SOC01
20260811_121452_stage_B_2C_4168a6e9,inequality,5106,5106,constraint,INEQ-UPPER-D018-H22-SOC01
20260811_121452_stage_B_2C_4168a6e9,inequality,5107,5107,constraint,INEQ-LOWER-D018-H22-SOC02
20260811_121452_stage_B_2C_4168a6e9,inequality,5108,5108,constraint,INEQ-UPPER-D018-H22-SOC02
20260811_121452_stage_B_2C_4168a6e9,inequality,5109,5109,constraint,INEQ-LOWER-D018-H23-PW01
20260811_121452_stage_B_2C_4168a6e9,inequality,5110,5110,constraint,INEQ-UPPER-D018-H23-PW01
20260811_121452_stage_B_2C_4168a6e9,inequality,5111,5111,constraint,INEQ-LOWER-D018-H23-PW02
20260811_121452_stage_B_2C_4168a6e9,inequality,5112,5112,constraint,INEQ-UPPER-D018-H23-PW02
20260811_121452_stage_B_2C_4168a6e9,inequality,5113,5113,constraint,INEQ-LOWER-D018-H23-PW03
20260811_121452_stage_B_2C_4168a6e9,inequality,5114,5114,constraint,INEQ-UPPER-D018-H23-PW03
20260811_121452_stage_B_2C_4168a6e9,inequality,5115,5115,constraint,INEQ-LOWER-D018-H23-PW04
20260811_121452_stage_B_2C_4168a6e9,inequality,5116,5116,constraint,INEQ-UPPER-D018-H23-PW04
20260811_121452_stage_B_2C_4168a6e9,inequality,5117,5117,constraint,INEQ-LOWER-D018-H23-PW05
20260811_121452_stage_B_2C_4168a6e9,inequality,5118,5118,constraint,INEQ-UPPER-D018-H23-PW05
20260811_121452_stage_B_2C_4168a6e9,inequality,5119,5119,constraint,INEQ-LOWER-D018-H23-PH01
20260811_121452_stage_B_2C_4168a6e9,inequality,5120,5120,constraint,INEQ-UPPER-D018-H23-PH01
20260811_121452_stage_B_2C_4168a6e9,inequality,5121,5121,constraint,INEQ-LOWER-D018-H23-PH02
20260811_121452_stage_B_2C_4168a6e9,inequality,5122,5122,constraint,INEQ-UPPER-D018-H23-PH02
20260811_121452_stage_B_2C_4168a6e9,inequality,5123,5123,constraint,INEQ-LOWER-D018-H23-PH03
20260811_121452_stage_B_2C_4168a6e9,inequality,5124,5124,constraint,INEQ-UPPER-D018-H23-PH03
20260811_121452_stage_B_2C_4168a6e9,inequality,5125,5125,constraint,INEQ-LOWER-D018-H23-PH04
20260811_121452_stage_B_2C_4168a6e9,inequality,5126,5126,constraint,INEQ-UPPER-D018-H23-PH04
20260811_121452_stage_B_2C_4168a6e9,inequality,5127,5127,constraint,INEQ-LOWER-D018-H23-PF01
20260811_121452_stage_B_2C_4168a6e9,inequality,5128,5128,constraint,INEQ-UPPER-D018-H23-PF01
20260811_121452_stage_B_2C_4168a6e9,inequality,5129,5129,constraint,INEQ-LOWER-D018-H23-PF02
20260811_121452_stage_B_2C_4168a6e9,inequality,5130,5130,constraint,INEQ-UPPER-D018-H23-PF02
20260811_121452_stage_B_2C_4168a6e9,inequality,5131,5131,constraint,INEQ-LOWER-D018-H23-PF03
20260811_121452_stage_B_2C_4168a6e9,inequality,5132,5132,constraint,INEQ-UPPER-D018-H23-PF03
20260811_121452_stage_B_2C_4168a6e9,inequality,5133,5133,constraint,INEQ-LOWER-D018-H23-PF04
20260811_121452_stage_B_2C_4168a6e9,inequality,5134,5134,constraint,INEQ-UPPER-D018-H23-PF04
20260811_121452_stage_B_2C_4168a6e9,inequality,5135,5135,constraint,INEQ-LOWER-D018-H23-Pch01
20260811_121452_stage_B_2C_4168a6e9,inequality,5136,5136,constraint,INEQ-UPPER-D018-H23-Pch01
20260811_121452_stage_B_2C_4168a6e9,inequality,5137,5137,constraint,INEQ-LOWER-D018-H23-Pch02
20260811_121452_stage_B_2C_4168a6e9,inequality,5138,5138,constraint,INEQ-UPPER-D018-H23-Pch02
20260811_121452_stage_B_2C_4168a6e9,inequality,5139,5139,constraint,INEQ-LOWER-D018-H23-Pdis01
20260811_121452_stage_B_2C_4168a6e9,inequality,5140,5140,constraint,INEQ-UPPER-D018-H23-Pdis01
20260811_121452_stage_B_2C_4168a6e9,inequality,5141,5141,constraint,INEQ-LOWER-D018-H23-Pdis02
20260811_121452_stage_B_2C_4168a6e9,inequality,5142,5142,constraint,INEQ-UPPER-D018-H23-Pdis02
20260811_121452_stage_B_2C_4168a6e9,inequality,5143,5143,constraint,INEQ-LOWER-D018-H23-SOC01
20260811_121452_stage_B_2C_4168a6e9,inequality,5144,5144,constraint,INEQ-UPPER-D018-H23-SOC01
20260811_121452_stage_B_2C_4168a6e9,inequality,5145,5145,constraint,INEQ-LOWER-D018-H23-SOC02
20260811_121452_stage_B_2C_4168a6e9,inequality,5146,5146,constraint,INEQ-UPPER-D018-H23-SOC02
20260811_121452_stage_B_2C_4168a6e9,inequality,5147,5147,constraint,INEQ-LOWER-D018-H24-PW01
20260811_121452_stage_B_2C_4168a6e9,inequality,5148,5148,constraint,INEQ-UPPER-D018-H24-PW01
20260811_121452_stage_B_2C_4168a6e9,inequality,5149,5149,constraint,INEQ-LOWER-D018-H24-PW02
20260811_121452_stage_B_2C_4168a6e9,inequality,5150,5150,constraint,INEQ-UPPER-D018-H24-PW02
20260811_121452_stage_B_2C_4168a6e9,inequality,5151,5151,constraint,INEQ-LOWER-D018-H24-PW03
20260811_121452_stage_B_2C_4168a6e9,inequality,5152,5152,constraint,INEQ-UPPER-D018-H24-PW03
20260811_121452_stage_B_2C_4168a6e9,inequality,5153,5153,constraint,INEQ-LOWER-D018-H24-PW04
20260811_121452_stage_B_2C_4168a6e9,inequality,5154,5154,constraint,INEQ-UPPER-D018-H24-PW04
20260811_121452_stage_B_2C_4168a6e9,inequality,5155,5155,constraint,INEQ-LOWER-D018-H24-PW05
20260811_121452_stage_B_2C_4168a6e9,inequality,5156,5156,constraint,INEQ-UPPER-D018-H24-PW05
20260811_121452_stage_B_2C_4168a6e9,inequality,5157,5157,constraint,INEQ-LOWER-D018-H24-PH01
20260811_121452_stage_B_2C_4168a6e9,inequality,5158,5158,constraint,INEQ-UPPER-D018-H24-PH01
20260811_121452_stage_B_2C_4168a6e9,inequality,5159,5159,constraint,INEQ-LOWER-D018-H24-PH02
20260811_121452_stage_B_2C_4168a6e9,inequality,5160,5160,constraint,INEQ-UPPER-D018-H24-PH02
20260811_121452_stage_B_2C_4168a6e9,inequality,5161,5161,constraint,INEQ-LOWER-D018-H24-PH03
20260811_121452_stage_B_2C_4168a6e9,inequality,5162,5162,constraint,INEQ-UPPER-D018-H24-PH03
20260811_121452_stage_B_2C_4168a6e9,inequality,5163,5163,constraint,INEQ-LOWER-D018-H24-PH04
20260811_121452_stage_B_2C_4168a6e9,inequality,5164,5164,constraint,INEQ-UPPER-D018-H24-PH04
20260811_121452_stage_B_2C_4168a6e9,inequality,5165,5165,constraint,INEQ-LOWER-D018-H24-PF01
20260811_121452_stage_B_2C_4168a6e9,inequality,5166,5166,constraint,INEQ-UPPER-D018-H24-PF01
20260811_121452_stage_B_2C_4168a6e9,inequality,5167,5167,constraint,INEQ-LOWER-D018-H24-PF02
20260811_121452_stage_B_2C_4168a6e9,inequality,5168,5168,constraint,INEQ-UPPER-D018-H24-PF02
20260811_121452_stage_B_2C_4168a6e9,inequality,5169,5169,constraint,INEQ-LOWER-D018-H24-PF03
20260811_121452_stage_B_2C_4168a6e9,inequality,5170,5170,constraint,INEQ-UPPER-D018-H24-PF03
20260811_121452_stage_B_2C_4168a6e9,inequality,5171,5171,constraint,INEQ-LOWER-D018-H24-PF04
20260811_121452_stage_B_2C_4168a6e9,inequality,5172,5172,constraint,INEQ-UPPER-D018-H24-PF04
20260811_121452_stage_B_2C_4168a6e9,inequality,5173,5173,constraint,INEQ-LOWER-D018-H24-Pch01
20260811_121452_stage_B_2C_4168a6e9,inequality,5174,5174,constraint,INEQ-UPPER-D018-H24-Pch01
20260811_121452_stage_B_2C_4168a6e9,inequality,5175,5175,constraint,INEQ-LOWER-D018-H24-Pch02
20260811_121452_stage_B_2C_4168a6e9,inequality,5176,5176,constraint,INEQ-UPPER-D018-H24-Pch02
20260811_121452_stage_B_2C_4168a6e9,inequality,5177,5177,constraint,INEQ-LOWER-D018-H24-Pdis01
20260811_121452_stage_B_2C_4168a6e9,inequality,5178,5178,constraint,INEQ-UPPER-D018-H24-Pdis01
20260811_121452_stage_B_2C_4168a6e9,inequality,5179,5179,constraint,INEQ-LOWER-D018-H24-Pdis02
20260811_121452_stage_B_2C_4168a6e9,inequality,5180,5180,constraint,INEQ-UPPER-D018-H24-Pdis02
20260811_121452_stage_B_2C_4168a6e9,inequality,5181,5181,constraint,INEQ-LOWER-D018-H24-SOC01
20260811_121452_stage_B_2C_4168a6e9,inequality,5182,5182,constraint,INEQ-UPPER-D018-H24-SOC01
20260811_121452_stage_B_2C_4168a6e9,inequality,5183,5183,constraint,INEQ-LOWER-D018-H24-SOC02
20260811_121452_stage_B_2C_4168a6e9,inequality,5184,5184,constraint,INEQ-UPPER-D018-H24-SOC02
20260811_121452_stage_B_2C_4168a6e9,inequality,5185,5185,constraint,INEQ-LOWER-D019-H01-PW01
20260811_121452_stage_B_2C_4168a6e9,inequality,5186,5186,constraint,INEQ-UPPER-D019-H01-PW01
20260811_121452_stage_B_2C_4168a6e9,inequality,5187,5187,constraint,INEQ-LOWER-D019-H01-PW02
20260811_121452_stage_B_2C_4168a6e9,inequality,5188,5188,constraint,INEQ-UPPER-D019-H01-PW02
20260811_121452_stage_B_2C_4168a6e9,inequality,5189,5189,constraint,INEQ-LOWER-D019-H01-PW03
20260811_121452_stage_B_2C_4168a6e9,inequality,5190,5190,constraint,INEQ-UPPER-D019-H01-PW03
20260811_121452_stage_B_2C_4168a6e9,inequality,5191,5191,constraint,INEQ-LOWER-D019-H01-PW04
20260811_121452_stage_B_2C_4168a6e9,inequality,5192,5192,constraint,INEQ-UPPER-D019-H01-PW04
20260811_121452_stage_B_2C_4168a6e9,inequality,5193,5193,constraint,INEQ-LOWER-D019-H01-PW05
20260811_121452_stage_B_2C_4168a6e9,inequality,5194,5194,constraint,INEQ-UPPER-D019-H01-PW05
20260811_121452_stage_B_2C_4168a6e9,inequality,5195,5195,constraint,INEQ-LOWER-D019-H01-PH01
20260811_121452_stage_B_2C_4168a6e9,inequality,5196,5196,constraint,INEQ-UPPER-D019-H01-PH01
20260811_121452_stage_B_2C_4168a6e9,inequality,5197,5197,constraint,INEQ-LOWER-D019-H01-PH02
20260811_121452_stage_B_2C_4168a6e9,inequality,5198,5198,constraint,INEQ-UPPER-D019-H01-PH02
20260811_121452_stage_B_2C_4168a6e9,inequality,5199,5199,constraint,INEQ-LOWER-D019-H01-PH03
20260811_121452_stage_B_2C_4168a6e9,inequality,5200,5200,constraint,INEQ-UPPER-D019-H01-PH03
20260811_121452_stage_B_2C_4168a6e9,inequality,5201,5201,constraint,INEQ-LOWER-D019-H01-PH04
20260811_121452_stage_B_2C_4168a6e9,inequality,5202,5202,constraint,INEQ-UPPER-D019-H01-PH04
20260811_121452_stage_B_2C_4168a6e9,inequality,5203,5203,constraint,INEQ-LOWER-D019-H01-PF01
20260811_121452_stage_B_2C_4168a6e9,inequality,5204,5204,constraint,INEQ-UPPER-D019-H01-PF01
20260811_121452_stage_B_2C_4168a6e9,inequality,5205,5205,constraint,INEQ-LOWER-D019-H01-PF02
20260811_121452_stage_B_2C_4168a6e9,inequality,5206,5206,constraint,INEQ-UPPER-D019-H01-PF02
20260811_121452_stage_B_2C_4168a6e9,inequality,5207,5207,constraint,INEQ-LOWER-D019-H01-PF03
20260811_121452_stage_B_2C_4168a6e9,inequality,5208,5208,constraint,INEQ-UPPER-D019-H01-PF03
20260811_121452_stage_B_2C_4168a6e9,inequality,5209,5209,constraint,INEQ-LOWER-D019-H01-PF04
20260811_121452_stage_B_2C_4168a6e9,inequality,5210,5210,constraint,INEQ-UPPER-D019-H01-PF04
20260811_121452_stage_B_2C_4168a6e9,inequality,5211,5211,constraint,INEQ-LOWER-D019-H01-Pch01
20260811_121452_stage_B_2C_4168a6e9,inequality,5212,5212,constraint,INEQ-UPPER-D019-H01-Pch01
20260811_121452_stage_B_2C_4168a6e9,inequality,5213,5213,constraint,INEQ-LOWER-D019-H01-Pch02
20260811_121452_stage_B_2C_4168a6e9,inequality,5214,5214,constraint,INEQ-UPPER-D019-H01-Pch02
20260811_121452_stage_B_2C_4168a6e9,inequality,5215,5215,constraint,INEQ-LOWER-D019-H01-Pdis01
20260811_121452_stage_B_2C_4168a6e9,inequality,5216,5216,constraint,INEQ-UPPER-D019-H01-Pdis01
20260811_121452_stage_B_2C_4168a6e9,inequality,5217,5217,constraint,INEQ-LOWER-D019-H01-Pdis02
20260811_121452_stage_B_2C_4168a6e9,inequality,5218,5218,constraint,INEQ-UPPER-D019-H01-Pdis02
20260811_121452_stage_B_2C_4168a6e9,inequality,5219,5219,constraint,INEQ-LOWER-D019-H01-SOC01
20260811_121452_stage_B_2C_4168a6e9,inequality,5220,5220,constraint,INEQ-UPPER-D019-H01-SOC01
20260811_121452_stage_B_2C_4168a6e9,inequality,5221,5221,constraint,INEQ-LOWER-D019-H01-SOC02
20260811_121452_stage_B_2C_4168a6e9,inequality,5222,5222,constraint,INEQ-UPPER-D019-H01-SOC02
20260811_121452_stage_B_2C_4168a6e9,inequality,5223,5223,constraint,INEQ-LOWER-D019-H02-PW01
20260811_121452_stage_B_2C_4168a6e9,inequality,5224,5224,constraint,INEQ-UPPER-D019-H02-PW01
20260811_121452_stage_B_2C_4168a6e9,inequality,5225,5225,constraint,INEQ-LOWER-D019-H02-PW02
20260811_121452_stage_B_2C_4168a6e9,inequality,5226,5226,constraint,INEQ-UPPER-D019-H02-PW02
20260811_121452_stage_B_2C_4168a6e9,inequality,5227,5227,constraint,INEQ-LOWER-D019-H02-PW03
20260811_121452_stage_B_2C_4168a6e9,inequality,5228,5228,constraint,INEQ-UPPER-D019-H02-PW03
20260811_121452_stage_B_2C_4168a6e9,inequality,5229,5229,constraint,INEQ-LOWER-D019-H02-PW04
20260811_121452_stage_B_2C_4168a6e9,inequality,5230,5230,constraint,INEQ-UPPER-D019-H02-PW04
20260811_121452_stage_B_2C_4168a6e9,inequality,5231,5231,constraint,INEQ-LOWER-D019-H02-PW05
20260811_121452_stage_B_2C_4168a6e9,inequality,5232,5232,constraint,INEQ-UPPER-D019-H02-PW05
20260811_121452_stage_B_2C_4168a6e9,inequality,5233,5233,constraint,INEQ-LOWER-D019-H02-PH01
20260811_121452_stage_B_2C_4168a6e9,inequality,5234,5234,constraint,INEQ-UPPER-D019-H02-PH01
20260811_121452_stage_B_2C_4168a6e9,inequality,5235,5235,constraint,INEQ-LOWER-D019-H02-PH02
20260811_121452_stage_B_2C_4168a6e9,inequality,5236,5236,constraint,INEQ-UPPER-D019-H02-PH02
20260811_121452_stage_B_2C_4168a6e9,inequality,5237,5237,constraint,INEQ-LOWER-D019-H02-PH03
20260811_121452_stage_B_2C_4168a6e9,inequality,5238,5238,constraint,INEQ-UPPER-D019-H02-PH03
20260811_121452_stage_B_2C_4168a6e9,inequality,5239,5239,constraint,INEQ-LOWER-D019-H02-PH04
20260811_121452_stage_B_2C_4168a6e9,inequality,5240,5240,constraint,INEQ-UPPER-D019-H02-PH04
20260811_121452_stage_B_2C_4168a6e9,inequality,5241,5241,constraint,INEQ-LOWER-D019-H02-PF01
20260811_121452_stage_B_2C_4168a6e9,inequality,5242,5242,constraint,INEQ-UPPER-D019-H02-PF01
20260811_121452_stage_B_2C_4168a6e9,inequality,5243,5243,constraint,INEQ-LOWER-D019-H02-PF02
20260811_121452_stage_B_2C_4168a6e9,inequality,5244,5244,constraint,INEQ-UPPER-D019-H02-PF02
20260811_121452_stage_B_2C_4168a6e9,inequality,5245,5245,constraint,INEQ-LOWER-D019-H02-PF03
20260811_121452_stage_B_2C_4168a6e9,inequality,5246,5246,constraint,INEQ-UPPER-D019-H02-PF03
20260811_121452_stage_B_2C_4168a6e9,inequality,5247,5247,constraint,INEQ-LOWER-D019-H02-PF04
20260811_121452_stage_B_2C_4168a6e9,inequality,5248,5248,constraint,INEQ-UPPER-D019-H02-PF04
20260811_121452_stage_B_2C_4168a6e9,inequality,5249,5249,constraint,INEQ-LOWER-D019-H02-Pch01
20260811_121452_stage_B_2C_4168a6e9,inequality,5250,5250,constraint,INEQ-UPPER-D019-H02-Pch01
20260811_121452_stage_B_2C_4168a6e9,inequality,5251,5251,constraint,INEQ-LOWER-D019-H02-Pch02
20260811_121452_stage_B_2C_4168a6e9,inequality,5252,5252,constraint,INEQ-UPPER-D019-H02-Pch02
20260811_121452_stage_B_2C_4168a6e9,inequality,5253,5253,constraint,INEQ-LOWER-D019-H02-Pdis01
20260811_121452_stage_B_2C_4168a6e9,inequality,5254,5254,constraint,INEQ-UPPER-D019-H02-Pdis01
20260811_121452_stage_B_2C_4168a6e9,inequality,5255,5255,constraint,INEQ-LOWER-D019-H02-Pdis02
20260811_121452_stage_B_2C_4168a6e9,inequality,5256,5256,constraint,INEQ-UPPER-D019-H02-Pdis02
20260811_121452_stage_B_2C_4168a6e9,inequality,5257,5257,constraint,INEQ-LOWER-D019-H02-SOC01
20260811_121452_stage_B_2C_4168a6e9,inequality,5258,5258,constraint,INEQ-UPPER-D019-H02-SOC01
20260811_121452_stage_B_2C_4168a6e9,inequality,5259,5259,constraint,INEQ-LOWER-D019-H02-SOC02
20260811_121452_stage_B_2C_4168a6e9,inequality,5260,5260,constraint,INEQ-UPPER-D019-H02-SOC02
20260811_121452_stage_B_2C_4168a6e9,inequality,5261,5261,constraint,INEQ-LOWER-D019-H03-PW01
20260811_121452_stage_B_2C_4168a6e9,inequality,5262,5262,constraint,INEQ-UPPER-D019-H03-PW01
20260811_121452_stage_B_2C_4168a6e9,inequality,5263,5263,constraint,INEQ-LOWER-D019-H03-PW02
20260811_121452_stage_B_2C_4168a6e9,inequality,5264,5264,constraint,INEQ-UPPER-D019-H03-PW02
20260811_121452_stage_B_2C_4168a6e9,inequality,5265,5265,constraint,INEQ-LOWER-D019-H03-PW03
20260811_121452_stage_B_2C_4168a6e9,inequality,5266,5266,constraint,INEQ-UPPER-D019-H03-PW03
20260811_121452_stage_B_2C_4168a6e9,inequality,5267,5267,constraint,INEQ-LOWER-D019-H03-PW04
20260811_121452_stage_B_2C_4168a6e9,inequality,5268,5268,constraint,INEQ-UPPER-D019-H03-PW04
20260811_121452_stage_B_2C_4168a6e9,inequality,5269,5269,constraint,INEQ-LOWER-D019-H03-PW05
20260811_121452_stage_B_2C_4168a6e9,inequality,5270,5270,constraint,INEQ-UPPER-D019-H03-PW05
20260811_121452_stage_B_2C_4168a6e9,inequality,5271,5271,constraint,INEQ-LOWER-D019-H03-PH01
20260811_121452_stage_B_2C_4168a6e9,inequality,5272,5272,constraint,INEQ-UPPER-D019-H03-PH01
20260811_121452_stage_B_2C_4168a6e9,inequality,5273,5273,constraint,INEQ-LOWER-D019-H03-PH02
20260811_121452_stage_B_2C_4168a6e9,inequality,5274,5274,constraint,INEQ-UPPER-D019-H03-PH02
20260811_121452_stage_B_2C_4168a6e9,inequality,5275,5275,constraint,INEQ-LOWER-D019-H03-PH03
20260811_121452_stage_B_2C_4168a6e9,inequality,5276,5276,constraint,INEQ-UPPER-D019-H03-PH03
20260811_121452_stage_B_2C_4168a6e9,inequality,5277,5277,constraint,INEQ-LOWER-D019-H03-PH04
20260811_121452_stage_B_2C_4168a6e9,inequality,5278,5278,constraint,INEQ-UPPER-D019-H03-PH04
20260811_121452_stage_B_2C_4168a6e9,inequality,5279,5279,constraint,INEQ-LOWER-D019-H03-PF01
20260811_121452_stage_B_2C_4168a6e9,inequality,5280,5280,constraint,INEQ-UPPER-D019-H03-PF01
20260811_121452_stage_B_2C_4168a6e9,inequality,5281,5281,constraint,INEQ-LOWER-D019-H03-PF02
20260811_121452_stage_B_2C_4168a6e9,inequality,5282,5282,constraint,INEQ-UPPER-D019-H03-PF02
20260811_121452_stage_B_2C_4168a6e9,inequality,5283,5283,constraint,INEQ-LOWER-D019-H03-PF03
20260811_121452_stage_B_2C_4168a6e9,inequality,5284,5284,constraint,INEQ-UPPER-D019-H03-PF03
20260811_121452_stage_B_2C_4168a6e9,inequality,5285,5285,constraint,INEQ-LOWER-D019-H03-PF04
20260811_121452_stage_B_2C_4168a6e9,inequality,5286,5286,constraint,INEQ-UPPER-D019-H03-PF04
20260811_121452_stage_B_2C_4168a6e9,inequality,5287,5287,constraint,INEQ-LOWER-D019-H03-Pch01
20260811_121452_stage_B_2C_4168a6e9,inequality,5288,5288,constraint,INEQ-UPPER-D019-H03-Pch01
20260811_121452_stage_B_2C_4168a6e9,inequality,5289,5289,constraint,INEQ-LOWER-D019-H03-Pch02
20260811_121452_stage_B_2C_4168a6e9,inequality,5290,5290,constraint,INEQ-UPPER-D019-H03-Pch02
20260811_121452_stage_B_2C_4168a6e9,inequality,5291,5291,constraint,INEQ-LOWER-D019-H03-Pdis01
20260811_121452_stage_B_2C_4168a6e9,inequality,5292,5292,constraint,INEQ-UPPER-D019-H03-Pdis01
20260811_121452_stage_B_2C_4168a6e9,inequality,5293,5293,constraint,INEQ-LOWER-D019-H03-Pdis02
20260811_121452_stage_B_2C_4168a6e9,inequality,5294,5294,constraint,INEQ-UPPER-D019-H03-Pdis02
20260811_121452_stage_B_2C_4168a6e9,inequality,5295,5295,constraint,INEQ-LOWER-D019-H03-SOC01
20260811_121452_stage_B_2C_4168a6e9,inequality,5296,5296,constraint,INEQ-UPPER-D019-H03-SOC01
20260811_121452_stage_B_2C_4168a6e9,inequality,5297,5297,constraint,INEQ-LOWER-D019-H03-SOC02
20260811_121452_stage_B_2C_4168a6e9,inequality,5298,5298,constraint,INEQ-UPPER-D019-H03-SOC02
20260811_121452_stage_B_2C_4168a6e9,inequality,5299,5299,constraint,INEQ-LOWER-D019-H04-PW01
20260811_121452_stage_B_2C_4168a6e9,inequality,5300,5300,constraint,INEQ-UPPER-D019-H04-PW01
20260811_121452_stage_B_2C_4168a6e9,inequality,5301,5301,constraint,INEQ-LOWER-D019-H04-PW02
20260811_121452_stage_B_2C_4168a6e9,inequality,5302,5302,constraint,INEQ-UPPER-D019-H04-PW02
20260811_121452_stage_B_2C_4168a6e9,inequality,5303,5303,constraint,INEQ-LOWER-D019-H04-PW03
20260811_121452_stage_B_2C_4168a6e9,inequality,5304,5304,constraint,INEQ-UPPER-D019-H04-PW03
20260811_121452_stage_B_2C_4168a6e9,inequality,5305,5305,constraint,INEQ-LOWER-D019-H04-PW04
20260811_121452_stage_B_2C_4168a6e9,inequality,5306,5306,constraint,INEQ-UPPER-D019-H04-PW04
20260811_121452_stage_B_2C_4168a6e9,inequality,5307,5307,constraint,INEQ-LOWER-D019-H04-PW05
20260811_121452_stage_B_2C_4168a6e9,inequality,5308,5308,constraint,INEQ-UPPER-D019-H04-PW05
20260811_121452_stage_B_2C_4168a6e9,inequality,5309,5309,constraint,INEQ-LOWER-D019-H04-PH01
20260811_121452_stage_B_2C_4168a6e9,inequality,5310,5310,constraint,INEQ-UPPER-D019-H04-PH01
20260811_121452_stage_B_2C_4168a6e9,inequality,5311,5311,constraint,INEQ-LOWER-D019-H04-PH02
20260811_121452_stage_B_2C_4168a6e9,inequality,5312,5312,constraint,INEQ-UPPER-D019-H04-PH02
20260811_121452_stage_B_2C_4168a6e9,inequality,5313,5313,constraint,INEQ-LOWER-D019-H04-PH03
20260811_121452_stage_B_2C_4168a6e9,inequality,5314,5314,constraint,INEQ-UPPER-D019-H04-PH03
20260811_121452_stage_B_2C_4168a6e9,inequality,5315,5315,constraint,INEQ-LOWER-D019-H04-PH04
20260811_121452_stage_B_2C_4168a6e9,inequality,5316,5316,constraint,INEQ-UPPER-D019-H04-PH04
20260811_121452_stage_B_2C_4168a6e9,inequality,5317,5317,constraint,INEQ-LOWER-D019-H04-PF01
20260811_121452_stage_B_2C_4168a6e9,inequality,5318,5318,constraint,INEQ-UPPER-D019-H04-PF01
20260811_121452_stage_B_2C_4168a6e9,inequality,5319,5319,constraint,INEQ-LOWER-D019-H04-PF02
20260811_121452_stage_B_2C_4168a6e9,inequality,5320,5320,constraint,INEQ-UPPER-D019-H04-PF02
20260811_121452_stage_B_2C_4168a6e9,inequality,5321,5321,constraint,INEQ-LOWER-D019-H04-PF03
20260811_121452_stage_B_2C_4168a6e9,inequality,5322,5322,constraint,INEQ-UPPER-D019-H04-PF03
20260811_121452_stage_B_2C_4168a6e9,inequality,5323,5323,constraint,INEQ-LOWER-D019-H04-PF04
20260811_121452_stage_B_2C_4168a6e9,inequality,5324,5324,constraint,INEQ-UPPER-D019-H04-PF04
20260811_121452_stage_B_2C_4168a6e9,inequality,5325,5325,constraint,INEQ-LOWER-D019-H04-Pch01
20260811_121452_stage_B_2C_4168a6e9,inequality,5326,5326,constraint,INEQ-UPPER-D019-H04-Pch01
20260811_121452_stage_B_2C_4168a6e9,inequality,5327,5327,constraint,INEQ-LOWER-D019-H04-Pch02
20260811_121452_stage_B_2C_4168a6e9,inequality,5328,5328,constraint,INEQ-UPPER-D019-H04-Pch02
20260811_121452_stage_B_2C_4168a6e9,inequality,5329,5329,constraint,INEQ-LOWER-D019-H04-Pdis01
20260811_121452_stage_B_2C_4168a6e9,inequality,5330,5330,constraint,INEQ-UPPER-D019-H04-Pdis01
20260811_121452_stage_B_2C_4168a6e9,inequality,5331,5331,constraint,INEQ-LOWER-D019-H04-Pdis02
20260811_121452_stage_B_2C_4168a6e9,inequality,5332,5332,constraint,INEQ-UPPER-D019-H04-Pdis02
20260811_121452_stage_B_2C_4168a6e9,inequality,5333,5333,constraint,INEQ-LOWER-D019-H04-SOC01
20260811_121452_stage_B_2C_4168a6e9,inequality,5334,5334,constraint,INEQ-UPPER-D019-H04-SOC01
20260811_121452_stage_B_2C_4168a6e9,inequality,5335,5335,constraint,INEQ-LOWER-D019-H04-SOC02
20260811_121452_stage_B_2C_4168a6e9,inequality,5336,5336,constraint,INEQ-UPPER-D019-H04-SOC02
20260811_121452_stage_B_2C_4168a6e9,inequality,5337,5337,constraint,INEQ-LOWER-D019-H05-PW01
20260811_121452_stage_B_2C_4168a6e9,inequality,5338,5338,constraint,INEQ-UPPER-D019-H05-PW01
20260811_121452_stage_B_2C_4168a6e9,inequality,5339,5339,constraint,INEQ-LOWER-D019-H05-PW02
20260811_121452_stage_B_2C_4168a6e9,inequality,5340,5340,constraint,INEQ-UPPER-D019-H05-PW02
20260811_121452_stage_B_2C_4168a6e9,inequality,5341,5341,constraint,INEQ-LOWER-D019-H05-PW03
20260811_121452_stage_B_2C_4168a6e9,inequality,5342,5342,constraint,INEQ-UPPER-D019-H05-PW03
20260811_121452_stage_B_2C_4168a6e9,inequality,5343,5343,constraint,INEQ-LOWER-D019-H05-PW04
20260811_121452_stage_B_2C_4168a6e9,inequality,5344,5344,constraint,INEQ-UPPER-D019-H05-PW04
20260811_121452_stage_B_2C_4168a6e9,inequality,5345,5345,constraint,INEQ-LOWER-D019-H05-PW05
20260811_121452_stage_B_2C_4168a6e9,inequality,5346,5346,constraint,INEQ-UPPER-D019-H05-PW05
20260811_121452_stage_B_2C_4168a6e9,inequality,5347,5347,constraint,INEQ-LOWER-D019-H05-PH01
20260811_121452_stage_B_2C_4168a6e9,inequality,5348,5348,constraint,INEQ-UPPER-D019-H05-PH01
20260811_121452_stage_B_2C_4168a6e9,inequality,5349,5349,constraint,INEQ-LOWER-D019-H05-PH02
20260811_121452_stage_B_2C_4168a6e9,inequality,5350,5350,constraint,INEQ-UPPER-D019-H05-PH02
20260811_121452_stage_B_2C_4168a6e9,inequality,5351,5351,constraint,INEQ-LOWER-D019-H05-PH03
20260811_121452_stage_B_2C_4168a6e9,inequality,5352,5352,constraint,INEQ-UPPER-D019-H05-PH03
20260811_121452_stage_B_2C_4168a6e9,inequality,5353,5353,constraint,INEQ-LOWER-D019-H05-PH04
20260811_121452_stage_B_2C_4168a6e9,inequality,5354,5354,constraint,INEQ-UPPER-D019-H05-PH04
20260811_121452_stage_B_2C_4168a6e9,inequality,5355,5355,constraint,INEQ-LOWER-D019-H05-PF01
20260811_121452_stage_B_2C_4168a6e9,inequality,5356,5356,constraint,INEQ-UPPER-D019-H05-PF01
20260811_121452_stage_B_2C_4168a6e9,inequality,5357,5357,constraint,INEQ-LOWER-D019-H05-PF02
20260811_121452_stage_B_2C_4168a6e9,inequality,5358,5358,constraint,INEQ-UPPER-D019-H05-PF02
20260811_121452_stage_B_2C_4168a6e9,inequality,5359,5359,constraint,INEQ-LOWER-D019-H05-PF03
20260811_121452_stage_B_2C_4168a6e9,inequality,5360,5360,constraint,INEQ-UPPER-D019-H05-PF03
20260811_121452_stage_B_2C_4168a6e9,inequality,5361,5361,constraint,INEQ-LOWER-D019-H05-PF04
20260811_121452_stage_B_2C_4168a6e9,inequality,5362,5362,constraint,INEQ-UPPER-D019-H05-PF04
20260811_121452_stage_B_2C_4168a6e9,inequality,5363,5363,constraint,INEQ-LOWER-D019-H05-Pch01
20260811_121452_stage_B_2C_4168a6e9,inequality,5364,5364,constraint,INEQ-UPPER-D019-H05-Pch01
20260811_121452_stage_B_2C_4168a6e9,inequality,5365,5365,constraint,INEQ-LOWER-D019-H05-Pch02
20260811_121452_stage_B_2C_4168a6e9,inequality,5366,5366,constraint,INEQ-UPPER-D019-H05-Pch02
20260811_121452_stage_B_2C_4168a6e9,inequality,5367,5367,constraint,INEQ-LOWER-D019-H05-Pdis01
20260811_121452_stage_B_2C_4168a6e9,inequality,5368,5368,constraint,INEQ-UPPER-D019-H05-Pdis01
20260811_121452_stage_B_2C_4168a6e9,inequality,5369,5369,constraint,INEQ-LOWER-D019-H05-Pdis02
20260811_121452_stage_B_2C_4168a6e9,inequality,5370,5370,constraint,INEQ-UPPER-D019-H05-Pdis02
20260811_121452_stage_B_2C_4168a6e9,inequality,5371,5371,constraint,INEQ-LOWER-D019-H05-SOC01
20260811_121452_stage_B_2C_4168a6e9,inequality,5372,5372,constraint,INEQ-UPPER-D019-H05-SOC01
20260811_121452_stage_B_2C_4168a6e9,inequality,5373,5373,constraint,INEQ-LOWER-D019-H05-SOC02
20260811_121452_stage_B_2C_4168a6e9,inequality,5374,5374,constraint,INEQ-UPPER-D019-H05-SOC02
20260811_121452_stage_B_2C_4168a6e9,inequality,5375,5375,constraint,INEQ-LOWER-D019-H06-PW01
20260811_121452_stage_B_2C_4168a6e9,inequality,5376,5376,constraint,INEQ-UPPER-D019-H06-PW01
20260811_121452_stage_B_2C_4168a6e9,inequality,5377,5377,constraint,INEQ-LOWER-D019-H06-PW02
20260811_121452_stage_B_2C_4168a6e9,inequality,5378,5378,constraint,INEQ-UPPER-D019-H06-PW02
20260811_121452_stage_B_2C_4168a6e9,inequality,5379,5379,constraint,INEQ-LOWER-D019-H06-PW03
20260811_121452_stage_B_2C_4168a6e9,inequality,5380,5380,constraint,INEQ-UPPER-D019-H06-PW03
20260811_121452_stage_B_2C_4168a6e9,inequality,5381,5381,constraint,INEQ-LOWER-D019-H06-PW04
20260811_121452_stage_B_2C_4168a6e9,inequality,5382,5382,constraint,INEQ-UPPER-D019-H06-PW04
20260811_121452_stage_B_2C_4168a6e9,inequality,5383,5383,constraint,INEQ-LOWER-D019-H06-PW05
20260811_121452_stage_B_2C_4168a6e9,inequality,5384,5384,constraint,INEQ-UPPER-D019-H06-PW05
20260811_121452_stage_B_2C_4168a6e9,inequality,5385,5385,constraint,INEQ-LOWER-D019-H06-PH01
20260811_121452_stage_B_2C_4168a6e9,inequality,5386,5386,constraint,INEQ-UPPER-D019-H06-PH01
20260811_121452_stage_B_2C_4168a6e9,inequality,5387,5387,constraint,INEQ-LOWER-D019-H06-PH02
20260811_121452_stage_B_2C_4168a6e9,inequality,5388,5388,constraint,INEQ-UPPER-D019-H06-PH02
20260811_121452_stage_B_2C_4168a6e9,inequality,5389,5389,constraint,INEQ-LOWER-D019-H06-PH03
20260811_121452_stage_B_2C_4168a6e9,inequality,5390,5390,constraint,INEQ-UPPER-D019-H06-PH03
20260811_121452_stage_B_2C_4168a6e9,inequality,5391,5391,constraint,INEQ-LOWER-D019-H06-PH04
20260811_121452_stage_B_2C_4168a6e9,inequality,5392,5392,constraint,INEQ-UPPER-D019-H06-PH04
20260811_121452_stage_B_2C_4168a6e9,inequality,5393,5393,constraint,INEQ-LOWER-D019-H06-PF01
20260811_121452_stage_B_2C_4168a6e9,inequality,5394,5394,constraint,INEQ-UPPER-D019-H06-PF01
20260811_121452_stage_B_2C_4168a6e9,inequality,5395,5395,constraint,INEQ-LOWER-D019-H06-PF02
20260811_121452_stage_B_2C_4168a6e9,inequality,5396,5396,constraint,INEQ-UPPER-D019-H06-PF02
20260811_121452_stage_B_2C_4168a6e9,inequality,5397,5397,constraint,INEQ-LOWER-D019-H06-PF03
20260811_121452_stage_B_2C_4168a6e9,inequality,5398,5398,constraint,INEQ-UPPER-D019-H06-PF03
20260811_121452_stage_B_2C_4168a6e9,inequality,5399,5399,constraint,INEQ-LOWER-D019-H06-PF04
20260811_121452_stage_B_2C_4168a6e9,inequality,5400,5400,constraint,INEQ-UPPER-D019-H06-PF04
20260811_121452_stage_B_2C_4168a6e9,inequality,5401,5401,constraint,INEQ-LOWER-D019-H06-Pch01
20260811_121452_stage_B_2C_4168a6e9,inequality,5402,5402,constraint,INEQ-UPPER-D019-H06-Pch01
20260811_121452_stage_B_2C_4168a6e9,inequality,5403,5403,constraint,INEQ-LOWER-D019-H06-Pch02
20260811_121452_stage_B_2C_4168a6e9,inequality,5404,5404,constraint,INEQ-UPPER-D019-H06-Pch02
20260811_121452_stage_B_2C_4168a6e9,inequality,5405,5405,constraint,INEQ-LOWER-D019-H06-Pdis01
20260811_121452_stage_B_2C_4168a6e9,inequality,5406,5406,constraint,INEQ-UPPER-D019-H06-Pdis01
20260811_121452_stage_B_2C_4168a6e9,inequality,5407,5407,constraint,INEQ-LOWER-D019-H06-Pdis02
20260811_121452_stage_B_2C_4168a6e9,inequality,5408,5408,constraint,INEQ-UPPER-D019-H06-Pdis02
20260811_121452_stage_B_2C_4168a6e9,inequality,5409,5409,constraint,INEQ-LOWER-D019-H06-SOC01
20260811_121452_stage_B_2C_4168a6e9,inequality,5410,5410,constraint,INEQ-UPPER-D019-H06-SOC01
20260811_121452_stage_B_2C_4168a6e9,inequality,5411,5411,constraint,INEQ-LOWER-D019-H06-SOC02
20260811_121452_stage_B_2C_4168a6e9,inequality,5412,5412,constraint,INEQ-UPPER-D019-H06-SOC02
20260811_121452_stage_B_2C_4168a6e9,inequality,5413,5413,constraint,INEQ-LOWER-D019-H07-PW01
20260811_121452_stage_B_2C_4168a6e9,inequality,5414,5414,constraint,INEQ-UPPER-D019-H07-PW01
20260811_121452_stage_B_2C_4168a6e9,inequality,5415,5415,constraint,INEQ-LOWER-D019-H07-PW02
20260811_121452_stage_B_2C_4168a6e9,inequality,5416,5416,constraint,INEQ-UPPER-D019-H07-PW02
20260811_121452_stage_B_2C_4168a6e9,inequality,5417,5417,constraint,INEQ-LOWER-D019-H07-PW03
20260811_121452_stage_B_2C_4168a6e9,inequality,5418,5418,constraint,INEQ-UPPER-D019-H07-PW03
20260811_121452_stage_B_2C_4168a6e9,inequality,5419,5419,constraint,INEQ-LOWER-D019-H07-PW04
20260811_121452_stage_B_2C_4168a6e9,inequality,5420,5420,constraint,INEQ-UPPER-D019-H07-PW04
20260811_121452_stage_B_2C_4168a6e9,inequality,5421,5421,constraint,INEQ-LOWER-D019-H07-PW05
20260811_121452_stage_B_2C_4168a6e9,inequality,5422,5422,constraint,INEQ-UPPER-D019-H07-PW05
20260811_121452_stage_B_2C_4168a6e9,inequality,5423,5423,constraint,INEQ-LOWER-D019-H07-PH01
20260811_121452_stage_B_2C_4168a6e9,inequality,5424,5424,constraint,INEQ-UPPER-D019-H07-PH01
20260811_121452_stage_B_2C_4168a6e9,inequality,5425,5425,constraint,INEQ-LOWER-D019-H07-PH02
20260811_121452_stage_B_2C_4168a6e9,inequality,5426,5426,constraint,INEQ-UPPER-D019-H07-PH02
20260811_121452_stage_B_2C_4168a6e9,inequality,5427,5427,constraint,INEQ-LOWER-D019-H07-PH03
20260811_121452_stage_B_2C_4168a6e9,inequality,5428,5428,constraint,INEQ-UPPER-D019-H07-PH03
20260811_121452_stage_B_2C_4168a6e9,inequality,5429,5429,constraint,INEQ-LOWER-D019-H07-PH04
20260811_121452_stage_B_2C_4168a6e9,inequality,5430,5430,constraint,INEQ-UPPER-D019-H07-PH04
20260811_121452_stage_B_2C_4168a6e9,inequality,5431,5431,constraint,INEQ-LOWER-D019-H07-PF01
20260811_121452_stage_B_2C_4168a6e9,inequality,5432,5432,constraint,INEQ-UPPER-D019-H07-PF01
20260811_121452_stage_B_2C_4168a6e9,inequality,5433,5433,constraint,INEQ-LOWER-D019-H07-PF02
20260811_121452_stage_B_2C_4168a6e9,inequality,5434,5434,constraint,INEQ-UPPER-D019-H07-PF02
20260811_121452_stage_B_2C_4168a6e9,inequality,5435,5435,constraint,INEQ-LOWER-D019-H07-PF03
20260811_121452_stage_B_2C_4168a6e9,inequality,5436,5436,constraint,INEQ-UPPER-D019-H07-PF03
20260811_121452_stage_B_2C_4168a6e9,inequality,5437,5437,constraint,INEQ-LOWER-D019-H07-PF04
20260811_121452_stage_B_2C_4168a6e9,inequality,5438,5438,constraint,INEQ-UPPER-D019-H07-PF04
20260811_121452_stage_B_2C_4168a6e9,inequality,5439,5439,constraint,INEQ-LOWER-D019-H07-Pch01
20260811_121452_stage_B_2C_4168a6e9,inequality,5440,5440,constraint,INEQ-UPPER-D019-H07-Pch01
20260811_121452_stage_B_2C_4168a6e9,inequality,5441,5441,constraint,INEQ-LOWER-D019-H07-Pch02
20260811_121452_stage_B_2C_4168a6e9,inequality,5442,5442,constraint,INEQ-UPPER-D019-H07-Pch02
20260811_121452_stage_B_2C_4168a6e9,inequality,5443,5443,constraint,INEQ-LOWER-D019-H07-Pdis01
20260811_121452_stage_B_2C_4168a6e9,inequality,5444,5444,constraint,INEQ-UPPER-D019-H07-Pdis01
20260811_121452_stage_B_2C_4168a6e9,inequality,5445,5445,constraint,INEQ-LOWER-D019-H07-Pdis02
20260811_121452_stage_B_2C_4168a6e9,inequality,5446,5446,constraint,INEQ-UPPER-D019-H07-Pdis02
20260811_121452_stage_B_2C_4168a6e9,inequality,5447,5447,constraint,INEQ-LOWER-D019-H07-SOC01
20260811_121452_stage_B_2C_4168a6e9,inequality,5448,5448,constraint,INEQ-UPPER-D019-H07-SOC01
20260811_121452_stage_B_2C_4168a6e9,inequality,5449,5449,constraint,INEQ-LOWER-D019-H07-SOC02
20260811_121452_stage_B_2C_4168a6e9,inequality,5450,5450,constraint,INEQ-UPPER-D019-H07-SOC02
20260811_121452_stage_B_2C_4168a6e9,inequality,5451,5451,constraint,INEQ-LOWER-D019-H08-PW01
20260811_121452_stage_B_2C_4168a6e9,inequality,5452,5452,constraint,INEQ-UPPER-D019-H08-PW01
20260811_121452_stage_B_2C_4168a6e9,inequality,5453,5453,constraint,INEQ-LOWER-D019-H08-PW02
20260811_121452_stage_B_2C_4168a6e9,inequality,5454,5454,constraint,INEQ-UPPER-D019-H08-PW02
20260811_121452_stage_B_2C_4168a6e9,inequality,5455,5455,constraint,INEQ-LOWER-D019-H08-PW03
20260811_121452_stage_B_2C_4168a6e9,inequality,5456,5456,constraint,INEQ-UPPER-D019-H08-PW03
20260811_121452_stage_B_2C_4168a6e9,inequality,5457,5457,constraint,INEQ-LOWER-D019-H08-PW04
20260811_121452_stage_B_2C_4168a6e9,inequality,5458,5458,constraint,INEQ-UPPER-D019-H08-PW04
20260811_121452_stage_B_2C_4168a6e9,inequality,5459,5459,constraint,INEQ-LOWER-D019-H08-PW05
20260811_121452_stage_B_2C_4168a6e9,inequality,5460,5460,constraint,INEQ-UPPER-D019-H08-PW05
20260811_121452_stage_B_2C_4168a6e9,inequality,5461,5461,constraint,INEQ-LOWER-D019-H08-PP01
20260811_121452_stage_B_2C_4168a6e9,inequality,5462,5462,constraint,INEQ-UPPER-D019-H08-PP01
20260811_121452_stage_B_2C_4168a6e9,inequality,5463,5463,constraint,INEQ-LOWER-D019-H08-PP02
20260811_121452_stage_B_2C_4168a6e9,inequality,5464,5464,constraint,INEQ-UPPER-D019-H08-PP02
20260811_121452_stage_B_2C_4168a6e9,inequality,5465,5465,constraint,INEQ-LOWER-D019-H08-PP03
20260811_121452_stage_B_2C_4168a6e9,inequality,5466,5466,constraint,INEQ-UPPER-D019-H08-PP03
20260811_121452_stage_B_2C_4168a6e9,inequality,5467,5467,constraint,INEQ-LOWER-D019-H08-PP04
20260811_121452_stage_B_2C_4168a6e9,inequality,5468,5468,constraint,INEQ-UPPER-D019-H08-PP04
20260811_121452_stage_B_2C_4168a6e9,inequality,5469,5469,constraint,INEQ-LOWER-D019-H08-PP05
20260811_121452_stage_B_2C_4168a6e9,inequality,5470,5470,constraint,INEQ-UPPER-D019-H08-PP05
20260811_121452_stage_B_2C_4168a6e9,inequality,5471,5471,constraint,INEQ-LOWER-D019-H08-PH01
20260811_121452_stage_B_2C_4168a6e9,inequality,5472,5472,constraint,INEQ-UPPER-D019-H08-PH01
20260811_121452_stage_B_2C_4168a6e9,inequality,5473,5473,constraint,INEQ-LOWER-D019-H08-PH02
20260811_121452_stage_B_2C_4168a6e9,inequality,5474,5474,constraint,INEQ-UPPER-D019-H08-PH02
20260811_121452_stage_B_2C_4168a6e9,inequality,5475,5475,constraint,INEQ-LOWER-D019-H08-PH03
20260811_121452_stage_B_2C_4168a6e9,inequality,5476,5476,constraint,INEQ-UPPER-D019-H08-PH03
20260811_121452_stage_B_2C_4168a6e9,inequality,5477,5477,constraint,INEQ-LOWER-D019-H08-PH04
20260811_121452_stage_B_2C_4168a6e9,inequality,5478,5478,constraint,INEQ-UPPER-D019-H08-PH04
20260811_121452_stage_B_2C_4168a6e9,inequality,5479,5479,constraint,INEQ-LOWER-D019-H08-PF01
20260811_121452_stage_B_2C_4168a6e9,inequality,5480,5480,constraint,INEQ-UPPER-D019-H08-PF01
20260811_121452_stage_B_2C_4168a6e9,inequality,5481,5481,constraint,INEQ-LOWER-D019-H08-PF02
20260811_121452_stage_B_2C_4168a6e9,inequality,5482,5482,constraint,INEQ-UPPER-D019-H08-PF02
20260811_121452_stage_B_2C_4168a6e9,inequality,5483,5483,constraint,INEQ-LOWER-D019-H08-PF03
20260811_121452_stage_B_2C_4168a6e9,inequality,5484,5484,constraint,INEQ-UPPER-D019-H08-PF03
20260811_121452_stage_B_2C_4168a6e9,inequality,5485,5485,constraint,INEQ-LOWER-D019-H08-PF04
20260811_121452_stage_B_2C_4168a6e9,inequality,5486,5486,constraint,INEQ-UPPER-D019-H08-PF04
20260811_121452_stage_B_2C_4168a6e9,inequality,5487,5487,constraint,INEQ-LOWER-D019-H08-Pch01
20260811_121452_stage_B_2C_4168a6e9,inequality,5488,5488,constraint,INEQ-UPPER-D019-H08-Pch01
20260811_121452_stage_B_2C_4168a6e9,inequality,5489,5489,constraint,INEQ-LOWER-D019-H08-Pch02
20260811_121452_stage_B_2C_4168a6e9,inequality,5490,5490,constraint,INEQ-UPPER-D019-H08-Pch02
20260811_121452_stage_B_2C_4168a6e9,inequality,5491,5491,constraint,INEQ-LOWER-D019-H08-Pdis01
20260811_121452_stage_B_2C_4168a6e9,inequality,5492,5492,constraint,INEQ-UPPER-D019-H08-Pdis01
20260811_121452_stage_B_2C_4168a6e9,inequality,5493,5493,constraint,INEQ-LOWER-D019-H08-Pdis02
20260811_121452_stage_B_2C_4168a6e9,inequality,5494,5494,constraint,INEQ-UPPER-D019-H08-Pdis02
20260811_121452_stage_B_2C_4168a6e9,inequality,5495,5495,constraint,INEQ-LOWER-D019-H08-SOC01
20260811_121452_stage_B_2C_4168a6e9,inequality,5496,5496,constraint,INEQ-UPPER-D019-H08-SOC01
20260811_121452_stage_B_2C_4168a6e9,inequality,5497,5497,constraint,INEQ-LOWER-D019-H08-SOC02
20260811_121452_stage_B_2C_4168a6e9,inequality,5498,5498,constraint,INEQ-UPPER-D019-H08-SOC02
20260811_121452_stage_B_2C_4168a6e9,inequality,5499,5499,constraint,INEQ-LOWER-D019-H09-PW01
20260811_121452_stage_B_2C_4168a6e9,inequality,5500,5500,constraint,INEQ-UPPER-D019-H09-PW01
20260811_121452_stage_B_2C_4168a6e9,inequality,5501,5501,constraint,INEQ-LOWER-D019-H09-PW02
20260811_121452_stage_B_2C_4168a6e9,inequality,5502,5502,constraint,INEQ-UPPER-D019-H09-PW02
20260811_121452_stage_B_2C_4168a6e9,inequality,5503,5503,constraint,INEQ-LOWER-D019-H09-PW03
20260811_121452_stage_B_2C_4168a6e9,inequality,5504,5504,constraint,INEQ-UPPER-D019-H09-PW03
20260811_121452_stage_B_2C_4168a6e9,inequality,5505,5505,constraint,INEQ-LOWER-D019-H09-PW04
20260811_121452_stage_B_2C_4168a6e9,inequality,5506,5506,constraint,INEQ-UPPER-D019-H09-PW04
20260811_121452_stage_B_2C_4168a6e9,inequality,5507,5507,constraint,INEQ-LOWER-D019-H09-PW05
20260811_121452_stage_B_2C_4168a6e9,inequality,5508,5508,constraint,INEQ-UPPER-D019-H09-PW05
20260811_121452_stage_B_2C_4168a6e9,inequality,5509,5509,constraint,INEQ-LOWER-D019-H09-PP01
20260811_121452_stage_B_2C_4168a6e9,inequality,5510,5510,constraint,INEQ-UPPER-D019-H09-PP01
20260811_121452_stage_B_2C_4168a6e9,inequality,5511,5511,constraint,INEQ-LOWER-D019-H09-PP02
20260811_121452_stage_B_2C_4168a6e9,inequality,5512,5512,constraint,INEQ-UPPER-D019-H09-PP02
20260811_121452_stage_B_2C_4168a6e9,inequality,5513,5513,constraint,INEQ-LOWER-D019-H09-PP03
20260811_121452_stage_B_2C_4168a6e9,inequality,5514,5514,constraint,INEQ-UPPER-D019-H09-PP03
20260811_121452_stage_B_2C_4168a6e9,inequality,5515,5515,constraint,INEQ-LOWER-D019-H09-PP04
20260811_121452_stage_B_2C_4168a6e9,inequality,5516,5516,constraint,INEQ-UPPER-D019-H09-PP04
20260811_121452_stage_B_2C_4168a6e9,inequality,5517,5517,constraint,INEQ-LOWER-D019-H09-PP05
20260811_121452_stage_B_2C_4168a6e9,inequality,5518,5518,constraint,INEQ-UPPER-D019-H09-PP05
20260811_121452_stage_B_2C_4168a6e9,inequality,5519,5519,constraint,INEQ-LOWER-D019-H09-PH01
20260811_121452_stage_B_2C_4168a6e9,inequality,5520,5520,constraint,INEQ-UPPER-D019-H09-PH01
20260811_121452_stage_B_2C_4168a6e9,inequality,5521,5521,constraint,INEQ-LOWER-D019-H09-PH02
20260811_121452_stage_B_2C_4168a6e9,inequality,5522,5522,constraint,INEQ-UPPER-D019-H09-PH02
20260811_121452_stage_B_2C_4168a6e9,inequality,5523,5523,constraint,INEQ-LOWER-D019-H09-PH03
20260811_121452_stage_B_2C_4168a6e9,inequality,5524,5524,constraint,INEQ-UPPER-D019-H09-PH03
20260811_121452_stage_B_2C_4168a6e9,inequality,5525,5525,constraint,INEQ-LOWER-D019-H09-PH04
20260811_121452_stage_B_2C_4168a6e9,inequality,5526,5526,constraint,INEQ-UPPER-D019-H09-PH04
20260811_121452_stage_B_2C_4168a6e9,inequality,5527,5527,constraint,INEQ-LOWER-D019-H09-PF01
20260811_121452_stage_B_2C_4168a6e9,inequality,5528,5528,constraint,INEQ-UPPER-D019-H09-PF01
20260811_121452_stage_B_2C_4168a6e9,inequality,5529,5529,constraint,INEQ-LOWER-D019-H09-PF02
20260811_121452_stage_B_2C_4168a6e9,inequality,5530,5530,constraint,INEQ-UPPER-D019-H09-PF02
20260811_121452_stage_B_2C_4168a6e9,inequality,5531,5531,constraint,INEQ-LOWER-D019-H09-PF03
20260811_121452_stage_B_2C_4168a6e9,inequality,5532,5532,constraint,INEQ-UPPER-D019-H09-PF03
20260811_121452_stage_B_2C_4168a6e9,inequality,5533,5533,constraint,INEQ-LOWER-D019-H09-PF04
20260811_121452_stage_B_2C_4168a6e9,inequality,5534,5534,constraint,INEQ-UPPER-D019-H09-PF04
20260811_121452_stage_B_2C_4168a6e9,inequality,5535,5535,constraint,INEQ-LOWER-D019-H09-Pch01
20260811_121452_stage_B_2C_4168a6e9,inequality,5536,5536,constraint,INEQ-UPPER-D019-H09-Pch01
20260811_121452_stage_B_2C_4168a6e9,inequality,5537,5537,constraint,INEQ-LOWER-D019-H09-Pch02
20260811_121452_stage_B_2C_4168a6e9,inequality,5538,5538,constraint,INEQ-UPPER-D019-H09-Pch02
20260811_121452_stage_B_2C_4168a6e9,inequality,5539,5539,constraint,INEQ-LOWER-D019-H09-Pdis01
20260811_121452_stage_B_2C_4168a6e9,inequality,5540,5540,constraint,INEQ-UPPER-D019-H09-Pdis01
20260811_121452_stage_B_2C_4168a6e9,inequality,5541,5541,constraint,INEQ-LOWER-D019-H09-Pdis02
20260811_121452_stage_B_2C_4168a6e9,inequality,5542,5542,constraint,INEQ-UPPER-D019-H09-Pdis02
20260811_121452_stage_B_2C_4168a6e9,inequality,5543,5543,constraint,INEQ-LOWER-D019-H09-SOC01
20260811_121452_stage_B_2C_4168a6e9,inequality,5544,5544,constraint,INEQ-UPPER-D019-H09-SOC01
20260811_121452_stage_B_2C_4168a6e9,inequality,5545,5545,constraint,INEQ-LOWER-D019-H09-SOC02
20260811_121452_stage_B_2C_4168a6e9,inequality,5546,5546,constraint,INEQ-UPPER-D019-H09-SOC02
20260811_121452_stage_B_2C_4168a6e9,inequality,5547,5547,constraint,INEQ-LOWER-D019-H10-PW01
20260811_121452_stage_B_2C_4168a6e9,inequality,5548,5548,constraint,INEQ-UPPER-D019-H10-PW01
20260811_121452_stage_B_2C_4168a6e9,inequality,5549,5549,constraint,INEQ-LOWER-D019-H10-PW02
20260811_121452_stage_B_2C_4168a6e9,inequality,5550,5550,constraint,INEQ-UPPER-D019-H10-PW02
20260811_121452_stage_B_2C_4168a6e9,inequality,5551,5551,constraint,INEQ-LOWER-D019-H10-PW03
20260811_121452_stage_B_2C_4168a6e9,inequality,5552,5552,constraint,INEQ-UPPER-D019-H10-PW03
20260811_121452_stage_B_2C_4168a6e9,inequality,5553,5553,constraint,INEQ-LOWER-D019-H10-PW04
20260811_121452_stage_B_2C_4168a6e9,inequality,5554,5554,constraint,INEQ-UPPER-D019-H10-PW04
20260811_121452_stage_B_2C_4168a6e9,inequality,5555,5555,constraint,INEQ-LOWER-D019-H10-PW05
20260811_121452_stage_B_2C_4168a6e9,inequality,5556,5556,constraint,INEQ-UPPER-D019-H10-PW05
20260811_121452_stage_B_2C_4168a6e9,inequality,5557,5557,constraint,INEQ-LOWER-D019-H10-PP01
20260811_121452_stage_B_2C_4168a6e9,inequality,5558,5558,constraint,INEQ-UPPER-D019-H10-PP01
20260811_121452_stage_B_2C_4168a6e9,inequality,5559,5559,constraint,INEQ-LOWER-D019-H10-PP02
20260811_121452_stage_B_2C_4168a6e9,inequality,5560,5560,constraint,INEQ-UPPER-D019-H10-PP02
20260811_121452_stage_B_2C_4168a6e9,inequality,5561,5561,constraint,INEQ-LOWER-D019-H10-PP03
20260811_121452_stage_B_2C_4168a6e9,inequality,5562,5562,constraint,INEQ-UPPER-D019-H10-PP03
20260811_121452_stage_B_2C_4168a6e9,inequality,5563,5563,constraint,INEQ-LOWER-D019-H10-PP04
20260811_121452_stage_B_2C_4168a6e9,inequality,5564,5564,constraint,INEQ-UPPER-D019-H10-PP04
20260811_121452_stage_B_2C_4168a6e9,inequality,5565,5565,constraint,INEQ-LOWER-D019-H10-PP05
20260811_121452_stage_B_2C_4168a6e9,inequality,5566,5566,constraint,INEQ-UPPER-D019-H10-PP05
20260811_121452_stage_B_2C_4168a6e9,inequality,5567,5567,constraint,INEQ-LOWER-D019-H10-PH01
20260811_121452_stage_B_2C_4168a6e9,inequality,5568,5568,constraint,INEQ-UPPER-D019-H10-PH01
20260811_121452_stage_B_2C_4168a6e9,inequality,5569,5569,constraint,INEQ-LOWER-D019-H10-PH02
20260811_121452_stage_B_2C_4168a6e9,inequality,5570,5570,constraint,INEQ-UPPER-D019-H10-PH02
20260811_121452_stage_B_2C_4168a6e9,inequality,5571,5571,constraint,INEQ-LOWER-D019-H10-PH03
20260811_121452_stage_B_2C_4168a6e9,inequality,5572,5572,constraint,INEQ-UPPER-D019-H10-PH03
20260811_121452_stage_B_2C_4168a6e9,inequality,5573,5573,constraint,INEQ-LOWER-D019-H10-PH04
20260811_121452_stage_B_2C_4168a6e9,inequality,5574,5574,constraint,INEQ-UPPER-D019-H10-PH04
20260811_121452_stage_B_2C_4168a6e9,inequality,5575,5575,constraint,INEQ-LOWER-D019-H10-PF01
20260811_121452_stage_B_2C_4168a6e9,inequality,5576,5576,constraint,INEQ-UPPER-D019-H10-PF01
20260811_121452_stage_B_2C_4168a6e9,inequality,5577,5577,constraint,INEQ-LOWER-D019-H10-PF02
20260811_121452_stage_B_2C_4168a6e9,inequality,5578,5578,constraint,INEQ-UPPER-D019-H10-PF02
20260811_121452_stage_B_2C_4168a6e9,inequality,5579,5579,constraint,INEQ-LOWER-D019-H10-PF03
20260811_121452_stage_B_2C_4168a6e9,inequality,5580,5580,constraint,INEQ-UPPER-D019-H10-PF03
20260811_121452_stage_B_2C_4168a6e9,inequality,5581,5581,constraint,INEQ-LOWER-D019-H10-PF04
20260811_121452_stage_B_2C_4168a6e9,inequality,5582,5582,constraint,INEQ-UPPER-D019-H10-PF04
20260811_121452_stage_B_2C_4168a6e9,inequality,5583,5583,constraint,INEQ-LOWER-D019-H10-Pch01
20260811_121452_stage_B_2C_4168a6e9,inequality,5584,5584,constraint,INEQ-UPPER-D019-H10-Pch01
20260811_121452_stage_B_2C_4168a6e9,inequality,5585,5585,constraint,INEQ-LOWER-D019-H10-Pch02
20260811_121452_stage_B_2C_4168a6e9,inequality,5586,5586,constraint,INEQ-UPPER-D019-H10-Pch02
20260811_121452_stage_B_2C_4168a6e9,inequality,5587,5587,constraint,INEQ-LOWER-D019-H10-Pdis01
20260811_121452_stage_B_2C_4168a6e9,inequality,5588,5588,constraint,INEQ-UPPER-D019-H10-Pdis01
20260811_121452_stage_B_2C_4168a6e9,inequality,5589,5589,constraint,INEQ-LOWER-D019-H10-Pdis02
20260811_121452_stage_B_2C_4168a6e9,inequality,5590,5590,constraint,INEQ-UPPER-D019-H10-Pdis02
20260811_121452_stage_B_2C_4168a6e9,inequality,5591,5591,constraint,INEQ-LOWER-D019-H10-SOC01
20260811_121452_stage_B_2C_4168a6e9,inequality,5592,5592,constraint,INEQ-UPPER-D019-H10-SOC01
20260811_121452_stage_B_2C_4168a6e9,inequality,5593,5593,constraint,INEQ-LOWER-D019-H10-SOC02
20260811_121452_stage_B_2C_4168a6e9,inequality,5594,5594,constraint,INEQ-UPPER-D019-H10-SOC02
20260811_121452_stage_B_2C_4168a6e9,inequality,5595,5595,constraint,INEQ-LOWER-D019-H11-PW01
20260811_121452_stage_B_2C_4168a6e9,inequality,5596,5596,constraint,INEQ-UPPER-D019-H11-PW01
20260811_121452_stage_B_2C_4168a6e9,inequality,5597,5597,constraint,INEQ-LOWER-D019-H11-PW02
20260811_121452_stage_B_2C_4168a6e9,inequality,5598,5598,constraint,INEQ-UPPER-D019-H11-PW02
20260811_121452_stage_B_2C_4168a6e9,inequality,5599,5599,constraint,INEQ-LOWER-D019-H11-PW03
20260811_121452_stage_B_2C_4168a6e9,inequality,5600,5600,constraint,INEQ-UPPER-D019-H11-PW03
20260811_121452_stage_B_2C_4168a6e9,inequality,5601,5601,constraint,INEQ-LOWER-D019-H11-PW04
20260811_121452_stage_B_2C_4168a6e9,inequality,5602,5602,constraint,INEQ-UPPER-D019-H11-PW04
20260811_121452_stage_B_2C_4168a6e9,inequality,5603,5603,constraint,INEQ-LOWER-D019-H11-PW05
20260811_121452_stage_B_2C_4168a6e9,inequality,5604,5604,constraint,INEQ-UPPER-D019-H11-PW05
20260811_121452_stage_B_2C_4168a6e9,inequality,5605,5605,constraint,INEQ-LOWER-D019-H11-PP01
20260811_121452_stage_B_2C_4168a6e9,inequality,5606,5606,constraint,INEQ-UPPER-D019-H11-PP01
20260811_121452_stage_B_2C_4168a6e9,inequality,5607,5607,constraint,INEQ-LOWER-D019-H11-PP02
20260811_121452_stage_B_2C_4168a6e9,inequality,5608,5608,constraint,INEQ-UPPER-D019-H11-PP02
20260811_121452_stage_B_2C_4168a6e9,inequality,5609,5609,constraint,INEQ-LOWER-D019-H11-PP03
20260811_121452_stage_B_2C_4168a6e9,inequality,5610,5610,constraint,INEQ-UPPER-D019-H11-PP03
20260811_121452_stage_B_2C_4168a6e9,inequality,5611,5611,constraint,INEQ-LOWER-D019-H11-PP04
20260811_121452_stage_B_2C_4168a6e9,inequality,5612,5612,constraint,INEQ-UPPER-D019-H11-PP04
20260811_121452_stage_B_2C_4168a6e9,inequality,5613,5613,constraint,INEQ-LOWER-D019-H11-PP05
20260811_121452_stage_B_2C_4168a6e9,inequality,5614,5614,constraint,INEQ-UPPER-D019-H11-PP05
20260811_121452_stage_B_2C_4168a6e9,inequality,5615,5615,constraint,INEQ-LOWER-D019-H11-PH01
20260811_121452_stage_B_2C_4168a6e9,inequality,5616,5616,constraint,INEQ-UPPER-D019-H11-PH01
20260811_121452_stage_B_2C_4168a6e9,inequality,5617,5617,constraint,INEQ-LOWER-D019-H11-PH02
20260811_121452_stage_B_2C_4168a6e9,inequality,5618,5618,constraint,INEQ-UPPER-D019-H11-PH02
20260811_121452_stage_B_2C_4168a6e9,inequality,5619,5619,constraint,INEQ-LOWER-D019-H11-PH03
20260811_121452_stage_B_2C_4168a6e9,inequality,5620,5620,constraint,INEQ-UPPER-D019-H11-PH03
20260811_121452_stage_B_2C_4168a6e9,inequality,5621,5621,constraint,INEQ-LOWER-D019-H11-PH04
20260811_121452_stage_B_2C_4168a6e9,inequality,5622,5622,constraint,INEQ-UPPER-D019-H11-PH04
20260811_121452_stage_B_2C_4168a6e9,inequality,5623,5623,constraint,INEQ-LOWER-D019-H11-PF01
20260811_121452_stage_B_2C_4168a6e9,inequality,5624,5624,constraint,INEQ-UPPER-D019-H11-PF01
20260811_121452_stage_B_2C_4168a6e9,inequality,5625,5625,constraint,INEQ-LOWER-D019-H11-PF02
20260811_121452_stage_B_2C_4168a6e9,inequality,5626,5626,constraint,INEQ-UPPER-D019-H11-PF02
20260811_121452_stage_B_2C_4168a6e9,inequality,5627,5627,constraint,INEQ-LOWER-D019-H11-PF03
20260811_121452_stage_B_2C_4168a6e9,inequality,5628,5628,constraint,INEQ-UPPER-D019-H11-PF03
20260811_121452_stage_B_2C_4168a6e9,inequality,5629,5629,constraint,INEQ-LOWER-D019-H11-PF04
20260811_121452_stage_B_2C_4168a6e9,inequality,5630,5630,constraint,INEQ-UPPER-D019-H11-PF04
20260811_121452_stage_B_2C_4168a6e9,inequality,5631,5631,constraint,INEQ-LOWER-D019-H11-Pch01
20260811_121452_stage_B_2C_4168a6e9,inequality,5632,5632,constraint,INEQ-UPPER-D019-H11-Pch01
20260811_121452_stage_B_2C_4168a6e9,inequality,5633,5633,constraint,INEQ-LOWER-D019-H11-Pch02
20260811_121452_stage_B_2C_4168a6e9,inequality,5634,5634,constraint,INEQ-UPPER-D019-H11-Pch02
20260811_121452_stage_B_2C_4168a6e9,inequality,5635,5635,constraint,INEQ-LOWER-D019-H11-Pdis01
20260811_121452_stage_B_2C_4168a6e9,inequality,5636,5636,constraint,INEQ-UPPER-D019-H11-Pdis01
20260811_121452_stage_B_2C_4168a6e9,inequality,5637,5637,constraint,INEQ-LOWER-D019-H11-Pdis02
20260811_121452_stage_B_2C_4168a6e9,inequality,5638,5638,constraint,INEQ-UPPER-D019-H11-Pdis02
20260811_121452_stage_B_2C_4168a6e9,inequality,5639,5639,constraint,INEQ-LOWER-D019-H11-SOC01
20260811_121452_stage_B_2C_4168a6e9,inequality,5640,5640,constraint,INEQ-UPPER-D019-H11-SOC01
20260811_121452_stage_B_2C_4168a6e9,inequality,5641,5641,constraint,INEQ-LOWER-D019-H11-SOC02
20260811_121452_stage_B_2C_4168a6e9,inequality,5642,5642,constraint,INEQ-UPPER-D019-H11-SOC02
20260811_121452_stage_B_2C_4168a6e9,inequality,5643,5643,constraint,INEQ-LOWER-D019-H12-PW01
20260811_121452_stage_B_2C_4168a6e9,inequality,5644,5644,constraint,INEQ-UPPER-D019-H12-PW01
20260811_121452_stage_B_2C_4168a6e9,inequality,5645,5645,constraint,INEQ-LOWER-D019-H12-PW02
20260811_121452_stage_B_2C_4168a6e9,inequality,5646,5646,constraint,INEQ-UPPER-D019-H12-PW02
20260811_121452_stage_B_2C_4168a6e9,inequality,5647,5647,constraint,INEQ-LOWER-D019-H12-PW03
20260811_121452_stage_B_2C_4168a6e9,inequality,5648,5648,constraint,INEQ-UPPER-D019-H12-PW03
20260811_121452_stage_B_2C_4168a6e9,inequality,5649,5649,constraint,INEQ-LOWER-D019-H12-PW04
20260811_121452_stage_B_2C_4168a6e9,inequality,5650,5650,constraint,INEQ-UPPER-D019-H12-PW04
20260811_121452_stage_B_2C_4168a6e9,inequality,5651,5651,constraint,INEQ-LOWER-D019-H12-PW05
20260811_121452_stage_B_2C_4168a6e9,inequality,5652,5652,constraint,INEQ-UPPER-D019-H12-PW05
20260811_121452_stage_B_2C_4168a6e9,inequality,5653,5653,constraint,INEQ-LOWER-D019-H12-PP01
20260811_121452_stage_B_2C_4168a6e9,inequality,5654,5654,constraint,INEQ-UPPER-D019-H12-PP01
20260811_121452_stage_B_2C_4168a6e9,inequality,5655,5655,constraint,INEQ-LOWER-D019-H12-PP02
20260811_121452_stage_B_2C_4168a6e9,inequality,5656,5656,constraint,INEQ-UPPER-D019-H12-PP02
20260811_121452_stage_B_2C_4168a6e9,inequality,5657,5657,constraint,INEQ-LOWER-D019-H12-PP03
20260811_121452_stage_B_2C_4168a6e9,inequality,5658,5658,constraint,INEQ-UPPER-D019-H12-PP03
20260811_121452_stage_B_2C_4168a6e9,inequality,5659,5659,constraint,INEQ-LOWER-D019-H12-PP04
20260811_121452_stage_B_2C_4168a6e9,inequality,5660,5660,constraint,INEQ-UPPER-D019-H12-PP04
20260811_121452_stage_B_2C_4168a6e9,inequality,5661,5661,constraint,INEQ-LOWER-D019-H12-PP05
20260811_121452_stage_B_2C_4168a6e9,inequality,5662,5662,constraint,INEQ-UPPER-D019-H12-PP05
20260811_121452_stage_B_2C_4168a6e9,inequality,5663,5663,constraint,INEQ-LOWER-D019-H12-PH01
20260811_121452_stage_B_2C_4168a6e9,inequality,5664,5664,constraint,INEQ-UPPER-D019-H12-PH01
20260811_121452_stage_B_2C_4168a6e9,inequality,5665,5665,constraint,INEQ-LOWER-D019-H12-PH02
20260811_121452_stage_B_2C_4168a6e9,inequality,5666,5666,constraint,INEQ-UPPER-D019-H12-PH02
20260811_121452_stage_B_2C_4168a6e9,inequality,5667,5667,constraint,INEQ-LOWER-D019-H12-PH03
20260811_121452_stage_B_2C_4168a6e9,inequality,5668,5668,constraint,INEQ-UPPER-D019-H12-PH03
20260811_121452_stage_B_2C_4168a6e9,inequality,5669,5669,constraint,INEQ-LOWER-D019-H12-PH04
20260811_121452_stage_B_2C_4168a6e9,inequality,5670,5670,constraint,INEQ-UPPER-D019-H12-PH04
20260811_121452_stage_B_2C_4168a6e9,inequality,5671,5671,constraint,INEQ-LOWER-D019-H12-PF01
20260811_121452_stage_B_2C_4168a6e9,inequality,5672,5672,constraint,INEQ-UPPER-D019-H12-PF01
20260811_121452_stage_B_2C_4168a6e9,inequality,5673,5673,constraint,INEQ-LOWER-D019-H12-PF02
20260811_121452_stage_B_2C_4168a6e9,inequality,5674,5674,constraint,INEQ-UPPER-D019-H12-PF02
20260811_121452_stage_B_2C_4168a6e9,inequality,5675,5675,constraint,INEQ-LOWER-D019-H12-PF03
20260811_121452_stage_B_2C_4168a6e9,inequality,5676,5676,constraint,INEQ-UPPER-D019-H12-PF03
20260811_121452_stage_B_2C_4168a6e9,inequality,5677,5677,constraint,INEQ-LOWER-D019-H12-PF04
20260811_121452_stage_B_2C_4168a6e9,inequality,5678,5678,constraint,INEQ-UPPER-D019-H12-PF04
20260811_121452_stage_B_2C_4168a6e9,inequality,5679,5679,constraint,INEQ-LOWER-D019-H12-Pch01
20260811_121452_stage_B_2C_4168a6e9,inequality,5680,5680,constraint,INEQ-UPPER-D019-H12-Pch01
20260811_121452_stage_B_2C_4168a6e9,inequality,5681,5681,constraint,INEQ-LOWER-D019-H12-Pch02
20260811_121452_stage_B_2C_4168a6e9,inequality,5682,5682,constraint,INEQ-UPPER-D019-H12-Pch02
20260811_121452_stage_B_2C_4168a6e9,inequality,5683,5683,constraint,INEQ-LOWER-D019-H12-Pdis01
20260811_121452_stage_B_2C_4168a6e9,inequality,5684,5684,constraint,INEQ-UPPER-D019-H12-Pdis01
20260811_121452_stage_B_2C_4168a6e9,inequality,5685,5685,constraint,INEQ-LOWER-D019-H12-Pdis02
20260811_121452_stage_B_2C_4168a6e9,inequality,5686,5686,constraint,INEQ-UPPER-D019-H12-Pdis02
20260811_121452_stage_B_2C_4168a6e9,inequality,5687,5687,constraint,INEQ-LOWER-D019-H12-SOC01
20260811_121452_stage_B_2C_4168a6e9,inequality,5688,5688,constraint,INEQ-UPPER-D019-H12-SOC01
20260811_121452_stage_B_2C_4168a6e9,inequality,5689,5689,constraint,INEQ-LOWER-D019-H12-SOC02
20260811_121452_stage_B_2C_4168a6e9,inequality,5690,5690,constraint,INEQ-UPPER-D019-H12-SOC02
20260811_121452_stage_B_2C_4168a6e9,inequality,5691,5691,constraint,INEQ-LOWER-D019-H13-PW01
20260811_121452_stage_B_2C_4168a6e9,inequality,5692,5692,constraint,INEQ-UPPER-D019-H13-PW01
20260811_121452_stage_B_2C_4168a6e9,inequality,5693,5693,constraint,INEQ-LOWER-D019-H13-PW02
20260811_121452_stage_B_2C_4168a6e9,inequality,5694,5694,constraint,INEQ-UPPER-D019-H13-PW02
20260811_121452_stage_B_2C_4168a6e9,inequality,5695,5695,constraint,INEQ-LOWER-D019-H13-PW03
20260811_121452_stage_B_2C_4168a6e9,inequality,5696,5696,constraint,INEQ-UPPER-D019-H13-PW03
20260811_121452_stage_B_2C_4168a6e9,inequality,5697,5697,constraint,INEQ-LOWER-D019-H13-PW04
20260811_121452_stage_B_2C_4168a6e9,inequality,5698,5698,constraint,INEQ-UPPER-D019-H13-PW04
20260811_121452_stage_B_2C_4168a6e9,inequality,5699,5699,constraint,INEQ-LOWER-D019-H13-PW05
20260811_121452_stage_B_2C_4168a6e9,inequality,5700,5700,constraint,INEQ-UPPER-D019-H13-PW05
20260811_121452_stage_B_2C_4168a6e9,inequality,5701,5701,constraint,INEQ-LOWER-D019-H13-PP01
20260811_121452_stage_B_2C_4168a6e9,inequality,5702,5702,constraint,INEQ-UPPER-D019-H13-PP01
20260811_121452_stage_B_2C_4168a6e9,inequality,5703,5703,constraint,INEQ-LOWER-D019-H13-PP02
20260811_121452_stage_B_2C_4168a6e9,inequality,5704,5704,constraint,INEQ-UPPER-D019-H13-PP02
20260811_121452_stage_B_2C_4168a6e9,inequality,5705,5705,constraint,INEQ-LOWER-D019-H13-PP03
20260811_121452_stage_B_2C_4168a6e9,inequality,5706,5706,constraint,INEQ-UPPER-D019-H13-PP03
20260811_121452_stage_B_2C_4168a6e9,inequality,5707,5707,constraint,INEQ-LOWER-D019-H13-PP04
20260811_121452_stage_B_2C_4168a6e9,inequality,5708,5708,constraint,INEQ-UPPER-D019-H13-PP04
20260811_121452_stage_B_2C_4168a6e9,inequality,5709,5709,constraint,INEQ-LOWER-D019-H13-PP05
20260811_121452_stage_B_2C_4168a6e9,inequality,5710,5710,constraint,INEQ-UPPER-D019-H13-PP05
20260811_121452_stage_B_2C_4168a6e9,inequality,5711,5711,constraint,INEQ-LOWER-D019-H13-PH01
20260811_121452_stage_B_2C_4168a6e9,inequality,5712,5712,constraint,INEQ-UPPER-D019-H13-PH01
20260811_121452_stage_B_2C_4168a6e9,inequality,5713,5713,constraint,INEQ-LOWER-D019-H13-PH02
20260811_121452_stage_B_2C_4168a6e9,inequality,5714,5714,constraint,INEQ-UPPER-D019-H13-PH02
20260811_121452_stage_B_2C_4168a6e9,inequality,5715,5715,constraint,INEQ-LOWER-D019-H13-PH03
20260811_121452_stage_B_2C_4168a6e9,inequality,5716,5716,constraint,INEQ-UPPER-D019-H13-PH03
20260811_121452_stage_B_2C_4168a6e9,inequality,5717,5717,constraint,INEQ-LOWER-D019-H13-PH04
20260811_121452_stage_B_2C_4168a6e9,inequality,5718,5718,constraint,INEQ-UPPER-D019-H13-PH04
20260811_121452_stage_B_2C_4168a6e9,inequality,5719,5719,constraint,INEQ-LOWER-D019-H13-PF01
20260811_121452_stage_B_2C_4168a6e9,inequality,5720,5720,constraint,INEQ-UPPER-D019-H13-PF01
20260811_121452_stage_B_2C_4168a6e9,inequality,5721,5721,constraint,INEQ-LOWER-D019-H13-PF02
20260811_121452_stage_B_2C_4168a6e9,inequality,5722,5722,constraint,INEQ-UPPER-D019-H13-PF02
20260811_121452_stage_B_2C_4168a6e9,inequality,5723,5723,constraint,INEQ-LOWER-D019-H13-PF03
20260811_121452_stage_B_2C_4168a6e9,inequality,5724,5724,constraint,INEQ-UPPER-D019-H13-PF03
20260811_121452_stage_B_2C_4168a6e9,inequality,5725,5725,constraint,INEQ-LOWER-D019-H13-PF04
20260811_121452_stage_B_2C_4168a6e9,inequality,5726,5726,constraint,INEQ-UPPER-D019-H13-PF04
20260811_121452_stage_B_2C_4168a6e9,inequality,5727,5727,constraint,INEQ-LOWER-D019-H13-Pch01
20260811_121452_stage_B_2C_4168a6e9,inequality,5728,5728,constraint,INEQ-UPPER-D019-H13-Pch01
20260811_121452_stage_B_2C_4168a6e9,inequality,5729,5729,constraint,INEQ-LOWER-D019-H13-Pch02
20260811_121452_stage_B_2C_4168a6e9,inequality,5730,5730,constraint,INEQ-UPPER-D019-H13-Pch02
20260811_121452_stage_B_2C_4168a6e9,inequality,5731,5731,constraint,INEQ-LOWER-D019-H13-Pdis01
20260811_121452_stage_B_2C_4168a6e9,inequality,5732,5732,constraint,INEQ-UPPER-D019-H13-Pdis01
20260811_121452_stage_B_2C_4168a6e9,inequality,5733,5733,constraint,INEQ-LOWER-D019-H13-Pdis02
20260811_121452_stage_B_2C_4168a6e9,inequality,5734,5734,constraint,INEQ-UPPER-D019-H13-Pdis02
20260811_121452_stage_B_2C_4168a6e9,inequality,5735,5735,constraint,INEQ-LOWER-D019-H13-SOC01
20260811_121452_stage_B_2C_4168a6e9,inequality,5736,5736,constraint,INEQ-UPPER-D019-H13-SOC01
20260811_121452_stage_B_2C_4168a6e9,inequality,5737,5737,constraint,INEQ-LOWER-D019-H13-SOC02
20260811_121452_stage_B_2C_4168a6e9,inequality,5738,5738,constraint,INEQ-UPPER-D019-H13-SOC02
20260811_121452_stage_B_2C_4168a6e9,inequality,5739,5739,constraint,INEQ-LOWER-D019-H14-PW01
20260811_121452_stage_B_2C_4168a6e9,inequality,5740,5740,constraint,INEQ-UPPER-D019-H14-PW01
20260811_121452_stage_B_2C_4168a6e9,inequality,5741,5741,constraint,INEQ-LOWER-D019-H14-PW02
20260811_121452_stage_B_2C_4168a6e9,inequality,5742,5742,constraint,INEQ-UPPER-D019-H14-PW02
20260811_121452_stage_B_2C_4168a6e9,inequality,5743,5743,constraint,INEQ-LOWER-D019-H14-PW03
20260811_121452_stage_B_2C_4168a6e9,inequality,5744,5744,constraint,INEQ-UPPER-D019-H14-PW03
20260811_121452_stage_B_2C_4168a6e9,inequality,5745,5745,constraint,INEQ-LOWER-D019-H14-PW04
20260811_121452_stage_B_2C_4168a6e9,inequality,5746,5746,constraint,INEQ-UPPER-D019-H14-PW04
20260811_121452_stage_B_2C_4168a6e9,inequality,5747,5747,constraint,INEQ-LOWER-D019-H14-PW05
20260811_121452_stage_B_2C_4168a6e9,inequality,5748,5748,constraint,INEQ-UPPER-D019-H14-PW05
20260811_121452_stage_B_2C_4168a6e9,inequality,5749,5749,constraint,INEQ-LOWER-D019-H14-PP01
20260811_121452_stage_B_2C_4168a6e9,inequality,5750,5750,constraint,INEQ-UPPER-D019-H14-PP01
20260811_121452_stage_B_2C_4168a6e9,inequality,5751,5751,constraint,INEQ-LOWER-D019-H14-PP02
20260811_121452_stage_B_2C_4168a6e9,inequality,5752,5752,constraint,INEQ-UPPER-D019-H14-PP02
20260811_121452_stage_B_2C_4168a6e9,inequality,5753,5753,constraint,INEQ-LOWER-D019-H14-PP03
20260811_121452_stage_B_2C_4168a6e9,inequality,5754,5754,constraint,INEQ-UPPER-D019-H14-PP03
20260811_121452_stage_B_2C_4168a6e9,inequality,5755,5755,constraint,INEQ-LOWER-D019-H14-PP04
20260811_121452_stage_B_2C_4168a6e9,inequality,5756,5756,constraint,INEQ-UPPER-D019-H14-PP04
20260811_121452_stage_B_2C_4168a6e9,inequality,5757,5757,constraint,INEQ-LOWER-D019-H14-PP05
20260811_121452_stage_B_2C_4168a6e9,inequality,5758,5758,constraint,INEQ-UPPER-D019-H14-PP05
20260811_121452_stage_B_2C_4168a6e9,inequality,5759,5759,constraint,INEQ-LOWER-D019-H14-PH01
20260811_121452_stage_B_2C_4168a6e9,inequality,5760,5760,constraint,INEQ-UPPER-D019-H14-PH01
20260811_121452_stage_B_2C_4168a6e9,inequality,5761,5761,constraint,INEQ-LOWER-D019-H14-PH02
20260811_121452_stage_B_2C_4168a6e9,inequality,5762,5762,constraint,INEQ-UPPER-D019-H14-PH02
20260811_121452_stage_B_2C_4168a6e9,inequality,5763,5763,constraint,INEQ-LOWER-D019-H14-PH03
20260811_121452_stage_B_2C_4168a6e9,inequality,5764,5764,constraint,INEQ-UPPER-D019-H14-PH03
20260811_121452_stage_B_2C_4168a6e9,inequality,5765,5765,constraint,INEQ-LOWER-D019-H14-PH04
20260811_121452_stage_B_2C_4168a6e9,inequality,5766,5766,constraint,INEQ-UPPER-D019-H14-PH04
20260811_121452_stage_B_2C_4168a6e9,inequality,5767,5767,constraint,INEQ-LOWER-D019-H14-PF01
20260811_121452_stage_B_2C_4168a6e9,inequality,5768,5768,constraint,INEQ-UPPER-D019-H14-PF01
20260811_121452_stage_B_2C_4168a6e9,inequality,5769,5769,constraint,INEQ-LOWER-D019-H14-PF02
20260811_121452_stage_B_2C_4168a6e9,inequality,5770,5770,constraint,INEQ-UPPER-D019-H14-PF02
20260811_121452_stage_B_2C_4168a6e9,inequality,5771,5771,constraint,INEQ-LOWER-D019-H14-PF03
20260811_121452_stage_B_2C_4168a6e9,inequality,5772,5772,constraint,INEQ-UPPER-D019-H14-PF03
20260811_121452_stage_B_2C_4168a6e9,inequality,5773,5773,constraint,INEQ-LOWER-D019-H14-PF04
20260811_121452_stage_B_2C_4168a6e9,inequality,5774,5774,constraint,INEQ-UPPER-D019-H14-PF04
20260811_121452_stage_B_2C_4168a6e9,inequality,5775,5775,constraint,INEQ-LOWER-D019-H14-Pch01
20260811_121452_stage_B_2C_4168a6e9,inequality,5776,5776,constraint,INEQ-UPPER-D019-H14-Pch01
20260811_121452_stage_B_2C_4168a6e9,inequality,5777,5777,constraint,INEQ-LOWER-D019-H14-Pch02
20260811_121452_stage_B_2C_4168a6e9,inequality,5778,5778,constraint,INEQ-UPPER-D019-H14-Pch02
20260811_121452_stage_B_2C_4168a6e9,inequality,5779,5779,constraint,INEQ-LOWER-D019-H14-Pdis01
20260811_121452_stage_B_2C_4168a6e9,inequality,5780,5780,constraint,INEQ-UPPER-D019-H14-Pdis01
20260811_121452_stage_B_2C_4168a6e9,inequality,5781,5781,constraint,INEQ-LOWER-D019-H14-Pdis02
20260811_121452_stage_B_2C_4168a6e9,inequality,5782,5782,constraint,INEQ-UPPER-D019-H14-Pdis02
20260811_121452_stage_B_2C_4168a6e9,inequality,5783,5783,constraint,INEQ-LOWER-D019-H14-SOC01
20260811_121452_stage_B_2C_4168a6e9,inequality,5784,5784,constraint,INEQ-UPPER-D019-H14-SOC01
20260811_121452_stage_B_2C_4168a6e9,inequality,5785,5785,constraint,INEQ-LOWER-D019-H14-SOC02
20260811_121452_stage_B_2C_4168a6e9,inequality,5786,5786,constraint,INEQ-UPPER-D019-H14-SOC02
20260811_121452_stage_B_2C_4168a6e9,inequality,5787,5787,constraint,INEQ-LOWER-D019-H15-PW01
20260811_121452_stage_B_2C_4168a6e9,inequality,5788,5788,constraint,INEQ-UPPER-D019-H15-PW01
20260811_121452_stage_B_2C_4168a6e9,inequality,5789,5789,constraint,INEQ-LOWER-D019-H15-PW02
20260811_121452_stage_B_2C_4168a6e9,inequality,5790,5790,constraint,INEQ-UPPER-D019-H15-PW02
20260811_121452_stage_B_2C_4168a6e9,inequality,5791,5791,constraint,INEQ-LOWER-D019-H15-PW03
20260811_121452_stage_B_2C_4168a6e9,inequality,5792,5792,constraint,INEQ-UPPER-D019-H15-PW03
20260811_121452_stage_B_2C_4168a6e9,inequality,5793,5793,constraint,INEQ-LOWER-D019-H15-PW04
20260811_121452_stage_B_2C_4168a6e9,inequality,5794,5794,constraint,INEQ-UPPER-D019-H15-PW04
20260811_121452_stage_B_2C_4168a6e9,inequality,5795,5795,constraint,INEQ-LOWER-D019-H15-PW05
20260811_121452_stage_B_2C_4168a6e9,inequality,5796,5796,constraint,INEQ-UPPER-D019-H15-PW05
20260811_121452_stage_B_2C_4168a6e9,inequality,5797,5797,constraint,INEQ-LOWER-D019-H15-PP01
20260811_121452_stage_B_2C_4168a6e9,inequality,5798,5798,constraint,INEQ-UPPER-D019-H15-PP01
20260811_121452_stage_B_2C_4168a6e9,inequality,5799,5799,constraint,INEQ-LOWER-D019-H15-PP02
20260811_121452_stage_B_2C_4168a6e9,inequality,5800,5800,constraint,INEQ-UPPER-D019-H15-PP02
20260811_121452_stage_B_2C_4168a6e9,inequality,5801,5801,constraint,INEQ-LOWER-D019-H15-PP03
20260811_121452_stage_B_2C_4168a6e9,inequality,5802,5802,constraint,INEQ-UPPER-D019-H15-PP03
20260811_121452_stage_B_2C_4168a6e9,inequality,5803,5803,constraint,INEQ-LOWER-D019-H15-PP04
20260811_121452_stage_B_2C_4168a6e9,inequality,5804,5804,constraint,INEQ-UPPER-D019-H15-PP04
20260811_121452_stage_B_2C_4168a6e9,inequality,5805,5805,constraint,INEQ-LOWER-D019-H15-PP05
20260811_121452_stage_B_2C_4168a6e9,inequality,5806,5806,constraint,INEQ-UPPER-D019-H15-PP05
20260811_121452_stage_B_2C_4168a6e9,inequality,5807,5807,constraint,INEQ-LOWER-D019-H15-PH01
20260811_121452_stage_B_2C_4168a6e9,inequality,5808,5808,constraint,INEQ-UPPER-D019-H15-PH01
20260811_121452_stage_B_2C_4168a6e9,inequality,5809,5809,constraint,INEQ-LOWER-D019-H15-PH02
20260811_121452_stage_B_2C_4168a6e9,inequality,5810,5810,constraint,INEQ-UPPER-D019-H15-PH02
20260811_121452_stage_B_2C_4168a6e9,inequality,5811,5811,constraint,INEQ-LOWER-D019-H15-PH03
20260811_121452_stage_B_2C_4168a6e9,inequality,5812,5812,constraint,INEQ-UPPER-D019-H15-PH03
20260811_121452_stage_B_2C_4168a6e9,inequality,5813,5813,constraint,INEQ-LOWER-D019-H15-PH04
20260811_121452_stage_B_2C_4168a6e9,inequality,5814,5814,constraint,INEQ-UPPER-D019-H15-PH04
20260811_121452_stage_B_2C_4168a6e9,inequality,5815,5815,constraint,INEQ-LOWER-D019-H15-PF01
20260811_121452_stage_B_2C_4168a6e9,inequality,5816,5816,constraint,INEQ-UPPER-D019-H15-PF01
20260811_121452_stage_B_2C_4168a6e9,inequality,5817,5817,constraint,INEQ-LOWER-D019-H15-PF02
20260811_121452_stage_B_2C_4168a6e9,inequality,5818,5818,constraint,INEQ-UPPER-D019-H15-PF02
20260811_121452_stage_B_2C_4168a6e9,inequality,5819,5819,constraint,INEQ-LOWER-D019-H15-PF03
20260811_121452_stage_B_2C_4168a6e9,inequality,5820,5820,constraint,INEQ-UPPER-D019-H15-PF03
20260811_121452_stage_B_2C_4168a6e9,inequality,5821,5821,constraint,INEQ-LOWER-D019-H15-PF04
20260811_121452_stage_B_2C_4168a6e9,inequality,5822,5822,constraint,INEQ-UPPER-D019-H15-PF04
20260811_121452_stage_B_2C_4168a6e9,inequality,5823,5823,constraint,INEQ-LOWER-D019-H15-Pch01
20260811_121452_stage_B_2C_4168a6e9,inequality,5824,5824,constraint,INEQ-UPPER-D019-H15-Pch01
20260811_121452_stage_B_2C_4168a6e9,inequality,5825,5825,constraint,INEQ-LOWER-D019-H15-Pch02
20260811_121452_stage_B_2C_4168a6e9,inequality,5826,5826,constraint,INEQ-UPPER-D019-H15-Pch02
20260811_121452_stage_B_2C_4168a6e9,inequality,5827,5827,constraint,INEQ-LOWER-D019-H15-Pdis01
20260811_121452_stage_B_2C_4168a6e9,inequality,5828,5828,constraint,INEQ-UPPER-D019-H15-Pdis01
20260811_121452_stage_B_2C_4168a6e9,inequality,5829,5829,constraint,INEQ-LOWER-D019-H15-Pdis02
20260811_121452_stage_B_2C_4168a6e9,inequality,5830,5830,constraint,INEQ-UPPER-D019-H15-Pdis02
20260811_121452_stage_B_2C_4168a6e9,inequality,5831,5831,constraint,INEQ-LOWER-D019-H15-SOC01
20260811_121452_stage_B_2C_4168a6e9,inequality,5832,5832,constraint,INEQ-UPPER-D019-H15-SOC01
20260811_121452_stage_B_2C_4168a6e9,inequality,5833,5833,constraint,INEQ-LOWER-D019-H15-SOC02
20260811_121452_stage_B_2C_4168a6e9,inequality,5834,5834,constraint,INEQ-UPPER-D019-H15-SOC02
20260811_121452_stage_B_2C_4168a6e9,inequality,5835,5835,constraint,INEQ-LOWER-D019-H16-PW01
20260811_121452_stage_B_2C_4168a6e9,inequality,5836,5836,constraint,INEQ-UPPER-D019-H16-PW01
20260811_121452_stage_B_2C_4168a6e9,inequality,5837,5837,constraint,INEQ-LOWER-D019-H16-PW02
20260811_121452_stage_B_2C_4168a6e9,inequality,5838,5838,constraint,INEQ-UPPER-D019-H16-PW02
20260811_121452_stage_B_2C_4168a6e9,inequality,5839,5839,constraint,INEQ-LOWER-D019-H16-PW03
20260811_121452_stage_B_2C_4168a6e9,inequality,5840,5840,constraint,INEQ-UPPER-D019-H16-PW03
20260811_121452_stage_B_2C_4168a6e9,inequality,5841,5841,constraint,INEQ-LOWER-D019-H16-PW04
20260811_121452_stage_B_2C_4168a6e9,inequality,5842,5842,constraint,INEQ-UPPER-D019-H16-PW04
20260811_121452_stage_B_2C_4168a6e9,inequality,5843,5843,constraint,INEQ-LOWER-D019-H16-PW05
20260811_121452_stage_B_2C_4168a6e9,inequality,5844,5844,constraint,INEQ-UPPER-D019-H16-PW05
20260811_121452_stage_B_2C_4168a6e9,inequality,5845,5845,constraint,INEQ-LOWER-D019-H16-PP01
20260811_121452_stage_B_2C_4168a6e9,inequality,5846,5846,constraint,INEQ-UPPER-D019-H16-PP01
20260811_121452_stage_B_2C_4168a6e9,inequality,5847,5847,constraint,INEQ-LOWER-D019-H16-PP02
20260811_121452_stage_B_2C_4168a6e9,inequality,5848,5848,constraint,INEQ-UPPER-D019-H16-PP02
20260811_121452_stage_B_2C_4168a6e9,inequality,5849,5849,constraint,INEQ-LOWER-D019-H16-PP03
20260811_121452_stage_B_2C_4168a6e9,inequality,5850,5850,constraint,INEQ-UPPER-D019-H16-PP03
20260811_121452_stage_B_2C_4168a6e9,inequality,5851,5851,constraint,INEQ-LOWER-D019-H16-PP04
20260811_121452_stage_B_2C_4168a6e9,inequality,5852,5852,constraint,INEQ-UPPER-D019-H16-PP04
20260811_121452_stage_B_2C_4168a6e9,inequality,5853,5853,constraint,INEQ-LOWER-D019-H16-PP05
20260811_121452_stage_B_2C_4168a6e9,inequality,5854,5854,constraint,INEQ-UPPER-D019-H16-PP05
20260811_121452_stage_B_2C_4168a6e9,inequality,5855,5855,constraint,INEQ-LOWER-D019-H16-PH01
20260811_121452_stage_B_2C_4168a6e9,inequality,5856,5856,constraint,INEQ-UPPER-D019-H16-PH01
20260811_121452_stage_B_2C_4168a6e9,inequality,5857,5857,constraint,INEQ-LOWER-D019-H16-PH02
20260811_121452_stage_B_2C_4168a6e9,inequality,5858,5858,constraint,INEQ-UPPER-D019-H16-PH02
20260811_121452_stage_B_2C_4168a6e9,inequality,5859,5859,constraint,INEQ-LOWER-D019-H16-PH03
20260811_121452_stage_B_2C_4168a6e9,inequality,5860,5860,constraint,INEQ-UPPER-D019-H16-PH03
20260811_121452_stage_B_2C_4168a6e9,inequality,5861,5861,constraint,INEQ-LOWER-D019-H16-PH04
20260811_121452_stage_B_2C_4168a6e9,inequality,5862,5862,constraint,INEQ-UPPER-D019-H16-PH04
20260811_121452_stage_B_2C_4168a6e9,inequality,5863,5863,constraint,INEQ-LOWER-D019-H16-PF01
20260811_121452_stage_B_2C_4168a6e9,inequality,5864,5864,constraint,INEQ-UPPER-D019-H16-PF01
20260811_121452_stage_B_2C_4168a6e9,inequality,5865,5865,constraint,INEQ-LOWER-D019-H16-PF02
20260811_121452_stage_B_2C_4168a6e9,inequality,5866,5866,constraint,INEQ-UPPER-D019-H16-PF02
20260811_121452_stage_B_2C_4168a6e9,inequality,5867,5867,constraint,INEQ-LOWER-D019-H16-PF03
20260811_121452_stage_B_2C_4168a6e9,inequality,5868,5868,constraint,INEQ-UPPER-D019-H16-PF03
20260811_121452_stage_B_2C_4168a6e9,inequality,5869,5869,constraint,INEQ-LOWER-D019-H16-PF04
20260811_121452_stage_B_2C_4168a6e9,inequality,5870,5870,constraint,INEQ-UPPER-D019-H16-PF04
20260811_121452_stage_B_2C_4168a6e9,inequality,5871,5871,constraint,INEQ-LOWER-D019-H16-Pch01
20260811_121452_stage_B_2C_4168a6e9,inequality,5872,5872,constraint,INEQ-UPPER-D019-H16-Pch01
20260811_121452_stage_B_2C_4168a6e9,inequality,5873,5873,constraint,INEQ-LOWER-D019-H16-Pch02
20260811_121452_stage_B_2C_4168a6e9,inequality,5874,5874,constraint,INEQ-UPPER-D019-H16-Pch02
20260811_121452_stage_B_2C_4168a6e9,inequality,5875,5875,constraint,INEQ-LOWER-D019-H16-Pdis01
20260811_121452_stage_B_2C_4168a6e9,inequality,5876,5876,constraint,INEQ-UPPER-D019-H16-Pdis01
20260811_121452_stage_B_2C_4168a6e9,inequality,5877,5877,constraint,INEQ-LOWER-D019-H16-Pdis02
20260811_121452_stage_B_2C_4168a6e9,inequality,5878,5878,constraint,INEQ-UPPER-D019-H16-Pdis02
20260811_121452_stage_B_2C_4168a6e9,inequality,5879,5879,constraint,INEQ-LOWER-D019-H16-SOC01
20260811_121452_stage_B_2C_4168a6e9,inequality,5880,5880,constraint,INEQ-UPPER-D019-H16-SOC01
20260811_121452_stage_B_2C_4168a6e9,inequality,5881,5881,constraint,INEQ-LOWER-D019-H16-SOC02
20260811_121452_stage_B_2C_4168a6e9,inequality,5882,5882,constraint,INEQ-UPPER-D019-H16-SOC02
20260811_121452_stage_B_2C_4168a6e9,inequality,5883,5883,constraint,INEQ-LOWER-D019-H17-PW01
20260811_121452_stage_B_2C_4168a6e9,inequality,5884,5884,constraint,INEQ-UPPER-D019-H17-PW01
20260811_121452_stage_B_2C_4168a6e9,inequality,5885,5885,constraint,INEQ-LOWER-D019-H17-PW02
20260811_121452_stage_B_2C_4168a6e9,inequality,5886,5886,constraint,INEQ-UPPER-D019-H17-PW02
20260811_121452_stage_B_2C_4168a6e9,inequality,5887,5887,constraint,INEQ-LOWER-D019-H17-PW03
20260811_121452_stage_B_2C_4168a6e9,inequality,5888,5888,constraint,INEQ-UPPER-D019-H17-PW03
20260811_121452_stage_B_2C_4168a6e9,inequality,5889,5889,constraint,INEQ-LOWER-D019-H17-PW04
20260811_121452_stage_B_2C_4168a6e9,inequality,5890,5890,constraint,INEQ-UPPER-D019-H17-PW04
20260811_121452_stage_B_2C_4168a6e9,inequality,5891,5891,constraint,INEQ-LOWER-D019-H17-PW05
20260811_121452_stage_B_2C_4168a6e9,inequality,5892,5892,constraint,INEQ-UPPER-D019-H17-PW05
20260811_121452_stage_B_2C_4168a6e9,inequality,5893,5893,constraint,INEQ-LOWER-D019-H17-PP01
20260811_121452_stage_B_2C_4168a6e9,inequality,5894,5894,constraint,INEQ-UPPER-D019-H17-PP01
20260811_121452_stage_B_2C_4168a6e9,inequality,5895,5895,constraint,INEQ-LOWER-D019-H17-PP02
20260811_121452_stage_B_2C_4168a6e9,inequality,5896,5896,constraint,INEQ-UPPER-D019-H17-PP02
20260811_121452_stage_B_2C_4168a6e9,inequality,5897,5897,constraint,INEQ-LOWER-D019-H17-PP03
20260811_121452_stage_B_2C_4168a6e9,inequality,5898,5898,constraint,INEQ-UPPER-D019-H17-PP03
20260811_121452_stage_B_2C_4168a6e9,inequality,5899,5899,constraint,INEQ-LOWER-D019-H17-PP04
20260811_121452_stage_B_2C_4168a6e9,inequality,5900,5900,constraint,INEQ-UPPER-D019-H17-PP04
20260811_121452_stage_B_2C_4168a6e9,inequality,5901,5901,constraint,INEQ-LOWER-D019-H17-PP05
20260811_121452_stage_B_2C_4168a6e9,inequality,5902,5902,constraint,INEQ-UPPER-D019-H17-PP05
20260811_121452_stage_B_2C_4168a6e9,inequality,5903,5903,constraint,INEQ-LOWER-D019-H17-PH01
20260811_121452_stage_B_2C_4168a6e9,inequality,5904,5904,constraint,INEQ-UPPER-D019-H17-PH01
20260811_121452_stage_B_2C_4168a6e9,inequality,5905,5905,constraint,INEQ-LOWER-D019-H17-PH02
20260811_121452_stage_B_2C_4168a6e9,inequality,5906,5906,constraint,INEQ-UPPER-D019-H17-PH02
20260811_121452_stage_B_2C_4168a6e9,inequality,5907,5907,constraint,INEQ-LOWER-D019-H17-PH03
20260811_121452_stage_B_2C_4168a6e9,inequality,5908,5908,constraint,INEQ-UPPER-D019-H17-PH03
20260811_121452_stage_B_2C_4168a6e9,inequality,5909,5909,constraint,INEQ-LOWER-D019-H17-PH04
20260811_121452_stage_B_2C_4168a6e9,inequality,5910,5910,constraint,INEQ-UPPER-D019-H17-PH04
20260811_121452_stage_B_2C_4168a6e9,inequality,5911,5911,constraint,INEQ-LOWER-D019-H17-PF01
20260811_121452_stage_B_2C_4168a6e9,inequality,5912,5912,constraint,INEQ-UPPER-D019-H17-PF01
20260811_121452_stage_B_2C_4168a6e9,inequality,5913,5913,constraint,INEQ-LOWER-D019-H17-PF02
20260811_121452_stage_B_2C_4168a6e9,inequality,5914,5914,constraint,INEQ-UPPER-D019-H17-PF02
20260811_121452_stage_B_2C_4168a6e9,inequality,5915,5915,constraint,INEQ-LOWER-D019-H17-PF03
20260811_121452_stage_B_2C_4168a6e9,inequality,5916,5916,constraint,INEQ-UPPER-D019-H17-PF03
20260811_121452_stage_B_2C_4168a6e9,inequality,5917,5917,constraint,INEQ-LOWER-D019-H17-PF04
20260811_121452_stage_B_2C_4168a6e9,inequality,5918,5918,constraint,INEQ-UPPER-D019-H17-PF04
20260811_121452_stage_B_2C_4168a6e9,inequality,5919,5919,constraint,INEQ-LOWER-D019-H17-Pch01
20260811_121452_stage_B_2C_4168a6e9,inequality,5920,5920,constraint,INEQ-UPPER-D019-H17-Pch01
20260811_121452_stage_B_2C_4168a6e9,inequality,5921,5921,constraint,INEQ-LOWER-D019-H17-Pch02
20260811_121452_stage_B_2C_4168a6e9,inequality,5922,5922,constraint,INEQ-UPPER-D019-H17-Pch02
20260811_121452_stage_B_2C_4168a6e9,inequality,5923,5923,constraint,INEQ-LOWER-D019-H17-Pdis01
20260811_121452_stage_B_2C_4168a6e9,inequality,5924,5924,constraint,INEQ-UPPER-D019-H17-Pdis01
20260811_121452_stage_B_2C_4168a6e9,inequality,5925,5925,constraint,INEQ-LOWER-D019-H17-Pdis02
20260811_121452_stage_B_2C_4168a6e9,inequality,5926,5926,constraint,INEQ-UPPER-D019-H17-Pdis02
20260811_121452_stage_B_2C_4168a6e9,inequality,5927,5927,constraint,INEQ-LOWER-D019-H17-SOC01
20260811_121452_stage_B_2C_4168a6e9,inequality,5928,5928,constraint,INEQ-UPPER-D019-H17-SOC01
20260811_121452_stage_B_2C_4168a6e9,inequality,5929,5929,constraint,INEQ-LOWER-D019-H17-SOC02
20260811_121452_stage_B_2C_4168a6e9,inequality,5930,5930,constraint,INEQ-UPPER-D019-H17-SOC02
20260811_121452_stage_B_2C_4168a6e9,inequality,5931,5931,constraint,INEQ-LOWER-D019-H18-PW01
20260811_121452_stage_B_2C_4168a6e9,inequality,5932,5932,constraint,INEQ-UPPER-D019-H18-PW01
20260811_121452_stage_B_2C_4168a6e9,inequality,5933,5933,constraint,INEQ-LOWER-D019-H18-PW02
20260811_121452_stage_B_2C_4168a6e9,inequality,5934,5934,constraint,INEQ-UPPER-D019-H18-PW02
20260811_121452_stage_B_2C_4168a6e9,inequality,5935,5935,constraint,INEQ-LOWER-D019-H18-PW03
20260811_121452_stage_B_2C_4168a6e9,inequality,5936,5936,constraint,INEQ-UPPER-D019-H18-PW03
20260811_121452_stage_B_2C_4168a6e9,inequality,5937,5937,constraint,INEQ-LOWER-D019-H18-PW04
20260811_121452_stage_B_2C_4168a6e9,inequality,5938,5938,constraint,INEQ-UPPER-D019-H18-PW04
20260811_121452_stage_B_2C_4168a6e9,inequality,5939,5939,constraint,INEQ-LOWER-D019-H18-PW05
20260811_121452_stage_B_2C_4168a6e9,inequality,5940,5940,constraint,INEQ-UPPER-D019-H18-PW05
20260811_121452_stage_B_2C_4168a6e9,inequality,5941,5941,constraint,INEQ-LOWER-D019-H18-PP01
20260811_121452_stage_B_2C_4168a6e9,inequality,5942,5942,constraint,INEQ-UPPER-D019-H18-PP01
20260811_121452_stage_B_2C_4168a6e9,inequality,5943,5943,constraint,INEQ-LOWER-D019-H18-PP02
20260811_121452_stage_B_2C_4168a6e9,inequality,5944,5944,constraint,INEQ-UPPER-D019-H18-PP02
20260811_121452_stage_B_2C_4168a6e9,inequality,5945,5945,constraint,INEQ-LOWER-D019-H18-PP03
20260811_121452_stage_B_2C_4168a6e9,inequality,5946,5946,constraint,INEQ-UPPER-D019-H18-PP03
20260811_121452_stage_B_2C_4168a6e9,inequality,5947,5947,constraint,INEQ-LOWER-D019-H18-PP04
20260811_121452_stage_B_2C_4168a6e9,inequality,5948,5948,constraint,INEQ-UPPER-D019-H18-PP04
20260811_121452_stage_B_2C_4168a6e9,inequality,5949,5949,constraint,INEQ-LOWER-D019-H18-PP05
20260811_121452_stage_B_2C_4168a6e9,inequality,5950,5950,constraint,INEQ-UPPER-D019-H18-PP05
20260811_121452_stage_B_2C_4168a6e9,inequality,5951,5951,constraint,INEQ-LOWER-D019-H18-PH01
20260811_121452_stage_B_2C_4168a6e9,inequality,5952,5952,constraint,INEQ-UPPER-D019-H18-PH01
20260811_121452_stage_B_2C_4168a6e9,inequality,5953,5953,constraint,INEQ-LOWER-D019-H18-PH02
20260811_121452_stage_B_2C_4168a6e9,inequality,5954,5954,constraint,INEQ-UPPER-D019-H18-PH02
20260811_121452_stage_B_2C_4168a6e9,inequality,5955,5955,constraint,INEQ-LOWER-D019-H18-PH03
20260811_121452_stage_B_2C_4168a6e9,inequality,5956,5956,constraint,INEQ-UPPER-D019-H18-PH03
20260811_121452_stage_B_2C_4168a6e9,inequality,5957,5957,constraint,INEQ-LOWER-D019-H18-PH04
20260811_121452_stage_B_2C_4168a6e9,inequality,5958,5958,constraint,INEQ-UPPER-D019-H18-PH04
20260811_121452_stage_B_2C_4168a6e9,inequality,5959,5959,constraint,INEQ-LOWER-D019-H18-PF01
20260811_121452_stage_B_2C_4168a6e9,inequality,5960,5960,constraint,INEQ-UPPER-D019-H18-PF01
20260811_121452_stage_B_2C_4168a6e9,inequality,5961,5961,constraint,INEQ-LOWER-D019-H18-PF02
20260811_121452_stage_B_2C_4168a6e9,inequality,5962,5962,constraint,INEQ-UPPER-D019-H18-PF02
20260811_121452_stage_B_2C_4168a6e9,inequality,5963,5963,constraint,INEQ-LOWER-D019-H18-PF03
20260811_121452_stage_B_2C_4168a6e9,inequality,5964,5964,constraint,INEQ-UPPER-D019-H18-PF03
20260811_121452_stage_B_2C_4168a6e9,inequality,5965,5965,constraint,INEQ-LOWER-D019-H18-PF04
20260811_121452_stage_B_2C_4168a6e9,inequality,5966,5966,constraint,INEQ-UPPER-D019-H18-PF04
20260811_121452_stage_B_2C_4168a6e9,inequality,5967,5967,constraint,INEQ-LOWER-D019-H18-Pch01
20260811_121452_stage_B_2C_4168a6e9,inequality,5968,5968,constraint,INEQ-UPPER-D019-H18-Pch01
20260811_121452_stage_B_2C_4168a6e9,inequality,5969,5969,constraint,INEQ-LOWER-D019-H18-Pch02
20260811_121452_stage_B_2C_4168a6e9,inequality,5970,5970,constraint,INEQ-UPPER-D019-H18-Pch02
20260811_121452_stage_B_2C_4168a6e9,inequality,5971,5971,constraint,INEQ-LOWER-D019-H18-Pdis01
20260811_121452_stage_B_2C_4168a6e9,inequality,5972,5972,constraint,INEQ-UPPER-D019-H18-Pdis01
20260811_121452_stage_B_2C_4168a6e9,inequality,5973,5973,constraint,INEQ-LOWER-D019-H18-Pdis02
20260811_121452_stage_B_2C_4168a6e9,inequality,5974,5974,constraint,INEQ-UPPER-D019-H18-Pdis02
20260811_121452_stage_B_2C_4168a6e9,inequality,5975,5975,constraint,INEQ-LOWER-D019-H18-SOC01
20260811_121452_stage_B_2C_4168a6e9,inequality,5976,5976,constraint,INEQ-UPPER-D019-H18-SOC01
20260811_121452_stage_B_2C_4168a6e9,inequality,5977,5977,constraint,INEQ-LOWER-D019-H18-SOC02
20260811_121452_stage_B_2C_4168a6e9,inequality,5978,5978,constraint,INEQ-UPPER-D019-H18-SOC02
20260811_121452_stage_B_2C_4168a6e9,inequality,5979,5979,constraint,INEQ-LOWER-D019-H19-PW01
20260811_121452_stage_B_2C_4168a6e9,inequality,5980,5980,constraint,INEQ-UPPER-D019-H19-PW01
20260811_121452_stage_B_2C_4168a6e9,inequality,5981,5981,constraint,INEQ-LOWER-D019-H19-PW02
20260811_121452_stage_B_2C_4168a6e9,inequality,5982,5982,constraint,INEQ-UPPER-D019-H19-PW02
20260811_121452_stage_B_2C_4168a6e9,inequality,5983,5983,constraint,INEQ-LOWER-D019-H19-PW03
20260811_121452_stage_B_2C_4168a6e9,inequality,5984,5984,constraint,INEQ-UPPER-D019-H19-PW03
20260811_121452_stage_B_2C_4168a6e9,inequality,5985,5985,constraint,INEQ-LOWER-D019-H19-PW04
20260811_121452_stage_B_2C_4168a6e9,inequality,5986,5986,constraint,INEQ-UPPER-D019-H19-PW04
20260811_121452_stage_B_2C_4168a6e9,inequality,5987,5987,constraint,INEQ-LOWER-D019-H19-PW05
20260811_121452_stage_B_2C_4168a6e9,inequality,5988,5988,constraint,INEQ-UPPER-D019-H19-PW05
20260811_121452_stage_B_2C_4168a6e9,inequality,5989,5989,constraint,INEQ-LOWER-D019-H19-PP01
20260811_121452_stage_B_2C_4168a6e9,inequality,5990,5990,constraint,INEQ-UPPER-D019-H19-PP01
20260811_121452_stage_B_2C_4168a6e9,inequality,5991,5991,constraint,INEQ-LOWER-D019-H19-PP02
20260811_121452_stage_B_2C_4168a6e9,inequality,5992,5992,constraint,INEQ-UPPER-D019-H19-PP02
20260811_121452_stage_B_2C_4168a6e9,inequality,5993,5993,constraint,INEQ-LOWER-D019-H19-PP03
20260811_121452_stage_B_2C_4168a6e9,inequality,5994,5994,constraint,INEQ-UPPER-D019-H19-PP03
20260811_121452_stage_B_2C_4168a6e9,inequality,5995,5995,constraint,INEQ-LOWER-D019-H19-PP04
20260811_121452_stage_B_2C_4168a6e9,inequality,5996,5996,constraint,INEQ-UPPER-D019-H19-PP04
20260811_121452_stage_B_2C_4168a6e9,inequality,5997,5997,constraint,INEQ-LOWER-D019-H19-PP05
20260811_121452_stage_B_2C_4168a6e9,inequality,5998,5998,constraint,INEQ-UPPER-D019-H19-PP05
20260811_121452_stage_B_2C_4168a6e9,inequality,5999,5999,constraint,INEQ-LOWER-D019-H19-PH01
20260811_121452_stage_B_2C_4168a6e9,inequality,6000,6000,constraint,INEQ-UPPER-D019-H19-PH01
20260811_121452_stage_B_2C_4168a6e9,inequality,6001,6001,constraint,INEQ-LOWER-D019-H19-PH02
20260811_121452_stage_B_2C_4168a6e9,inequality,6002,6002,constraint,INEQ-UPPER-D019-H19-PH02
20260811_121452_stage_B_2C_4168a6e9,inequality,6003,6003,constraint,INEQ-LOWER-D019-H19-PH03
20260811_121452_stage_B_2C_4168a6e9,inequality,6004,6004,constraint,INEQ-UPPER-D019-H19-PH03
20260811_121452_stage_B_2C_4168a6e9,inequality,6005,6005,constraint,INEQ-LOWER-D019-H19-PH04
20260811_121452_stage_B_2C_4168a6e9,inequality,6006,6006,constraint,INEQ-UPPER-D019-H19-PH04
20260811_121452_stage_B_2C_4168a6e9,inequality,6007,6007,constraint,INEQ-LOWER-D019-H19-PF01
20260811_121452_stage_B_2C_4168a6e9,inequality,6008,6008,constraint,INEQ-UPPER-D019-H19-PF01
20260811_121452_stage_B_2C_4168a6e9,inequality,6009,6009,constraint,INEQ-LOWER-D019-H19-PF02
20260811_121452_stage_B_2C_4168a6e9,inequality,6010,6010,constraint,INEQ-UPPER-D019-H19-PF02
20260811_121452_stage_B_2C_4168a6e9,inequality,6011,6011,constraint,INEQ-LOWER-D019-H19-PF03
20260811_121452_stage_B_2C_4168a6e9,inequality,6012,6012,constraint,INEQ-UPPER-D019-H19-PF03
20260811_121452_stage_B_2C_4168a6e9,inequality,6013,6013,constraint,INEQ-LOWER-D019-H19-PF04
20260811_121452_stage_B_2C_4168a6e9,inequality,6014,6014,constraint,INEQ-UPPER-D019-H19-PF04
20260811_121452_stage_B_2C_4168a6e9,inequality,6015,6015,constraint,INEQ-LOWER-D019-H19-Pch01
20260811_121452_stage_B_2C_4168a6e9,inequality,6016,6016,constraint,INEQ-UPPER-D019-H19-Pch01
20260811_121452_stage_B_2C_4168a6e9,inequality,6017,6017,constraint,INEQ-LOWER-D019-H19-Pch02
20260811_121452_stage_B_2C_4168a6e9,inequality,6018,6018,constraint,INEQ-UPPER-D019-H19-Pch02
20260811_121452_stage_B_2C_4168a6e9,inequality,6019,6019,constraint,INEQ-LOWER-D019-H19-Pdis01
20260811_121452_stage_B_2C_4168a6e9,inequality,6020,6020,constraint,INEQ-UPPER-D019-H19-Pdis01
20260811_121452_stage_B_2C_4168a6e9,inequality,6021,6021,constraint,INEQ-LOWER-D019-H19-Pdis02
20260811_121452_stage_B_2C_4168a6e9,inequality,6022,6022,constraint,INEQ-UPPER-D019-H19-Pdis02
20260811_121452_stage_B_2C_4168a6e9,inequality,6023,6023,constraint,INEQ-LOWER-D019-H19-SOC01
20260811_121452_stage_B_2C_4168a6e9,inequality,6024,6024,constraint,INEQ-UPPER-D019-H19-SOC01
20260811_121452_stage_B_2C_4168a6e9,inequality,6025,6025,constraint,INEQ-LOWER-D019-H19-SOC02
20260811_121452_stage_B_2C_4168a6e9,inequality,6026,6026,constraint,INEQ-UPPER-D019-H19-SOC02
20260811_121452_stage_B_2C_4168a6e9,inequality,6027,6027,constraint,INEQ-LOWER-D019-H20-PW01
20260811_121452_stage_B_2C_4168a6e9,inequality,6028,6028,constraint,INEQ-UPPER-D019-H20-PW01
20260811_121452_stage_B_2C_4168a6e9,inequality,6029,6029,constraint,INEQ-LOWER-D019-H20-PW02
20260811_121452_stage_B_2C_4168a6e9,inequality,6030,6030,constraint,INEQ-UPPER-D019-H20-PW02
20260811_121452_stage_B_2C_4168a6e9,inequality,6031,6031,constraint,INEQ-LOWER-D019-H20-PW03
20260811_121452_stage_B_2C_4168a6e9,inequality,6032,6032,constraint,INEQ-UPPER-D019-H20-PW03
20260811_121452_stage_B_2C_4168a6e9,inequality,6033,6033,constraint,INEQ-LOWER-D019-H20-PW04
20260811_121452_stage_B_2C_4168a6e9,inequality,6034,6034,constraint,INEQ-UPPER-D019-H20-PW04
20260811_121452_stage_B_2C_4168a6e9,inequality,6035,6035,constraint,INEQ-LOWER-D019-H20-PW05
20260811_121452_stage_B_2C_4168a6e9,inequality,6036,6036,constraint,INEQ-UPPER-D019-H20-PW05
20260811_121452_stage_B_2C_4168a6e9,inequality,6037,6037,constraint,INEQ-LOWER-D019-H20-PH01
20260811_121452_stage_B_2C_4168a6e9,inequality,6038,6038,constraint,INEQ-UPPER-D019-H20-PH01
20260811_121452_stage_B_2C_4168a6e9,inequality,6039,6039,constraint,INEQ-LOWER-D019-H20-PH02
20260811_121452_stage_B_2C_4168a6e9,inequality,6040,6040,constraint,INEQ-UPPER-D019-H20-PH02
20260811_121452_stage_B_2C_4168a6e9,inequality,6041,6041,constraint,INEQ-LOWER-D019-H20-PH03
20260811_121452_stage_B_2C_4168a6e9,inequality,6042,6042,constraint,INEQ-UPPER-D019-H20-PH03
20260811_121452_stage_B_2C_4168a6e9,inequality,6043,6043,constraint,INEQ-LOWER-D019-H20-PH04
20260811_121452_stage_B_2C_4168a6e9,inequality,6044,6044,constraint,INEQ-UPPER-D019-H20-PH04
20260811_121452_stage_B_2C_4168a6e9,inequality,6045,6045,constraint,INEQ-LOWER-D019-H20-PF01
20260811_121452_stage_B_2C_4168a6e9,inequality,6046,6046,constraint,INEQ-UPPER-D019-H20-PF01
20260811_121452_stage_B_2C_4168a6e9,inequality,6047,6047,constraint,INEQ-LOWER-D019-H20-PF02
20260811_121452_stage_B_2C_4168a6e9,inequality,6048,6048,constraint,INEQ-UPPER-D019-H20-PF02
20260811_121452_stage_B_2C_4168a6e9,inequality,6049,6049,constraint,INEQ-LOWER-D019-H20-PF03
20260811_121452_stage_B_2C_4168a6e9,inequality,6050,6050,constraint,INEQ-UPPER-D019-H20-PF03
20260811_121452_stage_B_2C_4168a6e9,inequality,6051,6051,constraint,INEQ-LOWER-D019-H20-PF04
20260811_121452_stage_B_2C_4168a6e9,inequality,6052,6052,constraint,INEQ-UPPER-D019-H20-PF04
20260811_121452_stage_B_2C_4168a6e9,inequality,6053,6053,constraint,INEQ-LOWER-D019-H20-Pch01
20260811_121452_stage_B_2C_4168a6e9,inequality,6054,6054,constraint,INEQ-UPPER-D019-H20-Pch01
20260811_121452_stage_B_2C_4168a6e9,inequality,6055,6055,constraint,INEQ-LOWER-D019-H20-Pch02
20260811_121452_stage_B_2C_4168a6e9,inequality,6056,6056,constraint,INEQ-UPPER-D019-H20-Pch02
20260811_121452_stage_B_2C_4168a6e9,inequality,6057,6057,constraint,INEQ-LOWER-D019-H20-Pdis01
20260811_121452_stage_B_2C_4168a6e9,inequality,6058,6058,constraint,INEQ-UPPER-D019-H20-Pdis01
20260811_121452_stage_B_2C_4168a6e9,inequality,6059,6059,constraint,INEQ-LOWER-D019-H20-Pdis02
20260811_121452_stage_B_2C_4168a6e9,inequality,6060,6060,constraint,INEQ-UPPER-D019-H20-Pdis02
20260811_121452_stage_B_2C_4168a6e9,inequality,6061,6061,constraint,INEQ-LOWER-D019-H20-SOC01
20260811_121452_stage_B_2C_4168a6e9,inequality,6062,6062,constraint,INEQ-UPPER-D019-H20-SOC01
20260811_121452_stage_B_2C_4168a6e9,inequality,6063,6063,constraint,INEQ-LOWER-D019-H20-SOC02
20260811_121452_stage_B_2C_4168a6e9,inequality,6064,6064,constraint,INEQ-UPPER-D019-H20-SOC02
20260811_121452_stage_B_2C_4168a6e9,inequality,6065,6065,constraint,INEQ-LOWER-D019-H21-PW01
20260811_121452_stage_B_2C_4168a6e9,inequality,6066,6066,constraint,INEQ-UPPER-D019-H21-PW01
20260811_121452_stage_B_2C_4168a6e9,inequality,6067,6067,constraint,INEQ-LOWER-D019-H21-PW02
20260811_121452_stage_B_2C_4168a6e9,inequality,6068,6068,constraint,INEQ-UPPER-D019-H21-PW02
20260811_121452_stage_B_2C_4168a6e9,inequality,6069,6069,constraint,INEQ-LOWER-D019-H21-PW03
20260811_121452_stage_B_2C_4168a6e9,inequality,6070,6070,constraint,INEQ-UPPER-D019-H21-PW03
20260811_121452_stage_B_2C_4168a6e9,inequality,6071,6071,constraint,INEQ-LOWER-D019-H21-PW04
20260811_121452_stage_B_2C_4168a6e9,inequality,6072,6072,constraint,INEQ-UPPER-D019-H21-PW04
20260811_121452_stage_B_2C_4168a6e9,inequality,6073,6073,constraint,INEQ-LOWER-D019-H21-PW05
20260811_121452_stage_B_2C_4168a6e9,inequality,6074,6074,constraint,INEQ-UPPER-D019-H21-PW05
20260811_121452_stage_B_2C_4168a6e9,inequality,6075,6075,constraint,INEQ-LOWER-D019-H21-PH01
20260811_121452_stage_B_2C_4168a6e9,inequality,6076,6076,constraint,INEQ-UPPER-D019-H21-PH01
20260811_121452_stage_B_2C_4168a6e9,inequality,6077,6077,constraint,INEQ-LOWER-D019-H21-PH02
20260811_121452_stage_B_2C_4168a6e9,inequality,6078,6078,constraint,INEQ-UPPER-D019-H21-PH02
20260811_121452_stage_B_2C_4168a6e9,inequality,6079,6079,constraint,INEQ-LOWER-D019-H21-PH03
20260811_121452_stage_B_2C_4168a6e9,inequality,6080,6080,constraint,INEQ-UPPER-D019-H21-PH03
20260811_121452_stage_B_2C_4168a6e9,inequality,6081,6081,constraint,INEQ-LOWER-D019-H21-PH04
20260811_121452_stage_B_2C_4168a6e9,inequality,6082,6082,constraint,INEQ-UPPER-D019-H21-PH04
20260811_121452_stage_B_2C_4168a6e9,inequality,6083,6083,constraint,INEQ-LOWER-D019-H21-PF01
20260811_121452_stage_B_2C_4168a6e9,inequality,6084,6084,constraint,INEQ-UPPER-D019-H21-PF01
20260811_121452_stage_B_2C_4168a6e9,inequality,6085,6085,constraint,INEQ-LOWER-D019-H21-PF02
20260811_121452_stage_B_2C_4168a6e9,inequality,6086,6086,constraint,INEQ-UPPER-D019-H21-PF02
20260811_121452_stage_B_2C_4168a6e9,inequality,6087,6087,constraint,INEQ-LOWER-D019-H21-PF03
20260811_121452_stage_B_2C_4168a6e9,inequality,6088,6088,constraint,INEQ-UPPER-D019-H21-PF03
20260811_121452_stage_B_2C_4168a6e9,inequality,6089,6089,constraint,INEQ-LOWER-D019-H21-PF04
20260811_121452_stage_B_2C_4168a6e9,inequality,6090,6090,constraint,INEQ-UPPER-D019-H21-PF04
20260811_121452_stage_B_2C_4168a6e9,inequality,6091,6091,constraint,INEQ-LOWER-D019-H21-Pch01
20260811_121452_stage_B_2C_4168a6e9,inequality,6092,6092,constraint,INEQ-UPPER-D019-H21-Pch01
20260811_121452_stage_B_2C_4168a6e9,inequality,6093,6093,constraint,INEQ-LOWER-D019-H21-Pch02
20260811_121452_stage_B_2C_4168a6e9,inequality,6094,6094,constraint,INEQ-UPPER-D019-H21-Pch02
20260811_121452_stage_B_2C_4168a6e9,inequality,6095,6095,constraint,INEQ-LOWER-D019-H21-Pdis01
20260811_121452_stage_B_2C_4168a6e9,inequality,6096,6096,constraint,INEQ-UPPER-D019-H21-Pdis01
20260811_121452_stage_B_2C_4168a6e9,inequality,6097,6097,constraint,INEQ-LOWER-D019-H21-Pdis02
20260811_121452_stage_B_2C_4168a6e9,inequality,6098,6098,constraint,INEQ-UPPER-D019-H21-Pdis02
20260811_121452_stage_B_2C_4168a6e9,inequality,6099,6099,constraint,INEQ-LOWER-D019-H21-SOC01
20260811_121452_stage_B_2C_4168a6e9,inequality,6100,6100,constraint,INEQ-UPPER-D019-H21-SOC01
20260811_121452_stage_B_2C_4168a6e9,inequality,6101,6101,constraint,INEQ-LOWER-D019-H21-SOC02
20260811_121452_stage_B_2C_4168a6e9,inequality,6102,6102,constraint,INEQ-UPPER-D019-H21-SOC02
20260811_121452_stage_B_2C_4168a6e9,inequality,6103,6103,constraint,INEQ-LOWER-D019-H22-PW01
20260811_121452_stage_B_2C_4168a6e9,inequality,6104,6104,constraint,INEQ-UPPER-D019-H22-PW01
20260811_121452_stage_B_2C_4168a6e9,inequality,6105,6105,constraint,INEQ-LOWER-D019-H22-PW02
20260811_121452_stage_B_2C_4168a6e9,inequality,6106,6106,constraint,INEQ-UPPER-D019-H22-PW02
20260811_121452_stage_B_2C_4168a6e9,inequality,6107,6107,constraint,INEQ-LOWER-D019-H22-PW03
20260811_121452_stage_B_2C_4168a6e9,inequality,6108,6108,constraint,INEQ-UPPER-D019-H22-PW03
20260811_121452_stage_B_2C_4168a6e9,inequality,6109,6109,constraint,INEQ-LOWER-D019-H22-PW04
20260811_121452_stage_B_2C_4168a6e9,inequality,6110,6110,constraint,INEQ-UPPER-D019-H22-PW04
20260811_121452_stage_B_2C_4168a6e9,inequality,6111,6111,constraint,INEQ-LOWER-D019-H22-PW05
20260811_121452_stage_B_2C_4168a6e9,inequality,6112,6112,constraint,INEQ-UPPER-D019-H22-PW05
20260811_121452_stage_B_2C_4168a6e9,inequality,6113,6113,constraint,INEQ-LOWER-D019-H22-PH01
20260811_121452_stage_B_2C_4168a6e9,inequality,6114,6114,constraint,INEQ-UPPER-D019-H22-PH01
20260811_121452_stage_B_2C_4168a6e9,inequality,6115,6115,constraint,INEQ-LOWER-D019-H22-PH02
20260811_121452_stage_B_2C_4168a6e9,inequality,6116,6116,constraint,INEQ-UPPER-D019-H22-PH02
20260811_121452_stage_B_2C_4168a6e9,inequality,6117,6117,constraint,INEQ-LOWER-D019-H22-PH03
20260811_121452_stage_B_2C_4168a6e9,inequality,6118,6118,constraint,INEQ-UPPER-D019-H22-PH03
20260811_121452_stage_B_2C_4168a6e9,inequality,6119,6119,constraint,INEQ-LOWER-D019-H22-PH04
20260811_121452_stage_B_2C_4168a6e9,inequality,6120,6120,constraint,INEQ-UPPER-D019-H22-PH04
20260811_121452_stage_B_2C_4168a6e9,inequality,6121,6121,constraint,INEQ-LOWER-D019-H22-PF01
20260811_121452_stage_B_2C_4168a6e9,inequality,6122,6122,constraint,INEQ-UPPER-D019-H22-PF01
20260811_121452_stage_B_2C_4168a6e9,inequality,6123,6123,constraint,INEQ-LOWER-D019-H22-PF02
20260811_121452_stage_B_2C_4168a6e9,inequality,6124,6124,constraint,INEQ-UPPER-D019-H22-PF02
20260811_121452_stage_B_2C_4168a6e9,inequality,6125,6125,constraint,INEQ-LOWER-D019-H22-PF03
20260811_121452_stage_B_2C_4168a6e9,inequality,6126,6126,constraint,INEQ-UPPER-D019-H22-PF03
20260811_121452_stage_B_2C_4168a6e9,inequality,6127,6127,constraint,INEQ-LOWER-D019-H22-PF04
20260811_121452_stage_B_2C_4168a6e9,inequality,6128,6128,constraint,INEQ-UPPER-D019-H22-PF04
20260811_121452_stage_B_2C_4168a6e9,inequality,6129,6129,constraint,INEQ-LOWER-D019-H22-Pch01
20260811_121452_stage_B_2C_4168a6e9,inequality,6130,6130,constraint,INEQ-UPPER-D019-H22-Pch01
20260811_121452_stage_B_2C_4168a6e9,inequality,6131,6131,constraint,INEQ-LOWER-D019-H22-Pch02
20260811_121452_stage_B_2C_4168a6e9,inequality,6132,6132,constraint,INEQ-UPPER-D019-H22-Pch02
20260811_121452_stage_B_2C_4168a6e9,inequality,6133,6133,constraint,INEQ-LOWER-D019-H22-Pdis01
20260811_121452_stage_B_2C_4168a6e9,inequality,6134,6134,constraint,INEQ-UPPER-D019-H22-Pdis01
20260811_121452_stage_B_2C_4168a6e9,inequality,6135,6135,constraint,INEQ-LOWER-D019-H22-Pdis02
20260811_121452_stage_B_2C_4168a6e9,inequality,6136,6136,constraint,INEQ-UPPER-D019-H22-Pdis02
20260811_121452_stage_B_2C_4168a6e9,inequality,6137,6137,constraint,INEQ-LOWER-D019-H22-SOC01
20260811_121452_stage_B_2C_4168a6e9,inequality,6138,6138,constraint,INEQ-UPPER-D019-H22-SOC01
20260811_121452_stage_B_2C_4168a6e9,inequality,6139,6139,constraint,INEQ-LOWER-D019-H22-SOC02
20260811_121452_stage_B_2C_4168a6e9,inequality,6140,6140,constraint,INEQ-UPPER-D019-H22-SOC02
20260811_121452_stage_B_2C_4168a6e9,inequality,6141,6141,constraint,INEQ-LOWER-D019-H23-PW01
20260811_121452_stage_B_2C_4168a6e9,inequality,6142,6142,constraint,INEQ-UPPER-D019-H23-PW01
20260811_121452_stage_B_2C_4168a6e9,inequality,6143,6143,constraint,INEQ-LOWER-D019-H23-PW02
20260811_121452_stage_B_2C_4168a6e9,inequality,6144,6144,constraint,INEQ-UPPER-D019-H23-PW02
20260811_121452_stage_B_2C_4168a6e9,inequality,6145,6145,constraint,INEQ-LOWER-D019-H23-PW03
20260811_121452_stage_B_2C_4168a6e9,inequality,6146,6146,constraint,INEQ-UPPER-D019-H23-PW03
20260811_121452_stage_B_2C_4168a6e9,inequality,6147,6147,constraint,INEQ-LOWER-D019-H23-PW04
20260811_121452_stage_B_2C_4168a6e9,inequality,6148,6148,constraint,INEQ-UPPER-D019-H23-PW04
20260811_121452_stage_B_2C_4168a6e9,inequality,6149,6149,constraint,INEQ-LOWER-D019-H23-PW05
20260811_121452_stage_B_2C_4168a6e9,inequality,6150,6150,constraint,INEQ-UPPER-D019-H23-PW05
20260811_121452_stage_B_2C_4168a6e9,inequality,6151,6151,constraint,INEQ-LOWER-D019-H23-PH01
20260811_121452_stage_B_2C_4168a6e9,inequality,6152,6152,constraint,INEQ-UPPER-D019-H23-PH01
20260811_121452_stage_B_2C_4168a6e9,inequality,6153,6153,constraint,INEQ-LOWER-D019-H23-PH02
20260811_121452_stage_B_2C_4168a6e9,inequality,6154,6154,constraint,INEQ-UPPER-D019-H23-PH02
20260811_121452_stage_B_2C_4168a6e9,inequality,6155,6155,constraint,INEQ-LOWER-D019-H23-PH03
20260811_121452_stage_B_2C_4168a6e9,inequality,6156,6156,constraint,INEQ-UPPER-D019-H23-PH03
20260811_121452_stage_B_2C_4168a6e9,inequality,6157,6157,constraint,INEQ-LOWER-D019-H23-PH04
20260811_121452_stage_B_2C_4168a6e9,inequality,6158,6158,constraint,INEQ-UPPER-D019-H23-PH04
20260811_121452_stage_B_2C_4168a6e9,inequality,6159,6159,constraint,INEQ-LOWER-D019-H23-PF01
20260811_121452_stage_B_2C_4168a6e9,inequality,6160,6160,constraint,INEQ-UPPER-D019-H23-PF01
20260811_121452_stage_B_2C_4168a6e9,inequality,6161,6161,constraint,INEQ-LOWER-D019-H23-PF02
20260811_121452_stage_B_2C_4168a6e9,inequality,6162,6162,constraint,INEQ-UPPER-D019-H23-PF02
20260811_121452_stage_B_2C_4168a6e9,inequality,6163,6163,constraint,INEQ-LOWER-D019-H23-PF03
20260811_121452_stage_B_2C_4168a6e9,inequality,6164,6164,constraint,INEQ-UPPER-D019-H23-PF03
20260811_121452_stage_B_2C_4168a6e9,inequality,6165,6165,constraint,INEQ-LOWER-D019-H23-PF04
20260811_121452_stage_B_2C_4168a6e9,inequality,6166,6166,constraint,INEQ-UPPER-D019-H23-PF04
20260811_121452_stage_B_2C_4168a6e9,inequality,6167,6167,constraint,INEQ-LOWER-D019-H23-Pch01
20260811_121452_stage_B_2C_4168a6e9,inequality,6168,6168,constraint,INEQ-UPPER-D019-H23-Pch01
20260811_121452_stage_B_2C_4168a6e9,inequality,6169,6169,constraint,INEQ-LOWER-D019-H23-Pch02
20260811_121452_stage_B_2C_4168a6e9,inequality,6170,6170,constraint,INEQ-UPPER-D019-H23-Pch02
20260811_121452_stage_B_2C_4168a6e9,inequality,6171,6171,constraint,INEQ-LOWER-D019-H23-Pdis01
20260811_121452_stage_B_2C_4168a6e9,inequality,6172,6172,constraint,INEQ-UPPER-D019-H23-Pdis01
20260811_121452_stage_B_2C_4168a6e9,inequality,6173,6173,constraint,INEQ-LOWER-D019-H23-Pdis02
20260811_121452_stage_B_2C_4168a6e9,inequality,6174,6174,constraint,INEQ-UPPER-D019-H23-Pdis02
20260811_121452_stage_B_2C_4168a6e9,inequality,6175,6175,constraint,INEQ-LOWER-D019-H23-SOC01
20260811_121452_stage_B_2C_4168a6e9,inequality,6176,6176,constraint,INEQ-UPPER-D019-H23-SOC01
20260811_121452_stage_B_2C_4168a6e9,inequality,6177,6177,constraint,INEQ-LOWER-D019-H23-SOC02
20260811_121452_stage_B_2C_4168a6e9,inequality,6178,6178,constraint,INEQ-UPPER-D019-H23-SOC02
20260811_121452_stage_B_2C_4168a6e9,inequality,6179,6179,constraint,INEQ-LOWER-D019-H24-PW01
20260811_121452_stage_B_2C_4168a6e9,inequality,6180,6180,constraint,INEQ-UPPER-D019-H24-PW01
20260811_121452_stage_B_2C_4168a6e9,inequality,6181,6181,constraint,INEQ-LOWER-D019-H24-PW02
20260811_121452_stage_B_2C_4168a6e9,inequality,6182,6182,constraint,INEQ-UPPER-D019-H24-PW02
20260811_121452_stage_B_2C_4168a6e9,inequality,6183,6183,constraint,INEQ-LOWER-D019-H24-PW03
20260811_121452_stage_B_2C_4168a6e9,inequality,6184,6184,constraint,INEQ-UPPER-D019-H24-PW03
20260811_121452_stage_B_2C_4168a6e9,inequality,6185,6185,constraint,INEQ-LOWER-D019-H24-PW04
20260811_121452_stage_B_2C_4168a6e9,inequality,6186,6186,constraint,INEQ-UPPER-D019-H24-PW04
20260811_121452_stage_B_2C_4168a6e9,inequality,6187,6187,constraint,INEQ-LOWER-D019-H24-PW05
20260811_121452_stage_B_2C_4168a6e9,inequality,6188,6188,constraint,INEQ-UPPER-D019-H24-PW05
20260811_121452_stage_B_2C_4168a6e9,inequality,6189,6189,constraint,INEQ-LOWER-D019-H24-PH01
20260811_121452_stage_B_2C_4168a6e9,inequality,6190,6190,constraint,INEQ-UPPER-D019-H24-PH01
20260811_121452_stage_B_2C_4168a6e9,inequality,6191,6191,constraint,INEQ-LOWER-D019-H24-PH02
20260811_121452_stage_B_2C_4168a6e9,inequality,6192,6192,constraint,INEQ-UPPER-D019-H24-PH02
20260811_121452_stage_B_2C_4168a6e9,inequality,6193,6193,constraint,INEQ-LOWER-D019-H24-PH03
20260811_121452_stage_B_2C_4168a6e9,inequality,6194,6194,constraint,INEQ-UPPER-D019-H24-PH03
20260811_121452_stage_B_2C_4168a6e9,inequality,6195,6195,constraint,INEQ-LOWER-D019-H24-PH04
20260811_121452_stage_B_2C_4168a6e9,inequality,6196,6196,constraint,INEQ-UPPER-D019-H24-PH04
20260811_121452_stage_B_2C_4168a6e9,inequality,6197,6197,constraint,INEQ-LOWER-D019-H24-PF01
20260811_121452_stage_B_2C_4168a6e9,inequality,6198,6198,constraint,INEQ-UPPER-D019-H24-PF01
20260811_121452_stage_B_2C_4168a6e9,inequality,6199,6199,constraint,INEQ-LOWER-D019-H24-PF02
20260811_121452_stage_B_2C_4168a6e9,inequality,6200,6200,constraint,INEQ-UPPER-D019-H24-PF02
20260811_121452_stage_B_2C_4168a6e9,inequality,6201,6201,constraint,INEQ-LOWER-D019-H24-PF03
20260811_121452_stage_B_2C_4168a6e9,inequality,6202,6202,constraint,INEQ-UPPER-D019-H24-PF03
20260811_121452_stage_B_2C_4168a6e9,inequality,6203,6203,constraint,INEQ-LOWER-D019-H24-PF04
20260811_121452_stage_B_2C_4168a6e9,inequality,6204,6204,constraint,INEQ-UPPER-D019-H24-PF04
20260811_121452_stage_B_2C_4168a6e9,inequality,6205,6205,constraint,INEQ-LOWER-D019-H24-Pch01
20260811_121452_stage_B_2C_4168a6e9,inequality,6206,6206,constraint,INEQ-UPPER-D019-H24-Pch01
20260811_121452_stage_B_2C_4168a6e9,inequality,6207,6207,constraint,INEQ-LOWER-D019-H24-Pch02
20260811_121452_stage_B_2C_4168a6e9,inequality,6208,6208,constraint,INEQ-UPPER-D019-H24-Pch02
20260811_121452_stage_B_2C_4168a6e9,inequality,6209,6209,constraint,INEQ-LOWER-D019-H24-Pdis01
20260811_121452_stage_B_2C_4168a6e9,inequality,6210,6210,constraint,INEQ-UPPER-D019-H24-Pdis01
20260811_121452_stage_B_2C_4168a6e9,inequality,6211,6211,constraint,INEQ-LOWER-D019-H24-Pdis02
20260811_121452_stage_B_2C_4168a6e9,inequality,6212,6212,constraint,INEQ-UPPER-D019-H24-Pdis02
20260811_121452_stage_B_2C_4168a6e9,inequality,6213,6213,constraint,INEQ-LOWER-D019-H24-SOC01
20260811_121452_stage_B_2C_4168a6e9,inequality,6214,6214,constraint,INEQ-UPPER-D019-H24-SOC01
20260811_121452_stage_B_2C_4168a6e9,inequality,6215,6215,constraint,INEQ-LOWER-D019-H24-SOC02
20260811_121452_stage_B_2C_4168a6e9,inequality,6216,6216,constraint,INEQ-UPPER-D019-H24-SOC02
20260811_121452_stage_B_2C_4168a6e9,inequality,6217,6217,constraint,INEQ-LOWER-D020-H01-PW01
20260811_121452_stage_B_2C_4168a6e9,inequality,6218,6218,constraint,INEQ-UPPER-D020-H01-PW01
20260811_121452_stage_B_2C_4168a6e9,inequality,6219,6219,constraint,INEQ-LOWER-D020-H01-PW02
20260811_121452_stage_B_2C_4168a6e9,inequality,6220,6220,constraint,INEQ-UPPER-D020-H01-PW02
20260811_121452_stage_B_2C_4168a6e9,inequality,6221,6221,constraint,INEQ-LOWER-D020-H01-PW03
20260811_121452_stage_B_2C_4168a6e9,inequality,6222,6222,constraint,INEQ-UPPER-D020-H01-PW03
20260811_121452_stage_B_2C_4168a6e9,inequality,6223,6223,constraint,INEQ-LOWER-D020-H01-PW04
20260811_121452_stage_B_2C_4168a6e9,inequality,6224,6224,constraint,INEQ-UPPER-D020-H01-PW04
20260811_121452_stage_B_2C_4168a6e9,inequality,6225,6225,constraint,INEQ-LOWER-D020-H01-PW05
20260811_121452_stage_B_2C_4168a6e9,inequality,6226,6226,constraint,INEQ-UPPER-D020-H01-PW05
20260811_121452_stage_B_2C_4168a6e9,inequality,6227,6227,constraint,INEQ-LOWER-D020-H01-PH01
20260811_121452_stage_B_2C_4168a6e9,inequality,6228,6228,constraint,INEQ-UPPER-D020-H01-PH01
20260811_121452_stage_B_2C_4168a6e9,inequality,6229,6229,constraint,INEQ-LOWER-D020-H01-PH02
20260811_121452_stage_B_2C_4168a6e9,inequality,6230,6230,constraint,INEQ-UPPER-D020-H01-PH02
20260811_121452_stage_B_2C_4168a6e9,inequality,6231,6231,constraint,INEQ-LOWER-D020-H01-PH03
20260811_121452_stage_B_2C_4168a6e9,inequality,6232,6232,constraint,INEQ-UPPER-D020-H01-PH03
20260811_121452_stage_B_2C_4168a6e9,inequality,6233,6233,constraint,INEQ-LOWER-D020-H01-PH04
20260811_121452_stage_B_2C_4168a6e9,inequality,6234,6234,constraint,INEQ-UPPER-D020-H01-PH04
20260811_121452_stage_B_2C_4168a6e9,inequality,6235,6235,constraint,INEQ-LOWER-D020-H01-PF01
20260811_121452_stage_B_2C_4168a6e9,inequality,6236,6236,constraint,INEQ-UPPER-D020-H01-PF01
20260811_121452_stage_B_2C_4168a6e9,inequality,6237,6237,constraint,INEQ-LOWER-D020-H01-PF02
20260811_121452_stage_B_2C_4168a6e9,inequality,6238,6238,constraint,INEQ-UPPER-D020-H01-PF02
20260811_121452_stage_B_2C_4168a6e9,inequality,6239,6239,constraint,INEQ-LOWER-D020-H01-PF03
20260811_121452_stage_B_2C_4168a6e9,inequality,6240,6240,constraint,INEQ-UPPER-D020-H01-PF03
20260811_121452_stage_B_2C_4168a6e9,inequality,6241,6241,constraint,INEQ-LOWER-D020-H01-PF04
20260811_121452_stage_B_2C_4168a6e9,inequality,6242,6242,constraint,INEQ-UPPER-D020-H01-PF04
20260811_121452_stage_B_2C_4168a6e9,inequality,6243,6243,constraint,INEQ-LOWER-D020-H01-Pch01
20260811_121452_stage_B_2C_4168a6e9,inequality,6244,6244,constraint,INEQ-UPPER-D020-H01-Pch01
20260811_121452_stage_B_2C_4168a6e9,inequality,6245,6245,constraint,INEQ-LOWER-D020-H01-Pch02
20260811_121452_stage_B_2C_4168a6e9,inequality,6246,6246,constraint,INEQ-UPPER-D020-H01-Pch02
20260811_121452_stage_B_2C_4168a6e9,inequality,6247,6247,constraint,INEQ-LOWER-D020-H01-Pdis01
20260811_121452_stage_B_2C_4168a6e9,inequality,6248,6248,constraint,INEQ-UPPER-D020-H01-Pdis01
20260811_121452_stage_B_2C_4168a6e9,inequality,6249,6249,constraint,INEQ-LOWER-D020-H01-Pdis02
20260811_121452_stage_B_2C_4168a6e9,inequality,6250,6250,constraint,INEQ-UPPER-D020-H01-Pdis02
20260811_121452_stage_B_2C_4168a6e9,inequality,6251,6251,constraint,INEQ-LOWER-D020-H01-SOC01
20260811_121452_stage_B_2C_4168a6e9,inequality,6252,6252,constraint,INEQ-UPPER-D020-H01-SOC01
20260811_121452_stage_B_2C_4168a6e9,inequality,6253,6253,constraint,INEQ-LOWER-D020-H01-SOC02
20260811_121452_stage_B_2C_4168a6e9,inequality,6254,6254,constraint,INEQ-UPPER-D020-H01-SOC02
20260811_121452_stage_B_2C_4168a6e9,inequality,6255,6255,constraint,INEQ-LOWER-D020-H02-PW01
20260811_121452_stage_B_2C_4168a6e9,inequality,6256,6256,constraint,INEQ-UPPER-D020-H02-PW01
20260811_121452_stage_B_2C_4168a6e9,inequality,6257,6257,constraint,INEQ-LOWER-D020-H02-PW02
20260811_121452_stage_B_2C_4168a6e9,inequality,6258,6258,constraint,INEQ-UPPER-D020-H02-PW02
20260811_121452_stage_B_2C_4168a6e9,inequality,6259,6259,constraint,INEQ-LOWER-D020-H02-PW03
20260811_121452_stage_B_2C_4168a6e9,inequality,6260,6260,constraint,INEQ-UPPER-D020-H02-PW03
20260811_121452_stage_B_2C_4168a6e9,inequality,6261,6261,constraint,INEQ-LOWER-D020-H02-PW04
20260811_121452_stage_B_2C_4168a6e9,inequality,6262,6262,constraint,INEQ-UPPER-D020-H02-PW04
20260811_121452_stage_B_2C_4168a6e9,inequality,6263,6263,constraint,INEQ-LOWER-D020-H02-PW05
20260811_121452_stage_B_2C_4168a6e9,inequality,6264,6264,constraint,INEQ-UPPER-D020-H02-PW05
20260811_121452_stage_B_2C_4168a6e9,inequality,6265,6265,constraint,INEQ-LOWER-D020-H02-PH01
20260811_121452_stage_B_2C_4168a6e9,inequality,6266,6266,constraint,INEQ-UPPER-D020-H02-PH01
20260811_121452_stage_B_2C_4168a6e9,inequality,6267,6267,constraint,INEQ-LOWER-D020-H02-PH02
20260811_121452_stage_B_2C_4168a6e9,inequality,6268,6268,constraint,INEQ-UPPER-D020-H02-PH02
20260811_121452_stage_B_2C_4168a6e9,inequality,6269,6269,constraint,INEQ-LOWER-D020-H02-PH03
20260811_121452_stage_B_2C_4168a6e9,inequality,6270,6270,constraint,INEQ-UPPER-D020-H02-PH03
20260811_121452_stage_B_2C_4168a6e9,inequality,6271,6271,constraint,INEQ-LOWER-D020-H02-PH04
20260811_121452_stage_B_2C_4168a6e9,inequality,6272,6272,constraint,INEQ-UPPER-D020-H02-PH04
20260811_121452_stage_B_2C_4168a6e9,inequality,6273,6273,constraint,INEQ-LOWER-D020-H02-PF01
20260811_121452_stage_B_2C_4168a6e9,inequality,6274,6274,constraint,INEQ-UPPER-D020-H02-PF01
20260811_121452_stage_B_2C_4168a6e9,inequality,6275,6275,constraint,INEQ-LOWER-D020-H02-PF02
20260811_121452_stage_B_2C_4168a6e9,inequality,6276,6276,constraint,INEQ-UPPER-D020-H02-PF02
20260811_121452_stage_B_2C_4168a6e9,inequality,6277,6277,constraint,INEQ-LOWER-D020-H02-PF03
20260811_121452_stage_B_2C_4168a6e9,inequality,6278,6278,constraint,INEQ-UPPER-D020-H02-PF03
20260811_121452_stage_B_2C_4168a6e9,inequality,6279,6279,constraint,INEQ-LOWER-D020-H02-PF04
20260811_121452_stage_B_2C_4168a6e9,inequality,6280,6280,constraint,INEQ-UPPER-D020-H02-PF04
20260811_121452_stage_B_2C_4168a6e9,inequality,6281,6281,constraint,INEQ-LOWER-D020-H02-Pch01
20260811_121452_stage_B_2C_4168a6e9,inequality,6282,6282,constraint,INEQ-UPPER-D020-H02-Pch01
20260811_121452_stage_B_2C_4168a6e9,inequality,6283,6283,constraint,INEQ-LOWER-D020-H02-Pch02
20260811_121452_stage_B_2C_4168a6e9,inequality,6284,6284,constraint,INEQ-UPPER-D020-H02-Pch02
20260811_121452_stage_B_2C_4168a6e9,inequality,6285,6285,constraint,INEQ-LOWER-D020-H02-Pdis01
20260811_121452_stage_B_2C_4168a6e9,inequality,6286,6286,constraint,INEQ-UPPER-D020-H02-Pdis01
20260811_121452_stage_B_2C_4168a6e9,inequality,6287,6287,constraint,INEQ-LOWER-D020-H02-Pdis02
20260811_121452_stage_B_2C_4168a6e9,inequality,6288,6288,constraint,INEQ-UPPER-D020-H02-Pdis02
20260811_121452_stage_B_2C_4168a6e9,inequality,6289,6289,constraint,INEQ-LOWER-D020-H02-SOC01
20260811_121452_stage_B_2C_4168a6e9,inequality,6290,6290,constraint,INEQ-UPPER-D020-H02-SOC01
20260811_121452_stage_B_2C_4168a6e9,inequality,6291,6291,constraint,INEQ-LOWER-D020-H02-SOC02
20260811_121452_stage_B_2C_4168a6e9,inequality,6292,6292,constraint,INEQ-UPPER-D020-H02-SOC02
20260811_121452_stage_B_2C_4168a6e9,inequality,6293,6293,constraint,INEQ-LOWER-D020-H03-PW01
20260811_121452_stage_B_2C_4168a6e9,inequality,6294,6294,constraint,INEQ-UPPER-D020-H03-PW01
20260811_121452_stage_B_2C_4168a6e9,inequality,6295,6295,constraint,INEQ-LOWER-D020-H03-PW02
20260811_121452_stage_B_2C_4168a6e9,inequality,6296,6296,constraint,INEQ-UPPER-D020-H03-PW02
20260811_121452_stage_B_2C_4168a6e9,inequality,6297,6297,constraint,INEQ-LOWER-D020-H03-PW03
20260811_121452_stage_B_2C_4168a6e9,inequality,6298,6298,constraint,INEQ-UPPER-D020-H03-PW03
20260811_121452_stage_B_2C_4168a6e9,inequality,6299,6299,constraint,INEQ-LOWER-D020-H03-PW04
20260811_121452_stage_B_2C_4168a6e9,inequality,6300,6300,constraint,INEQ-UPPER-D020-H03-PW04
20260811_121452_stage_B_2C_4168a6e9,inequality,6301,6301,constraint,INEQ-LOWER-D020-H03-PW05
20260811_121452_stage_B_2C_4168a6e9,inequality,6302,6302,constraint,INEQ-UPPER-D020-H03-PW05
20260811_121452_stage_B_2C_4168a6e9,inequality,6303,6303,constraint,INEQ-LOWER-D020-H03-PH01
20260811_121452_stage_B_2C_4168a6e9,inequality,6304,6304,constraint,INEQ-UPPER-D020-H03-PH01
20260811_121452_stage_B_2C_4168a6e9,inequality,6305,6305,constraint,INEQ-LOWER-D020-H03-PH02
20260811_121452_stage_B_2C_4168a6e9,inequality,6306,6306,constraint,INEQ-UPPER-D020-H03-PH02
20260811_121452_stage_B_2C_4168a6e9,inequality,6307,6307,constraint,INEQ-LOWER-D020-H03-PH03
20260811_121452_stage_B_2C_4168a6e9,inequality,6308,6308,constraint,INEQ-UPPER-D020-H03-PH03
20260811_121452_stage_B_2C_4168a6e9,inequality,6309,6309,constraint,INEQ-LOWER-D020-H03-PH04
20260811_121452_stage_B_2C_4168a6e9,inequality,6310,6310,constraint,INEQ-UPPER-D020-H03-PH04
20260811_121452_stage_B_2C_4168a6e9,inequality,6311,6311,constraint,INEQ-LOWER-D020-H03-PF01
20260811_121452_stage_B_2C_4168a6e9,inequality,6312,6312,constraint,INEQ-UPPER-D020-H03-PF01
20260811_121452_stage_B_2C_4168a6e9,inequality,6313,6313,constraint,INEQ-LOWER-D020-H03-PF02
20260811_121452_stage_B_2C_4168a6e9,inequality,6314,6314,constraint,INEQ-UPPER-D020-H03-PF02
20260811_121452_stage_B_2C_4168a6e9,inequality,6315,6315,constraint,INEQ-LOWER-D020-H03-PF03
20260811_121452_stage_B_2C_4168a6e9,inequality,6316,6316,constraint,INEQ-UPPER-D020-H03-PF03
20260811_121452_stage_B_2C_4168a6e9,inequality,6317,6317,constraint,INEQ-LOWER-D020-H03-PF04
20260811_121452_stage_B_2C_4168a6e9,inequality,6318,6318,constraint,INEQ-UPPER-D020-H03-PF04
20260811_121452_stage_B_2C_4168a6e9,inequality,6319,6319,constraint,INEQ-LOWER-D020-H03-Pch01
20260811_121452_stage_B_2C_4168a6e9,inequality,6320,6320,constraint,INEQ-UPPER-D020-H03-Pch01
20260811_121452_stage_B_2C_4168a6e9,inequality,6321,6321,constraint,INEQ-LOWER-D020-H03-Pch02
20260811_121452_stage_B_2C_4168a6e9,inequality,6322,6322,constraint,INEQ-UPPER-D020-H03-Pch02
20260811_121452_stage_B_2C_4168a6e9,inequality,6323,6323,constraint,INEQ-LOWER-D020-H03-Pdis01
20260811_121452_stage_B_2C_4168a6e9,inequality,6324,6324,constraint,INEQ-UPPER-D020-H03-Pdis01
20260811_121452_stage_B_2C_4168a6e9,inequality,6325,6325,constraint,INEQ-LOWER-D020-H03-Pdis02
20260811_121452_stage_B_2C_4168a6e9,inequality,6326,6326,constraint,INEQ-UPPER-D020-H03-Pdis02
20260811_121452_stage_B_2C_4168a6e9,inequality,6327,6327,constraint,INEQ-LOWER-D020-H03-SOC01
20260811_121452_stage_B_2C_4168a6e9,inequality,6328,6328,constraint,INEQ-UPPER-D020-H03-SOC01
20260811_121452_stage_B_2C_4168a6e9,inequality,6329,6329,constraint,INEQ-LOWER-D020-H03-SOC02
20260811_121452_stage_B_2C_4168a6e9,inequality,6330,6330,constraint,INEQ-UPPER-D020-H03-SOC02
20260811_121452_stage_B_2C_4168a6e9,inequality,6331,6331,constraint,INEQ-LOWER-D020-H04-PW01
20260811_121452_stage_B_2C_4168a6e9,inequality,6332,6332,constraint,INEQ-UPPER-D020-H04-PW01
20260811_121452_stage_B_2C_4168a6e9,inequality,6333,6333,constraint,INEQ-LOWER-D020-H04-PW02
20260811_121452_stage_B_2C_4168a6e9,inequality,6334,6334,constraint,INEQ-UPPER-D020-H04-PW02
20260811_121452_stage_B_2C_4168a6e9,inequality,6335,6335,constraint,INEQ-LOWER-D020-H04-PW03
20260811_121452_stage_B_2C_4168a6e9,inequality,6336,6336,constraint,INEQ-UPPER-D020-H04-PW03
20260811_121452_stage_B_2C_4168a6e9,inequality,6337,6337,constraint,INEQ-LOWER-D020-H04-PW04
20260811_121452_stage_B_2C_4168a6e9,inequality,6338,6338,constraint,INEQ-UPPER-D020-H04-PW04
20260811_121452_stage_B_2C_4168a6e9,inequality,6339,6339,constraint,INEQ-LOWER-D020-H04-PW05
20260811_121452_stage_B_2C_4168a6e9,inequality,6340,6340,constraint,INEQ-UPPER-D020-H04-PW05
20260811_121452_stage_B_2C_4168a6e9,inequality,6341,6341,constraint,INEQ-LOWER-D020-H04-PH01
20260811_121452_stage_B_2C_4168a6e9,inequality,6342,6342,constraint,INEQ-UPPER-D020-H04-PH01
20260811_121452_stage_B_2C_4168a6e9,inequality,6343,6343,constraint,INEQ-LOWER-D020-H04-PH02
20260811_121452_stage_B_2C_4168a6e9,inequality,6344,6344,constraint,INEQ-UPPER-D020-H04-PH02
20260811_121452_stage_B_2C_4168a6e9,inequality,6345,6345,constraint,INEQ-LOWER-D020-H04-PH03
20260811_121452_stage_B_2C_4168a6e9,inequality,6346,6346,constraint,INEQ-UPPER-D020-H04-PH03
20260811_121452_stage_B_2C_4168a6e9,inequality,6347,6347,constraint,INEQ-LOWER-D020-H04-PH04
20260811_121452_stage_B_2C_4168a6e9,inequality,6348,6348,constraint,INEQ-UPPER-D020-H04-PH04
20260811_121452_stage_B_2C_4168a6e9,inequality,6349,6349,constraint,INEQ-LOWER-D020-H04-PF01
20260811_121452_stage_B_2C_4168a6e9,inequality,6350,6350,constraint,INEQ-UPPER-D020-H04-PF01
20260811_121452_stage_B_2C_4168a6e9,inequality,6351,6351,constraint,INEQ-LOWER-D020-H04-PF02
20260811_121452_stage_B_2C_4168a6e9,inequality,6352,6352,constraint,INEQ-UPPER-D020-H04-PF02
20260811_121452_stage_B_2C_4168a6e9,inequality,6353,6353,constraint,INEQ-LOWER-D020-H04-PF03
20260811_121452_stage_B_2C_4168a6e9,inequality,6354,6354,constraint,INEQ-UPPER-D020-H04-PF03
20260811_121452_stage_B_2C_4168a6e9,inequality,6355,6355,constraint,INEQ-LOWER-D020-H04-PF04
20260811_121452_stage_B_2C_4168a6e9,inequality,6356,6356,constraint,INEQ-UPPER-D020-H04-PF04
20260811_121452_stage_B_2C_4168a6e9,inequality,6357,6357,constraint,INEQ-LOWER-D020-H04-Pch01
20260811_121452_stage_B_2C_4168a6e9,inequality,6358,6358,constraint,INEQ-UPPER-D020-H04-Pch01
20260811_121452_stage_B_2C_4168a6e9,inequality,6359,6359,constraint,INEQ-LOWER-D020-H04-Pch02
20260811_121452_stage_B_2C_4168a6e9,inequality,6360,6360,constraint,INEQ-UPPER-D020-H04-Pch02
20260811_121452_stage_B_2C_4168a6e9,inequality,6361,6361,constraint,INEQ-LOWER-D020-H04-Pdis01
20260811_121452_stage_B_2C_4168a6e9,inequality,6362,6362,constraint,INEQ-UPPER-D020-H04-Pdis01
20260811_121452_stage_B_2C_4168a6e9,inequality,6363,6363,constraint,INEQ-LOWER-D020-H04-Pdis02
20260811_121452_stage_B_2C_4168a6e9,inequality,6364,6364,constraint,INEQ-UPPER-D020-H04-Pdis02
20260811_121452_stage_B_2C_4168a6e9,inequality,6365,6365,constraint,INEQ-LOWER-D020-H04-SOC01
20260811_121452_stage_B_2C_4168a6e9,inequality,6366,6366,constraint,INEQ-UPPER-D020-H04-SOC01
20260811_121452_stage_B_2C_4168a6e9,inequality,6367,6367,constraint,INEQ-LOWER-D020-H04-SOC02
20260811_121452_stage_B_2C_4168a6e9,inequality,6368,6368,constraint,INEQ-UPPER-D020-H04-SOC02
20260811_121452_stage_B_2C_4168a6e9,inequality,6369,6369,constraint,INEQ-LOWER-D020-H05-PW01
20260811_121452_stage_B_2C_4168a6e9,inequality,6370,6370,constraint,INEQ-UPPER-D020-H05-PW01
20260811_121452_stage_B_2C_4168a6e9,inequality,6371,6371,constraint,INEQ-LOWER-D020-H05-PW02
20260811_121452_stage_B_2C_4168a6e9,inequality,6372,6372,constraint,INEQ-UPPER-D020-H05-PW02
20260811_121452_stage_B_2C_4168a6e9,inequality,6373,6373,constraint,INEQ-LOWER-D020-H05-PW03
20260811_121452_stage_B_2C_4168a6e9,inequality,6374,6374,constraint,INEQ-UPPER-D020-H05-PW03
20260811_121452_stage_B_2C_4168a6e9,inequality,6375,6375,constraint,INEQ-LOWER-D020-H05-PW04
20260811_121452_stage_B_2C_4168a6e9,inequality,6376,6376,constraint,INEQ-UPPER-D020-H05-PW04
20260811_121452_stage_B_2C_4168a6e9,inequality,6377,6377,constraint,INEQ-LOWER-D020-H05-PW05
20260811_121452_stage_B_2C_4168a6e9,inequality,6378,6378,constraint,INEQ-UPPER-D020-H05-PW05
20260811_121452_stage_B_2C_4168a6e9,inequality,6379,6379,constraint,INEQ-LOWER-D020-H05-PH01
20260811_121452_stage_B_2C_4168a6e9,inequality,6380,6380,constraint,INEQ-UPPER-D020-H05-PH01
20260811_121452_stage_B_2C_4168a6e9,inequality,6381,6381,constraint,INEQ-LOWER-D020-H05-PH02
20260811_121452_stage_B_2C_4168a6e9,inequality,6382,6382,constraint,INEQ-UPPER-D020-H05-PH02
20260811_121452_stage_B_2C_4168a6e9,inequality,6383,6383,constraint,INEQ-LOWER-D020-H05-PH03
20260811_121452_stage_B_2C_4168a6e9,inequality,6384,6384,constraint,INEQ-UPPER-D020-H05-PH03
20260811_121452_stage_B_2C_4168a6e9,inequality,6385,6385,constraint,INEQ-LOWER-D020-H05-PH04
20260811_121452_stage_B_2C_4168a6e9,inequality,6386,6386,constraint,INEQ-UPPER-D020-H05-PH04
20260811_121452_stage_B_2C_4168a6e9,inequality,6387,6387,constraint,INEQ-LOWER-D020-H05-PF01
20260811_121452_stage_B_2C_4168a6e9,inequality,6388,6388,constraint,INEQ-UPPER-D020-H05-PF01
20260811_121452_stage_B_2C_4168a6e9,inequality,6389,6389,constraint,INEQ-LOWER-D020-H05-PF02
20260811_121452_stage_B_2C_4168a6e9,inequality,6390,6390,constraint,INEQ-UPPER-D020-H05-PF02
20260811_121452_stage_B_2C_4168a6e9,inequality,6391,6391,constraint,INEQ-LOWER-D020-H05-PF03
20260811_121452_stage_B_2C_4168a6e9,inequality,6392,6392,constraint,INEQ-UPPER-D020-H05-PF03
20260811_121452_stage_B_2C_4168a6e9,inequality,6393,6393,constraint,INEQ-LOWER-D020-H05-PF04
20260811_121452_stage_B_2C_4168a6e9,inequality,6394,6394,constraint,INEQ-UPPER-D020-H05-PF04
20260811_121452_stage_B_2C_4168a6e9,inequality,6395,6395,constraint,INEQ-LOWER-D020-H05-Pch01
20260811_121452_stage_B_2C_4168a6e9,inequality,6396,6396,constraint,INEQ-UPPER-D020-H05-Pch01
20260811_121452_stage_B_2C_4168a6e9,inequality,6397,6397,constraint,INEQ-LOWER-D020-H05-Pch02
20260811_121452_stage_B_2C_4168a6e9,inequality,6398,6398,constraint,INEQ-UPPER-D020-H05-Pch02
20260811_121452_stage_B_2C_4168a6e9,inequality,6399,6399,constraint,INEQ-LOWER-D020-H05-Pdis01
20260811_121452_stage_B_2C_4168a6e9,inequality,6400,6400,constraint,INEQ-UPPER-D020-H05-Pdis01
20260811_121452_stage_B_2C_4168a6e9,inequality,6401,6401,constraint,INEQ-LOWER-D020-H05-Pdis02
20260811_121452_stage_B_2C_4168a6e9,inequality,6402,6402,constraint,INEQ-UPPER-D020-H05-Pdis02
20260811_121452_stage_B_2C_4168a6e9,inequality,6403,6403,constraint,INEQ-LOWER-D020-H05-SOC01
20260811_121452_stage_B_2C_4168a6e9,inequality,6404,6404,constraint,INEQ-UPPER-D020-H05-SOC01
20260811_121452_stage_B_2C_4168a6e9,inequality,6405,6405,constraint,INEQ-LOWER-D020-H05-SOC02
20260811_121452_stage_B_2C_4168a6e9,inequality,6406,6406,constraint,INEQ-UPPER-D020-H05-SOC02
20260811_121452_stage_B_2C_4168a6e9,inequality,6407,6407,constraint,INEQ-LOWER-D020-H06-PW01
20260811_121452_stage_B_2C_4168a6e9,inequality,6408,6408,constraint,INEQ-UPPER-D020-H06-PW01
20260811_121452_stage_B_2C_4168a6e9,inequality,6409,6409,constraint,INEQ-LOWER-D020-H06-PW02
20260811_121452_stage_B_2C_4168a6e9,inequality,6410,6410,constraint,INEQ-UPPER-D020-H06-PW02
20260811_121452_stage_B_2C_4168a6e9,inequality,6411,6411,constraint,INEQ-LOWER-D020-H06-PW03
20260811_121452_stage_B_2C_4168a6e9,inequality,6412,6412,constraint,INEQ-UPPER-D020-H06-PW03
20260811_121452_stage_B_2C_4168a6e9,inequality,6413,6413,constraint,INEQ-LOWER-D020-H06-PW04
20260811_121452_stage_B_2C_4168a6e9,inequality,6414,6414,constraint,INEQ-UPPER-D020-H06-PW04
20260811_121452_stage_B_2C_4168a6e9,inequality,6415,6415,constraint,INEQ-LOWER-D020-H06-PW05
20260811_121452_stage_B_2C_4168a6e9,inequality,6416,6416,constraint,INEQ-UPPER-D020-H06-PW05
20260811_121452_stage_B_2C_4168a6e9,inequality,6417,6417,constraint,INEQ-LOWER-D020-H06-PH01
20260811_121452_stage_B_2C_4168a6e9,inequality,6418,6418,constraint,INEQ-UPPER-D020-H06-PH01
20260811_121452_stage_B_2C_4168a6e9,inequality,6419,6419,constraint,INEQ-LOWER-D020-H06-PH02
20260811_121452_stage_B_2C_4168a6e9,inequality,6420,6420,constraint,INEQ-UPPER-D020-H06-PH02
20260811_121452_stage_B_2C_4168a6e9,inequality,6421,6421,constraint,INEQ-LOWER-D020-H06-PH03
20260811_121452_stage_B_2C_4168a6e9,inequality,6422,6422,constraint,INEQ-UPPER-D020-H06-PH03
20260811_121452_stage_B_2C_4168a6e9,inequality,6423,6423,constraint,INEQ-LOWER-D020-H06-PH04
20260811_121452_stage_B_2C_4168a6e9,inequality,6424,6424,constraint,INEQ-UPPER-D020-H06-PH04
20260811_121452_stage_B_2C_4168a6e9,inequality,6425,6425,constraint,INEQ-LOWER-D020-H06-PF01
20260811_121452_stage_B_2C_4168a6e9,inequality,6426,6426,constraint,INEQ-UPPER-D020-H06-PF01
20260811_121452_stage_B_2C_4168a6e9,inequality,6427,6427,constraint,INEQ-LOWER-D020-H06-PF02
20260811_121452_stage_B_2C_4168a6e9,inequality,6428,6428,constraint,INEQ-UPPER-D020-H06-PF02
20260811_121452_stage_B_2C_4168a6e9,inequality,6429,6429,constraint,INEQ-LOWER-D020-H06-PF03
20260811_121452_stage_B_2C_4168a6e9,inequality,6430,6430,constraint,INEQ-UPPER-D020-H06-PF03
20260811_121452_stage_B_2C_4168a6e9,inequality,6431,6431,constraint,INEQ-LOWER-D020-H06-PF04
20260811_121452_stage_B_2C_4168a6e9,inequality,6432,6432,constraint,INEQ-UPPER-D020-H06-PF04
20260811_121452_stage_B_2C_4168a6e9,inequality,6433,6433,constraint,INEQ-LOWER-D020-H06-Pch01
20260811_121452_stage_B_2C_4168a6e9,inequality,6434,6434,constraint,INEQ-UPPER-D020-H06-Pch01
20260811_121452_stage_B_2C_4168a6e9,inequality,6435,6435,constraint,INEQ-LOWER-D020-H06-Pch02
20260811_121452_stage_B_2C_4168a6e9,inequality,6436,6436,constraint,INEQ-UPPER-D020-H06-Pch02
20260811_121452_stage_B_2C_4168a6e9,inequality,6437,6437,constraint,INEQ-LOWER-D020-H06-Pdis01
20260811_121452_stage_B_2C_4168a6e9,inequality,6438,6438,constraint,INEQ-UPPER-D020-H06-Pdis01
20260811_121452_stage_B_2C_4168a6e9,inequality,6439,6439,constraint,INEQ-LOWER-D020-H06-Pdis02
20260811_121452_stage_B_2C_4168a6e9,inequality,6440,6440,constraint,INEQ-UPPER-D020-H06-Pdis02
20260811_121452_stage_B_2C_4168a6e9,inequality,6441,6441,constraint,INEQ-LOWER-D020-H06-SOC01
20260811_121452_stage_B_2C_4168a6e9,inequality,6442,6442,constraint,INEQ-UPPER-D020-H06-SOC01
20260811_121452_stage_B_2C_4168a6e9,inequality,6443,6443,constraint,INEQ-LOWER-D020-H06-SOC02
20260811_121452_stage_B_2C_4168a6e9,inequality,6444,6444,constraint,INEQ-UPPER-D020-H06-SOC02
20260811_121452_stage_B_2C_4168a6e9,inequality,6445,6445,constraint,INEQ-LOWER-D020-H07-PW01
20260811_121452_stage_B_2C_4168a6e9,inequality,6446,6446,constraint,INEQ-UPPER-D020-H07-PW01
20260811_121452_stage_B_2C_4168a6e9,inequality,6447,6447,constraint,INEQ-LOWER-D020-H07-PW02
20260811_121452_stage_B_2C_4168a6e9,inequality,6448,6448,constraint,INEQ-UPPER-D020-H07-PW02
20260811_121452_stage_B_2C_4168a6e9,inequality,6449,6449,constraint,INEQ-LOWER-D020-H07-PW03
20260811_121452_stage_B_2C_4168a6e9,inequality,6450,6450,constraint,INEQ-UPPER-D020-H07-PW03
20260811_121452_stage_B_2C_4168a6e9,inequality,6451,6451,constraint,INEQ-LOWER-D020-H07-PW04
20260811_121452_stage_B_2C_4168a6e9,inequality,6452,6452,constraint,INEQ-UPPER-D020-H07-PW04
20260811_121452_stage_B_2C_4168a6e9,inequality,6453,6453,constraint,INEQ-LOWER-D020-H07-PW05
20260811_121452_stage_B_2C_4168a6e9,inequality,6454,6454,constraint,INEQ-UPPER-D020-H07-PW05
20260811_121452_stage_B_2C_4168a6e9,inequality,6455,6455,constraint,INEQ-LOWER-D020-H07-PH01
20260811_121452_stage_B_2C_4168a6e9,inequality,6456,6456,constraint,INEQ-UPPER-D020-H07-PH01
20260811_121452_stage_B_2C_4168a6e9,inequality,6457,6457,constraint,INEQ-LOWER-D020-H07-PH02
20260811_121452_stage_B_2C_4168a6e9,inequality,6458,6458,constraint,INEQ-UPPER-D020-H07-PH02
20260811_121452_stage_B_2C_4168a6e9,inequality,6459,6459,constraint,INEQ-LOWER-D020-H07-PH03
20260811_121452_stage_B_2C_4168a6e9,inequality,6460,6460,constraint,INEQ-UPPER-D020-H07-PH03
20260811_121452_stage_B_2C_4168a6e9,inequality,6461,6461,constraint,INEQ-LOWER-D020-H07-PH04
20260811_121452_stage_B_2C_4168a6e9,inequality,6462,6462,constraint,INEQ-UPPER-D020-H07-PH04
20260811_121452_stage_B_2C_4168a6e9,inequality,6463,6463,constraint,INEQ-LOWER-D020-H07-PF01
20260811_121452_stage_B_2C_4168a6e9,inequality,6464,6464,constraint,INEQ-UPPER-D020-H07-PF01
20260811_121452_stage_B_2C_4168a6e9,inequality,6465,6465,constraint,INEQ-LOWER-D020-H07-PF02
20260811_121452_stage_B_2C_4168a6e9,inequality,6466,6466,constraint,INEQ-UPPER-D020-H07-PF02
20260811_121452_stage_B_2C_4168a6e9,inequality,6467,6467,constraint,INEQ-LOWER-D020-H07-PF03
20260811_121452_stage_B_2C_4168a6e9,inequality,6468,6468,constraint,INEQ-UPPER-D020-H07-PF03
20260811_121452_stage_B_2C_4168a6e9,inequality,6469,6469,constraint,INEQ-LOWER-D020-H07-PF04
20260811_121452_stage_B_2C_4168a6e9,inequality,6470,6470,constraint,INEQ-UPPER-D020-H07-PF04
20260811_121452_stage_B_2C_4168a6e9,inequality,6471,6471,constraint,INEQ-LOWER-D020-H07-Pch01
20260811_121452_stage_B_2C_4168a6e9,inequality,6472,6472,constraint,INEQ-UPPER-D020-H07-Pch01
20260811_121452_stage_B_2C_4168a6e9,inequality,6473,6473,constraint,INEQ-LOWER-D020-H07-Pch02
20260811_121452_stage_B_2C_4168a6e9,inequality,6474,6474,constraint,INEQ-UPPER-D020-H07-Pch02
20260811_121452_stage_B_2C_4168a6e9,inequality,6475,6475,constraint,INEQ-LOWER-D020-H07-Pdis01
20260811_121452_stage_B_2C_4168a6e9,inequality,6476,6476,constraint,INEQ-UPPER-D020-H07-Pdis01
20260811_121452_stage_B_2C_4168a6e9,inequality,6477,6477,constraint,INEQ-LOWER-D020-H07-Pdis02
20260811_121452_stage_B_2C_4168a6e9,inequality,6478,6478,constraint,INEQ-UPPER-D020-H07-Pdis02
20260811_121452_stage_B_2C_4168a6e9,inequality,6479,6479,constraint,INEQ-LOWER-D020-H07-SOC01
20260811_121452_stage_B_2C_4168a6e9,inequality,6480,6480,constraint,INEQ-UPPER-D020-H07-SOC01
20260811_121452_stage_B_2C_4168a6e9,inequality,6481,6481,constraint,INEQ-LOWER-D020-H07-SOC02
20260811_121452_stage_B_2C_4168a6e9,inequality,6482,6482,constraint,INEQ-UPPER-D020-H07-SOC02
20260811_121452_stage_B_2C_4168a6e9,inequality,6483,6483,constraint,INEQ-LOWER-D020-H08-PW01
20260811_121452_stage_B_2C_4168a6e9,inequality,6484,6484,constraint,INEQ-UPPER-D020-H08-PW01
20260811_121452_stage_B_2C_4168a6e9,inequality,6485,6485,constraint,INEQ-LOWER-D020-H08-PW02
20260811_121452_stage_B_2C_4168a6e9,inequality,6486,6486,constraint,INEQ-UPPER-D020-H08-PW02
20260811_121452_stage_B_2C_4168a6e9,inequality,6487,6487,constraint,INEQ-LOWER-D020-H08-PW03
20260811_121452_stage_B_2C_4168a6e9,inequality,6488,6488,constraint,INEQ-UPPER-D020-H08-PW03
20260811_121452_stage_B_2C_4168a6e9,inequality,6489,6489,constraint,INEQ-LOWER-D020-H08-PW04
20260811_121452_stage_B_2C_4168a6e9,inequality,6490,6490,constraint,INEQ-UPPER-D020-H08-PW04
20260811_121452_stage_B_2C_4168a6e9,inequality,6491,6491,constraint,INEQ-LOWER-D020-H08-PW05
20260811_121452_stage_B_2C_4168a6e9,inequality,6492,6492,constraint,INEQ-UPPER-D020-H08-PW05
20260811_121452_stage_B_2C_4168a6e9,inequality,6493,6493,constraint,INEQ-LOWER-D020-H08-PP01
20260811_121452_stage_B_2C_4168a6e9,inequality,6494,6494,constraint,INEQ-UPPER-D020-H08-PP01
20260811_121452_stage_B_2C_4168a6e9,inequality,6495,6495,constraint,INEQ-LOWER-D020-H08-PP02
20260811_121452_stage_B_2C_4168a6e9,inequality,6496,6496,constraint,INEQ-UPPER-D020-H08-PP02
20260811_121452_stage_B_2C_4168a6e9,inequality,6497,6497,constraint,INEQ-LOWER-D020-H08-PP03
20260811_121452_stage_B_2C_4168a6e9,inequality,6498,6498,constraint,INEQ-UPPER-D020-H08-PP03
20260811_121452_stage_B_2C_4168a6e9,inequality,6499,6499,constraint,INEQ-LOWER-D020-H08-PP04
20260811_121452_stage_B_2C_4168a6e9,inequality,6500,6500,constraint,INEQ-UPPER-D020-H08-PP04
20260811_121452_stage_B_2C_4168a6e9,inequality,6501,6501,constraint,INEQ-LOWER-D020-H08-PP05
20260811_121452_stage_B_2C_4168a6e9,inequality,6502,6502,constraint,INEQ-UPPER-D020-H08-PP05
20260811_121452_stage_B_2C_4168a6e9,inequality,6503,6503,constraint,INEQ-LOWER-D020-H08-PH01
20260811_121452_stage_B_2C_4168a6e9,inequality,6504,6504,constraint,INEQ-UPPER-D020-H08-PH01
20260811_121452_stage_B_2C_4168a6e9,inequality,6505,6505,constraint,INEQ-LOWER-D020-H08-PH02
20260811_121452_stage_B_2C_4168a6e9,inequality,6506,6506,constraint,INEQ-UPPER-D020-H08-PH02
20260811_121452_stage_B_2C_4168a6e9,inequality,6507,6507,constraint,INEQ-LOWER-D020-H08-PH03
20260811_121452_stage_B_2C_4168a6e9,inequality,6508,6508,constraint,INEQ-UPPER-D020-H08-PH03
20260811_121452_stage_B_2C_4168a6e9,inequality,6509,6509,constraint,INEQ-LOWER-D020-H08-PH04
20260811_121452_stage_B_2C_4168a6e9,inequality,6510,6510,constraint,INEQ-UPPER-D020-H08-PH04
20260811_121452_stage_B_2C_4168a6e9,inequality,6511,6511,constraint,INEQ-LOWER-D020-H08-PF01
20260811_121452_stage_B_2C_4168a6e9,inequality,6512,6512,constraint,INEQ-UPPER-D020-H08-PF01
20260811_121452_stage_B_2C_4168a6e9,inequality,6513,6513,constraint,INEQ-LOWER-D020-H08-PF02
20260811_121452_stage_B_2C_4168a6e9,inequality,6514,6514,constraint,INEQ-UPPER-D020-H08-PF02
20260811_121452_stage_B_2C_4168a6e9,inequality,6515,6515,constraint,INEQ-LOWER-D020-H08-PF03
20260811_121452_stage_B_2C_4168a6e9,inequality,6516,6516,constraint,INEQ-UPPER-D020-H08-PF03
20260811_121452_stage_B_2C_4168a6e9,inequality,6517,6517,constraint,INEQ-LOWER-D020-H08-PF04
20260811_121452_stage_B_2C_4168a6e9,inequality,6518,6518,constraint,INEQ-UPPER-D020-H08-PF04
20260811_121452_stage_B_2C_4168a6e9,inequality,6519,6519,constraint,INEQ-LOWER-D020-H08-Pch01
20260811_121452_stage_B_2C_4168a6e9,inequality,6520,6520,constraint,INEQ-UPPER-D020-H08-Pch01
20260811_121452_stage_B_2C_4168a6e9,inequality,6521,6521,constraint,INEQ-LOWER-D020-H08-Pch02
20260811_121452_stage_B_2C_4168a6e9,inequality,6522,6522,constraint,INEQ-UPPER-D020-H08-Pch02
20260811_121452_stage_B_2C_4168a6e9,inequality,6523,6523,constraint,INEQ-LOWER-D020-H08-Pdis01
20260811_121452_stage_B_2C_4168a6e9,inequality,6524,6524,constraint,INEQ-UPPER-D020-H08-Pdis01
20260811_121452_stage_B_2C_4168a6e9,inequality,6525,6525,constraint,INEQ-LOWER-D020-H08-Pdis02
20260811_121452_stage_B_2C_4168a6e9,inequality,6526,6526,constraint,INEQ-UPPER-D020-H08-Pdis02
20260811_121452_stage_B_2C_4168a6e9,inequality,6527,6527,constraint,INEQ-LOWER-D020-H08-SOC01
20260811_121452_stage_B_2C_4168a6e9,inequality,6528,6528,constraint,INEQ-UPPER-D020-H08-SOC01
20260811_121452_stage_B_2C_4168a6e9,inequality,6529,6529,constraint,INEQ-LOWER-D020-H08-SOC02
20260811_121452_stage_B_2C_4168a6e9,inequality,6530,6530,constraint,INEQ-UPPER-D020-H08-SOC02
20260811_121452_stage_B_2C_4168a6e9,inequality,6531,6531,constraint,INEQ-LOWER-D020-H09-PW01
20260811_121452_stage_B_2C_4168a6e9,inequality,6532,6532,constraint,INEQ-UPPER-D020-H09-PW01
20260811_121452_stage_B_2C_4168a6e9,inequality,6533,6533,constraint,INEQ-LOWER-D020-H09-PW02
20260811_121452_stage_B_2C_4168a6e9,inequality,6534,6534,constraint,INEQ-UPPER-D020-H09-PW02
20260811_121452_stage_B_2C_4168a6e9,inequality,6535,6535,constraint,INEQ-LOWER-D020-H09-PW03
20260811_121452_stage_B_2C_4168a6e9,inequality,6536,6536,constraint,INEQ-UPPER-D020-H09-PW03
20260811_121452_stage_B_2C_4168a6e9,inequality,6537,6537,constraint,INEQ-LOWER-D020-H09-PW04
20260811_121452_stage_B_2C_4168a6e9,inequality,6538,6538,constraint,INEQ-UPPER-D020-H09-PW04
20260811_121452_stage_B_2C_4168a6e9,inequality,6539,6539,constraint,INEQ-LOWER-D020-H09-PW05
20260811_121452_stage_B_2C_4168a6e9,inequality,6540,6540,constraint,INEQ-UPPER-D020-H09-PW05
20260811_121452_stage_B_2C_4168a6e9,inequality,6541,6541,constraint,INEQ-LOWER-D020-H09-PP01
20260811_121452_stage_B_2C_4168a6e9,inequality,6542,6542,constraint,INEQ-UPPER-D020-H09-PP01
20260811_121452_stage_B_2C_4168a6e9,inequality,6543,6543,constraint,INEQ-LOWER-D020-H09-PP02
20260811_121452_stage_B_2C_4168a6e9,inequality,6544,6544,constraint,INEQ-UPPER-D020-H09-PP02
20260811_121452_stage_B_2C_4168a6e9,inequality,6545,6545,constraint,INEQ-LOWER-D020-H09-PP03
20260811_121452_stage_B_2C_4168a6e9,inequality,6546,6546,constraint,INEQ-UPPER-D020-H09-PP03
20260811_121452_stage_B_2C_4168a6e9,inequality,6547,6547,constraint,INEQ-LOWER-D020-H09-PP04
20260811_121452_stage_B_2C_4168a6e9,inequality,6548,6548,constraint,INEQ-UPPER-D020-H09-PP04
20260811_121452_stage_B_2C_4168a6e9,inequality,6549,6549,constraint,INEQ-LOWER-D020-H09-PP05
20260811_121452_stage_B_2C_4168a6e9,inequality,6550,6550,constraint,INEQ-UPPER-D020-H09-PP05
20260811_121452_stage_B_2C_4168a6e9,inequality,6551,6551,constraint,INEQ-LOWER-D020-H09-PH01
20260811_121452_stage_B_2C_4168a6e9,inequality,6552,6552,constraint,INEQ-UPPER-D020-H09-PH01
20260811_121452_stage_B_2C_4168a6e9,inequality,6553,6553,constraint,INEQ-LOWER-D020-H09-PH02
20260811_121452_stage_B_2C_4168a6e9,inequality,6554,6554,constraint,INEQ-UPPER-D020-H09-PH02
20260811_121452_stage_B_2C_4168a6e9,inequality,6555,6555,constraint,INEQ-LOWER-D020-H09-PH03
20260811_121452_stage_B_2C_4168a6e9,inequality,6556,6556,constraint,INEQ-UPPER-D020-H09-PH03
20260811_121452_stage_B_2C_4168a6e9,inequality,6557,6557,constraint,INEQ-LOWER-D020-H09-PH04
20260811_121452_stage_B_2C_4168a6e9,inequality,6558,6558,constraint,INEQ-UPPER-D020-H09-PH04
20260811_121452_stage_B_2C_4168a6e9,inequality,6559,6559,constraint,INEQ-LOWER-D020-H09-PF01
20260811_121452_stage_B_2C_4168a6e9,inequality,6560,6560,constraint,INEQ-UPPER-D020-H09-PF01
20260811_121452_stage_B_2C_4168a6e9,inequality,6561,6561,constraint,INEQ-LOWER-D020-H09-PF02
20260811_121452_stage_B_2C_4168a6e9,inequality,6562,6562,constraint,INEQ-UPPER-D020-H09-PF02
20260811_121452_stage_B_2C_4168a6e9,inequality,6563,6563,constraint,INEQ-LOWER-D020-H09-PF03
20260811_121452_stage_B_2C_4168a6e9,inequality,6564,6564,constraint,INEQ-UPPER-D020-H09-PF03
20260811_121452_stage_B_2C_4168a6e9,inequality,6565,6565,constraint,INEQ-LOWER-D020-H09-PF04
20260811_121452_stage_B_2C_4168a6e9,inequality,6566,6566,constraint,INEQ-UPPER-D020-H09-PF04
20260811_121452_stage_B_2C_4168a6e9,inequality,6567,6567,constraint,INEQ-LOWER-D020-H09-Pch01
20260811_121452_stage_B_2C_4168a6e9,inequality,6568,6568,constraint,INEQ-UPPER-D020-H09-Pch01
20260811_121452_stage_B_2C_4168a6e9,inequality,6569,6569,constraint,INEQ-LOWER-D020-H09-Pch02
20260811_121452_stage_B_2C_4168a6e9,inequality,6570,6570,constraint,INEQ-UPPER-D020-H09-Pch02
20260811_121452_stage_B_2C_4168a6e9,inequality,6571,6571,constraint,INEQ-LOWER-D020-H09-Pdis01
20260811_121452_stage_B_2C_4168a6e9,inequality,6572,6572,constraint,INEQ-UPPER-D020-H09-Pdis01
20260811_121452_stage_B_2C_4168a6e9,inequality,6573,6573,constraint,INEQ-LOWER-D020-H09-Pdis02
20260811_121452_stage_B_2C_4168a6e9,inequality,6574,6574,constraint,INEQ-UPPER-D020-H09-Pdis02
20260811_121452_stage_B_2C_4168a6e9,inequality,6575,6575,constraint,INEQ-LOWER-D020-H09-SOC01
20260811_121452_stage_B_2C_4168a6e9,inequality,6576,6576,constraint,INEQ-UPPER-D020-H09-SOC01
20260811_121452_stage_B_2C_4168a6e9,inequality,6577,6577,constraint,INEQ-LOWER-D020-H09-SOC02
20260811_121452_stage_B_2C_4168a6e9,inequality,6578,6578,constraint,INEQ-UPPER-D020-H09-SOC02
20260811_121452_stage_B_2C_4168a6e9,inequality,6579,6579,constraint,INEQ-LOWER-D020-H10-PW01
20260811_121452_stage_B_2C_4168a6e9,inequality,6580,6580,constraint,INEQ-UPPER-D020-H10-PW01
20260811_121452_stage_B_2C_4168a6e9,inequality,6581,6581,constraint,INEQ-LOWER-D020-H10-PW02
20260811_121452_stage_B_2C_4168a6e9,inequality,6582,6582,constraint,INEQ-UPPER-D020-H10-PW02
20260811_121452_stage_B_2C_4168a6e9,inequality,6583,6583,constraint,INEQ-LOWER-D020-H10-PW03
20260811_121452_stage_B_2C_4168a6e9,inequality,6584,6584,constraint,INEQ-UPPER-D020-H10-PW03
20260811_121452_stage_B_2C_4168a6e9,inequality,6585,6585,constraint,INEQ-LOWER-D020-H10-PW04
20260811_121452_stage_B_2C_4168a6e9,inequality,6586,6586,constraint,INEQ-UPPER-D020-H10-PW04
20260811_121452_stage_B_2C_4168a6e9,inequality,6587,6587,constraint,INEQ-LOWER-D020-H10-PW05
20260811_121452_stage_B_2C_4168a6e9,inequality,6588,6588,constraint,INEQ-UPPER-D020-H10-PW05
20260811_121452_stage_B_2C_4168a6e9,inequality,6589,6589,constraint,INEQ-LOWER-D020-H10-PP01
20260811_121452_stage_B_2C_4168a6e9,inequality,6590,6590,constraint,INEQ-UPPER-D020-H10-PP01
20260811_121452_stage_B_2C_4168a6e9,inequality,6591,6591,constraint,INEQ-LOWER-D020-H10-PP02
20260811_121452_stage_B_2C_4168a6e9,inequality,6592,6592,constraint,INEQ-UPPER-D020-H10-PP02
20260811_121452_stage_B_2C_4168a6e9,inequality,6593,6593,constraint,INEQ-LOWER-D020-H10-PP03
20260811_121452_stage_B_2C_4168a6e9,inequality,6594,6594,constraint,INEQ-UPPER-D020-H10-PP03
20260811_121452_stage_B_2C_4168a6e9,inequality,6595,6595,constraint,INEQ-LOWER-D020-H10-PP04
20260811_121452_stage_B_2C_4168a6e9,inequality,6596,6596,constraint,INEQ-UPPER-D020-H10-PP04
20260811_121452_stage_B_2C_4168a6e9,inequality,6597,6597,constraint,INEQ-LOWER-D020-H10-PP05
20260811_121452_stage_B_2C_4168a6e9,inequality,6598,6598,constraint,INEQ-UPPER-D020-H10-PP05
20260811_121452_stage_B_2C_4168a6e9,inequality,6599,6599,constraint,INEQ-LOWER-D020-H10-PH01
20260811_121452_stage_B_2C_4168a6e9,inequality,6600,6600,constraint,INEQ-UPPER-D020-H10-PH01
20260811_121452_stage_B_2C_4168a6e9,inequality,6601,6601,constraint,INEQ-LOWER-D020-H10-PH02
20260811_121452_stage_B_2C_4168a6e9,inequality,6602,6602,constraint,INEQ-UPPER-D020-H10-PH02
20260811_121452_stage_B_2C_4168a6e9,inequality,6603,6603,constraint,INEQ-LOWER-D020-H10-PH03
20260811_121452_stage_B_2C_4168a6e9,inequality,6604,6604,constraint,INEQ-UPPER-D020-H10-PH03
20260811_121452_stage_B_2C_4168a6e9,inequality,6605,6605,constraint,INEQ-LOWER-D020-H10-PH04
20260811_121452_stage_B_2C_4168a6e9,inequality,6606,6606,constraint,INEQ-UPPER-D020-H10-PH04
20260811_121452_stage_B_2C_4168a6e9,inequality,6607,6607,constraint,INEQ-LOWER-D020-H10-PF01
20260811_121452_stage_B_2C_4168a6e9,inequality,6608,6608,constraint,INEQ-UPPER-D020-H10-PF01
20260811_121452_stage_B_2C_4168a6e9,inequality,6609,6609,constraint,INEQ-LOWER-D020-H10-PF02
20260811_121452_stage_B_2C_4168a6e9,inequality,6610,6610,constraint,INEQ-UPPER-D020-H10-PF02
20260811_121452_stage_B_2C_4168a6e9,inequality,6611,6611,constraint,INEQ-LOWER-D020-H10-PF03
20260811_121452_stage_B_2C_4168a6e9,inequality,6612,6612,constraint,INEQ-UPPER-D020-H10-PF03
20260811_121452_stage_B_2C_4168a6e9,inequality,6613,6613,constraint,INEQ-LOWER-D020-H10-PF04
20260811_121452_stage_B_2C_4168a6e9,inequality,6614,6614,constraint,INEQ-UPPER-D020-H10-PF04
20260811_121452_stage_B_2C_4168a6e9,inequality,6615,6615,constraint,INEQ-LOWER-D020-H10-Pch01
20260811_121452_stage_B_2C_4168a6e9,inequality,6616,6616,constraint,INEQ-UPPER-D020-H10-Pch01
20260811_121452_stage_B_2C_4168a6e9,inequality,6617,6617,constraint,INEQ-LOWER-D020-H10-Pch02
20260811_121452_stage_B_2C_4168a6e9,inequality,6618,6618,constraint,INEQ-UPPER-D020-H10-Pch02
20260811_121452_stage_B_2C_4168a6e9,inequality,6619,6619,constraint,INEQ-LOWER-D020-H10-Pdis01
20260811_121452_stage_B_2C_4168a6e9,inequality,6620,6620,constraint,INEQ-UPPER-D020-H10-Pdis01
20260811_121452_stage_B_2C_4168a6e9,inequality,6621,6621,constraint,INEQ-LOWER-D020-H10-Pdis02
20260811_121452_stage_B_2C_4168a6e9,inequality,6622,6622,constraint,INEQ-UPPER-D020-H10-Pdis02
20260811_121452_stage_B_2C_4168a6e9,inequality,6623,6623,constraint,INEQ-LOWER-D020-H10-SOC01
20260811_121452_stage_B_2C_4168a6e9,inequality,6624,6624,constraint,INEQ-UPPER-D020-H10-SOC01
20260811_121452_stage_B_2C_4168a6e9,inequality,6625,6625,constraint,INEQ-LOWER-D020-H10-SOC02
20260811_121452_stage_B_2C_4168a6e9,inequality,6626,6626,constraint,INEQ-UPPER-D020-H10-SOC02
20260811_121452_stage_B_2C_4168a6e9,inequality,6627,6627,constraint,INEQ-LOWER-D020-H11-PW01
20260811_121452_stage_B_2C_4168a6e9,inequality,6628,6628,constraint,INEQ-UPPER-D020-H11-PW01
20260811_121452_stage_B_2C_4168a6e9,inequality,6629,6629,constraint,INEQ-LOWER-D020-H11-PW02
20260811_121452_stage_B_2C_4168a6e9,inequality,6630,6630,constraint,INEQ-UPPER-D020-H11-PW02
20260811_121452_stage_B_2C_4168a6e9,inequality,6631,6631,constraint,INEQ-LOWER-D020-H11-PW03
20260811_121452_stage_B_2C_4168a6e9,inequality,6632,6632,constraint,INEQ-UPPER-D020-H11-PW03
20260811_121452_stage_B_2C_4168a6e9,inequality,6633,6633,constraint,INEQ-LOWER-D020-H11-PW04
20260811_121452_stage_B_2C_4168a6e9,inequality,6634,6634,constraint,INEQ-UPPER-D020-H11-PW04
20260811_121452_stage_B_2C_4168a6e9,inequality,6635,6635,constraint,INEQ-LOWER-D020-H11-PW05
20260811_121452_stage_B_2C_4168a6e9,inequality,6636,6636,constraint,INEQ-UPPER-D020-H11-PW05
20260811_121452_stage_B_2C_4168a6e9,inequality,6637,6637,constraint,INEQ-LOWER-D020-H11-PP01
20260811_121452_stage_B_2C_4168a6e9,inequality,6638,6638,constraint,INEQ-UPPER-D020-H11-PP01
20260811_121452_stage_B_2C_4168a6e9,inequality,6639,6639,constraint,INEQ-LOWER-D020-H11-PP02
20260811_121452_stage_B_2C_4168a6e9,inequality,6640,6640,constraint,INEQ-UPPER-D020-H11-PP02
20260811_121452_stage_B_2C_4168a6e9,inequality,6641,6641,constraint,INEQ-LOWER-D020-H11-PP03
20260811_121452_stage_B_2C_4168a6e9,inequality,6642,6642,constraint,INEQ-UPPER-D020-H11-PP03
20260811_121452_stage_B_2C_4168a6e9,inequality,6643,6643,constraint,INEQ-LOWER-D020-H11-PP04
20260811_121452_stage_B_2C_4168a6e9,inequality,6644,6644,constraint,INEQ-UPPER-D020-H11-PP04
20260811_121452_stage_B_2C_4168a6e9,inequality,6645,6645,constraint,INEQ-LOWER-D020-H11-PP05
20260811_121452_stage_B_2C_4168a6e9,inequality,6646,6646,constraint,INEQ-UPPER-D020-H11-PP05
20260811_121452_stage_B_2C_4168a6e9,inequality,6647,6647,constraint,INEQ-LOWER-D020-H11-PH01
20260811_121452_stage_B_2C_4168a6e9,inequality,6648,6648,constraint,INEQ-UPPER-D020-H11-PH01
20260811_121452_stage_B_2C_4168a6e9,inequality,6649,6649,constraint,INEQ-LOWER-D020-H11-PH02
20260811_121452_stage_B_2C_4168a6e9,inequality,6650,6650,constraint,INEQ-UPPER-D020-H11-PH02
20260811_121452_stage_B_2C_4168a6e9,inequality,6651,6651,constraint,INEQ-LOWER-D020-H11-PH03
20260811_121452_stage_B_2C_4168a6e9,inequality,6652,6652,constraint,INEQ-UPPER-D020-H11-PH03
20260811_121452_stage_B_2C_4168a6e9,inequality,6653,6653,constraint,INEQ-LOWER-D020-H11-PH04
20260811_121452_stage_B_2C_4168a6e9,inequality,6654,6654,constraint,INEQ-UPPER-D020-H11-PH04
20260811_121452_stage_B_2C_4168a6e9,inequality,6655,6655,constraint,INEQ-LOWER-D020-H11-PF01
20260811_121452_stage_B_2C_4168a6e9,inequality,6656,6656,constraint,INEQ-UPPER-D020-H11-PF01
20260811_121452_stage_B_2C_4168a6e9,inequality,6657,6657,constraint,INEQ-LOWER-D020-H11-PF02
20260811_121452_stage_B_2C_4168a6e9,inequality,6658,6658,constraint,INEQ-UPPER-D020-H11-PF02
20260811_121452_stage_B_2C_4168a6e9,inequality,6659,6659,constraint,INEQ-LOWER-D020-H11-PF03
20260811_121452_stage_B_2C_4168a6e9,inequality,6660,6660,constraint,INEQ-UPPER-D020-H11-PF03
20260811_121452_stage_B_2C_4168a6e9,inequality,6661,6661,constraint,INEQ-LOWER-D020-H11-PF04
20260811_121452_stage_B_2C_4168a6e9,inequality,6662,6662,constraint,INEQ-UPPER-D020-H11-PF04
20260811_121452_stage_B_2C_4168a6e9,inequality,6663,6663,constraint,INEQ-LOWER-D020-H11-Pch01
20260811_121452_stage_B_2C_4168a6e9,inequality,6664,6664,constraint,INEQ-UPPER-D020-H11-Pch01
20260811_121452_stage_B_2C_4168a6e9,inequality,6665,6665,constraint,INEQ-LOWER-D020-H11-Pch02
20260811_121452_stage_B_2C_4168a6e9,inequality,6666,6666,constraint,INEQ-UPPER-D020-H11-Pch02
20260811_121452_stage_B_2C_4168a6e9,inequality,6667,6667,constraint,INEQ-LOWER-D020-H11-Pdis01
20260811_121452_stage_B_2C_4168a6e9,inequality,6668,6668,constraint,INEQ-UPPER-D020-H11-Pdis01
20260811_121452_stage_B_2C_4168a6e9,inequality,6669,6669,constraint,INEQ-LOWER-D020-H11-Pdis02
20260811_121452_stage_B_2C_4168a6e9,inequality,6670,6670,constraint,INEQ-UPPER-D020-H11-Pdis02
20260811_121452_stage_B_2C_4168a6e9,inequality,6671,6671,constraint,INEQ-LOWER-D020-H11-SOC01
20260811_121452_stage_B_2C_4168a6e9,inequality,6672,6672,constraint,INEQ-UPPER-D020-H11-SOC01
20260811_121452_stage_B_2C_4168a6e9,inequality,6673,6673,constraint,INEQ-LOWER-D020-H11-SOC02
20260811_121452_stage_B_2C_4168a6e9,inequality,6674,6674,constraint,INEQ-UPPER-D020-H11-SOC02
20260811_121452_stage_B_2C_4168a6e9,inequality,6675,6675,constraint,INEQ-LOWER-D020-H12-PW01
20260811_121452_stage_B_2C_4168a6e9,inequality,6676,6676,constraint,INEQ-UPPER-D020-H12-PW01
20260811_121452_stage_B_2C_4168a6e9,inequality,6677,6677,constraint,INEQ-LOWER-D020-H12-PW02
20260811_121452_stage_B_2C_4168a6e9,inequality,6678,6678,constraint,INEQ-UPPER-D020-H12-PW02
20260811_121452_stage_B_2C_4168a6e9,inequality,6679,6679,constraint,INEQ-LOWER-D020-H12-PW03
20260811_121452_stage_B_2C_4168a6e9,inequality,6680,6680,constraint,INEQ-UPPER-D020-H12-PW03
20260811_121452_stage_B_2C_4168a6e9,inequality,6681,6681,constraint,INEQ-LOWER-D020-H12-PW04
20260811_121452_stage_B_2C_4168a6e9,inequality,6682,6682,constraint,INEQ-UPPER-D020-H12-PW04
20260811_121452_stage_B_2C_4168a6e9,inequality,6683,6683,constraint,INEQ-LOWER-D020-H12-PW05
20260811_121452_stage_B_2C_4168a6e9,inequality,6684,6684,constraint,INEQ-UPPER-D020-H12-PW05
20260811_121452_stage_B_2C_4168a6e9,inequality,6685,6685,constraint,INEQ-LOWER-D020-H12-PP01
20260811_121452_stage_B_2C_4168a6e9,inequality,6686,6686,constraint,INEQ-UPPER-D020-H12-PP01
20260811_121452_stage_B_2C_4168a6e9,inequality,6687,6687,constraint,INEQ-LOWER-D020-H12-PP02
20260811_121452_stage_B_2C_4168a6e9,inequality,6688,6688,constraint,INEQ-UPPER-D020-H12-PP02
20260811_121452_stage_B_2C_4168a6e9,inequality,6689,6689,constraint,INEQ-LOWER-D020-H12-PP03
20260811_121452_stage_B_2C_4168a6e9,inequality,6690,6690,constraint,INEQ-UPPER-D020-H12-PP03
20260811_121452_stage_B_2C_4168a6e9,inequality,6691,6691,constraint,INEQ-LOWER-D020-H12-PP04
20260811_121452_stage_B_2C_4168a6e9,inequality,6692,6692,constraint,INEQ-UPPER-D020-H12-PP04
20260811_121452_stage_B_2C_4168a6e9,inequality,6693,6693,constraint,INEQ-LOWER-D020-H12-PP05
20260811_121452_stage_B_2C_4168a6e9,inequality,6694,6694,constraint,INEQ-UPPER-D020-H12-PP05
20260811_121452_stage_B_2C_4168a6e9,inequality,6695,6695,constraint,INEQ-LOWER-D020-H12-PH01
20260811_121452_stage_B_2C_4168a6e9,inequality,6696,6696,constraint,INEQ-UPPER-D020-H12-PH01
20260811_121452_stage_B_2C_4168a6e9,inequality,6697,6697,constraint,INEQ-LOWER-D020-H12-PH02
20260811_121452_stage_B_2C_4168a6e9,inequality,6698,6698,constraint,INEQ-UPPER-D020-H12-PH02
20260811_121452_stage_B_2C_4168a6e9,inequality,6699,6699,constraint,INEQ-LOWER-D020-H12-PH03
20260811_121452_stage_B_2C_4168a6e9,inequality,6700,6700,constraint,INEQ-UPPER-D020-H12-PH03
20260811_121452_stage_B_2C_4168a6e9,inequality,6701,6701,constraint,INEQ-LOWER-D020-H12-PH04
20260811_121452_stage_B_2C_4168a6e9,inequality,6702,6702,constraint,INEQ-UPPER-D020-H12-PH04
20260811_121452_stage_B_2C_4168a6e9,inequality,6703,6703,constraint,INEQ-LOWER-D020-H12-PF01
20260811_121452_stage_B_2C_4168a6e9,inequality,6704,6704,constraint,INEQ-UPPER-D020-H12-PF01
20260811_121452_stage_B_2C_4168a6e9,inequality,6705,6705,constraint,INEQ-LOWER-D020-H12-PF02
20260811_121452_stage_B_2C_4168a6e9,inequality,6706,6706,constraint,INEQ-UPPER-D020-H12-PF02
20260811_121452_stage_B_2C_4168a6e9,inequality,6707,6707,constraint,INEQ-LOWER-D020-H12-PF03
20260811_121452_stage_B_2C_4168a6e9,inequality,6708,6708,constraint,INEQ-UPPER-D020-H12-PF03
20260811_121452_stage_B_2C_4168a6e9,inequality,6709,6709,constraint,INEQ-LOWER-D020-H12-PF04
20260811_121452_stage_B_2C_4168a6e9,inequality,6710,6710,constraint,INEQ-UPPER-D020-H12-PF04
20260811_121452_stage_B_2C_4168a6e9,inequality,6711,6711,constraint,INEQ-LOWER-D020-H12-Pch01
20260811_121452_stage_B_2C_4168a6e9,inequality,6712,6712,constraint,INEQ-UPPER-D020-H12-Pch01
20260811_121452_stage_B_2C_4168a6e9,inequality,6713,6713,constraint,INEQ-LOWER-D020-H12-Pch02
20260811_121452_stage_B_2C_4168a6e9,inequality,6714,6714,constraint,INEQ-UPPER-D020-H12-Pch02
20260811_121452_stage_B_2C_4168a6e9,inequality,6715,6715,constraint,INEQ-LOWER-D020-H12-Pdis01
20260811_121452_stage_B_2C_4168a6e9,inequality,6716,6716,constraint,INEQ-UPPER-D020-H12-Pdis01
20260811_121452_stage_B_2C_4168a6e9,inequality,6717,6717,constraint,INEQ-LOWER-D020-H12-Pdis02
20260811_121452_stage_B_2C_4168a6e9,inequality,6718,6718,constraint,INEQ-UPPER-D020-H12-Pdis02
20260811_121452_stage_B_2C_4168a6e9,inequality,6719,6719,constraint,INEQ-LOWER-D020-H12-SOC01
20260811_121452_stage_B_2C_4168a6e9,inequality,6720,6720,constraint,INEQ-UPPER-D020-H12-SOC01
20260811_121452_stage_B_2C_4168a6e9,inequality,6721,6721,constraint,INEQ-LOWER-D020-H12-SOC02
20260811_121452_stage_B_2C_4168a6e9,inequality,6722,6722,constraint,INEQ-UPPER-D020-H12-SOC02
20260811_121452_stage_B_2C_4168a6e9,inequality,6723,6723,constraint,INEQ-LOWER-D020-H13-PW01
20260811_121452_stage_B_2C_4168a6e9,inequality,6724,6724,constraint,INEQ-UPPER-D020-H13-PW01
20260811_121452_stage_B_2C_4168a6e9,inequality,6725,6725,constraint,INEQ-LOWER-D020-H13-PW02
20260811_121452_stage_B_2C_4168a6e9,inequality,6726,6726,constraint,INEQ-UPPER-D020-H13-PW02
20260811_121452_stage_B_2C_4168a6e9,inequality,6727,6727,constraint,INEQ-LOWER-D020-H13-PW03
20260811_121452_stage_B_2C_4168a6e9,inequality,6728,6728,constraint,INEQ-UPPER-D020-H13-PW03
20260811_121452_stage_B_2C_4168a6e9,inequality,6729,6729,constraint,INEQ-LOWER-D020-H13-PW04
20260811_121452_stage_B_2C_4168a6e9,inequality,6730,6730,constraint,INEQ-UPPER-D020-H13-PW04
20260811_121452_stage_B_2C_4168a6e9,inequality,6731,6731,constraint,INEQ-LOWER-D020-H13-PW05
20260811_121452_stage_B_2C_4168a6e9,inequality,6732,6732,constraint,INEQ-UPPER-D020-H13-PW05
20260811_121452_stage_B_2C_4168a6e9,inequality,6733,6733,constraint,INEQ-LOWER-D020-H13-PP01
20260811_121452_stage_B_2C_4168a6e9,inequality,6734,6734,constraint,INEQ-UPPER-D020-H13-PP01
20260811_121452_stage_B_2C_4168a6e9,inequality,6735,6735,constraint,INEQ-LOWER-D020-H13-PP02
20260811_121452_stage_B_2C_4168a6e9,inequality,6736,6736,constraint,INEQ-UPPER-D020-H13-PP02
20260811_121452_stage_B_2C_4168a6e9,inequality,6737,6737,constraint,INEQ-LOWER-D020-H13-PP03
20260811_121452_stage_B_2C_4168a6e9,inequality,6738,6738,constraint,INEQ-UPPER-D020-H13-PP03
20260811_121452_stage_B_2C_4168a6e9,inequality,6739,6739,constraint,INEQ-LOWER-D020-H13-PP04
20260811_121452_stage_B_2C_4168a6e9,inequality,6740,6740,constraint,INEQ-UPPER-D020-H13-PP04
20260811_121452_stage_B_2C_4168a6e9,inequality,6741,6741,constraint,INEQ-LOWER-D020-H13-PP05
20260811_121452_stage_B_2C_4168a6e9,inequality,6742,6742,constraint,INEQ-UPPER-D020-H13-PP05
20260811_121452_stage_B_2C_4168a6e9,inequality,6743,6743,constraint,INEQ-LOWER-D020-H13-PH01
20260811_121452_stage_B_2C_4168a6e9,inequality,6744,6744,constraint,INEQ-UPPER-D020-H13-PH01
20260811_121452_stage_B_2C_4168a6e9,inequality,6745,6745,constraint,INEQ-LOWER-D020-H13-PH02
20260811_121452_stage_B_2C_4168a6e9,inequality,6746,6746,constraint,INEQ-UPPER-D020-H13-PH02
20260811_121452_stage_B_2C_4168a6e9,inequality,6747,6747,constraint,INEQ-LOWER-D020-H13-PH03
20260811_121452_stage_B_2C_4168a6e9,inequality,6748,6748,constraint,INEQ-UPPER-D020-H13-PH03
20260811_121452_stage_B_2C_4168a6e9,inequality,6749,6749,constraint,INEQ-LOWER-D020-H13-PH04
20260811_121452_stage_B_2C_4168a6e9,inequality,6750,6750,constraint,INEQ-UPPER-D020-H13-PH04
20260811_121452_stage_B_2C_4168a6e9,inequality,6751,6751,constraint,INEQ-LOWER-D020-H13-PF01
20260811_121452_stage_B_2C_4168a6e9,inequality,6752,6752,constraint,INEQ-UPPER-D020-H13-PF01
20260811_121452_stage_B_2C_4168a6e9,inequality,6753,6753,constraint,INEQ-LOWER-D020-H13-PF02
20260811_121452_stage_B_2C_4168a6e9,inequality,6754,6754,constraint,INEQ-UPPER-D020-H13-PF02
20260811_121452_stage_B_2C_4168a6e9,inequality,6755,6755,constraint,INEQ-LOWER-D020-H13-PF03
20260811_121452_stage_B_2C_4168a6e9,inequality,6756,6756,constraint,INEQ-UPPER-D020-H13-PF03
20260811_121452_stage_B_2C_4168a6e9,inequality,6757,6757,constraint,INEQ-LOWER-D020-H13-PF04
20260811_121452_stage_B_2C_4168a6e9,inequality,6758,6758,constraint,INEQ-UPPER-D020-H13-PF04
20260811_121452_stage_B_2C_4168a6e9,inequality,6759,6759,constraint,INEQ-LOWER-D020-H13-Pch01
20260811_121452_stage_B_2C_4168a6e9,inequality,6760,6760,constraint,INEQ-UPPER-D020-H13-Pch01
20260811_121452_stage_B_2C_4168a6e9,inequality,6761,6761,constraint,INEQ-LOWER-D020-H13-Pch02
20260811_121452_stage_B_2C_4168a6e9,inequality,6762,6762,constraint,INEQ-UPPER-D020-H13-Pch02
20260811_121452_stage_B_2C_4168a6e9,inequality,6763,6763,constraint,INEQ-LOWER-D020-H13-Pdis01
20260811_121452_stage_B_2C_4168a6e9,inequality,6764,6764,constraint,INEQ-UPPER-D020-H13-Pdis01
20260811_121452_stage_B_2C_4168a6e9,inequality,6765,6765,constraint,INEQ-LOWER-D020-H13-Pdis02
20260811_121452_stage_B_2C_4168a6e9,inequality,6766,6766,constraint,INEQ-UPPER-D020-H13-Pdis02
20260811_121452_stage_B_2C_4168a6e9,inequality,6767,6767,constraint,INEQ-LOWER-D020-H13-SOC01
20260811_121452_stage_B_2C_4168a6e9,inequality,6768,6768,constraint,INEQ-UPPER-D020-H13-SOC01
20260811_121452_stage_B_2C_4168a6e9,inequality,6769,6769,constraint,INEQ-LOWER-D020-H13-SOC02
20260811_121452_stage_B_2C_4168a6e9,inequality,6770,6770,constraint,INEQ-UPPER-D020-H13-SOC02
20260811_121452_stage_B_2C_4168a6e9,inequality,6771,6771,constraint,INEQ-LOWER-D020-H14-PW01
20260811_121452_stage_B_2C_4168a6e9,inequality,6772,6772,constraint,INEQ-UPPER-D020-H14-PW01
20260811_121452_stage_B_2C_4168a6e9,inequality,6773,6773,constraint,INEQ-LOWER-D020-H14-PW02
20260811_121452_stage_B_2C_4168a6e9,inequality,6774,6774,constraint,INEQ-UPPER-D020-H14-PW02
20260811_121452_stage_B_2C_4168a6e9,inequality,6775,6775,constraint,INEQ-LOWER-D020-H14-PW03
20260811_121452_stage_B_2C_4168a6e9,inequality,6776,6776,constraint,INEQ-UPPER-D020-H14-PW03
20260811_121452_stage_B_2C_4168a6e9,inequality,6777,6777,constraint,INEQ-LOWER-D020-H14-PW04
20260811_121452_stage_B_2C_4168a6e9,inequality,6778,6778,constraint,INEQ-UPPER-D020-H14-PW04
20260811_121452_stage_B_2C_4168a6e9,inequality,6779,6779,constraint,INEQ-LOWER-D020-H14-PW05
20260811_121452_stage_B_2C_4168a6e9,inequality,6780,6780,constraint,INEQ-UPPER-D020-H14-PW05
20260811_121452_stage_B_2C_4168a6e9,inequality,6781,6781,constraint,INEQ-LOWER-D020-H14-PP01
20260811_121452_stage_B_2C_4168a6e9,inequality,6782,6782,constraint,INEQ-UPPER-D020-H14-PP01
20260811_121452_stage_B_2C_4168a6e9,inequality,6783,6783,constraint,INEQ-LOWER-D020-H14-PP02
20260811_121452_stage_B_2C_4168a6e9,inequality,6784,6784,constraint,INEQ-UPPER-D020-H14-PP02
20260811_121452_stage_B_2C_4168a6e9,inequality,6785,6785,constraint,INEQ-LOWER-D020-H14-PP03
20260811_121452_stage_B_2C_4168a6e9,inequality,6786,6786,constraint,INEQ-UPPER-D020-H14-PP03
20260811_121452_stage_B_2C_4168a6e9,inequality,6787,6787,constraint,INEQ-LOWER-D020-H14-PP04
20260811_121452_stage_B_2C_4168a6e9,inequality,6788,6788,constraint,INEQ-UPPER-D020-H14-PP04
20260811_121452_stage_B_2C_4168a6e9,inequality,6789,6789,constraint,INEQ-LOWER-D020-H14-PP05
20260811_121452_stage_B_2C_4168a6e9,inequality,6790,6790,constraint,INEQ-UPPER-D020-H14-PP05
20260811_121452_stage_B_2C_4168a6e9,inequality,6791,6791,constraint,INEQ-LOWER-D020-H14-PH01
20260811_121452_stage_B_2C_4168a6e9,inequality,6792,6792,constraint,INEQ-UPPER-D020-H14-PH01
20260811_121452_stage_B_2C_4168a6e9,inequality,6793,6793,constraint,INEQ-LOWER-D020-H14-PH02
20260811_121452_stage_B_2C_4168a6e9,inequality,6794,6794,constraint,INEQ-UPPER-D020-H14-PH02
20260811_121452_stage_B_2C_4168a6e9,inequality,6795,6795,constraint,INEQ-LOWER-D020-H14-PH03
20260811_121452_stage_B_2C_4168a6e9,inequality,6796,6796,constraint,INEQ-UPPER-D020-H14-PH03
20260811_121452_stage_B_2C_4168a6e9,inequality,6797,6797,constraint,INEQ-LOWER-D020-H14-PH04
20260811_121452_stage_B_2C_4168a6e9,inequality,6798,6798,constraint,INEQ-UPPER-D020-H14-PH04
20260811_121452_stage_B_2C_4168a6e9,inequality,6799,6799,constraint,INEQ-LOWER-D020-H14-PF01
20260811_121452_stage_B_2C_4168a6e9,inequality,6800,6800,constraint,INEQ-UPPER-D020-H14-PF01
20260811_121452_stage_B_2C_4168a6e9,inequality,6801,6801,constraint,INEQ-LOWER-D020-H14-PF02
20260811_121452_stage_B_2C_4168a6e9,inequality,6802,6802,constraint,INEQ-UPPER-D020-H14-PF02
20260811_121452_stage_B_2C_4168a6e9,inequality,6803,6803,constraint,INEQ-LOWER-D020-H14-PF03
20260811_121452_stage_B_2C_4168a6e9,inequality,6804,6804,constraint,INEQ-UPPER-D020-H14-PF03
20260811_121452_stage_B_2C_4168a6e9,inequality,6805,6805,constraint,INEQ-LOWER-D020-H14-PF04
20260811_121452_stage_B_2C_4168a6e9,inequality,6806,6806,constraint,INEQ-UPPER-D020-H14-PF04
20260811_121452_stage_B_2C_4168a6e9,inequality,6807,6807,constraint,INEQ-LOWER-D020-H14-Pch01
20260811_121452_stage_B_2C_4168a6e9,inequality,6808,6808,constraint,INEQ-UPPER-D020-H14-Pch01
20260811_121452_stage_B_2C_4168a6e9,inequality,6809,6809,constraint,INEQ-LOWER-D020-H14-Pch02
20260811_121452_stage_B_2C_4168a6e9,inequality,6810,6810,constraint,INEQ-UPPER-D020-H14-Pch02
20260811_121452_stage_B_2C_4168a6e9,inequality,6811,6811,constraint,INEQ-LOWER-D020-H14-Pdis01
20260811_121452_stage_B_2C_4168a6e9,inequality,6812,6812,constraint,INEQ-UPPER-D020-H14-Pdis01
20260811_121452_stage_B_2C_4168a6e9,inequality,6813,6813,constraint,INEQ-LOWER-D020-H14-Pdis02
20260811_121452_stage_B_2C_4168a6e9,inequality,6814,6814,constraint,INEQ-UPPER-D020-H14-Pdis02
20260811_121452_stage_B_2C_4168a6e9,inequality,6815,6815,constraint,INEQ-LOWER-D020-H14-SOC01
20260811_121452_stage_B_2C_4168a6e9,inequality,6816,6816,constraint,INEQ-UPPER-D020-H14-SOC01
20260811_121452_stage_B_2C_4168a6e9,inequality,6817,6817,constraint,INEQ-LOWER-D020-H14-SOC02
20260811_121452_stage_B_2C_4168a6e9,inequality,6818,6818,constraint,INEQ-UPPER-D020-H14-SOC02
20260811_121452_stage_B_2C_4168a6e9,inequality,6819,6819,constraint,INEQ-LOWER-D020-H15-PW01
20260811_121452_stage_B_2C_4168a6e9,inequality,6820,6820,constraint,INEQ-UPPER-D020-H15-PW01
20260811_121452_stage_B_2C_4168a6e9,inequality,6821,6821,constraint,INEQ-LOWER-D020-H15-PW02
20260811_121452_stage_B_2C_4168a6e9,inequality,6822,6822,constraint,INEQ-UPPER-D020-H15-PW02
20260811_121452_stage_B_2C_4168a6e9,inequality,6823,6823,constraint,INEQ-LOWER-D020-H15-PW03
20260811_121452_stage_B_2C_4168a6e9,inequality,6824,6824,constraint,INEQ-UPPER-D020-H15-PW03
20260811_121452_stage_B_2C_4168a6e9,inequality,6825,6825,constraint,INEQ-LOWER-D020-H15-PW04
20260811_121452_stage_B_2C_4168a6e9,inequality,6826,6826,constraint,INEQ-UPPER-D020-H15-PW04
20260811_121452_stage_B_2C_4168a6e9,inequality,6827,6827,constraint,INEQ-LOWER-D020-H15-PW05
20260811_121452_stage_B_2C_4168a6e9,inequality,6828,6828,constraint,INEQ-UPPER-D020-H15-PW05
20260811_121452_stage_B_2C_4168a6e9,inequality,6829,6829,constraint,INEQ-LOWER-D020-H15-PP01
20260811_121452_stage_B_2C_4168a6e9,inequality,6830,6830,constraint,INEQ-UPPER-D020-H15-PP01
20260811_121452_stage_B_2C_4168a6e9,inequality,6831,6831,constraint,INEQ-LOWER-D020-H15-PP02
20260811_121452_stage_B_2C_4168a6e9,inequality,6832,6832,constraint,INEQ-UPPER-D020-H15-PP02
20260811_121452_stage_B_2C_4168a6e9,inequality,6833,6833,constraint,INEQ-LOWER-D020-H15-PP03
20260811_121452_stage_B_2C_4168a6e9,inequality,6834,6834,constraint,INEQ-UPPER-D020-H15-PP03
20260811_121452_stage_B_2C_4168a6e9,inequality,6835,6835,constraint,INEQ-LOWER-D020-H15-PP04
20260811_121452_stage_B_2C_4168a6e9,inequality,6836,6836,constraint,INEQ-UPPER-D020-H15-PP04
20260811_121452_stage_B_2C_4168a6e9,inequality,6837,6837,constraint,INEQ-LOWER-D020-H15-PP05
20260811_121452_stage_B_2C_4168a6e9,inequality,6838,6838,constraint,INEQ-UPPER-D020-H15-PP05
20260811_121452_stage_B_2C_4168a6e9,inequality,6839,6839,constraint,INEQ-LOWER-D020-H15-PH01
20260811_121452_stage_B_2C_4168a6e9,inequality,6840,6840,constraint,INEQ-UPPER-D020-H15-PH01
20260811_121452_stage_B_2C_4168a6e9,inequality,6841,6841,constraint,INEQ-LOWER-D020-H15-PH02
20260811_121452_stage_B_2C_4168a6e9,inequality,6842,6842,constraint,INEQ-UPPER-D020-H15-PH02
20260811_121452_stage_B_2C_4168a6e9,inequality,6843,6843,constraint,INEQ-LOWER-D020-H15-PH03
20260811_121452_stage_B_2C_4168a6e9,inequality,6844,6844,constraint,INEQ-UPPER-D020-H15-PH03
20260811_121452_stage_B_2C_4168a6e9,inequality,6845,6845,constraint,INEQ-LOWER-D020-H15-PH04
20260811_121452_stage_B_2C_4168a6e9,inequality,6846,6846,constraint,INEQ-UPPER-D020-H15-PH04
20260811_121452_stage_B_2C_4168a6e9,inequality,6847,6847,constraint,INEQ-LOWER-D020-H15-PF01
20260811_121452_stage_B_2C_4168a6e9,inequality,6848,6848,constraint,INEQ-UPPER-D020-H15-PF01
20260811_121452_stage_B_2C_4168a6e9,inequality,6849,6849,constraint,INEQ-LOWER-D020-H15-PF02
20260811_121452_stage_B_2C_4168a6e9,inequality,6850,6850,constraint,INEQ-UPPER-D020-H15-PF02
20260811_121452_stage_B_2C_4168a6e9,inequality,6851,6851,constraint,INEQ-LOWER-D020-H15-PF03
20260811_121452_stage_B_2C_4168a6e9,inequality,6852,6852,constraint,INEQ-UPPER-D020-H15-PF03
20260811_121452_stage_B_2C_4168a6e9,inequality,6853,6853,constraint,INEQ-LOWER-D020-H15-PF04
20260811_121452_stage_B_2C_4168a6e9,inequality,6854,6854,constraint,INEQ-UPPER-D020-H15-PF04
20260811_121452_stage_B_2C_4168a6e9,inequality,6855,6855,constraint,INEQ-LOWER-D020-H15-Pch01
20260811_121452_stage_B_2C_4168a6e9,inequality,6856,6856,constraint,INEQ-UPPER-D020-H15-Pch01
20260811_121452_stage_B_2C_4168a6e9,inequality,6857,6857,constraint,INEQ-LOWER-D020-H15-Pch02
20260811_121452_stage_B_2C_4168a6e9,inequality,6858,6858,constraint,INEQ-UPPER-D020-H15-Pch02
20260811_121452_stage_B_2C_4168a6e9,inequality,6859,6859,constraint,INEQ-LOWER-D020-H15-Pdis01
20260811_121452_stage_B_2C_4168a6e9,inequality,6860,6860,constraint,INEQ-UPPER-D020-H15-Pdis01
20260811_121452_stage_B_2C_4168a6e9,inequality,6861,6861,constraint,INEQ-LOWER-D020-H15-Pdis02
20260811_121452_stage_B_2C_4168a6e9,inequality,6862,6862,constraint,INEQ-UPPER-D020-H15-Pdis02
20260811_121452_stage_B_2C_4168a6e9,inequality,6863,6863,constraint,INEQ-LOWER-D020-H15-SOC01
20260811_121452_stage_B_2C_4168a6e9,inequality,6864,6864,constraint,INEQ-UPPER-D020-H15-SOC01
20260811_121452_stage_B_2C_4168a6e9,inequality,6865,6865,constraint,INEQ-LOWER-D020-H15-SOC02
20260811_121452_stage_B_2C_4168a6e9,inequality,6866,6866,constraint,INEQ-UPPER-D020-H15-SOC02
20260811_121452_stage_B_2C_4168a6e9,inequality,6867,6867,constraint,INEQ-LOWER-D020-H16-PW01
20260811_121452_stage_B_2C_4168a6e9,inequality,6868,6868,constraint,INEQ-UPPER-D020-H16-PW01
20260811_121452_stage_B_2C_4168a6e9,inequality,6869,6869,constraint,INEQ-LOWER-D020-H16-PW02
20260811_121452_stage_B_2C_4168a6e9,inequality,6870,6870,constraint,INEQ-UPPER-D020-H16-PW02
20260811_121452_stage_B_2C_4168a6e9,inequality,6871,6871,constraint,INEQ-LOWER-D020-H16-PW03
20260811_121452_stage_B_2C_4168a6e9,inequality,6872,6872,constraint,INEQ-UPPER-D020-H16-PW03
20260811_121452_stage_B_2C_4168a6e9,inequality,6873,6873,constraint,INEQ-LOWER-D020-H16-PW04
20260811_121452_stage_B_2C_4168a6e9,inequality,6874,6874,constraint,INEQ-UPPER-D020-H16-PW04
20260811_121452_stage_B_2C_4168a6e9,inequality,6875,6875,constraint,INEQ-LOWER-D020-H16-PW05
20260811_121452_stage_B_2C_4168a6e9,inequality,6876,6876,constraint,INEQ-UPPER-D020-H16-PW05
20260811_121452_stage_B_2C_4168a6e9,inequality,6877,6877,constraint,INEQ-LOWER-D020-H16-PP01
20260811_121452_stage_B_2C_4168a6e9,inequality,6878,6878,constraint,INEQ-UPPER-D020-H16-PP01
20260811_121452_stage_B_2C_4168a6e9,inequality,6879,6879,constraint,INEQ-LOWER-D020-H16-PP02
20260811_121452_stage_B_2C_4168a6e9,inequality,6880,6880,constraint,INEQ-UPPER-D020-H16-PP02
20260811_121452_stage_B_2C_4168a6e9,inequality,6881,6881,constraint,INEQ-LOWER-D020-H16-PP03
20260811_121452_stage_B_2C_4168a6e9,inequality,6882,6882,constraint,INEQ-UPPER-D020-H16-PP03
20260811_121452_stage_B_2C_4168a6e9,inequality,6883,6883,constraint,INEQ-LOWER-D020-H16-PP04
20260811_121452_stage_B_2C_4168a6e9,inequality,6884,6884,constraint,INEQ-UPPER-D020-H16-PP04
20260811_121452_stage_B_2C_4168a6e9,inequality,6885,6885,constraint,INEQ-LOWER-D020-H16-PP05
20260811_121452_stage_B_2C_4168a6e9,inequality,6886,6886,constraint,INEQ-UPPER-D020-H16-PP05
20260811_121452_stage_B_2C_4168a6e9,inequality,6887,6887,constraint,INEQ-LOWER-D020-H16-PH01
20260811_121452_stage_B_2C_4168a6e9,inequality,6888,6888,constraint,INEQ-UPPER-D020-H16-PH01
20260811_121452_stage_B_2C_4168a6e9,inequality,6889,6889,constraint,INEQ-LOWER-D020-H16-PH02
20260811_121452_stage_B_2C_4168a6e9,inequality,6890,6890,constraint,INEQ-UPPER-D020-H16-PH02
20260811_121452_stage_B_2C_4168a6e9,inequality,6891,6891,constraint,INEQ-LOWER-D020-H16-PH03
20260811_121452_stage_B_2C_4168a6e9,inequality,6892,6892,constraint,INEQ-UPPER-D020-H16-PH03
20260811_121452_stage_B_2C_4168a6e9,inequality,6893,6893,constraint,INEQ-LOWER-D020-H16-PH04
20260811_121452_stage_B_2C_4168a6e9,inequality,6894,6894,constraint,INEQ-UPPER-D020-H16-PH04
20260811_121452_stage_B_2C_4168a6e9,inequality,6895,6895,constraint,INEQ-LOWER-D020-H16-PF01
20260811_121452_stage_B_2C_4168a6e9,inequality,6896,6896,constraint,INEQ-UPPER-D020-H16-PF01
20260811_121452_stage_B_2C_4168a6e9,inequality,6897,6897,constraint,INEQ-LOWER-D020-H16-PF02
20260811_121452_stage_B_2C_4168a6e9,inequality,6898,6898,constraint,INEQ-UPPER-D020-H16-PF02
20260811_121452_stage_B_2C_4168a6e9,inequality,6899,6899,constraint,INEQ-LOWER-D020-H16-PF03
20260811_121452_stage_B_2C_4168a6e9,inequality,6900,6900,constraint,INEQ-UPPER-D020-H16-PF03
20260811_121452_stage_B_2C_4168a6e9,inequality,6901,6901,constraint,INEQ-LOWER-D020-H16-PF04
20260811_121452_stage_B_2C_4168a6e9,inequality,6902,6902,constraint,INEQ-UPPER-D020-H16-PF04
20260811_121452_stage_B_2C_4168a6e9,inequality,6903,6903,constraint,INEQ-LOWER-D020-H16-Pch01
20260811_121452_stage_B_2C_4168a6e9,inequality,6904,6904,constraint,INEQ-UPPER-D020-H16-Pch01
20260811_121452_stage_B_2C_4168a6e9,inequality,6905,6905,constraint,INEQ-LOWER-D020-H16-Pch02
20260811_121452_stage_B_2C_4168a6e9,inequality,6906,6906,constraint,INEQ-UPPER-D020-H16-Pch02
20260811_121452_stage_B_2C_4168a6e9,inequality,6907,6907,constraint,INEQ-LOWER-D020-H16-Pdis01
20260811_121452_stage_B_2C_4168a6e9,inequality,6908,6908,constraint,INEQ-UPPER-D020-H16-Pdis01
20260811_121452_stage_B_2C_4168a6e9,inequality,6909,6909,constraint,INEQ-LOWER-D020-H16-Pdis02
20260811_121452_stage_B_2C_4168a6e9,inequality,6910,6910,constraint,INEQ-UPPER-D020-H16-Pdis02
20260811_121452_stage_B_2C_4168a6e9,inequality,6911,6911,constraint,INEQ-LOWER-D020-H16-SOC01
20260811_121452_stage_B_2C_4168a6e9,inequality,6912,6912,constraint,INEQ-UPPER-D020-H16-SOC01
20260811_121452_stage_B_2C_4168a6e9,inequality,6913,6913,constraint,INEQ-LOWER-D020-H16-SOC02
20260811_121452_stage_B_2C_4168a6e9,inequality,6914,6914,constraint,INEQ-UPPER-D020-H16-SOC02
20260811_121452_stage_B_2C_4168a6e9,inequality,6915,6915,constraint,INEQ-LOWER-D020-H17-PW01
20260811_121452_stage_B_2C_4168a6e9,inequality,6916,6916,constraint,INEQ-UPPER-D020-H17-PW01
20260811_121452_stage_B_2C_4168a6e9,inequality,6917,6917,constraint,INEQ-LOWER-D020-H17-PW02
20260811_121452_stage_B_2C_4168a6e9,inequality,6918,6918,constraint,INEQ-UPPER-D020-H17-PW02
20260811_121452_stage_B_2C_4168a6e9,inequality,6919,6919,constraint,INEQ-LOWER-D020-H17-PW03
20260811_121452_stage_B_2C_4168a6e9,inequality,6920,6920,constraint,INEQ-UPPER-D020-H17-PW03
20260811_121452_stage_B_2C_4168a6e9,inequality,6921,6921,constraint,INEQ-LOWER-D020-H17-PW04
20260811_121452_stage_B_2C_4168a6e9,inequality,6922,6922,constraint,INEQ-UPPER-D020-H17-PW04
20260811_121452_stage_B_2C_4168a6e9,inequality,6923,6923,constraint,INEQ-LOWER-D020-H17-PW05
20260811_121452_stage_B_2C_4168a6e9,inequality,6924,6924,constraint,INEQ-UPPER-D020-H17-PW05
20260811_121452_stage_B_2C_4168a6e9,inequality,6925,6925,constraint,INEQ-LOWER-D020-H17-PP01
20260811_121452_stage_B_2C_4168a6e9,inequality,6926,6926,constraint,INEQ-UPPER-D020-H17-PP01
20260811_121452_stage_B_2C_4168a6e9,inequality,6927,6927,constraint,INEQ-LOWER-D020-H17-PP02
20260811_121452_stage_B_2C_4168a6e9,inequality,6928,6928,constraint,INEQ-UPPER-D020-H17-PP02
20260811_121452_stage_B_2C_4168a6e9,inequality,6929,6929,constraint,INEQ-LOWER-D020-H17-PP03
20260811_121452_stage_B_2C_4168a6e9,inequality,6930,6930,constraint,INEQ-UPPER-D020-H17-PP03
20260811_121452_stage_B_2C_4168a6e9,inequality,6931,6931,constraint,INEQ-LOWER-D020-H17-PP04
20260811_121452_stage_B_2C_4168a6e9,inequality,6932,6932,constraint,INEQ-UPPER-D020-H17-PP04
20260811_121452_stage_B_2C_4168a6e9,inequality,6933,6933,constraint,INEQ-LOWER-D020-H17-PP05
20260811_121452_stage_B_2C_4168a6e9,inequality,6934,6934,constraint,INEQ-UPPER-D020-H17-PP05
20260811_121452_stage_B_2C_4168a6e9,inequality,6935,6935,constraint,INEQ-LOWER-D020-H17-PH01
20260811_121452_stage_B_2C_4168a6e9,inequality,6936,6936,constraint,INEQ-UPPER-D020-H17-PH01
20260811_121452_stage_B_2C_4168a6e9,inequality,6937,6937,constraint,INEQ-LOWER-D020-H17-PH02
20260811_121452_stage_B_2C_4168a6e9,inequality,6938,6938,constraint,INEQ-UPPER-D020-H17-PH02
20260811_121452_stage_B_2C_4168a6e9,inequality,6939,6939,constraint,INEQ-LOWER-D020-H17-PH03
20260811_121452_stage_B_2C_4168a6e9,inequality,6940,6940,constraint,INEQ-UPPER-D020-H17-PH03
20260811_121452_stage_B_2C_4168a6e9,inequality,6941,6941,constraint,INEQ-LOWER-D020-H17-PH04
20260811_121452_stage_B_2C_4168a6e9,inequality,6942,6942,constraint,INEQ-UPPER-D020-H17-PH04
20260811_121452_stage_B_2C_4168a6e9,inequality,6943,6943,constraint,INEQ-LOWER-D020-H17-PF01
20260811_121452_stage_B_2C_4168a6e9,inequality,6944,6944,constraint,INEQ-UPPER-D020-H17-PF01
20260811_121452_stage_B_2C_4168a6e9,inequality,6945,6945,constraint,INEQ-LOWER-D020-H17-PF02
20260811_121452_stage_B_2C_4168a6e9,inequality,6946,6946,constraint,INEQ-UPPER-D020-H17-PF02
20260811_121452_stage_B_2C_4168a6e9,inequality,6947,6947,constraint,INEQ-LOWER-D020-H17-PF03
20260811_121452_stage_B_2C_4168a6e9,inequality,6948,6948,constraint,INEQ-UPPER-D020-H17-PF03
20260811_121452_stage_B_2C_4168a6e9,inequality,6949,6949,constraint,INEQ-LOWER-D020-H17-PF04
20260811_121452_stage_B_2C_4168a6e9,inequality,6950,6950,constraint,INEQ-UPPER-D020-H17-PF04
20260811_121452_stage_B_2C_4168a6e9,inequality,6951,6951,constraint,INEQ-LOWER-D020-H17-Pch01
20260811_121452_stage_B_2C_4168a6e9,inequality,6952,6952,constraint,INEQ-UPPER-D020-H17-Pch01
20260811_121452_stage_B_2C_4168a6e9,inequality,6953,6953,constraint,INEQ-LOWER-D020-H17-Pch02
20260811_121452_stage_B_2C_4168a6e9,inequality,6954,6954,constraint,INEQ-UPPER-D020-H17-Pch02
20260811_121452_stage_B_2C_4168a6e9,inequality,6955,6955,constraint,INEQ-LOWER-D020-H17-Pdis01
20260811_121452_stage_B_2C_4168a6e9,inequality,6956,6956,constraint,INEQ-UPPER-D020-H17-Pdis01
20260811_121452_stage_B_2C_4168a6e9,inequality,6957,6957,constraint,INEQ-LOWER-D020-H17-Pdis02
20260811_121452_stage_B_2C_4168a6e9,inequality,6958,6958,constraint,INEQ-UPPER-D020-H17-Pdis02
20260811_121452_stage_B_2C_4168a6e9,inequality,6959,6959,constraint,INEQ-LOWER-D020-H17-SOC01
20260811_121452_stage_B_2C_4168a6e9,inequality,6960,6960,constraint,INEQ-UPPER-D020-H17-SOC01
20260811_121452_stage_B_2C_4168a6e9,inequality,6961,6961,constraint,INEQ-LOWER-D020-H17-SOC02
20260811_121452_stage_B_2C_4168a6e9,inequality,6962,6962,constraint,INEQ-UPPER-D020-H17-SOC02
20260811_121452_stage_B_2C_4168a6e9,inequality,6963,6963,constraint,INEQ-LOWER-D020-H18-PW01
20260811_121452_stage_B_2C_4168a6e9,inequality,6964,6964,constraint,INEQ-UPPER-D020-H18-PW01
20260811_121452_stage_B_2C_4168a6e9,inequality,6965,6965,constraint,INEQ-LOWER-D020-H18-PW02
20260811_121452_stage_B_2C_4168a6e9,inequality,6966,6966,constraint,INEQ-UPPER-D020-H18-PW02
20260811_121452_stage_B_2C_4168a6e9,inequality,6967,6967,constraint,INEQ-LOWER-D020-H18-PW03
20260811_121452_stage_B_2C_4168a6e9,inequality,6968,6968,constraint,INEQ-UPPER-D020-H18-PW03
20260811_121452_stage_B_2C_4168a6e9,inequality,6969,6969,constraint,INEQ-LOWER-D020-H18-PW04
20260811_121452_stage_B_2C_4168a6e9,inequality,6970,6970,constraint,INEQ-UPPER-D020-H18-PW04
20260811_121452_stage_B_2C_4168a6e9,inequality,6971,6971,constraint,INEQ-LOWER-D020-H18-PW05
20260811_121452_stage_B_2C_4168a6e9,inequality,6972,6972,constraint,INEQ-UPPER-D020-H18-PW05
20260811_121452_stage_B_2C_4168a6e9,inequality,6973,6973,constraint,INEQ-LOWER-D020-H18-PP01
20260811_121452_stage_B_2C_4168a6e9,inequality,6974,6974,constraint,INEQ-UPPER-D020-H18-PP01
20260811_121452_stage_B_2C_4168a6e9,inequality,6975,6975,constraint,INEQ-LOWER-D020-H18-PP02
20260811_121452_stage_B_2C_4168a6e9,inequality,6976,6976,constraint,INEQ-UPPER-D020-H18-PP02
20260811_121452_stage_B_2C_4168a6e9,inequality,6977,6977,constraint,INEQ-LOWER-D020-H18-PP03
20260811_121452_stage_B_2C_4168a6e9,inequality,6978,6978,constraint,INEQ-UPPER-D020-H18-PP03
20260811_121452_stage_B_2C_4168a6e9,inequality,6979,6979,constraint,INEQ-LOWER-D020-H18-PP04
20260811_121452_stage_B_2C_4168a6e9,inequality,6980,6980,constraint,INEQ-UPPER-D020-H18-PP04
20260811_121452_stage_B_2C_4168a6e9,inequality,6981,6981,constraint,INEQ-LOWER-D020-H18-PP05
20260811_121452_stage_B_2C_4168a6e9,inequality,6982,6982,constraint,INEQ-UPPER-D020-H18-PP05
20260811_121452_stage_B_2C_4168a6e9,inequality,6983,6983,constraint,INEQ-LOWER-D020-H18-PH01
20260811_121452_stage_B_2C_4168a6e9,inequality,6984,6984,constraint,INEQ-UPPER-D020-H18-PH01
20260811_121452_stage_B_2C_4168a6e9,inequality,6985,6985,constraint,INEQ-LOWER-D020-H18-PH02
20260811_121452_stage_B_2C_4168a6e9,inequality,6986,6986,constraint,INEQ-UPPER-D020-H18-PH02
20260811_121452_stage_B_2C_4168a6e9,inequality,6987,6987,constraint,INEQ-LOWER-D020-H18-PH03
20260811_121452_stage_B_2C_4168a6e9,inequality,6988,6988,constraint,INEQ-UPPER-D020-H18-PH03
20260811_121452_stage_B_2C_4168a6e9,inequality,6989,6989,constraint,INEQ-LOWER-D020-H18-PH04
20260811_121452_stage_B_2C_4168a6e9,inequality,6990,6990,constraint,INEQ-UPPER-D020-H18-PH04
20260811_121452_stage_B_2C_4168a6e9,inequality,6991,6991,constraint,INEQ-LOWER-D020-H18-PF01
20260811_121452_stage_B_2C_4168a6e9,inequality,6992,6992,constraint,INEQ-UPPER-D020-H18-PF01
20260811_121452_stage_B_2C_4168a6e9,inequality,6993,6993,constraint,INEQ-LOWER-D020-H18-PF02
20260811_121452_stage_B_2C_4168a6e9,inequality,6994,6994,constraint,INEQ-UPPER-D020-H18-PF02
20260811_121452_stage_B_2C_4168a6e9,inequality,6995,6995,constraint,INEQ-LOWER-D020-H18-PF03
20260811_121452_stage_B_2C_4168a6e9,inequality,6996,6996,constraint,INEQ-UPPER-D020-H18-PF03
20260811_121452_stage_B_2C_4168a6e9,inequality,6997,6997,constraint,INEQ-LOWER-D020-H18-PF04
20260811_121452_stage_B_2C_4168a6e9,inequality,6998,6998,constraint,INEQ-UPPER-D020-H18-PF04
20260811_121452_stage_B_2C_4168a6e9,inequality,6999,6999,constraint,INEQ-LOWER-D020-H18-Pch01
20260811_121452_stage_B_2C_4168a6e9,inequality,7000,7000,constraint,INEQ-UPPER-D020-H18-Pch01
20260811_121452_stage_B_2C_4168a6e9,inequality,7001,7001,constraint,INEQ-LOWER-D020-H18-Pch02
20260811_121452_stage_B_2C_4168a6e9,inequality,7002,7002,constraint,INEQ-UPPER-D020-H18-Pch02
20260811_121452_stage_B_2C_4168a6e9,inequality,7003,7003,constraint,INEQ-LOWER-D020-H18-Pdis01
20260811_121452_stage_B_2C_4168a6e9,inequality,7004,7004,constraint,INEQ-UPPER-D020-H18-Pdis01
20260811_121452_stage_B_2C_4168a6e9,inequality,7005,7005,constraint,INEQ-LOWER-D020-H18-Pdis02
20260811_121452_stage_B_2C_4168a6e9,inequality,7006,7006,constraint,INEQ-UPPER-D020-H18-Pdis02
20260811_121452_stage_B_2C_4168a6e9,inequality,7007,7007,constraint,INEQ-LOWER-D020-H18-SOC01
20260811_121452_stage_B_2C_4168a6e9,inequality,7008,7008,constraint,INEQ-UPPER-D020-H18-SOC01
20260811_121452_stage_B_2C_4168a6e9,inequality,7009,7009,constraint,INEQ-LOWER-D020-H18-SOC02
20260811_121452_stage_B_2C_4168a6e9,inequality,7010,7010,constraint,INEQ-UPPER-D020-H18-SOC02
20260811_121452_stage_B_2C_4168a6e9,inequality,7011,7011,constraint,INEQ-LOWER-D020-H19-PW01
20260811_121452_stage_B_2C_4168a6e9,inequality,7012,7012,constraint,INEQ-UPPER-D020-H19-PW01
20260811_121452_stage_B_2C_4168a6e9,inequality,7013,7013,constraint,INEQ-LOWER-D020-H19-PW02
20260811_121452_stage_B_2C_4168a6e9,inequality,7014,7014,constraint,INEQ-UPPER-D020-H19-PW02
20260811_121452_stage_B_2C_4168a6e9,inequality,7015,7015,constraint,INEQ-LOWER-D020-H19-PW03
20260811_121452_stage_B_2C_4168a6e9,inequality,7016,7016,constraint,INEQ-UPPER-D020-H19-PW03
20260811_121452_stage_B_2C_4168a6e9,inequality,7017,7017,constraint,INEQ-LOWER-D020-H19-PW04
20260811_121452_stage_B_2C_4168a6e9,inequality,7018,7018,constraint,INEQ-UPPER-D020-H19-PW04
20260811_121452_stage_B_2C_4168a6e9,inequality,7019,7019,constraint,INEQ-LOWER-D020-H19-PW05
20260811_121452_stage_B_2C_4168a6e9,inequality,7020,7020,constraint,INEQ-UPPER-D020-H19-PW05
20260811_121452_stage_B_2C_4168a6e9,inequality,7021,7021,constraint,INEQ-LOWER-D020-H19-PP01
20260811_121452_stage_B_2C_4168a6e9,inequality,7022,7022,constraint,INEQ-UPPER-D020-H19-PP01
20260811_121452_stage_B_2C_4168a6e9,inequality,7023,7023,constraint,INEQ-LOWER-D020-H19-PP02
20260811_121452_stage_B_2C_4168a6e9,inequality,7024,7024,constraint,INEQ-UPPER-D020-H19-PP02
20260811_121452_stage_B_2C_4168a6e9,inequality,7025,7025,constraint,INEQ-LOWER-D020-H19-PP03
20260811_121452_stage_B_2C_4168a6e9,inequality,7026,7026,constraint,INEQ-UPPER-D020-H19-PP03
20260811_121452_stage_B_2C_4168a6e9,inequality,7027,7027,constraint,INEQ-LOWER-D020-H19-PP04
20260811_121452_stage_B_2C_4168a6e9,inequality,7028,7028,constraint,INEQ-UPPER-D020-H19-PP04
20260811_121452_stage_B_2C_4168a6e9,inequality,7029,7029,constraint,INEQ-LOWER-D020-H19-PP05
20260811_121452_stage_B_2C_4168a6e9,inequality,7030,7030,constraint,INEQ-UPPER-D020-H19-PP05
20260811_121452_stage_B_2C_4168a6e9,inequality,7031,7031,constraint,INEQ-LOWER-D020-H19-PH01
20260811_121452_stage_B_2C_4168a6e9,inequality,7032,7032,constraint,INEQ-UPPER-D020-H19-PH01
20260811_121452_stage_B_2C_4168a6e9,inequality,7033,7033,constraint,INEQ-LOWER-D020-H19-PH02
20260811_121452_stage_B_2C_4168a6e9,inequality,7034,7034,constraint,INEQ-UPPER-D020-H19-PH02
20260811_121452_stage_B_2C_4168a6e9,inequality,7035,7035,constraint,INEQ-LOWER-D020-H19-PH03
20260811_121452_stage_B_2C_4168a6e9,inequality,7036,7036,constraint,INEQ-UPPER-D020-H19-PH03
20260811_121452_stage_B_2C_4168a6e9,inequality,7037,7037,constraint,INEQ-LOWER-D020-H19-PH04
20260811_121452_stage_B_2C_4168a6e9,inequality,7038,7038,constraint,INEQ-UPPER-D020-H19-PH04
20260811_121452_stage_B_2C_4168a6e9,inequality,7039,7039,constraint,INEQ-LOWER-D020-H19-PF01
20260811_121452_stage_B_2C_4168a6e9,inequality,7040,7040,constraint,INEQ-UPPER-D020-H19-PF01
20260811_121452_stage_B_2C_4168a6e9,inequality,7041,7041,constraint,INEQ-LOWER-D020-H19-PF02
20260811_121452_stage_B_2C_4168a6e9,inequality,7042,7042,constraint,INEQ-UPPER-D020-H19-PF02
20260811_121452_stage_B_2C_4168a6e9,inequality,7043,7043,constraint,INEQ-LOWER-D020-H19-PF03
20260811_121452_stage_B_2C_4168a6e9,inequality,7044,7044,constraint,INEQ-UPPER-D020-H19-PF03
20260811_121452_stage_B_2C_4168a6e9,inequality,7045,7045,constraint,INEQ-LOWER-D020-H19-PF04
20260811_121452_stage_B_2C_4168a6e9,inequality,7046,7046,constraint,INEQ-UPPER-D020-H19-PF04
20260811_121452_stage_B_2C_4168a6e9,inequality,7047,7047,constraint,INEQ-LOWER-D020-H19-Pch01
20260811_121452_stage_B_2C_4168a6e9,inequality,7048,7048,constraint,INEQ-UPPER-D020-H19-Pch01
20260811_121452_stage_B_2C_4168a6e9,inequality,7049,7049,constraint,INEQ-LOWER-D020-H19-Pch02
20260811_121452_stage_B_2C_4168a6e9,inequality,7050,7050,constraint,INEQ-UPPER-D020-H19-Pch02
20260811_121452_stage_B_2C_4168a6e9,inequality,7051,7051,constraint,INEQ-LOWER-D020-H19-Pdis01
20260811_121452_stage_B_2C_4168a6e9,inequality,7052,7052,constraint,INEQ-UPPER-D020-H19-Pdis01
20260811_121452_stage_B_2C_4168a6e9,inequality,7053,7053,constraint,INEQ-LOWER-D020-H19-Pdis02
20260811_121452_stage_B_2C_4168a6e9,inequality,7054,7054,constraint,INEQ-UPPER-D020-H19-Pdis02
20260811_121452_stage_B_2C_4168a6e9,inequality,7055,7055,constraint,INEQ-LOWER-D020-H19-SOC01
20260811_121452_stage_B_2C_4168a6e9,inequality,7056,7056,constraint,INEQ-UPPER-D020-H19-SOC01
20260811_121452_stage_B_2C_4168a6e9,inequality,7057,7057,constraint,INEQ-LOWER-D020-H19-SOC02
20260811_121452_stage_B_2C_4168a6e9,inequality,7058,7058,constraint,INEQ-UPPER-D020-H19-SOC02
20260811_121452_stage_B_2C_4168a6e9,inequality,7059,7059,constraint,INEQ-LOWER-D020-H20-PW01
20260811_121452_stage_B_2C_4168a6e9,inequality,7060,7060,constraint,INEQ-UPPER-D020-H20-PW01
20260811_121452_stage_B_2C_4168a6e9,inequality,7061,7061,constraint,INEQ-LOWER-D020-H20-PW02
20260811_121452_stage_B_2C_4168a6e9,inequality,7062,7062,constraint,INEQ-UPPER-D020-H20-PW02
20260811_121452_stage_B_2C_4168a6e9,inequality,7063,7063,constraint,INEQ-LOWER-D020-H20-PW03
20260811_121452_stage_B_2C_4168a6e9,inequality,7064,7064,constraint,INEQ-UPPER-D020-H20-PW03
20260811_121452_stage_B_2C_4168a6e9,inequality,7065,7065,constraint,INEQ-LOWER-D020-H20-PW04
20260811_121452_stage_B_2C_4168a6e9,inequality,7066,7066,constraint,INEQ-UPPER-D020-H20-PW04
20260811_121452_stage_B_2C_4168a6e9,inequality,7067,7067,constraint,INEQ-LOWER-D020-H20-PW05
20260811_121452_stage_B_2C_4168a6e9,inequality,7068,7068,constraint,INEQ-UPPER-D020-H20-PW05
20260811_121452_stage_B_2C_4168a6e9,inequality,7069,7069,constraint,INEQ-LOWER-D020-H20-PH01
20260811_121452_stage_B_2C_4168a6e9,inequality,7070,7070,constraint,INEQ-UPPER-D020-H20-PH01
20260811_121452_stage_B_2C_4168a6e9,inequality,7071,7071,constraint,INEQ-LOWER-D020-H20-PH02
20260811_121452_stage_B_2C_4168a6e9,inequality,7072,7072,constraint,INEQ-UPPER-D020-H20-PH02
20260811_121452_stage_B_2C_4168a6e9,inequality,7073,7073,constraint,INEQ-LOWER-D020-H20-PH03
20260811_121452_stage_B_2C_4168a6e9,inequality,7074,7074,constraint,INEQ-UPPER-D020-H20-PH03
20260811_121452_stage_B_2C_4168a6e9,inequality,7075,7075,constraint,INEQ-LOWER-D020-H20-PH04
20260811_121452_stage_B_2C_4168a6e9,inequality,7076,7076,constraint,INEQ-UPPER-D020-H20-PH04
20260811_121452_stage_B_2C_4168a6e9,inequality,7077,7077,constraint,INEQ-LOWER-D020-H20-PF01
20260811_121452_stage_B_2C_4168a6e9,inequality,7078,7078,constraint,INEQ-UPPER-D020-H20-PF01
20260811_121452_stage_B_2C_4168a6e9,inequality,7079,7079,constraint,INEQ-LOWER-D020-H20-PF02
20260811_121452_stage_B_2C_4168a6e9,inequality,7080,7080,constraint,INEQ-UPPER-D020-H20-PF02
20260811_121452_stage_B_2C_4168a6e9,inequality,7081,7081,constraint,INEQ-LOWER-D020-H20-PF03
20260811_121452_stage_B_2C_4168a6e9,inequality,7082,7082,constraint,INEQ-UPPER-D020-H20-PF03
20260811_121452_stage_B_2C_4168a6e9,inequality,7083,7083,constraint,INEQ-LOWER-D020-H20-PF04
20260811_121452_stage_B_2C_4168a6e9,inequality,7084,7084,constraint,INEQ-UPPER-D020-H20-PF04
20260811_121452_stage_B_2C_4168a6e9,inequality,7085,7085,constraint,INEQ-LOWER-D020-H20-Pch01
20260811_121452_stage_B_2C_4168a6e9,inequality,7086,7086,constraint,INEQ-UPPER-D020-H20-Pch01
20260811_121452_stage_B_2C_4168a6e9,inequality,7087,7087,constraint,INEQ-LOWER-D020-H20-Pch02
20260811_121452_stage_B_2C_4168a6e9,inequality,7088,7088,constraint,INEQ-UPPER-D020-H20-Pch02
20260811_121452_stage_B_2C_4168a6e9,inequality,7089,7089,constraint,INEQ-LOWER-D020-H20-Pdis01
20260811_121452_stage_B_2C_4168a6e9,inequality,7090,7090,constraint,INEQ-UPPER-D020-H20-Pdis01
20260811_121452_stage_B_2C_4168a6e9,inequality,7091,7091,constraint,INEQ-LOWER-D020-H20-Pdis02
20260811_121452_stage_B_2C_4168a6e9,inequality,7092,7092,constraint,INEQ-UPPER-D020-H20-Pdis02
20260811_121452_stage_B_2C_4168a6e9,inequality,7093,7093,constraint,INEQ-LOWER-D020-H20-SOC01
20260811_121452_stage_B_2C_4168a6e9,inequality,7094,7094,constraint,INEQ-UPPER-D020-H20-SOC01
20260811_121452_stage_B_2C_4168a6e9,inequality,7095,7095,constraint,INEQ-LOWER-D020-H20-SOC02
20260811_121452_stage_B_2C_4168a6e9,inequality,7096,7096,constraint,INEQ-UPPER-D020-H20-SOC02
20260811_121452_stage_B_2C_4168a6e9,inequality,7097,7097,constraint,INEQ-LOWER-D020-H21-PW01
20260811_121452_stage_B_2C_4168a6e9,inequality,7098,7098,constraint,INEQ-UPPER-D020-H21-PW01
20260811_121452_stage_B_2C_4168a6e9,inequality,7099,7099,constraint,INEQ-LOWER-D020-H21-PW02
20260811_121452_stage_B_2C_4168a6e9,inequality,7100,7100,constraint,INEQ-UPPER-D020-H21-PW02
20260811_121452_stage_B_2C_4168a6e9,inequality,7101,7101,constraint,INEQ-LOWER-D020-H21-PW03
20260811_121452_stage_B_2C_4168a6e9,inequality,7102,7102,constraint,INEQ-UPPER-D020-H21-PW03
20260811_121452_stage_B_2C_4168a6e9,inequality,7103,7103,constraint,INEQ-LOWER-D020-H21-PW04
20260811_121452_stage_B_2C_4168a6e9,inequality,7104,7104,constraint,INEQ-UPPER-D020-H21-PW04
20260811_121452_stage_B_2C_4168a6e9,inequality,7105,7105,constraint,INEQ-LOWER-D020-H21-PW05
20260811_121452_stage_B_2C_4168a6e9,inequality,7106,7106,constraint,INEQ-UPPER-D020-H21-PW05
20260811_121452_stage_B_2C_4168a6e9,inequality,7107,7107,constraint,INEQ-LOWER-D020-H21-PH01
20260811_121452_stage_B_2C_4168a6e9,inequality,7108,7108,constraint,INEQ-UPPER-D020-H21-PH01
20260811_121452_stage_B_2C_4168a6e9,inequality,7109,7109,constraint,INEQ-LOWER-D020-H21-PH02
20260811_121452_stage_B_2C_4168a6e9,inequality,7110,7110,constraint,INEQ-UPPER-D020-H21-PH02
20260811_121452_stage_B_2C_4168a6e9,inequality,7111,7111,constraint,INEQ-LOWER-D020-H21-PH03
20260811_121452_stage_B_2C_4168a6e9,inequality,7112,7112,constraint,INEQ-UPPER-D020-H21-PH03
20260811_121452_stage_B_2C_4168a6e9,inequality,7113,7113,constraint,INEQ-LOWER-D020-H21-PH04
20260811_121452_stage_B_2C_4168a6e9,inequality,7114,7114,constraint,INEQ-UPPER-D020-H21-PH04
20260811_121452_stage_B_2C_4168a6e9,inequality,7115,7115,constraint,INEQ-LOWER-D020-H21-PF01
20260811_121452_stage_B_2C_4168a6e9,inequality,7116,7116,constraint,INEQ-UPPER-D020-H21-PF01
20260811_121452_stage_B_2C_4168a6e9,inequality,7117,7117,constraint,INEQ-LOWER-D020-H21-PF02
20260811_121452_stage_B_2C_4168a6e9,inequality,7118,7118,constraint,INEQ-UPPER-D020-H21-PF02
20260811_121452_stage_B_2C_4168a6e9,inequality,7119,7119,constraint,INEQ-LOWER-D020-H21-PF03
20260811_121452_stage_B_2C_4168a6e9,inequality,7120,7120,constraint,INEQ-UPPER-D020-H21-PF03
20260811_121452_stage_B_2C_4168a6e9,inequality,7121,7121,constraint,INEQ-LOWER-D020-H21-PF04
20260811_121452_stage_B_2C_4168a6e9,inequality,7122,7122,constraint,INEQ-UPPER-D020-H21-PF04
20260811_121452_stage_B_2C_4168a6e9,inequality,7123,7123,constraint,INEQ-LOWER-D020-H21-Pch01
20260811_121452_stage_B_2C_4168a6e9,inequality,7124,7124,constraint,INEQ-UPPER-D020-H21-Pch01
20260811_121452_stage_B_2C_4168a6e9,inequality,7125,7125,constraint,INEQ-LOWER-D020-H21-Pch02
20260811_121452_stage_B_2C_4168a6e9,inequality,7126,7126,constraint,INEQ-UPPER-D020-H21-Pch02
20260811_121452_stage_B_2C_4168a6e9,inequality,7127,7127,constraint,INEQ-LOWER-D020-H21-Pdis01
20260811_121452_stage_B_2C_4168a6e9,inequality,7128,7128,constraint,INEQ-UPPER-D020-H21-Pdis01
20260811_121452_stage_B_2C_4168a6e9,inequality,7129,7129,constraint,INEQ-LOWER-D020-H21-Pdis02
20260811_121452_stage_B_2C_4168a6e9,inequality,7130,7130,constraint,INEQ-UPPER-D020-H21-Pdis02
20260811_121452_stage_B_2C_4168a6e9,inequality,7131,7131,constraint,INEQ-LOWER-D020-H21-SOC01
20260811_121452_stage_B_2C_4168a6e9,inequality,7132,7132,constraint,INEQ-UPPER-D020-H21-SOC01
20260811_121452_stage_B_2C_4168a6e9,inequality,7133,7133,constraint,INEQ-LOWER-D020-H21-SOC02
20260811_121452_stage_B_2C_4168a6e9,inequality,7134,7134,constraint,INEQ-UPPER-D020-H21-SOC02
20260811_121452_stage_B_2C_4168a6e9,inequality,7135,7135,constraint,INEQ-LOWER-D020-H22-PW01
20260811_121452_stage_B_2C_4168a6e9,inequality,7136,7136,constraint,INEQ-UPPER-D020-H22-PW01
20260811_121452_stage_B_2C_4168a6e9,inequality,7137,7137,constraint,INEQ-LOWER-D020-H22-PW02
20260811_121452_stage_B_2C_4168a6e9,inequality,7138,7138,constraint,INEQ-UPPER-D020-H22-PW02
20260811_121452_stage_B_2C_4168a6e9,inequality,7139,7139,constraint,INEQ-LOWER-D020-H22-PW03
20260811_121452_stage_B_2C_4168a6e9,inequality,7140,7140,constraint,INEQ-UPPER-D020-H22-PW03
20260811_121452_stage_B_2C_4168a6e9,inequality,7141,7141,constraint,INEQ-LOWER-D020-H22-PW04
20260811_121452_stage_B_2C_4168a6e9,inequality,7142,7142,constraint,INEQ-UPPER-D020-H22-PW04
20260811_121452_stage_B_2C_4168a6e9,inequality,7143,7143,constraint,INEQ-LOWER-D020-H22-PW05
20260811_121452_stage_B_2C_4168a6e9,inequality,7144,7144,constraint,INEQ-UPPER-D020-H22-PW05
20260811_121452_stage_B_2C_4168a6e9,inequality,7145,7145,constraint,INEQ-LOWER-D020-H22-PH01
20260811_121452_stage_B_2C_4168a6e9,inequality,7146,7146,constraint,INEQ-UPPER-D020-H22-PH01
20260811_121452_stage_B_2C_4168a6e9,inequality,7147,7147,constraint,INEQ-LOWER-D020-H22-PH02
20260811_121452_stage_B_2C_4168a6e9,inequality,7148,7148,constraint,INEQ-UPPER-D020-H22-PH02
20260811_121452_stage_B_2C_4168a6e9,inequality,7149,7149,constraint,INEQ-LOWER-D020-H22-PH03
20260811_121452_stage_B_2C_4168a6e9,inequality,7150,7150,constraint,INEQ-UPPER-D020-H22-PH03
20260811_121452_stage_B_2C_4168a6e9,inequality,7151,7151,constraint,INEQ-LOWER-D020-H22-PH04
20260811_121452_stage_B_2C_4168a6e9,inequality,7152,7152,constraint,INEQ-UPPER-D020-H22-PH04
20260811_121452_stage_B_2C_4168a6e9,inequality,7153,7153,constraint,INEQ-LOWER-D020-H22-PF01
20260811_121452_stage_B_2C_4168a6e9,inequality,7154,7154,constraint,INEQ-UPPER-D020-H22-PF01
20260811_121452_stage_B_2C_4168a6e9,inequality,7155,7155,constraint,INEQ-LOWER-D020-H22-PF02
20260811_121452_stage_B_2C_4168a6e9,inequality,7156,7156,constraint,INEQ-UPPER-D020-H22-PF02
20260811_121452_stage_B_2C_4168a6e9,inequality,7157,7157,constraint,INEQ-LOWER-D020-H22-PF03
20260811_121452_stage_B_2C_4168a6e9,inequality,7158,7158,constraint,INEQ-UPPER-D020-H22-PF03
20260811_121452_stage_B_2C_4168a6e9,inequality,7159,7159,constraint,INEQ-LOWER-D020-H22-PF04
20260811_121452_stage_B_2C_4168a6e9,inequality,7160,7160,constraint,INEQ-UPPER-D020-H22-PF04
20260811_121452_stage_B_2C_4168a6e9,inequality,7161,7161,constraint,INEQ-LOWER-D020-H22-Pch01
20260811_121452_stage_B_2C_4168a6e9,inequality,7162,7162,constraint,INEQ-UPPER-D020-H22-Pch01
20260811_121452_stage_B_2C_4168a6e9,inequality,7163,7163,constraint,INEQ-LOWER-D020-H22-Pch02
20260811_121452_stage_B_2C_4168a6e9,inequality,7164,7164,constraint,INEQ-UPPER-D020-H22-Pch02
20260811_121452_stage_B_2C_4168a6e9,inequality,7165,7165,constraint,INEQ-LOWER-D020-H22-Pdis01
20260811_121452_stage_B_2C_4168a6e9,inequality,7166,7166,constraint,INEQ-UPPER-D020-H22-Pdis01
20260811_121452_stage_B_2C_4168a6e9,inequality,7167,7167,constraint,INEQ-LOWER-D020-H22-Pdis02
20260811_121452_stage_B_2C_4168a6e9,inequality,7168,7168,constraint,INEQ-UPPER-D020-H22-Pdis02
20260811_121452_stage_B_2C_4168a6e9,inequality,7169,7169,constraint,INEQ-LOWER-D020-H22-SOC01
20260811_121452_stage_B_2C_4168a6e9,inequality,7170,7170,constraint,INEQ-UPPER-D020-H22-SOC01
20260811_121452_stage_B_2C_4168a6e9,inequality,7171,7171,constraint,INEQ-LOWER-D020-H22-SOC02
20260811_121452_stage_B_2C_4168a6e9,inequality,7172,7172,constraint,INEQ-UPPER-D020-H22-SOC02
20260811_121452_stage_B_2C_4168a6e9,inequality,7173,7173,constraint,INEQ-LOWER-D020-H23-PW01
20260811_121452_stage_B_2C_4168a6e9,inequality,7174,7174,constraint,INEQ-UPPER-D020-H23-PW01
20260811_121452_stage_B_2C_4168a6e9,inequality,7175,7175,constraint,INEQ-LOWER-D020-H23-PW02
20260811_121452_stage_B_2C_4168a6e9,inequality,7176,7176,constraint,INEQ-UPPER-D020-H23-PW02
20260811_121452_stage_B_2C_4168a6e9,inequality,7177,7177,constraint,INEQ-LOWER-D020-H23-PW03
20260811_121452_stage_B_2C_4168a6e9,inequality,7178,7178,constraint,INEQ-UPPER-D020-H23-PW03
20260811_121452_stage_B_2C_4168a6e9,inequality,7179,7179,constraint,INEQ-LOWER-D020-H23-PW04
20260811_121452_stage_B_2C_4168a6e9,inequality,7180,7180,constraint,INEQ-UPPER-D020-H23-PW04
20260811_121452_stage_B_2C_4168a6e9,inequality,7181,7181,constraint,INEQ-LOWER-D020-H23-PW05
20260811_121452_stage_B_2C_4168a6e9,inequality,7182,7182,constraint,INEQ-UPPER-D020-H23-PW05
20260811_121452_stage_B_2C_4168a6e9,inequality,7183,7183,constraint,INEQ-LOWER-D020-H23-PH01
20260811_121452_stage_B_2C_4168a6e9,inequality,7184,7184,constraint,INEQ-UPPER-D020-H23-PH01
20260811_121452_stage_B_2C_4168a6e9,inequality,7185,7185,constraint,INEQ-LOWER-D020-H23-PH02
20260811_121452_stage_B_2C_4168a6e9,inequality,7186,7186,constraint,INEQ-UPPER-D020-H23-PH02
20260811_121452_stage_B_2C_4168a6e9,inequality,7187,7187,constraint,INEQ-LOWER-D020-H23-PH03
20260811_121452_stage_B_2C_4168a6e9,inequality,7188,7188,constraint,INEQ-UPPER-D020-H23-PH03
20260811_121452_stage_B_2C_4168a6e9,inequality,7189,7189,constraint,INEQ-LOWER-D020-H23-PH04
20260811_121452_stage_B_2C_4168a6e9,inequality,7190,7190,constraint,INEQ-UPPER-D020-H23-PH04
20260811_121452_stage_B_2C_4168a6e9,inequality,7191,7191,constraint,INEQ-LOWER-D020-H23-PF01
20260811_121452_stage_B_2C_4168a6e9,inequality,7192,7192,constraint,INEQ-UPPER-D020-H23-PF01
20260811_121452_stage_B_2C_4168a6e9,inequality,7193,7193,constraint,INEQ-LOWER-D020-H23-PF02
20260811_121452_stage_B_2C_4168a6e9,inequality,7194,7194,constraint,INEQ-UPPER-D020-H23-PF02
20260811_121452_stage_B_2C_4168a6e9,inequality,7195,7195,constraint,INEQ-LOWER-D020-H23-PF03
20260811_121452_stage_B_2C_4168a6e9,inequality,7196,7196,constraint,INEQ-UPPER-D020-H23-PF03
20260811_121452_stage_B_2C_4168a6e9,inequality,7197,7197,constraint,INEQ-LOWER-D020-H23-PF04
20260811_121452_stage_B_2C_4168a6e9,inequality,7198,7198,constraint,INEQ-UPPER-D020-H23-PF04
20260811_121452_stage_B_2C_4168a6e9,inequality,7199,7199,constraint,INEQ-LOWER-D020-H23-Pch01
20260811_121452_stage_B_2C_4168a6e9,inequality,7200,7200,constraint,INEQ-UPPER-D020-H23-Pch01
20260811_121452_stage_B_2C_4168a6e9,inequality,7201,7201,constraint,INEQ-LOWER-D020-H23-Pch02
20260811_121452_stage_B_2C_4168a6e9,inequality,7202,7202,constraint,INEQ-UPPER-D020-H23-Pch02
20260811_121452_stage_B_2C_4168a6e9,inequality,7203,7203,constraint,INEQ-LOWER-D020-H23-Pdis01
20260811_121452_stage_B_2C_4168a6e9,inequality,7204,7204,constraint,INEQ-UPPER-D020-H23-Pdis01
20260811_121452_stage_B_2C_4168a6e9,inequality,7205,7205,constraint,INEQ-LOWER-D020-H23-Pdis02
20260811_121452_stage_B_2C_4168a6e9,inequality,7206,7206,constraint,INEQ-UPPER-D020-H23-Pdis02
20260811_121452_stage_B_2C_4168a6e9,inequality,7207,7207,constraint,INEQ-LOWER-D020-H23-SOC01
20260811_121452_stage_B_2C_4168a6e9,inequality,7208,7208,constraint,INEQ-UPPER-D020-H23-SOC01
20260811_121452_stage_B_2C_4168a6e9,inequality,7209,7209,constraint,INEQ-LOWER-D020-H23-SOC02
20260811_121452_stage_B_2C_4168a6e9,inequality,7210,7210,constraint,INEQ-UPPER-D020-H23-SOC02
20260811_121452_stage_B_2C_4168a6e9,inequality,7211,7211,constraint,INEQ-LOWER-D020-H24-PW01
20260811_121452_stage_B_2C_4168a6e9,inequality,7212,7212,constraint,INEQ-UPPER-D020-H24-PW01
20260811_121452_stage_B_2C_4168a6e9,inequality,7213,7213,constraint,INEQ-LOWER-D020-H24-PW02
20260811_121452_stage_B_2C_4168a6e9,inequality,7214,7214,constraint,INEQ-UPPER-D020-H24-PW02
20260811_121452_stage_B_2C_4168a6e9,inequality,7215,7215,constraint,INEQ-LOWER-D020-H24-PW03
20260811_121452_stage_B_2C_4168a6e9,inequality,7216,7216,constraint,INEQ-UPPER-D020-H24-PW03
20260811_121452_stage_B_2C_4168a6e9,inequality,7217,7217,constraint,INEQ-LOWER-D020-H24-PW04
20260811_121452_stage_B_2C_4168a6e9,inequality,7218,7218,constraint,INEQ-UPPER-D020-H24-PW04
20260811_121452_stage_B_2C_4168a6e9,inequality,7219,7219,constraint,INEQ-LOWER-D020-H24-PW05
20260811_121452_stage_B_2C_4168a6e9,inequality,7220,7220,constraint,INEQ-UPPER-D020-H24-PW05
20260811_121452_stage_B_2C_4168a6e9,inequality,7221,7221,constraint,INEQ-LOWER-D020-H24-PH01
20260811_121452_stage_B_2C_4168a6e9,inequality,7222,7222,constraint,INEQ-UPPER-D020-H24-PH01
20260811_121452_stage_B_2C_4168a6e9,inequality,7223,7223,constraint,INEQ-LOWER-D020-H24-PH02
20260811_121452_stage_B_2C_4168a6e9,inequality,7224,7224,constraint,INEQ-UPPER-D020-H24-PH02
20260811_121452_stage_B_2C_4168a6e9,inequality,7225,7225,constraint,INEQ-LOWER-D020-H24-PH03
20260811_121452_stage_B_2C_4168a6e9,inequality,7226,7226,constraint,INEQ-UPPER-D020-H24-PH03
20260811_121452_stage_B_2C_4168a6e9,inequality,7227,7227,constraint,INEQ-LOWER-D020-H24-PH04
20260811_121452_stage_B_2C_4168a6e9,inequality,7228,7228,constraint,INEQ-UPPER-D020-H24-PH04
20260811_121452_stage_B_2C_4168a6e9,inequality,7229,7229,constraint,INEQ-LOWER-D020-H24-PF01
20260811_121452_stage_B_2C_4168a6e9,inequality,7230,7230,constraint,INEQ-UPPER-D020-H24-PF01
20260811_121452_stage_B_2C_4168a6e9,inequality,7231,7231,constraint,INEQ-LOWER-D020-H24-PF02
20260811_121452_stage_B_2C_4168a6e9,inequality,7232,7232,constraint,INEQ-UPPER-D020-H24-PF02
20260811_121452_stage_B_2C_4168a6e9,inequality,7233,7233,constraint,INEQ-LOWER-D020-H24-PF03
20260811_121452_stage_B_2C_4168a6e9,inequality,7234,7234,constraint,INEQ-UPPER-D020-H24-PF03
20260811_121452_stage_B_2C_4168a6e9,inequality,7235,7235,constraint,INEQ-LOWER-D020-H24-PF04
20260811_121452_stage_B_2C_4168a6e9,inequality,7236,7236,constraint,INEQ-UPPER-D020-H24-PF04
20260811_121452_stage_B_2C_4168a6e9,inequality,7237,7237,constraint,INEQ-LOWER-D020-H24-Pch01
20260811_121452_stage_B_2C_4168a6e9,inequality,7238,7238,constraint,INEQ-UPPER-D020-H24-Pch01
20260811_121452_stage_B_2C_4168a6e9,inequality,7239,7239,constraint,INEQ-LOWER-D020-H24-Pch02
20260811_121452_stage_B_2C_4168a6e9,inequality,7240,7240,constraint,INEQ-UPPER-D020-H24-Pch02
20260811_121452_stage_B_2C_4168a6e9,inequality,7241,7241,constraint,INEQ-LOWER-D020-H24-Pdis01
20260811_121452_stage_B_2C_4168a6e9,inequality,7242,7242,constraint,INEQ-UPPER-D020-H24-Pdis01
20260811_121452_stage_B_2C_4168a6e9,inequality,7243,7243,constraint,INEQ-LOWER-D020-H24-Pdis02
20260811_121452_stage_B_2C_4168a6e9,inequality,7244,7244,constraint,INEQ-UPPER-D020-H24-Pdis02
20260811_121452_stage_B_2C_4168a6e9,inequality,7245,7245,constraint,INEQ-LOWER-D020-H24-SOC01
20260811_121452_stage_B_2C_4168a6e9,inequality,7246,7246,constraint,INEQ-UPPER-D020-H24-SOC01
20260811_121452_stage_B_2C_4168a6e9,inequality,7247,7247,constraint,INEQ-LOWER-D020-H24-SOC02
20260811_121452_stage_B_2C_4168a6e9,inequality,7248,7248,constraint,INEQ-UPPER-D020-H24-SOC02
20260811_121452_stage_B_2C_4168a6e9,inequality,7249,7249,constraint,INEQ-WATER-D014-HYDRO01-UPPER
20260811_121452_stage_B_2C_4168a6e9,inequality,7250,7250,constraint,INEQ-WATER-D014-HYDRO01-LOWER
20260811_121452_stage_B_2C_4168a6e9,inequality,7251,7251,constraint,INEQ-WATER-D014-HYDRO02-UPPER
20260811_121452_stage_B_2C_4168a6e9,inequality,7252,7252,constraint,INEQ-WATER-D014-HYDRO02-LOWER
20260811_121452_stage_B_2C_4168a6e9,inequality,7253,7253,constraint,INEQ-WATER-D014-HYDRO03-UPPER
20260811_121452_stage_B_2C_4168a6e9,inequality,7254,7254,constraint,INEQ-WATER-D014-HYDRO03-LOWER
20260811_121452_stage_B_2C_4168a6e9,inequality,7255,7255,constraint,INEQ-WATER-D014-HYDRO04-UPPER
20260811_121452_stage_B_2C_4168a6e9,inequality,7256,7256,constraint,INEQ-WATER-D014-HYDRO04-LOWER
20260811_121452_stage_B_2C_4168a6e9,inequality,7257,7257,constraint,INEQ-WATER-D015-HYDRO01-UPPER
20260811_121452_stage_B_2C_4168a6e9,inequality,7258,7258,constraint,INEQ-WATER-D015-HYDRO01-LOWER
20260811_121452_stage_B_2C_4168a6e9,inequality,7259,7259,constraint,INEQ-WATER-D015-HYDRO02-UPPER
20260811_121452_stage_B_2C_4168a6e9,inequality,7260,7260,constraint,INEQ-WATER-D015-HYDRO02-LOWER
20260811_121452_stage_B_2C_4168a6e9,inequality,7261,7261,constraint,INEQ-WATER-D015-HYDRO03-UPPER
20260811_121452_stage_B_2C_4168a6e9,inequality,7262,7262,constraint,INEQ-WATER-D015-HYDRO03-LOWER
20260811_121452_stage_B_2C_4168a6e9,inequality,7263,7263,constraint,INEQ-WATER-D015-HYDRO04-UPPER
20260811_121452_stage_B_2C_4168a6e9,inequality,7264,7264,constraint,INEQ-WATER-D015-HYDRO04-LOWER
20260811_121452_stage_B_2C_4168a6e9,inequality,7265,7265,constraint,INEQ-WATER-D016-HYDRO01-UPPER
20260811_121452_stage_B_2C_4168a6e9,inequality,7266,7266,constraint,INEQ-WATER-D016-HYDRO01-LOWER
20260811_121452_stage_B_2C_4168a6e9,inequality,7267,7267,constraint,INEQ-WATER-D016-HYDRO02-UPPER
20260811_121452_stage_B_2C_4168a6e9,inequality,7268,7268,constraint,INEQ-WATER-D016-HYDRO02-LOWER
20260811_121452_stage_B_2C_4168a6e9,inequality,7269,7269,constraint,INEQ-WATER-D016-HYDRO03-UPPER
20260811_121452_stage_B_2C_4168a6e9,inequality,7270,7270,constraint,INEQ-WATER-D016-HYDRO03-LOWER
20260811_121452_stage_B_2C_4168a6e9,inequality,7271,7271,constraint,INEQ-WATER-D016-HYDRO04-UPPER
20260811_121452_stage_B_2C_4168a6e9,inequality,7272,7272,constraint,INEQ-WATER-D016-HYDRO04-LOWER
20260811_121452_stage_B_2C_4168a6e9,inequality,7273,7273,constraint,INEQ-WATER-D017-HYDRO01-UPPER
20260811_121452_stage_B_2C_4168a6e9,inequality,7274,7274,constraint,INEQ-WATER-D017-HYDRO01-LOWER
20260811_121452_stage_B_2C_4168a6e9,inequality,7275,7275,constraint,INEQ-WATER-D017-HYDRO02-UPPER
20260811_121452_stage_B_2C_4168a6e9,inequality,7276,7276,constraint,INEQ-WATER-D017-HYDRO02-LOWER
20260811_121452_stage_B_2C_4168a6e9,inequality,7277,7277,constraint,INEQ-WATER-D017-HYDRO03-UPPER
20260811_121452_stage_B_2C_4168a6e9,inequality,7278,7278,constraint,INEQ-WATER-D017-HYDRO03-LOWER
20260811_121452_stage_B_2C_4168a6e9,inequality,7279,7279,constraint,INEQ-WATER-D017-HYDRO04-UPPER
20260811_121452_stage_B_2C_4168a6e9,inequality,7280,7280,constraint,INEQ-WATER-D017-HYDRO04-LOWER
20260811_121452_stage_B_2C_4168a6e9,inequality,7281,7281,constraint,INEQ-WATER-D018-HYDRO01-UPPER
20260811_121452_stage_B_2C_4168a6e9,inequality,7282,7282,constraint,INEQ-WATER-D018-HYDRO01-LOWER
20260811_121452_stage_B_2C_4168a6e9,inequality,7283,7283,constraint,INEQ-WATER-D018-HYDRO02-UPPER
20260811_121452_stage_B_2C_4168a6e9,inequality,7284,7284,constraint,INEQ-WATER-D018-HYDRO02-LOWER
20260811_121452_stage_B_2C_4168a6e9,inequality,7285,7285,constraint,INEQ-WATER-D018-HYDRO03-UPPER
20260811_121452_stage_B_2C_4168a6e9,inequality,7286,7286,constraint,INEQ-WATER-D018-HYDRO03-LOWER
20260811_121452_stage_B_2C_4168a6e9,inequality,7287,7287,constraint,INEQ-WATER-D018-HYDRO04-UPPER
20260811_121452_stage_B_2C_4168a6e9,inequality,7288,7288,constraint,INEQ-WATER-D018-HYDRO04-LOWER
20260811_121452_stage_B_2C_4168a6e9,inequality,7289,7289,constraint,INEQ-WATER-D019-HYDRO01-UPPER
20260811_121452_stage_B_2C_4168a6e9,inequality,7290,7290,constraint,INEQ-WATER-D019-HYDRO01-LOWER
20260811_121452_stage_B_2C_4168a6e9,inequality,7291,7291,constraint,INEQ-WATER-D019-HYDRO02-UPPER
20260811_121452_stage_B_2C_4168a6e9,inequality,7292,7292,constraint,INEQ-WATER-D019-HYDRO02-LOWER
20260811_121452_stage_B_2C_4168a6e9,inequality,7293,7293,constraint,INEQ-WATER-D019-HYDRO03-UPPER
20260811_121452_stage_B_2C_4168a6e9,inequality,7294,7294,constraint,INEQ-WATER-D019-HYDRO03-LOWER
20260811_121452_stage_B_2C_4168a6e9,inequality,7295,7295,constraint,INEQ-WATER-D019-HYDRO04-UPPER
20260811_121452_stage_B_2C_4168a6e9,inequality,7296,7296,constraint,INEQ-WATER-D019-HYDRO04-LOWER
20260811_121452_stage_B_2C_4168a6e9,inequality,7297,7297,constraint,INEQ-WATER-D020-HYDRO01-UPPER
20260811_121452_stage_B_2C_4168a6e9,inequality,7298,7298,constraint,INEQ-WATER-D020-HYDRO01-LOWER
20260811_121452_stage_B_2C_4168a6e9,inequality,7299,7299,constraint,INEQ-WATER-D020-HYDRO02-UPPER
20260811_121452_stage_B_2C_4168a6e9,inequality,7300,7300,constraint,INEQ-WATER-D020-HYDRO02-LOWER
20260811_121452_stage_B_2C_4168a6e9,inequality,7301,7301,constraint,INEQ-WATER-D020-HYDRO03-UPPER
20260811_121452_stage_B_2C_4168a6e9,inequality,7302,7302,constraint,INEQ-WATER-D020-HYDRO03-LOWER
20260811_121452_stage_B_2C_4168a6e9,inequality,7303,7303,constraint,INEQ-WATER-D020-HYDRO04-UPPER
20260811_121452_stage_B_2C_4168a6e9,inequality,7304,7304,constraint,INEQ-WATER-D020-HYDRO04-LOWER
