run_id,model_contract_version,day,hour,asset_type,asset_id,variable_name,unit,active_flag,fixed_reason,block_id,local_index_start,local_index_end,global_index_start,global_index_end
20260811_121452_stage_B_2C_4168a6e9,1.0,0,0,wind_capacity,1,QW1,MW,true,,GLOBAL_CAPACITY,1,1,1,1
20260811_121452_stage_B_2C_4168a6e9,1.0,0,0,wind_capacity,2,QW2,MW,true,,GLOBAL_CAPACITY,2,2,2,2
20260811_121452_stage_B_2C_4168a6e9,1.0,0,0,wind_capacity,3,QW3,MW,true,,GLOBAL_CAPACITY,3,3,3,3
20260811_121452_stage_B_2C_4168a6e9,1.0,0,0,wind_capacity,4,QW4,MW,true,,GLOBAL_CAPACITY,4,4,4,4
20260811_121452_stage_B_2C_4168a6e9,1.0,0,0,wind_capacity,5,QW5,MW,true,,GLOBAL_CAPACITY,5,5,5,5
20260811_121452_stage_B_2C_4168a6e9,1.0,0,0,solar_capacity,1,QP1,MW,true,,GLOBAL_CAPACITY,6,6,6,6
20260811_121452_stage_B_2C_4168a6e9,1.0,0,0,solar_capacity,2,QP2,MW,true,,GLOBAL_CAPACITY,7,7,7,7
20260811_121452_stage_B_2C_4168a6e9,1.0,0,0,solar_capacity,3,QP3,MW,true,,GLOBAL_CAPACITY,8,8,8,8
20260811_121452_stage_B_2C_4168a6e9,1.0,0,0,solar_capacity,4,QP4,MW,true,,GLOBAL_CAPACITY,9,9,9,9
20260811_121452_stage_B_2C_4168a6e9,1.0,0,0,solar_capacity,5,QP5,MW,true,,GLOBAL_CAPACITY,10,10,10,10
20260811_121452_stage_B_2C_4168a6e9,1.0,0,0,storage_power_capacity,1,QS1,MW,true,,GLOBAL_CAPACITY,11,11,11,11
20260811_121452_stage_B_2C_4168a6e9,1.0,0,0,storage_power_capacity,2,QS2,MW,true,,GLOBAL_CAPACITY,12,12,12,12
20260811_121452_stage_B_2C_4168a6e9,1.0,0,0,storage_energy_capacity,1,ES1,MWh,true,,GLOBAL_CAPACITY,13,13,13,13
20260811_121452_stage_B_2C_4168a6e9,1.0,0,0,storage_energy_capacity,2,ES2,MWh,true,,GLOBAL_CAPACITY,14,14,14,14
20260811_121452_stage_B_2C_4168a6e9,1.0,14,0,wind_capacity,1,QW1_d014,MW,true,,D014_CAPACITY,1,1,15,15
20260811_121452_stage_B_2C_4168a6e9,1.0,14,0,wind_capacity,2,QW2_d014,MW,true,,D014_CAPACITY,2,2,16,16
20260811_121452_stage_B_2C_4168a6e9,1.0,14,0,wind_capacity,3,QW3_d014,MW,true,,D014_CAPACITY,3,3,17,17
20260811_121452_stage_B_2C_4168a6e9,1.0,14,0,wind_capacity,4,QW4_d014,MW,true,,D014_CAPACITY,4,4,18,18
20260811_121452_stage_B_2C_4168a6e9,1.0,14,0,wind_capacity,5,QW5_d014,MW,true,,D014_CAPACITY,5,5,19,19
20260811_121452_stage_B_2C_4168a6e9,1.0,14,0,solar_capacity,1,QP1_d014,MW,true,,D014_CAPACITY,6,6,20,20
20260811_121452_stage_B_2C_4168a6e9,1.0,14,0,solar_capacity,2,QP2_d014,MW,true,,D014_CAPACITY,7,7,21,21
20260811_121452_stage_B_2C_4168a6e9,1.0,14,0,solar_capacity,3,QP3_d014,MW,true,,D014_CAPACITY,8,8,22,22
20260811_121452_stage_B_2C_4168a6e9,1.0,14,0,solar_capacity,4,QP4_d014,MW,true,,D014_CAPACITY,9,9,23,23
20260811_121452_stage_B_2C_4168a6e9,1.0,14,0,solar_capacity,5,QP5_d014,MW,true,,D014_CAPACITY,10,10,24,24
20260811_121452_stage_B_2C_4168a6e9,1.0,14,0,storage_power_capacity,1,QS1_d014,MW,true,,D014_CAPACITY,11,11,25,25
20260811_121452_stage_B_2C_4168a6e9,1.0,14,0,storage_power_capacity,2,QS2_d014,MW,true,,D014_CAPACITY,12,12,26,26
20260811_121452_stage_B_2C_4168a6e9,1.0,14,0,storage_energy_capacity,1,ES1_d014,MWh,true,,D014_CAPACITY,13,13,27,27
20260811_121452_stage_B_2C_4168a6e9,1.0,14,0,storage_energy_capacity,2,ES2_d014,MWh,true,,D014_CAPACITY,14,14,28,28
20260811_121452_stage_B_2C_4168a6e9,1.0,15,0,wind_capacity,1,QW1_d015,MW,true,,D015_CAPACITY,1,1,29,29
20260811_121452_stage_B_2C_4168a6e9,1.0,15,0,wind_capacity,2,QW2_d015,MW,true,,D015_CAPACITY,2,2,30,30
20260811_121452_stage_B_2C_4168a6e9,1.0,15,0,wind_capacity,3,QW3_d015,MW,true,,D015_CAPACITY,3,3,31,31
20260811_121452_stage_B_2C_4168a6e9,1.0,15,0,wind_capacity,4,QW4_d015,MW,true,,D015_CAPACITY,4,4,32,32
20260811_121452_stage_B_2C_4168a6e9,1.0,15,0,wind_capacity,5,QW5_d015,MW,true,,D015_CAPACITY,5,5,33,33
20260811_121452_stage_B_2C_4168a6e9,1.0,15,0,solar_capacity,1,QP1_d015,MW,true,,D015_CAPACITY,6,6,34,34
20260811_121452_stage_B_2C_4168a6e9,1.0,15,0,solar_capacity,2,QP2_d015,MW,true,,D015_CAPACITY,7,7,35,35
20260811_121452_stage_B_2C_4168a6e9,1.0,15,0,solar_capacity,3,QP3_d015,MW,true,,D015_CAPACITY,8,8,36,36
20260811_121452_stage_B_2C_4168a6e9,1.0,15,0,solar_capacity,4,QP4_d015,MW,true,,D015_CAPACITY,9,9,37,37
20260811_121452_stage_B_2C_4168a6e9,1.0,15,0,solar_capacity,5,QP5_d015,MW,true,,D015_CAPACITY,10,10,38,38
20260811_121452_stage_B_2C_4168a6e9,1.0,15,0,storage_power_capacity,1,QS1_d015,MW,true,,D015_CAPACITY,11,11,39,39
20260811_121452_stage_B_2C_4168a6e9,1.0,15,0,storage_power_capacity,2,QS2_d015,MW,true,,D015_CAPACITY,12,12,40,40
20260811_121452_stage_B_2C_4168a6e9,1.0,15,0,storage_energy_capacity,1,ES1_d015,MWh,true,,D015_CAPACITY,13,13,41,41
20260811_121452_stage_B_2C_4168a6e9,1.0,15,0,storage_energy_capacity,2,ES2_d015,MWh,true,,D015_CAPACITY,14,14,42,42
20260811_121452_stage_B_2C_4168a6e9,1.0,16,0,wind_capacity,1,QW1_d016,MW,true,,D016_CAPACITY,1,1,43,43
20260811_121452_stage_B_2C_4168a6e9,1.0,16,0,wind_capacity,2,QW2_d016,MW,true,,D016_CAPACITY,2,2,44,44
20260811_121452_stage_B_2C_4168a6e9,1.0,16,0,wind_capacity,3,QW3_d016,MW,true,,D016_CAPACITY,3,3,45,45
20260811_121452_stage_B_2C_4168a6e9,1.0,16,0,wind_capacity,4,QW4_d016,MW,true,,D016_CAPACITY,4,4,46,46
20260811_121452_stage_B_2C_4168a6e9,1.0,16,0,wind_capacity,5,QW5_d016,MW,true,,D016_CAPACITY,5,5,47,47
20260811_121452_stage_B_2C_4168a6e9,1.0,16,0,solar_capacity,1,QP1_d016,MW,true,,D016_CAPACITY,6,6,48,48
20260811_121452_stage_B_2C_4168a6e9,1.0,16,0,solar_capacity,2,QP2_d016,MW,true,,D016_CAPACITY,7,7,49,49
20260811_121452_stage_B_2C_4168a6e9,1.0,16,0,solar_capacity,3,QP3_d016,MW,true,,D016_CAPACITY,8,8,50,50
20260811_121452_stage_B_2C_4168a6e9,1.0,16,0,solar_capacity,4,QP4_d016,MW,true,,D016_CAPACITY,9,9,51,51
20260811_121452_stage_B_2C_4168a6e9,1.0,16,0,solar_capacity,5,QP5_d016,MW,true,,D016_CAPACITY,10,10,52,52
20260811_121452_stage_B_2C_4168a6e9,1.0,16,0,storage_power_capacity,1,QS1_d016,MW,true,,D016_CAPACITY,11,11,53,53
20260811_121452_stage_B_2C_4168a6e9,1.0,16,0,storage_power_capacity,2,QS2_d016,MW,true,,D016_CAPACITY,12,12,54,54
20260811_121452_stage_B_2C_4168a6e9,1.0,16,0,storage_energy_capacity,1,ES1_d016,MWh,true,,D016_CAPACITY,13,13,55,55
20260811_121452_stage_B_2C_4168a6e9,1.0,16,0,storage_energy_capacity,2,ES2_d016,MWh,true,,D016_CAPACITY,14,14,56,56
20260811_121452_stage_B_2C_4168a6e9,1.0,17,0,wind_capacity,1,QW1_d017,MW,true,,D017_CAPACITY,1,1,57,57
20260811_121452_stage_B_2C_4168a6e9,1.0,17,0,wind_capacity,2,QW2_d017,MW,true,,D017_CAPACITY,2,2,58,58
20260811_121452_stage_B_2C_4168a6e9,1.0,17,0,wind_capacity,3,QW3_d017,MW,true,,D017_CAPACITY,3,3,59,59
20260811_121452_stage_B_2C_4168a6e9,1.0,17,0,wind_capacity,4,QW4_d017,MW,true,,D017_CAPACITY,4,4,60,60
20260811_121452_stage_B_2C_4168a6e9,1.0,17,0,wind_capacity,5,QW5_d017,MW,true,,D017_CAPACITY,5,5,61,61
20260811_121452_stage_B_2C_4168a6e9,1.0,17,0,solar_capacity,1,QP1_d017,MW,true,,D017_CAPACITY,6,6,62,62
20260811_121452_stage_B_2C_4168a6e9,1.0,17,0,solar_capacity,2,QP2_d017,MW,true,,D017_CAPACITY,7,7,63,63
20260811_121452_stage_B_2C_4168a6e9,1.0,17,0,solar_capacity,3,QP3_d017,MW,true,,D017_CAPACITY,8,8,64,64
20260811_121452_stage_B_2C_4168a6e9,1.0,17,0,solar_capacity,4,QP4_d017,MW,true,,D017_CAPACITY,9,9,65,65
20260811_121452_stage_B_2C_4168a6e9,1.0,17,0,solar_capacity,5,QP5_d017,MW,true,,D017_CAPACITY,10,10,66,66
20260811_121452_stage_B_2C_4168a6e9,1.0,17,0,storage_power_capacity,1,QS1_d017,MW,true,,D017_CAPACITY,11,11,67,67
20260811_121452_stage_B_2C_4168a6e9,1.0,17,0,storage_power_capacity,2,QS2_d017,MW,true,,D017_CAPACITY,12,12,68,68
20260811_121452_stage_B_2C_4168a6e9,1.0,17,0,storage_energy_capacity,1,ES1_d017,MWh,true,,D017_CAPACITY,13,13,69,69
20260811_121452_stage_B_2C_4168a6e9,1.0,17,0,storage_energy_capacity,2,ES2_d017,MWh,true,,D017_CAPACITY,14,14,70,70
20260811_121452_stage_B_2C_4168a6e9,1.0,18,0,wind_capacity,1,QW1_d018,MW,true,,D018_CAPACITY,1,1,71,71
20260811_121452_stage_B_2C_4168a6e9,1.0,18,0,wind_capacity,2,QW2_d018,MW,true,,D018_CAPACITY,2,2,72,72
20260811_121452_stage_B_2C_4168a6e9,1.0,18,0,wind_capacity,3,QW3_d018,MW,true,,D018_CAPACITY,3,3,73,73
20260811_121452_stage_B_2C_4168a6e9,1.0,18,0,wind_capacity,4,QW4_d018,MW,true,,D018_CAPACITY,4,4,74,74
20260811_121452_stage_B_2C_4168a6e9,1.0,18,0,wind_capacity,5,QW5_d018,MW,true,,D018_CAPACITY,5,5,75,75
20260811_121452_stage_B_2C_4168a6e9,1.0,18,0,solar_capacity,1,QP1_d018,MW,true,,D018_CAPACITY,6,6,76,76
20260811_121452_stage_B_2C_4168a6e9,1.0,18,0,solar_capacity,2,QP2_d018,MW,true,,D018_CAPACITY,7,7,77,77
20260811_121452_stage_B_2C_4168a6e9,1.0,18,0,solar_capacity,3,QP3_d018,MW,true,,D018_CAPACITY,8,8,78,78
20260811_121452_stage_B_2C_4168a6e9,1.0,18,0,solar_capacity,4,QP4_d018,MW,true,,D018_CAPACITY,9,9,79,79
20260811_121452_stage_B_2C_4168a6e9,1.0,18,0,solar_capacity,5,QP5_d018,MW,true,,D018_CAPACITY,10,10,80,80
20260811_121452_stage_B_2C_4168a6e9,1.0,18,0,storage_power_capacity,1,QS1_d018,MW,true,,D018_CAPACITY,11,11,81,81
20260811_121452_stage_B_2C_4168a6e9,1.0,18,0,storage_power_capacity,2,QS2_d018,MW,true,,D018_CAPACITY,12,12,82,82
20260811_121452_stage_B_2C_4168a6e9,1.0,18,0,storage_energy_capacity,1,ES1_d018,MWh,true,,D018_CAPACITY,13,13,83,83
20260811_121452_stage_B_2C_4168a6e9,1.0,18,0,storage_energy_capacity,2,ES2_d018,MWh,true,,D018_CAPACITY,14,14,84,84
20260811_121452_stage_B_2C_4168a6e9,1.0,19,0,wind_capacity,1,QW1_d019,MW,true,,D019_CAPACITY,1,1,85,85
20260811_121452_stage_B_2C_4168a6e9,1.0,19,0,wind_capacity,2,QW2_d019,MW,true,,D019_CAPACITY,2,2,86,86
20260811_121452_stage_B_2C_4168a6e9,1.0,19,0,wind_capacity,3,QW3_d019,MW,true,,D019_CAPACITY,3,3,87,87
20260811_121452_stage_B_2C_4168a6e9,1.0,19,0,wind_capacity,4,QW4_d019,MW,true,,D019_CAPACITY,4,4,88,88
20260811_121452_stage_B_2C_4168a6e9,1.0,19,0,wind_capacity,5,QW5_d019,MW,true,,D019_CAPACITY,5,5,89,89
20260811_121452_stage_B_2C_4168a6e9,1.0,19,0,solar_capacity,1,QP1_d019,MW,true,,D019_CAPACITY,6,6,90,90
20260811_121452_stage_B_2C_4168a6e9,1.0,19,0,solar_capacity,2,QP2_d019,MW,true,,D019_CAPACITY,7,7,91,91
20260811_121452_stage_B_2C_4168a6e9,1.0,19,0,solar_capacity,3,QP3_d019,MW,true,,D019_CAPACITY,8,8,92,92
20260811_121452_stage_B_2C_4168a6e9,1.0,19,0,solar_capacity,4,QP4_d019,MW,true,,D019_CAPACITY,9,9,93,93
20260811_121452_stage_B_2C_4168a6e9,1.0,19,0,solar_capacity,5,QP5_d019,MW,true,,D019_CAPACITY,10,10,94,94
20260811_121452_stage_B_2C_4168a6e9,1.0,19,0,storage_power_capacity,1,QS1_d019,MW,true,,D019_CAPACITY,11,11,95,95
20260811_121452_stage_B_2C_4168a6e9,1.0,19,0,storage_power_capacity,2,QS2_d019,MW,true,,D019_CAPACITY,12,12,96,96
20260811_121452_stage_B_2C_4168a6e9,1.0,19,0,storage_energy_capacity,1,ES1_d019,MWh,true,,D019_CAPACITY,13,13,97,97
20260811_121452_stage_B_2C_4168a6e9,1.0,19,0,storage_energy_capacity,2,ES2_d019,MWh,true,,D019_CAPACITY,14,14,98,98
20260811_121452_stage_B_2C_4168a6e9,1.0,20,0,wind_capacity,1,QW1_d020,MW,true,,D020_CAPACITY,1,1,99,99
20260811_121452_stage_B_2C_4168a6e9,1.0,20,0,wind_capacity,2,QW2_d020,MW,true,,D020_CAPACITY,2,2,100,100
20260811_121452_stage_B_2C_4168a6e9,1.0,20,0,wind_capacity,3,QW3_d020,MW,true,,D020_CAPACITY,3,3,101,101
20260811_121452_stage_B_2C_4168a6e9,1.0,20,0,wind_capacity,4,QW4_d020,MW,true,,D020_CAPACITY,4,4,102,102
20260811_121452_stage_B_2C_4168a6e9,1.0,20,0,wind_capacity,5,QW5_d020,MW,true,,D020_CAPACITY,5,5,103,103
20260811_121452_stage_B_2C_4168a6e9,1.0,20,0,solar_capacity,1,QP1_d020,MW,true,,D020_CAPACITY,6,6,104,104
20260811_121452_stage_B_2C_4168a6e9,1.0,20,0,solar_capacity,2,QP2_d020,MW,true,,D020_CAPACITY,7,7,105,105
20260811_121452_stage_B_2C_4168a6e9,1.0,20,0,solar_capacity,3,QP3_d020,MW,true,,D020_CAPACITY,8,8,106,106
20260811_121452_stage_B_2C_4168a6e9,1.0,20,0,solar_capacity,4,QP4_d020,MW,true,,D020_CAPACITY,9,9,107,107
20260811_121452_stage_B_2C_4168a6e9,1.0,20,0,solar_capacity,5,QP5_d020,MW,true,,D020_CAPACITY,10,10,108,108
20260811_121452_stage_B_2C_4168a6e9,1.0,20,0,storage_power_capacity,1,QS1_d020,MW,true,,D020_CAPACITY,11,11,109,109
20260811_121452_stage_B_2C_4168a6e9,1.0,20,0,storage_power_capacity,2,QS2_d020,MW,true,,D020_CAPACITY,12,12,110,110
20260811_121452_stage_B_2C_4168a6e9,1.0,20,0,storage_energy_capacity,1,ES1_d020,MWh,true,,D020_CAPACITY,13,13,111,111
20260811_121452_stage_B_2C_4168a6e9,1.0,20,0,storage_energy_capacity,2,ES2_d020,MWh,true,,D020_CAPACITY,14,14,112,112
20260811_121452_stage_B_2C_4168a6e9,1.0,14,1,wind,1,PW,MW,true,,D014_H01,1,1,113,113
20260811_121452_stage_B_2C_4168a6e9,1.0,14,1,wind,2,PW,MW,true,,D014_H01,2,2,114,114
20260811_121452_stage_B_2C_4168a6e9,1.0,14,1,wind,3,PW,MW,true,,D014_H01,3,3,115,115
20260811_121452_stage_B_2C_4168a6e9,1.0,14,1,wind,4,PW,MW,true,,D014_H01,4,4,116,116
20260811_121452_stage_B_2C_4168a6e9,1.0,14,1,wind,5,PW,MW,true,,D014_H01,5,5,117,117
20260811_121452_stage_B_2C_4168a6e9,1.0,14,1,hydro,1,PH,MW,true,,D014_H01,6,6,118,118
20260811_121452_stage_B_2C_4168a6e9,1.0,14,1,hydro,2,PH,MW,true,,D014_H01,7,7,119,119
20260811_121452_stage_B_2C_4168a6e9,1.0,14,1,hydro,3,PH,MW,true,,D014_H01,8,8,120,120
20260811_121452_stage_B_2C_4168a6e9,1.0,14,1,hydro,4,PH,MW,true,,D014_H01,9,9,121,121
20260811_121452_stage_B_2C_4168a6e9,1.0,14,1,thermal,1,PF,MW,true,,D014_H01,10,10,122,122
20260811_121452_stage_B_2C_4168a6e9,1.0,14,1,thermal,2,PF,MW,true,,D014_H01,11,11,123,123
20260811_121452_stage_B_2C_4168a6e9,1.0,14,1,thermal,3,PF,MW,true,,D014_H01,12,12,124,124
20260811_121452_stage_B_2C_4168a6e9,1.0,14,1,thermal,4,PF,MW,true,,D014_H01,13,13,125,125
20260811_121452_stage_B_2C_4168a6e9,1.0,14,1,storage,1,Pch,MW,true,,D014_H01,14,14,126,126
20260811_121452_stage_B_2C_4168a6e9,1.0,14,1,storage,2,Pch,MW,true,,D014_H01,15,15,127,127
20260811_121452_stage_B_2C_4168a6e9,1.0,14,1,storage,1,Pdis,MW,true,,D014_H01,16,16,128,128
20260811_121452_stage_B_2C_4168a6e9,1.0,14,1,storage,2,Pdis,MW,true,,D014_H01,17,17,129,129
20260811_121452_stage_B_2C_4168a6e9,1.0,14,1,storage,1,SOC,MWh,true,,D014_H01,18,18,130,130
20260811_121452_stage_B_2C_4168a6e9,1.0,14,1,storage,2,SOC,MWh,true,,D014_H01,19,19,131,131
20260811_121452_stage_B_2C_4168a6e9,1.0,14,2,wind,1,PW,MW,true,,D014_H02,1,1,132,132
20260811_121452_stage_B_2C_4168a6e9,1.0,14,2,wind,2,PW,MW,true,,D014_H02,2,2,133,133
20260811_121452_stage_B_2C_4168a6e9,1.0,14,2,wind,3,PW,MW,true,,D014_H02,3,3,134,134
20260811_121452_stage_B_2C_4168a6e9,1.0,14,2,wind,4,PW,MW,true,,D014_H02,4,4,135,135
20260811_121452_stage_B_2C_4168a6e9,1.0,14,2,wind,5,PW,MW,true,,D014_H02,5,5,136,136
20260811_121452_stage_B_2C_4168a6e9,1.0,14,2,hydro,1,PH,MW,true,,D014_H02,6,6,137,137
20260811_121452_stage_B_2C_4168a6e9,1.0,14,2,hydro,2,PH,MW,true,,D014_H02,7,7,138,138
20260811_121452_stage_B_2C_4168a6e9,1.0,14,2,hydro,3,PH,MW,true,,D014_H02,8,8,139,139
20260811_121452_stage_B_2C_4168a6e9,1.0,14,2,hydro,4,PH,MW,true,,D014_H02,9,9,140,140
20260811_121452_stage_B_2C_4168a6e9,1.0,14,2,thermal,1,PF,MW,true,,D014_H02,10,10,141,141
20260811_121452_stage_B_2C_4168a6e9,1.0,14,2,thermal,2,PF,MW,true,,D014_H02,11,11,142,142
20260811_121452_stage_B_2C_4168a6e9,1.0,14,2,thermal,3,PF,MW,true,,D014_H02,12,12,143,143
20260811_121452_stage_B_2C_4168a6e9,1.0,14,2,thermal,4,PF,MW,true,,D014_H02,13,13,144,144
20260811_121452_stage_B_2C_4168a6e9,1.0,14,2,storage,1,Pch,MW,true,,D014_H02,14,14,145,145
20260811_121452_stage_B_2C_4168a6e9,1.0,14,2,storage,2,Pch,MW,true,,D014_H02,15,15,146,146
20260811_121452_stage_B_2C_4168a6e9,1.0,14,2,storage,1,Pdis,MW,true,,D014_H02,16,16,147,147
20260811_121452_stage_B_2C_4168a6e9,1.0,14,2,storage,2,Pdis,MW,true,,D014_H02,17,17,148,148
20260811_121452_stage_B_2C_4168a6e9,1.0,14,2,storage,1,SOC,MWh,true,,D014_H02,18,18,149,149
20260811_121452_stage_B_2C_4168a6e9,1.0,14,2,storage,2,SOC,MWh,true,,D014_H02,19,19,150,150
20260811_121452_stage_B_2C_4168a6e9,1.0,14,3,wind,1,PW,MW,true,,D014_H03,1,1,151,151
20260811_121452_stage_B_2C_4168a6e9,1.0,14,3,wind,2,PW,MW,true,,D014_H03,2,2,152,152
20260811_121452_stage_B_2C_4168a6e9,1.0,14,3,wind,3,PW,MW,true,,D014_H03,3,3,153,153
20260811_121452_stage_B_2C_4168a6e9,1.0,14,3,wind,4,PW,MW,true,,D014_H03,4,4,154,154
20260811_121452_stage_B_2C_4168a6e9,1.0,14,3,wind,5,PW,MW,true,,D014_H03,5,5,155,155
20260811_121452_stage_B_2C_4168a6e9,1.0,14,3,hydro,1,PH,MW,true,,D014_H03,6,6,156,156
20260811_121452_stage_B_2C_4168a6e9,1.0,14,3,hydro,2,PH,MW,true,,D014_H03,7,7,157,157
20260811_121452_stage_B_2C_4168a6e9,1.0,14,3,hydro,3,PH,MW,true,,D014_H03,8,8,158,158
20260811_121452_stage_B_2C_4168a6e9,1.0,14,3,hydro,4,PH,MW,true,,D014_H03,9,9,159,159
20260811_121452_stage_B_2C_4168a6e9,1.0,14,3,thermal,1,PF,MW,true,,D014_H03,10,10,160,160
20260811_121452_stage_B_2C_4168a6e9,1.0,14,3,thermal,2,PF,MW,true,,D014_H03,11,11,161,161
20260811_121452_stage_B_2C_4168a6e9,1.0,14,3,thermal,3,PF,MW,true,,D014_H03,12,12,162,162
20260811_121452_stage_B_2C_4168a6e9,1.0,14,3,thermal,4,PF,MW,true,,D014_H03,13,13,163,163
20260811_121452_stage_B_2C_4168a6e9,1.0,14,3,storage,1,Pch,MW,true,,D014_H03,14,14,164,164
20260811_121452_stage_B_2C_4168a6e9,1.0,14,3,storage,2,Pch,MW,true,,D014_H03,15,15,165,165
20260811_121452_stage_B_2C_4168a6e9,1.0,14,3,storage,1,Pdis,MW,true,,D014_H03,16,16,166,166
20260811_121452_stage_B_2C_4168a6e9,1.0,14,3,storage,2,Pdis,MW,true,,D014_H03,17,17,167,167
20260811_121452_stage_B_2C_4168a6e9,1.0,14,3,storage,1,SOC,MWh,true,,D014_H03,18,18,168,168
20260811_121452_stage_B_2C_4168a6e9,1.0,14,3,storage,2,SOC,MWh,true,,D014_H03,19,19,169,169
20260811_121452_stage_B_2C_4168a6e9,1.0,14,4,wind,1,PW,MW,true,,D014_H04,1,1,170,170
20260811_121452_stage_B_2C_4168a6e9,1.0,14,4,wind,2,PW,MW,true,,D014_H04,2,2,171,171
20260811_121452_stage_B_2C_4168a6e9,1.0,14,4,wind,3,PW,MW,true,,D014_H04,3,3,172,172
20260811_121452_stage_B_2C_4168a6e9,1.0,14,4,wind,4,PW,MW,true,,D014_H04,4,4,173,173
20260811_121452_stage_B_2C_4168a6e9,1.0,14,4,wind,5,PW,MW,true,,D014_H04,5,5,174,174
20260811_121452_stage_B_2C_4168a6e9,1.0,14,4,hydro,1,PH,MW,true,,D014_H04,6,6,175,175
20260811_121452_stage_B_2C_4168a6e9,1.0,14,4,hydro,2,PH,MW,true,,D014_H04,7,7,176,176
20260811_121452_stage_B_2C_4168a6e9,1.0,14,4,hydro,3,PH,MW,true,,D014_H04,8,8,177,177
20260811_121452_stage_B_2C_4168a6e9,1.0,14,4,hydro,4,PH,MW,true,,D014_H04,9,9,178,178
20260811_121452_stage_B_2C_4168a6e9,1.0,14,4,thermal,1,PF,MW,true,,D014_H04,10,10,179,179
20260811_121452_stage_B_2C_4168a6e9,1.0,14,4,thermal,2,PF,MW,true,,D014_H04,11,11,180,180
20260811_121452_stage_B_2C_4168a6e9,1.0,14,4,thermal,3,PF,MW,true,,D014_H04,12,12,181,181
20260811_121452_stage_B_2C_4168a6e9,1.0,14,4,thermal,4,PF,MW,true,,D014_H04,13,13,182,182
20260811_121452_stage_B_2C_4168a6e9,1.0,14,4,storage,1,Pch,MW,true,,D014_H04,14,14,183,183
20260811_121452_stage_B_2C_4168a6e9,1.0,14,4,storage,2,Pch,MW,true,,D014_H04,15,15,184,184
20260811_121452_stage_B_2C_4168a6e9,1.0,14,4,storage,1,Pdis,MW,true,,D014_H04,16,16,185,185
20260811_121452_stage_B_2C_4168a6e9,1.0,14,4,storage,2,Pdis,MW,true,,D014_H04,17,17,186,186
20260811_121452_stage_B_2C_4168a6e9,1.0,14,4,storage,1,SOC,MWh,true,,D014_H04,18,18,187,187
20260811_121452_stage_B_2C_4168a6e9,1.0,14,4,storage,2,SOC,MWh,true,,D014_H04,19,19,188,188
20260811_121452_stage_B_2C_4168a6e9,1.0,14,5,wind,1,PW,MW,true,,D014_H05,1,1,189,189
20260811_121452_stage_B_2C_4168a6e9,1.0,14,5,wind,2,PW,MW,true,,D014_H05,2,2,190,190
20260811_121452_stage_B_2C_4168a6e9,1.0,14,5,wind,3,PW,MW,true,,D014_H05,3,3,191,191
20260811_121452_stage_B_2C_4168a6e9,1.0,14,5,wind,4,PW,MW,true,,D014_H05,4,4,192,192
20260811_121452_stage_B_2C_4168a6e9,1.0,14,5,wind,5,PW,MW,true,,D014_H05,5,5,193,193
20260811_121452_stage_B_2C_4168a6e9,1.0,14,5,hydro,1,PH,MW,true,,D014_H05,6,6,194,194
20260811_121452_stage_B_2C_4168a6e9,1.0,14,5,hydro,2,PH,MW,true,,D014_H05,7,7,195,195
20260811_121452_stage_B_2C_4168a6e9,1.0,14,5,hydro,3,PH,MW,true,,D014_H05,8,8,196,196
20260811_121452_stage_B_2C_4168a6e9,1.0,14,5,hydro,4,PH,MW,true,,D014_H05,9,9,197,197
20260811_121452_stage_B_2C_4168a6e9,1.0,14,5,thermal,1,PF,MW,true,,D014_H05,10,10,198,198
20260811_121452_stage_B_2C_4168a6e9,1.0,14,5,thermal,2,PF,MW,true,,D014_H05,11,11,199,199
20260811_121452_stage_B_2C_4168a6e9,1.0,14,5,thermal,3,PF,MW,true,,D014_H05,12,12,200,200
20260811_121452_stage_B_2C_4168a6e9,1.0,14,5,thermal,4,PF,MW,true,,D014_H05,13,13,201,201
20260811_121452_stage_B_2C_4168a6e9,1.0,14,5,storage,1,Pch,MW,true,,D014_H05,14,14,202,202
20260811_121452_stage_B_2C_4168a6e9,1.0,14,5,storage,2,Pch,MW,true,,D014_H05,15,15,203,203
20260811_121452_stage_B_2C_4168a6e9,1.0,14,5,storage,1,Pdis,MW,true,,D014_H05,16,16,204,204
20260811_121452_stage_B_2C_4168a6e9,1.0,14,5,storage,2,Pdis,MW,true,,D014_H05,17,17,205,205
20260811_121452_stage_B_2C_4168a6e9,1.0,14,5,storage,1,SOC,MWh,true,,D014_H05,18,18,206,206
20260811_121452_stage_B_2C_4168a6e9,1.0,14,5,storage,2,SOC,MWh,true,,D014_H05,19,19,207,207
20260811_121452_stage_B_2C_4168a6e9,1.0,14,6,wind,1,PW,MW,true,,D014_H06,1,1,208,208
20260811_121452_stage_B_2C_4168a6e9,1.0,14,6,wind,2,PW,MW,true,,D014_H06,2,2,209,209
20260811_121452_stage_B_2C_4168a6e9,1.0,14,6,wind,3,PW,MW,true,,D014_H06,3,3,210,210
20260811_121452_stage_B_2C_4168a6e9,1.0,14,6,wind,4,PW,MW,true,,D014_H06,4,4,211,211
20260811_121452_stage_B_2C_4168a6e9,1.0,14,6,wind,5,PW,MW,true,,D014_H06,5,5,212,212
20260811_121452_stage_B_2C_4168a6e9,1.0,14,6,hydro,1,PH,MW,true,,D014_H06,6,6,213,213
20260811_121452_stage_B_2C_4168a6e9,1.0,14,6,hydro,2,PH,MW,true,,D014_H06,7,7,214,214
20260811_121452_stage_B_2C_4168a6e9,1.0,14,6,hydro,3,PH,MW,true,,D014_H06,8,8,215,215
20260811_121452_stage_B_2C_4168a6e9,1.0,14,6,hydro,4,PH,MW,true,,D014_H06,9,9,216,216
20260811_121452_stage_B_2C_4168a6e9,1.0,14,6,thermal,1,PF,MW,true,,D014_H06,10,10,217,217
20260811_121452_stage_B_2C_4168a6e9,1.0,14,6,thermal,2,PF,MW,true,,D014_H06,11,11,218,218
20260811_121452_stage_B_2C_4168a6e9,1.0,14,6,thermal,3,PF,MW,true,,D014_H06,12,12,219,219
20260811_121452_stage_B_2C_4168a6e9,1.0,14,6,thermal,4,PF,MW,true,,D014_H06,13,13,220,220
20260811_121452_stage_B_2C_4168a6e9,1.0,14,6,storage,1,Pch,MW,true,,D014_H06,14,14,221,221
20260811_121452_stage_B_2C_4168a6e9,1.0,14,6,storage,2,Pch,MW,true,,D014_H06,15,15,222,222
20260811_121452_stage_B_2C_4168a6e9,1.0,14,6,storage,1,Pdis,MW,true,,D014_H06,16,16,223,223
20260811_121452_stage_B_2C_4168a6e9,1.0,14,6,storage,2,Pdis,MW,true,,D014_H06,17,17,224,224
20260811_121452_stage_B_2C_4168a6e9,1.0,14,6,storage,1,SOC,MWh,true,,D014_H06,18,18,225,225
20260811_121452_stage_B_2C_4168a6e9,1.0,14,6,storage,2,SOC,MWh,true,,D014_H06,19,19,226,226
20260811_121452_stage_B_2C_4168a6e9,1.0,14,7,wind,1,PW,MW,true,,D014_H07,1,1,227,227
20260811_121452_stage_B_2C_4168a6e9,1.0,14,7,wind,2,PW,MW,true,,D014_H07,2,2,228,228
20260811_121452_stage_B_2C_4168a6e9,1.0,14,7,wind,3,PW,MW,true,,D014_H07,3,3,229,229
20260811_121452_stage_B_2C_4168a6e9,1.0,14,7,wind,4,PW,MW,true,,D014_H07,4,4,230,230
20260811_121452_stage_B_2C_4168a6e9,1.0,14,7,wind,5,PW,MW,true,,D014_H07,5,5,231,231
20260811_121452_stage_B_2C_4168a6e9,1.0,14,7,hydro,1,PH,MW,true,,D014_H07,6,6,232,232
20260811_121452_stage_B_2C_4168a6e9,1.0,14,7,hydro,2,PH,MW,true,,D014_H07,7,7,233,233
20260811_121452_stage_B_2C_4168a6e9,1.0,14,7,hydro,3,PH,MW,true,,D014_H07,8,8,234,234
20260811_121452_stage_B_2C_4168a6e9,1.0,14,7,hydro,4,PH,MW,true,,D014_H07,9,9,235,235
20260811_121452_stage_B_2C_4168a6e9,1.0,14,7,thermal,1,PF,MW,true,,D014_H07,10,10,236,236
20260811_121452_stage_B_2C_4168a6e9,1.0,14,7,thermal,2,PF,MW,true,,D014_H07,11,11,237,237
20260811_121452_stage_B_2C_4168a6e9,1.0,14,7,thermal,3,PF,MW,true,,D014_H07,12,12,238,238
20260811_121452_stage_B_2C_4168a6e9,1.0,14,7,thermal,4,PF,MW,true,,D014_H07,13,13,239,239
20260811_121452_stage_B_2C_4168a6e9,1.0,14,7,storage,1,Pch,MW,true,,D014_H07,14,14,240,240
20260811_121452_stage_B_2C_4168a6e9,1.0,14,7,storage,2,Pch,MW,true,,D014_H07,15,15,241,241
20260811_121452_stage_B_2C_4168a6e9,1.0,14,7,storage,1,Pdis,MW,true,,D014_H07,16,16,242,242
20260811_121452_stage_B_2C_4168a6e9,1.0,14,7,storage,2,Pdis,MW,true,,D014_H07,17,17,243,243
20260811_121452_stage_B_2C_4168a6e9,1.0,14,7,storage,1,SOC,MWh,true,,D014_H07,18,18,244,244
20260811_121452_stage_B_2C_4168a6e9,1.0,14,7,storage,2,SOC,MWh,true,,D014_H07,19,19,245,245
20260811_121452_stage_B_2C_4168a6e9,1.0,14,8,wind,1,PW,MW,true,,D014_H08,1,1,246,246
20260811_121452_stage_B_2C_4168a6e9,1.0,14,8,wind,2,PW,MW,true,,D014_H08,2,2,247,247
20260811_121452_stage_B_2C_4168a6e9,1.0,14,8,wind,3,PW,MW,true,,D014_H08,3,3,248,248
20260811_121452_stage_B_2C_4168a6e9,1.0,14,8,wind,4,PW,MW,true,,D014_H08,4,4,249,249
20260811_121452_stage_B_2C_4168a6e9,1.0,14,8,wind,5,PW,MW,true,,D014_H08,5,5,250,250
20260811_121452_stage_B_2C_4168a6e9,1.0,14,8,solar,1,PP,MW,true,,D014_H08,6,6,251,251
20260811_121452_stage_B_2C_4168a6e9,1.0,14,8,solar,2,PP,MW,true,,D014_H08,7,7,252,252
20260811_121452_stage_B_2C_4168a6e9,1.0,14,8,solar,3,PP,MW,true,,D014_H08,8,8,253,253
20260811_121452_stage_B_2C_4168a6e9,1.0,14,8,solar,4,PP,MW,true,,D014_H08,9,9,254,254
20260811_121452_stage_B_2C_4168a6e9,1.0,14,8,solar,5,PP,MW,true,,D014_H08,10,10,255,255
20260811_121452_stage_B_2C_4168a6e9,1.0,14,8,hydro,1,PH,MW,true,,D014_H08,11,11,256,256
20260811_121452_stage_B_2C_4168a6e9,1.0,14,8,hydro,2,PH,MW,true,,D014_H08,12,12,257,257
20260811_121452_stage_B_2C_4168a6e9,1.0,14,8,hydro,3,PH,MW,true,,D014_H08,13,13,258,258
20260811_121452_stage_B_2C_4168a6e9,1.0,14,8,hydro,4,PH,MW,true,,D014_H08,14,14,259,259
20260811_121452_stage_B_2C_4168a6e9,1.0,14,8,thermal,1,PF,MW,true,,D014_H08,15,15,260,260
20260811_121452_stage_B_2C_4168a6e9,1.0,14,8,thermal,2,PF,MW,true,,D014_H08,16,16,261,261
20260811_121452_stage_B_2C_4168a6e9,1.0,14,8,thermal,3,PF,MW,true,,D014_H08,17,17,262,262
20260811_121452_stage_B_2C_4168a6e9,1.0,14,8,thermal,4,PF,MW,true,,D014_H08,18,18,263,263
20260811_121452_stage_B_2C_4168a6e9,1.0,14,8,storage,1,Pch,MW,true,,D014_H08,19,19,264,264
20260811_121452_stage_B_2C_4168a6e9,1.0,14,8,storage,2,Pch,MW,true,,D014_H08,20,20,265,265
20260811_121452_stage_B_2C_4168a6e9,1.0,14,8,storage,1,Pdis,MW,true,,D014_H08,21,21,266,266
20260811_121452_stage_B_2C_4168a6e9,1.0,14,8,storage,2,Pdis,MW,true,,D014_H08,22,22,267,267
20260811_121452_stage_B_2C_4168a6e9,1.0,14,8,storage,1,SOC,MWh,true,,D014_H08,23,23,268,268
20260811_121452_stage_B_2C_4168a6e9,1.0,14,8,storage,2,SOC,MWh,true,,D014_H08,24,24,269,269
20260811_121452_stage_B_2C_4168a6e9,1.0,14,9,wind,1,PW,MW,true,,D014_H09,1,1,270,270
20260811_121452_stage_B_2C_4168a6e9,1.0,14,9,wind,2,PW,MW,true,,D014_H09,2,2,271,271
20260811_121452_stage_B_2C_4168a6e9,1.0,14,9,wind,3,PW,MW,true,,D014_H09,3,3,272,272
20260811_121452_stage_B_2C_4168a6e9,1.0,14,9,wind,4,PW,MW,true,,D014_H09,4,4,273,273
20260811_121452_stage_B_2C_4168a6e9,1.0,14,9,wind,5,PW,MW,true,,D014_H09,5,5,274,274
20260811_121452_stage_B_2C_4168a6e9,1.0,14,9,solar,1,PP,MW,true,,D014_H09,6,6,275,275
20260811_121452_stage_B_2C_4168a6e9,1.0,14,9,solar,2,PP,MW,true,,D014_H09,7,7,276,276
20260811_121452_stage_B_2C_4168a6e9,1.0,14,9,solar,3,PP,MW,true,,D014_H09,8,8,277,277
20260811_121452_stage_B_2C_4168a6e9,1.0,14,9,solar,4,PP,MW,true,,D014_H09,9,9,278,278
20260811_121452_stage_B_2C_4168a6e9,1.0,14,9,solar,5,PP,MW,true,,D014_H09,10,10,279,279
20260811_121452_stage_B_2C_4168a6e9,1.0,14,9,hydro,1,PH,MW,true,,D014_H09,11,11,280,280
20260811_121452_stage_B_2C_4168a6e9,1.0,14,9,hydro,2,PH,MW,true,,D014_H09,12,12,281,281
20260811_121452_stage_B_2C_4168a6e9,1.0,14,9,hydro,3,PH,MW,true,,D014_H09,13,13,282,282
20260811_121452_stage_B_2C_4168a6e9,1.0,14,9,hydro,4,PH,MW,true,,D014_H09,14,14,283,283
20260811_121452_stage_B_2C_4168a6e9,1.0,14,9,thermal,1,PF,MW,true,,D014_H09,15,15,284,284
20260811_121452_stage_B_2C_4168a6e9,1.0,14,9,thermal,2,PF,MW,true,,D014_H09,16,16,285,285
20260811_121452_stage_B_2C_4168a6e9,1.0,14,9,thermal,3,PF,MW,true,,D014_H09,17,17,286,286
20260811_121452_stage_B_2C_4168a6e9,1.0,14,9,thermal,4,PF,MW,true,,D014_H09,18,18,287,287
20260811_121452_stage_B_2C_4168a6e9,1.0,14,9,storage,1,Pch,MW,true,,D014_H09,19,19,288,288
20260811_121452_stage_B_2C_4168a6e9,1.0,14,9,storage,2,Pch,MW,true,,D014_H09,20,20,289,289
20260811_121452_stage_B_2C_4168a6e9,1.0,14,9,storage,1,Pdis,MW,true,,D014_H09,21,21,290,290
20260811_121452_stage_B_2C_4168a6e9,1.0,14,9,storage,2,Pdis,MW,true,,D014_H09,22,22,291,291
20260811_121452_stage_B_2C_4168a6e9,1.0,14,9,storage,1,SOC,MWh,true,,D014_H09,23,23,292,292
20260811_121452_stage_B_2C_4168a6e9,1.0,14,9,storage,2,SOC,MWh,true,,D014_H09,24,24,293,293
20260811_121452_stage_B_2C_4168a6e9,1.0,14,10,wind,1,PW,MW,true,,D014_H10,1,1,294,294
20260811_121452_stage_B_2C_4168a6e9,1.0,14,10,wind,2,PW,MW,true,,D014_H10,2,2,295,295
20260811_121452_stage_B_2C_4168a6e9,1.0,14,10,wind,3,PW,MW,true,,D014_H10,3,3,296,296
20260811_121452_stage_B_2C_4168a6e9,1.0,14,10,wind,4,PW,MW,true,,D014_H10,4,4,297,297
20260811_121452_stage_B_2C_4168a6e9,1.0,14,10,wind,5,PW,MW,true,,D014_H10,5,5,298,298
20260811_121452_stage_B_2C_4168a6e9,1.0,14,10,solar,1,PP,MW,true,,D014_H10,6,6,299,299
20260811_121452_stage_B_2C_4168a6e9,1.0,14,10,solar,2,PP,MW,true,,D014_H10,7,7,300,300
20260811_121452_stage_B_2C_4168a6e9,1.0,14,10,solar,3,PP,MW,true,,D014_H10,8,8,301,301
20260811_121452_stage_B_2C_4168a6e9,1.0,14,10,solar,4,PP,MW,true,,D014_H10,9,9,302,302
20260811_121452_stage_B_2C_4168a6e9,1.0,14,10,solar,5,PP,MW,true,,D014_H10,10,10,303,303
20260811_121452_stage_B_2C_4168a6e9,1.0,14,10,hydro,1,PH,MW,true,,D014_H10,11,11,304,304
20260811_121452_stage_B_2C_4168a6e9,1.0,14,10,hydro,2,PH,MW,true,,D014_H10,12,12,305,305
20260811_121452_stage_B_2C_4168a6e9,1.0,14,10,hydro,3,PH,MW,true,,D014_H10,13,13,306,306
20260811_121452_stage_B_2C_4168a6e9,1.0,14,10,hydro,4,PH,MW,true,,D014_H10,14,14,307,307
20260811_121452_stage_B_2C_4168a6e9,1.0,14,10,thermal,1,PF,MW,true,,D014_H10,15,15,308,308
20260811_121452_stage_B_2C_4168a6e9,1.0,14,10,thermal,2,PF,MW,true,,D014_H10,16,16,309,309
20260811_121452_stage_B_2C_4168a6e9,1.0,14,10,thermal,3,PF,MW,true,,D014_H10,17,17,310,310
20260811_121452_stage_B_2C_4168a6e9,1.0,14,10,thermal,4,PF,MW,true,,D014_H10,18,18,311,311
20260811_121452_stage_B_2C_4168a6e9,1.0,14,10,storage,1,Pch,MW,true,,D014_H10,19,19,312,312
20260811_121452_stage_B_2C_4168a6e9,1.0,14,10,storage,2,Pch,MW,true,,D014_H10,20,20,313,313
20260811_121452_stage_B_2C_4168a6e9,1.0,14,10,storage,1,Pdis,MW,true,,D014_H10,21,21,314,314
20260811_121452_stage_B_2C_4168a6e9,1.0,14,10,storage,2,Pdis,MW,true,,D014_H10,22,22,315,315
20260811_121452_stage_B_2C_4168a6e9,1.0,14,10,storage,1,SOC,MWh,true,,D014_H10,23,23,316,316
20260811_121452_stage_B_2C_4168a6e9,1.0,14,10,storage,2,SOC,MWh,true,,D014_H10,24,24,317,317
20260811_121452_stage_B_2C_4168a6e9,1.0,14,11,wind,1,PW,MW,true,,D014_H11,1,1,318,318
20260811_121452_stage_B_2C_4168a6e9,1.0,14,11,wind,2,PW,MW,true,,D014_H11,2,2,319,319
20260811_121452_stage_B_2C_4168a6e9,1.0,14,11,wind,3,PW,MW,true,,D014_H11,3,3,320,320
20260811_121452_stage_B_2C_4168a6e9,1.0,14,11,wind,4,PW,MW,true,,D014_H11,4,4,321,321
20260811_121452_stage_B_2C_4168a6e9,1.0,14,11,wind,5,PW,MW,true,,D014_H11,5,5,322,322
20260811_121452_stage_B_2C_4168a6e9,1.0,14,11,solar,1,PP,MW,true,,D014_H11,6,6,323,323
20260811_121452_stage_B_2C_4168a6e9,1.0,14,11,solar,2,PP,MW,true,,D014_H11,7,7,324,324
20260811_121452_stage_B_2C_4168a6e9,1.0,14,11,solar,3,PP,MW,true,,D014_H11,8,8,325,325
20260811_121452_stage_B_2C_4168a6e9,1.0,14,11,solar,4,PP,MW,true,,D014_H11,9,9,326,326
20260811_121452_stage_B_2C_4168a6e9,1.0,14,11,solar,5,PP,MW,true,,D014_H11,10,10,327,327
20260811_121452_stage_B_2C_4168a6e9,1.0,14,11,hydro,1,PH,MW,true,,D014_H11,11,11,328,328
20260811_121452_stage_B_2C_4168a6e9,1.0,14,11,hydro,2,PH,MW,true,,D014_H11,12,12,329,329
20260811_121452_stage_B_2C_4168a6e9,1.0,14,11,hydro,3,PH,MW,true,,D014_H11,13,13,330,330
20260811_121452_stage_B_2C_4168a6e9,1.0,14,11,hydro,4,PH,MW,true,,D014_H11,14,14,331,331
20260811_121452_stage_B_2C_4168a6e9,1.0,14,11,thermal,1,PF,MW,true,,D014_H11,15,15,332,332
20260811_121452_stage_B_2C_4168a6e9,1.0,14,11,thermal,2,PF,MW,true,,D014_H11,16,16,333,333
20260811_121452_stage_B_2C_4168a6e9,1.0,14,11,thermal,3,PF,MW,true,,D014_H11,17,17,334,334
20260811_121452_stage_B_2C_4168a6e9,1.0,14,11,thermal,4,PF,MW,true,,D014_H11,18,18,335,335
20260811_121452_stage_B_2C_4168a6e9,1.0,14,11,storage,1,Pch,MW,true,,D014_H11,19,19,336,336
20260811_121452_stage_B_2C_4168a6e9,1.0,14,11,storage,2,Pch,MW,true,,D014_H11,20,20,337,337
20260811_121452_stage_B_2C_4168a6e9,1.0,14,11,storage,1,Pdis,MW,true,,D014_H11,21,21,338,338
20260811_121452_stage_B_2C_4168a6e9,1.0,14,11,storage,2,Pdis,MW,true,,D014_H11,22,22,339,339
20260811_121452_stage_B_2C_4168a6e9,1.0,14,11,storage,1,SOC,MWh,true,,D014_H11,23,23,340,340
20260811_121452_stage_B_2C_4168a6e9,1.0,14,11,storage,2,SOC,MWh,true,,D014_H11,24,24,341,341
20260811_121452_stage_B_2C_4168a6e9,1.0,14,12,wind,1,PW,MW,true,,D014_H12,1,1,342,342
20260811_121452_stage_B_2C_4168a6e9,1.0,14,12,wind,2,PW,MW,true,,D014_H12,2,2,343,343
20260811_121452_stage_B_2C_4168a6e9,1.0,14,12,wind,3,PW,MW,true,,D014_H12,3,3,344,344
20260811_121452_stage_B_2C_4168a6e9,1.0,14,12,wind,4,PW,MW,true,,D014_H12,4,4,345,345
20260811_121452_stage_B_2C_4168a6e9,1.0,14,12,wind,5,PW,MW,true,,D014_H12,5,5,346,346
20260811_121452_stage_B_2C_4168a6e9,1.0,14,12,solar,1,PP,MW,true,,D014_H12,6,6,347,347
20260811_121452_stage_B_2C_4168a6e9,1.0,14,12,solar,2,PP,MW,true,,D014_H12,7,7,348,348
20260811_121452_stage_B_2C_4168a6e9,1.0,14,12,solar,3,PP,MW,true,,D014_H12,8,8,349,349
20260811_121452_stage_B_2C_4168a6e9,1.0,14,12,solar,4,PP,MW,true,,D014_H12,9,9,350,350
20260811_121452_stage_B_2C_4168a6e9,1.0,14,12,solar,5,PP,MW,true,,D014_H12,10,10,351,351
20260811_121452_stage_B_2C_4168a6e9,1.0,14,12,hydro,1,PH,MW,true,,D014_H12,11,11,352,352
20260811_121452_stage_B_2C_4168a6e9,1.0,14,12,hydro,2,PH,MW,true,,D014_H12,12,12,353,353
20260811_121452_stage_B_2C_4168a6e9,1.0,14,12,hydro,3,PH,MW,true,,D014_H12,13,13,354,354
20260811_121452_stage_B_2C_4168a6e9,1.0,14,12,hydro,4,PH,MW,true,,D014_H12,14,14,355,355
20260811_121452_stage_B_2C_4168a6e9,1.0,14,12,thermal,1,PF,MW,true,,D014_H12,15,15,356,356
20260811_121452_stage_B_2C_4168a6e9,1.0,14,12,thermal,2,PF,MW,true,,D014_H12,16,16,357,357
20260811_121452_stage_B_2C_4168a6e9,1.0,14,12,thermal,3,PF,MW,true,,D014_H12,17,17,358,358
20260811_121452_stage_B_2C_4168a6e9,1.0,14,12,thermal,4,PF,MW,true,,D014_H12,18,18,359,359
20260811_121452_stage_B_2C_4168a6e9,1.0,14,12,storage,1,Pch,MW,true,,D014_H12,19,19,360,360
20260811_121452_stage_B_2C_4168a6e9,1.0,14,12,storage,2,Pch,MW,true,,D014_H12,20,20,361,361
20260811_121452_stage_B_2C_4168a6e9,1.0,14,12,storage,1,Pdis,MW,true,,D014_H12,21,21,362,362
20260811_121452_stage_B_2C_4168a6e9,1.0,14,12,storage,2,Pdis,MW,true,,D014_H12,22,22,363,363
20260811_121452_stage_B_2C_4168a6e9,1.0,14,12,storage,1,SOC,MWh,true,,D014_H12,23,23,364,364
20260811_121452_stage_B_2C_4168a6e9,1.0,14,12,storage,2,SOC,MWh,true,,D014_H12,24,24,365,365
20260811_121452_stage_B_2C_4168a6e9,1.0,14,13,wind,1,PW,MW,true,,D014_H13,1,1,366,366
20260811_121452_stage_B_2C_4168a6e9,1.0,14,13,wind,2,PW,MW,true,,D014_H13,2,2,367,367
20260811_121452_stage_B_2C_4168a6e9,1.0,14,13,wind,3,PW,MW,true,,D014_H13,3,3,368,368
20260811_121452_stage_B_2C_4168a6e9,1.0,14,13,wind,4,PW,MW,true,,D014_H13,4,4,369,369
20260811_121452_stage_B_2C_4168a6e9,1.0,14,13,wind,5,PW,MW,true,,D014_H13,5,5,370,370
20260811_121452_stage_B_2C_4168a6e9,1.0,14,13,solar,1,PP,MW,true,,D014_H13,6,6,371,371
20260811_121452_stage_B_2C_4168a6e9,1.0,14,13,solar,2,PP,MW,true,,D014_H13,7,7,372,372
20260811_121452_stage_B_2C_4168a6e9,1.0,14,13,solar,3,PP,MW,true,,D014_H13,8,8,373,373
20260811_121452_stage_B_2C_4168a6e9,1.0,14,13,solar,4,PP,MW,true,,D014_H13,9,9,374,374
20260811_121452_stage_B_2C_4168a6e9,1.0,14,13,solar,5,PP,MW,true,,D014_H13,10,10,375,375
20260811_121452_stage_B_2C_4168a6e9,1.0,14,13,hydro,1,PH,MW,true,,D014_H13,11,11,376,376
20260811_121452_stage_B_2C_4168a6e9,1.0,14,13,hydro,2,PH,MW,true,,D014_H13,12,12,377,377
20260811_121452_stage_B_2C_4168a6e9,1.0,14,13,hydro,3,PH,MW,true,,D014_H13,13,13,378,378
20260811_121452_stage_B_2C_4168a6e9,1.0,14,13,hydro,4,PH,MW,true,,D014_H13,14,14,379,379
20260811_121452_stage_B_2C_4168a6e9,1.0,14,13,thermal,1,PF,MW,true,,D014_H13,15,15,380,380
20260811_121452_stage_B_2C_4168a6e9,1.0,14,13,thermal,2,PF,MW,true,,D014_H13,16,16,381,381
20260811_121452_stage_B_2C_4168a6e9,1.0,14,13,thermal,3,PF,MW,true,,D014_H13,17,17,382,382
20260811_121452_stage_B_2C_4168a6e9,1.0,14,13,thermal,4,PF,MW,true,,D014_H13,18,18,383,383
20260811_121452_stage_B_2C_4168a6e9,1.0,14,13,storage,1,Pch,MW,true,,D014_H13,19,19,384,384
20260811_121452_stage_B_2C_4168a6e9,1.0,14,13,storage,2,Pch,MW,true,,D014_H13,20,20,385,385
20260811_121452_stage_B_2C_4168a6e9,1.0,14,13,storage,1,Pdis,MW,true,,D014_H13,21,21,386,386
20260811_121452_stage_B_2C_4168a6e9,1.0,14,13,storage,2,Pdis,MW,true,,D014_H13,22,22,387,387
20260811_121452_stage_B_2C_4168a6e9,1.0,14,13,storage,1,SOC,MWh,true,,D014_H13,23,23,388,388
20260811_121452_stage_B_2C_4168a6e9,1.0,14,13,storage,2,SOC,MWh,true,,D014_H13,24,24,389,389
20260811_121452_stage_B_2C_4168a6e9,1.0,14,14,wind,1,PW,MW,true,,D014_H14,1,1,390,390
20260811_121452_stage_B_2C_4168a6e9,1.0,14,14,wind,2,PW,MW,true,,D014_H14,2,2,391,391
20260811_121452_stage_B_2C_4168a6e9,1.0,14,14,wind,3,PW,MW,true,,D014_H14,3,3,392,392
20260811_121452_stage_B_2C_4168a6e9,1.0,14,14,wind,4,PW,MW,true,,D014_H14,4,4,393,393
20260811_121452_stage_B_2C_4168a6e9,1.0,14,14,wind,5,PW,MW,true,,D014_H14,5,5,394,394
20260811_121452_stage_B_2C_4168a6e9,1.0,14,14,solar,1,PP,MW,true,,D014_H14,6,6,395,395
20260811_121452_stage_B_2C_4168a6e9,1.0,14,14,solar,2,PP,MW,true,,D014_H14,7,7,396,396
20260811_121452_stage_B_2C_4168a6e9,1.0,14,14,solar,3,PP,MW,true,,D014_H14,8,8,397,397
20260811_121452_stage_B_2C_4168a6e9,1.0,14,14,solar,4,PP,MW,true,,D014_H14,9,9,398,398
20260811_121452_stage_B_2C_4168a6e9,1.0,14,14,solar,5,PP,MW,true,,D014_H14,10,10,399,399
20260811_121452_stage_B_2C_4168a6e9,1.0,14,14,hydro,1,PH,MW,true,,D014_H14,11,11,400,400
20260811_121452_stage_B_2C_4168a6e9,1.0,14,14,hydro,2,PH,MW,true,,D014_H14,12,12,401,401
20260811_121452_stage_B_2C_4168a6e9,1.0,14,14,hydro,3,PH,MW,true,,D014_H14,13,13,402,402
20260811_121452_stage_B_2C_4168a6e9,1.0,14,14,hydro,4,PH,MW,true,,D014_H14,14,14,403,403
20260811_121452_stage_B_2C_4168a6e9,1.0,14,14,thermal,1,PF,MW,true,,D014_H14,15,15,404,404
20260811_121452_stage_B_2C_4168a6e9,1.0,14,14,thermal,2,PF,MW,true,,D014_H14,16,16,405,405
20260811_121452_stage_B_2C_4168a6e9,1.0,14,14,thermal,3,PF,MW,true,,D014_H14,17,17,406,406
20260811_121452_stage_B_2C_4168a6e9,1.0,14,14,thermal,4,PF,MW,true,,D014_H14,18,18,407,407
20260811_121452_stage_B_2C_4168a6e9,1.0,14,14,storage,1,Pch,MW,true,,D014_H14,19,19,408,408
20260811_121452_stage_B_2C_4168a6e9,1.0,14,14,storage,2,Pch,MW,true,,D014_H14,20,20,409,409
20260811_121452_stage_B_2C_4168a6e9,1.0,14,14,storage,1,Pdis,MW,true,,D014_H14,21,21,410,410
20260811_121452_stage_B_2C_4168a6e9,1.0,14,14,storage,2,Pdis,MW,true,,D014_H14,22,22,411,411
20260811_121452_stage_B_2C_4168a6e9,1.0,14,14,storage,1,SOC,MWh,true,,D014_H14,23,23,412,412
20260811_121452_stage_B_2C_4168a6e9,1.0,14,14,storage,2,SOC,MWh,true,,D014_H14,24,24,413,413
20260811_121452_stage_B_2C_4168a6e9,1.0,14,15,wind,1,PW,MW,true,,D014_H15,1,1,414,414
20260811_121452_stage_B_2C_4168a6e9,1.0,14,15,wind,2,PW,MW,true,,D014_H15,2,2,415,415
20260811_121452_stage_B_2C_4168a6e9,1.0,14,15,wind,3,PW,MW,true,,D014_H15,3,3,416,416
20260811_121452_stage_B_2C_4168a6e9,1.0,14,15,wind,4,PW,MW,true,,D014_H15,4,4,417,417
20260811_121452_stage_B_2C_4168a6e9,1.0,14,15,wind,5,PW,MW,true,,D014_H15,5,5,418,418
20260811_121452_stage_B_2C_4168a6e9,1.0,14,15,solar,1,PP,MW,true,,D014_H15,6,6,419,419
20260811_121452_stage_B_2C_4168a6e9,1.0,14,15,solar,2,PP,MW,true,,D014_H15,7,7,420,420
20260811_121452_stage_B_2C_4168a6e9,1.0,14,15,solar,3,PP,MW,true,,D014_H15,8,8,421,421
20260811_121452_stage_B_2C_4168a6e9,1.0,14,15,solar,4,PP,MW,true,,D014_H15,9,9,422,422
20260811_121452_stage_B_2C_4168a6e9,1.0,14,15,solar,5,PP,MW,true,,D014_H15,10,10,423,423
20260811_121452_stage_B_2C_4168a6e9,1.0,14,15,hydro,1,PH,MW,true,,D014_H15,11,11,424,424
20260811_121452_stage_B_2C_4168a6e9,1.0,14,15,hydro,2,PH,MW,true,,D014_H15,12,12,425,425
20260811_121452_stage_B_2C_4168a6e9,1.0,14,15,hydro,3,PH,MW,true,,D014_H15,13,13,426,426
20260811_121452_stage_B_2C_4168a6e9,1.0,14,15,hydro,4,PH,MW,true,,D014_H15,14,14,427,427
20260811_121452_stage_B_2C_4168a6e9,1.0,14,15,thermal,1,PF,MW,true,,D014_H15,15,15,428,428
20260811_121452_stage_B_2C_4168a6e9,1.0,14,15,thermal,2,PF,MW,true,,D014_H15,16,16,429,429
20260811_121452_stage_B_2C_4168a6e9,1.0,14,15,thermal,3,PF,MW,true,,D014_H15,17,17,430,430
20260811_121452_stage_B_2C_4168a6e9,1.0,14,15,thermal,4,PF,MW,true,,D014_H15,18,18,431,431
20260811_121452_stage_B_2C_4168a6e9,1.0,14,15,storage,1,Pch,MW,true,,D014_H15,19,19,432,432
20260811_121452_stage_B_2C_4168a6e9,1.0,14,15,storage,2,Pch,MW,true,,D014_H15,20,20,433,433
20260811_121452_stage_B_2C_4168a6e9,1.0,14,15,storage,1,Pdis,MW,true,,D014_H15,21,21,434,434
20260811_121452_stage_B_2C_4168a6e9,1.0,14,15,storage,2,Pdis,MW,true,,D014_H15,22,22,435,435
20260811_121452_stage_B_2C_4168a6e9,1.0,14,15,storage,1,SOC,MWh,true,,D014_H15,23,23,436,436
20260811_121452_stage_B_2C_4168a6e9,1.0,14,15,storage,2,SOC,MWh,true,,D014_H15,24,24,437,437
20260811_121452_stage_B_2C_4168a6e9,1.0,14,16,wind,1,PW,MW,true,,D014_H16,1,1,438,438
20260811_121452_stage_B_2C_4168a6e9,1.0,14,16,wind,2,PW,MW,true,,D014_H16,2,2,439,439
20260811_121452_stage_B_2C_4168a6e9,1.0,14,16,wind,3,PW,MW,true,,D014_H16,3,3,440,440
20260811_121452_stage_B_2C_4168a6e9,1.0,14,16,wind,4,PW,MW,true,,D014_H16,4,4,441,441
20260811_121452_stage_B_2C_4168a6e9,1.0,14,16,wind,5,PW,MW,true,,D014_H16,5,5,442,442
20260811_121452_stage_B_2C_4168a6e9,1.0,14,16,solar,1,PP,MW,true,,D014_H16,6,6,443,443
20260811_121452_stage_B_2C_4168a6e9,1.0,14,16,solar,2,PP,MW,true,,D014_H16,7,7,444,444
20260811_121452_stage_B_2C_4168a6e9,1.0,14,16,solar,3,PP,MW,true,,D014_H16,8,8,445,445
20260811_121452_stage_B_2C_4168a6e9,1.0,14,16,solar,4,PP,MW,true,,D014_H16,9,9,446,446
20260811_121452_stage_B_2C_4168a6e9,1.0,14,16,solar,5,PP,MW,true,,D014_H16,10,10,447,447
20260811_121452_stage_B_2C_4168a6e9,1.0,14,16,hydro,1,PH,MW,true,,D014_H16,11,11,448,448
20260811_121452_stage_B_2C_4168a6e9,1.0,14,16,hydro,2,PH,MW,true,,D014_H16,12,12,449,449
20260811_121452_stage_B_2C_4168a6e9,1.0,14,16,hydro,3,PH,MW,true,,D014_H16,13,13,450,450
20260811_121452_stage_B_2C_4168a6e9,1.0,14,16,hydro,4,PH,MW,true,,D014_H16,14,14,451,451
20260811_121452_stage_B_2C_4168a6e9,1.0,14,16,thermal,1,PF,MW,true,,D014_H16,15,15,452,452
20260811_121452_stage_B_2C_4168a6e9,1.0,14,16,thermal,2,PF,MW,true,,D014_H16,16,16,453,453
20260811_121452_stage_B_2C_4168a6e9,1.0,14,16,thermal,3,PF,MW,true,,D014_H16,17,17,454,454
20260811_121452_stage_B_2C_4168a6e9,1.0,14,16,thermal,4,PF,MW,true,,D014_H16,18,18,455,455
20260811_121452_stage_B_2C_4168a6e9,1.0,14,16,storage,1,Pch,MW,true,,D014_H16,19,19,456,456
20260811_121452_stage_B_2C_4168a6e9,1.0,14,16,storage,2,Pch,MW,true,,D014_H16,20,20,457,457
20260811_121452_stage_B_2C_4168a6e9,1.0,14,16,storage,1,Pdis,MW,true,,D014_H16,21,21,458,458
20260811_121452_stage_B_2C_4168a6e9,1.0,14,16,storage,2,Pdis,MW,true,,D014_H16,22,22,459,459
20260811_121452_stage_B_2C_4168a6e9,1.0,14,16,storage,1,SOC,MWh,true,,D014_H16,23,23,460,460
20260811_121452_stage_B_2C_4168a6e9,1.0,14,16,storage,2,SOC,MWh,true,,D014_H16,24,24,461,461
20260811_121452_stage_B_2C_4168a6e9,1.0,14,17,wind,1,PW,MW,true,,D014_H17,1,1,462,462
20260811_121452_stage_B_2C_4168a6e9,1.0,14,17,wind,2,PW,MW,true,,D014_H17,2,2,463,463
20260811_121452_stage_B_2C_4168a6e9,1.0,14,17,wind,3,PW,MW,true,,D014_H17,3,3,464,464
20260811_121452_stage_B_2C_4168a6e9,1.0,14,17,wind,4,PW,MW,true,,D014_H17,4,4,465,465
20260811_121452_stage_B_2C_4168a6e9,1.0,14,17,wind,5,PW,MW,true,,D014_H17,5,5,466,466
20260811_121452_stage_B_2C_4168a6e9,1.0,14,17,solar,1,PP,MW,true,,D014_H17,6,6,467,467
20260811_121452_stage_B_2C_4168a6e9,1.0,14,17,solar,2,PP,MW,true,,D014_H17,7,7,468,468
20260811_121452_stage_B_2C_4168a6e9,1.0,14,17,solar,3,PP,MW,true,,D014_H17,8,8,469,469
20260811_121452_stage_B_2C_4168a6e9,1.0,14,17,solar,4,PP,MW,true,,D014_H17,9,9,470,470
20260811_121452_stage_B_2C_4168a6e9,1.0,14,17,solar,5,PP,MW,true,,D014_H17,10,10,471,471
20260811_121452_stage_B_2C_4168a6e9,1.0,14,17,hydro,1,PH,MW,true,,D014_H17,11,11,472,472
20260811_121452_stage_B_2C_4168a6e9,1.0,14,17,hydro,2,PH,MW,true,,D014_H17,12,12,473,473
20260811_121452_stage_B_2C_4168a6e9,1.0,14,17,hydro,3,PH,MW,true,,D014_H17,13,13,474,474
20260811_121452_stage_B_2C_4168a6e9,1.0,14,17,hydro,4,PH,MW,true,,D014_H17,14,14,475,475
20260811_121452_stage_B_2C_4168a6e9,1.0,14,17,thermal,1,PF,MW,true,,D014_H17,15,15,476,476
20260811_121452_stage_B_2C_4168a6e9,1.0,14,17,thermal,2,PF,MW,true,,D014_H17,16,16,477,477
20260811_121452_stage_B_2C_4168a6e9,1.0,14,17,thermal,3,PF,MW,true,,D014_H17,17,17,478,478
20260811_121452_stage_B_2C_4168a6e9,1.0,14,17,thermal,4,PF,MW,true,,D014_H17,18,18,479,479
20260811_121452_stage_B_2C_4168a6e9,1.0,14,17,storage,1,Pch,MW,true,,D014_H17,19,19,480,480
20260811_121452_stage_B_2C_4168a6e9,1.0,14,17,storage,2,Pch,MW,true,,D014_H17,20,20,481,481
20260811_121452_stage_B_2C_4168a6e9,1.0,14,17,storage,1,Pdis,MW,true,,D014_H17,21,21,482,482
20260811_121452_stage_B_2C_4168a6e9,1.0,14,17,storage,2,Pdis,MW,true,,D014_H17,22,22,483,483
20260811_121452_stage_B_2C_4168a6e9,1.0,14,17,storage,1,SOC,MWh,true,,D014_H17,23,23,484,484
20260811_121452_stage_B_2C_4168a6e9,1.0,14,17,storage,2,SOC,MWh,true,,D014_H17,24,24,485,485
20260811_121452_stage_B_2C_4168a6e9,1.0,14,18,wind,1,PW,MW,true,,D014_H18,1,1,486,486
20260811_121452_stage_B_2C_4168a6e9,1.0,14,18,wind,2,PW,MW,true,,D014_H18,2,2,487,487
20260811_121452_stage_B_2C_4168a6e9,1.0,14,18,wind,3,PW,MW,true,,D014_H18,3,3,488,488
20260811_121452_stage_B_2C_4168a6e9,1.0,14,18,wind,4,PW,MW,true,,D014_H18,4,4,489,489
20260811_121452_stage_B_2C_4168a6e9,1.0,14,18,wind,5,PW,MW,true,,D014_H18,5,5,490,490
20260811_121452_stage_B_2C_4168a6e9,1.0,14,18,solar,1,PP,MW,true,,D014_H18,6,6,491,491
20260811_121452_stage_B_2C_4168a6e9,1.0,14,18,solar,2,PP,MW,true,,D014_H18,7,7,492,492
20260811_121452_stage_B_2C_4168a6e9,1.0,14,18,solar,3,PP,MW,true,,D014_H18,8,8,493,493
20260811_121452_stage_B_2C_4168a6e9,1.0,14,18,solar,4,PP,MW,true,,D014_H18,9,9,494,494
20260811_121452_stage_B_2C_4168a6e9,1.0,14,18,solar,5,PP,MW,true,,D014_H18,10,10,495,495
20260811_121452_stage_B_2C_4168a6e9,1.0,14,18,hydro,1,PH,MW,true,,D014_H18,11,11,496,496
20260811_121452_stage_B_2C_4168a6e9,1.0,14,18,hydro,2,PH,MW,true,,D014_H18,12,12,497,497
20260811_121452_stage_B_2C_4168a6e9,1.0,14,18,hydro,3,PH,MW,true,,D014_H18,13,13,498,498
20260811_121452_stage_B_2C_4168a6e9,1.0,14,18,hydro,4,PH,MW,true,,D014_H18,14,14,499,499
20260811_121452_stage_B_2C_4168a6e9,1.0,14,18,thermal,1,PF,MW,true,,D014_H18,15,15,500,500
20260811_121452_stage_B_2C_4168a6e9,1.0,14,18,thermal,2,PF,MW,true,,D014_H18,16,16,501,501
20260811_121452_stage_B_2C_4168a6e9,1.0,14,18,thermal,3,PF,MW,true,,D014_H18,17,17,502,502
20260811_121452_stage_B_2C_4168a6e9,1.0,14,18,thermal,4,PF,MW,true,,D014_H18,18,18,503,503
20260811_121452_stage_B_2C_4168a6e9,1.0,14,18,storage,1,Pch,MW,true,,D014_H18,19,19,504,504
20260811_121452_stage_B_2C_4168a6e9,1.0,14,18,storage,2,Pch,MW,true,,D014_H18,20,20,505,505
20260811_121452_stage_B_2C_4168a6e9,1.0,14,18,storage,1,Pdis,MW,true,,D014_H18,21,21,506,506
20260811_121452_stage_B_2C_4168a6e9,1.0,14,18,storage,2,Pdis,MW,true,,D014_H18,22,22,507,507
20260811_121452_stage_B_2C_4168a6e9,1.0,14,18,storage,1,SOC,MWh,true,,D014_H18,23,23,508,508
20260811_121452_stage_B_2C_4168a6e9,1.0,14,18,storage,2,SOC,MWh,true,,D014_H18,24,24,509,509
20260811_121452_stage_B_2C_4168a6e9,1.0,14,19,wind,1,PW,MW,true,,D014_H19,1,1,510,510
20260811_121452_stage_B_2C_4168a6e9,1.0,14,19,wind,2,PW,MW,true,,D014_H19,2,2,511,511
20260811_121452_stage_B_2C_4168a6e9,1.0,14,19,wind,4,PW,MW,true,,D014_H19,3,3,512,512
20260811_121452_stage_B_2C_4168a6e9,1.0,14,19,wind,5,PW,MW,true,,D014_H19,4,4,513,513
20260811_121452_stage_B_2C_4168a6e9,1.0,14,19,solar,1,PP,MW,true,,D014_H19,5,5,514,514
20260811_121452_stage_B_2C_4168a6e9,1.0,14,19,solar,2,PP,MW,true,,D014_H19,6,6,515,515
20260811_121452_stage_B_2C_4168a6e9,1.0,14,19,solar,3,PP,MW,true,,D014_H19,7,7,516,516
20260811_121452_stage_B_2C_4168a6e9,1.0,14,19,solar,4,PP,MW,true,,D014_H19,8,8,517,517
20260811_121452_stage_B_2C_4168a6e9,1.0,14,19,solar,5,PP,MW,true,,D014_H19,9,9,518,518
20260811_121452_stage_B_2C_4168a6e9,1.0,14,19,hydro,1,PH,MW,true,,D014_H19,10,10,519,519
20260811_121452_stage_B_2C_4168a6e9,1.0,14,19,hydro,2,PH,MW,true,,D014_H19,11,11,520,520
20260811_121452_stage_B_2C_4168a6e9,1.0,14,19,hydro,3,PH,MW,true,,D014_H19,12,12,521,521
20260811_121452_stage_B_2C_4168a6e9,1.0,14,19,hydro,4,PH,MW,true,,D014_H19,13,13,522,522
20260811_121452_stage_B_2C_4168a6e9,1.0,14,19,thermal,1,PF,MW,true,,D014_H19,14,14,523,523
20260811_121452_stage_B_2C_4168a6e9,1.0,14,19,thermal,2,PF,MW,true,,D014_H19,15,15,524,524
20260811_121452_stage_B_2C_4168a6e9,1.0,14,19,thermal,3,PF,MW,true,,D014_H19,16,16,525,525
20260811_121452_stage_B_2C_4168a6e9,1.0,14,19,thermal,4,PF,MW,true,,D014_H19,17,17,526,526
20260811_121452_stage_B_2C_4168a6e9,1.0,14,19,storage,1,Pch,MW,true,,D014_H19,18,18,527,527
20260811_121452_stage_B_2C_4168a6e9,1.0,14,19,storage,2,Pch,MW,true,,D014_H19,19,19,528,528
20260811_121452_stage_B_2C_4168a6e9,1.0,14,19,storage,1,Pdis,MW,true,,D014_H19,20,20,529,529
20260811_121452_stage_B_2C_4168a6e9,1.0,14,19,storage,2,Pdis,MW,true,,D014_H19,21,21,530,530
20260811_121452_stage_B_2C_4168a6e9,1.0,14,19,storage,1,SOC,MWh,true,,D014_H19,22,22,531,531
20260811_121452_stage_B_2C_4168a6e9,1.0,14,19,storage,2,SOC,MWh,true,,D014_H19,23,23,532,532
20260811_121452_stage_B_2C_4168a6e9,1.0,14,20,wind,1,PW,MW,true,,D014_H20,1,1,533,533
20260811_121452_stage_B_2C_4168a6e9,1.0,14,20,wind,2,PW,MW,true,,D014_H20,2,2,534,534
20260811_121452_stage_B_2C_4168a6e9,1.0,14,20,wind,3,PW,MW,true,,D014_H20,3,3,535,535
20260811_121452_stage_B_2C_4168a6e9,1.0,14,20,wind,4,PW,MW,true,,D014_H20,4,4,536,536
20260811_121452_stage_B_2C_4168a6e9,1.0,14,20,wind,5,PW,MW,true,,D014_H20,5,5,537,537
20260811_121452_stage_B_2C_4168a6e9,1.0,14,20,hydro,1,PH,MW,true,,D014_H20,6,6,538,538
20260811_121452_stage_B_2C_4168a6e9,1.0,14,20,hydro,2,PH,MW,true,,D014_H20,7,7,539,539
20260811_121452_stage_B_2C_4168a6e9,1.0,14,20,hydro,3,PH,MW,true,,D014_H20,8,8,540,540
20260811_121452_stage_B_2C_4168a6e9,1.0,14,20,hydro,4,PH,MW,true,,D014_H20,9,9,541,541
20260811_121452_stage_B_2C_4168a6e9,1.0,14,20,thermal,1,PF,MW,true,,D014_H20,10,10,542,542
20260811_121452_stage_B_2C_4168a6e9,1.0,14,20,thermal,2,PF,MW,true,,D014_H20,11,11,543,543
20260811_121452_stage_B_2C_4168a6e9,1.0,14,20,thermal,3,PF,MW,true,,D014_H20,12,12,544,544
20260811_121452_stage_B_2C_4168a6e9,1.0,14,20,thermal,4,PF,MW,true,,D014_H20,13,13,545,545
20260811_121452_stage_B_2C_4168a6e9,1.0,14,20,storage,1,Pch,MW,true,,D014_H20,14,14,546,546
20260811_121452_stage_B_2C_4168a6e9,1.0,14,20,storage,2,Pch,MW,true,,D014_H20,15,15,547,547
20260811_121452_stage_B_2C_4168a6e9,1.0,14,20,storage,1,Pdis,MW,true,,D014_H20,16,16,548,548
20260811_121452_stage_B_2C_4168a6e9,1.0,14,20,storage,2,Pdis,MW,true,,D014_H20,17,17,549,549
20260811_121452_stage_B_2C_4168a6e9,1.0,14,20,storage,1,SOC,MWh,true,,D014_H20,18,18,550,550
20260811_121452_stage_B_2C_4168a6e9,1.0,14,20,storage,2,SOC,MWh,true,,D014_H20,19,19,551,551
20260811_121452_stage_B_2C_4168a6e9,1.0,14,21,wind,1,PW,MW,true,,D014_H21,1,1,552,552
20260811_121452_stage_B_2C_4168a6e9,1.0,14,21,wind,2,PW,MW,true,,D014_H21,2,2,553,553
20260811_121452_stage_B_2C_4168a6e9,1.0,14,21,wind,3,PW,MW,true,,D014_H21,3,3,554,554
20260811_121452_stage_B_2C_4168a6e9,1.0,14,21,wind,4,PW,MW,true,,D014_H21,4,4,555,555
20260811_121452_stage_B_2C_4168a6e9,1.0,14,21,wind,5,PW,MW,true,,D014_H21,5,5,556,556
20260811_121452_stage_B_2C_4168a6e9,1.0,14,21,hydro,1,PH,MW,true,,D014_H21,6,6,557,557
20260811_121452_stage_B_2C_4168a6e9,1.0,14,21,hydro,2,PH,MW,true,,D014_H21,7,7,558,558
20260811_121452_stage_B_2C_4168a6e9,1.0,14,21,hydro,3,PH,MW,true,,D014_H21,8,8,559,559
20260811_121452_stage_B_2C_4168a6e9,1.0,14,21,hydro,4,PH,MW,true,,D014_H21,9,9,560,560
20260811_121452_stage_B_2C_4168a6e9,1.0,14,21,thermal,1,PF,MW,true,,D014_H21,10,10,561,561
20260811_121452_stage_B_2C_4168a6e9,1.0,14,21,thermal,2,PF,MW,true,,D014_H21,11,11,562,562
20260811_121452_stage_B_2C_4168a6e9,1.0,14,21,thermal,3,PF,MW,true,,D014_H21,12,12,563,563
20260811_121452_stage_B_2C_4168a6e9,1.0,14,21,thermal,4,PF,MW,true,,D014_H21,13,13,564,564
20260811_121452_stage_B_2C_4168a6e9,1.0,14,21,storage,1,Pch,MW,true,,D014_H21,14,14,565,565
20260811_121452_stage_B_2C_4168a6e9,1.0,14,21,storage,2,Pch,MW,true,,D014_H21,15,15,566,566
20260811_121452_stage_B_2C_4168a6e9,1.0,14,21,storage,1,Pdis,MW,true,,D014_H21,16,16,567,567
20260811_121452_stage_B_2C_4168a6e9,1.0,14,21,storage,2,Pdis,MW,true,,D014_H21,17,17,568,568
20260811_121452_stage_B_2C_4168a6e9,1.0,14,21,storage,1,SOC,MWh,true,,D014_H21,18,18,569,569
20260811_121452_stage_B_2C_4168a6e9,1.0,14,21,storage,2,SOC,MWh,true,,D014_H21,19,19,570,570
20260811_121452_stage_B_2C_4168a6e9,1.0,14,22,wind,1,PW,MW,true,,D014_H22,1,1,571,571
20260811_121452_stage_B_2C_4168a6e9,1.0,14,22,wind,2,PW,MW,true,,D014_H22,2,2,572,572
20260811_121452_stage_B_2C_4168a6e9,1.0,14,22,wind,3,PW,MW,true,,D014_H22,3,3,573,573
20260811_121452_stage_B_2C_4168a6e9,1.0,14,22,wind,4,PW,MW,true,,D014_H22,4,4,574,574
20260811_121452_stage_B_2C_4168a6e9,1.0,14,22,wind,5,PW,MW,true,,D014_H22,5,5,575,575
20260811_121452_stage_B_2C_4168a6e9,1.0,14,22,hydro,1,PH,MW,true,,D014_H22,6,6,576,576
20260811_121452_stage_B_2C_4168a6e9,1.0,14,22,hydro,2,PH,MW,true,,D014_H22,7,7,577,577
20260811_121452_stage_B_2C_4168a6e9,1.0,14,22,hydro,3,PH,MW,true,,D014_H22,8,8,578,578
20260811_121452_stage_B_2C_4168a6e9,1.0,14,22,hydro,4,PH,MW,true,,D014_H22,9,9,579,579
20260811_121452_stage_B_2C_4168a6e9,1.0,14,22,thermal,1,PF,MW,true,,D014_H22,10,10,580,580
20260811_121452_stage_B_2C_4168a6e9,1.0,14,22,thermal,2,PF,MW,true,,D014_H22,11,11,581,581
20260811_121452_stage_B_2C_4168a6e9,1.0,14,22,thermal,3,PF,MW,true,,D014_H22,12,12,582,582
20260811_121452_stage_B_2C_4168a6e9,1.0,14,22,thermal,4,PF,MW,true,,D014_H22,13,13,583,583
20260811_121452_stage_B_2C_4168a6e9,1.0,14,22,storage,1,Pch,MW,true,,D014_H22,14,14,584,584
20260811_121452_stage_B_2C_4168a6e9,1.0,14,22,storage,2,Pch,MW,true,,D014_H22,15,15,585,585
20260811_121452_stage_B_2C_4168a6e9,1.0,14,22,storage,1,Pdis,MW,true,,D014_H22,16,16,586,586
20260811_121452_stage_B_2C_4168a6e9,1.0,14,22,storage,2,Pdis,MW,true,,D014_H22,17,17,587,587
20260811_121452_stage_B_2C_4168a6e9,1.0,14,22,storage,1,SOC,MWh,true,,D014_H22,18,18,588,588
20260811_121452_stage_B_2C_4168a6e9,1.0,14,22,storage,2,SOC,MWh,true,,D014_H22,19,19,589,589
20260811_121452_stage_B_2C_4168a6e9,1.0,14,23,wind,1,PW,MW,true,,D014_H23,1,1,590,590
20260811_121452_stage_B_2C_4168a6e9,1.0,14,23,wind,2,PW,MW,true,,D014_H23,2,2,591,591
20260811_121452_stage_B_2C_4168a6e9,1.0,14,23,wind,3,PW,MW,true,,D014_H23,3,3,592,592
20260811_121452_stage_B_2C_4168a6e9,1.0,14,23,wind,4,PW,MW,true,,D014_H23,4,4,593,593
20260811_121452_stage_B_2C_4168a6e9,1.0,14,23,wind,5,PW,MW,true,,D014_H23,5,5,594,594
20260811_121452_stage_B_2C_4168a6e9,1.0,14,23,hydro,1,PH,MW,true,,D014_H23,6,6,595,595
20260811_121452_stage_B_2C_4168a6e9,1.0,14,23,hydro,2,PH,MW,true,,D014_H23,7,7,596,596
20260811_121452_stage_B_2C_4168a6e9,1.0,14,23,hydro,3,PH,MW,true,,D014_H23,8,8,597,597
20260811_121452_stage_B_2C_4168a6e9,1.0,14,23,hydro,4,PH,MW,true,,D014_H23,9,9,598,598
20260811_121452_stage_B_2C_4168a6e9,1.0,14,23,thermal,1,PF,MW,true,,D014_H23,10,10,599,599
20260811_121452_stage_B_2C_4168a6e9,1.0,14,23,thermal,2,PF,MW,true,,D014_H23,11,11,600,600
20260811_121452_stage_B_2C_4168a6e9,1.0,14,23,thermal,3,PF,MW,true,,D014_H23,12,12,601,601
20260811_121452_stage_B_2C_4168a6e9,1.0,14,23,thermal,4,PF,MW,true,,D014_H23,13,13,602,602
20260811_121452_stage_B_2C_4168a6e9,1.0,14,23,storage,1,Pch,MW,true,,D014_H23,14,14,603,603
20260811_121452_stage_B_2C_4168a6e9,1.0,14,23,storage,2,Pch,MW,true,,D014_H23,15,15,604,604
20260811_121452_stage_B_2C_4168a6e9,1.0,14,23,storage,1,Pdis,MW,true,,D014_H23,16,16,605,605
20260811_121452_stage_B_2C_4168a6e9,1.0,14,23,storage,2,Pdis,MW,true,,D014_H23,17,17,606,606
20260811_121452_stage_B_2C_4168a6e9,1.0,14,23,storage,1,SOC,MWh,true,,D014_H23,18,18,607,607
20260811_121452_stage_B_2C_4168a6e9,1.0,14,23,storage,2,SOC,MWh,true,,D014_H23,19,19,608,608
20260811_121452_stage_B_2C_4168a6e9,1.0,14,24,wind,1,PW,MW,true,,D014_H24,1,1,609,609
20260811_121452_stage_B_2C_4168a6e9,1.0,14,24,wind,2,PW,MW,true,,D014_H24,2,2,610,610
20260811_121452_stage_B_2C_4168a6e9,1.0,14,24,wind,3,PW,MW,true,,D014_H24,3,3,611,611
20260811_121452_stage_B_2C_4168a6e9,1.0,14,24,wind,4,PW,MW,true,,D014_H24,4,4,612,612
20260811_121452_stage_B_2C_4168a6e9,1.0,14,24,wind,5,PW,MW,true,,D014_H24,5,5,613,613
20260811_121452_stage_B_2C_4168a6e9,1.0,14,24,hydro,1,PH,MW,true,,D014_H24,6,6,614,614
20260811_121452_stage_B_2C_4168a6e9,1.0,14,24,hydro,2,PH,MW,true,,D014_H24,7,7,615,615
20260811_121452_stage_B_2C_4168a6e9,1.0,14,24,hydro,3,PH,MW,true,,D014_H24,8,8,616,616
20260811_121452_stage_B_2C_4168a6e9,1.0,14,24,hydro,4,PH,MW,true,,D014_H24,9,9,617,617
20260811_121452_stage_B_2C_4168a6e9,1.0,14,24,thermal,1,PF,MW,true,,D014_H24,10,10,618,618
20260811_121452_stage_B_2C_4168a6e9,1.0,14,24,thermal,2,PF,MW,true,,D014_H24,11,11,619,619
20260811_121452_stage_B_2C_4168a6e9,1.0,14,24,thermal,3,PF,MW,true,,D014_H24,12,12,620,620
20260811_121452_stage_B_2C_4168a6e9,1.0,14,24,thermal,4,PF,MW,true,,D014_H24,13,13,621,621
20260811_121452_stage_B_2C_4168a6e9,1.0,14,24,storage,1,Pch,MW,true,,D014_H24,14,14,622,622
20260811_121452_stage_B_2C_4168a6e9,1.0,14,24,storage,2,Pch,MW,true,,D014_H24,15,15,623,623
20260811_121452_stage_B_2C_4168a6e9,1.0,14,24,storage,1,Pdis,MW,true,,D014_H24,16,16,624,624
20260811_121452_stage_B_2C_4168a6e9,1.0,14,24,storage,2,Pdis,MW,true,,D014_H24,17,17,625,625
20260811_121452_stage_B_2C_4168a6e9,1.0,14,24,storage,1,SOC,MWh,true,,D014_H24,18,18,626,626
20260811_121452_stage_B_2C_4168a6e9,1.0,14,24,storage,2,SOC,MWh,true,,D014_H24,19,19,627,627
20260811_121452_stage_B_2C_4168a6e9,1.0,15,1,wind,1,PW,MW,true,,D015_H01,1,1,628,628
20260811_121452_stage_B_2C_4168a6e9,1.0,15,1,wind,2,PW,MW,true,,D015_H01,2,2,629,629
20260811_121452_stage_B_2C_4168a6e9,1.0,15,1,wind,3,PW,MW,true,,D015_H01,3,3,630,630
20260811_121452_stage_B_2C_4168a6e9,1.0,15,1,wind,4,PW,MW,true,,D015_H01,4,4,631,631
20260811_121452_stage_B_2C_4168a6e9,1.0,15,1,wind,5,PW,MW,true,,D015_H01,5,5,632,632
20260811_121452_stage_B_2C_4168a6e9,1.0,15,1,hydro,1,PH,MW,true,,D015_H01,6,6,633,633
20260811_121452_stage_B_2C_4168a6e9,1.0,15,1,hydro,2,PH,MW,true,,D015_H01,7,7,634,634
20260811_121452_stage_B_2C_4168a6e9,1.0,15,1,hydro,3,PH,MW,true,,D015_H01,8,8,635,635
20260811_121452_stage_B_2C_4168a6e9,1.0,15,1,hydro,4,PH,MW,true,,D015_H01,9,9,636,636
20260811_121452_stage_B_2C_4168a6e9,1.0,15,1,thermal,1,PF,MW,true,,D015_H01,10,10,637,637
20260811_121452_stage_B_2C_4168a6e9,1.0,15,1,thermal,2,PF,MW,true,,D015_H01,11,11,638,638
20260811_121452_stage_B_2C_4168a6e9,1.0,15,1,thermal,3,PF,MW,true,,D015_H01,12,12,639,639
20260811_121452_stage_B_2C_4168a6e9,1.0,15,1,thermal,4,PF,MW,true,,D015_H01,13,13,640,640
20260811_121452_stage_B_2C_4168a6e9,1.0,15,1,storage,1,Pch,MW,true,,D015_H01,14,14,641,641
20260811_121452_stage_B_2C_4168a6e9,1.0,15,1,storage,2,Pch,MW,true,,D015_H01,15,15,642,642
20260811_121452_stage_B_2C_4168a6e9,1.0,15,1,storage,1,Pdis,MW,true,,D015_H01,16,16,643,643
20260811_121452_stage_B_2C_4168a6e9,1.0,15,1,storage,2,Pdis,MW,true,,D015_H01,17,17,644,644
20260811_121452_stage_B_2C_4168a6e9,1.0,15,1,storage,1,SOC,MWh,true,,D015_H01,18,18,645,645
20260811_121452_stage_B_2C_4168a6e9,1.0,15,1,storage,2,SOC,MWh,true,,D015_H01,19,19,646,646
20260811_121452_stage_B_2C_4168a6e9,1.0,15,2,wind,1,PW,MW,true,,D015_H02,1,1,647,647
20260811_121452_stage_B_2C_4168a6e9,1.0,15,2,wind,2,PW,MW,true,,D015_H02,2,2,648,648
20260811_121452_stage_B_2C_4168a6e9,1.0,15,2,wind,3,PW,MW,true,,D015_H02,3,3,649,649
20260811_121452_stage_B_2C_4168a6e9,1.0,15,2,wind,4,PW,MW,true,,D015_H02,4,4,650,650
20260811_121452_stage_B_2C_4168a6e9,1.0,15,2,wind,5,PW,MW,true,,D015_H02,5,5,651,651
20260811_121452_stage_B_2C_4168a6e9,1.0,15,2,hydro,1,PH,MW,true,,D015_H02,6,6,652,652
20260811_121452_stage_B_2C_4168a6e9,1.0,15,2,hydro,2,PH,MW,true,,D015_H02,7,7,653,653
20260811_121452_stage_B_2C_4168a6e9,1.0,15,2,hydro,3,PH,MW,true,,D015_H02,8,8,654,654
20260811_121452_stage_B_2C_4168a6e9,1.0,15,2,hydro,4,PH,MW,true,,D015_H02,9,9,655,655
20260811_121452_stage_B_2C_4168a6e9,1.0,15,2,thermal,1,PF,MW,true,,D015_H02,10,10,656,656
20260811_121452_stage_B_2C_4168a6e9,1.0,15,2,thermal,2,PF,MW,true,,D015_H02,11,11,657,657
20260811_121452_stage_B_2C_4168a6e9,1.0,15,2,thermal,3,PF,MW,true,,D015_H02,12,12,658,658
20260811_121452_stage_B_2C_4168a6e9,1.0,15,2,thermal,4,PF,MW,true,,D015_H02,13,13,659,659
20260811_121452_stage_B_2C_4168a6e9,1.0,15,2,storage,1,Pch,MW,true,,D015_H02,14,14,660,660
20260811_121452_stage_B_2C_4168a6e9,1.0,15,2,storage,2,Pch,MW,true,,D015_H02,15,15,661,661
20260811_121452_stage_B_2C_4168a6e9,1.0,15,2,storage,1,Pdis,MW,true,,D015_H02,16,16,662,662
20260811_121452_stage_B_2C_4168a6e9,1.0,15,2,storage,2,Pdis,MW,true,,D015_H02,17,17,663,663
20260811_121452_stage_B_2C_4168a6e9,1.0,15,2,storage,1,SOC,MWh,true,,D015_H02,18,18,664,664
20260811_121452_stage_B_2C_4168a6e9,1.0,15,2,storage,2,SOC,MWh,true,,D015_H02,19,19,665,665
20260811_121452_stage_B_2C_4168a6e9,1.0,15,3,wind,1,PW,MW,true,,D015_H03,1,1,666,666
20260811_121452_stage_B_2C_4168a6e9,1.0,15,3,wind,2,PW,MW,true,,D015_H03,2,2,667,667
20260811_121452_stage_B_2C_4168a6e9,1.0,15,3,wind,3,PW,MW,true,,D015_H03,3,3,668,668
20260811_121452_stage_B_2C_4168a6e9,1.0,15,3,wind,4,PW,MW,true,,D015_H03,4,4,669,669
20260811_121452_stage_B_2C_4168a6e9,1.0,15,3,wind,5,PW,MW,true,,D015_H03,5,5,670,670
20260811_121452_stage_B_2C_4168a6e9,1.0,15,3,hydro,1,PH,MW,true,,D015_H03,6,6,671,671
20260811_121452_stage_B_2C_4168a6e9,1.0,15,3,hydro,2,PH,MW,true,,D015_H03,7,7,672,672
20260811_121452_stage_B_2C_4168a6e9,1.0,15,3,hydro,3,PH,MW,true,,D015_H03,8,8,673,673
20260811_121452_stage_B_2C_4168a6e9,1.0,15,3,hydro,4,PH,MW,true,,D015_H03,9,9,674,674
20260811_121452_stage_B_2C_4168a6e9,1.0,15,3,thermal,1,PF,MW,true,,D015_H03,10,10,675,675
20260811_121452_stage_B_2C_4168a6e9,1.0,15,3,thermal,2,PF,MW,true,,D015_H03,11,11,676,676
20260811_121452_stage_B_2C_4168a6e9,1.0,15,3,thermal,3,PF,MW,true,,D015_H03,12,12,677,677
20260811_121452_stage_B_2C_4168a6e9,1.0,15,3,thermal,4,PF,MW,true,,D015_H03,13,13,678,678
20260811_121452_stage_B_2C_4168a6e9,1.0,15,3,storage,1,Pch,MW,true,,D015_H03,14,14,679,679
20260811_121452_stage_B_2C_4168a6e9,1.0,15,3,storage,2,Pch,MW,true,,D015_H03,15,15,680,680
20260811_121452_stage_B_2C_4168a6e9,1.0,15,3,storage,1,Pdis,MW,true,,D015_H03,16,16,681,681
20260811_121452_stage_B_2C_4168a6e9,1.0,15,3,storage,2,Pdis,MW,true,,D015_H03,17,17,682,682
20260811_121452_stage_B_2C_4168a6e9,1.0,15,3,storage,1,SOC,MWh,true,,D015_H03,18,18,683,683
20260811_121452_stage_B_2C_4168a6e9,1.0,15,3,storage,2,SOC,MWh,true,,D015_H03,19,19,684,684
20260811_121452_stage_B_2C_4168a6e9,1.0,15,4,wind,1,PW,MW,true,,D015_H04,1,1,685,685
20260811_121452_stage_B_2C_4168a6e9,1.0,15,4,wind,2,PW,MW,true,,D015_H04,2,2,686,686
20260811_121452_stage_B_2C_4168a6e9,1.0,15,4,wind,3,PW,MW,true,,D015_H04,3,3,687,687
20260811_121452_stage_B_2C_4168a6e9,1.0,15,4,wind,4,PW,MW,true,,D015_H04,4,4,688,688
20260811_121452_stage_B_2C_4168a6e9,1.0,15,4,wind,5,PW,MW,true,,D015_H04,5,5,689,689
20260811_121452_stage_B_2C_4168a6e9,1.0,15,4,hydro,1,PH,MW,true,,D015_H04,6,6,690,690
20260811_121452_stage_B_2C_4168a6e9,1.0,15,4,hydro,2,PH,MW,true,,D015_H04,7,7,691,691
20260811_121452_stage_B_2C_4168a6e9,1.0,15,4,hydro,3,PH,MW,true,,D015_H04,8,8,692,692
20260811_121452_stage_B_2C_4168a6e9,1.0,15,4,hydro,4,PH,MW,true,,D015_H04,9,9,693,693
20260811_121452_stage_B_2C_4168a6e9,1.0,15,4,thermal,1,PF,MW,true,,D015_H04,10,10,694,694
20260811_121452_stage_B_2C_4168a6e9,1.0,15,4,thermal,2,PF,MW,true,,D015_H04,11,11,695,695
20260811_121452_stage_B_2C_4168a6e9,1.0,15,4,thermal,3,PF,MW,true,,D015_H04,12,12,696,696
20260811_121452_stage_B_2C_4168a6e9,1.0,15,4,thermal,4,PF,MW,true,,D015_H04,13,13,697,697
20260811_121452_stage_B_2C_4168a6e9,1.0,15,4,storage,1,Pch,MW,true,,D015_H04,14,14,698,698
20260811_121452_stage_B_2C_4168a6e9,1.0,15,4,storage,2,Pch,MW,true,,D015_H04,15,15,699,699
20260811_121452_stage_B_2C_4168a6e9,1.0,15,4,storage,1,Pdis,MW,true,,D015_H04,16,16,700,700
20260811_121452_stage_B_2C_4168a6e9,1.0,15,4,storage,2,Pdis,MW,true,,D015_H04,17,17,701,701
20260811_121452_stage_B_2C_4168a6e9,1.0,15,4,storage,1,SOC,MWh,true,,D015_H04,18,18,702,702
20260811_121452_stage_B_2C_4168a6e9,1.0,15,4,storage,2,SOC,MWh,true,,D015_H04,19,19,703,703
20260811_121452_stage_B_2C_4168a6e9,1.0,15,5,wind,1,PW,MW,true,,D015_H05,1,1,704,704
20260811_121452_stage_B_2C_4168a6e9,1.0,15,5,wind,2,PW,MW,true,,D015_H05,2,2,705,705
20260811_121452_stage_B_2C_4168a6e9,1.0,15,5,wind,3,PW,MW,true,,D015_H05,3,3,706,706
20260811_121452_stage_B_2C_4168a6e9,1.0,15,5,wind,4,PW,MW,true,,D015_H05,4,4,707,707
20260811_121452_stage_B_2C_4168a6e9,1.0,15,5,wind,5,PW,MW,true,,D015_H05,5,5,708,708
20260811_121452_stage_B_2C_4168a6e9,1.0,15,5,hydro,1,PH,MW,true,,D015_H05,6,6,709,709
20260811_121452_stage_B_2C_4168a6e9,1.0,15,5,hydro,2,PH,MW,true,,D015_H05,7,7,710,710
20260811_121452_stage_B_2C_4168a6e9,1.0,15,5,hydro,3,PH,MW,true,,D015_H05,8,8,711,711
20260811_121452_stage_B_2C_4168a6e9,1.0,15,5,hydro,4,PH,MW,true,,D015_H05,9,9,712,712
20260811_121452_stage_B_2C_4168a6e9,1.0,15,5,thermal,1,PF,MW,true,,D015_H05,10,10,713,713
20260811_121452_stage_B_2C_4168a6e9,1.0,15,5,thermal,2,PF,MW,true,,D015_H05,11,11,714,714
20260811_121452_stage_B_2C_4168a6e9,1.0,15,5,thermal,3,PF,MW,true,,D015_H05,12,12,715,715
20260811_121452_stage_B_2C_4168a6e9,1.0,15,5,thermal,4,PF,MW,true,,D015_H05,13,13,716,716
20260811_121452_stage_B_2C_4168a6e9,1.0,15,5,storage,1,Pch,MW,true,,D015_H05,14,14,717,717
20260811_121452_stage_B_2C_4168a6e9,1.0,15,5,storage,2,Pch,MW,true,,D015_H05,15,15,718,718
20260811_121452_stage_B_2C_4168a6e9,1.0,15,5,storage,1,Pdis,MW,true,,D015_H05,16,16,719,719
20260811_121452_stage_B_2C_4168a6e9,1.0,15,5,storage,2,Pdis,MW,true,,D015_H05,17,17,720,720
20260811_121452_stage_B_2C_4168a6e9,1.0,15,5,storage,1,SOC,MWh,true,,D015_H05,18,18,721,721
20260811_121452_stage_B_2C_4168a6e9,1.0,15,5,storage,2,SOC,MWh,true,,D015_H05,19,19,722,722
20260811_121452_stage_B_2C_4168a6e9,1.0,15,6,wind,1,PW,MW,true,,D015_H06,1,1,723,723
20260811_121452_stage_B_2C_4168a6e9,1.0,15,6,wind,2,PW,MW,true,,D015_H06,2,2,724,724
20260811_121452_stage_B_2C_4168a6e9,1.0,15,6,wind,3,PW,MW,true,,D015_H06,3,3,725,725
20260811_121452_stage_B_2C_4168a6e9,1.0,15,6,wind,4,PW,MW,true,,D015_H06,4,4,726,726
20260811_121452_stage_B_2C_4168a6e9,1.0,15,6,wind,5,PW,MW,true,,D015_H06,5,5,727,727
20260811_121452_stage_B_2C_4168a6e9,1.0,15,6,hydro,1,PH,MW,true,,D015_H06,6,6,728,728
20260811_121452_stage_B_2C_4168a6e9,1.0,15,6,hydro,2,PH,MW,true,,D015_H06,7,7,729,729
20260811_121452_stage_B_2C_4168a6e9,1.0,15,6,hydro,3,PH,MW,true,,D015_H06,8,8,730,730
20260811_121452_stage_B_2C_4168a6e9,1.0,15,6,hydro,4,PH,MW,true,,D015_H06,9,9,731,731
20260811_121452_stage_B_2C_4168a6e9,1.0,15,6,thermal,1,PF,MW,true,,D015_H06,10,10,732,732
20260811_121452_stage_B_2C_4168a6e9,1.0,15,6,thermal,2,PF,MW,true,,D015_H06,11,11,733,733
20260811_121452_stage_B_2C_4168a6e9,1.0,15,6,thermal,3,PF,MW,true,,D015_H06,12,12,734,734
20260811_121452_stage_B_2C_4168a6e9,1.0,15,6,thermal,4,PF,MW,true,,D015_H06,13,13,735,735
20260811_121452_stage_B_2C_4168a6e9,1.0,15,6,storage,1,Pch,MW,true,,D015_H06,14,14,736,736
20260811_121452_stage_B_2C_4168a6e9,1.0,15,6,storage,2,Pch,MW,true,,D015_H06,15,15,737,737
20260811_121452_stage_B_2C_4168a6e9,1.0,15,6,storage,1,Pdis,MW,true,,D015_H06,16,16,738,738
20260811_121452_stage_B_2C_4168a6e9,1.0,15,6,storage,2,Pdis,MW,true,,D015_H06,17,17,739,739
20260811_121452_stage_B_2C_4168a6e9,1.0,15,6,storage,1,SOC,MWh,true,,D015_H06,18,18,740,740
20260811_121452_stage_B_2C_4168a6e9,1.0,15,6,storage,2,SOC,MWh,true,,D015_H06,19,19,741,741
20260811_121452_stage_B_2C_4168a6e9,1.0,15,7,wind,1,PW,MW,true,,D015_H07,1,1,742,742
20260811_121452_stage_B_2C_4168a6e9,1.0,15,7,wind,2,PW,MW,true,,D015_H07,2,2,743,743
20260811_121452_stage_B_2C_4168a6e9,1.0,15,7,wind,3,PW,MW,true,,D015_H07,3,3,744,744
20260811_121452_stage_B_2C_4168a6e9,1.0,15,7,wind,4,PW,MW,true,,D015_H07,4,4,745,745
20260811_121452_stage_B_2C_4168a6e9,1.0,15,7,wind,5,PW,MW,true,,D015_H07,5,5,746,746
20260811_121452_stage_B_2C_4168a6e9,1.0,15,7,hydro,1,PH,MW,true,,D015_H07,6,6,747,747
20260811_121452_stage_B_2C_4168a6e9,1.0,15,7,hydro,2,PH,MW,true,,D015_H07,7,7,748,748
20260811_121452_stage_B_2C_4168a6e9,1.0,15,7,hydro,3,PH,MW,true,,D015_H07,8,8,749,749
20260811_121452_stage_B_2C_4168a6e9,1.0,15,7,hydro,4,PH,MW,true,,D015_H07,9,9,750,750
20260811_121452_stage_B_2C_4168a6e9,1.0,15,7,thermal,1,PF,MW,true,,D015_H07,10,10,751,751
20260811_121452_stage_B_2C_4168a6e9,1.0,15,7,thermal,2,PF,MW,true,,D015_H07,11,11,752,752
20260811_121452_stage_B_2C_4168a6e9,1.0,15,7,thermal,3,PF,MW,true,,D015_H07,12,12,753,753
20260811_121452_stage_B_2C_4168a6e9,1.0,15,7,thermal,4,PF,MW,true,,D015_H07,13,13,754,754
20260811_121452_stage_B_2C_4168a6e9,1.0,15,7,storage,1,Pch,MW,true,,D015_H07,14,14,755,755
20260811_121452_stage_B_2C_4168a6e9,1.0,15,7,storage,2,Pch,MW,true,,D015_H07,15,15,756,756
20260811_121452_stage_B_2C_4168a6e9,1.0,15,7,storage,1,Pdis,MW,true,,D015_H07,16,16,757,757
20260811_121452_stage_B_2C_4168a6e9,1.0,15,7,storage,2,Pdis,MW,true,,D015_H07,17,17,758,758
20260811_121452_stage_B_2C_4168a6e9,1.0,15,7,storage,1,SOC,MWh,true,,D015_H07,18,18,759,759
20260811_121452_stage_B_2C_4168a6e9,1.0,15,7,storage,2,SOC,MWh,true,,D015_H07,19,19,760,760
20260811_121452_stage_B_2C_4168a6e9,1.0,15,8,wind,1,PW,MW,true,,D015_H08,1,1,761,761
20260811_121452_stage_B_2C_4168a6e9,1.0,15,8,wind,2,PW,MW,true,,D015_H08,2,2,762,762
20260811_121452_stage_B_2C_4168a6e9,1.0,15,8,wind,3,PW,MW,true,,D015_H08,3,3,763,763
20260811_121452_stage_B_2C_4168a6e9,1.0,15,8,wind,4,PW,MW,true,,D015_H08,4,4,764,764
20260811_121452_stage_B_2C_4168a6e9,1.0,15,8,wind,5,PW,MW,true,,D015_H08,5,5,765,765
20260811_121452_stage_B_2C_4168a6e9,1.0,15,8,solar,1,PP,MW,true,,D015_H08,6,6,766,766
20260811_121452_stage_B_2C_4168a6e9,1.0,15,8,solar,2,PP,MW,true,,D015_H08,7,7,767,767
20260811_121452_stage_B_2C_4168a6e9,1.0,15,8,solar,3,PP,MW,true,,D015_H08,8,8,768,768
20260811_121452_stage_B_2C_4168a6e9,1.0,15,8,solar,4,PP,MW,true,,D015_H08,9,9,769,769
20260811_121452_stage_B_2C_4168a6e9,1.0,15,8,solar,5,PP,MW,true,,D015_H08,10,10,770,770
20260811_121452_stage_B_2C_4168a6e9,1.0,15,8,hydro,1,PH,MW,true,,D015_H08,11,11,771,771
20260811_121452_stage_B_2C_4168a6e9,1.0,15,8,hydro,2,PH,MW,true,,D015_H08,12,12,772,772
20260811_121452_stage_B_2C_4168a6e9,1.0,15,8,hydro,3,PH,MW,true,,D015_H08,13,13,773,773
20260811_121452_stage_B_2C_4168a6e9,1.0,15,8,hydro,4,PH,MW,true,,D015_H08,14,14,774,774
20260811_121452_stage_B_2C_4168a6e9,1.0,15,8,thermal,1,PF,MW,true,,D015_H08,15,15,775,775
20260811_121452_stage_B_2C_4168a6e9,1.0,15,8,thermal,2,PF,MW,true,,D015_H08,16,16,776,776
20260811_121452_stage_B_2C_4168a6e9,1.0,15,8,thermal,3,PF,MW,true,,D015_H08,17,17,777,777
20260811_121452_stage_B_2C_4168a6e9,1.0,15,8,thermal,4,PF,MW,true,,D015_H08,18,18,778,778
20260811_121452_stage_B_2C_4168a6e9,1.0,15,8,storage,1,Pch,MW,true,,D015_H08,19,19,779,779
20260811_121452_stage_B_2C_4168a6e9,1.0,15,8,storage,2,Pch,MW,true,,D015_H08,20,20,780,780
20260811_121452_stage_B_2C_4168a6e9,1.0,15,8,storage,1,Pdis,MW,true,,D015_H08,21,21,781,781
20260811_121452_stage_B_2C_4168a6e9,1.0,15,8,storage,2,Pdis,MW,true,,D015_H08,22,22,782,782
20260811_121452_stage_B_2C_4168a6e9,1.0,15,8,storage,1,SOC,MWh,true,,D015_H08,23,23,783,783
20260811_121452_stage_B_2C_4168a6e9,1.0,15,8,storage,2,SOC,MWh,true,,D015_H08,24,24,784,784
20260811_121452_stage_B_2C_4168a6e9,1.0,15,9,wind,1,PW,MW,true,,D015_H09,1,1,785,785
20260811_121452_stage_B_2C_4168a6e9,1.0,15,9,wind,2,PW,MW,true,,D015_H09,2,2,786,786
20260811_121452_stage_B_2C_4168a6e9,1.0,15,9,wind,3,PW,MW,true,,D015_H09,3,3,787,787
20260811_121452_stage_B_2C_4168a6e9,1.0,15,9,wind,4,PW,MW,true,,D015_H09,4,4,788,788
20260811_121452_stage_B_2C_4168a6e9,1.0,15,9,wind,5,PW,MW,true,,D015_H09,5,5,789,789
20260811_121452_stage_B_2C_4168a6e9,1.0,15,9,solar,1,PP,MW,true,,D015_H09,6,6,790,790
20260811_121452_stage_B_2C_4168a6e9,1.0,15,9,solar,2,PP,MW,true,,D015_H09,7,7,791,791
20260811_121452_stage_B_2C_4168a6e9,1.0,15,9,solar,3,PP,MW,true,,D015_H09,8,8,792,792
20260811_121452_stage_B_2C_4168a6e9,1.0,15,9,solar,4,PP,MW,true,,D015_H09,9,9,793,793
20260811_121452_stage_B_2C_4168a6e9,1.0,15,9,solar,5,PP,MW,true,,D015_H09,10,10,794,794
20260811_121452_stage_B_2C_4168a6e9,1.0,15,9,hydro,1,PH,MW,true,,D015_H09,11,11,795,795
20260811_121452_stage_B_2C_4168a6e9,1.0,15,9,hydro,2,PH,MW,true,,D015_H09,12,12,796,796
20260811_121452_stage_B_2C_4168a6e9,1.0,15,9,hydro,3,PH,MW,true,,D015_H09,13,13,797,797
20260811_121452_stage_B_2C_4168a6e9,1.0,15,9,hydro,4,PH,MW,true,,D015_H09,14,14,798,798
20260811_121452_stage_B_2C_4168a6e9,1.0,15,9,thermal,1,PF,MW,true,,D015_H09,15,15,799,799
20260811_121452_stage_B_2C_4168a6e9,1.0,15,9,thermal,2,PF,MW,true,,D015_H09,16,16,800,800
20260811_121452_stage_B_2C_4168a6e9,1.0,15,9,thermal,3,PF,MW,true,,D015_H09,17,17,801,801
20260811_121452_stage_B_2C_4168a6e9,1.0,15,9,thermal,4,PF,MW,true,,D015_H09,18,18,802,802
20260811_121452_stage_B_2C_4168a6e9,1.0,15,9,storage,1,Pch,MW,true,,D015_H09,19,19,803,803
20260811_121452_stage_B_2C_4168a6e9,1.0,15,9,storage,2,Pch,MW,true,,D015_H09,20,20,804,804
20260811_121452_stage_B_2C_4168a6e9,1.0,15,9,storage,1,Pdis,MW,true,,D015_H09,21,21,805,805
20260811_121452_stage_B_2C_4168a6e9,1.0,15,9,storage,2,Pdis,MW,true,,D015_H09,22,22,806,806
20260811_121452_stage_B_2C_4168a6e9,1.0,15,9,storage,1,SOC,MWh,true,,D015_H09,23,23,807,807
20260811_121452_stage_B_2C_4168a6e9,1.0,15,9,storage,2,SOC,MWh,true,,D015_H09,24,24,808,808
20260811_121452_stage_B_2C_4168a6e9,1.0,15,10,wind,1,PW,MW,true,,D015_H10,1,1,809,809
20260811_121452_stage_B_2C_4168a6e9,1.0,15,10,wind,2,PW,MW,true,,D015_H10,2,2,810,810
20260811_121452_stage_B_2C_4168a6e9,1.0,15,10,wind,3,PW,MW,true,,D015_H10,3,3,811,811
20260811_121452_stage_B_2C_4168a6e9,1.0,15,10,wind,4,PW,MW,true,,D015_H10,4,4,812,812
20260811_121452_stage_B_2C_4168a6e9,1.0,15,10,wind,5,PW,MW,true,,D015_H10,5,5,813,813
20260811_121452_stage_B_2C_4168a6e9,1.0,15,10,solar,1,PP,MW,true,,D015_H10,6,6,814,814
20260811_121452_stage_B_2C_4168a6e9,1.0,15,10,solar,2,PP,MW,true,,D015_H10,7,7,815,815
20260811_121452_stage_B_2C_4168a6e9,1.0,15,10,solar,3,PP,MW,true,,D015_H10,8,8,816,816
20260811_121452_stage_B_2C_4168a6e9,1.0,15,10,solar,4,PP,MW,true,,D015_H10,9,9,817,817
20260811_121452_stage_B_2C_4168a6e9,1.0,15,10,solar,5,PP,MW,true,,D015_H10,10,10,818,818
20260811_121452_stage_B_2C_4168a6e9,1.0,15,10,hydro,1,PH,MW,true,,D015_H10,11,11,819,819
20260811_121452_stage_B_2C_4168a6e9,1.0,15,10,hydro,2,PH,MW,true,,D015_H10,12,12,820,820
20260811_121452_stage_B_2C_4168a6e9,1.0,15,10,hydro,3,PH,MW,true,,D015_H10,13,13,821,821
20260811_121452_stage_B_2C_4168a6e9,1.0,15,10,hydro,4,PH,MW,true,,D015_H10,14,14,822,822
20260811_121452_stage_B_2C_4168a6e9,1.0,15,10,thermal,1,PF,MW,true,,D015_H10,15,15,823,823
20260811_121452_stage_B_2C_4168a6e9,1.0,15,10,thermal,2,PF,MW,true,,D015_H10,16,16,824,824
20260811_121452_stage_B_2C_4168a6e9,1.0,15,10,thermal,3,PF,MW,true,,D015_H10,17,17,825,825
20260811_121452_stage_B_2C_4168a6e9,1.0,15,10,thermal,4,PF,MW,true,,D015_H10,18,18,826,826
20260811_121452_stage_B_2C_4168a6e9,1.0,15,10,storage,1,Pch,MW,true,,D015_H10,19,19,827,827
20260811_121452_stage_B_2C_4168a6e9,1.0,15,10,storage,2,Pch,MW,true,,D015_H10,20,20,828,828
20260811_121452_stage_B_2C_4168a6e9,1.0,15,10,storage,1,Pdis,MW,true,,D015_H10,21,21,829,829
20260811_121452_stage_B_2C_4168a6e9,1.0,15,10,storage,2,Pdis,MW,true,,D015_H10,22,22,830,830
20260811_121452_stage_B_2C_4168a6e9,1.0,15,10,storage,1,SOC,MWh,true,,D015_H10,23,23,831,831
20260811_121452_stage_B_2C_4168a6e9,1.0,15,10,storage,2,SOC,MWh,true,,D015_H10,24,24,832,832
20260811_121452_stage_B_2C_4168a6e9,1.0,15,11,wind,1,PW,MW,true,,D015_H11,1,1,833,833
20260811_121452_stage_B_2C_4168a6e9,1.0,15,11,wind,2,PW,MW,true,,D015_H11,2,2,834,834
20260811_121452_stage_B_2C_4168a6e9,1.0,15,11,wind,3,PW,MW,true,,D015_H11,3,3,835,835
20260811_121452_stage_B_2C_4168a6e9,1.0,15,11,wind,4,PW,MW,true,,D015_H11,4,4,836,836
20260811_121452_stage_B_2C_4168a6e9,1.0,15,11,wind,5,PW,MW,true,,D015_H11,5,5,837,837
20260811_121452_stage_B_2C_4168a6e9,1.0,15,11,solar,1,PP,MW,true,,D015_H11,6,6,838,838
20260811_121452_stage_B_2C_4168a6e9,1.0,15,11,solar,2,PP,MW,true,,D015_H11,7,7,839,839
20260811_121452_stage_B_2C_4168a6e9,1.0,15,11,solar,3,PP,MW,true,,D015_H11,8,8,840,840
20260811_121452_stage_B_2C_4168a6e9,1.0,15,11,solar,4,PP,MW,true,,D015_H11,9,9,841,841
20260811_121452_stage_B_2C_4168a6e9,1.0,15,11,solar,5,PP,MW,true,,D015_H11,10,10,842,842
20260811_121452_stage_B_2C_4168a6e9,1.0,15,11,hydro,1,PH,MW,true,,D015_H11,11,11,843,843
20260811_121452_stage_B_2C_4168a6e9,1.0,15,11,hydro,2,PH,MW,true,,D015_H11,12,12,844,844
20260811_121452_stage_B_2C_4168a6e9,1.0,15,11,hydro,3,PH,MW,true,,D015_H11,13,13,845,845
20260811_121452_stage_B_2C_4168a6e9,1.0,15,11,hydro,4,PH,MW,true,,D015_H11,14,14,846,846
20260811_121452_stage_B_2C_4168a6e9,1.0,15,11,thermal,1,PF,MW,true,,D015_H11,15,15,847,847
20260811_121452_stage_B_2C_4168a6e9,1.0,15,11,thermal,2,PF,MW,true,,D015_H11,16,16,848,848
20260811_121452_stage_B_2C_4168a6e9,1.0,15,11,thermal,3,PF,MW,true,,D015_H11,17,17,849,849
20260811_121452_stage_B_2C_4168a6e9,1.0,15,11,thermal,4,PF,MW,true,,D015_H11,18,18,850,850
20260811_121452_stage_B_2C_4168a6e9,1.0,15,11,storage,1,Pch,MW,true,,D015_H11,19,19,851,851
20260811_121452_stage_B_2C_4168a6e9,1.0,15,11,storage,2,Pch,MW,true,,D015_H11,20,20,852,852
20260811_121452_stage_B_2C_4168a6e9,1.0,15,11,storage,1,Pdis,MW,true,,D015_H11,21,21,853,853
20260811_121452_stage_B_2C_4168a6e9,1.0,15,11,storage,2,Pdis,MW,true,,D015_H11,22,22,854,854
20260811_121452_stage_B_2C_4168a6e9,1.0,15,11,storage,1,SOC,MWh,true,,D015_H11,23,23,855,855
20260811_121452_stage_B_2C_4168a6e9,1.0,15,11,storage,2,SOC,MWh,true,,D015_H11,24,24,856,856
20260811_121452_stage_B_2C_4168a6e9,1.0,15,12,wind,1,PW,MW,true,,D015_H12,1,1,857,857
20260811_121452_stage_B_2C_4168a6e9,1.0,15,12,wind,2,PW,MW,true,,D015_H12,2,2,858,858
20260811_121452_stage_B_2C_4168a6e9,1.0,15,12,wind,3,PW,MW,true,,D015_H12,3,3,859,859
20260811_121452_stage_B_2C_4168a6e9,1.0,15,12,wind,4,PW,MW,true,,D015_H12,4,4,860,860
20260811_121452_stage_B_2C_4168a6e9,1.0,15,12,wind,5,PW,MW,true,,D015_H12,5,5,861,861
20260811_121452_stage_B_2C_4168a6e9,1.0,15,12,solar,1,PP,MW,true,,D015_H12,6,6,862,862
20260811_121452_stage_B_2C_4168a6e9,1.0,15,12,solar,2,PP,MW,true,,D015_H12,7,7,863,863
20260811_121452_stage_B_2C_4168a6e9,1.0,15,12,solar,3,PP,MW,true,,D015_H12,8,8,864,864
20260811_121452_stage_B_2C_4168a6e9,1.0,15,12,solar,4,PP,MW,true,,D015_H12,9,9,865,865
20260811_121452_stage_B_2C_4168a6e9,1.0,15,12,solar,5,PP,MW,true,,D015_H12,10,10,866,866
20260811_121452_stage_B_2C_4168a6e9,1.0,15,12,hydro,1,PH,MW,true,,D015_H12,11,11,867,867
20260811_121452_stage_B_2C_4168a6e9,1.0,15,12,hydro,2,PH,MW,true,,D015_H12,12,12,868,868
20260811_121452_stage_B_2C_4168a6e9,1.0,15,12,hydro,3,PH,MW,true,,D015_H12,13,13,869,869
20260811_121452_stage_B_2C_4168a6e9,1.0,15,12,hydro,4,PH,MW,true,,D015_H12,14,14,870,870
20260811_121452_stage_B_2C_4168a6e9,1.0,15,12,thermal,1,PF,MW,true,,D015_H12,15,15,871,871
20260811_121452_stage_B_2C_4168a6e9,1.0,15,12,thermal,2,PF,MW,true,,D015_H12,16,16,872,872
20260811_121452_stage_B_2C_4168a6e9,1.0,15,12,thermal,3,PF,MW,true,,D015_H12,17,17,873,873
20260811_121452_stage_B_2C_4168a6e9,1.0,15,12,thermal,4,PF,MW,true,,D015_H12,18,18,874,874
20260811_121452_stage_B_2C_4168a6e9,1.0,15,12,storage,1,Pch,MW,true,,D015_H12,19,19,875,875
20260811_121452_stage_B_2C_4168a6e9,1.0,15,12,storage,2,Pch,MW,true,,D015_H12,20,20,876,876
20260811_121452_stage_B_2C_4168a6e9,1.0,15,12,storage,1,Pdis,MW,true,,D015_H12,21,21,877,877
20260811_121452_stage_B_2C_4168a6e9,1.0,15,12,storage,2,Pdis,MW,true,,D015_H12,22,22,878,878
20260811_121452_stage_B_2C_4168a6e9,1.0,15,12,storage,1,SOC,MWh,true,,D015_H12,23,23,879,879
20260811_121452_stage_B_2C_4168a6e9,1.0,15,12,storage,2,SOC,MWh,true,,D015_H12,24,24,880,880
20260811_121452_stage_B_2C_4168a6e9,1.0,15,13,wind,1,PW,MW,true,,D015_H13,1,1,881,881
20260811_121452_stage_B_2C_4168a6e9,1.0,15,13,wind,2,PW,MW,true,,D015_H13,2,2,882,882
20260811_121452_stage_B_2C_4168a6e9,1.0,15,13,wind,3,PW,MW,true,,D015_H13,3,3,883,883
20260811_121452_stage_B_2C_4168a6e9,1.0,15,13,wind,4,PW,MW,true,,D015_H13,4,4,884,884
20260811_121452_stage_B_2C_4168a6e9,1.0,15,13,wind,5,PW,MW,true,,D015_H13,5,5,885,885
20260811_121452_stage_B_2C_4168a6e9,1.0,15,13,solar,1,PP,MW,true,,D015_H13,6,6,886,886
20260811_121452_stage_B_2C_4168a6e9,1.0,15,13,solar,2,PP,MW,true,,D015_H13,7,7,887,887
20260811_121452_stage_B_2C_4168a6e9,1.0,15,13,solar,3,PP,MW,true,,D015_H13,8,8,888,888
20260811_121452_stage_B_2C_4168a6e9,1.0,15,13,solar,4,PP,MW,true,,D015_H13,9,9,889,889
20260811_121452_stage_B_2C_4168a6e9,1.0,15,13,solar,5,PP,MW,true,,D015_H13,10,10,890,890
20260811_121452_stage_B_2C_4168a6e9,1.0,15,13,hydro,1,PH,MW,true,,D015_H13,11,11,891,891
20260811_121452_stage_B_2C_4168a6e9,1.0,15,13,hydro,2,PH,MW,true,,D015_H13,12,12,892,892
20260811_121452_stage_B_2C_4168a6e9,1.0,15,13,hydro,3,PH,MW,true,,D015_H13,13,13,893,893
20260811_121452_stage_B_2C_4168a6e9,1.0,15,13,hydro,4,PH,MW,true,,D015_H13,14,14,894,894
20260811_121452_stage_B_2C_4168a6e9,1.0,15,13,thermal,1,PF,MW,true,,D015_H13,15,15,895,895
20260811_121452_stage_B_2C_4168a6e9,1.0,15,13,thermal,2,PF,MW,true,,D015_H13,16,16,896,896
20260811_121452_stage_B_2C_4168a6e9,1.0,15,13,thermal,3,PF,MW,true,,D015_H13,17,17,897,897
20260811_121452_stage_B_2C_4168a6e9,1.0,15,13,thermal,4,PF,MW,true,,D015_H13,18,18,898,898
20260811_121452_stage_B_2C_4168a6e9,1.0,15,13,storage,1,Pch,MW,true,,D015_H13,19,19,899,899
20260811_121452_stage_B_2C_4168a6e9,1.0,15,13,storage,2,Pch,MW,true,,D015_H13,20,20,900,900
20260811_121452_stage_B_2C_4168a6e9,1.0,15,13,storage,1,Pdis,MW,true,,D015_H13,21,21,901,901
20260811_121452_stage_B_2C_4168a6e9,1.0,15,13,storage,2,Pdis,MW,true,,D015_H13,22,22,902,902
20260811_121452_stage_B_2C_4168a6e9,1.0,15,13,storage,1,SOC,MWh,true,,D015_H13,23,23,903,903
20260811_121452_stage_B_2C_4168a6e9,1.0,15,13,storage,2,SOC,MWh,true,,D015_H13,24,24,904,904
20260811_121452_stage_B_2C_4168a6e9,1.0,15,14,wind,1,PW,MW,true,,D015_H14,1,1,905,905
20260811_121452_stage_B_2C_4168a6e9,1.0,15,14,wind,2,PW,MW,true,,D015_H14,2,2,906,906
20260811_121452_stage_B_2C_4168a6e9,1.0,15,14,wind,3,PW,MW,true,,D015_H14,3,3,907,907
20260811_121452_stage_B_2C_4168a6e9,1.0,15,14,wind,4,PW,MW,true,,D015_H14,4,4,908,908
20260811_121452_stage_B_2C_4168a6e9,1.0,15,14,wind,5,PW,MW,true,,D015_H14,5,5,909,909
20260811_121452_stage_B_2C_4168a6e9,1.0,15,14,solar,1,PP,MW,true,,D015_H14,6,6,910,910
20260811_121452_stage_B_2C_4168a6e9,1.0,15,14,solar,2,PP,MW,true,,D015_H14,7,7,911,911
20260811_121452_stage_B_2C_4168a6e9,1.0,15,14,solar,3,PP,MW,true,,D015_H14,8,8,912,912
20260811_121452_stage_B_2C_4168a6e9,1.0,15,14,solar,4,PP,MW,true,,D015_H14,9,9,913,913
20260811_121452_stage_B_2C_4168a6e9,1.0,15,14,solar,5,PP,MW,true,,D015_H14,10,10,914,914
20260811_121452_stage_B_2C_4168a6e9,1.0,15,14,hydro,1,PH,MW,true,,D015_H14,11,11,915,915
20260811_121452_stage_B_2C_4168a6e9,1.0,15,14,hydro,2,PH,MW,true,,D015_H14,12,12,916,916
20260811_121452_stage_B_2C_4168a6e9,1.0,15,14,hydro,3,PH,MW,true,,D015_H14,13,13,917,917
20260811_121452_stage_B_2C_4168a6e9,1.0,15,14,hydro,4,PH,MW,true,,D015_H14,14,14,918,918
20260811_121452_stage_B_2C_4168a6e9,1.0,15,14,thermal,1,PF,MW,true,,D015_H14,15,15,919,919
20260811_121452_stage_B_2C_4168a6e9,1.0,15,14,thermal,2,PF,MW,true,,D015_H14,16,16,920,920
20260811_121452_stage_B_2C_4168a6e9,1.0,15,14,thermal,3,PF,MW,true,,D015_H14,17,17,921,921
20260811_121452_stage_B_2C_4168a6e9,1.0,15,14,thermal,4,PF,MW,true,,D015_H14,18,18,922,922
20260811_121452_stage_B_2C_4168a6e9,1.0,15,14,storage,1,Pch,MW,true,,D015_H14,19,19,923,923
20260811_121452_stage_B_2C_4168a6e9,1.0,15,14,storage,2,Pch,MW,true,,D015_H14,20,20,924,924
20260811_121452_stage_B_2C_4168a6e9,1.0,15,14,storage,1,Pdis,MW,true,,D015_H14,21,21,925,925
20260811_121452_stage_B_2C_4168a6e9,1.0,15,14,storage,2,Pdis,MW,true,,D015_H14,22,22,926,926
20260811_121452_stage_B_2C_4168a6e9,1.0,15,14,storage,1,SOC,MWh,true,,D015_H14,23,23,927,927
20260811_121452_stage_B_2C_4168a6e9,1.0,15,14,storage,2,SOC,MWh,true,,D015_H14,24,24,928,928
20260811_121452_stage_B_2C_4168a6e9,1.0,15,15,wind,1,PW,MW,true,,D015_H15,1,1,929,929
20260811_121452_stage_B_2C_4168a6e9,1.0,15,15,wind,2,PW,MW,true,,D015_H15,2,2,930,930
20260811_121452_stage_B_2C_4168a6e9,1.0,15,15,wind,3,PW,MW,true,,D015_H15,3,3,931,931
20260811_121452_stage_B_2C_4168a6e9,1.0,15,15,wind,4,PW,MW,true,,D015_H15,4,4,932,932
20260811_121452_stage_B_2C_4168a6e9,1.0,15,15,wind,5,PW,MW,true,,D015_H15,5,5,933,933
20260811_121452_stage_B_2C_4168a6e9,1.0,15,15,solar,1,PP,MW,true,,D015_H15,6,6,934,934
20260811_121452_stage_B_2C_4168a6e9,1.0,15,15,solar,2,PP,MW,true,,D015_H15,7,7,935,935
20260811_121452_stage_B_2C_4168a6e9,1.0,15,15,solar,3,PP,MW,true,,D015_H15,8,8,936,936
20260811_121452_stage_B_2C_4168a6e9,1.0,15,15,solar,4,PP,MW,true,,D015_H15,9,9,937,937
20260811_121452_stage_B_2C_4168a6e9,1.0,15,15,solar,5,PP,MW,true,,D015_H15,10,10,938,938
20260811_121452_stage_B_2C_4168a6e9,1.0,15,15,hydro,1,PH,MW,true,,D015_H15,11,11,939,939
20260811_121452_stage_B_2C_4168a6e9,1.0,15,15,hydro,2,PH,MW,true,,D015_H15,12,12,940,940
20260811_121452_stage_B_2C_4168a6e9,1.0,15,15,hydro,3,PH,MW,true,,D015_H15,13,13,941,941
20260811_121452_stage_B_2C_4168a6e9,1.0,15,15,hydro,4,PH,MW,true,,D015_H15,14,14,942,942
20260811_121452_stage_B_2C_4168a6e9,1.0,15,15,thermal,1,PF,MW,true,,D015_H15,15,15,943,943
20260811_121452_stage_B_2C_4168a6e9,1.0,15,15,thermal,2,PF,MW,true,,D015_H15,16,16,944,944
20260811_121452_stage_B_2C_4168a6e9,1.0,15,15,thermal,3,PF,MW,true,,D015_H15,17,17,945,945
20260811_121452_stage_B_2C_4168a6e9,1.0,15,15,thermal,4,PF,MW,true,,D015_H15,18,18,946,946
20260811_121452_stage_B_2C_4168a6e9,1.0,15,15,storage,1,Pch,MW,true,,D015_H15,19,19,947,947
20260811_121452_stage_B_2C_4168a6e9,1.0,15,15,storage,2,Pch,MW,true,,D015_H15,20,20,948,948
20260811_121452_stage_B_2C_4168a6e9,1.0,15,15,storage,1,Pdis,MW,true,,D015_H15,21,21,949,949
20260811_121452_stage_B_2C_4168a6e9,1.0,15,15,storage,2,Pdis,MW,true,,D015_H15,22,22,950,950
20260811_121452_stage_B_2C_4168a6e9,1.0,15,15,storage,1,SOC,MWh,true,,D015_H15,23,23,951,951
20260811_121452_stage_B_2C_4168a6e9,1.0,15,15,storage,2,SOC,MWh,true,,D015_H15,24,24,952,952
20260811_121452_stage_B_2C_4168a6e9,1.0,15,16,wind,1,PW,MW,true,,D015_H16,1,1,953,953
20260811_121452_stage_B_2C_4168a6e9,1.0,15,16,wind,2,PW,MW,true,,D015_H16,2,2,954,954
20260811_121452_stage_B_2C_4168a6e9,1.0,15,16,wind,3,PW,MW,true,,D015_H16,3,3,955,955
20260811_121452_stage_B_2C_4168a6e9,1.0,15,16,wind,4,PW,MW,true,,D015_H16,4,4,956,956
20260811_121452_stage_B_2C_4168a6e9,1.0,15,16,wind,5,PW,MW,true,,D015_H16,5,5,957,957
20260811_121452_stage_B_2C_4168a6e9,1.0,15,16,solar,1,PP,MW,true,,D015_H16,6,6,958,958
20260811_121452_stage_B_2C_4168a6e9,1.0,15,16,solar,2,PP,MW,true,,D015_H16,7,7,959,959
20260811_121452_stage_B_2C_4168a6e9,1.0,15,16,solar,3,PP,MW,true,,D015_H16,8,8,960,960
20260811_121452_stage_B_2C_4168a6e9,1.0,15,16,solar,4,PP,MW,true,,D015_H16,9,9,961,961
20260811_121452_stage_B_2C_4168a6e9,1.0,15,16,solar,5,PP,MW,true,,D015_H16,10,10,962,962
20260811_121452_stage_B_2C_4168a6e9,1.0,15,16,hydro,1,PH,MW,true,,D015_H16,11,11,963,963
20260811_121452_stage_B_2C_4168a6e9,1.0,15,16,hydro,2,PH,MW,true,,D015_H16,12,12,964,964
20260811_121452_stage_B_2C_4168a6e9,1.0,15,16,hydro,3,PH,MW,true,,D015_H16,13,13,965,965
20260811_121452_stage_B_2C_4168a6e9,1.0,15,16,hydro,4,PH,MW,true,,D015_H16,14,14,966,966
20260811_121452_stage_B_2C_4168a6e9,1.0,15,16,thermal,1,PF,MW,true,,D015_H16,15,15,967,967
20260811_121452_stage_B_2C_4168a6e9,1.0,15,16,thermal,2,PF,MW,true,,D015_H16,16,16,968,968
20260811_121452_stage_B_2C_4168a6e9,1.0,15,16,thermal,3,PF,MW,true,,D015_H16,17,17,969,969
20260811_121452_stage_B_2C_4168a6e9,1.0,15,16,thermal,4,PF,MW,true,,D015_H16,18,18,970,970
20260811_121452_stage_B_2C_4168a6e9,1.0,15,16,storage,1,Pch,MW,true,,D015_H16,19,19,971,971
20260811_121452_stage_B_2C_4168a6e9,1.0,15,16,storage,2,Pch,MW,true,,D015_H16,20,20,972,972
20260811_121452_stage_B_2C_4168a6e9,1.0,15,16,storage,1,Pdis,MW,true,,D015_H16,21,21,973,973
20260811_121452_stage_B_2C_4168a6e9,1.0,15,16,storage,2,Pdis,MW,true,,D015_H16,22,22,974,974
20260811_121452_stage_B_2C_4168a6e9,1.0,15,16,storage,1,SOC,MWh,true,,D015_H16,23,23,975,975
20260811_121452_stage_B_2C_4168a6e9,1.0,15,16,storage,2,SOC,MWh,true,,D015_H16,24,24,976,976
20260811_121452_stage_B_2C_4168a6e9,1.0,15,17,wind,1,PW,MW,true,,D015_H17,1,1,977,977
20260811_121452_stage_B_2C_4168a6e9,1.0,15,17,wind,2,PW,MW,true,,D015_H17,2,2,978,978
20260811_121452_stage_B_2C_4168a6e9,1.0,15,17,wind,3,PW,MW,true,,D015_H17,3,3,979,979
20260811_121452_stage_B_2C_4168a6e9,1.0,15,17,wind,4,PW,MW,true,,D015_H17,4,4,980,980
20260811_121452_stage_B_2C_4168a6e9,1.0,15,17,wind,5,PW,MW,true,,D015_H17,5,5,981,981
20260811_121452_stage_B_2C_4168a6e9,1.0,15,17,solar,1,PP,MW,true,,D015_H17,6,6,982,982
20260811_121452_stage_B_2C_4168a6e9,1.0,15,17,solar,2,PP,MW,true,,D015_H17,7,7,983,983
20260811_121452_stage_B_2C_4168a6e9,1.0,15,17,solar,3,PP,MW,true,,D015_H17,8,8,984,984
20260811_121452_stage_B_2C_4168a6e9,1.0,15,17,solar,4,PP,MW,true,,D015_H17,9,9,985,985
20260811_121452_stage_B_2C_4168a6e9,1.0,15,17,solar,5,PP,MW,true,,D015_H17,10,10,986,986
20260811_121452_stage_B_2C_4168a6e9,1.0,15,17,hydro,1,PH,MW,true,,D015_H17,11,11,987,987
20260811_121452_stage_B_2C_4168a6e9,1.0,15,17,hydro,2,PH,MW,true,,D015_H17,12,12,988,988
20260811_121452_stage_B_2C_4168a6e9,1.0,15,17,hydro,3,PH,MW,true,,D015_H17,13,13,989,989
20260811_121452_stage_B_2C_4168a6e9,1.0,15,17,hydro,4,PH,MW,true,,D015_H17,14,14,990,990
20260811_121452_stage_B_2C_4168a6e9,1.0,15,17,thermal,1,PF,MW,true,,D015_H17,15,15,991,991
20260811_121452_stage_B_2C_4168a6e9,1.0,15,17,thermal,2,PF,MW,true,,D015_H17,16,16,992,992
20260811_121452_stage_B_2C_4168a6e9,1.0,15,17,thermal,3,PF,MW,true,,D015_H17,17,17,993,993
20260811_121452_stage_B_2C_4168a6e9,1.0,15,17,thermal,4,PF,MW,true,,D015_H17,18,18,994,994
20260811_121452_stage_B_2C_4168a6e9,1.0,15,17,storage,1,Pch,MW,true,,D015_H17,19,19,995,995
20260811_121452_stage_B_2C_4168a6e9,1.0,15,17,storage,2,Pch,MW,true,,D015_H17,20,20,996,996
20260811_121452_stage_B_2C_4168a6e9,1.0,15,17,storage,1,Pdis,MW,true,,D015_H17,21,21,997,997
20260811_121452_stage_B_2C_4168a6e9,1.0,15,17,storage,2,Pdis,MW,true,,D015_H17,22,22,998,998
20260811_121452_stage_B_2C_4168a6e9,1.0,15,17,storage,1,SOC,MWh,true,,D015_H17,23,23,999,999
20260811_121452_stage_B_2C_4168a6e9,1.0,15,17,storage,2,SOC,MWh,true,,D015_H17,24,24,1000,1000
20260811_121452_stage_B_2C_4168a6e9,1.0,15,18,wind,1,PW,MW,true,,D015_H18,1,1,1001,1001
20260811_121452_stage_B_2C_4168a6e9,1.0,15,18,wind,2,PW,MW,true,,D015_H18,2,2,1002,1002
20260811_121452_stage_B_2C_4168a6e9,1.0,15,18,wind,3,PW,MW,true,,D015_H18,3,3,1003,1003
20260811_121452_stage_B_2C_4168a6e9,1.0,15,18,wind,4,PW,MW,true,,D015_H18,4,4,1004,1004
20260811_121452_stage_B_2C_4168a6e9,1.0,15,18,wind,5,PW,MW,true,,D015_H18,5,5,1005,1005
20260811_121452_stage_B_2C_4168a6e9,1.0,15,18,solar,1,PP,MW,true,,D015_H18,6,6,1006,1006
20260811_121452_stage_B_2C_4168a6e9,1.0,15,18,solar,2,PP,MW,true,,D015_H18,7,7,1007,1007
20260811_121452_stage_B_2C_4168a6e9,1.0,15,18,solar,3,PP,MW,true,,D015_H18,8,8,1008,1008
20260811_121452_stage_B_2C_4168a6e9,1.0,15,18,solar,4,PP,MW,true,,D015_H18,9,9,1009,1009
20260811_121452_stage_B_2C_4168a6e9,1.0,15,18,solar,5,PP,MW,true,,D015_H18,10,10,1010,1010
20260811_121452_stage_B_2C_4168a6e9,1.0,15,18,hydro,1,PH,MW,true,,D015_H18,11,11,1011,1011
20260811_121452_stage_B_2C_4168a6e9,1.0,15,18,hydro,2,PH,MW,true,,D015_H18,12,12,1012,1012
20260811_121452_stage_B_2C_4168a6e9,1.0,15,18,hydro,3,PH,MW,true,,D015_H18,13,13,1013,1013
20260811_121452_stage_B_2C_4168a6e9,1.0,15,18,hydro,4,PH,MW,true,,D015_H18,14,14,1014,1014
20260811_121452_stage_B_2C_4168a6e9,1.0,15,18,thermal,1,PF,MW,true,,D015_H18,15,15,1015,1015
20260811_121452_stage_B_2C_4168a6e9,1.0,15,18,thermal,2,PF,MW,true,,D015_H18,16,16,1016,1016
20260811_121452_stage_B_2C_4168a6e9,1.0,15,18,thermal,3,PF,MW,true,,D015_H18,17,17,1017,1017
20260811_121452_stage_B_2C_4168a6e9,1.0,15,18,thermal,4,PF,MW,true,,D015_H18,18,18,1018,1018
20260811_121452_stage_B_2C_4168a6e9,1.0,15,18,storage,1,Pch,MW,true,,D015_H18,19,19,1019,1019
20260811_121452_stage_B_2C_4168a6e9,1.0,15,18,storage,2,Pch,MW,true,,D015_H18,20,20,1020,1020
20260811_121452_stage_B_2C_4168a6e9,1.0,15,18,storage,1,Pdis,MW,true,,D015_H18,21,21,1021,1021
20260811_121452_stage_B_2C_4168a6e9,1.0,15,18,storage,2,Pdis,MW,true,,D015_H18,22,22,1022,1022
20260811_121452_stage_B_2C_4168a6e9,1.0,15,18,storage,1,SOC,MWh,true,,D015_H18,23,23,1023,1023
20260811_121452_stage_B_2C_4168a6e9,1.0,15,18,storage,2,SOC,MWh,true,,D015_H18,24,24,1024,1024
20260811_121452_stage_B_2C_4168a6e9,1.0,15,19,wind,1,PW,MW,true,,D015_H19,1,1,1025,1025
20260811_121452_stage_B_2C_4168a6e9,1.0,15,19,wind,2,PW,MW,true,,D015_H19,2,2,1026,1026
20260811_121452_stage_B_2C_4168a6e9,1.0,15,19,wind,3,PW,MW,true,,D015_H19,3,3,1027,1027
20260811_121452_stage_B_2C_4168a6e9,1.0,15,19,wind,4,PW,MW,true,,D015_H19,4,4,1028,1028
20260811_121452_stage_B_2C_4168a6e9,1.0,15,19,wind,5,PW,MW,true,,D015_H19,5,5,1029,1029
20260811_121452_stage_B_2C_4168a6e9,1.0,15,19,solar,1,PP,MW,true,,D015_H19,6,6,1030,1030
20260811_121452_stage_B_2C_4168a6e9,1.0,15,19,solar,2,PP,MW,true,,D015_H19,7,7,1031,1031
20260811_121452_stage_B_2C_4168a6e9,1.0,15,19,solar,3,PP,MW,true,,D015_H19,8,8,1032,1032
20260811_121452_stage_B_2C_4168a6e9,1.0,15,19,solar,4,PP,MW,true,,D015_H19,9,9,1033,1033
20260811_121452_stage_B_2C_4168a6e9,1.0,15,19,solar,5,PP,MW,true,,D015_H19,10,10,1034,1034
20260811_121452_stage_B_2C_4168a6e9,1.0,15,19,hydro,1,PH,MW,true,,D015_H19,11,11,1035,1035
20260811_121452_stage_B_2C_4168a6e9,1.0,15,19,hydro,2,PH,MW,true,,D015_H19,12,12,1036,1036
20260811_121452_stage_B_2C_4168a6e9,1.0,15,19,hydro,3,PH,MW,true,,D015_H19,13,13,1037,1037
20260811_121452_stage_B_2C_4168a6e9,1.0,15,19,hydro,4,PH,MW,true,,D015_H19,14,14,1038,1038
20260811_121452_stage_B_2C_4168a6e9,1.0,15,19,thermal,1,PF,MW,true,,D015_H19,15,15,1039,1039
20260811_121452_stage_B_2C_4168a6e9,1.0,15,19,thermal,2,PF,MW,true,,D015_H19,16,16,1040,1040
20260811_121452_stage_B_2C_4168a6e9,1.0,15,19,thermal,3,PF,MW,true,,D015_H19,17,17,1041,1041
20260811_121452_stage_B_2C_4168a6e9,1.0,15,19,thermal,4,PF,MW,true,,D015_H19,18,18,1042,1042
20260811_121452_stage_B_2C_4168a6e9,1.0,15,19,storage,1,Pch,MW,true,,D015_H19,19,19,1043,1043
20260811_121452_stage_B_2C_4168a6e9,1.0,15,19,storage,2,Pch,MW,true,,D015_H19,20,20,1044,1044
20260811_121452_stage_B_2C_4168a6e9,1.0,15,19,storage,1,Pdis,MW,true,,D015_H19,21,21,1045,1045
20260811_121452_stage_B_2C_4168a6e9,1.0,15,19,storage,2,Pdis,MW,true,,D015_H19,22,22,1046,1046
20260811_121452_stage_B_2C_4168a6e9,1.0,15,19,storage,1,SOC,MWh,true,,D015_H19,23,23,1047,1047
20260811_121452_stage_B_2C_4168a6e9,1.0,15,19,storage,2,SOC,MWh,true,,D015_H19,24,24,1048,1048
20260811_121452_stage_B_2C_4168a6e9,1.0,15,20,wind,1,PW,MW,true,,D015_H20,1,1,1049,1049
20260811_121452_stage_B_2C_4168a6e9,1.0,15,20,wind,2,PW,MW,true,,D015_H20,2,2,1050,1050
20260811_121452_stage_B_2C_4168a6e9,1.0,15,20,wind,3,PW,MW,true,,D015_H20,3,3,1051,1051
20260811_121452_stage_B_2C_4168a6e9,1.0,15,20,wind,4,PW,MW,true,,D015_H20,4,4,1052,1052
20260811_121452_stage_B_2C_4168a6e9,1.0,15,20,wind,5,PW,MW,true,,D015_H20,5,5,1053,1053
20260811_121452_stage_B_2C_4168a6e9,1.0,15,20,hydro,1,PH,MW,true,,D015_H20,6,6,1054,1054
20260811_121452_stage_B_2C_4168a6e9,1.0,15,20,hydro,2,PH,MW,true,,D015_H20,7,7,1055,1055
20260811_121452_stage_B_2C_4168a6e9,1.0,15,20,hydro,3,PH,MW,true,,D015_H20,8,8,1056,1056
20260811_121452_stage_B_2C_4168a6e9,1.0,15,20,hydro,4,PH,MW,true,,D015_H20,9,9,1057,1057
20260811_121452_stage_B_2C_4168a6e9,1.0,15,20,thermal,1,PF,MW,true,,D015_H20,10,10,1058,1058
20260811_121452_stage_B_2C_4168a6e9,1.0,15,20,thermal,2,PF,MW,true,,D015_H20,11,11,1059,1059
20260811_121452_stage_B_2C_4168a6e9,1.0,15,20,thermal,3,PF,MW,true,,D015_H20,12,12,1060,1060
20260811_121452_stage_B_2C_4168a6e9,1.0,15,20,thermal,4,PF,MW,true,,D015_H20,13,13,1061,1061
20260811_121452_stage_B_2C_4168a6e9,1.0,15,20,storage,1,Pch,MW,true,,D015_H20,14,14,1062,1062
20260811_121452_stage_B_2C_4168a6e9,1.0,15,20,storage,2,Pch,MW,true,,D015_H20,15,15,1063,1063
20260811_121452_stage_B_2C_4168a6e9,1.0,15,20,storage,1,Pdis,MW,true,,D015_H20,16,16,1064,1064
20260811_121452_stage_B_2C_4168a6e9,1.0,15,20,storage,2,Pdis,MW,true,,D015_H20,17,17,1065,1065
20260811_121452_stage_B_2C_4168a6e9,1.0,15,20,storage,1,SOC,MWh,true,,D015_H20,18,18,1066,1066
20260811_121452_stage_B_2C_4168a6e9,1.0,15,20,storage,2,SOC,MWh,true,,D015_H20,19,19,1067,1067
20260811_121452_stage_B_2C_4168a6e9,1.0,15,21,wind,1,PW,MW,true,,D015_H21,1,1,1068,1068
20260811_121452_stage_B_2C_4168a6e9,1.0,15,21,wind,2,PW,MW,true,,D015_H21,2,2,1069,1069
20260811_121452_stage_B_2C_4168a6e9,1.0,15,21,wind,3,PW,MW,true,,D015_H21,3,3,1070,1070
20260811_121452_stage_B_2C_4168a6e9,1.0,15,21,wind,4,PW,MW,true,,D015_H21,4,4,1071,1071
20260811_121452_stage_B_2C_4168a6e9,1.0,15,21,wind,5,PW,MW,true,,D015_H21,5,5,1072,1072
20260811_121452_stage_B_2C_4168a6e9,1.0,15,21,hydro,1,PH,MW,true,,D015_H21,6,6,1073,1073
20260811_121452_stage_B_2C_4168a6e9,1.0,15,21,hydro,2,PH,MW,true,,D015_H21,7,7,1074,1074
20260811_121452_stage_B_2C_4168a6e9,1.0,15,21,hydro,3,PH,MW,true,,D015_H21,8,8,1075,1075
20260811_121452_stage_B_2C_4168a6e9,1.0,15,21,hydro,4,PH,MW,true,,D015_H21,9,9,1076,1076
20260811_121452_stage_B_2C_4168a6e9,1.0,15,21,thermal,1,PF,MW,true,,D015_H21,10,10,1077,1077
20260811_121452_stage_B_2C_4168a6e9,1.0,15,21,thermal,2,PF,MW,true,,D015_H21,11,11,1078,1078
20260811_121452_stage_B_2C_4168a6e9,1.0,15,21,thermal,3,PF,MW,true,,D015_H21,12,12,1079,1079
20260811_121452_stage_B_2C_4168a6e9,1.0,15,21,thermal,4,PF,MW,true,,D015_H21,13,13,1080,1080
20260811_121452_stage_B_2C_4168a6e9,1.0,15,21,storage,1,Pch,MW,true,,D015_H21,14,14,1081,1081
20260811_121452_stage_B_2C_4168a6e9,1.0,15,21,storage,2,Pch,MW,true,,D015_H21,15,15,1082,1082
20260811_121452_stage_B_2C_4168a6e9,1.0,15,21,storage,1,Pdis,MW,true,,D015_H21,16,16,1083,1083
20260811_121452_stage_B_2C_4168a6e9,1.0,15,21,storage,2,Pdis,MW,true,,D015_H21,17,17,1084,1084
20260811_121452_stage_B_2C_4168a6e9,1.0,15,21,storage,1,SOC,MWh,true,,D015_H21,18,18,1085,1085
20260811_121452_stage_B_2C_4168a6e9,1.0,15,21,storage,2,SOC,MWh,true,,D015_H21,19,19,1086,1086
20260811_121452_stage_B_2C_4168a6e9,1.0,15,22,wind,1,PW,MW,true,,D015_H22,1,1,1087,1087
20260811_121452_stage_B_2C_4168a6e9,1.0,15,22,wind,2,PW,MW,true,,D015_H22,2,2,1088,1088
20260811_121452_stage_B_2C_4168a6e9,1.0,15,22,wind,3,PW,MW,true,,D015_H22,3,3,1089,1089
20260811_121452_stage_B_2C_4168a6e9,1.0,15,22,wind,4,PW,MW,true,,D015_H22,4,4,1090,1090
20260811_121452_stage_B_2C_4168a6e9,1.0,15,22,wind,5,PW,MW,true,,D015_H22,5,5,1091,1091
20260811_121452_stage_B_2C_4168a6e9,1.0,15,22,hydro,1,PH,MW,true,,D015_H22,6,6,1092,1092
20260811_121452_stage_B_2C_4168a6e9,1.0,15,22,hydro,2,PH,MW,true,,D015_H22,7,7,1093,1093
20260811_121452_stage_B_2C_4168a6e9,1.0,15,22,hydro,3,PH,MW,true,,D015_H22,8,8,1094,1094
20260811_121452_stage_B_2C_4168a6e9,1.0,15,22,hydro,4,PH,MW,true,,D015_H22,9,9,1095,1095
20260811_121452_stage_B_2C_4168a6e9,1.0,15,22,thermal,1,PF,MW,true,,D015_H22,10,10,1096,1096
20260811_121452_stage_B_2C_4168a6e9,1.0,15,22,thermal,2,PF,MW,true,,D015_H22,11,11,1097,1097
20260811_121452_stage_B_2C_4168a6e9,1.0,15,22,thermal,3,PF,MW,true,,D015_H22,12,12,1098,1098
20260811_121452_stage_B_2C_4168a6e9,1.0,15,22,thermal,4,PF,MW,true,,D015_H22,13,13,1099,1099
20260811_121452_stage_B_2C_4168a6e9,1.0,15,22,storage,1,Pch,MW,true,,D015_H22,14,14,1100,1100
20260811_121452_stage_B_2C_4168a6e9,1.0,15,22,storage,2,Pch,MW,true,,D015_H22,15,15,1101,1101
20260811_121452_stage_B_2C_4168a6e9,1.0,15,22,storage,1,Pdis,MW,true,,D015_H22,16,16,1102,1102
20260811_121452_stage_B_2C_4168a6e9,1.0,15,22,storage,2,Pdis,MW,true,,D015_H22,17,17,1103,1103
20260811_121452_stage_B_2C_4168a6e9,1.0,15,22,storage,1,SOC,MWh,true,,D015_H22,18,18,1104,1104
20260811_121452_stage_B_2C_4168a6e9,1.0,15,22,storage,2,SOC,MWh,true,,D015_H22,19,19,1105,1105
20260811_121452_stage_B_2C_4168a6e9,1.0,15,23,wind,1,PW,MW,true,,D015_H23,1,1,1106,1106
20260811_121452_stage_B_2C_4168a6e9,1.0,15,23,wind,2,PW,MW,true,,D015_H23,2,2,1107,1107
20260811_121452_stage_B_2C_4168a6e9,1.0,15,23,wind,3,PW,MW,true,,D015_H23,3,3,1108,1108
20260811_121452_stage_B_2C_4168a6e9,1.0,15,23,wind,4,PW,MW,true,,D015_H23,4,4,1109,1109
20260811_121452_stage_B_2C_4168a6e9,1.0,15,23,wind,5,PW,MW,true,,D015_H23,5,5,1110,1110
20260811_121452_stage_B_2C_4168a6e9,1.0,15,23,hydro,1,PH,MW,true,,D015_H23,6,6,1111,1111
20260811_121452_stage_B_2C_4168a6e9,1.0,15,23,hydro,2,PH,MW,true,,D015_H23,7,7,1112,1112
20260811_121452_stage_B_2C_4168a6e9,1.0,15,23,hydro,3,PH,MW,true,,D015_H23,8,8,1113,1113
20260811_121452_stage_B_2C_4168a6e9,1.0,15,23,hydro,4,PH,MW,true,,D015_H23,9,9,1114,1114
20260811_121452_stage_B_2C_4168a6e9,1.0,15,23,thermal,1,PF,MW,true,,D015_H23,10,10,1115,1115
20260811_121452_stage_B_2C_4168a6e9,1.0,15,23,thermal,2,PF,MW,true,,D015_H23,11,11,1116,1116
20260811_121452_stage_B_2C_4168a6e9,1.0,15,23,thermal,3,PF,MW,true,,D015_H23,12,12,1117,1117
20260811_121452_stage_B_2C_4168a6e9,1.0,15,23,thermal,4,PF,MW,true,,D015_H23,13,13,1118,1118
20260811_121452_stage_B_2C_4168a6e9,1.0,15,23,storage,1,Pch,MW,true,,D015_H23,14,14,1119,1119
20260811_121452_stage_B_2C_4168a6e9,1.0,15,23,storage,2,Pch,MW,true,,D015_H23,15,15,1120,1120
20260811_121452_stage_B_2C_4168a6e9,1.0,15,23,storage,1,Pdis,MW,true,,D015_H23,16,16,1121,1121
20260811_121452_stage_B_2C_4168a6e9,1.0,15,23,storage,2,Pdis,MW,true,,D015_H23,17,17,1122,1122
20260811_121452_stage_B_2C_4168a6e9,1.0,15,23,storage,1,SOC,MWh,true,,D015_H23,18,18,1123,1123
20260811_121452_stage_B_2C_4168a6e9,1.0,15,23,storage,2,SOC,MWh,true,,D015_H23,19,19,1124,1124
20260811_121452_stage_B_2C_4168a6e9,1.0,15,24,wind,1,PW,MW,true,,D015_H24,1,1,1125,1125
20260811_121452_stage_B_2C_4168a6e9,1.0,15,24,wind,2,PW,MW,true,,D015_H24,2,2,1126,1126
20260811_121452_stage_B_2C_4168a6e9,1.0,15,24,wind,3,PW,MW,true,,D015_H24,3,3,1127,1127
20260811_121452_stage_B_2C_4168a6e9,1.0,15,24,wind,4,PW,MW,true,,D015_H24,4,4,1128,1128
20260811_121452_stage_B_2C_4168a6e9,1.0,15,24,wind,5,PW,MW,true,,D015_H24,5,5,1129,1129
20260811_121452_stage_B_2C_4168a6e9,1.0,15,24,hydro,1,PH,MW,true,,D015_H24,6,6,1130,1130
20260811_121452_stage_B_2C_4168a6e9,1.0,15,24,hydro,2,PH,MW,true,,D015_H24,7,7,1131,1131
20260811_121452_stage_B_2C_4168a6e9,1.0,15,24,hydro,3,PH,MW,true,,D015_H24,8,8,1132,1132
20260811_121452_stage_B_2C_4168a6e9,1.0,15,24,hydro,4,PH,MW,true,,D015_H24,9,9,1133,1133
20260811_121452_stage_B_2C_4168a6e9,1.0,15,24,thermal,1,PF,MW,true,,D015_H24,10,10,1134,1134
20260811_121452_stage_B_2C_4168a6e9,1.0,15,24,thermal,2,PF,MW,true,,D015_H24,11,11,1135,1135
20260811_121452_stage_B_2C_4168a6e9,1.0,15,24,thermal,3,PF,MW,true,,D015_H24,12,12,1136,1136
20260811_121452_stage_B_2C_4168a6e9,1.0,15,24,thermal,4,PF,MW,true,,D015_H24,13,13,1137,1137
20260811_121452_stage_B_2C_4168a6e9,1.0,15,24,storage,1,Pch,MW,true,,D015_H24,14,14,1138,1138
20260811_121452_stage_B_2C_4168a6e9,1.0,15,24,storage,2,Pch,MW,true,,D015_H24,15,15,1139,1139
20260811_121452_stage_B_2C_4168a6e9,1.0,15,24,storage,1,Pdis,MW,true,,D015_H24,16,16,1140,1140
20260811_121452_stage_B_2C_4168a6e9,1.0,15,24,storage,2,Pdis,MW,true,,D015_H24,17,17,1141,1141
20260811_121452_stage_B_2C_4168a6e9,1.0,15,24,storage,1,SOC,MWh,true,,D015_H24,18,18,1142,1142
20260811_121452_stage_B_2C_4168a6e9,1.0,15,24,storage,2,SOC,MWh,true,,D015_H24,19,19,1143,1143
20260811_121452_stage_B_2C_4168a6e9,1.0,16,1,wind,1,PW,MW,true,,D016_H01,1,1,1144,1144
20260811_121452_stage_B_2C_4168a6e9,1.0,16,1,wind,2,PW,MW,true,,D016_H01,2,2,1145,1145
20260811_121452_stage_B_2C_4168a6e9,1.0,16,1,wind,3,PW,MW,true,,D016_H01,3,3,1146,1146
20260811_121452_stage_B_2C_4168a6e9,1.0,16,1,wind,4,PW,MW,true,,D016_H01,4,4,1147,1147
20260811_121452_stage_B_2C_4168a6e9,1.0,16,1,wind,5,PW,MW,true,,D016_H01,5,5,1148,1148
20260811_121452_stage_B_2C_4168a6e9,1.0,16,1,hydro,1,PH,MW,true,,D016_H01,6,6,1149,1149
20260811_121452_stage_B_2C_4168a6e9,1.0,16,1,hydro,2,PH,MW,true,,D016_H01,7,7,1150,1150
20260811_121452_stage_B_2C_4168a6e9,1.0,16,1,hydro,3,PH,MW,true,,D016_H01,8,8,1151,1151
20260811_121452_stage_B_2C_4168a6e9,1.0,16,1,hydro,4,PH,MW,true,,D016_H01,9,9,1152,1152
20260811_121452_stage_B_2C_4168a6e9,1.0,16,1,thermal,1,PF,MW,true,,D016_H01,10,10,1153,1153
20260811_121452_stage_B_2C_4168a6e9,1.0,16,1,thermal,2,PF,MW,true,,D016_H01,11,11,1154,1154
20260811_121452_stage_B_2C_4168a6e9,1.0,16,1,thermal,3,PF,MW,true,,D016_H01,12,12,1155,1155
20260811_121452_stage_B_2C_4168a6e9,1.0,16,1,thermal,4,PF,MW,true,,D016_H01,13,13,1156,1156
20260811_121452_stage_B_2C_4168a6e9,1.0,16,1,storage,1,Pch,MW,true,,D016_H01,14,14,1157,1157
20260811_121452_stage_B_2C_4168a6e9,1.0,16,1,storage,2,Pch,MW,true,,D016_H01,15,15,1158,1158
20260811_121452_stage_B_2C_4168a6e9,1.0,16,1,storage,1,Pdis,MW,true,,D016_H01,16,16,1159,1159
20260811_121452_stage_B_2C_4168a6e9,1.0,16,1,storage,2,Pdis,MW,true,,D016_H01,17,17,1160,1160
20260811_121452_stage_B_2C_4168a6e9,1.0,16,1,storage,1,SOC,MWh,true,,D016_H01,18,18,1161,1161
20260811_121452_stage_B_2C_4168a6e9,1.0,16,1,storage,2,SOC,MWh,true,,D016_H01,19,19,1162,1162
20260811_121452_stage_B_2C_4168a6e9,1.0,16,2,wind,1,PW,MW,true,,D016_H02,1,1,1163,1163
20260811_121452_stage_B_2C_4168a6e9,1.0,16,2,wind,2,PW,MW,true,,D016_H02,2,2,1164,1164
20260811_121452_stage_B_2C_4168a6e9,1.0,16,2,wind,3,PW,MW,true,,D016_H02,3,3,1165,1165
20260811_121452_stage_B_2C_4168a6e9,1.0,16,2,wind,4,PW,MW,true,,D016_H02,4,4,1166,1166
20260811_121452_stage_B_2C_4168a6e9,1.0,16,2,wind,5,PW,MW,true,,D016_H02,5,5,1167,1167
20260811_121452_stage_B_2C_4168a6e9,1.0,16,2,hydro,1,PH,MW,true,,D016_H02,6,6,1168,1168
20260811_121452_stage_B_2C_4168a6e9,1.0,16,2,hydro,2,PH,MW,true,,D016_H02,7,7,1169,1169
20260811_121452_stage_B_2C_4168a6e9,1.0,16,2,hydro,3,PH,MW,true,,D016_H02,8,8,1170,1170
20260811_121452_stage_B_2C_4168a6e9,1.0,16,2,hydro,4,PH,MW,true,,D016_H02,9,9,1171,1171
20260811_121452_stage_B_2C_4168a6e9,1.0,16,2,thermal,1,PF,MW,true,,D016_H02,10,10,1172,1172
20260811_121452_stage_B_2C_4168a6e9,1.0,16,2,thermal,2,PF,MW,true,,D016_H02,11,11,1173,1173
20260811_121452_stage_B_2C_4168a6e9,1.0,16,2,thermal,3,PF,MW,true,,D016_H02,12,12,1174,1174
20260811_121452_stage_B_2C_4168a6e9,1.0,16,2,thermal,4,PF,MW,true,,D016_H02,13,13,1175,1175
20260811_121452_stage_B_2C_4168a6e9,1.0,16,2,storage,1,Pch,MW,true,,D016_H02,14,14,1176,1176
20260811_121452_stage_B_2C_4168a6e9,1.0,16,2,storage,2,Pch,MW,true,,D016_H02,15,15,1177,1177
20260811_121452_stage_B_2C_4168a6e9,1.0,16,2,storage,1,Pdis,MW,true,,D016_H02,16,16,1178,1178
20260811_121452_stage_B_2C_4168a6e9,1.0,16,2,storage,2,Pdis,MW,true,,D016_H02,17,17,1179,1179
20260811_121452_stage_B_2C_4168a6e9,1.0,16,2,storage,1,SOC,MWh,true,,D016_H02,18,18,1180,1180
20260811_121452_stage_B_2C_4168a6e9,1.0,16,2,storage,2,SOC,MWh,true,,D016_H02,19,19,1181,1181
20260811_121452_stage_B_2C_4168a6e9,1.0,16,3,wind,1,PW,MW,true,,D016_H03,1,1,1182,1182
20260811_121452_stage_B_2C_4168a6e9,1.0,16,3,wind,2,PW,MW,true,,D016_H03,2,2,1183,1183
20260811_121452_stage_B_2C_4168a6e9,1.0,16,3,wind,3,PW,MW,true,,D016_H03,3,3,1184,1184
20260811_121452_stage_B_2C_4168a6e9,1.0,16,3,wind,4,PW,MW,true,,D016_H03,4,4,1185,1185
20260811_121452_stage_B_2C_4168a6e9,1.0,16,3,wind,5,PW,MW,true,,D016_H03,5,5,1186,1186
20260811_121452_stage_B_2C_4168a6e9,1.0,16,3,hydro,1,PH,MW,true,,D016_H03,6,6,1187,1187
20260811_121452_stage_B_2C_4168a6e9,1.0,16,3,hydro,2,PH,MW,true,,D016_H03,7,7,1188,1188
20260811_121452_stage_B_2C_4168a6e9,1.0,16,3,hydro,3,PH,MW,true,,D016_H03,8,8,1189,1189
20260811_121452_stage_B_2C_4168a6e9,1.0,16,3,hydro,4,PH,MW,true,,D016_H03,9,9,1190,1190
20260811_121452_stage_B_2C_4168a6e9,1.0,16,3,thermal,1,PF,MW,true,,D016_H03,10,10,1191,1191
20260811_121452_stage_B_2C_4168a6e9,1.0,16,3,thermal,2,PF,MW,true,,D016_H03,11,11,1192,1192
20260811_121452_stage_B_2C_4168a6e9,1.0,16,3,thermal,3,PF,MW,true,,D016_H03,12,12,1193,1193
20260811_121452_stage_B_2C_4168a6e9,1.0,16,3,thermal,4,PF,MW,true,,D016_H03,13,13,1194,1194
20260811_121452_stage_B_2C_4168a6e9,1.0,16,3,storage,1,Pch,MW,true,,D016_H03,14,14,1195,1195
20260811_121452_stage_B_2C_4168a6e9,1.0,16,3,storage,2,Pch,MW,true,,D016_H03,15,15,1196,1196
20260811_121452_stage_B_2C_4168a6e9,1.0,16,3,storage,1,Pdis,MW,true,,D016_H03,16,16,1197,1197
20260811_121452_stage_B_2C_4168a6e9,1.0,16,3,storage,2,Pdis,MW,true,,D016_H03,17,17,1198,1198
20260811_121452_stage_B_2C_4168a6e9,1.0,16,3,storage,1,SOC,MWh,true,,D016_H03,18,18,1199,1199
20260811_121452_stage_B_2C_4168a6e9,1.0,16,3,storage,2,SOC,MWh,true,,D016_H03,19,19,1200,1200
20260811_121452_stage_B_2C_4168a6e9,1.0,16,4,wind,1,PW,MW,true,,D016_H04,1,1,1201,1201
20260811_121452_stage_B_2C_4168a6e9,1.0,16,4,wind,2,PW,MW,true,,D016_H04,2,2,1202,1202
20260811_121452_stage_B_2C_4168a6e9,1.0,16,4,wind,3,PW,MW,true,,D016_H04,3,3,1203,1203
20260811_121452_stage_B_2C_4168a6e9,1.0,16,4,wind,4,PW,MW,true,,D016_H04,4,4,1204,1204
20260811_121452_stage_B_2C_4168a6e9,1.0,16,4,wind,5,PW,MW,true,,D016_H04,5,5,1205,1205
20260811_121452_stage_B_2C_4168a6e9,1.0,16,4,hydro,1,PH,MW,true,,D016_H04,6,6,1206,1206
20260811_121452_stage_B_2C_4168a6e9,1.0,16,4,hydro,2,PH,MW,true,,D016_H04,7,7,1207,1207
20260811_121452_stage_B_2C_4168a6e9,1.0,16,4,hydro,3,PH,MW,true,,D016_H04,8,8,1208,1208
20260811_121452_stage_B_2C_4168a6e9,1.0,16,4,hydro,4,PH,MW,true,,D016_H04,9,9,1209,1209
20260811_121452_stage_B_2C_4168a6e9,1.0,16,4,thermal,1,PF,MW,true,,D016_H04,10,10,1210,1210
20260811_121452_stage_B_2C_4168a6e9,1.0,16,4,thermal,2,PF,MW,true,,D016_H04,11,11,1211,1211
20260811_121452_stage_B_2C_4168a6e9,1.0,16,4,thermal,3,PF,MW,true,,D016_H04,12,12,1212,1212
20260811_121452_stage_B_2C_4168a6e9,1.0,16,4,thermal,4,PF,MW,true,,D016_H04,13,13,1213,1213
20260811_121452_stage_B_2C_4168a6e9,1.0,16,4,storage,1,Pch,MW,true,,D016_H04,14,14,1214,1214
20260811_121452_stage_B_2C_4168a6e9,1.0,16,4,storage,2,Pch,MW,true,,D016_H04,15,15,1215,1215
20260811_121452_stage_B_2C_4168a6e9,1.0,16,4,storage,1,Pdis,MW,true,,D016_H04,16,16,1216,1216
20260811_121452_stage_B_2C_4168a6e9,1.0,16,4,storage,2,Pdis,MW,true,,D016_H04,17,17,1217,1217
20260811_121452_stage_B_2C_4168a6e9,1.0,16,4,storage,1,SOC,MWh,true,,D016_H04,18,18,1218,1218
20260811_121452_stage_B_2C_4168a6e9,1.0,16,4,storage,2,SOC,MWh,true,,D016_H04,19,19,1219,1219
20260811_121452_stage_B_2C_4168a6e9,1.0,16,5,wind,1,PW,MW,true,,D016_H05,1,1,1220,1220
20260811_121452_stage_B_2C_4168a6e9,1.0,16,5,wind,2,PW,MW,true,,D016_H05,2,2,1221,1221
20260811_121452_stage_B_2C_4168a6e9,1.0,16,5,wind,3,PW,MW,true,,D016_H05,3,3,1222,1222
20260811_121452_stage_B_2C_4168a6e9,1.0,16,5,wind,5,PW,MW,true,,D016_H05,4,4,1223,1223
20260811_121452_stage_B_2C_4168a6e9,1.0,16,5,hydro,1,PH,MW,true,,D016_H05,5,5,1224,1224
20260811_121452_stage_B_2C_4168a6e9,1.0,16,5,hydro,2,PH,MW,true,,D016_H05,6,6,1225,1225
20260811_121452_stage_B_2C_4168a6e9,1.0,16,5,hydro,3,PH,MW,true,,D016_H05,7,7,1226,1226
20260811_121452_stage_B_2C_4168a6e9,1.0,16,5,hydro,4,PH,MW,true,,D016_H05,8,8,1227,1227
20260811_121452_stage_B_2C_4168a6e9,1.0,16,5,thermal,1,PF,MW,true,,D016_H05,9,9,1228,1228
20260811_121452_stage_B_2C_4168a6e9,1.0,16,5,thermal,2,PF,MW,true,,D016_H05,10,10,1229,1229
20260811_121452_stage_B_2C_4168a6e9,1.0,16,5,thermal,3,PF,MW,true,,D016_H05,11,11,1230,1230
20260811_121452_stage_B_2C_4168a6e9,1.0,16,5,thermal,4,PF,MW,true,,D016_H05,12,12,1231,1231
20260811_121452_stage_B_2C_4168a6e9,1.0,16,5,storage,1,Pch,MW,true,,D016_H05,13,13,1232,1232
20260811_121452_stage_B_2C_4168a6e9,1.0,16,5,storage,2,Pch,MW,true,,D016_H05,14,14,1233,1233
20260811_121452_stage_B_2C_4168a6e9,1.0,16,5,storage,1,Pdis,MW,true,,D016_H05,15,15,1234,1234
20260811_121452_stage_B_2C_4168a6e9,1.0,16,5,storage,2,Pdis,MW,true,,D016_H05,16,16,1235,1235
20260811_121452_stage_B_2C_4168a6e9,1.0,16,5,storage,1,SOC,MWh,true,,D016_H05,17,17,1236,1236
20260811_121452_stage_B_2C_4168a6e9,1.0,16,5,storage,2,SOC,MWh,true,,D016_H05,18,18,1237,1237
20260811_121452_stage_B_2C_4168a6e9,1.0,16,6,wind,1,PW,MW,true,,D016_H06,1,1,1238,1238
20260811_121452_stage_B_2C_4168a6e9,1.0,16,6,wind,2,PW,MW,true,,D016_H06,2,2,1239,1239
20260811_121452_stage_B_2C_4168a6e9,1.0,16,6,wind,3,PW,MW,true,,D016_H06,3,3,1240,1240
20260811_121452_stage_B_2C_4168a6e9,1.0,16,6,wind,4,PW,MW,true,,D016_H06,4,4,1241,1241
20260811_121452_stage_B_2C_4168a6e9,1.0,16,6,wind,5,PW,MW,true,,D016_H06,5,5,1242,1242
20260811_121452_stage_B_2C_4168a6e9,1.0,16,6,hydro,1,PH,MW,true,,D016_H06,6,6,1243,1243
20260811_121452_stage_B_2C_4168a6e9,1.0,16,6,hydro,2,PH,MW,true,,D016_H06,7,7,1244,1244
20260811_121452_stage_B_2C_4168a6e9,1.0,16,6,hydro,3,PH,MW,true,,D016_H06,8,8,1245,1245
20260811_121452_stage_B_2C_4168a6e9,1.0,16,6,hydro,4,PH,MW,true,,D016_H06,9,9,1246,1246
20260811_121452_stage_B_2C_4168a6e9,1.0,16,6,thermal,1,PF,MW,true,,D016_H06,10,10,1247,1247
20260811_121452_stage_B_2C_4168a6e9,1.0,16,6,thermal,2,PF,MW,true,,D016_H06,11,11,1248,1248
20260811_121452_stage_B_2C_4168a6e9,1.0,16,6,thermal,3,PF,MW,true,,D016_H06,12,12,1249,1249
20260811_121452_stage_B_2C_4168a6e9,1.0,16,6,thermal,4,PF,MW,true,,D016_H06,13,13,1250,1250
20260811_121452_stage_B_2C_4168a6e9,1.0,16,6,storage,1,Pch,MW,true,,D016_H06,14,14,1251,1251
20260811_121452_stage_B_2C_4168a6e9,1.0,16,6,storage,2,Pch,MW,true,,D016_H06,15,15,1252,1252
20260811_121452_stage_B_2C_4168a6e9,1.0,16,6,storage,1,Pdis,MW,true,,D016_H06,16,16,1253,1253
20260811_121452_stage_B_2C_4168a6e9,1.0,16,6,storage,2,Pdis,MW,true,,D016_H06,17,17,1254,1254
20260811_121452_stage_B_2C_4168a6e9,1.0,16,6,storage,1,SOC,MWh,true,,D016_H06,18,18,1255,1255
20260811_121452_stage_B_2C_4168a6e9,1.0,16,6,storage,2,SOC,MWh,true,,D016_H06,19,19,1256,1256
20260811_121452_stage_B_2C_4168a6e9,1.0,16,7,wind,1,PW,MW,true,,D016_H07,1,1,1257,1257
20260811_121452_stage_B_2C_4168a6e9,1.0,16,7,wind,2,PW,MW,true,,D016_H07,2,2,1258,1258
20260811_121452_stage_B_2C_4168a6e9,1.0,16,7,wind,3,PW,MW,true,,D016_H07,3,3,1259,1259
20260811_121452_stage_B_2C_4168a6e9,1.0,16,7,wind,4,PW,MW,true,,D016_H07,4,4,1260,1260
20260811_121452_stage_B_2C_4168a6e9,1.0,16,7,wind,5,PW,MW,true,,D016_H07,5,5,1261,1261
20260811_121452_stage_B_2C_4168a6e9,1.0,16,7,hydro,1,PH,MW,true,,D016_H07,6,6,1262,1262
20260811_121452_stage_B_2C_4168a6e9,1.0,16,7,hydro,2,PH,MW,true,,D016_H07,7,7,1263,1263
20260811_121452_stage_B_2C_4168a6e9,1.0,16,7,hydro,3,PH,MW,true,,D016_H07,8,8,1264,1264
20260811_121452_stage_B_2C_4168a6e9,1.0,16,7,hydro,4,PH,MW,true,,D016_H07,9,9,1265,1265
20260811_121452_stage_B_2C_4168a6e9,1.0,16,7,thermal,1,PF,MW,true,,D016_H07,10,10,1266,1266
20260811_121452_stage_B_2C_4168a6e9,1.0,16,7,thermal,2,PF,MW,true,,D016_H07,11,11,1267,1267
20260811_121452_stage_B_2C_4168a6e9,1.0,16,7,thermal,3,PF,MW,true,,D016_H07,12,12,1268,1268
20260811_121452_stage_B_2C_4168a6e9,1.0,16,7,thermal,4,PF,MW,true,,D016_H07,13,13,1269,1269
20260811_121452_stage_B_2C_4168a6e9,1.0,16,7,storage,1,Pch,MW,true,,D016_H07,14,14,1270,1270
20260811_121452_stage_B_2C_4168a6e9,1.0,16,7,storage,2,Pch,MW,true,,D016_H07,15,15,1271,1271
20260811_121452_stage_B_2C_4168a6e9,1.0,16,7,storage,1,Pdis,MW,true,,D016_H07,16,16,1272,1272
20260811_121452_stage_B_2C_4168a6e9,1.0,16,7,storage,2,Pdis,MW,true,,D016_H07,17,17,1273,1273
20260811_121452_stage_B_2C_4168a6e9,1.0,16,7,storage,1,SOC,MWh,true,,D016_H07,18,18,1274,1274
20260811_121452_stage_B_2C_4168a6e9,1.0,16,7,storage,2,SOC,MWh,true,,D016_H07,19,19,1275,1275
20260811_121452_stage_B_2C_4168a6e9,1.0,16,8,wind,1,PW,MW,true,,D016_H08,1,1,1276,1276
20260811_121452_stage_B_2C_4168a6e9,1.0,16,8,wind,2,PW,MW,true,,D016_H08,2,2,1277,1277
20260811_121452_stage_B_2C_4168a6e9,1.0,16,8,wind,3,PW,MW,true,,D016_H08,3,3,1278,1278
20260811_121452_stage_B_2C_4168a6e9,1.0,16,8,wind,4,PW,MW,true,,D016_H08,4,4,1279,1279
20260811_121452_stage_B_2C_4168a6e9,1.0,16,8,wind,5,PW,MW,true,,D016_H08,5,5,1280,1280
20260811_121452_stage_B_2C_4168a6e9,1.0,16,8,solar,1,PP,MW,true,,D016_H08,6,6,1281,1281
20260811_121452_stage_B_2C_4168a6e9,1.0,16,8,solar,2,PP,MW,true,,D016_H08,7,7,1282,1282
20260811_121452_stage_B_2C_4168a6e9,1.0,16,8,solar,3,PP,MW,true,,D016_H08,8,8,1283,1283
20260811_121452_stage_B_2C_4168a6e9,1.0,16,8,solar,4,PP,MW,true,,D016_H08,9,9,1284,1284
20260811_121452_stage_B_2C_4168a6e9,1.0,16,8,solar,5,PP,MW,true,,D016_H08,10,10,1285,1285
20260811_121452_stage_B_2C_4168a6e9,1.0,16,8,hydro,1,PH,MW,true,,D016_H08,11,11,1286,1286
20260811_121452_stage_B_2C_4168a6e9,1.0,16,8,hydro,2,PH,MW,true,,D016_H08,12,12,1287,1287
20260811_121452_stage_B_2C_4168a6e9,1.0,16,8,hydro,3,PH,MW,true,,D016_H08,13,13,1288,1288
20260811_121452_stage_B_2C_4168a6e9,1.0,16,8,hydro,4,PH,MW,true,,D016_H08,14,14,1289,1289
20260811_121452_stage_B_2C_4168a6e9,1.0,16,8,thermal,1,PF,MW,true,,D016_H08,15,15,1290,1290
20260811_121452_stage_B_2C_4168a6e9,1.0,16,8,thermal,2,PF,MW,true,,D016_H08,16,16,1291,1291
20260811_121452_stage_B_2C_4168a6e9,1.0,16,8,thermal,3,PF,MW,true,,D016_H08,17,17,1292,1292
20260811_121452_stage_B_2C_4168a6e9,1.0,16,8,thermal,4,PF,MW,true,,D016_H08,18,18,1293,1293
20260811_121452_stage_B_2C_4168a6e9,1.0,16,8,storage,1,Pch,MW,true,,D016_H08,19,19,1294,1294
20260811_121452_stage_B_2C_4168a6e9,1.0,16,8,storage,2,Pch,MW,true,,D016_H08,20,20,1295,1295
20260811_121452_stage_B_2C_4168a6e9,1.0,16,8,storage,1,Pdis,MW,true,,D016_H08,21,21,1296,1296
20260811_121452_stage_B_2C_4168a6e9,1.0,16,8,storage,2,Pdis,MW,true,,D016_H08,22,22,1297,1297
20260811_121452_stage_B_2C_4168a6e9,1.0,16,8,storage,1,SOC,MWh,true,,D016_H08,23,23,1298,1298
20260811_121452_stage_B_2C_4168a6e9,1.0,16,8,storage,2,SOC,MWh,true,,D016_H08,24,24,1299,1299
20260811_121452_stage_B_2C_4168a6e9,1.0,16,9,wind,1,PW,MW,true,,D016_H09,1,1,1300,1300
20260811_121452_stage_B_2C_4168a6e9,1.0,16,9,wind,2,PW,MW,true,,D016_H09,2,2,1301,1301
20260811_121452_stage_B_2C_4168a6e9,1.0,16,9,wind,3,PW,MW,true,,D016_H09,3,3,1302,1302
20260811_121452_stage_B_2C_4168a6e9,1.0,16,9,wind,4,PW,MW,true,,D016_H09,4,4,1303,1303
20260811_121452_stage_B_2C_4168a6e9,1.0,16,9,wind,5,PW,MW,true,,D016_H09,5,5,1304,1304
20260811_121452_stage_B_2C_4168a6e9,1.0,16,9,solar,1,PP,MW,true,,D016_H09,6,6,1305,1305
20260811_121452_stage_B_2C_4168a6e9,1.0,16,9,solar,2,PP,MW,true,,D016_H09,7,7,1306,1306
20260811_121452_stage_B_2C_4168a6e9,1.0,16,9,solar,3,PP,MW,true,,D016_H09,8,8,1307,1307
20260811_121452_stage_B_2C_4168a6e9,1.0,16,9,solar,4,PP,MW,true,,D016_H09,9,9,1308,1308
20260811_121452_stage_B_2C_4168a6e9,1.0,16,9,solar,5,PP,MW,true,,D016_H09,10,10,1309,1309
20260811_121452_stage_B_2C_4168a6e9,1.0,16,9,hydro,1,PH,MW,true,,D016_H09,11,11,1310,1310
20260811_121452_stage_B_2C_4168a6e9,1.0,16,9,hydro,2,PH,MW,true,,D016_H09,12,12,1311,1311
20260811_121452_stage_B_2C_4168a6e9,1.0,16,9,hydro,3,PH,MW,true,,D016_H09,13,13,1312,1312
20260811_121452_stage_B_2C_4168a6e9,1.0,16,9,hydro,4,PH,MW,true,,D016_H09,14,14,1313,1313
20260811_121452_stage_B_2C_4168a6e9,1.0,16,9,thermal,1,PF,MW,true,,D016_H09,15,15,1314,1314
20260811_121452_stage_B_2C_4168a6e9,1.0,16,9,thermal,2,PF,MW,true,,D016_H09,16,16,1315,1315
20260811_121452_stage_B_2C_4168a6e9,1.0,16,9,thermal,3,PF,MW,true,,D016_H09,17,17,1316,1316
20260811_121452_stage_B_2C_4168a6e9,1.0,16,9,thermal,4,PF,MW,true,,D016_H09,18,18,1317,1317
20260811_121452_stage_B_2C_4168a6e9,1.0,16,9,storage,1,Pch,MW,true,,D016_H09,19,19,1318,1318
20260811_121452_stage_B_2C_4168a6e9,1.0,16,9,storage,2,Pch,MW,true,,D016_H09,20,20,1319,1319
20260811_121452_stage_B_2C_4168a6e9,1.0,16,9,storage,1,Pdis,MW,true,,D016_H09,21,21,1320,1320
20260811_121452_stage_B_2C_4168a6e9,1.0,16,9,storage,2,Pdis,MW,true,,D016_H09,22,22,1321,1321
20260811_121452_stage_B_2C_4168a6e9,1.0,16,9,storage,1,SOC,MWh,true,,D016_H09,23,23,1322,1322
20260811_121452_stage_B_2C_4168a6e9,1.0,16,9,storage,2,SOC,MWh,true,,D016_H09,24,24,1323,1323
20260811_121452_stage_B_2C_4168a6e9,1.0,16,10,wind,1,PW,MW,true,,D016_H10,1,1,1324,1324
20260811_121452_stage_B_2C_4168a6e9,1.0,16,10,wind,2,PW,MW,true,,D016_H10,2,2,1325,1325
20260811_121452_stage_B_2C_4168a6e9,1.0,16,10,wind,3,PW,MW,true,,D016_H10,3,3,1326,1326
20260811_121452_stage_B_2C_4168a6e9,1.0,16,10,wind,4,PW,MW,true,,D016_H10,4,4,1327,1327
20260811_121452_stage_B_2C_4168a6e9,1.0,16,10,wind,5,PW,MW,true,,D016_H10,5,5,1328,1328
20260811_121452_stage_B_2C_4168a6e9,1.0,16,10,solar,1,PP,MW,true,,D016_H10,6,6,1329,1329
20260811_121452_stage_B_2C_4168a6e9,1.0,16,10,solar,2,PP,MW,true,,D016_H10,7,7,1330,1330
20260811_121452_stage_B_2C_4168a6e9,1.0,16,10,solar,3,PP,MW,true,,D016_H10,8,8,1331,1331
20260811_121452_stage_B_2C_4168a6e9,1.0,16,10,solar,4,PP,MW,true,,D016_H10,9,9,1332,1332
20260811_121452_stage_B_2C_4168a6e9,1.0,16,10,solar,5,PP,MW,true,,D016_H10,10,10,1333,1333
20260811_121452_stage_B_2C_4168a6e9,1.0,16,10,hydro,1,PH,MW,true,,D016_H10,11,11,1334,1334
20260811_121452_stage_B_2C_4168a6e9,1.0,16,10,hydro,2,PH,MW,true,,D016_H10,12,12,1335,1335
20260811_121452_stage_B_2C_4168a6e9,1.0,16,10,hydro,3,PH,MW,true,,D016_H10,13,13,1336,1336
20260811_121452_stage_B_2C_4168a6e9,1.0,16,10,hydro,4,PH,MW,true,,D016_H10,14,14,1337,1337
20260811_121452_stage_B_2C_4168a6e9,1.0,16,10,thermal,1,PF,MW,true,,D016_H10,15,15,1338,1338
20260811_121452_stage_B_2C_4168a6e9,1.0,16,10,thermal,2,PF,MW,true,,D016_H10,16,16,1339,1339
20260811_121452_stage_B_2C_4168a6e9,1.0,16,10,thermal,3,PF,MW,true,,D016_H10,17,17,1340,1340
20260811_121452_stage_B_2C_4168a6e9,1.0,16,10,thermal,4,PF,MW,true,,D016_H10,18,18,1341,1341
20260811_121452_stage_B_2C_4168a6e9,1.0,16,10,storage,1,Pch,MW,true,,D016_H10,19,19,1342,1342
20260811_121452_stage_B_2C_4168a6e9,1.0,16,10,storage,2,Pch,MW,true,,D016_H10,20,20,1343,1343
20260811_121452_stage_B_2C_4168a6e9,1.0,16,10,storage,1,Pdis,MW,true,,D016_H10,21,21,1344,1344
20260811_121452_stage_B_2C_4168a6e9,1.0,16,10,storage,2,Pdis,MW,true,,D016_H10,22,22,1345,1345
20260811_121452_stage_B_2C_4168a6e9,1.0,16,10,storage,1,SOC,MWh,true,,D016_H10,23,23,1346,1346
20260811_121452_stage_B_2C_4168a6e9,1.0,16,10,storage,2,SOC,MWh,true,,D016_H10,24,24,1347,1347
20260811_121452_stage_B_2C_4168a6e9,1.0,16,11,wind,1,PW,MW,true,,D016_H11,1,1,1348,1348
20260811_121452_stage_B_2C_4168a6e9,1.0,16,11,wind,2,PW,MW,true,,D016_H11,2,2,1349,1349
20260811_121452_stage_B_2C_4168a6e9,1.0,16,11,wind,3,PW,MW,true,,D016_H11,3,3,1350,1350
20260811_121452_stage_B_2C_4168a6e9,1.0,16,11,wind,4,PW,MW,true,,D016_H11,4,4,1351,1351
20260811_121452_stage_B_2C_4168a6e9,1.0,16,11,wind,5,PW,MW,true,,D016_H11,5,5,1352,1352
20260811_121452_stage_B_2C_4168a6e9,1.0,16,11,solar,1,PP,MW,true,,D016_H11,6,6,1353,1353
20260811_121452_stage_B_2C_4168a6e9,1.0,16,11,solar,2,PP,MW,true,,D016_H11,7,7,1354,1354
20260811_121452_stage_B_2C_4168a6e9,1.0,16,11,solar,3,PP,MW,true,,D016_H11,8,8,1355,1355
20260811_121452_stage_B_2C_4168a6e9,1.0,16,11,solar,4,PP,MW,true,,D016_H11,9,9,1356,1356
20260811_121452_stage_B_2C_4168a6e9,1.0,16,11,solar,5,PP,MW,true,,D016_H11,10,10,1357,1357
20260811_121452_stage_B_2C_4168a6e9,1.0,16,11,hydro,1,PH,MW,true,,D016_H11,11,11,1358,1358
20260811_121452_stage_B_2C_4168a6e9,1.0,16,11,hydro,2,PH,MW,true,,D016_H11,12,12,1359,1359
20260811_121452_stage_B_2C_4168a6e9,1.0,16,11,hydro,3,PH,MW,true,,D016_H11,13,13,1360,1360
20260811_121452_stage_B_2C_4168a6e9,1.0,16,11,hydro,4,PH,MW,true,,D016_H11,14,14,1361,1361
20260811_121452_stage_B_2C_4168a6e9,1.0,16,11,thermal,1,PF,MW,true,,D016_H11,15,15,1362,1362
20260811_121452_stage_B_2C_4168a6e9,1.0,16,11,thermal,2,PF,MW,true,,D016_H11,16,16,1363,1363
20260811_121452_stage_B_2C_4168a6e9,1.0,16,11,thermal,3,PF,MW,true,,D016_H11,17,17,1364,1364
20260811_121452_stage_B_2C_4168a6e9,1.0,16,11,thermal,4,PF,MW,true,,D016_H11,18,18,1365,1365
20260811_121452_stage_B_2C_4168a6e9,1.0,16,11,storage,1,Pch,MW,true,,D016_H11,19,19,1366,1366
20260811_121452_stage_B_2C_4168a6e9,1.0,16,11,storage,2,Pch,MW,true,,D016_H11,20,20,1367,1367
20260811_121452_stage_B_2C_4168a6e9,1.0,16,11,storage,1,Pdis,MW,true,,D016_H11,21,21,1368,1368
20260811_121452_stage_B_2C_4168a6e9,1.0,16,11,storage,2,Pdis,MW,true,,D016_H11,22,22,1369,1369
20260811_121452_stage_B_2C_4168a6e9,1.0,16,11,storage,1,SOC,MWh,true,,D016_H11,23,23,1370,1370
20260811_121452_stage_B_2C_4168a6e9,1.0,16,11,storage,2,SOC,MWh,true,,D016_H11,24,24,1371,1371
20260811_121452_stage_B_2C_4168a6e9,1.0,16,12,wind,1,PW,MW,true,,D016_H12,1,1,1372,1372
20260811_121452_stage_B_2C_4168a6e9,1.0,16,12,wind,2,PW,MW,true,,D016_H12,2,2,1373,1373
20260811_121452_stage_B_2C_4168a6e9,1.0,16,12,wind,3,PW,MW,true,,D016_H12,3,3,1374,1374
20260811_121452_stage_B_2C_4168a6e9,1.0,16,12,wind,4,PW,MW,true,,D016_H12,4,4,1375,1375
20260811_121452_stage_B_2C_4168a6e9,1.0,16,12,wind,5,PW,MW,true,,D016_H12,5,5,1376,1376
20260811_121452_stage_B_2C_4168a6e9,1.0,16,12,solar,1,PP,MW,true,,D016_H12,6,6,1377,1377
20260811_121452_stage_B_2C_4168a6e9,1.0,16,12,solar,2,PP,MW,true,,D016_H12,7,7,1378,1378
20260811_121452_stage_B_2C_4168a6e9,1.0,16,12,solar,3,PP,MW,true,,D016_H12,8,8,1379,1379
20260811_121452_stage_B_2C_4168a6e9,1.0,16,12,solar,4,PP,MW,true,,D016_H12,9,9,1380,1380
20260811_121452_stage_B_2C_4168a6e9,1.0,16,12,solar,5,PP,MW,true,,D016_H12,10,10,1381,1381
20260811_121452_stage_B_2C_4168a6e9,1.0,16,12,hydro,1,PH,MW,true,,D016_H12,11,11,1382,1382
20260811_121452_stage_B_2C_4168a6e9,1.0,16,12,hydro,2,PH,MW,true,,D016_H12,12,12,1383,1383
20260811_121452_stage_B_2C_4168a6e9,1.0,16,12,hydro,3,PH,MW,true,,D016_H12,13,13,1384,1384
20260811_121452_stage_B_2C_4168a6e9,1.0,16,12,hydro,4,PH,MW,true,,D016_H12,14,14,1385,1385
20260811_121452_stage_B_2C_4168a6e9,1.0,16,12,thermal,1,PF,MW,true,,D016_H12,15,15,1386,1386
20260811_121452_stage_B_2C_4168a6e9,1.0,16,12,thermal,2,PF,MW,true,,D016_H12,16,16,1387,1387
20260811_121452_stage_B_2C_4168a6e9,1.0,16,12,thermal,3,PF,MW,true,,D016_H12,17,17,1388,1388
20260811_121452_stage_B_2C_4168a6e9,1.0,16,12,thermal,4,PF,MW,true,,D016_H12,18,18,1389,1389
20260811_121452_stage_B_2C_4168a6e9,1.0,16,12,storage,1,Pch,MW,true,,D016_H12,19,19,1390,1390
20260811_121452_stage_B_2C_4168a6e9,1.0,16,12,storage,2,Pch,MW,true,,D016_H12,20,20,1391,1391
20260811_121452_stage_B_2C_4168a6e9,1.0,16,12,storage,1,Pdis,MW,true,,D016_H12,21,21,1392,1392
20260811_121452_stage_B_2C_4168a6e9,1.0,16,12,storage,2,Pdis,MW,true,,D016_H12,22,22,1393,1393
20260811_121452_stage_B_2C_4168a6e9,1.0,16,12,storage,1,SOC,MWh,true,,D016_H12,23,23,1394,1394
20260811_121452_stage_B_2C_4168a6e9,1.0,16,12,storage,2,SOC,MWh,true,,D016_H12,24,24,1395,1395
20260811_121452_stage_B_2C_4168a6e9,1.0,16,13,wind,1,PW,MW,true,,D016_H13,1,1,1396,1396
20260811_121452_stage_B_2C_4168a6e9,1.0,16,13,wind,2,PW,MW,true,,D016_H13,2,2,1397,1397
20260811_121452_stage_B_2C_4168a6e9,1.0,16,13,wind,3,PW,MW,true,,D016_H13,3,3,1398,1398
20260811_121452_stage_B_2C_4168a6e9,1.0,16,13,wind,4,PW,MW,true,,D016_H13,4,4,1399,1399
20260811_121452_stage_B_2C_4168a6e9,1.0,16,13,wind,5,PW,MW,true,,D016_H13,5,5,1400,1400
20260811_121452_stage_B_2C_4168a6e9,1.0,16,13,solar,1,PP,MW,true,,D016_H13,6,6,1401,1401
20260811_121452_stage_B_2C_4168a6e9,1.0,16,13,solar,2,PP,MW,true,,D016_H13,7,7,1402,1402
20260811_121452_stage_B_2C_4168a6e9,1.0,16,13,solar,3,PP,MW,true,,D016_H13,8,8,1403,1403
20260811_121452_stage_B_2C_4168a6e9,1.0,16,13,solar,4,PP,MW,true,,D016_H13,9,9,1404,1404
20260811_121452_stage_B_2C_4168a6e9,1.0,16,13,solar,5,PP,MW,true,,D016_H13,10,10,1405,1405
20260811_121452_stage_B_2C_4168a6e9,1.0,16,13,hydro,1,PH,MW,true,,D016_H13,11,11,1406,1406
20260811_121452_stage_B_2C_4168a6e9,1.0,16,13,hydro,2,PH,MW,true,,D016_H13,12,12,1407,1407
20260811_121452_stage_B_2C_4168a6e9,1.0,16,13,hydro,3,PH,MW,true,,D016_H13,13,13,1408,1408
20260811_121452_stage_B_2C_4168a6e9,1.0,16,13,hydro,4,PH,MW,true,,D016_H13,14,14,1409,1409
20260811_121452_stage_B_2C_4168a6e9,1.0,16,13,thermal,1,PF,MW,true,,D016_H13,15,15,1410,1410
20260811_121452_stage_B_2C_4168a6e9,1.0,16,13,thermal,2,PF,MW,true,,D016_H13,16,16,1411,1411
20260811_121452_stage_B_2C_4168a6e9,1.0,16,13,thermal,3,PF,MW,true,,D016_H13,17,17,1412,1412
20260811_121452_stage_B_2C_4168a6e9,1.0,16,13,thermal,4,PF,MW,true,,D016_H13,18,18,1413,1413
20260811_121452_stage_B_2C_4168a6e9,1.0,16,13,storage,1,Pch,MW,true,,D016_H13,19,19,1414,1414
20260811_121452_stage_B_2C_4168a6e9,1.0,16,13,storage,2,Pch,MW,true,,D016_H13,20,20,1415,1415
20260811_121452_stage_B_2C_4168a6e9,1.0,16,13,storage,1,Pdis,MW,true,,D016_H13,21,21,1416,1416
20260811_121452_stage_B_2C_4168a6e9,1.0,16,13,storage,2,Pdis,MW,true,,D016_H13,22,22,1417,1417
20260811_121452_stage_B_2C_4168a6e9,1.0,16,13,storage,1,SOC,MWh,true,,D016_H13,23,23,1418,1418
20260811_121452_stage_B_2C_4168a6e9,1.0,16,13,storage,2,SOC,MWh,true,,D016_H13,24,24,1419,1419
20260811_121452_stage_B_2C_4168a6e9,1.0,16,14,wind,1,PW,MW,true,,D016_H14,1,1,1420,1420
20260811_121452_stage_B_2C_4168a6e9,1.0,16,14,wind,2,PW,MW,true,,D016_H14,2,2,1421,1421
20260811_121452_stage_B_2C_4168a6e9,1.0,16,14,wind,3,PW,MW,true,,D016_H14,3,3,1422,1422
20260811_121452_stage_B_2C_4168a6e9,1.0,16,14,wind,4,PW,MW,true,,D016_H14,4,4,1423,1423
20260811_121452_stage_B_2C_4168a6e9,1.0,16,14,wind,5,PW,MW,true,,D016_H14,5,5,1424,1424
20260811_121452_stage_B_2C_4168a6e9,1.0,16,14,solar,1,PP,MW,true,,D016_H14,6,6,1425,1425
20260811_121452_stage_B_2C_4168a6e9,1.0,16,14,solar,2,PP,MW,true,,D016_H14,7,7,1426,1426
20260811_121452_stage_B_2C_4168a6e9,1.0,16,14,solar,3,PP,MW,true,,D016_H14,8,8,1427,1427
20260811_121452_stage_B_2C_4168a6e9,1.0,16,14,solar,4,PP,MW,true,,D016_H14,9,9,1428,1428
20260811_121452_stage_B_2C_4168a6e9,1.0,16,14,solar,5,PP,MW,true,,D016_H14,10,10,1429,1429
20260811_121452_stage_B_2C_4168a6e9,1.0,16,14,hydro,1,PH,MW,true,,D016_H14,11,11,1430,1430
20260811_121452_stage_B_2C_4168a6e9,1.0,16,14,hydro,2,PH,MW,true,,D016_H14,12,12,1431,1431
20260811_121452_stage_B_2C_4168a6e9,1.0,16,14,hydro,3,PH,MW,true,,D016_H14,13,13,1432,1432
20260811_121452_stage_B_2C_4168a6e9,1.0,16,14,hydro,4,PH,MW,true,,D016_H14,14,14,1433,1433
20260811_121452_stage_B_2C_4168a6e9,1.0,16,14,thermal,1,PF,MW,true,,D016_H14,15,15,1434,1434
20260811_121452_stage_B_2C_4168a6e9,1.0,16,14,thermal,2,PF,MW,true,,D016_H14,16,16,1435,1435
20260811_121452_stage_B_2C_4168a6e9,1.0,16,14,thermal,3,PF,MW,true,,D016_H14,17,17,1436,1436
20260811_121452_stage_B_2C_4168a6e9,1.0,16,14,thermal,4,PF,MW,true,,D016_H14,18,18,1437,1437
20260811_121452_stage_B_2C_4168a6e9,1.0,16,14,storage,1,Pch,MW,true,,D016_H14,19,19,1438,1438
20260811_121452_stage_B_2C_4168a6e9,1.0,16,14,storage,2,Pch,MW,true,,D016_H14,20,20,1439,1439
20260811_121452_stage_B_2C_4168a6e9,1.0,16,14,storage,1,Pdis,MW,true,,D016_H14,21,21,1440,1440
20260811_121452_stage_B_2C_4168a6e9,1.0,16,14,storage,2,Pdis,MW,true,,D016_H14,22,22,1441,1441
20260811_121452_stage_B_2C_4168a6e9,1.0,16,14,storage,1,SOC,MWh,true,,D016_H14,23,23,1442,1442
20260811_121452_stage_B_2C_4168a6e9,1.0,16,14,storage,2,SOC,MWh,true,,D016_H14,24,24,1443,1443
20260811_121452_stage_B_2C_4168a6e9,1.0,16,15,wind,1,PW,MW,true,,D016_H15,1,1,1444,1444
20260811_121452_stage_B_2C_4168a6e9,1.0,16,15,wind,2,PW,MW,true,,D016_H15,2,2,1445,1445
20260811_121452_stage_B_2C_4168a6e9,1.0,16,15,wind,3,PW,MW,true,,D016_H15,3,3,1446,1446
20260811_121452_stage_B_2C_4168a6e9,1.0,16,15,wind,4,PW,MW,true,,D016_H15,4,4,1447,1447
20260811_121452_stage_B_2C_4168a6e9,1.0,16,15,wind,5,PW,MW,true,,D016_H15,5,5,1448,1448
20260811_121452_stage_B_2C_4168a6e9,1.0,16,15,solar,1,PP,MW,true,,D016_H15,6,6,1449,1449
20260811_121452_stage_B_2C_4168a6e9,1.0,16,15,solar,2,PP,MW,true,,D016_H15,7,7,1450,1450
20260811_121452_stage_B_2C_4168a6e9,1.0,16,15,solar,3,PP,MW,true,,D016_H15,8,8,1451,1451
20260811_121452_stage_B_2C_4168a6e9,1.0,16,15,solar,4,PP,MW,true,,D016_H15,9,9,1452,1452
20260811_121452_stage_B_2C_4168a6e9,1.0,16,15,solar,5,PP,MW,true,,D016_H15,10,10,1453,1453
20260811_121452_stage_B_2C_4168a6e9,1.0,16,15,hydro,1,PH,MW,true,,D016_H15,11,11,1454,1454
20260811_121452_stage_B_2C_4168a6e9,1.0,16,15,hydro,2,PH,MW,true,,D016_H15,12,12,1455,1455
20260811_121452_stage_B_2C_4168a6e9,1.0,16,15,hydro,3,PH,MW,true,,D016_H15,13,13,1456,1456
20260811_121452_stage_B_2C_4168a6e9,1.0,16,15,hydro,4,PH,MW,true,,D016_H15,14,14,1457,1457
20260811_121452_stage_B_2C_4168a6e9,1.0,16,15,thermal,1,PF,MW,true,,D016_H15,15,15,1458,1458
20260811_121452_stage_B_2C_4168a6e9,1.0,16,15,thermal,2,PF,MW,true,,D016_H15,16,16,1459,1459
20260811_121452_stage_B_2C_4168a6e9,1.0,16,15,thermal,3,PF,MW,true,,D016_H15,17,17,1460,1460
20260811_121452_stage_B_2C_4168a6e9,1.0,16,15,thermal,4,PF,MW,true,,D016_H15,18,18,1461,1461
20260811_121452_stage_B_2C_4168a6e9,1.0,16,15,storage,1,Pch,MW,true,,D016_H15,19,19,1462,1462
20260811_121452_stage_B_2C_4168a6e9,1.0,16,15,storage,2,Pch,MW,true,,D016_H15,20,20,1463,1463
20260811_121452_stage_B_2C_4168a6e9,1.0,16,15,storage,1,Pdis,MW,true,,D016_H15,21,21,1464,1464
20260811_121452_stage_B_2C_4168a6e9,1.0,16,15,storage,2,Pdis,MW,true,,D016_H15,22,22,1465,1465
20260811_121452_stage_B_2C_4168a6e9,1.0,16,15,storage,1,SOC,MWh,true,,D016_H15,23,23,1466,1466
20260811_121452_stage_B_2C_4168a6e9,1.0,16,15,storage,2,SOC,MWh,true,,D016_H15,24,24,1467,1467
20260811_121452_stage_B_2C_4168a6e9,1.0,16,16,wind,1,PW,MW,true,,D016_H16,1,1,1468,1468
20260811_121452_stage_B_2C_4168a6e9,1.0,16,16,wind,2,PW,MW,true,,D016_H16,2,2,1469,1469
20260811_121452_stage_B_2C_4168a6e9,1.0,16,16,wind,3,PW,MW,true,,D016_H16,3,3,1470,1470
20260811_121452_stage_B_2C_4168a6e9,1.0,16,16,wind,4,PW,MW,true,,D016_H16,4,4,1471,1471
20260811_121452_stage_B_2C_4168a6e9,1.0,16,16,wind,5,PW,MW,true,,D016_H16,5,5,1472,1472
20260811_121452_stage_B_2C_4168a6e9,1.0,16,16,solar,1,PP,MW,true,,D016_H16,6,6,1473,1473
20260811_121452_stage_B_2C_4168a6e9,1.0,16,16,solar,2,PP,MW,true,,D016_H16,7,7,1474,1474
20260811_121452_stage_B_2C_4168a6e9,1.0,16,16,solar,3,PP,MW,true,,D016_H16,8,8,1475,1475
20260811_121452_stage_B_2C_4168a6e9,1.0,16,16,solar,4,PP,MW,true,,D016_H16,9,9,1476,1476
20260811_121452_stage_B_2C_4168a6e9,1.0,16,16,solar,5,PP,MW,true,,D016_H16,10,10,1477,1477
20260811_121452_stage_B_2C_4168a6e9,1.0,16,16,hydro,1,PH,MW,true,,D016_H16,11,11,1478,1478
20260811_121452_stage_B_2C_4168a6e9,1.0,16,16,hydro,2,PH,MW,true,,D016_H16,12,12,1479,1479
20260811_121452_stage_B_2C_4168a6e9,1.0,16,16,hydro,3,PH,MW,true,,D016_H16,13,13,1480,1480
20260811_121452_stage_B_2C_4168a6e9,1.0,16,16,hydro,4,PH,MW,true,,D016_H16,14,14,1481,1481
20260811_121452_stage_B_2C_4168a6e9,1.0,16,16,thermal,1,PF,MW,true,,D016_H16,15,15,1482,1482
20260811_121452_stage_B_2C_4168a6e9,1.0,16,16,thermal,2,PF,MW,true,,D016_H16,16,16,1483,1483
20260811_121452_stage_B_2C_4168a6e9,1.0,16,16,thermal,3,PF,MW,true,,D016_H16,17,17,1484,1484
20260811_121452_stage_B_2C_4168a6e9,1.0,16,16,thermal,4,PF,MW,true,,D016_H16,18,18,1485,1485
20260811_121452_stage_B_2C_4168a6e9,1.0,16,16,storage,1,Pch,MW,true,,D016_H16,19,19,1486,1486
20260811_121452_stage_B_2C_4168a6e9,1.0,16,16,storage,2,Pch,MW,true,,D016_H16,20,20,1487,1487
20260811_121452_stage_B_2C_4168a6e9,1.0,16,16,storage,1,Pdis,MW,true,,D016_H16,21,21,1488,1488
20260811_121452_stage_B_2C_4168a6e9,1.0,16,16,storage,2,Pdis,MW,true,,D016_H16,22,22,1489,1489
20260811_121452_stage_B_2C_4168a6e9,1.0,16,16,storage,1,SOC,MWh,true,,D016_H16,23,23,1490,1490
20260811_121452_stage_B_2C_4168a6e9,1.0,16,16,storage,2,SOC,MWh,true,,D016_H16,24,24,1491,1491
20260811_121452_stage_B_2C_4168a6e9,1.0,16,17,wind,1,PW,MW,true,,D016_H17,1,1,1492,1492
20260811_121452_stage_B_2C_4168a6e9,1.0,16,17,wind,2,PW,MW,true,,D016_H17,2,2,1493,1493
20260811_121452_stage_B_2C_4168a6e9,1.0,16,17,wind,3,PW,MW,true,,D016_H17,3,3,1494,1494
20260811_121452_stage_B_2C_4168a6e9,1.0,16,17,wind,4,PW,MW,true,,D016_H17,4,4,1495,1495
20260811_121452_stage_B_2C_4168a6e9,1.0,16,17,wind,5,PW,MW,true,,D016_H17,5,5,1496,1496
20260811_121452_stage_B_2C_4168a6e9,1.0,16,17,solar,1,PP,MW,true,,D016_H17,6,6,1497,1497
20260811_121452_stage_B_2C_4168a6e9,1.0,16,17,solar,2,PP,MW,true,,D016_H17,7,7,1498,1498
20260811_121452_stage_B_2C_4168a6e9,1.0,16,17,solar,3,PP,MW,true,,D016_H17,8,8,1499,1499
20260811_121452_stage_B_2C_4168a6e9,1.0,16,17,solar,4,PP,MW,true,,D016_H17,9,9,1500,1500
20260811_121452_stage_B_2C_4168a6e9,1.0,16,17,solar,5,PP,MW,true,,D016_H17,10,10,1501,1501
20260811_121452_stage_B_2C_4168a6e9,1.0,16,17,hydro,1,PH,MW,true,,D016_H17,11,11,1502,1502
20260811_121452_stage_B_2C_4168a6e9,1.0,16,17,hydro,2,PH,MW,true,,D016_H17,12,12,1503,1503
20260811_121452_stage_B_2C_4168a6e9,1.0,16,17,hydro,3,PH,MW,true,,D016_H17,13,13,1504,1504
20260811_121452_stage_B_2C_4168a6e9,1.0,16,17,hydro,4,PH,MW,true,,D016_H17,14,14,1505,1505
20260811_121452_stage_B_2C_4168a6e9,1.0,16,17,thermal,1,PF,MW,true,,D016_H17,15,15,1506,1506
20260811_121452_stage_B_2C_4168a6e9,1.0,16,17,thermal,2,PF,MW,true,,D016_H17,16,16,1507,1507
20260811_121452_stage_B_2C_4168a6e9,1.0,16,17,thermal,3,PF,MW,true,,D016_H17,17,17,1508,1508
20260811_121452_stage_B_2C_4168a6e9,1.0,16,17,thermal,4,PF,MW,true,,D016_H17,18,18,1509,1509
20260811_121452_stage_B_2C_4168a6e9,1.0,16,17,storage,1,Pch,MW,true,,D016_H17,19,19,1510,1510
20260811_121452_stage_B_2C_4168a6e9,1.0,16,17,storage,2,Pch,MW,true,,D016_H17,20,20,1511,1511
20260811_121452_stage_B_2C_4168a6e9,1.0,16,17,storage,1,Pdis,MW,true,,D016_H17,21,21,1512,1512
20260811_121452_stage_B_2C_4168a6e9,1.0,16,17,storage,2,Pdis,MW,true,,D016_H17,22,22,1513,1513
20260811_121452_stage_B_2C_4168a6e9,1.0,16,17,storage,1,SOC,MWh,true,,D016_H17,23,23,1514,1514
20260811_121452_stage_B_2C_4168a6e9,1.0,16,17,storage,2,SOC,MWh,true,,D016_H17,24,24,1515,1515
20260811_121452_stage_B_2C_4168a6e9,1.0,16,18,wind,1,PW,MW,true,,D016_H18,1,1,1516,1516
20260811_121452_stage_B_2C_4168a6e9,1.0,16,18,wind,2,PW,MW,true,,D016_H18,2,2,1517,1517
20260811_121452_stage_B_2C_4168a6e9,1.0,16,18,wind,3,PW,MW,true,,D016_H18,3,3,1518,1518
20260811_121452_stage_B_2C_4168a6e9,1.0,16,18,wind,4,PW,MW,true,,D016_H18,4,4,1519,1519
20260811_121452_stage_B_2C_4168a6e9,1.0,16,18,wind,5,PW,MW,true,,D016_H18,5,5,1520,1520
20260811_121452_stage_B_2C_4168a6e9,1.0,16,18,solar,1,PP,MW,true,,D016_H18,6,6,1521,1521
20260811_121452_stage_B_2C_4168a6e9,1.0,16,18,solar,2,PP,MW,true,,D016_H18,7,7,1522,1522
20260811_121452_stage_B_2C_4168a6e9,1.0,16,18,solar,3,PP,MW,true,,D016_H18,8,8,1523,1523
20260811_121452_stage_B_2C_4168a6e9,1.0,16,18,solar,4,PP,MW,true,,D016_H18,9,9,1524,1524
20260811_121452_stage_B_2C_4168a6e9,1.0,16,18,solar,5,PP,MW,true,,D016_H18,10,10,1525,1525
20260811_121452_stage_B_2C_4168a6e9,1.0,16,18,hydro,1,PH,MW,true,,D016_H18,11,11,1526,1526
20260811_121452_stage_B_2C_4168a6e9,1.0,16,18,hydro,2,PH,MW,true,,D016_H18,12,12,1527,1527
20260811_121452_stage_B_2C_4168a6e9,1.0,16,18,hydro,3,PH,MW,true,,D016_H18,13,13,1528,1528
20260811_121452_stage_B_2C_4168a6e9,1.0,16,18,hydro,4,PH,MW,true,,D016_H18,14,14,1529,1529
20260811_121452_stage_B_2C_4168a6e9,1.0,16,18,thermal,1,PF,MW,true,,D016_H18,15,15,1530,1530
20260811_121452_stage_B_2C_4168a6e9,1.0,16,18,thermal,2,PF,MW,true,,D016_H18,16,16,1531,1531
20260811_121452_stage_B_2C_4168a6e9,1.0,16,18,thermal,3,PF,MW,true,,D016_H18,17,17,1532,1532
20260811_121452_stage_B_2C_4168a6e9,1.0,16,18,thermal,4,PF,MW,true,,D016_H18,18,18,1533,1533
20260811_121452_stage_B_2C_4168a6e9,1.0,16,18,storage,1,Pch,MW,true,,D016_H18,19,19,1534,1534
20260811_121452_stage_B_2C_4168a6e9,1.0,16,18,storage,2,Pch,MW,true,,D016_H18,20,20,1535,1535
20260811_121452_stage_B_2C_4168a6e9,1.0,16,18,storage,1,Pdis,MW,true,,D016_H18,21,21,1536,1536
20260811_121452_stage_B_2C_4168a6e9,1.0,16,18,storage,2,Pdis,MW,true,,D016_H18,22,22,1537,1537
20260811_121452_stage_B_2C_4168a6e9,1.0,16,18,storage,1,SOC,MWh,true,,D016_H18,23,23,1538,1538
20260811_121452_stage_B_2C_4168a6e9,1.0,16,18,storage,2,SOC,MWh,true,,D016_H18,24,24,1539,1539
20260811_121452_stage_B_2C_4168a6e9,1.0,16,19,wind,1,PW,MW,true,,D016_H19,1,1,1540,1540
20260811_121452_stage_B_2C_4168a6e9,1.0,16,19,wind,2,PW,MW,true,,D016_H19,2,2,1541,1541
20260811_121452_stage_B_2C_4168a6e9,1.0,16,19,wind,3,PW,MW,true,,D016_H19,3,3,1542,1542
20260811_121452_stage_B_2C_4168a6e9,1.0,16,19,wind,4,PW,MW,true,,D016_H19,4,4,1543,1543
20260811_121452_stage_B_2C_4168a6e9,1.0,16,19,wind,5,PW,MW,true,,D016_H19,5,5,1544,1544
20260811_121452_stage_B_2C_4168a6e9,1.0,16,19,solar,1,PP,MW,true,,D016_H19,6,6,1545,1545
20260811_121452_stage_B_2C_4168a6e9,1.0,16,19,solar,2,PP,MW,true,,D016_H19,7,7,1546,1546
20260811_121452_stage_B_2C_4168a6e9,1.0,16,19,solar,3,PP,MW,true,,D016_H19,8,8,1547,1547
20260811_121452_stage_B_2C_4168a6e9,1.0,16,19,solar,4,PP,MW,true,,D016_H19,9,9,1548,1548
20260811_121452_stage_B_2C_4168a6e9,1.0,16,19,solar,5,PP,MW,true,,D016_H19,10,10,1549,1549
20260811_121452_stage_B_2C_4168a6e9,1.0,16,19,hydro,1,PH,MW,true,,D016_H19,11,11,1550,1550
20260811_121452_stage_B_2C_4168a6e9,1.0,16,19,hydro,2,PH,MW,true,,D016_H19,12,12,1551,1551
20260811_121452_stage_B_2C_4168a6e9,1.0,16,19,hydro,3,PH,MW,true,,D016_H19,13,13,1552,1552
20260811_121452_stage_B_2C_4168a6e9,1.0,16,19,hydro,4,PH,MW,true,,D016_H19,14,14,1553,1553
20260811_121452_stage_B_2C_4168a6e9,1.0,16,19,thermal,1,PF,MW,true,,D016_H19,15,15,1554,1554
20260811_121452_stage_B_2C_4168a6e9,1.0,16,19,thermal,2,PF,MW,true,,D016_H19,16,16,1555,1555
20260811_121452_stage_B_2C_4168a6e9,1.0,16,19,thermal,3,PF,MW,true,,D016_H19,17,17,1556,1556
20260811_121452_stage_B_2C_4168a6e9,1.0,16,19,thermal,4,PF,MW,true,,D016_H19,18,18,1557,1557
20260811_121452_stage_B_2C_4168a6e9,1.0,16,19,storage,1,Pch,MW,true,,D016_H19,19,19,1558,1558
20260811_121452_stage_B_2C_4168a6e9,1.0,16,19,storage,2,Pch,MW,true,,D016_H19,20,20,1559,1559
20260811_121452_stage_B_2C_4168a6e9,1.0,16,19,storage,1,Pdis,MW,true,,D016_H19,21,21,1560,1560
20260811_121452_stage_B_2C_4168a6e9,1.0,16,19,storage,2,Pdis,MW,true,,D016_H19,22,22,1561,1561
20260811_121452_stage_B_2C_4168a6e9,1.0,16,19,storage,1,SOC,MWh,true,,D016_H19,23,23,1562,1562
20260811_121452_stage_B_2C_4168a6e9,1.0,16,19,storage,2,SOC,MWh,true,,D016_H19,24,24,1563,1563
20260811_121452_stage_B_2C_4168a6e9,1.0,16,20,wind,1,PW,MW,true,,D016_H20,1,1,1564,1564
20260811_121452_stage_B_2C_4168a6e9,1.0,16,20,wind,2,PW,MW,true,,D016_H20,2,2,1565,1565
20260811_121452_stage_B_2C_4168a6e9,1.0,16,20,wind,3,PW,MW,true,,D016_H20,3,3,1566,1566
20260811_121452_stage_B_2C_4168a6e9,1.0,16,20,wind,4,PW,MW,true,,D016_H20,4,4,1567,1567
20260811_121452_stage_B_2C_4168a6e9,1.0,16,20,wind,5,PW,MW,true,,D016_H20,5,5,1568,1568
20260811_121452_stage_B_2C_4168a6e9,1.0,16,20,hydro,1,PH,MW,true,,D016_H20,6,6,1569,1569
20260811_121452_stage_B_2C_4168a6e9,1.0,16,20,hydro,2,PH,MW,true,,D016_H20,7,7,1570,1570
20260811_121452_stage_B_2C_4168a6e9,1.0,16,20,hydro,3,PH,MW,true,,D016_H20,8,8,1571,1571
20260811_121452_stage_B_2C_4168a6e9,1.0,16,20,hydro,4,PH,MW,true,,D016_H20,9,9,1572,1572
20260811_121452_stage_B_2C_4168a6e9,1.0,16,20,thermal,1,PF,MW,true,,D016_H20,10,10,1573,1573
20260811_121452_stage_B_2C_4168a6e9,1.0,16,20,thermal,2,PF,MW,true,,D016_H20,11,11,1574,1574
20260811_121452_stage_B_2C_4168a6e9,1.0,16,20,thermal,3,PF,MW,true,,D016_H20,12,12,1575,1575
20260811_121452_stage_B_2C_4168a6e9,1.0,16,20,thermal,4,PF,MW,true,,D016_H20,13,13,1576,1576
20260811_121452_stage_B_2C_4168a6e9,1.0,16,20,storage,1,Pch,MW,true,,D016_H20,14,14,1577,1577
20260811_121452_stage_B_2C_4168a6e9,1.0,16,20,storage,2,Pch,MW,true,,D016_H20,15,15,1578,1578
20260811_121452_stage_B_2C_4168a6e9,1.0,16,20,storage,1,Pdis,MW,true,,D016_H20,16,16,1579,1579
20260811_121452_stage_B_2C_4168a6e9,1.0,16,20,storage,2,Pdis,MW,true,,D016_H20,17,17,1580,1580
20260811_121452_stage_B_2C_4168a6e9,1.0,16,20,storage,1,SOC,MWh,true,,D016_H20,18,18,1581,1581
20260811_121452_stage_B_2C_4168a6e9,1.0,16,20,storage,2,SOC,MWh,true,,D016_H20,19,19,1582,1582
20260811_121452_stage_B_2C_4168a6e9,1.0,16,21,wind,1,PW,MW,true,,D016_H21,1,1,1583,1583
20260811_121452_stage_B_2C_4168a6e9,1.0,16,21,wind,2,PW,MW,true,,D016_H21,2,2,1584,1584
20260811_121452_stage_B_2C_4168a6e9,1.0,16,21,wind,3,PW,MW,true,,D016_H21,3,3,1585,1585
20260811_121452_stage_B_2C_4168a6e9,1.0,16,21,wind,4,PW,MW,true,,D016_H21,4,4,1586,1586
20260811_121452_stage_B_2C_4168a6e9,1.0,16,21,wind,5,PW,MW,true,,D016_H21,5,5,1587,1587
20260811_121452_stage_B_2C_4168a6e9,1.0,16,21,hydro,1,PH,MW,true,,D016_H21,6,6,1588,1588
20260811_121452_stage_B_2C_4168a6e9,1.0,16,21,hydro,2,PH,MW,true,,D016_H21,7,7,1589,1589
20260811_121452_stage_B_2C_4168a6e9,1.0,16,21,hydro,3,PH,MW,true,,D016_H21,8,8,1590,1590
20260811_121452_stage_B_2C_4168a6e9,1.0,16,21,hydro,4,PH,MW,true,,D016_H21,9,9,1591,1591
20260811_121452_stage_B_2C_4168a6e9,1.0,16,21,thermal,1,PF,MW,true,,D016_H21,10,10,1592,1592
20260811_121452_stage_B_2C_4168a6e9,1.0,16,21,thermal,2,PF,MW,true,,D016_H21,11,11,1593,1593
20260811_121452_stage_B_2C_4168a6e9,1.0,16,21,thermal,3,PF,MW,true,,D016_H21,12,12,1594,1594
20260811_121452_stage_B_2C_4168a6e9,1.0,16,21,thermal,4,PF,MW,true,,D016_H21,13,13,1595,1595
20260811_121452_stage_B_2C_4168a6e9,1.0,16,21,storage,1,Pch,MW,true,,D016_H21,14,14,1596,1596
20260811_121452_stage_B_2C_4168a6e9,1.0,16,21,storage,2,Pch,MW,true,,D016_H21,15,15,1597,1597
20260811_121452_stage_B_2C_4168a6e9,1.0,16,21,storage,1,Pdis,MW,true,,D016_H21,16,16,1598,1598
20260811_121452_stage_B_2C_4168a6e9,1.0,16,21,storage,2,Pdis,MW,true,,D016_H21,17,17,1599,1599
20260811_121452_stage_B_2C_4168a6e9,1.0,16,21,storage,1,SOC,MWh,true,,D016_H21,18,18,1600,1600
20260811_121452_stage_B_2C_4168a6e9,1.0,16,21,storage,2,SOC,MWh,true,,D016_H21,19,19,1601,1601
20260811_121452_stage_B_2C_4168a6e9,1.0,16,22,wind,1,PW,MW,true,,D016_H22,1,1,1602,1602
20260811_121452_stage_B_2C_4168a6e9,1.0,16,22,wind,2,PW,MW,true,,D016_H22,2,2,1603,1603
20260811_121452_stage_B_2C_4168a6e9,1.0,16,22,wind,3,PW,MW,true,,D016_H22,3,3,1604,1604
20260811_121452_stage_B_2C_4168a6e9,1.0,16,22,wind,4,PW,MW,true,,D016_H22,4,4,1605,1605
20260811_121452_stage_B_2C_4168a6e9,1.0,16,22,wind,5,PW,MW,true,,D016_H22,5,5,1606,1606
20260811_121452_stage_B_2C_4168a6e9,1.0,16,22,hydro,1,PH,MW,true,,D016_H22,6,6,1607,1607
20260811_121452_stage_B_2C_4168a6e9,1.0,16,22,hydro,2,PH,MW,true,,D016_H22,7,7,1608,1608
20260811_121452_stage_B_2C_4168a6e9,1.0,16,22,hydro,3,PH,MW,true,,D016_H22,8,8,1609,1609
20260811_121452_stage_B_2C_4168a6e9,1.0,16,22,hydro,4,PH,MW,true,,D016_H22,9,9,1610,1610
20260811_121452_stage_B_2C_4168a6e9,1.0,16,22,thermal,1,PF,MW,true,,D016_H22,10,10,1611,1611
20260811_121452_stage_B_2C_4168a6e9,1.0,16,22,thermal,2,PF,MW,true,,D016_H22,11,11,1612,1612
20260811_121452_stage_B_2C_4168a6e9,1.0,16,22,thermal,3,PF,MW,true,,D016_H22,12,12,1613,1613
20260811_121452_stage_B_2C_4168a6e9,1.0,16,22,thermal,4,PF,MW,true,,D016_H22,13,13,1614,1614
20260811_121452_stage_B_2C_4168a6e9,1.0,16,22,storage,1,Pch,MW,true,,D016_H22,14,14,1615,1615
20260811_121452_stage_B_2C_4168a6e9,1.0,16,22,storage,2,Pch,MW,true,,D016_H22,15,15,1616,1616
20260811_121452_stage_B_2C_4168a6e9,1.0,16,22,storage,1,Pdis,MW,true,,D016_H22,16,16,1617,1617
20260811_121452_stage_B_2C_4168a6e9,1.0,16,22,storage,2,Pdis,MW,true,,D016_H22,17,17,1618,1618
20260811_121452_stage_B_2C_4168a6e9,1.0,16,22,storage,1,SOC,MWh,true,,D016_H22,18,18,1619,1619
20260811_121452_stage_B_2C_4168a6e9,1.0,16,22,storage,2,SOC,MWh,true,,D016_H22,19,19,1620,1620
20260811_121452_stage_B_2C_4168a6e9,1.0,16,23,wind,1,PW,MW,true,,D016_H23,1,1,1621,1621
20260811_121452_stage_B_2C_4168a6e9,1.0,16,23,wind,2,PW,MW,true,,D016_H23,2,2,1622,1622
20260811_121452_stage_B_2C_4168a6e9,1.0,16,23,wind,3,PW,MW,true,,D016_H23,3,3,1623,1623
20260811_121452_stage_B_2C_4168a6e9,1.0,16,23,wind,4,PW,MW,true,,D016_H23,4,4,1624,1624
20260811_121452_stage_B_2C_4168a6e9,1.0,16,23,wind,5,PW,MW,true,,D016_H23,5,5,1625,1625
20260811_121452_stage_B_2C_4168a6e9,1.0,16,23,hydro,1,PH,MW,true,,D016_H23,6,6,1626,1626
20260811_121452_stage_B_2C_4168a6e9,1.0,16,23,hydro,2,PH,MW,true,,D016_H23,7,7,1627,1627
20260811_121452_stage_B_2C_4168a6e9,1.0,16,23,hydro,3,PH,MW,true,,D016_H23,8,8,1628,1628
20260811_121452_stage_B_2C_4168a6e9,1.0,16,23,hydro,4,PH,MW,true,,D016_H23,9,9,1629,1629
20260811_121452_stage_B_2C_4168a6e9,1.0,16,23,thermal,1,PF,MW,true,,D016_H23,10,10,1630,1630
20260811_121452_stage_B_2C_4168a6e9,1.0,16,23,thermal,2,PF,MW,true,,D016_H23,11,11,1631,1631
20260811_121452_stage_B_2C_4168a6e9,1.0,16,23,thermal,3,PF,MW,true,,D016_H23,12,12,1632,1632
20260811_121452_stage_B_2C_4168a6e9,1.0,16,23,thermal,4,PF,MW,true,,D016_H23,13,13,1633,1633
20260811_121452_stage_B_2C_4168a6e9,1.0,16,23,storage,1,Pch,MW,true,,D016_H23,14,14,1634,1634
20260811_121452_stage_B_2C_4168a6e9,1.0,16,23,storage,2,Pch,MW,true,,D016_H23,15,15,1635,1635
20260811_121452_stage_B_2C_4168a6e9,1.0,16,23,storage,1,Pdis,MW,true,,D016_H23,16,16,1636,1636
20260811_121452_stage_B_2C_4168a6e9,1.0,16,23,storage,2,Pdis,MW,true,,D016_H23,17,17,1637,1637
20260811_121452_stage_B_2C_4168a6e9,1.0,16,23,storage,1,SOC,MWh,true,,D016_H23,18,18,1638,1638
20260811_121452_stage_B_2C_4168a6e9,1.0,16,23,storage,2,SOC,MWh,true,,D016_H23,19,19,1639,1639
20260811_121452_stage_B_2C_4168a6e9,1.0,16,24,wind,1,PW,MW,true,,D016_H24,1,1,1640,1640
20260811_121452_stage_B_2C_4168a6e9,1.0,16,24,wind,2,PW,MW,true,,D016_H24,2,2,1641,1641
20260811_121452_stage_B_2C_4168a6e9,1.0,16,24,wind,3,PW,MW,true,,D016_H24,3,3,1642,1642
20260811_121452_stage_B_2C_4168a6e9,1.0,16,24,wind,4,PW,MW,true,,D016_H24,4,4,1643,1643
20260811_121452_stage_B_2C_4168a6e9,1.0,16,24,wind,5,PW,MW,true,,D016_H24,5,5,1644,1644
20260811_121452_stage_B_2C_4168a6e9,1.0,16,24,hydro,1,PH,MW,true,,D016_H24,6,6,1645,1645
20260811_121452_stage_B_2C_4168a6e9,1.0,16,24,hydro,2,PH,MW,true,,D016_H24,7,7,1646,1646
20260811_121452_stage_B_2C_4168a6e9,1.0,16,24,hydro,3,PH,MW,true,,D016_H24,8,8,1647,1647
20260811_121452_stage_B_2C_4168a6e9,1.0,16,24,hydro,4,PH,MW,true,,D016_H24,9,9,1648,1648
20260811_121452_stage_B_2C_4168a6e9,1.0,16,24,thermal,1,PF,MW,true,,D016_H24,10,10,1649,1649
20260811_121452_stage_B_2C_4168a6e9,1.0,16,24,thermal,2,PF,MW,true,,D016_H24,11,11,1650,1650
20260811_121452_stage_B_2C_4168a6e9,1.0,16,24,thermal,3,PF,MW,true,,D016_H24,12,12,1651,1651
20260811_121452_stage_B_2C_4168a6e9,1.0,16,24,thermal,4,PF,MW,true,,D016_H24,13,13,1652,1652
20260811_121452_stage_B_2C_4168a6e9,1.0,16,24,storage,1,Pch,MW,true,,D016_H24,14,14,1653,1653
20260811_121452_stage_B_2C_4168a6e9,1.0,16,24,storage,2,Pch,MW,true,,D016_H24,15,15,1654,1654
20260811_121452_stage_B_2C_4168a6e9,1.0,16,24,storage,1,Pdis,MW,true,,D016_H24,16,16,1655,1655
20260811_121452_stage_B_2C_4168a6e9,1.0,16,24,storage,2,Pdis,MW,true,,D016_H24,17,17,1656,1656
20260811_121452_stage_B_2C_4168a6e9,1.0,16,24,storage,1,SOC,MWh,true,,D016_H24,18,18,1657,1657
20260811_121452_stage_B_2C_4168a6e9,1.0,16,24,storage,2,SOC,MWh,true,,D016_H24,19,19,1658,1658
20260811_121452_stage_B_2C_4168a6e9,1.0,17,1,wind,1,PW,MW,true,,D017_H01,1,1,1659,1659
20260811_121452_stage_B_2C_4168a6e9,1.0,17,1,wind,2,PW,MW,true,,D017_H01,2,2,1660,1660
20260811_121452_stage_B_2C_4168a6e9,1.0,17,1,wind,3,PW,MW,true,,D017_H01,3,3,1661,1661
20260811_121452_stage_B_2C_4168a6e9,1.0,17,1,wind,4,PW,MW,true,,D017_H01,4,4,1662,1662
20260811_121452_stage_B_2C_4168a6e9,1.0,17,1,wind,5,PW,MW,true,,D017_H01,5,5,1663,1663
20260811_121452_stage_B_2C_4168a6e9,1.0,17,1,hydro,1,PH,MW,true,,D017_H01,6,6,1664,1664
20260811_121452_stage_B_2C_4168a6e9,1.0,17,1,hydro,2,PH,MW,true,,D017_H01,7,7,1665,1665
20260811_121452_stage_B_2C_4168a6e9,1.0,17,1,hydro,3,PH,MW,true,,D017_H01,8,8,1666,1666
20260811_121452_stage_B_2C_4168a6e9,1.0,17,1,hydro,4,PH,MW,true,,D017_H01,9,9,1667,1667
20260811_121452_stage_B_2C_4168a6e9,1.0,17,1,thermal,1,PF,MW,true,,D017_H01,10,10,1668,1668
20260811_121452_stage_B_2C_4168a6e9,1.0,17,1,thermal,2,PF,MW,true,,D017_H01,11,11,1669,1669
20260811_121452_stage_B_2C_4168a6e9,1.0,17,1,thermal,3,PF,MW,true,,D017_H01,12,12,1670,1670
20260811_121452_stage_B_2C_4168a6e9,1.0,17,1,thermal,4,PF,MW,true,,D017_H01,13,13,1671,1671
20260811_121452_stage_B_2C_4168a6e9,1.0,17,1,storage,1,Pch,MW,true,,D017_H01,14,14,1672,1672
20260811_121452_stage_B_2C_4168a6e9,1.0,17,1,storage,2,Pch,MW,true,,D017_H01,15,15,1673,1673
20260811_121452_stage_B_2C_4168a6e9,1.0,17,1,storage,1,Pdis,MW,true,,D017_H01,16,16,1674,1674
20260811_121452_stage_B_2C_4168a6e9,1.0,17,1,storage,2,Pdis,MW,true,,D017_H01,17,17,1675,1675
20260811_121452_stage_B_2C_4168a6e9,1.0,17,1,storage,1,SOC,MWh,true,,D017_H01,18,18,1676,1676
20260811_121452_stage_B_2C_4168a6e9,1.0,17,1,storage,2,SOC,MWh,true,,D017_H01,19,19,1677,1677
20260811_121452_stage_B_2C_4168a6e9,1.0,17,2,wind,1,PW,MW,true,,D017_H02,1,1,1678,1678
20260811_121452_stage_B_2C_4168a6e9,1.0,17,2,wind,2,PW,MW,true,,D017_H02,2,2,1679,1679
20260811_121452_stage_B_2C_4168a6e9,1.0,17,2,wind,3,PW,MW,true,,D017_H02,3,3,1680,1680
20260811_121452_stage_B_2C_4168a6e9,1.0,17,2,wind,4,PW,MW,true,,D017_H02,4,4,1681,1681
20260811_121452_stage_B_2C_4168a6e9,1.0,17,2,wind,5,PW,MW,true,,D017_H02,5,5,1682,1682
20260811_121452_stage_B_2C_4168a6e9,1.0,17,2,hydro,1,PH,MW,true,,D017_H02,6,6,1683,1683
20260811_121452_stage_B_2C_4168a6e9,1.0,17,2,hydro,2,PH,MW,true,,D017_H02,7,7,1684,1684
20260811_121452_stage_B_2C_4168a6e9,1.0,17,2,hydro,3,PH,MW,true,,D017_H02,8,8,1685,1685
20260811_121452_stage_B_2C_4168a6e9,1.0,17,2,hydro,4,PH,MW,true,,D017_H02,9,9,1686,1686
20260811_121452_stage_B_2C_4168a6e9,1.0,17,2,thermal,1,PF,MW,true,,D017_H02,10,10,1687,1687
20260811_121452_stage_B_2C_4168a6e9,1.0,17,2,thermal,2,PF,MW,true,,D017_H02,11,11,1688,1688
20260811_121452_stage_B_2C_4168a6e9,1.0,17,2,thermal,3,PF,MW,true,,D017_H02,12,12,1689,1689
20260811_121452_stage_B_2C_4168a6e9,1.0,17,2,thermal,4,PF,MW,true,,D017_H02,13,13,1690,1690
20260811_121452_stage_B_2C_4168a6e9,1.0,17,2,storage,1,Pch,MW,true,,D017_H02,14,14,1691,1691
20260811_121452_stage_B_2C_4168a6e9,1.0,17,2,storage,2,Pch,MW,true,,D017_H02,15,15,1692,1692
20260811_121452_stage_B_2C_4168a6e9,1.0,17,2,storage,1,Pdis,MW,true,,D017_H02,16,16,1693,1693
20260811_121452_stage_B_2C_4168a6e9,1.0,17,2,storage,2,Pdis,MW,true,,D017_H02,17,17,1694,1694
20260811_121452_stage_B_2C_4168a6e9,1.0,17,2,storage,1,SOC,MWh,true,,D017_H02,18,18,1695,1695
20260811_121452_stage_B_2C_4168a6e9,1.0,17,2,storage,2,SOC,MWh,true,,D017_H02,19,19,1696,1696
20260811_121452_stage_B_2C_4168a6e9,1.0,17,3,wind,1,PW,MW,true,,D017_H03,1,1,1697,1697
20260811_121452_stage_B_2C_4168a6e9,1.0,17,3,wind,2,PW,MW,true,,D017_H03,2,2,1698,1698
20260811_121452_stage_B_2C_4168a6e9,1.0,17,3,wind,3,PW,MW,true,,D017_H03,3,3,1699,1699
20260811_121452_stage_B_2C_4168a6e9,1.0,17,3,wind,4,PW,MW,true,,D017_H03,4,4,1700,1700
20260811_121452_stage_B_2C_4168a6e9,1.0,17,3,wind,5,PW,MW,true,,D017_H03,5,5,1701,1701
20260811_121452_stage_B_2C_4168a6e9,1.0,17,3,hydro,1,PH,MW,true,,D017_H03,6,6,1702,1702
20260811_121452_stage_B_2C_4168a6e9,1.0,17,3,hydro,2,PH,MW,true,,D017_H03,7,7,1703,1703
20260811_121452_stage_B_2C_4168a6e9,1.0,17,3,hydro,3,PH,MW,true,,D017_H03,8,8,1704,1704
20260811_121452_stage_B_2C_4168a6e9,1.0,17,3,hydro,4,PH,MW,true,,D017_H03,9,9,1705,1705
20260811_121452_stage_B_2C_4168a6e9,1.0,17,3,thermal,1,PF,MW,true,,D017_H03,10,10,1706,1706
20260811_121452_stage_B_2C_4168a6e9,1.0,17,3,thermal,2,PF,MW,true,,D017_H03,11,11,1707,1707
20260811_121452_stage_B_2C_4168a6e9,1.0,17,3,thermal,3,PF,MW,true,,D017_H03,12,12,1708,1708
20260811_121452_stage_B_2C_4168a6e9,1.0,17,3,thermal,4,PF,MW,true,,D017_H03,13,13,1709,1709
20260811_121452_stage_B_2C_4168a6e9,1.0,17,3,storage,1,Pch,MW,true,,D017_H03,14,14,1710,1710
20260811_121452_stage_B_2C_4168a6e9,1.0,17,3,storage,2,Pch,MW,true,,D017_H03,15,15,1711,1711
20260811_121452_stage_B_2C_4168a6e9,1.0,17,3,storage,1,Pdis,MW,true,,D017_H03,16,16,1712,1712
20260811_121452_stage_B_2C_4168a6e9,1.0,17,3,storage,2,Pdis,MW,true,,D017_H03,17,17,1713,1713
20260811_121452_stage_B_2C_4168a6e9,1.0,17,3,storage,1,SOC,MWh,true,,D017_H03,18,18,1714,1714
20260811_121452_stage_B_2C_4168a6e9,1.0,17,3,storage,2,SOC,MWh,true,,D017_H03,19,19,1715,1715
20260811_121452_stage_B_2C_4168a6e9,1.0,17,4,wind,1,PW,MW,true,,D017_H04,1,1,1716,1716
20260811_121452_stage_B_2C_4168a6e9,1.0,17,4,wind,2,PW,MW,true,,D017_H04,2,2,1717,1717
20260811_121452_stage_B_2C_4168a6e9,1.0,17,4,wind,3,PW,MW,true,,D017_H04,3,3,1718,1718
20260811_121452_stage_B_2C_4168a6e9,1.0,17,4,wind,4,PW,MW,true,,D017_H04,4,4,1719,1719
20260811_121452_stage_B_2C_4168a6e9,1.0,17,4,wind,5,PW,MW,true,,D017_H04,5,5,1720,1720
20260811_121452_stage_B_2C_4168a6e9,1.0,17,4,hydro,1,PH,MW,true,,D017_H04,6,6,1721,1721
20260811_121452_stage_B_2C_4168a6e9,1.0,17,4,hydro,2,PH,MW,true,,D017_H04,7,7,1722,1722
20260811_121452_stage_B_2C_4168a6e9,1.0,17,4,hydro,3,PH,MW,true,,D017_H04,8,8,1723,1723
20260811_121452_stage_B_2C_4168a6e9,1.0,17,4,hydro,4,PH,MW,true,,D017_H04,9,9,1724,1724
20260811_121452_stage_B_2C_4168a6e9,1.0,17,4,thermal,1,PF,MW,true,,D017_H04,10,10,1725,1725
20260811_121452_stage_B_2C_4168a6e9,1.0,17,4,thermal,2,PF,MW,true,,D017_H04,11,11,1726,1726
20260811_121452_stage_B_2C_4168a6e9,1.0,17,4,thermal,3,PF,MW,true,,D017_H04,12,12,1727,1727
20260811_121452_stage_B_2C_4168a6e9,1.0,17,4,thermal,4,PF,MW,true,,D017_H04,13,13,1728,1728
20260811_121452_stage_B_2C_4168a6e9,1.0,17,4,storage,1,Pch,MW,true,,D017_H04,14,14,1729,1729
20260811_121452_stage_B_2C_4168a6e9,1.0,17,4,storage,2,Pch,MW,true,,D017_H04,15,15,1730,1730
20260811_121452_stage_B_2C_4168a6e9,1.0,17,4,storage,1,Pdis,MW,true,,D017_H04,16,16,1731,1731
20260811_121452_stage_B_2C_4168a6e9,1.0,17,4,storage,2,Pdis,MW,true,,D017_H04,17,17,1732,1732
20260811_121452_stage_B_2C_4168a6e9,1.0,17,4,storage,1,SOC,MWh,true,,D017_H04,18,18,1733,1733
20260811_121452_stage_B_2C_4168a6e9,1.0,17,4,storage,2,SOC,MWh,true,,D017_H04,19,19,1734,1734
20260811_121452_stage_B_2C_4168a6e9,1.0,17,5,wind,1,PW,MW,true,,D017_H05,1,1,1735,1735
20260811_121452_stage_B_2C_4168a6e9,1.0,17,5,wind,2,PW,MW,true,,D017_H05,2,2,1736,1736
20260811_121452_stage_B_2C_4168a6e9,1.0,17,5,wind,3,PW,MW,true,,D017_H05,3,3,1737,1737
20260811_121452_stage_B_2C_4168a6e9,1.0,17,5,wind,4,PW,MW,true,,D017_H05,4,4,1738,1738
20260811_121452_stage_B_2C_4168a6e9,1.0,17,5,wind,5,PW,MW,true,,D017_H05,5,5,1739,1739
20260811_121452_stage_B_2C_4168a6e9,1.0,17,5,hydro,1,PH,MW,true,,D017_H05,6,6,1740,1740
20260811_121452_stage_B_2C_4168a6e9,1.0,17,5,hydro,2,PH,MW,true,,D017_H05,7,7,1741,1741
20260811_121452_stage_B_2C_4168a6e9,1.0,17,5,hydro,3,PH,MW,true,,D017_H05,8,8,1742,1742
20260811_121452_stage_B_2C_4168a6e9,1.0,17,5,hydro,4,PH,MW,true,,D017_H05,9,9,1743,1743
20260811_121452_stage_B_2C_4168a6e9,1.0,17,5,thermal,1,PF,MW,true,,D017_H05,10,10,1744,1744
20260811_121452_stage_B_2C_4168a6e9,1.0,17,5,thermal,2,PF,MW,true,,D017_H05,11,11,1745,1745
20260811_121452_stage_B_2C_4168a6e9,1.0,17,5,thermal,3,PF,MW,true,,D017_H05,12,12,1746,1746
20260811_121452_stage_B_2C_4168a6e9,1.0,17,5,thermal,4,PF,MW,true,,D017_H05,13,13,1747,1747
20260811_121452_stage_B_2C_4168a6e9,1.0,17,5,storage,1,Pch,MW,true,,D017_H05,14,14,1748,1748
20260811_121452_stage_B_2C_4168a6e9,1.0,17,5,storage,2,Pch,MW,true,,D017_H05,15,15,1749,1749
20260811_121452_stage_B_2C_4168a6e9,1.0,17,5,storage,1,Pdis,MW,true,,D017_H05,16,16,1750,1750
20260811_121452_stage_B_2C_4168a6e9,1.0,17,5,storage,2,Pdis,MW,true,,D017_H05,17,17,1751,1751
20260811_121452_stage_B_2C_4168a6e9,1.0,17,5,storage,1,SOC,MWh,true,,D017_H05,18,18,1752,1752
20260811_121452_stage_B_2C_4168a6e9,1.0,17,5,storage,2,SOC,MWh,true,,D017_H05,19,19,1753,1753
20260811_121452_stage_B_2C_4168a6e9,1.0,17,6,wind,1,PW,MW,true,,D017_H06,1,1,1754,1754
20260811_121452_stage_B_2C_4168a6e9,1.0,17,6,wind,2,PW,MW,true,,D017_H06,2,2,1755,1755
20260811_121452_stage_B_2C_4168a6e9,1.0,17,6,wind,3,PW,MW,true,,D017_H06,3,3,1756,1756
20260811_121452_stage_B_2C_4168a6e9,1.0,17,6,wind,4,PW,MW,true,,D017_H06,4,4,1757,1757
20260811_121452_stage_B_2C_4168a6e9,1.0,17,6,wind,5,PW,MW,true,,D017_H06,5,5,1758,1758
20260811_121452_stage_B_2C_4168a6e9,1.0,17,6,hydro,1,PH,MW,true,,D017_H06,6,6,1759,1759
20260811_121452_stage_B_2C_4168a6e9,1.0,17,6,hydro,2,PH,MW,true,,D017_H06,7,7,1760,1760
20260811_121452_stage_B_2C_4168a6e9,1.0,17,6,hydro,3,PH,MW,true,,D017_H06,8,8,1761,1761
20260811_121452_stage_B_2C_4168a6e9,1.0,17,6,hydro,4,PH,MW,true,,D017_H06,9,9,1762,1762
20260811_121452_stage_B_2C_4168a6e9,1.0,17,6,thermal,1,PF,MW,true,,D017_H06,10,10,1763,1763
20260811_121452_stage_B_2C_4168a6e9,1.0,17,6,thermal,2,PF,MW,true,,D017_H06,11,11,1764,1764
20260811_121452_stage_B_2C_4168a6e9,1.0,17,6,thermal,3,PF,MW,true,,D017_H06,12,12,1765,1765
20260811_121452_stage_B_2C_4168a6e9,1.0,17,6,thermal,4,PF,MW,true,,D017_H06,13,13,1766,1766
20260811_121452_stage_B_2C_4168a6e9,1.0,17,6,storage,1,Pch,MW,true,,D017_H06,14,14,1767,1767
20260811_121452_stage_B_2C_4168a6e9,1.0,17,6,storage,2,Pch,MW,true,,D017_H06,15,15,1768,1768
20260811_121452_stage_B_2C_4168a6e9,1.0,17,6,storage,1,Pdis,MW,true,,D017_H06,16,16,1769,1769
20260811_121452_stage_B_2C_4168a6e9,1.0,17,6,storage,2,Pdis,MW,true,,D017_H06,17,17,1770,1770
20260811_121452_stage_B_2C_4168a6e9,1.0,17,6,storage,1,SOC,MWh,true,,D017_H06,18,18,1771,1771
20260811_121452_stage_B_2C_4168a6e9,1.0,17,6,storage,2,SOC,MWh,true,,D017_H06,19,19,1772,1772
20260811_121452_stage_B_2C_4168a6e9,1.0,17,7,wind,1,PW,MW,true,,D017_H07,1,1,1773,1773
20260811_121452_stage_B_2C_4168a6e9,1.0,17,7,wind,2,PW,MW,true,,D017_H07,2,2,1774,1774
20260811_121452_stage_B_2C_4168a6e9,1.0,17,7,wind,3,PW,MW,true,,D017_H07,3,3,1775,1775
20260811_121452_stage_B_2C_4168a6e9,1.0,17,7,wind,4,PW,MW,true,,D017_H07,4,4,1776,1776
20260811_121452_stage_B_2C_4168a6e9,1.0,17,7,wind,5,PW,MW,true,,D017_H07,5,5,1777,1777
20260811_121452_stage_B_2C_4168a6e9,1.0,17,7,hydro,1,PH,MW,true,,D017_H07,6,6,1778,1778
20260811_121452_stage_B_2C_4168a6e9,1.0,17,7,hydro,2,PH,MW,true,,D017_H07,7,7,1779,1779
20260811_121452_stage_B_2C_4168a6e9,1.0,17,7,hydro,3,PH,MW,true,,D017_H07,8,8,1780,1780
20260811_121452_stage_B_2C_4168a6e9,1.0,17,7,hydro,4,PH,MW,true,,D017_H07,9,9,1781,1781
20260811_121452_stage_B_2C_4168a6e9,1.0,17,7,thermal,1,PF,MW,true,,D017_H07,10,10,1782,1782
20260811_121452_stage_B_2C_4168a6e9,1.0,17,7,thermal,2,PF,MW,true,,D017_H07,11,11,1783,1783
20260811_121452_stage_B_2C_4168a6e9,1.0,17,7,thermal,3,PF,MW,true,,D017_H07,12,12,1784,1784
20260811_121452_stage_B_2C_4168a6e9,1.0,17,7,thermal,4,PF,MW,true,,D017_H07,13,13,1785,1785
20260811_121452_stage_B_2C_4168a6e9,1.0,17,7,storage,1,Pch,MW,true,,D017_H07,14,14,1786,1786
20260811_121452_stage_B_2C_4168a6e9,1.0,17,7,storage,2,Pch,MW,true,,D017_H07,15,15,1787,1787
20260811_121452_stage_B_2C_4168a6e9,1.0,17,7,storage,1,Pdis,MW,true,,D017_H07,16,16,1788,1788
20260811_121452_stage_B_2C_4168a6e9,1.0,17,7,storage,2,Pdis,MW,true,,D017_H07,17,17,1789,1789
20260811_121452_stage_B_2C_4168a6e9,1.0,17,7,storage,1,SOC,MWh,true,,D017_H07,18,18,1790,1790
20260811_121452_stage_B_2C_4168a6e9,1.0,17,7,storage,2,SOC,MWh,true,,D017_H07,19,19,1791,1791
20260811_121452_stage_B_2C_4168a6e9,1.0,17,8,wind,1,PW,MW,true,,D017_H08,1,1,1792,1792
20260811_121452_stage_B_2C_4168a6e9,1.0,17,8,wind,2,PW,MW,true,,D017_H08,2,2,1793,1793
20260811_121452_stage_B_2C_4168a6e9,1.0,17,8,wind,3,PW,MW,true,,D017_H08,3,3,1794,1794
20260811_121452_stage_B_2C_4168a6e9,1.0,17,8,wind,4,PW,MW,true,,D017_H08,4,4,1795,1795
20260811_121452_stage_B_2C_4168a6e9,1.0,17,8,wind,5,PW,MW,true,,D017_H08,5,5,1796,1796
20260811_121452_stage_B_2C_4168a6e9,1.0,17,8,solar,1,PP,MW,true,,D017_H08,6,6,1797,1797
20260811_121452_stage_B_2C_4168a6e9,1.0,17,8,solar,2,PP,MW,true,,D017_H08,7,7,1798,1798
20260811_121452_stage_B_2C_4168a6e9,1.0,17,8,solar,3,PP,MW,true,,D017_H08,8,8,1799,1799
20260811_121452_stage_B_2C_4168a6e9,1.0,17,8,solar,4,PP,MW,true,,D017_H08,9,9,1800,1800
20260811_121452_stage_B_2C_4168a6e9,1.0,17,8,solar,5,PP,MW,true,,D017_H08,10,10,1801,1801
20260811_121452_stage_B_2C_4168a6e9,1.0,17,8,hydro,1,PH,MW,true,,D017_H08,11,11,1802,1802
20260811_121452_stage_B_2C_4168a6e9,1.0,17,8,hydro,2,PH,MW,true,,D017_H08,12,12,1803,1803
20260811_121452_stage_B_2C_4168a6e9,1.0,17,8,hydro,3,PH,MW,true,,D017_H08,13,13,1804,1804
20260811_121452_stage_B_2C_4168a6e9,1.0,17,8,hydro,4,PH,MW,true,,D017_H08,14,14,1805,1805
20260811_121452_stage_B_2C_4168a6e9,1.0,17,8,thermal,1,PF,MW,true,,D017_H08,15,15,1806,1806
20260811_121452_stage_B_2C_4168a6e9,1.0,17,8,thermal,2,PF,MW,true,,D017_H08,16,16,1807,1807
20260811_121452_stage_B_2C_4168a6e9,1.0,17,8,thermal,3,PF,MW,true,,D017_H08,17,17,1808,1808
20260811_121452_stage_B_2C_4168a6e9,1.0,17,8,thermal,4,PF,MW,true,,D017_H08,18,18,1809,1809
20260811_121452_stage_B_2C_4168a6e9,1.0,17,8,storage,1,Pch,MW,true,,D017_H08,19,19,1810,1810
20260811_121452_stage_B_2C_4168a6e9,1.0,17,8,storage,2,Pch,MW,true,,D017_H08,20,20,1811,1811
20260811_121452_stage_B_2C_4168a6e9,1.0,17,8,storage,1,Pdis,MW,true,,D017_H08,21,21,1812,1812
20260811_121452_stage_B_2C_4168a6e9,1.0,17,8,storage,2,Pdis,MW,true,,D017_H08,22,22,1813,1813
20260811_121452_stage_B_2C_4168a6e9,1.0,17,8,storage,1,SOC,MWh,true,,D017_H08,23,23,1814,1814
20260811_121452_stage_B_2C_4168a6e9,1.0,17,8,storage,2,SOC,MWh,true,,D017_H08,24,24,1815,1815
20260811_121452_stage_B_2C_4168a6e9,1.0,17,9,wind,1,PW,MW,true,,D017_H09,1,1,1816,1816
20260811_121452_stage_B_2C_4168a6e9,1.0,17,9,wind,2,PW,MW,true,,D017_H09,2,2,1817,1817
20260811_121452_stage_B_2C_4168a6e9,1.0,17,9,wind,3,PW,MW,true,,D017_H09,3,3,1818,1818
20260811_121452_stage_B_2C_4168a6e9,1.0,17,9,wind,4,PW,MW,true,,D017_H09,4,4,1819,1819
20260811_121452_stage_B_2C_4168a6e9,1.0,17,9,wind,5,PW,MW,true,,D017_H09,5,5,1820,1820
20260811_121452_stage_B_2C_4168a6e9,1.0,17,9,solar,1,PP,MW,true,,D017_H09,6,6,1821,1821
20260811_121452_stage_B_2C_4168a6e9,1.0,17,9,solar,2,PP,MW,true,,D017_H09,7,7,1822,1822
20260811_121452_stage_B_2C_4168a6e9,1.0,17,9,solar,3,PP,MW,true,,D017_H09,8,8,1823,1823
20260811_121452_stage_B_2C_4168a6e9,1.0,17,9,solar,4,PP,MW,true,,D017_H09,9,9,1824,1824
20260811_121452_stage_B_2C_4168a6e9,1.0,17,9,solar,5,PP,MW,true,,D017_H09,10,10,1825,1825
20260811_121452_stage_B_2C_4168a6e9,1.0,17,9,hydro,1,PH,MW,true,,D017_H09,11,11,1826,1826
20260811_121452_stage_B_2C_4168a6e9,1.0,17,9,hydro,2,PH,MW,true,,D017_H09,12,12,1827,1827
20260811_121452_stage_B_2C_4168a6e9,1.0,17,9,hydro,3,PH,MW,true,,D017_H09,13,13,1828,1828
20260811_121452_stage_B_2C_4168a6e9,1.0,17,9,hydro,4,PH,MW,true,,D017_H09,14,14,1829,1829
20260811_121452_stage_B_2C_4168a6e9,1.0,17,9,thermal,1,PF,MW,true,,D017_H09,15,15,1830,1830
20260811_121452_stage_B_2C_4168a6e9,1.0,17,9,thermal,2,PF,MW,true,,D017_H09,16,16,1831,1831
20260811_121452_stage_B_2C_4168a6e9,1.0,17,9,thermal,3,PF,MW,true,,D017_H09,17,17,1832,1832
20260811_121452_stage_B_2C_4168a6e9,1.0,17,9,thermal,4,PF,MW,true,,D017_H09,18,18,1833,1833
20260811_121452_stage_B_2C_4168a6e9,1.0,17,9,storage,1,Pch,MW,true,,D017_H09,19,19,1834,1834
20260811_121452_stage_B_2C_4168a6e9,1.0,17,9,storage,2,Pch,MW,true,,D017_H09,20,20,1835,1835
20260811_121452_stage_B_2C_4168a6e9,1.0,17,9,storage,1,Pdis,MW,true,,D017_H09,21,21,1836,1836
20260811_121452_stage_B_2C_4168a6e9,1.0,17,9,storage,2,Pdis,MW,true,,D017_H09,22,22,1837,1837
20260811_121452_stage_B_2C_4168a6e9,1.0,17,9,storage,1,SOC,MWh,true,,D017_H09,23,23,1838,1838
20260811_121452_stage_B_2C_4168a6e9,1.0,17,9,storage,2,SOC,MWh,true,,D017_H09,24,24,1839,1839
20260811_121452_stage_B_2C_4168a6e9,1.0,17,10,wind,1,PW,MW,true,,D017_H10,1,1,1840,1840
20260811_121452_stage_B_2C_4168a6e9,1.0,17,10,wind,2,PW,MW,true,,D017_H10,2,2,1841,1841
20260811_121452_stage_B_2C_4168a6e9,1.0,17,10,wind,3,PW,MW,true,,D017_H10,3,3,1842,1842
20260811_121452_stage_B_2C_4168a6e9,1.0,17,10,wind,4,PW,MW,true,,D017_H10,4,4,1843,1843
20260811_121452_stage_B_2C_4168a6e9,1.0,17,10,wind,5,PW,MW,true,,D017_H10,5,5,1844,1844
20260811_121452_stage_B_2C_4168a6e9,1.0,17,10,solar,1,PP,MW,true,,D017_H10,6,6,1845,1845
20260811_121452_stage_B_2C_4168a6e9,1.0,17,10,solar,2,PP,MW,true,,D017_H10,7,7,1846,1846
20260811_121452_stage_B_2C_4168a6e9,1.0,17,10,solar,3,PP,MW,true,,D017_H10,8,8,1847,1847
20260811_121452_stage_B_2C_4168a6e9,1.0,17,10,solar,4,PP,MW,true,,D017_H10,9,9,1848,1848
20260811_121452_stage_B_2C_4168a6e9,1.0,17,10,solar,5,PP,MW,true,,D017_H10,10,10,1849,1849
20260811_121452_stage_B_2C_4168a6e9,1.0,17,10,hydro,1,PH,MW,true,,D017_H10,11,11,1850,1850
20260811_121452_stage_B_2C_4168a6e9,1.0,17,10,hydro,2,PH,MW,true,,D017_H10,12,12,1851,1851
20260811_121452_stage_B_2C_4168a6e9,1.0,17,10,hydro,3,PH,MW,true,,D017_H10,13,13,1852,1852
20260811_121452_stage_B_2C_4168a6e9,1.0,17,10,hydro,4,PH,MW,true,,D017_H10,14,14,1853,1853
20260811_121452_stage_B_2C_4168a6e9,1.0,17,10,thermal,1,PF,MW,true,,D017_H10,15,15,1854,1854
20260811_121452_stage_B_2C_4168a6e9,1.0,17,10,thermal,2,PF,MW,true,,D017_H10,16,16,1855,1855
20260811_121452_stage_B_2C_4168a6e9,1.0,17,10,thermal,3,PF,MW,true,,D017_H10,17,17,1856,1856
20260811_121452_stage_B_2C_4168a6e9,1.0,17,10,thermal,4,PF,MW,true,,D017_H10,18,18,1857,1857
20260811_121452_stage_B_2C_4168a6e9,1.0,17,10,storage,1,Pch,MW,true,,D017_H10,19,19,1858,1858
20260811_121452_stage_B_2C_4168a6e9,1.0,17,10,storage,2,Pch,MW,true,,D017_H10,20,20,1859,1859
20260811_121452_stage_B_2C_4168a6e9,1.0,17,10,storage,1,Pdis,MW,true,,D017_H10,21,21,1860,1860
20260811_121452_stage_B_2C_4168a6e9,1.0,17,10,storage,2,Pdis,MW,true,,D017_H10,22,22,1861,1861
20260811_121452_stage_B_2C_4168a6e9,1.0,17,10,storage,1,SOC,MWh,true,,D017_H10,23,23,1862,1862
20260811_121452_stage_B_2C_4168a6e9,1.0,17,10,storage,2,SOC,MWh,true,,D017_H10,24,24,1863,1863
20260811_121452_stage_B_2C_4168a6e9,1.0,17,11,wind,1,PW,MW,true,,D017_H11,1,1,1864,1864
20260811_121452_stage_B_2C_4168a6e9,1.0,17,11,wind,2,PW,MW,true,,D017_H11,2,2,1865,1865
20260811_121452_stage_B_2C_4168a6e9,1.0,17,11,wind,3,PW,MW,true,,D017_H11,3,3,1866,1866
20260811_121452_stage_B_2C_4168a6e9,1.0,17,11,wind,4,PW,MW,true,,D017_H11,4,4,1867,1867
20260811_121452_stage_B_2C_4168a6e9,1.0,17,11,wind,5,PW,MW,true,,D017_H11,5,5,1868,1868
20260811_121452_stage_B_2C_4168a6e9,1.0,17,11,solar,1,PP,MW,true,,D017_H11,6,6,1869,1869
20260811_121452_stage_B_2C_4168a6e9,1.0,17,11,solar,2,PP,MW,true,,D017_H11,7,7,1870,1870
20260811_121452_stage_B_2C_4168a6e9,1.0,17,11,solar,3,PP,MW,true,,D017_H11,8,8,1871,1871
20260811_121452_stage_B_2C_4168a6e9,1.0,17,11,solar,4,PP,MW,true,,D017_H11,9,9,1872,1872
20260811_121452_stage_B_2C_4168a6e9,1.0,17,11,solar,5,PP,MW,true,,D017_H11,10,10,1873,1873
20260811_121452_stage_B_2C_4168a6e9,1.0,17,11,hydro,1,PH,MW,true,,D017_H11,11,11,1874,1874
20260811_121452_stage_B_2C_4168a6e9,1.0,17,11,hydro,2,PH,MW,true,,D017_H11,12,12,1875,1875
20260811_121452_stage_B_2C_4168a6e9,1.0,17,11,hydro,3,PH,MW,true,,D017_H11,13,13,1876,1876
20260811_121452_stage_B_2C_4168a6e9,1.0,17,11,hydro,4,PH,MW,true,,D017_H11,14,14,1877,1877
20260811_121452_stage_B_2C_4168a6e9,1.0,17,11,thermal,1,PF,MW,true,,D017_H11,15,15,1878,1878
20260811_121452_stage_B_2C_4168a6e9,1.0,17,11,thermal,2,PF,MW,true,,D017_H11,16,16,1879,1879
20260811_121452_stage_B_2C_4168a6e9,1.0,17,11,thermal,3,PF,MW,true,,D017_H11,17,17,1880,1880
20260811_121452_stage_B_2C_4168a6e9,1.0,17,11,thermal,4,PF,MW,true,,D017_H11,18,18,1881,1881
20260811_121452_stage_B_2C_4168a6e9,1.0,17,11,storage,1,Pch,MW,true,,D017_H11,19,19,1882,1882
20260811_121452_stage_B_2C_4168a6e9,1.0,17,11,storage,2,Pch,MW,true,,D017_H11,20,20,1883,1883
20260811_121452_stage_B_2C_4168a6e9,1.0,17,11,storage,1,Pdis,MW,true,,D017_H11,21,21,1884,1884
20260811_121452_stage_B_2C_4168a6e9,1.0,17,11,storage,2,Pdis,MW,true,,D017_H11,22,22,1885,1885
20260811_121452_stage_B_2C_4168a6e9,1.0,17,11,storage,1,SOC,MWh,true,,D017_H11,23,23,1886,1886
20260811_121452_stage_B_2C_4168a6e9,1.0,17,11,storage,2,SOC,MWh,true,,D017_H11,24,24,1887,1887
20260811_121452_stage_B_2C_4168a6e9,1.0,17,12,wind,1,PW,MW,true,,D017_H12,1,1,1888,1888
20260811_121452_stage_B_2C_4168a6e9,1.0,17,12,wind,2,PW,MW,true,,D017_H12,2,2,1889,1889
20260811_121452_stage_B_2C_4168a6e9,1.0,17,12,wind,3,PW,MW,true,,D017_H12,3,3,1890,1890
20260811_121452_stage_B_2C_4168a6e9,1.0,17,12,wind,4,PW,MW,true,,D017_H12,4,4,1891,1891
20260811_121452_stage_B_2C_4168a6e9,1.0,17,12,wind,5,PW,MW,true,,D017_H12,5,5,1892,1892
20260811_121452_stage_B_2C_4168a6e9,1.0,17,12,solar,1,PP,MW,true,,D017_H12,6,6,1893,1893
20260811_121452_stage_B_2C_4168a6e9,1.0,17,12,solar,2,PP,MW,true,,D017_H12,7,7,1894,1894
20260811_121452_stage_B_2C_4168a6e9,1.0,17,12,solar,3,PP,MW,true,,D017_H12,8,8,1895,1895
20260811_121452_stage_B_2C_4168a6e9,1.0,17,12,solar,4,PP,MW,true,,D017_H12,9,9,1896,1896
20260811_121452_stage_B_2C_4168a6e9,1.0,17,12,solar,5,PP,MW,true,,D017_H12,10,10,1897,1897
20260811_121452_stage_B_2C_4168a6e9,1.0,17,12,hydro,1,PH,MW,true,,D017_H12,11,11,1898,1898
20260811_121452_stage_B_2C_4168a6e9,1.0,17,12,hydro,2,PH,MW,true,,D017_H12,12,12,1899,1899
20260811_121452_stage_B_2C_4168a6e9,1.0,17,12,hydro,3,PH,MW,true,,D017_H12,13,13,1900,1900
20260811_121452_stage_B_2C_4168a6e9,1.0,17,12,hydro,4,PH,MW,true,,D017_H12,14,14,1901,1901
20260811_121452_stage_B_2C_4168a6e9,1.0,17,12,thermal,1,PF,MW,true,,D017_H12,15,15,1902,1902
20260811_121452_stage_B_2C_4168a6e9,1.0,17,12,thermal,2,PF,MW,true,,D017_H12,16,16,1903,1903
20260811_121452_stage_B_2C_4168a6e9,1.0,17,12,thermal,3,PF,MW,true,,D017_H12,17,17,1904,1904
20260811_121452_stage_B_2C_4168a6e9,1.0,17,12,thermal,4,PF,MW,true,,D017_H12,18,18,1905,1905
20260811_121452_stage_B_2C_4168a6e9,1.0,17,12,storage,1,Pch,MW,true,,D017_H12,19,19,1906,1906
20260811_121452_stage_B_2C_4168a6e9,1.0,17,12,storage,2,Pch,MW,true,,D017_H12,20,20,1907,1907
20260811_121452_stage_B_2C_4168a6e9,1.0,17,12,storage,1,Pdis,MW,true,,D017_H12,21,21,1908,1908
20260811_121452_stage_B_2C_4168a6e9,1.0,17,12,storage,2,Pdis,MW,true,,D017_H12,22,22,1909,1909
20260811_121452_stage_B_2C_4168a6e9,1.0,17,12,storage,1,SOC,MWh,true,,D017_H12,23,23,1910,1910
20260811_121452_stage_B_2C_4168a6e9,1.0,17,12,storage,2,SOC,MWh,true,,D017_H12,24,24,1911,1911
20260811_121452_stage_B_2C_4168a6e9,1.0,17,13,wind,1,PW,MW,true,,D017_H13,1,1,1912,1912
20260811_121452_stage_B_2C_4168a6e9,1.0,17,13,wind,2,PW,MW,true,,D017_H13,2,2,1913,1913
20260811_121452_stage_B_2C_4168a6e9,1.0,17,13,wind,3,PW,MW,true,,D017_H13,3,3,1914,1914
20260811_121452_stage_B_2C_4168a6e9,1.0,17,13,wind,4,PW,MW,true,,D017_H13,4,4,1915,1915
20260811_121452_stage_B_2C_4168a6e9,1.0,17,13,wind,5,PW,MW,true,,D017_H13,5,5,1916,1916
20260811_121452_stage_B_2C_4168a6e9,1.0,17,13,solar,1,PP,MW,true,,D017_H13,6,6,1917,1917
20260811_121452_stage_B_2C_4168a6e9,1.0,17,13,solar,2,PP,MW,true,,D017_H13,7,7,1918,1918
20260811_121452_stage_B_2C_4168a6e9,1.0,17,13,solar,3,PP,MW,true,,D017_H13,8,8,1919,1919
20260811_121452_stage_B_2C_4168a6e9,1.0,17,13,solar,4,PP,MW,true,,D017_H13,9,9,1920,1920
20260811_121452_stage_B_2C_4168a6e9,1.0,17,13,solar,5,PP,MW,true,,D017_H13,10,10,1921,1921
20260811_121452_stage_B_2C_4168a6e9,1.0,17,13,hydro,1,PH,MW,true,,D017_H13,11,11,1922,1922
20260811_121452_stage_B_2C_4168a6e9,1.0,17,13,hydro,2,PH,MW,true,,D017_H13,12,12,1923,1923
20260811_121452_stage_B_2C_4168a6e9,1.0,17,13,hydro,3,PH,MW,true,,D017_H13,13,13,1924,1924
20260811_121452_stage_B_2C_4168a6e9,1.0,17,13,hydro,4,PH,MW,true,,D017_H13,14,14,1925,1925
20260811_121452_stage_B_2C_4168a6e9,1.0,17,13,thermal,1,PF,MW,true,,D017_H13,15,15,1926,1926
20260811_121452_stage_B_2C_4168a6e9,1.0,17,13,thermal,2,PF,MW,true,,D017_H13,16,16,1927,1927
20260811_121452_stage_B_2C_4168a6e9,1.0,17,13,thermal,3,PF,MW,true,,D017_H13,17,17,1928,1928
20260811_121452_stage_B_2C_4168a6e9,1.0,17,13,thermal,4,PF,MW,true,,D017_H13,18,18,1929,1929
20260811_121452_stage_B_2C_4168a6e9,1.0,17,13,storage,1,Pch,MW,true,,D017_H13,19,19,1930,1930
20260811_121452_stage_B_2C_4168a6e9,1.0,17,13,storage,2,Pch,MW,true,,D017_H13,20,20,1931,1931
20260811_121452_stage_B_2C_4168a6e9,1.0,17,13,storage,1,Pdis,MW,true,,D017_H13,21,21,1932,1932
20260811_121452_stage_B_2C_4168a6e9,1.0,17,13,storage,2,Pdis,MW,true,,D017_H13,22,22,1933,1933
20260811_121452_stage_B_2C_4168a6e9,1.0,17,13,storage,1,SOC,MWh,true,,D017_H13,23,23,1934,1934
20260811_121452_stage_B_2C_4168a6e9,1.0,17,13,storage,2,SOC,MWh,true,,D017_H13,24,24,1935,1935
20260811_121452_stage_B_2C_4168a6e9,1.0,17,14,wind,1,PW,MW,true,,D017_H14,1,1,1936,1936
20260811_121452_stage_B_2C_4168a6e9,1.0,17,14,wind,2,PW,MW,true,,D017_H14,2,2,1937,1937
20260811_121452_stage_B_2C_4168a6e9,1.0,17,14,wind,3,PW,MW,true,,D017_H14,3,3,1938,1938
20260811_121452_stage_B_2C_4168a6e9,1.0,17,14,wind,4,PW,MW,true,,D017_H14,4,4,1939,1939
20260811_121452_stage_B_2C_4168a6e9,1.0,17,14,wind,5,PW,MW,true,,D017_H14,5,5,1940,1940
20260811_121452_stage_B_2C_4168a6e9,1.0,17,14,solar,1,PP,MW,true,,D017_H14,6,6,1941,1941
20260811_121452_stage_B_2C_4168a6e9,1.0,17,14,solar,2,PP,MW,true,,D017_H14,7,7,1942,1942
20260811_121452_stage_B_2C_4168a6e9,1.0,17,14,solar,3,PP,MW,true,,D017_H14,8,8,1943,1943
20260811_121452_stage_B_2C_4168a6e9,1.0,17,14,solar,4,PP,MW,true,,D017_H14,9,9,1944,1944
20260811_121452_stage_B_2C_4168a6e9,1.0,17,14,solar,5,PP,MW,true,,D017_H14,10,10,1945,1945
20260811_121452_stage_B_2C_4168a6e9,1.0,17,14,hydro,1,PH,MW,true,,D017_H14,11,11,1946,1946
20260811_121452_stage_B_2C_4168a6e9,1.0,17,14,hydro,2,PH,MW,true,,D017_H14,12,12,1947,1947
20260811_121452_stage_B_2C_4168a6e9,1.0,17,14,hydro,3,PH,MW,true,,D017_H14,13,13,1948,1948
20260811_121452_stage_B_2C_4168a6e9,1.0,17,14,hydro,4,PH,MW,true,,D017_H14,14,14,1949,1949
20260811_121452_stage_B_2C_4168a6e9,1.0,17,14,thermal,1,PF,MW,true,,D017_H14,15,15,1950,1950
20260811_121452_stage_B_2C_4168a6e9,1.0,17,14,thermal,2,PF,MW,true,,D017_H14,16,16,1951,1951
20260811_121452_stage_B_2C_4168a6e9,1.0,17,14,thermal,3,PF,MW,true,,D017_H14,17,17,1952,1952
20260811_121452_stage_B_2C_4168a6e9,1.0,17,14,thermal,4,PF,MW,true,,D017_H14,18,18,1953,1953
20260811_121452_stage_B_2C_4168a6e9,1.0,17,14,storage,1,Pch,MW,true,,D017_H14,19,19,1954,1954
20260811_121452_stage_B_2C_4168a6e9,1.0,17,14,storage,2,Pch,MW,true,,D017_H14,20,20,1955,1955
20260811_121452_stage_B_2C_4168a6e9,1.0,17,14,storage,1,Pdis,MW,true,,D017_H14,21,21,1956,1956
20260811_121452_stage_B_2C_4168a6e9,1.0,17,14,storage,2,Pdis,MW,true,,D017_H14,22,22,1957,1957
20260811_121452_stage_B_2C_4168a6e9,1.0,17,14,storage,1,SOC,MWh,true,,D017_H14,23,23,1958,1958
20260811_121452_stage_B_2C_4168a6e9,1.0,17,14,storage,2,SOC,MWh,true,,D017_H14,24,24,1959,1959
20260811_121452_stage_B_2C_4168a6e9,1.0,17,15,wind,1,PW,MW,true,,D017_H15,1,1,1960,1960
20260811_121452_stage_B_2C_4168a6e9,1.0,17,15,wind,2,PW,MW,true,,D017_H15,2,2,1961,1961
20260811_121452_stage_B_2C_4168a6e9,1.0,17,15,wind,3,PW,MW,true,,D017_H15,3,3,1962,1962
20260811_121452_stage_B_2C_4168a6e9,1.0,17,15,wind,4,PW,MW,true,,D017_H15,4,4,1963,1963
20260811_121452_stage_B_2C_4168a6e9,1.0,17,15,wind,5,PW,MW,true,,D017_H15,5,5,1964,1964
20260811_121452_stage_B_2C_4168a6e9,1.0,17,15,solar,1,PP,MW,true,,D017_H15,6,6,1965,1965
20260811_121452_stage_B_2C_4168a6e9,1.0,17,15,solar,2,PP,MW,true,,D017_H15,7,7,1966,1966
20260811_121452_stage_B_2C_4168a6e9,1.0,17,15,solar,3,PP,MW,true,,D017_H15,8,8,1967,1967
20260811_121452_stage_B_2C_4168a6e9,1.0,17,15,solar,4,PP,MW,true,,D017_H15,9,9,1968,1968
20260811_121452_stage_B_2C_4168a6e9,1.0,17,15,solar,5,PP,MW,true,,D017_H15,10,10,1969,1969
20260811_121452_stage_B_2C_4168a6e9,1.0,17,15,hydro,1,PH,MW,true,,D017_H15,11,11,1970,1970
20260811_121452_stage_B_2C_4168a6e9,1.0,17,15,hydro,2,PH,MW,true,,D017_H15,12,12,1971,1971
20260811_121452_stage_B_2C_4168a6e9,1.0,17,15,hydro,3,PH,MW,true,,D017_H15,13,13,1972,1972
20260811_121452_stage_B_2C_4168a6e9,1.0,17,15,hydro,4,PH,MW,true,,D017_H15,14,14,1973,1973
20260811_121452_stage_B_2C_4168a6e9,1.0,17,15,thermal,1,PF,MW,true,,D017_H15,15,15,1974,1974
20260811_121452_stage_B_2C_4168a6e9,1.0,17,15,thermal,2,PF,MW,true,,D017_H15,16,16,1975,1975
20260811_121452_stage_B_2C_4168a6e9,1.0,17,15,thermal,3,PF,MW,true,,D017_H15,17,17,1976,1976
20260811_121452_stage_B_2C_4168a6e9,1.0,17,15,thermal,4,PF,MW,true,,D017_H15,18,18,1977,1977
20260811_121452_stage_B_2C_4168a6e9,1.0,17,15,storage,1,Pch,MW,true,,D017_H15,19,19,1978,1978
20260811_121452_stage_B_2C_4168a6e9,1.0,17,15,storage,2,Pch,MW,true,,D017_H15,20,20,1979,1979
20260811_121452_stage_B_2C_4168a6e9,1.0,17,15,storage,1,Pdis,MW,true,,D017_H15,21,21,1980,1980
20260811_121452_stage_B_2C_4168a6e9,1.0,17,15,storage,2,Pdis,MW,true,,D017_H15,22,22,1981,1981
20260811_121452_stage_B_2C_4168a6e9,1.0,17,15,storage,1,SOC,MWh,true,,D017_H15,23,23,1982,1982
20260811_121452_stage_B_2C_4168a6e9,1.0,17,15,storage,2,SOC,MWh,true,,D017_H15,24,24,1983,1983
20260811_121452_stage_B_2C_4168a6e9,1.0,17,16,wind,1,PW,MW,true,,D017_H16,1,1,1984,1984
20260811_121452_stage_B_2C_4168a6e9,1.0,17,16,wind,2,PW,MW,true,,D017_H16,2,2,1985,1985
20260811_121452_stage_B_2C_4168a6e9,1.0,17,16,wind,3,PW,MW,true,,D017_H16,3,3,1986,1986
20260811_121452_stage_B_2C_4168a6e9,1.0,17,16,wind,4,PW,MW,true,,D017_H16,4,4,1987,1987
20260811_121452_stage_B_2C_4168a6e9,1.0,17,16,wind,5,PW,MW,true,,D017_H16,5,5,1988,1988
20260811_121452_stage_B_2C_4168a6e9,1.0,17,16,solar,1,PP,MW,true,,D017_H16,6,6,1989,1989
20260811_121452_stage_B_2C_4168a6e9,1.0,17,16,solar,2,PP,MW,true,,D017_H16,7,7,1990,1990
20260811_121452_stage_B_2C_4168a6e9,1.0,17,16,solar,3,PP,MW,true,,D017_H16,8,8,1991,1991
20260811_121452_stage_B_2C_4168a6e9,1.0,17,16,solar,4,PP,MW,true,,D017_H16,9,9,1992,1992
20260811_121452_stage_B_2C_4168a6e9,1.0,17,16,solar,5,PP,MW,true,,D017_H16,10,10,1993,1993
20260811_121452_stage_B_2C_4168a6e9,1.0,17,16,hydro,1,PH,MW,true,,D017_H16,11,11,1994,1994
20260811_121452_stage_B_2C_4168a6e9,1.0,17,16,hydro,2,PH,MW,true,,D017_H16,12,12,1995,1995
20260811_121452_stage_B_2C_4168a6e9,1.0,17,16,hydro,3,PH,MW,true,,D017_H16,13,13,1996,1996
20260811_121452_stage_B_2C_4168a6e9,1.0,17,16,hydro,4,PH,MW,true,,D017_H16,14,14,1997,1997
20260811_121452_stage_B_2C_4168a6e9,1.0,17,16,thermal,1,PF,MW,true,,D017_H16,15,15,1998,1998
20260811_121452_stage_B_2C_4168a6e9,1.0,17,16,thermal,2,PF,MW,true,,D017_H16,16,16,1999,1999
20260811_121452_stage_B_2C_4168a6e9,1.0,17,16,thermal,3,PF,MW,true,,D017_H16,17,17,2000,2000
20260811_121452_stage_B_2C_4168a6e9,1.0,17,16,thermal,4,PF,MW,true,,D017_H16,18,18,2001,2001
20260811_121452_stage_B_2C_4168a6e9,1.0,17,16,storage,1,Pch,MW,true,,D017_H16,19,19,2002,2002
20260811_121452_stage_B_2C_4168a6e9,1.0,17,16,storage,2,Pch,MW,true,,D017_H16,20,20,2003,2003
20260811_121452_stage_B_2C_4168a6e9,1.0,17,16,storage,1,Pdis,MW,true,,D017_H16,21,21,2004,2004
20260811_121452_stage_B_2C_4168a6e9,1.0,17,16,storage,2,Pdis,MW,true,,D017_H16,22,22,2005,2005
20260811_121452_stage_B_2C_4168a6e9,1.0,17,16,storage,1,SOC,MWh,true,,D017_H16,23,23,2006,2006
20260811_121452_stage_B_2C_4168a6e9,1.0,17,16,storage,2,SOC,MWh,true,,D017_H16,24,24,2007,2007
20260811_121452_stage_B_2C_4168a6e9,1.0,17,17,wind,1,PW,MW,true,,D017_H17,1,1,2008,2008
20260811_121452_stage_B_2C_4168a6e9,1.0,17,17,wind,2,PW,MW,true,,D017_H17,2,2,2009,2009
20260811_121452_stage_B_2C_4168a6e9,1.0,17,17,wind,3,PW,MW,true,,D017_H17,3,3,2010,2010
20260811_121452_stage_B_2C_4168a6e9,1.0,17,17,wind,4,PW,MW,true,,D017_H17,4,4,2011,2011
20260811_121452_stage_B_2C_4168a6e9,1.0,17,17,wind,5,PW,MW,true,,D017_H17,5,5,2012,2012
20260811_121452_stage_B_2C_4168a6e9,1.0,17,17,solar,1,PP,MW,true,,D017_H17,6,6,2013,2013
20260811_121452_stage_B_2C_4168a6e9,1.0,17,17,solar,2,PP,MW,true,,D017_H17,7,7,2014,2014
20260811_121452_stage_B_2C_4168a6e9,1.0,17,17,solar,3,PP,MW,true,,D017_H17,8,8,2015,2015
20260811_121452_stage_B_2C_4168a6e9,1.0,17,17,solar,4,PP,MW,true,,D017_H17,9,9,2016,2016
20260811_121452_stage_B_2C_4168a6e9,1.0,17,17,solar,5,PP,MW,true,,D017_H17,10,10,2017,2017
20260811_121452_stage_B_2C_4168a6e9,1.0,17,17,hydro,1,PH,MW,true,,D017_H17,11,11,2018,2018
20260811_121452_stage_B_2C_4168a6e9,1.0,17,17,hydro,2,PH,MW,true,,D017_H17,12,12,2019,2019
20260811_121452_stage_B_2C_4168a6e9,1.0,17,17,hydro,3,PH,MW,true,,D017_H17,13,13,2020,2020
20260811_121452_stage_B_2C_4168a6e9,1.0,17,17,hydro,4,PH,MW,true,,D017_H17,14,14,2021,2021
20260811_121452_stage_B_2C_4168a6e9,1.0,17,17,thermal,1,PF,MW,true,,D017_H17,15,15,2022,2022
20260811_121452_stage_B_2C_4168a6e9,1.0,17,17,thermal,2,PF,MW,true,,D017_H17,16,16,2023,2023
20260811_121452_stage_B_2C_4168a6e9,1.0,17,17,thermal,3,PF,MW,true,,D017_H17,17,17,2024,2024
20260811_121452_stage_B_2C_4168a6e9,1.0,17,17,thermal,4,PF,MW,true,,D017_H17,18,18,2025,2025
20260811_121452_stage_B_2C_4168a6e9,1.0,17,17,storage,1,Pch,MW,true,,D017_H17,19,19,2026,2026
20260811_121452_stage_B_2C_4168a6e9,1.0,17,17,storage,2,Pch,MW,true,,D017_H17,20,20,2027,2027
20260811_121452_stage_B_2C_4168a6e9,1.0,17,17,storage,1,Pdis,MW,true,,D017_H17,21,21,2028,2028
20260811_121452_stage_B_2C_4168a6e9,1.0,17,17,storage,2,Pdis,MW,true,,D017_H17,22,22,2029,2029
20260811_121452_stage_B_2C_4168a6e9,1.0,17,17,storage,1,SOC,MWh,true,,D017_H17,23,23,2030,2030
20260811_121452_stage_B_2C_4168a6e9,1.0,17,17,storage,2,SOC,MWh,true,,D017_H17,24,24,2031,2031
20260811_121452_stage_B_2C_4168a6e9,1.0,17,18,wind,1,PW,MW,true,,D017_H18,1,1,2032,2032
20260811_121452_stage_B_2C_4168a6e9,1.0,17,18,wind,2,PW,MW,true,,D017_H18,2,2,2033,2033
20260811_121452_stage_B_2C_4168a6e9,1.0,17,18,wind,3,PW,MW,true,,D017_H18,3,3,2034,2034
20260811_121452_stage_B_2C_4168a6e9,1.0,17,18,wind,4,PW,MW,true,,D017_H18,4,4,2035,2035
20260811_121452_stage_B_2C_4168a6e9,1.0,17,18,wind,5,PW,MW,true,,D017_H18,5,5,2036,2036
20260811_121452_stage_B_2C_4168a6e9,1.0,17,18,solar,1,PP,MW,true,,D017_H18,6,6,2037,2037
20260811_121452_stage_B_2C_4168a6e9,1.0,17,18,solar,2,PP,MW,true,,D017_H18,7,7,2038,2038
20260811_121452_stage_B_2C_4168a6e9,1.0,17,18,solar,3,PP,MW,true,,D017_H18,8,8,2039,2039
20260811_121452_stage_B_2C_4168a6e9,1.0,17,18,solar,4,PP,MW,true,,D017_H18,9,9,2040,2040
20260811_121452_stage_B_2C_4168a6e9,1.0,17,18,solar,5,PP,MW,true,,D017_H18,10,10,2041,2041
20260811_121452_stage_B_2C_4168a6e9,1.0,17,18,hydro,1,PH,MW,true,,D017_H18,11,11,2042,2042
20260811_121452_stage_B_2C_4168a6e9,1.0,17,18,hydro,2,PH,MW,true,,D017_H18,12,12,2043,2043
20260811_121452_stage_B_2C_4168a6e9,1.0,17,18,hydro,3,PH,MW,true,,D017_H18,13,13,2044,2044
20260811_121452_stage_B_2C_4168a6e9,1.0,17,18,hydro,4,PH,MW,true,,D017_H18,14,14,2045,2045
20260811_121452_stage_B_2C_4168a6e9,1.0,17,18,thermal,1,PF,MW,true,,D017_H18,15,15,2046,2046
20260811_121452_stage_B_2C_4168a6e9,1.0,17,18,thermal,2,PF,MW,true,,D017_H18,16,16,2047,2047
20260811_121452_stage_B_2C_4168a6e9,1.0,17,18,thermal,3,PF,MW,true,,D017_H18,17,17,2048,2048
20260811_121452_stage_B_2C_4168a6e9,1.0,17,18,thermal,4,PF,MW,true,,D017_H18,18,18,2049,2049
20260811_121452_stage_B_2C_4168a6e9,1.0,17,18,storage,1,Pch,MW,true,,D017_H18,19,19,2050,2050
20260811_121452_stage_B_2C_4168a6e9,1.0,17,18,storage,2,Pch,MW,true,,D017_H18,20,20,2051,2051
20260811_121452_stage_B_2C_4168a6e9,1.0,17,18,storage,1,Pdis,MW,true,,D017_H18,21,21,2052,2052
20260811_121452_stage_B_2C_4168a6e9,1.0,17,18,storage,2,Pdis,MW,true,,D017_H18,22,22,2053,2053
20260811_121452_stage_B_2C_4168a6e9,1.0,17,18,storage,1,SOC,MWh,true,,D017_H18,23,23,2054,2054
20260811_121452_stage_B_2C_4168a6e9,1.0,17,18,storage,2,SOC,MWh,true,,D017_H18,24,24,2055,2055
20260811_121452_stage_B_2C_4168a6e9,1.0,17,19,wind,1,PW,MW,true,,D017_H19,1,1,2056,2056
20260811_121452_stage_B_2C_4168a6e9,1.0,17,19,wind,2,PW,MW,true,,D017_H19,2,2,2057,2057
20260811_121452_stage_B_2C_4168a6e9,1.0,17,19,wind,3,PW,MW,true,,D017_H19,3,3,2058,2058
20260811_121452_stage_B_2C_4168a6e9,1.0,17,19,wind,4,PW,MW,true,,D017_H19,4,4,2059,2059
20260811_121452_stage_B_2C_4168a6e9,1.0,17,19,wind,5,PW,MW,true,,D017_H19,5,5,2060,2060
20260811_121452_stage_B_2C_4168a6e9,1.0,17,19,solar,1,PP,MW,true,,D017_H19,6,6,2061,2061
20260811_121452_stage_B_2C_4168a6e9,1.0,17,19,solar,2,PP,MW,true,,D017_H19,7,7,2062,2062
20260811_121452_stage_B_2C_4168a6e9,1.0,17,19,solar,3,PP,MW,true,,D017_H19,8,8,2063,2063
20260811_121452_stage_B_2C_4168a6e9,1.0,17,19,solar,4,PP,MW,true,,D017_H19,9,9,2064,2064
20260811_121452_stage_B_2C_4168a6e9,1.0,17,19,solar,5,PP,MW,true,,D017_H19,10,10,2065,2065
20260811_121452_stage_B_2C_4168a6e9,1.0,17,19,hydro,1,PH,MW,true,,D017_H19,11,11,2066,2066
20260811_121452_stage_B_2C_4168a6e9,1.0,17,19,hydro,2,PH,MW,true,,D017_H19,12,12,2067,2067
20260811_121452_stage_B_2C_4168a6e9,1.0,17,19,hydro,3,PH,MW,true,,D017_H19,13,13,2068,2068
20260811_121452_stage_B_2C_4168a6e9,1.0,17,19,hydro,4,PH,MW,true,,D017_H19,14,14,2069,2069
20260811_121452_stage_B_2C_4168a6e9,1.0,17,19,thermal,1,PF,MW,true,,D017_H19,15,15,2070,2070
20260811_121452_stage_B_2C_4168a6e9,1.0,17,19,thermal,2,PF,MW,true,,D017_H19,16,16,2071,2071
20260811_121452_stage_B_2C_4168a6e9,1.0,17,19,thermal,3,PF,MW,true,,D017_H19,17,17,2072,2072
20260811_121452_stage_B_2C_4168a6e9,1.0,17,19,thermal,4,PF,MW,true,,D017_H19,18,18,2073,2073
20260811_121452_stage_B_2C_4168a6e9,1.0,17,19,storage,1,Pch,MW,true,,D017_H19,19,19,2074,2074
20260811_121452_stage_B_2C_4168a6e9,1.0,17,19,storage,2,Pch,MW,true,,D017_H19,20,20,2075,2075
20260811_121452_stage_B_2C_4168a6e9,1.0,17,19,storage,1,Pdis,MW,true,,D017_H19,21,21,2076,2076
20260811_121452_stage_B_2C_4168a6e9,1.0,17,19,storage,2,Pdis,MW,true,,D017_H19,22,22,2077,2077
20260811_121452_stage_B_2C_4168a6e9,1.0,17,19,storage,1,SOC,MWh,true,,D017_H19,23,23,2078,2078
20260811_121452_stage_B_2C_4168a6e9,1.0,17,19,storage,2,SOC,MWh,true,,D017_H19,24,24,2079,2079
20260811_121452_stage_B_2C_4168a6e9,1.0,17,20,wind,1,PW,MW,true,,D017_H20,1,1,2080,2080
20260811_121452_stage_B_2C_4168a6e9,1.0,17,20,wind,2,PW,MW,true,,D017_H20,2,2,2081,2081
20260811_121452_stage_B_2C_4168a6e9,1.0,17,20,wind,3,PW,MW,true,,D017_H20,3,3,2082,2082
20260811_121452_stage_B_2C_4168a6e9,1.0,17,20,wind,4,PW,MW,true,,D017_H20,4,4,2083,2083
20260811_121452_stage_B_2C_4168a6e9,1.0,17,20,wind,5,PW,MW,true,,D017_H20,5,5,2084,2084
20260811_121452_stage_B_2C_4168a6e9,1.0,17,20,hydro,1,PH,MW,true,,D017_H20,6,6,2085,2085
20260811_121452_stage_B_2C_4168a6e9,1.0,17,20,hydro,2,PH,MW,true,,D017_H20,7,7,2086,2086
20260811_121452_stage_B_2C_4168a6e9,1.0,17,20,hydro,3,PH,MW,true,,D017_H20,8,8,2087,2087
20260811_121452_stage_B_2C_4168a6e9,1.0,17,20,hydro,4,PH,MW,true,,D017_H20,9,9,2088,2088
20260811_121452_stage_B_2C_4168a6e9,1.0,17,20,thermal,1,PF,MW,true,,D017_H20,10,10,2089,2089
20260811_121452_stage_B_2C_4168a6e9,1.0,17,20,thermal,2,PF,MW,true,,D017_H20,11,11,2090,2090
20260811_121452_stage_B_2C_4168a6e9,1.0,17,20,thermal,3,PF,MW,true,,D017_H20,12,12,2091,2091
20260811_121452_stage_B_2C_4168a6e9,1.0,17,20,thermal,4,PF,MW,true,,D017_H20,13,13,2092,2092
20260811_121452_stage_B_2C_4168a6e9,1.0,17,20,storage,1,Pch,MW,true,,D017_H20,14,14,2093,2093
20260811_121452_stage_B_2C_4168a6e9,1.0,17,20,storage,2,Pch,MW,true,,D017_H20,15,15,2094,2094
20260811_121452_stage_B_2C_4168a6e9,1.0,17,20,storage,1,Pdis,MW,true,,D017_H20,16,16,2095,2095
20260811_121452_stage_B_2C_4168a6e9,1.0,17,20,storage,2,Pdis,MW,true,,D017_H20,17,17,2096,2096
20260811_121452_stage_B_2C_4168a6e9,1.0,17,20,storage,1,SOC,MWh,true,,D017_H20,18,18,2097,2097
20260811_121452_stage_B_2C_4168a6e9,1.0,17,20,storage,2,SOC,MWh,true,,D017_H20,19,19,2098,2098
20260811_121452_stage_B_2C_4168a6e9,1.0,17,21,wind,1,PW,MW,true,,D017_H21,1,1,2099,2099
20260811_121452_stage_B_2C_4168a6e9,1.0,17,21,wind,2,PW,MW,true,,D017_H21,2,2,2100,2100
20260811_121452_stage_B_2C_4168a6e9,1.0,17,21,wind,3,PW,MW,true,,D017_H21,3,3,2101,2101
20260811_121452_stage_B_2C_4168a6e9,1.0,17,21,wind,4,PW,MW,true,,D017_H21,4,4,2102,2102
20260811_121452_stage_B_2C_4168a6e9,1.0,17,21,wind,5,PW,MW,true,,D017_H21,5,5,2103,2103
20260811_121452_stage_B_2C_4168a6e9,1.0,17,21,hydro,1,PH,MW,true,,D017_H21,6,6,2104,2104
20260811_121452_stage_B_2C_4168a6e9,1.0,17,21,hydro,2,PH,MW,true,,D017_H21,7,7,2105,2105
20260811_121452_stage_B_2C_4168a6e9,1.0,17,21,hydro,3,PH,MW,true,,D017_H21,8,8,2106,2106
20260811_121452_stage_B_2C_4168a6e9,1.0,17,21,hydro,4,PH,MW,true,,D017_H21,9,9,2107,2107
20260811_121452_stage_B_2C_4168a6e9,1.0,17,21,thermal,1,PF,MW,true,,D017_H21,10,10,2108,2108
20260811_121452_stage_B_2C_4168a6e9,1.0,17,21,thermal,2,PF,MW,true,,D017_H21,11,11,2109,2109
20260811_121452_stage_B_2C_4168a6e9,1.0,17,21,thermal,3,PF,MW,true,,D017_H21,12,12,2110,2110
20260811_121452_stage_B_2C_4168a6e9,1.0,17,21,thermal,4,PF,MW,true,,D017_H21,13,13,2111,2111
20260811_121452_stage_B_2C_4168a6e9,1.0,17,21,storage,1,Pch,MW,true,,D017_H21,14,14,2112,2112
20260811_121452_stage_B_2C_4168a6e9,1.0,17,21,storage,2,Pch,MW,true,,D017_H21,15,15,2113,2113
20260811_121452_stage_B_2C_4168a6e9,1.0,17,21,storage,1,Pdis,MW,true,,D017_H21,16,16,2114,2114
20260811_121452_stage_B_2C_4168a6e9,1.0,17,21,storage,2,Pdis,MW,true,,D017_H21,17,17,2115,2115
20260811_121452_stage_B_2C_4168a6e9,1.0,17,21,storage,1,SOC,MWh,true,,D017_H21,18,18,2116,2116
20260811_121452_stage_B_2C_4168a6e9,1.0,17,21,storage,2,SOC,MWh,true,,D017_H21,19,19,2117,2117
20260811_121452_stage_B_2C_4168a6e9,1.0,17,22,wind,1,PW,MW,true,,D017_H22,1,1,2118,2118
20260811_121452_stage_B_2C_4168a6e9,1.0,17,22,wind,2,PW,MW,true,,D017_H22,2,2,2119,2119
20260811_121452_stage_B_2C_4168a6e9,1.0,17,22,wind,3,PW,MW,true,,D017_H22,3,3,2120,2120
20260811_121452_stage_B_2C_4168a6e9,1.0,17,22,wind,4,PW,MW,true,,D017_H22,4,4,2121,2121
20260811_121452_stage_B_2C_4168a6e9,1.0,17,22,wind,5,PW,MW,true,,D017_H22,5,5,2122,2122
20260811_121452_stage_B_2C_4168a6e9,1.0,17,22,hydro,1,PH,MW,true,,D017_H22,6,6,2123,2123
20260811_121452_stage_B_2C_4168a6e9,1.0,17,22,hydro,2,PH,MW,true,,D017_H22,7,7,2124,2124
20260811_121452_stage_B_2C_4168a6e9,1.0,17,22,hydro,3,PH,MW,true,,D017_H22,8,8,2125,2125
20260811_121452_stage_B_2C_4168a6e9,1.0,17,22,hydro,4,PH,MW,true,,D017_H22,9,9,2126,2126
20260811_121452_stage_B_2C_4168a6e9,1.0,17,22,thermal,1,PF,MW,true,,D017_H22,10,10,2127,2127
20260811_121452_stage_B_2C_4168a6e9,1.0,17,22,thermal,2,PF,MW,true,,D017_H22,11,11,2128,2128
20260811_121452_stage_B_2C_4168a6e9,1.0,17,22,thermal,3,PF,MW,true,,D017_H22,12,12,2129,2129
20260811_121452_stage_B_2C_4168a6e9,1.0,17,22,thermal,4,PF,MW,true,,D017_H22,13,13,2130,2130
20260811_121452_stage_B_2C_4168a6e9,1.0,17,22,storage,1,Pch,MW,true,,D017_H22,14,14,2131,2131
20260811_121452_stage_B_2C_4168a6e9,1.0,17,22,storage,2,Pch,MW,true,,D017_H22,15,15,2132,2132
20260811_121452_stage_B_2C_4168a6e9,1.0,17,22,storage,1,Pdis,MW,true,,D017_H22,16,16,2133,2133
20260811_121452_stage_B_2C_4168a6e9,1.0,17,22,storage,2,Pdis,MW,true,,D017_H22,17,17,2134,2134
20260811_121452_stage_B_2C_4168a6e9,1.0,17,22,storage,1,SOC,MWh,true,,D017_H22,18,18,2135,2135
20260811_121452_stage_B_2C_4168a6e9,1.0,17,22,storage,2,SOC,MWh,true,,D017_H22,19,19,2136,2136
20260811_121452_stage_B_2C_4168a6e9,1.0,17,23,wind,1,PW,MW,true,,D017_H23,1,1,2137,2137
20260811_121452_stage_B_2C_4168a6e9,1.0,17,23,wind,2,PW,MW,true,,D017_H23,2,2,2138,2138
20260811_121452_stage_B_2C_4168a6e9,1.0,17,23,wind,3,PW,MW,true,,D017_H23,3,3,2139,2139
20260811_121452_stage_B_2C_4168a6e9,1.0,17,23,wind,4,PW,MW,true,,D017_H23,4,4,2140,2140
20260811_121452_stage_B_2C_4168a6e9,1.0,17,23,wind,5,PW,MW,true,,D017_H23,5,5,2141,2141
20260811_121452_stage_B_2C_4168a6e9,1.0,17,23,hydro,1,PH,MW,true,,D017_H23,6,6,2142,2142
20260811_121452_stage_B_2C_4168a6e9,1.0,17,23,hydro,2,PH,MW,true,,D017_H23,7,7,2143,2143
20260811_121452_stage_B_2C_4168a6e9,1.0,17,23,hydro,3,PH,MW,true,,D017_H23,8,8,2144,2144
20260811_121452_stage_B_2C_4168a6e9,1.0,17,23,hydro,4,PH,MW,true,,D017_H23,9,9,2145,2145
20260811_121452_stage_B_2C_4168a6e9,1.0,17,23,thermal,1,PF,MW,true,,D017_H23,10,10,2146,2146
20260811_121452_stage_B_2C_4168a6e9,1.0,17,23,thermal,2,PF,MW,true,,D017_H23,11,11,2147,2147
20260811_121452_stage_B_2C_4168a6e9,1.0,17,23,thermal,3,PF,MW,true,,D017_H23,12,12,2148,2148
20260811_121452_stage_B_2C_4168a6e9,1.0,17,23,thermal,4,PF,MW,true,,D017_H23,13,13,2149,2149
20260811_121452_stage_B_2C_4168a6e9,1.0,17,23,storage,1,Pch,MW,true,,D017_H23,14,14,2150,2150
20260811_121452_stage_B_2C_4168a6e9,1.0,17,23,storage,2,Pch,MW,true,,D017_H23,15,15,2151,2151
20260811_121452_stage_B_2C_4168a6e9,1.0,17,23,storage,1,Pdis,MW,true,,D017_H23,16,16,2152,2152
20260811_121452_stage_B_2C_4168a6e9,1.0,17,23,storage,2,Pdis,MW,true,,D017_H23,17,17,2153,2153
20260811_121452_stage_B_2C_4168a6e9,1.0,17,23,storage,1,SOC,MWh,true,,D017_H23,18,18,2154,2154
20260811_121452_stage_B_2C_4168a6e9,1.0,17,23,storage,2,SOC,MWh,true,,D017_H23,19,19,2155,2155
20260811_121452_stage_B_2C_4168a6e9,1.0,17,24,wind,1,PW,MW,true,,D017_H24,1,1,2156,2156
20260811_121452_stage_B_2C_4168a6e9,1.0,17,24,wind,2,PW,MW,true,,D017_H24,2,2,2157,2157
20260811_121452_stage_B_2C_4168a6e9,1.0,17,24,wind,3,PW,MW,true,,D017_H24,3,3,2158,2158
20260811_121452_stage_B_2C_4168a6e9,1.0,17,24,wind,4,PW,MW,true,,D017_H24,4,4,2159,2159
20260811_121452_stage_B_2C_4168a6e9,1.0,17,24,wind,5,PW,MW,true,,D017_H24,5,5,2160,2160
20260811_121452_stage_B_2C_4168a6e9,1.0,17,24,hydro,1,PH,MW,true,,D017_H24,6,6,2161,2161
20260811_121452_stage_B_2C_4168a6e9,1.0,17,24,hydro,2,PH,MW,true,,D017_H24,7,7,2162,2162
20260811_121452_stage_B_2C_4168a6e9,1.0,17,24,hydro,3,PH,MW,true,,D017_H24,8,8,2163,2163
20260811_121452_stage_B_2C_4168a6e9,1.0,17,24,hydro,4,PH,MW,true,,D017_H24,9,9,2164,2164
20260811_121452_stage_B_2C_4168a6e9,1.0,17,24,thermal,1,PF,MW,true,,D017_H24,10,10,2165,2165
20260811_121452_stage_B_2C_4168a6e9,1.0,17,24,thermal,2,PF,MW,true,,D017_H24,11,11,2166,2166
20260811_121452_stage_B_2C_4168a6e9,1.0,17,24,thermal,3,PF,MW,true,,D017_H24,12,12,2167,2167
20260811_121452_stage_B_2C_4168a6e9,1.0,17,24,thermal,4,PF,MW,true,,D017_H24,13,13,2168,2168
20260811_121452_stage_B_2C_4168a6e9,1.0,17,24,storage,1,Pch,MW,true,,D017_H24,14,14,2169,2169
20260811_121452_stage_B_2C_4168a6e9,1.0,17,24,storage,2,Pch,MW,true,,D017_H24,15,15,2170,2170
20260811_121452_stage_B_2C_4168a6e9,1.0,17,24,storage,1,Pdis,MW,true,,D017_H24,16,16,2171,2171
20260811_121452_stage_B_2C_4168a6e9,1.0,17,24,storage,2,Pdis,MW,true,,D017_H24,17,17,2172,2172
20260811_121452_stage_B_2C_4168a6e9,1.0,17,24,storage,1,SOC,MWh,true,,D017_H24,18,18,2173,2173
20260811_121452_stage_B_2C_4168a6e9,1.0,17,24,storage,2,SOC,MWh,true,,D017_H24,19,19,2174,2174
20260811_121452_stage_B_2C_4168a6e9,1.0,18,1,wind,1,PW,MW,true,,D018_H01,1,1,2175,2175
20260811_121452_stage_B_2C_4168a6e9,1.0,18,1,wind,2,PW,MW,true,,D018_H01,2,2,2176,2176
20260811_121452_stage_B_2C_4168a6e9,1.0,18,1,wind,3,PW,MW,true,,D018_H01,3,3,2177,2177
20260811_121452_stage_B_2C_4168a6e9,1.0,18,1,wind,4,PW,MW,true,,D018_H01,4,4,2178,2178
20260811_121452_stage_B_2C_4168a6e9,1.0,18,1,wind,5,PW,MW,true,,D018_H01,5,5,2179,2179
20260811_121452_stage_B_2C_4168a6e9,1.0,18,1,hydro,1,PH,MW,true,,D018_H01,6,6,2180,2180
20260811_121452_stage_B_2C_4168a6e9,1.0,18,1,hydro,2,PH,MW,true,,D018_H01,7,7,2181,2181
20260811_121452_stage_B_2C_4168a6e9,1.0,18,1,hydro,3,PH,MW,true,,D018_H01,8,8,2182,2182
20260811_121452_stage_B_2C_4168a6e9,1.0,18,1,hydro,4,PH,MW,true,,D018_H01,9,9,2183,2183
20260811_121452_stage_B_2C_4168a6e9,1.0,18,1,thermal,1,PF,MW,true,,D018_H01,10,10,2184,2184
20260811_121452_stage_B_2C_4168a6e9,1.0,18,1,thermal,2,PF,MW,true,,D018_H01,11,11,2185,2185
20260811_121452_stage_B_2C_4168a6e9,1.0,18,1,thermal,3,PF,MW,true,,D018_H01,12,12,2186,2186
20260811_121452_stage_B_2C_4168a6e9,1.0,18,1,thermal,4,PF,MW,true,,D018_H01,13,13,2187,2187
20260811_121452_stage_B_2C_4168a6e9,1.0,18,1,storage,1,Pch,MW,true,,D018_H01,14,14,2188,2188
20260811_121452_stage_B_2C_4168a6e9,1.0,18,1,storage,2,Pch,MW,true,,D018_H01,15,15,2189,2189
20260811_121452_stage_B_2C_4168a6e9,1.0,18,1,storage,1,Pdis,MW,true,,D018_H01,16,16,2190,2190
20260811_121452_stage_B_2C_4168a6e9,1.0,18,1,storage,2,Pdis,MW,true,,D018_H01,17,17,2191,2191
20260811_121452_stage_B_2C_4168a6e9,1.0,18,1,storage,1,SOC,MWh,true,,D018_H01,18,18,2192,2192
20260811_121452_stage_B_2C_4168a6e9,1.0,18,1,storage,2,SOC,MWh,true,,D018_H01,19,19,2193,2193
20260811_121452_stage_B_2C_4168a6e9,1.0,18,2,wind,1,PW,MW,true,,D018_H02,1,1,2194,2194
20260811_121452_stage_B_2C_4168a6e9,1.0,18,2,wind,2,PW,MW,true,,D018_H02,2,2,2195,2195
20260811_121452_stage_B_2C_4168a6e9,1.0,18,2,wind,3,PW,MW,true,,D018_H02,3,3,2196,2196
20260811_121452_stage_B_2C_4168a6e9,1.0,18,2,wind,4,PW,MW,true,,D018_H02,4,4,2197,2197
20260811_121452_stage_B_2C_4168a6e9,1.0,18,2,wind,5,PW,MW,true,,D018_H02,5,5,2198,2198
20260811_121452_stage_B_2C_4168a6e9,1.0,18,2,hydro,1,PH,MW,true,,D018_H02,6,6,2199,2199
20260811_121452_stage_B_2C_4168a6e9,1.0,18,2,hydro,2,PH,MW,true,,D018_H02,7,7,2200,2200
20260811_121452_stage_B_2C_4168a6e9,1.0,18,2,hydro,3,PH,MW,true,,D018_H02,8,8,2201,2201
20260811_121452_stage_B_2C_4168a6e9,1.0,18,2,hydro,4,PH,MW,true,,D018_H02,9,9,2202,2202
20260811_121452_stage_B_2C_4168a6e9,1.0,18,2,thermal,1,PF,MW,true,,D018_H02,10,10,2203,2203
20260811_121452_stage_B_2C_4168a6e9,1.0,18,2,thermal,2,PF,MW,true,,D018_H02,11,11,2204,2204
20260811_121452_stage_B_2C_4168a6e9,1.0,18,2,thermal,3,PF,MW,true,,D018_H02,12,12,2205,2205
20260811_121452_stage_B_2C_4168a6e9,1.0,18,2,thermal,4,PF,MW,true,,D018_H02,13,13,2206,2206
20260811_121452_stage_B_2C_4168a6e9,1.0,18,2,storage,1,Pch,MW,true,,D018_H02,14,14,2207,2207
20260811_121452_stage_B_2C_4168a6e9,1.0,18,2,storage,2,Pch,MW,true,,D018_H02,15,15,2208,2208
20260811_121452_stage_B_2C_4168a6e9,1.0,18,2,storage,1,Pdis,MW,true,,D018_H02,16,16,2209,2209
20260811_121452_stage_B_2C_4168a6e9,1.0,18,2,storage,2,Pdis,MW,true,,D018_H02,17,17,2210,2210
20260811_121452_stage_B_2C_4168a6e9,1.0,18,2,storage,1,SOC,MWh,true,,D018_H02,18,18,2211,2211
20260811_121452_stage_B_2C_4168a6e9,1.0,18,2,storage,2,SOC,MWh,true,,D018_H02,19,19,2212,2212
20260811_121452_stage_B_2C_4168a6e9,1.0,18,3,wind,1,PW,MW,true,,D018_H03,1,1,2213,2213
20260811_121452_stage_B_2C_4168a6e9,1.0,18,3,wind,2,PW,MW,true,,D018_H03,2,2,2214,2214
20260811_121452_stage_B_2C_4168a6e9,1.0,18,3,wind,3,PW,MW,true,,D018_H03,3,3,2215,2215
20260811_121452_stage_B_2C_4168a6e9,1.0,18,3,wind,4,PW,MW,true,,D018_H03,4,4,2216,2216
20260811_121452_stage_B_2C_4168a6e9,1.0,18,3,wind,5,PW,MW,true,,D018_H03,5,5,2217,2217
20260811_121452_stage_B_2C_4168a6e9,1.0,18,3,hydro,1,PH,MW,true,,D018_H03,6,6,2218,2218
20260811_121452_stage_B_2C_4168a6e9,1.0,18,3,hydro,2,PH,MW,true,,D018_H03,7,7,2219,2219
20260811_121452_stage_B_2C_4168a6e9,1.0,18,3,hydro,3,PH,MW,true,,D018_H03,8,8,2220,2220
20260811_121452_stage_B_2C_4168a6e9,1.0,18,3,hydro,4,PH,MW,true,,D018_H03,9,9,2221,2221
20260811_121452_stage_B_2C_4168a6e9,1.0,18,3,thermal,1,PF,MW,true,,D018_H03,10,10,2222,2222
20260811_121452_stage_B_2C_4168a6e9,1.0,18,3,thermal,2,PF,MW,true,,D018_H03,11,11,2223,2223
20260811_121452_stage_B_2C_4168a6e9,1.0,18,3,thermal,3,PF,MW,true,,D018_H03,12,12,2224,2224
20260811_121452_stage_B_2C_4168a6e9,1.0,18,3,thermal,4,PF,MW,true,,D018_H03,13,13,2225,2225
20260811_121452_stage_B_2C_4168a6e9,1.0,18,3,storage,1,Pch,MW,true,,D018_H03,14,14,2226,2226
20260811_121452_stage_B_2C_4168a6e9,1.0,18,3,storage,2,Pch,MW,true,,D018_H03,15,15,2227,2227
20260811_121452_stage_B_2C_4168a6e9,1.0,18,3,storage,1,Pdis,MW,true,,D018_H03,16,16,2228,2228
20260811_121452_stage_B_2C_4168a6e9,1.0,18,3,storage,2,Pdis,MW,true,,D018_H03,17,17,2229,2229
20260811_121452_stage_B_2C_4168a6e9,1.0,18,3,storage,1,SOC,MWh,true,,D018_H03,18,18,2230,2230
20260811_121452_stage_B_2C_4168a6e9,1.0,18,3,storage,2,SOC,MWh,true,,D018_H03,19,19,2231,2231
20260811_121452_stage_B_2C_4168a6e9,1.0,18,4,wind,1,PW,MW,true,,D018_H04,1,1,2232,2232
20260811_121452_stage_B_2C_4168a6e9,1.0,18,4,wind,2,PW,MW,true,,D018_H04,2,2,2233,2233
20260811_121452_stage_B_2C_4168a6e9,1.0,18,4,wind,3,PW,MW,true,,D018_H04,3,3,2234,2234
20260811_121452_stage_B_2C_4168a6e9,1.0,18,4,wind,4,PW,MW,true,,D018_H04,4,4,2235,2235
20260811_121452_stage_B_2C_4168a6e9,1.0,18,4,wind,5,PW,MW,true,,D018_H04,5,5,2236,2236
20260811_121452_stage_B_2C_4168a6e9,1.0,18,4,hydro,1,PH,MW,true,,D018_H04,6,6,2237,2237
20260811_121452_stage_B_2C_4168a6e9,1.0,18,4,hydro,2,PH,MW,true,,D018_H04,7,7,2238,2238
20260811_121452_stage_B_2C_4168a6e9,1.0,18,4,hydro,3,PH,MW,true,,D018_H04,8,8,2239,2239
20260811_121452_stage_B_2C_4168a6e9,1.0,18,4,hydro,4,PH,MW,true,,D018_H04,9,9,2240,2240
20260811_121452_stage_B_2C_4168a6e9,1.0,18,4,thermal,1,PF,MW,true,,D018_H04,10,10,2241,2241
20260811_121452_stage_B_2C_4168a6e9,1.0,18,4,thermal,2,PF,MW,true,,D018_H04,11,11,2242,2242
20260811_121452_stage_B_2C_4168a6e9,1.0,18,4,thermal,3,PF,MW,true,,D018_H04,12,12,2243,2243
20260811_121452_stage_B_2C_4168a6e9,1.0,18,4,thermal,4,PF,MW,true,,D018_H04,13,13,2244,2244
20260811_121452_stage_B_2C_4168a6e9,1.0,18,4,storage,1,Pch,MW,true,,D018_H04,14,14,2245,2245
20260811_121452_stage_B_2C_4168a6e9,1.0,18,4,storage,2,Pch,MW,true,,D018_H04,15,15,2246,2246
20260811_121452_stage_B_2C_4168a6e9,1.0,18,4,storage,1,Pdis,MW,true,,D018_H04,16,16,2247,2247
20260811_121452_stage_B_2C_4168a6e9,1.0,18,4,storage,2,Pdis,MW,true,,D018_H04,17,17,2248,2248
20260811_121452_stage_B_2C_4168a6e9,1.0,18,4,storage,1,SOC,MWh,true,,D018_H04,18,18,2249,2249
20260811_121452_stage_B_2C_4168a6e9,1.0,18,4,storage,2,SOC,MWh,true,,D018_H04,19,19,2250,2250
20260811_121452_stage_B_2C_4168a6e9,1.0,18,5,wind,1,PW,MW,true,,D018_H05,1,1,2251,2251
20260811_121452_stage_B_2C_4168a6e9,1.0,18,5,wind,2,PW,MW,true,,D018_H05,2,2,2252,2252
20260811_121452_stage_B_2C_4168a6e9,1.0,18,5,wind,3,PW,MW,true,,D018_H05,3,3,2253,2253
20260811_121452_stage_B_2C_4168a6e9,1.0,18,5,wind,4,PW,MW,true,,D018_H05,4,4,2254,2254
20260811_121452_stage_B_2C_4168a6e9,1.0,18,5,wind,5,PW,MW,true,,D018_H05,5,5,2255,2255
20260811_121452_stage_B_2C_4168a6e9,1.0,18,5,hydro,1,PH,MW,true,,D018_H05,6,6,2256,2256
20260811_121452_stage_B_2C_4168a6e9,1.0,18,5,hydro,2,PH,MW,true,,D018_H05,7,7,2257,2257
20260811_121452_stage_B_2C_4168a6e9,1.0,18,5,hydro,3,PH,MW,true,,D018_H05,8,8,2258,2258
20260811_121452_stage_B_2C_4168a6e9,1.0,18,5,hydro,4,PH,MW,true,,D018_H05,9,9,2259,2259
20260811_121452_stage_B_2C_4168a6e9,1.0,18,5,thermal,1,PF,MW,true,,D018_H05,10,10,2260,2260
20260811_121452_stage_B_2C_4168a6e9,1.0,18,5,thermal,2,PF,MW,true,,D018_H05,11,11,2261,2261
20260811_121452_stage_B_2C_4168a6e9,1.0,18,5,thermal,3,PF,MW,true,,D018_H05,12,12,2262,2262
20260811_121452_stage_B_2C_4168a6e9,1.0,18,5,thermal,4,PF,MW,true,,D018_H05,13,13,2263,2263
20260811_121452_stage_B_2C_4168a6e9,1.0,18,5,storage,1,Pch,MW,true,,D018_H05,14,14,2264,2264
20260811_121452_stage_B_2C_4168a6e9,1.0,18,5,storage,2,Pch,MW,true,,D018_H05,15,15,2265,2265
20260811_121452_stage_B_2C_4168a6e9,1.0,18,5,storage,1,Pdis,MW,true,,D018_H05,16,16,2266,2266
20260811_121452_stage_B_2C_4168a6e9,1.0,18,5,storage,2,Pdis,MW,true,,D018_H05,17,17,2267,2267
20260811_121452_stage_B_2C_4168a6e9,1.0,18,5,storage,1,SOC,MWh,true,,D018_H05,18,18,2268,2268
20260811_121452_stage_B_2C_4168a6e9,1.0,18,5,storage,2,SOC,MWh,true,,D018_H05,19,19,2269,2269
20260811_121452_stage_B_2C_4168a6e9,1.0,18,6,wind,1,PW,MW,true,,D018_H06,1,1,2270,2270
20260811_121452_stage_B_2C_4168a6e9,1.0,18,6,wind,2,PW,MW,true,,D018_H06,2,2,2271,2271
20260811_121452_stage_B_2C_4168a6e9,1.0,18,6,wind,3,PW,MW,true,,D018_H06,3,3,2272,2272
20260811_121452_stage_B_2C_4168a6e9,1.0,18,6,wind,4,PW,MW,true,,D018_H06,4,4,2273,2273
20260811_121452_stage_B_2C_4168a6e9,1.0,18,6,wind,5,PW,MW,true,,D018_H06,5,5,2274,2274
20260811_121452_stage_B_2C_4168a6e9,1.0,18,6,hydro,1,PH,MW,true,,D018_H06,6,6,2275,2275
20260811_121452_stage_B_2C_4168a6e9,1.0,18,6,hydro,2,PH,MW,true,,D018_H06,7,7,2276,2276
20260811_121452_stage_B_2C_4168a6e9,1.0,18,6,hydro,3,PH,MW,true,,D018_H06,8,8,2277,2277
20260811_121452_stage_B_2C_4168a6e9,1.0,18,6,hydro,4,PH,MW,true,,D018_H06,9,9,2278,2278
20260811_121452_stage_B_2C_4168a6e9,1.0,18,6,thermal,1,PF,MW,true,,D018_H06,10,10,2279,2279
20260811_121452_stage_B_2C_4168a6e9,1.0,18,6,thermal,2,PF,MW,true,,D018_H06,11,11,2280,2280
20260811_121452_stage_B_2C_4168a6e9,1.0,18,6,thermal,3,PF,MW,true,,D018_H06,12,12,2281,2281
20260811_121452_stage_B_2C_4168a6e9,1.0,18,6,thermal,4,PF,MW,true,,D018_H06,13,13,2282,2282
20260811_121452_stage_B_2C_4168a6e9,1.0,18,6,storage,1,Pch,MW,true,,D018_H06,14,14,2283,2283
20260811_121452_stage_B_2C_4168a6e9,1.0,18,6,storage,2,Pch,MW,true,,D018_H06,15,15,2284,2284
20260811_121452_stage_B_2C_4168a6e9,1.0,18,6,storage,1,Pdis,MW,true,,D018_H06,16,16,2285,2285
20260811_121452_stage_B_2C_4168a6e9,1.0,18,6,storage,2,Pdis,MW,true,,D018_H06,17,17,2286,2286
20260811_121452_stage_B_2C_4168a6e9,1.0,18,6,storage,1,SOC,MWh,true,,D018_H06,18,18,2287,2287
20260811_121452_stage_B_2C_4168a6e9,1.0,18,6,storage,2,SOC,MWh,true,,D018_H06,19,19,2288,2288
20260811_121452_stage_B_2C_4168a6e9,1.0,18,7,wind,1,PW,MW,true,,D018_H07,1,1,2289,2289
20260811_121452_stage_B_2C_4168a6e9,1.0,18,7,wind,2,PW,MW,true,,D018_H07,2,2,2290,2290
20260811_121452_stage_B_2C_4168a6e9,1.0,18,7,wind,3,PW,MW,true,,D018_H07,3,3,2291,2291
20260811_121452_stage_B_2C_4168a6e9,1.0,18,7,wind,4,PW,MW,true,,D018_H07,4,4,2292,2292
20260811_121452_stage_B_2C_4168a6e9,1.0,18,7,wind,5,PW,MW,true,,D018_H07,5,5,2293,2293
20260811_121452_stage_B_2C_4168a6e9,1.0,18,7,hydro,1,PH,MW,true,,D018_H07,6,6,2294,2294
20260811_121452_stage_B_2C_4168a6e9,1.0,18,7,hydro,2,PH,MW,true,,D018_H07,7,7,2295,2295
20260811_121452_stage_B_2C_4168a6e9,1.0,18,7,hydro,3,PH,MW,true,,D018_H07,8,8,2296,2296
20260811_121452_stage_B_2C_4168a6e9,1.0,18,7,hydro,4,PH,MW,true,,D018_H07,9,9,2297,2297
20260811_121452_stage_B_2C_4168a6e9,1.0,18,7,thermal,1,PF,MW,true,,D018_H07,10,10,2298,2298
20260811_121452_stage_B_2C_4168a6e9,1.0,18,7,thermal,2,PF,MW,true,,D018_H07,11,11,2299,2299
20260811_121452_stage_B_2C_4168a6e9,1.0,18,7,thermal,3,PF,MW,true,,D018_H07,12,12,2300,2300
20260811_121452_stage_B_2C_4168a6e9,1.0,18,7,thermal,4,PF,MW,true,,D018_H07,13,13,2301,2301
20260811_121452_stage_B_2C_4168a6e9,1.0,18,7,storage,1,Pch,MW,true,,D018_H07,14,14,2302,2302
20260811_121452_stage_B_2C_4168a6e9,1.0,18,7,storage,2,Pch,MW,true,,D018_H07,15,15,2303,2303
20260811_121452_stage_B_2C_4168a6e9,1.0,18,7,storage,1,Pdis,MW,true,,D018_H07,16,16,2304,2304
20260811_121452_stage_B_2C_4168a6e9,1.0,18,7,storage,2,Pdis,MW,true,,D018_H07,17,17,2305,2305
20260811_121452_stage_B_2C_4168a6e9,1.0,18,7,storage,1,SOC,MWh,true,,D018_H07,18,18,2306,2306
20260811_121452_stage_B_2C_4168a6e9,1.0,18,7,storage,2,SOC,MWh,true,,D018_H07,19,19,2307,2307
20260811_121452_stage_B_2C_4168a6e9,1.0,18,8,wind,1,PW,MW,true,,D018_H08,1,1,2308,2308
20260811_121452_stage_B_2C_4168a6e9,1.0,18,8,wind,2,PW,MW,true,,D018_H08,2,2,2309,2309
20260811_121452_stage_B_2C_4168a6e9,1.0,18,8,wind,3,PW,MW,true,,D018_H08,3,3,2310,2310
20260811_121452_stage_B_2C_4168a6e9,1.0,18,8,wind,4,PW,MW,true,,D018_H08,4,4,2311,2311
20260811_121452_stage_B_2C_4168a6e9,1.0,18,8,wind,5,PW,MW,true,,D018_H08,5,5,2312,2312
20260811_121452_stage_B_2C_4168a6e9,1.0,18,8,solar,1,PP,MW,true,,D018_H08,6,6,2313,2313
20260811_121452_stage_B_2C_4168a6e9,1.0,18,8,solar,2,PP,MW,true,,D018_H08,7,7,2314,2314
20260811_121452_stage_B_2C_4168a6e9,1.0,18,8,solar,3,PP,MW,true,,D018_H08,8,8,2315,2315
20260811_121452_stage_B_2C_4168a6e9,1.0,18,8,solar,4,PP,MW,true,,D018_H08,9,9,2316,2316
20260811_121452_stage_B_2C_4168a6e9,1.0,18,8,solar,5,PP,MW,true,,D018_H08,10,10,2317,2317
20260811_121452_stage_B_2C_4168a6e9,1.0,18,8,hydro,1,PH,MW,true,,D018_H08,11,11,2318,2318
20260811_121452_stage_B_2C_4168a6e9,1.0,18,8,hydro,2,PH,MW,true,,D018_H08,12,12,2319,2319
20260811_121452_stage_B_2C_4168a6e9,1.0,18,8,hydro,3,PH,MW,true,,D018_H08,13,13,2320,2320
20260811_121452_stage_B_2C_4168a6e9,1.0,18,8,hydro,4,PH,MW,true,,D018_H08,14,14,2321,2321
20260811_121452_stage_B_2C_4168a6e9,1.0,18,8,thermal,1,PF,MW,true,,D018_H08,15,15,2322,2322
20260811_121452_stage_B_2C_4168a6e9,1.0,18,8,thermal,2,PF,MW,true,,D018_H08,16,16,2323,2323
20260811_121452_stage_B_2C_4168a6e9,1.0,18,8,thermal,3,PF,MW,true,,D018_H08,17,17,2324,2324
20260811_121452_stage_B_2C_4168a6e9,1.0,18,8,thermal,4,PF,MW,true,,D018_H08,18,18,2325,2325
20260811_121452_stage_B_2C_4168a6e9,1.0,18,8,storage,1,Pch,MW,true,,D018_H08,19,19,2326,2326
20260811_121452_stage_B_2C_4168a6e9,1.0,18,8,storage,2,Pch,MW,true,,D018_H08,20,20,2327,2327
20260811_121452_stage_B_2C_4168a6e9,1.0,18,8,storage,1,Pdis,MW,true,,D018_H08,21,21,2328,2328
20260811_121452_stage_B_2C_4168a6e9,1.0,18,8,storage,2,Pdis,MW,true,,D018_H08,22,22,2329,2329
20260811_121452_stage_B_2C_4168a6e9,1.0,18,8,storage,1,SOC,MWh,true,,D018_H08,23,23,2330,2330
20260811_121452_stage_B_2C_4168a6e9,1.0,18,8,storage,2,SOC,MWh,true,,D018_H08,24,24,2331,2331
20260811_121452_stage_B_2C_4168a6e9,1.0,18,9,wind,1,PW,MW,true,,D018_H09,1,1,2332,2332
20260811_121452_stage_B_2C_4168a6e9,1.0,18,9,wind,2,PW,MW,true,,D018_H09,2,2,2333,2333
20260811_121452_stage_B_2C_4168a6e9,1.0,18,9,wind,3,PW,MW,true,,D018_H09,3,3,2334,2334
20260811_121452_stage_B_2C_4168a6e9,1.0,18,9,wind,4,PW,MW,true,,D018_H09,4,4,2335,2335
20260811_121452_stage_B_2C_4168a6e9,1.0,18,9,wind,5,PW,MW,true,,D018_H09,5,5,2336,2336
20260811_121452_stage_B_2C_4168a6e9,1.0,18,9,solar,1,PP,MW,true,,D018_H09,6,6,2337,2337
20260811_121452_stage_B_2C_4168a6e9,1.0,18,9,solar,2,PP,MW,true,,D018_H09,7,7,2338,2338
20260811_121452_stage_B_2C_4168a6e9,1.0,18,9,solar,3,PP,MW,true,,D018_H09,8,8,2339,2339
20260811_121452_stage_B_2C_4168a6e9,1.0,18,9,solar,4,PP,MW,true,,D018_H09,9,9,2340,2340
20260811_121452_stage_B_2C_4168a6e9,1.0,18,9,solar,5,PP,MW,true,,D018_H09,10,10,2341,2341
20260811_121452_stage_B_2C_4168a6e9,1.0,18,9,hydro,1,PH,MW,true,,D018_H09,11,11,2342,2342
20260811_121452_stage_B_2C_4168a6e9,1.0,18,9,hydro,2,PH,MW,true,,D018_H09,12,12,2343,2343
20260811_121452_stage_B_2C_4168a6e9,1.0,18,9,hydro,3,PH,MW,true,,D018_H09,13,13,2344,2344
20260811_121452_stage_B_2C_4168a6e9,1.0,18,9,hydro,4,PH,MW,true,,D018_H09,14,14,2345,2345
20260811_121452_stage_B_2C_4168a6e9,1.0,18,9,thermal,1,PF,MW,true,,D018_H09,15,15,2346,2346
20260811_121452_stage_B_2C_4168a6e9,1.0,18,9,thermal,2,PF,MW,true,,D018_H09,16,16,2347,2347
20260811_121452_stage_B_2C_4168a6e9,1.0,18,9,thermal,3,PF,MW,true,,D018_H09,17,17,2348,2348
20260811_121452_stage_B_2C_4168a6e9,1.0,18,9,thermal,4,PF,MW,true,,D018_H09,18,18,2349,2349
20260811_121452_stage_B_2C_4168a6e9,1.0,18,9,storage,1,Pch,MW,true,,D018_H09,19,19,2350,2350
20260811_121452_stage_B_2C_4168a6e9,1.0,18,9,storage,2,Pch,MW,true,,D018_H09,20,20,2351,2351
20260811_121452_stage_B_2C_4168a6e9,1.0,18,9,storage,1,Pdis,MW,true,,D018_H09,21,21,2352,2352
20260811_121452_stage_B_2C_4168a6e9,1.0,18,9,storage,2,Pdis,MW,true,,D018_H09,22,22,2353,2353
20260811_121452_stage_B_2C_4168a6e9,1.0,18,9,storage,1,SOC,MWh,true,,D018_H09,23,23,2354,2354
20260811_121452_stage_B_2C_4168a6e9,1.0,18,9,storage,2,SOC,MWh,true,,D018_H09,24,24,2355,2355
20260811_121452_stage_B_2C_4168a6e9,1.0,18,10,wind,1,PW,MW,true,,D018_H10,1,1,2356,2356
20260811_121452_stage_B_2C_4168a6e9,1.0,18,10,wind,2,PW,MW,true,,D018_H10,2,2,2357,2357
20260811_121452_stage_B_2C_4168a6e9,1.0,18,10,wind,3,PW,MW,true,,D018_H10,3,3,2358,2358
20260811_121452_stage_B_2C_4168a6e9,1.0,18,10,wind,4,PW,MW,true,,D018_H10,4,4,2359,2359
20260811_121452_stage_B_2C_4168a6e9,1.0,18,10,wind,5,PW,MW,true,,D018_H10,5,5,2360,2360
20260811_121452_stage_B_2C_4168a6e9,1.0,18,10,solar,1,PP,MW,true,,D018_H10,6,6,2361,2361
20260811_121452_stage_B_2C_4168a6e9,1.0,18,10,solar,2,PP,MW,true,,D018_H10,7,7,2362,2362
20260811_121452_stage_B_2C_4168a6e9,1.0,18,10,solar,3,PP,MW,true,,D018_H10,8,8,2363,2363
20260811_121452_stage_B_2C_4168a6e9,1.0,18,10,solar,4,PP,MW,true,,D018_H10,9,9,2364,2364
20260811_121452_stage_B_2C_4168a6e9,1.0,18,10,solar,5,PP,MW,true,,D018_H10,10,10,2365,2365
20260811_121452_stage_B_2C_4168a6e9,1.0,18,10,hydro,1,PH,MW,true,,D018_H10,11,11,2366,2366
20260811_121452_stage_B_2C_4168a6e9,1.0,18,10,hydro,2,PH,MW,true,,D018_H10,12,12,2367,2367
20260811_121452_stage_B_2C_4168a6e9,1.0,18,10,hydro,3,PH,MW,true,,D018_H10,13,13,2368,2368
20260811_121452_stage_B_2C_4168a6e9,1.0,18,10,hydro,4,PH,MW,true,,D018_H10,14,14,2369,2369
20260811_121452_stage_B_2C_4168a6e9,1.0,18,10,thermal,1,PF,MW,true,,D018_H10,15,15,2370,2370
20260811_121452_stage_B_2C_4168a6e9,1.0,18,10,thermal,2,PF,MW,true,,D018_H10,16,16,2371,2371
20260811_121452_stage_B_2C_4168a6e9,1.0,18,10,thermal,3,PF,MW,true,,D018_H10,17,17,2372,2372
20260811_121452_stage_B_2C_4168a6e9,1.0,18,10,thermal,4,PF,MW,true,,D018_H10,18,18,2373,2373
20260811_121452_stage_B_2C_4168a6e9,1.0,18,10,storage,1,Pch,MW,true,,D018_H10,19,19,2374,2374
20260811_121452_stage_B_2C_4168a6e9,1.0,18,10,storage,2,Pch,MW,true,,D018_H10,20,20,2375,2375
20260811_121452_stage_B_2C_4168a6e9,1.0,18,10,storage,1,Pdis,MW,true,,D018_H10,21,21,2376,2376
20260811_121452_stage_B_2C_4168a6e9,1.0,18,10,storage,2,Pdis,MW,true,,D018_H10,22,22,2377,2377
20260811_121452_stage_B_2C_4168a6e9,1.0,18,10,storage,1,SOC,MWh,true,,D018_H10,23,23,2378,2378
20260811_121452_stage_B_2C_4168a6e9,1.0,18,10,storage,2,SOC,MWh,true,,D018_H10,24,24,2379,2379
20260811_121452_stage_B_2C_4168a6e9,1.0,18,11,wind,1,PW,MW,true,,D018_H11,1,1,2380,2380
20260811_121452_stage_B_2C_4168a6e9,1.0,18,11,wind,2,PW,MW,true,,D018_H11,2,2,2381,2381
20260811_121452_stage_B_2C_4168a6e9,1.0,18,11,wind,3,PW,MW,true,,D018_H11,3,3,2382,2382
20260811_121452_stage_B_2C_4168a6e9,1.0,18,11,wind,4,PW,MW,true,,D018_H11,4,4,2383,2383
20260811_121452_stage_B_2C_4168a6e9,1.0,18,11,wind,5,PW,MW,true,,D018_H11,5,5,2384,2384
20260811_121452_stage_B_2C_4168a6e9,1.0,18,11,solar,1,PP,MW,true,,D018_H11,6,6,2385,2385
20260811_121452_stage_B_2C_4168a6e9,1.0,18,11,solar,2,PP,MW,true,,D018_H11,7,7,2386,2386
20260811_121452_stage_B_2C_4168a6e9,1.0,18,11,solar,3,PP,MW,true,,D018_H11,8,8,2387,2387
20260811_121452_stage_B_2C_4168a6e9,1.0,18,11,solar,4,PP,MW,true,,D018_H11,9,9,2388,2388
20260811_121452_stage_B_2C_4168a6e9,1.0,18,11,solar,5,PP,MW,true,,D018_H11,10,10,2389,2389
20260811_121452_stage_B_2C_4168a6e9,1.0,18,11,hydro,1,PH,MW,true,,D018_H11,11,11,2390,2390
20260811_121452_stage_B_2C_4168a6e9,1.0,18,11,hydro,2,PH,MW,true,,D018_H11,12,12,2391,2391
20260811_121452_stage_B_2C_4168a6e9,1.0,18,11,hydro,3,PH,MW,true,,D018_H11,13,13,2392,2392
20260811_121452_stage_B_2C_4168a6e9,1.0,18,11,hydro,4,PH,MW,true,,D018_H11,14,14,2393,2393
20260811_121452_stage_B_2C_4168a6e9,1.0,18,11,thermal,1,PF,MW,true,,D018_H11,15,15,2394,2394
20260811_121452_stage_B_2C_4168a6e9,1.0,18,11,thermal,2,PF,MW,true,,D018_H11,16,16,2395,2395
20260811_121452_stage_B_2C_4168a6e9,1.0,18,11,thermal,3,PF,MW,true,,D018_H11,17,17,2396,2396
20260811_121452_stage_B_2C_4168a6e9,1.0,18,11,thermal,4,PF,MW,true,,D018_H11,18,18,2397,2397
20260811_121452_stage_B_2C_4168a6e9,1.0,18,11,storage,1,Pch,MW,true,,D018_H11,19,19,2398,2398
20260811_121452_stage_B_2C_4168a6e9,1.0,18,11,storage,2,Pch,MW,true,,D018_H11,20,20,2399,2399
20260811_121452_stage_B_2C_4168a6e9,1.0,18,11,storage,1,Pdis,MW,true,,D018_H11,21,21,2400,2400
20260811_121452_stage_B_2C_4168a6e9,1.0,18,11,storage,2,Pdis,MW,true,,D018_H11,22,22,2401,2401
20260811_121452_stage_B_2C_4168a6e9,1.0,18,11,storage,1,SOC,MWh,true,,D018_H11,23,23,2402,2402
20260811_121452_stage_B_2C_4168a6e9,1.0,18,11,storage,2,SOC,MWh,true,,D018_H11,24,24,2403,2403
20260811_121452_stage_B_2C_4168a6e9,1.0,18,12,wind,1,PW,MW,true,,D018_H12,1,1,2404,2404
20260811_121452_stage_B_2C_4168a6e9,1.0,18,12,wind,2,PW,MW,true,,D018_H12,2,2,2405,2405
20260811_121452_stage_B_2C_4168a6e9,1.0,18,12,wind,3,PW,MW,true,,D018_H12,3,3,2406,2406
20260811_121452_stage_B_2C_4168a6e9,1.0,18,12,wind,4,PW,MW,true,,D018_H12,4,4,2407,2407
20260811_121452_stage_B_2C_4168a6e9,1.0,18,12,wind,5,PW,MW,true,,D018_H12,5,5,2408,2408
20260811_121452_stage_B_2C_4168a6e9,1.0,18,12,solar,1,PP,MW,true,,D018_H12,6,6,2409,2409
20260811_121452_stage_B_2C_4168a6e9,1.0,18,12,solar,2,PP,MW,true,,D018_H12,7,7,2410,2410
20260811_121452_stage_B_2C_4168a6e9,1.0,18,12,solar,3,PP,MW,true,,D018_H12,8,8,2411,2411
20260811_121452_stage_B_2C_4168a6e9,1.0,18,12,solar,4,PP,MW,true,,D018_H12,9,9,2412,2412
20260811_121452_stage_B_2C_4168a6e9,1.0,18,12,solar,5,PP,MW,true,,D018_H12,10,10,2413,2413
20260811_121452_stage_B_2C_4168a6e9,1.0,18,12,hydro,1,PH,MW,true,,D018_H12,11,11,2414,2414
20260811_121452_stage_B_2C_4168a6e9,1.0,18,12,hydro,2,PH,MW,true,,D018_H12,12,12,2415,2415
20260811_121452_stage_B_2C_4168a6e9,1.0,18,12,hydro,3,PH,MW,true,,D018_H12,13,13,2416,2416
20260811_121452_stage_B_2C_4168a6e9,1.0,18,12,hydro,4,PH,MW,true,,D018_H12,14,14,2417,2417
20260811_121452_stage_B_2C_4168a6e9,1.0,18,12,thermal,1,PF,MW,true,,D018_H12,15,15,2418,2418
20260811_121452_stage_B_2C_4168a6e9,1.0,18,12,thermal,2,PF,MW,true,,D018_H12,16,16,2419,2419
20260811_121452_stage_B_2C_4168a6e9,1.0,18,12,thermal,3,PF,MW,true,,D018_H12,17,17,2420,2420
20260811_121452_stage_B_2C_4168a6e9,1.0,18,12,thermal,4,PF,MW,true,,D018_H12,18,18,2421,2421
20260811_121452_stage_B_2C_4168a6e9,1.0,18,12,storage,1,Pch,MW,true,,D018_H12,19,19,2422,2422
20260811_121452_stage_B_2C_4168a6e9,1.0,18,12,storage,2,Pch,MW,true,,D018_H12,20,20,2423,2423
20260811_121452_stage_B_2C_4168a6e9,1.0,18,12,storage,1,Pdis,MW,true,,D018_H12,21,21,2424,2424
20260811_121452_stage_B_2C_4168a6e9,1.0,18,12,storage,2,Pdis,MW,true,,D018_H12,22,22,2425,2425
20260811_121452_stage_B_2C_4168a6e9,1.0,18,12,storage,1,SOC,MWh,true,,D018_H12,23,23,2426,2426
20260811_121452_stage_B_2C_4168a6e9,1.0,18,12,storage,2,SOC,MWh,true,,D018_H12,24,24,2427,2427
20260811_121452_stage_B_2C_4168a6e9,1.0,18,13,wind,1,PW,MW,true,,D018_H13,1,1,2428,2428
20260811_121452_stage_B_2C_4168a6e9,1.0,18,13,wind,2,PW,MW,true,,D018_H13,2,2,2429,2429
20260811_121452_stage_B_2C_4168a6e9,1.0,18,13,wind,3,PW,MW,true,,D018_H13,3,3,2430,2430
20260811_121452_stage_B_2C_4168a6e9,1.0,18,13,wind,4,PW,MW,true,,D018_H13,4,4,2431,2431
20260811_121452_stage_B_2C_4168a6e9,1.0,18,13,wind,5,PW,MW,true,,D018_H13,5,5,2432,2432
20260811_121452_stage_B_2C_4168a6e9,1.0,18,13,solar,1,PP,MW,true,,D018_H13,6,6,2433,2433
20260811_121452_stage_B_2C_4168a6e9,1.0,18,13,solar,2,PP,MW,true,,D018_H13,7,7,2434,2434
20260811_121452_stage_B_2C_4168a6e9,1.0,18,13,solar,3,PP,MW,true,,D018_H13,8,8,2435,2435
20260811_121452_stage_B_2C_4168a6e9,1.0,18,13,solar,4,PP,MW,true,,D018_H13,9,9,2436,2436
20260811_121452_stage_B_2C_4168a6e9,1.0,18,13,solar,5,PP,MW,true,,D018_H13,10,10,2437,2437
20260811_121452_stage_B_2C_4168a6e9,1.0,18,13,hydro,1,PH,MW,true,,D018_H13,11,11,2438,2438
20260811_121452_stage_B_2C_4168a6e9,1.0,18,13,hydro,2,PH,MW,true,,D018_H13,12,12,2439,2439
20260811_121452_stage_B_2C_4168a6e9,1.0,18,13,hydro,3,PH,MW,true,,D018_H13,13,13,2440,2440
20260811_121452_stage_B_2C_4168a6e9,1.0,18,13,hydro,4,PH,MW,true,,D018_H13,14,14,2441,2441
20260811_121452_stage_B_2C_4168a6e9,1.0,18,13,thermal,1,PF,MW,true,,D018_H13,15,15,2442,2442
20260811_121452_stage_B_2C_4168a6e9,1.0,18,13,thermal,2,PF,MW,true,,D018_H13,16,16,2443,2443
20260811_121452_stage_B_2C_4168a6e9,1.0,18,13,thermal,3,PF,MW,true,,D018_H13,17,17,2444,2444
20260811_121452_stage_B_2C_4168a6e9,1.0,18,13,thermal,4,PF,MW,true,,D018_H13,18,18,2445,2445
20260811_121452_stage_B_2C_4168a6e9,1.0,18,13,storage,1,Pch,MW,true,,D018_H13,19,19,2446,2446
20260811_121452_stage_B_2C_4168a6e9,1.0,18,13,storage,2,Pch,MW,true,,D018_H13,20,20,2447,2447
20260811_121452_stage_B_2C_4168a6e9,1.0,18,13,storage,1,Pdis,MW,true,,D018_H13,21,21,2448,2448
20260811_121452_stage_B_2C_4168a6e9,1.0,18,13,storage,2,Pdis,MW,true,,D018_H13,22,22,2449,2449
20260811_121452_stage_B_2C_4168a6e9,1.0,18,13,storage,1,SOC,MWh,true,,D018_H13,23,23,2450,2450
20260811_121452_stage_B_2C_4168a6e9,1.0,18,13,storage,2,SOC,MWh,true,,D018_H13,24,24,2451,2451
20260811_121452_stage_B_2C_4168a6e9,1.0,18,14,wind,1,PW,MW,true,,D018_H14,1,1,2452,2452
20260811_121452_stage_B_2C_4168a6e9,1.0,18,14,wind,2,PW,MW,true,,D018_H14,2,2,2453,2453
20260811_121452_stage_B_2C_4168a6e9,1.0,18,14,wind,3,PW,MW,true,,D018_H14,3,3,2454,2454
20260811_121452_stage_B_2C_4168a6e9,1.0,18,14,wind,4,PW,MW,true,,D018_H14,4,4,2455,2455
20260811_121452_stage_B_2C_4168a6e9,1.0,18,14,wind,5,PW,MW,true,,D018_H14,5,5,2456,2456
20260811_121452_stage_B_2C_4168a6e9,1.0,18,14,solar,1,PP,MW,true,,D018_H14,6,6,2457,2457
20260811_121452_stage_B_2C_4168a6e9,1.0,18,14,solar,2,PP,MW,true,,D018_H14,7,7,2458,2458
20260811_121452_stage_B_2C_4168a6e9,1.0,18,14,solar,3,PP,MW,true,,D018_H14,8,8,2459,2459
20260811_121452_stage_B_2C_4168a6e9,1.0,18,14,solar,4,PP,MW,true,,D018_H14,9,9,2460,2460
20260811_121452_stage_B_2C_4168a6e9,1.0,18,14,solar,5,PP,MW,true,,D018_H14,10,10,2461,2461
20260811_121452_stage_B_2C_4168a6e9,1.0,18,14,hydro,1,PH,MW,true,,D018_H14,11,11,2462,2462
20260811_121452_stage_B_2C_4168a6e9,1.0,18,14,hydro,2,PH,MW,true,,D018_H14,12,12,2463,2463
20260811_121452_stage_B_2C_4168a6e9,1.0,18,14,hydro,3,PH,MW,true,,D018_H14,13,13,2464,2464
20260811_121452_stage_B_2C_4168a6e9,1.0,18,14,hydro,4,PH,MW,true,,D018_H14,14,14,2465,2465
20260811_121452_stage_B_2C_4168a6e9,1.0,18,14,thermal,1,PF,MW,true,,D018_H14,15,15,2466,2466
20260811_121452_stage_B_2C_4168a6e9,1.0,18,14,thermal,2,PF,MW,true,,D018_H14,16,16,2467,2467
20260811_121452_stage_B_2C_4168a6e9,1.0,18,14,thermal,3,PF,MW,true,,D018_H14,17,17,2468,2468
20260811_121452_stage_B_2C_4168a6e9,1.0,18,14,thermal,4,PF,MW,true,,D018_H14,18,18,2469,2469
20260811_121452_stage_B_2C_4168a6e9,1.0,18,14,storage,1,Pch,MW,true,,D018_H14,19,19,2470,2470
20260811_121452_stage_B_2C_4168a6e9,1.0,18,14,storage,2,Pch,MW,true,,D018_H14,20,20,2471,2471
20260811_121452_stage_B_2C_4168a6e9,1.0,18,14,storage,1,Pdis,MW,true,,D018_H14,21,21,2472,2472
20260811_121452_stage_B_2C_4168a6e9,1.0,18,14,storage,2,Pdis,MW,true,,D018_H14,22,22,2473,2473
20260811_121452_stage_B_2C_4168a6e9,1.0,18,14,storage,1,SOC,MWh,true,,D018_H14,23,23,2474,2474
20260811_121452_stage_B_2C_4168a6e9,1.0,18,14,storage,2,SOC,MWh,true,,D018_H14,24,24,2475,2475
20260811_121452_stage_B_2C_4168a6e9,1.0,18,15,wind,1,PW,MW,true,,D018_H15,1,1,2476,2476
20260811_121452_stage_B_2C_4168a6e9,1.0,18,15,wind,2,PW,MW,true,,D018_H15,2,2,2477,2477
20260811_121452_stage_B_2C_4168a6e9,1.0,18,15,wind,3,PW,MW,true,,D018_H15,3,3,2478,2478
20260811_121452_stage_B_2C_4168a6e9,1.0,18,15,wind,4,PW,MW,true,,D018_H15,4,4,2479,2479
20260811_121452_stage_B_2C_4168a6e9,1.0,18,15,wind,5,PW,MW,true,,D018_H15,5,5,2480,2480
20260811_121452_stage_B_2C_4168a6e9,1.0,18,15,solar,1,PP,MW,true,,D018_H15,6,6,2481,2481
20260811_121452_stage_B_2C_4168a6e9,1.0,18,15,solar,2,PP,MW,true,,D018_H15,7,7,2482,2482
20260811_121452_stage_B_2C_4168a6e9,1.0,18,15,solar,3,PP,MW,true,,D018_H15,8,8,2483,2483
20260811_121452_stage_B_2C_4168a6e9,1.0,18,15,solar,4,PP,MW,true,,D018_H15,9,9,2484,2484
20260811_121452_stage_B_2C_4168a6e9,1.0,18,15,solar,5,PP,MW,true,,D018_H15,10,10,2485,2485
20260811_121452_stage_B_2C_4168a6e9,1.0,18,15,hydro,1,PH,MW,true,,D018_H15,11,11,2486,2486
20260811_121452_stage_B_2C_4168a6e9,1.0,18,15,hydro,2,PH,MW,true,,D018_H15,12,12,2487,2487
20260811_121452_stage_B_2C_4168a6e9,1.0,18,15,hydro,3,PH,MW,true,,D018_H15,13,13,2488,2488
20260811_121452_stage_B_2C_4168a6e9,1.0,18,15,hydro,4,PH,MW,true,,D018_H15,14,14,2489,2489
20260811_121452_stage_B_2C_4168a6e9,1.0,18,15,thermal,1,PF,MW,true,,D018_H15,15,15,2490,2490
20260811_121452_stage_B_2C_4168a6e9,1.0,18,15,thermal,2,PF,MW,true,,D018_H15,16,16,2491,2491
20260811_121452_stage_B_2C_4168a6e9,1.0,18,15,thermal,3,PF,MW,true,,D018_H15,17,17,2492,2492
20260811_121452_stage_B_2C_4168a6e9,1.0,18,15,thermal,4,PF,MW,true,,D018_H15,18,18,2493,2493
20260811_121452_stage_B_2C_4168a6e9,1.0,18,15,storage,1,Pch,MW,true,,D018_H15,19,19,2494,2494
20260811_121452_stage_B_2C_4168a6e9,1.0,18,15,storage,2,Pch,MW,true,,D018_H15,20,20,2495,2495
20260811_121452_stage_B_2C_4168a6e9,1.0,18,15,storage,1,Pdis,MW,true,,D018_H15,21,21,2496,2496
20260811_121452_stage_B_2C_4168a6e9,1.0,18,15,storage,2,Pdis,MW,true,,D018_H15,22,22,2497,2497
20260811_121452_stage_B_2C_4168a6e9,1.0,18,15,storage,1,SOC,MWh,true,,D018_H15,23,23,2498,2498
20260811_121452_stage_B_2C_4168a6e9,1.0,18,15,storage,2,SOC,MWh,true,,D018_H15,24,24,2499,2499
20260811_121452_stage_B_2C_4168a6e9,1.0,18,16,wind,1,PW,MW,true,,D018_H16,1,1,2500,2500
20260811_121452_stage_B_2C_4168a6e9,1.0,18,16,wind,2,PW,MW,true,,D018_H16,2,2,2501,2501
20260811_121452_stage_B_2C_4168a6e9,1.0,18,16,wind,3,PW,MW,true,,D018_H16,3,3,2502,2502
20260811_121452_stage_B_2C_4168a6e9,1.0,18,16,wind,4,PW,MW,true,,D018_H16,4,4,2503,2503
20260811_121452_stage_B_2C_4168a6e9,1.0,18,16,wind,5,PW,MW,true,,D018_H16,5,5,2504,2504
20260811_121452_stage_B_2C_4168a6e9,1.0,18,16,solar,1,PP,MW,true,,D018_H16,6,6,2505,2505
20260811_121452_stage_B_2C_4168a6e9,1.0,18,16,solar,2,PP,MW,true,,D018_H16,7,7,2506,2506
20260811_121452_stage_B_2C_4168a6e9,1.0,18,16,solar,3,PP,MW,true,,D018_H16,8,8,2507,2507
20260811_121452_stage_B_2C_4168a6e9,1.0,18,16,solar,4,PP,MW,true,,D018_H16,9,9,2508,2508
20260811_121452_stage_B_2C_4168a6e9,1.0,18,16,solar,5,PP,MW,true,,D018_H16,10,10,2509,2509
20260811_121452_stage_B_2C_4168a6e9,1.0,18,16,hydro,1,PH,MW,true,,D018_H16,11,11,2510,2510
20260811_121452_stage_B_2C_4168a6e9,1.0,18,16,hydro,2,PH,MW,true,,D018_H16,12,12,2511,2511
20260811_121452_stage_B_2C_4168a6e9,1.0,18,16,hydro,3,PH,MW,true,,D018_H16,13,13,2512,2512
20260811_121452_stage_B_2C_4168a6e9,1.0,18,16,hydro,4,PH,MW,true,,D018_H16,14,14,2513,2513
20260811_121452_stage_B_2C_4168a6e9,1.0,18,16,thermal,1,PF,MW,true,,D018_H16,15,15,2514,2514
20260811_121452_stage_B_2C_4168a6e9,1.0,18,16,thermal,2,PF,MW,true,,D018_H16,16,16,2515,2515
20260811_121452_stage_B_2C_4168a6e9,1.0,18,16,thermal,3,PF,MW,true,,D018_H16,17,17,2516,2516
20260811_121452_stage_B_2C_4168a6e9,1.0,18,16,thermal,4,PF,MW,true,,D018_H16,18,18,2517,2517
20260811_121452_stage_B_2C_4168a6e9,1.0,18,16,storage,1,Pch,MW,true,,D018_H16,19,19,2518,2518
20260811_121452_stage_B_2C_4168a6e9,1.0,18,16,storage,2,Pch,MW,true,,D018_H16,20,20,2519,2519
20260811_121452_stage_B_2C_4168a6e9,1.0,18,16,storage,1,Pdis,MW,true,,D018_H16,21,21,2520,2520
20260811_121452_stage_B_2C_4168a6e9,1.0,18,16,storage,2,Pdis,MW,true,,D018_H16,22,22,2521,2521
20260811_121452_stage_B_2C_4168a6e9,1.0,18,16,storage,1,SOC,MWh,true,,D018_H16,23,23,2522,2522
20260811_121452_stage_B_2C_4168a6e9,1.0,18,16,storage,2,SOC,MWh,true,,D018_H16,24,24,2523,2523
20260811_121452_stage_B_2C_4168a6e9,1.0,18,17,wind,1,PW,MW,true,,D018_H17,1,1,2524,2524
20260811_121452_stage_B_2C_4168a6e9,1.0,18,17,wind,2,PW,MW,true,,D018_H17,2,2,2525,2525
20260811_121452_stage_B_2C_4168a6e9,1.0,18,17,wind,3,PW,MW,true,,D018_H17,3,3,2526,2526
20260811_121452_stage_B_2C_4168a6e9,1.0,18,17,wind,4,PW,MW,true,,D018_H17,4,4,2527,2527
20260811_121452_stage_B_2C_4168a6e9,1.0,18,17,wind,5,PW,MW,true,,D018_H17,5,5,2528,2528
20260811_121452_stage_B_2C_4168a6e9,1.0,18,17,solar,1,PP,MW,true,,D018_H17,6,6,2529,2529
20260811_121452_stage_B_2C_4168a6e9,1.0,18,17,solar,2,PP,MW,true,,D018_H17,7,7,2530,2530
20260811_121452_stage_B_2C_4168a6e9,1.0,18,17,solar,3,PP,MW,true,,D018_H17,8,8,2531,2531
20260811_121452_stage_B_2C_4168a6e9,1.0,18,17,solar,4,PP,MW,true,,D018_H17,9,9,2532,2532
20260811_121452_stage_B_2C_4168a6e9,1.0,18,17,solar,5,PP,MW,true,,D018_H17,10,10,2533,2533
20260811_121452_stage_B_2C_4168a6e9,1.0,18,17,hydro,1,PH,MW,true,,D018_H17,11,11,2534,2534
20260811_121452_stage_B_2C_4168a6e9,1.0,18,17,hydro,2,PH,MW,true,,D018_H17,12,12,2535,2535
20260811_121452_stage_B_2C_4168a6e9,1.0,18,17,hydro,3,PH,MW,true,,D018_H17,13,13,2536,2536
20260811_121452_stage_B_2C_4168a6e9,1.0,18,17,hydro,4,PH,MW,true,,D018_H17,14,14,2537,2537
20260811_121452_stage_B_2C_4168a6e9,1.0,18,17,thermal,1,PF,MW,true,,D018_H17,15,15,2538,2538
20260811_121452_stage_B_2C_4168a6e9,1.0,18,17,thermal,2,PF,MW,true,,D018_H17,16,16,2539,2539
20260811_121452_stage_B_2C_4168a6e9,1.0,18,17,thermal,3,PF,MW,true,,D018_H17,17,17,2540,2540
20260811_121452_stage_B_2C_4168a6e9,1.0,18,17,thermal,4,PF,MW,true,,D018_H17,18,18,2541,2541
20260811_121452_stage_B_2C_4168a6e9,1.0,18,17,storage,1,Pch,MW,true,,D018_H17,19,19,2542,2542
20260811_121452_stage_B_2C_4168a6e9,1.0,18,17,storage,2,Pch,MW,true,,D018_H17,20,20,2543,2543
20260811_121452_stage_B_2C_4168a6e9,1.0,18,17,storage,1,Pdis,MW,true,,D018_H17,21,21,2544,2544
20260811_121452_stage_B_2C_4168a6e9,1.0,18,17,storage,2,Pdis,MW,true,,D018_H17,22,22,2545,2545
20260811_121452_stage_B_2C_4168a6e9,1.0,18,17,storage,1,SOC,MWh,true,,D018_H17,23,23,2546,2546
20260811_121452_stage_B_2C_4168a6e9,1.0,18,17,storage,2,SOC,MWh,true,,D018_H17,24,24,2547,2547
20260811_121452_stage_B_2C_4168a6e9,1.0,18,18,wind,1,PW,MW,true,,D018_H18,1,1,2548,2548
20260811_121452_stage_B_2C_4168a6e9,1.0,18,18,wind,2,PW,MW,true,,D018_H18,2,2,2549,2549
20260811_121452_stage_B_2C_4168a6e9,1.0,18,18,wind,3,PW,MW,true,,D018_H18,3,3,2550,2550
20260811_121452_stage_B_2C_4168a6e9,1.0,18,18,wind,4,PW,MW,true,,D018_H18,4,4,2551,2551
20260811_121452_stage_B_2C_4168a6e9,1.0,18,18,wind,5,PW,MW,true,,D018_H18,5,5,2552,2552
20260811_121452_stage_B_2C_4168a6e9,1.0,18,18,solar,1,PP,MW,true,,D018_H18,6,6,2553,2553
20260811_121452_stage_B_2C_4168a6e9,1.0,18,18,solar,2,PP,MW,true,,D018_H18,7,7,2554,2554
20260811_121452_stage_B_2C_4168a6e9,1.0,18,18,solar,3,PP,MW,true,,D018_H18,8,8,2555,2555
20260811_121452_stage_B_2C_4168a6e9,1.0,18,18,solar,4,PP,MW,true,,D018_H18,9,9,2556,2556
20260811_121452_stage_B_2C_4168a6e9,1.0,18,18,solar,5,PP,MW,true,,D018_H18,10,10,2557,2557
20260811_121452_stage_B_2C_4168a6e9,1.0,18,18,hydro,1,PH,MW,true,,D018_H18,11,11,2558,2558
20260811_121452_stage_B_2C_4168a6e9,1.0,18,18,hydro,2,PH,MW,true,,D018_H18,12,12,2559,2559
20260811_121452_stage_B_2C_4168a6e9,1.0,18,18,hydro,3,PH,MW,true,,D018_H18,13,13,2560,2560
20260811_121452_stage_B_2C_4168a6e9,1.0,18,18,hydro,4,PH,MW,true,,D018_H18,14,14,2561,2561
20260811_121452_stage_B_2C_4168a6e9,1.0,18,18,thermal,1,PF,MW,true,,D018_H18,15,15,2562,2562
20260811_121452_stage_B_2C_4168a6e9,1.0,18,18,thermal,2,PF,MW,true,,D018_H18,16,16,2563,2563
20260811_121452_stage_B_2C_4168a6e9,1.0,18,18,thermal,3,PF,MW,true,,D018_H18,17,17,2564,2564
20260811_121452_stage_B_2C_4168a6e9,1.0,18,18,thermal,4,PF,MW,true,,D018_H18,18,18,2565,2565
20260811_121452_stage_B_2C_4168a6e9,1.0,18,18,storage,1,Pch,MW,true,,D018_H18,19,19,2566,2566
20260811_121452_stage_B_2C_4168a6e9,1.0,18,18,storage,2,Pch,MW,true,,D018_H18,20,20,2567,2567
20260811_121452_stage_B_2C_4168a6e9,1.0,18,18,storage,1,Pdis,MW,true,,D018_H18,21,21,2568,2568
20260811_121452_stage_B_2C_4168a6e9,1.0,18,18,storage,2,Pdis,MW,true,,D018_H18,22,22,2569,2569
20260811_121452_stage_B_2C_4168a6e9,1.0,18,18,storage,1,SOC,MWh,true,,D018_H18,23,23,2570,2570
20260811_121452_stage_B_2C_4168a6e9,1.0,18,18,storage,2,SOC,MWh,true,,D018_H18,24,24,2571,2571
20260811_121452_stage_B_2C_4168a6e9,1.0,18,19,wind,1,PW,MW,true,,D018_H19,1,1,2572,2572
20260811_121452_stage_B_2C_4168a6e9,1.0,18,19,wind,2,PW,MW,true,,D018_H19,2,2,2573,2573
20260811_121452_stage_B_2C_4168a6e9,1.0,18,19,wind,3,PW,MW,true,,D018_H19,3,3,2574,2574
20260811_121452_stage_B_2C_4168a6e9,1.0,18,19,wind,4,PW,MW,true,,D018_H19,4,4,2575,2575
20260811_121452_stage_B_2C_4168a6e9,1.0,18,19,wind,5,PW,MW,true,,D018_H19,5,5,2576,2576
20260811_121452_stage_B_2C_4168a6e9,1.0,18,19,solar,1,PP,MW,true,,D018_H19,6,6,2577,2577
20260811_121452_stage_B_2C_4168a6e9,1.0,18,19,solar,2,PP,MW,true,,D018_H19,7,7,2578,2578
20260811_121452_stage_B_2C_4168a6e9,1.0,18,19,solar,3,PP,MW,true,,D018_H19,8,8,2579,2579
20260811_121452_stage_B_2C_4168a6e9,1.0,18,19,solar,4,PP,MW,true,,D018_H19,9,9,2580,2580
20260811_121452_stage_B_2C_4168a6e9,1.0,18,19,solar,5,PP,MW,true,,D018_H19,10,10,2581,2581
20260811_121452_stage_B_2C_4168a6e9,1.0,18,19,hydro,1,PH,MW,true,,D018_H19,11,11,2582,2582
20260811_121452_stage_B_2C_4168a6e9,1.0,18,19,hydro,2,PH,MW,true,,D018_H19,12,12,2583,2583
20260811_121452_stage_B_2C_4168a6e9,1.0,18,19,hydro,3,PH,MW,true,,D018_H19,13,13,2584,2584
20260811_121452_stage_B_2C_4168a6e9,1.0,18,19,hydro,4,PH,MW,true,,D018_H19,14,14,2585,2585
20260811_121452_stage_B_2C_4168a6e9,1.0,18,19,thermal,1,PF,MW,true,,D018_H19,15,15,2586,2586
20260811_121452_stage_B_2C_4168a6e9,1.0,18,19,thermal,2,PF,MW,true,,D018_H19,16,16,2587,2587
20260811_121452_stage_B_2C_4168a6e9,1.0,18,19,thermal,3,PF,MW,true,,D018_H19,17,17,2588,2588
20260811_121452_stage_B_2C_4168a6e9,1.0,18,19,thermal,4,PF,MW,true,,D018_H19,18,18,2589,2589
20260811_121452_stage_B_2C_4168a6e9,1.0,18,19,storage,1,Pch,MW,true,,D018_H19,19,19,2590,2590
20260811_121452_stage_B_2C_4168a6e9,1.0,18,19,storage,2,Pch,MW,true,,D018_H19,20,20,2591,2591
20260811_121452_stage_B_2C_4168a6e9,1.0,18,19,storage,1,Pdis,MW,true,,D018_H19,21,21,2592,2592
20260811_121452_stage_B_2C_4168a6e9,1.0,18,19,storage,2,Pdis,MW,true,,D018_H19,22,22,2593,2593
20260811_121452_stage_B_2C_4168a6e9,1.0,18,19,storage,1,SOC,MWh,true,,D018_H19,23,23,2594,2594
20260811_121452_stage_B_2C_4168a6e9,1.0,18,19,storage,2,SOC,MWh,true,,D018_H19,24,24,2595,2595
20260811_121452_stage_B_2C_4168a6e9,1.0,18,20,wind,1,PW,MW,true,,D018_H20,1,1,2596,2596
20260811_121452_stage_B_2C_4168a6e9,1.0,18,20,wind,2,PW,MW,true,,D018_H20,2,2,2597,2597
20260811_121452_stage_B_2C_4168a6e9,1.0,18,20,wind,3,PW,MW,true,,D018_H20,3,3,2598,2598
20260811_121452_stage_B_2C_4168a6e9,1.0,18,20,wind,4,PW,MW,true,,D018_H20,4,4,2599,2599
20260811_121452_stage_B_2C_4168a6e9,1.0,18,20,wind,5,PW,MW,true,,D018_H20,5,5,2600,2600
20260811_121452_stage_B_2C_4168a6e9,1.0,18,20,hydro,1,PH,MW,true,,D018_H20,6,6,2601,2601
20260811_121452_stage_B_2C_4168a6e9,1.0,18,20,hydro,2,PH,MW,true,,D018_H20,7,7,2602,2602
20260811_121452_stage_B_2C_4168a6e9,1.0,18,20,hydro,3,PH,MW,true,,D018_H20,8,8,2603,2603
20260811_121452_stage_B_2C_4168a6e9,1.0,18,20,hydro,4,PH,MW,true,,D018_H20,9,9,2604,2604
20260811_121452_stage_B_2C_4168a6e9,1.0,18,20,thermal,1,PF,MW,true,,D018_H20,10,10,2605,2605
20260811_121452_stage_B_2C_4168a6e9,1.0,18,20,thermal,2,PF,MW,true,,D018_H20,11,11,2606,2606
20260811_121452_stage_B_2C_4168a6e9,1.0,18,20,thermal,3,PF,MW,true,,D018_H20,12,12,2607,2607
20260811_121452_stage_B_2C_4168a6e9,1.0,18,20,thermal,4,PF,MW,true,,D018_H20,13,13,2608,2608
20260811_121452_stage_B_2C_4168a6e9,1.0,18,20,storage,1,Pch,MW,true,,D018_H20,14,14,2609,2609
20260811_121452_stage_B_2C_4168a6e9,1.0,18,20,storage,2,Pch,MW,true,,D018_H20,15,15,2610,2610
20260811_121452_stage_B_2C_4168a6e9,1.0,18,20,storage,1,Pdis,MW,true,,D018_H20,16,16,2611,2611
20260811_121452_stage_B_2C_4168a6e9,1.0,18,20,storage,2,Pdis,MW,true,,D018_H20,17,17,2612,2612
20260811_121452_stage_B_2C_4168a6e9,1.0,18,20,storage,1,SOC,MWh,true,,D018_H20,18,18,2613,2613
20260811_121452_stage_B_2C_4168a6e9,1.0,18,20,storage,2,SOC,MWh,true,,D018_H20,19,19,2614,2614
20260811_121452_stage_B_2C_4168a6e9,1.0,18,21,wind,1,PW,MW,true,,D018_H21,1,1,2615,2615
20260811_121452_stage_B_2C_4168a6e9,1.0,18,21,wind,2,PW,MW,true,,D018_H21,2,2,2616,2616
20260811_121452_stage_B_2C_4168a6e9,1.0,18,21,wind,3,PW,MW,true,,D018_H21,3,3,2617,2617
20260811_121452_stage_B_2C_4168a6e9,1.0,18,21,wind,4,PW,MW,true,,D018_H21,4,4,2618,2618
20260811_121452_stage_B_2C_4168a6e9,1.0,18,21,wind,5,PW,MW,true,,D018_H21,5,5,2619,2619
20260811_121452_stage_B_2C_4168a6e9,1.0,18,21,hydro,1,PH,MW,true,,D018_H21,6,6,2620,2620
20260811_121452_stage_B_2C_4168a6e9,1.0,18,21,hydro,2,PH,MW,true,,D018_H21,7,7,2621,2621
20260811_121452_stage_B_2C_4168a6e9,1.0,18,21,hydro,3,PH,MW,true,,D018_H21,8,8,2622,2622
20260811_121452_stage_B_2C_4168a6e9,1.0,18,21,hydro,4,PH,MW,true,,D018_H21,9,9,2623,2623
20260811_121452_stage_B_2C_4168a6e9,1.0,18,21,thermal,1,PF,MW,true,,D018_H21,10,10,2624,2624
20260811_121452_stage_B_2C_4168a6e9,1.0,18,21,thermal,2,PF,MW,true,,D018_H21,11,11,2625,2625
20260811_121452_stage_B_2C_4168a6e9,1.0,18,21,thermal,3,PF,MW,true,,D018_H21,12,12,2626,2626
20260811_121452_stage_B_2C_4168a6e9,1.0,18,21,thermal,4,PF,MW,true,,D018_H21,13,13,2627,2627
20260811_121452_stage_B_2C_4168a6e9,1.0,18,21,storage,1,Pch,MW,true,,D018_H21,14,14,2628,2628
20260811_121452_stage_B_2C_4168a6e9,1.0,18,21,storage,2,Pch,MW,true,,D018_H21,15,15,2629,2629
20260811_121452_stage_B_2C_4168a6e9,1.0,18,21,storage,1,Pdis,MW,true,,D018_H21,16,16,2630,2630
20260811_121452_stage_B_2C_4168a6e9,1.0,18,21,storage,2,Pdis,MW,true,,D018_H21,17,17,2631,2631
20260811_121452_stage_B_2C_4168a6e9,1.0,18,21,storage,1,SOC,MWh,true,,D018_H21,18,18,2632,2632
20260811_121452_stage_B_2C_4168a6e9,1.0,18,21,storage,2,SOC,MWh,true,,D018_H21,19,19,2633,2633
20260811_121452_stage_B_2C_4168a6e9,1.0,18,22,wind,1,PW,MW,true,,D018_H22,1,1,2634,2634
20260811_121452_stage_B_2C_4168a6e9,1.0,18,22,wind,2,PW,MW,true,,D018_H22,2,2,2635,2635
20260811_121452_stage_B_2C_4168a6e9,1.0,18,22,wind,3,PW,MW,true,,D018_H22,3,3,2636,2636
20260811_121452_stage_B_2C_4168a6e9,1.0,18,22,wind,4,PW,MW,true,,D018_H22,4,4,2637,2637
20260811_121452_stage_B_2C_4168a6e9,1.0,18,22,wind,5,PW,MW,true,,D018_H22,5,5,2638,2638
20260811_121452_stage_B_2C_4168a6e9,1.0,18,22,hydro,1,PH,MW,true,,D018_H22,6,6,2639,2639
20260811_121452_stage_B_2C_4168a6e9,1.0,18,22,hydro,2,PH,MW,true,,D018_H22,7,7,2640,2640
20260811_121452_stage_B_2C_4168a6e9,1.0,18,22,hydro,3,PH,MW,true,,D018_H22,8,8,2641,2641
20260811_121452_stage_B_2C_4168a6e9,1.0,18,22,hydro,4,PH,MW,true,,D018_H22,9,9,2642,2642
20260811_121452_stage_B_2C_4168a6e9,1.0,18,22,thermal,1,PF,MW,true,,D018_H22,10,10,2643,2643
20260811_121452_stage_B_2C_4168a6e9,1.0,18,22,thermal,2,PF,MW,true,,D018_H22,11,11,2644,2644
20260811_121452_stage_B_2C_4168a6e9,1.0,18,22,thermal,3,PF,MW,true,,D018_H22,12,12,2645,2645
20260811_121452_stage_B_2C_4168a6e9,1.0,18,22,thermal,4,PF,MW,true,,D018_H22,13,13,2646,2646
20260811_121452_stage_B_2C_4168a6e9,1.0,18,22,storage,1,Pch,MW,true,,D018_H22,14,14,2647,2647
20260811_121452_stage_B_2C_4168a6e9,1.0,18,22,storage,2,Pch,MW,true,,D018_H22,15,15,2648,2648
20260811_121452_stage_B_2C_4168a6e9,1.0,18,22,storage,1,Pdis,MW,true,,D018_H22,16,16,2649,2649
20260811_121452_stage_B_2C_4168a6e9,1.0,18,22,storage,2,Pdis,MW,true,,D018_H22,17,17,2650,2650
20260811_121452_stage_B_2C_4168a6e9,1.0,18,22,storage,1,SOC,MWh,true,,D018_H22,18,18,2651,2651
20260811_121452_stage_B_2C_4168a6e9,1.0,18,22,storage,2,SOC,MWh,true,,D018_H22,19,19,2652,2652
20260811_121452_stage_B_2C_4168a6e9,1.0,18,23,wind,1,PW,MW,true,,D018_H23,1,1,2653,2653
20260811_121452_stage_B_2C_4168a6e9,1.0,18,23,wind,2,PW,MW,true,,D018_H23,2,2,2654,2654
20260811_121452_stage_B_2C_4168a6e9,1.0,18,23,wind,3,PW,MW,true,,D018_H23,3,3,2655,2655
20260811_121452_stage_B_2C_4168a6e9,1.0,18,23,wind,4,PW,MW,true,,D018_H23,4,4,2656,2656
20260811_121452_stage_B_2C_4168a6e9,1.0,18,23,wind,5,PW,MW,true,,D018_H23,5,5,2657,2657
20260811_121452_stage_B_2C_4168a6e9,1.0,18,23,hydro,1,PH,MW,true,,D018_H23,6,6,2658,2658
20260811_121452_stage_B_2C_4168a6e9,1.0,18,23,hydro,2,PH,MW,true,,D018_H23,7,7,2659,2659
20260811_121452_stage_B_2C_4168a6e9,1.0,18,23,hydro,3,PH,MW,true,,D018_H23,8,8,2660,2660
20260811_121452_stage_B_2C_4168a6e9,1.0,18,23,hydro,4,PH,MW,true,,D018_H23,9,9,2661,2661
20260811_121452_stage_B_2C_4168a6e9,1.0,18,23,thermal,1,PF,MW,true,,D018_H23,10,10,2662,2662
20260811_121452_stage_B_2C_4168a6e9,1.0,18,23,thermal,2,PF,MW,true,,D018_H23,11,11,2663,2663
20260811_121452_stage_B_2C_4168a6e9,1.0,18,23,thermal,3,PF,MW,true,,D018_H23,12,12,2664,2664
20260811_121452_stage_B_2C_4168a6e9,1.0,18,23,thermal,4,PF,MW,true,,D018_H23,13,13,2665,2665
20260811_121452_stage_B_2C_4168a6e9,1.0,18,23,storage,1,Pch,MW,true,,D018_H23,14,14,2666,2666
20260811_121452_stage_B_2C_4168a6e9,1.0,18,23,storage,2,Pch,MW,true,,D018_H23,15,15,2667,2667
20260811_121452_stage_B_2C_4168a6e9,1.0,18,23,storage,1,Pdis,MW,true,,D018_H23,16,16,2668,2668
20260811_121452_stage_B_2C_4168a6e9,1.0,18,23,storage,2,Pdis,MW,true,,D018_H23,17,17,2669,2669
20260811_121452_stage_B_2C_4168a6e9,1.0,18,23,storage,1,SOC,MWh,true,,D018_H23,18,18,2670,2670
20260811_121452_stage_B_2C_4168a6e9,1.0,18,23,storage,2,SOC,MWh,true,,D018_H23,19,19,2671,2671
20260811_121452_stage_B_2C_4168a6e9,1.0,18,24,wind,1,PW,MW,true,,D018_H24,1,1,2672,2672
20260811_121452_stage_B_2C_4168a6e9,1.0,18,24,wind,2,PW,MW,true,,D018_H24,2,2,2673,2673
20260811_121452_stage_B_2C_4168a6e9,1.0,18,24,wind,3,PW,MW,true,,D018_H24,3,3,2674,2674
20260811_121452_stage_B_2C_4168a6e9,1.0,18,24,wind,4,PW,MW,true,,D018_H24,4,4,2675,2675
20260811_121452_stage_B_2C_4168a6e9,1.0,18,24,wind,5,PW,MW,true,,D018_H24,5,5,2676,2676
20260811_121452_stage_B_2C_4168a6e9,1.0,18,24,hydro,1,PH,MW,true,,D018_H24,6,6,2677,2677
20260811_121452_stage_B_2C_4168a6e9,1.0,18,24,hydro,2,PH,MW,true,,D018_H24,7,7,2678,2678
20260811_121452_stage_B_2C_4168a6e9,1.0,18,24,hydro,3,PH,MW,true,,D018_H24,8,8,2679,2679
20260811_121452_stage_B_2C_4168a6e9,1.0,18,24,hydro,4,PH,MW,true,,D018_H24,9,9,2680,2680
20260811_121452_stage_B_2C_4168a6e9,1.0,18,24,thermal,1,PF,MW,true,,D018_H24,10,10,2681,2681
20260811_121452_stage_B_2C_4168a6e9,1.0,18,24,thermal,2,PF,MW,true,,D018_H24,11,11,2682,2682
20260811_121452_stage_B_2C_4168a6e9,1.0,18,24,thermal,3,PF,MW,true,,D018_H24,12,12,2683,2683
20260811_121452_stage_B_2C_4168a6e9,1.0,18,24,thermal,4,PF,MW,true,,D018_H24,13,13,2684,2684
20260811_121452_stage_B_2C_4168a6e9,1.0,18,24,storage,1,Pch,MW,true,,D018_H24,14,14,2685,2685
20260811_121452_stage_B_2C_4168a6e9,1.0,18,24,storage,2,Pch,MW,true,,D018_H24,15,15,2686,2686
20260811_121452_stage_B_2C_4168a6e9,1.0,18,24,storage,1,Pdis,MW,true,,D018_H24,16,16,2687,2687
20260811_121452_stage_B_2C_4168a6e9,1.0,18,24,storage,2,Pdis,MW,true,,D018_H24,17,17,2688,2688
20260811_121452_stage_B_2C_4168a6e9,1.0,18,24,storage,1,SOC,MWh,true,,D018_H24,18,18,2689,2689
20260811_121452_stage_B_2C_4168a6e9,1.0,18,24,storage,2,SOC,MWh,true,,D018_H24,19,19,2690,2690
20260811_121452_stage_B_2C_4168a6e9,1.0,19,1,wind,1,PW,MW,true,,D019_H01,1,1,2691,2691
20260811_121452_stage_B_2C_4168a6e9,1.0,19,1,wind,2,PW,MW,true,,D019_H01,2,2,2692,2692
20260811_121452_stage_B_2C_4168a6e9,1.0,19,1,wind,3,PW,MW,true,,D019_H01,3,3,2693,2693
20260811_121452_stage_B_2C_4168a6e9,1.0,19,1,wind,4,PW,MW,true,,D019_H01,4,4,2694,2694
20260811_121452_stage_B_2C_4168a6e9,1.0,19,1,wind,5,PW,MW,true,,D019_H01,5,5,2695,2695
20260811_121452_stage_B_2C_4168a6e9,1.0,19,1,hydro,1,PH,MW,true,,D019_H01,6,6,2696,2696
20260811_121452_stage_B_2C_4168a6e9,1.0,19,1,hydro,2,PH,MW,true,,D019_H01,7,7,2697,2697
20260811_121452_stage_B_2C_4168a6e9,1.0,19,1,hydro,3,PH,MW,true,,D019_H01,8,8,2698,2698
20260811_121452_stage_B_2C_4168a6e9,1.0,19,1,hydro,4,PH,MW,true,,D019_H01,9,9,2699,2699
20260811_121452_stage_B_2C_4168a6e9,1.0,19,1,thermal,1,PF,MW,true,,D019_H01,10,10,2700,2700
20260811_121452_stage_B_2C_4168a6e9,1.0,19,1,thermal,2,PF,MW,true,,D019_H01,11,11,2701,2701
20260811_121452_stage_B_2C_4168a6e9,1.0,19,1,thermal,3,PF,MW,true,,D019_H01,12,12,2702,2702
20260811_121452_stage_B_2C_4168a6e9,1.0,19,1,thermal,4,PF,MW,true,,D019_H01,13,13,2703,2703
20260811_121452_stage_B_2C_4168a6e9,1.0,19,1,storage,1,Pch,MW,true,,D019_H01,14,14,2704,2704
20260811_121452_stage_B_2C_4168a6e9,1.0,19,1,storage,2,Pch,MW,true,,D019_H01,15,15,2705,2705
20260811_121452_stage_B_2C_4168a6e9,1.0,19,1,storage,1,Pdis,MW,true,,D019_H01,16,16,2706,2706
20260811_121452_stage_B_2C_4168a6e9,1.0,19,1,storage,2,Pdis,MW,true,,D019_H01,17,17,2707,2707
20260811_121452_stage_B_2C_4168a6e9,1.0,19,1,storage,1,SOC,MWh,true,,D019_H01,18,18,2708,2708
20260811_121452_stage_B_2C_4168a6e9,1.0,19,1,storage,2,SOC,MWh,true,,D019_H01,19,19,2709,2709
20260811_121452_stage_B_2C_4168a6e9,1.0,19,2,wind,1,PW,MW,true,,D019_H02,1,1,2710,2710
20260811_121452_stage_B_2C_4168a6e9,1.0,19,2,wind,2,PW,MW,true,,D019_H02,2,2,2711,2711
20260811_121452_stage_B_2C_4168a6e9,1.0,19,2,wind,3,PW,MW,true,,D019_H02,3,3,2712,2712
20260811_121452_stage_B_2C_4168a6e9,1.0,19,2,wind,4,PW,MW,true,,D019_H02,4,4,2713,2713
20260811_121452_stage_B_2C_4168a6e9,1.0,19,2,wind,5,PW,MW,true,,D019_H02,5,5,2714,2714
20260811_121452_stage_B_2C_4168a6e9,1.0,19,2,hydro,1,PH,MW,true,,D019_H02,6,6,2715,2715
20260811_121452_stage_B_2C_4168a6e9,1.0,19,2,hydro,2,PH,MW,true,,D019_H02,7,7,2716,2716
20260811_121452_stage_B_2C_4168a6e9,1.0,19,2,hydro,3,PH,MW,true,,D019_H02,8,8,2717,2717
20260811_121452_stage_B_2C_4168a6e9,1.0,19,2,hydro,4,PH,MW,true,,D019_H02,9,9,2718,2718
20260811_121452_stage_B_2C_4168a6e9,1.0,19,2,thermal,1,PF,MW,true,,D019_H02,10,10,2719,2719
20260811_121452_stage_B_2C_4168a6e9,1.0,19,2,thermal,2,PF,MW,true,,D019_H02,11,11,2720,2720
20260811_121452_stage_B_2C_4168a6e9,1.0,19,2,thermal,3,PF,MW,true,,D019_H02,12,12,2721,2721
20260811_121452_stage_B_2C_4168a6e9,1.0,19,2,thermal,4,PF,MW,true,,D019_H02,13,13,2722,2722
20260811_121452_stage_B_2C_4168a6e9,1.0,19,2,storage,1,Pch,MW,true,,D019_H02,14,14,2723,2723
20260811_121452_stage_B_2C_4168a6e9,1.0,19,2,storage,2,Pch,MW,true,,D019_H02,15,15,2724,2724
20260811_121452_stage_B_2C_4168a6e9,1.0,19,2,storage,1,Pdis,MW,true,,D019_H02,16,16,2725,2725
20260811_121452_stage_B_2C_4168a6e9,1.0,19,2,storage,2,Pdis,MW,true,,D019_H02,17,17,2726,2726
20260811_121452_stage_B_2C_4168a6e9,1.0,19,2,storage,1,SOC,MWh,true,,D019_H02,18,18,2727,2727
20260811_121452_stage_B_2C_4168a6e9,1.0,19,2,storage,2,SOC,MWh,true,,D019_H02,19,19,2728,2728
20260811_121452_stage_B_2C_4168a6e9,1.0,19,3,wind,1,PW,MW,true,,D019_H03,1,1,2729,2729
20260811_121452_stage_B_2C_4168a6e9,1.0,19,3,wind,2,PW,MW,true,,D019_H03,2,2,2730,2730
20260811_121452_stage_B_2C_4168a6e9,1.0,19,3,wind,3,PW,MW,true,,D019_H03,3,3,2731,2731
20260811_121452_stage_B_2C_4168a6e9,1.0,19,3,wind,4,PW,MW,true,,D019_H03,4,4,2732,2732
20260811_121452_stage_B_2C_4168a6e9,1.0,19,3,wind,5,PW,MW,true,,D019_H03,5,5,2733,2733
20260811_121452_stage_B_2C_4168a6e9,1.0,19,3,hydro,1,PH,MW,true,,D019_H03,6,6,2734,2734
20260811_121452_stage_B_2C_4168a6e9,1.0,19,3,hydro,2,PH,MW,true,,D019_H03,7,7,2735,2735
20260811_121452_stage_B_2C_4168a6e9,1.0,19,3,hydro,3,PH,MW,true,,D019_H03,8,8,2736,2736
20260811_121452_stage_B_2C_4168a6e9,1.0,19,3,hydro,4,PH,MW,true,,D019_H03,9,9,2737,2737
20260811_121452_stage_B_2C_4168a6e9,1.0,19,3,thermal,1,PF,MW,true,,D019_H03,10,10,2738,2738
20260811_121452_stage_B_2C_4168a6e9,1.0,19,3,thermal,2,PF,MW,true,,D019_H03,11,11,2739,2739
20260811_121452_stage_B_2C_4168a6e9,1.0,19,3,thermal,3,PF,MW,true,,D019_H03,12,12,2740,2740
20260811_121452_stage_B_2C_4168a6e9,1.0,19,3,thermal,4,PF,MW,true,,D019_H03,13,13,2741,2741
20260811_121452_stage_B_2C_4168a6e9,1.0,19,3,storage,1,Pch,MW,true,,D019_H03,14,14,2742,2742
20260811_121452_stage_B_2C_4168a6e9,1.0,19,3,storage,2,Pch,MW,true,,D019_H03,15,15,2743,2743
20260811_121452_stage_B_2C_4168a6e9,1.0,19,3,storage,1,Pdis,MW,true,,D019_H03,16,16,2744,2744
20260811_121452_stage_B_2C_4168a6e9,1.0,19,3,storage,2,Pdis,MW,true,,D019_H03,17,17,2745,2745
20260811_121452_stage_B_2C_4168a6e9,1.0,19,3,storage,1,SOC,MWh,true,,D019_H03,18,18,2746,2746
20260811_121452_stage_B_2C_4168a6e9,1.0,19,3,storage,2,SOC,MWh,true,,D019_H03,19,19,2747,2747
20260811_121452_stage_B_2C_4168a6e9,1.0,19,4,wind,1,PW,MW,true,,D019_H04,1,1,2748,2748
20260811_121452_stage_B_2C_4168a6e9,1.0,19,4,wind,2,PW,MW,true,,D019_H04,2,2,2749,2749
20260811_121452_stage_B_2C_4168a6e9,1.0,19,4,wind,3,PW,MW,true,,D019_H04,3,3,2750,2750
20260811_121452_stage_B_2C_4168a6e9,1.0,19,4,wind,4,PW,MW,true,,D019_H04,4,4,2751,2751
20260811_121452_stage_B_2C_4168a6e9,1.0,19,4,wind,5,PW,MW,true,,D019_H04,5,5,2752,2752
20260811_121452_stage_B_2C_4168a6e9,1.0,19,4,hydro,1,PH,MW,true,,D019_H04,6,6,2753,2753
20260811_121452_stage_B_2C_4168a6e9,1.0,19,4,hydro,2,PH,MW,true,,D019_H04,7,7,2754,2754
20260811_121452_stage_B_2C_4168a6e9,1.0,19,4,hydro,3,PH,MW,true,,D019_H04,8,8,2755,2755
20260811_121452_stage_B_2C_4168a6e9,1.0,19,4,hydro,4,PH,MW,true,,D019_H04,9,9,2756,2756
20260811_121452_stage_B_2C_4168a6e9,1.0,19,4,thermal,1,PF,MW,true,,D019_H04,10,10,2757,2757
20260811_121452_stage_B_2C_4168a6e9,1.0,19,4,thermal,2,PF,MW,true,,D019_H04,11,11,2758,2758
20260811_121452_stage_B_2C_4168a6e9,1.0,19,4,thermal,3,PF,MW,true,,D019_H04,12,12,2759,2759
20260811_121452_stage_B_2C_4168a6e9,1.0,19,4,thermal,4,PF,MW,true,,D019_H04,13,13,2760,2760
20260811_121452_stage_B_2C_4168a6e9,1.0,19,4,storage,1,Pch,MW,true,,D019_H04,14,14,2761,2761
20260811_121452_stage_B_2C_4168a6e9,1.0,19,4,storage,2,Pch,MW,true,,D019_H04,15,15,2762,2762
20260811_121452_stage_B_2C_4168a6e9,1.0,19,4,storage,1,Pdis,MW,true,,D019_H04,16,16,2763,2763
20260811_121452_stage_B_2C_4168a6e9,1.0,19,4,storage,2,Pdis,MW,true,,D019_H04,17,17,2764,2764
20260811_121452_stage_B_2C_4168a6e9,1.0,19,4,storage,1,SOC,MWh,true,,D019_H04,18,18,2765,2765
20260811_121452_stage_B_2C_4168a6e9,1.0,19,4,storage,2,SOC,MWh,true,,D019_H04,19,19,2766,2766
20260811_121452_stage_B_2C_4168a6e9,1.0,19,5,wind,1,PW,MW,true,,D019_H05,1,1,2767,2767
20260811_121452_stage_B_2C_4168a6e9,1.0,19,5,wind,2,PW,MW,true,,D019_H05,2,2,2768,2768
20260811_121452_stage_B_2C_4168a6e9,1.0,19,5,wind,3,PW,MW,true,,D019_H05,3,3,2769,2769
20260811_121452_stage_B_2C_4168a6e9,1.0,19,5,wind,4,PW,MW,true,,D019_H05,4,4,2770,2770
20260811_121452_stage_B_2C_4168a6e9,1.0,19,5,wind,5,PW,MW,true,,D019_H05,5,5,2771,2771
20260811_121452_stage_B_2C_4168a6e9,1.0,19,5,hydro,1,PH,MW,true,,D019_H05,6,6,2772,2772
20260811_121452_stage_B_2C_4168a6e9,1.0,19,5,hydro,2,PH,MW,true,,D019_H05,7,7,2773,2773
20260811_121452_stage_B_2C_4168a6e9,1.0,19,5,hydro,3,PH,MW,true,,D019_H05,8,8,2774,2774
20260811_121452_stage_B_2C_4168a6e9,1.0,19,5,hydro,4,PH,MW,true,,D019_H05,9,9,2775,2775
20260811_121452_stage_B_2C_4168a6e9,1.0,19,5,thermal,1,PF,MW,true,,D019_H05,10,10,2776,2776
20260811_121452_stage_B_2C_4168a6e9,1.0,19,5,thermal,2,PF,MW,true,,D019_H05,11,11,2777,2777
20260811_121452_stage_B_2C_4168a6e9,1.0,19,5,thermal,3,PF,MW,true,,D019_H05,12,12,2778,2778
20260811_121452_stage_B_2C_4168a6e9,1.0,19,5,thermal,4,PF,MW,true,,D019_H05,13,13,2779,2779
20260811_121452_stage_B_2C_4168a6e9,1.0,19,5,storage,1,Pch,MW,true,,D019_H05,14,14,2780,2780
20260811_121452_stage_B_2C_4168a6e9,1.0,19,5,storage,2,Pch,MW,true,,D019_H05,15,15,2781,2781
20260811_121452_stage_B_2C_4168a6e9,1.0,19,5,storage,1,Pdis,MW,true,,D019_H05,16,16,2782,2782
20260811_121452_stage_B_2C_4168a6e9,1.0,19,5,storage,2,Pdis,MW,true,,D019_H05,17,17,2783,2783
20260811_121452_stage_B_2C_4168a6e9,1.0,19,5,storage,1,SOC,MWh,true,,D019_H05,18,18,2784,2784
20260811_121452_stage_B_2C_4168a6e9,1.0,19,5,storage,2,SOC,MWh,true,,D019_H05,19,19,2785,2785
20260811_121452_stage_B_2C_4168a6e9,1.0,19,6,wind,1,PW,MW,true,,D019_H06,1,1,2786,2786
20260811_121452_stage_B_2C_4168a6e9,1.0,19,6,wind,2,PW,MW,true,,D019_H06,2,2,2787,2787
20260811_121452_stage_B_2C_4168a6e9,1.0,19,6,wind,3,PW,MW,true,,D019_H06,3,3,2788,2788
20260811_121452_stage_B_2C_4168a6e9,1.0,19,6,wind,4,PW,MW,true,,D019_H06,4,4,2789,2789
20260811_121452_stage_B_2C_4168a6e9,1.0,19,6,wind,5,PW,MW,true,,D019_H06,5,5,2790,2790
20260811_121452_stage_B_2C_4168a6e9,1.0,19,6,hydro,1,PH,MW,true,,D019_H06,6,6,2791,2791
20260811_121452_stage_B_2C_4168a6e9,1.0,19,6,hydro,2,PH,MW,true,,D019_H06,7,7,2792,2792
20260811_121452_stage_B_2C_4168a6e9,1.0,19,6,hydro,3,PH,MW,true,,D019_H06,8,8,2793,2793
20260811_121452_stage_B_2C_4168a6e9,1.0,19,6,hydro,4,PH,MW,true,,D019_H06,9,9,2794,2794
20260811_121452_stage_B_2C_4168a6e9,1.0,19,6,thermal,1,PF,MW,true,,D019_H06,10,10,2795,2795
20260811_121452_stage_B_2C_4168a6e9,1.0,19,6,thermal,2,PF,MW,true,,D019_H06,11,11,2796,2796
20260811_121452_stage_B_2C_4168a6e9,1.0,19,6,thermal,3,PF,MW,true,,D019_H06,12,12,2797,2797
20260811_121452_stage_B_2C_4168a6e9,1.0,19,6,thermal,4,PF,MW,true,,D019_H06,13,13,2798,2798
20260811_121452_stage_B_2C_4168a6e9,1.0,19,6,storage,1,Pch,MW,true,,D019_H06,14,14,2799,2799
20260811_121452_stage_B_2C_4168a6e9,1.0,19,6,storage,2,Pch,MW,true,,D019_H06,15,15,2800,2800
20260811_121452_stage_B_2C_4168a6e9,1.0,19,6,storage,1,Pdis,MW,true,,D019_H06,16,16,2801,2801
20260811_121452_stage_B_2C_4168a6e9,1.0,19,6,storage,2,Pdis,MW,true,,D019_H06,17,17,2802,2802
20260811_121452_stage_B_2C_4168a6e9,1.0,19,6,storage,1,SOC,MWh,true,,D019_H06,18,18,2803,2803
20260811_121452_stage_B_2C_4168a6e9,1.0,19,6,storage,2,SOC,MWh,true,,D019_H06,19,19,2804,2804
20260811_121452_stage_B_2C_4168a6e9,1.0,19,7,wind,1,PW,MW,true,,D019_H07,1,1,2805,2805
20260811_121452_stage_B_2C_4168a6e9,1.0,19,7,wind,2,PW,MW,true,,D019_H07,2,2,2806,2806
20260811_121452_stage_B_2C_4168a6e9,1.0,19,7,wind,3,PW,MW,true,,D019_H07,3,3,2807,2807
20260811_121452_stage_B_2C_4168a6e9,1.0,19,7,wind,4,PW,MW,true,,D019_H07,4,4,2808,2808
20260811_121452_stage_B_2C_4168a6e9,1.0,19,7,wind,5,PW,MW,true,,D019_H07,5,5,2809,2809
20260811_121452_stage_B_2C_4168a6e9,1.0,19,7,hydro,1,PH,MW,true,,D019_H07,6,6,2810,2810
20260811_121452_stage_B_2C_4168a6e9,1.0,19,7,hydro,2,PH,MW,true,,D019_H07,7,7,2811,2811
20260811_121452_stage_B_2C_4168a6e9,1.0,19,7,hydro,3,PH,MW,true,,D019_H07,8,8,2812,2812
20260811_121452_stage_B_2C_4168a6e9,1.0,19,7,hydro,4,PH,MW,true,,D019_H07,9,9,2813,2813
20260811_121452_stage_B_2C_4168a6e9,1.0,19,7,thermal,1,PF,MW,true,,D019_H07,10,10,2814,2814
20260811_121452_stage_B_2C_4168a6e9,1.0,19,7,thermal,2,PF,MW,true,,D019_H07,11,11,2815,2815
20260811_121452_stage_B_2C_4168a6e9,1.0,19,7,thermal,3,PF,MW,true,,D019_H07,12,12,2816,2816
20260811_121452_stage_B_2C_4168a6e9,1.0,19,7,thermal,4,PF,MW,true,,D019_H07,13,13,2817,2817
20260811_121452_stage_B_2C_4168a6e9,1.0,19,7,storage,1,Pch,MW,true,,D019_H07,14,14,2818,2818
20260811_121452_stage_B_2C_4168a6e9,1.0,19,7,storage,2,Pch,MW,true,,D019_H07,15,15,2819,2819
20260811_121452_stage_B_2C_4168a6e9,1.0,19,7,storage,1,Pdis,MW,true,,D019_H07,16,16,2820,2820
20260811_121452_stage_B_2C_4168a6e9,1.0,19,7,storage,2,Pdis,MW,true,,D019_H07,17,17,2821,2821
20260811_121452_stage_B_2C_4168a6e9,1.0,19,7,storage,1,SOC,MWh,true,,D019_H07,18,18,2822,2822
20260811_121452_stage_B_2C_4168a6e9,1.0,19,7,storage,2,SOC,MWh,true,,D019_H07,19,19,2823,2823
20260811_121452_stage_B_2C_4168a6e9,1.0,19,8,wind,1,PW,MW,true,,D019_H08,1,1,2824,2824
20260811_121452_stage_B_2C_4168a6e9,1.0,19,8,wind,2,PW,MW,true,,D019_H08,2,2,2825,2825
20260811_121452_stage_B_2C_4168a6e9,1.0,19,8,wind,3,PW,MW,true,,D019_H08,3,3,2826,2826
20260811_121452_stage_B_2C_4168a6e9,1.0,19,8,wind,4,PW,MW,true,,D019_H08,4,4,2827,2827
20260811_121452_stage_B_2C_4168a6e9,1.0,19,8,wind,5,PW,MW,true,,D019_H08,5,5,2828,2828
20260811_121452_stage_B_2C_4168a6e9,1.0,19,8,solar,1,PP,MW,true,,D019_H08,6,6,2829,2829
20260811_121452_stage_B_2C_4168a6e9,1.0,19,8,solar,2,PP,MW,true,,D019_H08,7,7,2830,2830
20260811_121452_stage_B_2C_4168a6e9,1.0,19,8,solar,3,PP,MW,true,,D019_H08,8,8,2831,2831
20260811_121452_stage_B_2C_4168a6e9,1.0,19,8,solar,4,PP,MW,true,,D019_H08,9,9,2832,2832
20260811_121452_stage_B_2C_4168a6e9,1.0,19,8,solar,5,PP,MW,true,,D019_H08,10,10,2833,2833
20260811_121452_stage_B_2C_4168a6e9,1.0,19,8,hydro,1,PH,MW,true,,D019_H08,11,11,2834,2834
20260811_121452_stage_B_2C_4168a6e9,1.0,19,8,hydro,2,PH,MW,true,,D019_H08,12,12,2835,2835
20260811_121452_stage_B_2C_4168a6e9,1.0,19,8,hydro,3,PH,MW,true,,D019_H08,13,13,2836,2836
20260811_121452_stage_B_2C_4168a6e9,1.0,19,8,hydro,4,PH,MW,true,,D019_H08,14,14,2837,2837
20260811_121452_stage_B_2C_4168a6e9,1.0,19,8,thermal,1,PF,MW,true,,D019_H08,15,15,2838,2838
20260811_121452_stage_B_2C_4168a6e9,1.0,19,8,thermal,2,PF,MW,true,,D019_H08,16,16,2839,2839
20260811_121452_stage_B_2C_4168a6e9,1.0,19,8,thermal,3,PF,MW,true,,D019_H08,17,17,2840,2840
20260811_121452_stage_B_2C_4168a6e9,1.0,19,8,thermal,4,PF,MW,true,,D019_H08,18,18,2841,2841
20260811_121452_stage_B_2C_4168a6e9,1.0,19,8,storage,1,Pch,MW,true,,D019_H08,19,19,2842,2842
20260811_121452_stage_B_2C_4168a6e9,1.0,19,8,storage,2,Pch,MW,true,,D019_H08,20,20,2843,2843
20260811_121452_stage_B_2C_4168a6e9,1.0,19,8,storage,1,Pdis,MW,true,,D019_H08,21,21,2844,2844
20260811_121452_stage_B_2C_4168a6e9,1.0,19,8,storage,2,Pdis,MW,true,,D019_H08,22,22,2845,2845
20260811_121452_stage_B_2C_4168a6e9,1.0,19,8,storage,1,SOC,MWh,true,,D019_H08,23,23,2846,2846
20260811_121452_stage_B_2C_4168a6e9,1.0,19,8,storage,2,SOC,MWh,true,,D019_H08,24,24,2847,2847
20260811_121452_stage_B_2C_4168a6e9,1.0,19,9,wind,1,PW,MW,true,,D019_H09,1,1,2848,2848
20260811_121452_stage_B_2C_4168a6e9,1.0,19,9,wind,2,PW,MW,true,,D019_H09,2,2,2849,2849
20260811_121452_stage_B_2C_4168a6e9,1.0,19,9,wind,3,PW,MW,true,,D019_H09,3,3,2850,2850
20260811_121452_stage_B_2C_4168a6e9,1.0,19,9,wind,4,PW,MW,true,,D019_H09,4,4,2851,2851
20260811_121452_stage_B_2C_4168a6e9,1.0,19,9,wind,5,PW,MW,true,,D019_H09,5,5,2852,2852
20260811_121452_stage_B_2C_4168a6e9,1.0,19,9,solar,1,PP,MW,true,,D019_H09,6,6,2853,2853
20260811_121452_stage_B_2C_4168a6e9,1.0,19,9,solar,2,PP,MW,true,,D019_H09,7,7,2854,2854
20260811_121452_stage_B_2C_4168a6e9,1.0,19,9,solar,3,PP,MW,true,,D019_H09,8,8,2855,2855
20260811_121452_stage_B_2C_4168a6e9,1.0,19,9,solar,4,PP,MW,true,,D019_H09,9,9,2856,2856
20260811_121452_stage_B_2C_4168a6e9,1.0,19,9,solar,5,PP,MW,true,,D019_H09,10,10,2857,2857
20260811_121452_stage_B_2C_4168a6e9,1.0,19,9,hydro,1,PH,MW,true,,D019_H09,11,11,2858,2858
20260811_121452_stage_B_2C_4168a6e9,1.0,19,9,hydro,2,PH,MW,true,,D019_H09,12,12,2859,2859
20260811_121452_stage_B_2C_4168a6e9,1.0,19,9,hydro,3,PH,MW,true,,D019_H09,13,13,2860,2860
20260811_121452_stage_B_2C_4168a6e9,1.0,19,9,hydro,4,PH,MW,true,,D019_H09,14,14,2861,2861
20260811_121452_stage_B_2C_4168a6e9,1.0,19,9,thermal,1,PF,MW,true,,D019_H09,15,15,2862,2862
20260811_121452_stage_B_2C_4168a6e9,1.0,19,9,thermal,2,PF,MW,true,,D019_H09,16,16,2863,2863
20260811_121452_stage_B_2C_4168a6e9,1.0,19,9,thermal,3,PF,MW,true,,D019_H09,17,17,2864,2864
20260811_121452_stage_B_2C_4168a6e9,1.0,19,9,thermal,4,PF,MW,true,,D019_H09,18,18,2865,2865
20260811_121452_stage_B_2C_4168a6e9,1.0,19,9,storage,1,Pch,MW,true,,D019_H09,19,19,2866,2866
20260811_121452_stage_B_2C_4168a6e9,1.0,19,9,storage,2,Pch,MW,true,,D019_H09,20,20,2867,2867
20260811_121452_stage_B_2C_4168a6e9,1.0,19,9,storage,1,Pdis,MW,true,,D019_H09,21,21,2868,2868
20260811_121452_stage_B_2C_4168a6e9,1.0,19,9,storage,2,Pdis,MW,true,,D019_H09,22,22,2869,2869
20260811_121452_stage_B_2C_4168a6e9,1.0,19,9,storage,1,SOC,MWh,true,,D019_H09,23,23,2870,2870
20260811_121452_stage_B_2C_4168a6e9,1.0,19,9,storage,2,SOC,MWh,true,,D019_H09,24,24,2871,2871
20260811_121452_stage_B_2C_4168a6e9,1.0,19,10,wind,1,PW,MW,true,,D019_H10,1,1,2872,2872
20260811_121452_stage_B_2C_4168a6e9,1.0,19,10,wind,2,PW,MW,true,,D019_H10,2,2,2873,2873
20260811_121452_stage_B_2C_4168a6e9,1.0,19,10,wind,3,PW,MW,true,,D019_H10,3,3,2874,2874
20260811_121452_stage_B_2C_4168a6e9,1.0,19,10,wind,4,PW,MW,true,,D019_H10,4,4,2875,2875
20260811_121452_stage_B_2C_4168a6e9,1.0,19,10,wind,5,PW,MW,true,,D019_H10,5,5,2876,2876
20260811_121452_stage_B_2C_4168a6e9,1.0,19,10,solar,1,PP,MW,true,,D019_H10,6,6,2877,2877
20260811_121452_stage_B_2C_4168a6e9,1.0,19,10,solar,2,PP,MW,true,,D019_H10,7,7,2878,2878
20260811_121452_stage_B_2C_4168a6e9,1.0,19,10,solar,3,PP,MW,true,,D019_H10,8,8,2879,2879
20260811_121452_stage_B_2C_4168a6e9,1.0,19,10,solar,4,PP,MW,true,,D019_H10,9,9,2880,2880
20260811_121452_stage_B_2C_4168a6e9,1.0,19,10,solar,5,PP,MW,true,,D019_H10,10,10,2881,2881
20260811_121452_stage_B_2C_4168a6e9,1.0,19,10,hydro,1,PH,MW,true,,D019_H10,11,11,2882,2882
20260811_121452_stage_B_2C_4168a6e9,1.0,19,10,hydro,2,PH,MW,true,,D019_H10,12,12,2883,2883
20260811_121452_stage_B_2C_4168a6e9,1.0,19,10,hydro,3,PH,MW,true,,D019_H10,13,13,2884,2884
20260811_121452_stage_B_2C_4168a6e9,1.0,19,10,hydro,4,PH,MW,true,,D019_H10,14,14,2885,2885
20260811_121452_stage_B_2C_4168a6e9,1.0,19,10,thermal,1,PF,MW,true,,D019_H10,15,15,2886,2886
20260811_121452_stage_B_2C_4168a6e9,1.0,19,10,thermal,2,PF,MW,true,,D019_H10,16,16,2887,2887
20260811_121452_stage_B_2C_4168a6e9,1.0,19,10,thermal,3,PF,MW,true,,D019_H10,17,17,2888,2888
20260811_121452_stage_B_2C_4168a6e9,1.0,19,10,thermal,4,PF,MW,true,,D019_H10,18,18,2889,2889
20260811_121452_stage_B_2C_4168a6e9,1.0,19,10,storage,1,Pch,MW,true,,D019_H10,19,19,2890,2890
20260811_121452_stage_B_2C_4168a6e9,1.0,19,10,storage,2,Pch,MW,true,,D019_H10,20,20,2891,2891
20260811_121452_stage_B_2C_4168a6e9,1.0,19,10,storage,1,Pdis,MW,true,,D019_H10,21,21,2892,2892
20260811_121452_stage_B_2C_4168a6e9,1.0,19,10,storage,2,Pdis,MW,true,,D019_H10,22,22,2893,2893
20260811_121452_stage_B_2C_4168a6e9,1.0,19,10,storage,1,SOC,MWh,true,,D019_H10,23,23,2894,2894
20260811_121452_stage_B_2C_4168a6e9,1.0,19,10,storage,2,SOC,MWh,true,,D019_H10,24,24,2895,2895
20260811_121452_stage_B_2C_4168a6e9,1.0,19,11,wind,1,PW,MW,true,,D019_H11,1,1,2896,2896
20260811_121452_stage_B_2C_4168a6e9,1.0,19,11,wind,2,PW,MW,true,,D019_H11,2,2,2897,2897
20260811_121452_stage_B_2C_4168a6e9,1.0,19,11,wind,3,PW,MW,true,,D019_H11,3,3,2898,2898
20260811_121452_stage_B_2C_4168a6e9,1.0,19,11,wind,4,PW,MW,true,,D019_H11,4,4,2899,2899
20260811_121452_stage_B_2C_4168a6e9,1.0,19,11,wind,5,PW,MW,true,,D019_H11,5,5,2900,2900
20260811_121452_stage_B_2C_4168a6e9,1.0,19,11,solar,1,PP,MW,true,,D019_H11,6,6,2901,2901
20260811_121452_stage_B_2C_4168a6e9,1.0,19,11,solar,2,PP,MW,true,,D019_H11,7,7,2902,2902
20260811_121452_stage_B_2C_4168a6e9,1.0,19,11,solar,3,PP,MW,true,,D019_H11,8,8,2903,2903
20260811_121452_stage_B_2C_4168a6e9,1.0,19,11,solar,4,PP,MW,true,,D019_H11,9,9,2904,2904
20260811_121452_stage_B_2C_4168a6e9,1.0,19,11,solar,5,PP,MW,true,,D019_H11,10,10,2905,2905
20260811_121452_stage_B_2C_4168a6e9,1.0,19,11,hydro,1,PH,MW,true,,D019_H11,11,11,2906,2906
20260811_121452_stage_B_2C_4168a6e9,1.0,19,11,hydro,2,PH,MW,true,,D019_H11,12,12,2907,2907
20260811_121452_stage_B_2C_4168a6e9,1.0,19,11,hydro,3,PH,MW,true,,D019_H11,13,13,2908,2908
20260811_121452_stage_B_2C_4168a6e9,1.0,19,11,hydro,4,PH,MW,true,,D019_H11,14,14,2909,2909
20260811_121452_stage_B_2C_4168a6e9,1.0,19,11,thermal,1,PF,MW,true,,D019_H11,15,15,2910,2910
20260811_121452_stage_B_2C_4168a6e9,1.0,19,11,thermal,2,PF,MW,true,,D019_H11,16,16,2911,2911
20260811_121452_stage_B_2C_4168a6e9,1.0,19,11,thermal,3,PF,MW,true,,D019_H11,17,17,2912,2912
20260811_121452_stage_B_2C_4168a6e9,1.0,19,11,thermal,4,PF,MW,true,,D019_H11,18,18,2913,2913
20260811_121452_stage_B_2C_4168a6e9,1.0,19,11,storage,1,Pch,MW,true,,D019_H11,19,19,2914,2914
20260811_121452_stage_B_2C_4168a6e9,1.0,19,11,storage,2,Pch,MW,true,,D019_H11,20,20,2915,2915
20260811_121452_stage_B_2C_4168a6e9,1.0,19,11,storage,1,Pdis,MW,true,,D019_H11,21,21,2916,2916
20260811_121452_stage_B_2C_4168a6e9,1.0,19,11,storage,2,Pdis,MW,true,,D019_H11,22,22,2917,2917
20260811_121452_stage_B_2C_4168a6e9,1.0,19,11,storage,1,SOC,MWh,true,,D019_H11,23,23,2918,2918
20260811_121452_stage_B_2C_4168a6e9,1.0,19,11,storage,2,SOC,MWh,true,,D019_H11,24,24,2919,2919
20260811_121452_stage_B_2C_4168a6e9,1.0,19,12,wind,1,PW,MW,true,,D019_H12,1,1,2920,2920
20260811_121452_stage_B_2C_4168a6e9,1.0,19,12,wind,2,PW,MW,true,,D019_H12,2,2,2921,2921
20260811_121452_stage_B_2C_4168a6e9,1.0,19,12,wind,3,PW,MW,true,,D019_H12,3,3,2922,2922
20260811_121452_stage_B_2C_4168a6e9,1.0,19,12,wind,4,PW,MW,true,,D019_H12,4,4,2923,2923
20260811_121452_stage_B_2C_4168a6e9,1.0,19,12,wind,5,PW,MW,true,,D019_H12,5,5,2924,2924
20260811_121452_stage_B_2C_4168a6e9,1.0,19,12,solar,1,PP,MW,true,,D019_H12,6,6,2925,2925
20260811_121452_stage_B_2C_4168a6e9,1.0,19,12,solar,2,PP,MW,true,,D019_H12,7,7,2926,2926
20260811_121452_stage_B_2C_4168a6e9,1.0,19,12,solar,3,PP,MW,true,,D019_H12,8,8,2927,2927
20260811_121452_stage_B_2C_4168a6e9,1.0,19,12,solar,4,PP,MW,true,,D019_H12,9,9,2928,2928
20260811_121452_stage_B_2C_4168a6e9,1.0,19,12,solar,5,PP,MW,true,,D019_H12,10,10,2929,2929
20260811_121452_stage_B_2C_4168a6e9,1.0,19,12,hydro,1,PH,MW,true,,D019_H12,11,11,2930,2930
20260811_121452_stage_B_2C_4168a6e9,1.0,19,12,hydro,2,PH,MW,true,,D019_H12,12,12,2931,2931
20260811_121452_stage_B_2C_4168a6e9,1.0,19,12,hydro,3,PH,MW,true,,D019_H12,13,13,2932,2932
20260811_121452_stage_B_2C_4168a6e9,1.0,19,12,hydro,4,PH,MW,true,,D019_H12,14,14,2933,2933
20260811_121452_stage_B_2C_4168a6e9,1.0,19,12,thermal,1,PF,MW,true,,D019_H12,15,15,2934,2934
20260811_121452_stage_B_2C_4168a6e9,1.0,19,12,thermal,2,PF,MW,true,,D019_H12,16,16,2935,2935
20260811_121452_stage_B_2C_4168a6e9,1.0,19,12,thermal,3,PF,MW,true,,D019_H12,17,17,2936,2936
20260811_121452_stage_B_2C_4168a6e9,1.0,19,12,thermal,4,PF,MW,true,,D019_H12,18,18,2937,2937
20260811_121452_stage_B_2C_4168a6e9,1.0,19,12,storage,1,Pch,MW,true,,D019_H12,19,19,2938,2938
20260811_121452_stage_B_2C_4168a6e9,1.0,19,12,storage,2,Pch,MW,true,,D019_H12,20,20,2939,2939
20260811_121452_stage_B_2C_4168a6e9,1.0,19,12,storage,1,Pdis,MW,true,,D019_H12,21,21,2940,2940
20260811_121452_stage_B_2C_4168a6e9,1.0,19,12,storage,2,Pdis,MW,true,,D019_H12,22,22,2941,2941
20260811_121452_stage_B_2C_4168a6e9,1.0,19,12,storage,1,SOC,MWh,true,,D019_H12,23,23,2942,2942
20260811_121452_stage_B_2C_4168a6e9,1.0,19,12,storage,2,SOC,MWh,true,,D019_H12,24,24,2943,2943
20260811_121452_stage_B_2C_4168a6e9,1.0,19,13,wind,1,PW,MW,true,,D019_H13,1,1,2944,2944
20260811_121452_stage_B_2C_4168a6e9,1.0,19,13,wind,2,PW,MW,true,,D019_H13,2,2,2945,2945
20260811_121452_stage_B_2C_4168a6e9,1.0,19,13,wind,3,PW,MW,true,,D019_H13,3,3,2946,2946
20260811_121452_stage_B_2C_4168a6e9,1.0,19,13,wind,4,PW,MW,true,,D019_H13,4,4,2947,2947
20260811_121452_stage_B_2C_4168a6e9,1.0,19,13,wind,5,PW,MW,true,,D019_H13,5,5,2948,2948
20260811_121452_stage_B_2C_4168a6e9,1.0,19,13,solar,1,PP,MW,true,,D019_H13,6,6,2949,2949
20260811_121452_stage_B_2C_4168a6e9,1.0,19,13,solar,2,PP,MW,true,,D019_H13,7,7,2950,2950
20260811_121452_stage_B_2C_4168a6e9,1.0,19,13,solar,3,PP,MW,true,,D019_H13,8,8,2951,2951
20260811_121452_stage_B_2C_4168a6e9,1.0,19,13,solar,4,PP,MW,true,,D019_H13,9,9,2952,2952
20260811_121452_stage_B_2C_4168a6e9,1.0,19,13,solar,5,PP,MW,true,,D019_H13,10,10,2953,2953
20260811_121452_stage_B_2C_4168a6e9,1.0,19,13,hydro,1,PH,MW,true,,D019_H13,11,11,2954,2954
20260811_121452_stage_B_2C_4168a6e9,1.0,19,13,hydro,2,PH,MW,true,,D019_H13,12,12,2955,2955
20260811_121452_stage_B_2C_4168a6e9,1.0,19,13,hydro,3,PH,MW,true,,D019_H13,13,13,2956,2956
20260811_121452_stage_B_2C_4168a6e9,1.0,19,13,hydro,4,PH,MW,true,,D019_H13,14,14,2957,2957
20260811_121452_stage_B_2C_4168a6e9,1.0,19,13,thermal,1,PF,MW,true,,D019_H13,15,15,2958,2958
20260811_121452_stage_B_2C_4168a6e9,1.0,19,13,thermal,2,PF,MW,true,,D019_H13,16,16,2959,2959
20260811_121452_stage_B_2C_4168a6e9,1.0,19,13,thermal,3,PF,MW,true,,D019_H13,17,17,2960,2960
20260811_121452_stage_B_2C_4168a6e9,1.0,19,13,thermal,4,PF,MW,true,,D019_H13,18,18,2961,2961
20260811_121452_stage_B_2C_4168a6e9,1.0,19,13,storage,1,Pch,MW,true,,D019_H13,19,19,2962,2962
20260811_121452_stage_B_2C_4168a6e9,1.0,19,13,storage,2,Pch,MW,true,,D019_H13,20,20,2963,2963
20260811_121452_stage_B_2C_4168a6e9,1.0,19,13,storage,1,Pdis,MW,true,,D019_H13,21,21,2964,2964
20260811_121452_stage_B_2C_4168a6e9,1.0,19,13,storage,2,Pdis,MW,true,,D019_H13,22,22,2965,2965
20260811_121452_stage_B_2C_4168a6e9,1.0,19,13,storage,1,SOC,MWh,true,,D019_H13,23,23,2966,2966
20260811_121452_stage_B_2C_4168a6e9,1.0,19,13,storage,2,SOC,MWh,true,,D019_H13,24,24,2967,2967
20260811_121452_stage_B_2C_4168a6e9,1.0,19,14,wind,1,PW,MW,true,,D019_H14,1,1,2968,2968
20260811_121452_stage_B_2C_4168a6e9,1.0,19,14,wind,2,PW,MW,true,,D019_H14,2,2,2969,2969
20260811_121452_stage_B_2C_4168a6e9,1.0,19,14,wind,3,PW,MW,true,,D019_H14,3,3,2970,2970
20260811_121452_stage_B_2C_4168a6e9,1.0,19,14,wind,4,PW,MW,true,,D019_H14,4,4,2971,2971
20260811_121452_stage_B_2C_4168a6e9,1.0,19,14,wind,5,PW,MW,true,,D019_H14,5,5,2972,2972
20260811_121452_stage_B_2C_4168a6e9,1.0,19,14,solar,1,PP,MW,true,,D019_H14,6,6,2973,2973
20260811_121452_stage_B_2C_4168a6e9,1.0,19,14,solar,2,PP,MW,true,,D019_H14,7,7,2974,2974
20260811_121452_stage_B_2C_4168a6e9,1.0,19,14,solar,3,PP,MW,true,,D019_H14,8,8,2975,2975
20260811_121452_stage_B_2C_4168a6e9,1.0,19,14,solar,4,PP,MW,true,,D019_H14,9,9,2976,2976
20260811_121452_stage_B_2C_4168a6e9,1.0,19,14,solar,5,PP,MW,true,,D019_H14,10,10,2977,2977
20260811_121452_stage_B_2C_4168a6e9,1.0,19,14,hydro,1,PH,MW,true,,D019_H14,11,11,2978,2978
20260811_121452_stage_B_2C_4168a6e9,1.0,19,14,hydro,2,PH,MW,true,,D019_H14,12,12,2979,2979
20260811_121452_stage_B_2C_4168a6e9,1.0,19,14,hydro,3,PH,MW,true,,D019_H14,13,13,2980,2980
20260811_121452_stage_B_2C_4168a6e9,1.0,19,14,hydro,4,PH,MW,true,,D019_H14,14,14,2981,2981
20260811_121452_stage_B_2C_4168a6e9,1.0,19,14,thermal,1,PF,MW,true,,D019_H14,15,15,2982,2982
20260811_121452_stage_B_2C_4168a6e9,1.0,19,14,thermal,2,PF,MW,true,,D019_H14,16,16,2983,2983
20260811_121452_stage_B_2C_4168a6e9,1.0,19,14,thermal,3,PF,MW,true,,D019_H14,17,17,2984,2984
20260811_121452_stage_B_2C_4168a6e9,1.0,19,14,thermal,4,PF,MW,true,,D019_H14,18,18,2985,2985
20260811_121452_stage_B_2C_4168a6e9,1.0,19,14,storage,1,Pch,MW,true,,D019_H14,19,19,2986,2986
20260811_121452_stage_B_2C_4168a6e9,1.0,19,14,storage,2,Pch,MW,true,,D019_H14,20,20,2987,2987
20260811_121452_stage_B_2C_4168a6e9,1.0,19,14,storage,1,Pdis,MW,true,,D019_H14,21,21,2988,2988
20260811_121452_stage_B_2C_4168a6e9,1.0,19,14,storage,2,Pdis,MW,true,,D019_H14,22,22,2989,2989
20260811_121452_stage_B_2C_4168a6e9,1.0,19,14,storage,1,SOC,MWh,true,,D019_H14,23,23,2990,2990
20260811_121452_stage_B_2C_4168a6e9,1.0,19,14,storage,2,SOC,MWh,true,,D019_H14,24,24,2991,2991
20260811_121452_stage_B_2C_4168a6e9,1.0,19,15,wind,1,PW,MW,true,,D019_H15,1,1,2992,2992
20260811_121452_stage_B_2C_4168a6e9,1.0,19,15,wind,2,PW,MW,true,,D019_H15,2,2,2993,2993
20260811_121452_stage_B_2C_4168a6e9,1.0,19,15,wind,3,PW,MW,true,,D019_H15,3,3,2994,2994
20260811_121452_stage_B_2C_4168a6e9,1.0,19,15,wind,4,PW,MW,true,,D019_H15,4,4,2995,2995
20260811_121452_stage_B_2C_4168a6e9,1.0,19,15,wind,5,PW,MW,true,,D019_H15,5,5,2996,2996
20260811_121452_stage_B_2C_4168a6e9,1.0,19,15,solar,1,PP,MW,true,,D019_H15,6,6,2997,2997
20260811_121452_stage_B_2C_4168a6e9,1.0,19,15,solar,2,PP,MW,true,,D019_H15,7,7,2998,2998
20260811_121452_stage_B_2C_4168a6e9,1.0,19,15,solar,3,PP,MW,true,,D019_H15,8,8,2999,2999
20260811_121452_stage_B_2C_4168a6e9,1.0,19,15,solar,4,PP,MW,true,,D019_H15,9,9,3000,3000
20260811_121452_stage_B_2C_4168a6e9,1.0,19,15,solar,5,PP,MW,true,,D019_H15,10,10,3001,3001
20260811_121452_stage_B_2C_4168a6e9,1.0,19,15,hydro,1,PH,MW,true,,D019_H15,11,11,3002,3002
20260811_121452_stage_B_2C_4168a6e9,1.0,19,15,hydro,2,PH,MW,true,,D019_H15,12,12,3003,3003
20260811_121452_stage_B_2C_4168a6e9,1.0,19,15,hydro,3,PH,MW,true,,D019_H15,13,13,3004,3004
20260811_121452_stage_B_2C_4168a6e9,1.0,19,15,hydro,4,PH,MW,true,,D019_H15,14,14,3005,3005
20260811_121452_stage_B_2C_4168a6e9,1.0,19,15,thermal,1,PF,MW,true,,D019_H15,15,15,3006,3006
20260811_121452_stage_B_2C_4168a6e9,1.0,19,15,thermal,2,PF,MW,true,,D019_H15,16,16,3007,3007
20260811_121452_stage_B_2C_4168a6e9,1.0,19,15,thermal,3,PF,MW,true,,D019_H15,17,17,3008,3008
20260811_121452_stage_B_2C_4168a6e9,1.0,19,15,thermal,4,PF,MW,true,,D019_H15,18,18,3009,3009
20260811_121452_stage_B_2C_4168a6e9,1.0,19,15,storage,1,Pch,MW,true,,D019_H15,19,19,3010,3010
20260811_121452_stage_B_2C_4168a6e9,1.0,19,15,storage,2,Pch,MW,true,,D019_H15,20,20,3011,3011
20260811_121452_stage_B_2C_4168a6e9,1.0,19,15,storage,1,Pdis,MW,true,,D019_H15,21,21,3012,3012
20260811_121452_stage_B_2C_4168a6e9,1.0,19,15,storage,2,Pdis,MW,true,,D019_H15,22,22,3013,3013
20260811_121452_stage_B_2C_4168a6e9,1.0,19,15,storage,1,SOC,MWh,true,,D019_H15,23,23,3014,3014
20260811_121452_stage_B_2C_4168a6e9,1.0,19,15,storage,2,SOC,MWh,true,,D019_H15,24,24,3015,3015
20260811_121452_stage_B_2C_4168a6e9,1.0,19,16,wind,1,PW,MW,true,,D019_H16,1,1,3016,3016
20260811_121452_stage_B_2C_4168a6e9,1.0,19,16,wind,2,PW,MW,true,,D019_H16,2,2,3017,3017
20260811_121452_stage_B_2C_4168a6e9,1.0,19,16,wind,3,PW,MW,true,,D019_H16,3,3,3018,3018
20260811_121452_stage_B_2C_4168a6e9,1.0,19,16,wind,4,PW,MW,true,,D019_H16,4,4,3019,3019
20260811_121452_stage_B_2C_4168a6e9,1.0,19,16,wind,5,PW,MW,true,,D019_H16,5,5,3020,3020
20260811_121452_stage_B_2C_4168a6e9,1.0,19,16,solar,1,PP,MW,true,,D019_H16,6,6,3021,3021
20260811_121452_stage_B_2C_4168a6e9,1.0,19,16,solar,2,PP,MW,true,,D019_H16,7,7,3022,3022
20260811_121452_stage_B_2C_4168a6e9,1.0,19,16,solar,3,PP,MW,true,,D019_H16,8,8,3023,3023
20260811_121452_stage_B_2C_4168a6e9,1.0,19,16,solar,4,PP,MW,true,,D019_H16,9,9,3024,3024
20260811_121452_stage_B_2C_4168a6e9,1.0,19,16,solar,5,PP,MW,true,,D019_H16,10,10,3025,3025
20260811_121452_stage_B_2C_4168a6e9,1.0,19,16,hydro,1,PH,MW,true,,D019_H16,11,11,3026,3026
20260811_121452_stage_B_2C_4168a6e9,1.0,19,16,hydro,2,PH,MW,true,,D019_H16,12,12,3027,3027
20260811_121452_stage_B_2C_4168a6e9,1.0,19,16,hydro,3,PH,MW,true,,D019_H16,13,13,3028,3028
20260811_121452_stage_B_2C_4168a6e9,1.0,19,16,hydro,4,PH,MW,true,,D019_H16,14,14,3029,3029
20260811_121452_stage_B_2C_4168a6e9,1.0,19,16,thermal,1,PF,MW,true,,D019_H16,15,15,3030,3030
20260811_121452_stage_B_2C_4168a6e9,1.0,19,16,thermal,2,PF,MW,true,,D019_H16,16,16,3031,3031
20260811_121452_stage_B_2C_4168a6e9,1.0,19,16,thermal,3,PF,MW,true,,D019_H16,17,17,3032,3032
20260811_121452_stage_B_2C_4168a6e9,1.0,19,16,thermal,4,PF,MW,true,,D019_H16,18,18,3033,3033
20260811_121452_stage_B_2C_4168a6e9,1.0,19,16,storage,1,Pch,MW,true,,D019_H16,19,19,3034,3034
20260811_121452_stage_B_2C_4168a6e9,1.0,19,16,storage,2,Pch,MW,true,,D019_H16,20,20,3035,3035
20260811_121452_stage_B_2C_4168a6e9,1.0,19,16,storage,1,Pdis,MW,true,,D019_H16,21,21,3036,3036
20260811_121452_stage_B_2C_4168a6e9,1.0,19,16,storage,2,Pdis,MW,true,,D019_H16,22,22,3037,3037
20260811_121452_stage_B_2C_4168a6e9,1.0,19,16,storage,1,SOC,MWh,true,,D019_H16,23,23,3038,3038
20260811_121452_stage_B_2C_4168a6e9,1.0,19,16,storage,2,SOC,MWh,true,,D019_H16,24,24,3039,3039
20260811_121452_stage_B_2C_4168a6e9,1.0,19,17,wind,1,PW,MW,true,,D019_H17,1,1,3040,3040
20260811_121452_stage_B_2C_4168a6e9,1.0,19,17,wind,2,PW,MW,true,,D019_H17,2,2,3041,3041
20260811_121452_stage_B_2C_4168a6e9,1.0,19,17,wind,3,PW,MW,true,,D019_H17,3,3,3042,3042
20260811_121452_stage_B_2C_4168a6e9,1.0,19,17,wind,4,PW,MW,true,,D019_H17,4,4,3043,3043
20260811_121452_stage_B_2C_4168a6e9,1.0,19,17,wind,5,PW,MW,true,,D019_H17,5,5,3044,3044
20260811_121452_stage_B_2C_4168a6e9,1.0,19,17,solar,1,PP,MW,true,,D019_H17,6,6,3045,3045
20260811_121452_stage_B_2C_4168a6e9,1.0,19,17,solar,2,PP,MW,true,,D019_H17,7,7,3046,3046
20260811_121452_stage_B_2C_4168a6e9,1.0,19,17,solar,3,PP,MW,true,,D019_H17,8,8,3047,3047
20260811_121452_stage_B_2C_4168a6e9,1.0,19,17,solar,4,PP,MW,true,,D019_H17,9,9,3048,3048
20260811_121452_stage_B_2C_4168a6e9,1.0,19,17,solar,5,PP,MW,true,,D019_H17,10,10,3049,3049
20260811_121452_stage_B_2C_4168a6e9,1.0,19,17,hydro,1,PH,MW,true,,D019_H17,11,11,3050,3050
20260811_121452_stage_B_2C_4168a6e9,1.0,19,17,hydro,2,PH,MW,true,,D019_H17,12,12,3051,3051
20260811_121452_stage_B_2C_4168a6e9,1.0,19,17,hydro,3,PH,MW,true,,D019_H17,13,13,3052,3052
20260811_121452_stage_B_2C_4168a6e9,1.0,19,17,hydro,4,PH,MW,true,,D019_H17,14,14,3053,3053
20260811_121452_stage_B_2C_4168a6e9,1.0,19,17,thermal,1,PF,MW,true,,D019_H17,15,15,3054,3054
20260811_121452_stage_B_2C_4168a6e9,1.0,19,17,thermal,2,PF,MW,true,,D019_H17,16,16,3055,3055
20260811_121452_stage_B_2C_4168a6e9,1.0,19,17,thermal,3,PF,MW,true,,D019_H17,17,17,3056,3056
20260811_121452_stage_B_2C_4168a6e9,1.0,19,17,thermal,4,PF,MW,true,,D019_H17,18,18,3057,3057
20260811_121452_stage_B_2C_4168a6e9,1.0,19,17,storage,1,Pch,MW,true,,D019_H17,19,19,3058,3058
20260811_121452_stage_B_2C_4168a6e9,1.0,19,17,storage,2,Pch,MW,true,,D019_H17,20,20,3059,3059
20260811_121452_stage_B_2C_4168a6e9,1.0,19,17,storage,1,Pdis,MW,true,,D019_H17,21,21,3060,3060
20260811_121452_stage_B_2C_4168a6e9,1.0,19,17,storage,2,Pdis,MW,true,,D019_H17,22,22,3061,3061
20260811_121452_stage_B_2C_4168a6e9,1.0,19,17,storage,1,SOC,MWh,true,,D019_H17,23,23,3062,3062
20260811_121452_stage_B_2C_4168a6e9,1.0,19,17,storage,2,SOC,MWh,true,,D019_H17,24,24,3063,3063
20260811_121452_stage_B_2C_4168a6e9,1.0,19,18,wind,1,PW,MW,true,,D019_H18,1,1,3064,3064
20260811_121452_stage_B_2C_4168a6e9,1.0,19,18,wind,2,PW,MW,true,,D019_H18,2,2,3065,3065
20260811_121452_stage_B_2C_4168a6e9,1.0,19,18,wind,3,PW,MW,true,,D019_H18,3,3,3066,3066
20260811_121452_stage_B_2C_4168a6e9,1.0,19,18,wind,4,PW,MW,true,,D019_H18,4,4,3067,3067
20260811_121452_stage_B_2C_4168a6e9,1.0,19,18,wind,5,PW,MW,true,,D019_H18,5,5,3068,3068
20260811_121452_stage_B_2C_4168a6e9,1.0,19,18,solar,1,PP,MW,true,,D019_H18,6,6,3069,3069
20260811_121452_stage_B_2C_4168a6e9,1.0,19,18,solar,2,PP,MW,true,,D019_H18,7,7,3070,3070
20260811_121452_stage_B_2C_4168a6e9,1.0,19,18,solar,3,PP,MW,true,,D019_H18,8,8,3071,3071
20260811_121452_stage_B_2C_4168a6e9,1.0,19,18,solar,4,PP,MW,true,,D019_H18,9,9,3072,3072
20260811_121452_stage_B_2C_4168a6e9,1.0,19,18,solar,5,PP,MW,true,,D019_H18,10,10,3073,3073
20260811_121452_stage_B_2C_4168a6e9,1.0,19,18,hydro,1,PH,MW,true,,D019_H18,11,11,3074,3074
20260811_121452_stage_B_2C_4168a6e9,1.0,19,18,hydro,2,PH,MW,true,,D019_H18,12,12,3075,3075
20260811_121452_stage_B_2C_4168a6e9,1.0,19,18,hydro,3,PH,MW,true,,D019_H18,13,13,3076,3076
20260811_121452_stage_B_2C_4168a6e9,1.0,19,18,hydro,4,PH,MW,true,,D019_H18,14,14,3077,3077
20260811_121452_stage_B_2C_4168a6e9,1.0,19,18,thermal,1,PF,MW,true,,D019_H18,15,15,3078,3078
20260811_121452_stage_B_2C_4168a6e9,1.0,19,18,thermal,2,PF,MW,true,,D019_H18,16,16,3079,3079
20260811_121452_stage_B_2C_4168a6e9,1.0,19,18,thermal,3,PF,MW,true,,D019_H18,17,17,3080,3080
20260811_121452_stage_B_2C_4168a6e9,1.0,19,18,thermal,4,PF,MW,true,,D019_H18,18,18,3081,3081
20260811_121452_stage_B_2C_4168a6e9,1.0,19,18,storage,1,Pch,MW,true,,D019_H18,19,19,3082,3082
20260811_121452_stage_B_2C_4168a6e9,1.0,19,18,storage,2,Pch,MW,true,,D019_H18,20,20,3083,3083
20260811_121452_stage_B_2C_4168a6e9,1.0,19,18,storage,1,Pdis,MW,true,,D019_H18,21,21,3084,3084
20260811_121452_stage_B_2C_4168a6e9,1.0,19,18,storage,2,Pdis,MW,true,,D019_H18,22,22,3085,3085
20260811_121452_stage_B_2C_4168a6e9,1.0,19,18,storage,1,SOC,MWh,true,,D019_H18,23,23,3086,3086
20260811_121452_stage_B_2C_4168a6e9,1.0,19,18,storage,2,SOC,MWh,true,,D019_H18,24,24,3087,3087
20260811_121452_stage_B_2C_4168a6e9,1.0,19,19,wind,1,PW,MW,true,,D019_H19,1,1,3088,3088
20260811_121452_stage_B_2C_4168a6e9,1.0,19,19,wind,2,PW,MW,true,,D019_H19,2,2,3089,3089
20260811_121452_stage_B_2C_4168a6e9,1.0,19,19,wind,3,PW,MW,true,,D019_H19,3,3,3090,3090
20260811_121452_stage_B_2C_4168a6e9,1.0,19,19,wind,4,PW,MW,true,,D019_H19,4,4,3091,3091
20260811_121452_stage_B_2C_4168a6e9,1.0,19,19,wind,5,PW,MW,true,,D019_H19,5,5,3092,3092
20260811_121452_stage_B_2C_4168a6e9,1.0,19,19,solar,1,PP,MW,true,,D019_H19,6,6,3093,3093
20260811_121452_stage_B_2C_4168a6e9,1.0,19,19,solar,2,PP,MW,true,,D019_H19,7,7,3094,3094
20260811_121452_stage_B_2C_4168a6e9,1.0,19,19,solar,3,PP,MW,true,,D019_H19,8,8,3095,3095
20260811_121452_stage_B_2C_4168a6e9,1.0,19,19,solar,4,PP,MW,true,,D019_H19,9,9,3096,3096
20260811_121452_stage_B_2C_4168a6e9,1.0,19,19,solar,5,PP,MW,true,,D019_H19,10,10,3097,3097
20260811_121452_stage_B_2C_4168a6e9,1.0,19,19,hydro,1,PH,MW,true,,D019_H19,11,11,3098,3098
20260811_121452_stage_B_2C_4168a6e9,1.0,19,19,hydro,2,PH,MW,true,,D019_H19,12,12,3099,3099
20260811_121452_stage_B_2C_4168a6e9,1.0,19,19,hydro,3,PH,MW,true,,D019_H19,13,13,3100,3100
20260811_121452_stage_B_2C_4168a6e9,1.0,19,19,hydro,4,PH,MW,true,,D019_H19,14,14,3101,3101
20260811_121452_stage_B_2C_4168a6e9,1.0,19,19,thermal,1,PF,MW,true,,D019_H19,15,15,3102,3102
20260811_121452_stage_B_2C_4168a6e9,1.0,19,19,thermal,2,PF,MW,true,,D019_H19,16,16,3103,3103
20260811_121452_stage_B_2C_4168a6e9,1.0,19,19,thermal,3,PF,MW,true,,D019_H19,17,17,3104,3104
20260811_121452_stage_B_2C_4168a6e9,1.0,19,19,thermal,4,PF,MW,true,,D019_H19,18,18,3105,3105
20260811_121452_stage_B_2C_4168a6e9,1.0,19,19,storage,1,Pch,MW,true,,D019_H19,19,19,3106,3106
20260811_121452_stage_B_2C_4168a6e9,1.0,19,19,storage,2,Pch,MW,true,,D019_H19,20,20,3107,3107
20260811_121452_stage_B_2C_4168a6e9,1.0,19,19,storage,1,Pdis,MW,true,,D019_H19,21,21,3108,3108
20260811_121452_stage_B_2C_4168a6e9,1.0,19,19,storage,2,Pdis,MW,true,,D019_H19,22,22,3109,3109
20260811_121452_stage_B_2C_4168a6e9,1.0,19,19,storage,1,SOC,MWh,true,,D019_H19,23,23,3110,3110
20260811_121452_stage_B_2C_4168a6e9,1.0,19,19,storage,2,SOC,MWh,true,,D019_H19,24,24,3111,3111
20260811_121452_stage_B_2C_4168a6e9,1.0,19,20,wind,1,PW,MW,true,,D019_H20,1,1,3112,3112
20260811_121452_stage_B_2C_4168a6e9,1.0,19,20,wind,2,PW,MW,true,,D019_H20,2,2,3113,3113
20260811_121452_stage_B_2C_4168a6e9,1.0,19,20,wind,3,PW,MW,true,,D019_H20,3,3,3114,3114
20260811_121452_stage_B_2C_4168a6e9,1.0,19,20,wind,4,PW,MW,true,,D019_H20,4,4,3115,3115
20260811_121452_stage_B_2C_4168a6e9,1.0,19,20,wind,5,PW,MW,true,,D019_H20,5,5,3116,3116
20260811_121452_stage_B_2C_4168a6e9,1.0,19,20,hydro,1,PH,MW,true,,D019_H20,6,6,3117,3117
20260811_121452_stage_B_2C_4168a6e9,1.0,19,20,hydro,2,PH,MW,true,,D019_H20,7,7,3118,3118
20260811_121452_stage_B_2C_4168a6e9,1.0,19,20,hydro,3,PH,MW,true,,D019_H20,8,8,3119,3119
20260811_121452_stage_B_2C_4168a6e9,1.0,19,20,hydro,4,PH,MW,true,,D019_H20,9,9,3120,3120
20260811_121452_stage_B_2C_4168a6e9,1.0,19,20,thermal,1,PF,MW,true,,D019_H20,10,10,3121,3121
20260811_121452_stage_B_2C_4168a6e9,1.0,19,20,thermal,2,PF,MW,true,,D019_H20,11,11,3122,3122
20260811_121452_stage_B_2C_4168a6e9,1.0,19,20,thermal,3,PF,MW,true,,D019_H20,12,12,3123,3123
20260811_121452_stage_B_2C_4168a6e9,1.0,19,20,thermal,4,PF,MW,true,,D019_H20,13,13,3124,3124
20260811_121452_stage_B_2C_4168a6e9,1.0,19,20,storage,1,Pch,MW,true,,D019_H20,14,14,3125,3125
20260811_121452_stage_B_2C_4168a6e9,1.0,19,20,storage,2,Pch,MW,true,,D019_H20,15,15,3126,3126
20260811_121452_stage_B_2C_4168a6e9,1.0,19,20,storage,1,Pdis,MW,true,,D019_H20,16,16,3127,3127
20260811_121452_stage_B_2C_4168a6e9,1.0,19,20,storage,2,Pdis,MW,true,,D019_H20,17,17,3128,3128
20260811_121452_stage_B_2C_4168a6e9,1.0,19,20,storage,1,SOC,MWh,true,,D019_H20,18,18,3129,3129
20260811_121452_stage_B_2C_4168a6e9,1.0,19,20,storage,2,SOC,MWh,true,,D019_H20,19,19,3130,3130
20260811_121452_stage_B_2C_4168a6e9,1.0,19,21,wind,1,PW,MW,true,,D019_H21,1,1,3131,3131
20260811_121452_stage_B_2C_4168a6e9,1.0,19,21,wind,2,PW,MW,true,,D019_H21,2,2,3132,3132
20260811_121452_stage_B_2C_4168a6e9,1.0,19,21,wind,3,PW,MW,true,,D019_H21,3,3,3133,3133
20260811_121452_stage_B_2C_4168a6e9,1.0,19,21,wind,4,PW,MW,true,,D019_H21,4,4,3134,3134
20260811_121452_stage_B_2C_4168a6e9,1.0,19,21,wind,5,PW,MW,true,,D019_H21,5,5,3135,3135
20260811_121452_stage_B_2C_4168a6e9,1.0,19,21,hydro,1,PH,MW,true,,D019_H21,6,6,3136,3136
20260811_121452_stage_B_2C_4168a6e9,1.0,19,21,hydro,2,PH,MW,true,,D019_H21,7,7,3137,3137
20260811_121452_stage_B_2C_4168a6e9,1.0,19,21,hydro,3,PH,MW,true,,D019_H21,8,8,3138,3138
20260811_121452_stage_B_2C_4168a6e9,1.0,19,21,hydro,4,PH,MW,true,,D019_H21,9,9,3139,3139
20260811_121452_stage_B_2C_4168a6e9,1.0,19,21,thermal,1,PF,MW,true,,D019_H21,10,10,3140,3140
20260811_121452_stage_B_2C_4168a6e9,1.0,19,21,thermal,2,PF,MW,true,,D019_H21,11,11,3141,3141
20260811_121452_stage_B_2C_4168a6e9,1.0,19,21,thermal,3,PF,MW,true,,D019_H21,12,12,3142,3142
20260811_121452_stage_B_2C_4168a6e9,1.0,19,21,thermal,4,PF,MW,true,,D019_H21,13,13,3143,3143
20260811_121452_stage_B_2C_4168a6e9,1.0,19,21,storage,1,Pch,MW,true,,D019_H21,14,14,3144,3144
20260811_121452_stage_B_2C_4168a6e9,1.0,19,21,storage,2,Pch,MW,true,,D019_H21,15,15,3145,3145
20260811_121452_stage_B_2C_4168a6e9,1.0,19,21,storage,1,Pdis,MW,true,,D019_H21,16,16,3146,3146
20260811_121452_stage_B_2C_4168a6e9,1.0,19,21,storage,2,Pdis,MW,true,,D019_H21,17,17,3147,3147
20260811_121452_stage_B_2C_4168a6e9,1.0,19,21,storage,1,SOC,MWh,true,,D019_H21,18,18,3148,3148
20260811_121452_stage_B_2C_4168a6e9,1.0,19,21,storage,2,SOC,MWh,true,,D019_H21,19,19,3149,3149
20260811_121452_stage_B_2C_4168a6e9,1.0,19,22,wind,1,PW,MW,true,,D019_H22,1,1,3150,3150
20260811_121452_stage_B_2C_4168a6e9,1.0,19,22,wind,2,PW,MW,true,,D019_H22,2,2,3151,3151
20260811_121452_stage_B_2C_4168a6e9,1.0,19,22,wind,3,PW,MW,true,,D019_H22,3,3,3152,3152
20260811_121452_stage_B_2C_4168a6e9,1.0,19,22,wind,4,PW,MW,true,,D019_H22,4,4,3153,3153
20260811_121452_stage_B_2C_4168a6e9,1.0,19,22,wind,5,PW,MW,true,,D019_H22,5,5,3154,3154
20260811_121452_stage_B_2C_4168a6e9,1.0,19,22,hydro,1,PH,MW,true,,D019_H22,6,6,3155,3155
20260811_121452_stage_B_2C_4168a6e9,1.0,19,22,hydro,2,PH,MW,true,,D019_H22,7,7,3156,3156
20260811_121452_stage_B_2C_4168a6e9,1.0,19,22,hydro,3,PH,MW,true,,D019_H22,8,8,3157,3157
20260811_121452_stage_B_2C_4168a6e9,1.0,19,22,hydro,4,PH,MW,true,,D019_H22,9,9,3158,3158
20260811_121452_stage_B_2C_4168a6e9,1.0,19,22,thermal,1,PF,MW,true,,D019_H22,10,10,3159,3159
20260811_121452_stage_B_2C_4168a6e9,1.0,19,22,thermal,2,PF,MW,true,,D019_H22,11,11,3160,3160
20260811_121452_stage_B_2C_4168a6e9,1.0,19,22,thermal,3,PF,MW,true,,D019_H22,12,12,3161,3161
20260811_121452_stage_B_2C_4168a6e9,1.0,19,22,thermal,4,PF,MW,true,,D019_H22,13,13,3162,3162
20260811_121452_stage_B_2C_4168a6e9,1.0,19,22,storage,1,Pch,MW,true,,D019_H22,14,14,3163,3163
20260811_121452_stage_B_2C_4168a6e9,1.0,19,22,storage,2,Pch,MW,true,,D019_H22,15,15,3164,3164
20260811_121452_stage_B_2C_4168a6e9,1.0,19,22,storage,1,Pdis,MW,true,,D019_H22,16,16,3165,3165
20260811_121452_stage_B_2C_4168a6e9,1.0,19,22,storage,2,Pdis,MW,true,,D019_H22,17,17,3166,3166
20260811_121452_stage_B_2C_4168a6e9,1.0,19,22,storage,1,SOC,MWh,true,,D019_H22,18,18,3167,3167
20260811_121452_stage_B_2C_4168a6e9,1.0,19,22,storage,2,SOC,MWh,true,,D019_H22,19,19,3168,3168
20260811_121452_stage_B_2C_4168a6e9,1.0,19,23,wind,1,PW,MW,true,,D019_H23,1,1,3169,3169
20260811_121452_stage_B_2C_4168a6e9,1.0,19,23,wind,2,PW,MW,true,,D019_H23,2,2,3170,3170
20260811_121452_stage_B_2C_4168a6e9,1.0,19,23,wind,3,PW,MW,true,,D019_H23,3,3,3171,3171
20260811_121452_stage_B_2C_4168a6e9,1.0,19,23,wind,4,PW,MW,true,,D019_H23,4,4,3172,3172
20260811_121452_stage_B_2C_4168a6e9,1.0,19,23,wind,5,PW,MW,true,,D019_H23,5,5,3173,3173
20260811_121452_stage_B_2C_4168a6e9,1.0,19,23,hydro,1,PH,MW,true,,D019_H23,6,6,3174,3174
20260811_121452_stage_B_2C_4168a6e9,1.0,19,23,hydro,2,PH,MW,true,,D019_H23,7,7,3175,3175
20260811_121452_stage_B_2C_4168a6e9,1.0,19,23,hydro,3,PH,MW,true,,D019_H23,8,8,3176,3176
20260811_121452_stage_B_2C_4168a6e9,1.0,19,23,hydro,4,PH,MW,true,,D019_H23,9,9,3177,3177
20260811_121452_stage_B_2C_4168a6e9,1.0,19,23,thermal,1,PF,MW,true,,D019_H23,10,10,3178,3178
20260811_121452_stage_B_2C_4168a6e9,1.0,19,23,thermal,2,PF,MW,true,,D019_H23,11,11,3179,3179
20260811_121452_stage_B_2C_4168a6e9,1.0,19,23,thermal,3,PF,MW,true,,D019_H23,12,12,3180,3180
20260811_121452_stage_B_2C_4168a6e9,1.0,19,23,thermal,4,PF,MW,true,,D019_H23,13,13,3181,3181
20260811_121452_stage_B_2C_4168a6e9,1.0,19,23,storage,1,Pch,MW,true,,D019_H23,14,14,3182,3182
20260811_121452_stage_B_2C_4168a6e9,1.0,19,23,storage,2,Pch,MW,true,,D019_H23,15,15,3183,3183
20260811_121452_stage_B_2C_4168a6e9,1.0,19,23,storage,1,Pdis,MW,true,,D019_H23,16,16,3184,3184
20260811_121452_stage_B_2C_4168a6e9,1.0,19,23,storage,2,Pdis,MW,true,,D019_H23,17,17,3185,3185
20260811_121452_stage_B_2C_4168a6e9,1.0,19,23,storage,1,SOC,MWh,true,,D019_H23,18,18,3186,3186
20260811_121452_stage_B_2C_4168a6e9,1.0,19,23,storage,2,SOC,MWh,true,,D019_H23,19,19,3187,3187
20260811_121452_stage_B_2C_4168a6e9,1.0,19,24,wind,1,PW,MW,true,,D019_H24,1,1,3188,3188
20260811_121452_stage_B_2C_4168a6e9,1.0,19,24,wind,2,PW,MW,true,,D019_H24,2,2,3189,3189
20260811_121452_stage_B_2C_4168a6e9,1.0,19,24,wind,3,PW,MW,true,,D019_H24,3,3,3190,3190
20260811_121452_stage_B_2C_4168a6e9,1.0,19,24,wind,4,PW,MW,true,,D019_H24,4,4,3191,3191
20260811_121452_stage_B_2C_4168a6e9,1.0,19,24,wind,5,PW,MW,true,,D019_H24,5,5,3192,3192
20260811_121452_stage_B_2C_4168a6e9,1.0,19,24,hydro,1,PH,MW,true,,D019_H24,6,6,3193,3193
20260811_121452_stage_B_2C_4168a6e9,1.0,19,24,hydro,2,PH,MW,true,,D019_H24,7,7,3194,3194
20260811_121452_stage_B_2C_4168a6e9,1.0,19,24,hydro,3,PH,MW,true,,D019_H24,8,8,3195,3195
20260811_121452_stage_B_2C_4168a6e9,1.0,19,24,hydro,4,PH,MW,true,,D019_H24,9,9,3196,3196
20260811_121452_stage_B_2C_4168a6e9,1.0,19,24,thermal,1,PF,MW,true,,D019_H24,10,10,3197,3197
20260811_121452_stage_B_2C_4168a6e9,1.0,19,24,thermal,2,PF,MW,true,,D019_H24,11,11,3198,3198
20260811_121452_stage_B_2C_4168a6e9,1.0,19,24,thermal,3,PF,MW,true,,D019_H24,12,12,3199,3199
20260811_121452_stage_B_2C_4168a6e9,1.0,19,24,thermal,4,PF,MW,true,,D019_H24,13,13,3200,3200
20260811_121452_stage_B_2C_4168a6e9,1.0,19,24,storage,1,Pch,MW,true,,D019_H24,14,14,3201,3201
20260811_121452_stage_B_2C_4168a6e9,1.0,19,24,storage,2,Pch,MW,true,,D019_H24,15,15,3202,3202
20260811_121452_stage_B_2C_4168a6e9,1.0,19,24,storage,1,Pdis,MW,true,,D019_H24,16,16,3203,3203
20260811_121452_stage_B_2C_4168a6e9,1.0,19,24,storage,2,Pdis,MW,true,,D019_H24,17,17,3204,3204
20260811_121452_stage_B_2C_4168a6e9,1.0,19,24,storage,1,SOC,MWh,true,,D019_H24,18,18,3205,3205
20260811_121452_stage_B_2C_4168a6e9,1.0,19,24,storage,2,SOC,MWh,true,,D019_H24,19,19,3206,3206
20260811_121452_stage_B_2C_4168a6e9,1.0,20,1,wind,1,PW,MW,true,,D020_H01,1,1,3207,3207
20260811_121452_stage_B_2C_4168a6e9,1.0,20,1,wind,2,PW,MW,true,,D020_H01,2,2,3208,3208
20260811_121452_stage_B_2C_4168a6e9,1.0,20,1,wind,3,PW,MW,true,,D020_H01,3,3,3209,3209
20260811_121452_stage_B_2C_4168a6e9,1.0,20,1,wind,4,PW,MW,true,,D020_H01,4,4,3210,3210
20260811_121452_stage_B_2C_4168a6e9,1.0,20,1,wind,5,PW,MW,true,,D020_H01,5,5,3211,3211
20260811_121452_stage_B_2C_4168a6e9,1.0,20,1,hydro,1,PH,MW,true,,D020_H01,6,6,3212,3212
20260811_121452_stage_B_2C_4168a6e9,1.0,20,1,hydro,2,PH,MW,true,,D020_H01,7,7,3213,3213
20260811_121452_stage_B_2C_4168a6e9,1.0,20,1,hydro,3,PH,MW,true,,D020_H01,8,8,3214,3214
20260811_121452_stage_B_2C_4168a6e9,1.0,20,1,hydro,4,PH,MW,true,,D020_H01,9,9,3215,3215
20260811_121452_stage_B_2C_4168a6e9,1.0,20,1,thermal,1,PF,MW,true,,D020_H01,10,10,3216,3216
20260811_121452_stage_B_2C_4168a6e9,1.0,20,1,thermal,2,PF,MW,true,,D020_H01,11,11,3217,3217
20260811_121452_stage_B_2C_4168a6e9,1.0,20,1,thermal,3,PF,MW,true,,D020_H01,12,12,3218,3218
20260811_121452_stage_B_2C_4168a6e9,1.0,20,1,thermal,4,PF,MW,true,,D020_H01,13,13,3219,3219
20260811_121452_stage_B_2C_4168a6e9,1.0,20,1,storage,1,Pch,MW,true,,D020_H01,14,14,3220,3220
20260811_121452_stage_B_2C_4168a6e9,1.0,20,1,storage,2,Pch,MW,true,,D020_H01,15,15,3221,3221
20260811_121452_stage_B_2C_4168a6e9,1.0,20,1,storage,1,Pdis,MW,true,,D020_H01,16,16,3222,3222
20260811_121452_stage_B_2C_4168a6e9,1.0,20,1,storage,2,Pdis,MW,true,,D020_H01,17,17,3223,3223
20260811_121452_stage_B_2C_4168a6e9,1.0,20,1,storage,1,SOC,MWh,true,,D020_H01,18,18,3224,3224
20260811_121452_stage_B_2C_4168a6e9,1.0,20,1,storage,2,SOC,MWh,true,,D020_H01,19,19,3225,3225
20260811_121452_stage_B_2C_4168a6e9,1.0,20,2,wind,1,PW,MW,true,,D020_H02,1,1,3226,3226
20260811_121452_stage_B_2C_4168a6e9,1.0,20,2,wind,2,PW,MW,true,,D020_H02,2,2,3227,3227
20260811_121452_stage_B_2C_4168a6e9,1.0,20,2,wind,3,PW,MW,true,,D020_H02,3,3,3228,3228
20260811_121452_stage_B_2C_4168a6e9,1.0,20,2,wind,4,PW,MW,true,,D020_H02,4,4,3229,3229
20260811_121452_stage_B_2C_4168a6e9,1.0,20,2,wind,5,PW,MW,true,,D020_H02,5,5,3230,3230
20260811_121452_stage_B_2C_4168a6e9,1.0,20,2,hydro,1,PH,MW,true,,D020_H02,6,6,3231,3231
20260811_121452_stage_B_2C_4168a6e9,1.0,20,2,hydro,2,PH,MW,true,,D020_H02,7,7,3232,3232
20260811_121452_stage_B_2C_4168a6e9,1.0,20,2,hydro,3,PH,MW,true,,D020_H02,8,8,3233,3233
20260811_121452_stage_B_2C_4168a6e9,1.0,20,2,hydro,4,PH,MW,true,,D020_H02,9,9,3234,3234
20260811_121452_stage_B_2C_4168a6e9,1.0,20,2,thermal,1,PF,MW,true,,D020_H02,10,10,3235,3235
20260811_121452_stage_B_2C_4168a6e9,1.0,20,2,thermal,2,PF,MW,true,,D020_H02,11,11,3236,3236
20260811_121452_stage_B_2C_4168a6e9,1.0,20,2,thermal,3,PF,MW,true,,D020_H02,12,12,3237,3237
20260811_121452_stage_B_2C_4168a6e9,1.0,20,2,thermal,4,PF,MW,true,,D020_H02,13,13,3238,3238
20260811_121452_stage_B_2C_4168a6e9,1.0,20,2,storage,1,Pch,MW,true,,D020_H02,14,14,3239,3239
20260811_121452_stage_B_2C_4168a6e9,1.0,20,2,storage,2,Pch,MW,true,,D020_H02,15,15,3240,3240
20260811_121452_stage_B_2C_4168a6e9,1.0,20,2,storage,1,Pdis,MW,true,,D020_H02,16,16,3241,3241
20260811_121452_stage_B_2C_4168a6e9,1.0,20,2,storage,2,Pdis,MW,true,,D020_H02,17,17,3242,3242
20260811_121452_stage_B_2C_4168a6e9,1.0,20,2,storage,1,SOC,MWh,true,,D020_H02,18,18,3243,3243
20260811_121452_stage_B_2C_4168a6e9,1.0,20,2,storage,2,SOC,MWh,true,,D020_H02,19,19,3244,3244
20260811_121452_stage_B_2C_4168a6e9,1.0,20,3,wind,1,PW,MW,true,,D020_H03,1,1,3245,3245
20260811_121452_stage_B_2C_4168a6e9,1.0,20,3,wind,2,PW,MW,true,,D020_H03,2,2,3246,3246
20260811_121452_stage_B_2C_4168a6e9,1.0,20,3,wind,3,PW,MW,true,,D020_H03,3,3,3247,3247
20260811_121452_stage_B_2C_4168a6e9,1.0,20,3,wind,4,PW,MW,true,,D020_H03,4,4,3248,3248
20260811_121452_stage_B_2C_4168a6e9,1.0,20,3,wind,5,PW,MW,true,,D020_H03,5,5,3249,3249
20260811_121452_stage_B_2C_4168a6e9,1.0,20,3,hydro,1,PH,MW,true,,D020_H03,6,6,3250,3250
20260811_121452_stage_B_2C_4168a6e9,1.0,20,3,hydro,2,PH,MW,true,,D020_H03,7,7,3251,3251
20260811_121452_stage_B_2C_4168a6e9,1.0,20,3,hydro,3,PH,MW,true,,D020_H03,8,8,3252,3252
20260811_121452_stage_B_2C_4168a6e9,1.0,20,3,hydro,4,PH,MW,true,,D020_H03,9,9,3253,3253
20260811_121452_stage_B_2C_4168a6e9,1.0,20,3,thermal,1,PF,MW,true,,D020_H03,10,10,3254,3254
20260811_121452_stage_B_2C_4168a6e9,1.0,20,3,thermal,2,PF,MW,true,,D020_H03,11,11,3255,3255
20260811_121452_stage_B_2C_4168a6e9,1.0,20,3,thermal,3,PF,MW,true,,D020_H03,12,12,3256,3256
20260811_121452_stage_B_2C_4168a6e9,1.0,20,3,thermal,4,PF,MW,true,,D020_H03,13,13,3257,3257
20260811_121452_stage_B_2C_4168a6e9,1.0,20,3,storage,1,Pch,MW,true,,D020_H03,14,14,3258,3258
20260811_121452_stage_B_2C_4168a6e9,1.0,20,3,storage,2,Pch,MW,true,,D020_H03,15,15,3259,3259
20260811_121452_stage_B_2C_4168a6e9,1.0,20,3,storage,1,Pdis,MW,true,,D020_H03,16,16,3260,3260
20260811_121452_stage_B_2C_4168a6e9,1.0,20,3,storage,2,Pdis,MW,true,,D020_H03,17,17,3261,3261
20260811_121452_stage_B_2C_4168a6e9,1.0,20,3,storage,1,SOC,MWh,true,,D020_H03,18,18,3262,3262
20260811_121452_stage_B_2C_4168a6e9,1.0,20,3,storage,2,SOC,MWh,true,,D020_H03,19,19,3263,3263
20260811_121452_stage_B_2C_4168a6e9,1.0,20,4,wind,1,PW,MW,true,,D020_H04,1,1,3264,3264
20260811_121452_stage_B_2C_4168a6e9,1.0,20,4,wind,2,PW,MW,true,,D020_H04,2,2,3265,3265
20260811_121452_stage_B_2C_4168a6e9,1.0,20,4,wind,3,PW,MW,true,,D020_H04,3,3,3266,3266
20260811_121452_stage_B_2C_4168a6e9,1.0,20,4,wind,4,PW,MW,true,,D020_H04,4,4,3267,3267
20260811_121452_stage_B_2C_4168a6e9,1.0,20,4,wind,5,PW,MW,true,,D020_H04,5,5,3268,3268
20260811_121452_stage_B_2C_4168a6e9,1.0,20,4,hydro,1,PH,MW,true,,D020_H04,6,6,3269,3269
20260811_121452_stage_B_2C_4168a6e9,1.0,20,4,hydro,2,PH,MW,true,,D020_H04,7,7,3270,3270
20260811_121452_stage_B_2C_4168a6e9,1.0,20,4,hydro,3,PH,MW,true,,D020_H04,8,8,3271,3271
20260811_121452_stage_B_2C_4168a6e9,1.0,20,4,hydro,4,PH,MW,true,,D020_H04,9,9,3272,3272
20260811_121452_stage_B_2C_4168a6e9,1.0,20,4,thermal,1,PF,MW,true,,D020_H04,10,10,3273,3273
20260811_121452_stage_B_2C_4168a6e9,1.0,20,4,thermal,2,PF,MW,true,,D020_H04,11,11,3274,3274
20260811_121452_stage_B_2C_4168a6e9,1.0,20,4,thermal,3,PF,MW,true,,D020_H04,12,12,3275,3275
20260811_121452_stage_B_2C_4168a6e9,1.0,20,4,thermal,4,PF,MW,true,,D020_H04,13,13,3276,3276
20260811_121452_stage_B_2C_4168a6e9,1.0,20,4,storage,1,Pch,MW,true,,D020_H04,14,14,3277,3277
20260811_121452_stage_B_2C_4168a6e9,1.0,20,4,storage,2,Pch,MW,true,,D020_H04,15,15,3278,3278
20260811_121452_stage_B_2C_4168a6e9,1.0,20,4,storage,1,Pdis,MW,true,,D020_H04,16,16,3279,3279
20260811_121452_stage_B_2C_4168a6e9,1.0,20,4,storage,2,Pdis,MW,true,,D020_H04,17,17,3280,3280
20260811_121452_stage_B_2C_4168a6e9,1.0,20,4,storage,1,SOC,MWh,true,,D020_H04,18,18,3281,3281
20260811_121452_stage_B_2C_4168a6e9,1.0,20,4,storage,2,SOC,MWh,true,,D020_H04,19,19,3282,3282
20260811_121452_stage_B_2C_4168a6e9,1.0,20,5,wind,1,PW,MW,true,,D020_H05,1,1,3283,3283
20260811_121452_stage_B_2C_4168a6e9,1.0,20,5,wind,2,PW,MW,true,,D020_H05,2,2,3284,3284
20260811_121452_stage_B_2C_4168a6e9,1.0,20,5,wind,3,PW,MW,true,,D020_H05,3,3,3285,3285
20260811_121452_stage_B_2C_4168a6e9,1.0,20,5,wind,4,PW,MW,true,,D020_H05,4,4,3286,3286
20260811_121452_stage_B_2C_4168a6e9,1.0,20,5,wind,5,PW,MW,true,,D020_H05,5,5,3287,3287
20260811_121452_stage_B_2C_4168a6e9,1.0,20,5,hydro,1,PH,MW,true,,D020_H05,6,6,3288,3288
20260811_121452_stage_B_2C_4168a6e9,1.0,20,5,hydro,2,PH,MW,true,,D020_H05,7,7,3289,3289
20260811_121452_stage_B_2C_4168a6e9,1.0,20,5,hydro,3,PH,MW,true,,D020_H05,8,8,3290,3290
20260811_121452_stage_B_2C_4168a6e9,1.0,20,5,hydro,4,PH,MW,true,,D020_H05,9,9,3291,3291
20260811_121452_stage_B_2C_4168a6e9,1.0,20,5,thermal,1,PF,MW,true,,D020_H05,10,10,3292,3292
20260811_121452_stage_B_2C_4168a6e9,1.0,20,5,thermal,2,PF,MW,true,,D020_H05,11,11,3293,3293
20260811_121452_stage_B_2C_4168a6e9,1.0,20,5,thermal,3,PF,MW,true,,D020_H05,12,12,3294,3294
20260811_121452_stage_B_2C_4168a6e9,1.0,20,5,thermal,4,PF,MW,true,,D020_H05,13,13,3295,3295
20260811_121452_stage_B_2C_4168a6e9,1.0,20,5,storage,1,Pch,MW,true,,D020_H05,14,14,3296,3296
20260811_121452_stage_B_2C_4168a6e9,1.0,20,5,storage,2,Pch,MW,true,,D020_H05,15,15,3297,3297
20260811_121452_stage_B_2C_4168a6e9,1.0,20,5,storage,1,Pdis,MW,true,,D020_H05,16,16,3298,3298
20260811_121452_stage_B_2C_4168a6e9,1.0,20,5,storage,2,Pdis,MW,true,,D020_H05,17,17,3299,3299
20260811_121452_stage_B_2C_4168a6e9,1.0,20,5,storage,1,SOC,MWh,true,,D020_H05,18,18,3300,3300
20260811_121452_stage_B_2C_4168a6e9,1.0,20,5,storage,2,SOC,MWh,true,,D020_H05,19,19,3301,3301
20260811_121452_stage_B_2C_4168a6e9,1.0,20,6,wind,1,PW,MW,true,,D020_H06,1,1,3302,3302
20260811_121452_stage_B_2C_4168a6e9,1.0,20,6,wind,2,PW,MW,true,,D020_H06,2,2,3303,3303
20260811_121452_stage_B_2C_4168a6e9,1.0,20,6,wind,3,PW,MW,true,,D020_H06,3,3,3304,3304
20260811_121452_stage_B_2C_4168a6e9,1.0,20,6,wind,4,PW,MW,true,,D020_H06,4,4,3305,3305
20260811_121452_stage_B_2C_4168a6e9,1.0,20,6,wind,5,PW,MW,true,,D020_H06,5,5,3306,3306
20260811_121452_stage_B_2C_4168a6e9,1.0,20,6,hydro,1,PH,MW,true,,D020_H06,6,6,3307,3307
20260811_121452_stage_B_2C_4168a6e9,1.0,20,6,hydro,2,PH,MW,true,,D020_H06,7,7,3308,3308
20260811_121452_stage_B_2C_4168a6e9,1.0,20,6,hydro,3,PH,MW,true,,D020_H06,8,8,3309,3309
20260811_121452_stage_B_2C_4168a6e9,1.0,20,6,hydro,4,PH,MW,true,,D020_H06,9,9,3310,3310
20260811_121452_stage_B_2C_4168a6e9,1.0,20,6,thermal,1,PF,MW,true,,D020_H06,10,10,3311,3311
20260811_121452_stage_B_2C_4168a6e9,1.0,20,6,thermal,2,PF,MW,true,,D020_H06,11,11,3312,3312
20260811_121452_stage_B_2C_4168a6e9,1.0,20,6,thermal,3,PF,MW,true,,D020_H06,12,12,3313,3313
20260811_121452_stage_B_2C_4168a6e9,1.0,20,6,thermal,4,PF,MW,true,,D020_H06,13,13,3314,3314
20260811_121452_stage_B_2C_4168a6e9,1.0,20,6,storage,1,Pch,MW,true,,D020_H06,14,14,3315,3315
20260811_121452_stage_B_2C_4168a6e9,1.0,20,6,storage,2,Pch,MW,true,,D020_H06,15,15,3316,3316
20260811_121452_stage_B_2C_4168a6e9,1.0,20,6,storage,1,Pdis,MW,true,,D020_H06,16,16,3317,3317
20260811_121452_stage_B_2C_4168a6e9,1.0,20,6,storage,2,Pdis,MW,true,,D020_H06,17,17,3318,3318
20260811_121452_stage_B_2C_4168a6e9,1.0,20,6,storage,1,SOC,MWh,true,,D020_H06,18,18,3319,3319
20260811_121452_stage_B_2C_4168a6e9,1.0,20,6,storage,2,SOC,MWh,true,,D020_H06,19,19,3320,3320
20260811_121452_stage_B_2C_4168a6e9,1.0,20,7,wind,1,PW,MW,true,,D020_H07,1,1,3321,3321
20260811_121452_stage_B_2C_4168a6e9,1.0,20,7,wind,2,PW,MW,true,,D020_H07,2,2,3322,3322
20260811_121452_stage_B_2C_4168a6e9,1.0,20,7,wind,3,PW,MW,true,,D020_H07,3,3,3323,3323
20260811_121452_stage_B_2C_4168a6e9,1.0,20,7,wind,4,PW,MW,true,,D020_H07,4,4,3324,3324
20260811_121452_stage_B_2C_4168a6e9,1.0,20,7,wind,5,PW,MW,true,,D020_H07,5,5,3325,3325
20260811_121452_stage_B_2C_4168a6e9,1.0,20,7,hydro,1,PH,MW,true,,D020_H07,6,6,3326,3326
20260811_121452_stage_B_2C_4168a6e9,1.0,20,7,hydro,2,PH,MW,true,,D020_H07,7,7,3327,3327
20260811_121452_stage_B_2C_4168a6e9,1.0,20,7,hydro,3,PH,MW,true,,D020_H07,8,8,3328,3328
20260811_121452_stage_B_2C_4168a6e9,1.0,20,7,hydro,4,PH,MW,true,,D020_H07,9,9,3329,3329
20260811_121452_stage_B_2C_4168a6e9,1.0,20,7,thermal,1,PF,MW,true,,D020_H07,10,10,3330,3330
20260811_121452_stage_B_2C_4168a6e9,1.0,20,7,thermal,2,PF,MW,true,,D020_H07,11,11,3331,3331
20260811_121452_stage_B_2C_4168a6e9,1.0,20,7,thermal,3,PF,MW,true,,D020_H07,12,12,3332,3332
20260811_121452_stage_B_2C_4168a6e9,1.0,20,7,thermal,4,PF,MW,true,,D020_H07,13,13,3333,3333
20260811_121452_stage_B_2C_4168a6e9,1.0,20,7,storage,1,Pch,MW,true,,D020_H07,14,14,3334,3334
20260811_121452_stage_B_2C_4168a6e9,1.0,20,7,storage,2,Pch,MW,true,,D020_H07,15,15,3335,3335
20260811_121452_stage_B_2C_4168a6e9,1.0,20,7,storage,1,Pdis,MW,true,,D020_H07,16,16,3336,3336
20260811_121452_stage_B_2C_4168a6e9,1.0,20,7,storage,2,Pdis,MW,true,,D020_H07,17,17,3337,3337
20260811_121452_stage_B_2C_4168a6e9,1.0,20,7,storage,1,SOC,MWh,true,,D020_H07,18,18,3338,3338
20260811_121452_stage_B_2C_4168a6e9,1.0,20,7,storage,2,SOC,MWh,true,,D020_H07,19,19,3339,3339
20260811_121452_stage_B_2C_4168a6e9,1.0,20,8,wind,1,PW,MW,true,,D020_H08,1,1,3340,3340
20260811_121452_stage_B_2C_4168a6e9,1.0,20,8,wind,2,PW,MW,true,,D020_H08,2,2,3341,3341
20260811_121452_stage_B_2C_4168a6e9,1.0,20,8,wind,3,PW,MW,true,,D020_H08,3,3,3342,3342
20260811_121452_stage_B_2C_4168a6e9,1.0,20,8,wind,4,PW,MW,true,,D020_H08,4,4,3343,3343
20260811_121452_stage_B_2C_4168a6e9,1.0,20,8,wind,5,PW,MW,true,,D020_H08,5,5,3344,3344
20260811_121452_stage_B_2C_4168a6e9,1.0,20,8,solar,1,PP,MW,true,,D020_H08,6,6,3345,3345
20260811_121452_stage_B_2C_4168a6e9,1.0,20,8,solar,2,PP,MW,true,,D020_H08,7,7,3346,3346
20260811_121452_stage_B_2C_4168a6e9,1.0,20,8,solar,3,PP,MW,true,,D020_H08,8,8,3347,3347
20260811_121452_stage_B_2C_4168a6e9,1.0,20,8,solar,4,PP,MW,true,,D020_H08,9,9,3348,3348
20260811_121452_stage_B_2C_4168a6e9,1.0,20,8,solar,5,PP,MW,true,,D020_H08,10,10,3349,3349
20260811_121452_stage_B_2C_4168a6e9,1.0,20,8,hydro,1,PH,MW,true,,D020_H08,11,11,3350,3350
20260811_121452_stage_B_2C_4168a6e9,1.0,20,8,hydro,2,PH,MW,true,,D020_H08,12,12,3351,3351
20260811_121452_stage_B_2C_4168a6e9,1.0,20,8,hydro,3,PH,MW,true,,D020_H08,13,13,3352,3352
20260811_121452_stage_B_2C_4168a6e9,1.0,20,8,hydro,4,PH,MW,true,,D020_H08,14,14,3353,3353
20260811_121452_stage_B_2C_4168a6e9,1.0,20,8,thermal,1,PF,MW,true,,D020_H08,15,15,3354,3354
20260811_121452_stage_B_2C_4168a6e9,1.0,20,8,thermal,2,PF,MW,true,,D020_H08,16,16,3355,3355
20260811_121452_stage_B_2C_4168a6e9,1.0,20,8,thermal,3,PF,MW,true,,D020_H08,17,17,3356,3356
20260811_121452_stage_B_2C_4168a6e9,1.0,20,8,thermal,4,PF,MW,true,,D020_H08,18,18,3357,3357
20260811_121452_stage_B_2C_4168a6e9,1.0,20,8,storage,1,Pch,MW,true,,D020_H08,19,19,3358,3358
20260811_121452_stage_B_2C_4168a6e9,1.0,20,8,storage,2,Pch,MW,true,,D020_H08,20,20,3359,3359
20260811_121452_stage_B_2C_4168a6e9,1.0,20,8,storage,1,Pdis,MW,true,,D020_H08,21,21,3360,3360
20260811_121452_stage_B_2C_4168a6e9,1.0,20,8,storage,2,Pdis,MW,true,,D020_H08,22,22,3361,3361
20260811_121452_stage_B_2C_4168a6e9,1.0,20,8,storage,1,SOC,MWh,true,,D020_H08,23,23,3362,3362
20260811_121452_stage_B_2C_4168a6e9,1.0,20,8,storage,2,SOC,MWh,true,,D020_H08,24,24,3363,3363
20260811_121452_stage_B_2C_4168a6e9,1.0,20,9,wind,1,PW,MW,true,,D020_H09,1,1,3364,3364
20260811_121452_stage_B_2C_4168a6e9,1.0,20,9,wind,2,PW,MW,true,,D020_H09,2,2,3365,3365
20260811_121452_stage_B_2C_4168a6e9,1.0,20,9,wind,3,PW,MW,true,,D020_H09,3,3,3366,3366
20260811_121452_stage_B_2C_4168a6e9,1.0,20,9,wind,4,PW,MW,true,,D020_H09,4,4,3367,3367
20260811_121452_stage_B_2C_4168a6e9,1.0,20,9,wind,5,PW,MW,true,,D020_H09,5,5,3368,3368
20260811_121452_stage_B_2C_4168a6e9,1.0,20,9,solar,1,PP,MW,true,,D020_H09,6,6,3369,3369
20260811_121452_stage_B_2C_4168a6e9,1.0,20,9,solar,2,PP,MW,true,,D020_H09,7,7,3370,3370
20260811_121452_stage_B_2C_4168a6e9,1.0,20,9,solar,3,PP,MW,true,,D020_H09,8,8,3371,3371
20260811_121452_stage_B_2C_4168a6e9,1.0,20,9,solar,4,PP,MW,true,,D020_H09,9,9,3372,3372
20260811_121452_stage_B_2C_4168a6e9,1.0,20,9,solar,5,PP,MW,true,,D020_H09,10,10,3373,3373
20260811_121452_stage_B_2C_4168a6e9,1.0,20,9,hydro,1,PH,MW,true,,D020_H09,11,11,3374,3374
20260811_121452_stage_B_2C_4168a6e9,1.0,20,9,hydro,2,PH,MW,true,,D020_H09,12,12,3375,3375
20260811_121452_stage_B_2C_4168a6e9,1.0,20,9,hydro,3,PH,MW,true,,D020_H09,13,13,3376,3376
20260811_121452_stage_B_2C_4168a6e9,1.0,20,9,hydro,4,PH,MW,true,,D020_H09,14,14,3377,3377
20260811_121452_stage_B_2C_4168a6e9,1.0,20,9,thermal,1,PF,MW,true,,D020_H09,15,15,3378,3378
20260811_121452_stage_B_2C_4168a6e9,1.0,20,9,thermal,2,PF,MW,true,,D020_H09,16,16,3379,3379
20260811_121452_stage_B_2C_4168a6e9,1.0,20,9,thermal,3,PF,MW,true,,D020_H09,17,17,3380,3380
20260811_121452_stage_B_2C_4168a6e9,1.0,20,9,thermal,4,PF,MW,true,,D020_H09,18,18,3381,3381
20260811_121452_stage_B_2C_4168a6e9,1.0,20,9,storage,1,Pch,MW,true,,D020_H09,19,19,3382,3382
20260811_121452_stage_B_2C_4168a6e9,1.0,20,9,storage,2,Pch,MW,true,,D020_H09,20,20,3383,3383
20260811_121452_stage_B_2C_4168a6e9,1.0,20,9,storage,1,Pdis,MW,true,,D020_H09,21,21,3384,3384
20260811_121452_stage_B_2C_4168a6e9,1.0,20,9,storage,2,Pdis,MW,true,,D020_H09,22,22,3385,3385
20260811_121452_stage_B_2C_4168a6e9,1.0,20,9,storage,1,SOC,MWh,true,,D020_H09,23,23,3386,3386
20260811_121452_stage_B_2C_4168a6e9,1.0,20,9,storage,2,SOC,MWh,true,,D020_H09,24,24,3387,3387
20260811_121452_stage_B_2C_4168a6e9,1.0,20,10,wind,1,PW,MW,true,,D020_H10,1,1,3388,3388
20260811_121452_stage_B_2C_4168a6e9,1.0,20,10,wind,2,PW,MW,true,,D020_H10,2,2,3389,3389
20260811_121452_stage_B_2C_4168a6e9,1.0,20,10,wind,3,PW,MW,true,,D020_H10,3,3,3390,3390
20260811_121452_stage_B_2C_4168a6e9,1.0,20,10,wind,4,PW,MW,true,,D020_H10,4,4,3391,3391
20260811_121452_stage_B_2C_4168a6e9,1.0,20,10,wind,5,PW,MW,true,,D020_H10,5,5,3392,3392
20260811_121452_stage_B_2C_4168a6e9,1.0,20,10,solar,1,PP,MW,true,,D020_H10,6,6,3393,3393
20260811_121452_stage_B_2C_4168a6e9,1.0,20,10,solar,2,PP,MW,true,,D020_H10,7,7,3394,3394
20260811_121452_stage_B_2C_4168a6e9,1.0,20,10,solar,3,PP,MW,true,,D020_H10,8,8,3395,3395
20260811_121452_stage_B_2C_4168a6e9,1.0,20,10,solar,4,PP,MW,true,,D020_H10,9,9,3396,3396
20260811_121452_stage_B_2C_4168a6e9,1.0,20,10,solar,5,PP,MW,true,,D020_H10,10,10,3397,3397
20260811_121452_stage_B_2C_4168a6e9,1.0,20,10,hydro,1,PH,MW,true,,D020_H10,11,11,3398,3398
20260811_121452_stage_B_2C_4168a6e9,1.0,20,10,hydro,2,PH,MW,true,,D020_H10,12,12,3399,3399
20260811_121452_stage_B_2C_4168a6e9,1.0,20,10,hydro,3,PH,MW,true,,D020_H10,13,13,3400,3400
20260811_121452_stage_B_2C_4168a6e9,1.0,20,10,hydro,4,PH,MW,true,,D020_H10,14,14,3401,3401
20260811_121452_stage_B_2C_4168a6e9,1.0,20,10,thermal,1,PF,MW,true,,D020_H10,15,15,3402,3402
20260811_121452_stage_B_2C_4168a6e9,1.0,20,10,thermal,2,PF,MW,true,,D020_H10,16,16,3403,3403
20260811_121452_stage_B_2C_4168a6e9,1.0,20,10,thermal,3,PF,MW,true,,D020_H10,17,17,3404,3404
20260811_121452_stage_B_2C_4168a6e9,1.0,20,10,thermal,4,PF,MW,true,,D020_H10,18,18,3405,3405
20260811_121452_stage_B_2C_4168a6e9,1.0,20,10,storage,1,Pch,MW,true,,D020_H10,19,19,3406,3406
20260811_121452_stage_B_2C_4168a6e9,1.0,20,10,storage,2,Pch,MW,true,,D020_H10,20,20,3407,3407
20260811_121452_stage_B_2C_4168a6e9,1.0,20,10,storage,1,Pdis,MW,true,,D020_H10,21,21,3408,3408
20260811_121452_stage_B_2C_4168a6e9,1.0,20,10,storage,2,Pdis,MW,true,,D020_H10,22,22,3409,3409
20260811_121452_stage_B_2C_4168a6e9,1.0,20,10,storage,1,SOC,MWh,true,,D020_H10,23,23,3410,3410
20260811_121452_stage_B_2C_4168a6e9,1.0,20,10,storage,2,SOC,MWh,true,,D020_H10,24,24,3411,3411
20260811_121452_stage_B_2C_4168a6e9,1.0,20,11,wind,1,PW,MW,true,,D020_H11,1,1,3412,3412
20260811_121452_stage_B_2C_4168a6e9,1.0,20,11,wind,2,PW,MW,true,,D020_H11,2,2,3413,3413
20260811_121452_stage_B_2C_4168a6e9,1.0,20,11,wind,3,PW,MW,true,,D020_H11,3,3,3414,3414
20260811_121452_stage_B_2C_4168a6e9,1.0,20,11,wind,4,PW,MW,true,,D020_H11,4,4,3415,3415
20260811_121452_stage_B_2C_4168a6e9,1.0,20,11,wind,5,PW,MW,true,,D020_H11,5,5,3416,3416
20260811_121452_stage_B_2C_4168a6e9,1.0,20,11,solar,1,PP,MW,true,,D020_H11,6,6,3417,3417
20260811_121452_stage_B_2C_4168a6e9,1.0,20,11,solar,2,PP,MW,true,,D020_H11,7,7,3418,3418
20260811_121452_stage_B_2C_4168a6e9,1.0,20,11,solar,3,PP,MW,true,,D020_H11,8,8,3419,3419
20260811_121452_stage_B_2C_4168a6e9,1.0,20,11,solar,4,PP,MW,true,,D020_H11,9,9,3420,3420
20260811_121452_stage_B_2C_4168a6e9,1.0,20,11,solar,5,PP,MW,true,,D020_H11,10,10,3421,3421
20260811_121452_stage_B_2C_4168a6e9,1.0,20,11,hydro,1,PH,MW,true,,D020_H11,11,11,3422,3422
20260811_121452_stage_B_2C_4168a6e9,1.0,20,11,hydro,2,PH,MW,true,,D020_H11,12,12,3423,3423
20260811_121452_stage_B_2C_4168a6e9,1.0,20,11,hydro,3,PH,MW,true,,D020_H11,13,13,3424,3424
20260811_121452_stage_B_2C_4168a6e9,1.0,20,11,hydro,4,PH,MW,true,,D020_H11,14,14,3425,3425
20260811_121452_stage_B_2C_4168a6e9,1.0,20,11,thermal,1,PF,MW,true,,D020_H11,15,15,3426,3426
20260811_121452_stage_B_2C_4168a6e9,1.0,20,11,thermal,2,PF,MW,true,,D020_H11,16,16,3427,3427
20260811_121452_stage_B_2C_4168a6e9,1.0,20,11,thermal,3,PF,MW,true,,D020_H11,17,17,3428,3428
20260811_121452_stage_B_2C_4168a6e9,1.0,20,11,thermal,4,PF,MW,true,,D020_H11,18,18,3429,3429
20260811_121452_stage_B_2C_4168a6e9,1.0,20,11,storage,1,Pch,MW,true,,D020_H11,19,19,3430,3430
20260811_121452_stage_B_2C_4168a6e9,1.0,20,11,storage,2,Pch,MW,true,,D020_H11,20,20,3431,3431
20260811_121452_stage_B_2C_4168a6e9,1.0,20,11,storage,1,Pdis,MW,true,,D020_H11,21,21,3432,3432
20260811_121452_stage_B_2C_4168a6e9,1.0,20,11,storage,2,Pdis,MW,true,,D020_H11,22,22,3433,3433
20260811_121452_stage_B_2C_4168a6e9,1.0,20,11,storage,1,SOC,MWh,true,,D020_H11,23,23,3434,3434
20260811_121452_stage_B_2C_4168a6e9,1.0,20,11,storage,2,SOC,MWh,true,,D020_H11,24,24,3435,3435
20260811_121452_stage_B_2C_4168a6e9,1.0,20,12,wind,1,PW,MW,true,,D020_H12,1,1,3436,3436
20260811_121452_stage_B_2C_4168a6e9,1.0,20,12,wind,2,PW,MW,true,,D020_H12,2,2,3437,3437
20260811_121452_stage_B_2C_4168a6e9,1.0,20,12,wind,3,PW,MW,true,,D020_H12,3,3,3438,3438
20260811_121452_stage_B_2C_4168a6e9,1.0,20,12,wind,4,PW,MW,true,,D020_H12,4,4,3439,3439
20260811_121452_stage_B_2C_4168a6e9,1.0,20,12,wind,5,PW,MW,true,,D020_H12,5,5,3440,3440
20260811_121452_stage_B_2C_4168a6e9,1.0,20,12,solar,1,PP,MW,true,,D020_H12,6,6,3441,3441
20260811_121452_stage_B_2C_4168a6e9,1.0,20,12,solar,2,PP,MW,true,,D020_H12,7,7,3442,3442
20260811_121452_stage_B_2C_4168a6e9,1.0,20,12,solar,3,PP,MW,true,,D020_H12,8,8,3443,3443
20260811_121452_stage_B_2C_4168a6e9,1.0,20,12,solar,4,PP,MW,true,,D020_H12,9,9,3444,3444
20260811_121452_stage_B_2C_4168a6e9,1.0,20,12,solar,5,PP,MW,true,,D020_H12,10,10,3445,3445
20260811_121452_stage_B_2C_4168a6e9,1.0,20,12,hydro,1,PH,MW,true,,D020_H12,11,11,3446,3446
20260811_121452_stage_B_2C_4168a6e9,1.0,20,12,hydro,2,PH,MW,true,,D020_H12,12,12,3447,3447
20260811_121452_stage_B_2C_4168a6e9,1.0,20,12,hydro,3,PH,MW,true,,D020_H12,13,13,3448,3448
20260811_121452_stage_B_2C_4168a6e9,1.0,20,12,hydro,4,PH,MW,true,,D020_H12,14,14,3449,3449
20260811_121452_stage_B_2C_4168a6e9,1.0,20,12,thermal,1,PF,MW,true,,D020_H12,15,15,3450,3450
20260811_121452_stage_B_2C_4168a6e9,1.0,20,12,thermal,2,PF,MW,true,,D020_H12,16,16,3451,3451
20260811_121452_stage_B_2C_4168a6e9,1.0,20,12,thermal,3,PF,MW,true,,D020_H12,17,17,3452,3452
20260811_121452_stage_B_2C_4168a6e9,1.0,20,12,thermal,4,PF,MW,true,,D020_H12,18,18,3453,3453
20260811_121452_stage_B_2C_4168a6e9,1.0,20,12,storage,1,Pch,MW,true,,D020_H12,19,19,3454,3454
20260811_121452_stage_B_2C_4168a6e9,1.0,20,12,storage,2,Pch,MW,true,,D020_H12,20,20,3455,3455
20260811_121452_stage_B_2C_4168a6e9,1.0,20,12,storage,1,Pdis,MW,true,,D020_H12,21,21,3456,3456
20260811_121452_stage_B_2C_4168a6e9,1.0,20,12,storage,2,Pdis,MW,true,,D020_H12,22,22,3457,3457
20260811_121452_stage_B_2C_4168a6e9,1.0,20,12,storage,1,SOC,MWh,true,,D020_H12,23,23,3458,3458
20260811_121452_stage_B_2C_4168a6e9,1.0,20,12,storage,2,SOC,MWh,true,,D020_H12,24,24,3459,3459
20260811_121452_stage_B_2C_4168a6e9,1.0,20,13,wind,1,PW,MW,true,,D020_H13,1,1,3460,3460
20260811_121452_stage_B_2C_4168a6e9,1.0,20,13,wind,2,PW,MW,true,,D020_H13,2,2,3461,3461
20260811_121452_stage_B_2C_4168a6e9,1.0,20,13,wind,3,PW,MW,true,,D020_H13,3,3,3462,3462
20260811_121452_stage_B_2C_4168a6e9,1.0,20,13,wind,4,PW,MW,true,,D020_H13,4,4,3463,3463
20260811_121452_stage_B_2C_4168a6e9,1.0,20,13,wind,5,PW,MW,true,,D020_H13,5,5,3464,3464
20260811_121452_stage_B_2C_4168a6e9,1.0,20,13,solar,1,PP,MW,true,,D020_H13,6,6,3465,3465
20260811_121452_stage_B_2C_4168a6e9,1.0,20,13,solar,2,PP,MW,true,,D020_H13,7,7,3466,3466
20260811_121452_stage_B_2C_4168a6e9,1.0,20,13,solar,3,PP,MW,true,,D020_H13,8,8,3467,3467
20260811_121452_stage_B_2C_4168a6e9,1.0,20,13,solar,4,PP,MW,true,,D020_H13,9,9,3468,3468
20260811_121452_stage_B_2C_4168a6e9,1.0,20,13,solar,5,PP,MW,true,,D020_H13,10,10,3469,3469
20260811_121452_stage_B_2C_4168a6e9,1.0,20,13,hydro,1,PH,MW,true,,D020_H13,11,11,3470,3470
20260811_121452_stage_B_2C_4168a6e9,1.0,20,13,hydro,2,PH,MW,true,,D020_H13,12,12,3471,3471
20260811_121452_stage_B_2C_4168a6e9,1.0,20,13,hydro,3,PH,MW,true,,D020_H13,13,13,3472,3472
20260811_121452_stage_B_2C_4168a6e9,1.0,20,13,hydro,4,PH,MW,true,,D020_H13,14,14,3473,3473
20260811_121452_stage_B_2C_4168a6e9,1.0,20,13,thermal,1,PF,MW,true,,D020_H13,15,15,3474,3474
20260811_121452_stage_B_2C_4168a6e9,1.0,20,13,thermal,2,PF,MW,true,,D020_H13,16,16,3475,3475
20260811_121452_stage_B_2C_4168a6e9,1.0,20,13,thermal,3,PF,MW,true,,D020_H13,17,17,3476,3476
20260811_121452_stage_B_2C_4168a6e9,1.0,20,13,thermal,4,PF,MW,true,,D020_H13,18,18,3477,3477
20260811_121452_stage_B_2C_4168a6e9,1.0,20,13,storage,1,Pch,MW,true,,D020_H13,19,19,3478,3478
20260811_121452_stage_B_2C_4168a6e9,1.0,20,13,storage,2,Pch,MW,true,,D020_H13,20,20,3479,3479
20260811_121452_stage_B_2C_4168a6e9,1.0,20,13,storage,1,Pdis,MW,true,,D020_H13,21,21,3480,3480
20260811_121452_stage_B_2C_4168a6e9,1.0,20,13,storage,2,Pdis,MW,true,,D020_H13,22,22,3481,3481
20260811_121452_stage_B_2C_4168a6e9,1.0,20,13,storage,1,SOC,MWh,true,,D020_H13,23,23,3482,3482
20260811_121452_stage_B_2C_4168a6e9,1.0,20,13,storage,2,SOC,MWh,true,,D020_H13,24,24,3483,3483
20260811_121452_stage_B_2C_4168a6e9,1.0,20,14,wind,1,PW,MW,true,,D020_H14,1,1,3484,3484
20260811_121452_stage_B_2C_4168a6e9,1.0,20,14,wind,2,PW,MW,true,,D020_H14,2,2,3485,3485
20260811_121452_stage_B_2C_4168a6e9,1.0,20,14,wind,3,PW,MW,true,,D020_H14,3,3,3486,3486
20260811_121452_stage_B_2C_4168a6e9,1.0,20,14,wind,4,PW,MW,true,,D020_H14,4,4,3487,3487
20260811_121452_stage_B_2C_4168a6e9,1.0,20,14,wind,5,PW,MW,true,,D020_H14,5,5,3488,3488
20260811_121452_stage_B_2C_4168a6e9,1.0,20,14,solar,1,PP,MW,true,,D020_H14,6,6,3489,3489
20260811_121452_stage_B_2C_4168a6e9,1.0,20,14,solar,2,PP,MW,true,,D020_H14,7,7,3490,3490
20260811_121452_stage_B_2C_4168a6e9,1.0,20,14,solar,3,PP,MW,true,,D020_H14,8,8,3491,3491
20260811_121452_stage_B_2C_4168a6e9,1.0,20,14,solar,4,PP,MW,true,,D020_H14,9,9,3492,3492
20260811_121452_stage_B_2C_4168a6e9,1.0,20,14,solar,5,PP,MW,true,,D020_H14,10,10,3493,3493
20260811_121452_stage_B_2C_4168a6e9,1.0,20,14,hydro,1,PH,MW,true,,D020_H14,11,11,3494,3494
20260811_121452_stage_B_2C_4168a6e9,1.0,20,14,hydro,2,PH,MW,true,,D020_H14,12,12,3495,3495
20260811_121452_stage_B_2C_4168a6e9,1.0,20,14,hydro,3,PH,MW,true,,D020_H14,13,13,3496,3496
20260811_121452_stage_B_2C_4168a6e9,1.0,20,14,hydro,4,PH,MW,true,,D020_H14,14,14,3497,3497
20260811_121452_stage_B_2C_4168a6e9,1.0,20,14,thermal,1,PF,MW,true,,D020_H14,15,15,3498,3498
20260811_121452_stage_B_2C_4168a6e9,1.0,20,14,thermal,2,PF,MW,true,,D020_H14,16,16,3499,3499
20260811_121452_stage_B_2C_4168a6e9,1.0,20,14,thermal,3,PF,MW,true,,D020_H14,17,17,3500,3500
20260811_121452_stage_B_2C_4168a6e9,1.0,20,14,thermal,4,PF,MW,true,,D020_H14,18,18,3501,3501
20260811_121452_stage_B_2C_4168a6e9,1.0,20,14,storage,1,Pch,MW,true,,D020_H14,19,19,3502,3502
20260811_121452_stage_B_2C_4168a6e9,1.0,20,14,storage,2,Pch,MW,true,,D020_H14,20,20,3503,3503
20260811_121452_stage_B_2C_4168a6e9,1.0,20,14,storage,1,Pdis,MW,true,,D020_H14,21,21,3504,3504
20260811_121452_stage_B_2C_4168a6e9,1.0,20,14,storage,2,Pdis,MW,true,,D020_H14,22,22,3505,3505
20260811_121452_stage_B_2C_4168a6e9,1.0,20,14,storage,1,SOC,MWh,true,,D020_H14,23,23,3506,3506
20260811_121452_stage_B_2C_4168a6e9,1.0,20,14,storage,2,SOC,MWh,true,,D020_H14,24,24,3507,3507
20260811_121452_stage_B_2C_4168a6e9,1.0,20,15,wind,1,PW,MW,true,,D020_H15,1,1,3508,3508
20260811_121452_stage_B_2C_4168a6e9,1.0,20,15,wind,2,PW,MW,true,,D020_H15,2,2,3509,3509
20260811_121452_stage_B_2C_4168a6e9,1.0,20,15,wind,3,PW,MW,true,,D020_H15,3,3,3510,3510
20260811_121452_stage_B_2C_4168a6e9,1.0,20,15,wind,4,PW,MW,true,,D020_H15,4,4,3511,3511
20260811_121452_stage_B_2C_4168a6e9,1.0,20,15,wind,5,PW,MW,true,,D020_H15,5,5,3512,3512
20260811_121452_stage_B_2C_4168a6e9,1.0,20,15,solar,1,PP,MW,true,,D020_H15,6,6,3513,3513
20260811_121452_stage_B_2C_4168a6e9,1.0,20,15,solar,2,PP,MW,true,,D020_H15,7,7,3514,3514
20260811_121452_stage_B_2C_4168a6e9,1.0,20,15,solar,3,PP,MW,true,,D020_H15,8,8,3515,3515
20260811_121452_stage_B_2C_4168a6e9,1.0,20,15,solar,4,PP,MW,true,,D020_H15,9,9,3516,3516
20260811_121452_stage_B_2C_4168a6e9,1.0,20,15,solar,5,PP,MW,true,,D020_H15,10,10,3517,3517
20260811_121452_stage_B_2C_4168a6e9,1.0,20,15,hydro,1,PH,MW,true,,D020_H15,11,11,3518,3518
20260811_121452_stage_B_2C_4168a6e9,1.0,20,15,hydro,2,PH,MW,true,,D020_H15,12,12,3519,3519
20260811_121452_stage_B_2C_4168a6e9,1.0,20,15,hydro,3,PH,MW,true,,D020_H15,13,13,3520,3520
20260811_121452_stage_B_2C_4168a6e9,1.0,20,15,hydro,4,PH,MW,true,,D020_H15,14,14,3521,3521
20260811_121452_stage_B_2C_4168a6e9,1.0,20,15,thermal,1,PF,MW,true,,D020_H15,15,15,3522,3522
20260811_121452_stage_B_2C_4168a6e9,1.0,20,15,thermal,2,PF,MW,true,,D020_H15,16,16,3523,3523
20260811_121452_stage_B_2C_4168a6e9,1.0,20,15,thermal,3,PF,MW,true,,D020_H15,17,17,3524,3524
20260811_121452_stage_B_2C_4168a6e9,1.0,20,15,thermal,4,PF,MW,true,,D020_H15,18,18,3525,3525
20260811_121452_stage_B_2C_4168a6e9,1.0,20,15,storage,1,Pch,MW,true,,D020_H15,19,19,3526,3526
20260811_121452_stage_B_2C_4168a6e9,1.0,20,15,storage,2,Pch,MW,true,,D020_H15,20,20,3527,3527
20260811_121452_stage_B_2C_4168a6e9,1.0,20,15,storage,1,Pdis,MW,true,,D020_H15,21,21,3528,3528
20260811_121452_stage_B_2C_4168a6e9,1.0,20,15,storage,2,Pdis,MW,true,,D020_H15,22,22,3529,3529
20260811_121452_stage_B_2C_4168a6e9,1.0,20,15,storage,1,SOC,MWh,true,,D020_H15,23,23,3530,3530
20260811_121452_stage_B_2C_4168a6e9,1.0,20,15,storage,2,SOC,MWh,true,,D020_H15,24,24,3531,3531
20260811_121452_stage_B_2C_4168a6e9,1.0,20,16,wind,1,PW,MW,true,,D020_H16,1,1,3532,3532
20260811_121452_stage_B_2C_4168a6e9,1.0,20,16,wind,2,PW,MW,true,,D020_H16,2,2,3533,3533
20260811_121452_stage_B_2C_4168a6e9,1.0,20,16,wind,3,PW,MW,true,,D020_H16,3,3,3534,3534
20260811_121452_stage_B_2C_4168a6e9,1.0,20,16,wind,4,PW,MW,true,,D020_H16,4,4,3535,3535
20260811_121452_stage_B_2C_4168a6e9,1.0,20,16,wind,5,PW,MW,true,,D020_H16,5,5,3536,3536
20260811_121452_stage_B_2C_4168a6e9,1.0,20,16,solar,1,PP,MW,true,,D020_H16,6,6,3537,3537
20260811_121452_stage_B_2C_4168a6e9,1.0,20,16,solar,2,PP,MW,true,,D020_H16,7,7,3538,3538
20260811_121452_stage_B_2C_4168a6e9,1.0,20,16,solar,3,PP,MW,true,,D020_H16,8,8,3539,3539
20260811_121452_stage_B_2C_4168a6e9,1.0,20,16,solar,4,PP,MW,true,,D020_H16,9,9,3540,3540
20260811_121452_stage_B_2C_4168a6e9,1.0,20,16,solar,5,PP,MW,true,,D020_H16,10,10,3541,3541
20260811_121452_stage_B_2C_4168a6e9,1.0,20,16,hydro,1,PH,MW,true,,D020_H16,11,11,3542,3542
20260811_121452_stage_B_2C_4168a6e9,1.0,20,16,hydro,2,PH,MW,true,,D020_H16,12,12,3543,3543
20260811_121452_stage_B_2C_4168a6e9,1.0,20,16,hydro,3,PH,MW,true,,D020_H16,13,13,3544,3544
20260811_121452_stage_B_2C_4168a6e9,1.0,20,16,hydro,4,PH,MW,true,,D020_H16,14,14,3545,3545
20260811_121452_stage_B_2C_4168a6e9,1.0,20,16,thermal,1,PF,MW,true,,D020_H16,15,15,3546,3546
20260811_121452_stage_B_2C_4168a6e9,1.0,20,16,thermal,2,PF,MW,true,,D020_H16,16,16,3547,3547
20260811_121452_stage_B_2C_4168a6e9,1.0,20,16,thermal,3,PF,MW,true,,D020_H16,17,17,3548,3548
20260811_121452_stage_B_2C_4168a6e9,1.0,20,16,thermal,4,PF,MW,true,,D020_H16,18,18,3549,3549
20260811_121452_stage_B_2C_4168a6e9,1.0,20,16,storage,1,Pch,MW,true,,D020_H16,19,19,3550,3550
20260811_121452_stage_B_2C_4168a6e9,1.0,20,16,storage,2,Pch,MW,true,,D020_H16,20,20,3551,3551
20260811_121452_stage_B_2C_4168a6e9,1.0,20,16,storage,1,Pdis,MW,true,,D020_H16,21,21,3552,3552
20260811_121452_stage_B_2C_4168a6e9,1.0,20,16,storage,2,Pdis,MW,true,,D020_H16,22,22,3553,3553
20260811_121452_stage_B_2C_4168a6e9,1.0,20,16,storage,1,SOC,MWh,true,,D020_H16,23,23,3554,3554
20260811_121452_stage_B_2C_4168a6e9,1.0,20,16,storage,2,SOC,MWh,true,,D020_H16,24,24,3555,3555
20260811_121452_stage_B_2C_4168a6e9,1.0,20,17,wind,1,PW,MW,true,,D020_H17,1,1,3556,3556
20260811_121452_stage_B_2C_4168a6e9,1.0,20,17,wind,2,PW,MW,true,,D020_H17,2,2,3557,3557
20260811_121452_stage_B_2C_4168a6e9,1.0,20,17,wind,3,PW,MW,true,,D020_H17,3,3,3558,3558
20260811_121452_stage_B_2C_4168a6e9,1.0,20,17,wind,4,PW,MW,true,,D020_H17,4,4,3559,3559
20260811_121452_stage_B_2C_4168a6e9,1.0,20,17,wind,5,PW,MW,true,,D020_H17,5,5,3560,3560
20260811_121452_stage_B_2C_4168a6e9,1.0,20,17,solar,1,PP,MW,true,,D020_H17,6,6,3561,3561
20260811_121452_stage_B_2C_4168a6e9,1.0,20,17,solar,2,PP,MW,true,,D020_H17,7,7,3562,3562
20260811_121452_stage_B_2C_4168a6e9,1.0,20,17,solar,3,PP,MW,true,,D020_H17,8,8,3563,3563
20260811_121452_stage_B_2C_4168a6e9,1.0,20,17,solar,4,PP,MW,true,,D020_H17,9,9,3564,3564
20260811_121452_stage_B_2C_4168a6e9,1.0,20,17,solar,5,PP,MW,true,,D020_H17,10,10,3565,3565
20260811_121452_stage_B_2C_4168a6e9,1.0,20,17,hydro,1,PH,MW,true,,D020_H17,11,11,3566,3566
20260811_121452_stage_B_2C_4168a6e9,1.0,20,17,hydro,2,PH,MW,true,,D020_H17,12,12,3567,3567
20260811_121452_stage_B_2C_4168a6e9,1.0,20,17,hydro,3,PH,MW,true,,D020_H17,13,13,3568,3568
20260811_121452_stage_B_2C_4168a6e9,1.0,20,17,hydro,4,PH,MW,true,,D020_H17,14,14,3569,3569
20260811_121452_stage_B_2C_4168a6e9,1.0,20,17,thermal,1,PF,MW,true,,D020_H17,15,15,3570,3570
20260811_121452_stage_B_2C_4168a6e9,1.0,20,17,thermal,2,PF,MW,true,,D020_H17,16,16,3571,3571
20260811_121452_stage_B_2C_4168a6e9,1.0,20,17,thermal,3,PF,MW,true,,D020_H17,17,17,3572,3572
20260811_121452_stage_B_2C_4168a6e9,1.0,20,17,thermal,4,PF,MW,true,,D020_H17,18,18,3573,3573
20260811_121452_stage_B_2C_4168a6e9,1.0,20,17,storage,1,Pch,MW,true,,D020_H17,19,19,3574,3574
20260811_121452_stage_B_2C_4168a6e9,1.0,20,17,storage,2,Pch,MW,true,,D020_H17,20,20,3575,3575
20260811_121452_stage_B_2C_4168a6e9,1.0,20,17,storage,1,Pdis,MW,true,,D020_H17,21,21,3576,3576
20260811_121452_stage_B_2C_4168a6e9,1.0,20,17,storage,2,Pdis,MW,true,,D020_H17,22,22,3577,3577
20260811_121452_stage_B_2C_4168a6e9,1.0,20,17,storage,1,SOC,MWh,true,,D020_H17,23,23,3578,3578
20260811_121452_stage_B_2C_4168a6e9,1.0,20,17,storage,2,SOC,MWh,true,,D020_H17,24,24,3579,3579
20260811_121452_stage_B_2C_4168a6e9,1.0,20,18,wind,1,PW,MW,true,,D020_H18,1,1,3580,3580
20260811_121452_stage_B_2C_4168a6e9,1.0,20,18,wind,2,PW,MW,true,,D020_H18,2,2,3581,3581
20260811_121452_stage_B_2C_4168a6e9,1.0,20,18,wind,3,PW,MW,true,,D020_H18,3,3,3582,3582
20260811_121452_stage_B_2C_4168a6e9,1.0,20,18,wind,4,PW,MW,true,,D020_H18,4,4,3583,3583
20260811_121452_stage_B_2C_4168a6e9,1.0,20,18,wind,5,PW,MW,true,,D020_H18,5,5,3584,3584
20260811_121452_stage_B_2C_4168a6e9,1.0,20,18,solar,1,PP,MW,true,,D020_H18,6,6,3585,3585
20260811_121452_stage_B_2C_4168a6e9,1.0,20,18,solar,2,PP,MW,true,,D020_H18,7,7,3586,3586
20260811_121452_stage_B_2C_4168a6e9,1.0,20,18,solar,3,PP,MW,true,,D020_H18,8,8,3587,3587
20260811_121452_stage_B_2C_4168a6e9,1.0,20,18,solar,4,PP,MW,true,,D020_H18,9,9,3588,3588
20260811_121452_stage_B_2C_4168a6e9,1.0,20,18,solar,5,PP,MW,true,,D020_H18,10,10,3589,3589
20260811_121452_stage_B_2C_4168a6e9,1.0,20,18,hydro,1,PH,MW,true,,D020_H18,11,11,3590,3590
20260811_121452_stage_B_2C_4168a6e9,1.0,20,18,hydro,2,PH,MW,true,,D020_H18,12,12,3591,3591
20260811_121452_stage_B_2C_4168a6e9,1.0,20,18,hydro,3,PH,MW,true,,D020_H18,13,13,3592,3592
20260811_121452_stage_B_2C_4168a6e9,1.0,20,18,hydro,4,PH,MW,true,,D020_H18,14,14,3593,3593
20260811_121452_stage_B_2C_4168a6e9,1.0,20,18,thermal,1,PF,MW,true,,D020_H18,15,15,3594,3594
20260811_121452_stage_B_2C_4168a6e9,1.0,20,18,thermal,2,PF,MW,true,,D020_H18,16,16,3595,3595
20260811_121452_stage_B_2C_4168a6e9,1.0,20,18,thermal,3,PF,MW,true,,D020_H18,17,17,3596,3596
20260811_121452_stage_B_2C_4168a6e9,1.0,20,18,thermal,4,PF,MW,true,,D020_H18,18,18,3597,3597
20260811_121452_stage_B_2C_4168a6e9,1.0,20,18,storage,1,Pch,MW,true,,D020_H18,19,19,3598,3598
20260811_121452_stage_B_2C_4168a6e9,1.0,20,18,storage,2,Pch,MW,true,,D020_H18,20,20,3599,3599
20260811_121452_stage_B_2C_4168a6e9,1.0,20,18,storage,1,Pdis,MW,true,,D020_H18,21,21,3600,3600
20260811_121452_stage_B_2C_4168a6e9,1.0,20,18,storage,2,Pdis,MW,true,,D020_H18,22,22,3601,3601
20260811_121452_stage_B_2C_4168a6e9,1.0,20,18,storage,1,SOC,MWh,true,,D020_H18,23,23,3602,3602
20260811_121452_stage_B_2C_4168a6e9,1.0,20,18,storage,2,SOC,MWh,true,,D020_H18,24,24,3603,3603
20260811_121452_stage_B_2C_4168a6e9,1.0,20,19,wind,1,PW,MW,true,,D020_H19,1,1,3604,3604
20260811_121452_stage_B_2C_4168a6e9,1.0,20,19,wind,2,PW,MW,true,,D020_H19,2,2,3605,3605
20260811_121452_stage_B_2C_4168a6e9,1.0,20,19,wind,3,PW,MW,true,,D020_H19,3,3,3606,3606
20260811_121452_stage_B_2C_4168a6e9,1.0,20,19,wind,4,PW,MW,true,,D020_H19,4,4,3607,3607
20260811_121452_stage_B_2C_4168a6e9,1.0,20,19,wind,5,PW,MW,true,,D020_H19,5,5,3608,3608
20260811_121452_stage_B_2C_4168a6e9,1.0,20,19,solar,1,PP,MW,true,,D020_H19,6,6,3609,3609
20260811_121452_stage_B_2C_4168a6e9,1.0,20,19,solar,2,PP,MW,true,,D020_H19,7,7,3610,3610
20260811_121452_stage_B_2C_4168a6e9,1.0,20,19,solar,3,PP,MW,true,,D020_H19,8,8,3611,3611
20260811_121452_stage_B_2C_4168a6e9,1.0,20,19,solar,4,PP,MW,true,,D020_H19,9,9,3612,3612
20260811_121452_stage_B_2C_4168a6e9,1.0,20,19,solar,5,PP,MW,true,,D020_H19,10,10,3613,3613
20260811_121452_stage_B_2C_4168a6e9,1.0,20,19,hydro,1,PH,MW,true,,D020_H19,11,11,3614,3614
20260811_121452_stage_B_2C_4168a6e9,1.0,20,19,hydro,2,PH,MW,true,,D020_H19,12,12,3615,3615
20260811_121452_stage_B_2C_4168a6e9,1.0,20,19,hydro,3,PH,MW,true,,D020_H19,13,13,3616,3616
20260811_121452_stage_B_2C_4168a6e9,1.0,20,19,hydro,4,PH,MW,true,,D020_H19,14,14,3617,3617
20260811_121452_stage_B_2C_4168a6e9,1.0,20,19,thermal,1,PF,MW,true,,D020_H19,15,15,3618,3618
20260811_121452_stage_B_2C_4168a6e9,1.0,20,19,thermal,2,PF,MW,true,,D020_H19,16,16,3619,3619
20260811_121452_stage_B_2C_4168a6e9,1.0,20,19,thermal,3,PF,MW,true,,D020_H19,17,17,3620,3620
20260811_121452_stage_B_2C_4168a6e9,1.0,20,19,thermal,4,PF,MW,true,,D020_H19,18,18,3621,3621
20260811_121452_stage_B_2C_4168a6e9,1.0,20,19,storage,1,Pch,MW,true,,D020_H19,19,19,3622,3622
20260811_121452_stage_B_2C_4168a6e9,1.0,20,19,storage,2,Pch,MW,true,,D020_H19,20,20,3623,3623
20260811_121452_stage_B_2C_4168a6e9,1.0,20,19,storage,1,Pdis,MW,true,,D020_H19,21,21,3624,3624
20260811_121452_stage_B_2C_4168a6e9,1.0,20,19,storage,2,Pdis,MW,true,,D020_H19,22,22,3625,3625
20260811_121452_stage_B_2C_4168a6e9,1.0,20,19,storage,1,SOC,MWh,true,,D020_H19,23,23,3626,3626
20260811_121452_stage_B_2C_4168a6e9,1.0,20,19,storage,2,SOC,MWh,true,,D020_H19,24,24,3627,3627
20260811_121452_stage_B_2C_4168a6e9,1.0,20,20,wind,1,PW,MW,true,,D020_H20,1,1,3628,3628
20260811_121452_stage_B_2C_4168a6e9,1.0,20,20,wind,2,PW,MW,true,,D020_H20,2,2,3629,3629
20260811_121452_stage_B_2C_4168a6e9,1.0,20,20,wind,3,PW,MW,true,,D020_H20,3,3,3630,3630
20260811_121452_stage_B_2C_4168a6e9,1.0,20,20,wind,4,PW,MW,true,,D020_H20,4,4,3631,3631
20260811_121452_stage_B_2C_4168a6e9,1.0,20,20,wind,5,PW,MW,true,,D020_H20,5,5,3632,3632
20260811_121452_stage_B_2C_4168a6e9,1.0,20,20,hydro,1,PH,MW,true,,D020_H20,6,6,3633,3633
20260811_121452_stage_B_2C_4168a6e9,1.0,20,20,hydro,2,PH,MW,true,,D020_H20,7,7,3634,3634
20260811_121452_stage_B_2C_4168a6e9,1.0,20,20,hydro,3,PH,MW,true,,D020_H20,8,8,3635,3635
20260811_121452_stage_B_2C_4168a6e9,1.0,20,20,hydro,4,PH,MW,true,,D020_H20,9,9,3636,3636
20260811_121452_stage_B_2C_4168a6e9,1.0,20,20,thermal,1,PF,MW,true,,D020_H20,10,10,3637,3637
20260811_121452_stage_B_2C_4168a6e9,1.0,20,20,thermal,2,PF,MW,true,,D020_H20,11,11,3638,3638
20260811_121452_stage_B_2C_4168a6e9,1.0,20,20,thermal,3,PF,MW,true,,D020_H20,12,12,3639,3639
20260811_121452_stage_B_2C_4168a6e9,1.0,20,20,thermal,4,PF,MW,true,,D020_H20,13,13,3640,3640
20260811_121452_stage_B_2C_4168a6e9,1.0,20,20,storage,1,Pch,MW,true,,D020_H20,14,14,3641,3641
20260811_121452_stage_B_2C_4168a6e9,1.0,20,20,storage,2,Pch,MW,true,,D020_H20,15,15,3642,3642
20260811_121452_stage_B_2C_4168a6e9,1.0,20,20,storage,1,Pdis,MW,true,,D020_H20,16,16,3643,3643
20260811_121452_stage_B_2C_4168a6e9,1.0,20,20,storage,2,Pdis,MW,true,,D020_H20,17,17,3644,3644
20260811_121452_stage_B_2C_4168a6e9,1.0,20,20,storage,1,SOC,MWh,true,,D020_H20,18,18,3645,3645
20260811_121452_stage_B_2C_4168a6e9,1.0,20,20,storage,2,SOC,MWh,true,,D020_H20,19,19,3646,3646
20260811_121452_stage_B_2C_4168a6e9,1.0,20,21,wind,1,PW,MW,true,,D020_H21,1,1,3647,3647
20260811_121452_stage_B_2C_4168a6e9,1.0,20,21,wind,2,PW,MW,true,,D020_H21,2,2,3648,3648
20260811_121452_stage_B_2C_4168a6e9,1.0,20,21,wind,3,PW,MW,true,,D020_H21,3,3,3649,3649
20260811_121452_stage_B_2C_4168a6e9,1.0,20,21,wind,4,PW,MW,true,,D020_H21,4,4,3650,3650
20260811_121452_stage_B_2C_4168a6e9,1.0,20,21,wind,5,PW,MW,true,,D020_H21,5,5,3651,3651
20260811_121452_stage_B_2C_4168a6e9,1.0,20,21,hydro,1,PH,MW,true,,D020_H21,6,6,3652,3652
20260811_121452_stage_B_2C_4168a6e9,1.0,20,21,hydro,2,PH,MW,true,,D020_H21,7,7,3653,3653
20260811_121452_stage_B_2C_4168a6e9,1.0,20,21,hydro,3,PH,MW,true,,D020_H21,8,8,3654,3654
20260811_121452_stage_B_2C_4168a6e9,1.0,20,21,hydro,4,PH,MW,true,,D020_H21,9,9,3655,3655
20260811_121452_stage_B_2C_4168a6e9,1.0,20,21,thermal,1,PF,MW,true,,D020_H21,10,10,3656,3656
20260811_121452_stage_B_2C_4168a6e9,1.0,20,21,thermal,2,PF,MW,true,,D020_H21,11,11,3657,3657
20260811_121452_stage_B_2C_4168a6e9,1.0,20,21,thermal,3,PF,MW,true,,D020_H21,12,12,3658,3658
20260811_121452_stage_B_2C_4168a6e9,1.0,20,21,thermal,4,PF,MW,true,,D020_H21,13,13,3659,3659
20260811_121452_stage_B_2C_4168a6e9,1.0,20,21,storage,1,Pch,MW,true,,D020_H21,14,14,3660,3660
20260811_121452_stage_B_2C_4168a6e9,1.0,20,21,storage,2,Pch,MW,true,,D020_H21,15,15,3661,3661
20260811_121452_stage_B_2C_4168a6e9,1.0,20,21,storage,1,Pdis,MW,true,,D020_H21,16,16,3662,3662
20260811_121452_stage_B_2C_4168a6e9,1.0,20,21,storage,2,Pdis,MW,true,,D020_H21,17,17,3663,3663
20260811_121452_stage_B_2C_4168a6e9,1.0,20,21,storage,1,SOC,MWh,true,,D020_H21,18,18,3664,3664
20260811_121452_stage_B_2C_4168a6e9,1.0,20,21,storage,2,SOC,MWh,true,,D020_H21,19,19,3665,3665
20260811_121452_stage_B_2C_4168a6e9,1.0,20,22,wind,1,PW,MW,true,,D020_H22,1,1,3666,3666
20260811_121452_stage_B_2C_4168a6e9,1.0,20,22,wind,2,PW,MW,true,,D020_H22,2,2,3667,3667
20260811_121452_stage_B_2C_4168a6e9,1.0,20,22,wind,3,PW,MW,true,,D020_H22,3,3,3668,3668
20260811_121452_stage_B_2C_4168a6e9,1.0,20,22,wind,4,PW,MW,true,,D020_H22,4,4,3669,3669
20260811_121452_stage_B_2C_4168a6e9,1.0,20,22,wind,5,PW,MW,true,,D020_H22,5,5,3670,3670
20260811_121452_stage_B_2C_4168a6e9,1.0,20,22,hydro,1,PH,MW,true,,D020_H22,6,6,3671,3671
20260811_121452_stage_B_2C_4168a6e9,1.0,20,22,hydro,2,PH,MW,true,,D020_H22,7,7,3672,3672
20260811_121452_stage_B_2C_4168a6e9,1.0,20,22,hydro,3,PH,MW,true,,D020_H22,8,8,3673,3673
20260811_121452_stage_B_2C_4168a6e9,1.0,20,22,hydro,4,PH,MW,true,,D020_H22,9,9,3674,3674
20260811_121452_stage_B_2C_4168a6e9,1.0,20,22,thermal,1,PF,MW,true,,D020_H22,10,10,3675,3675
20260811_121452_stage_B_2C_4168a6e9,1.0,20,22,thermal,2,PF,MW,true,,D020_H22,11,11,3676,3676
20260811_121452_stage_B_2C_4168a6e9,1.0,20,22,thermal,3,PF,MW,true,,D020_H22,12,12,3677,3677
20260811_121452_stage_B_2C_4168a6e9,1.0,20,22,thermal,4,PF,MW,true,,D020_H22,13,13,3678,3678
20260811_121452_stage_B_2C_4168a6e9,1.0,20,22,storage,1,Pch,MW,true,,D020_H22,14,14,3679,3679
20260811_121452_stage_B_2C_4168a6e9,1.0,20,22,storage,2,Pch,MW,true,,D020_H22,15,15,3680,3680
20260811_121452_stage_B_2C_4168a6e9,1.0,20,22,storage,1,Pdis,MW,true,,D020_H22,16,16,3681,3681
20260811_121452_stage_B_2C_4168a6e9,1.0,20,22,storage,2,Pdis,MW,true,,D020_H22,17,17,3682,3682
20260811_121452_stage_B_2C_4168a6e9,1.0,20,22,storage,1,SOC,MWh,true,,D020_H22,18,18,3683,3683
20260811_121452_stage_B_2C_4168a6e9,1.0,20,22,storage,2,SOC,MWh,true,,D020_H22,19,19,3684,3684
20260811_121452_stage_B_2C_4168a6e9,1.0,20,23,wind,1,PW,MW,true,,D020_H23,1,1,3685,3685
20260811_121452_stage_B_2C_4168a6e9,1.0,20,23,wind,2,PW,MW,true,,D020_H23,2,2,3686,3686
20260811_121452_stage_B_2C_4168a6e9,1.0,20,23,wind,3,PW,MW,true,,D020_H23,3,3,3687,3687
20260811_121452_stage_B_2C_4168a6e9,1.0,20,23,wind,4,PW,MW,true,,D020_H23,4,4,3688,3688
20260811_121452_stage_B_2C_4168a6e9,1.0,20,23,wind,5,PW,MW,true,,D020_H23,5,5,3689,3689
20260811_121452_stage_B_2C_4168a6e9,1.0,20,23,hydro,1,PH,MW,true,,D020_H23,6,6,3690,3690
20260811_121452_stage_B_2C_4168a6e9,1.0,20,23,hydro,2,PH,MW,true,,D020_H23,7,7,3691,3691
20260811_121452_stage_B_2C_4168a6e9,1.0,20,23,hydro,3,PH,MW,true,,D020_H23,8,8,3692,3692
20260811_121452_stage_B_2C_4168a6e9,1.0,20,23,hydro,4,PH,MW,true,,D020_H23,9,9,3693,3693
20260811_121452_stage_B_2C_4168a6e9,1.0,20,23,thermal,1,PF,MW,true,,D020_H23,10,10,3694,3694
20260811_121452_stage_B_2C_4168a6e9,1.0,20,23,thermal,2,PF,MW,true,,D020_H23,11,11,3695,3695
20260811_121452_stage_B_2C_4168a6e9,1.0,20,23,thermal,3,PF,MW,true,,D020_H23,12,12,3696,3696
20260811_121452_stage_B_2C_4168a6e9,1.0,20,23,thermal,4,PF,MW,true,,D020_H23,13,13,3697,3697
20260811_121452_stage_B_2C_4168a6e9,1.0,20,23,storage,1,Pch,MW,true,,D020_H23,14,14,3698,3698
20260811_121452_stage_B_2C_4168a6e9,1.0,20,23,storage,2,Pch,MW,true,,D020_H23,15,15,3699,3699
20260811_121452_stage_B_2C_4168a6e9,1.0,20,23,storage,1,Pdis,MW,true,,D020_H23,16,16,3700,3700
20260811_121452_stage_B_2C_4168a6e9,1.0,20,23,storage,2,Pdis,MW,true,,D020_H23,17,17,3701,3701
20260811_121452_stage_B_2C_4168a6e9,1.0,20,23,storage,1,SOC,MWh,true,,D020_H23,18,18,3702,3702
20260811_121452_stage_B_2C_4168a6e9,1.0,20,23,storage,2,SOC,MWh,true,,D020_H23,19,19,3703,3703
20260811_121452_stage_B_2C_4168a6e9,1.0,20,24,wind,1,PW,MW,true,,D020_H24,1,1,3704,3704
20260811_121452_stage_B_2C_4168a6e9,1.0,20,24,wind,2,PW,MW,true,,D020_H24,2,2,3705,3705
20260811_121452_stage_B_2C_4168a6e9,1.0,20,24,wind,3,PW,MW,true,,D020_H24,3,3,3706,3706
20260811_121452_stage_B_2C_4168a6e9,1.0,20,24,wind,4,PW,MW,true,,D020_H24,4,4,3707,3707
20260811_121452_stage_B_2C_4168a6e9,1.0,20,24,wind,5,PW,MW,true,,D020_H24,5,5,3708,3708
20260811_121452_stage_B_2C_4168a6e9,1.0,20,24,hydro,1,PH,MW,true,,D020_H24,6,6,3709,3709
20260811_121452_stage_B_2C_4168a6e9,1.0,20,24,hydro,2,PH,MW,true,,D020_H24,7,7,3710,3710
20260811_121452_stage_B_2C_4168a6e9,1.0,20,24,hydro,3,PH,MW,true,,D020_H24,8,8,3711,3711
20260811_121452_stage_B_2C_4168a6e9,1.0,20,24,hydro,4,PH,MW,true,,D020_H24,9,9,3712,3712
20260811_121452_stage_B_2C_4168a6e9,1.0,20,24,thermal,1,PF,MW,true,,D020_H24,10,10,3713,3713
20260811_121452_stage_B_2C_4168a6e9,1.0,20,24,thermal,2,PF,MW,true,,D020_H24,11,11,3714,3714
20260811_121452_stage_B_2C_4168a6e9,1.0,20,24,thermal,3,PF,MW,true,,D020_H24,12,12,3715,3715
20260811_121452_stage_B_2C_4168a6e9,1.0,20,24,thermal,4,PF,MW,true,,D020_H24,13,13,3716,3716
20260811_121452_stage_B_2C_4168a6e9,1.0,20,24,storage,1,Pch,MW,true,,D020_H24,14,14,3717,3717
20260811_121452_stage_B_2C_4168a6e9,1.0,20,24,storage,2,Pch,MW,true,,D020_H24,15,15,3718,3718
20260811_121452_stage_B_2C_4168a6e9,1.0,20,24,storage,1,Pdis,MW,true,,D020_H24,16,16,3719,3719
20260811_121452_stage_B_2C_4168a6e9,1.0,20,24,storage,2,Pdis,MW,true,,D020_H24,17,17,3720,3720
20260811_121452_stage_B_2C_4168a6e9,1.0,20,24,storage,1,SOC,MWh,true,,D020_H24,18,18,3721,3721
20260811_121452_stage_B_2C_4168a6e9,1.0,20,24,storage,2,SOC,MWh,true,,D020_H24,19,19,3722,3722
