run_id,solve_pass,day,hour,asset_type,asset_id,variable_name,physical_array_index,fixed_value,fixed_direction_value,reason,inequality_status
20260811_155000_stage_B_2C_30day_full_final,pass_1,1,1,solar,1,PP,"PP(1,1,1)",0,0,zero_availability,NOT_APPLICABLE_BOTH_BOUNDS
20260811_155000_stage_B_2C_30day_full_final,pass_1,1,1,solar,2,PP,"PP(1,2,1)",0,0,zero_availability,NOT_APPLICABLE_BOTH_BOUNDS
20260811_155000_stage_B_2C_30day_full_final,pass_1,1,1,solar,3,PP,"PP(1,3,1)",0,0,zero_availability,NOT_APPLICABLE_BOTH_BOUNDS
20260811_155000_stage_B_2C_30day_full_final,pass_1,1,1,solar,4,PP,"PP(1,4,1)",0,0,zero_availability,NOT_APPLICABLE_BOTH_BOUNDS
20260811_155000_stage_B_2C_30day_full_final,pass_1,1,1,solar,5,PP,"PP(1,5,1)",0,0,zero_availability,NOT_APPLICABLE_BOTH_BOUNDS
20260811_155000_stage_B_2C_30day_full_final,pass_1,1,2,solar,1,PP,"PP(1,1,2)",0,0,zero_availability,NOT_APPLICABLE_BOTH_BOUNDS
20260811_155000_stage_B_2C_30day_full_final,pass_1,1,2,solar,2,PP,"PP(1,2,2)",0,0,zero_availability,NOT_APPLICABLE_BOTH_BOUNDS
20260811_155000_stage_B_2C_30day_full_final,pass_1,1,2,solar,3,PP,"PP(1,3,2)",0,0,zero_availability,NOT_APPLICABLE_BOTH_BOUNDS
20260811_155000_stage_B_2C_30day_full_final,pass_1,1,2,solar,4,PP,"PP(1,4,2)",0,0,zero_availability,NOT_APPLICABLE_BOTH_BOUNDS
20260811_155000_stage_B_2C_30day_full_final,pass_1,1,2,solar,5,PP,"PP(1,5,2)",0,0,zero_availability,NOT_APPLICABLE_BOTH_BOUNDS
20260811_155000_stage_B_2C_30day_full_final,pass_1,1,3,solar,1,PP,"PP(1,1,3)",0,0,zero_availability,NOT_APPLICABLE_BOTH_BOUNDS
20260811_155000_stage_B_2C_30day_full_final,pass_1,1,3,solar,2,PP,"PP(1,2,3)",0,0,zero_availability,NOT_APPLICABLE_BOTH_BOUNDS
20260811_155000_stage_B_2C_30day_full_final,pass_1,1,3,solar,3,PP,"PP(1,3,3)",0,0,zero_availability,NOT_APPLICABLE_BOTH_BOUNDS
20260811_155000_stage_B_2C_30day_full_final,pass_1,1,3,solar,4,PP,"PP(1,4,3)",0,0,zero_availability,NOT_APPLICABLE_BOTH_BOUNDS
20260811_155000_stage_B_2C_30day_full_final,pass_1,1,3,solar,5,PP,"PP(1,5,3)",0,0,zero_availability,NOT_APPLICABLE_BOTH_BOUNDS
20260811_155000_stage_B_2C_30day_full_final,pass_1,1,4,solar,1,PP,"PP(1,1,4)",0,0,zero_availability,NOT_APPLICABLE_BOTH_BOUNDS
20260811_155000_stage_B_2C_30day_full_final,pass_1,1,4,solar,2,PP,"PP(1,2,4)",0,0,zero_availability,NOT_APPLICABLE_BOTH_BOUNDS
20260811_155000_stage_B_2C_30day_full_final,pass_1,1,4,solar,3,PP,"PP(1,3,4)",0,0,zero_availability,NOT_APPLICABLE_BOTH_BOUNDS
20260811_155000_stage_B_2C_30day_full_final,pass_1,1,4,solar,4,PP,"PP(1,4,4)",0,0,zero_availability,NOT_APPLICABLE_BOTH_BOUNDS
20260811_155000_stage_B_2C_30day_full_final,pass_1,1,4,solar,5,PP,"PP(1,5,4)",0,0,zero_availability,NOT_APPLICABLE_BOTH_BOUNDS
20260811_155000_stage_B_2C_30day_full_final,pass_1,1,5,solar,1,PP,"PP(1,1,5)",0,0,zero_availability,NOT_APPLICABLE_BOTH_BOUNDS
20260811_155000_stage_B_2C_30day_full_final,pass_1,1,5,solar,2,PP,"PP(1,2,5)",0,0,zero_availability,NOT_APPLICABLE_BOTH_BOUNDS
20260811_155000_stage_B_2C_30day_full_final,pass_1,1,5,solar,3,PP,"PP(1,3,5)",0,0,zero_availability,NOT_APPLICABLE_BOTH_BOUNDS
20260811_155000_stage_B_2C_30day_full_final,pass_1,1,5,solar,4,PP,"PP(1,4,5)",0,0,zero_availability,NOT_APPLICABLE_BOTH_BOUNDS
20260811_155000_stage_B_2C_30day_full_final,pass_1,1,5,solar,5,PP,"PP(1,5,5)",0,0,zero_availability,NOT_APPLICABLE_BOTH_BOUNDS
20260811_155000_stage_B_2C_30day_full_final,pass_1,1,6,solar,1,PP,"PP(1,1,6)",0,0,zero_availability,NOT_APPLICABLE_BOTH_BOUNDS
20260811_155000_stage_B_2C_30day_full_final,pass_1,1,6,solar,2,PP,"PP(1,2,6)",0,0,zero_availability,NOT_APPLICABLE_BOTH_BOUNDS
20260811_155000_stage_B_2C_30day_full_final,pass_1,1,6,solar,3,PP,"PP(1,3,6)",0,0,zero_availability,NOT_APPLICABLE_BOTH_BOUNDS
20260811_155000_stage_B_2C_30day_full_final,pass_1,1,6,solar,4,PP,"PP(1,4,6)",0,0,zero_availability,NOT_APPLICABLE_BOTH_BOUNDS
20260811_155000_stage_B_2C_30day_full_final,pass_1,1,6,solar,5,PP,"PP(1,5,6)",0,0,zero_availability,NOT_APPLICABLE_BOTH_BOUNDS
20260811_155000_stage_B_2C_30day_full_final,pass_1,1,7,solar,1,PP,"PP(1,1,7)",0,0,zero_availability,NOT_APPLICABLE_BOTH_BOUNDS
20260811_155000_stage_B_2C_30day_full_final,pass_1,1,7,solar,2,PP,"PP(1,2,7)",0,0,zero_availability,NOT_APPLICABLE_BOTH_BOUNDS
20260811_155000_stage_B_2C_30day_full_final,pass_1,1,7,solar,3,PP,"PP(1,3,7)",0,0,zero_availability,NOT_APPLICABLE_BOTH_BOUNDS
20260811_155000_stage_B_2C_30day_full_final,pass_1,1,7,solar,4,PP,"PP(1,4,7)",0,0,zero_availability,NOT_APPLICABLE_BOTH_BOUNDS
20260811_155000_stage_B_2C_30day_full_final,pass_1,1,7,solar,5,PP,"PP(1,5,7)",0,0,zero_availability,NOT_APPLICABLE_BOTH_BOUNDS
20260811_155000_stage_B_2C_30day_full_final,pass_1,1,20,solar,1,PP,"PP(1,1,20)",0,0,zero_availability,NOT_APPLICABLE_BOTH_BOUNDS
20260811_155000_stage_B_2C_30day_full_final,pass_1,1,20,solar,2,PP,"PP(1,2,20)",0,0,zero_availability,NOT_APPLICABLE_BOTH_BOUNDS
20260811_155000_stage_B_2C_30day_full_final,pass_1,1,20,solar,3,PP,"PP(1,3,20)",0,0,zero_availability,NOT_APPLICABLE_BOTH_BOUNDS
20260811_155000_stage_B_2C_30day_full_final,pass_1,1,20,solar,4,PP,"PP(1,4,20)",0,0,zero_availability,NOT_APPLICABLE_BOTH_BOUNDS
20260811_155000_stage_B_2C_30day_full_final,pass_1,1,20,solar,5,PP,"PP(1,5,20)",0,0,zero_availability,NOT_APPLICABLE_BOTH_BOUNDS
20260811_155000_stage_B_2C_30day_full_final,pass_1,1,21,solar,1,PP,"PP(1,1,21)",0,0,zero_availability,NOT_APPLICABLE_BOTH_BOUNDS
20260811_155000_stage_B_2C_30day_full_final,pass_1,1,21,solar,2,PP,"PP(1,2,21)",0,0,zero_availability,NOT_APPLICABLE_BOTH_BOUNDS
20260811_155000_stage_B_2C_30day_full_final,pass_1,1,21,solar,3,PP,"PP(1,3,21)",0,0,zero_availability,NOT_APPLICABLE_BOTH_BOUNDS
20260811_155000_stage_B_2C_30day_full_final,pass_1,1,21,solar,4,PP,"PP(1,4,21)",0,0,zero_availability,NOT_APPLICABLE_BOTH_BOUNDS
20260811_155000_stage_B_2C_30day_full_final,pass_1,1,21,solar,5,PP,"PP(1,5,21)",0,0,zero_availability,NOT_APPLICABLE_BOTH_BOUNDS
20260811_155000_stage_B_2C_30day_full_final,pass_1,1,22,solar,1,PP,"PP(1,1,22)",0,0,zero_availability,NOT_APPLICABLE_BOTH_BOUNDS
20260811_155000_stage_B_2C_30day_full_final,pass_1,1,22,solar,2,PP,"PP(1,2,22)",0,0,zero_availability,NOT_APPLICABLE_BOTH_BOUNDS
20260811_155000_stage_B_2C_30day_full_final,pass_1,1,22,solar,3,PP,"PP(1,3,22)",0,0,zero_availability,NOT_APPLICABLE_BOTH_BOUNDS
20260811_155000_stage_B_2C_30day_full_final,pass_1,1,22,solar,4,PP,"PP(1,4,22)",0,0,zero_availability,NOT_APPLICABLE_BOTH_BOUNDS
20260811_155000_stage_B_2C_30day_full_final,pass_1,1,22,solar,5,PP,"PP(1,5,22)",0,0,zero_availability,NOT_APPLICABLE_BOTH_BOUNDS
20260811_155000_stage_B_2C_30day_full_final,pass_1,1,23,solar,1,PP,"PP(1,1,23)",0,0,zero_availability,NOT_APPLICABLE_BOTH_BOUNDS
20260811_155000_stage_B_2C_30day_full_final,pass_1,1,23,solar,2,PP,"PP(1,2,23)",0,0,zero_availability,NOT_APPLICABLE_BOTH_BOUNDS
20260811_155000_stage_B_2C_30day_full_final,pass_1,1,23,solar,3,PP,"PP(1,3,23)",0,0,zero_availability,NOT_APPLICABLE_BOTH_BOUNDS
20260811_155000_stage_B_2C_30day_full_final,pass_1,1,23,solar,4,PP,"PP(1,4,23)",0,0,zero_availability,NOT_APPLICABLE_BOTH_BOUNDS
20260811_155000_stage_B_2C_30day_full_final,pass_1,1,23,solar,5,PP,"PP(1,5,23)",0,0,zero_availability,NOT_APPLICABLE_BOTH_BOUNDS
20260811_155000_stage_B_2C_30day_full_final,pass_1,1,24,solar,1,PP,"PP(1,1,24)",0,0,zero_availability,NOT_APPLICABLE_BOTH_BOUNDS
20260811_155000_stage_B_2C_30day_full_final,pass_1,1,24,solar,2,PP,"PP(1,2,24)",0,0,zero_availability,NOT_APPLICABLE_BOTH_BOUNDS
20260811_155000_stage_B_2C_30day_full_final,pass_1,1,24,solar,3,PP,"PP(1,3,24)",0,0,zero_availability,NOT_APPLICABLE_BOTH_BOUNDS
20260811_155000_stage_B_2C_30day_full_final,pass_1,1,24,solar,4,PP,"PP(1,4,24)",0,0,zero_availability,NOT_APPLICABLE_BOTH_BOUNDS
20260811_155000_stage_B_2C_30day_full_final,pass_1,1,24,solar,5,PP,"PP(1,5,24)",0,0,zero_availability,NOT_APPLICABLE_BOTH_BOUNDS
20260811_155000_stage_B_2C_30day_full_final,pass_1,2,1,solar,1,PP,"PP(2,1,1)",0,0,zero_availability,NOT_APPLICABLE_BOTH_BOUNDS
20260811_155000_stage_B_2C_30day_full_final,pass_1,2,1,solar,2,PP,"PP(2,2,1)",0,0,zero_availability,NOT_APPLICABLE_BOTH_BOUNDS
20260811_155000_stage_B_2C_30day_full_final,pass_1,2,1,solar,3,PP,"PP(2,3,1)",0,0,zero_availability,NOT_APPLICABLE_BOTH_BOUNDS
20260811_155000_stage_B_2C_30day_full_final,pass_1,2,1,solar,4,PP,"PP(2,4,1)",0,0,zero_availability,NOT_APPLICABLE_BOTH_BOUNDS
20260811_155000_stage_B_2C_30day_full_final,pass_1,2,1,solar,5,PP,"PP(2,5,1)",0,0,zero_availability,NOT_APPLICABLE_BOTH_BOUNDS
20260811_155000_stage_B_2C_30day_full_final,pass_1,2,2,solar,1,PP,"PP(2,1,2)",0,0,zero_availability,NOT_APPLICABLE_BOTH_BOUNDS
20260811_155000_stage_B_2C_30day_full_final,pass_1,2,2,solar,2,PP,"PP(2,2,2)",0,0,zero_availability,NOT_APPLICABLE_BOTH_BOUNDS
20260811_155000_stage_B_2C_30day_full_final,pass_1,2,2,solar,3,PP,"PP(2,3,2)",0,0,zero_availability,NOT_APPLICABLE_BOTH_BOUNDS
20260811_155000_stage_B_2C_30day_full_final,pass_1,2,2,solar,4,PP,"PP(2,4,2)",0,0,zero_availability,NOT_APPLICABLE_BOTH_BOUNDS
20260811_155000_stage_B_2C_30day_full_final,pass_1,2,2,solar,5,PP,"PP(2,5,2)",0,0,zero_availability,NOT_APPLICABLE_BOTH_BOUNDS
20260811_155000_stage_B_2C_30day_full_final,pass_1,2,3,solar,1,PP,"PP(2,1,3)",0,0,zero_availability,NOT_APPLICABLE_BOTH_BOUNDS
20260811_155000_stage_B_2C_30day_full_final,pass_1,2,3,solar,2,PP,"PP(2,2,3)",0,0,zero_availability,NOT_APPLICABLE_BOTH_BOUNDS
20260811_155000_stage_B_2C_30day_full_final,pass_1,2,3,solar,3,PP,"PP(2,3,3)",0,0,zero_availability,NOT_APPLICABLE_BOTH_BOUNDS
20260811_155000_stage_B_2C_30day_full_final,pass_1,2,3,solar,4,PP,"PP(2,4,3)",0,0,zero_availability,NOT_APPLICABLE_BOTH_BOUNDS
20260811_155000_stage_B_2C_30day_full_final,pass_1,2,3,solar,5,PP,"PP(2,5,3)",0,0,zero_availability,NOT_APPLICABLE_BOTH_BOUNDS
20260811_155000_stage_B_2C_30day_full_final,pass_1,2,4,solar,1,PP,"PP(2,1,4)",0,0,zero_availability,NOT_APPLICABLE_BOTH_BOUNDS
20260811_155000_stage_B_2C_30day_full_final,pass_1,2,4,solar,2,PP,"PP(2,2,4)",0,0,zero_availability,NOT_APPLICABLE_BOTH_BOUNDS
20260811_155000_stage_B_2C_30day_full_final,pass_1,2,4,solar,3,PP,"PP(2,3,4)",0,0,zero_availability,NOT_APPLICABLE_BOTH_BOUNDS
20260811_155000_stage_B_2C_30day_full_final,pass_1,2,4,solar,4,PP,"PP(2,4,4)",0,0,zero_availability,NOT_APPLICABLE_BOTH_BOUNDS
20260811_155000_stage_B_2C_30day_full_final,pass_1,2,4,solar,5,PP,"PP(2,5,4)",0,0,zero_availability,NOT_APPLICABLE_BOTH_BOUNDS
20260811_155000_stage_B_2C_30day_full_final,pass_1,2,5,solar,1,PP,"PP(2,1,5)",0,0,zero_availability,NOT_APPLICABLE_BOTH_BOUNDS
20260811_155000_stage_B_2C_30day_full_final,pass_1,2,5,solar,2,PP,"PP(2,2,5)",0,0,zero_availability,NOT_APPLICABLE_BOTH_BOUNDS
20260811_155000_stage_B_2C_30day_full_final,pass_1,2,5,solar,3,PP,"PP(2,3,5)",0,0,zero_availability,NOT_APPLICABLE_BOTH_BOUNDS
20260811_155000_stage_B_2C_30day_full_final,pass_1,2,5,solar,4,PP,"PP(2,4,5)",0,0,zero_availability,NOT_APPLICABLE_BOTH_BOUNDS
20260811_155000_stage_B_2C_30day_full_final,pass_1,2,5,solar,5,PP,"PP(2,5,5)",0,0,zero_availability,NOT_APPLICABLE_BOTH_BOUNDS
20260811_155000_stage_B_2C_30day_full_final,pass_1,2,6,solar,1,PP,"PP(2,1,6)",0,0,zero_availability,NOT_APPLICABLE_BOTH_BOUNDS
20260811_155000_stage_B_2C_30day_full_final,pass_1,2,6,solar,2,PP,"PP(2,2,6)",0,0,zero_availability,NOT_APPLICABLE_BOTH_BOUNDS
20260811_155000_stage_B_2C_30day_full_final,pass_1,2,6,solar,3,PP,"PP(2,3,6)",0,0,zero_availability,NOT_APPLICABLE_BOTH_BOUNDS
20260811_155000_stage_B_2C_30day_full_final,pass_1,2,6,solar,4,PP,"PP(2,4,6)",0,0,zero_availability,NOT_APPLICABLE_BOTH_BOUNDS
20260811_155000_stage_B_2C_30day_full_final,pass_1,2,6,solar,5,PP,"PP(2,5,6)",0,0,zero_availability,NOT_APPLICABLE_BOTH_BOUNDS
20260811_155000_stage_B_2C_30day_full_final,pass_1,2,7,solar,1,PP,"PP(2,1,7)",0,0,zero_availability,NOT_APPLICABLE_BOTH_BOUNDS
20260811_155000_stage_B_2C_30day_full_final,pass_1,2,7,solar,2,PP,"PP(2,2,7)",0,0,zero_availability,NOT_APPLICABLE_BOTH_BOUNDS
20260811_155000_stage_B_2C_30day_full_final,pass_1,2,7,solar,3,PP,"PP(2,3,7)",0,0,zero_availability,NOT_APPLICABLE_BOTH_BOUNDS
20260811_155000_stage_B_2C_30day_full_final,pass_1,2,7,solar,4,PP,"PP(2,4,7)",0,0,zero_availability,NOT_APPLICABLE_BOTH_BOUNDS
20260811_155000_stage_B_2C_30day_full_final,pass_1,2,7,solar,5,PP,"PP(2,5,7)",0,0,zero_availability,NOT_APPLICABLE_BOTH_BOUNDS
20260811_155000_stage_B_2C_30day_full_final,pass_1,2,20,solar,1,PP,"PP(2,1,20)",0,0,zero_availability,NOT_APPLICABLE_BOTH_BOUNDS
20260811_155000_stage_B_2C_30day_full_final,pass_1,2,20,solar,2,PP,"PP(2,2,20)",0,0,zero_availability,NOT_APPLICABLE_BOTH_BOUNDS
20260811_155000_stage_B_2C_30day_full_final,pass_1,2,20,solar,3,PP,"PP(2,3,20)",0,0,zero_availability,NOT_APPLICABLE_BOTH_BOUNDS
20260811_155000_stage_B_2C_30day_full_final,pass_1,2,20,solar,4,PP,"PP(2,4,20)",0,0,zero_availability,NOT_APPLICABLE_BOTH_BOUNDS
20260811_155000_stage_B_2C_30day_full_final,pass_1,2,20,solar,5,PP,"PP(2,5,20)",0,0,zero_availability,NOT_APPLICABLE_BOTH_BOUNDS
20260811_155000_stage_B_2C_30day_full_final,pass_1,2,21,solar,1,PP,"PP(2,1,21)",0,0,zero_availability,NOT_APPLICABLE_BOTH_BOUNDS
20260811_155000_stage_B_2C_30day_full_final,pass_1,2,21,solar,2,PP,"PP(2,2,21)",0,0,zero_availability,NOT_APPLICABLE_BOTH_BOUNDS
20260811_155000_stage_B_2C_30day_full_final,pass_1,2,21,solar,3,PP,"PP(2,3,21)",0,0,zero_availability,NOT_APPLICABLE_BOTH_BOUNDS
20260811_155000_stage_B_2C_30day_full_final,pass_1,2,21,solar,4,PP,"PP(2,4,21)",0,0,zero_availability,NOT_APPLICABLE_BOTH_BOUNDS
20260811_155000_stage_B_2C_30day_full_final,pass_1,2,21,solar,5,PP,"PP(2,5,21)",0,0,zero_availability,NOT_APPLICABLE_BOTH_BOUNDS
20260811_155000_stage_B_2C_30day_full_final,pass_1,2,22,solar,1,PP,"PP(2,1,22)",0,0,zero_availability,NOT_APPLICABLE_BOTH_BOUNDS
20260811_155000_stage_B_2C_30day_full_final,pass_1,2,22,solar,2,PP,"PP(2,2,22)",0,0,zero_availability,NOT_APPLICABLE_BOTH_BOUNDS
20260811_155000_stage_B_2C_30day_full_final,pass_1,2,22,solar,3,PP,"PP(2,3,22)",0,0,zero_availability,NOT_APPLICABLE_BOTH_BOUNDS
20260811_155000_stage_B_2C_30day_full_final,pass_1,2,22,solar,4,PP,"PP(2,4,22)",0,0,zero_availability,NOT_APPLICABLE_BOTH_BOUNDS
20260811_155000_stage_B_2C_30day_full_final,pass_1,2,22,solar,5,PP,"PP(2,5,22)",0,0,zero_availability,NOT_APPLICABLE_BOTH_BOUNDS
20260811_155000_stage_B_2C_30day_full_final,pass_1,2,23,solar,1,PP,"PP(2,1,23)",0,0,zero_availability,NOT_APPLICABLE_BOTH_BOUNDS
20260811_155000_stage_B_2C_30day_full_final,pass_1,2,23,solar,2,PP,"PP(2,2,23)",0,0,zero_availability,NOT_APPLICABLE_BOTH_BOUNDS
20260811_155000_stage_B_2C_30day_full_final,pass_1,2,23,solar,3,PP,"PP(2,3,23)",0,0,zero_availability,NOT_APPLICABLE_BOTH_BOUNDS
20260811_155000_stage_B_2C_30day_full_final,pass_1,2,23,solar,4,PP,"PP(2,4,23)",0,0,zero_availability,NOT_APPLICABLE_BOTH_BOUNDS
20260811_155000_stage_B_2C_30day_full_final,pass_1,2,23,solar,5,PP,"PP(2,5,23)",0,0,zero_availability,NOT_APPLICABLE_BOTH_BOUNDS
20260811_155000_stage_B_2C_30day_full_final,pass_1,2,24,solar,1,PP,"PP(2,1,24)",0,0,zero_availability,NOT_APPLICABLE_BOTH_BOUNDS
20260811_155000_stage_B_2C_30day_full_final,pass_1,2,24,solar,2,PP,"PP(2,2,24)",0,0,zero_availability,NOT_APPLICABLE_BOTH_BOUNDS
20260811_155000_stage_B_2C_30day_full_final,pass_1,2,24,solar,3,PP,"PP(2,3,24)",0,0,zero_availability,NOT_APPLICABLE_BOTH_BOUNDS
20260811_155000_stage_B_2C_30day_full_final,pass_1,2,24,solar,4,PP,"PP(2,4,24)",0,0,zero_availability,NOT_APPLICABLE_BOTH_BOUNDS
20260811_155000_stage_B_2C_30day_full_final,pass_1,2,24,solar,5,PP,"PP(2,5,24)",0,0,zero_availability,NOT_APPLICABLE_BOTH_BOUNDS
20260811_155000_stage_B_2C_30day_full_final,pass_1,3,1,solar,1,PP,"PP(3,1,1)",0,0,zero_availability,NOT_APPLICABLE_BOTH_BOUNDS
20260811_155000_stage_B_2C_30day_full_final,pass_1,3,1,solar,2,PP,"PP(3,2,1)",0,0,zero_availability,NOT_APPLICABLE_BOTH_BOUNDS
20260811_155000_stage_B_2C_30day_full_final,pass_1,3,1,solar,3,PP,"PP(3,3,1)",0,0,zero_availability,NOT_APPLICABLE_BOTH_BOUNDS
20260811_155000_stage_B_2C_30day_full_final,pass_1,3,1,solar,4,PP,"PP(3,4,1)",0,0,zero_availability,NOT_APPLICABLE_BOTH_BOUNDS
20260811_155000_stage_B_2C_30day_full_final,pass_1,3,1,solar,5,PP,"PP(3,5,1)",0,0,zero_availability,NOT_APPLICABLE_BOTH_BOUNDS
20260811_155000_stage_B_2C_30day_full_final,pass_1,3,2,solar,1,PP,"PP(3,1,2)",0,0,zero_availability,NOT_APPLICABLE_BOTH_BOUNDS
20260811_155000_stage_B_2C_30day_full_final,pass_1,3,2,solar,2,PP,"PP(3,2,2)",0,0,zero_availability,NOT_APPLICABLE_BOTH_BOUNDS
20260811_155000_stage_B_2C_30day_full_final,pass_1,3,2,solar,3,PP,"PP(3,3,2)",0,0,zero_availability,NOT_APPLICABLE_BOTH_BOUNDS
20260811_155000_stage_B_2C_30day_full_final,pass_1,3,2,solar,4,PP,"PP(3,4,2)",0,0,zero_availability,NOT_APPLICABLE_BOTH_BOUNDS
20260811_155000_stage_B_2C_30day_full_final,pass_1,3,2,solar,5,PP,"PP(3,5,2)",0,0,zero_availability,NOT_APPLICABLE_BOTH_BOUNDS
20260811_155000_stage_B_2C_30day_full_final,pass_1,3,3,solar,1,PP,"PP(3,1,3)",0,0,zero_availability,NOT_APPLICABLE_BOTH_BOUNDS
20260811_155000_stage_B_2C_30day_full_final,pass_1,3,3,solar,2,PP,"PP(3,2,3)",0,0,zero_availability,NOT_APPLICABLE_BOTH_BOUNDS
20260811_155000_stage_B_2C_30day_full_final,pass_1,3,3,solar,3,PP,"PP(3,3,3)",0,0,zero_availability,NOT_APPLICABLE_BOTH_BOUNDS
20260811_155000_stage_B_2C_30day_full_final,pass_1,3,3,solar,4,PP,"PP(3,4,3)",0,0,zero_availability,NOT_APPLICABLE_BOTH_BOUNDS
20260811_155000_stage_B_2C_30day_full_final,pass_1,3,3,solar,5,PP,"PP(3,5,3)",0,0,zero_availability,NOT_APPLICABLE_BOTH_BOUNDS
20260811_155000_stage_B_2C_30day_full_final,pass_1,3,4,solar,1,PP,"PP(3,1,4)",0,0,zero_availability,NOT_APPLICABLE_BOTH_BOUNDS
20260811_155000_stage_B_2C_30day_full_final,pass_1,3,4,solar,2,PP,"PP(3,2,4)",0,0,zero_availability,NOT_APPLICABLE_BOTH_BOUNDS
20260811_155000_stage_B_2C_30day_full_final,pass_1,3,4,solar,3,PP,"PP(3,3,4)",0,0,zero_availability,NOT_APPLICABLE_BOTH_BOUNDS
20260811_155000_stage_B_2C_30day_full_final,pass_1,3,4,solar,4,PP,"PP(3,4,4)",0,0,zero_availability,NOT_APPLICABLE_BOTH_BOUNDS
20260811_155000_stage_B_2C_30day_full_final,pass_1,3,4,solar,5,PP,"PP(3,5,4)",0,0,zero_availability,NOT_APPLICABLE_BOTH_BOUNDS
20260811_155000_stage_B_2C_30day_full_final,pass_1,3,5,solar,1,PP,"PP(3,1,5)",0,0,zero_availability,NOT_APPLICABLE_BOTH_BOUNDS
20260811_155000_stage_B_2C_30day_full_final,pass_1,3,5,solar,2,PP,"PP(3,2,5)",0,0,zero_availability,NOT_APPLICABLE_BOTH_BOUNDS
20260811_155000_stage_B_2C_30day_full_final,pass_1,3,5,solar,3,PP,"PP(3,3,5)",0,0,zero_availability,NOT_APPLICABLE_BOTH_BOUNDS
20260811_155000_stage_B_2C_30day_full_final,pass_1,3,5,solar,4,PP,"PP(3,4,5)",0,0,zero_availability,NOT_APPLICABLE_BOTH_BOUNDS
20260811_155000_stage_B_2C_30day_full_final,pass_1,3,5,solar,5,PP,"PP(3,5,5)",0,0,zero_availability,NOT_APPLICABLE_BOTH_BOUNDS
20260811_155000_stage_B_2C_30day_full_final,pass_1,3,6,solar,1,PP,"PP(3,1,6)",0,0,zero_availability,NOT_APPLICABLE_BOTH_BOUNDS
20260811_155000_stage_B_2C_30day_full_final,pass_1,3,6,solar,2,PP,"PP(3,2,6)",0,0,zero_availability,NOT_APPLICABLE_BOTH_BOUNDS
20260811_155000_stage_B_2C_30day_full_final,pass_1,3,6,solar,3,PP,"PP(3,3,6)",0,0,zero_availability,NOT_APPLICABLE_BOTH_BOUNDS
20260811_155000_stage_B_2C_30day_full_final,pass_1,3,6,solar,4,PP,"PP(3,4,6)",0,0,zero_availability,NOT_APPLICABLE_BOTH_BOUNDS
20260811_155000_stage_B_2C_30day_full_final,pass_1,3,6,solar,5,PP,"PP(3,5,6)",0,0,zero_availability,NOT_APPLICABLE_BOTH_BOUNDS
20260811_155000_stage_B_2C_30day_full_final,pass_1,3,7,solar,1,PP,"PP(3,1,7)",0,0,zero_availability,NOT_APPLICABLE_BOTH_BOUNDS
20260811_155000_stage_B_2C_30day_full_final,pass_1,3,7,solar,2,PP,"PP(3,2,7)",0,0,zero_availability,NOT_APPLICABLE_BOTH_BOUNDS
20260811_155000_stage_B_2C_30day_full_final,pass_1,3,7,solar,3,PP,"PP(3,3,7)",0,0,zero_availability,NOT_APPLICABLE_BOTH_BOUNDS
20260811_155000_stage_B_2C_30day_full_final,pass_1,3,7,solar,4,PP,"PP(3,4,7)",0,0,zero_availability,NOT_APPLICABLE_BOTH_BOUNDS
20260811_155000_stage_B_2C_30day_full_final,pass_1,3,7,solar,5,PP,"PP(3,5,7)",0,0,zero_availability,NOT_APPLICABLE_BOTH_BOUNDS
20260811_155000_stage_B_2C_30day_full_final,pass_1,3,20,solar,1,PP,"PP(3,1,20)",0,0,zero_availability,NOT_APPLICABLE_BOTH_BOUNDS
20260811_155000_stage_B_2C_30day_full_final,pass_1,3,20,solar,2,PP,"PP(3,2,20)",0,0,zero_availability,NOT_APPLICABLE_BOTH_BOUNDS
20260811_155000_stage_B_2C_30day_full_final,pass_1,3,20,solar,3,PP,"PP(3,3,20)",0,0,zero_availability,NOT_APPLICABLE_BOTH_BOUNDS
20260811_155000_stage_B_2C_30day_full_final,pass_1,3,20,solar,4,PP,"PP(3,4,20)",0,0,zero_availability,NOT_APPLICABLE_BOTH_BOUNDS
20260811_155000_stage_B_2C_30day_full_final,pass_1,3,20,solar,5,PP,"PP(3,5,20)",0,0,zero_availability,NOT_APPLICABLE_BOTH_BOUNDS
20260811_155000_stage_B_2C_30day_full_final,pass_1,3,21,solar,1,PP,"PP(3,1,21)",0,0,zero_availability,NOT_APPLICABLE_BOTH_BOUNDS
20260811_155000_stage_B_2C_30day_full_final,pass_1,3,21,solar,2,PP,"PP(3,2,21)",0,0,zero_availability,NOT_APPLICABLE_BOTH_BOUNDS
20260811_155000_stage_B_2C_30day_full_final,pass_1,3,21,solar,3,PP,"PP(3,3,21)",0,0,zero_availability,NOT_APPLICABLE_BOTH_BOUNDS
20260811_155000_stage_B_2C_30day_full_final,pass_1,3,21,solar,4,PP,"PP(3,4,21)",0,0,zero_availability,NOT_APPLICABLE_BOTH_BOUNDS
20260811_155000_stage_B_2C_30day_full_final,pass_1,3,21,solar,5,PP,"PP(3,5,21)",0,0,zero_availability,NOT_APPLICABLE_BOTH_BOUNDS
20260811_155000_stage_B_2C_30day_full_final,pass_1,3,22,solar,1,PP,"PP(3,1,22)",0,0,zero_availability,NOT_APPLICABLE_BOTH_BOUNDS
20260811_155000_stage_B_2C_30day_full_final,pass_1,3,22,solar,2,PP,"PP(3,2,22)",0,0,zero_availability,NOT_APPLICABLE_BOTH_BOUNDS
20260811_155000_stage_B_2C_30day_full_final,pass_1,3,22,solar,3,PP,"PP(3,3,22)",0,0,zero_availability,NOT_APPLICABLE_BOTH_BOUNDS
20260811_155000_stage_B_2C_30day_full_final,pass_1,3,22,solar,4,PP,"PP(3,4,22)",0,0,zero_availability,NOT_APPLICABLE_BOTH_BOUNDS
20260811_155000_stage_B_2C_30day_full_final,pass_1,3,22,solar,5,PP,"PP(3,5,22)",0,0,zero_availability,NOT_APPLICABLE_BOTH_BOUNDS
20260811_155000_stage_B_2C_30day_full_final,pass_1,3,23,solar,1,PP,"PP(3,1,23)",0,0,zero_availability,NOT_APPLICABLE_BOTH_BOUNDS
20260811_155000_stage_B_2C_30day_full_final,pass_1,3,23,solar,2,PP,"PP(3,2,23)",0,0,zero_availability,NOT_APPLICABLE_BOTH_BOUNDS
20260811_155000_stage_B_2C_30day_full_final,pass_1,3,23,solar,3,PP,"PP(3,3,23)",0,0,zero_availability,NOT_APPLICABLE_BOTH_BOUNDS
20260811_155000_stage_B_2C_30day_full_final,pass_1,3,23,solar,4,PP,"PP(3,4,23)",0,0,zero_availability,NOT_APPLICABLE_BOTH_BOUNDS
20260811_155000_stage_B_2C_30day_full_final,pass_1,3,23,solar,5,PP,"PP(3,5,23)",0,0,zero_availability,NOT_APPLICABLE_BOTH_BOUNDS
20260811_155000_stage_B_2C_30day_full_final,pass_1,3,24,solar,1,PP,"PP(3,1,24)",0,0,zero_availability,NOT_APPLICABLE_BOTH_BOUNDS
20260811_155000_stage_B_2C_30day_full_final,pass_1,3,24,solar,2,PP,"PP(3,2,24)",0,0,zero_availability,NOT_APPLICABLE_BOTH_BOUNDS
20260811_155000_stage_B_2C_30day_full_final,pass_1,3,24,solar,3,PP,"PP(3,3,24)",0,0,zero_availability,NOT_APPLICABLE_BOTH_BOUNDS
20260811_155000_stage_B_2C_30day_full_final,pass_1,3,24,solar,4,PP,"PP(3,4,24)",0,0,zero_availability,NOT_APPLICABLE_BOTH_BOUNDS
20260811_155000_stage_B_2C_30day_full_final,pass_1,3,24,solar,5,PP,"PP(3,5,24)",0,0,zero_availability,NOT_APPLICABLE_BOTH_BOUNDS
20260811_155000_stage_B_2C_30day_full_final,pass_1,4,1,solar,1,PP,"PP(4,1,1)",0,0,zero_availability,NOT_APPLICABLE_BOTH_BOUNDS
20260811_155000_stage_B_2C_30day_full_final,pass_1,4,1,solar,2,PP,"PP(4,2,1)",0,0,zero_availability,NOT_APPLICABLE_BOTH_BOUNDS
20260811_155000_stage_B_2C_30day_full_final,pass_1,4,1,solar,3,PP,"PP(4,3,1)",0,0,zero_availability,NOT_APPLICABLE_BOTH_BOUNDS
20260811_155000_stage_B_2C_30day_full_final,pass_1,4,1,solar,4,PP,"PP(4,4,1)",0,0,zero_availability,NOT_APPLICABLE_BOTH_BOUNDS
20260811_155000_stage_B_2C_30day_full_final,pass_1,4,1,solar,5,PP,"PP(4,5,1)",0,0,zero_availability,NOT_APPLICABLE_BOTH_BOUNDS
20260811_155000_stage_B_2C_30day_full_final,pass_1,4,2,solar,1,PP,"PP(4,1,2)",0,0,zero_availability,NOT_APPLICABLE_BOTH_BOUNDS
20260811_155000_stage_B_2C_30day_full_final,pass_1,4,2,solar,2,PP,"PP(4,2,2)",0,0,zero_availability,NOT_APPLICABLE_BOTH_BOUNDS
20260811_155000_stage_B_2C_30day_full_final,pass_1,4,2,solar,3,PP,"PP(4,3,2)",0,0,zero_availability,NOT_APPLICABLE_BOTH_BOUNDS
20260811_155000_stage_B_2C_30day_full_final,pass_1,4,2,solar,4,PP,"PP(4,4,2)",0,0,zero_availability,NOT_APPLICABLE_BOTH_BOUNDS
20260811_155000_stage_B_2C_30day_full_final,pass_1,4,2,solar,5,PP,"PP(4,5,2)",0,0,zero_availability,NOT_APPLICABLE_BOTH_BOUNDS
20260811_155000_stage_B_2C_30day_full_final,pass_1,4,3,solar,1,PP,"PP(4,1,3)",0,0,zero_availability,NOT_APPLICABLE_BOTH_BOUNDS
20260811_155000_stage_B_2C_30day_full_final,pass_1,4,3,solar,2,PP,"PP(4,2,3)",0,0,zero_availability,NOT_APPLICABLE_BOTH_BOUNDS
20260811_155000_stage_B_2C_30day_full_final,pass_1,4,3,solar,3,PP,"PP(4,3,3)",0,0,zero_availability,NOT_APPLICABLE_BOTH_BOUNDS
20260811_155000_stage_B_2C_30day_full_final,pass_1,4,3,solar,4,PP,"PP(4,4,3)",0,0,zero_availability,NOT_APPLICABLE_BOTH_BOUNDS
20260811_155000_stage_B_2C_30day_full_final,pass_1,4,3,solar,5,PP,"PP(4,5,3)",0,0,zero_availability,NOT_APPLICABLE_BOTH_BOUNDS
20260811_155000_stage_B_2C_30day_full_final,pass_1,4,4,solar,1,PP,"PP(4,1,4)",0,0,zero_availability,NOT_APPLICABLE_BOTH_BOUNDS
20260811_155000_stage_B_2C_30day_full_final,pass_1,4,4,solar,2,PP,"PP(4,2,4)",0,0,zero_availability,NOT_APPLICABLE_BOTH_BOUNDS
20260811_155000_stage_B_2C_30day_full_final,pass_1,4,4,solar,3,PP,"PP(4,3,4)",0,0,zero_availability,NOT_APPLICABLE_BOTH_BOUNDS
20260811_155000_stage_B_2C_30day_full_final,pass_1,4,4,solar,4,PP,"PP(4,4,4)",0,0,zero_availability,NOT_APPLICABLE_BOTH_BOUNDS
20260811_155000_stage_B_2C_30day_full_final,pass_1,4,4,solar,5,PP,"PP(4,5,4)",0,0,zero_availability,NOT_APPLICABLE_BOTH_BOUNDS
20260811_155000_stage_B_2C_30day_full_final,pass_1,4,5,solar,1,PP,"PP(4,1,5)",0,0,zero_availability,NOT_APPLICABLE_BOTH_BOUNDS
20260811_155000_stage_B_2C_30day_full_final,pass_1,4,5,solar,2,PP,"PP(4,2,5)",0,0,zero_availability,NOT_APPLICABLE_BOTH_BOUNDS
20260811_155000_stage_B_2C_30day_full_final,pass_1,4,5,solar,3,PP,"PP(4,3,5)",0,0,zero_availability,NOT_APPLICABLE_BOTH_BOUNDS
20260811_155000_stage_B_2C_30day_full_final,pass_1,4,5,solar,4,PP,"PP(4,4,5)",0,0,zero_availability,NOT_APPLICABLE_BOTH_BOUNDS
20260811_155000_stage_B_2C_30day_full_final,pass_1,4,5,solar,5,PP,"PP(4,5,5)",0,0,zero_availability,NOT_APPLICABLE_BOTH_BOUNDS
20260811_155000_stage_B_2C_30day_full_final,pass_1,4,6,solar,1,PP,"PP(4,1,6)",0,0,zero_availability,NOT_APPLICABLE_BOTH_BOUNDS
20260811_155000_stage_B_2C_30day_full_final,pass_1,4,6,solar,2,PP,"PP(4,2,6)",0,0,zero_availability,NOT_APPLICABLE_BOTH_BOUNDS
20260811_155000_stage_B_2C_30day_full_final,pass_1,4,6,solar,3,PP,"PP(4,3,6)",0,0,zero_availability,NOT_APPLICABLE_BOTH_BOUNDS
20260811_155000_stage_B_2C_30day_full_final,pass_1,4,6,solar,4,PP,"PP(4,4,6)",0,0,zero_availability,NOT_APPLICABLE_BOTH_BOUNDS
20260811_155000_stage_B_2C_30day_full_final,pass_1,4,6,solar,5,PP,"PP(4,5,6)",0,0,zero_availability,NOT_APPLICABLE_BOTH_BOUNDS
20260811_155000_stage_B_2C_30day_full_final,pass_1,4,7,solar,1,PP,"PP(4,1,7)",0,0,zero_availability,NOT_APPLICABLE_BOTH_BOUNDS
20260811_155000_stage_B_2C_30day_full_final,pass_1,4,7,solar,2,PP,"PP(4,2,7)",0,0,zero_availability,NOT_APPLICABLE_BOTH_BOUNDS
20260811_155000_stage_B_2C_30day_full_final,pass_1,4,7,solar,3,PP,"PP(4,3,7)",0,0,zero_availability,NOT_APPLICABLE_BOTH_BOUNDS
20260811_155000_stage_B_2C_30day_full_final,pass_1,4,7,solar,4,PP,"PP(4,4,7)",0,0,zero_availability,NOT_APPLICABLE_BOTH_BOUNDS
20260811_155000_stage_B_2C_30day_full_final,pass_1,4,7,solar,5,PP,"PP(4,5,7)",0,0,zero_availability,NOT_APPLICABLE_BOTH_BOUNDS
20260811_155000_stage_B_2C_30day_full_final,pass_1,4,20,solar,1,PP,"PP(4,1,20)",0,0,zero_availability,NOT_APPLICABLE_BOTH_BOUNDS
20260811_155000_stage_B_2C_30day_full_final,pass_1,4,20,solar,2,PP,"PP(4,2,20)",0,0,zero_availability,NOT_APPLICABLE_BOTH_BOUNDS
20260811_155000_stage_B_2C_30day_full_final,pass_1,4,20,solar,3,PP,"PP(4,3,20)",0,0,zero_availability,NOT_APPLICABLE_BOTH_BOUNDS
20260811_155000_stage_B_2C_30day_full_final,pass_1,4,20,solar,4,PP,"PP(4,4,20)",0,0,zero_availability,NOT_APPLICABLE_BOTH_BOUNDS
20260811_155000_stage_B_2C_30day_full_final,pass_1,4,20,solar,5,PP,"PP(4,5,20)",0,0,zero_availability,NOT_APPLICABLE_BOTH_BOUNDS
20260811_155000_stage_B_2C_30day_full_final,pass_1,4,21,solar,1,PP,"PP(4,1,21)",0,0,zero_availability,NOT_APPLICABLE_BOTH_BOUNDS
20260811_155000_stage_B_2C_30day_full_final,pass_1,4,21,solar,2,PP,"PP(4,2,21)",0,0,zero_availability,NOT_APPLICABLE_BOTH_BOUNDS
20260811_155000_stage_B_2C_30day_full_final,pass_1,4,21,solar,3,PP,"PP(4,3,21)",0,0,zero_availability,NOT_APPLICABLE_BOTH_BOUNDS
20260811_155000_stage_B_2C_30day_full_final,pass_1,4,21,solar,4,PP,"PP(4,4,21)",0,0,zero_availability,NOT_APPLICABLE_BOTH_BOUNDS
20260811_155000_stage_B_2C_30day_full_final,pass_1,4,21,solar,5,PP,"PP(4,5,21)",0,0,zero_availability,NOT_APPLICABLE_BOTH_BOUNDS
20260811_155000_stage_B_2C_30day_full_final,pass_1,4,22,solar,1,PP,"PP(4,1,22)",0,0,zero_availability,NOT_APPLICABLE_BOTH_BOUNDS
20260811_155000_stage_B_2C_30day_full_final,pass_1,4,22,solar,2,PP,"PP(4,2,22)",0,0,zero_availability,NOT_APPLICABLE_BOTH_BOUNDS
20260811_155000_stage_B_2C_30day_full_final,pass_1,4,22,solar,3,PP,"PP(4,3,22)",0,0,zero_availability,NOT_APPLICABLE_BOTH_BOUNDS
20260811_155000_stage_B_2C_30day_full_final,pass_1,4,22,solar,4,PP,"PP(4,4,22)",0,0,zero_availability,NOT_APPLICABLE_BOTH_BOUNDS
20260811_155000_stage_B_2C_30day_full_final,pass_1,4,22,solar,5,PP,"PP(4,5,22)",0,0,zero_availability,NOT_APPLICABLE_BOTH_BOUNDS
20260811_155000_stage_B_2C_30day_full_final,pass_1,4,23,solar,1,PP,"PP(4,1,23)",0,0,zero_availability,NOT_APPLICABLE_BOTH_BOUNDS
20260811_155000_stage_B_2C_30day_full_final,pass_1,4,23,solar,2,PP,"PP(4,2,23)",0,0,zero_availability,NOT_APPLICABLE_BOTH_BOUNDS
20260811_155000_stage_B_2C_30day_full_final,pass_1,4,23,solar,3,PP,"PP(4,3,23)",0,0,zero_availability,NOT_APPLICABLE_BOTH_BOUNDS
20260811_155000_stage_B_2C_30day_full_final,pass_1,4,23,solar,4,PP,"PP(4,4,23)",0,0,zero_availability,NOT_APPLICABLE_BOTH_BOUNDS
20260811_155000_stage_B_2C_30day_full_final,pass_1,4,23,solar,5,PP,"PP(4,5,23)",0,0,zero_availability,NOT_APPLICABLE_BOTH_BOUNDS
20260811_155000_stage_B_2C_30day_full_final,pass_1,4,24,solar,1,PP,"PP(4,1,24)",0,0,zero_availability,NOT_APPLICABLE_BOTH_BOUNDS
20260811_155000_stage_B_2C_30day_full_final,pass_1,4,24,solar,2,PP,"PP(4,2,24)",0,0,zero_availability,NOT_APPLICABLE_BOTH_BOUNDS
20260811_155000_stage_B_2C_30day_full_final,pass_1,4,24,solar,3,PP,"PP(4,3,24)",0,0,zero_availability,NOT_APPLICABLE_BOTH_BOUNDS
20260811_155000_stage_B_2C_30day_full_final,pass_1,4,24,solar,4,PP,"PP(4,4,24)",0,0,zero_availability,NOT_APPLICABLE_BOTH_BOUNDS
20260811_155000_stage_B_2C_30day_full_final,pass_1,4,24,solar,5,PP,"PP(4,5,24)",0,0,zero_availability,NOT_APPLICABLE_BOTH_BOUNDS
20260811_155000_stage_B_2C_30day_full_final,pass_1,5,1,solar,1,PP,"PP(5,1,1)",0,0,zero_availability,NOT_APPLICABLE_BOTH_BOUNDS
20260811_155000_stage_B_2C_30day_full_final,pass_1,5,1,solar,2,PP,"PP(5,2,1)",0,0,zero_availability,NOT_APPLICABLE_BOTH_BOUNDS
20260811_155000_stage_B_2C_30day_full_final,pass_1,5,1,solar,3,PP,"PP(5,3,1)",0,0,zero_availability,NOT_APPLICABLE_BOTH_BOUNDS
20260811_155000_stage_B_2C_30day_full_final,pass_1,5,1,solar,4,PP,"PP(5,4,1)",0,0,zero_availability,NOT_APPLICABLE_BOTH_BOUNDS
20260811_155000_stage_B_2C_30day_full_final,pass_1,5,1,solar,5,PP,"PP(5,5,1)",0,0,zero_availability,NOT_APPLICABLE_BOTH_BOUNDS
20260811_155000_stage_B_2C_30day_full_final,pass_1,5,2,solar,1,PP,"PP(5,1,2)",0,0,zero_availability,NOT_APPLICABLE_BOTH_BOUNDS
20260811_155000_stage_B_2C_30day_full_final,pass_1,5,2,solar,2,PP,"PP(5,2,2)",0,0,zero_availability,NOT_APPLICABLE_BOTH_BOUNDS
20260811_155000_stage_B_2C_30day_full_final,pass_1,5,2,solar,3,PP,"PP(5,3,2)",0,0,zero_availability,NOT_APPLICABLE_BOTH_BOUNDS
20260811_155000_stage_B_2C_30day_full_final,pass_1,5,2,solar,4,PP,"PP(5,4,2)",0,0,zero_availability,NOT_APPLICABLE_BOTH_BOUNDS
20260811_155000_stage_B_2C_30day_full_final,pass_1,5,2,solar,5,PP,"PP(5,5,2)",0,0,zero_availability,NOT_APPLICABLE_BOTH_BOUNDS
20260811_155000_stage_B_2C_30day_full_final,pass_1,5,3,solar,1,PP,"PP(5,1,3)",0,0,zero_availability,NOT_APPLICABLE_BOTH_BOUNDS
20260811_155000_stage_B_2C_30day_full_final,pass_1,5,3,solar,2,PP,"PP(5,2,3)",0,0,zero_availability,NOT_APPLICABLE_BOTH_BOUNDS
20260811_155000_stage_B_2C_30day_full_final,pass_1,5,3,solar,3,PP,"PP(5,3,3)",0,0,zero_availability,NOT_APPLICABLE_BOTH_BOUNDS
20260811_155000_stage_B_2C_30day_full_final,pass_1,5,3,solar,4,PP,"PP(5,4,3)",0,0,zero_availability,NOT_APPLICABLE_BOTH_BOUNDS
20260811_155000_stage_B_2C_30day_full_final,pass_1,5,3,solar,5,PP,"PP(5,5,3)",0,0,zero_availability,NOT_APPLICABLE_BOTH_BOUNDS
20260811_155000_stage_B_2C_30day_full_final,pass_1,5,4,solar,1,PP,"PP(5,1,4)",0,0,zero_availability,NOT_APPLICABLE_BOTH_BOUNDS
20260811_155000_stage_B_2C_30day_full_final,pass_1,5,4,solar,2,PP,"PP(5,2,4)",0,0,zero_availability,NOT_APPLICABLE_BOTH_BOUNDS
20260811_155000_stage_B_2C_30day_full_final,pass_1,5,4,solar,3,PP,"PP(5,3,4)",0,0,zero_availability,NOT_APPLICABLE_BOTH_BOUNDS
20260811_155000_stage_B_2C_30day_full_final,pass_1,5,4,solar,4,PP,"PP(5,4,4)",0,0,zero_availability,NOT_APPLICABLE_BOTH_BOUNDS
20260811_155000_stage_B_2C_30day_full_final,pass_1,5,4,solar,5,PP,"PP(5,5,4)",0,0,zero_availability,NOT_APPLICABLE_BOTH_BOUNDS
20260811_155000_stage_B_2C_30day_full_final,pass_1,5,5,solar,1,PP,"PP(5,1,5)",0,0,zero_availability,NOT_APPLICABLE_BOTH_BOUNDS
20260811_155000_stage_B_2C_30day_full_final,pass_1,5,5,solar,2,PP,"PP(5,2,5)",0,0,zero_availability,NOT_APPLICABLE_BOTH_BOUNDS
20260811_155000_stage_B_2C_30day_full_final,pass_1,5,5,solar,3,PP,"PP(5,3,5)",0,0,zero_availability,NOT_APPLICABLE_BOTH_BOUNDS
20260811_155000_stage_B_2C_30day_full_final,pass_1,5,5,solar,4,PP,"PP(5,4,5)",0,0,zero_availability,NOT_APPLICABLE_BOTH_BOUNDS
20260811_155000_stage_B_2C_30day_full_final,pass_1,5,5,solar,5,PP,"PP(5,5,5)",0,0,zero_availability,NOT_APPLICABLE_BOTH_BOUNDS
20260811_155000_stage_B_2C_30day_full_final,pass_1,5,6,solar,1,PP,"PP(5,1,6)",0,0,zero_availability,NOT_APPLICABLE_BOTH_BOUNDS
20260811_155000_stage_B_2C_30day_full_final,pass_1,5,6,solar,2,PP,"PP(5,2,6)",0,0,zero_availability,NOT_APPLICABLE_BOTH_BOUNDS
20260811_155000_stage_B_2C_30day_full_final,pass_1,5,6,solar,3,PP,"PP(5,3,6)",0,0,zero_availability,NOT_APPLICABLE_BOTH_BOUNDS
20260811_155000_stage_B_2C_30day_full_final,pass_1,5,6,solar,4,PP,"PP(5,4,6)",0,0,zero_availability,NOT_APPLICABLE_BOTH_BOUNDS
20260811_155000_stage_B_2C_30day_full_final,pass_1,5,6,solar,5,PP,"PP(5,5,6)",0,0,zero_availability,NOT_APPLICABLE_BOTH_BOUNDS
20260811_155000_stage_B_2C_30day_full_final,pass_1,5,7,solar,1,PP,"PP(5,1,7)",0,0,zero_availability,NOT_APPLICABLE_BOTH_BOUNDS
20260811_155000_stage_B_2C_30day_full_final,pass_1,5,7,solar,2,PP,"PP(5,2,7)",0,0,zero_availability,NOT_APPLICABLE_BOTH_BOUNDS
20260811_155000_stage_B_2C_30day_full_final,pass_1,5,7,solar,3,PP,"PP(5,3,7)",0,0,zero_availability,NOT_APPLICABLE_BOTH_BOUNDS
20260811_155000_stage_B_2C_30day_full_final,pass_1,5,7,solar,4,PP,"PP(5,4,7)",0,0,zero_availability,NOT_APPLICABLE_BOTH_BOUNDS
20260811_155000_stage_B_2C_30day_full_final,pass_1,5,7,solar,5,PP,"PP(5,5,7)",0,0,zero_availability,NOT_APPLICABLE_BOTH_BOUNDS
20260811_155000_stage_B_2C_30day_full_final,pass_1,5,20,solar,1,PP,"PP(5,1,20)",0,0,zero_availability,NOT_APPLICABLE_BOTH_BOUNDS
20260811_155000_stage_B_2C_30day_full_final,pass_1,5,20,solar,2,PP,"PP(5,2,20)",0,0,zero_availability,NOT_APPLICABLE_BOTH_BOUNDS
20260811_155000_stage_B_2C_30day_full_final,pass_1,5,20,solar,3,PP,"PP(5,3,20)",0,0,zero_availability,NOT_APPLICABLE_BOTH_BOUNDS
20260811_155000_stage_B_2C_30day_full_final,pass_1,5,20,solar,4,PP,"PP(5,4,20)",0,0,zero_availability,NOT_APPLICABLE_BOTH_BOUNDS
20260811_155000_stage_B_2C_30day_full_final,pass_1,5,20,solar,5,PP,"PP(5,5,20)",0,0,zero_availability,NOT_APPLICABLE_BOTH_BOUNDS
20260811_155000_stage_B_2C_30day_full_final,pass_1,5,21,solar,1,PP,"PP(5,1,21)",0,0,zero_availability,NOT_APPLICABLE_BOTH_BOUNDS
20260811_155000_stage_B_2C_30day_full_final,pass_1,5,21,solar,2,PP,"PP(5,2,21)",0,0,zero_availability,NOT_APPLICABLE_BOTH_BOUNDS
20260811_155000_stage_B_2C_30day_full_final,pass_1,5,21,solar,3,PP,"PP(5,3,21)",0,0,zero_availability,NOT_APPLICABLE_BOTH_BOUNDS
20260811_155000_stage_B_2C_30day_full_final,pass_1,5,21,solar,4,PP,"PP(5,4,21)",0,0,zero_availability,NOT_APPLICABLE_BOTH_BOUNDS
20260811_155000_stage_B_2C_30day_full_final,pass_1,5,21,solar,5,PP,"PP(5,5,21)",0,0,zero_availability,NOT_APPLICABLE_BOTH_BOUNDS
20260811_155000_stage_B_2C_30day_full_final,pass_1,5,22,solar,1,PP,"PP(5,1,22)",0,0,zero_availability,NOT_APPLICABLE_BOTH_BOUNDS
20260811_155000_stage_B_2C_30day_full_final,pass_1,5,22,solar,2,PP,"PP(5,2,22)",0,0,zero_availability,NOT_APPLICABLE_BOTH_BOUNDS
20260811_155000_stage_B_2C_30day_full_final,pass_1,5,22,solar,3,PP,"PP(5,3,22)",0,0,zero_availability,NOT_APPLICABLE_BOTH_BOUNDS
20260811_155000_stage_B_2C_30day_full_final,pass_1,5,22,solar,4,PP,"PP(5,4,22)",0,0,zero_availability,NOT_APPLICABLE_BOTH_BOUNDS
20260811_155000_stage_B_2C_30day_full_final,pass_1,5,22,solar,5,PP,"PP(5,5,22)",0,0,zero_availability,NOT_APPLICABLE_BOTH_BOUNDS
20260811_155000_stage_B_2C_30day_full_final,pass_1,5,23,solar,1,PP,"PP(5,1,23)",0,0,zero_availability,NOT_APPLICABLE_BOTH_BOUNDS
20260811_155000_stage_B_2C_30day_full_final,pass_1,5,23,solar,2,PP,"PP(5,2,23)",0,0,zero_availability,NOT_APPLICABLE_BOTH_BOUNDS
20260811_155000_stage_B_2C_30day_full_final,pass_1,5,23,solar,3,PP,"PP(5,3,23)",0,0,zero_availability,NOT_APPLICABLE_BOTH_BOUNDS
20260811_155000_stage_B_2C_30day_full_final,pass_1,5,23,solar,4,PP,"PP(5,4,23)",0,0,zero_availability,NOT_APPLICABLE_BOTH_BOUNDS
20260811_155000_stage_B_2C_30day_full_final,pass_1,5,23,solar,5,PP,"PP(5,5,23)",0,0,zero_availability,NOT_APPLICABLE_BOTH_BOUNDS
20260811_155000_stage_B_2C_30day_full_final,pass_1,5,24,solar,1,PP,"PP(5,1,24)",0,0,zero_availability,NOT_APPLICABLE_BOTH_BOUNDS
20260811_155000_stage_B_2C_30day_full_final,pass_1,5,24,solar,2,PP,"PP(5,2,24)",0,0,zero_availability,NOT_APPLICABLE_BOTH_BOUNDS
20260811_155000_stage_B_2C_30day_full_final,pass_1,5,24,solar,3,PP,"PP(5,3,24)",0,0,zero_availability,NOT_APPLICABLE_BOTH_BOUNDS
20260811_155000_stage_B_2C_30day_full_final,pass_1,5,24,solar,4,PP,"PP(5,4,24)",0,0,zero_availability,NOT_APPLICABLE_BOTH_BOUNDS
20260811_155000_stage_B_2C_30day_full_final,pass_1,5,24,solar,5,PP,"PP(5,5,24)",0,0,zero_availability,NOT_APPLICABLE_BOTH_BOUNDS
20260811_155000_stage_B_2C_30day_full_final,pass_1,6,1,solar,1,PP,"PP(6,1,1)",0,0,zero_availability,NOT_APPLICABLE_BOTH_BOUNDS
20260811_155000_stage_B_2C_30day_full_final,pass_1,6,1,solar,2,PP,"PP(6,2,1)",0,0,zero_availability,NOT_APPLICABLE_BOTH_BOUNDS
20260811_155000_stage_B_2C_30day_full_final,pass_1,6,1,solar,3,PP,"PP(6,3,1)",0,0,zero_availability,NOT_APPLICABLE_BOTH_BOUNDS
20260811_155000_stage_B_2C_30day_full_final,pass_1,6,1,solar,4,PP,"PP(6,4,1)",0,0,zero_availability,NOT_APPLICABLE_BOTH_BOUNDS
20260811_155000_stage_B_2C_30day_full_final,pass_1,6,1,solar,5,PP,"PP(6,5,1)",0,0,zero_availability,NOT_APPLICABLE_BOTH_BOUNDS
20260811_155000_stage_B_2C_30day_full_final,pass_1,6,2,solar,1,PP,"PP(6,1,2)",0,0,zero_availability,NOT_APPLICABLE_BOTH_BOUNDS
20260811_155000_stage_B_2C_30day_full_final,pass_1,6,2,solar,2,PP,"PP(6,2,2)",0,0,zero_availability,NOT_APPLICABLE_BOTH_BOUNDS
20260811_155000_stage_B_2C_30day_full_final,pass_1,6,2,solar,3,PP,"PP(6,3,2)",0,0,zero_availability,NOT_APPLICABLE_BOTH_BOUNDS
20260811_155000_stage_B_2C_30day_full_final,pass_1,6,2,solar,4,PP,"PP(6,4,2)",0,0,zero_availability,NOT_APPLICABLE_BOTH_BOUNDS
20260811_155000_stage_B_2C_30day_full_final,pass_1,6,2,solar,5,PP,"PP(6,5,2)",0,0,zero_availability,NOT_APPLICABLE_BOTH_BOUNDS
20260811_155000_stage_B_2C_30day_full_final,pass_1,6,3,solar,1,PP,"PP(6,1,3)",0,0,zero_availability,NOT_APPLICABLE_BOTH_BOUNDS
20260811_155000_stage_B_2C_30day_full_final,pass_1,6,3,solar,2,PP,"PP(6,2,3)",0,0,zero_availability,NOT_APPLICABLE_BOTH_BOUNDS
20260811_155000_stage_B_2C_30day_full_final,pass_1,6,3,solar,3,PP,"PP(6,3,3)",0,0,zero_availability,NOT_APPLICABLE_BOTH_BOUNDS
20260811_155000_stage_B_2C_30day_full_final,pass_1,6,3,solar,4,PP,"PP(6,4,3)",0,0,zero_availability,NOT_APPLICABLE_BOTH_BOUNDS
20260811_155000_stage_B_2C_30day_full_final,pass_1,6,3,solar,5,PP,"PP(6,5,3)",0,0,zero_availability,NOT_APPLICABLE_BOTH_BOUNDS
20260811_155000_stage_B_2C_30day_full_final,pass_1,6,4,solar,1,PP,"PP(6,1,4)",0,0,zero_availability,NOT_APPLICABLE_BOTH_BOUNDS
20260811_155000_stage_B_2C_30day_full_final,pass_1,6,4,solar,2,PP,"PP(6,2,4)",0,0,zero_availability,NOT_APPLICABLE_BOTH_BOUNDS
20260811_155000_stage_B_2C_30day_full_final,pass_1,6,4,solar,3,PP,"PP(6,3,4)",0,0,zero_availability,NOT_APPLICABLE_BOTH_BOUNDS
20260811_155000_stage_B_2C_30day_full_final,pass_1,6,4,solar,4,PP,"PP(6,4,4)",0,0,zero_availability,NOT_APPLICABLE_BOTH_BOUNDS
20260811_155000_stage_B_2C_30day_full_final,pass_1,6,4,solar,5,PP,"PP(6,5,4)",0,0,zero_availability,NOT_APPLICABLE_BOTH_BOUNDS
20260811_155000_stage_B_2C_30day_full_final,pass_1,6,5,solar,1,PP,"PP(6,1,5)",0,0,zero_availability,NOT_APPLICABLE_BOTH_BOUNDS
20260811_155000_stage_B_2C_30day_full_final,pass_1,6,5,solar,2,PP,"PP(6,2,5)",0,0,zero_availability,NOT_APPLICABLE_BOTH_BOUNDS
20260811_155000_stage_B_2C_30day_full_final,pass_1,6,5,solar,3,PP,"PP(6,3,5)",0,0,zero_availability,NOT_APPLICABLE_BOTH_BOUNDS
20260811_155000_stage_B_2C_30day_full_final,pass_1,6,5,solar,4,PP,"PP(6,4,5)",0,0,zero_availability,NOT_APPLICABLE_BOTH_BOUNDS
20260811_155000_stage_B_2C_30day_full_final,pass_1,6,5,solar,5,PP,"PP(6,5,5)",0,0,zero_availability,NOT_APPLICABLE_BOTH_BOUNDS
20260811_155000_stage_B_2C_30day_full_final,pass_1,6,6,solar,1,PP,"PP(6,1,6)",0,0,zero_availability,NOT_APPLICABLE_BOTH_BOUNDS
20260811_155000_stage_B_2C_30day_full_final,pass_1,6,6,solar,2,PP,"PP(6,2,6)",0,0,zero_availability,NOT_APPLICABLE_BOTH_BOUNDS
20260811_155000_stage_B_2C_30day_full_final,pass_1,6,6,solar,3,PP,"PP(6,3,6)",0,0,zero_availability,NOT_APPLICABLE_BOTH_BOUNDS
20260811_155000_stage_B_2C_30day_full_final,pass_1,6,6,solar,4,PP,"PP(6,4,6)",0,0,zero_availability,NOT_APPLICABLE_BOTH_BOUNDS
20260811_155000_stage_B_2C_30day_full_final,pass_1,6,6,solar,5,PP,"PP(6,5,6)",0,0,zero_availability,NOT_APPLICABLE_BOTH_BOUNDS
20260811_155000_stage_B_2C_30day_full_final,pass_1,6,7,solar,1,PP,"PP(6,1,7)",0,0,zero_availability,NOT_APPLICABLE_BOTH_BOUNDS
20260811_155000_stage_B_2C_30day_full_final,pass_1,6,7,solar,2,PP,"PP(6,2,7)",0,0,zero_availability,NOT_APPLICABLE_BOTH_BOUNDS
20260811_155000_stage_B_2C_30day_full_final,pass_1,6,7,solar,3,PP,"PP(6,3,7)",0,0,zero_availability,NOT_APPLICABLE_BOTH_BOUNDS
20260811_155000_stage_B_2C_30day_full_final,pass_1,6,7,solar,4,PP,"PP(6,4,7)",0,0,zero_availability,NOT_APPLICABLE_BOTH_BOUNDS
20260811_155000_stage_B_2C_30day_full_final,pass_1,6,7,solar,5,PP,"PP(6,5,7)",0,0,zero_availability,NOT_APPLICABLE_BOTH_BOUNDS
20260811_155000_stage_B_2C_30day_full_final,pass_1,6,20,solar,1,PP,"PP(6,1,20)",0,0,zero_availability,NOT_APPLICABLE_BOTH_BOUNDS
20260811_155000_stage_B_2C_30day_full_final,pass_1,6,20,solar,2,PP,"PP(6,2,20)",0,0,zero_availability,NOT_APPLICABLE_BOTH_BOUNDS
20260811_155000_stage_B_2C_30day_full_final,pass_1,6,20,solar,3,PP,"PP(6,3,20)",0,0,zero_availability,NOT_APPLICABLE_BOTH_BOUNDS
20260811_155000_stage_B_2C_30day_full_final,pass_1,6,20,solar,4,PP,"PP(6,4,20)",0,0,zero_availability,NOT_APPLICABLE_BOTH_BOUNDS
20260811_155000_stage_B_2C_30day_full_final,pass_1,6,20,solar,5,PP,"PP(6,5,20)",0,0,zero_availability,NOT_APPLICABLE_BOTH_BOUNDS
20260811_155000_stage_B_2C_30day_full_final,pass_1,6,21,solar,1,PP,"PP(6,1,21)",0,0,zero_availability,NOT_APPLICABLE_BOTH_BOUNDS
20260811_155000_stage_B_2C_30day_full_final,pass_1,6,21,solar,2,PP,"PP(6,2,21)",0,0,zero_availability,NOT_APPLICABLE_BOTH_BOUNDS
20260811_155000_stage_B_2C_30day_full_final,pass_1,6,21,solar,3,PP,"PP(6,3,21)",0,0,zero_availability,NOT_APPLICABLE_BOTH_BOUNDS
20260811_155000_stage_B_2C_30day_full_final,pass_1,6,21,solar,4,PP,"PP(6,4,21)",0,0,zero_availability,NOT_APPLICABLE_BOTH_BOUNDS
20260811_155000_stage_B_2C_30day_full_final,pass_1,6,21,solar,5,PP,"PP(6,5,21)",0,0,zero_availability,NOT_APPLICABLE_BOTH_BOUNDS
20260811_155000_stage_B_2C_30day_full_final,pass_1,6,22,solar,1,PP,"PP(6,1,22)",0,0,zero_availability,NOT_APPLICABLE_BOTH_BOUNDS
20260811_155000_stage_B_2C_30day_full_final,pass_1,6,22,solar,2,PP,"PP(6,2,22)",0,0,zero_availability,NOT_APPLICABLE_BOTH_BOUNDS
20260811_155000_stage_B_2C_30day_full_final,pass_1,6,22,solar,3,PP,"PP(6,3,22)",0,0,zero_availability,NOT_APPLICABLE_BOTH_BOUNDS
20260811_155000_stage_B_2C_30day_full_final,pass_1,6,22,solar,4,PP,"PP(6,4,22)",0,0,zero_availability,NOT_APPLICABLE_BOTH_BOUNDS
20260811_155000_stage_B_2C_30day_full_final,pass_1,6,22,solar,5,PP,"PP(6,5,22)",0,0,zero_availability,NOT_APPLICABLE_BOTH_BOUNDS
20260811_155000_stage_B_2C_30day_full_final,pass_1,6,23,solar,1,PP,"PP(6,1,23)",0,0,zero_availability,NOT_APPLICABLE_BOTH_BOUNDS
20260811_155000_stage_B_2C_30day_full_final,pass_1,6,23,solar,2,PP,"PP(6,2,23)",0,0,zero_availability,NOT_APPLICABLE_BOTH_BOUNDS
20260811_155000_stage_B_2C_30day_full_final,pass_1,6,23,solar,3,PP,"PP(6,3,23)",0,0,zero_availability,NOT_APPLICABLE_BOTH_BOUNDS
20260811_155000_stage_B_2C_30day_full_final,pass_1,6,23,solar,4,PP,"PP(6,4,23)",0,0,zero_availability,NOT_APPLICABLE_BOTH_BOUNDS
20260811_155000_stage_B_2C_30day_full_final,pass_1,6,23,solar,5,PP,"PP(6,5,23)",0,0,zero_availability,NOT_APPLICABLE_BOTH_BOUNDS
20260811_155000_stage_B_2C_30day_full_final,pass_1,6,24,solar,1,PP,"PP(6,1,24)",0,0,zero_availability,NOT_APPLICABLE_BOTH_BOUNDS
20260811_155000_stage_B_2C_30day_full_final,pass_1,6,24,solar,2,PP,"PP(6,2,24)",0,0,zero_availability,NOT_APPLICABLE_BOTH_BOUNDS
20260811_155000_stage_B_2C_30day_full_final,pass_1,6,24,solar,3,PP,"PP(6,3,24)",0,0,zero_availability,NOT_APPLICABLE_BOTH_BOUNDS
20260811_155000_stage_B_2C_30day_full_final,pass_1,6,24,solar,4,PP,"PP(6,4,24)",0,0,zero_availability,NOT_APPLICABLE_BOTH_BOUNDS
20260811_155000_stage_B_2C_30day_full_final,pass_1,6,24,solar,5,PP,"PP(6,5,24)",0,0,zero_availability,NOT_APPLICABLE_BOTH_BOUNDS
20260811_155000_stage_B_2C_30day_full_final,pass_1,7,1,solar,1,PP,"PP(7,1,1)",0,0,zero_availability,NOT_APPLICABLE_BOTH_BOUNDS
20260811_155000_stage_B_2C_30day_full_final,pass_1,7,1,solar,2,PP,"PP(7,2,1)",0,0,zero_availability,NOT_APPLICABLE_BOTH_BOUNDS
20260811_155000_stage_B_2C_30day_full_final,pass_1,7,1,solar,3,PP,"PP(7,3,1)",0,0,zero_availability,NOT_APPLICABLE_BOTH_BOUNDS
20260811_155000_stage_B_2C_30day_full_final,pass_1,7,1,solar,4,PP,"PP(7,4,1)",0,0,zero_availability,NOT_APPLICABLE_BOTH_BOUNDS
20260811_155000_stage_B_2C_30day_full_final,pass_1,7,1,solar,5,PP,"PP(7,5,1)",0,0,zero_availability,NOT_APPLICABLE_BOTH_BOUNDS
20260811_155000_stage_B_2C_30day_full_final,pass_1,7,2,solar,1,PP,"PP(7,1,2)",0,0,zero_availability,NOT_APPLICABLE_BOTH_BOUNDS
20260811_155000_stage_B_2C_30day_full_final,pass_1,7,2,solar,2,PP,"PP(7,2,2)",0,0,zero_availability,NOT_APPLICABLE_BOTH_BOUNDS
20260811_155000_stage_B_2C_30day_full_final,pass_1,7,2,solar,3,PP,"PP(7,3,2)",0,0,zero_availability,NOT_APPLICABLE_BOTH_BOUNDS
20260811_155000_stage_B_2C_30day_full_final,pass_1,7,2,solar,4,PP,"PP(7,4,2)",0,0,zero_availability,NOT_APPLICABLE_BOTH_BOUNDS
20260811_155000_stage_B_2C_30day_full_final,pass_1,7,2,solar,5,PP,"PP(7,5,2)",0,0,zero_availability,NOT_APPLICABLE_BOTH_BOUNDS
20260811_155000_stage_B_2C_30day_full_final,pass_1,7,3,solar,1,PP,"PP(7,1,3)",0,0,zero_availability,NOT_APPLICABLE_BOTH_BOUNDS
20260811_155000_stage_B_2C_30day_full_final,pass_1,7,3,solar,2,PP,"PP(7,2,3)",0,0,zero_availability,NOT_APPLICABLE_BOTH_BOUNDS
20260811_155000_stage_B_2C_30day_full_final,pass_1,7,3,solar,3,PP,"PP(7,3,3)",0,0,zero_availability,NOT_APPLICABLE_BOTH_BOUNDS
20260811_155000_stage_B_2C_30day_full_final,pass_1,7,3,solar,4,PP,"PP(7,4,3)",0,0,zero_availability,NOT_APPLICABLE_BOTH_BOUNDS
20260811_155000_stage_B_2C_30day_full_final,pass_1,7,3,solar,5,PP,"PP(7,5,3)",0,0,zero_availability,NOT_APPLICABLE_BOTH_BOUNDS
20260811_155000_stage_B_2C_30day_full_final,pass_1,7,4,solar,1,PP,"PP(7,1,4)",0,0,zero_availability,NOT_APPLICABLE_BOTH_BOUNDS
20260811_155000_stage_B_2C_30day_full_final,pass_1,7,4,solar,2,PP,"PP(7,2,4)",0,0,zero_availability,NOT_APPLICABLE_BOTH_BOUNDS
20260811_155000_stage_B_2C_30day_full_final,pass_1,7,4,solar,3,PP,"PP(7,3,4)",0,0,zero_availability,NOT_APPLICABLE_BOTH_BOUNDS
20260811_155000_stage_B_2C_30day_full_final,pass_1,7,4,solar,4,PP,"PP(7,4,4)",0,0,zero_availability,NOT_APPLICABLE_BOTH_BOUNDS
20260811_155000_stage_B_2C_30day_full_final,pass_1,7,4,solar,5,PP,"PP(7,5,4)",0,0,zero_availability,NOT_APPLICABLE_BOTH_BOUNDS
20260811_155000_stage_B_2C_30day_full_final,pass_1,7,5,solar,1,PP,"PP(7,1,5)",0,0,zero_availability,NOT_APPLICABLE_BOTH_BOUNDS
20260811_155000_stage_B_2C_30day_full_final,pass_1,7,5,solar,2,PP,"PP(7,2,5)",0,0,zero_availability,NOT_APPLICABLE_BOTH_BOUNDS
20260811_155000_stage_B_2C_30day_full_final,pass_1,7,5,solar,3,PP,"PP(7,3,5)",0,0,zero_availability,NOT_APPLICABLE_BOTH_BOUNDS
20260811_155000_stage_B_2C_30day_full_final,pass_1,7,5,solar,4,PP,"PP(7,4,5)",0,0,zero_availability,NOT_APPLICABLE_BOTH_BOUNDS
20260811_155000_stage_B_2C_30day_full_final,pass_1,7,5,solar,5,PP,"PP(7,5,5)",0,0,zero_availability,NOT_APPLICABLE_BOTH_BOUNDS
20260811_155000_stage_B_2C_30day_full_final,pass_1,7,6,solar,1,PP,"PP(7,1,6)",0,0,zero_availability,NOT_APPLICABLE_BOTH_BOUNDS
20260811_155000_stage_B_2C_30day_full_final,pass_1,7,6,solar,2,PP,"PP(7,2,6)",0,0,zero_availability,NOT_APPLICABLE_BOTH_BOUNDS
20260811_155000_stage_B_2C_30day_full_final,pass_1,7,6,solar,3,PP,"PP(7,3,6)",0,0,zero_availability,NOT_APPLICABLE_BOTH_BOUNDS
20260811_155000_stage_B_2C_30day_full_final,pass_1,7,6,solar,4,PP,"PP(7,4,6)",0,0,zero_availability,NOT_APPLICABLE_BOTH_BOUNDS
20260811_155000_stage_B_2C_30day_full_final,pass_1,7,6,solar,5,PP,"PP(7,5,6)",0,0,zero_availability,NOT_APPLICABLE_BOTH_BOUNDS
20260811_155000_stage_B_2C_30day_full_final,pass_1,7,7,solar,1,PP,"PP(7,1,7)",0,0,zero_availability,NOT_APPLICABLE_BOTH_BOUNDS
20260811_155000_stage_B_2C_30day_full_final,pass_1,7,7,solar,2,PP,"PP(7,2,7)",0,0,zero_availability,NOT_APPLICABLE_BOTH_BOUNDS
20260811_155000_stage_B_2C_30day_full_final,pass_1,7,7,solar,3,PP,"PP(7,3,7)",0,0,zero_availability,NOT_APPLICABLE_BOTH_BOUNDS
20260811_155000_stage_B_2C_30day_full_final,pass_1,7,7,solar,4,PP,"PP(7,4,7)",0,0,zero_availability,NOT_APPLICABLE_BOTH_BOUNDS
20260811_155000_stage_B_2C_30day_full_final,pass_1,7,7,solar,5,PP,"PP(7,5,7)",0,0,zero_availability,NOT_APPLICABLE_BOTH_BOUNDS
20260811_155000_stage_B_2C_30day_full_final,pass_1,7,20,solar,1,PP,"PP(7,1,20)",0,0,zero_availability,NOT_APPLICABLE_BOTH_BOUNDS
20260811_155000_stage_B_2C_30day_full_final,pass_1,7,20,solar,2,PP,"PP(7,2,20)",0,0,zero_availability,NOT_APPLICABLE_BOTH_BOUNDS
20260811_155000_stage_B_2C_30day_full_final,pass_1,7,20,solar,3,PP,"PP(7,3,20)",0,0,zero_availability,NOT_APPLICABLE_BOTH_BOUNDS
20260811_155000_stage_B_2C_30day_full_final,pass_1,7,20,solar,4,PP,"PP(7,4,20)",0,0,zero_availability,NOT_APPLICABLE_BOTH_BOUNDS
20260811_155000_stage_B_2C_30day_full_final,pass_1,7,20,solar,5,PP,"PP(7,5,20)",0,0,zero_availability,NOT_APPLICABLE_BOTH_BOUNDS
20260811_155000_stage_B_2C_30day_full_final,pass_1,7,21,solar,1,PP,"PP(7,1,21)",0,0,zero_availability,NOT_APPLICABLE_BOTH_BOUNDS
20260811_155000_stage_B_2C_30day_full_final,pass_1,7,21,solar,2,PP,"PP(7,2,21)",0,0,zero_availability,NOT_APPLICABLE_BOTH_BOUNDS
20260811_155000_stage_B_2C_30day_full_final,pass_1,7,21,solar,3,PP,"PP(7,3,21)",0,0,zero_availability,NOT_APPLICABLE_BOTH_BOUNDS
20260811_155000_stage_B_2C_30day_full_final,pass_1,7,21,solar,4,PP,"PP(7,4,21)",0,0,zero_availability,NOT_APPLICABLE_BOTH_BOUNDS
20260811_155000_stage_B_2C_30day_full_final,pass_1,7,21,solar,5,PP,"PP(7,5,21)",0,0,zero_availability,NOT_APPLICABLE_BOTH_BOUNDS
20260811_155000_stage_B_2C_30day_full_final,pass_1,7,22,solar,1,PP,"PP(7,1,22)",0,0,zero_availability,NOT_APPLICABLE_BOTH_BOUNDS
20260811_155000_stage_B_2C_30day_full_final,pass_1,7,22,solar,2,PP,"PP(7,2,22)",0,0,zero_availability,NOT_APPLICABLE_BOTH_BOUNDS
20260811_155000_stage_B_2C_30day_full_final,pass_1,7,22,solar,3,PP,"PP(7,3,22)",0,0,zero_availability,NOT_APPLICABLE_BOTH_BOUNDS
20260811_155000_stage_B_2C_30day_full_final,pass_1,7,22,solar,4,PP,"PP(7,4,22)",0,0,zero_availability,NOT_APPLICABLE_BOTH_BOUNDS
20260811_155000_stage_B_2C_30day_full_final,pass_1,7,22,solar,5,PP,"PP(7,5,22)",0,0,zero_availability,NOT_APPLICABLE_BOTH_BOUNDS
20260811_155000_stage_B_2C_30day_full_final,pass_1,7,23,solar,1,PP,"PP(7,1,23)",0,0,zero_availability,NOT_APPLICABLE_BOTH_BOUNDS
20260811_155000_stage_B_2C_30day_full_final,pass_1,7,23,solar,2,PP,"PP(7,2,23)",0,0,zero_availability,NOT_APPLICABLE_BOTH_BOUNDS
20260811_155000_stage_B_2C_30day_full_final,pass_1,7,23,solar,3,PP,"PP(7,3,23)",0,0,zero_availability,NOT_APPLICABLE_BOTH_BOUNDS
20260811_155000_stage_B_2C_30day_full_final,pass_1,7,23,solar,4,PP,"PP(7,4,23)",0,0,zero_availability,NOT_APPLICABLE_BOTH_BOUNDS
20260811_155000_stage_B_2C_30day_full_final,pass_1,7,23,solar,5,PP,"PP(7,5,23)",0,0,zero_availability,NOT_APPLICABLE_BOTH_BOUNDS
20260811_155000_stage_B_2C_30day_full_final,pass_1,7,24,solar,1,PP,"PP(7,1,24)",0,0,zero_availability,NOT_APPLICABLE_BOTH_BOUNDS
20260811_155000_stage_B_2C_30day_full_final,pass_1,7,24,solar,2,PP,"PP(7,2,24)",0,0,zero_availability,NOT_APPLICABLE_BOTH_BOUNDS
20260811_155000_stage_B_2C_30day_full_final,pass_1,7,24,solar,3,PP,"PP(7,3,24)",0,0,zero_availability,NOT_APPLICABLE_BOTH_BOUNDS
20260811_155000_stage_B_2C_30day_full_final,pass_1,7,24,solar,4,PP,"PP(7,4,24)",0,0,zero_availability,NOT_APPLICABLE_BOTH_BOUNDS
20260811_155000_stage_B_2C_30day_full_final,pass_1,7,24,solar,5,PP,"PP(7,5,24)",0,0,zero_availability,NOT_APPLICABLE_BOTH_BOUNDS
20260811_155000_stage_B_2C_30day_full_final,pass_1,8,1,solar,1,PP,"PP(8,1,1)",0,0,zero_availability,NOT_APPLICABLE_BOTH_BOUNDS
20260811_155000_stage_B_2C_30day_full_final,pass_1,8,1,solar,2,PP,"PP(8,2,1)",0,0,zero_availability,NOT_APPLICABLE_BOTH_BOUNDS
20260811_155000_stage_B_2C_30day_full_final,pass_1,8,1,solar,3,PP,"PP(8,3,1)",0,0,zero_availability,NOT_APPLICABLE_BOTH_BOUNDS
20260811_155000_stage_B_2C_30day_full_final,pass_1,8,1,solar,4,PP,"PP(8,4,1)",0,0,zero_availability,NOT_APPLICABLE_BOTH_BOUNDS
20260811_155000_stage_B_2C_30day_full_final,pass_1,8,1,solar,5,PP,"PP(8,5,1)",0,0,zero_availability,NOT_APPLICABLE_BOTH_BOUNDS
20260811_155000_stage_B_2C_30day_full_final,pass_1,8,2,solar,1,PP,"PP(8,1,2)",0,0,zero_availability,NOT_APPLICABLE_BOTH_BOUNDS
20260811_155000_stage_B_2C_30day_full_final,pass_1,8,2,solar,2,PP,"PP(8,2,2)",0,0,zero_availability,NOT_APPLICABLE_BOTH_BOUNDS
20260811_155000_stage_B_2C_30day_full_final,pass_1,8,2,solar,3,PP,"PP(8,3,2)",0,0,zero_availability,NOT_APPLICABLE_BOTH_BOUNDS
20260811_155000_stage_B_2C_30day_full_final,pass_1,8,2,solar,4,PP,"PP(8,4,2)",0,0,zero_availability,NOT_APPLICABLE_BOTH_BOUNDS
20260811_155000_stage_B_2C_30day_full_final,pass_1,8,2,solar,5,PP,"PP(8,5,2)",0,0,zero_availability,NOT_APPLICABLE_BOTH_BOUNDS
20260811_155000_stage_B_2C_30day_full_final,pass_1,8,3,solar,1,PP,"PP(8,1,3)",0,0,zero_availability,NOT_APPLICABLE_BOTH_BOUNDS
20260811_155000_stage_B_2C_30day_full_final,pass_1,8,3,solar,2,PP,"PP(8,2,3)",0,0,zero_availability,NOT_APPLICABLE_BOTH_BOUNDS
20260811_155000_stage_B_2C_30day_full_final,pass_1,8,3,solar,3,PP,"PP(8,3,3)",0,0,zero_availability,NOT_APPLICABLE_BOTH_BOUNDS
20260811_155000_stage_B_2C_30day_full_final,pass_1,8,3,solar,4,PP,"PP(8,4,3)",0,0,zero_availability,NOT_APPLICABLE_BOTH_BOUNDS
20260811_155000_stage_B_2C_30day_full_final,pass_1,8,3,solar,5,PP,"PP(8,5,3)",0,0,zero_availability,NOT_APPLICABLE_BOTH_BOUNDS
20260811_155000_stage_B_2C_30day_full_final,pass_1,8,4,solar,1,PP,"PP(8,1,4)",0,0,zero_availability,NOT_APPLICABLE_BOTH_BOUNDS
20260811_155000_stage_B_2C_30day_full_final,pass_1,8,4,solar,2,PP,"PP(8,2,4)",0,0,zero_availability,NOT_APPLICABLE_BOTH_BOUNDS
20260811_155000_stage_B_2C_30day_full_final,pass_1,8,4,solar,3,PP,"PP(8,3,4)",0,0,zero_availability,NOT_APPLICABLE_BOTH_BOUNDS
20260811_155000_stage_B_2C_30day_full_final,pass_1,8,4,solar,4,PP,"PP(8,4,4)",0,0,zero_availability,NOT_APPLICABLE_BOTH_BOUNDS
20260811_155000_stage_B_2C_30day_full_final,pass_1,8,4,solar,5,PP,"PP(8,5,4)",0,0,zero_availability,NOT_APPLICABLE_BOTH_BOUNDS
20260811_155000_stage_B_2C_30day_full_final,pass_1,8,5,solar,1,PP,"PP(8,1,5)",0,0,zero_availability,NOT_APPLICABLE_BOTH_BOUNDS
20260811_155000_stage_B_2C_30day_full_final,pass_1,8,5,solar,2,PP,"PP(8,2,5)",0,0,zero_availability,NOT_APPLICABLE_BOTH_BOUNDS
20260811_155000_stage_B_2C_30day_full_final,pass_1,8,5,solar,3,PP,"PP(8,3,5)",0,0,zero_availability,NOT_APPLICABLE_BOTH_BOUNDS
20260811_155000_stage_B_2C_30day_full_final,pass_1,8,5,solar,4,PP,"PP(8,4,5)",0,0,zero_availability,NOT_APPLICABLE_BOTH_BOUNDS
20260811_155000_stage_B_2C_30day_full_final,pass_1,8,5,solar,5,PP,"PP(8,5,5)",0,0,zero_availability,NOT_APPLICABLE_BOTH_BOUNDS
20260811_155000_stage_B_2C_30day_full_final,pass_1,8,6,solar,1,PP,"PP(8,1,6)",0,0,zero_availability,NOT_APPLICABLE_BOTH_BOUNDS
20260811_155000_stage_B_2C_30day_full_final,pass_1,8,6,solar,2,PP,"PP(8,2,6)",0,0,zero_availability,NOT_APPLICABLE_BOTH_BOUNDS
20260811_155000_stage_B_2C_30day_full_final,pass_1,8,6,solar,3,PP,"PP(8,3,6)",0,0,zero_availability,NOT_APPLICABLE_BOTH_BOUNDS
20260811_155000_stage_B_2C_30day_full_final,pass_1,8,6,solar,4,PP,"PP(8,4,6)",0,0,zero_availability,NOT_APPLICABLE_BOTH_BOUNDS
20260811_155000_stage_B_2C_30day_full_final,pass_1,8,6,solar,5,PP,"PP(8,5,6)",0,0,zero_availability,NOT_APPLICABLE_BOTH_BOUNDS
20260811_155000_stage_B_2C_30day_full_final,pass_1,8,7,solar,1,PP,"PP(8,1,7)",0,0,zero_availability,NOT_APPLICABLE_BOTH_BOUNDS
20260811_155000_stage_B_2C_30day_full_final,pass_1,8,7,solar,2,PP,"PP(8,2,7)",0,0,zero_availability,NOT_APPLICABLE_BOTH_BOUNDS
20260811_155000_stage_B_2C_30day_full_final,pass_1,8,7,solar,3,PP,"PP(8,3,7)",0,0,zero_availability,NOT_APPLICABLE_BOTH_BOUNDS
20260811_155000_stage_B_2C_30day_full_final,pass_1,8,7,solar,4,PP,"PP(8,4,7)",0,0,zero_availability,NOT_APPLICABLE_BOTH_BOUNDS
20260811_155000_stage_B_2C_30day_full_final,pass_1,8,7,solar,5,PP,"PP(8,5,7)",0,0,zero_availability,NOT_APPLICABLE_BOTH_BOUNDS
20260811_155000_stage_B_2C_30day_full_final,pass_1,8,20,solar,1,PP,"PP(8,1,20)",0,0,zero_availability,NOT_APPLICABLE_BOTH_BOUNDS
20260811_155000_stage_B_2C_30day_full_final,pass_1,8,20,solar,2,PP,"PP(8,2,20)",0,0,zero_availability,NOT_APPLICABLE_BOTH_BOUNDS
20260811_155000_stage_B_2C_30day_full_final,pass_1,8,20,solar,3,PP,"PP(8,3,20)",0,0,zero_availability,NOT_APPLICABLE_BOTH_BOUNDS
20260811_155000_stage_B_2C_30day_full_final,pass_1,8,20,solar,4,PP,"PP(8,4,20)",0,0,zero_availability,NOT_APPLICABLE_BOTH_BOUNDS
20260811_155000_stage_B_2C_30day_full_final,pass_1,8,20,solar,5,PP,"PP(8,5,20)",0,0,zero_availability,NOT_APPLICABLE_BOTH_BOUNDS
20260811_155000_stage_B_2C_30day_full_final,pass_1,8,21,solar,1,PP,"PP(8,1,21)",0,0,zero_availability,NOT_APPLICABLE_BOTH_BOUNDS
20260811_155000_stage_B_2C_30day_full_final,pass_1,8,21,solar,2,PP,"PP(8,2,21)",0,0,zero_availability,NOT_APPLICABLE_BOTH_BOUNDS
20260811_155000_stage_B_2C_30day_full_final,pass_1,8,21,solar,3,PP,"PP(8,3,21)",0,0,zero_availability,NOT_APPLICABLE_BOTH_BOUNDS
20260811_155000_stage_B_2C_30day_full_final,pass_1,8,21,solar,4,PP,"PP(8,4,21)",0,0,zero_availability,NOT_APPLICABLE_BOTH_BOUNDS
20260811_155000_stage_B_2C_30day_full_final,pass_1,8,21,solar,5,PP,"PP(8,5,21)",0,0,zero_availability,NOT_APPLICABLE_BOTH_BOUNDS
20260811_155000_stage_B_2C_30day_full_final,pass_1,8,22,solar,1,PP,"PP(8,1,22)",0,0,zero_availability,NOT_APPLICABLE_BOTH_BOUNDS
20260811_155000_stage_B_2C_30day_full_final,pass_1,8,22,solar,2,PP,"PP(8,2,22)",0,0,zero_availability,NOT_APPLICABLE_BOTH_BOUNDS
20260811_155000_stage_B_2C_30day_full_final,pass_1,8,22,solar,3,PP,"PP(8,3,22)",0,0,zero_availability,NOT_APPLICABLE_BOTH_BOUNDS
20260811_155000_stage_B_2C_30day_full_final,pass_1,8,22,solar,4,PP,"PP(8,4,22)",0,0,zero_availability,NOT_APPLICABLE_BOTH_BOUNDS
20260811_155000_stage_B_2C_30day_full_final,pass_1,8,22,solar,5,PP,"PP(8,5,22)",0,0,zero_availability,NOT_APPLICABLE_BOTH_BOUNDS
20260811_155000_stage_B_2C_30day_full_final,pass_1,8,23,solar,1,PP,"PP(8,1,23)",0,0,zero_availability,NOT_APPLICABLE_BOTH_BOUNDS
20260811_155000_stage_B_2C_30day_full_final,pass_1,8,23,solar,2,PP,"PP(8,2,23)",0,0,zero_availability,NOT_APPLICABLE_BOTH_BOUNDS
20260811_155000_stage_B_2C_30day_full_final,pass_1,8,23,solar,3,PP,"PP(8,3,23)",0,0,zero_availability,NOT_APPLICABLE_BOTH_BOUNDS
20260811_155000_stage_B_2C_30day_full_final,pass_1,8,23,solar,4,PP,"PP(8,4,23)",0,0,zero_availability,NOT_APPLICABLE_BOTH_BOUNDS
20260811_155000_stage_B_2C_30day_full_final,pass_1,8,23,solar,5,PP,"PP(8,5,23)",0,0,zero_availability,NOT_APPLICABLE_BOTH_BOUNDS
20260811_155000_stage_B_2C_30day_full_final,pass_1,8,24,solar,1,PP,"PP(8,1,24)",0,0,zero_availability,NOT_APPLICABLE_BOTH_BOUNDS
20260811_155000_stage_B_2C_30day_full_final,pass_1,8,24,solar,2,PP,"PP(8,2,24)",0,0,zero_availability,NOT_APPLICABLE_BOTH_BOUNDS
20260811_155000_stage_B_2C_30day_full_final,pass_1,8,24,solar,3,PP,"PP(8,3,24)",0,0,zero_availability,NOT_APPLICABLE_BOTH_BOUNDS
20260811_155000_stage_B_2C_30day_full_final,pass_1,8,24,solar,4,PP,"PP(8,4,24)",0,0,zero_availability,NOT_APPLICABLE_BOTH_BOUNDS
20260811_155000_stage_B_2C_30day_full_final,pass_1,8,24,solar,5,PP,"PP(8,5,24)",0,0,zero_availability,NOT_APPLICABLE_BOTH_BOUNDS
20260811_155000_stage_B_2C_30day_full_final,pass_1,9,1,solar,1,PP,"PP(9,1,1)",0,0,zero_availability,NOT_APPLICABLE_BOTH_BOUNDS
20260811_155000_stage_B_2C_30day_full_final,pass_1,9,1,solar,2,PP,"PP(9,2,1)",0,0,zero_availability,NOT_APPLICABLE_BOTH_BOUNDS
20260811_155000_stage_B_2C_30day_full_final,pass_1,9,1,solar,3,PP,"PP(9,3,1)",0,0,zero_availability,NOT_APPLICABLE_BOTH_BOUNDS
20260811_155000_stage_B_2C_30day_full_final,pass_1,9,1,solar,4,PP,"PP(9,4,1)",0,0,zero_availability,NOT_APPLICABLE_BOTH_BOUNDS
20260811_155000_stage_B_2C_30day_full_final,pass_1,9,1,solar,5,PP,"PP(9,5,1)",0,0,zero_availability,NOT_APPLICABLE_BOTH_BOUNDS
20260811_155000_stage_B_2C_30day_full_final,pass_1,9,2,solar,1,PP,"PP(9,1,2)",0,0,zero_availability,NOT_APPLICABLE_BOTH_BOUNDS
20260811_155000_stage_B_2C_30day_full_final,pass_1,9,2,solar,2,PP,"PP(9,2,2)",0,0,zero_availability,NOT_APPLICABLE_BOTH_BOUNDS
20260811_155000_stage_B_2C_30day_full_final,pass_1,9,2,solar,3,PP,"PP(9,3,2)",0,0,zero_availability,NOT_APPLICABLE_BOTH_BOUNDS
20260811_155000_stage_B_2C_30day_full_final,pass_1,9,2,solar,4,PP,"PP(9,4,2)",0,0,zero_availability,NOT_APPLICABLE_BOTH_BOUNDS
20260811_155000_stage_B_2C_30day_full_final,pass_1,9,2,solar,5,PP,"PP(9,5,2)",0,0,zero_availability,NOT_APPLICABLE_BOTH_BOUNDS
20260811_155000_stage_B_2C_30day_full_final,pass_1,9,3,solar,1,PP,"PP(9,1,3)",0,0,zero_availability,NOT_APPLICABLE_BOTH_BOUNDS
20260811_155000_stage_B_2C_30day_full_final,pass_1,9,3,solar,2,PP,"PP(9,2,3)",0,0,zero_availability,NOT_APPLICABLE_BOTH_BOUNDS
20260811_155000_stage_B_2C_30day_full_final,pass_1,9,3,solar,3,PP,"PP(9,3,3)",0,0,zero_availability,NOT_APPLICABLE_BOTH_BOUNDS
20260811_155000_stage_B_2C_30day_full_final,pass_1,9,3,solar,4,PP,"PP(9,4,3)",0,0,zero_availability,NOT_APPLICABLE_BOTH_BOUNDS
20260811_155000_stage_B_2C_30day_full_final,pass_1,9,3,solar,5,PP,"PP(9,5,3)",0,0,zero_availability,NOT_APPLICABLE_BOTH_BOUNDS
20260811_155000_stage_B_2C_30day_full_final,pass_1,9,4,solar,1,PP,"PP(9,1,4)",0,0,zero_availability,NOT_APPLICABLE_BOTH_BOUNDS
20260811_155000_stage_B_2C_30day_full_final,pass_1,9,4,solar,2,PP,"PP(9,2,4)",0,0,zero_availability,NOT_APPLICABLE_BOTH_BOUNDS
20260811_155000_stage_B_2C_30day_full_final,pass_1,9,4,solar,3,PP,"PP(9,3,4)",0,0,zero_availability,NOT_APPLICABLE_BOTH_BOUNDS
20260811_155000_stage_B_2C_30day_full_final,pass_1,9,4,solar,4,PP,"PP(9,4,4)",0,0,zero_availability,NOT_APPLICABLE_BOTH_BOUNDS
20260811_155000_stage_B_2C_30day_full_final,pass_1,9,4,solar,5,PP,"PP(9,5,4)",0,0,zero_availability,NOT_APPLICABLE_BOTH_BOUNDS
20260811_155000_stage_B_2C_30day_full_final,pass_1,9,5,solar,1,PP,"PP(9,1,5)",0,0,zero_availability,NOT_APPLICABLE_BOTH_BOUNDS
20260811_155000_stage_B_2C_30day_full_final,pass_1,9,5,solar,2,PP,"PP(9,2,5)",0,0,zero_availability,NOT_APPLICABLE_BOTH_BOUNDS
20260811_155000_stage_B_2C_30day_full_final,pass_1,9,5,solar,3,PP,"PP(9,3,5)",0,0,zero_availability,NOT_APPLICABLE_BOTH_BOUNDS
20260811_155000_stage_B_2C_30day_full_final,pass_1,9,5,solar,4,PP,"PP(9,4,5)",0,0,zero_availability,NOT_APPLICABLE_BOTH_BOUNDS
20260811_155000_stage_B_2C_30day_full_final,pass_1,9,5,solar,5,PP,"PP(9,5,5)",0,0,zero_availability,NOT_APPLICABLE_BOTH_BOUNDS
20260811_155000_stage_B_2C_30day_full_final,pass_1,9,6,solar,1,PP,"PP(9,1,6)",0,0,zero_availability,NOT_APPLICABLE_BOTH_BOUNDS
20260811_155000_stage_B_2C_30day_full_final,pass_1,9,6,solar,2,PP,"PP(9,2,6)",0,0,zero_availability,NOT_APPLICABLE_BOTH_BOUNDS
20260811_155000_stage_B_2C_30day_full_final,pass_1,9,6,solar,3,PP,"PP(9,3,6)",0,0,zero_availability,NOT_APPLICABLE_BOTH_BOUNDS
20260811_155000_stage_B_2C_30day_full_final,pass_1,9,6,solar,4,PP,"PP(9,4,6)",0,0,zero_availability,NOT_APPLICABLE_BOTH_BOUNDS
20260811_155000_stage_B_2C_30day_full_final,pass_1,9,6,solar,5,PP,"PP(9,5,6)",0,0,zero_availability,NOT_APPLICABLE_BOTH_BOUNDS
20260811_155000_stage_B_2C_30day_full_final,pass_1,9,7,solar,1,PP,"PP(9,1,7)",0,0,zero_availability,NOT_APPLICABLE_BOTH_BOUNDS
20260811_155000_stage_B_2C_30day_full_final,pass_1,9,7,solar,2,PP,"PP(9,2,7)",0,0,zero_availability,NOT_APPLICABLE_BOTH_BOUNDS
20260811_155000_stage_B_2C_30day_full_final,pass_1,9,7,solar,3,PP,"PP(9,3,7)",0,0,zero_availability,NOT_APPLICABLE_BOTH_BOUNDS
20260811_155000_stage_B_2C_30day_full_final,pass_1,9,7,solar,4,PP,"PP(9,4,7)",0,0,zero_availability,NOT_APPLICABLE_BOTH_BOUNDS
20260811_155000_stage_B_2C_30day_full_final,pass_1,9,7,solar,5,PP,"PP(9,5,7)",0,0,zero_availability,NOT_APPLICABLE_BOTH_BOUNDS
20260811_155000_stage_B_2C_30day_full_final,pass_1,9,20,solar,1,PP,"PP(9,1,20)",0,0,zero_availability,NOT_APPLICABLE_BOTH_BOUNDS
20260811_155000_stage_B_2C_30day_full_final,pass_1,9,20,solar,2,PP,"PP(9,2,20)",0,0,zero_availability,NOT_APPLICABLE_BOTH_BOUNDS
20260811_155000_stage_B_2C_30day_full_final,pass_1,9,20,solar,3,PP,"PP(9,3,20)",0,0,zero_availability,NOT_APPLICABLE_BOTH_BOUNDS
20260811_155000_stage_B_2C_30day_full_final,pass_1,9,20,solar,4,PP,"PP(9,4,20)",0,0,zero_availability,NOT_APPLICABLE_BOTH_BOUNDS
20260811_155000_stage_B_2C_30day_full_final,pass_1,9,20,solar,5,PP,"PP(9,5,20)",0,0,zero_availability,NOT_APPLICABLE_BOTH_BOUNDS
20260811_155000_stage_B_2C_30day_full_final,pass_1,9,21,solar,1,PP,"PP(9,1,21)",0,0,zero_availability,NOT_APPLICABLE_BOTH_BOUNDS
20260811_155000_stage_B_2C_30day_full_final,pass_1,9,21,solar,2,PP,"PP(9,2,21)",0,0,zero_availability,NOT_APPLICABLE_BOTH_BOUNDS
20260811_155000_stage_B_2C_30day_full_final,pass_1,9,21,solar,3,PP,"PP(9,3,21)",0,0,zero_availability,NOT_APPLICABLE_BOTH_BOUNDS
20260811_155000_stage_B_2C_30day_full_final,pass_1,9,21,solar,4,PP,"PP(9,4,21)",0,0,zero_availability,NOT_APPLICABLE_BOTH_BOUNDS
20260811_155000_stage_B_2C_30day_full_final,pass_1,9,21,solar,5,PP,"PP(9,5,21)",0,0,zero_availability,NOT_APPLICABLE_BOTH_BOUNDS
20260811_155000_stage_B_2C_30day_full_final,pass_1,9,22,solar,1,PP,"PP(9,1,22)",0,0,zero_availability,NOT_APPLICABLE_BOTH_BOUNDS
20260811_155000_stage_B_2C_30day_full_final,pass_1,9,22,solar,2,PP,"PP(9,2,22)",0,0,zero_availability,NOT_APPLICABLE_BOTH_BOUNDS
20260811_155000_stage_B_2C_30day_full_final,pass_1,9,22,solar,3,PP,"PP(9,3,22)",0,0,zero_availability,NOT_APPLICABLE_BOTH_BOUNDS
20260811_155000_stage_B_2C_30day_full_final,pass_1,9,22,solar,4,PP,"PP(9,4,22)",0,0,zero_availability,NOT_APPLICABLE_BOTH_BOUNDS
20260811_155000_stage_B_2C_30day_full_final,pass_1,9,22,solar,5,PP,"PP(9,5,22)",0,0,zero_availability,NOT_APPLICABLE_BOTH_BOUNDS
20260811_155000_stage_B_2C_30day_full_final,pass_1,9,23,solar,1,PP,"PP(9,1,23)",0,0,zero_availability,NOT_APPLICABLE_BOTH_BOUNDS
20260811_155000_stage_B_2C_30day_full_final,pass_1,9,23,solar,2,PP,"PP(9,2,23)",0,0,zero_availability,NOT_APPLICABLE_BOTH_BOUNDS
20260811_155000_stage_B_2C_30day_full_final,pass_1,9,23,solar,3,PP,"PP(9,3,23)",0,0,zero_availability,NOT_APPLICABLE_BOTH_BOUNDS
20260811_155000_stage_B_2C_30day_full_final,pass_1,9,23,solar,4,PP,"PP(9,4,23)",0,0,zero_availability,NOT_APPLICABLE_BOTH_BOUNDS
20260811_155000_stage_B_2C_30day_full_final,pass_1,9,23,solar,5,PP,"PP(9,5,23)",0,0,zero_availability,NOT_APPLICABLE_BOTH_BOUNDS
20260811_155000_stage_B_2C_30day_full_final,pass_1,9,24,solar,1,PP,"PP(9,1,24)",0,0,zero_availability,NOT_APPLICABLE_BOTH_BOUNDS
20260811_155000_stage_B_2C_30day_full_final,pass_1,9,24,solar,2,PP,"PP(9,2,24)",0,0,zero_availability,NOT_APPLICABLE_BOTH_BOUNDS
20260811_155000_stage_B_2C_30day_full_final,pass_1,9,24,solar,3,PP,"PP(9,3,24)",0,0,zero_availability,NOT_APPLICABLE_BOTH_BOUNDS
20260811_155000_stage_B_2C_30day_full_final,pass_1,9,24,solar,4,PP,"PP(9,4,24)",0,0,zero_availability,NOT_APPLICABLE_BOTH_BOUNDS
20260811_155000_stage_B_2C_30day_full_final,pass_1,9,24,solar,5,PP,"PP(9,5,24)",0,0,zero_availability,NOT_APPLICABLE_BOTH_BOUNDS
20260811_155000_stage_B_2C_30day_full_final,pass_1,10,1,solar,1,PP,"PP(10,1,1)",0,0,zero_availability,NOT_APPLICABLE_BOTH_BOUNDS
20260811_155000_stage_B_2C_30day_full_final,pass_1,10,1,solar,2,PP,"PP(10,2,1)",0,0,zero_availability,NOT_APPLICABLE_BOTH_BOUNDS
20260811_155000_stage_B_2C_30day_full_final,pass_1,10,1,solar,3,PP,"PP(10,3,1)",0,0,zero_availability,NOT_APPLICABLE_BOTH_BOUNDS
20260811_155000_stage_B_2C_30day_full_final,pass_1,10,1,solar,4,PP,"PP(10,4,1)",0,0,zero_availability,NOT_APPLICABLE_BOTH_BOUNDS
20260811_155000_stage_B_2C_30day_full_final,pass_1,10,1,solar,5,PP,"PP(10,5,1)",0,0,zero_availability,NOT_APPLICABLE_BOTH_BOUNDS
20260811_155000_stage_B_2C_30day_full_final,pass_1,10,2,solar,1,PP,"PP(10,1,2)",0,0,zero_availability,NOT_APPLICABLE_BOTH_BOUNDS
20260811_155000_stage_B_2C_30day_full_final,pass_1,10,2,solar,2,PP,"PP(10,2,2)",0,0,zero_availability,NOT_APPLICABLE_BOTH_BOUNDS
20260811_155000_stage_B_2C_30day_full_final,pass_1,10,2,solar,3,PP,"PP(10,3,2)",0,0,zero_availability,NOT_APPLICABLE_BOTH_BOUNDS
20260811_155000_stage_B_2C_30day_full_final,pass_1,10,2,solar,4,PP,"PP(10,4,2)",0,0,zero_availability,NOT_APPLICABLE_BOTH_BOUNDS
20260811_155000_stage_B_2C_30day_full_final,pass_1,10,2,solar,5,PP,"PP(10,5,2)",0,0,zero_availability,NOT_APPLICABLE_BOTH_BOUNDS
20260811_155000_stage_B_2C_30day_full_final,pass_1,10,3,solar,1,PP,"PP(10,1,3)",0,0,zero_availability,NOT_APPLICABLE_BOTH_BOUNDS
20260811_155000_stage_B_2C_30day_full_final,pass_1,10,3,solar,2,PP,"PP(10,2,3)",0,0,zero_availability,NOT_APPLICABLE_BOTH_BOUNDS
20260811_155000_stage_B_2C_30day_full_final,pass_1,10,3,solar,3,PP,"PP(10,3,3)",0,0,zero_availability,NOT_APPLICABLE_BOTH_BOUNDS
20260811_155000_stage_B_2C_30day_full_final,pass_1,10,3,solar,4,PP,"PP(10,4,3)",0,0,zero_availability,NOT_APPLICABLE_BOTH_BOUNDS
20260811_155000_stage_B_2C_30day_full_final,pass_1,10,3,solar,5,PP,"PP(10,5,3)",0,0,zero_availability,NOT_APPLICABLE_BOTH_BOUNDS
20260811_155000_stage_B_2C_30day_full_final,pass_1,10,4,solar,1,PP,"PP(10,1,4)",0,0,zero_availability,NOT_APPLICABLE_BOTH_BOUNDS
20260811_155000_stage_B_2C_30day_full_final,pass_1,10,4,solar,2,PP,"PP(10,2,4)",0,0,zero_availability,NOT_APPLICABLE_BOTH_BOUNDS
20260811_155000_stage_B_2C_30day_full_final,pass_1,10,4,solar,3,PP,"PP(10,3,4)",0,0,zero_availability,NOT_APPLICABLE_BOTH_BOUNDS
20260811_155000_stage_B_2C_30day_full_final,pass_1,10,4,solar,4,PP,"PP(10,4,4)",0,0,zero_availability,NOT_APPLICABLE_BOTH_BOUNDS
20260811_155000_stage_B_2C_30day_full_final,pass_1,10,4,solar,5,PP,"PP(10,5,4)",0,0,zero_availability,NOT_APPLICABLE_BOTH_BOUNDS
20260811_155000_stage_B_2C_30day_full_final,pass_1,10,5,solar,1,PP,"PP(10,1,5)",0,0,zero_availability,NOT_APPLICABLE_BOTH_BOUNDS
20260811_155000_stage_B_2C_30day_full_final,pass_1,10,5,solar,2,PP,"PP(10,2,5)",0,0,zero_availability,NOT_APPLICABLE_BOTH_BOUNDS
20260811_155000_stage_B_2C_30day_full_final,pass_1,10,5,solar,3,PP,"PP(10,3,5)",0,0,zero_availability,NOT_APPLICABLE_BOTH_BOUNDS
20260811_155000_stage_B_2C_30day_full_final,pass_1,10,5,solar,4,PP,"PP(10,4,5)",0,0,zero_availability,NOT_APPLICABLE_BOTH_BOUNDS
20260811_155000_stage_B_2C_30day_full_final,pass_1,10,5,solar,5,PP,"PP(10,5,5)",0,0,zero_availability,NOT_APPLICABLE_BOTH_BOUNDS
20260811_155000_stage_B_2C_30day_full_final,pass_1,10,6,solar,1,PP,"PP(10,1,6)",0,0,zero_availability,NOT_APPLICABLE_BOTH_BOUNDS
20260811_155000_stage_B_2C_30day_full_final,pass_1,10,6,solar,2,PP,"PP(10,2,6)",0,0,zero_availability,NOT_APPLICABLE_BOTH_BOUNDS
20260811_155000_stage_B_2C_30day_full_final,pass_1,10,6,solar,3,PP,"PP(10,3,6)",0,0,zero_availability,NOT_APPLICABLE_BOTH_BOUNDS
20260811_155000_stage_B_2C_30day_full_final,pass_1,10,6,solar,4,PP,"PP(10,4,6)",0,0,zero_availability,NOT_APPLICABLE_BOTH_BOUNDS
20260811_155000_stage_B_2C_30day_full_final,pass_1,10,6,solar,5,PP,"PP(10,5,6)",0,0,zero_availability,NOT_APPLICABLE_BOTH_BOUNDS
20260811_155000_stage_B_2C_30day_full_final,pass_1,10,7,solar,1,PP,"PP(10,1,7)",0,0,zero_availability,NOT_APPLICABLE_BOTH_BOUNDS
20260811_155000_stage_B_2C_30day_full_final,pass_1,10,7,solar,2,PP,"PP(10,2,7)",0,0,zero_availability,NOT_APPLICABLE_BOTH_BOUNDS
20260811_155000_stage_B_2C_30day_full_final,pass_1,10,7,solar,3,PP,"PP(10,3,7)",0,0,zero_availability,NOT_APPLICABLE_BOTH_BOUNDS
20260811_155000_stage_B_2C_30day_full_final,pass_1,10,7,solar,4,PP,"PP(10,4,7)",0,0,zero_availability,NOT_APPLICABLE_BOTH_BOUNDS
20260811_155000_stage_B_2C_30day_full_final,pass_1,10,7,solar,5,PP,"PP(10,5,7)",0,0,zero_availability,NOT_APPLICABLE_BOTH_BOUNDS
20260811_155000_stage_B_2C_30day_full_final,pass_1,10,20,solar,1,PP,"PP(10,1,20)",0,0,zero_availability,NOT_APPLICABLE_BOTH_BOUNDS
20260811_155000_stage_B_2C_30day_full_final,pass_1,10,20,solar,2,PP,"PP(10,2,20)",0,0,zero_availability,NOT_APPLICABLE_BOTH_BOUNDS
20260811_155000_stage_B_2C_30day_full_final,pass_1,10,20,solar,3,PP,"PP(10,3,20)",0,0,zero_availability,NOT_APPLICABLE_BOTH_BOUNDS
20260811_155000_stage_B_2C_30day_full_final,pass_1,10,20,solar,4,PP,"PP(10,4,20)",0,0,zero_availability,NOT_APPLICABLE_BOTH_BOUNDS
20260811_155000_stage_B_2C_30day_full_final,pass_1,10,20,solar,5,PP,"PP(10,5,20)",0,0,zero_availability,NOT_APPLICABLE_BOTH_BOUNDS
20260811_155000_stage_B_2C_30day_full_final,pass_1,10,21,solar,1,PP,"PP(10,1,21)",0,0,zero_availability,NOT_APPLICABLE_BOTH_BOUNDS
20260811_155000_stage_B_2C_30day_full_final,pass_1,10,21,solar,2,PP,"PP(10,2,21)",0,0,zero_availability,NOT_APPLICABLE_BOTH_BOUNDS
20260811_155000_stage_B_2C_30day_full_final,pass_1,10,21,solar,3,PP,"PP(10,3,21)",0,0,zero_availability,NOT_APPLICABLE_BOTH_BOUNDS
20260811_155000_stage_B_2C_30day_full_final,pass_1,10,21,solar,4,PP,"PP(10,4,21)",0,0,zero_availability,NOT_APPLICABLE_BOTH_BOUNDS
20260811_155000_stage_B_2C_30day_full_final,pass_1,10,21,solar,5,PP,"PP(10,5,21)",0,0,zero_availability,NOT_APPLICABLE_BOTH_BOUNDS
20260811_155000_stage_B_2C_30day_full_final,pass_1,10,22,solar,1,PP,"PP(10,1,22)",0,0,zero_availability,NOT_APPLICABLE_BOTH_BOUNDS
20260811_155000_stage_B_2C_30day_full_final,pass_1,10,22,solar,2,PP,"PP(10,2,22)",0,0,zero_availability,NOT_APPLICABLE_BOTH_BOUNDS
20260811_155000_stage_B_2C_30day_full_final,pass_1,10,22,solar,3,PP,"PP(10,3,22)",0,0,zero_availability,NOT_APPLICABLE_BOTH_BOUNDS
20260811_155000_stage_B_2C_30day_full_final,pass_1,10,22,solar,4,PP,"PP(10,4,22)",0,0,zero_availability,NOT_APPLICABLE_BOTH_BOUNDS
20260811_155000_stage_B_2C_30day_full_final,pass_1,10,22,solar,5,PP,"PP(10,5,22)",0,0,zero_availability,NOT_APPLICABLE_BOTH_BOUNDS
20260811_155000_stage_B_2C_30day_full_final,pass_1,10,23,solar,1,PP,"PP(10,1,23)",0,0,zero_availability,NOT_APPLICABLE_BOTH_BOUNDS
20260811_155000_stage_B_2C_30day_full_final,pass_1,10,23,solar,2,PP,"PP(10,2,23)",0,0,zero_availability,NOT_APPLICABLE_BOTH_BOUNDS
20260811_155000_stage_B_2C_30day_full_final,pass_1,10,23,solar,3,PP,"PP(10,3,23)",0,0,zero_availability,NOT_APPLICABLE_BOTH_BOUNDS
20260811_155000_stage_B_2C_30day_full_final,pass_1,10,23,solar,4,PP,"PP(10,4,23)",0,0,zero_availability,NOT_APPLICABLE_BOTH_BOUNDS
20260811_155000_stage_B_2C_30day_full_final,pass_1,10,23,solar,5,PP,"PP(10,5,23)",0,0,zero_availability,NOT_APPLICABLE_BOTH_BOUNDS
20260811_155000_stage_B_2C_30day_full_final,pass_1,10,24,solar,1,PP,"PP(10,1,24)",0,0,zero_availability,NOT_APPLICABLE_BOTH_BOUNDS
20260811_155000_stage_B_2C_30day_full_final,pass_1,10,24,solar,2,PP,"PP(10,2,24)",0,0,zero_availability,NOT_APPLICABLE_BOTH_BOUNDS
20260811_155000_stage_B_2C_30day_full_final,pass_1,10,24,solar,3,PP,"PP(10,3,24)",0,0,zero_availability,NOT_APPLICABLE_BOTH_BOUNDS
20260811_155000_stage_B_2C_30day_full_final,pass_1,10,24,solar,4,PP,"PP(10,4,24)",0,0,zero_availability,NOT_APPLICABLE_BOTH_BOUNDS
20260811_155000_stage_B_2C_30day_full_final,pass_1,10,24,solar,5,PP,"PP(10,5,24)",0,0,zero_availability,NOT_APPLICABLE_BOTH_BOUNDS
20260811_155000_stage_B_2C_30day_full_final,pass_1,11,1,solar,1,PP,"PP(11,1,1)",0,0,zero_availability,NOT_APPLICABLE_BOTH_BOUNDS
20260811_155000_stage_B_2C_30day_full_final,pass_1,11,1,solar,2,PP,"PP(11,2,1)",0,0,zero_availability,NOT_APPLICABLE_BOTH_BOUNDS
20260811_155000_stage_B_2C_30day_full_final,pass_1,11,1,solar,3,PP,"PP(11,3,1)",0,0,zero_availability,NOT_APPLICABLE_BOTH_BOUNDS
20260811_155000_stage_B_2C_30day_full_final,pass_1,11,1,solar,4,PP,"PP(11,4,1)",0,0,zero_availability,NOT_APPLICABLE_BOTH_BOUNDS
20260811_155000_stage_B_2C_30day_full_final,pass_1,11,1,solar,5,PP,"PP(11,5,1)",0,0,zero_availability,NOT_APPLICABLE_BOTH_BOUNDS
20260811_155000_stage_B_2C_30day_full_final,pass_1,11,2,solar,1,PP,"PP(11,1,2)",0,0,zero_availability,NOT_APPLICABLE_BOTH_BOUNDS
20260811_155000_stage_B_2C_30day_full_final,pass_1,11,2,solar,2,PP,"PP(11,2,2)",0,0,zero_availability,NOT_APPLICABLE_BOTH_BOUNDS
20260811_155000_stage_B_2C_30day_full_final,pass_1,11,2,solar,3,PP,"PP(11,3,2)",0,0,zero_availability,NOT_APPLICABLE_BOTH_BOUNDS
20260811_155000_stage_B_2C_30day_full_final,pass_1,11,2,solar,4,PP,"PP(11,4,2)",0,0,zero_availability,NOT_APPLICABLE_BOTH_BOUNDS
20260811_155000_stage_B_2C_30day_full_final,pass_1,11,2,solar,5,PP,"PP(11,5,2)",0,0,zero_availability,NOT_APPLICABLE_BOTH_BOUNDS
20260811_155000_stage_B_2C_30day_full_final,pass_1,11,3,solar,1,PP,"PP(11,1,3)",0,0,zero_availability,NOT_APPLICABLE_BOTH_BOUNDS
20260811_155000_stage_B_2C_30day_full_final,pass_1,11,3,solar,2,PP,"PP(11,2,3)",0,0,zero_availability,NOT_APPLICABLE_BOTH_BOUNDS
20260811_155000_stage_B_2C_30day_full_final,pass_1,11,3,solar,3,PP,"PP(11,3,3)",0,0,zero_availability,NOT_APPLICABLE_BOTH_BOUNDS
20260811_155000_stage_B_2C_30day_full_final,pass_1,11,3,solar,4,PP,"PP(11,4,3)",0,0,zero_availability,NOT_APPLICABLE_BOTH_BOUNDS
20260811_155000_stage_B_2C_30day_full_final,pass_1,11,3,solar,5,PP,"PP(11,5,3)",0,0,zero_availability,NOT_APPLICABLE_BOTH_BOUNDS
20260811_155000_stage_B_2C_30day_full_final,pass_1,11,4,solar,1,PP,"PP(11,1,4)",0,0,zero_availability,NOT_APPLICABLE_BOTH_BOUNDS
20260811_155000_stage_B_2C_30day_full_final,pass_1,11,4,solar,2,PP,"PP(11,2,4)",0,0,zero_availability,NOT_APPLICABLE_BOTH_BOUNDS
20260811_155000_stage_B_2C_30day_full_final,pass_1,11,4,solar,3,PP,"PP(11,3,4)",0,0,zero_availability,NOT_APPLICABLE_BOTH_BOUNDS
20260811_155000_stage_B_2C_30day_full_final,pass_1,11,4,solar,4,PP,"PP(11,4,4)",0,0,zero_availability,NOT_APPLICABLE_BOTH_BOUNDS
20260811_155000_stage_B_2C_30day_full_final,pass_1,11,4,solar,5,PP,"PP(11,5,4)",0,0,zero_availability,NOT_APPLICABLE_BOTH_BOUNDS
20260811_155000_stage_B_2C_30day_full_final,pass_1,11,5,solar,1,PP,"PP(11,1,5)",0,0,zero_availability,NOT_APPLICABLE_BOTH_BOUNDS
20260811_155000_stage_B_2C_30day_full_final,pass_1,11,5,solar,2,PP,"PP(11,2,5)",0,0,zero_availability,NOT_APPLICABLE_BOTH_BOUNDS
20260811_155000_stage_B_2C_30day_full_final,pass_1,11,5,solar,3,PP,"PP(11,3,5)",0,0,zero_availability,NOT_APPLICABLE_BOTH_BOUNDS
20260811_155000_stage_B_2C_30day_full_final,pass_1,11,5,solar,4,PP,"PP(11,4,5)",0,0,zero_availability,NOT_APPLICABLE_BOTH_BOUNDS
20260811_155000_stage_B_2C_30day_full_final,pass_1,11,5,solar,5,PP,"PP(11,5,5)",0,0,zero_availability,NOT_APPLICABLE_BOTH_BOUNDS
20260811_155000_stage_B_2C_30day_full_final,pass_1,11,6,solar,1,PP,"PP(11,1,6)",0,0,zero_availability,NOT_APPLICABLE_BOTH_BOUNDS
20260811_155000_stage_B_2C_30day_full_final,pass_1,11,6,solar,2,PP,"PP(11,2,6)",0,0,zero_availability,NOT_APPLICABLE_BOTH_BOUNDS
20260811_155000_stage_B_2C_30day_full_final,pass_1,11,6,solar,3,PP,"PP(11,3,6)",0,0,zero_availability,NOT_APPLICABLE_BOTH_BOUNDS
20260811_155000_stage_B_2C_30day_full_final,pass_1,11,6,solar,4,PP,"PP(11,4,6)",0,0,zero_availability,NOT_APPLICABLE_BOTH_BOUNDS
20260811_155000_stage_B_2C_30day_full_final,pass_1,11,6,solar,5,PP,"PP(11,5,6)",0,0,zero_availability,NOT_APPLICABLE_BOTH_BOUNDS
20260811_155000_stage_B_2C_30day_full_final,pass_1,11,7,solar,1,PP,"PP(11,1,7)",0,0,zero_availability,NOT_APPLICABLE_BOTH_BOUNDS
20260811_155000_stage_B_2C_30day_full_final,pass_1,11,7,solar,2,PP,"PP(11,2,7)",0,0,zero_availability,NOT_APPLICABLE_BOTH_BOUNDS
20260811_155000_stage_B_2C_30day_full_final,pass_1,11,7,solar,3,PP,"PP(11,3,7)",0,0,zero_availability,NOT_APPLICABLE_BOTH_BOUNDS
20260811_155000_stage_B_2C_30day_full_final,pass_1,11,7,solar,4,PP,"PP(11,4,7)",0,0,zero_availability,NOT_APPLICABLE_BOTH_BOUNDS
20260811_155000_stage_B_2C_30day_full_final,pass_1,11,7,solar,5,PP,"PP(11,5,7)",0,0,zero_availability,NOT_APPLICABLE_BOTH_BOUNDS
20260811_155000_stage_B_2C_30day_full_final,pass_1,11,20,solar,1,PP,"PP(11,1,20)",0,0,zero_availability,NOT_APPLICABLE_BOTH_BOUNDS
20260811_155000_stage_B_2C_30day_full_final,pass_1,11,20,solar,2,PP,"PP(11,2,20)",0,0,zero_availability,NOT_APPLICABLE_BOTH_BOUNDS
20260811_155000_stage_B_2C_30day_full_final,pass_1,11,20,solar,3,PP,"PP(11,3,20)",0,0,zero_availability,NOT_APPLICABLE_BOTH_BOUNDS
20260811_155000_stage_B_2C_30day_full_final,pass_1,11,20,solar,4,PP,"PP(11,4,20)",0,0,zero_availability,NOT_APPLICABLE_BOTH_BOUNDS
20260811_155000_stage_B_2C_30day_full_final,pass_1,11,20,solar,5,PP,"PP(11,5,20)",0,0,zero_availability,NOT_APPLICABLE_BOTH_BOUNDS
20260811_155000_stage_B_2C_30day_full_final,pass_1,11,21,solar,1,PP,"PP(11,1,21)",0,0,zero_availability,NOT_APPLICABLE_BOTH_BOUNDS
20260811_155000_stage_B_2C_30day_full_final,pass_1,11,21,solar,2,PP,"PP(11,2,21)",0,0,zero_availability,NOT_APPLICABLE_BOTH_BOUNDS
20260811_155000_stage_B_2C_30day_full_final,pass_1,11,21,solar,3,PP,"PP(11,3,21)",0,0,zero_availability,NOT_APPLICABLE_BOTH_BOUNDS
20260811_155000_stage_B_2C_30day_full_final,pass_1,11,21,solar,4,PP,"PP(11,4,21)",0,0,zero_availability,NOT_APPLICABLE_BOTH_BOUNDS
20260811_155000_stage_B_2C_30day_full_final,pass_1,11,21,solar,5,PP,"PP(11,5,21)",0,0,zero_availability,NOT_APPLICABLE_BOTH_BOUNDS
20260811_155000_stage_B_2C_30day_full_final,pass_1,11,22,solar,1,PP,"PP(11,1,22)",0,0,zero_availability,NOT_APPLICABLE_BOTH_BOUNDS
20260811_155000_stage_B_2C_30day_full_final,pass_1,11,22,solar,2,PP,"PP(11,2,22)",0,0,zero_availability,NOT_APPLICABLE_BOTH_BOUNDS
20260811_155000_stage_B_2C_30day_full_final,pass_1,11,22,solar,3,PP,"PP(11,3,22)",0,0,zero_availability,NOT_APPLICABLE_BOTH_BOUNDS
20260811_155000_stage_B_2C_30day_full_final,pass_1,11,22,solar,4,PP,"PP(11,4,22)",0,0,zero_availability,NOT_APPLICABLE_BOTH_BOUNDS
20260811_155000_stage_B_2C_30day_full_final,pass_1,11,22,solar,5,PP,"PP(11,5,22)",0,0,zero_availability,NOT_APPLICABLE_BOTH_BOUNDS
20260811_155000_stage_B_2C_30day_full_final,pass_1,11,23,solar,1,PP,"PP(11,1,23)",0,0,zero_availability,NOT_APPLICABLE_BOTH_BOUNDS
20260811_155000_stage_B_2C_30day_full_final,pass_1,11,23,solar,2,PP,"PP(11,2,23)",0,0,zero_availability,NOT_APPLICABLE_BOTH_BOUNDS
20260811_155000_stage_B_2C_30day_full_final,pass_1,11,23,solar,3,PP,"PP(11,3,23)",0,0,zero_availability,NOT_APPLICABLE_BOTH_BOUNDS
20260811_155000_stage_B_2C_30day_full_final,pass_1,11,23,solar,4,PP,"PP(11,4,23)",0,0,zero_availability,NOT_APPLICABLE_BOTH_BOUNDS
20260811_155000_stage_B_2C_30day_full_final,pass_1,11,23,solar,5,PP,"PP(11,5,23)",0,0,zero_availability,NOT_APPLICABLE_BOTH_BOUNDS
20260811_155000_stage_B_2C_30day_full_final,pass_1,11,24,solar,1,PP,"PP(11,1,24)",0,0,zero_availability,NOT_APPLICABLE_BOTH_BOUNDS
20260811_155000_stage_B_2C_30day_full_final,pass_1,11,24,solar,2,PP,"PP(11,2,24)",0,0,zero_availability,NOT_APPLICABLE_BOTH_BOUNDS
20260811_155000_stage_B_2C_30day_full_final,pass_1,11,24,solar,3,PP,"PP(11,3,24)",0,0,zero_availability,NOT_APPLICABLE_BOTH_BOUNDS
20260811_155000_stage_B_2C_30day_full_final,pass_1,11,24,solar,4,PP,"PP(11,4,24)",0,0,zero_availability,NOT_APPLICABLE_BOTH_BOUNDS
20260811_155000_stage_B_2C_30day_full_final,pass_1,11,24,solar,5,PP,"PP(11,5,24)",0,0,zero_availability,NOT_APPLICABLE_BOTH_BOUNDS
20260811_155000_stage_B_2C_30day_full_final,pass_1,12,1,solar,1,PP,"PP(12,1,1)",0,0,zero_availability,NOT_APPLICABLE_BOTH_BOUNDS
20260811_155000_stage_B_2C_30day_full_final,pass_1,12,1,solar,2,PP,"PP(12,2,1)",0,0,zero_availability,NOT_APPLICABLE_BOTH_BOUNDS
20260811_155000_stage_B_2C_30day_full_final,pass_1,12,1,solar,3,PP,"PP(12,3,1)",0,0,zero_availability,NOT_APPLICABLE_BOTH_BOUNDS
20260811_155000_stage_B_2C_30day_full_final,pass_1,12,1,solar,4,PP,"PP(12,4,1)",0,0,zero_availability,NOT_APPLICABLE_BOTH_BOUNDS
20260811_155000_stage_B_2C_30day_full_final,pass_1,12,1,solar,5,PP,"PP(12,5,1)",0,0,zero_availability,NOT_APPLICABLE_BOTH_BOUNDS
20260811_155000_stage_B_2C_30day_full_final,pass_1,12,2,solar,1,PP,"PP(12,1,2)",0,0,zero_availability,NOT_APPLICABLE_BOTH_BOUNDS
20260811_155000_stage_B_2C_30day_full_final,pass_1,12,2,solar,2,PP,"PP(12,2,2)",0,0,zero_availability,NOT_APPLICABLE_BOTH_BOUNDS
20260811_155000_stage_B_2C_30day_full_final,pass_1,12,2,solar,3,PP,"PP(12,3,2)",0,0,zero_availability,NOT_APPLICABLE_BOTH_BOUNDS
20260811_155000_stage_B_2C_30day_full_final,pass_1,12,2,solar,4,PP,"PP(12,4,2)",0,0,zero_availability,NOT_APPLICABLE_BOTH_BOUNDS
20260811_155000_stage_B_2C_30day_full_final,pass_1,12,2,solar,5,PP,"PP(12,5,2)",0,0,zero_availability,NOT_APPLICABLE_BOTH_BOUNDS
20260811_155000_stage_B_2C_30day_full_final,pass_1,12,3,solar,1,PP,"PP(12,1,3)",0,0,zero_availability,NOT_APPLICABLE_BOTH_BOUNDS
20260811_155000_stage_B_2C_30day_full_final,pass_1,12,3,solar,2,PP,"PP(12,2,3)",0,0,zero_availability,NOT_APPLICABLE_BOTH_BOUNDS
20260811_155000_stage_B_2C_30day_full_final,pass_1,12,3,solar,3,PP,"PP(12,3,3)",0,0,zero_availability,NOT_APPLICABLE_BOTH_BOUNDS
20260811_155000_stage_B_2C_30day_full_final,pass_1,12,3,solar,4,PP,"PP(12,4,3)",0,0,zero_availability,NOT_APPLICABLE_BOTH_BOUNDS
20260811_155000_stage_B_2C_30day_full_final,pass_1,12,3,solar,5,PP,"PP(12,5,3)",0,0,zero_availability,NOT_APPLICABLE_BOTH_BOUNDS
20260811_155000_stage_B_2C_30day_full_final,pass_1,12,4,solar,1,PP,"PP(12,1,4)",0,0,zero_availability,NOT_APPLICABLE_BOTH_BOUNDS
20260811_155000_stage_B_2C_30day_full_final,pass_1,12,4,solar,2,PP,"PP(12,2,4)",0,0,zero_availability,NOT_APPLICABLE_BOTH_BOUNDS
20260811_155000_stage_B_2C_30day_full_final,pass_1,12,4,solar,3,PP,"PP(12,3,4)",0,0,zero_availability,NOT_APPLICABLE_BOTH_BOUNDS
20260811_155000_stage_B_2C_30day_full_final,pass_1,12,4,solar,4,PP,"PP(12,4,4)",0,0,zero_availability,NOT_APPLICABLE_BOTH_BOUNDS
20260811_155000_stage_B_2C_30day_full_final,pass_1,12,4,solar,5,PP,"PP(12,5,4)",0,0,zero_availability,NOT_APPLICABLE_BOTH_BOUNDS
20260811_155000_stage_B_2C_30day_full_final,pass_1,12,5,solar,1,PP,"PP(12,1,5)",0,0,zero_availability,NOT_APPLICABLE_BOTH_BOUNDS
20260811_155000_stage_B_2C_30day_full_final,pass_1,12,5,solar,2,PP,"PP(12,2,5)",0,0,zero_availability,NOT_APPLICABLE_BOTH_BOUNDS
20260811_155000_stage_B_2C_30day_full_final,pass_1,12,5,solar,3,PP,"PP(12,3,5)",0,0,zero_availability,NOT_APPLICABLE_BOTH_BOUNDS
20260811_155000_stage_B_2C_30day_full_final,pass_1,12,5,solar,4,PP,"PP(12,4,5)",0,0,zero_availability,NOT_APPLICABLE_BOTH_BOUNDS
20260811_155000_stage_B_2C_30day_full_final,pass_1,12,5,solar,5,PP,"PP(12,5,5)",0,0,zero_availability,NOT_APPLICABLE_BOTH_BOUNDS
20260811_155000_stage_B_2C_30day_full_final,pass_1,12,6,solar,1,PP,"PP(12,1,6)",0,0,zero_availability,NOT_APPLICABLE_BOTH_BOUNDS
20260811_155000_stage_B_2C_30day_full_final,pass_1,12,6,solar,2,PP,"PP(12,2,6)",0,0,zero_availability,NOT_APPLICABLE_BOTH_BOUNDS
20260811_155000_stage_B_2C_30day_full_final,pass_1,12,6,solar,3,PP,"PP(12,3,6)",0,0,zero_availability,NOT_APPLICABLE_BOTH_BOUNDS
20260811_155000_stage_B_2C_30day_full_final,pass_1,12,6,solar,4,PP,"PP(12,4,6)",0,0,zero_availability,NOT_APPLICABLE_BOTH_BOUNDS
20260811_155000_stage_B_2C_30day_full_final,pass_1,12,6,solar,5,PP,"PP(12,5,6)",0,0,zero_availability,NOT_APPLICABLE_BOTH_BOUNDS
20260811_155000_stage_B_2C_30day_full_final,pass_1,12,7,solar,1,PP,"PP(12,1,7)",0,0,zero_availability,NOT_APPLICABLE_BOTH_BOUNDS
20260811_155000_stage_B_2C_30day_full_final,pass_1,12,7,solar,2,PP,"PP(12,2,7)",0,0,zero_availability,NOT_APPLICABLE_BOTH_BOUNDS
20260811_155000_stage_B_2C_30day_full_final,pass_1,12,7,solar,3,PP,"PP(12,3,7)",0,0,zero_availability,NOT_APPLICABLE_BOTH_BOUNDS
20260811_155000_stage_B_2C_30day_full_final,pass_1,12,7,solar,4,PP,"PP(12,4,7)",0,0,zero_availability,NOT_APPLICABLE_BOTH_BOUNDS
20260811_155000_stage_B_2C_30day_full_final,pass_1,12,7,solar,5,PP,"PP(12,5,7)",0,0,zero_availability,NOT_APPLICABLE_BOTH_BOUNDS
20260811_155000_stage_B_2C_30day_full_final,pass_1,12,20,solar,1,PP,"PP(12,1,20)",0,0,zero_availability,NOT_APPLICABLE_BOTH_BOUNDS
20260811_155000_stage_B_2C_30day_full_final,pass_1,12,20,solar,2,PP,"PP(12,2,20)",0,0,zero_availability,NOT_APPLICABLE_BOTH_BOUNDS
20260811_155000_stage_B_2C_30day_full_final,pass_1,12,20,solar,3,PP,"PP(12,3,20)",0,0,zero_availability,NOT_APPLICABLE_BOTH_BOUNDS
20260811_155000_stage_B_2C_30day_full_final,pass_1,12,20,solar,4,PP,"PP(12,4,20)",0,0,zero_availability,NOT_APPLICABLE_BOTH_BOUNDS
20260811_155000_stage_B_2C_30day_full_final,pass_1,12,20,solar,5,PP,"PP(12,5,20)",0,0,zero_availability,NOT_APPLICABLE_BOTH_BOUNDS
20260811_155000_stage_B_2C_30day_full_final,pass_1,12,21,solar,1,PP,"PP(12,1,21)",0,0,zero_availability,NOT_APPLICABLE_BOTH_BOUNDS
20260811_155000_stage_B_2C_30day_full_final,pass_1,12,21,solar,2,PP,"PP(12,2,21)",0,0,zero_availability,NOT_APPLICABLE_BOTH_BOUNDS
20260811_155000_stage_B_2C_30day_full_final,pass_1,12,21,solar,3,PP,"PP(12,3,21)",0,0,zero_availability,NOT_APPLICABLE_BOTH_BOUNDS
20260811_155000_stage_B_2C_30day_full_final,pass_1,12,21,solar,4,PP,"PP(12,4,21)",0,0,zero_availability,NOT_APPLICABLE_BOTH_BOUNDS
20260811_155000_stage_B_2C_30day_full_final,pass_1,12,21,solar,5,PP,"PP(12,5,21)",0,0,zero_availability,NOT_APPLICABLE_BOTH_BOUNDS
20260811_155000_stage_B_2C_30day_full_final,pass_1,12,22,solar,1,PP,"PP(12,1,22)",0,0,zero_availability,NOT_APPLICABLE_BOTH_BOUNDS
20260811_155000_stage_B_2C_30day_full_final,pass_1,12,22,solar,2,PP,"PP(12,2,22)",0,0,zero_availability,NOT_APPLICABLE_BOTH_BOUNDS
20260811_155000_stage_B_2C_30day_full_final,pass_1,12,22,solar,3,PP,"PP(12,3,22)",0,0,zero_availability,NOT_APPLICABLE_BOTH_BOUNDS
20260811_155000_stage_B_2C_30day_full_final,pass_1,12,22,solar,4,PP,"PP(12,4,22)",0,0,zero_availability,NOT_APPLICABLE_BOTH_BOUNDS
20260811_155000_stage_B_2C_30day_full_final,pass_1,12,22,solar,5,PP,"PP(12,5,22)",0,0,zero_availability,NOT_APPLICABLE_BOTH_BOUNDS
20260811_155000_stage_B_2C_30day_full_final,pass_1,12,23,solar,1,PP,"PP(12,1,23)",0,0,zero_availability,NOT_APPLICABLE_BOTH_BOUNDS
20260811_155000_stage_B_2C_30day_full_final,pass_1,12,23,solar,2,PP,"PP(12,2,23)",0,0,zero_availability,NOT_APPLICABLE_BOTH_BOUNDS
20260811_155000_stage_B_2C_30day_full_final,pass_1,12,23,solar,3,PP,"PP(12,3,23)",0,0,zero_availability,NOT_APPLICABLE_BOTH_BOUNDS
20260811_155000_stage_B_2C_30day_full_final,pass_1,12,23,solar,4,PP,"PP(12,4,23)",0,0,zero_availability,NOT_APPLICABLE_BOTH_BOUNDS
20260811_155000_stage_B_2C_30day_full_final,pass_1,12,23,solar,5,PP,"PP(12,5,23)",0,0,zero_availability,NOT_APPLICABLE_BOTH_BOUNDS
20260811_155000_stage_B_2C_30day_full_final,pass_1,12,24,solar,1,PP,"PP(12,1,24)",0,0,zero_availability,NOT_APPLICABLE_BOTH_BOUNDS
20260811_155000_stage_B_2C_30day_full_final,pass_1,12,24,solar,2,PP,"PP(12,2,24)",0,0,zero_availability,NOT_APPLICABLE_BOTH_BOUNDS
20260811_155000_stage_B_2C_30day_full_final,pass_1,12,24,solar,3,PP,"PP(12,3,24)",0,0,zero_availability,NOT_APPLICABLE_BOTH_BOUNDS
20260811_155000_stage_B_2C_30day_full_final,pass_1,12,24,solar,4,PP,"PP(12,4,24)",0,0,zero_availability,NOT_APPLICABLE_BOTH_BOUNDS
20260811_155000_stage_B_2C_30day_full_final,pass_1,12,24,solar,5,PP,"PP(12,5,24)",0,0,zero_availability,NOT_APPLICABLE_BOTH_BOUNDS
20260811_155000_stage_B_2C_30day_full_final,pass_1,13,1,solar,1,PP,"PP(13,1,1)",0,0,zero_availability,NOT_APPLICABLE_BOTH_BOUNDS
20260811_155000_stage_B_2C_30day_full_final,pass_1,13,1,solar,2,PP,"PP(13,2,1)",0,0,zero_availability,NOT_APPLICABLE_BOTH_BOUNDS
20260811_155000_stage_B_2C_30day_full_final,pass_1,13,1,solar,3,PP,"PP(13,3,1)",0,0,zero_availability,NOT_APPLICABLE_BOTH_BOUNDS
20260811_155000_stage_B_2C_30day_full_final,pass_1,13,1,solar,4,PP,"PP(13,4,1)",0,0,zero_availability,NOT_APPLICABLE_BOTH_BOUNDS
20260811_155000_stage_B_2C_30day_full_final,pass_1,13,1,solar,5,PP,"PP(13,5,1)",0,0,zero_availability,NOT_APPLICABLE_BOTH_BOUNDS
20260811_155000_stage_B_2C_30day_full_final,pass_1,13,2,solar,1,PP,"PP(13,1,2)",0,0,zero_availability,NOT_APPLICABLE_BOTH_BOUNDS
20260811_155000_stage_B_2C_30day_full_final,pass_1,13,2,solar,2,PP,"PP(13,2,2)",0,0,zero_availability,NOT_APPLICABLE_BOTH_BOUNDS
20260811_155000_stage_B_2C_30day_full_final,pass_1,13,2,solar,3,PP,"PP(13,3,2)",0,0,zero_availability,NOT_APPLICABLE_BOTH_BOUNDS
20260811_155000_stage_B_2C_30day_full_final,pass_1,13,2,solar,4,PP,"PP(13,4,2)",0,0,zero_availability,NOT_APPLICABLE_BOTH_BOUNDS
20260811_155000_stage_B_2C_30day_full_final,pass_1,13,2,solar,5,PP,"PP(13,5,2)",0,0,zero_availability,NOT_APPLICABLE_BOTH_BOUNDS
20260811_155000_stage_B_2C_30day_full_final,pass_1,13,3,solar,1,PP,"PP(13,1,3)",0,0,zero_availability,NOT_APPLICABLE_BOTH_BOUNDS
20260811_155000_stage_B_2C_30day_full_final,pass_1,13,3,solar,2,PP,"PP(13,2,3)",0,0,zero_availability,NOT_APPLICABLE_BOTH_BOUNDS
20260811_155000_stage_B_2C_30day_full_final,pass_1,13,3,solar,3,PP,"PP(13,3,3)",0,0,zero_availability,NOT_APPLICABLE_BOTH_BOUNDS
20260811_155000_stage_B_2C_30day_full_final,pass_1,13,3,solar,4,PP,"PP(13,4,3)",0,0,zero_availability,NOT_APPLICABLE_BOTH_BOUNDS
20260811_155000_stage_B_2C_30day_full_final,pass_1,13,3,solar,5,PP,"PP(13,5,3)",0,0,zero_availability,NOT_APPLICABLE_BOTH_BOUNDS
20260811_155000_stage_B_2C_30day_full_final,pass_1,13,4,solar,1,PP,"PP(13,1,4)",0,0,zero_availability,NOT_APPLICABLE_BOTH_BOUNDS
20260811_155000_stage_B_2C_30day_full_final,pass_1,13,4,solar,2,PP,"PP(13,2,4)",0,0,zero_availability,NOT_APPLICABLE_BOTH_BOUNDS
20260811_155000_stage_B_2C_30day_full_final,pass_1,13,4,solar,3,PP,"PP(13,3,4)",0,0,zero_availability,NOT_APPLICABLE_BOTH_BOUNDS
20260811_155000_stage_B_2C_30day_full_final,pass_1,13,4,solar,4,PP,"PP(13,4,4)",0,0,zero_availability,NOT_APPLICABLE_BOTH_BOUNDS
20260811_155000_stage_B_2C_30day_full_final,pass_1,13,4,solar,5,PP,"PP(13,5,4)",0,0,zero_availability,NOT_APPLICABLE_BOTH_BOUNDS
20260811_155000_stage_B_2C_30day_full_final,pass_1,13,5,solar,1,PP,"PP(13,1,5)",0,0,zero_availability,NOT_APPLICABLE_BOTH_BOUNDS
20260811_155000_stage_B_2C_30day_full_final,pass_1,13,5,solar,2,PP,"PP(13,2,5)",0,0,zero_availability,NOT_APPLICABLE_BOTH_BOUNDS
20260811_155000_stage_B_2C_30day_full_final,pass_1,13,5,solar,3,PP,"PP(13,3,5)",0,0,zero_availability,NOT_APPLICABLE_BOTH_BOUNDS
20260811_155000_stage_B_2C_30day_full_final,pass_1,13,5,solar,4,PP,"PP(13,4,5)",0,0,zero_availability,NOT_APPLICABLE_BOTH_BOUNDS
20260811_155000_stage_B_2C_30day_full_final,pass_1,13,5,solar,5,PP,"PP(13,5,5)",0,0,zero_availability,NOT_APPLICABLE_BOTH_BOUNDS
20260811_155000_stage_B_2C_30day_full_final,pass_1,13,6,solar,1,PP,"PP(13,1,6)",0,0,zero_availability,NOT_APPLICABLE_BOTH_BOUNDS
20260811_155000_stage_B_2C_30day_full_final,pass_1,13,6,solar,2,PP,"PP(13,2,6)",0,0,zero_availability,NOT_APPLICABLE_BOTH_BOUNDS
20260811_155000_stage_B_2C_30day_full_final,pass_1,13,6,solar,3,PP,"PP(13,3,6)",0,0,zero_availability,NOT_APPLICABLE_BOTH_BOUNDS
20260811_155000_stage_B_2C_30day_full_final,pass_1,13,6,solar,4,PP,"PP(13,4,6)",0,0,zero_availability,NOT_APPLICABLE_BOTH_BOUNDS
20260811_155000_stage_B_2C_30day_full_final,pass_1,13,6,solar,5,PP,"PP(13,5,6)",0,0,zero_availability,NOT_APPLICABLE_BOTH_BOUNDS
20260811_155000_stage_B_2C_30day_full_final,pass_1,13,7,solar,1,PP,"PP(13,1,7)",0,0,zero_availability,NOT_APPLICABLE_BOTH_BOUNDS
20260811_155000_stage_B_2C_30day_full_final,pass_1,13,7,solar,2,PP,"PP(13,2,7)",0,0,zero_availability,NOT_APPLICABLE_BOTH_BOUNDS
20260811_155000_stage_B_2C_30day_full_final,pass_1,13,7,solar,3,PP,"PP(13,3,7)",0,0,zero_availability,NOT_APPLICABLE_BOTH_BOUNDS
20260811_155000_stage_B_2C_30day_full_final,pass_1,13,7,solar,4,PP,"PP(13,4,7)",0,0,zero_availability,NOT_APPLICABLE_BOTH_BOUNDS
20260811_155000_stage_B_2C_30day_full_final,pass_1,13,7,solar,5,PP,"PP(13,5,7)",0,0,zero_availability,NOT_APPLICABLE_BOTH_BOUNDS
20260811_155000_stage_B_2C_30day_full_final,pass_1,13,20,solar,1,PP,"PP(13,1,20)",0,0,zero_availability,NOT_APPLICABLE_BOTH_BOUNDS
20260811_155000_stage_B_2C_30day_full_final,pass_1,13,20,solar,2,PP,"PP(13,2,20)",0,0,zero_availability,NOT_APPLICABLE_BOTH_BOUNDS
20260811_155000_stage_B_2C_30day_full_final,pass_1,13,20,solar,3,PP,"PP(13,3,20)",0,0,zero_availability,NOT_APPLICABLE_BOTH_BOUNDS
20260811_155000_stage_B_2C_30day_full_final,pass_1,13,20,solar,4,PP,"PP(13,4,20)",0,0,zero_availability,NOT_APPLICABLE_BOTH_BOUNDS
20260811_155000_stage_B_2C_30day_full_final,pass_1,13,20,solar,5,PP,"PP(13,5,20)",0,0,zero_availability,NOT_APPLICABLE_BOTH_BOUNDS
20260811_155000_stage_B_2C_30day_full_final,pass_1,13,21,solar,1,PP,"PP(13,1,21)",0,0,zero_availability,NOT_APPLICABLE_BOTH_BOUNDS
20260811_155000_stage_B_2C_30day_full_final,pass_1,13,21,solar,2,PP,"PP(13,2,21)",0,0,zero_availability,NOT_APPLICABLE_BOTH_BOUNDS
20260811_155000_stage_B_2C_30day_full_final,pass_1,13,21,solar,3,PP,"PP(13,3,21)",0,0,zero_availability,NOT_APPLICABLE_BOTH_BOUNDS
20260811_155000_stage_B_2C_30day_full_final,pass_1,13,21,solar,4,PP,"PP(13,4,21)",0,0,zero_availability,NOT_APPLICABLE_BOTH_BOUNDS
20260811_155000_stage_B_2C_30day_full_final,pass_1,13,21,solar,5,PP,"PP(13,5,21)",0,0,zero_availability,NOT_APPLICABLE_BOTH_BOUNDS
20260811_155000_stage_B_2C_30day_full_final,pass_1,13,22,solar,1,PP,"PP(13,1,22)",0,0,zero_availability,NOT_APPLICABLE_BOTH_BOUNDS
20260811_155000_stage_B_2C_30day_full_final,pass_1,13,22,solar,2,PP,"PP(13,2,22)",0,0,zero_availability,NOT_APPLICABLE_BOTH_BOUNDS
20260811_155000_stage_B_2C_30day_full_final,pass_1,13,22,solar,3,PP,"PP(13,3,22)",0,0,zero_availability,NOT_APPLICABLE_BOTH_BOUNDS
20260811_155000_stage_B_2C_30day_full_final,pass_1,13,22,solar,4,PP,"PP(13,4,22)",0,0,zero_availability,NOT_APPLICABLE_BOTH_BOUNDS
20260811_155000_stage_B_2C_30day_full_final,pass_1,13,22,solar,5,PP,"PP(13,5,22)",0,0,zero_availability,NOT_APPLICABLE_BOTH_BOUNDS
20260811_155000_stage_B_2C_30day_full_final,pass_1,13,23,solar,1,PP,"PP(13,1,23)",0,0,zero_availability,NOT_APPLICABLE_BOTH_BOUNDS
20260811_155000_stage_B_2C_30day_full_final,pass_1,13,23,solar,2,PP,"PP(13,2,23)",0,0,zero_availability,NOT_APPLICABLE_BOTH_BOUNDS
20260811_155000_stage_B_2C_30day_full_final,pass_1,13,23,solar,3,PP,"PP(13,3,23)",0,0,zero_availability,NOT_APPLICABLE_BOTH_BOUNDS
20260811_155000_stage_B_2C_30day_full_final,pass_1,13,23,solar,4,PP,"PP(13,4,23)",0,0,zero_availability,NOT_APPLICABLE_BOTH_BOUNDS
20260811_155000_stage_B_2C_30day_full_final,pass_1,13,23,solar,5,PP,"PP(13,5,23)",0,0,zero_availability,NOT_APPLICABLE_BOTH_BOUNDS
20260811_155000_stage_B_2C_30day_full_final,pass_1,13,24,solar,1,PP,"PP(13,1,24)",0,0,zero_availability,NOT_APPLICABLE_BOTH_BOUNDS
20260811_155000_stage_B_2C_30day_full_final,pass_1,13,24,solar,2,PP,"PP(13,2,24)",0,0,zero_availability,NOT_APPLICABLE_BOTH_BOUNDS
20260811_155000_stage_B_2C_30day_full_final,pass_1,13,24,solar,3,PP,"PP(13,3,24)",0,0,zero_availability,NOT_APPLICABLE_BOTH_BOUNDS
20260811_155000_stage_B_2C_30day_full_final,pass_1,13,24,solar,4,PP,"PP(13,4,24)",0,0,zero_availability,NOT_APPLICABLE_BOTH_BOUNDS
20260811_155000_stage_B_2C_30day_full_final,pass_1,13,24,solar,5,PP,"PP(13,5,24)",0,0,zero_availability,NOT_APPLICABLE_BOTH_BOUNDS
20260811_155000_stage_B_2C_30day_full_final,pass_1,14,1,solar,1,PP,"PP(14,1,1)",0,0,zero_availability,NOT_APPLICABLE_BOTH_BOUNDS
20260811_155000_stage_B_2C_30day_full_final,pass_1,14,1,solar,2,PP,"PP(14,2,1)",0,0,zero_availability,NOT_APPLICABLE_BOTH_BOUNDS
20260811_155000_stage_B_2C_30day_full_final,pass_1,14,1,solar,3,PP,"PP(14,3,1)",0,0,zero_availability,NOT_APPLICABLE_BOTH_BOUNDS
20260811_155000_stage_B_2C_30day_full_final,pass_1,14,1,solar,4,PP,"PP(14,4,1)",0,0,zero_availability,NOT_APPLICABLE_BOTH_BOUNDS
20260811_155000_stage_B_2C_30day_full_final,pass_1,14,1,solar,5,PP,"PP(14,5,1)",0,0,zero_availability,NOT_APPLICABLE_BOTH_BOUNDS
20260811_155000_stage_B_2C_30day_full_final,pass_1,14,2,solar,1,PP,"PP(14,1,2)",0,0,zero_availability,NOT_APPLICABLE_BOTH_BOUNDS
20260811_155000_stage_B_2C_30day_full_final,pass_1,14,2,solar,2,PP,"PP(14,2,2)",0,0,zero_availability,NOT_APPLICABLE_BOTH_BOUNDS
20260811_155000_stage_B_2C_30day_full_final,pass_1,14,2,solar,3,PP,"PP(14,3,2)",0,0,zero_availability,NOT_APPLICABLE_BOTH_BOUNDS
20260811_155000_stage_B_2C_30day_full_final,pass_1,14,2,solar,4,PP,"PP(14,4,2)",0,0,zero_availability,NOT_APPLICABLE_BOTH_BOUNDS
20260811_155000_stage_B_2C_30day_full_final,pass_1,14,2,solar,5,PP,"PP(14,5,2)",0,0,zero_availability,NOT_APPLICABLE_BOTH_BOUNDS
20260811_155000_stage_B_2C_30day_full_final,pass_1,14,3,solar,1,PP,"PP(14,1,3)",0,0,zero_availability,NOT_APPLICABLE_BOTH_BOUNDS
20260811_155000_stage_B_2C_30day_full_final,pass_1,14,3,solar,2,PP,"PP(14,2,3)",0,0,zero_availability,NOT_APPLICABLE_BOTH_BOUNDS
20260811_155000_stage_B_2C_30day_full_final,pass_1,14,3,solar,3,PP,"PP(14,3,3)",0,0,zero_availability,NOT_APPLICABLE_BOTH_BOUNDS
20260811_155000_stage_B_2C_30day_full_final,pass_1,14,3,solar,4,PP,"PP(14,4,3)",0,0,zero_availability,NOT_APPLICABLE_BOTH_BOUNDS
20260811_155000_stage_B_2C_30day_full_final,pass_1,14,3,solar,5,PP,"PP(14,5,3)",0,0,zero_availability,NOT_APPLICABLE_BOTH_BOUNDS
20260811_155000_stage_B_2C_30day_full_final,pass_1,14,4,solar,1,PP,"PP(14,1,4)",0,0,zero_availability,NOT_APPLICABLE_BOTH_BOUNDS
20260811_155000_stage_B_2C_30day_full_final,pass_1,14,4,solar,2,PP,"PP(14,2,4)",0,0,zero_availability,NOT_APPLICABLE_BOTH_BOUNDS
20260811_155000_stage_B_2C_30day_full_final,pass_1,14,4,solar,3,PP,"PP(14,3,4)",0,0,zero_availability,NOT_APPLICABLE_BOTH_BOUNDS
20260811_155000_stage_B_2C_30day_full_final,pass_1,14,4,solar,4,PP,"PP(14,4,4)",0,0,zero_availability,NOT_APPLICABLE_BOTH_BOUNDS
20260811_155000_stage_B_2C_30day_full_final,pass_1,14,4,solar,5,PP,"PP(14,5,4)",0,0,zero_availability,NOT_APPLICABLE_BOTH_BOUNDS
20260811_155000_stage_B_2C_30day_full_final,pass_1,14,5,solar,1,PP,"PP(14,1,5)",0,0,zero_availability,NOT_APPLICABLE_BOTH_BOUNDS
20260811_155000_stage_B_2C_30day_full_final,pass_1,14,5,solar,2,PP,"PP(14,2,5)",0,0,zero_availability,NOT_APPLICABLE_BOTH_BOUNDS
20260811_155000_stage_B_2C_30day_full_final,pass_1,14,5,solar,3,PP,"PP(14,3,5)",0,0,zero_availability,NOT_APPLICABLE_BOTH_BOUNDS
20260811_155000_stage_B_2C_30day_full_final,pass_1,14,5,solar,4,PP,"PP(14,4,5)",0,0,zero_availability,NOT_APPLICABLE_BOTH_BOUNDS
20260811_155000_stage_B_2C_30day_full_final,pass_1,14,5,solar,5,PP,"PP(14,5,5)",0,0,zero_availability,NOT_APPLICABLE_BOTH_BOUNDS
20260811_155000_stage_B_2C_30day_full_final,pass_1,14,6,solar,1,PP,"PP(14,1,6)",0,0,zero_availability,NOT_APPLICABLE_BOTH_BOUNDS
20260811_155000_stage_B_2C_30day_full_final,pass_1,14,6,solar,2,PP,"PP(14,2,6)",0,0,zero_availability,NOT_APPLICABLE_BOTH_BOUNDS
20260811_155000_stage_B_2C_30day_full_final,pass_1,14,6,solar,3,PP,"PP(14,3,6)",0,0,zero_availability,NOT_APPLICABLE_BOTH_BOUNDS
20260811_155000_stage_B_2C_30day_full_final,pass_1,14,6,solar,4,PP,"PP(14,4,6)",0,0,zero_availability,NOT_APPLICABLE_BOTH_BOUNDS
20260811_155000_stage_B_2C_30day_full_final,pass_1,14,6,solar,5,PP,"PP(14,5,6)",0,0,zero_availability,NOT_APPLICABLE_BOTH_BOUNDS
20260811_155000_stage_B_2C_30day_full_final,pass_1,14,7,solar,1,PP,"PP(14,1,7)",0,0,zero_availability,NOT_APPLICABLE_BOTH_BOUNDS
20260811_155000_stage_B_2C_30day_full_final,pass_1,14,7,solar,2,PP,"PP(14,2,7)",0,0,zero_availability,NOT_APPLICABLE_BOTH_BOUNDS
20260811_155000_stage_B_2C_30day_full_final,pass_1,14,7,solar,3,PP,"PP(14,3,7)",0,0,zero_availability,NOT_APPLICABLE_BOTH_BOUNDS
20260811_155000_stage_B_2C_30day_full_final,pass_1,14,7,solar,4,PP,"PP(14,4,7)",0,0,zero_availability,NOT_APPLICABLE_BOTH_BOUNDS
20260811_155000_stage_B_2C_30day_full_final,pass_1,14,7,solar,5,PP,"PP(14,5,7)",0,0,zero_availability,NOT_APPLICABLE_BOTH_BOUNDS
20260811_155000_stage_B_2C_30day_full_final,pass_1,14,19,wind,3,PW,"PW(14,3,19)",0,0,zero_availability,NOT_APPLICABLE_BOTH_BOUNDS
20260811_155000_stage_B_2C_30day_full_final,pass_1,14,20,solar,1,PP,"PP(14,1,20)",0,0,zero_availability,NOT_APPLICABLE_BOTH_BOUNDS
20260811_155000_stage_B_2C_30day_full_final,pass_1,14,20,solar,2,PP,"PP(14,2,20)",0,0,zero_availability,NOT_APPLICABLE_BOTH_BOUNDS
20260811_155000_stage_B_2C_30day_full_final,pass_1,14,20,solar,3,PP,"PP(14,3,20)",0,0,zero_availability,NOT_APPLICABLE_BOTH_BOUNDS
20260811_155000_stage_B_2C_30day_full_final,pass_1,14,20,solar,4,PP,"PP(14,4,20)",0,0,zero_availability,NOT_APPLICABLE_BOTH_BOUNDS
20260811_155000_stage_B_2C_30day_full_final,pass_1,14,20,solar,5,PP,"PP(14,5,20)",0,0,zero_availability,NOT_APPLICABLE_BOTH_BOUNDS
20260811_155000_stage_B_2C_30day_full_final,pass_1,14,21,solar,1,PP,"PP(14,1,21)",0,0,zero_availability,NOT_APPLICABLE_BOTH_BOUNDS
20260811_155000_stage_B_2C_30day_full_final,pass_1,14,21,solar,2,PP,"PP(14,2,21)",0,0,zero_availability,NOT_APPLICABLE_BOTH_BOUNDS
20260811_155000_stage_B_2C_30day_full_final,pass_1,14,21,solar,3,PP,"PP(14,3,21)",0,0,zero_availability,NOT_APPLICABLE_BOTH_BOUNDS
20260811_155000_stage_B_2C_30day_full_final,pass_1,14,21,solar,4,PP,"PP(14,4,21)",0,0,zero_availability,NOT_APPLICABLE_BOTH_BOUNDS
20260811_155000_stage_B_2C_30day_full_final,pass_1,14,21,solar,5,PP,"PP(14,5,21)",0,0,zero_availability,NOT_APPLICABLE_BOTH_BOUNDS
20260811_155000_stage_B_2C_30day_full_final,pass_1,14,22,solar,1,PP,"PP(14,1,22)",0,0,zero_availability,NOT_APPLICABLE_BOTH_BOUNDS
20260811_155000_stage_B_2C_30day_full_final,pass_1,14,22,solar,2,PP,"PP(14,2,22)",0,0,zero_availability,NOT_APPLICABLE_BOTH_BOUNDS
20260811_155000_stage_B_2C_30day_full_final,pass_1,14,22,solar,3,PP,"PP(14,3,22)",0,0,zero_availability,NOT_APPLICABLE_BOTH_BOUNDS
20260811_155000_stage_B_2C_30day_full_final,pass_1,14,22,solar,4,PP,"PP(14,4,22)",0,0,zero_availability,NOT_APPLICABLE_BOTH_BOUNDS
20260811_155000_stage_B_2C_30day_full_final,pass_1,14,22,solar,5,PP,"PP(14,5,22)",0,0,zero_availability,NOT_APPLICABLE_BOTH_BOUNDS
20260811_155000_stage_B_2C_30day_full_final,pass_1,14,23,solar,1,PP,"PP(14,1,23)",0,0,zero_availability,NOT_APPLICABLE_BOTH_BOUNDS
20260811_155000_stage_B_2C_30day_full_final,pass_1,14,23,solar,2,PP,"PP(14,2,23)",0,0,zero_availability,NOT_APPLICABLE_BOTH_BOUNDS
20260811_155000_stage_B_2C_30day_full_final,pass_1,14,23,solar,3,PP,"PP(14,3,23)",0,0,zero_availability,NOT_APPLICABLE_BOTH_BOUNDS
20260811_155000_stage_B_2C_30day_full_final,pass_1,14,23,solar,4,PP,"PP(14,4,23)",0,0,zero_availability,NOT_APPLICABLE_BOTH_BOUNDS
20260811_155000_stage_B_2C_30day_full_final,pass_1,14,23,solar,5,PP,"PP(14,5,23)",0,0,zero_availability,NOT_APPLICABLE_BOTH_BOUNDS
20260811_155000_stage_B_2C_30day_full_final,pass_1,14,24,solar,1,PP,"PP(14,1,24)",0,0,zero_availability,NOT_APPLICABLE_BOTH_BOUNDS
20260811_155000_stage_B_2C_30day_full_final,pass_1,14,24,solar,2,PP,"PP(14,2,24)",0,0,zero_availability,NOT_APPLICABLE_BOTH_BOUNDS
20260811_155000_stage_B_2C_30day_full_final,pass_1,14,24,solar,3,PP,"PP(14,3,24)",0,0,zero_availability,NOT_APPLICABLE_BOTH_BOUNDS
20260811_155000_stage_B_2C_30day_full_final,pass_1,14,24,solar,4,PP,"PP(14,4,24)",0,0,zero_availability,NOT_APPLICABLE_BOTH_BOUNDS
20260811_155000_stage_B_2C_30day_full_final,pass_1,14,24,solar,5,PP,"PP(14,5,24)",0,0,zero_availability,NOT_APPLICABLE_BOTH_BOUNDS
20260811_155000_stage_B_2C_30day_full_final,pass_1,15,1,solar,1,PP,"PP(15,1,1)",0,0,zero_availability,NOT_APPLICABLE_BOTH_BOUNDS
20260811_155000_stage_B_2C_30day_full_final,pass_1,15,1,solar,2,PP,"PP(15,2,1)",0,0,zero_availability,NOT_APPLICABLE_BOTH_BOUNDS
20260811_155000_stage_B_2C_30day_full_final,pass_1,15,1,solar,3,PP,"PP(15,3,1)",0,0,zero_availability,NOT_APPLICABLE_BOTH_BOUNDS
20260811_155000_stage_B_2C_30day_full_final,pass_1,15,1,solar,4,PP,"PP(15,4,1)",0,0,zero_availability,NOT_APPLICABLE_BOTH_BOUNDS
20260811_155000_stage_B_2C_30day_full_final,pass_1,15,1,solar,5,PP,"PP(15,5,1)",0,0,zero_availability,NOT_APPLICABLE_BOTH_BOUNDS
20260811_155000_stage_B_2C_30day_full_final,pass_1,15,2,solar,1,PP,"PP(15,1,2)",0,0,zero_availability,NOT_APPLICABLE_BOTH_BOUNDS
20260811_155000_stage_B_2C_30day_full_final,pass_1,15,2,solar,2,PP,"PP(15,2,2)",0,0,zero_availability,NOT_APPLICABLE_BOTH_BOUNDS
20260811_155000_stage_B_2C_30day_full_final,pass_1,15,2,solar,3,PP,"PP(15,3,2)",0,0,zero_availability,NOT_APPLICABLE_BOTH_BOUNDS
20260811_155000_stage_B_2C_30day_full_final,pass_1,15,2,solar,4,PP,"PP(15,4,2)",0,0,zero_availability,NOT_APPLICABLE_BOTH_BOUNDS
20260811_155000_stage_B_2C_30day_full_final,pass_1,15,2,solar,5,PP,"PP(15,5,2)",0,0,zero_availability,NOT_APPLICABLE_BOTH_BOUNDS
20260811_155000_stage_B_2C_30day_full_final,pass_1,15,3,solar,1,PP,"PP(15,1,3)",0,0,zero_availability,NOT_APPLICABLE_BOTH_BOUNDS
20260811_155000_stage_B_2C_30day_full_final,pass_1,15,3,solar,2,PP,"PP(15,2,3)",0,0,zero_availability,NOT_APPLICABLE_BOTH_BOUNDS
20260811_155000_stage_B_2C_30day_full_final,pass_1,15,3,solar,3,PP,"PP(15,3,3)",0,0,zero_availability,NOT_APPLICABLE_BOTH_BOUNDS
20260811_155000_stage_B_2C_30day_full_final,pass_1,15,3,solar,4,PP,"PP(15,4,3)",0,0,zero_availability,NOT_APPLICABLE_BOTH_BOUNDS
20260811_155000_stage_B_2C_30day_full_final,pass_1,15,3,solar,5,PP,"PP(15,5,3)",0,0,zero_availability,NOT_APPLICABLE_BOTH_BOUNDS
20260811_155000_stage_B_2C_30day_full_final,pass_1,15,4,solar,1,PP,"PP(15,1,4)",0,0,zero_availability,NOT_APPLICABLE_BOTH_BOUNDS
20260811_155000_stage_B_2C_30day_full_final,pass_1,15,4,solar,2,PP,"PP(15,2,4)",0,0,zero_availability,NOT_APPLICABLE_BOTH_BOUNDS
20260811_155000_stage_B_2C_30day_full_final,pass_1,15,4,solar,3,PP,"PP(15,3,4)",0,0,zero_availability,NOT_APPLICABLE_BOTH_BOUNDS
20260811_155000_stage_B_2C_30day_full_final,pass_1,15,4,solar,4,PP,"PP(15,4,4)",0,0,zero_availability,NOT_APPLICABLE_BOTH_BOUNDS
20260811_155000_stage_B_2C_30day_full_final,pass_1,15,4,solar,5,PP,"PP(15,5,4)",0,0,zero_availability,NOT_APPLICABLE_BOTH_BOUNDS
20260811_155000_stage_B_2C_30day_full_final,pass_1,15,5,solar,1,PP,"PP(15,1,5)",0,0,zero_availability,NOT_APPLICABLE_BOTH_BOUNDS
20260811_155000_stage_B_2C_30day_full_final,pass_1,15,5,solar,2,PP,"PP(15,2,5)",0,0,zero_availability,NOT_APPLICABLE_BOTH_BOUNDS
20260811_155000_stage_B_2C_30day_full_final,pass_1,15,5,solar,3,PP,"PP(15,3,5)",0,0,zero_availability,NOT_APPLICABLE_BOTH_BOUNDS
20260811_155000_stage_B_2C_30day_full_final,pass_1,15,5,solar,4,PP,"PP(15,4,5)",0,0,zero_availability,NOT_APPLICABLE_BOTH_BOUNDS
20260811_155000_stage_B_2C_30day_full_final,pass_1,15,5,solar,5,PP,"PP(15,5,5)",0,0,zero_availability,NOT_APPLICABLE_BOTH_BOUNDS
20260811_155000_stage_B_2C_30day_full_final,pass_1,15,6,solar,1,PP,"PP(15,1,6)",0,0,zero_availability,NOT_APPLICABLE_BOTH_BOUNDS
20260811_155000_stage_B_2C_30day_full_final,pass_1,15,6,solar,2,PP,"PP(15,2,6)",0,0,zero_availability,NOT_APPLICABLE_BOTH_BOUNDS
20260811_155000_stage_B_2C_30day_full_final,pass_1,15,6,solar,3,PP,"PP(15,3,6)",0,0,zero_availability,NOT_APPLICABLE_BOTH_BOUNDS
20260811_155000_stage_B_2C_30day_full_final,pass_1,15,6,solar,4,PP,"PP(15,4,6)",0,0,zero_availability,NOT_APPLICABLE_BOTH_BOUNDS
20260811_155000_stage_B_2C_30day_full_final,pass_1,15,6,solar,5,PP,"PP(15,5,6)",0,0,zero_availability,NOT_APPLICABLE_BOTH_BOUNDS
20260811_155000_stage_B_2C_30day_full_final,pass_1,15,7,solar,1,PP,"PP(15,1,7)",0,0,zero_availability,NOT_APPLICABLE_BOTH_BOUNDS
20260811_155000_stage_B_2C_30day_full_final,pass_1,15,7,solar,2,PP,"PP(15,2,7)",0,0,zero_availability,NOT_APPLICABLE_BOTH_BOUNDS
20260811_155000_stage_B_2C_30day_full_final,pass_1,15,7,solar,3,PP,"PP(15,3,7)",0,0,zero_availability,NOT_APPLICABLE_BOTH_BOUNDS
20260811_155000_stage_B_2C_30day_full_final,pass_1,15,7,solar,4,PP,"PP(15,4,7)",0,0,zero_availability,NOT_APPLICABLE_BOTH_BOUNDS
20260811_155000_stage_B_2C_30day_full_final,pass_1,15,7,solar,5,PP,"PP(15,5,7)",0,0,zero_availability,NOT_APPLICABLE_BOTH_BOUNDS
20260811_155000_stage_B_2C_30day_full_final,pass_1,15,20,solar,1,PP,"PP(15,1,20)",0,0,zero_availability,NOT_APPLICABLE_BOTH_BOUNDS
20260811_155000_stage_B_2C_30day_full_final,pass_1,15,20,solar,2,PP,"PP(15,2,20)",0,0,zero_availability,NOT_APPLICABLE_BOTH_BOUNDS
20260811_155000_stage_B_2C_30day_full_final,pass_1,15,20,solar,3,PP,"PP(15,3,20)",0,0,zero_availability,NOT_APPLICABLE_BOTH_BOUNDS
20260811_155000_stage_B_2C_30day_full_final,pass_1,15,20,solar,4,PP,"PP(15,4,20)",0,0,zero_availability,NOT_APPLICABLE_BOTH_BOUNDS
20260811_155000_stage_B_2C_30day_full_final,pass_1,15,20,solar,5,PP,"PP(15,5,20)",0,0,zero_availability,NOT_APPLICABLE_BOTH_BOUNDS
20260811_155000_stage_B_2C_30day_full_final,pass_1,15,21,solar,1,PP,"PP(15,1,21)",0,0,zero_availability,NOT_APPLICABLE_BOTH_BOUNDS
20260811_155000_stage_B_2C_30day_full_final,pass_1,15,21,solar,2,PP,"PP(15,2,21)",0,0,zero_availability,NOT_APPLICABLE_BOTH_BOUNDS
20260811_155000_stage_B_2C_30day_full_final,pass_1,15,21,solar,3,PP,"PP(15,3,21)",0,0,zero_availability,NOT_APPLICABLE_BOTH_BOUNDS
20260811_155000_stage_B_2C_30day_full_final,pass_1,15,21,solar,4,PP,"PP(15,4,21)",0,0,zero_availability,NOT_APPLICABLE_BOTH_BOUNDS
20260811_155000_stage_B_2C_30day_full_final,pass_1,15,21,solar,5,PP,"PP(15,5,21)",0,0,zero_availability,NOT_APPLICABLE_BOTH_BOUNDS
20260811_155000_stage_B_2C_30day_full_final,pass_1,15,22,solar,1,PP,"PP(15,1,22)",0,0,zero_availability,NOT_APPLICABLE_BOTH_BOUNDS
20260811_155000_stage_B_2C_30day_full_final,pass_1,15,22,solar,2,PP,"PP(15,2,22)",0,0,zero_availability,NOT_APPLICABLE_BOTH_BOUNDS
20260811_155000_stage_B_2C_30day_full_final,pass_1,15,22,solar,3,PP,"PP(15,3,22)",0,0,zero_availability,NOT_APPLICABLE_BOTH_BOUNDS
20260811_155000_stage_B_2C_30day_full_final,pass_1,15,22,solar,4,PP,"PP(15,4,22)",0,0,zero_availability,NOT_APPLICABLE_BOTH_BOUNDS
20260811_155000_stage_B_2C_30day_full_final,pass_1,15,22,solar,5,PP,"PP(15,5,22)",0,0,zero_availability,NOT_APPLICABLE_BOTH_BOUNDS
20260811_155000_stage_B_2C_30day_full_final,pass_1,15,23,solar,1,PP,"PP(15,1,23)",0,0,zero_availability,NOT_APPLICABLE_BOTH_BOUNDS
20260811_155000_stage_B_2C_30day_full_final,pass_1,15,23,solar,2,PP,"PP(15,2,23)",0,0,zero_availability,NOT_APPLICABLE_BOTH_BOUNDS
20260811_155000_stage_B_2C_30day_full_final,pass_1,15,23,solar,3,PP,"PP(15,3,23)",0,0,zero_availability,NOT_APPLICABLE_BOTH_BOUNDS
20260811_155000_stage_B_2C_30day_full_final,pass_1,15,23,solar,4,PP,"PP(15,4,23)",0,0,zero_availability,NOT_APPLICABLE_BOTH_BOUNDS
20260811_155000_stage_B_2C_30day_full_final,pass_1,15,23,solar,5,PP,"PP(15,5,23)",0,0,zero_availability,NOT_APPLICABLE_BOTH_BOUNDS
20260811_155000_stage_B_2C_30day_full_final,pass_1,15,24,solar,1,PP,"PP(15,1,24)",0,0,zero_availability,NOT_APPLICABLE_BOTH_BOUNDS
20260811_155000_stage_B_2C_30day_full_final,pass_1,15,24,solar,2,PP,"PP(15,2,24)",0,0,zero_availability,NOT_APPLICABLE_BOTH_BOUNDS
20260811_155000_stage_B_2C_30day_full_final,pass_1,15,24,solar,3,PP,"PP(15,3,24)",0,0,zero_availability,NOT_APPLICABLE_BOTH_BOUNDS
20260811_155000_stage_B_2C_30day_full_final,pass_1,15,24,solar,4,PP,"PP(15,4,24)",0,0,zero_availability,NOT_APPLICABLE_BOTH_BOUNDS
20260811_155000_stage_B_2C_30day_full_final,pass_1,15,24,solar,5,PP,"PP(15,5,24)",0,0,zero_availability,NOT_APPLICABLE_BOTH_BOUNDS
20260811_155000_stage_B_2C_30day_full_final,pass_1,16,1,solar,1,PP,"PP(16,1,1)",0,0,zero_availability,NOT_APPLICABLE_BOTH_BOUNDS
20260811_155000_stage_B_2C_30day_full_final,pass_1,16,1,solar,2,PP,"PP(16,2,1)",0,0,zero_availability,NOT_APPLICABLE_BOTH_BOUNDS
20260811_155000_stage_B_2C_30day_full_final,pass_1,16,1,solar,3,PP,"PP(16,3,1)",0,0,zero_availability,NOT_APPLICABLE_BOTH_BOUNDS
20260811_155000_stage_B_2C_30day_full_final,pass_1,16,1,solar,4,PP,"PP(16,4,1)",0,0,zero_availability,NOT_APPLICABLE_BOTH_BOUNDS
20260811_155000_stage_B_2C_30day_full_final,pass_1,16,1,solar,5,PP,"PP(16,5,1)",0,0,zero_availability,NOT_APPLICABLE_BOTH_BOUNDS
20260811_155000_stage_B_2C_30day_full_final,pass_1,16,2,solar,1,PP,"PP(16,1,2)",0,0,zero_availability,NOT_APPLICABLE_BOTH_BOUNDS
20260811_155000_stage_B_2C_30day_full_final,pass_1,16,2,solar,2,PP,"PP(16,2,2)",0,0,zero_availability,NOT_APPLICABLE_BOTH_BOUNDS
20260811_155000_stage_B_2C_30day_full_final,pass_1,16,2,solar,3,PP,"PP(16,3,2)",0,0,zero_availability,NOT_APPLICABLE_BOTH_BOUNDS
20260811_155000_stage_B_2C_30day_full_final,pass_1,16,2,solar,4,PP,"PP(16,4,2)",0,0,zero_availability,NOT_APPLICABLE_BOTH_BOUNDS
20260811_155000_stage_B_2C_30day_full_final,pass_1,16,2,solar,5,PP,"PP(16,5,2)",0,0,zero_availability,NOT_APPLICABLE_BOTH_BOUNDS
20260811_155000_stage_B_2C_30day_full_final,pass_1,16,3,solar,1,PP,"PP(16,1,3)",0,0,zero_availability,NOT_APPLICABLE_BOTH_BOUNDS
20260811_155000_stage_B_2C_30day_full_final,pass_1,16,3,solar,2,PP,"PP(16,2,3)",0,0,zero_availability,NOT_APPLICABLE_BOTH_BOUNDS
20260811_155000_stage_B_2C_30day_full_final,pass_1,16,3,solar,3,PP,"PP(16,3,3)",0,0,zero_availability,NOT_APPLICABLE_BOTH_BOUNDS
20260811_155000_stage_B_2C_30day_full_final,pass_1,16,3,solar,4,PP,"PP(16,4,3)",0,0,zero_availability,NOT_APPLICABLE_BOTH_BOUNDS
20260811_155000_stage_B_2C_30day_full_final,pass_1,16,3,solar,5,PP,"PP(16,5,3)",0,0,zero_availability,NOT_APPLICABLE_BOTH_BOUNDS
20260811_155000_stage_B_2C_30day_full_final,pass_1,16,4,solar,1,PP,"PP(16,1,4)",0,0,zero_availability,NOT_APPLICABLE_BOTH_BOUNDS
20260811_155000_stage_B_2C_30day_full_final,pass_1,16,4,solar,2,PP,"PP(16,2,4)",0,0,zero_availability,NOT_APPLICABLE_BOTH_BOUNDS
20260811_155000_stage_B_2C_30day_full_final,pass_1,16,4,solar,3,PP,"PP(16,3,4)",0,0,zero_availability,NOT_APPLICABLE_BOTH_BOUNDS
20260811_155000_stage_B_2C_30day_full_final,pass_1,16,4,solar,4,PP,"PP(16,4,4)",0,0,zero_availability,NOT_APPLICABLE_BOTH_BOUNDS
20260811_155000_stage_B_2C_30day_full_final,pass_1,16,4,solar,5,PP,"PP(16,5,4)",0,0,zero_availability,NOT_APPLICABLE_BOTH_BOUNDS
20260811_155000_stage_B_2C_30day_full_final,pass_1,16,5,wind,4,PW,"PW(16,4,5)",0,0,zero_availability,NOT_APPLICABLE_BOTH_BOUNDS
20260811_155000_stage_B_2C_30day_full_final,pass_1,16,5,solar,1,PP,"PP(16,1,5)",0,0,zero_availability,NOT_APPLICABLE_BOTH_BOUNDS
20260811_155000_stage_B_2C_30day_full_final,pass_1,16,5,solar,2,PP,"PP(16,2,5)",0,0,zero_availability,NOT_APPLICABLE_BOTH_BOUNDS
20260811_155000_stage_B_2C_30day_full_final,pass_1,16,5,solar,3,PP,"PP(16,3,5)",0,0,zero_availability,NOT_APPLICABLE_BOTH_BOUNDS
20260811_155000_stage_B_2C_30day_full_final,pass_1,16,5,solar,4,PP,"PP(16,4,5)",0,0,zero_availability,NOT_APPLICABLE_BOTH_BOUNDS
20260811_155000_stage_B_2C_30day_full_final,pass_1,16,5,solar,5,PP,"PP(16,5,5)",0,0,zero_availability,NOT_APPLICABLE_BOTH_BOUNDS
20260811_155000_stage_B_2C_30day_full_final,pass_1,16,6,solar,1,PP,"PP(16,1,6)",0,0,zero_availability,NOT_APPLICABLE_BOTH_BOUNDS
20260811_155000_stage_B_2C_30day_full_final,pass_1,16,6,solar,2,PP,"PP(16,2,6)",0,0,zero_availability,NOT_APPLICABLE_BOTH_BOUNDS
20260811_155000_stage_B_2C_30day_full_final,pass_1,16,6,solar,3,PP,"PP(16,3,6)",0,0,zero_availability,NOT_APPLICABLE_BOTH_BOUNDS
20260811_155000_stage_B_2C_30day_full_final,pass_1,16,6,solar,4,PP,"PP(16,4,6)",0,0,zero_availability,NOT_APPLICABLE_BOTH_BOUNDS
20260811_155000_stage_B_2C_30day_full_final,pass_1,16,6,solar,5,PP,"PP(16,5,6)",0,0,zero_availability,NOT_APPLICABLE_BOTH_BOUNDS
20260811_155000_stage_B_2C_30day_full_final,pass_1,16,7,solar,1,PP,"PP(16,1,7)",0,0,zero_availability,NOT_APPLICABLE_BOTH_BOUNDS
20260811_155000_stage_B_2C_30day_full_final,pass_1,16,7,solar,2,PP,"PP(16,2,7)",0,0,zero_availability,NOT_APPLICABLE_BOTH_BOUNDS
20260811_155000_stage_B_2C_30day_full_final,pass_1,16,7,solar,3,PP,"PP(16,3,7)",0,0,zero_availability,NOT_APPLICABLE_BOTH_BOUNDS
20260811_155000_stage_B_2C_30day_full_final,pass_1,16,7,solar,4,PP,"PP(16,4,7)",0,0,zero_availability,NOT_APPLICABLE_BOTH_BOUNDS
20260811_155000_stage_B_2C_30day_full_final,pass_1,16,7,solar,5,PP,"PP(16,5,7)",0,0,zero_availability,NOT_APPLICABLE_BOTH_BOUNDS
20260811_155000_stage_B_2C_30day_full_final,pass_1,16,20,solar,1,PP,"PP(16,1,20)",0,0,zero_availability,NOT_APPLICABLE_BOTH_BOUNDS
20260811_155000_stage_B_2C_30day_full_final,pass_1,16,20,solar,2,PP,"PP(16,2,20)",0,0,zero_availability,NOT_APPLICABLE_BOTH_BOUNDS
20260811_155000_stage_B_2C_30day_full_final,pass_1,16,20,solar,3,PP,"PP(16,3,20)",0,0,zero_availability,NOT_APPLICABLE_BOTH_BOUNDS
20260811_155000_stage_B_2C_30day_full_final,pass_1,16,20,solar,4,PP,"PP(16,4,20)",0,0,zero_availability,NOT_APPLICABLE_BOTH_BOUNDS
20260811_155000_stage_B_2C_30day_full_final,pass_1,16,20,solar,5,PP,"PP(16,5,20)",0,0,zero_availability,NOT_APPLICABLE_BOTH_BOUNDS
20260811_155000_stage_B_2C_30day_full_final,pass_1,16,21,solar,1,PP,"PP(16,1,21)",0,0,zero_availability,NOT_APPLICABLE_BOTH_BOUNDS
20260811_155000_stage_B_2C_30day_full_final,pass_1,16,21,solar,2,PP,"PP(16,2,21)",0,0,zero_availability,NOT_APPLICABLE_BOTH_BOUNDS
20260811_155000_stage_B_2C_30day_full_final,pass_1,16,21,solar,3,PP,"PP(16,3,21)",0,0,zero_availability,NOT_APPLICABLE_BOTH_BOUNDS
20260811_155000_stage_B_2C_30day_full_final,pass_1,16,21,solar,4,PP,"PP(16,4,21)",0,0,zero_availability,NOT_APPLICABLE_BOTH_BOUNDS
20260811_155000_stage_B_2C_30day_full_final,pass_1,16,21,solar,5,PP,"PP(16,5,21)",0,0,zero_availability,NOT_APPLICABLE_BOTH_BOUNDS
20260811_155000_stage_B_2C_30day_full_final,pass_1,16,22,solar,1,PP,"PP(16,1,22)",0,0,zero_availability,NOT_APPLICABLE_BOTH_BOUNDS
20260811_155000_stage_B_2C_30day_full_final,pass_1,16,22,solar,2,PP,"PP(16,2,22)",0,0,zero_availability,NOT_APPLICABLE_BOTH_BOUNDS
20260811_155000_stage_B_2C_30day_full_final,pass_1,16,22,solar,3,PP,"PP(16,3,22)",0,0,zero_availability,NOT_APPLICABLE_BOTH_BOUNDS
20260811_155000_stage_B_2C_30day_full_final,pass_1,16,22,solar,4,PP,"PP(16,4,22)",0,0,zero_availability,NOT_APPLICABLE_BOTH_BOUNDS
20260811_155000_stage_B_2C_30day_full_final,pass_1,16,22,solar,5,PP,"PP(16,5,22)",0,0,zero_availability,NOT_APPLICABLE_BOTH_BOUNDS
20260811_155000_stage_B_2C_30day_full_final,pass_1,16,23,solar,1,PP,"PP(16,1,23)",0,0,zero_availability,NOT_APPLICABLE_BOTH_BOUNDS
20260811_155000_stage_B_2C_30day_full_final,pass_1,16,23,solar,2,PP,"PP(16,2,23)",0,0,zero_availability,NOT_APPLICABLE_BOTH_BOUNDS
20260811_155000_stage_B_2C_30day_full_final,pass_1,16,23,solar,3,PP,"PP(16,3,23)",0,0,zero_availability,NOT_APPLICABLE_BOTH_BOUNDS
20260811_155000_stage_B_2C_30day_full_final,pass_1,16,23,solar,4,PP,"PP(16,4,23)",0,0,zero_availability,NOT_APPLICABLE_BOTH_BOUNDS
20260811_155000_stage_B_2C_30day_full_final,pass_1,16,23,solar,5,PP,"PP(16,5,23)",0,0,zero_availability,NOT_APPLICABLE_BOTH_BOUNDS
20260811_155000_stage_B_2C_30day_full_final,pass_1,16,24,solar,1,PP,"PP(16,1,24)",0,0,zero_availability,NOT_APPLICABLE_BOTH_BOUNDS
20260811_155000_stage_B_2C_30day_full_final,pass_1,16,24,solar,2,PP,"PP(16,2,24)",0,0,zero_availability,NOT_APPLICABLE_BOTH_BOUNDS
20260811_155000_stage_B_2C_30day_full_final,pass_1,16,24,solar,3,PP,"PP(16,3,24)",0,0,zero_availability,NOT_APPLICABLE_BOTH_BOUNDS
20260811_155000_stage_B_2C_30day_full_final,pass_1,16,24,solar,4,PP,"PP(16,4,24)",0,0,zero_availability,NOT_APPLICABLE_BOTH_BOUNDS
20260811_155000_stage_B_2C_30day_full_final,pass_1,16,24,solar,5,PP,"PP(16,5,24)",0,0,zero_availability,NOT_APPLICABLE_BOTH_BOUNDS
20260811_155000_stage_B_2C_30day_full_final,pass_1,17,1,solar,1,PP,"PP(17,1,1)",0,0,zero_availability,NOT_APPLICABLE_BOTH_BOUNDS
20260811_155000_stage_B_2C_30day_full_final,pass_1,17,1,solar,2,PP,"PP(17,2,1)",0,0,zero_availability,NOT_APPLICABLE_BOTH_BOUNDS
20260811_155000_stage_B_2C_30day_full_final,pass_1,17,1,solar,3,PP,"PP(17,3,1)",0,0,zero_availability,NOT_APPLICABLE_BOTH_BOUNDS
20260811_155000_stage_B_2C_30day_full_final,pass_1,17,1,solar,4,PP,"PP(17,4,1)",0,0,zero_availability,NOT_APPLICABLE_BOTH_BOUNDS
20260811_155000_stage_B_2C_30day_full_final,pass_1,17,1,solar,5,PP,"PP(17,5,1)",0,0,zero_availability,NOT_APPLICABLE_BOTH_BOUNDS
20260811_155000_stage_B_2C_30day_full_final,pass_1,17,2,solar,1,PP,"PP(17,1,2)",0,0,zero_availability,NOT_APPLICABLE_BOTH_BOUNDS
20260811_155000_stage_B_2C_30day_full_final,pass_1,17,2,solar,2,PP,"PP(17,2,2)",0,0,zero_availability,NOT_APPLICABLE_BOTH_BOUNDS
20260811_155000_stage_B_2C_30day_full_final,pass_1,17,2,solar,3,PP,"PP(17,3,2)",0,0,zero_availability,NOT_APPLICABLE_BOTH_BOUNDS
20260811_155000_stage_B_2C_30day_full_final,pass_1,17,2,solar,4,PP,"PP(17,4,2)",0,0,zero_availability,NOT_APPLICABLE_BOTH_BOUNDS
20260811_155000_stage_B_2C_30day_full_final,pass_1,17,2,solar,5,PP,"PP(17,5,2)",0,0,zero_availability,NOT_APPLICABLE_BOTH_BOUNDS
20260811_155000_stage_B_2C_30day_full_final,pass_1,17,3,solar,1,PP,"PP(17,1,3)",0,0,zero_availability,NOT_APPLICABLE_BOTH_BOUNDS
20260811_155000_stage_B_2C_30day_full_final,pass_1,17,3,solar,2,PP,"PP(17,2,3)",0,0,zero_availability,NOT_APPLICABLE_BOTH_BOUNDS
20260811_155000_stage_B_2C_30day_full_final,pass_1,17,3,solar,3,PP,"PP(17,3,3)",0,0,zero_availability,NOT_APPLICABLE_BOTH_BOUNDS
20260811_155000_stage_B_2C_30day_full_final,pass_1,17,3,solar,4,PP,"PP(17,4,3)",0,0,zero_availability,NOT_APPLICABLE_BOTH_BOUNDS
20260811_155000_stage_B_2C_30day_full_final,pass_1,17,3,solar,5,PP,"PP(17,5,3)",0,0,zero_availability,NOT_APPLICABLE_BOTH_BOUNDS
20260811_155000_stage_B_2C_30day_full_final,pass_1,17,4,solar,1,PP,"PP(17,1,4)",0,0,zero_availability,NOT_APPLICABLE_BOTH_BOUNDS
20260811_155000_stage_B_2C_30day_full_final,pass_1,17,4,solar,2,PP,"PP(17,2,4)",0,0,zero_availability,NOT_APPLICABLE_BOTH_BOUNDS
20260811_155000_stage_B_2C_30day_full_final,pass_1,17,4,solar,3,PP,"PP(17,3,4)",0,0,zero_availability,NOT_APPLICABLE_BOTH_BOUNDS
20260811_155000_stage_B_2C_30day_full_final,pass_1,17,4,solar,4,PP,"PP(17,4,4)",0,0,zero_availability,NOT_APPLICABLE_BOTH_BOUNDS
20260811_155000_stage_B_2C_30day_full_final,pass_1,17,4,solar,5,PP,"PP(17,5,4)",0,0,zero_availability,NOT_APPLICABLE_BOTH_BOUNDS
20260811_155000_stage_B_2C_30day_full_final,pass_1,17,5,solar,1,PP,"PP(17,1,5)",0,0,zero_availability,NOT_APPLICABLE_BOTH_BOUNDS
20260811_155000_stage_B_2C_30day_full_final,pass_1,17,5,solar,2,PP,"PP(17,2,5)",0,0,zero_availability,NOT_APPLICABLE_BOTH_BOUNDS
20260811_155000_stage_B_2C_30day_full_final,pass_1,17,5,solar,3,PP,"PP(17,3,5)",0,0,zero_availability,NOT_APPLICABLE_BOTH_BOUNDS
20260811_155000_stage_B_2C_30day_full_final,pass_1,17,5,solar,4,PP,"PP(17,4,5)",0,0,zero_availability,NOT_APPLICABLE_BOTH_BOUNDS
20260811_155000_stage_B_2C_30day_full_final,pass_1,17,5,solar,5,PP,"PP(17,5,5)",0,0,zero_availability,NOT_APPLICABLE_BOTH_BOUNDS
20260811_155000_stage_B_2C_30day_full_final,pass_1,17,6,solar,1,PP,"PP(17,1,6)",0,0,zero_availability,NOT_APPLICABLE_BOTH_BOUNDS
20260811_155000_stage_B_2C_30day_full_final,pass_1,17,6,solar,2,PP,"PP(17,2,6)",0,0,zero_availability,NOT_APPLICABLE_BOTH_BOUNDS
20260811_155000_stage_B_2C_30day_full_final,pass_1,17,6,solar,3,PP,"PP(17,3,6)",0,0,zero_availability,NOT_APPLICABLE_BOTH_BOUNDS
20260811_155000_stage_B_2C_30day_full_final,pass_1,17,6,solar,4,PP,"PP(17,4,6)",0,0,zero_availability,NOT_APPLICABLE_BOTH_BOUNDS
20260811_155000_stage_B_2C_30day_full_final,pass_1,17,6,solar,5,PP,"PP(17,5,6)",0,0,zero_availability,NOT_APPLICABLE_BOTH_BOUNDS
20260811_155000_stage_B_2C_30day_full_final,pass_1,17,7,solar,1,PP,"PP(17,1,7)",0,0,zero_availability,NOT_APPLICABLE_BOTH_BOUNDS
20260811_155000_stage_B_2C_30day_full_final,pass_1,17,7,solar,2,PP,"PP(17,2,7)",0,0,zero_availability,NOT_APPLICABLE_BOTH_BOUNDS
20260811_155000_stage_B_2C_30day_full_final,pass_1,17,7,solar,3,PP,"PP(17,3,7)",0,0,zero_availability,NOT_APPLICABLE_BOTH_BOUNDS
20260811_155000_stage_B_2C_30day_full_final,pass_1,17,7,solar,4,PP,"PP(17,4,7)",0,0,zero_availability,NOT_APPLICABLE_BOTH_BOUNDS
20260811_155000_stage_B_2C_30day_full_final,pass_1,17,7,solar,5,PP,"PP(17,5,7)",0,0,zero_availability,NOT_APPLICABLE_BOTH_BOUNDS
20260811_155000_stage_B_2C_30day_full_final,pass_1,17,20,solar,1,PP,"PP(17,1,20)",0,0,zero_availability,NOT_APPLICABLE_BOTH_BOUNDS
20260811_155000_stage_B_2C_30day_full_final,pass_1,17,20,solar,2,PP,"PP(17,2,20)",0,0,zero_availability,NOT_APPLICABLE_BOTH_BOUNDS
20260811_155000_stage_B_2C_30day_full_final,pass_1,17,20,solar,3,PP,"PP(17,3,20)",0,0,zero_availability,NOT_APPLICABLE_BOTH_BOUNDS
20260811_155000_stage_B_2C_30day_full_final,pass_1,17,20,solar,4,PP,"PP(17,4,20)",0,0,zero_availability,NOT_APPLICABLE_BOTH_BOUNDS
20260811_155000_stage_B_2C_30day_full_final,pass_1,17,20,solar,5,PP,"PP(17,5,20)",0,0,zero_availability,NOT_APPLICABLE_BOTH_BOUNDS
20260811_155000_stage_B_2C_30day_full_final,pass_1,17,21,solar,1,PP,"PP(17,1,21)",0,0,zero_availability,NOT_APPLICABLE_BOTH_BOUNDS
20260811_155000_stage_B_2C_30day_full_final,pass_1,17,21,solar,2,PP,"PP(17,2,21)",0,0,zero_availability,NOT_APPLICABLE_BOTH_BOUNDS
20260811_155000_stage_B_2C_30day_full_final,pass_1,17,21,solar,3,PP,"PP(17,3,21)",0,0,zero_availability,NOT_APPLICABLE_BOTH_BOUNDS
20260811_155000_stage_B_2C_30day_full_final,pass_1,17,21,solar,4,PP,"PP(17,4,21)",0,0,zero_availability,NOT_APPLICABLE_BOTH_BOUNDS
20260811_155000_stage_B_2C_30day_full_final,pass_1,17,21,solar,5,PP,"PP(17,5,21)",0,0,zero_availability,NOT_APPLICABLE_BOTH_BOUNDS
20260811_155000_stage_B_2C_30day_full_final,pass_1,17,22,solar,1,PP,"PP(17,1,22)",0,0,zero_availability,NOT_APPLICABLE_BOTH_BOUNDS
20260811_155000_stage_B_2C_30day_full_final,pass_1,17,22,solar,2,PP,"PP(17,2,22)",0,0,zero_availability,NOT_APPLICABLE_BOTH_BOUNDS
20260811_155000_stage_B_2C_30day_full_final,pass_1,17,22,solar,3,PP,"PP(17,3,22)",0,0,zero_availability,NOT_APPLICABLE_BOTH_BOUNDS
20260811_155000_stage_B_2C_30day_full_final,pass_1,17,22,solar,4,PP,"PP(17,4,22)",0,0,zero_availability,NOT_APPLICABLE_BOTH_BOUNDS
20260811_155000_stage_B_2C_30day_full_final,pass_1,17,22,solar,5,PP,"PP(17,5,22)",0,0,zero_availability,NOT_APPLICABLE_BOTH_BOUNDS
20260811_155000_stage_B_2C_30day_full_final,pass_1,17,23,solar,1,PP,"PP(17,1,23)",0,0,zero_availability,NOT_APPLICABLE_BOTH_BOUNDS
20260811_155000_stage_B_2C_30day_full_final,pass_1,17,23,solar,2,PP,"PP(17,2,23)",0,0,zero_availability,NOT_APPLICABLE_BOTH_BOUNDS
20260811_155000_stage_B_2C_30day_full_final,pass_1,17,23,solar,3,PP,"PP(17,3,23)",0,0,zero_availability,NOT_APPLICABLE_BOTH_BOUNDS
20260811_155000_stage_B_2C_30day_full_final,pass_1,17,23,solar,4,PP,"PP(17,4,23)",0,0,zero_availability,NOT_APPLICABLE_BOTH_BOUNDS
20260811_155000_stage_B_2C_30day_full_final,pass_1,17,23,solar,5,PP,"PP(17,5,23)",0,0,zero_availability,NOT_APPLICABLE_BOTH_BOUNDS
20260811_155000_stage_B_2C_30day_full_final,pass_1,17,24,solar,1,PP,"PP(17,1,24)",0,0,zero_availability,NOT_APPLICABLE_BOTH_BOUNDS
20260811_155000_stage_B_2C_30day_full_final,pass_1,17,24,solar,2,PP,"PP(17,2,24)",0,0,zero_availability,NOT_APPLICABLE_BOTH_BOUNDS
20260811_155000_stage_B_2C_30day_full_final,pass_1,17,24,solar,3,PP,"PP(17,3,24)",0,0,zero_availability,NOT_APPLICABLE_BOTH_BOUNDS
20260811_155000_stage_B_2C_30day_full_final,pass_1,17,24,solar,4,PP,"PP(17,4,24)",0,0,zero_availability,NOT_APPLICABLE_BOTH_BOUNDS
20260811_155000_stage_B_2C_30day_full_final,pass_1,17,24,solar,5,PP,"PP(17,5,24)",0,0,zero_availability,NOT_APPLICABLE_BOTH_BOUNDS
20260811_155000_stage_B_2C_30day_full_final,pass_1,18,1,solar,1,PP,"PP(18,1,1)",0,0,zero_availability,NOT_APPLICABLE_BOTH_BOUNDS
20260811_155000_stage_B_2C_30day_full_final,pass_1,18,1,solar,2,PP,"PP(18,2,1)",0,0,zero_availability,NOT_APPLICABLE_BOTH_BOUNDS
20260811_155000_stage_B_2C_30day_full_final,pass_1,18,1,solar,3,PP,"PP(18,3,1)",0,0,zero_availability,NOT_APPLICABLE_BOTH_BOUNDS
20260811_155000_stage_B_2C_30day_full_final,pass_1,18,1,solar,4,PP,"PP(18,4,1)",0,0,zero_availability,NOT_APPLICABLE_BOTH_BOUNDS
20260811_155000_stage_B_2C_30day_full_final,pass_1,18,1,solar,5,PP,"PP(18,5,1)",0,0,zero_availability,NOT_APPLICABLE_BOTH_BOUNDS
20260811_155000_stage_B_2C_30day_full_final,pass_1,18,2,solar,1,PP,"PP(18,1,2)",0,0,zero_availability,NOT_APPLICABLE_BOTH_BOUNDS
20260811_155000_stage_B_2C_30day_full_final,pass_1,18,2,solar,2,PP,"PP(18,2,2)",0,0,zero_availability,NOT_APPLICABLE_BOTH_BOUNDS
20260811_155000_stage_B_2C_30day_full_final,pass_1,18,2,solar,3,PP,"PP(18,3,2)",0,0,zero_availability,NOT_APPLICABLE_BOTH_BOUNDS
20260811_155000_stage_B_2C_30day_full_final,pass_1,18,2,solar,4,PP,"PP(18,4,2)",0,0,zero_availability,NOT_APPLICABLE_BOTH_BOUNDS
20260811_155000_stage_B_2C_30day_full_final,pass_1,18,2,solar,5,PP,"PP(18,5,2)",0,0,zero_availability,NOT_APPLICABLE_BOTH_BOUNDS
20260811_155000_stage_B_2C_30day_full_final,pass_1,18,3,solar,1,PP,"PP(18,1,3)",0,0,zero_availability,NOT_APPLICABLE_BOTH_BOUNDS
20260811_155000_stage_B_2C_30day_full_final,pass_1,18,3,solar,2,PP,"PP(18,2,3)",0,0,zero_availability,NOT_APPLICABLE_BOTH_BOUNDS
20260811_155000_stage_B_2C_30day_full_final,pass_1,18,3,solar,3,PP,"PP(18,3,3)",0,0,zero_availability,NOT_APPLICABLE_BOTH_BOUNDS
20260811_155000_stage_B_2C_30day_full_final,pass_1,18,3,solar,4,PP,"PP(18,4,3)",0,0,zero_availability,NOT_APPLICABLE_BOTH_BOUNDS
20260811_155000_stage_B_2C_30day_full_final,pass_1,18,3,solar,5,PP,"PP(18,5,3)",0,0,zero_availability,NOT_APPLICABLE_BOTH_BOUNDS
20260811_155000_stage_B_2C_30day_full_final,pass_1,18,4,solar,1,PP,"PP(18,1,4)",0,0,zero_availability,NOT_APPLICABLE_BOTH_BOUNDS
20260811_155000_stage_B_2C_30day_full_final,pass_1,18,4,solar,2,PP,"PP(18,2,4)",0,0,zero_availability,NOT_APPLICABLE_BOTH_BOUNDS
20260811_155000_stage_B_2C_30day_full_final,pass_1,18,4,solar,3,PP,"PP(18,3,4)",0,0,zero_availability,NOT_APPLICABLE_BOTH_BOUNDS
20260811_155000_stage_B_2C_30day_full_final,pass_1,18,4,solar,4,PP,"PP(18,4,4)",0,0,zero_availability,NOT_APPLICABLE_BOTH_BOUNDS
20260811_155000_stage_B_2C_30day_full_final,pass_1,18,4,solar,5,PP,"PP(18,5,4)",0,0,zero_availability,NOT_APPLICABLE_BOTH_BOUNDS
20260811_155000_stage_B_2C_30day_full_final,pass_1,18,5,solar,1,PP,"PP(18,1,5)",0,0,zero_availability,NOT_APPLICABLE_BOTH_BOUNDS
20260811_155000_stage_B_2C_30day_full_final,pass_1,18,5,solar,2,PP,"PP(18,2,5)",0,0,zero_availability,NOT_APPLICABLE_BOTH_BOUNDS
20260811_155000_stage_B_2C_30day_full_final,pass_1,18,5,solar,3,PP,"PP(18,3,5)",0,0,zero_availability,NOT_APPLICABLE_BOTH_BOUNDS
20260811_155000_stage_B_2C_30day_full_final,pass_1,18,5,solar,4,PP,"PP(18,4,5)",0,0,zero_availability,NOT_APPLICABLE_BOTH_BOUNDS
20260811_155000_stage_B_2C_30day_full_final,pass_1,18,5,solar,5,PP,"PP(18,5,5)",0,0,zero_availability,NOT_APPLICABLE_BOTH_BOUNDS
20260811_155000_stage_B_2C_30day_full_final,pass_1,18,6,solar,1,PP,"PP(18,1,6)",0,0,zero_availability,NOT_APPLICABLE_BOTH_BOUNDS
20260811_155000_stage_B_2C_30day_full_final,pass_1,18,6,solar,2,PP,"PP(18,2,6)",0,0,zero_availability,NOT_APPLICABLE_BOTH_BOUNDS
20260811_155000_stage_B_2C_30day_full_final,pass_1,18,6,solar,3,PP,"PP(18,3,6)",0,0,zero_availability,NOT_APPLICABLE_BOTH_BOUNDS
20260811_155000_stage_B_2C_30day_full_final,pass_1,18,6,solar,4,PP,"PP(18,4,6)",0,0,zero_availability,NOT_APPLICABLE_BOTH_BOUNDS
20260811_155000_stage_B_2C_30day_full_final,pass_1,18,6,solar,5,PP,"PP(18,5,6)",0,0,zero_availability,NOT_APPLICABLE_BOTH_BOUNDS
20260811_155000_stage_B_2C_30day_full_final,pass_1,18,7,solar,1,PP,"PP(18,1,7)",0,0,zero_availability,NOT_APPLICABLE_BOTH_BOUNDS
20260811_155000_stage_B_2C_30day_full_final,pass_1,18,7,solar,2,PP,"PP(18,2,7)",0,0,zero_availability,NOT_APPLICABLE_BOTH_BOUNDS
20260811_155000_stage_B_2C_30day_full_final,pass_1,18,7,solar,3,PP,"PP(18,3,7)",0,0,zero_availability,NOT_APPLICABLE_BOTH_BOUNDS
20260811_155000_stage_B_2C_30day_full_final,pass_1,18,7,solar,4,PP,"PP(18,4,7)",0,0,zero_availability,NOT_APPLICABLE_BOTH_BOUNDS
20260811_155000_stage_B_2C_30day_full_final,pass_1,18,7,solar,5,PP,"PP(18,5,7)",0,0,zero_availability,NOT_APPLICABLE_BOTH_BOUNDS
20260811_155000_stage_B_2C_30day_full_final,pass_1,18,20,solar,1,PP,"PP(18,1,20)",0,0,zero_availability,NOT_APPLICABLE_BOTH_BOUNDS
20260811_155000_stage_B_2C_30day_full_final,pass_1,18,20,solar,2,PP,"PP(18,2,20)",0,0,zero_availability,NOT_APPLICABLE_BOTH_BOUNDS
20260811_155000_stage_B_2C_30day_full_final,pass_1,18,20,solar,3,PP,"PP(18,3,20)",0,0,zero_availability,NOT_APPLICABLE_BOTH_BOUNDS
20260811_155000_stage_B_2C_30day_full_final,pass_1,18,20,solar,4,PP,"PP(18,4,20)",0,0,zero_availability,NOT_APPLICABLE_BOTH_BOUNDS
20260811_155000_stage_B_2C_30day_full_final,pass_1,18,20,solar,5,PP,"PP(18,5,20)",0,0,zero_availability,NOT_APPLICABLE_BOTH_BOUNDS
20260811_155000_stage_B_2C_30day_full_final,pass_1,18,21,solar,1,PP,"PP(18,1,21)",0,0,zero_availability,NOT_APPLICABLE_BOTH_BOUNDS
20260811_155000_stage_B_2C_30day_full_final,pass_1,18,21,solar,2,PP,"PP(18,2,21)",0,0,zero_availability,NOT_APPLICABLE_BOTH_BOUNDS
20260811_155000_stage_B_2C_30day_full_final,pass_1,18,21,solar,3,PP,"PP(18,3,21)",0,0,zero_availability,NOT_APPLICABLE_BOTH_BOUNDS
20260811_155000_stage_B_2C_30day_full_final,pass_1,18,21,solar,4,PP,"PP(18,4,21)",0,0,zero_availability,NOT_APPLICABLE_BOTH_BOUNDS
20260811_155000_stage_B_2C_30day_full_final,pass_1,18,21,solar,5,PP,"PP(18,5,21)",0,0,zero_availability,NOT_APPLICABLE_BOTH_BOUNDS
20260811_155000_stage_B_2C_30day_full_final,pass_1,18,22,solar,1,PP,"PP(18,1,22)",0,0,zero_availability,NOT_APPLICABLE_BOTH_BOUNDS
20260811_155000_stage_B_2C_30day_full_final,pass_1,18,22,solar,2,PP,"PP(18,2,22)",0,0,zero_availability,NOT_APPLICABLE_BOTH_BOUNDS
20260811_155000_stage_B_2C_30day_full_final,pass_1,18,22,solar,3,PP,"PP(18,3,22)",0,0,zero_availability,NOT_APPLICABLE_BOTH_BOUNDS
20260811_155000_stage_B_2C_30day_full_final,pass_1,18,22,solar,4,PP,"PP(18,4,22)",0,0,zero_availability,NOT_APPLICABLE_BOTH_BOUNDS
20260811_155000_stage_B_2C_30day_full_final,pass_1,18,22,solar,5,PP,"PP(18,5,22)",0,0,zero_availability,NOT_APPLICABLE_BOTH_BOUNDS
20260811_155000_stage_B_2C_30day_full_final,pass_1,18,23,solar,1,PP,"PP(18,1,23)",0,0,zero_availability,NOT_APPLICABLE_BOTH_BOUNDS
20260811_155000_stage_B_2C_30day_full_final,pass_1,18,23,solar,2,PP,"PP(18,2,23)",0,0,zero_availability,NOT_APPLICABLE_BOTH_BOUNDS
20260811_155000_stage_B_2C_30day_full_final,pass_1,18,23,solar,3,PP,"PP(18,3,23)",0,0,zero_availability,NOT_APPLICABLE_BOTH_BOUNDS
20260811_155000_stage_B_2C_30day_full_final,pass_1,18,23,solar,4,PP,"PP(18,4,23)",0,0,zero_availability,NOT_APPLICABLE_BOTH_BOUNDS
20260811_155000_stage_B_2C_30day_full_final,pass_1,18,23,solar,5,PP,"PP(18,5,23)",0,0,zero_availability,NOT_APPLICABLE_BOTH_BOUNDS
20260811_155000_stage_B_2C_30day_full_final,pass_1,18,24,solar,1,PP,"PP(18,1,24)",0,0,zero_availability,NOT_APPLICABLE_BOTH_BOUNDS
20260811_155000_stage_B_2C_30day_full_final,pass_1,18,24,solar,2,PP,"PP(18,2,24)",0,0,zero_availability,NOT_APPLICABLE_BOTH_BOUNDS
20260811_155000_stage_B_2C_30day_full_final,pass_1,18,24,solar,3,PP,"PP(18,3,24)",0,0,zero_availability,NOT_APPLICABLE_BOTH_BOUNDS
20260811_155000_stage_B_2C_30day_full_final,pass_1,18,24,solar,4,PP,"PP(18,4,24)",0,0,zero_availability,NOT_APPLICABLE_BOTH_BOUNDS
20260811_155000_stage_B_2C_30day_full_final,pass_1,18,24,solar,5,PP,"PP(18,5,24)",0,0,zero_availability,NOT_APPLICABLE_BOTH_BOUNDS
20260811_155000_stage_B_2C_30day_full_final,pass_1,19,1,solar,1,PP,"PP(19,1,1)",0,0,zero_availability,NOT_APPLICABLE_BOTH_BOUNDS
20260811_155000_stage_B_2C_30day_full_final,pass_1,19,1,solar,2,PP,"PP(19,2,1)",0,0,zero_availability,NOT_APPLICABLE_BOTH_BOUNDS
20260811_155000_stage_B_2C_30day_full_final,pass_1,19,1,solar,3,PP,"PP(19,3,1)",0,0,zero_availability,NOT_APPLICABLE_BOTH_BOUNDS
20260811_155000_stage_B_2C_30day_full_final,pass_1,19,1,solar,4,PP,"PP(19,4,1)",0,0,zero_availability,NOT_APPLICABLE_BOTH_BOUNDS
20260811_155000_stage_B_2C_30day_full_final,pass_1,19,1,solar,5,PP,"PP(19,5,1)",0,0,zero_availability,NOT_APPLICABLE_BOTH_BOUNDS
20260811_155000_stage_B_2C_30day_full_final,pass_1,19,2,solar,1,PP,"PP(19,1,2)",0,0,zero_availability,NOT_APPLICABLE_BOTH_BOUNDS
20260811_155000_stage_B_2C_30day_full_final,pass_1,19,2,solar,2,PP,"PP(19,2,2)",0,0,zero_availability,NOT_APPLICABLE_BOTH_BOUNDS
20260811_155000_stage_B_2C_30day_full_final,pass_1,19,2,solar,3,PP,"PP(19,3,2)",0,0,zero_availability,NOT_APPLICABLE_BOTH_BOUNDS
20260811_155000_stage_B_2C_30day_full_final,pass_1,19,2,solar,4,PP,"PP(19,4,2)",0,0,zero_availability,NOT_APPLICABLE_BOTH_BOUNDS
20260811_155000_stage_B_2C_30day_full_final,pass_1,19,2,solar,5,PP,"PP(19,5,2)",0,0,zero_availability,NOT_APPLICABLE_BOTH_BOUNDS
20260811_155000_stage_B_2C_30day_full_final,pass_1,19,3,solar,1,PP,"PP(19,1,3)",0,0,zero_availability,NOT_APPLICABLE_BOTH_BOUNDS
20260811_155000_stage_B_2C_30day_full_final,pass_1,19,3,solar,2,PP,"PP(19,2,3)",0,0,zero_availability,NOT_APPLICABLE_BOTH_BOUNDS
20260811_155000_stage_B_2C_30day_full_final,pass_1,19,3,solar,3,PP,"PP(19,3,3)",0,0,zero_availability,NOT_APPLICABLE_BOTH_BOUNDS
20260811_155000_stage_B_2C_30day_full_final,pass_1,19,3,solar,4,PP,"PP(19,4,3)",0,0,zero_availability,NOT_APPLICABLE_BOTH_BOUNDS
20260811_155000_stage_B_2C_30day_full_final,pass_1,19,3,solar,5,PP,"PP(19,5,3)",0,0,zero_availability,NOT_APPLICABLE_BOTH_BOUNDS
20260811_155000_stage_B_2C_30day_full_final,pass_1,19,4,solar,1,PP,"PP(19,1,4)",0,0,zero_availability,NOT_APPLICABLE_BOTH_BOUNDS
20260811_155000_stage_B_2C_30day_full_final,pass_1,19,4,solar,2,PP,"PP(19,2,4)",0,0,zero_availability,NOT_APPLICABLE_BOTH_BOUNDS
20260811_155000_stage_B_2C_30day_full_final,pass_1,19,4,solar,3,PP,"PP(19,3,4)",0,0,zero_availability,NOT_APPLICABLE_BOTH_BOUNDS
20260811_155000_stage_B_2C_30day_full_final,pass_1,19,4,solar,4,PP,"PP(19,4,4)",0,0,zero_availability,NOT_APPLICABLE_BOTH_BOUNDS
20260811_155000_stage_B_2C_30day_full_final,pass_1,19,4,solar,5,PP,"PP(19,5,4)",0,0,zero_availability,NOT_APPLICABLE_BOTH_BOUNDS
20260811_155000_stage_B_2C_30day_full_final,pass_1,19,5,solar,1,PP,"PP(19,1,5)",0,0,zero_availability,NOT_APPLICABLE_BOTH_BOUNDS
20260811_155000_stage_B_2C_30day_full_final,pass_1,19,5,solar,2,PP,"PP(19,2,5)",0,0,zero_availability,NOT_APPLICABLE_BOTH_BOUNDS
20260811_155000_stage_B_2C_30day_full_final,pass_1,19,5,solar,3,PP,"PP(19,3,5)",0,0,zero_availability,NOT_APPLICABLE_BOTH_BOUNDS
20260811_155000_stage_B_2C_30day_full_final,pass_1,19,5,solar,4,PP,"PP(19,4,5)",0,0,zero_availability,NOT_APPLICABLE_BOTH_BOUNDS
20260811_155000_stage_B_2C_30day_full_final,pass_1,19,5,solar,5,PP,"PP(19,5,5)",0,0,zero_availability,NOT_APPLICABLE_BOTH_BOUNDS
20260811_155000_stage_B_2C_30day_full_final,pass_1,19,6,solar,1,PP,"PP(19,1,6)",0,0,zero_availability,NOT_APPLICABLE_BOTH_BOUNDS
20260811_155000_stage_B_2C_30day_full_final,pass_1,19,6,solar,2,PP,"PP(19,2,6)",0,0,zero_availability,NOT_APPLICABLE_BOTH_BOUNDS
20260811_155000_stage_B_2C_30day_full_final,pass_1,19,6,solar,3,PP,"PP(19,3,6)",0,0,zero_availability,NOT_APPLICABLE_BOTH_BOUNDS
20260811_155000_stage_B_2C_30day_full_final,pass_1,19,6,solar,4,PP,"PP(19,4,6)",0,0,zero_availability,NOT_APPLICABLE_BOTH_BOUNDS
20260811_155000_stage_B_2C_30day_full_final,pass_1,19,6,solar,5,PP,"PP(19,5,6)",0,0,zero_availability,NOT_APPLICABLE_BOTH_BOUNDS
20260811_155000_stage_B_2C_30day_full_final,pass_1,19,7,solar,1,PP,"PP(19,1,7)",0,0,zero_availability,NOT_APPLICABLE_BOTH_BOUNDS
20260811_155000_stage_B_2C_30day_full_final,pass_1,19,7,solar,2,PP,"PP(19,2,7)",0,0,zero_availability,NOT_APPLICABLE_BOTH_BOUNDS
20260811_155000_stage_B_2C_30day_full_final,pass_1,19,7,solar,3,PP,"PP(19,3,7)",0,0,zero_availability,NOT_APPLICABLE_BOTH_BOUNDS
20260811_155000_stage_B_2C_30day_full_final,pass_1,19,7,solar,4,PP,"PP(19,4,7)",0,0,zero_availability,NOT_APPLICABLE_BOTH_BOUNDS
20260811_155000_stage_B_2C_30day_full_final,pass_1,19,7,solar,5,PP,"PP(19,5,7)",0,0,zero_availability,NOT_APPLICABLE_BOTH_BOUNDS
20260811_155000_stage_B_2C_30day_full_final,pass_1,19,20,solar,1,PP,"PP(19,1,20)",0,0,zero_availability,NOT_APPLICABLE_BOTH_BOUNDS
20260811_155000_stage_B_2C_30day_full_final,pass_1,19,20,solar,2,PP,"PP(19,2,20)",0,0,zero_availability,NOT_APPLICABLE_BOTH_BOUNDS
20260811_155000_stage_B_2C_30day_full_final,pass_1,19,20,solar,3,PP,"PP(19,3,20)",0,0,zero_availability,NOT_APPLICABLE_BOTH_BOUNDS
20260811_155000_stage_B_2C_30day_full_final,pass_1,19,20,solar,4,PP,"PP(19,4,20)",0,0,zero_availability,NOT_APPLICABLE_BOTH_BOUNDS
20260811_155000_stage_B_2C_30day_full_final,pass_1,19,20,solar,5,PP,"PP(19,5,20)",0,0,zero_availability,NOT_APPLICABLE_BOTH_BOUNDS
20260811_155000_stage_B_2C_30day_full_final,pass_1,19,21,solar,1,PP,"PP(19,1,21)",0,0,zero_availability,NOT_APPLICABLE_BOTH_BOUNDS
20260811_155000_stage_B_2C_30day_full_final,pass_1,19,21,solar,2,PP,"PP(19,2,21)",0,0,zero_availability,NOT_APPLICABLE_BOTH_BOUNDS
20260811_155000_stage_B_2C_30day_full_final,pass_1,19,21,solar,3,PP,"PP(19,3,21)",0,0,zero_availability,NOT_APPLICABLE_BOTH_BOUNDS
20260811_155000_stage_B_2C_30day_full_final,pass_1,19,21,solar,4,PP,"PP(19,4,21)",0,0,zero_availability,NOT_APPLICABLE_BOTH_BOUNDS
20260811_155000_stage_B_2C_30day_full_final,pass_1,19,21,solar,5,PP,"PP(19,5,21)",0,0,zero_availability,NOT_APPLICABLE_BOTH_BOUNDS
20260811_155000_stage_B_2C_30day_full_final,pass_1,19,22,solar,1,PP,"PP(19,1,22)",0,0,zero_availability,NOT_APPLICABLE_BOTH_BOUNDS
20260811_155000_stage_B_2C_30day_full_final,pass_1,19,22,solar,2,PP,"PP(19,2,22)",0,0,zero_availability,NOT_APPLICABLE_BOTH_BOUNDS
20260811_155000_stage_B_2C_30day_full_final,pass_1,19,22,solar,3,PP,"PP(19,3,22)",0,0,zero_availability,NOT_APPLICABLE_BOTH_BOUNDS
20260811_155000_stage_B_2C_30day_full_final,pass_1,19,22,solar,4,PP,"PP(19,4,22)",0,0,zero_availability,NOT_APPLICABLE_BOTH_BOUNDS
20260811_155000_stage_B_2C_30day_full_final,pass_1,19,22,solar,5,PP,"PP(19,5,22)",0,0,zero_availability,NOT_APPLICABLE_BOTH_BOUNDS
20260811_155000_stage_B_2C_30day_full_final,pass_1,19,23,solar,1,PP,"PP(19,1,23)",0,0,zero_availability,NOT_APPLICABLE_BOTH_BOUNDS
20260811_155000_stage_B_2C_30day_full_final,pass_1,19,23,solar,2,PP,"PP(19,2,23)",0,0,zero_availability,NOT_APPLICABLE_BOTH_BOUNDS
20260811_155000_stage_B_2C_30day_full_final,pass_1,19,23,solar,3,PP,"PP(19,3,23)",0,0,zero_availability,NOT_APPLICABLE_BOTH_BOUNDS
20260811_155000_stage_B_2C_30day_full_final,pass_1,19,23,solar,4,PP,"PP(19,4,23)",0,0,zero_availability,NOT_APPLICABLE_BOTH_BOUNDS
20260811_155000_stage_B_2C_30day_full_final,pass_1,19,23,solar,5,PP,"PP(19,5,23)",0,0,zero_availability,NOT_APPLICABLE_BOTH_BOUNDS
20260811_155000_stage_B_2C_30day_full_final,pass_1,19,24,solar,1,PP,"PP(19,1,24)",0,0,zero_availability,NOT_APPLICABLE_BOTH_BOUNDS
20260811_155000_stage_B_2C_30day_full_final,pass_1,19,24,solar,2,PP,"PP(19,2,24)",0,0,zero_availability,NOT_APPLICABLE_BOTH_BOUNDS
20260811_155000_stage_B_2C_30day_full_final,pass_1,19,24,solar,3,PP,"PP(19,3,24)",0,0,zero_availability,NOT_APPLICABLE_BOTH_BOUNDS
20260811_155000_stage_B_2C_30day_full_final,pass_1,19,24,solar,4,PP,"PP(19,4,24)",0,0,zero_availability,NOT_APPLICABLE_BOTH_BOUNDS
20260811_155000_stage_B_2C_30day_full_final,pass_1,19,24,solar,5,PP,"PP(19,5,24)",0,0,zero_availability,NOT_APPLICABLE_BOTH_BOUNDS
20260811_155000_stage_B_2C_30day_full_final,pass_1,20,1,solar,1,PP,"PP(20,1,1)",0,0,zero_availability,NOT_APPLICABLE_BOTH_BOUNDS
20260811_155000_stage_B_2C_30day_full_final,pass_1,20,1,solar,2,PP,"PP(20,2,1)",0,0,zero_availability,NOT_APPLICABLE_BOTH_BOUNDS
20260811_155000_stage_B_2C_30day_full_final,pass_1,20,1,solar,3,PP,"PP(20,3,1)",0,0,zero_availability,NOT_APPLICABLE_BOTH_BOUNDS
20260811_155000_stage_B_2C_30day_full_final,pass_1,20,1,solar,4,PP,"PP(20,4,1)",0,0,zero_availability,NOT_APPLICABLE_BOTH_BOUNDS
20260811_155000_stage_B_2C_30day_full_final,pass_1,20,1,solar,5,PP,"PP(20,5,1)",0,0,zero_availability,NOT_APPLICABLE_BOTH_BOUNDS
20260811_155000_stage_B_2C_30day_full_final,pass_1,20,2,solar,1,PP,"PP(20,1,2)",0,0,zero_availability,NOT_APPLICABLE_BOTH_BOUNDS
20260811_155000_stage_B_2C_30day_full_final,pass_1,20,2,solar,2,PP,"PP(20,2,2)",0,0,zero_availability,NOT_APPLICABLE_BOTH_BOUNDS
20260811_155000_stage_B_2C_30day_full_final,pass_1,20,2,solar,3,PP,"PP(20,3,2)",0,0,zero_availability,NOT_APPLICABLE_BOTH_BOUNDS
20260811_155000_stage_B_2C_30day_full_final,pass_1,20,2,solar,4,PP,"PP(20,4,2)",0,0,zero_availability,NOT_APPLICABLE_BOTH_BOUNDS
20260811_155000_stage_B_2C_30day_full_final,pass_1,20,2,solar,5,PP,"PP(20,5,2)",0,0,zero_availability,NOT_APPLICABLE_BOTH_BOUNDS
20260811_155000_stage_B_2C_30day_full_final,pass_1,20,3,solar,1,PP,"PP(20,1,3)",0,0,zero_availability,NOT_APPLICABLE_BOTH_BOUNDS
20260811_155000_stage_B_2C_30day_full_final,pass_1,20,3,solar,2,PP,"PP(20,2,3)",0,0,zero_availability,NOT_APPLICABLE_BOTH_BOUNDS
20260811_155000_stage_B_2C_30day_full_final,pass_1,20,3,solar,3,PP,"PP(20,3,3)",0,0,zero_availability,NOT_APPLICABLE_BOTH_BOUNDS
20260811_155000_stage_B_2C_30day_full_final,pass_1,20,3,solar,4,PP,"PP(20,4,3)",0,0,zero_availability,NOT_APPLICABLE_BOTH_BOUNDS
20260811_155000_stage_B_2C_30day_full_final,pass_1,20,3,solar,5,PP,"PP(20,5,3)",0,0,zero_availability,NOT_APPLICABLE_BOTH_BOUNDS
20260811_155000_stage_B_2C_30day_full_final,pass_1,20,4,solar,1,PP,"PP(20,1,4)",0,0,zero_availability,NOT_APPLICABLE_BOTH_BOUNDS
20260811_155000_stage_B_2C_30day_full_final,pass_1,20,4,solar,2,PP,"PP(20,2,4)",0,0,zero_availability,NOT_APPLICABLE_BOTH_BOUNDS
20260811_155000_stage_B_2C_30day_full_final,pass_1,20,4,solar,3,PP,"PP(20,3,4)",0,0,zero_availability,NOT_APPLICABLE_BOTH_BOUNDS
20260811_155000_stage_B_2C_30day_full_final,pass_1,20,4,solar,4,PP,"PP(20,4,4)",0,0,zero_availability,NOT_APPLICABLE_BOTH_BOUNDS
20260811_155000_stage_B_2C_30day_full_final,pass_1,20,4,solar,5,PP,"PP(20,5,4)",0,0,zero_availability,NOT_APPLICABLE_BOTH_BOUNDS
20260811_155000_stage_B_2C_30day_full_final,pass_1,20,5,solar,1,PP,"PP(20,1,5)",0,0,zero_availability,NOT_APPLICABLE_BOTH_BOUNDS
20260811_155000_stage_B_2C_30day_full_final,pass_1,20,5,solar,2,PP,"PP(20,2,5)",0,0,zero_availability,NOT_APPLICABLE_BOTH_BOUNDS
20260811_155000_stage_B_2C_30day_full_final,pass_1,20,5,solar,3,PP,"PP(20,3,5)",0,0,zero_availability,NOT_APPLICABLE_BOTH_BOUNDS
20260811_155000_stage_B_2C_30day_full_final,pass_1,20,5,solar,4,PP,"PP(20,4,5)",0,0,zero_availability,NOT_APPLICABLE_BOTH_BOUNDS
20260811_155000_stage_B_2C_30day_full_final,pass_1,20,5,solar,5,PP,"PP(20,5,5)",0,0,zero_availability,NOT_APPLICABLE_BOTH_BOUNDS
20260811_155000_stage_B_2C_30day_full_final,pass_1,20,6,solar,1,PP,"PP(20,1,6)",0,0,zero_availability,NOT_APPLICABLE_BOTH_BOUNDS
20260811_155000_stage_B_2C_30day_full_final,pass_1,20,6,solar,2,PP,"PP(20,2,6)",0,0,zero_availability,NOT_APPLICABLE_BOTH_BOUNDS
20260811_155000_stage_B_2C_30day_full_final,pass_1,20,6,solar,3,PP,"PP(20,3,6)",0,0,zero_availability,NOT_APPLICABLE_BOTH_BOUNDS
20260811_155000_stage_B_2C_30day_full_final,pass_1,20,6,solar,4,PP,"PP(20,4,6)",0,0,zero_availability,NOT_APPLICABLE_BOTH_BOUNDS
20260811_155000_stage_B_2C_30day_full_final,pass_1,20,6,solar,5,PP,"PP(20,5,6)",0,0,zero_availability,NOT_APPLICABLE_BOTH_BOUNDS
20260811_155000_stage_B_2C_30day_full_final,pass_1,20,7,solar,1,PP,"PP(20,1,7)",0,0,zero_availability,NOT_APPLICABLE_BOTH_BOUNDS
20260811_155000_stage_B_2C_30day_full_final,pass_1,20,7,solar,2,PP,"PP(20,2,7)",0,0,zero_availability,NOT_APPLICABLE_BOTH_BOUNDS
20260811_155000_stage_B_2C_30day_full_final,pass_1,20,7,solar,3,PP,"PP(20,3,7)",0,0,zero_availability,NOT_APPLICABLE_BOTH_BOUNDS
20260811_155000_stage_B_2C_30day_full_final,pass_1,20,7,solar,4,PP,"PP(20,4,7)",0,0,zero_availability,NOT_APPLICABLE_BOTH_BOUNDS
20260811_155000_stage_B_2C_30day_full_final,pass_1,20,7,solar,5,PP,"PP(20,5,7)",0,0,zero_availability,NOT_APPLICABLE_BOTH_BOUNDS
20260811_155000_stage_B_2C_30day_full_final,pass_1,20,20,solar,1,PP,"PP(20,1,20)",0,0,zero_availability,NOT_APPLICABLE_BOTH_BOUNDS
20260811_155000_stage_B_2C_30day_full_final,pass_1,20,20,solar,2,PP,"PP(20,2,20)",0,0,zero_availability,NOT_APPLICABLE_BOTH_BOUNDS
20260811_155000_stage_B_2C_30day_full_final,pass_1,20,20,solar,3,PP,"PP(20,3,20)",0,0,zero_availability,NOT_APPLICABLE_BOTH_BOUNDS
20260811_155000_stage_B_2C_30day_full_final,pass_1,20,20,solar,4,PP,"PP(20,4,20)",0,0,zero_availability,NOT_APPLICABLE_BOTH_BOUNDS
20260811_155000_stage_B_2C_30day_full_final,pass_1,20,20,solar,5,PP,"PP(20,5,20)",0,0,zero_availability,NOT_APPLICABLE_BOTH_BOUNDS
20260811_155000_stage_B_2C_30day_full_final,pass_1,20,21,solar,1,PP,"PP(20,1,21)",0,0,zero_availability,NOT_APPLICABLE_BOTH_BOUNDS
20260811_155000_stage_B_2C_30day_full_final,pass_1,20,21,solar,2,PP,"PP(20,2,21)",0,0,zero_availability,NOT_APPLICABLE_BOTH_BOUNDS
20260811_155000_stage_B_2C_30day_full_final,pass_1,20,21,solar,3,PP,"PP(20,3,21)",0,0,zero_availability,NOT_APPLICABLE_BOTH_BOUNDS
20260811_155000_stage_B_2C_30day_full_final,pass_1,20,21,solar,4,PP,"PP(20,4,21)",0,0,zero_availability,NOT_APPLICABLE_BOTH_BOUNDS
20260811_155000_stage_B_2C_30day_full_final,pass_1,20,21,solar,5,PP,"PP(20,5,21)",0,0,zero_availability,NOT_APPLICABLE_BOTH_BOUNDS
20260811_155000_stage_B_2C_30day_full_final,pass_1,20,22,solar,1,PP,"PP(20,1,22)",0,0,zero_availability,NOT_APPLICABLE_BOTH_BOUNDS
20260811_155000_stage_B_2C_30day_full_final,pass_1,20,22,solar,2,PP,"PP(20,2,22)",0,0,zero_availability,NOT_APPLICABLE_BOTH_BOUNDS
20260811_155000_stage_B_2C_30day_full_final,pass_1,20,22,solar,3,PP,"PP(20,3,22)",0,0,zero_availability,NOT_APPLICABLE_BOTH_BOUNDS
20260811_155000_stage_B_2C_30day_full_final,pass_1,20,22,solar,4,PP,"PP(20,4,22)",0,0,zero_availability,NOT_APPLICABLE_BOTH_BOUNDS
20260811_155000_stage_B_2C_30day_full_final,pass_1,20,22,solar,5,PP,"PP(20,5,22)",0,0,zero_availability,NOT_APPLICABLE_BOTH_BOUNDS
20260811_155000_stage_B_2C_30day_full_final,pass_1,20,23,solar,1,PP,"PP(20,1,23)",0,0,zero_availability,NOT_APPLICABLE_BOTH_BOUNDS
20260811_155000_stage_B_2C_30day_full_final,pass_1,20,23,solar,2,PP,"PP(20,2,23)",0,0,zero_availability,NOT_APPLICABLE_BOTH_BOUNDS
20260811_155000_stage_B_2C_30day_full_final,pass_1,20,23,solar,3,PP,"PP(20,3,23)",0,0,zero_availability,NOT_APPLICABLE_BOTH_BOUNDS
20260811_155000_stage_B_2C_30day_full_final,pass_1,20,23,solar,4,PP,"PP(20,4,23)",0,0,zero_availability,NOT_APPLICABLE_BOTH_BOUNDS
20260811_155000_stage_B_2C_30day_full_final,pass_1,20,23,solar,5,PP,"PP(20,5,23)",0,0,zero_availability,NOT_APPLICABLE_BOTH_BOUNDS
20260811_155000_stage_B_2C_30day_full_final,pass_1,20,24,solar,1,PP,"PP(20,1,24)",0,0,zero_availability,NOT_APPLICABLE_BOTH_BOUNDS
20260811_155000_stage_B_2C_30day_full_final,pass_1,20,24,solar,2,PP,"PP(20,2,24)",0,0,zero_availability,NOT_APPLICABLE_BOTH_BOUNDS
20260811_155000_stage_B_2C_30day_full_final,pass_1,20,24,solar,3,PP,"PP(20,3,24)",0,0,zero_availability,NOT_APPLICABLE_BOTH_BOUNDS
20260811_155000_stage_B_2C_30day_full_final,pass_1,20,24,solar,4,PP,"PP(20,4,24)",0,0,zero_availability,NOT_APPLICABLE_BOTH_BOUNDS
20260811_155000_stage_B_2C_30day_full_final,pass_1,20,24,solar,5,PP,"PP(20,5,24)",0,0,zero_availability,NOT_APPLICABLE_BOTH_BOUNDS
20260811_155000_stage_B_2C_30day_full_final,pass_1,21,1,solar,1,PP,"PP(21,1,1)",0,0,zero_availability,NOT_APPLICABLE_BOTH_BOUNDS
20260811_155000_stage_B_2C_30day_full_final,pass_1,21,1,solar,2,PP,"PP(21,2,1)",0,0,zero_availability,NOT_APPLICABLE_BOTH_BOUNDS
20260811_155000_stage_B_2C_30day_full_final,pass_1,21,1,solar,3,PP,"PP(21,3,1)",0,0,zero_availability,NOT_APPLICABLE_BOTH_BOUNDS
20260811_155000_stage_B_2C_30day_full_final,pass_1,21,1,solar,4,PP,"PP(21,4,1)",0,0,zero_availability,NOT_APPLICABLE_BOTH_BOUNDS
20260811_155000_stage_B_2C_30day_full_final,pass_1,21,1,solar,5,PP,"PP(21,5,1)",0,0,zero_availability,NOT_APPLICABLE_BOTH_BOUNDS
20260811_155000_stage_B_2C_30day_full_final,pass_1,21,2,solar,1,PP,"PP(21,1,2)",0,0,zero_availability,NOT_APPLICABLE_BOTH_BOUNDS
20260811_155000_stage_B_2C_30day_full_final,pass_1,21,2,solar,2,PP,"PP(21,2,2)",0,0,zero_availability,NOT_APPLICABLE_BOTH_BOUNDS
20260811_155000_stage_B_2C_30day_full_final,pass_1,21,2,solar,3,PP,"PP(21,3,2)",0,0,zero_availability,NOT_APPLICABLE_BOTH_BOUNDS
20260811_155000_stage_B_2C_30day_full_final,pass_1,21,2,solar,4,PP,"PP(21,4,2)",0,0,zero_availability,NOT_APPLICABLE_BOTH_BOUNDS
20260811_155000_stage_B_2C_30day_full_final,pass_1,21,2,solar,5,PP,"PP(21,5,2)",0,0,zero_availability,NOT_APPLICABLE_BOTH_BOUNDS
20260811_155000_stage_B_2C_30day_full_final,pass_1,21,3,solar,1,PP,"PP(21,1,3)",0,0,zero_availability,NOT_APPLICABLE_BOTH_BOUNDS
20260811_155000_stage_B_2C_30day_full_final,pass_1,21,3,solar,2,PP,"PP(21,2,3)",0,0,zero_availability,NOT_APPLICABLE_BOTH_BOUNDS
20260811_155000_stage_B_2C_30day_full_final,pass_1,21,3,solar,3,PP,"PP(21,3,3)",0,0,zero_availability,NOT_APPLICABLE_BOTH_BOUNDS
20260811_155000_stage_B_2C_30day_full_final,pass_1,21,3,solar,4,PP,"PP(21,4,3)",0,0,zero_availability,NOT_APPLICABLE_BOTH_BOUNDS
20260811_155000_stage_B_2C_30day_full_final,pass_1,21,3,solar,5,PP,"PP(21,5,3)",0,0,zero_availability,NOT_APPLICABLE_BOTH_BOUNDS
20260811_155000_stage_B_2C_30day_full_final,pass_1,21,4,solar,1,PP,"PP(21,1,4)",0,0,zero_availability,NOT_APPLICABLE_BOTH_BOUNDS
20260811_155000_stage_B_2C_30day_full_final,pass_1,21,4,solar,2,PP,"PP(21,2,4)",0,0,zero_availability,NOT_APPLICABLE_BOTH_BOUNDS
20260811_155000_stage_B_2C_30day_full_final,pass_1,21,4,solar,3,PP,"PP(21,3,4)",0,0,zero_availability,NOT_APPLICABLE_BOTH_BOUNDS
20260811_155000_stage_B_2C_30day_full_final,pass_1,21,4,solar,4,PP,"PP(21,4,4)",0,0,zero_availability,NOT_APPLICABLE_BOTH_BOUNDS
20260811_155000_stage_B_2C_30day_full_final,pass_1,21,4,solar,5,PP,"PP(21,5,4)",0,0,zero_availability,NOT_APPLICABLE_BOTH_BOUNDS
20260811_155000_stage_B_2C_30day_full_final,pass_1,21,5,solar,1,PP,"PP(21,1,5)",0,0,zero_availability,NOT_APPLICABLE_BOTH_BOUNDS
20260811_155000_stage_B_2C_30day_full_final,pass_1,21,5,solar,2,PP,"PP(21,2,5)",0,0,zero_availability,NOT_APPLICABLE_BOTH_BOUNDS
20260811_155000_stage_B_2C_30day_full_final,pass_1,21,5,solar,3,PP,"PP(21,3,5)",0,0,zero_availability,NOT_APPLICABLE_BOTH_BOUNDS
20260811_155000_stage_B_2C_30day_full_final,pass_1,21,5,solar,4,PP,"PP(21,4,5)",0,0,zero_availability,NOT_APPLICABLE_BOTH_BOUNDS
20260811_155000_stage_B_2C_30day_full_final,pass_1,21,5,solar,5,PP,"PP(21,5,5)",0,0,zero_availability,NOT_APPLICABLE_BOTH_BOUNDS
20260811_155000_stage_B_2C_30day_full_final,pass_1,21,6,solar,1,PP,"PP(21,1,6)",0,0,zero_availability,NOT_APPLICABLE_BOTH_BOUNDS
20260811_155000_stage_B_2C_30day_full_final,pass_1,21,6,solar,2,PP,"PP(21,2,6)",0,0,zero_availability,NOT_APPLICABLE_BOTH_BOUNDS
20260811_155000_stage_B_2C_30day_full_final,pass_1,21,6,solar,3,PP,"PP(21,3,6)",0,0,zero_availability,NOT_APPLICABLE_BOTH_BOUNDS
20260811_155000_stage_B_2C_30day_full_final,pass_1,21,6,solar,4,PP,"PP(21,4,6)",0,0,zero_availability,NOT_APPLICABLE_BOTH_BOUNDS
20260811_155000_stage_B_2C_30day_full_final,pass_1,21,6,solar,5,PP,"PP(21,5,6)",0,0,zero_availability,NOT_APPLICABLE_BOTH_BOUNDS
20260811_155000_stage_B_2C_30day_full_final,pass_1,21,7,solar,1,PP,"PP(21,1,7)",0,0,zero_availability,NOT_APPLICABLE_BOTH_BOUNDS
20260811_155000_stage_B_2C_30day_full_final,pass_1,21,7,solar,2,PP,"PP(21,2,7)",0,0,zero_availability,NOT_APPLICABLE_BOTH_BOUNDS
20260811_155000_stage_B_2C_30day_full_final,pass_1,21,7,solar,3,PP,"PP(21,3,7)",0,0,zero_availability,NOT_APPLICABLE_BOTH_BOUNDS
20260811_155000_stage_B_2C_30day_full_final,pass_1,21,7,solar,4,PP,"PP(21,4,7)",0,0,zero_availability,NOT_APPLICABLE_BOTH_BOUNDS
20260811_155000_stage_B_2C_30day_full_final,pass_1,21,7,solar,5,PP,"PP(21,5,7)",0,0,zero_availability,NOT_APPLICABLE_BOTH_BOUNDS
20260811_155000_stage_B_2C_30day_full_final,pass_1,21,20,solar,1,PP,"PP(21,1,20)",0,0,zero_availability,NOT_APPLICABLE_BOTH_BOUNDS
20260811_155000_stage_B_2C_30day_full_final,pass_1,21,20,solar,2,PP,"PP(21,2,20)",0,0,zero_availability,NOT_APPLICABLE_BOTH_BOUNDS
20260811_155000_stage_B_2C_30day_full_final,pass_1,21,20,solar,3,PP,"PP(21,3,20)",0,0,zero_availability,NOT_APPLICABLE_BOTH_BOUNDS
20260811_155000_stage_B_2C_30day_full_final,pass_1,21,20,solar,4,PP,"PP(21,4,20)",0,0,zero_availability,NOT_APPLICABLE_BOTH_BOUNDS
20260811_155000_stage_B_2C_30day_full_final,pass_1,21,20,solar,5,PP,"PP(21,5,20)",0,0,zero_availability,NOT_APPLICABLE_BOTH_BOUNDS
20260811_155000_stage_B_2C_30day_full_final,pass_1,21,21,solar,1,PP,"PP(21,1,21)",0,0,zero_availability,NOT_APPLICABLE_BOTH_BOUNDS
20260811_155000_stage_B_2C_30day_full_final,pass_1,21,21,solar,2,PP,"PP(21,2,21)",0,0,zero_availability,NOT_APPLICABLE_BOTH_BOUNDS
20260811_155000_stage_B_2C_30day_full_final,pass_1,21,21,solar,3,PP,"PP(21,3,21)",0,0,zero_availability,NOT_APPLICABLE_BOTH_BOUNDS
20260811_155000_stage_B_2C_30day_full_final,pass_1,21,21,solar,4,PP,"PP(21,4,21)",0,0,zero_availability,NOT_APPLICABLE_BOTH_BOUNDS
20260811_155000_stage_B_2C_30day_full_final,pass_1,21,21,solar,5,PP,"PP(21,5,21)",0,0,zero_availability,NOT_APPLICABLE_BOTH_BOUNDS
20260811_155000_stage_B_2C_30day_full_final,pass_1,21,22,solar,1,PP,"PP(21,1,22)",0,0,zero_availability,NOT_APPLICABLE_BOTH_BOUNDS
20260811_155000_stage_B_2C_30day_full_final,pass_1,21,22,solar,2,PP,"PP(21,2,22)",0,0,zero_availability,NOT_APPLICABLE_BOTH_BOUNDS
20260811_155000_stage_B_2C_30day_full_final,pass_1,21,22,solar,3,PP,"PP(21,3,22)",0,0,zero_availability,NOT_APPLICABLE_BOTH_BOUNDS
20260811_155000_stage_B_2C_30day_full_final,pass_1,21,22,solar,4,PP,"PP(21,4,22)",0,0,zero_availability,NOT_APPLICABLE_BOTH_BOUNDS
20260811_155000_stage_B_2C_30day_full_final,pass_1,21,22,solar,5,PP,"PP(21,5,22)",0,0,zero_availability,NOT_APPLICABLE_BOTH_BOUNDS
20260811_155000_stage_B_2C_30day_full_final,pass_1,21,23,wind,5,PW,"PW(21,5,23)",0,0,zero_availability,NOT_APPLICABLE_BOTH_BOUNDS
20260811_155000_stage_B_2C_30day_full_final,pass_1,21,23,solar,1,PP,"PP(21,1,23)",0,0,zero_availability,NOT_APPLICABLE_BOTH_BOUNDS
20260811_155000_stage_B_2C_30day_full_final,pass_1,21,23,solar,2,PP,"PP(21,2,23)",0,0,zero_availability,NOT_APPLICABLE_BOTH_BOUNDS
20260811_155000_stage_B_2C_30day_full_final,pass_1,21,23,solar,3,PP,"PP(21,3,23)",0,0,zero_availability,NOT_APPLICABLE_BOTH_BOUNDS
20260811_155000_stage_B_2C_30day_full_final,pass_1,21,23,solar,4,PP,"PP(21,4,23)",0,0,zero_availability,NOT_APPLICABLE_BOTH_BOUNDS
20260811_155000_stage_B_2C_30day_full_final,pass_1,21,23,solar,5,PP,"PP(21,5,23)",0,0,zero_availability,NOT_APPLICABLE_BOTH_BOUNDS
20260811_155000_stage_B_2C_30day_full_final,pass_1,21,24,solar,1,PP,"PP(21,1,24)",0,0,zero_availability,NOT_APPLICABLE_BOTH_BOUNDS
20260811_155000_stage_B_2C_30day_full_final,pass_1,21,24,solar,2,PP,"PP(21,2,24)",0,0,zero_availability,NOT_APPLICABLE_BOTH_BOUNDS
20260811_155000_stage_B_2C_30day_full_final,pass_1,21,24,solar,3,PP,"PP(21,3,24)",0,0,zero_availability,NOT_APPLICABLE_BOTH_BOUNDS
20260811_155000_stage_B_2C_30day_full_final,pass_1,21,24,solar,4,PP,"PP(21,4,24)",0,0,zero_availability,NOT_APPLICABLE_BOTH_BOUNDS
20260811_155000_stage_B_2C_30day_full_final,pass_1,21,24,solar,5,PP,"PP(21,5,24)",0,0,zero_availability,NOT_APPLICABLE_BOTH_BOUNDS
20260811_155000_stage_B_2C_30day_full_final,pass_1,22,1,solar,1,PP,"PP(22,1,1)",0,0,zero_availability,NOT_APPLICABLE_BOTH_BOUNDS
20260811_155000_stage_B_2C_30day_full_final,pass_1,22,1,solar,2,PP,"PP(22,2,1)",0,0,zero_availability,NOT_APPLICABLE_BOTH_BOUNDS
20260811_155000_stage_B_2C_30day_full_final,pass_1,22,1,solar,3,PP,"PP(22,3,1)",0,0,zero_availability,NOT_APPLICABLE_BOTH_BOUNDS
20260811_155000_stage_B_2C_30day_full_final,pass_1,22,1,solar,4,PP,"PP(22,4,1)",0,0,zero_availability,NOT_APPLICABLE_BOTH_BOUNDS
20260811_155000_stage_B_2C_30day_full_final,pass_1,22,1,solar,5,PP,"PP(22,5,1)",0,0,zero_availability,NOT_APPLICABLE_BOTH_BOUNDS
20260811_155000_stage_B_2C_30day_full_final,pass_1,22,2,solar,1,PP,"PP(22,1,2)",0,0,zero_availability,NOT_APPLICABLE_BOTH_BOUNDS
20260811_155000_stage_B_2C_30day_full_final,pass_1,22,2,solar,2,PP,"PP(22,2,2)",0,0,zero_availability,NOT_APPLICABLE_BOTH_BOUNDS
20260811_155000_stage_B_2C_30day_full_final,pass_1,22,2,solar,3,PP,"PP(22,3,2)",0,0,zero_availability,NOT_APPLICABLE_BOTH_BOUNDS
20260811_155000_stage_B_2C_30day_full_final,pass_1,22,2,solar,4,PP,"PP(22,4,2)",0,0,zero_availability,NOT_APPLICABLE_BOTH_BOUNDS
20260811_155000_stage_B_2C_30day_full_final,pass_1,22,2,solar,5,PP,"PP(22,5,2)",0,0,zero_availability,NOT_APPLICABLE_BOTH_BOUNDS
20260811_155000_stage_B_2C_30day_full_final,pass_1,22,3,solar,1,PP,"PP(22,1,3)",0,0,zero_availability,NOT_APPLICABLE_BOTH_BOUNDS
20260811_155000_stage_B_2C_30day_full_final,pass_1,22,3,solar,2,PP,"PP(22,2,3)",0,0,zero_availability,NOT_APPLICABLE_BOTH_BOUNDS
20260811_155000_stage_B_2C_30day_full_final,pass_1,22,3,solar,3,PP,"PP(22,3,3)",0,0,zero_availability,NOT_APPLICABLE_BOTH_BOUNDS
20260811_155000_stage_B_2C_30day_full_final,pass_1,22,3,solar,4,PP,"PP(22,4,3)",0,0,zero_availability,NOT_APPLICABLE_BOTH_BOUNDS
20260811_155000_stage_B_2C_30day_full_final,pass_1,22,3,solar,5,PP,"PP(22,5,3)",0,0,zero_availability,NOT_APPLICABLE_BOTH_BOUNDS
20260811_155000_stage_B_2C_30day_full_final,pass_1,22,4,solar,1,PP,"PP(22,1,4)",0,0,zero_availability,NOT_APPLICABLE_BOTH_BOUNDS
20260811_155000_stage_B_2C_30day_full_final,pass_1,22,4,solar,2,PP,"PP(22,2,4)",0,0,zero_availability,NOT_APPLICABLE_BOTH_BOUNDS
20260811_155000_stage_B_2C_30day_full_final,pass_1,22,4,solar,3,PP,"PP(22,3,4)",0,0,zero_availability,NOT_APPLICABLE_BOTH_BOUNDS
20260811_155000_stage_B_2C_30day_full_final,pass_1,22,4,solar,4,PP,"PP(22,4,4)",0,0,zero_availability,NOT_APPLICABLE_BOTH_BOUNDS
20260811_155000_stage_B_2C_30day_full_final,pass_1,22,4,solar,5,PP,"PP(22,5,4)",0,0,zero_availability,NOT_APPLICABLE_BOTH_BOUNDS
20260811_155000_stage_B_2C_30day_full_final,pass_1,22,5,solar,1,PP,"PP(22,1,5)",0,0,zero_availability,NOT_APPLICABLE_BOTH_BOUNDS
20260811_155000_stage_B_2C_30day_full_final,pass_1,22,5,solar,2,PP,"PP(22,2,5)",0,0,zero_availability,NOT_APPLICABLE_BOTH_BOUNDS
20260811_155000_stage_B_2C_30day_full_final,pass_1,22,5,solar,3,PP,"PP(22,3,5)",0,0,zero_availability,NOT_APPLICABLE_BOTH_BOUNDS
20260811_155000_stage_B_2C_30day_full_final,pass_1,22,5,solar,4,PP,"PP(22,4,5)",0,0,zero_availability,NOT_APPLICABLE_BOTH_BOUNDS
20260811_155000_stage_B_2C_30day_full_final,pass_1,22,5,solar,5,PP,"PP(22,5,5)",0,0,zero_availability,NOT_APPLICABLE_BOTH_BOUNDS
20260811_155000_stage_B_2C_30day_full_final,pass_1,22,6,solar,1,PP,"PP(22,1,6)",0,0,zero_availability,NOT_APPLICABLE_BOTH_BOUNDS
20260811_155000_stage_B_2C_30day_full_final,pass_1,22,6,solar,2,PP,"PP(22,2,6)",0,0,zero_availability,NOT_APPLICABLE_BOTH_BOUNDS
20260811_155000_stage_B_2C_30day_full_final,pass_1,22,6,solar,3,PP,"PP(22,3,6)",0,0,zero_availability,NOT_APPLICABLE_BOTH_BOUNDS
20260811_155000_stage_B_2C_30day_full_final,pass_1,22,6,solar,4,PP,"PP(22,4,6)",0,0,zero_availability,NOT_APPLICABLE_BOTH_BOUNDS
20260811_155000_stage_B_2C_30day_full_final,pass_1,22,6,solar,5,PP,"PP(22,5,6)",0,0,zero_availability,NOT_APPLICABLE_BOTH_BOUNDS
20260811_155000_stage_B_2C_30day_full_final,pass_1,22,7,solar,1,PP,"PP(22,1,7)",0,0,zero_availability,NOT_APPLICABLE_BOTH_BOUNDS
20260811_155000_stage_B_2C_30day_full_final,pass_1,22,7,solar,2,PP,"PP(22,2,7)",0,0,zero_availability,NOT_APPLICABLE_BOTH_BOUNDS
20260811_155000_stage_B_2C_30day_full_final,pass_1,22,7,solar,3,PP,"PP(22,3,7)",0,0,zero_availability,NOT_APPLICABLE_BOTH_BOUNDS
20260811_155000_stage_B_2C_30day_full_final,pass_1,22,7,solar,4,PP,"PP(22,4,7)",0,0,zero_availability,NOT_APPLICABLE_BOTH_BOUNDS
20260811_155000_stage_B_2C_30day_full_final,pass_1,22,7,solar,5,PP,"PP(22,5,7)",0,0,zero_availability,NOT_APPLICABLE_BOTH_BOUNDS
20260811_155000_stage_B_2C_30day_full_final,pass_1,22,20,solar,1,PP,"PP(22,1,20)",0,0,zero_availability,NOT_APPLICABLE_BOTH_BOUNDS
20260811_155000_stage_B_2C_30day_full_final,pass_1,22,20,solar,2,PP,"PP(22,2,20)",0,0,zero_availability,NOT_APPLICABLE_BOTH_BOUNDS
20260811_155000_stage_B_2C_30day_full_final,pass_1,22,20,solar,3,PP,"PP(22,3,20)",0,0,zero_availability,NOT_APPLICABLE_BOTH_BOUNDS
20260811_155000_stage_B_2C_30day_full_final,pass_1,22,20,solar,4,PP,"PP(22,4,20)",0,0,zero_availability,NOT_APPLICABLE_BOTH_BOUNDS
20260811_155000_stage_B_2C_30day_full_final,pass_1,22,20,solar,5,PP,"PP(22,5,20)",0,0,zero_availability,NOT_APPLICABLE_BOTH_BOUNDS
20260811_155000_stage_B_2C_30day_full_final,pass_1,22,21,solar,1,PP,"PP(22,1,21)",0,0,zero_availability,NOT_APPLICABLE_BOTH_BOUNDS
20260811_155000_stage_B_2C_30day_full_final,pass_1,22,21,solar,2,PP,"PP(22,2,21)",0,0,zero_availability,NOT_APPLICABLE_BOTH_BOUNDS
20260811_155000_stage_B_2C_30day_full_final,pass_1,22,21,solar,3,PP,"PP(22,3,21)",0,0,zero_availability,NOT_APPLICABLE_BOTH_BOUNDS
20260811_155000_stage_B_2C_30day_full_final,pass_1,22,21,solar,4,PP,"PP(22,4,21)",0,0,zero_availability,NOT_APPLICABLE_BOTH_BOUNDS
20260811_155000_stage_B_2C_30day_full_final,pass_1,22,21,solar,5,PP,"PP(22,5,21)",0,0,zero_availability,NOT_APPLICABLE_BOTH_BOUNDS
20260811_155000_stage_B_2C_30day_full_final,pass_1,22,22,solar,1,PP,"PP(22,1,22)",0,0,zero_availability,NOT_APPLICABLE_BOTH_BOUNDS
20260811_155000_stage_B_2C_30day_full_final,pass_1,22,22,solar,2,PP,"PP(22,2,22)",0,0,zero_availability,NOT_APPLICABLE_BOTH_BOUNDS
20260811_155000_stage_B_2C_30day_full_final,pass_1,22,22,solar,3,PP,"PP(22,3,22)",0,0,zero_availability,NOT_APPLICABLE_BOTH_BOUNDS
20260811_155000_stage_B_2C_30day_full_final,pass_1,22,22,solar,4,PP,"PP(22,4,22)",0,0,zero_availability,NOT_APPLICABLE_BOTH_BOUNDS
20260811_155000_stage_B_2C_30day_full_final,pass_1,22,22,solar,5,PP,"PP(22,5,22)",0,0,zero_availability,NOT_APPLICABLE_BOTH_BOUNDS
20260811_155000_stage_B_2C_30day_full_final,pass_1,22,23,solar,1,PP,"PP(22,1,23)",0,0,zero_availability,NOT_APPLICABLE_BOTH_BOUNDS
20260811_155000_stage_B_2C_30day_full_final,pass_1,22,23,solar,2,PP,"PP(22,2,23)",0,0,zero_availability,NOT_APPLICABLE_BOTH_BOUNDS
20260811_155000_stage_B_2C_30day_full_final,pass_1,22,23,solar,3,PP,"PP(22,3,23)",0,0,zero_availability,NOT_APPLICABLE_BOTH_BOUNDS
20260811_155000_stage_B_2C_30day_full_final,pass_1,22,23,solar,4,PP,"PP(22,4,23)",0,0,zero_availability,NOT_APPLICABLE_BOTH_BOUNDS
20260811_155000_stage_B_2C_30day_full_final,pass_1,22,23,solar,5,PP,"PP(22,5,23)",0,0,zero_availability,NOT_APPLICABLE_BOTH_BOUNDS
20260811_155000_stage_B_2C_30day_full_final,pass_1,22,24,solar,1,PP,"PP(22,1,24)",0,0,zero_availability,NOT_APPLICABLE_BOTH_BOUNDS
20260811_155000_stage_B_2C_30day_full_final,pass_1,22,24,solar,2,PP,"PP(22,2,24)",0,0,zero_availability,NOT_APPLICABLE_BOTH_BOUNDS
20260811_155000_stage_B_2C_30day_full_final,pass_1,22,24,solar,3,PP,"PP(22,3,24)",0,0,zero_availability,NOT_APPLICABLE_BOTH_BOUNDS
20260811_155000_stage_B_2C_30day_full_final,pass_1,22,24,solar,4,PP,"PP(22,4,24)",0,0,zero_availability,NOT_APPLICABLE_BOTH_BOUNDS
20260811_155000_stage_B_2C_30day_full_final,pass_1,22,24,solar,5,PP,"PP(22,5,24)",0,0,zero_availability,NOT_APPLICABLE_BOTH_BOUNDS
20260811_155000_stage_B_2C_30day_full_final,pass_1,23,1,solar,1,PP,"PP(23,1,1)",0,0,zero_availability,NOT_APPLICABLE_BOTH_BOUNDS
20260811_155000_stage_B_2C_30day_full_final,pass_1,23,1,solar,2,PP,"PP(23,2,1)",0,0,zero_availability,NOT_APPLICABLE_BOTH_BOUNDS
20260811_155000_stage_B_2C_30day_full_final,pass_1,23,1,solar,3,PP,"PP(23,3,1)",0,0,zero_availability,NOT_APPLICABLE_BOTH_BOUNDS
20260811_155000_stage_B_2C_30day_full_final,pass_1,23,1,solar,4,PP,"PP(23,4,1)",0,0,zero_availability,NOT_APPLICABLE_BOTH_BOUNDS
20260811_155000_stage_B_2C_30day_full_final,pass_1,23,1,solar,5,PP,"PP(23,5,1)",0,0,zero_availability,NOT_APPLICABLE_BOTH_BOUNDS
20260811_155000_stage_B_2C_30day_full_final,pass_1,23,2,solar,1,PP,"PP(23,1,2)",0,0,zero_availability,NOT_APPLICABLE_BOTH_BOUNDS
20260811_155000_stage_B_2C_30day_full_final,pass_1,23,2,solar,2,PP,"PP(23,2,2)",0,0,zero_availability,NOT_APPLICABLE_BOTH_BOUNDS
20260811_155000_stage_B_2C_30day_full_final,pass_1,23,2,solar,3,PP,"PP(23,3,2)",0,0,zero_availability,NOT_APPLICABLE_BOTH_BOUNDS
20260811_155000_stage_B_2C_30day_full_final,pass_1,23,2,solar,4,PP,"PP(23,4,2)",0,0,zero_availability,NOT_APPLICABLE_BOTH_BOUNDS
20260811_155000_stage_B_2C_30day_full_final,pass_1,23,2,solar,5,PP,"PP(23,5,2)",0,0,zero_availability,NOT_APPLICABLE_BOTH_BOUNDS
20260811_155000_stage_B_2C_30day_full_final,pass_1,23,3,solar,1,PP,"PP(23,1,3)",0,0,zero_availability,NOT_APPLICABLE_BOTH_BOUNDS
20260811_155000_stage_B_2C_30day_full_final,pass_1,23,3,solar,2,PP,"PP(23,2,3)",0,0,zero_availability,NOT_APPLICABLE_BOTH_BOUNDS
20260811_155000_stage_B_2C_30day_full_final,pass_1,23,3,solar,3,PP,"PP(23,3,3)",0,0,zero_availability,NOT_APPLICABLE_BOTH_BOUNDS
20260811_155000_stage_B_2C_30day_full_final,pass_1,23,3,solar,4,PP,"PP(23,4,3)",0,0,zero_availability,NOT_APPLICABLE_BOTH_BOUNDS
20260811_155000_stage_B_2C_30day_full_final,pass_1,23,3,solar,5,PP,"PP(23,5,3)",0,0,zero_availability,NOT_APPLICABLE_BOTH_BOUNDS
20260811_155000_stage_B_2C_30day_full_final,pass_1,23,4,solar,1,PP,"PP(23,1,4)",0,0,zero_availability,NOT_APPLICABLE_BOTH_BOUNDS
20260811_155000_stage_B_2C_30day_full_final,pass_1,23,4,solar,2,PP,"PP(23,2,4)",0,0,zero_availability,NOT_APPLICABLE_BOTH_BOUNDS
20260811_155000_stage_B_2C_30day_full_final,pass_1,23,4,solar,3,PP,"PP(23,3,4)",0,0,zero_availability,NOT_APPLICABLE_BOTH_BOUNDS
20260811_155000_stage_B_2C_30day_full_final,pass_1,23,4,solar,4,PP,"PP(23,4,4)",0,0,zero_availability,NOT_APPLICABLE_BOTH_BOUNDS
20260811_155000_stage_B_2C_30day_full_final,pass_1,23,4,solar,5,PP,"PP(23,5,4)",0,0,zero_availability,NOT_APPLICABLE_BOTH_BOUNDS
20260811_155000_stage_B_2C_30day_full_final,pass_1,23,5,solar,1,PP,"PP(23,1,5)",0,0,zero_availability,NOT_APPLICABLE_BOTH_BOUNDS
20260811_155000_stage_B_2C_30day_full_final,pass_1,23,5,solar,2,PP,"PP(23,2,5)",0,0,zero_availability,NOT_APPLICABLE_BOTH_BOUNDS
20260811_155000_stage_B_2C_30day_full_final,pass_1,23,5,solar,3,PP,"PP(23,3,5)",0,0,zero_availability,NOT_APPLICABLE_BOTH_BOUNDS
20260811_155000_stage_B_2C_30day_full_final,pass_1,23,5,solar,4,PP,"PP(23,4,5)",0,0,zero_availability,NOT_APPLICABLE_BOTH_BOUNDS
20260811_155000_stage_B_2C_30day_full_final,pass_1,23,5,solar,5,PP,"PP(23,5,5)",0,0,zero_availability,NOT_APPLICABLE_BOTH_BOUNDS
20260811_155000_stage_B_2C_30day_full_final,pass_1,23,6,solar,1,PP,"PP(23,1,6)",0,0,zero_availability,NOT_APPLICABLE_BOTH_BOUNDS
20260811_155000_stage_B_2C_30day_full_final,pass_1,23,6,solar,2,PP,"PP(23,2,6)",0,0,zero_availability,NOT_APPLICABLE_BOTH_BOUNDS
20260811_155000_stage_B_2C_30day_full_final,pass_1,23,6,solar,3,PP,"PP(23,3,6)",0,0,zero_availability,NOT_APPLICABLE_BOTH_BOUNDS
20260811_155000_stage_B_2C_30day_full_final,pass_1,23,6,solar,4,PP,"PP(23,4,6)",0,0,zero_availability,NOT_APPLICABLE_BOTH_BOUNDS
20260811_155000_stage_B_2C_30day_full_final,pass_1,23,6,solar,5,PP,"PP(23,5,6)",0,0,zero_availability,NOT_APPLICABLE_BOTH_BOUNDS
20260811_155000_stage_B_2C_30day_full_final,pass_1,23,7,solar,1,PP,"PP(23,1,7)",0,0,zero_availability,NOT_APPLICABLE_BOTH_BOUNDS
20260811_155000_stage_B_2C_30day_full_final,pass_1,23,7,solar,2,PP,"PP(23,2,7)",0,0,zero_availability,NOT_APPLICABLE_BOTH_BOUNDS
20260811_155000_stage_B_2C_30day_full_final,pass_1,23,7,solar,3,PP,"PP(23,3,7)",0,0,zero_availability,NOT_APPLICABLE_BOTH_BOUNDS
20260811_155000_stage_B_2C_30day_full_final,pass_1,23,7,solar,4,PP,"PP(23,4,7)",0,0,zero_availability,NOT_APPLICABLE_BOTH_BOUNDS
20260811_155000_stage_B_2C_30day_full_final,pass_1,23,7,solar,5,PP,"PP(23,5,7)",0,0,zero_availability,NOT_APPLICABLE_BOTH_BOUNDS
20260811_155000_stage_B_2C_30day_full_final,pass_1,23,20,solar,1,PP,"PP(23,1,20)",0,0,zero_availability,NOT_APPLICABLE_BOTH_BOUNDS
20260811_155000_stage_B_2C_30day_full_final,pass_1,23,20,solar,2,PP,"PP(23,2,20)",0,0,zero_availability,NOT_APPLICABLE_BOTH_BOUNDS
20260811_155000_stage_B_2C_30day_full_final,pass_1,23,20,solar,3,PP,"PP(23,3,20)",0,0,zero_availability,NOT_APPLICABLE_BOTH_BOUNDS
20260811_155000_stage_B_2C_30day_full_final,pass_1,23,20,solar,4,PP,"PP(23,4,20)",0,0,zero_availability,NOT_APPLICABLE_BOTH_BOUNDS
20260811_155000_stage_B_2C_30day_full_final,pass_1,23,20,solar,5,PP,"PP(23,5,20)",0,0,zero_availability,NOT_APPLICABLE_BOTH_BOUNDS
20260811_155000_stage_B_2C_30day_full_final,pass_1,23,21,solar,1,PP,"PP(23,1,21)",0,0,zero_availability,NOT_APPLICABLE_BOTH_BOUNDS
20260811_155000_stage_B_2C_30day_full_final,pass_1,23,21,solar,2,PP,"PP(23,2,21)",0,0,zero_availability,NOT_APPLICABLE_BOTH_BOUNDS
20260811_155000_stage_B_2C_30day_full_final,pass_1,23,21,solar,3,PP,"PP(23,3,21)",0,0,zero_availability,NOT_APPLICABLE_BOTH_BOUNDS
20260811_155000_stage_B_2C_30day_full_final,pass_1,23,21,solar,4,PP,"PP(23,4,21)",0,0,zero_availability,NOT_APPLICABLE_BOTH_BOUNDS
20260811_155000_stage_B_2C_30day_full_final,pass_1,23,21,solar,5,PP,"PP(23,5,21)",0,0,zero_availability,NOT_APPLICABLE_BOTH_BOUNDS
20260811_155000_stage_B_2C_30day_full_final,pass_1,23,22,solar,1,PP,"PP(23,1,22)",0,0,zero_availability,NOT_APPLICABLE_BOTH_BOUNDS
20260811_155000_stage_B_2C_30day_full_final,pass_1,23,22,solar,2,PP,"PP(23,2,22)",0,0,zero_availability,NOT_APPLICABLE_BOTH_BOUNDS
20260811_155000_stage_B_2C_30day_full_final,pass_1,23,22,solar,3,PP,"PP(23,3,22)",0,0,zero_availability,NOT_APPLICABLE_BOTH_BOUNDS
20260811_155000_stage_B_2C_30day_full_final,pass_1,23,22,solar,4,PP,"PP(23,4,22)",0,0,zero_availability,NOT_APPLICABLE_BOTH_BOUNDS
20260811_155000_stage_B_2C_30day_full_final,pass_1,23,22,solar,5,PP,"PP(23,5,22)",0,0,zero_availability,NOT_APPLICABLE_BOTH_BOUNDS
20260811_155000_stage_B_2C_30day_full_final,pass_1,23,23,solar,1,PP,"PP(23,1,23)",0,0,zero_availability,NOT_APPLICABLE_BOTH_BOUNDS
20260811_155000_stage_B_2C_30day_full_final,pass_1,23,23,solar,2,PP,"PP(23,2,23)",0,0,zero_availability,NOT_APPLICABLE_BOTH_BOUNDS
20260811_155000_stage_B_2C_30day_full_final,pass_1,23,23,solar,3,PP,"PP(23,3,23)",0,0,zero_availability,NOT_APPLICABLE_BOTH_BOUNDS
20260811_155000_stage_B_2C_30day_full_final,pass_1,23,23,solar,4,PP,"PP(23,4,23)",0,0,zero_availability,NOT_APPLICABLE_BOTH_BOUNDS
20260811_155000_stage_B_2C_30day_full_final,pass_1,23,23,solar,5,PP,"PP(23,5,23)",0,0,zero_availability,NOT_APPLICABLE_BOTH_BOUNDS
20260811_155000_stage_B_2C_30day_full_final,pass_1,23,24,solar,1,PP,"PP(23,1,24)",0,0,zero_availability,NOT_APPLICABLE_BOTH_BOUNDS
20260811_155000_stage_B_2C_30day_full_final,pass_1,23,24,solar,2,PP,"PP(23,2,24)",0,0,zero_availability,NOT_APPLICABLE_BOTH_BOUNDS
20260811_155000_stage_B_2C_30day_full_final,pass_1,23,24,solar,3,PP,"PP(23,3,24)",0,0,zero_availability,NOT_APPLICABLE_BOTH_BOUNDS
20260811_155000_stage_B_2C_30day_full_final,pass_1,23,24,solar,4,PP,"PP(23,4,24)",0,0,zero_availability,NOT_APPLICABLE_BOTH_BOUNDS
20260811_155000_stage_B_2C_30day_full_final,pass_1,23,24,solar,5,PP,"PP(23,5,24)",0,0,zero_availability,NOT_APPLICABLE_BOTH_BOUNDS
20260811_155000_stage_B_2C_30day_full_final,pass_1,24,1,solar,1,PP,"PP(24,1,1)",0,0,zero_availability,NOT_APPLICABLE_BOTH_BOUNDS
20260811_155000_stage_B_2C_30day_full_final,pass_1,24,1,solar,2,PP,"PP(24,2,1)",0,0,zero_availability,NOT_APPLICABLE_BOTH_BOUNDS
20260811_155000_stage_B_2C_30day_full_final,pass_1,24,1,solar,3,PP,"PP(24,3,1)",0,0,zero_availability,NOT_APPLICABLE_BOTH_BOUNDS
20260811_155000_stage_B_2C_30day_full_final,pass_1,24,1,solar,4,PP,"PP(24,4,1)",0,0,zero_availability,NOT_APPLICABLE_BOTH_BOUNDS
20260811_155000_stage_B_2C_30day_full_final,pass_1,24,1,solar,5,PP,"PP(24,5,1)",0,0,zero_availability,NOT_APPLICABLE_BOTH_BOUNDS
20260811_155000_stage_B_2C_30day_full_final,pass_1,24,2,solar,1,PP,"PP(24,1,2)",0,0,zero_availability,NOT_APPLICABLE_BOTH_BOUNDS
20260811_155000_stage_B_2C_30day_full_final,pass_1,24,2,solar,2,PP,"PP(24,2,2)",0,0,zero_availability,NOT_APPLICABLE_BOTH_BOUNDS
20260811_155000_stage_B_2C_30day_full_final,pass_1,24,2,solar,3,PP,"PP(24,3,2)",0,0,zero_availability,NOT_APPLICABLE_BOTH_BOUNDS
20260811_155000_stage_B_2C_30day_full_final,pass_1,24,2,solar,4,PP,"PP(24,4,2)",0,0,zero_availability,NOT_APPLICABLE_BOTH_BOUNDS
20260811_155000_stage_B_2C_30day_full_final,pass_1,24,2,solar,5,PP,"PP(24,5,2)",0,0,zero_availability,NOT_APPLICABLE_BOTH_BOUNDS
20260811_155000_stage_B_2C_30day_full_final,pass_1,24,3,solar,1,PP,"PP(24,1,3)",0,0,zero_availability,NOT_APPLICABLE_BOTH_BOUNDS
20260811_155000_stage_B_2C_30day_full_final,pass_1,24,3,solar,2,PP,"PP(24,2,3)",0,0,zero_availability,NOT_APPLICABLE_BOTH_BOUNDS
20260811_155000_stage_B_2C_30day_full_final,pass_1,24,3,solar,3,PP,"PP(24,3,3)",0,0,zero_availability,NOT_APPLICABLE_BOTH_BOUNDS
20260811_155000_stage_B_2C_30day_full_final,pass_1,24,3,solar,4,PP,"PP(24,4,3)",0,0,zero_availability,NOT_APPLICABLE_BOTH_BOUNDS
20260811_155000_stage_B_2C_30day_full_final,pass_1,24,3,solar,5,PP,"PP(24,5,3)",0,0,zero_availability,NOT_APPLICABLE_BOTH_BOUNDS
20260811_155000_stage_B_2C_30day_full_final,pass_1,24,4,solar,1,PP,"PP(24,1,4)",0,0,zero_availability,NOT_APPLICABLE_BOTH_BOUNDS
20260811_155000_stage_B_2C_30day_full_final,pass_1,24,4,solar,2,PP,"PP(24,2,4)",0,0,zero_availability,NOT_APPLICABLE_BOTH_BOUNDS
20260811_155000_stage_B_2C_30day_full_final,pass_1,24,4,solar,3,PP,"PP(24,3,4)",0,0,zero_availability,NOT_APPLICABLE_BOTH_BOUNDS
20260811_155000_stage_B_2C_30day_full_final,pass_1,24,4,solar,4,PP,"PP(24,4,4)",0,0,zero_availability,NOT_APPLICABLE_BOTH_BOUNDS
20260811_155000_stage_B_2C_30day_full_final,pass_1,24,4,solar,5,PP,"PP(24,5,4)",0,0,zero_availability,NOT_APPLICABLE_BOTH_BOUNDS
20260811_155000_stage_B_2C_30day_full_final,pass_1,24,5,solar,1,PP,"PP(24,1,5)",0,0,zero_availability,NOT_APPLICABLE_BOTH_BOUNDS
20260811_155000_stage_B_2C_30day_full_final,pass_1,24,5,solar,2,PP,"PP(24,2,5)",0,0,zero_availability,NOT_APPLICABLE_BOTH_BOUNDS
20260811_155000_stage_B_2C_30day_full_final,pass_1,24,5,solar,3,PP,"PP(24,3,5)",0,0,zero_availability,NOT_APPLICABLE_BOTH_BOUNDS
20260811_155000_stage_B_2C_30day_full_final,pass_1,24,5,solar,4,PP,"PP(24,4,5)",0,0,zero_availability,NOT_APPLICABLE_BOTH_BOUNDS
20260811_155000_stage_B_2C_30day_full_final,pass_1,24,5,solar,5,PP,"PP(24,5,5)",0,0,zero_availability,NOT_APPLICABLE_BOTH_BOUNDS
20260811_155000_stage_B_2C_30day_full_final,pass_1,24,6,solar,1,PP,"PP(24,1,6)",0,0,zero_availability,NOT_APPLICABLE_BOTH_BOUNDS
20260811_155000_stage_B_2C_30day_full_final,pass_1,24,6,solar,2,PP,"PP(24,2,6)",0,0,zero_availability,NOT_APPLICABLE_BOTH_BOUNDS
20260811_155000_stage_B_2C_30day_full_final,pass_1,24,6,solar,3,PP,"PP(24,3,6)",0,0,zero_availability,NOT_APPLICABLE_BOTH_BOUNDS
20260811_155000_stage_B_2C_30day_full_final,pass_1,24,6,solar,4,PP,"PP(24,4,6)",0,0,zero_availability,NOT_APPLICABLE_BOTH_BOUNDS
20260811_155000_stage_B_2C_30day_full_final,pass_1,24,6,solar,5,PP,"PP(24,5,6)",0,0,zero_availability,NOT_APPLICABLE_BOTH_BOUNDS
20260811_155000_stage_B_2C_30day_full_final,pass_1,24,7,solar,1,PP,"PP(24,1,7)",0,0,zero_availability,NOT_APPLICABLE_BOTH_BOUNDS
20260811_155000_stage_B_2C_30day_full_final,pass_1,24,7,solar,2,PP,"PP(24,2,7)",0,0,zero_availability,NOT_APPLICABLE_BOTH_BOUNDS
20260811_155000_stage_B_2C_30day_full_final,pass_1,24,7,solar,3,PP,"PP(24,3,7)",0,0,zero_availability,NOT_APPLICABLE_BOTH_BOUNDS
20260811_155000_stage_B_2C_30day_full_final,pass_1,24,7,solar,4,PP,"PP(24,4,7)",0,0,zero_availability,NOT_APPLICABLE_BOTH_BOUNDS
20260811_155000_stage_B_2C_30day_full_final,pass_1,24,7,solar,5,PP,"PP(24,5,7)",0,0,zero_availability,NOT_APPLICABLE_BOTH_BOUNDS
20260811_155000_stage_B_2C_30day_full_final,pass_1,24,20,solar,1,PP,"PP(24,1,20)",0,0,zero_availability,NOT_APPLICABLE_BOTH_BOUNDS
20260811_155000_stage_B_2C_30day_full_final,pass_1,24,20,solar,2,PP,"PP(24,2,20)",0,0,zero_availability,NOT_APPLICABLE_BOTH_BOUNDS
20260811_155000_stage_B_2C_30day_full_final,pass_1,24,20,solar,3,PP,"PP(24,3,20)",0,0,zero_availability,NOT_APPLICABLE_BOTH_BOUNDS
20260811_155000_stage_B_2C_30day_full_final,pass_1,24,20,solar,4,PP,"PP(24,4,20)",0,0,zero_availability,NOT_APPLICABLE_BOTH_BOUNDS
20260811_155000_stage_B_2C_30day_full_final,pass_1,24,20,solar,5,PP,"PP(24,5,20)",0,0,zero_availability,NOT_APPLICABLE_BOTH_BOUNDS
20260811_155000_stage_B_2C_30day_full_final,pass_1,24,21,solar,1,PP,"PP(24,1,21)",0,0,zero_availability,NOT_APPLICABLE_BOTH_BOUNDS
20260811_155000_stage_B_2C_30day_full_final,pass_1,24,21,solar,2,PP,"PP(24,2,21)",0,0,zero_availability,NOT_APPLICABLE_BOTH_BOUNDS
20260811_155000_stage_B_2C_30day_full_final,pass_1,24,21,solar,3,PP,"PP(24,3,21)",0,0,zero_availability,NOT_APPLICABLE_BOTH_BOUNDS
20260811_155000_stage_B_2C_30day_full_final,pass_1,24,21,solar,4,PP,"PP(24,4,21)",0,0,zero_availability,NOT_APPLICABLE_BOTH_BOUNDS
20260811_155000_stage_B_2C_30day_full_final,pass_1,24,21,solar,5,PP,"PP(24,5,21)",0,0,zero_availability,NOT_APPLICABLE_BOTH_BOUNDS
20260811_155000_stage_B_2C_30day_full_final,pass_1,24,22,solar,1,PP,"PP(24,1,22)",0,0,zero_availability,NOT_APPLICABLE_BOTH_BOUNDS
20260811_155000_stage_B_2C_30day_full_final,pass_1,24,22,solar,2,PP,"PP(24,2,22)",0,0,zero_availability,NOT_APPLICABLE_BOTH_BOUNDS
20260811_155000_stage_B_2C_30day_full_final,pass_1,24,22,solar,3,PP,"PP(24,3,22)",0,0,zero_availability,NOT_APPLICABLE_BOTH_BOUNDS
20260811_155000_stage_B_2C_30day_full_final,pass_1,24,22,solar,4,PP,"PP(24,4,22)",0,0,zero_availability,NOT_APPLICABLE_BOTH_BOUNDS
20260811_155000_stage_B_2C_30day_full_final,pass_1,24,22,solar,5,PP,"PP(24,5,22)",0,0,zero_availability,NOT_APPLICABLE_BOTH_BOUNDS
20260811_155000_stage_B_2C_30day_full_final,pass_1,24,23,solar,1,PP,"PP(24,1,23)",0,0,zero_availability,NOT_APPLICABLE_BOTH_BOUNDS
20260811_155000_stage_B_2C_30day_full_final,pass_1,24,23,solar,2,PP,"PP(24,2,23)",0,0,zero_availability,NOT_APPLICABLE_BOTH_BOUNDS
20260811_155000_stage_B_2C_30day_full_final,pass_1,24,23,solar,3,PP,"PP(24,3,23)",0,0,zero_availability,NOT_APPLICABLE_BOTH_BOUNDS
20260811_155000_stage_B_2C_30day_full_final,pass_1,24,23,solar,4,PP,"PP(24,4,23)",0,0,zero_availability,NOT_APPLICABLE_BOTH_BOUNDS
20260811_155000_stage_B_2C_30day_full_final,pass_1,24,23,solar,5,PP,"PP(24,5,23)",0,0,zero_availability,NOT_APPLICABLE_BOTH_BOUNDS
20260811_155000_stage_B_2C_30day_full_final,pass_1,24,24,solar,1,PP,"PP(24,1,24)",0,0,zero_availability,NOT_APPLICABLE_BOTH_BOUNDS
20260811_155000_stage_B_2C_30day_full_final,pass_1,24,24,solar,2,PP,"PP(24,2,24)",0,0,zero_availability,NOT_APPLICABLE_BOTH_BOUNDS
20260811_155000_stage_B_2C_30day_full_final,pass_1,24,24,solar,3,PP,"PP(24,3,24)",0,0,zero_availability,NOT_APPLICABLE_BOTH_BOUNDS
20260811_155000_stage_B_2C_30day_full_final,pass_1,24,24,solar,4,PP,"PP(24,4,24)",0,0,zero_availability,NOT_APPLICABLE_BOTH_BOUNDS
20260811_155000_stage_B_2C_30day_full_final,pass_1,24,24,solar,5,PP,"PP(24,5,24)",0,0,zero_availability,NOT_APPLICABLE_BOTH_BOUNDS
20260811_155000_stage_B_2C_30day_full_final,pass_1,25,1,solar,1,PP,"PP(25,1,1)",0,0,zero_availability,NOT_APPLICABLE_BOTH_BOUNDS
20260811_155000_stage_B_2C_30day_full_final,pass_1,25,1,solar,2,PP,"PP(25,2,1)",0,0,zero_availability,NOT_APPLICABLE_BOTH_BOUNDS
20260811_155000_stage_B_2C_30day_full_final,pass_1,25,1,solar,3,PP,"PP(25,3,1)",0,0,zero_availability,NOT_APPLICABLE_BOTH_BOUNDS
20260811_155000_stage_B_2C_30day_full_final,pass_1,25,1,solar,4,PP,"PP(25,4,1)",0,0,zero_availability,NOT_APPLICABLE_BOTH_BOUNDS
20260811_155000_stage_B_2C_30day_full_final,pass_1,25,1,solar,5,PP,"PP(25,5,1)",0,0,zero_availability,NOT_APPLICABLE_BOTH_BOUNDS
20260811_155000_stage_B_2C_30day_full_final,pass_1,25,2,solar,1,PP,"PP(25,1,2)",0,0,zero_availability,NOT_APPLICABLE_BOTH_BOUNDS
20260811_155000_stage_B_2C_30day_full_final,pass_1,25,2,solar,2,PP,"PP(25,2,2)",0,0,zero_availability,NOT_APPLICABLE_BOTH_BOUNDS
20260811_155000_stage_B_2C_30day_full_final,pass_1,25,2,solar,3,PP,"PP(25,3,2)",0,0,zero_availability,NOT_APPLICABLE_BOTH_BOUNDS
20260811_155000_stage_B_2C_30day_full_final,pass_1,25,2,solar,4,PP,"PP(25,4,2)",0,0,zero_availability,NOT_APPLICABLE_BOTH_BOUNDS
20260811_155000_stage_B_2C_30day_full_final,pass_1,25,2,solar,5,PP,"PP(25,5,2)",0,0,zero_availability,NOT_APPLICABLE_BOTH_BOUNDS
20260811_155000_stage_B_2C_30day_full_final,pass_1,25,3,solar,1,PP,"PP(25,1,3)",0,0,zero_availability,NOT_APPLICABLE_BOTH_BOUNDS
20260811_155000_stage_B_2C_30day_full_final,pass_1,25,3,solar,2,PP,"PP(25,2,3)",0,0,zero_availability,NOT_APPLICABLE_BOTH_BOUNDS
20260811_155000_stage_B_2C_30day_full_final,pass_1,25,3,solar,3,PP,"PP(25,3,3)",0,0,zero_availability,NOT_APPLICABLE_BOTH_BOUNDS
20260811_155000_stage_B_2C_30day_full_final,pass_1,25,3,solar,4,PP,"PP(25,4,3)",0,0,zero_availability,NOT_APPLICABLE_BOTH_BOUNDS
20260811_155000_stage_B_2C_30day_full_final,pass_1,25,3,solar,5,PP,"PP(25,5,3)",0,0,zero_availability,NOT_APPLICABLE_BOTH_BOUNDS
20260811_155000_stage_B_2C_30day_full_final,pass_1,25,4,solar,1,PP,"PP(25,1,4)",0,0,zero_availability,NOT_APPLICABLE_BOTH_BOUNDS
20260811_155000_stage_B_2C_30day_full_final,pass_1,25,4,solar,2,PP,"PP(25,2,4)",0,0,zero_availability,NOT_APPLICABLE_BOTH_BOUNDS
20260811_155000_stage_B_2C_30day_full_final,pass_1,25,4,solar,3,PP,"PP(25,3,4)",0,0,zero_availability,NOT_APPLICABLE_BOTH_BOUNDS
20260811_155000_stage_B_2C_30day_full_final,pass_1,25,4,solar,4,PP,"PP(25,4,4)",0,0,zero_availability,NOT_APPLICABLE_BOTH_BOUNDS
20260811_155000_stage_B_2C_30day_full_final,pass_1,25,4,solar,5,PP,"PP(25,5,4)",0,0,zero_availability,NOT_APPLICABLE_BOTH_BOUNDS
20260811_155000_stage_B_2C_30day_full_final,pass_1,25,5,solar,1,PP,"PP(25,1,5)",0,0,zero_availability,NOT_APPLICABLE_BOTH_BOUNDS
20260811_155000_stage_B_2C_30day_full_final,pass_1,25,5,solar,2,PP,"PP(25,2,5)",0,0,zero_availability,NOT_APPLICABLE_BOTH_BOUNDS
20260811_155000_stage_B_2C_30day_full_final,pass_1,25,5,solar,3,PP,"PP(25,3,5)",0,0,zero_availability,NOT_APPLICABLE_BOTH_BOUNDS
20260811_155000_stage_B_2C_30day_full_final,pass_1,25,5,solar,4,PP,"PP(25,4,5)",0,0,zero_availability,NOT_APPLICABLE_BOTH_BOUNDS
20260811_155000_stage_B_2C_30day_full_final,pass_1,25,5,solar,5,PP,"PP(25,5,5)",0,0,zero_availability,NOT_APPLICABLE_BOTH_BOUNDS
20260811_155000_stage_B_2C_30day_full_final,pass_1,25,6,solar,1,PP,"PP(25,1,6)",0,0,zero_availability,NOT_APPLICABLE_BOTH_BOUNDS
20260811_155000_stage_B_2C_30day_full_final,pass_1,25,6,solar,2,PP,"PP(25,2,6)",0,0,zero_availability,NOT_APPLICABLE_BOTH_BOUNDS
20260811_155000_stage_B_2C_30day_full_final,pass_1,25,6,solar,3,PP,"PP(25,3,6)",0,0,zero_availability,NOT_APPLICABLE_BOTH_BOUNDS
20260811_155000_stage_B_2C_30day_full_final,pass_1,25,6,solar,4,PP,"PP(25,4,6)",0,0,zero_availability,NOT_APPLICABLE_BOTH_BOUNDS
20260811_155000_stage_B_2C_30day_full_final,pass_1,25,6,solar,5,PP,"PP(25,5,6)",0,0,zero_availability,NOT_APPLICABLE_BOTH_BOUNDS
20260811_155000_stage_B_2C_30day_full_final,pass_1,25,7,solar,1,PP,"PP(25,1,7)",0,0,zero_availability,NOT_APPLICABLE_BOTH_BOUNDS
20260811_155000_stage_B_2C_30day_full_final,pass_1,25,7,solar,2,PP,"PP(25,2,7)",0,0,zero_availability,NOT_APPLICABLE_BOTH_BOUNDS
20260811_155000_stage_B_2C_30day_full_final,pass_1,25,7,solar,3,PP,"PP(25,3,7)",0,0,zero_availability,NOT_APPLICABLE_BOTH_BOUNDS
20260811_155000_stage_B_2C_30day_full_final,pass_1,25,7,solar,4,PP,"PP(25,4,7)",0,0,zero_availability,NOT_APPLICABLE_BOTH_BOUNDS
20260811_155000_stage_B_2C_30day_full_final,pass_1,25,7,solar,5,PP,"PP(25,5,7)",0,0,zero_availability,NOT_APPLICABLE_BOTH_BOUNDS
20260811_155000_stage_B_2C_30day_full_final,pass_1,25,19,wind,5,PW,"PW(25,5,19)",0,0,zero_availability,NOT_APPLICABLE_BOTH_BOUNDS
20260811_155000_stage_B_2C_30day_full_final,pass_1,25,20,solar,1,PP,"PP(25,1,20)",0,0,zero_availability,NOT_APPLICABLE_BOTH_BOUNDS
20260811_155000_stage_B_2C_30day_full_final,pass_1,25,20,solar,2,PP,"PP(25,2,20)",0,0,zero_availability,NOT_APPLICABLE_BOTH_BOUNDS
20260811_155000_stage_B_2C_30day_full_final,pass_1,25,20,solar,3,PP,"PP(25,3,20)",0,0,zero_availability,NOT_APPLICABLE_BOTH_BOUNDS
20260811_155000_stage_B_2C_30day_full_final,pass_1,25,20,solar,4,PP,"PP(25,4,20)",0,0,zero_availability,NOT_APPLICABLE_BOTH_BOUNDS
20260811_155000_stage_B_2C_30day_full_final,pass_1,25,20,solar,5,PP,"PP(25,5,20)",0,0,zero_availability,NOT_APPLICABLE_BOTH_BOUNDS
20260811_155000_stage_B_2C_30day_full_final,pass_1,25,21,solar,1,PP,"PP(25,1,21)",0,0,zero_availability,NOT_APPLICABLE_BOTH_BOUNDS
20260811_155000_stage_B_2C_30day_full_final,pass_1,25,21,solar,2,PP,"PP(25,2,21)",0,0,zero_availability,NOT_APPLICABLE_BOTH_BOUNDS
20260811_155000_stage_B_2C_30day_full_final,pass_1,25,21,solar,3,PP,"PP(25,3,21)",0,0,zero_availability,NOT_APPLICABLE_BOTH_BOUNDS
20260811_155000_stage_B_2C_30day_full_final,pass_1,25,21,solar,4,PP,"PP(25,4,21)",0,0,zero_availability,NOT_APPLICABLE_BOTH_BOUNDS
20260811_155000_stage_B_2C_30day_full_final,pass_1,25,21,solar,5,PP,"PP(25,5,21)",0,0,zero_availability,NOT_APPLICABLE_BOTH_BOUNDS
20260811_155000_stage_B_2C_30day_full_final,pass_1,25,22,solar,1,PP,"PP(25,1,22)",0,0,zero_availability,NOT_APPLICABLE_BOTH_BOUNDS
20260811_155000_stage_B_2C_30day_full_final,pass_1,25,22,solar,2,PP,"PP(25,2,22)",0,0,zero_availability,NOT_APPLICABLE_BOTH_BOUNDS
20260811_155000_stage_B_2C_30day_full_final,pass_1,25,22,solar,3,PP,"PP(25,3,22)",0,0,zero_availability,NOT_APPLICABLE_BOTH_BOUNDS
20260811_155000_stage_B_2C_30day_full_final,pass_1,25,22,solar,4,PP,"PP(25,4,22)",0,0,zero_availability,NOT_APPLICABLE_BOTH_BOUNDS
20260811_155000_stage_B_2C_30day_full_final,pass_1,25,22,solar,5,PP,"PP(25,5,22)",0,0,zero_availability,NOT_APPLICABLE_BOTH_BOUNDS
20260811_155000_stage_B_2C_30day_full_final,pass_1,25,23,solar,1,PP,"PP(25,1,23)",0,0,zero_availability,NOT_APPLICABLE_BOTH_BOUNDS
20260811_155000_stage_B_2C_30day_full_final,pass_1,25,23,solar,2,PP,"PP(25,2,23)",0,0,zero_availability,NOT_APPLICABLE_BOTH_BOUNDS
20260811_155000_stage_B_2C_30day_full_final,pass_1,25,23,solar,3,PP,"PP(25,3,23)",0,0,zero_availability,NOT_APPLICABLE_BOTH_BOUNDS
20260811_155000_stage_B_2C_30day_full_final,pass_1,25,23,solar,4,PP,"PP(25,4,23)",0,0,zero_availability,NOT_APPLICABLE_BOTH_BOUNDS
20260811_155000_stage_B_2C_30day_full_final,pass_1,25,23,solar,5,PP,"PP(25,5,23)",0,0,zero_availability,NOT_APPLICABLE_BOTH_BOUNDS
20260811_155000_stage_B_2C_30day_full_final,pass_1,25,24,solar,1,PP,"PP(25,1,24)",0,0,zero_availability,NOT_APPLICABLE_BOTH_BOUNDS
20260811_155000_stage_B_2C_30day_full_final,pass_1,25,24,solar,2,PP,"PP(25,2,24)",0,0,zero_availability,NOT_APPLICABLE_BOTH_BOUNDS
20260811_155000_stage_B_2C_30day_full_final,pass_1,25,24,solar,3,PP,"PP(25,3,24)",0,0,zero_availability,NOT_APPLICABLE_BOTH_BOUNDS
20260811_155000_stage_B_2C_30day_full_final,pass_1,25,24,solar,4,PP,"PP(25,4,24)",0,0,zero_availability,NOT_APPLICABLE_BOTH_BOUNDS
20260811_155000_stage_B_2C_30day_full_final,pass_1,25,24,solar,5,PP,"PP(25,5,24)",0,0,zero_availability,NOT_APPLICABLE_BOTH_BOUNDS
20260811_155000_stage_B_2C_30day_full_final,pass_1,26,1,solar,1,PP,"PP(26,1,1)",0,0,zero_availability,NOT_APPLICABLE_BOTH_BOUNDS
20260811_155000_stage_B_2C_30day_full_final,pass_1,26,1,solar,2,PP,"PP(26,2,1)",0,0,zero_availability,NOT_APPLICABLE_BOTH_BOUNDS
20260811_155000_stage_B_2C_30day_full_final,pass_1,26,1,solar,3,PP,"PP(26,3,1)",0,0,zero_availability,NOT_APPLICABLE_BOTH_BOUNDS
20260811_155000_stage_B_2C_30day_full_final,pass_1,26,1,solar,4,PP,"PP(26,4,1)",0,0,zero_availability,NOT_APPLICABLE_BOTH_BOUNDS
20260811_155000_stage_B_2C_30day_full_final,pass_1,26,1,solar,5,PP,"PP(26,5,1)",0,0,zero_availability,NOT_APPLICABLE_BOTH_BOUNDS
20260811_155000_stage_B_2C_30day_full_final,pass_1,26,2,solar,1,PP,"PP(26,1,2)",0,0,zero_availability,NOT_APPLICABLE_BOTH_BOUNDS
20260811_155000_stage_B_2C_30day_full_final,pass_1,26,2,solar,2,PP,"PP(26,2,2)",0,0,zero_availability,NOT_APPLICABLE_BOTH_BOUNDS
20260811_155000_stage_B_2C_30day_full_final,pass_1,26,2,solar,3,PP,"PP(26,3,2)",0,0,zero_availability,NOT_APPLICABLE_BOTH_BOUNDS
20260811_155000_stage_B_2C_30day_full_final,pass_1,26,2,solar,4,PP,"PP(26,4,2)",0,0,zero_availability,NOT_APPLICABLE_BOTH_BOUNDS
20260811_155000_stage_B_2C_30day_full_final,pass_1,26,2,solar,5,PP,"PP(26,5,2)",0,0,zero_availability,NOT_APPLICABLE_BOTH_BOUNDS
20260811_155000_stage_B_2C_30day_full_final,pass_1,26,3,solar,1,PP,"PP(26,1,3)",0,0,zero_availability,NOT_APPLICABLE_BOTH_BOUNDS
20260811_155000_stage_B_2C_30day_full_final,pass_1,26,3,solar,2,PP,"PP(26,2,3)",0,0,zero_availability,NOT_APPLICABLE_BOTH_BOUNDS
20260811_155000_stage_B_2C_30day_full_final,pass_1,26,3,solar,3,PP,"PP(26,3,3)",0,0,zero_availability,NOT_APPLICABLE_BOTH_BOUNDS
20260811_155000_stage_B_2C_30day_full_final,pass_1,26,3,solar,4,PP,"PP(26,4,3)",0,0,zero_availability,NOT_APPLICABLE_BOTH_BOUNDS
20260811_155000_stage_B_2C_30day_full_final,pass_1,26,3,solar,5,PP,"PP(26,5,3)",0,0,zero_availability,NOT_APPLICABLE_BOTH_BOUNDS
20260811_155000_stage_B_2C_30day_full_final,pass_1,26,4,solar,1,PP,"PP(26,1,4)",0,0,zero_availability,NOT_APPLICABLE_BOTH_BOUNDS
20260811_155000_stage_B_2C_30day_full_final,pass_1,26,4,solar,2,PP,"PP(26,2,4)",0,0,zero_availability,NOT_APPLICABLE_BOTH_BOUNDS
20260811_155000_stage_B_2C_30day_full_final,pass_1,26,4,solar,3,PP,"PP(26,3,4)",0,0,zero_availability,NOT_APPLICABLE_BOTH_BOUNDS
20260811_155000_stage_B_2C_30day_full_final,pass_1,26,4,solar,4,PP,"PP(26,4,4)",0,0,zero_availability,NOT_APPLICABLE_BOTH_BOUNDS
20260811_155000_stage_B_2C_30day_full_final,pass_1,26,4,solar,5,PP,"PP(26,5,4)",0,0,zero_availability,NOT_APPLICABLE_BOTH_BOUNDS
20260811_155000_stage_B_2C_30day_full_final,pass_1,26,5,solar,1,PP,"PP(26,1,5)",0,0,zero_availability,NOT_APPLICABLE_BOTH_BOUNDS
20260811_155000_stage_B_2C_30day_full_final,pass_1,26,5,solar,2,PP,"PP(26,2,5)",0,0,zero_availability,NOT_APPLICABLE_BOTH_BOUNDS
20260811_155000_stage_B_2C_30day_full_final,pass_1,26,5,solar,3,PP,"PP(26,3,5)",0,0,zero_availability,NOT_APPLICABLE_BOTH_BOUNDS
20260811_155000_stage_B_2C_30day_full_final,pass_1,26,5,solar,4,PP,"PP(26,4,5)",0,0,zero_availability,NOT_APPLICABLE_BOTH_BOUNDS
20260811_155000_stage_B_2C_30day_full_final,pass_1,26,5,solar,5,PP,"PP(26,5,5)",0,0,zero_availability,NOT_APPLICABLE_BOTH_BOUNDS
20260811_155000_stage_B_2C_30day_full_final,pass_1,26,6,solar,1,PP,"PP(26,1,6)",0,0,zero_availability,NOT_APPLICABLE_BOTH_BOUNDS
20260811_155000_stage_B_2C_30day_full_final,pass_1,26,6,solar,2,PP,"PP(26,2,6)",0,0,zero_availability,NOT_APPLICABLE_BOTH_BOUNDS
20260811_155000_stage_B_2C_30day_full_final,pass_1,26,6,solar,3,PP,"PP(26,3,6)",0,0,zero_availability,NOT_APPLICABLE_BOTH_BOUNDS
20260811_155000_stage_B_2C_30day_full_final,pass_1,26,6,solar,4,PP,"PP(26,4,6)",0,0,zero_availability,NOT_APPLICABLE_BOTH_BOUNDS
20260811_155000_stage_B_2C_30day_full_final,pass_1,26,6,solar,5,PP,"PP(26,5,6)",0,0,zero_availability,NOT_APPLICABLE_BOTH_BOUNDS
20260811_155000_stage_B_2C_30day_full_final,pass_1,26,7,solar,1,PP,"PP(26,1,7)",0,0,zero_availability,NOT_APPLICABLE_BOTH_BOUNDS
20260811_155000_stage_B_2C_30day_full_final,pass_1,26,7,solar,2,PP,"PP(26,2,7)",0,0,zero_availability,NOT_APPLICABLE_BOTH_BOUNDS
20260811_155000_stage_B_2C_30day_full_final,pass_1,26,7,solar,3,PP,"PP(26,3,7)",0,0,zero_availability,NOT_APPLICABLE_BOTH_BOUNDS
20260811_155000_stage_B_2C_30day_full_final,pass_1,26,7,solar,4,PP,"PP(26,4,7)",0,0,zero_availability,NOT_APPLICABLE_BOTH_BOUNDS
20260811_155000_stage_B_2C_30day_full_final,pass_1,26,7,solar,5,PP,"PP(26,5,7)",0,0,zero_availability,NOT_APPLICABLE_BOTH_BOUNDS
20260811_155000_stage_B_2C_30day_full_final,pass_1,26,20,solar,1,PP,"PP(26,1,20)",0,0,zero_availability,NOT_APPLICABLE_BOTH_BOUNDS
20260811_155000_stage_B_2C_30day_full_final,pass_1,26,20,solar,2,PP,"PP(26,2,20)",0,0,zero_availability,NOT_APPLICABLE_BOTH_BOUNDS
20260811_155000_stage_B_2C_30day_full_final,pass_1,26,20,solar,3,PP,"PP(26,3,20)",0,0,zero_availability,NOT_APPLICABLE_BOTH_BOUNDS
20260811_155000_stage_B_2C_30day_full_final,pass_1,26,20,solar,4,PP,"PP(26,4,20)",0,0,zero_availability,NOT_APPLICABLE_BOTH_BOUNDS
20260811_155000_stage_B_2C_30day_full_final,pass_1,26,20,solar,5,PP,"PP(26,5,20)",0,0,zero_availability,NOT_APPLICABLE_BOTH_BOUNDS
20260811_155000_stage_B_2C_30day_full_final,pass_1,26,21,solar,1,PP,"PP(26,1,21)",0,0,zero_availability,NOT_APPLICABLE_BOTH_BOUNDS
20260811_155000_stage_B_2C_30day_full_final,pass_1,26,21,solar,2,PP,"PP(26,2,21)",0,0,zero_availability,NOT_APPLICABLE_BOTH_BOUNDS
20260811_155000_stage_B_2C_30day_full_final,pass_1,26,21,solar,3,PP,"PP(26,3,21)",0,0,zero_availability,NOT_APPLICABLE_BOTH_BOUNDS
20260811_155000_stage_B_2C_30day_full_final,pass_1,26,21,solar,4,PP,"PP(26,4,21)",0,0,zero_availability,NOT_APPLICABLE_BOTH_BOUNDS
20260811_155000_stage_B_2C_30day_full_final,pass_1,26,21,solar,5,PP,"PP(26,5,21)",0,0,zero_availability,NOT_APPLICABLE_BOTH_BOUNDS
20260811_155000_stage_B_2C_30day_full_final,pass_1,26,22,solar,1,PP,"PP(26,1,22)",0,0,zero_availability,NOT_APPLICABLE_BOTH_BOUNDS
20260811_155000_stage_B_2C_30day_full_final,pass_1,26,22,solar,2,PP,"PP(26,2,22)",0,0,zero_availability,NOT_APPLICABLE_BOTH_BOUNDS
20260811_155000_stage_B_2C_30day_full_final,pass_1,26,22,solar,3,PP,"PP(26,3,22)",0,0,zero_availability,NOT_APPLICABLE_BOTH_BOUNDS
20260811_155000_stage_B_2C_30day_full_final,pass_1,26,22,solar,4,PP,"PP(26,4,22)",0,0,zero_availability,NOT_APPLICABLE_BOTH_BOUNDS
20260811_155000_stage_B_2C_30day_full_final,pass_1,26,22,solar,5,PP,"PP(26,5,22)",0,0,zero_availability,NOT_APPLICABLE_BOTH_BOUNDS
20260811_155000_stage_B_2C_30day_full_final,pass_1,26,23,solar,1,PP,"PP(26,1,23)",0,0,zero_availability,NOT_APPLICABLE_BOTH_BOUNDS
20260811_155000_stage_B_2C_30day_full_final,pass_1,26,23,solar,2,PP,"PP(26,2,23)",0,0,zero_availability,NOT_APPLICABLE_BOTH_BOUNDS
20260811_155000_stage_B_2C_30day_full_final,pass_1,26,23,solar,3,PP,"PP(26,3,23)",0,0,zero_availability,NOT_APPLICABLE_BOTH_BOUNDS
20260811_155000_stage_B_2C_30day_full_final,pass_1,26,23,solar,4,PP,"PP(26,4,23)",0,0,zero_availability,NOT_APPLICABLE_BOTH_BOUNDS
20260811_155000_stage_B_2C_30day_full_final,pass_1,26,23,solar,5,PP,"PP(26,5,23)",0,0,zero_availability,NOT_APPLICABLE_BOTH_BOUNDS
20260811_155000_stage_B_2C_30day_full_final,pass_1,26,24,solar,1,PP,"PP(26,1,24)",0,0,zero_availability,NOT_APPLICABLE_BOTH_BOUNDS
20260811_155000_stage_B_2C_30day_full_final,pass_1,26,24,solar,2,PP,"PP(26,2,24)",0,0,zero_availability,NOT_APPLICABLE_BOTH_BOUNDS
20260811_155000_stage_B_2C_30day_full_final,pass_1,26,24,solar,3,PP,"PP(26,3,24)",0,0,zero_availability,NOT_APPLICABLE_BOTH_BOUNDS
20260811_155000_stage_B_2C_30day_full_final,pass_1,26,24,solar,4,PP,"PP(26,4,24)",0,0,zero_availability,NOT_APPLICABLE_BOTH_BOUNDS
20260811_155000_stage_B_2C_30day_full_final,pass_1,26,24,solar,5,PP,"PP(26,5,24)",0,0,zero_availability,NOT_APPLICABLE_BOTH_BOUNDS
20260811_155000_stage_B_2C_30day_full_final,pass_1,27,1,solar,1,PP,"PP(27,1,1)",0,0,zero_availability,NOT_APPLICABLE_BOTH_BOUNDS
20260811_155000_stage_B_2C_30day_full_final,pass_1,27,1,solar,2,PP,"PP(27,2,1)",0,0,zero_availability,NOT_APPLICABLE_BOTH_BOUNDS
20260811_155000_stage_B_2C_30day_full_final,pass_1,27,1,solar,3,PP,"PP(27,3,1)",0,0,zero_availability,NOT_APPLICABLE_BOTH_BOUNDS
20260811_155000_stage_B_2C_30day_full_final,pass_1,27,1,solar,4,PP,"PP(27,4,1)",0,0,zero_availability,NOT_APPLICABLE_BOTH_BOUNDS
20260811_155000_stage_B_2C_30day_full_final,pass_1,27,1,solar,5,PP,"PP(27,5,1)",0,0,zero_availability,NOT_APPLICABLE_BOTH_BOUNDS
20260811_155000_stage_B_2C_30day_full_final,pass_1,27,2,solar,1,PP,"PP(27,1,2)",0,0,zero_availability,NOT_APPLICABLE_BOTH_BOUNDS
20260811_155000_stage_B_2C_30day_full_final,pass_1,27,2,solar,2,PP,"PP(27,2,2)",0,0,zero_availability,NOT_APPLICABLE_BOTH_BOUNDS
20260811_155000_stage_B_2C_30day_full_final,pass_1,27,2,solar,3,PP,"PP(27,3,2)",0,0,zero_availability,NOT_APPLICABLE_BOTH_BOUNDS
20260811_155000_stage_B_2C_30day_full_final,pass_1,27,2,solar,4,PP,"PP(27,4,2)",0,0,zero_availability,NOT_APPLICABLE_BOTH_BOUNDS
20260811_155000_stage_B_2C_30day_full_final,pass_1,27,2,solar,5,PP,"PP(27,5,2)",0,0,zero_availability,NOT_APPLICABLE_BOTH_BOUNDS
20260811_155000_stage_B_2C_30day_full_final,pass_1,27,3,solar,1,PP,"PP(27,1,3)",0,0,zero_availability,NOT_APPLICABLE_BOTH_BOUNDS
20260811_155000_stage_B_2C_30day_full_final,pass_1,27,3,solar,2,PP,"PP(27,2,3)",0,0,zero_availability,NOT_APPLICABLE_BOTH_BOUNDS
20260811_155000_stage_B_2C_30day_full_final,pass_1,27,3,solar,3,PP,"PP(27,3,3)",0,0,zero_availability,NOT_APPLICABLE_BOTH_BOUNDS
20260811_155000_stage_B_2C_30day_full_final,pass_1,27,3,solar,4,PP,"PP(27,4,3)",0,0,zero_availability,NOT_APPLICABLE_BOTH_BOUNDS
20260811_155000_stage_B_2C_30day_full_final,pass_1,27,3,solar,5,PP,"PP(27,5,3)",0,0,zero_availability,NOT_APPLICABLE_BOTH_BOUNDS
20260811_155000_stage_B_2C_30day_full_final,pass_1,27,4,solar,1,PP,"PP(27,1,4)",0,0,zero_availability,NOT_APPLICABLE_BOTH_BOUNDS
20260811_155000_stage_B_2C_30day_full_final,pass_1,27,4,solar,2,PP,"PP(27,2,4)",0,0,zero_availability,NOT_APPLICABLE_BOTH_BOUNDS
20260811_155000_stage_B_2C_30day_full_final,pass_1,27,4,solar,3,PP,"PP(27,3,4)",0,0,zero_availability,NOT_APPLICABLE_BOTH_BOUNDS
20260811_155000_stage_B_2C_30day_full_final,pass_1,27,4,solar,4,PP,"PP(27,4,4)",0,0,zero_availability,NOT_APPLICABLE_BOTH_BOUNDS
20260811_155000_stage_B_2C_30day_full_final,pass_1,27,4,solar,5,PP,"PP(27,5,4)",0,0,zero_availability,NOT_APPLICABLE_BOTH_BOUNDS
20260811_155000_stage_B_2C_30day_full_final,pass_1,27,5,solar,1,PP,"PP(27,1,5)",0,0,zero_availability,NOT_APPLICABLE_BOTH_BOUNDS
20260811_155000_stage_B_2C_30day_full_final,pass_1,27,5,solar,2,PP,"PP(27,2,5)",0,0,zero_availability,NOT_APPLICABLE_BOTH_BOUNDS
20260811_155000_stage_B_2C_30day_full_final,pass_1,27,5,solar,3,PP,"PP(27,3,5)",0,0,zero_availability,NOT_APPLICABLE_BOTH_BOUNDS
20260811_155000_stage_B_2C_30day_full_final,pass_1,27,5,solar,4,PP,"PP(27,4,5)",0,0,zero_availability,NOT_APPLICABLE_BOTH_BOUNDS
20260811_155000_stage_B_2C_30day_full_final,pass_1,27,5,solar,5,PP,"PP(27,5,5)",0,0,zero_availability,NOT_APPLICABLE_BOTH_BOUNDS
20260811_155000_stage_B_2C_30day_full_final,pass_1,27,6,solar,1,PP,"PP(27,1,6)",0,0,zero_availability,NOT_APPLICABLE_BOTH_BOUNDS
20260811_155000_stage_B_2C_30day_full_final,pass_1,27,6,solar,2,PP,"PP(27,2,6)",0,0,zero_availability,NOT_APPLICABLE_BOTH_BOUNDS
20260811_155000_stage_B_2C_30day_full_final,pass_1,27,6,solar,3,PP,"PP(27,3,6)",0,0,zero_availability,NOT_APPLICABLE_BOTH_BOUNDS
20260811_155000_stage_B_2C_30day_full_final,pass_1,27,6,solar,4,PP,"PP(27,4,6)",0,0,zero_availability,NOT_APPLICABLE_BOTH_BOUNDS
20260811_155000_stage_B_2C_30day_full_final,pass_1,27,6,solar,5,PP,"PP(27,5,6)",0,0,zero_availability,NOT_APPLICABLE_BOTH_BOUNDS
20260811_155000_stage_B_2C_30day_full_final,pass_1,27,7,solar,1,PP,"PP(27,1,7)",0,0,zero_availability,NOT_APPLICABLE_BOTH_BOUNDS
20260811_155000_stage_B_2C_30day_full_final,pass_1,27,7,solar,2,PP,"PP(27,2,7)",0,0,zero_availability,NOT_APPLICABLE_BOTH_BOUNDS
20260811_155000_stage_B_2C_30day_full_final,pass_1,27,7,solar,3,PP,"PP(27,3,7)",0,0,zero_availability,NOT_APPLICABLE_BOTH_BOUNDS
20260811_155000_stage_B_2C_30day_full_final,pass_1,27,7,solar,4,PP,"PP(27,4,7)",0,0,zero_availability,NOT_APPLICABLE_BOTH_BOUNDS
20260811_155000_stage_B_2C_30day_full_final,pass_1,27,7,solar,5,PP,"PP(27,5,7)",0,0,zero_availability,NOT_APPLICABLE_BOTH_BOUNDS
20260811_155000_stage_B_2C_30day_full_final,pass_1,27,20,solar,1,PP,"PP(27,1,20)",0,0,zero_availability,NOT_APPLICABLE_BOTH_BOUNDS
20260811_155000_stage_B_2C_30day_full_final,pass_1,27,20,solar,2,PP,"PP(27,2,20)",0,0,zero_availability,NOT_APPLICABLE_BOTH_BOUNDS
20260811_155000_stage_B_2C_30day_full_final,pass_1,27,20,solar,3,PP,"PP(27,3,20)",0,0,zero_availability,NOT_APPLICABLE_BOTH_BOUNDS
20260811_155000_stage_B_2C_30day_full_final,pass_1,27,20,solar,4,PP,"PP(27,4,20)",0,0,zero_availability,NOT_APPLICABLE_BOTH_BOUNDS
20260811_155000_stage_B_2C_30day_full_final,pass_1,27,20,solar,5,PP,"PP(27,5,20)",0,0,zero_availability,NOT_APPLICABLE_BOTH_BOUNDS
20260811_155000_stage_B_2C_30day_full_final,pass_1,27,21,solar,1,PP,"PP(27,1,21)",0,0,zero_availability,NOT_APPLICABLE_BOTH_BOUNDS
20260811_155000_stage_B_2C_30day_full_final,pass_1,27,21,solar,2,PP,"PP(27,2,21)",0,0,zero_availability,NOT_APPLICABLE_BOTH_BOUNDS
20260811_155000_stage_B_2C_30day_full_final,pass_1,27,21,solar,3,PP,"PP(27,3,21)",0,0,zero_availability,NOT_APPLICABLE_BOTH_BOUNDS
20260811_155000_stage_B_2C_30day_full_final,pass_1,27,21,solar,4,PP,"PP(27,4,21)",0,0,zero_availability,NOT_APPLICABLE_BOTH_BOUNDS
20260811_155000_stage_B_2C_30day_full_final,pass_1,27,21,solar,5,PP,"PP(27,5,21)",0,0,zero_availability,NOT_APPLICABLE_BOTH_BOUNDS
20260811_155000_stage_B_2C_30day_full_final,pass_1,27,22,solar,1,PP,"PP(27,1,22)",0,0,zero_availability,NOT_APPLICABLE_BOTH_BOUNDS
20260811_155000_stage_B_2C_30day_full_final,pass_1,27,22,solar,2,PP,"PP(27,2,22)",0,0,zero_availability,NOT_APPLICABLE_BOTH_BOUNDS
20260811_155000_stage_B_2C_30day_full_final,pass_1,27,22,solar,3,PP,"PP(27,3,22)",0,0,zero_availability,NOT_APPLICABLE_BOTH_BOUNDS
20260811_155000_stage_B_2C_30day_full_final,pass_1,27,22,solar,4,PP,"PP(27,4,22)",0,0,zero_availability,NOT_APPLICABLE_BOTH_BOUNDS
20260811_155000_stage_B_2C_30day_full_final,pass_1,27,22,solar,5,PP,"PP(27,5,22)",0,0,zero_availability,NOT_APPLICABLE_BOTH_BOUNDS
20260811_155000_stage_B_2C_30day_full_final,pass_1,27,23,solar,1,PP,"PP(27,1,23)",0,0,zero_availability,NOT_APPLICABLE_BOTH_BOUNDS
20260811_155000_stage_B_2C_30day_full_final,pass_1,27,23,solar,2,PP,"PP(27,2,23)",0,0,zero_availability,NOT_APPLICABLE_BOTH_BOUNDS
20260811_155000_stage_B_2C_30day_full_final,pass_1,27,23,solar,3,PP,"PP(27,3,23)",0,0,zero_availability,NOT_APPLICABLE_BOTH_BOUNDS
20260811_155000_stage_B_2C_30day_full_final,pass_1,27,23,solar,4,PP,"PP(27,4,23)",0,0,zero_availability,NOT_APPLICABLE_BOTH_BOUNDS
20260811_155000_stage_B_2C_30day_full_final,pass_1,27,23,solar,5,PP,"PP(27,5,23)",0,0,zero_availability,NOT_APPLICABLE_BOTH_BOUNDS
20260811_155000_stage_B_2C_30day_full_final,pass_1,27,24,solar,1,PP,"PP(27,1,24)",0,0,zero_availability,NOT_APPLICABLE_BOTH_BOUNDS
20260811_155000_stage_B_2C_30day_full_final,pass_1,27,24,solar,2,PP,"PP(27,2,24)",0,0,zero_availability,NOT_APPLICABLE_BOTH_BOUNDS
20260811_155000_stage_B_2C_30day_full_final,pass_1,27,24,solar,3,PP,"PP(27,3,24)",0,0,zero_availability,NOT_APPLICABLE_BOTH_BOUNDS
20260811_155000_stage_B_2C_30day_full_final,pass_1,27,24,solar,4,PP,"PP(27,4,24)",0,0,zero_availability,NOT_APPLICABLE_BOTH_BOUNDS
20260811_155000_stage_B_2C_30day_full_final,pass_1,27,24,solar,5,PP,"PP(27,5,24)",0,0,zero_availability,NOT_APPLICABLE_BOTH_BOUNDS
20260811_155000_stage_B_2C_30day_full_final,pass_1,28,1,solar,1,PP,"PP(28,1,1)",0,0,zero_availability,NOT_APPLICABLE_BOTH_BOUNDS
20260811_155000_stage_B_2C_30day_full_final,pass_1,28,1,solar,2,PP,"PP(28,2,1)",0,0,zero_availability,NOT_APPLICABLE_BOTH_BOUNDS
20260811_155000_stage_B_2C_30day_full_final,pass_1,28,1,solar,3,PP,"PP(28,3,1)",0,0,zero_availability,NOT_APPLICABLE_BOTH_BOUNDS
20260811_155000_stage_B_2C_30day_full_final,pass_1,28,1,solar,4,PP,"PP(28,4,1)",0,0,zero_availability,NOT_APPLICABLE_BOTH_BOUNDS
20260811_155000_stage_B_2C_30day_full_final,pass_1,28,1,solar,5,PP,"PP(28,5,1)",0,0,zero_availability,NOT_APPLICABLE_BOTH_BOUNDS
20260811_155000_stage_B_2C_30day_full_final,pass_1,28,2,solar,1,PP,"PP(28,1,2)",0,0,zero_availability,NOT_APPLICABLE_BOTH_BOUNDS
20260811_155000_stage_B_2C_30day_full_final,pass_1,28,2,solar,2,PP,"PP(28,2,2)",0,0,zero_availability,NOT_APPLICABLE_BOTH_BOUNDS
20260811_155000_stage_B_2C_30day_full_final,pass_1,28,2,solar,3,PP,"PP(28,3,2)",0,0,zero_availability,NOT_APPLICABLE_BOTH_BOUNDS
20260811_155000_stage_B_2C_30day_full_final,pass_1,28,2,solar,4,PP,"PP(28,4,2)",0,0,zero_availability,NOT_APPLICABLE_BOTH_BOUNDS
20260811_155000_stage_B_2C_30day_full_final,pass_1,28,2,solar,5,PP,"PP(28,5,2)",0,0,zero_availability,NOT_APPLICABLE_BOTH_BOUNDS
20260811_155000_stage_B_2C_30day_full_final,pass_1,28,3,solar,1,PP,"PP(28,1,3)",0,0,zero_availability,NOT_APPLICABLE_BOTH_BOUNDS
20260811_155000_stage_B_2C_30day_full_final,pass_1,28,3,solar,2,PP,"PP(28,2,3)",0,0,zero_availability,NOT_APPLICABLE_BOTH_BOUNDS
20260811_155000_stage_B_2C_30day_full_final,pass_1,28,3,solar,3,PP,"PP(28,3,3)",0,0,zero_availability,NOT_APPLICABLE_BOTH_BOUNDS
20260811_155000_stage_B_2C_30day_full_final,pass_1,28,3,solar,4,PP,"PP(28,4,3)",0,0,zero_availability,NOT_APPLICABLE_BOTH_BOUNDS
20260811_155000_stage_B_2C_30day_full_final,pass_1,28,3,solar,5,PP,"PP(28,5,3)",0,0,zero_availability,NOT_APPLICABLE_BOTH_BOUNDS
20260811_155000_stage_B_2C_30day_full_final,pass_1,28,4,solar,1,PP,"PP(28,1,4)",0,0,zero_availability,NOT_APPLICABLE_BOTH_BOUNDS
20260811_155000_stage_B_2C_30day_full_final,pass_1,28,4,solar,2,PP,"PP(28,2,4)",0,0,zero_availability,NOT_APPLICABLE_BOTH_BOUNDS
20260811_155000_stage_B_2C_30day_full_final,pass_1,28,4,solar,3,PP,"PP(28,3,4)",0,0,zero_availability,NOT_APPLICABLE_BOTH_BOUNDS
20260811_155000_stage_B_2C_30day_full_final,pass_1,28,4,solar,4,PP,"PP(28,4,4)",0,0,zero_availability,NOT_APPLICABLE_BOTH_BOUNDS
20260811_155000_stage_B_2C_30day_full_final,pass_1,28,4,solar,5,PP,"PP(28,5,4)",0,0,zero_availability,NOT_APPLICABLE_BOTH_BOUNDS
20260811_155000_stage_B_2C_30day_full_final,pass_1,28,5,solar,1,PP,"PP(28,1,5)",0,0,zero_availability,NOT_APPLICABLE_BOTH_BOUNDS
20260811_155000_stage_B_2C_30day_full_final,pass_1,28,5,solar,2,PP,"PP(28,2,5)",0,0,zero_availability,NOT_APPLICABLE_BOTH_BOUNDS
20260811_155000_stage_B_2C_30day_full_final,pass_1,28,5,solar,3,PP,"PP(28,3,5)",0,0,zero_availability,NOT_APPLICABLE_BOTH_BOUNDS
20260811_155000_stage_B_2C_30day_full_final,pass_1,28,5,solar,4,PP,"PP(28,4,5)",0,0,zero_availability,NOT_APPLICABLE_BOTH_BOUNDS
20260811_155000_stage_B_2C_30day_full_final,pass_1,28,5,solar,5,PP,"PP(28,5,5)",0,0,zero_availability,NOT_APPLICABLE_BOTH_BOUNDS
20260811_155000_stage_B_2C_30day_full_final,pass_1,28,6,solar,1,PP,"PP(28,1,6)",0,0,zero_availability,NOT_APPLICABLE_BOTH_BOUNDS
20260811_155000_stage_B_2C_30day_full_final,pass_1,28,6,solar,2,PP,"PP(28,2,6)",0,0,zero_availability,NOT_APPLICABLE_BOTH_BOUNDS
20260811_155000_stage_B_2C_30day_full_final,pass_1,28,6,solar,3,PP,"PP(28,3,6)",0,0,zero_availability,NOT_APPLICABLE_BOTH_BOUNDS
20260811_155000_stage_B_2C_30day_full_final,pass_1,28,6,solar,4,PP,"PP(28,4,6)",0,0,zero_availability,NOT_APPLICABLE_BOTH_BOUNDS
20260811_155000_stage_B_2C_30day_full_final,pass_1,28,6,solar,5,PP,"PP(28,5,6)",0,0,zero_availability,NOT_APPLICABLE_BOTH_BOUNDS
20260811_155000_stage_B_2C_30day_full_final,pass_1,28,7,solar,1,PP,"PP(28,1,7)",0,0,zero_availability,NOT_APPLICABLE_BOTH_BOUNDS
20260811_155000_stage_B_2C_30day_full_final,pass_1,28,7,solar,2,PP,"PP(28,2,7)",0,0,zero_availability,NOT_APPLICABLE_BOTH_BOUNDS
20260811_155000_stage_B_2C_30day_full_final,pass_1,28,7,solar,3,PP,"PP(28,3,7)",0,0,zero_availability,NOT_APPLICABLE_BOTH_BOUNDS
20260811_155000_stage_B_2C_30day_full_final,pass_1,28,7,solar,4,PP,"PP(28,4,7)",0,0,zero_availability,NOT_APPLICABLE_BOTH_BOUNDS
20260811_155000_stage_B_2C_30day_full_final,pass_1,28,7,solar,5,PP,"PP(28,5,7)",0,0,zero_availability,NOT_APPLICABLE_BOTH_BOUNDS
20260811_155000_stage_B_2C_30day_full_final,pass_1,28,20,solar,1,PP,"PP(28,1,20)",0,0,zero_availability,NOT_APPLICABLE_BOTH_BOUNDS
20260811_155000_stage_B_2C_30day_full_final,pass_1,28,20,solar,2,PP,"PP(28,2,20)",0,0,zero_availability,NOT_APPLICABLE_BOTH_BOUNDS
20260811_155000_stage_B_2C_30day_full_final,pass_1,28,20,solar,3,PP,"PP(28,3,20)",0,0,zero_availability,NOT_APPLICABLE_BOTH_BOUNDS
20260811_155000_stage_B_2C_30day_full_final,pass_1,28,20,solar,4,PP,"PP(28,4,20)",0,0,zero_availability,NOT_APPLICABLE_BOTH_BOUNDS
20260811_155000_stage_B_2C_30day_full_final,pass_1,28,20,solar,5,PP,"PP(28,5,20)",0,0,zero_availability,NOT_APPLICABLE_BOTH_BOUNDS
20260811_155000_stage_B_2C_30day_full_final,pass_1,28,21,solar,1,PP,"PP(28,1,21)",0,0,zero_availability,NOT_APPLICABLE_BOTH_BOUNDS
20260811_155000_stage_B_2C_30day_full_final,pass_1,28,21,solar,2,PP,"PP(28,2,21)",0,0,zero_availability,NOT_APPLICABLE_BOTH_BOUNDS
20260811_155000_stage_B_2C_30day_full_final,pass_1,28,21,solar,3,PP,"PP(28,3,21)",0,0,zero_availability,NOT_APPLICABLE_BOTH_BOUNDS
20260811_155000_stage_B_2C_30day_full_final,pass_1,28,21,solar,4,PP,"PP(28,4,21)",0,0,zero_availability,NOT_APPLICABLE_BOTH_BOUNDS
20260811_155000_stage_B_2C_30day_full_final,pass_1,28,21,solar,5,PP,"PP(28,5,21)",0,0,zero_availability,NOT_APPLICABLE_BOTH_BOUNDS
20260811_155000_stage_B_2C_30day_full_final,pass_1,28,22,solar,1,PP,"PP(28,1,22)",0,0,zero_availability,NOT_APPLICABLE_BOTH_BOUNDS
20260811_155000_stage_B_2C_30day_full_final,pass_1,28,22,solar,2,PP,"PP(28,2,22)",0,0,zero_availability,NOT_APPLICABLE_BOTH_BOUNDS
20260811_155000_stage_B_2C_30day_full_final,pass_1,28,22,solar,3,PP,"PP(28,3,22)",0,0,zero_availability,NOT_APPLICABLE_BOTH_BOUNDS
20260811_155000_stage_B_2C_30day_full_final,pass_1,28,22,solar,4,PP,"PP(28,4,22)",0,0,zero_availability,NOT_APPLICABLE_BOTH_BOUNDS
20260811_155000_stage_B_2C_30day_full_final,pass_1,28,22,solar,5,PP,"PP(28,5,22)",0,0,zero_availability,NOT_APPLICABLE_BOTH_BOUNDS
20260811_155000_stage_B_2C_30day_full_final,pass_1,28,23,solar,1,PP,"PP(28,1,23)",0,0,zero_availability,NOT_APPLICABLE_BOTH_BOUNDS
20260811_155000_stage_B_2C_30day_full_final,pass_1,28,23,solar,2,PP,"PP(28,2,23)",0,0,zero_availability,NOT_APPLICABLE_BOTH_BOUNDS
20260811_155000_stage_B_2C_30day_full_final,pass_1,28,23,solar,3,PP,"PP(28,3,23)",0,0,zero_availability,NOT_APPLICABLE_BOTH_BOUNDS
20260811_155000_stage_B_2C_30day_full_final,pass_1,28,23,solar,4,PP,"PP(28,4,23)",0,0,zero_availability,NOT_APPLICABLE_BOTH_BOUNDS
20260811_155000_stage_B_2C_30day_full_final,pass_1,28,23,solar,5,PP,"PP(28,5,23)",0,0,zero_availability,NOT_APPLICABLE_BOTH_BOUNDS
20260811_155000_stage_B_2C_30day_full_final,pass_1,28,24,solar,1,PP,"PP(28,1,24)",0,0,zero_availability,NOT_APPLICABLE_BOTH_BOUNDS
20260811_155000_stage_B_2C_30day_full_final,pass_1,28,24,solar,2,PP,"PP(28,2,24)",0,0,zero_availability,NOT_APPLICABLE_BOTH_BOUNDS
20260811_155000_stage_B_2C_30day_full_final,pass_1,28,24,solar,3,PP,"PP(28,3,24)",0,0,zero_availability,NOT_APPLICABLE_BOTH_BOUNDS
20260811_155000_stage_B_2C_30day_full_final,pass_1,28,24,solar,4,PP,"PP(28,4,24)",0,0,zero_availability,NOT_APPLICABLE_BOTH_BOUNDS
20260811_155000_stage_B_2C_30day_full_final,pass_1,28,24,solar,5,PP,"PP(28,5,24)",0,0,zero_availability,NOT_APPLICABLE_BOTH_BOUNDS
20260811_155000_stage_B_2C_30day_full_final,pass_1,29,1,solar,1,PP,"PP(29,1,1)",0,0,zero_availability,NOT_APPLICABLE_BOTH_BOUNDS
20260811_155000_stage_B_2C_30day_full_final,pass_1,29,1,solar,2,PP,"PP(29,2,1)",0,0,zero_availability,NOT_APPLICABLE_BOTH_BOUNDS
20260811_155000_stage_B_2C_30day_full_final,pass_1,29,1,solar,3,PP,"PP(29,3,1)",0,0,zero_availability,NOT_APPLICABLE_BOTH_BOUNDS
20260811_155000_stage_B_2C_30day_full_final,pass_1,29,1,solar,4,PP,"PP(29,4,1)",0,0,zero_availability,NOT_APPLICABLE_BOTH_BOUNDS
20260811_155000_stage_B_2C_30day_full_final,pass_1,29,1,solar,5,PP,"PP(29,5,1)",0,0,zero_availability,NOT_APPLICABLE_BOTH_BOUNDS
20260811_155000_stage_B_2C_30day_full_final,pass_1,29,2,solar,1,PP,"PP(29,1,2)",0,0,zero_availability,NOT_APPLICABLE_BOTH_BOUNDS
20260811_155000_stage_B_2C_30day_full_final,pass_1,29,2,solar,2,PP,"PP(29,2,2)",0,0,zero_availability,NOT_APPLICABLE_BOTH_BOUNDS
20260811_155000_stage_B_2C_30day_full_final,pass_1,29,2,solar,3,PP,"PP(29,3,2)",0,0,zero_availability,NOT_APPLICABLE_BOTH_BOUNDS
20260811_155000_stage_B_2C_30day_full_final,pass_1,29,2,solar,4,PP,"PP(29,4,2)",0,0,zero_availability,NOT_APPLICABLE_BOTH_BOUNDS
20260811_155000_stage_B_2C_30day_full_final,pass_1,29,2,solar,5,PP,"PP(29,5,2)",0,0,zero_availability,NOT_APPLICABLE_BOTH_BOUNDS
20260811_155000_stage_B_2C_30day_full_final,pass_1,29,3,solar,1,PP,"PP(29,1,3)",0,0,zero_availability,NOT_APPLICABLE_BOTH_BOUNDS
20260811_155000_stage_B_2C_30day_full_final,pass_1,29,3,solar,2,PP,"PP(29,2,3)",0,0,zero_availability,NOT_APPLICABLE_BOTH_BOUNDS
20260811_155000_stage_B_2C_30day_full_final,pass_1,29,3,solar,3,PP,"PP(29,3,3)",0,0,zero_availability,NOT_APPLICABLE_BOTH_BOUNDS
20260811_155000_stage_B_2C_30day_full_final,pass_1,29,3,solar,4,PP,"PP(29,4,3)",0,0,zero_availability,NOT_APPLICABLE_BOTH_BOUNDS
20260811_155000_stage_B_2C_30day_full_final,pass_1,29,3,solar,5,PP,"PP(29,5,3)",0,0,zero_availability,NOT_APPLICABLE_BOTH_BOUNDS
20260811_155000_stage_B_2C_30day_full_final,pass_1,29,4,solar,1,PP,"PP(29,1,4)",0,0,zero_availability,NOT_APPLICABLE_BOTH_BOUNDS
20260811_155000_stage_B_2C_30day_full_final,pass_1,29,4,solar,2,PP,"PP(29,2,4)",0,0,zero_availability,NOT_APPLICABLE_BOTH_BOUNDS
20260811_155000_stage_B_2C_30day_full_final,pass_1,29,4,solar,3,PP,"PP(29,3,4)",0,0,zero_availability,NOT_APPLICABLE_BOTH_BOUNDS
20260811_155000_stage_B_2C_30day_full_final,pass_1,29,4,solar,4,PP,"PP(29,4,4)",0,0,zero_availability,NOT_APPLICABLE_BOTH_BOUNDS
20260811_155000_stage_B_2C_30day_full_final,pass_1,29,4,solar,5,PP,"PP(29,5,4)",0,0,zero_availability,NOT_APPLICABLE_BOTH_BOUNDS
20260811_155000_stage_B_2C_30day_full_final,pass_1,29,5,solar,1,PP,"PP(29,1,5)",0,0,zero_availability,NOT_APPLICABLE_BOTH_BOUNDS
20260811_155000_stage_B_2C_30day_full_final,pass_1,29,5,solar,2,PP,"PP(29,2,5)",0,0,zero_availability,NOT_APPLICABLE_BOTH_BOUNDS
20260811_155000_stage_B_2C_30day_full_final,pass_1,29,5,solar,3,PP,"PP(29,3,5)",0,0,zero_availability,NOT_APPLICABLE_BOTH_BOUNDS
20260811_155000_stage_B_2C_30day_full_final,pass_1,29,5,solar,4,PP,"PP(29,4,5)",0,0,zero_availability,NOT_APPLICABLE_BOTH_BOUNDS
20260811_155000_stage_B_2C_30day_full_final,pass_1,29,5,solar,5,PP,"PP(29,5,5)",0,0,zero_availability,NOT_APPLICABLE_BOTH_BOUNDS
20260811_155000_stage_B_2C_30day_full_final,pass_1,29,6,solar,1,PP,"PP(29,1,6)",0,0,zero_availability,NOT_APPLICABLE_BOTH_BOUNDS
20260811_155000_stage_B_2C_30day_full_final,pass_1,29,6,solar,2,PP,"PP(29,2,6)",0,0,zero_availability,NOT_APPLICABLE_BOTH_BOUNDS
20260811_155000_stage_B_2C_30day_full_final,pass_1,29,6,solar,3,PP,"PP(29,3,6)",0,0,zero_availability,NOT_APPLICABLE_BOTH_BOUNDS
20260811_155000_stage_B_2C_30day_full_final,pass_1,29,6,solar,4,PP,"PP(29,4,6)",0,0,zero_availability,NOT_APPLICABLE_BOTH_BOUNDS
20260811_155000_stage_B_2C_30day_full_final,pass_1,29,6,solar,5,PP,"PP(29,5,6)",0,0,zero_availability,NOT_APPLICABLE_BOTH_BOUNDS
20260811_155000_stage_B_2C_30day_full_final,pass_1,29,7,solar,1,PP,"PP(29,1,7)",0,0,zero_availability,NOT_APPLICABLE_BOTH_BOUNDS
20260811_155000_stage_B_2C_30day_full_final,pass_1,29,7,solar,2,PP,"PP(29,2,7)",0,0,zero_availability,NOT_APPLICABLE_BOTH_BOUNDS
20260811_155000_stage_B_2C_30day_full_final,pass_1,29,7,solar,3,PP,"PP(29,3,7)",0,0,zero_availability,NOT_APPLICABLE_BOTH_BOUNDS
20260811_155000_stage_B_2C_30day_full_final,pass_1,29,7,solar,4,PP,"PP(29,4,7)",0,0,zero_availability,NOT_APPLICABLE_BOTH_BOUNDS
20260811_155000_stage_B_2C_30day_full_final,pass_1,29,7,solar,5,PP,"PP(29,5,7)",0,0,zero_availability,NOT_APPLICABLE_BOTH_BOUNDS
20260811_155000_stage_B_2C_30day_full_final,pass_1,29,20,solar,1,PP,"PP(29,1,20)",0,0,zero_availability,NOT_APPLICABLE_BOTH_BOUNDS
20260811_155000_stage_B_2C_30day_full_final,pass_1,29,20,solar,2,PP,"PP(29,2,20)",0,0,zero_availability,NOT_APPLICABLE_BOTH_BOUNDS
20260811_155000_stage_B_2C_30day_full_final,pass_1,29,20,solar,3,PP,"PP(29,3,20)",0,0,zero_availability,NOT_APPLICABLE_BOTH_BOUNDS
20260811_155000_stage_B_2C_30day_full_final,pass_1,29,20,solar,4,PP,"PP(29,4,20)",0,0,zero_availability,NOT_APPLICABLE_BOTH_BOUNDS
20260811_155000_stage_B_2C_30day_full_final,pass_1,29,20,solar,5,PP,"PP(29,5,20)",0,0,zero_availability,NOT_APPLICABLE_BOTH_BOUNDS
20260811_155000_stage_B_2C_30day_full_final,pass_1,29,21,solar,1,PP,"PP(29,1,21)",0,0,zero_availability,NOT_APPLICABLE_BOTH_BOUNDS
20260811_155000_stage_B_2C_30day_full_final,pass_1,29,21,solar,2,PP,"PP(29,2,21)",0,0,zero_availability,NOT_APPLICABLE_BOTH_BOUNDS
20260811_155000_stage_B_2C_30day_full_final,pass_1,29,21,solar,3,PP,"PP(29,3,21)",0,0,zero_availability,NOT_APPLICABLE_BOTH_BOUNDS
20260811_155000_stage_B_2C_30day_full_final,pass_1,29,21,solar,4,PP,"PP(29,4,21)",0,0,zero_availability,NOT_APPLICABLE_BOTH_BOUNDS
20260811_155000_stage_B_2C_30day_full_final,pass_1,29,21,solar,5,PP,"PP(29,5,21)",0,0,zero_availability,NOT_APPLICABLE_BOTH_BOUNDS
20260811_155000_stage_B_2C_30day_full_final,pass_1,29,22,solar,1,PP,"PP(29,1,22)",0,0,zero_availability,NOT_APPLICABLE_BOTH_BOUNDS
20260811_155000_stage_B_2C_30day_full_final,pass_1,29,22,solar,2,PP,"PP(29,2,22)",0,0,zero_availability,NOT_APPLICABLE_BOTH_BOUNDS
20260811_155000_stage_B_2C_30day_full_final,pass_1,29,22,solar,3,PP,"PP(29,3,22)",0,0,zero_availability,NOT_APPLICABLE_BOTH_BOUNDS
20260811_155000_stage_B_2C_30day_full_final,pass_1,29,22,solar,4,PP,"PP(29,4,22)",0,0,zero_availability,NOT_APPLICABLE_BOTH_BOUNDS
20260811_155000_stage_B_2C_30day_full_final,pass_1,29,22,solar,5,PP,"PP(29,5,22)",0,0,zero_availability,NOT_APPLICABLE_BOTH_BOUNDS
20260811_155000_stage_B_2C_30day_full_final,pass_1,29,23,solar,1,PP,"PP(29,1,23)",0,0,zero_availability,NOT_APPLICABLE_BOTH_BOUNDS
20260811_155000_stage_B_2C_30day_full_final,pass_1,29,23,solar,2,PP,"PP(29,2,23)",0,0,zero_availability,NOT_APPLICABLE_BOTH_BOUNDS
20260811_155000_stage_B_2C_30day_full_final,pass_1,29,23,solar,3,PP,"PP(29,3,23)",0,0,zero_availability,NOT_APPLICABLE_BOTH_BOUNDS
20260811_155000_stage_B_2C_30day_full_final,pass_1,29,23,solar,4,PP,"PP(29,4,23)",0,0,zero_availability,NOT_APPLICABLE_BOTH_BOUNDS
20260811_155000_stage_B_2C_30day_full_final,pass_1,29,23,solar,5,PP,"PP(29,5,23)",0,0,zero_availability,NOT_APPLICABLE_BOTH_BOUNDS
20260811_155000_stage_B_2C_30day_full_final,pass_1,29,24,solar,1,PP,"PP(29,1,24)",0,0,zero_availability,NOT_APPLICABLE_BOTH_BOUNDS
20260811_155000_stage_B_2C_30day_full_final,pass_1,29,24,solar,2,PP,"PP(29,2,24)",0,0,zero_availability,NOT_APPLICABLE_BOTH_BOUNDS
20260811_155000_stage_B_2C_30day_full_final,pass_1,29,24,solar,3,PP,"PP(29,3,24)",0,0,zero_availability,NOT_APPLICABLE_BOTH_BOUNDS
20260811_155000_stage_B_2C_30day_full_final,pass_1,29,24,solar,4,PP,"PP(29,4,24)",0,0,zero_availability,NOT_APPLICABLE_BOTH_BOUNDS
20260811_155000_stage_B_2C_30day_full_final,pass_1,29,24,solar,5,PP,"PP(29,5,24)",0,0,zero_availability,NOT_APPLICABLE_BOTH_BOUNDS
20260811_155000_stage_B_2C_30day_full_final,pass_1,30,1,solar,1,PP,"PP(30,1,1)",0,0,zero_availability,NOT_APPLICABLE_BOTH_BOUNDS
20260811_155000_stage_B_2C_30day_full_final,pass_1,30,1,solar,2,PP,"PP(30,2,1)",0,0,zero_availability,NOT_APPLICABLE_BOTH_BOUNDS
20260811_155000_stage_B_2C_30day_full_final,pass_1,30,1,solar,3,PP,"PP(30,3,1)",0,0,zero_availability,NOT_APPLICABLE_BOTH_BOUNDS
20260811_155000_stage_B_2C_30day_full_final,pass_1,30,1,solar,4,PP,"PP(30,4,1)",0,0,zero_availability,NOT_APPLICABLE_BOTH_BOUNDS
20260811_155000_stage_B_2C_30day_full_final,pass_1,30,1,solar,5,PP,"PP(30,5,1)",0,0,zero_availability,NOT_APPLICABLE_BOTH_BOUNDS
20260811_155000_stage_B_2C_30day_full_final,pass_1,30,2,solar,1,PP,"PP(30,1,2)",0,0,zero_availability,NOT_APPLICABLE_BOTH_BOUNDS
20260811_155000_stage_B_2C_30day_full_final,pass_1,30,2,solar,2,PP,"PP(30,2,2)",0,0,zero_availability,NOT_APPLICABLE_BOTH_BOUNDS
20260811_155000_stage_B_2C_30day_full_final,pass_1,30,2,solar,3,PP,"PP(30,3,2)",0,0,zero_availability,NOT_APPLICABLE_BOTH_BOUNDS
20260811_155000_stage_B_2C_30day_full_final,pass_1,30,2,solar,4,PP,"PP(30,4,2)",0,0,zero_availability,NOT_APPLICABLE_BOTH_BOUNDS
20260811_155000_stage_B_2C_30day_full_final,pass_1,30,2,solar,5,PP,"PP(30,5,2)",0,0,zero_availability,NOT_APPLICABLE_BOTH_BOUNDS
20260811_155000_stage_B_2C_30day_full_final,pass_1,30,3,solar,1,PP,"PP(30,1,3)",0,0,zero_availability,NOT_APPLICABLE_BOTH_BOUNDS
20260811_155000_stage_B_2C_30day_full_final,pass_1,30,3,solar,2,PP,"PP(30,2,3)",0,0,zero_availability,NOT_APPLICABLE_BOTH_BOUNDS
20260811_155000_stage_B_2C_30day_full_final,pass_1,30,3,solar,3,PP,"PP(30,3,3)",0,0,zero_availability,NOT_APPLICABLE_BOTH_BOUNDS
20260811_155000_stage_B_2C_30day_full_final,pass_1,30,3,solar,4,PP,"PP(30,4,3)",0,0,zero_availability,NOT_APPLICABLE_BOTH_BOUNDS
20260811_155000_stage_B_2C_30day_full_final,pass_1,30,3,solar,5,PP,"PP(30,5,3)",0,0,zero_availability,NOT_APPLICABLE_BOTH_BOUNDS
20260811_155000_stage_B_2C_30day_full_final,pass_1,30,4,solar,1,PP,"PP(30,1,4)",0,0,zero_availability,NOT_APPLICABLE_BOTH_BOUNDS
20260811_155000_stage_B_2C_30day_full_final,pass_1,30,4,solar,2,PP,"PP(30,2,4)",0,0,zero_availability,NOT_APPLICABLE_BOTH_BOUNDS
20260811_155000_stage_B_2C_30day_full_final,pass_1,30,4,solar,3,PP,"PP(30,3,4)",0,0,zero_availability,NOT_APPLICABLE_BOTH_BOUNDS
20260811_155000_stage_B_2C_30day_full_final,pass_1,30,4,solar,4,PP,"PP(30,4,4)",0,0,zero_availability,NOT_APPLICABLE_BOTH_BOUNDS
20260811_155000_stage_B_2C_30day_full_final,pass_1,30,4,solar,5,PP,"PP(30,5,4)",0,0,zero_availability,NOT_APPLICABLE_BOTH_BOUNDS
20260811_155000_stage_B_2C_30day_full_final,pass_1,30,5,solar,1,PP,"PP(30,1,5)",0,0,zero_availability,NOT_APPLICABLE_BOTH_BOUNDS
20260811_155000_stage_B_2C_30day_full_final,pass_1,30,5,solar,2,PP,"PP(30,2,5)",0,0,zero_availability,NOT_APPLICABLE_BOTH_BOUNDS
20260811_155000_stage_B_2C_30day_full_final,pass_1,30,5,solar,3,PP,"PP(30,3,5)",0,0,zero_availability,NOT_APPLICABLE_BOTH_BOUNDS
20260811_155000_stage_B_2C_30day_full_final,pass_1,30,5,solar,4,PP,"PP(30,4,5)",0,0,zero_availability,NOT_APPLICABLE_BOTH_BOUNDS
20260811_155000_stage_B_2C_30day_full_final,pass_1,30,5,solar,5,PP,"PP(30,5,5)",0,0,zero_availability,NOT_APPLICABLE_BOTH_BOUNDS
20260811_155000_stage_B_2C_30day_full_final,pass_1,30,6,solar,1,PP,"PP(30,1,6)",0,0,zero_availability,NOT_APPLICABLE_BOTH_BOUNDS
20260811_155000_stage_B_2C_30day_full_final,pass_1,30,6,solar,2,PP,"PP(30,2,6)",0,0,zero_availability,NOT_APPLICABLE_BOTH_BOUNDS
20260811_155000_stage_B_2C_30day_full_final,pass_1,30,6,solar,3,PP,"PP(30,3,6)",0,0,zero_availability,NOT_APPLICABLE_BOTH_BOUNDS
20260811_155000_stage_B_2C_30day_full_final,pass_1,30,6,solar,4,PP,"PP(30,4,6)",0,0,zero_availability,NOT_APPLICABLE_BOTH_BOUNDS
20260811_155000_stage_B_2C_30day_full_final,pass_1,30,6,solar,5,PP,"PP(30,5,6)",0,0,zero_availability,NOT_APPLICABLE_BOTH_BOUNDS
20260811_155000_stage_B_2C_30day_full_final,pass_1,30,7,solar,1,PP,"PP(30,1,7)",0,0,zero_availability,NOT_APPLICABLE_BOTH_BOUNDS
20260811_155000_stage_B_2C_30day_full_final,pass_1,30,7,solar,2,PP,"PP(30,2,7)",0,0,zero_availability,NOT_APPLICABLE_BOTH_BOUNDS
20260811_155000_stage_B_2C_30day_full_final,pass_1,30,7,solar,3,PP,"PP(30,3,7)",0,0,zero_availability,NOT_APPLICABLE_BOTH_BOUNDS
20260811_155000_stage_B_2C_30day_full_final,pass_1,30,7,solar,4,PP,"PP(30,4,7)",0,0,zero_availability,NOT_APPLICABLE_BOTH_BOUNDS
20260811_155000_stage_B_2C_30day_full_final,pass_1,30,7,solar,5,PP,"PP(30,5,7)",0,0,zero_availability,NOT_APPLICABLE_BOTH_BOUNDS
20260811_155000_stage_B_2C_30day_full_final,pass_1,30,20,solar,1,PP,"PP(30,1,20)",0,0,zero_availability,NOT_APPLICABLE_BOTH_BOUNDS
20260811_155000_stage_B_2C_30day_full_final,pass_1,30,20,solar,2,PP,"PP(30,2,20)",0,0,zero_availability,NOT_APPLICABLE_BOTH_BOUNDS
20260811_155000_stage_B_2C_30day_full_final,pass_1,30,20,solar,3,PP,"PP(30,3,20)",0,0,zero_availability,NOT_APPLICABLE_BOTH_BOUNDS
20260811_155000_stage_B_2C_30day_full_final,pass_1,30,20,solar,4,PP,"PP(30,4,20)",0,0,zero_availability,NOT_APPLICABLE_BOTH_BOUNDS
20260811_155000_stage_B_2C_30day_full_final,pass_1,30,20,solar,5,PP,"PP(30,5,20)",0,0,zero_availability,NOT_APPLICABLE_BOTH_BOUNDS
20260811_155000_stage_B_2C_30day_full_final,pass_1,30,21,solar,1,PP,"PP(30,1,21)",0,0,zero_availability,NOT_APPLICABLE_BOTH_BOUNDS
20260811_155000_stage_B_2C_30day_full_final,pass_1,30,21,solar,2,PP,"PP(30,2,21)",0,0,zero_availability,NOT_APPLICABLE_BOTH_BOUNDS
20260811_155000_stage_B_2C_30day_full_final,pass_1,30,21,solar,3,PP,"PP(30,3,21)",0,0,zero_availability,NOT_APPLICABLE_BOTH_BOUNDS
20260811_155000_stage_B_2C_30day_full_final,pass_1,30,21,solar,4,PP,"PP(30,4,21)",0,0,zero_availability,NOT_APPLICABLE_BOTH_BOUNDS
20260811_155000_stage_B_2C_30day_full_final,pass_1,30,21,solar,5,PP,"PP(30,5,21)",0,0,zero_availability,NOT_APPLICABLE_BOTH_BOUNDS
20260811_155000_stage_B_2C_30day_full_final,pass_1,30,22,solar,1,PP,"PP(30,1,22)",0,0,zero_availability,NOT_APPLICABLE_BOTH_BOUNDS
20260811_155000_stage_B_2C_30day_full_final,pass_1,30,22,solar,2,PP,"PP(30,2,22)",0,0,zero_availability,NOT_APPLICABLE_BOTH_BOUNDS
20260811_155000_stage_B_2C_30day_full_final,pass_1,30,22,solar,3,PP,"PP(30,3,22)",0,0,zero_availability,NOT_APPLICABLE_BOTH_BOUNDS
20260811_155000_stage_B_2C_30day_full_final,pass_1,30,22,solar,4,PP,"PP(30,4,22)",0,0,zero_availability,NOT_APPLICABLE_BOTH_BOUNDS
20260811_155000_stage_B_2C_30day_full_final,pass_1,30,22,solar,5,PP,"PP(30,5,22)",0,0,zero_availability,NOT_APPLICABLE_BOTH_BOUNDS
20260811_155000_stage_B_2C_30day_full_final,pass_1,30,23,solar,1,PP,"PP(30,1,23)",0,0,zero_availability,NOT_APPLICABLE_BOTH_BOUNDS
20260811_155000_stage_B_2C_30day_full_final,pass_1,30,23,solar,2,PP,"PP(30,2,23)",0,0,zero_availability,NOT_APPLICABLE_BOTH_BOUNDS
20260811_155000_stage_B_2C_30day_full_final,pass_1,30,23,solar,3,PP,"PP(30,3,23)",0,0,zero_availability,NOT_APPLICABLE_BOTH_BOUNDS
20260811_155000_stage_B_2C_30day_full_final,pass_1,30,23,solar,4,PP,"PP(30,4,23)",0,0,zero_availability,NOT_APPLICABLE_BOTH_BOUNDS
20260811_155000_stage_B_2C_30day_full_final,pass_1,30,23,solar,5,PP,"PP(30,5,23)",0,0,zero_availability,NOT_APPLICABLE_BOTH_BOUNDS
20260811_155000_stage_B_2C_30day_full_final,pass_1,30,24,solar,1,PP,"PP(30,1,24)",0,0,zero_availability,NOT_APPLICABLE_BOTH_BOUNDS
20260811_155000_stage_B_2C_30day_full_final,pass_1,30,24,solar,2,PP,"PP(30,2,24)",0,0,zero_availability,NOT_APPLICABLE_BOTH_BOUNDS
20260811_155000_stage_B_2C_30day_full_final,pass_1,30,24,solar,3,PP,"PP(30,3,24)",0,0,zero_availability,NOT_APPLICABLE_BOTH_BOUNDS
20260811_155000_stage_B_2C_30day_full_final,pass_1,30,24,solar,4,PP,"PP(30,4,24)",0,0,zero_availability,NOT_APPLICABLE_BOTH_BOUNDS
20260811_155000_stage_B_2C_30day_full_final,pass_1,30,24,solar,5,PP,"PP(30,5,24)",0,0,zero_availability,NOT_APPLICABLE_BOTH_BOUNDS
