run_id,day,hour,window_position,storage_id,current_soc_global_index,predecessor_hour,predecessor_soc_global_index,energy_capacity_global_index,boundary_source,initial_energy_fraction,terminal_equality,terminal_energy_fraction
20260811_155000_stage_B_2C_30day_full_final,1,1,1,1,452,NaN,0,27,formal_daily_fixed_half_energy,0.5,false,NaN
20260811_155000_stage_B_2C_30day_full_final,1,1,1,2,453,NaN,0,28,formal_daily_fixed_half_energy,0.5,false,NaN
20260811_155000_stage_B_2C_30day_full_final,1,2,2,1,471,1,452,27,previous_physical_hour,NaN,false,NaN
20260811_155000_stage_B_2C_30day_full_final,1,2,2,2,472,1,453,28,previous_physical_hour,NaN,false,NaN
20260811_155000_stage_B_2C_30day_full_final,1,3,3,1,490,2,471,27,previous_physical_hour,NaN,false,NaN
20260811_155000_stage_B_2C_30day_full_final,1,3,3,2,491,2,472,28,previous_physical_hour,NaN,false,NaN
20260811_155000_stage_B_2C_30day_full_final,1,4,4,1,509,3,490,27,previous_physical_hour,NaN,false,NaN
20260811_155000_stage_B_2C_30day_full_final,1,4,4,2,510,3,491,28,previous_physical_hour,NaN,false,NaN
20260811_155000_stage_B_2C_30day_full_final,1,5,5,1,528,4,509,27,previous_physical_hour,NaN,false,NaN
20260811_155000_stage_B_2C_30day_full_final,1,5,5,2,529,4,510,28,previous_physical_hour,NaN,false,NaN
20260811_155000_stage_B_2C_30day_full_final,1,6,6,1,547,5,528,27,previous_physical_hour,NaN,false,NaN
20260811_155000_stage_B_2C_30day_full_final,1,6,6,2,548,5,529,28,previous_physical_hour,NaN,false,NaN
20260811_155000_stage_B_2C_30day_full_final,1,7,7,1,566,6,547,27,previous_physical_hour,NaN,false,NaN
20260811_155000_stage_B_2C_30day_full_final,1,7,7,2,567,6,548,28,previous_physical_hour,NaN,false,NaN
20260811_155000_stage_B_2C_30day_full_final,1,8,8,1,590,7,566,27,previous_physical_hour,NaN,false,NaN
20260811_155000_stage_B_2C_30day_full_final,1,8,8,2,591,7,567,28,previous_physical_hour,NaN,false,NaN
20260811_155000_stage_B_2C_30day_full_final,1,9,9,1,614,8,590,27,previous_physical_hour,NaN,false,NaN
20260811_155000_stage_B_2C_30day_full_final,1,9,9,2,615,8,591,28,previous_physical_hour,NaN,false,NaN
20260811_155000_stage_B_2C_30day_full_final,1,10,10,1,638,9,614,27,previous_physical_hour,NaN,false,NaN
20260811_155000_stage_B_2C_30day_full_final,1,10,10,2,639,9,615,28,previous_physical_hour,NaN,false,NaN
20260811_155000_stage_B_2C_30day_full_final,1,11,11,1,662,10,638,27,previous_physical_hour,NaN,false,NaN
20260811_155000_stage_B_2C_30day_full_final,1,11,11,2,663,10,639,28,previous_physical_hour,NaN,false,NaN
20260811_155000_stage_B_2C_30day_full_final,1,12,12,1,686,11,662,27,previous_physical_hour,NaN,false,NaN
20260811_155000_stage_B_2C_30day_full_final,1,12,12,2,687,11,663,28,previous_physical_hour,NaN,false,NaN
20260811_155000_stage_B_2C_30day_full_final,1,13,13,1,710,12,686,27,previous_physical_hour,NaN,false,NaN
20260811_155000_stage_B_2C_30day_full_final,1,13,13,2,711,12,687,28,previous_physical_hour,NaN,false,NaN
20260811_155000_stage_B_2C_30day_full_final,1,14,14,1,734,13,710,27,previous_physical_hour,NaN,false,NaN
20260811_155000_stage_B_2C_30day_full_final,1,14,14,2,735,13,711,28,previous_physical_hour,NaN,false,NaN
20260811_155000_stage_B_2C_30day_full_final,1,15,15,1,758,14,734,27,previous_physical_hour,NaN,false,NaN
20260811_155000_stage_B_2C_30day_full_final,1,15,15,2,759,14,735,28,previous_physical_hour,NaN,false,NaN
20260811_155000_stage_B_2C_30day_full_final,1,16,16,1,782,15,758,27,previous_physical_hour,NaN,false,NaN
20260811_155000_stage_B_2C_30day_full_final,1,16,16,2,783,15,759,28,previous_physical_hour,NaN,false,NaN
20260811_155000_stage_B_2C_30day_full_final,1,17,17,1,806,16,782,27,previous_physical_hour,NaN,false,NaN
20260811_155000_stage_B_2C_30day_full_final,1,17,17,2,807,16,783,28,previous_physical_hour,NaN,false,NaN
20260811_155000_stage_B_2C_30day_full_final,1,18,18,1,830,17,806,27,previous_physical_hour,NaN,false,NaN
20260811_155000_stage_B_2C_30day_full_final,1,18,18,2,831,17,807,28,previous_physical_hour,NaN,false,NaN
20260811_155000_stage_B_2C_30day_full_final,1,19,19,1,854,18,830,27,previous_physical_hour,NaN,false,NaN
20260811_155000_stage_B_2C_30day_full_final,1,19,19,2,855,18,831,28,previous_physical_hour,NaN,false,NaN
20260811_155000_stage_B_2C_30day_full_final,1,20,20,1,873,19,854,27,previous_physical_hour,NaN,false,NaN
20260811_155000_stage_B_2C_30day_full_final,1,20,20,2,874,19,855,28,previous_physical_hour,NaN,false,NaN
20260811_155000_stage_B_2C_30day_full_final,1,21,21,1,892,20,873,27,previous_physical_hour,NaN,false,NaN
20260811_155000_stage_B_2C_30day_full_final,1,21,21,2,893,20,874,28,previous_physical_hour,NaN,false,NaN
20260811_155000_stage_B_2C_30day_full_final,1,22,22,1,911,21,892,27,previous_physical_hour,NaN,false,NaN
20260811_155000_stage_B_2C_30day_full_final,1,22,22,2,912,21,893,28,previous_physical_hour,NaN,false,NaN
20260811_155000_stage_B_2C_30day_full_final,1,23,23,1,930,22,911,27,previous_physical_hour,NaN,false,NaN
20260811_155000_stage_B_2C_30day_full_final,1,23,23,2,931,22,912,28,previous_physical_hour,NaN,false,NaN
20260811_155000_stage_B_2C_30day_full_final,1,24,24,1,949,23,930,27,previous_physical_hour,NaN,true,0.5
20260811_155000_stage_B_2C_30day_full_final,1,24,24,2,950,23,931,28,previous_physical_hour,NaN,true,0.5
20260811_155000_stage_B_2C_30day_full_final,2,1,1,1,968,NaN,0,41,formal_daily_fixed_half_energy,0.5,false,NaN
20260811_155000_stage_B_2C_30day_full_final,2,1,1,2,969,NaN,0,42,formal_daily_fixed_half_energy,0.5,false,NaN
20260811_155000_stage_B_2C_30day_full_final,2,2,2,1,987,1,968,41,previous_physical_hour,NaN,false,NaN
20260811_155000_stage_B_2C_30day_full_final,2,2,2,2,988,1,969,42,previous_physical_hour,NaN,false,NaN
20260811_155000_stage_B_2C_30day_full_final,2,3,3,1,1006,2,987,41,previous_physical_hour,NaN,false,NaN
20260811_155000_stage_B_2C_30day_full_final,2,3,3,2,1007,2,988,42,previous_physical_hour,NaN,false,NaN
20260811_155000_stage_B_2C_30day_full_final,2,4,4,1,1025,3,1006,41,previous_physical_hour,NaN,false,NaN
20260811_155000_stage_B_2C_30day_full_final,2,4,4,2,1026,3,1007,42,previous_physical_hour,NaN,false,NaN
20260811_155000_stage_B_2C_30day_full_final,2,5,5,1,1044,4,1025,41,previous_physical_hour,NaN,false,NaN
20260811_155000_stage_B_2C_30day_full_final,2,5,5,2,1045,4,1026,42,previous_physical_hour,NaN,false,NaN
20260811_155000_stage_B_2C_30day_full_final,2,6,6,1,1063,5,1044,41,previous_physical_hour,NaN,false,NaN
20260811_155000_stage_B_2C_30day_full_final,2,6,6,2,1064,5,1045,42,previous_physical_hour,NaN,false,NaN
20260811_155000_stage_B_2C_30day_full_final,2,7,7,1,1082,6,1063,41,previous_physical_hour,NaN,false,NaN
20260811_155000_stage_B_2C_30day_full_final,2,7,7,2,1083,6,1064,42,previous_physical_hour,NaN,false,NaN
20260811_155000_stage_B_2C_30day_full_final,2,8,8,1,1106,7,1082,41,previous_physical_hour,NaN,false,NaN
20260811_155000_stage_B_2C_30day_full_final,2,8,8,2,1107,7,1083,42,previous_physical_hour,NaN,false,NaN
20260811_155000_stage_B_2C_30day_full_final,2,9,9,1,1130,8,1106,41,previous_physical_hour,NaN,false,NaN
20260811_155000_stage_B_2C_30day_full_final,2,9,9,2,1131,8,1107,42,previous_physical_hour,NaN,false,NaN
20260811_155000_stage_B_2C_30day_full_final,2,10,10,1,1154,9,1130,41,previous_physical_hour,NaN,false,NaN
20260811_155000_stage_B_2C_30day_full_final,2,10,10,2,1155,9,1131,42,previous_physical_hour,NaN,false,NaN
20260811_155000_stage_B_2C_30day_full_final,2,11,11,1,1178,10,1154,41,previous_physical_hour,NaN,false,NaN
20260811_155000_stage_B_2C_30day_full_final,2,11,11,2,1179,10,1155,42,previous_physical_hour,NaN,false,NaN
20260811_155000_stage_B_2C_30day_full_final,2,12,12,1,1202,11,1178,41,previous_physical_hour,NaN,false,NaN
20260811_155000_stage_B_2C_30day_full_final,2,12,12,2,1203,11,1179,42,previous_physical_hour,NaN,false,NaN
20260811_155000_stage_B_2C_30day_full_final,2,13,13,1,1226,12,1202,41,previous_physical_hour,NaN,false,NaN
20260811_155000_stage_B_2C_30day_full_final,2,13,13,2,1227,12,1203,42,previous_physical_hour,NaN,false,NaN
20260811_155000_stage_B_2C_30day_full_final,2,14,14,1,1250,13,1226,41,previous_physical_hour,NaN,false,NaN
20260811_155000_stage_B_2C_30day_full_final,2,14,14,2,1251,13,1227,42,previous_physical_hour,NaN,false,NaN
20260811_155000_stage_B_2C_30day_full_final,2,15,15,1,1274,14,1250,41,previous_physical_hour,NaN,false,NaN
20260811_155000_stage_B_2C_30day_full_final,2,15,15,2,1275,14,1251,42,previous_physical_hour,NaN,false,NaN
20260811_155000_stage_B_2C_30day_full_final,2,16,16,1,1298,15,1274,41,previous_physical_hour,NaN,false,NaN
20260811_155000_stage_B_2C_30day_full_final,2,16,16,2,1299,15,1275,42,previous_physical_hour,NaN,false,NaN
20260811_155000_stage_B_2C_30day_full_final,2,17,17,1,1322,16,1298,41,previous_physical_hour,NaN,false,NaN
20260811_155000_stage_B_2C_30day_full_final,2,17,17,2,1323,16,1299,42,previous_physical_hour,NaN,false,NaN
20260811_155000_stage_B_2C_30day_full_final,2,18,18,1,1346,17,1322,41,previous_physical_hour,NaN,false,NaN
20260811_155000_stage_B_2C_30day_full_final,2,18,18,2,1347,17,1323,42,previous_physical_hour,NaN,false,NaN
20260811_155000_stage_B_2C_30day_full_final,2,19,19,1,1370,18,1346,41,previous_physical_hour,NaN,false,NaN
20260811_155000_stage_B_2C_30day_full_final,2,19,19,2,1371,18,1347,42,previous_physical_hour,NaN,false,NaN
20260811_155000_stage_B_2C_30day_full_final,2,20,20,1,1389,19,1370,41,previous_physical_hour,NaN,false,NaN
20260811_155000_stage_B_2C_30day_full_final,2,20,20,2,1390,19,1371,42,previous_physical_hour,NaN,false,NaN
20260811_155000_stage_B_2C_30day_full_final,2,21,21,1,1408,20,1389,41,previous_physical_hour,NaN,false,NaN
20260811_155000_stage_B_2C_30day_full_final,2,21,21,2,1409,20,1390,42,previous_physical_hour,NaN,false,NaN
20260811_155000_stage_B_2C_30day_full_final,2,22,22,1,1427,21,1408,41,previous_physical_hour,NaN,false,NaN
20260811_155000_stage_B_2C_30day_full_final,2,22,22,2,1428,21,1409,42,previous_physical_hour,NaN,false,NaN
20260811_155000_stage_B_2C_30day_full_final,2,23,23,1,1446,22,1427,41,previous_physical_hour,NaN,false,NaN
20260811_155000_stage_B_2C_30day_full_final,2,23,23,2,1447,22,1428,42,previous_physical_hour,NaN,false,NaN
20260811_155000_stage_B_2C_30day_full_final,2,24,24,1,1465,23,1446,41,previous_physical_hour,NaN,true,0.5
20260811_155000_stage_B_2C_30day_full_final,2,24,24,2,1466,23,1447,42,previous_physical_hour,NaN,true,0.5
20260811_155000_stage_B_2C_30day_full_final,3,1,1,1,1484,NaN,0,55,formal_daily_fixed_half_energy,0.5,false,NaN
20260811_155000_stage_B_2C_30day_full_final,3,1,1,2,1485,NaN,0,56,formal_daily_fixed_half_energy,0.5,false,NaN
20260811_155000_stage_B_2C_30day_full_final,3,2,2,1,1503,1,1484,55,previous_physical_hour,NaN,false,NaN
20260811_155000_stage_B_2C_30day_full_final,3,2,2,2,1504,1,1485,56,previous_physical_hour,NaN,false,NaN
20260811_155000_stage_B_2C_30day_full_final,3,3,3,1,1522,2,1503,55,previous_physical_hour,NaN,false,NaN
20260811_155000_stage_B_2C_30day_full_final,3,3,3,2,1523,2,1504,56,previous_physical_hour,NaN,false,NaN
20260811_155000_stage_B_2C_30day_full_final,3,4,4,1,1541,3,1522,55,previous_physical_hour,NaN,false,NaN
20260811_155000_stage_B_2C_30day_full_final,3,4,4,2,1542,3,1523,56,previous_physical_hour,NaN,false,NaN
20260811_155000_stage_B_2C_30day_full_final,3,5,5,1,1560,4,1541,55,previous_physical_hour,NaN,false,NaN
20260811_155000_stage_B_2C_30day_full_final,3,5,5,2,1561,4,1542,56,previous_physical_hour,NaN,false,NaN
20260811_155000_stage_B_2C_30day_full_final,3,6,6,1,1579,5,1560,55,previous_physical_hour,NaN,false,NaN
20260811_155000_stage_B_2C_30day_full_final,3,6,6,2,1580,5,1561,56,previous_physical_hour,NaN,false,NaN
20260811_155000_stage_B_2C_30day_full_final,3,7,7,1,1598,6,1579,55,previous_physical_hour,NaN,false,NaN
20260811_155000_stage_B_2C_30day_full_final,3,7,7,2,1599,6,1580,56,previous_physical_hour,NaN,false,NaN
20260811_155000_stage_B_2C_30day_full_final,3,8,8,1,1622,7,1598,55,previous_physical_hour,NaN,false,NaN
20260811_155000_stage_B_2C_30day_full_final,3,8,8,2,1623,7,1599,56,previous_physical_hour,NaN,false,NaN
20260811_155000_stage_B_2C_30day_full_final,3,9,9,1,1646,8,1622,55,previous_physical_hour,NaN,false,NaN
20260811_155000_stage_B_2C_30day_full_final,3,9,9,2,1647,8,1623,56,previous_physical_hour,NaN,false,NaN
20260811_155000_stage_B_2C_30day_full_final,3,10,10,1,1670,9,1646,55,previous_physical_hour,NaN,false,NaN
20260811_155000_stage_B_2C_30day_full_final,3,10,10,2,1671,9,1647,56,previous_physical_hour,NaN,false,NaN
20260811_155000_stage_B_2C_30day_full_final,3,11,11,1,1694,10,1670,55,previous_physical_hour,NaN,false,NaN
20260811_155000_stage_B_2C_30day_full_final,3,11,11,2,1695,10,1671,56,previous_physical_hour,NaN,false,NaN
20260811_155000_stage_B_2C_30day_full_final,3,12,12,1,1718,11,1694,55,previous_physical_hour,NaN,false,NaN
20260811_155000_stage_B_2C_30day_full_final,3,12,12,2,1719,11,1695,56,previous_physical_hour,NaN,false,NaN
20260811_155000_stage_B_2C_30day_full_final,3,13,13,1,1742,12,1718,55,previous_physical_hour,NaN,false,NaN
20260811_155000_stage_B_2C_30day_full_final,3,13,13,2,1743,12,1719,56,previous_physical_hour,NaN,false,NaN
20260811_155000_stage_B_2C_30day_full_final,3,14,14,1,1766,13,1742,55,previous_physical_hour,NaN,false,NaN
20260811_155000_stage_B_2C_30day_full_final,3,14,14,2,1767,13,1743,56,previous_physical_hour,NaN,false,NaN
20260811_155000_stage_B_2C_30day_full_final,3,15,15,1,1790,14,1766,55,previous_physical_hour,NaN,false,NaN
20260811_155000_stage_B_2C_30day_full_final,3,15,15,2,1791,14,1767,56,previous_physical_hour,NaN,false,NaN
20260811_155000_stage_B_2C_30day_full_final,3,16,16,1,1814,15,1790,55,previous_physical_hour,NaN,false,NaN
20260811_155000_stage_B_2C_30day_full_final,3,16,16,2,1815,15,1791,56,previous_physical_hour,NaN,false,NaN
20260811_155000_stage_B_2C_30day_full_final,3,17,17,1,1838,16,1814,55,previous_physical_hour,NaN,false,NaN
20260811_155000_stage_B_2C_30day_full_final,3,17,17,2,1839,16,1815,56,previous_physical_hour,NaN,false,NaN
20260811_155000_stage_B_2C_30day_full_final,3,18,18,1,1862,17,1838,55,previous_physical_hour,NaN,false,NaN
20260811_155000_stage_B_2C_30day_full_final,3,18,18,2,1863,17,1839,56,previous_physical_hour,NaN,false,NaN
20260811_155000_stage_B_2C_30day_full_final,3,19,19,1,1886,18,1862,55,previous_physical_hour,NaN,false,NaN
20260811_155000_stage_B_2C_30day_full_final,3,19,19,2,1887,18,1863,56,previous_physical_hour,NaN,false,NaN
20260811_155000_stage_B_2C_30day_full_final,3,20,20,1,1905,19,1886,55,previous_physical_hour,NaN,false,NaN
20260811_155000_stage_B_2C_30day_full_final,3,20,20,2,1906,19,1887,56,previous_physical_hour,NaN,false,NaN
20260811_155000_stage_B_2C_30day_full_final,3,21,21,1,1924,20,1905,55,previous_physical_hour,NaN,false,NaN
20260811_155000_stage_B_2C_30day_full_final,3,21,21,2,1925,20,1906,56,previous_physical_hour,NaN,false,NaN
20260811_155000_stage_B_2C_30day_full_final,3,22,22,1,1943,21,1924,55,previous_physical_hour,NaN,false,NaN
20260811_155000_stage_B_2C_30day_full_final,3,22,22,2,1944,21,1925,56,previous_physical_hour,NaN,false,NaN
20260811_155000_stage_B_2C_30day_full_final,3,23,23,1,1962,22,1943,55,previous_physical_hour,NaN,false,NaN
20260811_155000_stage_B_2C_30day_full_final,3,23,23,2,1963,22,1944,56,previous_physical_hour,NaN,false,NaN
20260811_155000_stage_B_2C_30day_full_final,3,24,24,1,1981,23,1962,55,previous_physical_hour,NaN,true,0.5
20260811_155000_stage_B_2C_30day_full_final,3,24,24,2,1982,23,1963,56,previous_physical_hour,NaN,true,0.5
20260811_155000_stage_B_2C_30day_full_final,4,1,1,1,2000,NaN,0,69,formal_daily_fixed_half_energy,0.5,false,NaN
20260811_155000_stage_B_2C_30day_full_final,4,1,1,2,2001,NaN,0,70,formal_daily_fixed_half_energy,0.5,false,NaN
20260811_155000_stage_B_2C_30day_full_final,4,2,2,1,2019,1,2000,69,previous_physical_hour,NaN,false,NaN
20260811_155000_stage_B_2C_30day_full_final,4,2,2,2,2020,1,2001,70,previous_physical_hour,NaN,false,NaN
20260811_155000_stage_B_2C_30day_full_final,4,3,3,1,2038,2,2019,69,previous_physical_hour,NaN,false,NaN
20260811_155000_stage_B_2C_30day_full_final,4,3,3,2,2039,2,2020,70,previous_physical_hour,NaN,false,NaN
20260811_155000_stage_B_2C_30day_full_final,4,4,4,1,2057,3,2038,69,previous_physical_hour,NaN,false,NaN
20260811_155000_stage_B_2C_30day_full_final,4,4,4,2,2058,3,2039,70,previous_physical_hour,NaN,false,NaN
20260811_155000_stage_B_2C_30day_full_final,4,5,5,1,2076,4,2057,69,previous_physical_hour,NaN,false,NaN
20260811_155000_stage_B_2C_30day_full_final,4,5,5,2,2077,4,2058,70,previous_physical_hour,NaN,false,NaN
20260811_155000_stage_B_2C_30day_full_final,4,6,6,1,2095,5,2076,69,previous_physical_hour,NaN,false,NaN
20260811_155000_stage_B_2C_30day_full_final,4,6,6,2,2096,5,2077,70,previous_physical_hour,NaN,false,NaN
20260811_155000_stage_B_2C_30day_full_final,4,7,7,1,2114,6,2095,69,previous_physical_hour,NaN,false,NaN
20260811_155000_stage_B_2C_30day_full_final,4,7,7,2,2115,6,2096,70,previous_physical_hour,NaN,false,NaN
20260811_155000_stage_B_2C_30day_full_final,4,8,8,1,2138,7,2114,69,previous_physical_hour,NaN,false,NaN
20260811_155000_stage_B_2C_30day_full_final,4,8,8,2,2139,7,2115,70,previous_physical_hour,NaN,false,NaN
20260811_155000_stage_B_2C_30day_full_final,4,9,9,1,2162,8,2138,69,previous_physical_hour,NaN,false,NaN
20260811_155000_stage_B_2C_30day_full_final,4,9,9,2,2163,8,2139,70,previous_physical_hour,NaN,false,NaN
20260811_155000_stage_B_2C_30day_full_final,4,10,10,1,2186,9,2162,69,previous_physical_hour,NaN,false,NaN
20260811_155000_stage_B_2C_30day_full_final,4,10,10,2,2187,9,2163,70,previous_physical_hour,NaN,false,NaN
20260811_155000_stage_B_2C_30day_full_final,4,11,11,1,2210,10,2186,69,previous_physical_hour,NaN,false,NaN
20260811_155000_stage_B_2C_30day_full_final,4,11,11,2,2211,10,2187,70,previous_physical_hour,NaN,false,NaN
20260811_155000_stage_B_2C_30day_full_final,4,12,12,1,2234,11,2210,69,previous_physical_hour,NaN,false,NaN
20260811_155000_stage_B_2C_30day_full_final,4,12,12,2,2235,11,2211,70,previous_physical_hour,NaN,false,NaN
20260811_155000_stage_B_2C_30day_full_final,4,13,13,1,2258,12,2234,69,previous_physical_hour,NaN,false,NaN
20260811_155000_stage_B_2C_30day_full_final,4,13,13,2,2259,12,2235,70,previous_physical_hour,NaN,false,NaN
20260811_155000_stage_B_2C_30day_full_final,4,14,14,1,2282,13,2258,69,previous_physical_hour,NaN,false,NaN
20260811_155000_stage_B_2C_30day_full_final,4,14,14,2,2283,13,2259,70,previous_physical_hour,NaN,false,NaN
20260811_155000_stage_B_2C_30day_full_final,4,15,15,1,2306,14,2282,69,previous_physical_hour,NaN,false,NaN
20260811_155000_stage_B_2C_30day_full_final,4,15,15,2,2307,14,2283,70,previous_physical_hour,NaN,false,NaN
20260811_155000_stage_B_2C_30day_full_final,4,16,16,1,2330,15,2306,69,previous_physical_hour,NaN,false,NaN
20260811_155000_stage_B_2C_30day_full_final,4,16,16,2,2331,15,2307,70,previous_physical_hour,NaN,false,NaN
20260811_155000_stage_B_2C_30day_full_final,4,17,17,1,2354,16,2330,69,previous_physical_hour,NaN,false,NaN
20260811_155000_stage_B_2C_30day_full_final,4,17,17,2,2355,16,2331,70,previous_physical_hour,NaN,false,NaN
20260811_155000_stage_B_2C_30day_full_final,4,18,18,1,2378,17,2354,69,previous_physical_hour,NaN,false,NaN
20260811_155000_stage_B_2C_30day_full_final,4,18,18,2,2379,17,2355,70,previous_physical_hour,NaN,false,NaN
20260811_155000_stage_B_2C_30day_full_final,4,19,19,1,2402,18,2378,69,previous_physical_hour,NaN,false,NaN
20260811_155000_stage_B_2C_30day_full_final,4,19,19,2,2403,18,2379,70,previous_physical_hour,NaN,false,NaN
20260811_155000_stage_B_2C_30day_full_final,4,20,20,1,2421,19,2402,69,previous_physical_hour,NaN,false,NaN
20260811_155000_stage_B_2C_30day_full_final,4,20,20,2,2422,19,2403,70,previous_physical_hour,NaN,false,NaN
20260811_155000_stage_B_2C_30day_full_final,4,21,21,1,2440,20,2421,69,previous_physical_hour,NaN,false,NaN
20260811_155000_stage_B_2C_30day_full_final,4,21,21,2,2441,20,2422,70,previous_physical_hour,NaN,false,NaN
20260811_155000_stage_B_2C_30day_full_final,4,22,22,1,2459,21,2440,69,previous_physical_hour,NaN,false,NaN
20260811_155000_stage_B_2C_30day_full_final,4,22,22,2,2460,21,2441,70,previous_physical_hour,NaN,false,NaN
20260811_155000_stage_B_2C_30day_full_final,4,23,23,1,2478,22,2459,69,previous_physical_hour,NaN,false,NaN
20260811_155000_stage_B_2C_30day_full_final,4,23,23,2,2479,22,2460,70,previous_physical_hour,NaN,false,NaN
20260811_155000_stage_B_2C_30day_full_final,4,24,24,1,2497,23,2478,69,previous_physical_hour,NaN,true,0.5
20260811_155000_stage_B_2C_30day_full_final,4,24,24,2,2498,23,2479,70,previous_physical_hour,NaN,true,0.5
20260811_155000_stage_B_2C_30day_full_final,5,1,1,1,2516,NaN,0,83,formal_daily_fixed_half_energy,0.5,false,NaN
20260811_155000_stage_B_2C_30day_full_final,5,1,1,2,2517,NaN,0,84,formal_daily_fixed_half_energy,0.5,false,NaN
20260811_155000_stage_B_2C_30day_full_final,5,2,2,1,2535,1,2516,83,previous_physical_hour,NaN,false,NaN
20260811_155000_stage_B_2C_30day_full_final,5,2,2,2,2536,1,2517,84,previous_physical_hour,NaN,false,NaN
20260811_155000_stage_B_2C_30day_full_final,5,3,3,1,2554,2,2535,83,previous_physical_hour,NaN,false,NaN
20260811_155000_stage_B_2C_30day_full_final,5,3,3,2,2555,2,2536,84,previous_physical_hour,NaN,false,NaN
20260811_155000_stage_B_2C_30day_full_final,5,4,4,1,2573,3,2554,83,previous_physical_hour,NaN,false,NaN
20260811_155000_stage_B_2C_30day_full_final,5,4,4,2,2574,3,2555,84,previous_physical_hour,NaN,false,NaN
20260811_155000_stage_B_2C_30day_full_final,5,5,5,1,2592,4,2573,83,previous_physical_hour,NaN,false,NaN
20260811_155000_stage_B_2C_30day_full_final,5,5,5,2,2593,4,2574,84,previous_physical_hour,NaN,false,NaN
20260811_155000_stage_B_2C_30day_full_final,5,6,6,1,2611,5,2592,83,previous_physical_hour,NaN,false,NaN
20260811_155000_stage_B_2C_30day_full_final,5,6,6,2,2612,5,2593,84,previous_physical_hour,NaN,false,NaN
20260811_155000_stage_B_2C_30day_full_final,5,7,7,1,2630,6,2611,83,previous_physical_hour,NaN,false,NaN
20260811_155000_stage_B_2C_30day_full_final,5,7,7,2,2631,6,2612,84,previous_physical_hour,NaN,false,NaN
20260811_155000_stage_B_2C_30day_full_final,5,8,8,1,2654,7,2630,83,previous_physical_hour,NaN,false,NaN
20260811_155000_stage_B_2C_30day_full_final,5,8,8,2,2655,7,2631,84,previous_physical_hour,NaN,false,NaN
20260811_155000_stage_B_2C_30day_full_final,5,9,9,1,2678,8,2654,83,previous_physical_hour,NaN,false,NaN
20260811_155000_stage_B_2C_30day_full_final,5,9,9,2,2679,8,2655,84,previous_physical_hour,NaN,false,NaN
20260811_155000_stage_B_2C_30day_full_final,5,10,10,1,2702,9,2678,83,previous_physical_hour,NaN,false,NaN
20260811_155000_stage_B_2C_30day_full_final,5,10,10,2,2703,9,2679,84,previous_physical_hour,NaN,false,NaN
20260811_155000_stage_B_2C_30day_full_final,5,11,11,1,2726,10,2702,83,previous_physical_hour,NaN,false,NaN
20260811_155000_stage_B_2C_30day_full_final,5,11,11,2,2727,10,2703,84,previous_physical_hour,NaN,false,NaN
20260811_155000_stage_B_2C_30day_full_final,5,12,12,1,2750,11,2726,83,previous_physical_hour,NaN,false,NaN
20260811_155000_stage_B_2C_30day_full_final,5,12,12,2,2751,11,2727,84,previous_physical_hour,NaN,false,NaN
20260811_155000_stage_B_2C_30day_full_final,5,13,13,1,2774,12,2750,83,previous_physical_hour,NaN,false,NaN
20260811_155000_stage_B_2C_30day_full_final,5,13,13,2,2775,12,2751,84,previous_physical_hour,NaN,false,NaN
20260811_155000_stage_B_2C_30day_full_final,5,14,14,1,2798,13,2774,83,previous_physical_hour,NaN,false,NaN
20260811_155000_stage_B_2C_30day_full_final,5,14,14,2,2799,13,2775,84,previous_physical_hour,NaN,false,NaN
20260811_155000_stage_B_2C_30day_full_final,5,15,15,1,2822,14,2798,83,previous_physical_hour,NaN,false,NaN
20260811_155000_stage_B_2C_30day_full_final,5,15,15,2,2823,14,2799,84,previous_physical_hour,NaN,false,NaN
20260811_155000_stage_B_2C_30day_full_final,5,16,16,1,2846,15,2822,83,previous_physical_hour,NaN,false,NaN
20260811_155000_stage_B_2C_30day_full_final,5,16,16,2,2847,15,2823,84,previous_physical_hour,NaN,false,NaN
20260811_155000_stage_B_2C_30day_full_final,5,17,17,1,2870,16,2846,83,previous_physical_hour,NaN,false,NaN
20260811_155000_stage_B_2C_30day_full_final,5,17,17,2,2871,16,2847,84,previous_physical_hour,NaN,false,NaN
20260811_155000_stage_B_2C_30day_full_final,5,18,18,1,2894,17,2870,83,previous_physical_hour,NaN,false,NaN
20260811_155000_stage_B_2C_30day_full_final,5,18,18,2,2895,17,2871,84,previous_physical_hour,NaN,false,NaN
20260811_155000_stage_B_2C_30day_full_final,5,19,19,1,2918,18,2894,83,previous_physical_hour,NaN,false,NaN
20260811_155000_stage_B_2C_30day_full_final,5,19,19,2,2919,18,2895,84,previous_physical_hour,NaN,false,NaN
20260811_155000_stage_B_2C_30day_full_final,5,20,20,1,2937,19,2918,83,previous_physical_hour,NaN,false,NaN
20260811_155000_stage_B_2C_30day_full_final,5,20,20,2,2938,19,2919,84,previous_physical_hour,NaN,false,NaN
20260811_155000_stage_B_2C_30day_full_final,5,21,21,1,2956,20,2937,83,previous_physical_hour,NaN,false,NaN
20260811_155000_stage_B_2C_30day_full_final,5,21,21,2,2957,20,2938,84,previous_physical_hour,NaN,false,NaN
20260811_155000_stage_B_2C_30day_full_final,5,22,22,1,2975,21,2956,83,previous_physical_hour,NaN,false,NaN
20260811_155000_stage_B_2C_30day_full_final,5,22,22,2,2976,21,2957,84,previous_physical_hour,NaN,false,NaN
20260811_155000_stage_B_2C_30day_full_final,5,23,23,1,2994,22,2975,83,previous_physical_hour,NaN,false,NaN
20260811_155000_stage_B_2C_30day_full_final,5,23,23,2,2995,22,2976,84,previous_physical_hour,NaN,false,NaN
20260811_155000_stage_B_2C_30day_full_final,5,24,24,1,3013,23,2994,83,previous_physical_hour,NaN,true,0.5
20260811_155000_stage_B_2C_30day_full_final,5,24,24,2,3014,23,2995,84,previous_physical_hour,NaN,true,0.5
20260811_155000_stage_B_2C_30day_full_final,6,1,1,1,3032,NaN,0,97,formal_daily_fixed_half_energy,0.5,false,NaN
20260811_155000_stage_B_2C_30day_full_final,6,1,1,2,3033,NaN,0,98,formal_daily_fixed_half_energy,0.5,false,NaN
20260811_155000_stage_B_2C_30day_full_final,6,2,2,1,3051,1,3032,97,previous_physical_hour,NaN,false,NaN
20260811_155000_stage_B_2C_30day_full_final,6,2,2,2,3052,1,3033,98,previous_physical_hour,NaN,false,NaN
20260811_155000_stage_B_2C_30day_full_final,6,3,3,1,3070,2,3051,97,previous_physical_hour,NaN,false,NaN
20260811_155000_stage_B_2C_30day_full_final,6,3,3,2,3071,2,3052,98,previous_physical_hour,NaN,false,NaN
20260811_155000_stage_B_2C_30day_full_final,6,4,4,1,3089,3,3070,97,previous_physical_hour,NaN,false,NaN
20260811_155000_stage_B_2C_30day_full_final,6,4,4,2,3090,3,3071,98,previous_physical_hour,NaN,false,NaN
20260811_155000_stage_B_2C_30day_full_final,6,5,5,1,3108,4,3089,97,previous_physical_hour,NaN,false,NaN
20260811_155000_stage_B_2C_30day_full_final,6,5,5,2,3109,4,3090,98,previous_physical_hour,NaN,false,NaN
20260811_155000_stage_B_2C_30day_full_final,6,6,6,1,3127,5,3108,97,previous_physical_hour,NaN,false,NaN
20260811_155000_stage_B_2C_30day_full_final,6,6,6,2,3128,5,3109,98,previous_physical_hour,NaN,false,NaN
20260811_155000_stage_B_2C_30day_full_final,6,7,7,1,3146,6,3127,97,previous_physical_hour,NaN,false,NaN
20260811_155000_stage_B_2C_30day_full_final,6,7,7,2,3147,6,3128,98,previous_physical_hour,NaN,false,NaN
20260811_155000_stage_B_2C_30day_full_final,6,8,8,1,3170,7,3146,97,previous_physical_hour,NaN,false,NaN
20260811_155000_stage_B_2C_30day_full_final,6,8,8,2,3171,7,3147,98,previous_physical_hour,NaN,false,NaN
20260811_155000_stage_B_2C_30day_full_final,6,9,9,1,3194,8,3170,97,previous_physical_hour,NaN,false,NaN
20260811_155000_stage_B_2C_30day_full_final,6,9,9,2,3195,8,3171,98,previous_physical_hour,NaN,false,NaN
20260811_155000_stage_B_2C_30day_full_final,6,10,10,1,3218,9,3194,97,previous_physical_hour,NaN,false,NaN
20260811_155000_stage_B_2C_30day_full_final,6,10,10,2,3219,9,3195,98,previous_physical_hour,NaN,false,NaN
20260811_155000_stage_B_2C_30day_full_final,6,11,11,1,3242,10,3218,97,previous_physical_hour,NaN,false,NaN
20260811_155000_stage_B_2C_30day_full_final,6,11,11,2,3243,10,3219,98,previous_physical_hour,NaN,false,NaN
20260811_155000_stage_B_2C_30day_full_final,6,12,12,1,3266,11,3242,97,previous_physical_hour,NaN,false,NaN
20260811_155000_stage_B_2C_30day_full_final,6,12,12,2,3267,11,3243,98,previous_physical_hour,NaN,false,NaN
20260811_155000_stage_B_2C_30day_full_final,6,13,13,1,3290,12,3266,97,previous_physical_hour,NaN,false,NaN
20260811_155000_stage_B_2C_30day_full_final,6,13,13,2,3291,12,3267,98,previous_physical_hour,NaN,false,NaN
20260811_155000_stage_B_2C_30day_full_final,6,14,14,1,3314,13,3290,97,previous_physical_hour,NaN,false,NaN
20260811_155000_stage_B_2C_30day_full_final,6,14,14,2,3315,13,3291,98,previous_physical_hour,NaN,false,NaN
20260811_155000_stage_B_2C_30day_full_final,6,15,15,1,3338,14,3314,97,previous_physical_hour,NaN,false,NaN
20260811_155000_stage_B_2C_30day_full_final,6,15,15,2,3339,14,3315,98,previous_physical_hour,NaN,false,NaN
20260811_155000_stage_B_2C_30day_full_final,6,16,16,1,3362,15,3338,97,previous_physical_hour,NaN,false,NaN
20260811_155000_stage_B_2C_30day_full_final,6,16,16,2,3363,15,3339,98,previous_physical_hour,NaN,false,NaN
20260811_155000_stage_B_2C_30day_full_final,6,17,17,1,3386,16,3362,97,previous_physical_hour,NaN,false,NaN
20260811_155000_stage_B_2C_30day_full_final,6,17,17,2,3387,16,3363,98,previous_physical_hour,NaN,false,NaN
20260811_155000_stage_B_2C_30day_full_final,6,18,18,1,3410,17,3386,97,previous_physical_hour,NaN,false,NaN
20260811_155000_stage_B_2C_30day_full_final,6,18,18,2,3411,17,3387,98,previous_physical_hour,NaN,false,NaN
20260811_155000_stage_B_2C_30day_full_final,6,19,19,1,3434,18,3410,97,previous_physical_hour,NaN,false,NaN
20260811_155000_stage_B_2C_30day_full_final,6,19,19,2,3435,18,3411,98,previous_physical_hour,NaN,false,NaN
20260811_155000_stage_B_2C_30day_full_final,6,20,20,1,3453,19,3434,97,previous_physical_hour,NaN,false,NaN
20260811_155000_stage_B_2C_30day_full_final,6,20,20,2,3454,19,3435,98,previous_physical_hour,NaN,false,NaN
20260811_155000_stage_B_2C_30day_full_final,6,21,21,1,3472,20,3453,97,previous_physical_hour,NaN,false,NaN
20260811_155000_stage_B_2C_30day_full_final,6,21,21,2,3473,20,3454,98,previous_physical_hour,NaN,false,NaN
20260811_155000_stage_B_2C_30day_full_final,6,22,22,1,3491,21,3472,97,previous_physical_hour,NaN,false,NaN
20260811_155000_stage_B_2C_30day_full_final,6,22,22,2,3492,21,3473,98,previous_physical_hour,NaN,false,NaN
20260811_155000_stage_B_2C_30day_full_final,6,23,23,1,3510,22,3491,97,previous_physical_hour,NaN,false,NaN
20260811_155000_stage_B_2C_30day_full_final,6,23,23,2,3511,22,3492,98,previous_physical_hour,NaN,false,NaN
20260811_155000_stage_B_2C_30day_full_final,6,24,24,1,3529,23,3510,97,previous_physical_hour,NaN,true,0.5
20260811_155000_stage_B_2C_30day_full_final,6,24,24,2,3530,23,3511,98,previous_physical_hour,NaN,true,0.5
20260811_155000_stage_B_2C_30day_full_final,7,1,1,1,3548,NaN,0,111,formal_daily_fixed_half_energy,0.5,false,NaN
20260811_155000_stage_B_2C_30day_full_final,7,1,1,2,3549,NaN,0,112,formal_daily_fixed_half_energy,0.5,false,NaN
20260811_155000_stage_B_2C_30day_full_final,7,2,2,1,3567,1,3548,111,previous_physical_hour,NaN,false,NaN
20260811_155000_stage_B_2C_30day_full_final,7,2,2,2,3568,1,3549,112,previous_physical_hour,NaN,false,NaN
20260811_155000_stage_B_2C_30day_full_final,7,3,3,1,3586,2,3567,111,previous_physical_hour,NaN,false,NaN
20260811_155000_stage_B_2C_30day_full_final,7,3,3,2,3587,2,3568,112,previous_physical_hour,NaN,false,NaN
20260811_155000_stage_B_2C_30day_full_final,7,4,4,1,3605,3,3586,111,previous_physical_hour,NaN,false,NaN
20260811_155000_stage_B_2C_30day_full_final,7,4,4,2,3606,3,3587,112,previous_physical_hour,NaN,false,NaN
20260811_155000_stage_B_2C_30day_full_final,7,5,5,1,3624,4,3605,111,previous_physical_hour,NaN,false,NaN
20260811_155000_stage_B_2C_30day_full_final,7,5,5,2,3625,4,3606,112,previous_physical_hour,NaN,false,NaN
20260811_155000_stage_B_2C_30day_full_final,7,6,6,1,3643,5,3624,111,previous_physical_hour,NaN,false,NaN
20260811_155000_stage_B_2C_30day_full_final,7,6,6,2,3644,5,3625,112,previous_physical_hour,NaN,false,NaN
20260811_155000_stage_B_2C_30day_full_final,7,7,7,1,3662,6,3643,111,previous_physical_hour,NaN,false,NaN
20260811_155000_stage_B_2C_30day_full_final,7,7,7,2,3663,6,3644,112,previous_physical_hour,NaN,false,NaN
20260811_155000_stage_B_2C_30day_full_final,7,8,8,1,3686,7,3662,111,previous_physical_hour,NaN,false,NaN
20260811_155000_stage_B_2C_30day_full_final,7,8,8,2,3687,7,3663,112,previous_physical_hour,NaN,false,NaN
20260811_155000_stage_B_2C_30day_full_final,7,9,9,1,3710,8,3686,111,previous_physical_hour,NaN,false,NaN
20260811_155000_stage_B_2C_30day_full_final,7,9,9,2,3711,8,3687,112,previous_physical_hour,NaN,false,NaN
20260811_155000_stage_B_2C_30day_full_final,7,10,10,1,3734,9,3710,111,previous_physical_hour,NaN,false,NaN
20260811_155000_stage_B_2C_30day_full_final,7,10,10,2,3735,9,3711,112,previous_physical_hour,NaN,false,NaN
20260811_155000_stage_B_2C_30day_full_final,7,11,11,1,3758,10,3734,111,previous_physical_hour,NaN,false,NaN
20260811_155000_stage_B_2C_30day_full_final,7,11,11,2,3759,10,3735,112,previous_physical_hour,NaN,false,NaN
20260811_155000_stage_B_2C_30day_full_final,7,12,12,1,3782,11,3758,111,previous_physical_hour,NaN,false,NaN
20260811_155000_stage_B_2C_30day_full_final,7,12,12,2,3783,11,3759,112,previous_physical_hour,NaN,false,NaN
20260811_155000_stage_B_2C_30day_full_final,7,13,13,1,3806,12,3782,111,previous_physical_hour,NaN,false,NaN
20260811_155000_stage_B_2C_30day_full_final,7,13,13,2,3807,12,3783,112,previous_physical_hour,NaN,false,NaN
20260811_155000_stage_B_2C_30day_full_final,7,14,14,1,3830,13,3806,111,previous_physical_hour,NaN,false,NaN
20260811_155000_stage_B_2C_30day_full_final,7,14,14,2,3831,13,3807,112,previous_physical_hour,NaN,false,NaN
20260811_155000_stage_B_2C_30day_full_final,7,15,15,1,3854,14,3830,111,previous_physical_hour,NaN,false,NaN
20260811_155000_stage_B_2C_30day_full_final,7,15,15,2,3855,14,3831,112,previous_physical_hour,NaN,false,NaN
20260811_155000_stage_B_2C_30day_full_final,7,16,16,1,3878,15,3854,111,previous_physical_hour,NaN,false,NaN
20260811_155000_stage_B_2C_30day_full_final,7,16,16,2,3879,15,3855,112,previous_physical_hour,NaN,false,NaN
20260811_155000_stage_B_2C_30day_full_final,7,17,17,1,3902,16,3878,111,previous_physical_hour,NaN,false,NaN
20260811_155000_stage_B_2C_30day_full_final,7,17,17,2,3903,16,3879,112,previous_physical_hour,NaN,false,NaN
20260811_155000_stage_B_2C_30day_full_final,7,18,18,1,3926,17,3902,111,previous_physical_hour,NaN,false,NaN
20260811_155000_stage_B_2C_30day_full_final,7,18,18,2,3927,17,3903,112,previous_physical_hour,NaN,false,NaN
20260811_155000_stage_B_2C_30day_full_final,7,19,19,1,3950,18,3926,111,previous_physical_hour,NaN,false,NaN
20260811_155000_stage_B_2C_30day_full_final,7,19,19,2,3951,18,3927,112,previous_physical_hour,NaN,false,NaN
20260811_155000_stage_B_2C_30day_full_final,7,20,20,1,3969,19,3950,111,previous_physical_hour,NaN,false,NaN
20260811_155000_stage_B_2C_30day_full_final,7,20,20,2,3970,19,3951,112,previous_physical_hour,NaN,false,NaN
20260811_155000_stage_B_2C_30day_full_final,7,21,21,1,3988,20,3969,111,previous_physical_hour,NaN,false,NaN
20260811_155000_stage_B_2C_30day_full_final,7,21,21,2,3989,20,3970,112,previous_physical_hour,NaN,false,NaN
20260811_155000_stage_B_2C_30day_full_final,7,22,22,1,4007,21,3988,111,previous_physical_hour,NaN,false,NaN
20260811_155000_stage_B_2C_30day_full_final,7,22,22,2,4008,21,3989,112,previous_physical_hour,NaN,false,NaN
20260811_155000_stage_B_2C_30day_full_final,7,23,23,1,4026,22,4007,111,previous_physical_hour,NaN,false,NaN
20260811_155000_stage_B_2C_30day_full_final,7,23,23,2,4027,22,4008,112,previous_physical_hour,NaN,false,NaN
20260811_155000_stage_B_2C_30day_full_final,7,24,24,1,4045,23,4026,111,previous_physical_hour,NaN,true,0.5
20260811_155000_stage_B_2C_30day_full_final,7,24,24,2,4046,23,4027,112,previous_physical_hour,NaN,true,0.5
20260811_155000_stage_B_2C_30day_full_final,8,1,1,1,4064,NaN,0,125,formal_daily_fixed_half_energy,0.5,false,NaN
20260811_155000_stage_B_2C_30day_full_final,8,1,1,2,4065,NaN,0,126,formal_daily_fixed_half_energy,0.5,false,NaN
20260811_155000_stage_B_2C_30day_full_final,8,2,2,1,4083,1,4064,125,previous_physical_hour,NaN,false,NaN
20260811_155000_stage_B_2C_30day_full_final,8,2,2,2,4084,1,4065,126,previous_physical_hour,NaN,false,NaN
20260811_155000_stage_B_2C_30day_full_final,8,3,3,1,4102,2,4083,125,previous_physical_hour,NaN,false,NaN
20260811_155000_stage_B_2C_30day_full_final,8,3,3,2,4103,2,4084,126,previous_physical_hour,NaN,false,NaN
20260811_155000_stage_B_2C_30day_full_final,8,4,4,1,4121,3,4102,125,previous_physical_hour,NaN,false,NaN
20260811_155000_stage_B_2C_30day_full_final,8,4,4,2,4122,3,4103,126,previous_physical_hour,NaN,false,NaN
20260811_155000_stage_B_2C_30day_full_final,8,5,5,1,4140,4,4121,125,previous_physical_hour,NaN,false,NaN
20260811_155000_stage_B_2C_30day_full_final,8,5,5,2,4141,4,4122,126,previous_physical_hour,NaN,false,NaN
20260811_155000_stage_B_2C_30day_full_final,8,6,6,1,4159,5,4140,125,previous_physical_hour,NaN,false,NaN
20260811_155000_stage_B_2C_30day_full_final,8,6,6,2,4160,5,4141,126,previous_physical_hour,NaN,false,NaN
20260811_155000_stage_B_2C_30day_full_final,8,7,7,1,4178,6,4159,125,previous_physical_hour,NaN,false,NaN
20260811_155000_stage_B_2C_30day_full_final,8,7,7,2,4179,6,4160,126,previous_physical_hour,NaN,false,NaN
20260811_155000_stage_B_2C_30day_full_final,8,8,8,1,4202,7,4178,125,previous_physical_hour,NaN,false,NaN
20260811_155000_stage_B_2C_30day_full_final,8,8,8,2,4203,7,4179,126,previous_physical_hour,NaN,false,NaN
20260811_155000_stage_B_2C_30day_full_final,8,9,9,1,4226,8,4202,125,previous_physical_hour,NaN,false,NaN
20260811_155000_stage_B_2C_30day_full_final,8,9,9,2,4227,8,4203,126,previous_physical_hour,NaN,false,NaN
20260811_155000_stage_B_2C_30day_full_final,8,10,10,1,4250,9,4226,125,previous_physical_hour,NaN,false,NaN
20260811_155000_stage_B_2C_30day_full_final,8,10,10,2,4251,9,4227,126,previous_physical_hour,NaN,false,NaN
20260811_155000_stage_B_2C_30day_full_final,8,11,11,1,4274,10,4250,125,previous_physical_hour,NaN,false,NaN
20260811_155000_stage_B_2C_30day_full_final,8,11,11,2,4275,10,4251,126,previous_physical_hour,NaN,false,NaN
20260811_155000_stage_B_2C_30day_full_final,8,12,12,1,4298,11,4274,125,previous_physical_hour,NaN,false,NaN
20260811_155000_stage_B_2C_30day_full_final,8,12,12,2,4299,11,4275,126,previous_physical_hour,NaN,false,NaN
20260811_155000_stage_B_2C_30day_full_final,8,13,13,1,4322,12,4298,125,previous_physical_hour,NaN,false,NaN
20260811_155000_stage_B_2C_30day_full_final,8,13,13,2,4323,12,4299,126,previous_physical_hour,NaN,false,NaN
20260811_155000_stage_B_2C_30day_full_final,8,14,14,1,4346,13,4322,125,previous_physical_hour,NaN,false,NaN
20260811_155000_stage_B_2C_30day_full_final,8,14,14,2,4347,13,4323,126,previous_physical_hour,NaN,false,NaN
20260811_155000_stage_B_2C_30day_full_final,8,15,15,1,4370,14,4346,125,previous_physical_hour,NaN,false,NaN
20260811_155000_stage_B_2C_30day_full_final,8,15,15,2,4371,14,4347,126,previous_physical_hour,NaN,false,NaN
20260811_155000_stage_B_2C_30day_full_final,8,16,16,1,4394,15,4370,125,previous_physical_hour,NaN,false,NaN
20260811_155000_stage_B_2C_30day_full_final,8,16,16,2,4395,15,4371,126,previous_physical_hour,NaN,false,NaN
20260811_155000_stage_B_2C_30day_full_final,8,17,17,1,4418,16,4394,125,previous_physical_hour,NaN,false,NaN
20260811_155000_stage_B_2C_30day_full_final,8,17,17,2,4419,16,4395,126,previous_physical_hour,NaN,false,NaN
20260811_155000_stage_B_2C_30day_full_final,8,18,18,1,4442,17,4418,125,previous_physical_hour,NaN,false,NaN
20260811_155000_stage_B_2C_30day_full_final,8,18,18,2,4443,17,4419,126,previous_physical_hour,NaN,false,NaN
20260811_155000_stage_B_2C_30day_full_final,8,19,19,1,4466,18,4442,125,previous_physical_hour,NaN,false,NaN
20260811_155000_stage_B_2C_30day_full_final,8,19,19,2,4467,18,4443,126,previous_physical_hour,NaN,false,NaN
20260811_155000_stage_B_2C_30day_full_final,8,20,20,1,4485,19,4466,125,previous_physical_hour,NaN,false,NaN
20260811_155000_stage_B_2C_30day_full_final,8,20,20,2,4486,19,4467,126,previous_physical_hour,NaN,false,NaN
20260811_155000_stage_B_2C_30day_full_final,8,21,21,1,4504,20,4485,125,previous_physical_hour,NaN,false,NaN
20260811_155000_stage_B_2C_30day_full_final,8,21,21,2,4505,20,4486,126,previous_physical_hour,NaN,false,NaN
20260811_155000_stage_B_2C_30day_full_final,8,22,22,1,4523,21,4504,125,previous_physical_hour,NaN,false,NaN
20260811_155000_stage_B_2C_30day_full_final,8,22,22,2,4524,21,4505,126,previous_physical_hour,NaN,false,NaN
20260811_155000_stage_B_2C_30day_full_final,8,23,23,1,4542,22,4523,125,previous_physical_hour,NaN,false,NaN
20260811_155000_stage_B_2C_30day_full_final,8,23,23,2,4543,22,4524,126,previous_physical_hour,NaN,false,NaN
20260811_155000_stage_B_2C_30day_full_final,8,24,24,1,4561,23,4542,125,previous_physical_hour,NaN,true,0.5
20260811_155000_stage_B_2C_30day_full_final,8,24,24,2,4562,23,4543,126,previous_physical_hour,NaN,true,0.5
20260811_155000_stage_B_2C_30day_full_final,9,1,1,1,4580,NaN,0,139,formal_daily_fixed_half_energy,0.5,false,NaN
20260811_155000_stage_B_2C_30day_full_final,9,1,1,2,4581,NaN,0,140,formal_daily_fixed_half_energy,0.5,false,NaN
20260811_155000_stage_B_2C_30day_full_final,9,2,2,1,4599,1,4580,139,previous_physical_hour,NaN,false,NaN
20260811_155000_stage_B_2C_30day_full_final,9,2,2,2,4600,1,4581,140,previous_physical_hour,NaN,false,NaN
20260811_155000_stage_B_2C_30day_full_final,9,3,3,1,4618,2,4599,139,previous_physical_hour,NaN,false,NaN
20260811_155000_stage_B_2C_30day_full_final,9,3,3,2,4619,2,4600,140,previous_physical_hour,NaN,false,NaN
20260811_155000_stage_B_2C_30day_full_final,9,4,4,1,4637,3,4618,139,previous_physical_hour,NaN,false,NaN
20260811_155000_stage_B_2C_30day_full_final,9,4,4,2,4638,3,4619,140,previous_physical_hour,NaN,false,NaN
20260811_155000_stage_B_2C_30day_full_final,9,5,5,1,4656,4,4637,139,previous_physical_hour,NaN,false,NaN
20260811_155000_stage_B_2C_30day_full_final,9,5,5,2,4657,4,4638,140,previous_physical_hour,NaN,false,NaN
20260811_155000_stage_B_2C_30day_full_final,9,6,6,1,4675,5,4656,139,previous_physical_hour,NaN,false,NaN
20260811_155000_stage_B_2C_30day_full_final,9,6,6,2,4676,5,4657,140,previous_physical_hour,NaN,false,NaN
20260811_155000_stage_B_2C_30day_full_final,9,7,7,1,4694,6,4675,139,previous_physical_hour,NaN,false,NaN
20260811_155000_stage_B_2C_30day_full_final,9,7,7,2,4695,6,4676,140,previous_physical_hour,NaN,false,NaN
20260811_155000_stage_B_2C_30day_full_final,9,8,8,1,4718,7,4694,139,previous_physical_hour,NaN,false,NaN
20260811_155000_stage_B_2C_30day_full_final,9,8,8,2,4719,7,4695,140,previous_physical_hour,NaN,false,NaN
20260811_155000_stage_B_2C_30day_full_final,9,9,9,1,4742,8,4718,139,previous_physical_hour,NaN,false,NaN
20260811_155000_stage_B_2C_30day_full_final,9,9,9,2,4743,8,4719,140,previous_physical_hour,NaN,false,NaN
20260811_155000_stage_B_2C_30day_full_final,9,10,10,1,4766,9,4742,139,previous_physical_hour,NaN,false,NaN
20260811_155000_stage_B_2C_30day_full_final,9,10,10,2,4767,9,4743,140,previous_physical_hour,NaN,false,NaN
20260811_155000_stage_B_2C_30day_full_final,9,11,11,1,4790,10,4766,139,previous_physical_hour,NaN,false,NaN
20260811_155000_stage_B_2C_30day_full_final,9,11,11,2,4791,10,4767,140,previous_physical_hour,NaN,false,NaN
20260811_155000_stage_B_2C_30day_full_final,9,12,12,1,4814,11,4790,139,previous_physical_hour,NaN,false,NaN
20260811_155000_stage_B_2C_30day_full_final,9,12,12,2,4815,11,4791,140,previous_physical_hour,NaN,false,NaN
20260811_155000_stage_B_2C_30day_full_final,9,13,13,1,4838,12,4814,139,previous_physical_hour,NaN,false,NaN
20260811_155000_stage_B_2C_30day_full_final,9,13,13,2,4839,12,4815,140,previous_physical_hour,NaN,false,NaN
20260811_155000_stage_B_2C_30day_full_final,9,14,14,1,4862,13,4838,139,previous_physical_hour,NaN,false,NaN
20260811_155000_stage_B_2C_30day_full_final,9,14,14,2,4863,13,4839,140,previous_physical_hour,NaN,false,NaN
20260811_155000_stage_B_2C_30day_full_final,9,15,15,1,4886,14,4862,139,previous_physical_hour,NaN,false,NaN
20260811_155000_stage_B_2C_30day_full_final,9,15,15,2,4887,14,4863,140,previous_physical_hour,NaN,false,NaN
20260811_155000_stage_B_2C_30day_full_final,9,16,16,1,4910,15,4886,139,previous_physical_hour,NaN,false,NaN
20260811_155000_stage_B_2C_30day_full_final,9,16,16,2,4911,15,4887,140,previous_physical_hour,NaN,false,NaN
20260811_155000_stage_B_2C_30day_full_final,9,17,17,1,4934,16,4910,139,previous_physical_hour,NaN,false,NaN
20260811_155000_stage_B_2C_30day_full_final,9,17,17,2,4935,16,4911,140,previous_physical_hour,NaN,false,NaN
20260811_155000_stage_B_2C_30day_full_final,9,18,18,1,4958,17,4934,139,previous_physical_hour,NaN,false,NaN
20260811_155000_stage_B_2C_30day_full_final,9,18,18,2,4959,17,4935,140,previous_physical_hour,NaN,false,NaN
20260811_155000_stage_B_2C_30day_full_final,9,19,19,1,4982,18,4958,139,previous_physical_hour,NaN,false,NaN
20260811_155000_stage_B_2C_30day_full_final,9,19,19,2,4983,18,4959,140,previous_physical_hour,NaN,false,NaN
20260811_155000_stage_B_2C_30day_full_final,9,20,20,1,5001,19,4982,139,previous_physical_hour,NaN,false,NaN
20260811_155000_stage_B_2C_30day_full_final,9,20,20,2,5002,19,4983,140,previous_physical_hour,NaN,false,NaN
20260811_155000_stage_B_2C_30day_full_final,9,21,21,1,5020,20,5001,139,previous_physical_hour,NaN,false,NaN
20260811_155000_stage_B_2C_30day_full_final,9,21,21,2,5021,20,5002,140,previous_physical_hour,NaN,false,NaN
20260811_155000_stage_B_2C_30day_full_final,9,22,22,1,5039,21,5020,139,previous_physical_hour,NaN,false,NaN
20260811_155000_stage_B_2C_30day_full_final,9,22,22,2,5040,21,5021,140,previous_physical_hour,NaN,false,NaN
20260811_155000_stage_B_2C_30day_full_final,9,23,23,1,5058,22,5039,139,previous_physical_hour,NaN,false,NaN
20260811_155000_stage_B_2C_30day_full_final,9,23,23,2,5059,22,5040,140,previous_physical_hour,NaN,false,NaN
20260811_155000_stage_B_2C_30day_full_final,9,24,24,1,5077,23,5058,139,previous_physical_hour,NaN,true,0.5
20260811_155000_stage_B_2C_30day_full_final,9,24,24,2,5078,23,5059,140,previous_physical_hour,NaN,true,0.5
20260811_155000_stage_B_2C_30day_full_final,10,1,1,1,5096,NaN,0,153,formal_daily_fixed_half_energy,0.5,false,NaN
20260811_155000_stage_B_2C_30day_full_final,10,1,1,2,5097,NaN,0,154,formal_daily_fixed_half_energy,0.5,false,NaN
20260811_155000_stage_B_2C_30day_full_final,10,2,2,1,5115,1,5096,153,previous_physical_hour,NaN,false,NaN
20260811_155000_stage_B_2C_30day_full_final,10,2,2,2,5116,1,5097,154,previous_physical_hour,NaN,false,NaN
20260811_155000_stage_B_2C_30day_full_final,10,3,3,1,5134,2,5115,153,previous_physical_hour,NaN,false,NaN
20260811_155000_stage_B_2C_30day_full_final,10,3,3,2,5135,2,5116,154,previous_physical_hour,NaN,false,NaN
20260811_155000_stage_B_2C_30day_full_final,10,4,4,1,5153,3,5134,153,previous_physical_hour,NaN,false,NaN
20260811_155000_stage_B_2C_30day_full_final,10,4,4,2,5154,3,5135,154,previous_physical_hour,NaN,false,NaN
20260811_155000_stage_B_2C_30day_full_final,10,5,5,1,5172,4,5153,153,previous_physical_hour,NaN,false,NaN
20260811_155000_stage_B_2C_30day_full_final,10,5,5,2,5173,4,5154,154,previous_physical_hour,NaN,false,NaN
20260811_155000_stage_B_2C_30day_full_final,10,6,6,1,5191,5,5172,153,previous_physical_hour,NaN,false,NaN
20260811_155000_stage_B_2C_30day_full_final,10,6,6,2,5192,5,5173,154,previous_physical_hour,NaN,false,NaN
20260811_155000_stage_B_2C_30day_full_final,10,7,7,1,5210,6,5191,153,previous_physical_hour,NaN,false,NaN
20260811_155000_stage_B_2C_30day_full_final,10,7,7,2,5211,6,5192,154,previous_physical_hour,NaN,false,NaN
20260811_155000_stage_B_2C_30day_full_final,10,8,8,1,5234,7,5210,153,previous_physical_hour,NaN,false,NaN
20260811_155000_stage_B_2C_30day_full_final,10,8,8,2,5235,7,5211,154,previous_physical_hour,NaN,false,NaN
20260811_155000_stage_B_2C_30day_full_final,10,9,9,1,5258,8,5234,153,previous_physical_hour,NaN,false,NaN
20260811_155000_stage_B_2C_30day_full_final,10,9,9,2,5259,8,5235,154,previous_physical_hour,NaN,false,NaN
20260811_155000_stage_B_2C_30day_full_final,10,10,10,1,5282,9,5258,153,previous_physical_hour,NaN,false,NaN
20260811_155000_stage_B_2C_30day_full_final,10,10,10,2,5283,9,5259,154,previous_physical_hour,NaN,false,NaN
20260811_155000_stage_B_2C_30day_full_final,10,11,11,1,5306,10,5282,153,previous_physical_hour,NaN,false,NaN
20260811_155000_stage_B_2C_30day_full_final,10,11,11,2,5307,10,5283,154,previous_physical_hour,NaN,false,NaN
20260811_155000_stage_B_2C_30day_full_final,10,12,12,1,5330,11,5306,153,previous_physical_hour,NaN,false,NaN
20260811_155000_stage_B_2C_30day_full_final,10,12,12,2,5331,11,5307,154,previous_physical_hour,NaN,false,NaN
20260811_155000_stage_B_2C_30day_full_final,10,13,13,1,5354,12,5330,153,previous_physical_hour,NaN,false,NaN
20260811_155000_stage_B_2C_30day_full_final,10,13,13,2,5355,12,5331,154,previous_physical_hour,NaN,false,NaN
20260811_155000_stage_B_2C_30day_full_final,10,14,14,1,5378,13,5354,153,previous_physical_hour,NaN,false,NaN
20260811_155000_stage_B_2C_30day_full_final,10,14,14,2,5379,13,5355,154,previous_physical_hour,NaN,false,NaN
20260811_155000_stage_B_2C_30day_full_final,10,15,15,1,5402,14,5378,153,previous_physical_hour,NaN,false,NaN
20260811_155000_stage_B_2C_30day_full_final,10,15,15,2,5403,14,5379,154,previous_physical_hour,NaN,false,NaN
20260811_155000_stage_B_2C_30day_full_final,10,16,16,1,5426,15,5402,153,previous_physical_hour,NaN,false,NaN
20260811_155000_stage_B_2C_30day_full_final,10,16,16,2,5427,15,5403,154,previous_physical_hour,NaN,false,NaN
20260811_155000_stage_B_2C_30day_full_final,10,17,17,1,5450,16,5426,153,previous_physical_hour,NaN,false,NaN
20260811_155000_stage_B_2C_30day_full_final,10,17,17,2,5451,16,5427,154,previous_physical_hour,NaN,false,NaN
20260811_155000_stage_B_2C_30day_full_final,10,18,18,1,5474,17,5450,153,previous_physical_hour,NaN,false,NaN
20260811_155000_stage_B_2C_30day_full_final,10,18,18,2,5475,17,5451,154,previous_physical_hour,NaN,false,NaN
20260811_155000_stage_B_2C_30day_full_final,10,19,19,1,5498,18,5474,153,previous_physical_hour,NaN,false,NaN
20260811_155000_stage_B_2C_30day_full_final,10,19,19,2,5499,18,5475,154,previous_physical_hour,NaN,false,NaN
20260811_155000_stage_B_2C_30day_full_final,10,20,20,1,5517,19,5498,153,previous_physical_hour,NaN,false,NaN
20260811_155000_stage_B_2C_30day_full_final,10,20,20,2,5518,19,5499,154,previous_physical_hour,NaN,false,NaN
20260811_155000_stage_B_2C_30day_full_final,10,21,21,1,5536,20,5517,153,previous_physical_hour,NaN,false,NaN
20260811_155000_stage_B_2C_30day_full_final,10,21,21,2,5537,20,5518,154,previous_physical_hour,NaN,false,NaN
20260811_155000_stage_B_2C_30day_full_final,10,22,22,1,5555,21,5536,153,previous_physical_hour,NaN,false,NaN
20260811_155000_stage_B_2C_30day_full_final,10,22,22,2,5556,21,5537,154,previous_physical_hour,NaN,false,NaN
20260811_155000_stage_B_2C_30day_full_final,10,23,23,1,5574,22,5555,153,previous_physical_hour,NaN,false,NaN
20260811_155000_stage_B_2C_30day_full_final,10,23,23,2,5575,22,5556,154,previous_physical_hour,NaN,false,NaN
20260811_155000_stage_B_2C_30day_full_final,10,24,24,1,5593,23,5574,153,previous_physical_hour,NaN,true,0.5
20260811_155000_stage_B_2C_30day_full_final,10,24,24,2,5594,23,5575,154,previous_physical_hour,NaN,true,0.5
20260811_155000_stage_B_2C_30day_full_final,11,1,1,1,5612,NaN,0,167,formal_daily_fixed_half_energy,0.5,false,NaN
20260811_155000_stage_B_2C_30day_full_final,11,1,1,2,5613,NaN,0,168,formal_daily_fixed_half_energy,0.5,false,NaN
20260811_155000_stage_B_2C_30day_full_final,11,2,2,1,5631,1,5612,167,previous_physical_hour,NaN,false,NaN
20260811_155000_stage_B_2C_30day_full_final,11,2,2,2,5632,1,5613,168,previous_physical_hour,NaN,false,NaN
20260811_155000_stage_B_2C_30day_full_final,11,3,3,1,5650,2,5631,167,previous_physical_hour,NaN,false,NaN
20260811_155000_stage_B_2C_30day_full_final,11,3,3,2,5651,2,5632,168,previous_physical_hour,NaN,false,NaN
20260811_155000_stage_B_2C_30day_full_final,11,4,4,1,5669,3,5650,167,previous_physical_hour,NaN,false,NaN
20260811_155000_stage_B_2C_30day_full_final,11,4,4,2,5670,3,5651,168,previous_physical_hour,NaN,false,NaN
20260811_155000_stage_B_2C_30day_full_final,11,5,5,1,5688,4,5669,167,previous_physical_hour,NaN,false,NaN
20260811_155000_stage_B_2C_30day_full_final,11,5,5,2,5689,4,5670,168,previous_physical_hour,NaN,false,NaN
20260811_155000_stage_B_2C_30day_full_final,11,6,6,1,5707,5,5688,167,previous_physical_hour,NaN,false,NaN
20260811_155000_stage_B_2C_30day_full_final,11,6,6,2,5708,5,5689,168,previous_physical_hour,NaN,false,NaN
20260811_155000_stage_B_2C_30day_full_final,11,7,7,1,5726,6,5707,167,previous_physical_hour,NaN,false,NaN
20260811_155000_stage_B_2C_30day_full_final,11,7,7,2,5727,6,5708,168,previous_physical_hour,NaN,false,NaN
20260811_155000_stage_B_2C_30day_full_final,11,8,8,1,5750,7,5726,167,previous_physical_hour,NaN,false,NaN
20260811_155000_stage_B_2C_30day_full_final,11,8,8,2,5751,7,5727,168,previous_physical_hour,NaN,false,NaN
20260811_155000_stage_B_2C_30day_full_final,11,9,9,1,5774,8,5750,167,previous_physical_hour,NaN,false,NaN
20260811_155000_stage_B_2C_30day_full_final,11,9,9,2,5775,8,5751,168,previous_physical_hour,NaN,false,NaN
20260811_155000_stage_B_2C_30day_full_final,11,10,10,1,5798,9,5774,167,previous_physical_hour,NaN,false,NaN
20260811_155000_stage_B_2C_30day_full_final,11,10,10,2,5799,9,5775,168,previous_physical_hour,NaN,false,NaN
20260811_155000_stage_B_2C_30day_full_final,11,11,11,1,5822,10,5798,167,previous_physical_hour,NaN,false,NaN
20260811_155000_stage_B_2C_30day_full_final,11,11,11,2,5823,10,5799,168,previous_physical_hour,NaN,false,NaN
20260811_155000_stage_B_2C_30day_full_final,11,12,12,1,5846,11,5822,167,previous_physical_hour,NaN,false,NaN
20260811_155000_stage_B_2C_30day_full_final,11,12,12,2,5847,11,5823,168,previous_physical_hour,NaN,false,NaN
20260811_155000_stage_B_2C_30day_full_final,11,13,13,1,5870,12,5846,167,previous_physical_hour,NaN,false,NaN
20260811_155000_stage_B_2C_30day_full_final,11,13,13,2,5871,12,5847,168,previous_physical_hour,NaN,false,NaN
20260811_155000_stage_B_2C_30day_full_final,11,14,14,1,5894,13,5870,167,previous_physical_hour,NaN,false,NaN
20260811_155000_stage_B_2C_30day_full_final,11,14,14,2,5895,13,5871,168,previous_physical_hour,NaN,false,NaN
20260811_155000_stage_B_2C_30day_full_final,11,15,15,1,5918,14,5894,167,previous_physical_hour,NaN,false,NaN
20260811_155000_stage_B_2C_30day_full_final,11,15,15,2,5919,14,5895,168,previous_physical_hour,NaN,false,NaN
20260811_155000_stage_B_2C_30day_full_final,11,16,16,1,5942,15,5918,167,previous_physical_hour,NaN,false,NaN
20260811_155000_stage_B_2C_30day_full_final,11,16,16,2,5943,15,5919,168,previous_physical_hour,NaN,false,NaN
20260811_155000_stage_B_2C_30day_full_final,11,17,17,1,5966,16,5942,167,previous_physical_hour,NaN,false,NaN
20260811_155000_stage_B_2C_30day_full_final,11,17,17,2,5967,16,5943,168,previous_physical_hour,NaN,false,NaN
20260811_155000_stage_B_2C_30day_full_final,11,18,18,1,5990,17,5966,167,previous_physical_hour,NaN,false,NaN
20260811_155000_stage_B_2C_30day_full_final,11,18,18,2,5991,17,5967,168,previous_physical_hour,NaN,false,NaN
20260811_155000_stage_B_2C_30day_full_final,11,19,19,1,6014,18,5990,167,previous_physical_hour,NaN,false,NaN
20260811_155000_stage_B_2C_30day_full_final,11,19,19,2,6015,18,5991,168,previous_physical_hour,NaN,false,NaN
20260811_155000_stage_B_2C_30day_full_final,11,20,20,1,6033,19,6014,167,previous_physical_hour,NaN,false,NaN
20260811_155000_stage_B_2C_30day_full_final,11,20,20,2,6034,19,6015,168,previous_physical_hour,NaN,false,NaN
20260811_155000_stage_B_2C_30day_full_final,11,21,21,1,6052,20,6033,167,previous_physical_hour,NaN,false,NaN
20260811_155000_stage_B_2C_30day_full_final,11,21,21,2,6053,20,6034,168,previous_physical_hour,NaN,false,NaN
20260811_155000_stage_B_2C_30day_full_final,11,22,22,1,6071,21,6052,167,previous_physical_hour,NaN,false,NaN
20260811_155000_stage_B_2C_30day_full_final,11,22,22,2,6072,21,6053,168,previous_physical_hour,NaN,false,NaN
20260811_155000_stage_B_2C_30day_full_final,11,23,23,1,6090,22,6071,167,previous_physical_hour,NaN,false,NaN
20260811_155000_stage_B_2C_30day_full_final,11,23,23,2,6091,22,6072,168,previous_physical_hour,NaN,false,NaN
20260811_155000_stage_B_2C_30day_full_final,11,24,24,1,6109,23,6090,167,previous_physical_hour,NaN,true,0.5
20260811_155000_stage_B_2C_30day_full_final,11,24,24,2,6110,23,6091,168,previous_physical_hour,NaN,true,0.5
20260811_155000_stage_B_2C_30day_full_final,12,1,1,1,6128,NaN,0,181,formal_daily_fixed_half_energy,0.5,false,NaN
20260811_155000_stage_B_2C_30day_full_final,12,1,1,2,6129,NaN,0,182,formal_daily_fixed_half_energy,0.5,false,NaN
20260811_155000_stage_B_2C_30day_full_final,12,2,2,1,6147,1,6128,181,previous_physical_hour,NaN,false,NaN
20260811_155000_stage_B_2C_30day_full_final,12,2,2,2,6148,1,6129,182,previous_physical_hour,NaN,false,NaN
20260811_155000_stage_B_2C_30day_full_final,12,3,3,1,6166,2,6147,181,previous_physical_hour,NaN,false,NaN
20260811_155000_stage_B_2C_30day_full_final,12,3,3,2,6167,2,6148,182,previous_physical_hour,NaN,false,NaN
20260811_155000_stage_B_2C_30day_full_final,12,4,4,1,6185,3,6166,181,previous_physical_hour,NaN,false,NaN
20260811_155000_stage_B_2C_30day_full_final,12,4,4,2,6186,3,6167,182,previous_physical_hour,NaN,false,NaN
20260811_155000_stage_B_2C_30day_full_final,12,5,5,1,6204,4,6185,181,previous_physical_hour,NaN,false,NaN
20260811_155000_stage_B_2C_30day_full_final,12,5,5,2,6205,4,6186,182,previous_physical_hour,NaN,false,NaN
20260811_155000_stage_B_2C_30day_full_final,12,6,6,1,6223,5,6204,181,previous_physical_hour,NaN,false,NaN
20260811_155000_stage_B_2C_30day_full_final,12,6,6,2,6224,5,6205,182,previous_physical_hour,NaN,false,NaN
20260811_155000_stage_B_2C_30day_full_final,12,7,7,1,6242,6,6223,181,previous_physical_hour,NaN,false,NaN
20260811_155000_stage_B_2C_30day_full_final,12,7,7,2,6243,6,6224,182,previous_physical_hour,NaN,false,NaN
20260811_155000_stage_B_2C_30day_full_final,12,8,8,1,6266,7,6242,181,previous_physical_hour,NaN,false,NaN
20260811_155000_stage_B_2C_30day_full_final,12,8,8,2,6267,7,6243,182,previous_physical_hour,NaN,false,NaN
20260811_155000_stage_B_2C_30day_full_final,12,9,9,1,6290,8,6266,181,previous_physical_hour,NaN,false,NaN
20260811_155000_stage_B_2C_30day_full_final,12,9,9,2,6291,8,6267,182,previous_physical_hour,NaN,false,NaN
20260811_155000_stage_B_2C_30day_full_final,12,10,10,1,6314,9,6290,181,previous_physical_hour,NaN,false,NaN
20260811_155000_stage_B_2C_30day_full_final,12,10,10,2,6315,9,6291,182,previous_physical_hour,NaN,false,NaN
20260811_155000_stage_B_2C_30day_full_final,12,11,11,1,6338,10,6314,181,previous_physical_hour,NaN,false,NaN
20260811_155000_stage_B_2C_30day_full_final,12,11,11,2,6339,10,6315,182,previous_physical_hour,NaN,false,NaN
20260811_155000_stage_B_2C_30day_full_final,12,12,12,1,6362,11,6338,181,previous_physical_hour,NaN,false,NaN
20260811_155000_stage_B_2C_30day_full_final,12,12,12,2,6363,11,6339,182,previous_physical_hour,NaN,false,NaN
20260811_155000_stage_B_2C_30day_full_final,12,13,13,1,6386,12,6362,181,previous_physical_hour,NaN,false,NaN
20260811_155000_stage_B_2C_30day_full_final,12,13,13,2,6387,12,6363,182,previous_physical_hour,NaN,false,NaN
20260811_155000_stage_B_2C_30day_full_final,12,14,14,1,6410,13,6386,181,previous_physical_hour,NaN,false,NaN
20260811_155000_stage_B_2C_30day_full_final,12,14,14,2,6411,13,6387,182,previous_physical_hour,NaN,false,NaN
20260811_155000_stage_B_2C_30day_full_final,12,15,15,1,6434,14,6410,181,previous_physical_hour,NaN,false,NaN
20260811_155000_stage_B_2C_30day_full_final,12,15,15,2,6435,14,6411,182,previous_physical_hour,NaN,false,NaN
20260811_155000_stage_B_2C_30day_full_final,12,16,16,1,6458,15,6434,181,previous_physical_hour,NaN,false,NaN
20260811_155000_stage_B_2C_30day_full_final,12,16,16,2,6459,15,6435,182,previous_physical_hour,NaN,false,NaN
20260811_155000_stage_B_2C_30day_full_final,12,17,17,1,6482,16,6458,181,previous_physical_hour,NaN,false,NaN
20260811_155000_stage_B_2C_30day_full_final,12,17,17,2,6483,16,6459,182,previous_physical_hour,NaN,false,NaN
20260811_155000_stage_B_2C_30day_full_final,12,18,18,1,6506,17,6482,181,previous_physical_hour,NaN,false,NaN
20260811_155000_stage_B_2C_30day_full_final,12,18,18,2,6507,17,6483,182,previous_physical_hour,NaN,false,NaN
20260811_155000_stage_B_2C_30day_full_final,12,19,19,1,6530,18,6506,181,previous_physical_hour,NaN,false,NaN
20260811_155000_stage_B_2C_30day_full_final,12,19,19,2,6531,18,6507,182,previous_physical_hour,NaN,false,NaN
20260811_155000_stage_B_2C_30day_full_final,12,20,20,1,6549,19,6530,181,previous_physical_hour,NaN,false,NaN
20260811_155000_stage_B_2C_30day_full_final,12,20,20,2,6550,19,6531,182,previous_physical_hour,NaN,false,NaN
20260811_155000_stage_B_2C_30day_full_final,12,21,21,1,6568,20,6549,181,previous_physical_hour,NaN,false,NaN
20260811_155000_stage_B_2C_30day_full_final,12,21,21,2,6569,20,6550,182,previous_physical_hour,NaN,false,NaN
20260811_155000_stage_B_2C_30day_full_final,12,22,22,1,6587,21,6568,181,previous_physical_hour,NaN,false,NaN
20260811_155000_stage_B_2C_30day_full_final,12,22,22,2,6588,21,6569,182,previous_physical_hour,NaN,false,NaN
20260811_155000_stage_B_2C_30day_full_final,12,23,23,1,6606,22,6587,181,previous_physical_hour,NaN,false,NaN
20260811_155000_stage_B_2C_30day_full_final,12,23,23,2,6607,22,6588,182,previous_physical_hour,NaN,false,NaN
20260811_155000_stage_B_2C_30day_full_final,12,24,24,1,6625,23,6606,181,previous_physical_hour,NaN,true,0.5
20260811_155000_stage_B_2C_30day_full_final,12,24,24,2,6626,23,6607,182,previous_physical_hour,NaN,true,0.5
20260811_155000_stage_B_2C_30day_full_final,13,1,1,1,6644,NaN,0,195,formal_daily_fixed_half_energy,0.5,false,NaN
20260811_155000_stage_B_2C_30day_full_final,13,1,1,2,6645,NaN,0,196,formal_daily_fixed_half_energy,0.5,false,NaN
20260811_155000_stage_B_2C_30day_full_final,13,2,2,1,6663,1,6644,195,previous_physical_hour,NaN,false,NaN
20260811_155000_stage_B_2C_30day_full_final,13,2,2,2,6664,1,6645,196,previous_physical_hour,NaN,false,NaN
20260811_155000_stage_B_2C_30day_full_final,13,3,3,1,6682,2,6663,195,previous_physical_hour,NaN,false,NaN
20260811_155000_stage_B_2C_30day_full_final,13,3,3,2,6683,2,6664,196,previous_physical_hour,NaN,false,NaN
20260811_155000_stage_B_2C_30day_full_final,13,4,4,1,6701,3,6682,195,previous_physical_hour,NaN,false,NaN
20260811_155000_stage_B_2C_30day_full_final,13,4,4,2,6702,3,6683,196,previous_physical_hour,NaN,false,NaN
20260811_155000_stage_B_2C_30day_full_final,13,5,5,1,6720,4,6701,195,previous_physical_hour,NaN,false,NaN
20260811_155000_stage_B_2C_30day_full_final,13,5,5,2,6721,4,6702,196,previous_physical_hour,NaN,false,NaN
20260811_155000_stage_B_2C_30day_full_final,13,6,6,1,6739,5,6720,195,previous_physical_hour,NaN,false,NaN
20260811_155000_stage_B_2C_30day_full_final,13,6,6,2,6740,5,6721,196,previous_physical_hour,NaN,false,NaN
20260811_155000_stage_B_2C_30day_full_final,13,7,7,1,6758,6,6739,195,previous_physical_hour,NaN,false,NaN
20260811_155000_stage_B_2C_30day_full_final,13,7,7,2,6759,6,6740,196,previous_physical_hour,NaN,false,NaN
20260811_155000_stage_B_2C_30day_full_final,13,8,8,1,6782,7,6758,195,previous_physical_hour,NaN,false,NaN
20260811_155000_stage_B_2C_30day_full_final,13,8,8,2,6783,7,6759,196,previous_physical_hour,NaN,false,NaN
20260811_155000_stage_B_2C_30day_full_final,13,9,9,1,6806,8,6782,195,previous_physical_hour,NaN,false,NaN
20260811_155000_stage_B_2C_30day_full_final,13,9,9,2,6807,8,6783,196,previous_physical_hour,NaN,false,NaN
20260811_155000_stage_B_2C_30day_full_final,13,10,10,1,6830,9,6806,195,previous_physical_hour,NaN,false,NaN
20260811_155000_stage_B_2C_30day_full_final,13,10,10,2,6831,9,6807,196,previous_physical_hour,NaN,false,NaN
20260811_155000_stage_B_2C_30day_full_final,13,11,11,1,6854,10,6830,195,previous_physical_hour,NaN,false,NaN
20260811_155000_stage_B_2C_30day_full_final,13,11,11,2,6855,10,6831,196,previous_physical_hour,NaN,false,NaN
20260811_155000_stage_B_2C_30day_full_final,13,12,12,1,6878,11,6854,195,previous_physical_hour,NaN,false,NaN
20260811_155000_stage_B_2C_30day_full_final,13,12,12,2,6879,11,6855,196,previous_physical_hour,NaN,false,NaN
20260811_155000_stage_B_2C_30day_full_final,13,13,13,1,6902,12,6878,195,previous_physical_hour,NaN,false,NaN
20260811_155000_stage_B_2C_30day_full_final,13,13,13,2,6903,12,6879,196,previous_physical_hour,NaN,false,NaN
20260811_155000_stage_B_2C_30day_full_final,13,14,14,1,6926,13,6902,195,previous_physical_hour,NaN,false,NaN
20260811_155000_stage_B_2C_30day_full_final,13,14,14,2,6927,13,6903,196,previous_physical_hour,NaN,false,NaN
20260811_155000_stage_B_2C_30day_full_final,13,15,15,1,6950,14,6926,195,previous_physical_hour,NaN,false,NaN
20260811_155000_stage_B_2C_30day_full_final,13,15,15,2,6951,14,6927,196,previous_physical_hour,NaN,false,NaN
20260811_155000_stage_B_2C_30day_full_final,13,16,16,1,6974,15,6950,195,previous_physical_hour,NaN,false,NaN
20260811_155000_stage_B_2C_30day_full_final,13,16,16,2,6975,15,6951,196,previous_physical_hour,NaN,false,NaN
20260811_155000_stage_B_2C_30day_full_final,13,17,17,1,6998,16,6974,195,previous_physical_hour,NaN,false,NaN
20260811_155000_stage_B_2C_30day_full_final,13,17,17,2,6999,16,6975,196,previous_physical_hour,NaN,false,NaN
20260811_155000_stage_B_2C_30day_full_final,13,18,18,1,7022,17,6998,195,previous_physical_hour,NaN,false,NaN
20260811_155000_stage_B_2C_30day_full_final,13,18,18,2,7023,17,6999,196,previous_physical_hour,NaN,false,NaN
20260811_155000_stage_B_2C_30day_full_final,13,19,19,1,7046,18,7022,195,previous_physical_hour,NaN,false,NaN
20260811_155000_stage_B_2C_30day_full_final,13,19,19,2,7047,18,7023,196,previous_physical_hour,NaN,false,NaN
20260811_155000_stage_B_2C_30day_full_final,13,20,20,1,7065,19,7046,195,previous_physical_hour,NaN,false,NaN
20260811_155000_stage_B_2C_30day_full_final,13,20,20,2,7066,19,7047,196,previous_physical_hour,NaN,false,NaN
20260811_155000_stage_B_2C_30day_full_final,13,21,21,1,7084,20,7065,195,previous_physical_hour,NaN,false,NaN
20260811_155000_stage_B_2C_30day_full_final,13,21,21,2,7085,20,7066,196,previous_physical_hour,NaN,false,NaN
20260811_155000_stage_B_2C_30day_full_final,13,22,22,1,7103,21,7084,195,previous_physical_hour,NaN,false,NaN
20260811_155000_stage_B_2C_30day_full_final,13,22,22,2,7104,21,7085,196,previous_physical_hour,NaN,false,NaN
20260811_155000_stage_B_2C_30day_full_final,13,23,23,1,7122,22,7103,195,previous_physical_hour,NaN,false,NaN
20260811_155000_stage_B_2C_30day_full_final,13,23,23,2,7123,22,7104,196,previous_physical_hour,NaN,false,NaN
20260811_155000_stage_B_2C_30day_full_final,13,24,24,1,7141,23,7122,195,previous_physical_hour,NaN,true,0.5
20260811_155000_stage_B_2C_30day_full_final,13,24,24,2,7142,23,7123,196,previous_physical_hour,NaN,true,0.5
20260811_155000_stage_B_2C_30day_full_final,14,1,1,1,7160,NaN,0,209,formal_daily_fixed_half_energy,0.5,false,NaN
20260811_155000_stage_B_2C_30day_full_final,14,1,1,2,7161,NaN,0,210,formal_daily_fixed_half_energy,0.5,false,NaN
20260811_155000_stage_B_2C_30day_full_final,14,2,2,1,7179,1,7160,209,previous_physical_hour,NaN,false,NaN
20260811_155000_stage_B_2C_30day_full_final,14,2,2,2,7180,1,7161,210,previous_physical_hour,NaN,false,NaN
20260811_155000_stage_B_2C_30day_full_final,14,3,3,1,7198,2,7179,209,previous_physical_hour,NaN,false,NaN
20260811_155000_stage_B_2C_30day_full_final,14,3,3,2,7199,2,7180,210,previous_physical_hour,NaN,false,NaN
20260811_155000_stage_B_2C_30day_full_final,14,4,4,1,7217,3,7198,209,previous_physical_hour,NaN,false,NaN
20260811_155000_stage_B_2C_30day_full_final,14,4,4,2,7218,3,7199,210,previous_physical_hour,NaN,false,NaN
20260811_155000_stage_B_2C_30day_full_final,14,5,5,1,7236,4,7217,209,previous_physical_hour,NaN,false,NaN
20260811_155000_stage_B_2C_30day_full_final,14,5,5,2,7237,4,7218,210,previous_physical_hour,NaN,false,NaN
20260811_155000_stage_B_2C_30day_full_final,14,6,6,1,7255,5,7236,209,previous_physical_hour,NaN,false,NaN
20260811_155000_stage_B_2C_30day_full_final,14,6,6,2,7256,5,7237,210,previous_physical_hour,NaN,false,NaN
20260811_155000_stage_B_2C_30day_full_final,14,7,7,1,7274,6,7255,209,previous_physical_hour,NaN,false,NaN
20260811_155000_stage_B_2C_30day_full_final,14,7,7,2,7275,6,7256,210,previous_physical_hour,NaN,false,NaN
20260811_155000_stage_B_2C_30day_full_final,14,8,8,1,7298,7,7274,209,previous_physical_hour,NaN,false,NaN
20260811_155000_stage_B_2C_30day_full_final,14,8,8,2,7299,7,7275,210,previous_physical_hour,NaN,false,NaN
20260811_155000_stage_B_2C_30day_full_final,14,9,9,1,7322,8,7298,209,previous_physical_hour,NaN,false,NaN
20260811_155000_stage_B_2C_30day_full_final,14,9,9,2,7323,8,7299,210,previous_physical_hour,NaN,false,NaN
20260811_155000_stage_B_2C_30day_full_final,14,10,10,1,7346,9,7322,209,previous_physical_hour,NaN,false,NaN
20260811_155000_stage_B_2C_30day_full_final,14,10,10,2,7347,9,7323,210,previous_physical_hour,NaN,false,NaN
20260811_155000_stage_B_2C_30day_full_final,14,11,11,1,7370,10,7346,209,previous_physical_hour,NaN,false,NaN
20260811_155000_stage_B_2C_30day_full_final,14,11,11,2,7371,10,7347,210,previous_physical_hour,NaN,false,NaN
20260811_155000_stage_B_2C_30day_full_final,14,12,12,1,7394,11,7370,209,previous_physical_hour,NaN,false,NaN
20260811_155000_stage_B_2C_30day_full_final,14,12,12,2,7395,11,7371,210,previous_physical_hour,NaN,false,NaN
20260811_155000_stage_B_2C_30day_full_final,14,13,13,1,7418,12,7394,209,previous_physical_hour,NaN,false,NaN
20260811_155000_stage_B_2C_30day_full_final,14,13,13,2,7419,12,7395,210,previous_physical_hour,NaN,false,NaN
20260811_155000_stage_B_2C_30day_full_final,14,14,14,1,7442,13,7418,209,previous_physical_hour,NaN,false,NaN
20260811_155000_stage_B_2C_30day_full_final,14,14,14,2,7443,13,7419,210,previous_physical_hour,NaN,false,NaN
20260811_155000_stage_B_2C_30day_full_final,14,15,15,1,7466,14,7442,209,previous_physical_hour,NaN,false,NaN
20260811_155000_stage_B_2C_30day_full_final,14,15,15,2,7467,14,7443,210,previous_physical_hour,NaN,false,NaN
20260811_155000_stage_B_2C_30day_full_final,14,16,16,1,7490,15,7466,209,previous_physical_hour,NaN,false,NaN
20260811_155000_stage_B_2C_30day_full_final,14,16,16,2,7491,15,7467,210,previous_physical_hour,NaN,false,NaN
20260811_155000_stage_B_2C_30day_full_final,14,17,17,1,7514,16,7490,209,previous_physical_hour,NaN,false,NaN
20260811_155000_stage_B_2C_30day_full_final,14,17,17,2,7515,16,7491,210,previous_physical_hour,NaN,false,NaN
20260811_155000_stage_B_2C_30day_full_final,14,18,18,1,7538,17,7514,209,previous_physical_hour,NaN,false,NaN
20260811_155000_stage_B_2C_30day_full_final,14,18,18,2,7539,17,7515,210,previous_physical_hour,NaN,false,NaN
20260811_155000_stage_B_2C_30day_full_final,14,19,19,1,7561,18,7538,209,previous_physical_hour,NaN,false,NaN
20260811_155000_stage_B_2C_30day_full_final,14,19,19,2,7562,18,7539,210,previous_physical_hour,NaN,false,NaN
20260811_155000_stage_B_2C_30day_full_final,14,20,20,1,7580,19,7561,209,previous_physical_hour,NaN,false,NaN
20260811_155000_stage_B_2C_30day_full_final,14,20,20,2,7581,19,7562,210,previous_physical_hour,NaN,false,NaN
20260811_155000_stage_B_2C_30day_full_final,14,21,21,1,7599,20,7580,209,previous_physical_hour,NaN,false,NaN
20260811_155000_stage_B_2C_30day_full_final,14,21,21,2,7600,20,7581,210,previous_physical_hour,NaN,false,NaN
20260811_155000_stage_B_2C_30day_full_final,14,22,22,1,7618,21,7599,209,previous_physical_hour,NaN,false,NaN
20260811_155000_stage_B_2C_30day_full_final,14,22,22,2,7619,21,7600,210,previous_physical_hour,NaN,false,NaN
20260811_155000_stage_B_2C_30day_full_final,14,23,23,1,7637,22,7618,209,previous_physical_hour,NaN,false,NaN
20260811_155000_stage_B_2C_30day_full_final,14,23,23,2,7638,22,7619,210,previous_physical_hour,NaN,false,NaN
20260811_155000_stage_B_2C_30day_full_final,14,24,24,1,7656,23,7637,209,previous_physical_hour,NaN,true,0.5
20260811_155000_stage_B_2C_30day_full_final,14,24,24,2,7657,23,7638,210,previous_physical_hour,NaN,true,0.5
20260811_155000_stage_B_2C_30day_full_final,15,1,1,1,7675,NaN,0,223,formal_daily_fixed_half_energy,0.5,false,NaN
20260811_155000_stage_B_2C_30day_full_final,15,1,1,2,7676,NaN,0,224,formal_daily_fixed_half_energy,0.5,false,NaN
20260811_155000_stage_B_2C_30day_full_final,15,2,2,1,7694,1,7675,223,previous_physical_hour,NaN,false,NaN
20260811_155000_stage_B_2C_30day_full_final,15,2,2,2,7695,1,7676,224,previous_physical_hour,NaN,false,NaN
20260811_155000_stage_B_2C_30day_full_final,15,3,3,1,7713,2,7694,223,previous_physical_hour,NaN,false,NaN
20260811_155000_stage_B_2C_30day_full_final,15,3,3,2,7714,2,7695,224,previous_physical_hour,NaN,false,NaN
20260811_155000_stage_B_2C_30day_full_final,15,4,4,1,7732,3,7713,223,previous_physical_hour,NaN,false,NaN
20260811_155000_stage_B_2C_30day_full_final,15,4,4,2,7733,3,7714,224,previous_physical_hour,NaN,false,NaN
20260811_155000_stage_B_2C_30day_full_final,15,5,5,1,7751,4,7732,223,previous_physical_hour,NaN,false,NaN
20260811_155000_stage_B_2C_30day_full_final,15,5,5,2,7752,4,7733,224,previous_physical_hour,NaN,false,NaN
20260811_155000_stage_B_2C_30day_full_final,15,6,6,1,7770,5,7751,223,previous_physical_hour,NaN,false,NaN
20260811_155000_stage_B_2C_30day_full_final,15,6,6,2,7771,5,7752,224,previous_physical_hour,NaN,false,NaN
20260811_155000_stage_B_2C_30day_full_final,15,7,7,1,7789,6,7770,223,previous_physical_hour,NaN,false,NaN
20260811_155000_stage_B_2C_30day_full_final,15,7,7,2,7790,6,7771,224,previous_physical_hour,NaN,false,NaN
20260811_155000_stage_B_2C_30day_full_final,15,8,8,1,7813,7,7789,223,previous_physical_hour,NaN,false,NaN
20260811_155000_stage_B_2C_30day_full_final,15,8,8,2,7814,7,7790,224,previous_physical_hour,NaN,false,NaN
20260811_155000_stage_B_2C_30day_full_final,15,9,9,1,7837,8,7813,223,previous_physical_hour,NaN,false,NaN
20260811_155000_stage_B_2C_30day_full_final,15,9,9,2,7838,8,7814,224,previous_physical_hour,NaN,false,NaN
20260811_155000_stage_B_2C_30day_full_final,15,10,10,1,7861,9,7837,223,previous_physical_hour,NaN,false,NaN
20260811_155000_stage_B_2C_30day_full_final,15,10,10,2,7862,9,7838,224,previous_physical_hour,NaN,false,NaN
20260811_155000_stage_B_2C_30day_full_final,15,11,11,1,7885,10,7861,223,previous_physical_hour,NaN,false,NaN
20260811_155000_stage_B_2C_30day_full_final,15,11,11,2,7886,10,7862,224,previous_physical_hour,NaN,false,NaN
20260811_155000_stage_B_2C_30day_full_final,15,12,12,1,7909,11,7885,223,previous_physical_hour,NaN,false,NaN
20260811_155000_stage_B_2C_30day_full_final,15,12,12,2,7910,11,7886,224,previous_physical_hour,NaN,false,NaN
20260811_155000_stage_B_2C_30day_full_final,15,13,13,1,7933,12,7909,223,previous_physical_hour,NaN,false,NaN
20260811_155000_stage_B_2C_30day_full_final,15,13,13,2,7934,12,7910,224,previous_physical_hour,NaN,false,NaN
20260811_155000_stage_B_2C_30day_full_final,15,14,14,1,7957,13,7933,223,previous_physical_hour,NaN,false,NaN
20260811_155000_stage_B_2C_30day_full_final,15,14,14,2,7958,13,7934,224,previous_physical_hour,NaN,false,NaN
20260811_155000_stage_B_2C_30day_full_final,15,15,15,1,7981,14,7957,223,previous_physical_hour,NaN,false,NaN
20260811_155000_stage_B_2C_30day_full_final,15,15,15,2,7982,14,7958,224,previous_physical_hour,NaN,false,NaN
20260811_155000_stage_B_2C_30day_full_final,15,16,16,1,8005,15,7981,223,previous_physical_hour,NaN,false,NaN
20260811_155000_stage_B_2C_30day_full_final,15,16,16,2,8006,15,7982,224,previous_physical_hour,NaN,false,NaN
20260811_155000_stage_B_2C_30day_full_final,15,17,17,1,8029,16,8005,223,previous_physical_hour,NaN,false,NaN
20260811_155000_stage_B_2C_30day_full_final,15,17,17,2,8030,16,8006,224,previous_physical_hour,NaN,false,NaN
20260811_155000_stage_B_2C_30day_full_final,15,18,18,1,8053,17,8029,223,previous_physical_hour,NaN,false,NaN
20260811_155000_stage_B_2C_30day_full_final,15,18,18,2,8054,17,8030,224,previous_physical_hour,NaN,false,NaN
20260811_155000_stage_B_2C_30day_full_final,15,19,19,1,8077,18,8053,223,previous_physical_hour,NaN,false,NaN
20260811_155000_stage_B_2C_30day_full_final,15,19,19,2,8078,18,8054,224,previous_physical_hour,NaN,false,NaN
20260811_155000_stage_B_2C_30day_full_final,15,20,20,1,8096,19,8077,223,previous_physical_hour,NaN,false,NaN
20260811_155000_stage_B_2C_30day_full_final,15,20,20,2,8097,19,8078,224,previous_physical_hour,NaN,false,NaN
20260811_155000_stage_B_2C_30day_full_final,15,21,21,1,8115,20,8096,223,previous_physical_hour,NaN,false,NaN
20260811_155000_stage_B_2C_30day_full_final,15,21,21,2,8116,20,8097,224,previous_physical_hour,NaN,false,NaN
20260811_155000_stage_B_2C_30day_full_final,15,22,22,1,8134,21,8115,223,previous_physical_hour,NaN,false,NaN
20260811_155000_stage_B_2C_30day_full_final,15,22,22,2,8135,21,8116,224,previous_physical_hour,NaN,false,NaN
20260811_155000_stage_B_2C_30day_full_final,15,23,23,1,8153,22,8134,223,previous_physical_hour,NaN,false,NaN
20260811_155000_stage_B_2C_30day_full_final,15,23,23,2,8154,22,8135,224,previous_physical_hour,NaN,false,NaN
20260811_155000_stage_B_2C_30day_full_final,15,24,24,1,8172,23,8153,223,previous_physical_hour,NaN,true,0.5
20260811_155000_stage_B_2C_30day_full_final,15,24,24,2,8173,23,8154,224,previous_physical_hour,NaN,true,0.5
20260811_155000_stage_B_2C_30day_full_final,16,1,1,1,8191,NaN,0,237,formal_daily_fixed_half_energy,0.5,false,NaN
20260811_155000_stage_B_2C_30day_full_final,16,1,1,2,8192,NaN,0,238,formal_daily_fixed_half_energy,0.5,false,NaN
20260811_155000_stage_B_2C_30day_full_final,16,2,2,1,8210,1,8191,237,previous_physical_hour,NaN,false,NaN
20260811_155000_stage_B_2C_30day_full_final,16,2,2,2,8211,1,8192,238,previous_physical_hour,NaN,false,NaN
20260811_155000_stage_B_2C_30day_full_final,16,3,3,1,8229,2,8210,237,previous_physical_hour,NaN,false,NaN
20260811_155000_stage_B_2C_30day_full_final,16,3,3,2,8230,2,8211,238,previous_physical_hour,NaN,false,NaN
20260811_155000_stage_B_2C_30day_full_final,16,4,4,1,8248,3,8229,237,previous_physical_hour,NaN,false,NaN
20260811_155000_stage_B_2C_30day_full_final,16,4,4,2,8249,3,8230,238,previous_physical_hour,NaN,false,NaN
20260811_155000_stage_B_2C_30day_full_final,16,5,5,1,8266,4,8248,237,previous_physical_hour,NaN,false,NaN
20260811_155000_stage_B_2C_30day_full_final,16,5,5,2,8267,4,8249,238,previous_physical_hour,NaN,false,NaN
20260811_155000_stage_B_2C_30day_full_final,16,6,6,1,8285,5,8266,237,previous_physical_hour,NaN,false,NaN
20260811_155000_stage_B_2C_30day_full_final,16,6,6,2,8286,5,8267,238,previous_physical_hour,NaN,false,NaN
20260811_155000_stage_B_2C_30day_full_final,16,7,7,1,8304,6,8285,237,previous_physical_hour,NaN,false,NaN
20260811_155000_stage_B_2C_30day_full_final,16,7,7,2,8305,6,8286,238,previous_physical_hour,NaN,false,NaN
20260811_155000_stage_B_2C_30day_full_final,16,8,8,1,8328,7,8304,237,previous_physical_hour,NaN,false,NaN
20260811_155000_stage_B_2C_30day_full_final,16,8,8,2,8329,7,8305,238,previous_physical_hour,NaN,false,NaN
20260811_155000_stage_B_2C_30day_full_final,16,9,9,1,8352,8,8328,237,previous_physical_hour,NaN,false,NaN
20260811_155000_stage_B_2C_30day_full_final,16,9,9,2,8353,8,8329,238,previous_physical_hour,NaN,false,NaN
20260811_155000_stage_B_2C_30day_full_final,16,10,10,1,8376,9,8352,237,previous_physical_hour,NaN,false,NaN
20260811_155000_stage_B_2C_30day_full_final,16,10,10,2,8377,9,8353,238,previous_physical_hour,NaN,false,NaN
20260811_155000_stage_B_2C_30day_full_final,16,11,11,1,8400,10,8376,237,previous_physical_hour,NaN,false,NaN
20260811_155000_stage_B_2C_30day_full_final,16,11,11,2,8401,10,8377,238,previous_physical_hour,NaN,false,NaN
20260811_155000_stage_B_2C_30day_full_final,16,12,12,1,8424,11,8400,237,previous_physical_hour,NaN,false,NaN
20260811_155000_stage_B_2C_30day_full_final,16,12,12,2,8425,11,8401,238,previous_physical_hour,NaN,false,NaN
20260811_155000_stage_B_2C_30day_full_final,16,13,13,1,8448,12,8424,237,previous_physical_hour,NaN,false,NaN
20260811_155000_stage_B_2C_30day_full_final,16,13,13,2,8449,12,8425,238,previous_physical_hour,NaN,false,NaN
20260811_155000_stage_B_2C_30day_full_final,16,14,14,1,8472,13,8448,237,previous_physical_hour,NaN,false,NaN
20260811_155000_stage_B_2C_30day_full_final,16,14,14,2,8473,13,8449,238,previous_physical_hour,NaN,false,NaN
20260811_155000_stage_B_2C_30day_full_final,16,15,15,1,8496,14,8472,237,previous_physical_hour,NaN,false,NaN
20260811_155000_stage_B_2C_30day_full_final,16,15,15,2,8497,14,8473,238,previous_physical_hour,NaN,false,NaN
20260811_155000_stage_B_2C_30day_full_final,16,16,16,1,8520,15,8496,237,previous_physical_hour,NaN,false,NaN
20260811_155000_stage_B_2C_30day_full_final,16,16,16,2,8521,15,8497,238,previous_physical_hour,NaN,false,NaN
20260811_155000_stage_B_2C_30day_full_final,16,17,17,1,8544,16,8520,237,previous_physical_hour,NaN,false,NaN
20260811_155000_stage_B_2C_30day_full_final,16,17,17,2,8545,16,8521,238,previous_physical_hour,NaN,false,NaN
20260811_155000_stage_B_2C_30day_full_final,16,18,18,1,8568,17,8544,237,previous_physical_hour,NaN,false,NaN
20260811_155000_stage_B_2C_30day_full_final,16,18,18,2,8569,17,8545,238,previous_physical_hour,NaN,false,NaN
20260811_155000_stage_B_2C_30day_full_final,16,19,19,1,8592,18,8568,237,previous_physical_hour,NaN,false,NaN
20260811_155000_stage_B_2C_30day_full_final,16,19,19,2,8593,18,8569,238,previous_physical_hour,NaN,false,NaN
20260811_155000_stage_B_2C_30day_full_final,16,20,20,1,8611,19,8592,237,previous_physical_hour,NaN,false,NaN
20260811_155000_stage_B_2C_30day_full_final,16,20,20,2,8612,19,8593,238,previous_physical_hour,NaN,false,NaN
20260811_155000_stage_B_2C_30day_full_final,16,21,21,1,8630,20,8611,237,previous_physical_hour,NaN,false,NaN
20260811_155000_stage_B_2C_30day_full_final,16,21,21,2,8631,20,8612,238,previous_physical_hour,NaN,false,NaN
20260811_155000_stage_B_2C_30day_full_final,16,22,22,1,8649,21,8630,237,previous_physical_hour,NaN,false,NaN
20260811_155000_stage_B_2C_30day_full_final,16,22,22,2,8650,21,8631,238,previous_physical_hour,NaN,false,NaN
20260811_155000_stage_B_2C_30day_full_final,16,23,23,1,8668,22,8649,237,previous_physical_hour,NaN,false,NaN
20260811_155000_stage_B_2C_30day_full_final,16,23,23,2,8669,22,8650,238,previous_physical_hour,NaN,false,NaN
20260811_155000_stage_B_2C_30day_full_final,16,24,24,1,8687,23,8668,237,previous_physical_hour,NaN,true,0.5
20260811_155000_stage_B_2C_30day_full_final,16,24,24,2,8688,23,8669,238,previous_physical_hour,NaN,true,0.5
20260811_155000_stage_B_2C_30day_full_final,17,1,1,1,8706,NaN,0,251,formal_daily_fixed_half_energy,0.5,false,NaN
20260811_155000_stage_B_2C_30day_full_final,17,1,1,2,8707,NaN,0,252,formal_daily_fixed_half_energy,0.5,false,NaN
20260811_155000_stage_B_2C_30day_full_final,17,2,2,1,8725,1,8706,251,previous_physical_hour,NaN,false,NaN
20260811_155000_stage_B_2C_30day_full_final,17,2,2,2,8726,1,8707,252,previous_physical_hour,NaN,false,NaN
20260811_155000_stage_B_2C_30day_full_final,17,3,3,1,8744,2,8725,251,previous_physical_hour,NaN,false,NaN
20260811_155000_stage_B_2C_30day_full_final,17,3,3,2,8745,2,8726,252,previous_physical_hour,NaN,false,NaN
20260811_155000_stage_B_2C_30day_full_final,17,4,4,1,8763,3,8744,251,previous_physical_hour,NaN,false,NaN
20260811_155000_stage_B_2C_30day_full_final,17,4,4,2,8764,3,8745,252,previous_physical_hour,NaN,false,NaN
20260811_155000_stage_B_2C_30day_full_final,17,5,5,1,8782,4,8763,251,previous_physical_hour,NaN,false,NaN
20260811_155000_stage_B_2C_30day_full_final,17,5,5,2,8783,4,8764,252,previous_physical_hour,NaN,false,NaN
20260811_155000_stage_B_2C_30day_full_final,17,6,6,1,8801,5,8782,251,previous_physical_hour,NaN,false,NaN
20260811_155000_stage_B_2C_30day_full_final,17,6,6,2,8802,5,8783,252,previous_physical_hour,NaN,false,NaN
20260811_155000_stage_B_2C_30day_full_final,17,7,7,1,8820,6,8801,251,previous_physical_hour,NaN,false,NaN
20260811_155000_stage_B_2C_30day_full_final,17,7,7,2,8821,6,8802,252,previous_physical_hour,NaN,false,NaN
20260811_155000_stage_B_2C_30day_full_final,17,8,8,1,8844,7,8820,251,previous_physical_hour,NaN,false,NaN
20260811_155000_stage_B_2C_30day_full_final,17,8,8,2,8845,7,8821,252,previous_physical_hour,NaN,false,NaN
20260811_155000_stage_B_2C_30day_full_final,17,9,9,1,8868,8,8844,251,previous_physical_hour,NaN,false,NaN
20260811_155000_stage_B_2C_30day_full_final,17,9,9,2,8869,8,8845,252,previous_physical_hour,NaN,false,NaN
20260811_155000_stage_B_2C_30day_full_final,17,10,10,1,8892,9,8868,251,previous_physical_hour,NaN,false,NaN
20260811_155000_stage_B_2C_30day_full_final,17,10,10,2,8893,9,8869,252,previous_physical_hour,NaN,false,NaN
20260811_155000_stage_B_2C_30day_full_final,17,11,11,1,8916,10,8892,251,previous_physical_hour,NaN,false,NaN
20260811_155000_stage_B_2C_30day_full_final,17,11,11,2,8917,10,8893,252,previous_physical_hour,NaN,false,NaN
20260811_155000_stage_B_2C_30day_full_final,17,12,12,1,8940,11,8916,251,previous_physical_hour,NaN,false,NaN
20260811_155000_stage_B_2C_30day_full_final,17,12,12,2,8941,11,8917,252,previous_physical_hour,NaN,false,NaN
20260811_155000_stage_B_2C_30day_full_final,17,13,13,1,8964,12,8940,251,previous_physical_hour,NaN,false,NaN
20260811_155000_stage_B_2C_30day_full_final,17,13,13,2,8965,12,8941,252,previous_physical_hour,NaN,false,NaN
20260811_155000_stage_B_2C_30day_full_final,17,14,14,1,8988,13,8964,251,previous_physical_hour,NaN,false,NaN
20260811_155000_stage_B_2C_30day_full_final,17,14,14,2,8989,13,8965,252,previous_physical_hour,NaN,false,NaN
20260811_155000_stage_B_2C_30day_full_final,17,15,15,1,9012,14,8988,251,previous_physical_hour,NaN,false,NaN
20260811_155000_stage_B_2C_30day_full_final,17,15,15,2,9013,14,8989,252,previous_physical_hour,NaN,false,NaN
20260811_155000_stage_B_2C_30day_full_final,17,16,16,1,9036,15,9012,251,previous_physical_hour,NaN,false,NaN
20260811_155000_stage_B_2C_30day_full_final,17,16,16,2,9037,15,9013,252,previous_physical_hour,NaN,false,NaN
20260811_155000_stage_B_2C_30day_full_final,17,17,17,1,9060,16,9036,251,previous_physical_hour,NaN,false,NaN
20260811_155000_stage_B_2C_30day_full_final,17,17,17,2,9061,16,9037,252,previous_physical_hour,NaN,false,NaN
20260811_155000_stage_B_2C_30day_full_final,17,18,18,1,9084,17,9060,251,previous_physical_hour,NaN,false,NaN
20260811_155000_stage_B_2C_30day_full_final,17,18,18,2,9085,17,9061,252,previous_physical_hour,NaN,false,NaN
20260811_155000_stage_B_2C_30day_full_final,17,19,19,1,9108,18,9084,251,previous_physical_hour,NaN,false,NaN
20260811_155000_stage_B_2C_30day_full_final,17,19,19,2,9109,18,9085,252,previous_physical_hour,NaN,false,NaN
20260811_155000_stage_B_2C_30day_full_final,17,20,20,1,9127,19,9108,251,previous_physical_hour,NaN,false,NaN
20260811_155000_stage_B_2C_30day_full_final,17,20,20,2,9128,19,9109,252,previous_physical_hour,NaN,false,NaN
20260811_155000_stage_B_2C_30day_full_final,17,21,21,1,9146,20,9127,251,previous_physical_hour,NaN,false,NaN
20260811_155000_stage_B_2C_30day_full_final,17,21,21,2,9147,20,9128,252,previous_physical_hour,NaN,false,NaN
20260811_155000_stage_B_2C_30day_full_final,17,22,22,1,9165,21,9146,251,previous_physical_hour,NaN,false,NaN
20260811_155000_stage_B_2C_30day_full_final,17,22,22,2,9166,21,9147,252,previous_physical_hour,NaN,false,NaN
20260811_155000_stage_B_2C_30day_full_final,17,23,23,1,9184,22,9165,251,previous_physical_hour,NaN,false,NaN
20260811_155000_stage_B_2C_30day_full_final,17,23,23,2,9185,22,9166,252,previous_physical_hour,NaN,false,NaN
20260811_155000_stage_B_2C_30day_full_final,17,24,24,1,9203,23,9184,251,previous_physical_hour,NaN,true,0.5
20260811_155000_stage_B_2C_30day_full_final,17,24,24,2,9204,23,9185,252,previous_physical_hour,NaN,true,0.5
20260811_155000_stage_B_2C_30day_full_final,18,1,1,1,9222,NaN,0,265,formal_daily_fixed_half_energy,0.5,false,NaN
20260811_155000_stage_B_2C_30day_full_final,18,1,1,2,9223,NaN,0,266,formal_daily_fixed_half_energy,0.5,false,NaN
20260811_155000_stage_B_2C_30day_full_final,18,2,2,1,9241,1,9222,265,previous_physical_hour,NaN,false,NaN
20260811_155000_stage_B_2C_30day_full_final,18,2,2,2,9242,1,9223,266,previous_physical_hour,NaN,false,NaN
20260811_155000_stage_B_2C_30day_full_final,18,3,3,1,9260,2,9241,265,previous_physical_hour,NaN,false,NaN
20260811_155000_stage_B_2C_30day_full_final,18,3,3,2,9261,2,9242,266,previous_physical_hour,NaN,false,NaN
20260811_155000_stage_B_2C_30day_full_final,18,4,4,1,9279,3,9260,265,previous_physical_hour,NaN,false,NaN
20260811_155000_stage_B_2C_30day_full_final,18,4,4,2,9280,3,9261,266,previous_physical_hour,NaN,false,NaN
20260811_155000_stage_B_2C_30day_full_final,18,5,5,1,9298,4,9279,265,previous_physical_hour,NaN,false,NaN
20260811_155000_stage_B_2C_30day_full_final,18,5,5,2,9299,4,9280,266,previous_physical_hour,NaN,false,NaN
20260811_155000_stage_B_2C_30day_full_final,18,6,6,1,9317,5,9298,265,previous_physical_hour,NaN,false,NaN
20260811_155000_stage_B_2C_30day_full_final,18,6,6,2,9318,5,9299,266,previous_physical_hour,NaN,false,NaN
20260811_155000_stage_B_2C_30day_full_final,18,7,7,1,9336,6,9317,265,previous_physical_hour,NaN,false,NaN
20260811_155000_stage_B_2C_30day_full_final,18,7,7,2,9337,6,9318,266,previous_physical_hour,NaN,false,NaN
20260811_155000_stage_B_2C_30day_full_final,18,8,8,1,9360,7,9336,265,previous_physical_hour,NaN,false,NaN
20260811_155000_stage_B_2C_30day_full_final,18,8,8,2,9361,7,9337,266,previous_physical_hour,NaN,false,NaN
20260811_155000_stage_B_2C_30day_full_final,18,9,9,1,9384,8,9360,265,previous_physical_hour,NaN,false,NaN
20260811_155000_stage_B_2C_30day_full_final,18,9,9,2,9385,8,9361,266,previous_physical_hour,NaN,false,NaN
20260811_155000_stage_B_2C_30day_full_final,18,10,10,1,9408,9,9384,265,previous_physical_hour,NaN,false,NaN
20260811_155000_stage_B_2C_30day_full_final,18,10,10,2,9409,9,9385,266,previous_physical_hour,NaN,false,NaN
20260811_155000_stage_B_2C_30day_full_final,18,11,11,1,9432,10,9408,265,previous_physical_hour,NaN,false,NaN
20260811_155000_stage_B_2C_30day_full_final,18,11,11,2,9433,10,9409,266,previous_physical_hour,NaN,false,NaN
20260811_155000_stage_B_2C_30day_full_final,18,12,12,1,9456,11,9432,265,previous_physical_hour,NaN,false,NaN
20260811_155000_stage_B_2C_30day_full_final,18,12,12,2,9457,11,9433,266,previous_physical_hour,NaN,false,NaN
20260811_155000_stage_B_2C_30day_full_final,18,13,13,1,9480,12,9456,265,previous_physical_hour,NaN,false,NaN
20260811_155000_stage_B_2C_30day_full_final,18,13,13,2,9481,12,9457,266,previous_physical_hour,NaN,false,NaN
20260811_155000_stage_B_2C_30day_full_final,18,14,14,1,9504,13,9480,265,previous_physical_hour,NaN,false,NaN
20260811_155000_stage_B_2C_30day_full_final,18,14,14,2,9505,13,9481,266,previous_physical_hour,NaN,false,NaN
20260811_155000_stage_B_2C_30day_full_final,18,15,15,1,9528,14,9504,265,previous_physical_hour,NaN,false,NaN
20260811_155000_stage_B_2C_30day_full_final,18,15,15,2,9529,14,9505,266,previous_physical_hour,NaN,false,NaN
20260811_155000_stage_B_2C_30day_full_final,18,16,16,1,9552,15,9528,265,previous_physical_hour,NaN,false,NaN
20260811_155000_stage_B_2C_30day_full_final,18,16,16,2,9553,15,9529,266,previous_physical_hour,NaN,false,NaN
20260811_155000_stage_B_2C_30day_full_final,18,17,17,1,9576,16,9552,265,previous_physical_hour,NaN,false,NaN
20260811_155000_stage_B_2C_30day_full_final,18,17,17,2,9577,16,9553,266,previous_physical_hour,NaN,false,NaN
20260811_155000_stage_B_2C_30day_full_final,18,18,18,1,9600,17,9576,265,previous_physical_hour,NaN,false,NaN
20260811_155000_stage_B_2C_30day_full_final,18,18,18,2,9601,17,9577,266,previous_physical_hour,NaN,false,NaN
20260811_155000_stage_B_2C_30day_full_final,18,19,19,1,9624,18,9600,265,previous_physical_hour,NaN,false,NaN
20260811_155000_stage_B_2C_30day_full_final,18,19,19,2,9625,18,9601,266,previous_physical_hour,NaN,false,NaN
20260811_155000_stage_B_2C_30day_full_final,18,20,20,1,9643,19,9624,265,previous_physical_hour,NaN,false,NaN
20260811_155000_stage_B_2C_30day_full_final,18,20,20,2,9644,19,9625,266,previous_physical_hour,NaN,false,NaN
20260811_155000_stage_B_2C_30day_full_final,18,21,21,1,9662,20,9643,265,previous_physical_hour,NaN,false,NaN
20260811_155000_stage_B_2C_30day_full_final,18,21,21,2,9663,20,9644,266,previous_physical_hour,NaN,false,NaN
20260811_155000_stage_B_2C_30day_full_final,18,22,22,1,9681,21,9662,265,previous_physical_hour,NaN,false,NaN
20260811_155000_stage_B_2C_30day_full_final,18,22,22,2,9682,21,9663,266,previous_physical_hour,NaN,false,NaN
20260811_155000_stage_B_2C_30day_full_final,18,23,23,1,9700,22,9681,265,previous_physical_hour,NaN,false,NaN
20260811_155000_stage_B_2C_30day_full_final,18,23,23,2,9701,22,9682,266,previous_physical_hour,NaN,false,NaN
20260811_155000_stage_B_2C_30day_full_final,18,24,24,1,9719,23,9700,265,previous_physical_hour,NaN,true,0.5
20260811_155000_stage_B_2C_30day_full_final,18,24,24,2,9720,23,9701,266,previous_physical_hour,NaN,true,0.5
20260811_155000_stage_B_2C_30day_full_final,19,1,1,1,9738,NaN,0,279,formal_daily_fixed_half_energy,0.5,false,NaN
20260811_155000_stage_B_2C_30day_full_final,19,1,1,2,9739,NaN,0,280,formal_daily_fixed_half_energy,0.5,false,NaN
20260811_155000_stage_B_2C_30day_full_final,19,2,2,1,9757,1,9738,279,previous_physical_hour,NaN,false,NaN
20260811_155000_stage_B_2C_30day_full_final,19,2,2,2,9758,1,9739,280,previous_physical_hour,NaN,false,NaN
20260811_155000_stage_B_2C_30day_full_final,19,3,3,1,9776,2,9757,279,previous_physical_hour,NaN,false,NaN
20260811_155000_stage_B_2C_30day_full_final,19,3,3,2,9777,2,9758,280,previous_physical_hour,NaN,false,NaN
20260811_155000_stage_B_2C_30day_full_final,19,4,4,1,9795,3,9776,279,previous_physical_hour,NaN,false,NaN
20260811_155000_stage_B_2C_30day_full_final,19,4,4,2,9796,3,9777,280,previous_physical_hour,NaN,false,NaN
20260811_155000_stage_B_2C_30day_full_final,19,5,5,1,9814,4,9795,279,previous_physical_hour,NaN,false,NaN
20260811_155000_stage_B_2C_30day_full_final,19,5,5,2,9815,4,9796,280,previous_physical_hour,NaN,false,NaN
20260811_155000_stage_B_2C_30day_full_final,19,6,6,1,9833,5,9814,279,previous_physical_hour,NaN,false,NaN
20260811_155000_stage_B_2C_30day_full_final,19,6,6,2,9834,5,9815,280,previous_physical_hour,NaN,false,NaN
20260811_155000_stage_B_2C_30day_full_final,19,7,7,1,9852,6,9833,279,previous_physical_hour,NaN,false,NaN
20260811_155000_stage_B_2C_30day_full_final,19,7,7,2,9853,6,9834,280,previous_physical_hour,NaN,false,NaN
20260811_155000_stage_B_2C_30day_full_final,19,8,8,1,9876,7,9852,279,previous_physical_hour,NaN,false,NaN
20260811_155000_stage_B_2C_30day_full_final,19,8,8,2,9877,7,9853,280,previous_physical_hour,NaN,false,NaN
20260811_155000_stage_B_2C_30day_full_final,19,9,9,1,9900,8,9876,279,previous_physical_hour,NaN,false,NaN
20260811_155000_stage_B_2C_30day_full_final,19,9,9,2,9901,8,9877,280,previous_physical_hour,NaN,false,NaN
20260811_155000_stage_B_2C_30day_full_final,19,10,10,1,9924,9,9900,279,previous_physical_hour,NaN,false,NaN
20260811_155000_stage_B_2C_30day_full_final,19,10,10,2,9925,9,9901,280,previous_physical_hour,NaN,false,NaN
20260811_155000_stage_B_2C_30day_full_final,19,11,11,1,9948,10,9924,279,previous_physical_hour,NaN,false,NaN
20260811_155000_stage_B_2C_30day_full_final,19,11,11,2,9949,10,9925,280,previous_physical_hour,NaN,false,NaN
20260811_155000_stage_B_2C_30day_full_final,19,12,12,1,9972,11,9948,279,previous_physical_hour,NaN,false,NaN
20260811_155000_stage_B_2C_30day_full_final,19,12,12,2,9973,11,9949,280,previous_physical_hour,NaN,false,NaN
20260811_155000_stage_B_2C_30day_full_final,19,13,13,1,9996,12,9972,279,previous_physical_hour,NaN,false,NaN
20260811_155000_stage_B_2C_30day_full_final,19,13,13,2,9997,12,9973,280,previous_physical_hour,NaN,false,NaN
20260811_155000_stage_B_2C_30day_full_final,19,14,14,1,10020,13,9996,279,previous_physical_hour,NaN,false,NaN
20260811_155000_stage_B_2C_30day_full_final,19,14,14,2,10021,13,9997,280,previous_physical_hour,NaN,false,NaN
20260811_155000_stage_B_2C_30day_full_final,19,15,15,1,10044,14,10020,279,previous_physical_hour,NaN,false,NaN
20260811_155000_stage_B_2C_30day_full_final,19,15,15,2,10045,14,10021,280,previous_physical_hour,NaN,false,NaN
20260811_155000_stage_B_2C_30day_full_final,19,16,16,1,10068,15,10044,279,previous_physical_hour,NaN,false,NaN
20260811_155000_stage_B_2C_30day_full_final,19,16,16,2,10069,15,10045,280,previous_physical_hour,NaN,false,NaN
20260811_155000_stage_B_2C_30day_full_final,19,17,17,1,10092,16,10068,279,previous_physical_hour,NaN,false,NaN
20260811_155000_stage_B_2C_30day_full_final,19,17,17,2,10093,16,10069,280,previous_physical_hour,NaN,false,NaN
20260811_155000_stage_B_2C_30day_full_final,19,18,18,1,10116,17,10092,279,previous_physical_hour,NaN,false,NaN
20260811_155000_stage_B_2C_30day_full_final,19,18,18,2,10117,17,10093,280,previous_physical_hour,NaN,false,NaN
20260811_155000_stage_B_2C_30day_full_final,19,19,19,1,10140,18,10116,279,previous_physical_hour,NaN,false,NaN
20260811_155000_stage_B_2C_30day_full_final,19,19,19,2,10141,18,10117,280,previous_physical_hour,NaN,false,NaN
20260811_155000_stage_B_2C_30day_full_final,19,20,20,1,10159,19,10140,279,previous_physical_hour,NaN,false,NaN
20260811_155000_stage_B_2C_30day_full_final,19,20,20,2,10160,19,10141,280,previous_physical_hour,NaN,false,NaN
20260811_155000_stage_B_2C_30day_full_final,19,21,21,1,10178,20,10159,279,previous_physical_hour,NaN,false,NaN
20260811_155000_stage_B_2C_30day_full_final,19,21,21,2,10179,20,10160,280,previous_physical_hour,NaN,false,NaN
20260811_155000_stage_B_2C_30day_full_final,19,22,22,1,10197,21,10178,279,previous_physical_hour,NaN,false,NaN
20260811_155000_stage_B_2C_30day_full_final,19,22,22,2,10198,21,10179,280,previous_physical_hour,NaN,false,NaN
20260811_155000_stage_B_2C_30day_full_final,19,23,23,1,10216,22,10197,279,previous_physical_hour,NaN,false,NaN
20260811_155000_stage_B_2C_30day_full_final,19,23,23,2,10217,22,10198,280,previous_physical_hour,NaN,false,NaN
20260811_155000_stage_B_2C_30day_full_final,19,24,24,1,10235,23,10216,279,previous_physical_hour,NaN,true,0.5
20260811_155000_stage_B_2C_30day_full_final,19,24,24,2,10236,23,10217,280,previous_physical_hour,NaN,true,0.5
20260811_155000_stage_B_2C_30day_full_final,20,1,1,1,10254,NaN,0,293,formal_daily_fixed_half_energy,0.5,false,NaN
20260811_155000_stage_B_2C_30day_full_final,20,1,1,2,10255,NaN,0,294,formal_daily_fixed_half_energy,0.5,false,NaN
20260811_155000_stage_B_2C_30day_full_final,20,2,2,1,10273,1,10254,293,previous_physical_hour,NaN,false,NaN
20260811_155000_stage_B_2C_30day_full_final,20,2,2,2,10274,1,10255,294,previous_physical_hour,NaN,false,NaN
20260811_155000_stage_B_2C_30day_full_final,20,3,3,1,10292,2,10273,293,previous_physical_hour,NaN,false,NaN
20260811_155000_stage_B_2C_30day_full_final,20,3,3,2,10293,2,10274,294,previous_physical_hour,NaN,false,NaN
20260811_155000_stage_B_2C_30day_full_final,20,4,4,1,10311,3,10292,293,previous_physical_hour,NaN,false,NaN
20260811_155000_stage_B_2C_30day_full_final,20,4,4,2,10312,3,10293,294,previous_physical_hour,NaN,false,NaN
20260811_155000_stage_B_2C_30day_full_final,20,5,5,1,10330,4,10311,293,previous_physical_hour,NaN,false,NaN
20260811_155000_stage_B_2C_30day_full_final,20,5,5,2,10331,4,10312,294,previous_physical_hour,NaN,false,NaN
20260811_155000_stage_B_2C_30day_full_final,20,6,6,1,10349,5,10330,293,previous_physical_hour,NaN,false,NaN
20260811_155000_stage_B_2C_30day_full_final,20,6,6,2,10350,5,10331,294,previous_physical_hour,NaN,false,NaN
20260811_155000_stage_B_2C_30day_full_final,20,7,7,1,10368,6,10349,293,previous_physical_hour,NaN,false,NaN
20260811_155000_stage_B_2C_30day_full_final,20,7,7,2,10369,6,10350,294,previous_physical_hour,NaN,false,NaN
20260811_155000_stage_B_2C_30day_full_final,20,8,8,1,10392,7,10368,293,previous_physical_hour,NaN,false,NaN
20260811_155000_stage_B_2C_30day_full_final,20,8,8,2,10393,7,10369,294,previous_physical_hour,NaN,false,NaN
20260811_155000_stage_B_2C_30day_full_final,20,9,9,1,10416,8,10392,293,previous_physical_hour,NaN,false,NaN
20260811_155000_stage_B_2C_30day_full_final,20,9,9,2,10417,8,10393,294,previous_physical_hour,NaN,false,NaN
20260811_155000_stage_B_2C_30day_full_final,20,10,10,1,10440,9,10416,293,previous_physical_hour,NaN,false,NaN
20260811_155000_stage_B_2C_30day_full_final,20,10,10,2,10441,9,10417,294,previous_physical_hour,NaN,false,NaN
20260811_155000_stage_B_2C_30day_full_final,20,11,11,1,10464,10,10440,293,previous_physical_hour,NaN,false,NaN
20260811_155000_stage_B_2C_30day_full_final,20,11,11,2,10465,10,10441,294,previous_physical_hour,NaN,false,NaN
20260811_155000_stage_B_2C_30day_full_final,20,12,12,1,10488,11,10464,293,previous_physical_hour,NaN,false,NaN
20260811_155000_stage_B_2C_30day_full_final,20,12,12,2,10489,11,10465,294,previous_physical_hour,NaN,false,NaN
20260811_155000_stage_B_2C_30day_full_final,20,13,13,1,10512,12,10488,293,previous_physical_hour,NaN,false,NaN
20260811_155000_stage_B_2C_30day_full_final,20,13,13,2,10513,12,10489,294,previous_physical_hour,NaN,false,NaN
20260811_155000_stage_B_2C_30day_full_final,20,14,14,1,10536,13,10512,293,previous_physical_hour,NaN,false,NaN
20260811_155000_stage_B_2C_30day_full_final,20,14,14,2,10537,13,10513,294,previous_physical_hour,NaN,false,NaN
20260811_155000_stage_B_2C_30day_full_final,20,15,15,1,10560,14,10536,293,previous_physical_hour,NaN,false,NaN
20260811_155000_stage_B_2C_30day_full_final,20,15,15,2,10561,14,10537,294,previous_physical_hour,NaN,false,NaN
20260811_155000_stage_B_2C_30day_full_final,20,16,16,1,10584,15,10560,293,previous_physical_hour,NaN,false,NaN
20260811_155000_stage_B_2C_30day_full_final,20,16,16,2,10585,15,10561,294,previous_physical_hour,NaN,false,NaN
20260811_155000_stage_B_2C_30day_full_final,20,17,17,1,10608,16,10584,293,previous_physical_hour,NaN,false,NaN
20260811_155000_stage_B_2C_30day_full_final,20,17,17,2,10609,16,10585,294,previous_physical_hour,NaN,false,NaN
20260811_155000_stage_B_2C_30day_full_final,20,18,18,1,10632,17,10608,293,previous_physical_hour,NaN,false,NaN
20260811_155000_stage_B_2C_30day_full_final,20,18,18,2,10633,17,10609,294,previous_physical_hour,NaN,false,NaN
20260811_155000_stage_B_2C_30day_full_final,20,19,19,1,10656,18,10632,293,previous_physical_hour,NaN,false,NaN
20260811_155000_stage_B_2C_30day_full_final,20,19,19,2,10657,18,10633,294,previous_physical_hour,NaN,false,NaN
20260811_155000_stage_B_2C_30day_full_final,20,20,20,1,10675,19,10656,293,previous_physical_hour,NaN,false,NaN
20260811_155000_stage_B_2C_30day_full_final,20,20,20,2,10676,19,10657,294,previous_physical_hour,NaN,false,NaN
20260811_155000_stage_B_2C_30day_full_final,20,21,21,1,10694,20,10675,293,previous_physical_hour,NaN,false,NaN
20260811_155000_stage_B_2C_30day_full_final,20,21,21,2,10695,20,10676,294,previous_physical_hour,NaN,false,NaN
20260811_155000_stage_B_2C_30day_full_final,20,22,22,1,10713,21,10694,293,previous_physical_hour,NaN,false,NaN
20260811_155000_stage_B_2C_30day_full_final,20,22,22,2,10714,21,10695,294,previous_physical_hour,NaN,false,NaN
20260811_155000_stage_B_2C_30day_full_final,20,23,23,1,10732,22,10713,293,previous_physical_hour,NaN,false,NaN
20260811_155000_stage_B_2C_30day_full_final,20,23,23,2,10733,22,10714,294,previous_physical_hour,NaN,false,NaN
20260811_155000_stage_B_2C_30day_full_final,20,24,24,1,10751,23,10732,293,previous_physical_hour,NaN,true,0.5
20260811_155000_stage_B_2C_30day_full_final,20,24,24,2,10752,23,10733,294,previous_physical_hour,NaN,true,0.5
20260811_155000_stage_B_2C_30day_full_final,21,1,1,1,10770,NaN,0,307,formal_daily_fixed_half_energy,0.5,false,NaN
20260811_155000_stage_B_2C_30day_full_final,21,1,1,2,10771,NaN,0,308,formal_daily_fixed_half_energy,0.5,false,NaN
20260811_155000_stage_B_2C_30day_full_final,21,2,2,1,10789,1,10770,307,previous_physical_hour,NaN,false,NaN
20260811_155000_stage_B_2C_30day_full_final,21,2,2,2,10790,1,10771,308,previous_physical_hour,NaN,false,NaN
20260811_155000_stage_B_2C_30day_full_final,21,3,3,1,10808,2,10789,307,previous_physical_hour,NaN,false,NaN
20260811_155000_stage_B_2C_30day_full_final,21,3,3,2,10809,2,10790,308,previous_physical_hour,NaN,false,NaN
20260811_155000_stage_B_2C_30day_full_final,21,4,4,1,10827,3,10808,307,previous_physical_hour,NaN,false,NaN
20260811_155000_stage_B_2C_30day_full_final,21,4,4,2,10828,3,10809,308,previous_physical_hour,NaN,false,NaN
20260811_155000_stage_B_2C_30day_full_final,21,5,5,1,10846,4,10827,307,previous_physical_hour,NaN,false,NaN
20260811_155000_stage_B_2C_30day_full_final,21,5,5,2,10847,4,10828,308,previous_physical_hour,NaN,false,NaN
20260811_155000_stage_B_2C_30day_full_final,21,6,6,1,10865,5,10846,307,previous_physical_hour,NaN,false,NaN
20260811_155000_stage_B_2C_30day_full_final,21,6,6,2,10866,5,10847,308,previous_physical_hour,NaN,false,NaN
20260811_155000_stage_B_2C_30day_full_final,21,7,7,1,10884,6,10865,307,previous_physical_hour,NaN,false,NaN
20260811_155000_stage_B_2C_30day_full_final,21,7,7,2,10885,6,10866,308,previous_physical_hour,NaN,false,NaN
20260811_155000_stage_B_2C_30day_full_final,21,8,8,1,10908,7,10884,307,previous_physical_hour,NaN,false,NaN
20260811_155000_stage_B_2C_30day_full_final,21,8,8,2,10909,7,10885,308,previous_physical_hour,NaN,false,NaN
20260811_155000_stage_B_2C_30day_full_final,21,9,9,1,10932,8,10908,307,previous_physical_hour,NaN,false,NaN
20260811_155000_stage_B_2C_30day_full_final,21,9,9,2,10933,8,10909,308,previous_physical_hour,NaN,false,NaN
20260811_155000_stage_B_2C_30day_full_final,21,10,10,1,10956,9,10932,307,previous_physical_hour,NaN,false,NaN
20260811_155000_stage_B_2C_30day_full_final,21,10,10,2,10957,9,10933,308,previous_physical_hour,NaN,false,NaN
20260811_155000_stage_B_2C_30day_full_final,21,11,11,1,10980,10,10956,307,previous_physical_hour,NaN,false,NaN
20260811_155000_stage_B_2C_30day_full_final,21,11,11,2,10981,10,10957,308,previous_physical_hour,NaN,false,NaN
20260811_155000_stage_B_2C_30day_full_final,21,12,12,1,11004,11,10980,307,previous_physical_hour,NaN,false,NaN
20260811_155000_stage_B_2C_30day_full_final,21,12,12,2,11005,11,10981,308,previous_physical_hour,NaN,false,NaN
20260811_155000_stage_B_2C_30day_full_final,21,13,13,1,11028,12,11004,307,previous_physical_hour,NaN,false,NaN
20260811_155000_stage_B_2C_30day_full_final,21,13,13,2,11029,12,11005,308,previous_physical_hour,NaN,false,NaN
20260811_155000_stage_B_2C_30day_full_final,21,14,14,1,11052,13,11028,307,previous_physical_hour,NaN,false,NaN
20260811_155000_stage_B_2C_30day_full_final,21,14,14,2,11053,13,11029,308,previous_physical_hour,NaN,false,NaN
20260811_155000_stage_B_2C_30day_full_final,21,15,15,1,11076,14,11052,307,previous_physical_hour,NaN,false,NaN
20260811_155000_stage_B_2C_30day_full_final,21,15,15,2,11077,14,11053,308,previous_physical_hour,NaN,false,NaN
20260811_155000_stage_B_2C_30day_full_final,21,16,16,1,11100,15,11076,307,previous_physical_hour,NaN,false,NaN
20260811_155000_stage_B_2C_30day_full_final,21,16,16,2,11101,15,11077,308,previous_physical_hour,NaN,false,NaN
20260811_155000_stage_B_2C_30day_full_final,21,17,17,1,11124,16,11100,307,previous_physical_hour,NaN,false,NaN
20260811_155000_stage_B_2C_30day_full_final,21,17,17,2,11125,16,11101,308,previous_physical_hour,NaN,false,NaN
20260811_155000_stage_B_2C_30day_full_final,21,18,18,1,11148,17,11124,307,previous_physical_hour,NaN,false,NaN
20260811_155000_stage_B_2C_30day_full_final,21,18,18,2,11149,17,11125,308,previous_physical_hour,NaN,false,NaN
20260811_155000_stage_B_2C_30day_full_final,21,19,19,1,11172,18,11148,307,previous_physical_hour,NaN,false,NaN
20260811_155000_stage_B_2C_30day_full_final,21,19,19,2,11173,18,11149,308,previous_physical_hour,NaN,false,NaN
20260811_155000_stage_B_2C_30day_full_final,21,20,20,1,11191,19,11172,307,previous_physical_hour,NaN,false,NaN
20260811_155000_stage_B_2C_30day_full_final,21,20,20,2,11192,19,11173,308,previous_physical_hour,NaN,false,NaN
20260811_155000_stage_B_2C_30day_full_final,21,21,21,1,11210,20,11191,307,previous_physical_hour,NaN,false,NaN
20260811_155000_stage_B_2C_30day_full_final,21,21,21,2,11211,20,11192,308,previous_physical_hour,NaN,false,NaN
20260811_155000_stage_B_2C_30day_full_final,21,22,22,1,11229,21,11210,307,previous_physical_hour,NaN,false,NaN
20260811_155000_stage_B_2C_30day_full_final,21,22,22,2,11230,21,11211,308,previous_physical_hour,NaN,false,NaN
20260811_155000_stage_B_2C_30day_full_final,21,23,23,1,11247,22,11229,307,previous_physical_hour,NaN,false,NaN
20260811_155000_stage_B_2C_30day_full_final,21,23,23,2,11248,22,11230,308,previous_physical_hour,NaN,false,NaN
20260811_155000_stage_B_2C_30day_full_final,21,24,24,1,11266,23,11247,307,previous_physical_hour,NaN,true,0.5
20260811_155000_stage_B_2C_30day_full_final,21,24,24,2,11267,23,11248,308,previous_physical_hour,NaN,true,0.5
20260811_155000_stage_B_2C_30day_full_final,22,1,1,1,11285,NaN,0,321,formal_daily_fixed_half_energy,0.5,false,NaN
20260811_155000_stage_B_2C_30day_full_final,22,1,1,2,11286,NaN,0,322,formal_daily_fixed_half_energy,0.5,false,NaN
20260811_155000_stage_B_2C_30day_full_final,22,2,2,1,11304,1,11285,321,previous_physical_hour,NaN,false,NaN
20260811_155000_stage_B_2C_30day_full_final,22,2,2,2,11305,1,11286,322,previous_physical_hour,NaN,false,NaN
20260811_155000_stage_B_2C_30day_full_final,22,3,3,1,11323,2,11304,321,previous_physical_hour,NaN,false,NaN
20260811_155000_stage_B_2C_30day_full_final,22,3,3,2,11324,2,11305,322,previous_physical_hour,NaN,false,NaN
20260811_155000_stage_B_2C_30day_full_final,22,4,4,1,11342,3,11323,321,previous_physical_hour,NaN,false,NaN
20260811_155000_stage_B_2C_30day_full_final,22,4,4,2,11343,3,11324,322,previous_physical_hour,NaN,false,NaN
20260811_155000_stage_B_2C_30day_full_final,22,5,5,1,11361,4,11342,321,previous_physical_hour,NaN,false,NaN
20260811_155000_stage_B_2C_30day_full_final,22,5,5,2,11362,4,11343,322,previous_physical_hour,NaN,false,NaN
20260811_155000_stage_B_2C_30day_full_final,22,6,6,1,11380,5,11361,321,previous_physical_hour,NaN,false,NaN
20260811_155000_stage_B_2C_30day_full_final,22,6,6,2,11381,5,11362,322,previous_physical_hour,NaN,false,NaN
20260811_155000_stage_B_2C_30day_full_final,22,7,7,1,11399,6,11380,321,previous_physical_hour,NaN,false,NaN
20260811_155000_stage_B_2C_30day_full_final,22,7,7,2,11400,6,11381,322,previous_physical_hour,NaN,false,NaN
20260811_155000_stage_B_2C_30day_full_final,22,8,8,1,11423,7,11399,321,previous_physical_hour,NaN,false,NaN
20260811_155000_stage_B_2C_30day_full_final,22,8,8,2,11424,7,11400,322,previous_physical_hour,NaN,false,NaN
20260811_155000_stage_B_2C_30day_full_final,22,9,9,1,11447,8,11423,321,previous_physical_hour,NaN,false,NaN
20260811_155000_stage_B_2C_30day_full_final,22,9,9,2,11448,8,11424,322,previous_physical_hour,NaN,false,NaN
20260811_155000_stage_B_2C_30day_full_final,22,10,10,1,11471,9,11447,321,previous_physical_hour,NaN,false,NaN
20260811_155000_stage_B_2C_30day_full_final,22,10,10,2,11472,9,11448,322,previous_physical_hour,NaN,false,NaN
20260811_155000_stage_B_2C_30day_full_final,22,11,11,1,11495,10,11471,321,previous_physical_hour,NaN,false,NaN
20260811_155000_stage_B_2C_30day_full_final,22,11,11,2,11496,10,11472,322,previous_physical_hour,NaN,false,NaN
20260811_155000_stage_B_2C_30day_full_final,22,12,12,1,11519,11,11495,321,previous_physical_hour,NaN,false,NaN
20260811_155000_stage_B_2C_30day_full_final,22,12,12,2,11520,11,11496,322,previous_physical_hour,NaN,false,NaN
20260811_155000_stage_B_2C_30day_full_final,22,13,13,1,11543,12,11519,321,previous_physical_hour,NaN,false,NaN
20260811_155000_stage_B_2C_30day_full_final,22,13,13,2,11544,12,11520,322,previous_physical_hour,NaN,false,NaN
20260811_155000_stage_B_2C_30day_full_final,22,14,14,1,11567,13,11543,321,previous_physical_hour,NaN,false,NaN
20260811_155000_stage_B_2C_30day_full_final,22,14,14,2,11568,13,11544,322,previous_physical_hour,NaN,false,NaN
20260811_155000_stage_B_2C_30day_full_final,22,15,15,1,11591,14,11567,321,previous_physical_hour,NaN,false,NaN
20260811_155000_stage_B_2C_30day_full_final,22,15,15,2,11592,14,11568,322,previous_physical_hour,NaN,false,NaN
20260811_155000_stage_B_2C_30day_full_final,22,16,16,1,11615,15,11591,321,previous_physical_hour,NaN,false,NaN
20260811_155000_stage_B_2C_30day_full_final,22,16,16,2,11616,15,11592,322,previous_physical_hour,NaN,false,NaN
20260811_155000_stage_B_2C_30day_full_final,22,17,17,1,11639,16,11615,321,previous_physical_hour,NaN,false,NaN
20260811_155000_stage_B_2C_30day_full_final,22,17,17,2,11640,16,11616,322,previous_physical_hour,NaN,false,NaN
20260811_155000_stage_B_2C_30day_full_final,22,18,18,1,11663,17,11639,321,previous_physical_hour,NaN,false,NaN
20260811_155000_stage_B_2C_30day_full_final,22,18,18,2,11664,17,11640,322,previous_physical_hour,NaN,false,NaN
20260811_155000_stage_B_2C_30day_full_final,22,19,19,1,11687,18,11663,321,previous_physical_hour,NaN,false,NaN
20260811_155000_stage_B_2C_30day_full_final,22,19,19,2,11688,18,11664,322,previous_physical_hour,NaN,false,NaN
20260811_155000_stage_B_2C_30day_full_final,22,20,20,1,11706,19,11687,321,previous_physical_hour,NaN,false,NaN
20260811_155000_stage_B_2C_30day_full_final,22,20,20,2,11707,19,11688,322,previous_physical_hour,NaN,false,NaN
20260811_155000_stage_B_2C_30day_full_final,22,21,21,1,11725,20,11706,321,previous_physical_hour,NaN,false,NaN
20260811_155000_stage_B_2C_30day_full_final,22,21,21,2,11726,20,11707,322,previous_physical_hour,NaN,false,NaN
20260811_155000_stage_B_2C_30day_full_final,22,22,22,1,11744,21,11725,321,previous_physical_hour,NaN,false,NaN
20260811_155000_stage_B_2C_30day_full_final,22,22,22,2,11745,21,11726,322,previous_physical_hour,NaN,false,NaN
20260811_155000_stage_B_2C_30day_full_final,22,23,23,1,11763,22,11744,321,previous_physical_hour,NaN,false,NaN
20260811_155000_stage_B_2C_30day_full_final,22,23,23,2,11764,22,11745,322,previous_physical_hour,NaN,false,NaN
20260811_155000_stage_B_2C_30day_full_final,22,24,24,1,11782,23,11763,321,previous_physical_hour,NaN,true,0.5
20260811_155000_stage_B_2C_30day_full_final,22,24,24,2,11783,23,11764,322,previous_physical_hour,NaN,true,0.5
20260811_155000_stage_B_2C_30day_full_final,23,1,1,1,11801,NaN,0,335,formal_daily_fixed_half_energy,0.5,false,NaN
20260811_155000_stage_B_2C_30day_full_final,23,1,1,2,11802,NaN,0,336,formal_daily_fixed_half_energy,0.5,false,NaN
20260811_155000_stage_B_2C_30day_full_final,23,2,2,1,11820,1,11801,335,previous_physical_hour,NaN,false,NaN
20260811_155000_stage_B_2C_30day_full_final,23,2,2,2,11821,1,11802,336,previous_physical_hour,NaN,false,NaN
20260811_155000_stage_B_2C_30day_full_final,23,3,3,1,11839,2,11820,335,previous_physical_hour,NaN,false,NaN
20260811_155000_stage_B_2C_30day_full_final,23,3,3,2,11840,2,11821,336,previous_physical_hour,NaN,false,NaN
20260811_155000_stage_B_2C_30day_full_final,23,4,4,1,11858,3,11839,335,previous_physical_hour,NaN,false,NaN
20260811_155000_stage_B_2C_30day_full_final,23,4,4,2,11859,3,11840,336,previous_physical_hour,NaN,false,NaN
20260811_155000_stage_B_2C_30day_full_final,23,5,5,1,11877,4,11858,335,previous_physical_hour,NaN,false,NaN
20260811_155000_stage_B_2C_30day_full_final,23,5,5,2,11878,4,11859,336,previous_physical_hour,NaN,false,NaN
20260811_155000_stage_B_2C_30day_full_final,23,6,6,1,11896,5,11877,335,previous_physical_hour,NaN,false,NaN
20260811_155000_stage_B_2C_30day_full_final,23,6,6,2,11897,5,11878,336,previous_physical_hour,NaN,false,NaN
20260811_155000_stage_B_2C_30day_full_final,23,7,7,1,11915,6,11896,335,previous_physical_hour,NaN,false,NaN
20260811_155000_stage_B_2C_30day_full_final,23,7,7,2,11916,6,11897,336,previous_physical_hour,NaN,false,NaN
20260811_155000_stage_B_2C_30day_full_final,23,8,8,1,11939,7,11915,335,previous_physical_hour,NaN,false,NaN
20260811_155000_stage_B_2C_30day_full_final,23,8,8,2,11940,7,11916,336,previous_physical_hour,NaN,false,NaN
20260811_155000_stage_B_2C_30day_full_final,23,9,9,1,11963,8,11939,335,previous_physical_hour,NaN,false,NaN
20260811_155000_stage_B_2C_30day_full_final,23,9,9,2,11964,8,11940,336,previous_physical_hour,NaN,false,NaN
20260811_155000_stage_B_2C_30day_full_final,23,10,10,1,11987,9,11963,335,previous_physical_hour,NaN,false,NaN
20260811_155000_stage_B_2C_30day_full_final,23,10,10,2,11988,9,11964,336,previous_physical_hour,NaN,false,NaN
20260811_155000_stage_B_2C_30day_full_final,23,11,11,1,12011,10,11987,335,previous_physical_hour,NaN,false,NaN
20260811_155000_stage_B_2C_30day_full_final,23,11,11,2,12012,10,11988,336,previous_physical_hour,NaN,false,NaN
20260811_155000_stage_B_2C_30day_full_final,23,12,12,1,12035,11,12011,335,previous_physical_hour,NaN,false,NaN
20260811_155000_stage_B_2C_30day_full_final,23,12,12,2,12036,11,12012,336,previous_physical_hour,NaN,false,NaN
20260811_155000_stage_B_2C_30day_full_final,23,13,13,1,12059,12,12035,335,previous_physical_hour,NaN,false,NaN
20260811_155000_stage_B_2C_30day_full_final,23,13,13,2,12060,12,12036,336,previous_physical_hour,NaN,false,NaN
20260811_155000_stage_B_2C_30day_full_final,23,14,14,1,12083,13,12059,335,previous_physical_hour,NaN,false,NaN
20260811_155000_stage_B_2C_30day_full_final,23,14,14,2,12084,13,12060,336,previous_physical_hour,NaN,false,NaN
20260811_155000_stage_B_2C_30day_full_final,23,15,15,1,12107,14,12083,335,previous_physical_hour,NaN,false,NaN
20260811_155000_stage_B_2C_30day_full_final,23,15,15,2,12108,14,12084,336,previous_physical_hour,NaN,false,NaN
20260811_155000_stage_B_2C_30day_full_final,23,16,16,1,12131,15,12107,335,previous_physical_hour,NaN,false,NaN
20260811_155000_stage_B_2C_30day_full_final,23,16,16,2,12132,15,12108,336,previous_physical_hour,NaN,false,NaN
20260811_155000_stage_B_2C_30day_full_final,23,17,17,1,12155,16,12131,335,previous_physical_hour,NaN,false,NaN
20260811_155000_stage_B_2C_30day_full_final,23,17,17,2,12156,16,12132,336,previous_physical_hour,NaN,false,NaN
20260811_155000_stage_B_2C_30day_full_final,23,18,18,1,12179,17,12155,335,previous_physical_hour,NaN,false,NaN
20260811_155000_stage_B_2C_30day_full_final,23,18,18,2,12180,17,12156,336,previous_physical_hour,NaN,false,NaN
20260811_155000_stage_B_2C_30day_full_final,23,19,19,1,12203,18,12179,335,previous_physical_hour,NaN,false,NaN
20260811_155000_stage_B_2C_30day_full_final,23,19,19,2,12204,18,12180,336,previous_physical_hour,NaN,false,NaN
20260811_155000_stage_B_2C_30day_full_final,23,20,20,1,12222,19,12203,335,previous_physical_hour,NaN,false,NaN
20260811_155000_stage_B_2C_30day_full_final,23,20,20,2,12223,19,12204,336,previous_physical_hour,NaN,false,NaN
20260811_155000_stage_B_2C_30day_full_final,23,21,21,1,12241,20,12222,335,previous_physical_hour,NaN,false,NaN
20260811_155000_stage_B_2C_30day_full_final,23,21,21,2,12242,20,12223,336,previous_physical_hour,NaN,false,NaN
20260811_155000_stage_B_2C_30day_full_final,23,22,22,1,12260,21,12241,335,previous_physical_hour,NaN,false,NaN
20260811_155000_stage_B_2C_30day_full_final,23,22,22,2,12261,21,12242,336,previous_physical_hour,NaN,false,NaN
20260811_155000_stage_B_2C_30day_full_final,23,23,23,1,12279,22,12260,335,previous_physical_hour,NaN,false,NaN
20260811_155000_stage_B_2C_30day_full_final,23,23,23,2,12280,22,12261,336,previous_physical_hour,NaN,false,NaN
20260811_155000_stage_B_2C_30day_full_final,23,24,24,1,12298,23,12279,335,previous_physical_hour,NaN,true,0.5
20260811_155000_stage_B_2C_30day_full_final,23,24,24,2,12299,23,12280,336,previous_physical_hour,NaN,true,0.5
20260811_155000_stage_B_2C_30day_full_final,24,1,1,1,12317,NaN,0,349,formal_daily_fixed_half_energy,0.5,false,NaN
20260811_155000_stage_B_2C_30day_full_final,24,1,1,2,12318,NaN,0,350,formal_daily_fixed_half_energy,0.5,false,NaN
20260811_155000_stage_B_2C_30day_full_final,24,2,2,1,12336,1,12317,349,previous_physical_hour,NaN,false,NaN
20260811_155000_stage_B_2C_30day_full_final,24,2,2,2,12337,1,12318,350,previous_physical_hour,NaN,false,NaN
20260811_155000_stage_B_2C_30day_full_final,24,3,3,1,12355,2,12336,349,previous_physical_hour,NaN,false,NaN
20260811_155000_stage_B_2C_30day_full_final,24,3,3,2,12356,2,12337,350,previous_physical_hour,NaN,false,NaN
20260811_155000_stage_B_2C_30day_full_final,24,4,4,1,12374,3,12355,349,previous_physical_hour,NaN,false,NaN
20260811_155000_stage_B_2C_30day_full_final,24,4,4,2,12375,3,12356,350,previous_physical_hour,NaN,false,NaN
20260811_155000_stage_B_2C_30day_full_final,24,5,5,1,12393,4,12374,349,previous_physical_hour,NaN,false,NaN
20260811_155000_stage_B_2C_30day_full_final,24,5,5,2,12394,4,12375,350,previous_physical_hour,NaN,false,NaN
20260811_155000_stage_B_2C_30day_full_final,24,6,6,1,12412,5,12393,349,previous_physical_hour,NaN,false,NaN
20260811_155000_stage_B_2C_30day_full_final,24,6,6,2,12413,5,12394,350,previous_physical_hour,NaN,false,NaN
20260811_155000_stage_B_2C_30day_full_final,24,7,7,1,12431,6,12412,349,previous_physical_hour,NaN,false,NaN
20260811_155000_stage_B_2C_30day_full_final,24,7,7,2,12432,6,12413,350,previous_physical_hour,NaN,false,NaN
20260811_155000_stage_B_2C_30day_full_final,24,8,8,1,12455,7,12431,349,previous_physical_hour,NaN,false,NaN
20260811_155000_stage_B_2C_30day_full_final,24,8,8,2,12456,7,12432,350,previous_physical_hour,NaN,false,NaN
20260811_155000_stage_B_2C_30day_full_final,24,9,9,1,12479,8,12455,349,previous_physical_hour,NaN,false,NaN
20260811_155000_stage_B_2C_30day_full_final,24,9,9,2,12480,8,12456,350,previous_physical_hour,NaN,false,NaN
20260811_155000_stage_B_2C_30day_full_final,24,10,10,1,12503,9,12479,349,previous_physical_hour,NaN,false,NaN
20260811_155000_stage_B_2C_30day_full_final,24,10,10,2,12504,9,12480,350,previous_physical_hour,NaN,false,NaN
20260811_155000_stage_B_2C_30day_full_final,24,11,11,1,12527,10,12503,349,previous_physical_hour,NaN,false,NaN
20260811_155000_stage_B_2C_30day_full_final,24,11,11,2,12528,10,12504,350,previous_physical_hour,NaN,false,NaN
20260811_155000_stage_B_2C_30day_full_final,24,12,12,1,12551,11,12527,349,previous_physical_hour,NaN,false,NaN
20260811_155000_stage_B_2C_30day_full_final,24,12,12,2,12552,11,12528,350,previous_physical_hour,NaN,false,NaN
20260811_155000_stage_B_2C_30day_full_final,24,13,13,1,12575,12,12551,349,previous_physical_hour,NaN,false,NaN
20260811_155000_stage_B_2C_30day_full_final,24,13,13,2,12576,12,12552,350,previous_physical_hour,NaN,false,NaN
20260811_155000_stage_B_2C_30day_full_final,24,14,14,1,12599,13,12575,349,previous_physical_hour,NaN,false,NaN
20260811_155000_stage_B_2C_30day_full_final,24,14,14,2,12600,13,12576,350,previous_physical_hour,NaN,false,NaN
20260811_155000_stage_B_2C_30day_full_final,24,15,15,1,12623,14,12599,349,previous_physical_hour,NaN,false,NaN
20260811_155000_stage_B_2C_30day_full_final,24,15,15,2,12624,14,12600,350,previous_physical_hour,NaN,false,NaN
20260811_155000_stage_B_2C_30day_full_final,24,16,16,1,12647,15,12623,349,previous_physical_hour,NaN,false,NaN
20260811_155000_stage_B_2C_30day_full_final,24,16,16,2,12648,15,12624,350,previous_physical_hour,NaN,false,NaN
20260811_155000_stage_B_2C_30day_full_final,24,17,17,1,12671,16,12647,349,previous_physical_hour,NaN,false,NaN
20260811_155000_stage_B_2C_30day_full_final,24,17,17,2,12672,16,12648,350,previous_physical_hour,NaN,false,NaN
20260811_155000_stage_B_2C_30day_full_final,24,18,18,1,12695,17,12671,349,previous_physical_hour,NaN,false,NaN
20260811_155000_stage_B_2C_30day_full_final,24,18,18,2,12696,17,12672,350,previous_physical_hour,NaN,false,NaN
20260811_155000_stage_B_2C_30day_full_final,24,19,19,1,12719,18,12695,349,previous_physical_hour,NaN,false,NaN
20260811_155000_stage_B_2C_30day_full_final,24,19,19,2,12720,18,12696,350,previous_physical_hour,NaN,false,NaN
20260811_155000_stage_B_2C_30day_full_final,24,20,20,1,12738,19,12719,349,previous_physical_hour,NaN,false,NaN
20260811_155000_stage_B_2C_30day_full_final,24,20,20,2,12739,19,12720,350,previous_physical_hour,NaN,false,NaN
20260811_155000_stage_B_2C_30day_full_final,24,21,21,1,12757,20,12738,349,previous_physical_hour,NaN,false,NaN
20260811_155000_stage_B_2C_30day_full_final,24,21,21,2,12758,20,12739,350,previous_physical_hour,NaN,false,NaN
20260811_155000_stage_B_2C_30day_full_final,24,22,22,1,12776,21,12757,349,previous_physical_hour,NaN,false,NaN
20260811_155000_stage_B_2C_30day_full_final,24,22,22,2,12777,21,12758,350,previous_physical_hour,NaN,false,NaN
20260811_155000_stage_B_2C_30day_full_final,24,23,23,1,12795,22,12776,349,previous_physical_hour,NaN,false,NaN
20260811_155000_stage_B_2C_30day_full_final,24,23,23,2,12796,22,12777,350,previous_physical_hour,NaN,false,NaN
20260811_155000_stage_B_2C_30day_full_final,24,24,24,1,12814,23,12795,349,previous_physical_hour,NaN,true,0.5
20260811_155000_stage_B_2C_30day_full_final,24,24,24,2,12815,23,12796,350,previous_physical_hour,NaN,true,0.5
20260811_155000_stage_B_2C_30day_full_final,25,1,1,1,12833,NaN,0,363,formal_daily_fixed_half_energy,0.5,false,NaN
20260811_155000_stage_B_2C_30day_full_final,25,1,1,2,12834,NaN,0,364,formal_daily_fixed_half_energy,0.5,false,NaN
20260811_155000_stage_B_2C_30day_full_final,25,2,2,1,12852,1,12833,363,previous_physical_hour,NaN,false,NaN
20260811_155000_stage_B_2C_30day_full_final,25,2,2,2,12853,1,12834,364,previous_physical_hour,NaN,false,NaN
20260811_155000_stage_B_2C_30day_full_final,25,3,3,1,12871,2,12852,363,previous_physical_hour,NaN,false,NaN
20260811_155000_stage_B_2C_30day_full_final,25,3,3,2,12872,2,12853,364,previous_physical_hour,NaN,false,NaN
20260811_155000_stage_B_2C_30day_full_final,25,4,4,1,12890,3,12871,363,previous_physical_hour,NaN,false,NaN
20260811_155000_stage_B_2C_30day_full_final,25,4,4,2,12891,3,12872,364,previous_physical_hour,NaN,false,NaN
20260811_155000_stage_B_2C_30day_full_final,25,5,5,1,12909,4,12890,363,previous_physical_hour,NaN,false,NaN
20260811_155000_stage_B_2C_30day_full_final,25,5,5,2,12910,4,12891,364,previous_physical_hour,NaN,false,NaN
20260811_155000_stage_B_2C_30day_full_final,25,6,6,1,12928,5,12909,363,previous_physical_hour,NaN,false,NaN
20260811_155000_stage_B_2C_30day_full_final,25,6,6,2,12929,5,12910,364,previous_physical_hour,NaN,false,NaN
20260811_155000_stage_B_2C_30day_full_final,25,7,7,1,12947,6,12928,363,previous_physical_hour,NaN,false,NaN
20260811_155000_stage_B_2C_30day_full_final,25,7,7,2,12948,6,12929,364,previous_physical_hour,NaN,false,NaN
20260811_155000_stage_B_2C_30day_full_final,25,8,8,1,12971,7,12947,363,previous_physical_hour,NaN,false,NaN
20260811_155000_stage_B_2C_30day_full_final,25,8,8,2,12972,7,12948,364,previous_physical_hour,NaN,false,NaN
20260811_155000_stage_B_2C_30day_full_final,25,9,9,1,12995,8,12971,363,previous_physical_hour,NaN,false,NaN
20260811_155000_stage_B_2C_30day_full_final,25,9,9,2,12996,8,12972,364,previous_physical_hour,NaN,false,NaN
20260811_155000_stage_B_2C_30day_full_final,25,10,10,1,13019,9,12995,363,previous_physical_hour,NaN,false,NaN
20260811_155000_stage_B_2C_30day_full_final,25,10,10,2,13020,9,12996,364,previous_physical_hour,NaN,false,NaN
20260811_155000_stage_B_2C_30day_full_final,25,11,11,1,13043,10,13019,363,previous_physical_hour,NaN,false,NaN
20260811_155000_stage_B_2C_30day_full_final,25,11,11,2,13044,10,13020,364,previous_physical_hour,NaN,false,NaN
20260811_155000_stage_B_2C_30day_full_final,25,12,12,1,13067,11,13043,363,previous_physical_hour,NaN,false,NaN
20260811_155000_stage_B_2C_30day_full_final,25,12,12,2,13068,11,13044,364,previous_physical_hour,NaN,false,NaN
20260811_155000_stage_B_2C_30day_full_final,25,13,13,1,13091,12,13067,363,previous_physical_hour,NaN,false,NaN
20260811_155000_stage_B_2C_30day_full_final,25,13,13,2,13092,12,13068,364,previous_physical_hour,NaN,false,NaN
20260811_155000_stage_B_2C_30day_full_final,25,14,14,1,13115,13,13091,363,previous_physical_hour,NaN,false,NaN
20260811_155000_stage_B_2C_30day_full_final,25,14,14,2,13116,13,13092,364,previous_physical_hour,NaN,false,NaN
20260811_155000_stage_B_2C_30day_full_final,25,15,15,1,13139,14,13115,363,previous_physical_hour,NaN,false,NaN
20260811_155000_stage_B_2C_30day_full_final,25,15,15,2,13140,14,13116,364,previous_physical_hour,NaN,false,NaN
20260811_155000_stage_B_2C_30day_full_final,25,16,16,1,13163,15,13139,363,previous_physical_hour,NaN,false,NaN
20260811_155000_stage_B_2C_30day_full_final,25,16,16,2,13164,15,13140,364,previous_physical_hour,NaN,false,NaN
20260811_155000_stage_B_2C_30day_full_final,25,17,17,1,13187,16,13163,363,previous_physical_hour,NaN,false,NaN
20260811_155000_stage_B_2C_30day_full_final,25,17,17,2,13188,16,13164,364,previous_physical_hour,NaN,false,NaN
20260811_155000_stage_B_2C_30day_full_final,25,18,18,1,13211,17,13187,363,previous_physical_hour,NaN,false,NaN
20260811_155000_stage_B_2C_30day_full_final,25,18,18,2,13212,17,13188,364,previous_physical_hour,NaN,false,NaN
20260811_155000_stage_B_2C_30day_full_final,25,19,19,1,13234,18,13211,363,previous_physical_hour,NaN,false,NaN
20260811_155000_stage_B_2C_30day_full_final,25,19,19,2,13235,18,13212,364,previous_physical_hour,NaN,false,NaN
20260811_155000_stage_B_2C_30day_full_final,25,20,20,1,13253,19,13234,363,previous_physical_hour,NaN,false,NaN
20260811_155000_stage_B_2C_30day_full_final,25,20,20,2,13254,19,13235,364,previous_physical_hour,NaN,false,NaN
20260811_155000_stage_B_2C_30day_full_final,25,21,21,1,13272,20,13253,363,previous_physical_hour,NaN,false,NaN
20260811_155000_stage_B_2C_30day_full_final,25,21,21,2,13273,20,13254,364,previous_physical_hour,NaN,false,NaN
20260811_155000_stage_B_2C_30day_full_final,25,22,22,1,13291,21,13272,363,previous_physical_hour,NaN,false,NaN
20260811_155000_stage_B_2C_30day_full_final,25,22,22,2,13292,21,13273,364,previous_physical_hour,NaN,false,NaN
20260811_155000_stage_B_2C_30day_full_final,25,23,23,1,13310,22,13291,363,previous_physical_hour,NaN,false,NaN
20260811_155000_stage_B_2C_30day_full_final,25,23,23,2,13311,22,13292,364,previous_physical_hour,NaN,false,NaN
20260811_155000_stage_B_2C_30day_full_final,25,24,24,1,13329,23,13310,363,previous_physical_hour,NaN,true,0.5
20260811_155000_stage_B_2C_30day_full_final,25,24,24,2,13330,23,13311,364,previous_physical_hour,NaN,true,0.5
20260811_155000_stage_B_2C_30day_full_final,26,1,1,1,13348,NaN,0,377,formal_daily_fixed_half_energy,0.5,false,NaN
20260811_155000_stage_B_2C_30day_full_final,26,1,1,2,13349,NaN,0,378,formal_daily_fixed_half_energy,0.5,false,NaN
20260811_155000_stage_B_2C_30day_full_final,26,2,2,1,13367,1,13348,377,previous_physical_hour,NaN,false,NaN
20260811_155000_stage_B_2C_30day_full_final,26,2,2,2,13368,1,13349,378,previous_physical_hour,NaN,false,NaN
20260811_155000_stage_B_2C_30day_full_final,26,3,3,1,13386,2,13367,377,previous_physical_hour,NaN,false,NaN
20260811_155000_stage_B_2C_30day_full_final,26,3,3,2,13387,2,13368,378,previous_physical_hour,NaN,false,NaN
20260811_155000_stage_B_2C_30day_full_final,26,4,4,1,13405,3,13386,377,previous_physical_hour,NaN,false,NaN
20260811_155000_stage_B_2C_30day_full_final,26,4,4,2,13406,3,13387,378,previous_physical_hour,NaN,false,NaN
20260811_155000_stage_B_2C_30day_full_final,26,5,5,1,13424,4,13405,377,previous_physical_hour,NaN,false,NaN
20260811_155000_stage_B_2C_30day_full_final,26,5,5,2,13425,4,13406,378,previous_physical_hour,NaN,false,NaN
20260811_155000_stage_B_2C_30day_full_final,26,6,6,1,13443,5,13424,377,previous_physical_hour,NaN,false,NaN
20260811_155000_stage_B_2C_30day_full_final,26,6,6,2,13444,5,13425,378,previous_physical_hour,NaN,false,NaN
20260811_155000_stage_B_2C_30day_full_final,26,7,7,1,13462,6,13443,377,previous_physical_hour,NaN,false,NaN
20260811_155000_stage_B_2C_30day_full_final,26,7,7,2,13463,6,13444,378,previous_physical_hour,NaN,false,NaN
20260811_155000_stage_B_2C_30day_full_final,26,8,8,1,13486,7,13462,377,previous_physical_hour,NaN,false,NaN
20260811_155000_stage_B_2C_30day_full_final,26,8,8,2,13487,7,13463,378,previous_physical_hour,NaN,false,NaN
20260811_155000_stage_B_2C_30day_full_final,26,9,9,1,13510,8,13486,377,previous_physical_hour,NaN,false,NaN
20260811_155000_stage_B_2C_30day_full_final,26,9,9,2,13511,8,13487,378,previous_physical_hour,NaN,false,NaN
20260811_155000_stage_B_2C_30day_full_final,26,10,10,1,13534,9,13510,377,previous_physical_hour,NaN,false,NaN
20260811_155000_stage_B_2C_30day_full_final,26,10,10,2,13535,9,13511,378,previous_physical_hour,NaN,false,NaN
20260811_155000_stage_B_2C_30day_full_final,26,11,11,1,13558,10,13534,377,previous_physical_hour,NaN,false,NaN
20260811_155000_stage_B_2C_30day_full_final,26,11,11,2,13559,10,13535,378,previous_physical_hour,NaN,false,NaN
20260811_155000_stage_B_2C_30day_full_final,26,12,12,1,13582,11,13558,377,previous_physical_hour,NaN,false,NaN
20260811_155000_stage_B_2C_30day_full_final,26,12,12,2,13583,11,13559,378,previous_physical_hour,NaN,false,NaN
20260811_155000_stage_B_2C_30day_full_final,26,13,13,1,13606,12,13582,377,previous_physical_hour,NaN,false,NaN
20260811_155000_stage_B_2C_30day_full_final,26,13,13,2,13607,12,13583,378,previous_physical_hour,NaN,false,NaN
20260811_155000_stage_B_2C_30day_full_final,26,14,14,1,13630,13,13606,377,previous_physical_hour,NaN,false,NaN
20260811_155000_stage_B_2C_30day_full_final,26,14,14,2,13631,13,13607,378,previous_physical_hour,NaN,false,NaN
20260811_155000_stage_B_2C_30day_full_final,26,15,15,1,13654,14,13630,377,previous_physical_hour,NaN,false,NaN
20260811_155000_stage_B_2C_30day_full_final,26,15,15,2,13655,14,13631,378,previous_physical_hour,NaN,false,NaN
20260811_155000_stage_B_2C_30day_full_final,26,16,16,1,13678,15,13654,377,previous_physical_hour,NaN,false,NaN
20260811_155000_stage_B_2C_30day_full_final,26,16,16,2,13679,15,13655,378,previous_physical_hour,NaN,false,NaN
20260811_155000_stage_B_2C_30day_full_final,26,17,17,1,13702,16,13678,377,previous_physical_hour,NaN,false,NaN
20260811_155000_stage_B_2C_30day_full_final,26,17,17,2,13703,16,13679,378,previous_physical_hour,NaN,false,NaN
20260811_155000_stage_B_2C_30day_full_final,26,18,18,1,13726,17,13702,377,previous_physical_hour,NaN,false,NaN
20260811_155000_stage_B_2C_30day_full_final,26,18,18,2,13727,17,13703,378,previous_physical_hour,NaN,false,NaN
20260811_155000_stage_B_2C_30day_full_final,26,19,19,1,13750,18,13726,377,previous_physical_hour,NaN,false,NaN
20260811_155000_stage_B_2C_30day_full_final,26,19,19,2,13751,18,13727,378,previous_physical_hour,NaN,false,NaN
20260811_155000_stage_B_2C_30day_full_final,26,20,20,1,13769,19,13750,377,previous_physical_hour,NaN,false,NaN
20260811_155000_stage_B_2C_30day_full_final,26,20,20,2,13770,19,13751,378,previous_physical_hour,NaN,false,NaN
20260811_155000_stage_B_2C_30day_full_final,26,21,21,1,13788,20,13769,377,previous_physical_hour,NaN,false,NaN
20260811_155000_stage_B_2C_30day_full_final,26,21,21,2,13789,20,13770,378,previous_physical_hour,NaN,false,NaN
20260811_155000_stage_B_2C_30day_full_final,26,22,22,1,13807,21,13788,377,previous_physical_hour,NaN,false,NaN
20260811_155000_stage_B_2C_30day_full_final,26,22,22,2,13808,21,13789,378,previous_physical_hour,NaN,false,NaN
20260811_155000_stage_B_2C_30day_full_final,26,23,23,1,13826,22,13807,377,previous_physical_hour,NaN,false,NaN
20260811_155000_stage_B_2C_30day_full_final,26,23,23,2,13827,22,13808,378,previous_physical_hour,NaN,false,NaN
20260811_155000_stage_B_2C_30day_full_final,26,24,24,1,13845,23,13826,377,previous_physical_hour,NaN,true,0.5
20260811_155000_stage_B_2C_30day_full_final,26,24,24,2,13846,23,13827,378,previous_physical_hour,NaN,true,0.5
20260811_155000_stage_B_2C_30day_full_final,27,1,1,1,13864,NaN,0,391,formal_daily_fixed_half_energy,0.5,false,NaN
20260811_155000_stage_B_2C_30day_full_final,27,1,1,2,13865,NaN,0,392,formal_daily_fixed_half_energy,0.5,false,NaN
20260811_155000_stage_B_2C_30day_full_final,27,2,2,1,13883,1,13864,391,previous_physical_hour,NaN,false,NaN
20260811_155000_stage_B_2C_30day_full_final,27,2,2,2,13884,1,13865,392,previous_physical_hour,NaN,false,NaN
20260811_155000_stage_B_2C_30day_full_final,27,3,3,1,13902,2,13883,391,previous_physical_hour,NaN,false,NaN
20260811_155000_stage_B_2C_30day_full_final,27,3,3,2,13903,2,13884,392,previous_physical_hour,NaN,false,NaN
20260811_155000_stage_B_2C_30day_full_final,27,4,4,1,13921,3,13902,391,previous_physical_hour,NaN,false,NaN
20260811_155000_stage_B_2C_30day_full_final,27,4,4,2,13922,3,13903,392,previous_physical_hour,NaN,false,NaN
20260811_155000_stage_B_2C_30day_full_final,27,5,5,1,13940,4,13921,391,previous_physical_hour,NaN,false,NaN
20260811_155000_stage_B_2C_30day_full_final,27,5,5,2,13941,4,13922,392,previous_physical_hour,NaN,false,NaN
20260811_155000_stage_B_2C_30day_full_final,27,6,6,1,13959,5,13940,391,previous_physical_hour,NaN,false,NaN
20260811_155000_stage_B_2C_30day_full_final,27,6,6,2,13960,5,13941,392,previous_physical_hour,NaN,false,NaN
20260811_155000_stage_B_2C_30day_full_final,27,7,7,1,13978,6,13959,391,previous_physical_hour,NaN,false,NaN
20260811_155000_stage_B_2C_30day_full_final,27,7,7,2,13979,6,13960,392,previous_physical_hour,NaN,false,NaN
20260811_155000_stage_B_2C_30day_full_final,27,8,8,1,14002,7,13978,391,previous_physical_hour,NaN,false,NaN
20260811_155000_stage_B_2C_30day_full_final,27,8,8,2,14003,7,13979,392,previous_physical_hour,NaN,false,NaN
20260811_155000_stage_B_2C_30day_full_final,27,9,9,1,14026,8,14002,391,previous_physical_hour,NaN,false,NaN
20260811_155000_stage_B_2C_30day_full_final,27,9,9,2,14027,8,14003,392,previous_physical_hour,NaN,false,NaN
20260811_155000_stage_B_2C_30day_full_final,27,10,10,1,14050,9,14026,391,previous_physical_hour,NaN,false,NaN
20260811_155000_stage_B_2C_30day_full_final,27,10,10,2,14051,9,14027,392,previous_physical_hour,NaN,false,NaN
20260811_155000_stage_B_2C_30day_full_final,27,11,11,1,14074,10,14050,391,previous_physical_hour,NaN,false,NaN
20260811_155000_stage_B_2C_30day_full_final,27,11,11,2,14075,10,14051,392,previous_physical_hour,NaN,false,NaN
20260811_155000_stage_B_2C_30day_full_final,27,12,12,1,14098,11,14074,391,previous_physical_hour,NaN,false,NaN
20260811_155000_stage_B_2C_30day_full_final,27,12,12,2,14099,11,14075,392,previous_physical_hour,NaN,false,NaN
20260811_155000_stage_B_2C_30day_full_final,27,13,13,1,14122,12,14098,391,previous_physical_hour,NaN,false,NaN
20260811_155000_stage_B_2C_30day_full_final,27,13,13,2,14123,12,14099,392,previous_physical_hour,NaN,false,NaN
20260811_155000_stage_B_2C_30day_full_final,27,14,14,1,14146,13,14122,391,previous_physical_hour,NaN,false,NaN
20260811_155000_stage_B_2C_30day_full_final,27,14,14,2,14147,13,14123,392,previous_physical_hour,NaN,false,NaN
20260811_155000_stage_B_2C_30day_full_final,27,15,15,1,14170,14,14146,391,previous_physical_hour,NaN,false,NaN
20260811_155000_stage_B_2C_30day_full_final,27,15,15,2,14171,14,14147,392,previous_physical_hour,NaN,false,NaN
20260811_155000_stage_B_2C_30day_full_final,27,16,16,1,14194,15,14170,391,previous_physical_hour,NaN,false,NaN
20260811_155000_stage_B_2C_30day_full_final,27,16,16,2,14195,15,14171,392,previous_physical_hour,NaN,false,NaN
20260811_155000_stage_B_2C_30day_full_final,27,17,17,1,14218,16,14194,391,previous_physical_hour,NaN,false,NaN
20260811_155000_stage_B_2C_30day_full_final,27,17,17,2,14219,16,14195,392,previous_physical_hour,NaN,false,NaN
20260811_155000_stage_B_2C_30day_full_final,27,18,18,1,14242,17,14218,391,previous_physical_hour,NaN,false,NaN
20260811_155000_stage_B_2C_30day_full_final,27,18,18,2,14243,17,14219,392,previous_physical_hour,NaN,false,NaN
20260811_155000_stage_B_2C_30day_full_final,27,19,19,1,14266,18,14242,391,previous_physical_hour,NaN,false,NaN
20260811_155000_stage_B_2C_30day_full_final,27,19,19,2,14267,18,14243,392,previous_physical_hour,NaN,false,NaN
20260811_155000_stage_B_2C_30day_full_final,27,20,20,1,14285,19,14266,391,previous_physical_hour,NaN,false,NaN
20260811_155000_stage_B_2C_30day_full_final,27,20,20,2,14286,19,14267,392,previous_physical_hour,NaN,false,NaN
20260811_155000_stage_B_2C_30day_full_final,27,21,21,1,14304,20,14285,391,previous_physical_hour,NaN,false,NaN
20260811_155000_stage_B_2C_30day_full_final,27,21,21,2,14305,20,14286,392,previous_physical_hour,NaN,false,NaN
20260811_155000_stage_B_2C_30day_full_final,27,22,22,1,14323,21,14304,391,previous_physical_hour,NaN,false,NaN
20260811_155000_stage_B_2C_30day_full_final,27,22,22,2,14324,21,14305,392,previous_physical_hour,NaN,false,NaN
20260811_155000_stage_B_2C_30day_full_final,27,23,23,1,14342,22,14323,391,previous_physical_hour,NaN,false,NaN
20260811_155000_stage_B_2C_30day_full_final,27,23,23,2,14343,22,14324,392,previous_physical_hour,NaN,false,NaN
20260811_155000_stage_B_2C_30day_full_final,27,24,24,1,14361,23,14342,391,previous_physical_hour,NaN,true,0.5
20260811_155000_stage_B_2C_30day_full_final,27,24,24,2,14362,23,14343,392,previous_physical_hour,NaN,true,0.5
20260811_155000_stage_B_2C_30day_full_final,28,1,1,1,14380,NaN,0,405,formal_daily_fixed_half_energy,0.5,false,NaN
20260811_155000_stage_B_2C_30day_full_final,28,1,1,2,14381,NaN,0,406,formal_daily_fixed_half_energy,0.5,false,NaN
20260811_155000_stage_B_2C_30day_full_final,28,2,2,1,14399,1,14380,405,previous_physical_hour,NaN,false,NaN
20260811_155000_stage_B_2C_30day_full_final,28,2,2,2,14400,1,14381,406,previous_physical_hour,NaN,false,NaN
20260811_155000_stage_B_2C_30day_full_final,28,3,3,1,14418,2,14399,405,previous_physical_hour,NaN,false,NaN
20260811_155000_stage_B_2C_30day_full_final,28,3,3,2,14419,2,14400,406,previous_physical_hour,NaN,false,NaN
20260811_155000_stage_B_2C_30day_full_final,28,4,4,1,14437,3,14418,405,previous_physical_hour,NaN,false,NaN
20260811_155000_stage_B_2C_30day_full_final,28,4,4,2,14438,3,14419,406,previous_physical_hour,NaN,false,NaN
20260811_155000_stage_B_2C_30day_full_final,28,5,5,1,14456,4,14437,405,previous_physical_hour,NaN,false,NaN
20260811_155000_stage_B_2C_30day_full_final,28,5,5,2,14457,4,14438,406,previous_physical_hour,NaN,false,NaN
20260811_155000_stage_B_2C_30day_full_final,28,6,6,1,14475,5,14456,405,previous_physical_hour,NaN,false,NaN
20260811_155000_stage_B_2C_30day_full_final,28,6,6,2,14476,5,14457,406,previous_physical_hour,NaN,false,NaN
20260811_155000_stage_B_2C_30day_full_final,28,7,7,1,14494,6,14475,405,previous_physical_hour,NaN,false,NaN
20260811_155000_stage_B_2C_30day_full_final,28,7,7,2,14495,6,14476,406,previous_physical_hour,NaN,false,NaN
20260811_155000_stage_B_2C_30day_full_final,28,8,8,1,14518,7,14494,405,previous_physical_hour,NaN,false,NaN
20260811_155000_stage_B_2C_30day_full_final,28,8,8,2,14519,7,14495,406,previous_physical_hour,NaN,false,NaN
20260811_155000_stage_B_2C_30day_full_final,28,9,9,1,14542,8,14518,405,previous_physical_hour,NaN,false,NaN
20260811_155000_stage_B_2C_30day_full_final,28,9,9,2,14543,8,14519,406,previous_physical_hour,NaN,false,NaN
20260811_155000_stage_B_2C_30day_full_final,28,10,10,1,14566,9,14542,405,previous_physical_hour,NaN,false,NaN
20260811_155000_stage_B_2C_30day_full_final,28,10,10,2,14567,9,14543,406,previous_physical_hour,NaN,false,NaN
20260811_155000_stage_B_2C_30day_full_final,28,11,11,1,14590,10,14566,405,previous_physical_hour,NaN,false,NaN
20260811_155000_stage_B_2C_30day_full_final,28,11,11,2,14591,10,14567,406,previous_physical_hour,NaN,false,NaN
20260811_155000_stage_B_2C_30day_full_final,28,12,12,1,14614,11,14590,405,previous_physical_hour,NaN,false,NaN
20260811_155000_stage_B_2C_30day_full_final,28,12,12,2,14615,11,14591,406,previous_physical_hour,NaN,false,NaN
20260811_155000_stage_B_2C_30day_full_final,28,13,13,1,14638,12,14614,405,previous_physical_hour,NaN,false,NaN
20260811_155000_stage_B_2C_30day_full_final,28,13,13,2,14639,12,14615,406,previous_physical_hour,NaN,false,NaN
20260811_155000_stage_B_2C_30day_full_final,28,14,14,1,14662,13,14638,405,previous_physical_hour,NaN,false,NaN
20260811_155000_stage_B_2C_30day_full_final,28,14,14,2,14663,13,14639,406,previous_physical_hour,NaN,false,NaN
20260811_155000_stage_B_2C_30day_full_final,28,15,15,1,14686,14,14662,405,previous_physical_hour,NaN,false,NaN
20260811_155000_stage_B_2C_30day_full_final,28,15,15,2,14687,14,14663,406,previous_physical_hour,NaN,false,NaN
20260811_155000_stage_B_2C_30day_full_final,28,16,16,1,14710,15,14686,405,previous_physical_hour,NaN,false,NaN
20260811_155000_stage_B_2C_30day_full_final,28,16,16,2,14711,15,14687,406,previous_physical_hour,NaN,false,NaN
20260811_155000_stage_B_2C_30day_full_final,28,17,17,1,14734,16,14710,405,previous_physical_hour,NaN,false,NaN
20260811_155000_stage_B_2C_30day_full_final,28,17,17,2,14735,16,14711,406,previous_physical_hour,NaN,false,NaN
20260811_155000_stage_B_2C_30day_full_final,28,18,18,1,14758,17,14734,405,previous_physical_hour,NaN,false,NaN
20260811_155000_stage_B_2C_30day_full_final,28,18,18,2,14759,17,14735,406,previous_physical_hour,NaN,false,NaN
20260811_155000_stage_B_2C_30day_full_final,28,19,19,1,14782,18,14758,405,previous_physical_hour,NaN,false,NaN
20260811_155000_stage_B_2C_30day_full_final,28,19,19,2,14783,18,14759,406,previous_physical_hour,NaN,false,NaN
20260811_155000_stage_B_2C_30day_full_final,28,20,20,1,14801,19,14782,405,previous_physical_hour,NaN,false,NaN
20260811_155000_stage_B_2C_30day_full_final,28,20,20,2,14802,19,14783,406,previous_physical_hour,NaN,false,NaN
20260811_155000_stage_B_2C_30day_full_final,28,21,21,1,14820,20,14801,405,previous_physical_hour,NaN,false,NaN
20260811_155000_stage_B_2C_30day_full_final,28,21,21,2,14821,20,14802,406,previous_physical_hour,NaN,false,NaN
20260811_155000_stage_B_2C_30day_full_final,28,22,22,1,14839,21,14820,405,previous_physical_hour,NaN,false,NaN
20260811_155000_stage_B_2C_30day_full_final,28,22,22,2,14840,21,14821,406,previous_physical_hour,NaN,false,NaN
20260811_155000_stage_B_2C_30day_full_final,28,23,23,1,14858,22,14839,405,previous_physical_hour,NaN,false,NaN
20260811_155000_stage_B_2C_30day_full_final,28,23,23,2,14859,22,14840,406,previous_physical_hour,NaN,false,NaN
20260811_155000_stage_B_2C_30day_full_final,28,24,24,1,14877,23,14858,405,previous_physical_hour,NaN,true,0.5
20260811_155000_stage_B_2C_30day_full_final,28,24,24,2,14878,23,14859,406,previous_physical_hour,NaN,true,0.5
20260811_155000_stage_B_2C_30day_full_final,29,1,1,1,14896,NaN,0,419,formal_daily_fixed_half_energy,0.5,false,NaN
20260811_155000_stage_B_2C_30day_full_final,29,1,1,2,14897,NaN,0,420,formal_daily_fixed_half_energy,0.5,false,NaN
20260811_155000_stage_B_2C_30day_full_final,29,2,2,1,14915,1,14896,419,previous_physical_hour,NaN,false,NaN
20260811_155000_stage_B_2C_30day_full_final,29,2,2,2,14916,1,14897,420,previous_physical_hour,NaN,false,NaN
20260811_155000_stage_B_2C_30day_full_final,29,3,3,1,14934,2,14915,419,previous_physical_hour,NaN,false,NaN
20260811_155000_stage_B_2C_30day_full_final,29,3,3,2,14935,2,14916,420,previous_physical_hour,NaN,false,NaN
20260811_155000_stage_B_2C_30day_full_final,29,4,4,1,14953,3,14934,419,previous_physical_hour,NaN,false,NaN
20260811_155000_stage_B_2C_30day_full_final,29,4,4,2,14954,3,14935,420,previous_physical_hour,NaN,false,NaN
20260811_155000_stage_B_2C_30day_full_final,29,5,5,1,14972,4,14953,419,previous_physical_hour,NaN,false,NaN
20260811_155000_stage_B_2C_30day_full_final,29,5,5,2,14973,4,14954,420,previous_physical_hour,NaN,false,NaN
20260811_155000_stage_B_2C_30day_full_final,29,6,6,1,14991,5,14972,419,previous_physical_hour,NaN,false,NaN
20260811_155000_stage_B_2C_30day_full_final,29,6,6,2,14992,5,14973,420,previous_physical_hour,NaN,false,NaN
20260811_155000_stage_B_2C_30day_full_final,29,7,7,1,15010,6,14991,419,previous_physical_hour,NaN,false,NaN
20260811_155000_stage_B_2C_30day_full_final,29,7,7,2,15011,6,14992,420,previous_physical_hour,NaN,false,NaN
20260811_155000_stage_B_2C_30day_full_final,29,8,8,1,15034,7,15010,419,previous_physical_hour,NaN,false,NaN
20260811_155000_stage_B_2C_30day_full_final,29,8,8,2,15035,7,15011,420,previous_physical_hour,NaN,false,NaN
20260811_155000_stage_B_2C_30day_full_final,29,9,9,1,15058,8,15034,419,previous_physical_hour,NaN,false,NaN
20260811_155000_stage_B_2C_30day_full_final,29,9,9,2,15059,8,15035,420,previous_physical_hour,NaN,false,NaN
20260811_155000_stage_B_2C_30day_full_final,29,10,10,1,15082,9,15058,419,previous_physical_hour,NaN,false,NaN
20260811_155000_stage_B_2C_30day_full_final,29,10,10,2,15083,9,15059,420,previous_physical_hour,NaN,false,NaN
20260811_155000_stage_B_2C_30day_full_final,29,11,11,1,15106,10,15082,419,previous_physical_hour,NaN,false,NaN
20260811_155000_stage_B_2C_30day_full_final,29,11,11,2,15107,10,15083,420,previous_physical_hour,NaN,false,NaN
20260811_155000_stage_B_2C_30day_full_final,29,12,12,1,15130,11,15106,419,previous_physical_hour,NaN,false,NaN
20260811_155000_stage_B_2C_30day_full_final,29,12,12,2,15131,11,15107,420,previous_physical_hour,NaN,false,NaN
20260811_155000_stage_B_2C_30day_full_final,29,13,13,1,15154,12,15130,419,previous_physical_hour,NaN,false,NaN
20260811_155000_stage_B_2C_30day_full_final,29,13,13,2,15155,12,15131,420,previous_physical_hour,NaN,false,NaN
20260811_155000_stage_B_2C_30day_full_final,29,14,14,1,15178,13,15154,419,previous_physical_hour,NaN,false,NaN
20260811_155000_stage_B_2C_30day_full_final,29,14,14,2,15179,13,15155,420,previous_physical_hour,NaN,false,NaN
20260811_155000_stage_B_2C_30day_full_final,29,15,15,1,15202,14,15178,419,previous_physical_hour,NaN,false,NaN
20260811_155000_stage_B_2C_30day_full_final,29,15,15,2,15203,14,15179,420,previous_physical_hour,NaN,false,NaN
20260811_155000_stage_B_2C_30day_full_final,29,16,16,1,15226,15,15202,419,previous_physical_hour,NaN,false,NaN
20260811_155000_stage_B_2C_30day_full_final,29,16,16,2,15227,15,15203,420,previous_physical_hour,NaN,false,NaN
20260811_155000_stage_B_2C_30day_full_final,29,17,17,1,15250,16,15226,419,previous_physical_hour,NaN,false,NaN
20260811_155000_stage_B_2C_30day_full_final,29,17,17,2,15251,16,15227,420,previous_physical_hour,NaN,false,NaN
20260811_155000_stage_B_2C_30day_full_final,29,18,18,1,15274,17,15250,419,previous_physical_hour,NaN,false,NaN
20260811_155000_stage_B_2C_30day_full_final,29,18,18,2,15275,17,15251,420,previous_physical_hour,NaN,false,NaN
20260811_155000_stage_B_2C_30day_full_final,29,19,19,1,15298,18,15274,419,previous_physical_hour,NaN,false,NaN
20260811_155000_stage_B_2C_30day_full_final,29,19,19,2,15299,18,15275,420,previous_physical_hour,NaN,false,NaN
20260811_155000_stage_B_2C_30day_full_final,29,20,20,1,15317,19,15298,419,previous_physical_hour,NaN,false,NaN
20260811_155000_stage_B_2C_30day_full_final,29,20,20,2,15318,19,15299,420,previous_physical_hour,NaN,false,NaN
20260811_155000_stage_B_2C_30day_full_final,29,21,21,1,15336,20,15317,419,previous_physical_hour,NaN,false,NaN
20260811_155000_stage_B_2C_30day_full_final,29,21,21,2,15337,20,15318,420,previous_physical_hour,NaN,false,NaN
20260811_155000_stage_B_2C_30day_full_final,29,22,22,1,15355,21,15336,419,previous_physical_hour,NaN,false,NaN
20260811_155000_stage_B_2C_30day_full_final,29,22,22,2,15356,21,15337,420,previous_physical_hour,NaN,false,NaN
20260811_155000_stage_B_2C_30day_full_final,29,23,23,1,15374,22,15355,419,previous_physical_hour,NaN,false,NaN
20260811_155000_stage_B_2C_30day_full_final,29,23,23,2,15375,22,15356,420,previous_physical_hour,NaN,false,NaN
20260811_155000_stage_B_2C_30day_full_final,29,24,24,1,15393,23,15374,419,previous_physical_hour,NaN,true,0.5
20260811_155000_stage_B_2C_30day_full_final,29,24,24,2,15394,23,15375,420,previous_physical_hour,NaN,true,0.5
20260811_155000_stage_B_2C_30day_full_final,30,1,1,1,15412,NaN,0,433,formal_daily_fixed_half_energy,0.5,false,NaN
20260811_155000_stage_B_2C_30day_full_final,30,1,1,2,15413,NaN,0,434,formal_daily_fixed_half_energy,0.5,false,NaN
20260811_155000_stage_B_2C_30day_full_final,30,2,2,1,15431,1,15412,433,previous_physical_hour,NaN,false,NaN
20260811_155000_stage_B_2C_30day_full_final,30,2,2,2,15432,1,15413,434,previous_physical_hour,NaN,false,NaN
20260811_155000_stage_B_2C_30day_full_final,30,3,3,1,15450,2,15431,433,previous_physical_hour,NaN,false,NaN
20260811_155000_stage_B_2C_30day_full_final,30,3,3,2,15451,2,15432,434,previous_physical_hour,NaN,false,NaN
20260811_155000_stage_B_2C_30day_full_final,30,4,4,1,15469,3,15450,433,previous_physical_hour,NaN,false,NaN
20260811_155000_stage_B_2C_30day_full_final,30,4,4,2,15470,3,15451,434,previous_physical_hour,NaN,false,NaN
20260811_155000_stage_B_2C_30day_full_final,30,5,5,1,15488,4,15469,433,previous_physical_hour,NaN,false,NaN
20260811_155000_stage_B_2C_30day_full_final,30,5,5,2,15489,4,15470,434,previous_physical_hour,NaN,false,NaN
20260811_155000_stage_B_2C_30day_full_final,30,6,6,1,15507,5,15488,433,previous_physical_hour,NaN,false,NaN
20260811_155000_stage_B_2C_30day_full_final,30,6,6,2,15508,5,15489,434,previous_physical_hour,NaN,false,NaN
20260811_155000_stage_B_2C_30day_full_final,30,7,7,1,15526,6,15507,433,previous_physical_hour,NaN,false,NaN
20260811_155000_stage_B_2C_30day_full_final,30,7,7,2,15527,6,15508,434,previous_physical_hour,NaN,false,NaN
20260811_155000_stage_B_2C_30day_full_final,30,8,8,1,15550,7,15526,433,previous_physical_hour,NaN,false,NaN
20260811_155000_stage_B_2C_30day_full_final,30,8,8,2,15551,7,15527,434,previous_physical_hour,NaN,false,NaN
20260811_155000_stage_B_2C_30day_full_final,30,9,9,1,15574,8,15550,433,previous_physical_hour,NaN,false,NaN
20260811_155000_stage_B_2C_30day_full_final,30,9,9,2,15575,8,15551,434,previous_physical_hour,NaN,false,NaN
20260811_155000_stage_B_2C_30day_full_final,30,10,10,1,15598,9,15574,433,previous_physical_hour,NaN,false,NaN
20260811_155000_stage_B_2C_30day_full_final,30,10,10,2,15599,9,15575,434,previous_physical_hour,NaN,false,NaN
20260811_155000_stage_B_2C_30day_full_final,30,11,11,1,15622,10,15598,433,previous_physical_hour,NaN,false,NaN
20260811_155000_stage_B_2C_30day_full_final,30,11,11,2,15623,10,15599,434,previous_physical_hour,NaN,false,NaN
20260811_155000_stage_B_2C_30day_full_final,30,12,12,1,15646,11,15622,433,previous_physical_hour,NaN,false,NaN
20260811_155000_stage_B_2C_30day_full_final,30,12,12,2,15647,11,15623,434,previous_physical_hour,NaN,false,NaN
20260811_155000_stage_B_2C_30day_full_final,30,13,13,1,15670,12,15646,433,previous_physical_hour,NaN,false,NaN
20260811_155000_stage_B_2C_30day_full_final,30,13,13,2,15671,12,15647,434,previous_physical_hour,NaN,false,NaN
20260811_155000_stage_B_2C_30day_full_final,30,14,14,1,15694,13,15670,433,previous_physical_hour,NaN,false,NaN
20260811_155000_stage_B_2C_30day_full_final,30,14,14,2,15695,13,15671,434,previous_physical_hour,NaN,false,NaN
20260811_155000_stage_B_2C_30day_full_final,30,15,15,1,15718,14,15694,433,previous_physical_hour,NaN,false,NaN
20260811_155000_stage_B_2C_30day_full_final,30,15,15,2,15719,14,15695,434,previous_physical_hour,NaN,false,NaN
20260811_155000_stage_B_2C_30day_full_final,30,16,16,1,15742,15,15718,433,previous_physical_hour,NaN,false,NaN
20260811_155000_stage_B_2C_30day_full_final,30,16,16,2,15743,15,15719,434,previous_physical_hour,NaN,false,NaN
20260811_155000_stage_B_2C_30day_full_final,30,17,17,1,15766,16,15742,433,previous_physical_hour,NaN,false,NaN
20260811_155000_stage_B_2C_30day_full_final,30,17,17,2,15767,16,15743,434,previous_physical_hour,NaN,false,NaN
20260811_155000_stage_B_2C_30day_full_final,30,18,18,1,15790,17,15766,433,previous_physical_hour,NaN,false,NaN
20260811_155000_stage_B_2C_30day_full_final,30,18,18,2,15791,17,15767,434,previous_physical_hour,NaN,false,NaN
20260811_155000_stage_B_2C_30day_full_final,30,19,19,1,15814,18,15790,433,previous_physical_hour,NaN,false,NaN
20260811_155000_stage_B_2C_30day_full_final,30,19,19,2,15815,18,15791,434,previous_physical_hour,NaN,false,NaN
20260811_155000_stage_B_2C_30day_full_final,30,20,20,1,15833,19,15814,433,previous_physical_hour,NaN,false,NaN
20260811_155000_stage_B_2C_30day_full_final,30,20,20,2,15834,19,15815,434,previous_physical_hour,NaN,false,NaN
20260811_155000_stage_B_2C_30day_full_final,30,21,21,1,15852,20,15833,433,previous_physical_hour,NaN,false,NaN
20260811_155000_stage_B_2C_30day_full_final,30,21,21,2,15853,20,15834,434,previous_physical_hour,NaN,false,NaN
20260811_155000_stage_B_2C_30day_full_final,30,22,22,1,15871,21,15852,433,previous_physical_hour,NaN,false,NaN
20260811_155000_stage_B_2C_30day_full_final,30,22,22,2,15872,21,15853,434,previous_physical_hour,NaN,false,NaN
20260811_155000_stage_B_2C_30day_full_final,30,23,23,1,15890,22,15871,433,previous_physical_hour,NaN,false,NaN
20260811_155000_stage_B_2C_30day_full_final,30,23,23,2,15891,22,15872,434,previous_physical_hour,NaN,false,NaN
20260811_155000_stage_B_2C_30day_full_final,30,24,24,1,15909,23,15890,433,previous_physical_hour,NaN,true,0.5
20260811_155000_stage_B_2C_30day_full_final,30,24,24,2,15910,23,15891,434,previous_physical_hour,NaN,true,0.5
