iteration,constraint_id,day,hydro_id,bound_type,inequality_position,g_before,g_after,l_before,l_trial,full_correction_candidate_l,l_corrected,linearized_constraint_increment,second_order_remainder,applied_second_order_correction,correction_fraction,full_correction_centrality_safe,full_correction_feasible,residual_before,residual_trial,residual_corrected,expected_corrected_residual,closure_error,closure_tolerance,strictly_positive
1,INEQ-WATER-D014-HYDRO01-UPPER,14,1,upper,7249,29169.159999999996,22990.491720061669,1,6.6917841646163074,-1.7289770764228374,1.427220822428577,-6187.0890411793662,8.4207612410391448,5.2645633421877305,0.62518853005005393,false,false,29170.159999999996,22997.183504226286,22991.918940884098,22991.918940884098,0,1.862645149230957e-09,true
1,INEQ-WATER-D014-HYDRO01-LOWER,14,1,lower,7250,-33060.709999999999,-26882.041720061672,33060.709999999999,26873.620958820633,26882.041720061672,26878.885522162822,6187.0890411793662,-8.4207612410391448,-5.2645633421877305,0.62518853005005393,false,false,0,-8.4207612410391448,-3.1561978988502233,-3.1561978988514139,1.1906031716080179e-12,1.862645149230957e-09,true
1,INEQ-WATER-D014-HYDRO02-UPPER,14,2,upper,7251,29781.159999999974,23473.039735395447,1,6.6907840600217297,-1.9648350992199939,1.2793902411823126,-6316.7758837637693,8.6556191592417235,5.4113938188394171,0.62518853005005393,false,false,29782.159999999974,23479.730519455468,23474.31912563663,23474.319125636626,3.637978807091713e-12,1.862645149230957e-09,true
1,INEQ-WATER-D014-HYDRO02-LOWER,14,2,lower,7252,-33615.319999999971,-27307.199735395443,33615.319999999971,27298.5441162362,27307.199735395443,27303.955510055039,6316.7758837637693,-8.6556191592417235,-5.4113938188394171,0.62518853005005393,false,false,0,-8.655619159242633,-3.2442253404042276,-3.2442253404023069,-1.9206858326015208e-12,1.862645149230957e-09,true
1,INEQ-WATER-D014-HYDRO03-UPPER,14,3,upper,7253,18324.369999999995,14438.336455309072,1,6.6842117203546554,3.7366463612475531,4.8414276662680269,-3888.9811100500301,2.9475653591071023,1.8427840540866285,0.62518853005005393,false,false,18325.369999999995,14445.020667029426,14443.17788297534,14443.17788297534,0,9.3132257461547852e-10,true
1,INEQ-WATER-D014-HYDRO03-LOWER,14,3,lower,7254,-20329.879999999997,-16443.846455309074,20329.879999999997,16440.898889949967,16443.846455309074,16442.741674004053,3888.9811100500301,-2.9475653591071023,-1.8427840540866285,0.62518853005005393,false,false,0,-2.9475653591071023,-1.1047813050208788,-1.1047813050204738,-4.0500935938325711e-13,1.862645149230957e-09,true
1,INEQ-WATER-D014-HYDRO04-UPPER,14,4,upper,7255,18362.349999999999,14468.269360152452,1,6.6842504792241906,3.7354665745236142,4.8407046044091793,-3897.0294237522476,2.9487839047005764,1.8435458748150118,0.62518853005005393,false,false,18363.349999999999,14474.953610631675,14473.11006475686,14473.11006475686,0,9.3132257461547852e-10,true
1,INEQ-WATER-D014-HYDRO04-LOWER,14,4,lower,7256,-20370.18,-16476.099360152453,20370.18,16473.150576247754,16476.099360152453,16474.994122122567,3897.0294237522476,-2.9487839047005764,-1.8435458748150118,0.62518853005005393,false,false,0,-2.9487839046996669,-1.1052380298860953,-1.1052380298855646,-5.3068660577082483e-13,1.862645149230957e-09,true
1,INEQ-WATER-D015-HYDRO01-UPPER,15,1,upper,7257,29224,23034.166582625541,1,6.6915045515939839,-2.1848875047766212,1.1420860497236696,-6198.7098094308294,8.8763920563706051,5.5494185018703144,0.62518853005005393,false,false,29225,23040.858087177134,23035.308668675265,23035.308668675265,0,1.862645149230957e-09,true
1,INEQ-WATER-D015-HYDRO01-LOWER,15,1,lower,7258,-33110.059999999998,-26920.226582625539,33110.059999999998,26911.350190569166,26920.226582625539,26916.899609071035,6198.7098094308294,-8.8763920563706051,-5.5494185018703144,0.62518853005005393,false,false,0,-8.8763920563724241,-3.3269735545036383,-3.3269735545002912,-3.3471003746399219e-12,1.862645149230957e-09,true
1,INEQ-WATER-D015-HYDRO02-UPPER,15,2,upper,7259,29848.839999999975,23526.839272677207,1,6.6904853349994529,-2.4263220430578212,0.99076193156233927,-6331.1175347008248,9.116807378057274,5.6997234034371136,0.62518853005005393,false,false,29849.839999999975,23533.529758012206,23527.830034608771,23527.830034608767,3.637978807091713e-12,1.862645149230957e-09,true
1,INEQ-WATER-D015-HYDRO02-LOWER,15,2,lower,7260,-33676.239999999976,-27354.239272677209,33676.239999999976,27345.122465299151,27354.239272677209,27350.82218870259,6331.1175347008248,-9.116807378057274,-5.6997234034371136,0.62518853005005393,false,false,0,-9.116807378057274,-3.4170839746184356,-3.4170839746201604,1.7248424910576432e-12,1.862645149230957e-09,true
1,INEQ-WATER-D015-HYDRO03-UPPER,15,3,upper,7261,18234.129999999997,14367.305252743477,1,6.6842789139193748,3.6504484762811309,4.787562922191209,-3869.8585776941582,3.0338304376382439,1.8967159917281655,0.62518853005005393,false,false,18235.129999999997,14373.989531657397,14372.092815665668,14372.092815665668,0,9.3132257461547852e-10,true
1,INEQ-WATER-D015-HYDRO03-LOWER,15,3,lower,7262,-20248.659999999996,-16381.835252743476,20248.659999999996,16378.801422305838,16381.835252743476,16380.698138297566,3869.8585776941582,-3.0338304376382439,-1.8967159917281655,0.62518853005005393,false,false,0,-3.0338304376382439,-1.1371144459099014,-1.1371144459100784,1.7696955012524995e-13,9.3132257461547852e-10,true
1,INEQ-WATER-D015-HYDRO04-UPPER,15,4,upper,7263,17513.529999999999,13799.222748982102,1,6.6864915648741796,3.8340297567677251,4.903165160040186,-3717.1597128260037,2.8524618081064546,1.7833264048339934,0.62518853005005393,false,false,17514.529999999999,13805.909240546976,13804.125914142141,13804.125914142141,0,9.3132257461547852e-10,true
1,INEQ-WATER-D015-HYDRO04-LOWER,15,4,lower,7264,-19606.240000000002,-15891.932748982104,19606.240000000002,15889.080287173998,15891.932748982104,15890.863613578831,3717.1597128260037,-2.8524618081064546,-1.7833264048339934,0.62518853005005393,false,false,0,-2.8524618081064546,-1.0691354032733216,-1.0691354032724611,-8.6042284408449632e-13,9.3132257461547852e-10,true
1,INEQ-WATER-D016-HYDRO01-UPPER,16,1,upper,7265,29815.739999999998,23498.815873800573,1,6.6941679913619687,-0.48876043273558523,2.2034835284456689,-6324.1070546235223,7.1829284240975539,4.4906844629162999,0.62518853005005393,false,false,29816.739999999998,23505.510041791935,23501.01935732902,23501.019357329016,3.637978807091713e-12,1.862645149230957e-09,true
1,INEQ-WATER-D016-HYDRO01-LOWER,16,1,lower,7266,-33642.629999999997,-27325.705873800573,33642.629999999997,27318.522945376477,27325.705873800573,27323.013629839392,6324.1070546235223,-7.1829284240975539,-4.4906844629162999,0.62518853005005393,false,false,0,-7.182928424095735,-2.6922439611807931,-2.6922439611812536,4.6052051061451493e-13,1.862645149230957e-09,true
1,INEQ-WATER-D016-HYDRO02-UPPER,16,2,upper,7267,29715.239999999976,23419.565221125486,1,6.6943824708049089,-0.44132966903014115,2.2332170872411092,-6302.8104910143256,7.13571213983505,4.4611653835637997,0.62518853005005393,false,false,29716.239999999976,23426.259603596289,23421.798438212725,23421.798438212729,-3.637978807091713e-12,1.862645149230957e-09,true
1,INEQ-WATER-D016-HYDRO02-LOWER,16,2,lower,7268,-33555.999999999971,-27260.32522112548,33555.999999999971,27253.189508985644,27260.32522112548,27257.650674369208,6302.8104910143256,-7.13571213983505,-4.4611653835637997,0.62518853005005393,false,false,0,-7.1357121398359595,-2.6745467562723206,-2.6745467562712504,-1.0702549957386509e-12,1.862645149230957e-09,true
1,INEQ-WATER-D016-HYDRO03-UPPER,16,3,upper,7269,18081.939999999995,14246.842195591045,1,6.6883925860401412,4.1738206268145639,5.1163110391468187,-3837.6123763681753,2.5145719592255773,1.5720815468933229,0.62518853005005393,false,false,18082.939999999995,14253.530588177086,14251.958506630192,14251.958506630192,0,9.3132257461547852e-10,true
1,INEQ-WATER-D016-HYDRO03-LOWER,16,3,lower,7270,-20111.689999999995,-16276.592195591045,20111.689999999995,16274.07762363182,16276.592195591045,16275.649705178714,3837.6123763681753,-2.5145719592255773,-1.5720815468933229,0.62518853005005393,false,false,0,-2.5145719592255773,-0.94249041233160824,-0.9424904123322545,6.4626082263430362e-13,9.3132257461547852e-10,true
1,INEQ-WATER-D016-HYDRO04-UPPER,16,4,upper,7271,17728.150000000001,13967.928890067327,1,6.6895437059128131,4.2681422697240965,5.1757113013609004,-3762.6425113688629,2.4214014361887166,1.5138324045519131,0.62518853005005393,false,false,17729.150000000001,13974.618433773239,13973.104601368688,13973.104601368688,0,9.3132257461547852e-10,true
1,INEQ-WATER-D016-HYDRO04-LOWER,16,4,lower,7272,-19799.400000000001,-16039.178890067327,19799.400000000001,16036.757488631138,16039.178890067327,16038.271321035689,3762.6425113688629,-2.4214014361887166,-1.5138324045519131,0.62518853005005393,false,false,0,-2.4214014361896261,-0.90756903163855895,-0.90756903163680347,-1.7554846465372975e-12,9.3132257461547852e-10,true
1,INEQ-WATER-D017-HYDRO01-UPPER,17,1,upper,7273,29510.229999999996,23257.835746869576,1,6.6925724855815174,-0.2785471946857756,2.3343084198722064,-6259.3653728106874,6.971119680267293,4.358264065709311,0.62518853005005393,false,false,29511.229999999996,23264.528319355159,23260.170055289447,23260.170055289447,0,1.862645149230957e-09,true
1,INEQ-WATER-D017-HYDRO01-LOWER,17,1,lower,7274,-33367.669999999998,-27115.275746869578,33367.669999999998,27108.304627189311,27115.275746869578,27112.662891255019,6259.3653728106874,-6.971119680267293,-4.358264065709311,0.62518853005005393,false,false,0,-6.971119680267293,-2.6128556145595212,-2.612855614557982,-1.539213201340317e-12,1.862645149230957e-09,true
1,INEQ-WATER-D017-HYDRO02-UPPER,17,2,upper,7275,29675.869999999974,23388.434186203638,1,6.6923363777060327,-0.33746735067134104,2.2973837182213943,-6294.4656175247128,7.0298037283773738,4.3949526594846384,0.62518853005005393,false,false,29676.869999999974,23395.126522581344,23390.73156992186,23390.731569921856,3.637978807091713e-12,1.862645149230957e-09,true
1,INEQ-WATER-D017-HYDRO02-LOWER,17,2,lower,7276,-33520.559999999976,-27233.12418620364,33520.559999999976,27226.094382475261,27233.12418620364,27230.489335134745,6294.4656175247128,-7.0298037283773738,-4.3949526594846384,0.62518853005005393,false,false,0,-7.0298037283791928,-2.6348510688949318,-2.6348510688927349,-2.1969093211282598e-12,1.862645149230957e-09,true
1,INEQ-WATER-D017-HYDRO03-UPPER,17,3,upper,7277,18345.319999999996,14454.454875163505,1,6.6855323508290461,4.1287488853537546,5.0870606543922658,-3893.4219083019666,2.5567834654752915,1.5984716964367802,0.62518853005005393,false,false,18346.319999999996,14461.140407514335,14459.541935817897,14459.541935817897,0,9.3132257461547852e-10,true
1,INEQ-WATER-D017-HYDRO03-LOWER,17,3,lower,7278,-20348.739999999994,-16457.874875163503,20348.739999999994,16455.318091698027,16457.874875163503,16456.916563394465,3893.4219083019666,-2.5567834654752915,-1.5984716964367802,0.62518853005005393,false,false,0,-2.5567834654757462,-0.95831176903811865,-0.95831176903851123,3.9257486150745535e-13,1.862645149230957e-09,true
1,INEQ-WATER-D017-HYDRO04-UPPER,17,4,upper,7279,18095.920000000002,14257.834635575276,1,6.6863745948929578,4.1989034517522201,5.1312361673708731,-3840.5728355678662,2.4874711431407377,1.555138427522085,0.62518853005005393,false,false,18096.920000000002,14264.521010170169,14262.965871742648,14262.965871742646,1.8189894035458565e-12,9.3132257461547852e-10,true
1,INEQ-WATER-D017-HYDRO04-LOWER,17,4,lower,7280,-20130.400000000001,-16292.314635575276,20130.400000000001,16289.827164432136,16292.314635575276,16291.382302859658,3840.5728355678662,-2.4874711431407377,-1.555138427522085,0.62518853005005393,false,false,0,-2.4874711431402829,-0.93233271561803122,-0.93233271561865261,6.2139182688270012e-13,9.3132257461547852e-10,true
1,INEQ-WATER-D018-HYDRO01-UPPER,18,1,upper,7281,29338.519999999997,23123.970840208189,1,6.6937881790543852,-1.7368766964865845,1.4230331981703053,-6222.979824667349,8.4306648755409697,5.2707549808840799,0.62518853005005393,false,false,29339.519999999997,23130.664628387243,23125.393873406359,23125.393873406359,0,1.862645149230957e-09,true
1,INEQ-WATER-D018-HYDRO01-LOWER,18,1,lower,7282,-33213.129999999997,-26998.580840208189,33213.129999999997,26990.150175332648,26998.580840208189,26995.420930313532,6222.979824667349,-8.4306648755409697,-5.2707549808840799,0.62518853005005393,false,false,0,-8.4306648755409697,-3.1599098946571758,-3.1599098946568902,-2.8554936193359026e-13,1.862645149230957e-09,true
1,INEQ-WATER-D018-HYDRO02-UPPER,18,2,upper,7283,29142.979999999974,22969.783475916382,1,6.6941710813257096,-1.6529752161227798,1.4756309575111386,-6181.543670381041,8.3471462974484893,5.218540123814571,0.62518853005005393,false,false,29143.979999999974,22976.477646997708,22971.259106873891,22971.259106873895,-3.637978807091713e-12,1.862645149230957e-09,true
1,INEQ-WATER-D018-HYDRO02-LOWER,18,2,lower,7284,-33040.959999999977,-26867.763475916385,33040.959999999977,26859.416329618936,26867.763475916385,26864.634869742749,6181.543670381041,-8.3471462974484893,-5.218540123814571,0.62518853005005393,false,false,0,-8.3471462974484893,-3.1286061736354895,-3.1286061736339179,-1.5716317136593716e-12,1.862645149230957e-09,true
1,INEQ-WATER-D018-HYDRO03-UPPER,18,3,upper,7285,18369.369999999995,14473.795416955887,1,6.6863894989936821,3.7418139284767644,4.845474626440911,-3898.5191586146252,2.9445755705169177,1.8409148725527706,0.62518853005005393,false,false,18370.369999999995,14480.48180645488,14478.640891582329,14478.640891582327,1.8189894035458565e-12,9.3132257461547852e-10,true
1,INEQ-WATER-D018-HYDRO03-LOWER,18,3,lower,7286,-20370.379999999997,-16474.805416955889,20370.379999999997,16471.860841385373,16474.805416955889,16473.701756257924,3898.5191586146252,-2.9445755705169177,-1.8409148725527706,0.62518853005005393,false,false,0,-2.9445755705164629,-1.1036606979650969,-1.103660697964147,-9.4990681986928394e-13,1.862645149230957e-09,true
1,INEQ-WATER-D018-HYDRO04-UPPER,18,4,upper,7287,18370.310000000001,14474.528122897795,1,6.6865274171227007,3.7499142412670459,4.8505905423838831,-3898.7184902780623,2.9366131758556548,1.8359368747388174,0.62518853005005393,false,false,18371.310000000001,14481.214650314918,14479.378713440179,14479.378713440179,0,9.3132257461547852e-10,true
1,INEQ-WATER-D018-HYDRO04-LOWER,18,4,lower,7288,-20377.349999999999,-16481.568122897792,20377.349999999999,16478.631509721938,16481.568122897792,16480.467446596678,3898.7184902780623,-2.9366131758556548,-1.8359368747388174,0.62518853005005393,false,false,0,-2.9366131758542906,-1.1006763011137082,-1.1006763011168375,3.1292746172084662e-12,1.862645149230957e-09,true
1,INEQ-WATER-D019-HYDRO01-UPPER,19,1,upper,7289,29485.82,23240.697754875764,1,6.6921766041886155,-2.3778750700895319,1.0216843304686298,-6254.1922967985138,9.0700516742781474,5.6704922737199857,0.62518853005005393,false,false,29486.82,23247.389931479953,23241.719439206234,23241.71943920623,3.637978807091713e-12,1.862645149230957e-09,true
1,INEQ-WATER-D019-HYDRO01-LOWER,19,1,lower,7290,-33345.699999999997,-27100.577754875761,33345.699999999997,27091.507703201481,27100.577754875761,27097.1781954752,6254.1922967985138,-9.0700516742781474,-5.6704922737199857,0.62518853005005393,false,false,0,-9.0700516742799664,-3.3995594005609746,-3.3995594005581617,-2.8128610551902966e-12,1.862645149230957e-09,true
1,INEQ-WATER-D019-HYDRO02-UPPER,19,2,upper,7291,29847.289999999972,23525.706547505761,1,6.6916092791178992,-2.5151391000973424,0.93565579337560578,-6330.7902008734263,9.2067483792152416,5.7559534857422934,0.62518853005005393,false,false,29848.289999999972,23532.398156784879,23526.642203299136,23526.642203299136,0,1.862645149230957e-09,true
1,INEQ-WATER-D019-HYDRO02-LOWER,19,2,lower,7292,-33674.839999999975,-27353.256547505764,33674.839999999975,27344.049799126547,27353.256547505764,27349.80575261229,6330.7902008734263,-9.2067483792152416,-5.7559534857422934,0.62518853005005393,false,false,0,-9.2067483792161511,-3.4507948934733577,-3.4507948934729482,-4.0945025148175773e-13,1.862645149230957e-09,true
1,INEQ-WATER-D019-HYDRO03-UPPER,19,3,upper,7293,18023.979999999996,14201.657247986499,1,6.6859978634168238,3.6809698036729879,4.8072887879864092,-3825.3277800732408,3.0050280597438359,1.8787090754304143,0.62518853005005393,false,false,18024.979999999996,14208.343245849916,14206.464536774485,14206.464536774485,0,9.3132257461547852e-10,true
1,INEQ-WATER-D019-HYDRO03-LOWER,19,3,lower,7294,-20059.529999999995,-16237.207247986498,20059.529999999995,16234.202219926754,16237.207247986498,16236.080929002184,3825.3277800732408,-3.0050280597438359,-1.8787090754304143,0.62518853005005393,false,false,0,-3.0050280597442907,-1.1263189843139116,-1.1263189843134216,-4.900524430695441e-13,9.3132257461547852e-10,true
1,INEQ-WATER-D019-HYDRO04-UPPER,19,4,upper,7295,18143.939999999999,14296.218230040296,1,6.6858007715743666,3.6594753169158762,4.7937768091233641,-3850.7480954143607,3.0263254546584903,1.8920239624510027,0.62518853005005393,false,false,18144.939999999999,14302.904030811871,14301.01200684942,14301.01200684942,0,9.3132257461547852e-10,true
1,INEQ-WATER-D019-HYDRO04-LOWER,19,4,lower,7296,-20173.610000000001,-16325.888230040298,20173.610000000001,16322.861904585639,16325.888230040298,16324.753928548091,3850.7480954143607,-3.0263254546584903,-1.8920239624510027,0.62518853005005393,false,false,0,-3.0263254546589451,-1.1343014922076691,-1.1343014922074877,-1.8141044222375058e-13,9.3132257461547852e-10,true
1,INEQ-WATER-D020-HYDRO01-UPPER,20,1,upper,7297,29792.120000000003,23482.649830680391,1,6.6935664431336486,-2.9374446911218106,0.6723687492127759,-6319.1011804538666,9.6310111342554592,6.0211976939208727,0.62518853005005393,false,false,29793.120000000003,23489.343397123524,23483.322199429604,23483.3221994296,3.637978807091713e-12,1.862645149230957e-09,true
1,INEQ-WATER-D020-HYDRO01-LOWER,20,1,lower,7298,-33621.370000000003,-27311.899830680391,33621.370000000003,27302.268819546138,27311.899830680391,27308.290017240059,6319.1011804538666,-9.6310111342554592,-6.0211976939208727,0.62518853005005393,false,false,0,-9.6310111342536402,-3.6098134403328004,-3.6098134403345861,1.7856827128071018e-12,1.862645149230957e-09,true
1,INEQ-WATER-D020-HYDRO02-UPPER,20,2,upper,7299,29337.539999999972,23124.211066656979,1,6.6943860665500123,-2.7494330704017758,0.79021866226055515,-6222.7727524799448,9.4438191369517881,5.9041674042894572,0.62518853005005393,false,false,29338.539999999972,23130.905452723528,23125.001285319238,23125.001285319238,0,1.862645149230957e-09,true
1,INEQ-WATER-D020-HYDRO02-LOWER,20,2,lower,7300,-33216.069999999971,-27002.741066656978,33216.069999999971,26993.297247520026,27002.741066656978,26999.201414924315,6222.7727524799448,-9.4438191369517881,-5.9041674042894572,0.62518853005005393,false,false,0,-9.4438191369517881,-3.5396517326626054,-3.5396517326623309,-2.744471316873387e-13,1.862645149230957e-09,true
1,INEQ-WATER-D020-HYDRO03-UPPER,20,3,upper,7301,18325.659999999996,14439.591535602383,1,6.6870641509577711,3.4982044387398803,4.6934256349404304,-3889.2573241098307,3.1888597122178908,1.9936385160173411,0.62518853005005393,false,false,18326.659999999996,14446.278599753341,14444.284961237323,14444.284961237323,0,9.3132257461547852e-10,true
1,INEQ-WATER-D020-HYDRO03-LOWER,20,3,lower,7302,-20331.039999999997,-16444.971535602384,20331.039999999997,16441.782675890165,16444.971535602381,16443.776314406183,3889.2573241098307,-3.1888597122178908,-1.9936385160173411,0.62518853005005393,false,false,0,-3.1888597122197098,-1.1952211962016008,-1.1952211962005497,-1.0511591597150982e-12,1.862645149230957e-09,true
1,INEQ-WATER-D020-HYDRO04-UPPER,20,4,upper,7303,18152.029999999999,14302.703774197536,1,6.687690431778055,3.5495935006008672,4.7257882242208034,-3852.4643227336396,3.1380969311771878,1.9619022075572512,0.62518853005005393,false,false,18153.029999999999,14309.391464629314,14307.429562421758,14307.429562421756,1.8189894035458565e-12,9.3132257461547852e-10,true
1,INEQ-WATER-D020-HYDRO04-LOWER,20,4,lower,7304,-20180.889999999999,-16331.563774197537,20180.889999999999,16328.425677266359,16331.563774197537,16330.387579473916,3852.4643227336396,-3.1380969311771878,-1.9619022075572512,0.62518853005005393,false,false,0,-3.1380969311776425,-1.176194723620938,-1.1761947236199366,-1.0014211682118912e-12,9.3132257461547852e-10,true
2,INEQ-WATER-D014-HYDRO01-UPPER,14,1,upper,7249,22990.491720061669,21609.906711125179,1.427220822428577,2.7073596943130109,2.2773336306793066,2.2773336306793066,-1381.015035000124,0.43002606363370433,0.43002606363370433,1,true,true,22991.918940884098,21612.614070819491,21612.184044755857,21612.184044755857,0,1.862645149230957e-09,true
2,INEQ-WATER-D014-HYDRO01-LOWER,14,1,lower,7250,-26882.041720061672,-25501.456711125182,26878.885522162822,25498.059889203967,25498.489915267601,25498.489915267601,1381.015035000124,-0.43002606363370433,-0.43002606363370433,1,true,true,-3.1561978988502233,-3.3968219212147233,-2.9667958575810189,-2.9667958575796813,-1.3375967000683886e-12,1.862645149230957e-09,true
2,INEQ-WATER-D014-HYDRO02-UPPER,14,2,upper,7251,23473.039735395447,22063.510288323574,1.2793902411823126,2.5663260350167674,2.12531925755908,2.12531925755908,-1409.9704538493304,0.44100677745768735,0.44100677745768735,1,true,true,23474.31912563663,22066.07661435859,22065.635607581135,22065.635607581131,3.637978807091713e-12,1.862645149230957e-09,true
2,INEQ-WATER-D014-HYDRO02-LOWER,14,2,lower,7252,-27307.199735395443,-25897.67028832357,27303.955510055039,25894.179740734849,25894.620747512308,25894.620747512308,1409.9704538493304,-0.44100677745768735,-0.44100677745768735,1,true,true,-3.2442253404042276,-3.4905475887208013,-3.0495408112619771,-3.0495408112630025,1.0254019855437946e-12,1.862645149230957e-09,true
2,INEQ-WATER-D014-HYDRO03-UPPER,14,3,upper,7253,14438.336455309072,13570.681224096261,4.8414276662680269,5.9093670637738942,5.767936175849778,5.767936175849778,-867.7966621007356,0.14143088792411618,0.14143088792411618,1,true,true,14443.17788297534,13576.590591160035,13576.44916027211,13576.44916027211,0,9.3132257461547852e-10,true
2,INEQ-WATER-D014-HYDRO03-LOWER,14,3,lower,7254,-16443.846455309074,-15576.191224096263,16442.741674004053,15575.011309341258,15575.152740229183,15575.152740229183,867.7966621007356,-0.14143088792411618,-0.14143088792411618,1,true,true,-1.1047813050208788,-1.1799147550045745,-1.0384838670797762,-1.0384838670798946,1.1834977442504169e-13,9.3132257461547852e-10,true
2,INEQ-WATER-D014-HYDRO04-UPPER,14,4,upper,7255,14468.269360152452,13598.817862454918,4.8407046044091793,5.9087509366623934,5.7672625962345663,5.7672625962345663,-869.59298603796117,0.1414883404278271,0.1414883404278271,1,true,true,14473.11006475686,13604.72661339158,13604.585125051153,13604.585125051151,1.8189894035458565e-12,9.3132257461547852e-10,true
2,INEQ-WATER-D014-HYDRO04-LOWER,14,4,lower,7256,-16476.099360152453,-15606.64786245492,16474.994122122567,15605.467460930404,15605.608949270832,15605.608949270832,869.59298603796117,-0.1414883404278271,-0.1414883404278271,1,true,true,-1.1052380298860953,-1.1804015245161281,-1.0389131840875052,-1.0389131840877639,2.5868196473766147e-13,9.3132257461547852e-10,true
2,INEQ-WATER-D015-HYDRO01-UPPER,15,1,upper,7257,23034.166582625541,21650.988686185759,1.1420860497236696,2.4378971853801419,1.9812879692784451,1.9812879692784451,-1383.6345056558835,0.4566092161016968,0.4566092161016968,1,true,true,23035.308668675265,21653.42658337114,21652.969974155039,21652.969974155036,3.637978807091713e-12,1.862645149230957e-09,true
2,INEQ-WATER-D015-HYDRO01-LOWER,15,1,lower,7258,-26920.226582625539,-25537.048686185757,26916.899609071035,25533.464753628057,25533.921362844158,25533.921362844158,1383.6345056558835,-0.4566092161016968,-0.4566092161016968,1,true,true,-3.3269735545036383,-3.5839325576998817,-3.1273233415995492,-3.1273233415985309,-1.0182965581861936e-12,1.862645149230957e-09,true
2,INEQ-WATER-D015-HYDRO02-UPPER,15,2,upper,7259,23526.839272677207,22114.109395689986,0.99076193156233927,2.2936357887843766,1.8259548609092686,1.8259548609092686,-1413.1975579150965,0.46768092787510795,0.46768092787510795,1,true,true,23527.830034608771,22116.403031478771,22115.935350550895,22115.935350550895,0,1.862645149230957e-09,true
2,INEQ-WATER-D015-HYDRO02-LOWER,15,2,lower,7260,-27354.239272677209,-25941.509395689987,27350.82218870259,25937.829688486894,25938.297369414769,25938.297369414769,1413.1975579150965,-0.46768092787510795,-0.46768092787510795,1,true,true,-3.4170839746184356,-3.6797072030931304,-3.212026275217795,-3.2120262752196242,1.8292034553724079e-12,1.862645149230957e-09,true
2,INEQ-WATER-D015-HYDRO03-UPPER,15,3,upper,7261,14367.305252743477,13503.91640876959,4.787562922191209,5.8588116198934008,5.7134676715118635,5.7134676715118635,-863.5341879222691,0.1453439483815373,0.1453439483815373,1,true,true,14372.092815665668,13509.775220389483,13509.629876441102,13509.6298764411,1.8189894035458565e-12,9.3132257461547852e-10,true
2,INEQ-WATER-D015-HYDRO03-LOWER,15,3,lower,7262,-16381.835252743476,-15518.446408769589,16380.698138297566,15517.232188110736,15517.377532059118,15517.377532059118,863.5341879222691,-0.1453439483815373,-0.1453439483815373,1,true,true,-1.1371144459099014,-1.214220658852355,-1.0688767104711587,-1.0688767104713173,1.5853984791647235e-13,9.3132257461547852e-10,true
2,INEQ-WATER-D015-HYDRO04-UPPER,15,4,upper,7263,13799.222748982102,12969.910028573206,4.903165160040186,5.9732929822033674,5.8363891354088144,5.8363891354088144,-829.44962425569054,0.13690384679455292,0.13690384679455292,1,true,true,13804.125914142141,12975.88332155541,12975.746417708615,12975.746417708613,1.8189894035458565e-12,9.3132257461547852e-10,true
2,INEQ-WATER-D015-HYDRO04-LOWER,15,4,lower,7264,-15891.932748982104,-15062.620028573208,15890.863613578831,15061.478147666268,15061.615051513063,15061.615051513063,829.44962425569054,-0.13690384679455292,-0.13690384679455292,1,true,true,-1.0691354032733216,-1.1418809069400595,-1.0049770601453929,-1.0049770601452372,-1.5565326805244695e-13,9.3132257461547852e-10,true
2,INEQ-WATER-D016-HYDRO01-UPPER,16,1,upper,7265,23498.815873800573,22087.641308004917,2.2034835284456689,3.4432841379905539,3.0922621628640399,3.0922621628640399,-1411.5255877707827,0.35102197512651401,0.35102197512651401,1,true,true,23501.01935732902,22091.084592142906,22090.73357016778,22090.73357016778,0,1.862645149230957e-09,true
2,INEQ-WATER-D016-HYDRO01-LOWER,16,1,lower,7266,-27325.705873800573,-25914.531308004916,27323.013629839392,25911.649602439087,25912.000624414213,25912.000624414213,1411.5255877707827,-0.35102197512651401,-0.35102197512651401,1,true,true,-2.6922439611807931,-2.8817055658291792,-2.53068359070312,-2.5306835907009542,-2.1658230764387554e-12,1.862645149230957e-09,true
2,INEQ-WATER-D016-HYDRO02-UPPER,16,2,upper,7267,23419.565221125486,22013.143654356143,2.2332170872411092,3.4717354410183319,3.1230090459086526,3.1230090459086526,-1406.7702931644521,0.34872639510967929,0.34872639510967929,1,true,true,23421.798438212725,22016.61538979716,22016.266663402053,22016.26666340205,3.637978807091713e-12,1.862645149230957e-09,true
2,INEQ-WATER-D016-HYDRO02-LOWER,16,2,lower,7268,-27260.32522112548,-25853.903654356138,27257.650674369208,25851.040879573789,25851.3896059689,25851.3896059689,1406.7702931644521,-0.34872639510967929,-0.34872639510967929,1,true,true,-2.6745467562723206,-2.8627747823484242,-2.5140483872382902,-2.5140483872391171,8.2689410874081659e-13,1.862645149230957e-09,true
2,INEQ-WATER-D016-HYDRO03-UPPER,16,3,upper,7269,14246.842195591045,13390.648009671429,5.1163110391468187,6.1771859249835464,6.0567645352757884,6.0567645352757884,-856.31460730932361,0.12042138970775795,0.12042138970775795,1,true,true,14251.958506630192,13396.825195596413,13396.704774206706,13396.704774206704,1.8189894035458565e-12,9.3132257461547852e-10,true
2,INEQ-WATER-D016-HYDRO03-LOWER,16,3,lower,7270,-16276.592195591045,-15420.398009671429,16275.649705178714,15419.391656302572,15419.512077692279,15419.512077692279,856.31460730932361,-0.12042138970775795,-0.12042138970775795,1,true,true,-0.94249041233160824,-1.0063533688571624,-0.8859319791499729,-0.88593197914890098,-1.0719203302755886e-12,9.3132257461547852e-10,true
2,INEQ-WATER-D016-HYDRO04-UPPER,16,4,upper,7271,13967.928890067327,13128.464470491293,5.1757113013609004,6.2361781643196732,6.1202980905659583,6.1202980905659583,-839.58029964978755,0.1158800737537149,0.1158800737537149,1,true,true,13973.104601368688,13134.700648655613,13134.584768581859,13134.584768581859,0,9.3132257461547852e-10,true
2,INEQ-WATER-D016-HYDRO04-LOWER,16,4,lower,7272,-16039.178890067327,-15199.714470491293,16038.271321035689,15198.74548420246,15198.861364276214,15198.861364276214,839.58029964978755,-0.1158800737537149,-0.1158800737537149,1,true,true,-0.90756903163855895,-0.96898628883354831,-0.85310621507960605,-0.85310621508041717,8.1112894179113937e-13,9.3132257461547852e-10,true
2,INEQ-WATER-D017-HYDRO01-UPPER,17,1,upper,7273,23257.835746869576,21861.110305458082,2.3343084198722064,3.563870245570004,3.2272228606565276,3.2272228606565276,-1397.0620887964076,0.33664738491347634,0.33664738491347634,1,true,true,23260.170055289447,21864.674175703651,21864.337528318738,21864.337528318738,0,1.862645149230957e-09,true
2,INEQ-WATER-D017-HYDRO01-LOWER,17,1,lower,7274,-27115.275746869578,-25718.550305458084,27112.662891255019,25715.757598769491,25716.094246154404,25716.094246154404,1397.0620887964076,-0.33664738491347634,-0.33664738491347634,1,true,true,-2.6128556145595212,-2.7927066885931708,-2.4560593036803766,-2.4560593036808371,4.6052051061451493e-13,1.862645149230957e-09,true
2,INEQ-WATER-D017-HYDRO02-UPPER,17,2,upper,7275,23388.434186203638,21983.875042311309,2.2973837182213943,3.528596085754875,3.1890618383921399,3.1890618383921399,-1404.898678139692,0.33953424736273519,0.33953424736273519,1,true,true,23390.73156992186,21987.403638397063,21987.0641041497,21987.0641041497,0,1.862645149230957e-09,true
2,INEQ-WATER-D017-HYDRO02-LOWER,17,2,lower,7276,-27233.12418620364,-25828.565042311311,27230.489335134745,25825.748773243427,25826.088307490791,25826.088307490791,1404.898678139692,-0.33953424736273519,-0.33953424736273519,1,true,true,-2.6348510688949318,-2.8162690678836952,-2.4767348205205053,-2.4767348205207829,2.7755575615628914e-13,1.862645149230957e-09,true
2,INEQ-WATER-D017-HYDRO03-UPPER,17,3,upper,7277,14454.454875163505,13585.811059511874,5.0870606543922658,6.1422850465068013,6.0201540225486969,6.0201540225486969,-868.76594667558868,0.12213102395810438,0.12213102395810438,1,true,true,14459.541935817897,13591.95334455838,13591.831213534422,13591.831213534422,0,9.3132257461547852e-10,true
2,INEQ-WATER-D017-HYDRO03-LOWER,17,3,lower,7278,-16457.874875163503,-15589.231059511872,16456.916563394465,15588.208124584684,15588.330255608642,15588.330255608642,868.76594667558868,-0.12213102395810438,-0.12213102395810438,1,true,true,-0.95831176903811865,-1.022934927188544,-0.90080390323055326,-0.9008039032304882,-6.5059069243034173e-14,9.3132257461547852e-10,true
2,INEQ-WATER-D017-HYDRO04-UPPER,17,4,upper,7279,14257.834635575276,13400.984260325091,5.1312361673708731,6.1860549152601028,6.0673318775313749,6.0673318775313749,-856.96909828791433,0.11872303772872783,0.11872303772872783,1,true,true,14262.965871742648,13407.170315240352,13407.051592202622,13407.051592202622,0,9.3132257461547852e-10,true
2,INEQ-WATER-D017-HYDRO04-LOWER,17,4,lower,7280,-16292.314635575276,-15435.46426032509,16291.382302859658,15434.469153446034,15434.587876483763,15434.587876483763,856.96909828791433,-0.11872303772872783,-0.11872303772872783,1,true,true,-0.93233271561803122,-0.99510687905603845,-0.87638384132696956,-0.87638384132669112,-2.7844393457598926e-13,9.3132257461547852e-10,true
2,INEQ-WATER-D018-HYDRO01-UPPER,18,1,upper,7281,23123.970840208189,21735.362766222403,1.4230331981703053,2.7059369948983543,2.2864393340596392,2.2864393340596392,-1389.0275716466249,0.41949766083871509,0.41949766083871509,1,true,true,23125.393873406359,21738.068703217301,21737.649205556463,21737.649205556463,0,1.862645149230957e-09,true
2,INEQ-WATER-D018-HYDRO01-LOWER,18,1,lower,7282,-26998.580840208189,-25609.972766222403,26995.420930313532,25606.582983463406,25607.002481124244,25607.002481124244,1389.0275716466249,-0.41949766083871509,-0.41949766083871509,1,true,true,-3.1599098946571758,-3.3897827589971712,-2.9702850981593656,-2.9702850981584903,-8.7529983261447342e-13,1.862645149230957e-09,true
2,INEQ-WATER-D018-HYDRO02-UPPER,18,2,upper,7283,22969.783475916382,21590.42329951888,1.4756309575111386,2.7561846118098776,2.3406987366977239,2.3406987366977239,-1379.7756622726142,0.41548587511215374,0.41548587511215374,1,true,true,22971.259106873891,21593.179484130691,21592.763998255577,21592.763998255574,3.637978807091713e-12,1.862645149230957e-09,true
2,INEQ-WATER-D018-HYDRO02-LOWER,18,2,lower,7284,-26867.763475916385,-25488.403299518883,26864.634869742749,25485.046953744168,25485.462439619281,25485.462439619281,1379.7756622726142,-0.41548587511215374,-0.41548587511215374,1,true,true,-3.1286061736354895,-3.3563457747150096,-2.9408598996014916,-2.940859899603038,1.546318628697918e-12,1.862645149230957e-09,true
2,INEQ-WATER-D018-HYDRO03-UPPER,18,3,upper,7285,14473.795416955887,13604.007375771122,4.845474626440911,5.9164763348972116,5.7766736316265366,5.7766736316265366,-869.92784388803614,0.13980270327067501,0.13980270327067501,1,true,true,14478.640891582329,13609.92385210602,13609.784049402748,13609.784049402748,0,9.3132257461547852e-10,true
2,INEQ-WATER-D018-HYDRO03-LOWER,18,3,lower,7286,-16474.805416955889,-15605.017375771124,16473.701756257924,15603.840142560695,15603.979945263965,15603.979945263965,869.92784388803614,-0.13980270327067501,-0.13980270327067501,1,true,true,-1.1036606979650969,-1.1772332104283123,-1.0374305071582057,-1.0374305071583638,1.5809575870662229e-13,9.3132257461547852e-10,true
2,INEQ-WATER-D018-HYDRO04-UPPER,18,4,upper,7287,14474.528122897795,13604.695399666536,4.8505905423838831,5.9216155913924649,5.7821952303967645,5.7821952303967645,-869.97214359225427,0.13942036099570032,0.13942036099570032,1,true,true,14479.378713440179,13610.617015257929,13610.477594896933,13610.477594896933,0,9.3132257461547852e-10,true
2,INEQ-WATER-D018-HYDRO04-LOWER,18,4,lower,7288,-16481.568122897792,-15611.735399666533,16480.467446596678,15610.561354102894,15610.70077446389,15610.70077446389,869.97214359225427,-0.13942036099570032,-0.13942036099570032,1,true,true,-1.1006763011137082,-1.1740455636390834,-1.0346252026429283,-1.0346252026433018,3.7347902548390266e-13,9.3132257461547852e-10,true
2,INEQ-WATER-D019-HYDRO01-UPPER,19,1,upper,7289,23240.697754875764,21845.11850990315,1.0216843304686298,2.3250927332473608,1.8756156506926387,1.8756156506926387,-1396.0287220551688,0.44947708255472207,0.44947708255472207,1,true,true,23241.719439206234,21847.443602636398,21846.994125553843,21846.994125553843,0,1.862645149230957e-09,true
2,INEQ-WATER-D019-HYDRO01-LOWER,19,1,lower,7290,-27100.577754875761,-25704.998509903147,27097.1781954752,25701.353479477486,25701.802956560041,25701.802956560041,1396.0287220551688,-0.44947708255472207,-0.44947708255472207,1,true,true,-3.3995594005609746,-3.645030425661389,-3.1955533431064396,-3.195553343107711,1.2714274078007293e-12,1.862645149230957e-09,true
2,INEQ-WATER-D019-HYDRO02-UPPER,19,2,upper,7291,23525.706547505761,22113.031519809148,0.93565579337560578,2.2431042869864313,1.7872806641337546,1.7872806641337546,-1413.1308513194649,0.45582362285267664,0.45582362285267664,1,true,true,23526.642203299136,22115.274624096135,22114.818800473284,22114.81880047328,3.637978807091713e-12,1.862645149230957e-09,true
2,INEQ-WATER-D019-HYDRO02-LOWER,19,2,lower,7292,-27353.256547505764,-25940.581519809151,27349.80575261229,25936.881981969567,25937.337805592419,25937.337805592419,1413.1308513194649,-0.45582362285267664,-0.45582362285267664,1,true,true,-3.4507948934733577,-3.6995378395840817,-3.2437142167327693,-3.2437142167300164,-2.7529090118605382e-12,1.862645149230957e-09,true
2,INEQ-WATER-D019-HYDRO03-UPPER,19,3,upper,7293,14201.657247986499,13348.200575767034,4.8072887879864092,5.8808058564014383,5.7403016124365687,5.7403016124365687,-853.59717646342983,0.1405042439648696,0.1405042439648696,1,true,true,14206.464536774485,13354.081381623435,13353.940877379471,13353.940877379469,1.8189894035458565e-12,9.3132257461547852e-10,true
2,INEQ-WATER-D019-HYDRO03-LOWER,19,3,lower,7294,-16237.207247986498,-15383.750575767033,16236.080929002184,15382.551342443312,15382.691846687278,15382.691846687278,853.59717646342983,-0.1405042439648696,-0.1405042439648696,1,true,true,-1.1263189843139116,-1.1992333237212733,-1.0587290797557216,-1.0587290797554771,-2.4447111002245947e-13,9.3132257461547852e-10,true
2,INEQ-WATER-D019-HYDRO04-UPPER,19,4,upper,7295,14296.218230040296,13437.08854830213,4.7937768091233641,5.8675489322472174,5.7260472510768921,5.7260472510768921,-859.27118341933658,0.14150168117032536,0.14150168117032536,1,true,true,14301.01200684942,13442.956097234377,13442.814595553207,13442.814595553205,1.8189894035458565e-12,9.3132257461547852e-10,true
2,INEQ-WATER-D019-HYDRO04-LOWER,19,4,lower,7296,-16325.888230040298,-15466.758548302132,16324.753928548091,15465.550814060083,15465.692315741253,15465.692315741253,859.27118341933658,-0.14150168117032536,-0.14150168117032536,1,true,true,-1.1343014922076691,-1.2077342420489003,-1.0662325608791434,-1.066232560877787,-1.3564704914870163e-12,9.3132257461547852e-10,true
2,INEQ-WATER-D020-HYDRO01-UPPER,20,1,upper,7297,23482.649830680391,22072.569977261061,0.6723687492127759,1.9971919606266693,1.5284336329489361,1.5284336329489361,-1410.5486117470086,0.46875832767773318,0.46875832767773318,1,true,true,23483.322199429604,22074.567169221686,22074.09841089401,22074.098410894007,3.637978807091713e-12,1.862645149230957e-09,true
2,INEQ-WATER-D020-HYDRO01-LOWER,20,1,lower,7298,-27311.899830680391,-25901.819977261061,27308.290017240059,25897.958028802524,25898.426787130204,25898.426787130204,1410.5486117470086,-0.46875832767773318,-0.46875832767773318,1,true,true,-3.6098134403328004,-3.8619484585360624,-3.393190130856965,-3.3931901308584678,1.5027978861326119e-12,1.862645149230957e-09,true
2,INEQ-WATER-D020-HYDRO02-UPPER,20,2,upper,7299,23124.211066656979,21735.630604411177,0.79021866226055515,2.1095390357079515,1.6495720957993973,1.6495720957993973,-1389.0404291857103,0.4599669399085542,0.4599669399085542,1,true,true,23125.001285319238,21737.740143446885,21737.280176506978,21737.280176506974,3.637978807091713e-12,1.862645149230957e-09,true
2,INEQ-WATER-D020-HYDRO02-LOWER,20,2,lower,7300,-27002.741066656978,-25614.160604411176,26999.201414924315,25610.373398675005,25610.833365614912,25610.833365614912,1389.0404291857103,-0.4599669399085542,-0.4599669399085542,1,true,true,-3.5396517326626054,-3.7872057361710176,-3.3272387962642824,-3.3272387962629786,-1.3038459201197838e-12,1.862645149230957e-09,true
2,INEQ-WATER-D020-HYDRO03-UPPER,20,3,upper,7301,14439.591535602383,13571.862312390622,4.6934256349404304,5.7745377863407619,5.6274908661588832,5.6274908661588832,-867.87627013194344,0.1470469201818787,0.1470469201818787,1,true,true,14444.284961237323,13577.636850176963,13577.48980325678,13577.48980325678,0,9.3132257461547852e-10,true
2,INEQ-WATER-D020-HYDRO03-LOWER,20,3,lower,7302,-16444.971535602384,-15577.242312390623,16443.776314406183,15575.971768970086,15576.118815890268,15576.118815890268,867.87627013194344,-0.1470469201818787,-0.1470469201818787,1,true,true,-1.1952211962016008,-1.2705434205363417,-1.1234965003550315,-1.1234965003538311,-1.2003731342247193e-12,9.3132257461547852e-10,true
2,INEQ-WATER-D020-HYDRO04-UPPER,20,4,upper,7303,14302.703774197536,13443.185125445707,4.7257882242208034,5.8065656880607968,5.6619110056877808,5.6619110056877808,-859.66330343420248,0.14465468237301593,0.14465468237301593,1,true,true,14307.429562421758,13448.991691133768,13448.847036451394,13448.847036451394,0,9.3132257461547852e-10,true
2,INEQ-WATER-D020-HYDRO04-LOWER,20,4,lower,7304,-16331.563774197537,-15472.045125445708,16330.387579473916,15470.79485896535,15470.939513647723,15470.939513647723,859.66330343420248,-0.14465468237301593,-0.14465468237301593,1,true,true,-1.176194723620938,-1.2502664803578227,-1.1056117979842384,-1.1056117979854443,1.205924249347845e-12,9.3132257461547852e-10,true
3,INEQ-WATER-D014-HYDRO01-UPPER,14,1,upper,7249,21609.906711125179,12466.440067781987,2.2773336306793066,8.1893561934639294,-13.611767596484249,2.6799318502880736,-9165.2677671331403,21.801123789948178,5.5094243431758558,0.25271285995431486,false,false,21612.184044755857,12474.62942397545,12469.119999632274,12469.119999632276,-1.8189894035458565e-12,9.3132257461547852e-10,true
3,INEQ-WATER-D014-HYDRO01-LOWER,14,1,lower,7250,-25501.456711125182,-16357.99006778199,25498.489915267601,16334.479491613714,16356.280615403663,16339.98891595689,9165.2677671331403,-21.801123789948178,-5.5094243431758558,0.25271285995431486,false,false,-2.9667958575810189,-23.510576168275293,-18.001151825099441,-18.00115182509975,3.0908609005564358e-13,9.3132257461547852e-10,true
3,INEQ-WATER-D014-HYDRO02-UPPER,14,2,upper,7251,22063.510288323574,12728.171397359503,2.12531925755908,8.0675317524723535,-14.066659650598519,2.4739369402261042,-9357.4730823671416,22.134191403070872,5.5935948122462493,0.25271285995431486,false,false,22065.635607581135,12736.238929111976,12730.64533429973,12730.645334299732,-1.8189894035458565e-12,9.3132257461547852e-10,true
3,INEQ-WATER-D014-HYDRO02-LOWER,14,2,lower,7252,-25897.67028832357,-16562.3313973595,25894.620747512308,16538.440076365157,16560.574267768228,16544.033671177403,9357.4730823671416,-22.134191403070872,-5.5935948122462493,0.25271285995431486,false,false,-3.0495408112619771,-23.891320994342095,-18.297726182096085,-18.297726182096469,3.836930773104541e-13,1.862645149230957e-09,true
3,INEQ-WATER-D014-HYDRO03-UPPER,14,3,upper,7253,13570.681224096261,7818.6686766950224,5.767936175849778,10.140900446110617,4.0108807692080966,8.591765641984356,-5758.1425670781409,6.1300196769025206,1.5491348041262611,0.25271285995431486,false,false,13576.44916027211,7828.8095771411326,7827.2604423370067,7827.2604423370067,0,4.6566128730773926e-10,true
3,INEQ-WATER-D014-HYDRO03-LOWER,14,3,lower,7254,-15576.191224096263,-9824.1786766950245,15575.152740229183,9817.4502880026412,9823.5803076795437,9818.9994228067681,5758.1425670781409,-6.1300196769025206,-1.5491348041262611,0.25271285995431486,false,false,-1.0384838670797762,-6.7283886923833052,-5.1792538882564259,-5.1792538882573691,9.43245481721533e-13,9.3132257461547852e-10,true
3,INEQ-WATER-D014-HYDRO04-UPPER,14,4,upper,7255,13598.817862454918,7834.8826930205723,5.7672625962345663,10.14083202269464,4.00866135080466,8.5911536344733506,-5770.0673401062359,6.1321706718899804,1.5496783882212894,0.25271285995431486,false,false,13604.585125051153,7845.023525043267,7843.4738466550452,7843.473846655048,-2.7284841053187847e-12,4.6566128730773926e-10,true
3,INEQ-WATER-D014-HYDRO04-LOWER,14,4,lower,7256,-15606.64786245492,-9842.7126930205741,15605.608949270832,9835.9819059629699,9842.1140766348599,9837.5315843511908,5770.0673401062359,-6.1321706718899804,-1.5496783882212894,0.25271285995431486,false,false,-1.0389131840875052,-6.7307870576041751,-5.1811086693833204,-5.1811086693819126,-1.4077627952246985e-12,9.3132257461547852e-10,true
3,INEQ-WATER-D015-HYDRO01-UPPER,15,1,upper,7257,21650.988686185759,12492.25779142636,1.9812879692784451,7.9941678832246783,-15.928850360710397,1.9485135240605942,-9182.6539130033343,23.923018243935076,6.0456543591640841,0.25271285995431486,false,false,21652.969974155039,12500.251959309584,12494.206304950421,12494.206304950423,-1.8189894035458565e-12,9.3132257461547852e-10,true
3,INEQ-WATER-D015-HYDRO01-LOWER,15,1,lower,7258,-25537.048686185757,-16378.317791426358,25533.921362844158,16352.592825700787,16376.515843944722,16358.638480059952,9182.6539130033343,-23.923018243935076,-6.0456543591640841,0.25271285995431486,false,false,-3.1273233415995492,-25.724965725570655,-19.679311366406182,-19.679311366406989,8.0646600508771371e-13,9.3132257461547852e-10,true
3,INEQ-WATER-D015-HYDRO02-UPPER,15,2,upper,7259,22114.109395689986,12759.443863450928,1.8259548609092686,7.8705814098698301,-16.356674850027503,1.7480421915850979,-9378.8927884989553,24.227256259897331,6.1225392182847322,0.25271285995431486,false,false,22115.935350550895,12767.314444860798,12761.191905642512,12761.191905642516,-3.637978807091713e-12,9.3132257461547852e-10,true
3,INEQ-WATER-D015-HYDRO02-LOWER,15,2,lower,7260,-25941.509395689987,-16586.843863450929,25938.297369414769,16560.765854318572,16584.993110578471,16566.888393536858,9378.8927884989553,-24.227256259897331,-6.1225392182847322,0.25271285995431486,false,false,-3.212026275217795,-26.078009132357693,-19.955469914071728,-19.955469914072854,1.1262102361797588e-12,1.862645149230957e-09,true
3,INEQ-WATER-D015-HYDRO03-UPPER,15,3,upper,7261,13503.91640876959,7780.4592383388772,5.7134676715118635,10.104313173071287,3.7193945095997059,8.4907621170497016,-5729.8420890941843,6.3849186634715807,1.6135510560215849,0.25271285995431486,false,false,13509.629876441102,7790.5635515119484,7788.9500004559268,7788.9500004559286,-1.8189894035458565e-12,4.6566128730773926e-10,true
3,INEQ-WATER-D015-HYDRO03-LOWER,15,3,lower,7262,-15518.446408769589,-9794.989238338876,15517.377532059118,9787.9884384612706,9794.3733571247431,9789.6019895172922,5729.8420890941843,-6.3849186634715807,-1.6135510560215849,0.25271285995431486,false,false,-1.0688767104711587,-7.0007998776054592,-5.387248821583853,-5.3872488215836594,-1.936228954946273e-13,9.3132257461547852e-10,true
3,INEQ-WATER-D015-HYDRO04-UPPER,15,4,upper,7263,12969.910028573206,7472.3964814891078,5.8363891354088144,10.249994909056669,4.1612727782409014,8.7112965259110862,-5503.6022692149136,6.0887221308157677,1.5386983831455827,0.25271285995431486,false,false,12975.746417708615,7482.6464763981649,7481.107778015019,7481.1077780150199,-9.0949470177292824e-13,4.6566128730773926e-10,true
3,INEQ-WATER-D015-HYDRO04-LOWER,15,4,lower,7264,-15062.620028573208,-9565.1064814891106,15061.615051513063,9558.4386967911014,9564.5274189219163,9559.9773951742463,5503.6022692149136,-6.0887221308157677,-1.5386983831455827,0.25271285995431486,false,false,-1.0049770601453929,-6.6677846980091999,-5.1290863148642529,-5.1290863148637333,-5.1958437552457326e-13,9.3132257461547852e-10,true
3,INEQ-WATER-D016-HYDRO01-UPPER,16,1,upper,7265,22087.641308004917,12734.730753184755,3.0922621628640399,8.7406714923294633,-6.1646996676568531,4.9738925178087579,-9367.8159259801487,14.905371159986316,3.7667789745207054,0.25271285995431486,false,false,22090.73357016778,12743.471424677084,12739.704645702563,12739.704645702564,-1.8189894035458565e-12,9.3132257461547852e-10,true
3,INEQ-WATER-D016-HYDRO01-LOWER,16,1,lower,7266,-25914.531308004916,-16561.620753184754,25912.000624414213,16545.257215271617,16560.162586431601,16549.023994246138,9367.8159259801487,-14.905371159986316,-3.7667789745207054,0.25271285995431486,false,false,-2.53068359070312,-16.363537913137407,-12.596758938616404,-12.596758938620283,3.879563337250147e-12,1.862645149230957e-09,true
3,INEQ-WATER-D016-HYDRO02-UPPER,16,2,upper,7267,22013.143654356143,12691.705943950881,3.1230090459086526,8.7659280639063386,-6.0473357007313293,5.0224258126871328,-9336.2509741698996,14.813263764637668,3.7435022512192058,0.25271285995431486,false,false,22016.266663402053,12700.471872014787,12696.728369763568,12696.72836976357,-1.8189894035458565e-12,9.3132257461547852e-10,true
3,INEQ-WATER-D016-HYDRO02-LOWER,16,2,lower,7268,-25853.903654356138,-16532.465943950876,25851.3896059689,16516.204098550999,16531.017362315637,16519.947600802217,9336.2509741698996,-14.813263764637668,-3.7435022512192058,0.25271285995431486,false,false,-2.5140483872382902,-16.26184539987662,-12.51834314865846,-12.518343148657371,-1.0889067425523535e-12,1.862645149230957e-09,true
3,INEQ-WATER-D016-HYDRO03-UPPER,16,3,upper,7269,13390.648009671429,7713.7278358781878,6.0567645352757884,10.421993009382678,5.3839390352599743,9.1488119809779285,-5681.9582277673644,5.0380539741227039,1.2731810284047502,0.25271285995431486,false,false,13396.704774206706,7724.14982888757,7722.876647859166,7722.876647859167,-9.0949470177292824e-13,4.6566128730773926e-10,true
3,INEQ-WATER-D016-HYDRO03-LOWER,16,3,lower,7270,-15420.398009671429,-9743.4778358781878,15419.512077692279,9737.9293124948126,9742.9673664689362,9739.2024935232166,5681.9582277673644,-5.0380539741227039,-1.2731810284047502,0.25271285995431486,false,false,-0.8859319791499729,-5.5485233833751408,-4.2753423549711442,-4.275342354971162,1.7763568394002505e-14,9.3132257461547852e-10,true
3,INEQ-WATER-D016-HYDRO04-UPPER,16,4,upper,7271,13128.464470491293,7562.4256807386009,6.1202980905659583,10.498568557867149,5.6539070839784848,9.2742603012902585,-5570.8834512265812,4.8446614738886637,1.2243082565768906,0.25271285995431486,false,false,13134.584768581859,7572.9242492964677,7571.6999410398912,7571.6999410398912,0,4.6566128730773926e-10,true
3,INEQ-WATER-D016-HYDRO04-LOWER,16,4,lower,7272,-15199.714470491293,-9633.6756807386009,15198.861364276214,9628.339463890381,9633.1841253642706,9629.5637721469575,5570.8834512265812,-4.8446614738886637,-1.2243082565768906,0.25271285995431486,false,false,-0.85310621507960605,-5.3362168482199195,-4.1119085916434415,-4.1119085916417104,-1.7310597399955441e-12,9.3132257461547852e-10,true
3,INEQ-WATER-D017-HYDRO01-UPPER,17,1,upper,7273,21861.110305458082,12607.160376307729,3.2272228606565276,8.7903583812820223,-9.04254732681893,4.283753778492204,-9271.7828348584535,17.832905708100952,4.5066046027898183,0.25271285995431486,false,false,21864.337528318738,12615.950734689011,12611.444130086222,12611.444130086222,0,9.3132257461547852e-10,true
3,INEQ-WATER-D017-HYDRO01-LOWER,17,1,lower,7274,-25718.550305458084,-16464.600376307731,25716.094246154404,16445.352301973428,16463.185207681527,16449.858906576217,9271.7828348584535,-17.832905708100952,-4.5066046027898183,0.25271285995431486,false,false,-2.4560593036803766,-19.248074334303965,-14.741469731514371,-14.741469731511419,-2.9523050670832163e-12,1.862645149230957e-09,true
3,INEQ-WATER-D017-HYDRO02-UPPER,17,2,upper,7275,21983.875042311309,12678.015797676919,3.1890618383921399,8.7594755614247877,-9.1835525348376361,4.2250416149776848,-9323.8022727306525,17.943028096262424,4.5344339464471028,0.25271285995431486,false,false,21987.0641041497,12686.775273238343,12682.240839291897,12682.240839291897,0,9.3132257461547852e-10,true
3,INEQ-WATER-D017-HYDRO02-LOWER,17,2,lower,7276,-25828.565042311311,-16522.705797676921,25826.088307490791,16503.335687828941,16521.278715925204,16507.870121775388,9323.8022727306525,-17.943028096262424,-4.5344339464471028,0.25271285995431486,false,false,-2.4767348205205053,-19.37010984797962,-14.83567590153325,-14.835675901532886,-3.6415315207705135e-13,1.862645149230957e-09,true
3,INEQ-WATER-D017-HYDRO03-UPPER,17,3,upper,7277,13585.811059511874,7826.8688567519384,6.0201540225486969,10.323199612353342,4.6737599840063879,8.8955135667345413,-5764.5916423882827,5.6494396283469541,1.4276860456188005,0.25271285995431486,false,false,13591.831213534422,7837.1920563642916,7835.7643703186732,7835.7643703186741,-9.0949470177292824e-13,4.6566128730773926e-10,true
3,INEQ-WATER-D017-HYDRO03-LOWER,17,3,lower,7278,-15589.231059511872,-9830.2888567519367,15588.330255608642,9824.1203785888538,9829.7698182172007,9825.5480646344731,5764.5916423882827,-5.6494396283469541,-1.4276860456188005,0.25271285995431486,false,false,-0.90080390323055326,-6.1684781630829093,-4.7407921174635703,-4.7407921174656416,2.071232074740692e-12,9.3132257461547852e-10,true
3,INEQ-WATER-D017-HYDRO04-UPPER,17,4,upper,7279,13400.984260325091,7720.2065636877014,6.0673318775313749,10.378787673891303,4.866994064982201,8.9858865475059702,-5686.2894902462986,5.5117936089091017,1.3929011263853335,0.25271285995431486,false,false,13407.051592202622,7730.585351361593,7729.1924502352076,7729.1924502352085,-9.0949470177292824e-13,4.6566128730773926e-10,true
3,INEQ-WATER-D017-HYDRO04-LOWER,17,4,lower,7280,-15435.46426032509,-9754.686563687701,15434.587876483763,9748.6698022570054,9754.1815958659136,9750.0627033833898,5686.2894902462986,-5.5117936089091017,-1.3929011263853335,0.25271285995431486,false,false,-0.87638384132696956,-6.0167614306956239,-4.6238603043111652,-4.6238603043089936,-2.1715962361668062e-12,9.3132257461547852e-10,true
3,INEQ-WATER-D018-HYDRO01-UPPER,18,1,upper,7281,21735.362766222403,12543.553719956144,2.2864393340596392,8.2161572393815803,-18.433045160580143,1.4815610853858621,-9218.4582486662202,26.649202399961723,6.7345961539957182,0.25271285995431486,false,false,21737.649205556463,12551.769877195526,12545.03528104153,12545.035281041532,-1.8189894035458565e-12,9.3132257461547852e-10,true
3,INEQ-WATER-D018-HYDRO01-LOWER,18,1,lower,7282,-25609.972766222403,-16418.163719956145,25607.002481124244,16389.803054695542,16416.452257095501,16396.537650849536,9218.4582486662202,-26.649202399961723,-6.7345961539957182,0.25271285995431486,false,false,-2.9702850981593656,-28.360665260603128,-21.626069106609066,-21.626069106608881,-1.8474111129762605e-13,1.862645149230957e-09,true
3,INEQ-WATER-D018-HYDRO02-UPPER,18,2,upper,7283,21590.42329951888,12459.908244321639,2.3406987366977239,8.2604090981907063,-18.269674158277354,1.5559158836225802,-9157.0451384537082,26.53008325646806,6.7044932145681262,0.25271285995431486,false,false,21592.763998255577,12468.168653419831,12461.464160205262,12461.464160205265,-3.637978807091713e-12,9.3132257461547852e-10,true
3,INEQ-WATER-D018-HYDRO02-LOWER,18,2,lower,7284,-25488.403299518883,-16357.888244321643,25485.462439619281,16329.663652851254,16356.193736107722,16336.368146065821,9157.0451384537082,-26.53008325646806,-6.7044932145681262,0.25271285995431486,false,false,-2.9408598996014916,-28.224591470388987,-21.520098255821722,-21.52009825582218,4.5830006456526462e-13,9.3132257461547852e-10,true
3,INEQ-WATER-D018-HYDRO03-UPPER,18,3,upper,7285,13604.007375771122,7838.6294412617062,5.7766736316265366,10.174447173857782,3.2575063436545797,8.4264472745223582,-5772.2948753396186,6.9169408302032025,1.7479998993354242,0.25271285995431486,false,false,13609.784049402748,7848.8038884355637,7847.0558885362288,7847.0558885362288,0,4.6566128730773926e-10,true
3,INEQ-WATER-D018-HYDRO03-LOWER,18,3,lower,7286,-15605.017375771124,-9839.6394412617083,15603.979945263965,9832.124738356546,9839.0416791867501,9833.8727382558809,5772.2948753396186,-6.9169408302032025,-1.7479998993354242,0.25271285995431486,false,false,-1.0374305071582057,-7.5147029051622667,-5.7667030058273667,-5.7667030058280018,6.3504757008558954e-13,9.3132257461547852e-10,true
3,INEQ-WATER-D018-HYDRO04-UPPER,18,4,upper,7287,13604.695399666536,7839.0090168391471,5.7821952303967645,10.181456005094214,3.2775480811304707,8.4367496887680797,-5772.5902907513528,6.9039079239637431,1.744706316326134,0.25271285995431486,false,false,13610.477594896933,7849.1904728442414,7847.4457665279151,7847.4457665279151,0,4.6566128730773926e-10,true
3,INEQ-WATER-D018-HYDRO04-LOWER,18,4,lower,7288,-15611.735399666533,-9846.0490168391443,15610.70077446389,9838.548963242125,9845.4528711660896,9840.2936695584503,5772.5902907513528,-6.9039079239637431,-1.744706316326134,0.25271285995431486,false,false,-1.0346252026429283,-7.5000535970193596,-5.7553472806939681,-5.7553472806929564,-1.0116352200384426e-12,9.3132257461547852e-10,true
3,INEQ-WATER-D019-HYDRO01-UPPER,19,1,upper,7289,21845.11850990315,12603.537741301836,1.8756156506926387,7.9322731991667776,-15.413090998516234,2.0325994460952348,-9264.9261327989971,23.345364197683011,5.8996737530715428,0.25271285995431486,false,false,21846.994125553843,12611.470014501003,12605.57034074793,12605.570340747932,-1.8189894035458565e-12,9.3132257461547852e-10,true
3,INEQ-WATER-D019-HYDRO01-LOWER,19,1,lower,7290,-25704.998509903147,-16463.417741301833,25701.802956560041,16438.231115849696,16461.576480047377,16444.130789602768,9264.9261327989971,-23.345364197683011,-5.8996737530715428,0.25271285995431486,false,false,-3.1955533431064396,-25.186625452137378,-19.286951699064957,-19.286951699067799,2.8421709430404007e-12,1.862645149230957e-09,true
3,INEQ-WATER-D019-HYDRO02-UPPER,19,2,upper,7291,22113.031519809148,12758.090182758977,1.7872806641337546,7.8622168212296355,-15.646344518978326,1.9213010515342406,-9378.4498983903795,23.508561340207962,5.9409157696953949,0.25271285995431486,false,false,22114.818800473284,12765.952399580206,12760.011483810511,12760.011483810513,-1.8189894035458565e-12,9.3132257461547852e-10,true
3,INEQ-WATER-D019-HYDRO02-LOWER,19,2,lower,7292,-25940.581519809151,-16585.64018275898,25937.337805592419,16560.26261011884,16583.771171459048,16566.203525888533,9378.4498983903795,-23.508561340207962,-5.9409157696953949,0.25271285995431486,false,false,-3.2437142167327693,-25.377572640139988,-19.436656870446313,-19.436656870443876,-2.4371615836571436e-12,1.862645149230957e-09,true
3,INEQ-WATER-D019-HYDRO03-UPPER,19,3,upper,7293,13348.200575767034,7690.4529456599921,5.7403016124365687,10.159072680582309,4.0184938050067522,8.6072694311605584,-5663.8882089826175,6.1405788755755566,1.55180324942175,0.25271285995431486,false,false,13353.940877379471,7700.6120183405747,7699.0602150911527,7699.0602150911536,-9.0949470177292824e-13,4.6566128730773926e-10,true
3,INEQ-WATER-D019-HYDRO03-LOWER,19,3,lower,7294,-15383.750575767033,-9726.0029456599914,15382.691846687278,9719.2523325824441,9725.3929114580205,9720.804135831866,5663.8882089826175,-6.1405788755755566,-1.55180324942175,0.25271285995431486,false,false,-1.0587290797557216,-6.7506130775473139,-5.198809828125377,-5.1988098281256567,2.7977620220553945e-13,9.3132257461547852e-10,true
3,INEQ-WATER-D019-HYDRO04-UPPER,19,4,upper,7295,13437.08854830213,7741.712078546665,5.7260472510768921,10.14314808378311,3.9679361611109769,8.5825926179806515,-5701.5516816781374,6.1752119226721334,1.5605554658024583,0.25271285995431486,false,false,13442.814595553207,7751.8552266304478,7750.2946711646455,7750.2946711646464,-9.0949470177292824e-13,4.6566128730773926e-10,true
3,INEQ-WATER-D019-HYDRO04-LOWER,19,4,lower,7296,-15466.758548302132,-9771.3820785466669,15465.692315741253,9764.5925089551347,9770.7677208778077,9766.1530644209379,5701.5516816781374,-6.1752119226721334,-1.5605554658024583,0.25271285995431486,false,false,-1.0662325608791434,-6.7895695915321994,-5.2290141257290088,-5.229014125729007,-1.7763568394002505e-15,9.3132257461547852e-10,true
3,INEQ-WATER-D020-HYDRO01-UPPER,20,1,upper,7297,22072.569977261061,12738.752153063404,1.5284336329489361,7.724408766206933,-19.771191999411357,0.77591686056548514,-9361.3134249632749,27.495600765618292,6.9484919056414478,0.25271285995431486,false,false,22074.09841089401,12746.476561829611,12739.52806992397,12739.528069923972,-1.8189894035458565e-12,9.3132257461547852e-10,true
3,INEQ-WATER-D020-HYDRO01-LOWER,20,1,lower,7298,-25901.819977261061,-16568.002153063404,25898.426787130204,16538.551413751771,16566.047014517389,16545.499905657412,9361.3134249632749,-27.495600765618292,-6.9484919056414478,0.25271285995431486,false,false,-3.393190130856965,-29.450739311632788,-22.502247405991511,-22.502247405990602,-9.0949470177292824e-13,1.862645149230957e-09,true
3,INEQ-WATER-D020-HYDRO02-UPPER,20,2,upper,7299,21735.630604411177,12544.341184964891,1.6495720957993973,7.8211073755933267,-19.433142792735907,0.93360786964447851,-9218.5436696146153,27.254250168329236,6.8874995059488482,0.25271285995431486,false,false,21737.280176506978,12552.162292340485,12545.274792834536,12545.274792834538,-1.8189894035458565e-12,9.3132257461547852e-10,true
3,INEQ-WATER-D020-HYDRO02-LOWER,20,2,lower,7300,-25614.160604411176,-16422.87118496489,25610.833365614912,16393.699797067315,16420.954047235646,16400.587296573263,9218.5436696146153,-27.254250168329236,-6.8874995059488482,0.25271285995431486,false,false,-3.3272387962642824,-29.171387897575187,-22.283888391626533,-22.283888391625698,-8.3488771451811772e-13,1.862645149230957e-09,true
3,INEQ-WATER-D020-HYDRO03-UPPER,20,3,upper,7301,13571.862312390622,7820.1348178911976,5.6274908661588832,10.08591387495086,3.1443526608652643,8.3316920879913425,-5758.6690557135098,6.9415612140855956,1.7542217869595169,0.25271285995431486,false,false,13577.48980325678,7830.2207317661487,7828.4665099791891,7828.4665099791891,0,4.6566128730773926e-10,true
3,INEQ-WATER-D020-HYDRO03-LOWER,20,3,lower,7302,-15577.242312390623,-9825.5148178911986,15576.118815890268,9817.9259038234723,9824.8674650375578,9819.6801256104318,5758.6690557135098,-6.9415612140855956,-1.7542217869595169,0.25271285995431486,false,false,-1.1234965003550315,-7.588914067726364,-5.8346922807668307,-5.8346922807667685,-6.2172489379008766e-14,9.3132257461547852e-10,true
3,INEQ-WATER-D020-HYDRO04-UPPER,20,4,upper,7303,13443.185125445707,7745.8909499160109,5.6619110056877808,10.126367989227651,3.2649259347476569,8.3923933442292018,-5704.1556175841761,6.8614420544799941,1.7339746449984492,0.25271285995431486,false,false,13448.847036451394,7756.0173179052381,7754.2833432602401,7754.2833432602392,9.0949470177292824e-13,4.6566128730773926e-10,true
3,INEQ-WATER-D020-HYDRO04-LOWER,20,4,lower,7304,-15472.045125445708,-9774.7509499160115,15470.939513647723,9767.2524600805918,9774.1139021350718,9768.9864347255898,5704.1556175841761,-6.8614420544799941,-1.7339746449984492,0.25271285995431486,false,false,-1.1056117979842384,-7.4984898354196048,-5.7645151904216618,-5.7645151904205507,-1.1111112030448567e-12,9.3132257461547852e-10,true
4,INEQ-WATER-D014-HYDRO01-UPPER,14,1,upper,7249,12466.440067781987,6206.5096031855937,2.6799318502880736,6.1882264781415568,-9.4299218748128926,3.9434361791608126,-6275.5486129493474,15.618148352954449,2.2447902989807442,0.14372960534441986,false,false,12469.119999632274,6212.6978296637353,6210.4530393647547,6210.4530393647537,9.0949470177292824e-13,4.6566128730773926e-10,true
4,INEQ-WATER-D014-HYDRO01-LOWER,14,1,lower,7250,-16357.99006778199,-10098.059603185597,16339.98891595689,10073.494987702739,10089.113136055694,10075.73977800172,6275.5486129493474,-15.618148352954449,-2.2447902989807442,0.14372960534441986,false,false,-18.001151825099441,-24.564615482857334,-22.319825183876674,-22.319825183875739,-9.3436369752453174e-13,9.3132257461547852e-10,true
4,INEQ-WATER-D014-HYDRO02-UPPER,14,2,upper,7251,12728.171397359503,6336.5426993453948,2.4739369402261042,6.0249645420646285,-9.4864569249710602,3.7955140562766267,-6407.1401194811442,15.511421467035689,2.2294504857880018,0.14372960534441986,false,false,12730.64533429973,6342.5676638874593,6340.3382134016711,6340.338213401672,-9.0949470177292824e-13,4.6566128730773926e-10,true
4,INEQ-WATER-D014-HYDRO02-LOWER,14,2,lower,7252,-16562.3313973595,-10170.702699345391,16544.033671177403,10146.097415028322,10161.608836495358,10148.326865514109,6407.1401194811442,-15.511421467035689,-2.2294504857880018,0.14372960534441986,false,false,-18.297726182096085,-24.605284317069163,-22.375833831281852,-22.375833831280406,-1.4459544672718039e-12,9.3132257461547852e-10,true
4,INEQ-WATER-D014-HYDRO03-UPPER,14,3,upper,7253,7818.6686766950224,3883.4957897106906,8.591765641984356,9.4581755399856569,6.6068517720111934,9.0483559001055234,-3938.0242107523063,2.8513237679744634,0.40981963988013381,0.14372960534441986,false,false,7827.2604423370067,3892.9539652506764,3892.544145610796,3892.544145610796,0,2.3283064365386963e-10,true
4,INEQ-WATER-D014-HYDRO03-LOWER,14,3,lower,7254,-9824.1786766950245,-5889.0057897106926,9818.9994228067681,5883.5804070647691,5886.4317308327436,5883.9902267046491,3938.0242107523063,-2.8513237679744634,-0.40981963988013381,0.14372960534441986,false,false,-5.1792538882564259,-5.4253826459234915,-5.0155630060435215,-5.015563006043239,-2.8244073746463982e-13,4.6566128730773926e-10,true
4,INEQ-WATER-D014-HYDRO04-UPPER,14,4,upper,7255,7834.8826930205723,3891.5549316886863,8.5911536344733506,9.4574369192417791,6.6056768732608973,9.0475545732959617,-3946.1795213778669,2.8517600459808818,0.4098823459458168,0.14372960534441986,false,false,7843.4738466550452,3901.0123686079282,3900.6024862619824,3900.602486261982,4.5474735088646412e-13,2.3283064365386963e-10,true
4,INEQ-WATER-D014-HYDRO04-LOWER,14,4,lower,7256,-9842.7126930205741,-5899.3849316886881,9837.5315843511908,5893.9581909493909,5896.8099509953718,5894.3680732953371,3946.1795213778669,-2.8517600459808818,-0.4098823459458168,0.14372960534441986,false,false,-5.1811086693833204,-5.4267407392972018,-5.0168583933509581,-5.0168583933514652,5.0714987764877151e-13,4.6566128730773926e-10,true
4,INEQ-WATER-D015-HYDRO01-UPPER,15,1,upper,7257,12492.25779142636,6230.3157150163679,1.9485135240605942,5.7150037330243215,-20.768286745832039,1.9085708442766647,-6288.4253668888487,26.483290478856361,3.8064328887476568,0.14372960534441986,false,false,12494.206304950421,6236.0307187493918,6232.2242858606442,6232.2242858606451,-9.0949470177292824e-13,4.6566128730773926e-10,true
4,INEQ-WATER-D015-HYDRO01-LOWER,15,1,lower,7258,-16378.317791426358,-10116.375715016366,16358.638480059952,10080.111921934717,10106.595212413573,10083.918354823465,6288.4253668888487,-26.483290478856361,-3.8064328887476568,0.14372960534441986,false,false,-19.679311366406182,-36.263793081649055,-32.457360192900524,-32.457360192901888,1.3642420526593924e-12,9.3132257461547852e-10,true
4,INEQ-WATER-D015-HYDRO02-UPPER,15,2,upper,7259,12759.443863450928,6362.8705973049218,1.7480421915850979,5.557719254087683,-20.632887659251569,1.7933536587025976,-6422.7638730593453,26.190606913339252,3.7643655953850854,0.14372960534441986,false,false,12761.191905642512,6368.4283165590095,6364.6639509636243,6364.6639509636234,9.0949470177292824e-13,4.6566128730773926e-10,true
4,INEQ-WATER-D015-HYDRO02-LOWER,15,2,lower,7260,-16586.843863450929,-10190.270597304923,16566.888393536858,10154.162238606441,10180.352845519781,10157.926604201826,6422.7638730593453,-26.190606913339252,-3.7643655953850854,0.14372960534441986,false,false,-19.955469914071728,-36.108358698482334,-32.343993103097091,-32.343993103096139,-9.5212726591853425e-13,9.3132257461547852e-10,true
4,INEQ-WATER-D015-HYDRO03-UPPER,15,3,upper,7261,7780.4592383388772,3865.5753965703771,8.4907621170497016,9.3615889646429924,5.4871794570016892,8.8047216151670398,-3918.7582512761414,3.8744095076413032,0.55686734947595262,0.14372960534441986,false,false,7788.9500004559268,3874.9369855350201,3874.3801181855442,3874.3801181855438,4.5474735088646412e-13,2.3283064365386963e-10,true
4,INEQ-WATER-D015-HYDRO03-LOWER,15,3,lower,7262,-9794.989238338876,-5880.1053965703759,9789.6019895172922,5873.5535559199288,5877.4279654275706,5874.1104232694051,3918.7582512761414,-3.8744095076413032,-0.55686734947595262,0.14372960534441986,false,false,-5.387248821583853,-6.5518406504470477,-5.9949733009707415,-5.9949733009715231,7.815970093361102e-13,4.6566128730773926e-10,true
4,INEQ-WATER-D015-HYDRO04-UPPER,15,4,upper,7263,7472.3964814891078,3712.4145760247084,8.7112965259110862,9.6057899218270979,5.6522166759909016,9.0375443995028046,-3763.9354787102357,3.9535732458361963,0.56824552232429359,0.14372960534441986,false,false,7481.107778015019,3722.0203659465355,3721.452120424211,3721.4521204242114,-4.5474735088646412e-13,2.3283064365386963e-10,true
4,INEQ-WATER-D015-HYDRO04-LOWER,15,4,lower,7264,-9565.1064814891106,-5805.1245760247111,9559.9773951742463,5798.6218768913641,5802.5754501372003,5799.1901224136882,3763.9354787102357,-3.9535732458361963,-0.56824552232429359,0.14372960534441986,false,false,-5.1290863148642529,-6.5026991333470505,-5.9344536110229456,-5.9344536110221542,-7.9136697195281158e-13,4.6566128730773926e-10,true
4,INEQ-WATER-D016-HYDRO01-UPPER,16,1,upper,7265,12734.730753184755,6330.882065392856,4.9738925178087579,7.6631091809720573,0.67660178752139188,6.6589412305755218,-6410.8351951853492,6.9865073934506654,1.0041679503965357,0.14372960534441986,false,false,12739.704645702563,6338.5451745738283,6337.5410066234317,6337.5410066234308,9.0949470177292824e-13,4.6566128730773926e-10,true
4,INEQ-WATER-D016-HYDRO01-LOWER,16,1,lower,7266,-16561.620753184754,-10157.772065392855,16549.023994246138,10144.525042512252,10151.511549905703,10145.529210462648,6410.8351951853492,-6.9865073934506654,-1.0041679503965357,0.14372960534441986,false,false,-12.596758938616404,-13.247022880603254,-12.242854930207614,-12.242854930207338,-2.7533531010703882e-13,9.3132257461547852e-10,true
4,INEQ-WATER-D016-HYDRO02-UPPER,16,2,upper,7267,12691.705943950881,6309.4512339666762,5.0224258126871328,7.7021856841743697,0.74847553201977046,6.7027316683257032,-6389.2084201363596,6.9537101521545992,0.99945401584866633,0.14372960534441986,false,false,12696.728369763568,6317.153419650851,6316.1539656350024,6316.1539656350024,0,4.6566128730773926e-10,true
4,INEQ-WATER-D016-HYDRO02-LOWER,16,2,lower,7268,-16532.465943950876,-10150.211233966671,16519.947600802217,10137.03598051615,10143.989690668304,10138.035434531999,6389.2084201363596,-6.9537101521545992,-0.99945401584866633,0.14372960534441986,false,false,-12.51834314865846,-13.175253450521268,-12.175799434671717,-12.175799434671429,-2.8776980798284058e-13,9.3132257461547852e-10,true
4,INEQ-WATER-D016-HYDRO03-UPPER,16,3,upper,7269,7713.7278358781878,3830.5562335700706,9.1488119809779285,9.9672495429827421,7.6682728208339057,9.6368185260122825,-3885.470579030266,2.2989767221488364,0.33043101697046023,0.14372960534441986,false,false,7722.876647859166,3840.5234831130533,3840.1930520960827,3840.1930520960832,-4.5474735088646412e-13,2.3283064365386963e-10,true
4,INEQ-WATER-D016-HYDRO03-LOWER,16,3,lower,7270,-9743.4778358781878,-5860.3062335700706,9739.2024935232166,5855.8824367131074,5858.1814134352562,5856.212867730078,3885.470579030266,-2.2989767221488364,-0.33043101697046023,0.14372960534441986,false,false,-4.2753423549711442,-4.4237968569632358,-4.0933658399926571,-4.093365839993055,3.979039320256561e-13,4.6566128730773926e-10,true
4,INEQ-WATER-D016-HYDRO04-UPPER,16,4,upper,7271,7562.4256807386009,3755.1916500468506,9.2742603012902585,10.105016392750811,7.8989176102196392,9.7879346853867997,-3809.4401294742815,2.2060987825311713,0.31708170736401037,0.14372960534441986,false,false,7571.6999410398912,3765.2966664396013,3764.9795847322375,3764.9795847322371,4.5474735088646412e-13,2.3283064365386963e-10,true
4,INEQ-WATER-D016-HYDRO04-LOWER,16,4,lower,7272,-9633.6756807386009,-5826.4416500468506,9629.5637721469575,5822.1919567536061,5824.3980555361377,5822.5090384609703,3809.4401294742815,-2.2060987825311713,-0.31708170736401037,0.14372960534441986,false,false,-4.1119085916434415,-4.2496932932444906,-3.932611585880295,-3.9326115858810109,7.1587180627830094e-13,4.6566128730773926e-10,true
4,INEQ-WATER-D017-HYDRO01-UPPER,17,1,upper,7273,12607.160376307729,6282.1702263606203,4.283753778492204,7.1928931967733973,-14.356284971952633,4.0956383230858169,-6346.5393281158349,21.54917816872603,3.0972548736875805,0.14372960534441986,false,false,12611.444130086222,6289.3631195573935,6286.2658646837062,6286.2658646837072,-9.0949470177292824e-13,4.6566128730773926e-10,true
4,INEQ-WATER-D017-HYDRO01-LOWER,17,1,lower,7274,-16464.600376307731,-10139.610226360623,16449.858906576217,10110.734623989665,10132.283802158392,10113.831878863353,6346.5393281158349,-21.54917816872603,-3.0972548736875805,0.14372960534441986,false,false,-14.741469731514371,-28.875602370957495,-25.778347497269351,-25.778347497269216,-1.3500311979441904e-13,9.3132257461547852e-10,true
4,INEQ-WATER-D017-HYDRO02-UPPER,17,2,upper,7275,12678.015797676919,6317.402709255206,4.2250416149776848,7.1463536723420589,-14.403217632431904,4.0490422933654617,-6382.1626597264867,21.549571304773963,3.0973113789765967,0.14372960534441986,false,false,12682.240839291897,6324.5490629275482,6321.4517515485713,6321.4517515485713,0,4.6566128730773926e-10,true
4,INEQ-WATER-D017-HYDRO02-LOWER,17,2,lower,7276,-16522.705797676921,-10162.092709255208,16507.870121775388,10133.169893832917,10154.719465137692,10136.267205211894,6382.1626597264867,-21.549571304773963,-3.0973113789765967,0.14372960534441986,false,false,-14.83567590153325,-28.922815422291023,-25.82550404331414,-25.825504043314481,3.4106051316484809e-13,9.3132257461547852e-10,true
4,INEQ-WATER-D017-HYDRO03-UPPER,17,3,upper,7277,7826.8688567519384,3888.1799071521818,8.8955135667345413,9.6858841263430246,6.1491367797758709,9.177548826018004,-3942.2256969463238,3.5367473465671537,0.50833530032502117,0.14372960534441986,false,false,7835.7643703186732,3897.8657912785247,3897.3574559782001,3897.3574559782001,0,2.3283064365386963e-10,true
4,INEQ-WATER-D017-HYDRO03-LOWER,17,3,lower,7278,-9830.2888567519367,-5891.5999071521801,9825.5480646344731,5885.7070138622494,5889.2437612088161,5886.2153491625741,3942.2256969463238,-3.5367473465671537,-0.50833530032502117,0.14372960534441986,false,false,-4.7407921174635703,-5.8928932899307256,-5.3845579896060372,-5.3845579896060762,3.907985046680551e-14,4.6566128730773926e-10,true
4,INEQ-WATER-D017-HYDRO04-UPPER,17,4,upper,7279,7720.2065636877014,3835.1141678179811,8.9858865475059702,9.7830856852106436,6.2492553992029016,9.275169652848593,-3888.6262261557281,3.533830286007742,0.50791603236205107,0.14372960534441986,false,false,7729.1924502352076,3844.8972535031917,3844.3893374708296,3844.38933747083,-4.5474735088646412e-13,2.3283064365386963e-10,true
4,INEQ-WATER-D017-HYDRO04-LOWER,17,4,lower,7280,-9754.686563687701,-5869.5941678179806,9750.0627033833898,5863.762306015562,5867.2961363015693,5864.2702220479241,3888.6262261557281,-3.533830286007742,-0.50791603236205107,0.14372960534441986,false,false,-4.6238603043111652,-5.8318618024186435,-5.3239457700565254,-5.3239457700567323,2.0694557179012918e-13,4.6566128730773926e-10,true
4,INEQ-WATER-D018-HYDRO01-UPPER,18,1,upper,7281,12543.553719956144,6263.5860793823958,1.4815610853858621,5.4723308901459671,-28.77694740178751,0.54969563791516141,-6314.2169188656817,34.249278291933479,4.9226352522308057,0.14372960534441986,false,false,12545.03528104153,6269.0584102725416,6264.1357750203106,6264.1357750203106,0,4.6566128730773926e-10,true
4,INEQ-WATER-D018-HYDRO01-LOWER,18,1,lower,7282,-16418.163719956145,-10138.196079382396,16396.537650849536,10093.198771281532,10127.448049573464,10098.121406533763,6314.2169188656817,-34.249278291933479,-4.9226352522308057,0.14372960534441986,false,false,-21.626069106609066,-44.997308100864757,-40.074672848633782,-40.074672848634023,2.4158453015843406e-13,9.3132257461547852e-10,true
4,INEQ-WATER-D018-HYDRO02-UPPER,18,2,upper,7283,12459.908244321639,6222.1563088012408,1.5559158836225802,5.530722933684773,-28.881534890333754,0.5846626976281657,-6272.1641933444171,34.412257824018525,4.9460602360566073,0.14372960534441986,false,false,12461.464160205262,6227.6870317349258,6222.7409714988689,6222.740971498868,9.0949470177292824e-13,4.6566128730773926e-10,true
4,INEQ-WATER-D018-HYDRO02-LOWER,18,2,lower,7284,-16357.888244321643,-10120.136308801244,16336.368146065821,10075.028688061086,10109.440945885104,10079.974748297142,6272.1641933444171,-34.412257824018525,-4.9460602360566073,0.14372960534441986,false,false,-21.520098255821722,-45.107620740158382,-40.161560504102454,-40.161560504101729,-7.2475359047530219e-13,9.3132257461547852e-10,true
4,INEQ-WATER-D018-HYDRO03-UPPER,18,3,upper,7285,7838.6294412617062,3895.4100853076707,8.4264472745223582,9.3596800691707003,4.5307771102129308,8.6656237526331985,-3948.0482589129933,4.8289029589577694,0.69405631653750155,0.14372960534441986,false,false,7847.0558885362288,3904.7697653768414,3904.0757090603038,3904.0757090603038,0,2.3283064365386963e-10,true
4,INEQ-WATER-D018-HYDRO03-LOWER,18,3,lower,7286,-9839.6394412617083,-5896.4200853076727,9833.8727382558809,5888.7251646965778,5893.5540676555356,5889.419221013115,3948.0482589129933,-4.8289029589577694,-0.69405631653750155,0.14372960534441986,false,false,-5.7667030058273667,-7.694920611094858,-7.0008642945576867,-7.0008642945577471,6.0396132539608516e-14,4.6566128730773926e-10,true
4,INEQ-WATER-D018-HYDRO04-UPPER,18,4,upper,7287,7839.0090168391471,3895.6005813995725,8.4367496887680797,9.3708495275804005,4.5340480989506311,8.6756579671141179,-3948.2452368682043,4.8368014286297694,0.69519156046628294,0.14372960534441986,false,false,7847.4457665279151,3904.9714309271531,3904.2762393666867,3904.2762393666867,0,2.3283064365386963e-10,true
4,INEQ-WATER-D018-HYDRO04-LOWER,18,4,lower,7288,-9846.0490168391443,-5902.6405813995698,9840.2936695584503,5894.9434060477497,5899.7802074763795,5895.6385976082156,3948.2452368682043,-4.8368014286297694,-0.69519156046628294,0.14372960534441986,false,false,-5.7553472806939681,-7.6971753518200785,-7.0019837913541778,-7.001983791353549,-6.2883032114768866e-13,4.6566128730773926e-10,true
4,INEQ-WATER-D019-HYDRO01-UPPER,19,1,upper,7289,12603.537741301836,6282.8883512452085,2.0325994460952348,5.7691279199971888,-17.993648789334586,2.3537134016773607,-6344.4121667659592,23.762776709331774,3.4154145183198281,0.14372960534441986,false,false,12605.57034074793,6288.6574791652056,6285.2420646468854,6285.2420646468845,9.0949470177292824e-13,4.6566128730773926e-10,true
4,INEQ-WATER-D019-HYDRO01-LOWER,19,1,lower,7290,-16463.417741301833,-10142.768351245206,16444.130789602768,10109.420072392,10133.182849101333,10112.83548691032,6344.4121667659592,-23.762776709331774,-3.4154145183198281,0.14372960534441986,false,false,-19.286951699064957,-33.348278853205557,-29.93286433488538,-29.932864334885991,6.1106675275368616e-13,9.3132257461547852e-10,true
4,INEQ-WATER-D019-HYDRO02-UPPER,19,2,upper,7291,12758.090182758977,6359.3613024622246,1.9213010515342406,5.6813504913471178,-17.710255560251383,2.3192841851787218,-6422.1204863483508,23.391606051598501,3.362066306168396,0.14372960534441986,false,false,12760.011483810511,6365.0426529535716,6361.6805866474033,6361.6805866474033,0,4.6566128730773926e-10,true
4,INEQ-WATER-D019-HYDRO02-LOWER,19,2,lower,7292,-16585.64018275898,-10186.911302462227,16566.203525888533,10153.859791672523,10177.251397724121,10157.221857978691,6422.1204863483508,-23.391606051598501,-3.362066306168396,0.14372960534441986,false,false,-19.436656870446313,-33.05151078970448,-29.689444483536136,-29.689444483535489,-6.4659388954169117e-13,9.3132257461547852e-10,true
4,INEQ-WATER-D019-HYDRO03-UPPER,19,3,upper,7293,7690.4529456599921,3820.3083882403116,8.6072694311605584,9.488009206724092,6.0794904180578495,8.9981041464200526,-3873.5530762083467,3.4085187886662425,0.48990506030403908,0.14372960534441986,false,false,7699.0602150911527,3829.7963974470358,3829.3064923867319,3829.3064923867319,0,2.3283064365386963e-10,true
4,INEQ-WATER-D019-HYDRO03-LOWER,19,3,lower,7294,-9726.0029456599914,-5855.8583882403109,9720.804135831866,5849.8660913860058,5853.2746101746725,5850.3559964463102,3873.5530762083467,-3.4085187886662425,-0.48990506030403908,0.14372960534441986,false,false,-5.198809828125377,-5.9922968543050956,-5.5023917940006868,-5.5023917940015332,8.4643403397421935e-13,4.6566128730773926e-10,true
4,INEQ-WATER-D019-HYDRO04-UPPER,19,4,upper,7295,7741.712078546665,3845.7918867331064,8.5825926179806515,9.4608724377068683,6.0592168140621396,8.9719538174027846,-3899.3218474372034,3.4016556236447286,0.48891862030408328,0.14372960534441986,false,false,7750.2946711646455,3855.2527591708131,3854.763840550509,3854.7638405505086,4.5474735088646412e-13,2.3283064365386963e-10,true
4,INEQ-WATER-D019-HYDRO04-LOWER,19,4,lower,7296,-9771.3820785466669,-5875.4618867331083,9766.1530644209379,5869.4614416846443,5872.8630973082891,5869.9503603049488,3899.3218474372034,-3.4016556236447286,-0.48891862030408328,0.14372960534441986,false,false,-5.2290141257290088,-6.0004450484639165,-5.5115264281594136,-5.5115264281595522,1.3855583347321954e-13,4.6566128730773926e-10,true
4,INEQ-WATER-D020-HYDRO01-UPPER,20,1,upper,7297,12738.752153063404,6354.5609257296383,0.77591686056548514,5.0105969037538065,-23.090015678053774,0.9717069474341633,-6412.2918399155733,28.100612581807582,4.0388899563196432,0.14372960534441986,false,false,12739.52806992397,6359.5715226333923,6355.5326326770728,6355.5326326770737,-9.0949470177292824e-13,4.6566128730773926e-10,true
4,INEQ-WATER-D020-HYDRO01-LOWER,20,1,lower,7298,-16568.002153063404,-10183.810925729638,16545.499905657412,10144.526827850743,10172.62744043255,10148.565717807063,6412.2918399155733,-28.100612581807582,-4.0388899563196432,0.14372960534441986,false,false,-22.502247405991511,-39.284097878895409,-35.245207922574991,-35.245207922574714,-2.7711166694643907e-13,9.3132257461547852e-10,true
4,INEQ-WATER-D020-HYDRO02-UPPER,20,2,upper,7299,12544.341184964891,6258.1708075197748,0.93360786964447851,5.1329005168615005,-23.242639579459446,1.0544953373825292,-6314.5459175414371,28.375540096320947,4.0784051794789713,0.14372960534441986,false,false,12545.274792834536,6263.3037080366366,6259.2253028571577,6259.2253028571586,-9.0949470177292824e-13,4.6566128730773926e-10,true
4,INEQ-WATER-D020-HYDRO02-LOWER,20,2,lower,7300,-16422.87118496489,-10136.700807519774,16400.587296573263,10097.250305278856,10125.625845375176,10101.328710458334,6314.5459175414371,-28.375540096320947,-4.0784051794789713,0.14372960534441986,false,false,-22.283888391626533,-39.450502240917558,-35.37209706143949,-35.372097061437458,-2.0321522242738865e-12,9.3132257461547852e-10,true
4,INEQ-WATER-D020-HYDRO03-UPPER,20,3,upper,7301,7820.1348178911976,3885.6665717788019,8.3316920879913425,9.300865467259765,5.0354782651996821,8.6878030480665309,-3938.7336333144558,4.2653872020600829,0.61306241919323501,0.14372960534441986,false,false,7828.4665099791891,3894.9674372460618,3894.3543748268685,3894.3543748268685,0,2.3283064365386963e-10,true
4,INEQ-WATER-D020-HYDRO03-LOWER,20,3,lower,7302,-9825.5148178911986,-5891.0465717788029,9819.6801256104318,5883.8813766527746,5888.1467638548347,5884.4944390719675,3938.7336333144558,-4.2653872020600829,-0.61306241919323501,0.14372960534441986,false,false,-5.8346922807668307,-7.1651951260282658,-6.5521327068354367,-6.5521327068348034,-6.3327121324618929e-13,4.6566128730773926e-10,true
4,INEQ-WATER-D020-HYDRO04-UPPER,20,4,upper,7303,7745.8909499160109,3848.7624124526956,8.3923933442292018,9.36759042982262,5.071037787723661,8.7500486142322114,-3901.4250901054143,4.296552642098959,0.61754181559040788,0.14372960534441986,false,false,7754.2833432602401,3858.1300028825181,3857.5124610669277,3857.5124610669277,0,2.3283064365386963e-10,true
4,INEQ-WATER-D020-HYDRO04-LOWER,20,4,lower,7304,-9774.7509499160115,-5877.6224124526962,9768.9864347255898,5870.4609294899146,5874.757482132014,5871.0784713055054,3901.4250901054143,-4.296552642098959,-0.61754181559040788,0.14372960534441986,false,false,-5.7645151904216618,-7.1614829627815197,-6.5439411471907079,-6.5439411471905977,-1.1013412404281553e-13,4.6566128730773926e-10,true
5,INEQ-WATER-D014-HYDRO01-UPPER,14,1,upper,7249,6206.5096031855937,4517.2367349951237,3.9434361791608126,4.8118005161683994,3.5957351666101784,3.9970380654895101,-1690.4889335400283,1.216065349558221,0.81476245067888942,0.66999890340998602,false,false,6210.4530393647547,4522.0485355112924,4521.2337730606132,4521.2337730606132,0,4.6566128730773926e-10,true
5,INEQ-WATER-D014-HYDRO01-LOWER,14,1,lower,7250,-10098.059603185597,-8408.7867349951266,10075.73977800172,8391.3231930476413,8392.5392583971989,8392.1379554983196,1690.4889335400283,-1.216065349558221,-0.81476245067888942,0.66999890340998602,false,false,-22.319825183876674,-17.463541947485282,-16.648779496807038,-16.648779496806299,-7.3896444519050419e-13,9.3132257461547852e-10,true
5,INEQ-WATER-D014-HYDRO02-UPPER,14,2,upper,7251,6336.5426993453948,4611.9469622004181,3.7955140562766267,4.6642151488123043,3.4340229338666584,3.8399877138152196,-1725.8259293599224,1.2301922149456459,0.82422743499708462,0.66999890340998602,false,false,6340.3382134016711,4616.6111773492303,4615.7869499142334,4615.7869499142325,9.0949470177292824e-13,4.6566128730773926e-10,true
5,INEQ-WATER-D014-HYDRO02-LOWER,14,2,lower,7252,-10170.702699345391,-8446.1069622004143,10148.326865514109,8428.5885224952744,8429.8187147102199,8429.4127499302722,1725.8259293599224,-1.2301922149456459,-0.82422743499708462,0.66999890340998602,false,false,-22.375833831281852,-17.518439705139826,-16.694212270142089,-16.694212270142845,7.567280135845067e-13,9.3132257461547852e-10,true
5,INEQ-WATER-D014-HYDRO03-UPPER,14,3,upper,7253,3883.4957897106906,2824.8949491482526,9.0483559001055234,8.8534556348234208,8.6406807766202736,8.7108967131540975,-1058.8136154206411,0.21277485820314723,0.14255892166932391,0.66999890340998602,false,false,3892.544145610796,2833.7484047830762,2833.6058458614066,2833.6058458614066,0,2.3283064365386963e-10,true
5,INEQ-WATER-D014-HYDRO03-LOWER,14,3,lower,7254,-5889.0057897106926,-4830.4049491482547,5883.9902267046491,4826.5411491635205,4826.7539240217238,4826.6837080851901,1058.8136154206411,-0.21277485820314723,-0.14255892166932391,0.66999890340998602,false,false,-5.0155630060435215,-3.8637999847342144,-3.7212410630645536,-3.7212410630651465,5.9285909514983359e-13,4.6566128730773926e-10,true
5,INEQ-WATER-D014-HYDRO04-UPPER,14,4,upper,7255,3891.5549316886863,2830.7621131033884,9.0475545732959617,8.8522584466901471,8.6394991967789601,8.7097099825593212,-1061.0055778352091,0.212759249911187,0.14254846413082645,0.66999890340998602,false,false,3900.6024862619824,2839.6143715500784,2839.4718230859476,2839.4718230859476,0,2.3283064365386963e-10,true
5,INEQ-WATER-D014-HYDRO04-LOWER,14,4,lower,7256,-5899.3849316886881,-4838.5921131033901,5894.3680732953371,4834.7273857636947,4834.9401450136056,4834.8699342278251,1061.0055778352091,-0.212759249911187,-0.14254846413082645,0.66999890340998602,false,false,-5.0168583933509581,-3.8647273396954915,-3.7221788755650778,-3.7221788755647309,-3.468336728928989e-13,4.6566128730773926e-10,true
5,INEQ-WATER-D015-HYDRO01-UPPER,15,1,upper,7257,6230.3157150163679,4536.0097863166302,1.9085708442766647,3.0956068597524151,0.67082848940861339,1.4710080106098149,-1696.7307070700815,2.4247783703438017,1.6245988491426002,0.66999890340998602,false,false,6232.2242858606442,4539.1053931763827,4537.4807943272399,4537.480794327239,9.0949470177292824e-13,4.6566128730773926e-10,true
5,INEQ-WATER-D015-HYDRO01-LOWER,15,1,lower,7258,-10116.375715016366,-8422.0697863166279,10083.918354823465,8396.0180218108562,8398.4428001811993,8397.642620659999,1696.7307070700815,-2.4247783703438017,-1.6245988491426002,0.66999890340998602,false,false,-32.457360192900524,-26.051764505771644,-24.427165656628858,-24.427165656629501,6.4304117586289067e-13,9.3132257461547852e-10,true
5,INEQ-WATER-D015-HYDRO02-UPPER,15,2,upper,7259,6362.8705973049218,4632.495542855926,1.7933536587025976,2.9796158594414894,0.59310120978484271,1.3806536611996691,-1732.7615690986524,2.3865146496566467,1.5989621982418203,0.66999890340998602,false,false,6364.6639509636243,4635.4751587153678,4633.8761965171261,4633.8761965171252,9.0949470177292824e-13,4.6566128730773926e-10,true
5,INEQ-WATER-D015-HYDRO02-LOWER,15,2,lower,7260,-10190.270597304923,-8459.8955428559275,10157.926604201826,8433.9645664241198,8436.3510810737771,8435.5635286223624,1732.7615690986524,-2.3865146496566467,-1.5989621982418203,0.66999890340998602,false,false,-32.343993103097091,-25.930976431807721,-24.332014233565133,-24.332014233566071,9.3791641120333225e-13,9.3132257461547852e-10,true
5,INEQ-WATER-D015-HYDRO03-UPPER,15,3,upper,7261,3865.5753965703771,2812.0280000742641,8.8047216151670398,8.6195721882482097,8.2853215177874766,8.3956246055754651,-1053.8816471665737,0.33425067046073309,0.22394758267274378,0.66999890340998602,false,false,3874.3801181855442,2820.6475722625123,2820.4236246798396,2820.4236246798396,0,2.3283064365386963e-10,true
5,INEQ-WATER-D015-HYDRO03-LOWER,15,3,lower,7262,-5880.1053965703759,-4826.558000074263,5874.1104232694051,4821.8597730908032,4822.1940237612635,4822.0837206734759,1053.8816471665737,-0.33425067046073309,-0.22394758267274378,0.66999890340998602,false,false,-5.9949733009707415,-4.6982269834597901,-4.4742794007870543,-4.4742794007871129,5.8619775700208265e-14,4.6566128730773926e-10,true
5,INEQ-WATER-D015-HYDRO04-UPPER,15,4,upper,7263,3712.4145760247084,2700.4709430918883,9.0375443995028046,8.8813846682133661,8.5200879210253451,8.6393162437917965,-1012.3049296800081,0.36129674718802107,0.24206842442156906,0.66999890340998602,false,false,3721.452120424211,2709.3523277601016,2709.11025933568,2709.11025933568,0,2.3283064365386963e-10,true
5,INEQ-WATER-D015-HYDRO04-LOWER,15,4,lower,7264,-5805.1245760247111,-4793.1809430918911,5799.1901224136882,4788.4997246888543,4788.8610214360424,4788.7417931132759,1012.3049296800081,-0.36129674718802107,-0.24206842442156906,0.66999890340998602,false,false,-5.9344536110229456,-4.6812184030368371,-4.4391499786152053,-4.4391499786148145,-3.907985046680551e-13,4.6566128730773926e-10,true
5,INEQ-WATER-D016-HYDRO01-UPPER,16,1,upper,7265,6330.882065392856,4606.7208390985834,6.6589412305755218,7.1101852912042434,6.6239494573407685,6.7844078157170751,-1724.6474621281361,0.48623583386347491,0.32577747548716834,0.66999890340998602,false,false,6337.5410066234317,4613.8310243897877,4613.5052469143002,4613.5052469143002,0,4.6566128730773926e-10,true
5,INEQ-WATER-D016-HYDRO01-LOWER,16,1,lower,7266,-10157.772065392855,-8433.6108390985828,10145.529210462648,8424.2125487422654,8424.6987845761287,8424.5383262177529,1724.6474621281361,-0.48623583386347491,-0.32577747548716834,0.66999890340998602,false,false,-12.242854930207614,-9.398290356317375,-9.0725128808298905,-9.0725128808308533,9.6278540695493575e-13,9.3132257461547852e-10,true
5,INEQ-WATER-D016-HYDRO02-UPPER,16,2,upper,7267,6309.4512339666762,4591.1072111662215,6.7027316683257032,7.1529412750286365,6.6691110107889227,6.8287755285514642,-1718.8278530646944,0.48383026423971387,0.32416574647717206,0.66999890340998602,false,false,6316.1539656350024,4598.2601524412503,4597.9359866947734,4597.9359866947725,9.0949470177292824e-13,4.6566128730773926e-10,true
5,INEQ-WATER-D016-HYDRO02-LOWER,16,2,lower,7268,-10150.211233966671,-8431.8672111662163,10138.035434531999,8422.5201387060297,8423.0039689702699,8422.8443044525065,1718.8278530646944,-0.48383026423971387,-0.32416574647717206,0.66999890340998602,false,false,-12.175799434671717,-9.3470724601866095,-9.0229067137097445,-9.0229067137088634,-8.8107299234252423e-13,9.3132257461547852e-10,true
5,INEQ-WATER-D016-HYDRO03-UPPER,16,3,upper,7269,3830.5562335700706,2786.1613932199834,9.6368185260122825,9.4339031767530841,9.265821439584407,9.3212885971668253,-1044.5629220872559,0.16808173716867714,0.11261457958625917,0.66999890340998602,false,false,3840.1930520960827,2795.5952963967366,2795.4826818171505,2795.48268181715,4.5474735088646412e-13,2.3283064365386963e-10,true
5,INEQ-WATER-D016-HYDRO03-LOWER,16,3,lower,7270,-5860.3062335700706,-4815.9113932199834,5856.212867730078,4812.7635898611561,4812.931671598325,4812.8762044407422,1044.5629220872559,-0.16808173716867714,-0.11261457958625917,0.66999890340998602,false,false,-4.0933658399926571,-3.147803358827332,-3.0351887792412526,-3.0351887792408787,-3.7392311469375272e-13,4.6566128730773926e-10,true
5,INEQ-WATER-D016-HYDRO04-UPPER,16,4,upper,7271,3755.1916500468506,2731.2379001511799,9.7879346853867997,9.5992061238387087,9.4384801817018307,9.4915199188574633,-1024.1144758378075,0.16072594213687807,0.10768620498124518,0.66999890340998602,false,false,3764.9795847322375,2740.8371062750184,2740.7294200700376,2740.7294200700376,0,2.3283064365386963e-10,true
5,INEQ-WATER-D016-HYDRO04-LOWER,16,4,lower,7272,-5826.4416500468506,-4802.4879001511799,5822.5090384609703,4799.4644719170701,4799.6251978592072,4799.5721581220514,1024.1144758378075,-0.16072594213687807,-0.10768620498124518,0.66999890340998602,false,false,-3.932611585880295,-3.0234282341098151,-2.9157420291285234,-2.9157420291289067,3.8324898810060404e-13,4.6566128730773926e-10,true
5,INEQ-WATER-D017-HYDRO01-UPPER,17,1,upper,7273,6282.1702263606203,4572.9519663776155,4.0956383230858169,4.9452513854123179,3.067634285579258,3.6872499875003295,-1711.0958770828379,1.8776170998330599,1.2580013979119884,0.66999890340998602,false,false,6286.2658646837062,4577.8972177630276,4576.6392163651162,4576.6392163651153,9.0949470177292824e-13,4.6566128730773926e-10,true
5,INEQ-WATER-D017-HYDRO01-LOWER,17,1,lower,7274,-10139.610226360623,-8430.3919663776178,10113.831878863353,8409.7492785729446,8411.6268956727781,8411.007279970856,1711.0958770828379,-1.8776170998330599,-1.2580013979119884,0.66999890340998602,false,false,-25.778347497269351,-20.642687804673187,-19.38468640676183,-19.384686406761013,-8.1712414612411521e-13,9.3132257461547852e-10,true
5,INEQ-WATER-D017-HYDRO02-UPPER,17,2,upper,7275,6317.402709255206,4598.6227609980851,4.0490422933654617,4.9001544674841266,3.0100274344823088,3.6337714280673383,-1720.6700752901227,1.8901270330018178,1.2663830394167883,0.66999890340998602,false,false,6321.4517515485713,4603.522915465569,4602.2565324261523,4602.2565324261514,9.0949470177292824e-13,4.6566128730773926e-10,true
5,INEQ-WATER-D017-HYDRO02-LOWER,17,2,lower,7276,-10162.092709255208,-8443.3127609980875,10136.267205211894,8422.6232361599214,8424.5133631929239,8423.889619199339,1720.6700752901227,-1.8901270330018178,-1.2663830394167883,0.66999890340998602,false,false,-25.82550404331414,-20.689524838166108,-19.423141798748475,-19.423141798749004,5.2935433814127464e-13,9.3132257461547852e-10,true
5,INEQ-WATER-D017-HYDRO03-UPPER,17,3,upper,7277,3888.1799071521818,2828.6433198801278,9.177548826018004,8.9666083975687396,8.3961075390661843,8.5843734479775726,-1060.1070881305566,0.57050085850255527,0.38223494959116766,0.66999890340998602,false,false,3897.3574559782001,2837.6099282776968,2837.2276933281055,2837.2276933281055,0,2.3283064365386963e-10,true
5,INEQ-WATER-D017-HYDRO03-LOWER,17,3,lower,7278,-5891.5999071521801,-4832.0633198801261,5886.2153491625741,4827.5731879669183,4828.1436888254211,4827.9554229165096,1060.1070881305566,-0.57050085850255527,-0.38223494959116766,0.66999890340998602,false,false,-5.3845579896060372,-4.4901319132077333,-4.1078969636164402,-4.107896963616164,-2.7622348852673895e-13,4.6566128730773926e-10,true
5,INEQ-WATER-D017-HYDRO04-UPPER,17,4,upper,7279,3835.1141678179811,2789.9842132337071,9.275169652848593,9.0745602901165512,8.4976422155059481,8.6880258127700465,-1045.7068726588845,0.57691807461060307,0.38653447734650453,0.66999890340998602,false,false,3844.3893374708296,2799.0587735238237,2798.672239046477,2798.6722390464765,4.5474735088646412e-13,2.3283064365386963e-10,true
5,INEQ-WATER-D017-HYDRO04-LOWER,17,4,lower,7280,-5869.5941678179806,-4824.4642132337067,5864.2702220479241,4820.0117861174704,4820.5887041920814,4820.3983205948171,1045.7068726588845,-0.57691807461060307,-0.38653447734650453,0.66999890340998602,false,false,-5.3239457700565254,-4.452427116236322,-4.0658926388896361,-4.0658926388900944,4.5830006456526462e-13,4.6566128730773926e-10,true
5,INEQ-WATER-D018-HYDRO01-UPPER,18,1,upper,7281,6263.5860793823958,4560.5913260280431,0.54969563791516141,1.9879098875260723,-0.68108603205355678,0.19968554820199369,-1705.6637492739324,2.6689959195796291,1.7882243393240786,0.66999890340998602,false,false,6264.1357750203106,4562.5792359155694,4560.7910115762452,4560.7910115762452,0,4.6566128730773926e-10,true
5,INEQ-WATER-D018-HYDRO01-LOWER,18,1,lower,7282,-10138.196079382396,-8435.2013260280437,10098.121406533763,8403.3604031818995,8406.0293991014787,8405.1486275212228,1705.6637492739324,-2.6689959195796291,-1.7882243393240786,0.66999890340998602,false,false,-40.074672848633782,-31.840922846144167,-30.052698506820889,-30.052698506820597,-2.9132252166164108e-13,9.3132257461547852e-10,true
5,INEQ-WATER-D018-HYDRO02-UPPER,18,2,upper,7283,6222.1563088012408,4530.4358620003404,0.5846626976281657,2.0236589063863075,-0.65852385056499863,0.22659940048375926,-1694.4026295578517,2.6821827569513061,1.7970595059025483,0.66999890340998602,false,false,6222.7409714988689,4532.4595209067265,4530.6624614008242,4530.6624614008242,0,4.6566128730773926e-10,true
5,INEQ-WATER-D018-HYDRO02-LOWER,18,2,lower,7284,-10120.136308801244,-8428.4158620003436,10079.974748297142,8396.4985033828743,8399.1806861398254,8398.2955628887776,1694.4026295578517,-2.6821827569513061,-1.7970595059025483,0.66999890340998602,false,false,-40.161560504102454,-31.91735861746929,-30.120299111566055,-30.120299111565839,-2.1671553440683056e-13,9.3132257461547852e-10,true
5,INEQ-WATER-D018-HYDRO03-UPPER,18,3,upper,7285,3895.4100853076707,2833.8853720964107,8.6656237526331985,8.5077717935494839,8.0445353705072939,8.1974038980916522,-1061.9879496343021,0.46323642304218993,0.31036789545783161,0.66999890340998602,false,false,3904.0757090603038,2842.3931438899604,2842.0827759945023,2842.0827759945023,0,2.3283064365386963e-10,true
5,INEQ-WATER-D018-HYDRO03-LOWER,18,3,lower,7286,-5896.4200853076727,-4834.8953720964128,5889.419221013115,4829.3359318342264,4829.7991682572683,4829.646299729684,1061.9879496343021,-0.46323642304218993,-0.31036789545783161,0.66999890340998602,false,false,-7.0008642945576867,-5.5594402621863992,-5.2490723667287966,-5.2490723667280559,-7.4074080202990444e-13,4.6566128730773926e-10,true
5,INEQ-WATER-D018-HYDRO04-UPPER,18,4,upper,7287,3895.6005813995725,2834.0215901877018,8.6756579671141179,8.5189398794954787,8.0542911581910221,8.2076257457506401,-1062.0436399331752,0.46464872130445656,0.31131413374483813,0.66999890340998602,false,false,3904.2762393666867,2842.5405300671973,2842.2292159334525,2842.229215933452,4.5474735088646412e-13,2.3283064365386963e-10,true
5,INEQ-WATER-D018-HYDRO04-LOWER,18,4,lower,7288,-5902.6405813995698,-4841.061590187699,5895.6385976082156,4835.4999227016033,4835.9645714229082,4835.8112368353477,1062.0436399331752,-0.46464872130445656,-0.31131413374483813,0.66999890340998602,false,false,-7.0019837913541778,-5.5616674860957573,-5.2503533523513397,-5.2503533523513717,3.1974423109204508e-14,4.6566128730773926e-10,true
5,INEQ-WATER-D019-HYDRO01-UPPER,19,1,upper,7289,6282.8883512452085,4574.0469937595262,2.3537134016773607,3.459352425806256,1.2273426821901383,1.963908345183053,-1711.0733672292984,2.2320097436161177,1.495444080623203,0.66999890340998602,false,false,6285.2420646468854,4577.5063461853324,4576.0109021047092,4576.0109021047083,9.0949470177292824e-13,4.6566128730773926e-10,true
5,INEQ-WATER-D019-HYDRO01-LOWER,19,1,lower,7290,-10142.768351245206,-8433.9269937595236,10112.83548691032,8409.9056774786277,8412.1376872222445,8411.4011215592509,1711.0733672292984,-2.2320097436161177,-1.495444080623203,0.66999890340998602,false,false,-29.93286433488538,-24.021316280895917,-22.525872200272715,-22.525872200272119,-5.9685589803848416e-13,9.3132257461547852e-10,true
5,INEQ-WATER-D019-HYDRO02-UPPER,19,2,upper,7291,6359.3613024622246,4629.6751698051667,2.3192841851787218,3.4188487478455771,1.2417663053264549,1.9602058987246314,-1731.863215099577,2.1770824425191222,1.4586428491209458,0.66999890340998602,false,false,6361.6805866474033,4633.0940185530126,4631.6353757038914,4631.6353757038914,0,4.6566128730773926e-10,true
5,INEQ-WATER-D019-HYDRO02-LOWER,19,2,lower,7292,-10186.911302462227,-8457.2251698051696,10157.221857978691,8433.4359756871454,8435.6130581296638,8434.8946185362656,1731.863215099577,-2.1770824425191222,-1.4586428491209458,0.66999890340998602,false,false,-29.689444483536136,-23.78919411802417,-22.330551268903946,-22.33055126890379,-1.5631940186722204e-13,9.3132257461547852e-10,true
5,INEQ-WATER-D019-HYDRO03-UPPER,19,3,upper,7293,3820.3083882403116,2778.9968982557111,8.9981041464200526,8.8037910192077398,8.5055623946992291,8.6039781678215697,-1041.609718609109,0.29822862450851062,0.19981285138617061,0.66999890340998602,false,false,3829.3064923867319,2787.800689274919,2787.6008764235326,2787.6008764235326,0,2.3283064365386963e-10,true
5,INEQ-WATER-D019-HYDRO03-LOWER,19,3,lower,7294,-5855.8583882403109,-4814.5468982557104,5850.3559964463102,4810.2432627263915,4810.5414913509003,4810.4430755777776,1041.609718609109,-0.29822862450851062,-0.19981285138617061,0.66999890340998602,false,false,-5.5023917940006868,-4.3036355293188535,-4.1038226779328397,-4.1038226779323299,-5.0981441290787188e-13,4.6566128730773926e-10,true
5,INEQ-WATER-D019-HYDRO04-UPPER,19,4,upper,7295,3845.7918867331064,2797.5547243339024,8.9719538174027846,8.7743103946118985,8.4791390102460404,8.5765458907687666,-1048.5323337835698,0.2951713843658581,0.19776450384313243,0.66999890340998602,false,false,3854.763840550509,2806.3290347285142,2806.131270224671,2806.1312702246705,4.5474735088646412e-13,2.3283064365386963e-10,true
5,INEQ-WATER-D019-HYDRO04-LOWER,19,4,lower,7296,-5875.4618867331083,-4827.2247243339043,5869.9503603049488,4822.9174965860748,4823.2126679704406,4823.115261089918,1048.5323337835698,-0.2951713843658581,-0.19776450384313243,0.66999890340998602,false,false,-5.5115264281594136,-4.3072277478295291,-4.1094632439862835,-4.109463243986708,4.2454928461665986e-13,4.6566128730773926e-10,true
5,INEQ-WATER-D020-HYDRO01-UPPER,20,1,upper,7297,6354.5609257296383,4627.050219284145,0.9717069474341633,2.3198813434596977,-0.60862011895388068,0.35778857500805983,-1730.4392079079068,2.9285014624135783,1.9620927684516378,0.66999890340998602,false,false,6355.5326326770728,4629.3701006276051,4627.4080078591533,4627.4080078591533,0,4.6566128730773926e-10,true
5,INEQ-WATER-D020-HYDRO01-LOWER,20,1,lower,7298,-10183.810925729638,-8456.300219284145,10148.565717807063,8427.715347926649,8430.6438493890619,8429.6774406951008,1730.4392079079068,-2.9285014624135783,-1.9620927684516378,0.66999890340998602,false,false,-35.245207922574991,-28.584871357496013,-26.622778589044174,-26.622778589043975,-1.9895196601282805e-13,9.3132257461547852e-10,true
5,INEQ-WATER-D020-HYDRO02-UPPER,20,2,upper,7299,6258.1708075197748,4556.9829508887415,1.0544953373825292,2.4036669067194314,-0.64723627090085323,0.35956512330379908,-1704.2387598086536,3.0509031776202846,2.0441017834156323,0.66999890340998602,false,false,6259.2253028571577,4559.3866177954606,4557.3425160120451,4557.3425160120451,0,4.6566128730773926e-10,true
5,INEQ-WATER-D020-HYDRO02-LOWER,20,2,lower,7300,-10136.700807519774,-8435.5129508887403,10101.328710458334,8406.7133102326334,8409.7642134102534,8408.7574120160498,1704.2387598086536,-3.0509031776202846,-2.0441017834156323,0.66999890340998602,false,false,-35.37209706143949,-28.799640656106931,-26.755538872690522,-26.755538872690579,5.6843418860808015e-14,9.3132257461547852e-10,true
5,INEQ-WATER-D020-HYDRO03-UPPER,20,3,upper,7301,3885.6665717788019,2826.6976349695142,8.6878030480665309,8.5337362814786548,8.1557318364820777,8.2804737178468475,-1059.3469412542843,0.37800444499657715,0.25326256363180705,0.66999890340998602,false,false,3894.3543748268685,2835.2313712509927,2834.9781086873609,2834.9781086873609,0,2.3283064365386963e-10,true
5,INEQ-WATER-D020-HYDRO03-LOWER,20,3,lower,7302,-5891.0465717788029,-4832.0776349695152,5884.4944390719675,4826.9300760166398,4827.3080804616366,4827.183338580272,1059.3469412542843,-0.37800444499657715,-0.25326256363180705,0.66999890340998602,false,false,-6.5521327068354367,-5.1475589528754426,-4.894296389243209,-4.8942963892433404,1.3145040611561853e-13,4.6566128730773926e-10,true
5,INEQ-WATER-D020-HYDRO04-UPPER,20,4,upper,7303,3848.7624124526956,2799.8166964112897,8.7500486142322114,8.6038904209608358,8.2179956646784671,8.3453413574199846,-1049.3316107976882,0.38589475628236869,0.25854906354085083,0.66999890340998602,false,false,3857.5124610669277,2808.4205868322506,2808.1620377687095,2808.1620377687095,0,2.3283064365386963e-10,true
5,INEQ-WATER-D020-HYDRO04-LOWER,20,4,lower,7304,-5877.6224124526962,-4828.6766964112903,5871.0784713055054,4823.5272101048376,4823.9131048611198,4823.7857591683787,1049.3316107976882,-0.38589475628236869,-0.25854906354085083,0.66999890340998602,false,false,-6.5439411471907079,-5.1494863064526726,-4.8909372429116047,-4.8909372429117814,1.7674750552032492e-13,4.6566128730773926e-10,true
6,INEQ-WATER-D014-HYDRO01-UPPER,14,1,upper,7249,4517.2367349951237,1050.9159947021981,3.9970380654895101,6.0868652445024178,-1.4519056924409472,4.0104712751411054,-3473.859511229869,7.5387709369433651,2.076393969361312,0.27542871201803582,false,false,4521.2337730606132,1057.0028599467005,1054.9264659773391,1054.9264659773389,2.2737367544323206e-13,1.1641532182693481e-10,true
6,INEQ-WATER-D014-HYDRO01-LOWER,14,1,lower,7250,-8408.7867349951266,-4942.465994702201,8392.1379554983196,4931.0627263548722,4938.6014972918156,4933.1391203242338,3473.859511229869,-7.5387709369433651,-2.076393969361312,0.27542871201803582,false,false,-16.648779496807038,-11.403268347328776,-9.326874377967215,-9.3268743779677106,4.9560355819266988e-13,4.6566128730773926e-10,true
6,INEQ-WATER-D014-HYDRO02-UPPER,14,2,upper,7251,4611.9469622004181,1073.0872321319621,3.8399877138152196,5.9286888365642252,-1.6755578854239221,3.834260956059659,-3546.4639767904441,7.6042467219881473,2.0944278805045662,0.27542871201803582,false,false,4615.7869499142334,1079.0159209685264,1076.9214930880216,1076.9214930880221,-4.5474735088646412e-13,1.1641532182693481e-10,true
6,INEQ-WATER-D014-HYDRO02-LOWER,14,2,lower,7252,-8446.1069622004143,-4907.2472321319583,8429.4127499302722,4895.7679421914108,4903.3721889133994,4897.8623700719154,3546.4639767904441,-7.6042467219881473,-2.0944278805045662,0.27542871201803582,false,false,-16.694212270142089,-11.47928994054746,-9.3848620600429058,-9.3848620600429626,5.6843418860808015e-14,4.6566128730773926e-10,true
6,INEQ-WATER-D014-HYDRO03-UPPER,14,3,upper,7253,2824.8949491482526,650.63665393850897,8.7108967131540975,8.2729921199635932,7.0969928723690749,7.9490881618644558,-2175.4342944573382,1.1759992475945182,0.32390395809913736,0.27542871201803582,false,false,2833.6058458614066,658.90964605847262,658.58574210037341,658.58574210037341,0,5.8207660913467407e-11,true
6,INEQ-WATER-D014-HYDRO03-LOWER,14,3,lower,7254,-4830.4049491482547,-2656.146653938511,4826.6837080851901,2654.1068840791195,2655.282883326714,2654.4307880372185,2175.4342944573382,-1.1759992475945182,-0.32390395809913736,0.27542871201803582,false,false,-3.7212410630645536,-2.0397698593915266,-1.7158659012925455,-1.7158659012925837,3.8191672047105385e-14,2.3283064365386963e-10,true
6,INEQ-WATER-D014-HYDRO04-UPPER,14,4,upper,7255,2830.7621131033884,651.99995042334558,8.7097099825593212,8.2707819974315075,7.0953009302541918,7.9470207610972734,-2179.9376437472201,1.1754810671773157,0.32376123633423431,0.27542871201803582,false,false,2839.4718230859476,660.27073242077711,659.94697118444287,659.94697118444253,3.4106051316484809e-13,5.8207660913467407e-11,true
6,INEQ-WATER-D014-HYDRO04-LOWER,14,4,lower,7256,-4838.5921131033901,-2659.8299504233473,4834.8699342278251,2657.7904810603086,2658.9659621274859,2658.1142422966427,2179.9376437472201,-1.1754810671773157,-0.32376123633423431,0.27542871201803582,false,false,-3.7221788755650778,-2.0394693630387337,-1.7157081267046124,-1.7157081267041758,-4.3653969328261155e-13,2.3283064365386963e-10,true
6,INEQ-WATER-D015-HYDRO01-UPPER,15,1,upper,7257,4536.0097863166302,1060.2525429480011,1.4710080106098149,4.5550134511709652,-7.0172122311027456,1.3676902363202812,-3487.3294690509028,11.572225682273711,3.187323214850684,0.27542871201803582,false,false,4537.4807943272399,1064.807556399172,1061.6202331843213,1061.6202331843213,0,1.1641532182693481e-10,true
6,INEQ-WATER-D015-HYDRO01-LOWER,15,1,lower,7258,-8422.0697863166279,-4946.3125429479987,8397.642620659999,4929.0703089362132,4940.6425346184869,4932.2576321510642,3487.3294690509028,-11.572225682273711,-3.187323214850684,0.27542871201803582,false,false,-24.427165656628858,-17.242234011785513,-14.054910796934564,-14.05491079693498,4.1566750041965861e-13,4.6566128730773926e-10,true
6,INEQ-WATER-D015-HYDRO02-UPPER,15,2,upper,7259,4632.495542855926,1082.5893972370031,1.3806536611996691,4.4514334811797731,-6.9788658510505606,1.3032008581229575,-3561.3364449511532,11.430299332230334,3.1482326230568156,0.27542871201803582,false,false,4633.8761965171261,1087.0408307181829,1083.892598095126,1083.8925980951265,-4.5474735088646412e-13,1.1641532182693481e-10,true
6,INEQ-WATER-D015-HYDRO02-LOWER,15,2,lower,7260,-8459.8955428559275,-4909.9893972370046,8435.5635286223624,4892.9111760247888,4904.3414753570196,4896.0594086478459,3561.3364449511532,-11.430299332230334,-3.1482326230568156,0.27542871201803582,false,false,-24.332014233565133,-17.078221212215794,-13.929988589158711,-13.929988589159557,8.4554585555451922e-13,4.6566128730773926e-10,true
6,INEQ-WATER-D015-HYDRO03-UPPER,15,3,upper,7261,2812.0280000742641,648.36008255829802,8.3956246055754651,8.0082080946108576,6.3137207590034663,7.5414976302336409,-2165.3624048515735,1.6944873356073913,0.46671046437721697,0.27542871201803582,false,false,2820.4236246798396,656.36829065290885,655.90158018853163,655.90158018853163,0,5.8207660913467407e-11,true
6,INEQ-WATER-D015-HYDRO03-LOWER,15,3,lower,7262,-4826.558000074263,-2662.8900825582969,4822.0837206734759,2660.1570301338193,2661.8515174694267,2660.6237405981965,2165.3624048515735,-1.6944873356073913,-0.46671046437721697,0.27542871201803582,false,false,-4.4742794007870543,-2.7330524244775916,-2.2663419601003625,-2.2663419601004762,1.1368683772161603e-13,2.3283064365386963e-10,true
6,INEQ-WATER-D015-HYDRO04-UPPER,15,4,upper,7263,2700.4709430918883,622.33511947014267,8.6393162437917965,8.3358982017840724,6.5007410600425253,7.8304432338834982,-2079.9709807634872,1.8351571417415471,0.50545496790057431,0.27542871201803582,false,false,2709.11025933568,630.67101767192673,630.16556270402612,630.16556270402589,2.2737367544323206e-13,5.8207660913467407e-11,true
6,INEQ-WATER-D015-HYDRO04-LOWER,15,4,lower,7264,-4793.1809430918911,-2715.0451194701454,4788.7417931132759,2712.179551444533,2714.0147085862745,2712.6850064124337,2079.9709807634872,-1.8351571417415471,-0.50545496790057431,0.27542871201803582,false,false,-4.4391499786152053,-2.8655680256124469,-2.3601130577117146,-2.3601130577115939,-1.2079226507921703e-13,2.3283064365386963e-10,true
6,INEQ-WATER-D016-HYDRO01-UPPER,16,1,upper,7265,4606.7208390985834,1065.2820955048301,6.7844078157170751,7.8202589407051768,5.5999522104544361,7.2087227177072393,-3543.6590503240041,2.2203067302507407,0.61153622299793797,0.27542871201803582,false,false,4613.5052469143002,1073.1023544455352,1072.4908182225372,1072.490818222537,2.2737367544323206e-13,1.1641532182693481e-10,true
6,INEQ-WATER-D016-HYDRO01-LOWER,16,1,lower,7266,-8433.6108390985828,-4892.1720955048295,8424.5383262177529,4887.8458865046632,4890.066193234914,4888.4574227276607,3543.6590503240041,-2.2203067302507407,-0.61153622299793797,0.27542871201803582,false,false,-9.0725128808298905,-4.3262090001662727,-3.7146727771687438,-3.7146727771688468,1.0302869668521453e-13,4.6566128730773926e-10,true
6,INEQ-WATER-D016-HYDRO02-UPPER,16,2,upper,7267,4591.1072111662215,1061.6195710749962,6.8287755285514642,7.86378277784695,5.6485561236803505,7.2536457536618206,-3531.7028667453919,2.2152266541665995,0.61013702418512938,0.27542871201803582,false,false,4597.9359866947734,1069.4833538528433,1068.8732168286581,1068.8732168286583,-2.2737367544323206e-13,1.1641532182693481e-10,true
6,INEQ-WATER-D016-HYDRO02-LOWER,16,2,lower,7268,-8431.8672111662163,-4902.379571074991,8422.8443044525065,4898.0699566829135,4900.2851833370805,4898.6800937070984,3531.7028667453919,-2.2152266541665995,-0.61013702418512938,0.27542871201803582,false,false,-9.0229067137097445,-4.3096143920774921,-3.6994773678925412,-3.699477367891626,-9.1526786150097905e-13,4.6566128730773926e-10,true
6,INEQ-WATER-D016-HYDRO03-UPPER,16,3,upper,7269,2786.1613932199834,640.7036212962812,9.3212885971668253,8.8816248213843796,8.180916259891605,8.6886295647924143,-2146.158480485195,0.70070856149277461,0.19299525659196556,0.27542871201803582,false,false,2795.4826818171505,649.58524611766563,649.39225086107365,649.39225086107399,-3.4106051316484809e-13,5.8207660913467407e-11,true
6,INEQ-WATER-D016-HYDRO03-LOWER,16,3,lower,7270,-4815.9113932199834,-2670.4536212962812,4812.8762044407422,2669.0483878667851,2669.7490964282779,2669.2413831233771,2146.158480485195,-0.70070856149277461,-0.19299525659196556,0.27542871201803582,false,false,-3.0351887792412526,-1.4052334294960929,-1.2122381729041081,-1.2122381729044336,3.255173908200959e-13,2.3283064365386963e-10,true
6,INEQ-WATER-D016-HYDRO04-UPPER,16,4,upper,7271,2731.2379001511799,627.75564237382059,9.4915199188574633,9.0903390341545229,8.4196249158762395,8.9056051084248224,-2104.1529718956376,0.67071411827828342,0.18473392572970013,0.27542871201803582,false,false,2740.7294200700376,636.84598140797516,636.66124748224547,636.6612474822457,-2.2737367544323206e-13,5.8207660913467407e-11,true
6,INEQ-WATER-D016-HYDRO04-LOWER,16,4,lower,7272,-4802.4879001511799,-2699.0056423738206,4799.5721581220514,2697.6581292431533,2698.3288433614316,2697.842863168883,2104.1529718956376,-0.67071411827828342,-0.18473392572970013,0.27542871201803582,false,false,-2.9157420291285234,-1.3475131306672665,-1.1627792049375785,-1.1627792049374972,-8.1268325402561459e-14,2.3283064365386963e-10,true
6,INEQ-WATER-D017-HYDRO01-UPPER,17,1,upper,7273,4572.9519663776155,1065.713687577736,3.6872499875003295,5.9270905987512084,-3.3889445955617088,3.3611870240669095,-3516.5543139941924,9.3160351943129172,2.5659035746842989,0.27542871201803582,false,false,4576.6392163651162,1071.6407781764872,1069.074874601803,1069.0748746018035,-4.5474735088646412e-13,1.1641532182693481e-10,true
6,INEQ-WATER-D017-HYDRO01-LOWER,17,1,lower,7274,-8430.3919663776178,-4923.1536875777383,8411.007279970856,4909.3380991017912,4918.6541342961045,4911.9040026764751,3516.5543139941924,-9.3160351943129172,-2.5659035746842989,0.27542871201803582,false,false,-19.38468640676183,-13.815588475947152,-11.249684901263208,-11.24968490126323,2.1316282072803006e-14,4.6566128730773926e-10,true
6,INEQ-WATER-D017-HYDRO02-UPPER,17,2,upper,7275,4598.6227609980851,1071.7320510532081,3.6337714280673383,5.8793404554956918,-3.4610432653822887,3.3067305975000405,-3536.231093665755,9.3403837208779805,2.5726098579956513,0.27542871201803582,false,false,4602.2565324261523,1077.6113915087037,1075.0387816507082,1075.038781650708,2.2737367544323206e-13,1.1641532182693481e-10,true
6,INEQ-WATER-D017-HYDRO02-LOWER,17,2,lower,7276,-8443.3127609980875,-4916.4220510532105,8423.889619199339,4902.5731878250381,4911.9135715459161,4905.1457976830334,3536.231093665755,-9.3403837208779805,-2.5726098579956513,0.27542871201803582,false,false,-19.423141798748475,-13.848863228172377,-11.276253370177074,-11.276253370176683,-3.907985046680551e-13,4.6566128730773926e-10,true
6,INEQ-WATER-D017-HYDRO03-UPPER,17,3,upper,7277,2828.6433198801278,654.11881250446459,8.5843734479775726,8.2262084776678144,4.4555337798226624,7.1876564022013278,-2178.2951820735084,3.770674697845152,1.0385520754664865,0.27542871201803582,false,false,2837.2276933281055,662.34502098213238,661.30646890666594,661.30646890666583,1.1368683772161603e-13,5.8207660913467407e-11,true
6,INEQ-WATER-D017-HYDRO03-LOWER,17,3,lower,7278,-4832.0633198801261,-2657.5388125044628,4827.9554229165096,2652.8146170286486,2656.5852917264938,2653.8531691041153,2178.2951820735084,-3.770674697845152,-1.0385520754664865,0.27542871201803582,false,false,-4.1078969636164402,-4.7241954758142128,-3.6856434003475442,-3.6856434003474883,-5.595524044110789e-14,2.3283064365386963e-10,true
6,INEQ-WATER-D017-HYDRO04-UPPER,17,4,upper,7279,2789.9842132337071,645.0064012423536,8.6880258127700465,8.3599598955181431,4.6184930261767771,7.3294524946372981,-2148.7192788606949,3.741466869341366,1.030507400880845,0.27542871201803582,false,false,2798.672239046477,653.36636113787176,652.33585373699088,652.33585373699043,4.5474735088646412e-13,5.8207660913467407e-11,true
6,INEQ-WATER-D017-HYDRO04-LOWER,17,4,lower,7280,-4824.4642132337067,-2679.4864012423532,4820.3983205948171,2674.8011635952853,2678.5426304646267,2675.8316709961659,2148.7192788606949,-3.741466869341366,-1.030507400880845,0.27542871201803582,false,false,-4.0658926388896361,-4.6852376470678792,-3.6547302461872277,-3.6547302461868116,-4.1611158962950867e-13,2.3283064365386963e-10,true
6,INEQ-WATER-D018-HYDRO01-UPPER,18,1,upper,7281,4560.5913260280431,1066.8858990236913,0.19968554820199369,3.8716332292477516,-8.23982488193192,0.53578992102514178,-3505.8168851155315,12.111458111179672,3.3358433082226098,0.27542871201803582,false,false,4560.7910115762452,1070.757532252939,1067.4216889447164,1067.4216889447164,0,1.1641532182693481e-10,true
6,INEQ-WATER-D018-HYDRO01-LOWER,18,1,lower,7282,-8435.2013260280437,-4941.4958990236919,8405.1486275212228,4922.4086397387991,4934.5200978499788,4925.7444830470222,3505.8168851155315,-12.111458111179672,-3.3358433082226098,0.27542871201803582,false,false,-30.052698506820889,-19.087259284892752,-15.751415976669705,-15.751415976669749,4.4408920985006262e-14,4.6566128730773926e-10,true
6,INEQ-WATER-D018-HYDRO02-UPPER,18,2,upper,7283,4530.4358620003404,1059.9060670465115,0.22659940048375926,3.9039017497582766,-8.2534006890234224,0.55543159743090786,-3482.6870973926107,12.157302438781699,3.3484701523273688,0.27542871201803582,false,false,4530.6624614008242,1063.8099687962697,1060.4614986439424,1060.4614986439424,0,1.1641532182693481e-10,true
6,INEQ-WATER-D018-HYDRO02-LOWER,18,2,lower,7284,-8428.4158620003436,-4957.8860670465147,8398.2955628887776,4938.737272051836,4950.8945744906177,4942.0857422041636,3482.6870973926107,-12.157302438781699,-3.3484701523273688,0.27542871201803582,false,false,-30.120299111566055,-19.14879499467861,-15.800324842351074,-15.800324842350815,-2.5934809855243657e-13,4.6566128730773926e-10,true
6,INEQ-WATER-D018-HYDRO03-UPPER,18,3,upper,7285,2833.8853720964107,654.25293729417535,8.1974038980916522,7.904419951360631,5.448365737607781,7.2279521026202138,-2182.0884890159882,2.45605421375285,0.6764678487404171,0.27542871201803582,false,false,2842.0827759945023,662.15735724553599,661.48088939679553,661.48088939679542,1.1368683772161603e-13,5.8207660913467407e-11,true
6,INEQ-WATER-D018-HYDRO03-LOWER,18,3,lower,7286,-4834.8953720964128,-2655.2629372941774,4829.646299729684,2651.5884738527666,2654.0445280665194,2652.2649417015068,2182.0884890159882,-2.45605421375285,-0.6764678487404171,0.27542871201803582,false,false,-5.2490723667287966,-3.6744634414108077,-2.997995592670577,-2.9979955926702733,-3.0375701953744283e-13,2.3283064365386963e-10,true
6,INEQ-WATER-D018-HYDRO04-UPPER,18,4,upper,7287,2834.0215901877018,654.278724769978,8.2076257457506401,7.9180375430619625,5.4565697483858804,7.2400786387004539,-2182.2043332123999,2.4614677946760821,0.6779589043615083,0.27542871201803582,false,false,2842.2292159334525,662.19676231303993,661.51880340867842,661.51880340867831,1.1368683772161603e-13,5.8207660913467407e-11,true
6,INEQ-WATER-D018-HYDRO04-LOWER,18,4,lower,7288,-4841.061590187699,-2661.3187247699752,4835.8112368353477,2657.6385504065884,2660.1000182012644,2658.3165093109501,2182.2043332123999,-2.4614677946760821,-0.6779589043615083,0.27542871201803582,false,false,-5.2503533523513397,-3.6801743633868682,-3.0022154590251375,-3.0022154590250727,-6.4837024638109142e-14,2.3283064365386963e-10,true
6,INEQ-WATER-D019-HYDRO01-UPPER,19,1,upper,7289,4574.0469937595262,1066.4623037976417,1.963908345183053,4.8217022530858156,-4.2834044692143909,2.3138944357759099,-3516.6897966841848,9.1051067223002065,2.5078078173099057,0.27542871201803582,false,false,4576.0109021047092,1071.2840060507274,1068.7761982334175,1068.7761982334177,-2.2737367544323206e-13,1.1641532182693481e-10,true
6,INEQ-WATER-D019-HYDRO01-LOWER,19,1,lower,7290,-8433.9269937595236,-4926.342303797639,8411.4011215592509,4912.0085150088053,4921.113621731105,4914.5163228261154,3516.6897966841848,-9.1051067223002065,-2.5078078173099057,0.27542871201803582,false,false,-22.525872200272715,-14.333788788833772,-11.825980971523677,-11.825980971524197,5.2047255394427339e-13,4.6566128730773926e-10,true
6,INEQ-WATER-D019-HYDRO02-UPPER,19,2,upper,7291,4629.6751698051667,1079.2365790170297,1.9602058987246314,4.7888202713568422,-4.1461846316026207,2.3278633790598824,-3559.3735956910964,8.9350049029594629,2.4609568922969598,0.27542871201803582,false,false,4631.6353757038914,1084.0253992883866,1081.5644423960896,1081.5644423960898,-2.2737367544323206e-13,1.1641532182693481e-10,true
6,INEQ-WATER-D019-HYDRO02-LOWER,19,2,lower,7292,-8457.2251698051696,-4906.7865790170326,8434.8946185362656,4892.6682297393272,4901.6032346422871,4895.1291866316242,3559.3735956910964,-8.9350049029594629,-2.4609568922969598,0.27542871201803582,false,false,-22.330551268903946,-14.11834927770542,-11.657392385408457,-11.657392385408633,1.758593271006248e-13,4.6566128730773926e-10,true
6,INEQ-WATER-D019-HYDRO03-UPPER,19,3,upper,7293,2778.9968982557111,640.2986651399151,8.6039781678215697,8.1853539014767627,6.7563559319631601,7.7917668312572426,-2140.1272310853096,1.4289979695136026,0.39358707021952,0.27542871201803582,false,false,2787.6008764235326,648.48401904139189,648.09043197117239,648.09043197117239,0,5.8207660913467407e-11,true
6,INEQ-WATER-D019-HYDRO03-LOWER,19,3,lower,7294,-4814.5468982557104,-2675.8486651399144,4810.4430755777776,2673.4670921113948,2674.8960900809084,2673.8606791816142,2140.1272310853096,-1.4289979695136026,-0.39358707021952,0.27542871201803582,false,false,-4.1038226779328397,-2.3815730285195968,-1.9879859583002144,-1.9879859583003556,1.4122036873231991e-13,2.3283064365386963e-10,true
6,INEQ-WATER-D019-HYDRO04-UPPER,19,4,upper,7295,2797.5547243339024,644.62147426279262,8.5765458907687666,8.1482661649617665,6.7348025781145378,7.7589577097520408,-2154.346713657957,1.4134635868472287,0.38930845520972529,0.27542871201803582,false,false,2806.131270224671,652.76974042775441,652.38043197254467,652.38043197254433,3.4106051316484809e-13,5.8207660913467407e-11,true
6,INEQ-WATER-D019-HYDRO04-LOWER,19,4,lower,7296,-4827.2247243339043,-2674.2914742627945,4823.115261089918,2671.9241263346053,2673.3375899214525,2672.3134347898149,2154.346713657957,-1.4134635868472287,-0.38930845520972529,0.27542871201803582,false,false,-4.1094632439862835,-2.3673479281892469,-1.9780394729796171,-1.978039472979507,-1.1013412404281553e-13,2.3283064365386963e-10,true
6,INEQ-WATER-D020-HYDRO01-UPPER,20,1,upper,7297,4627.050219284145,1082.6882453192302,0.35778857500805983,3.9189048966387547,-8.5791031686516241,0.47659463242480227,-3556.8599820302052,12.498008065290378,3.4423102642139525,0.27542871201803582,false,false,4627.4080078591533,1086.6071502158688,1083.164839951655,1083.1648399516553,-2.2737367544323206e-13,1.1641532182693481e-10,true
6,INEQ-WATER-D020-HYDRO01-LOWER,20,1,lower,7298,-8456.300219284145,-4911.9382453192302,8429.6774406951008,4893.260585530259,4905.7585935955494,4896.7028957944731,3556.8599820302052,-12.498008065290378,-3.4423102642139525,0.27542871201803582,false,false,-26.622778589044174,-18.677659788971141,-15.235349524757112,-15.235349524757632,5.2047255394427339e-13,4.6566128730773926e-10,true
6,INEQ-WATER-D020-HYDRO02-UPPER,20,2,upper,7299,4556.9829508887415,1066.8111624216108,0.35956512330379908,3.9565542724090998,-8.9655494896436565,0.397435876663494,-3503.0938922291834,12.922103762052757,3.5591183957456058,0.27542871201803582,false,false,4557.3425160120451,1070.7677166940198,1067.2085982982742,1067.2085982982742,0,1.1641532182693481e-10,true
6,INEQ-WATER-D020-HYDRO02-LOWER,20,2,lower,7300,-8435.5129508887403,-4945.3411624216096,8408.7574120160498,4926.2085907566807,4939.1306945187334,4929.7677091524265,3503.0938922291834,-12.922103762052757,-3.5591183957456058,0.27542871201803582,false,false,-26.755538872690522,-19.132571664928946,-15.573453269183119,-15.57345326918346,3.4106051316484809e-13,4.6566128730773926e-10,true
6,INEQ-WATER-D020-HYDRO03-UPPER,20,3,upper,7301,2826.6976349695142,652.08789856178191,8.2804737178468475,7.9705837917399061,5.9642764714375938,7.4179891505966831,-2176.6160437280346,2.0063073203023123,0.55259464114322276,0.27542871201803582,false,false,2834.9781086873609,660.05848235352187,659.50588771237858,659.50588771237835,2.2737367544323206e-13,5.8207660913467407e-11,true
6,INEQ-WATER-D020-HYDRO03-LOWER,20,3,lower,7302,-4832.0776349695152,-2657.4678985617829,4827.183338580272,2654.3255322453529,2656.3318395656552,2654.8781268864959,2176.6160437280346,-2.0063073203023123,-0.55259464114322276,0.27542871201803582,false,false,-4.894296389243209,-3.1423663164300706,-2.589771675287011,-2.5897716752865625,-4.4853010194856324e-13,2.3283064365386963e-10,true
6,INEQ-WATER-D020-HYDRO04-UPPER,20,4,upper,7303,2799.8166964112897,645.80509026159416,8.3453413574199846,8.0586553410463289,6.0225662330909522,7.4978579404882275,-2156.047695257651,2.0360891079553767,0.5607974005581009,0.27542871201803582,false,false,2808.1620377687095,653.86374560264051,653.30294820208235,653.30294820208223,1.1368683772161603e-13,5.8207660913467407e-11,true
6,INEQ-WATER-D020-HYDRO04-LOWER,20,4,lower,7304,-4828.6766964112903,-2674.6650902615947,4823.7857591683787,2671.4937218790706,2673.5298109870259,2672.0545192796285,2156.047695257651,-2.0360891079553767,-0.5607974005581009,0.27542871201803582,false,false,-4.8909372429116047,-3.1713683825241787,-2.6105709819662479,-2.6105709819660552,-1.9273471707492718e-13,2.3283064365386963e-10,true
7,INEQ-WATER-D014-HYDRO01-UPPER,14,1,upper,7249,1050.9159947021981,610.67927336850698,4.0104712751411054,5.0442795860552465,4.9275460159184163,4.9275460159184163,-440.35345490382792,0.11673357013683017,0.11673357013683017,1,true,true,1054.9264659773391,615.72355295456225,615.60681938442542,615.60681938442542,0,5.8207660913467407e-11,true
7,INEQ-WATER-D014-HYDRO01-LOWER,14,1,lower,7250,-4942.465994702201,-4502.2292733685099,4933.1391203242338,4496.6698026448412,4496.7865362149778,4496.7865362149778,440.35345490382792,-0.11673357013683017,-0.11673357013683017,1,true,true,-9.326874377967215,-5.55947072366871,-5.4427371535321072,-5.4427371535314437,-6.6346927951599355e-13,4.6566128730773926e-10,true
7,INEQ-WATER-D014-HYDRO02-UPPER,14,2,upper,7251,1073.0872321319621,623.7008044975737,3.834260956059659,4.8591993169399545,4.7413063678906626,4.7413063678906626,-449.50432058343767,0.11789294904929193,0.11789294904929193,1,true,true,1076.9214930880216,628.56000381451361,628.44211086546431,628.44211086546431,0,5.8207660913467407e-11,true
7,INEQ-WATER-D014-HYDRO02-LOWER,14,2,lower,7252,-4907.2472321319583,-4457.8608044975699,4897.8623700719154,4452.266335436846,4452.3842283858958,4452.3842283858958,449.50432058343767,-0.11789294904929193,-0.11789294904929193,1,true,true,-9.3848620600429058,-5.5944690607238954,-5.4765761116741487,-5.4765761116743876,2.3891999489933369e-13,4.6566128730773926e-10,true
7,INEQ-WATER-D014-HYDRO03-UPPER,14,3,upper,7253,650.63665393850897,375.92966127056934,7.9490881618644558,8.4088291698245197,8.3908454774824062,8.3908454774824062,-274.72497636028174,0.0179836923421135,0.0179836923421135,1,true,true,658.58574210037341,384.33849044039385,384.32050674805174,384.32050674805174,0,2.9103830456733704e-11,true
7,INEQ-WATER-D014-HYDRO03-LOWER,14,3,lower,7254,-2656.146653938511,-2381.4396612705714,2654.4307880372185,2380.4203767444255,2380.4383604367677,2380.4383604367677,274.72497636028174,-0.0179836923421135,-0.0179836923421135,1,true,true,-1.7158659012925455,-1.0192845261458388,-1.0013008338037253,-1.001300833803884,1.5876189252139739e-13,2.3283064365386963e-10,true
7,INEQ-WATER-D014-HYDRO04-UPPER,14,4,upper,7255,651.99995042334558,376.72641968693279,7.9470207610972734,8.4064137634890344,8.3884380741264621,8.3884380741264621,-275.29150642577537,0.017975689362572211,0.017975689362572211,1,true,true,659.94697118444287,385.1328334504218,385.11485776105923,385.11485776105928,-5.6843418860808015e-14,2.9103830456733704e-11,true
7,INEQ-WATER-D014-HYDRO04-LOWER,14,4,lower,7256,-2659.8299504233473,-2384.5564196869345,2658.1142422966427,2383.537235233799,2383.5552109231617,2383.5552109231617,275.29150642577537,-0.017975689362572211,-0.017975689362572211,1,true,true,-1.7157081267046124,-1.0191844531354946,-1.0012087637728655,-1.0012087637730434,1.7785772854495008e-13,2.3283064365386963e-10,true
7,INEQ-WATER-D015-HYDRO01-UPPER,15,1,upper,7257,1060.2525429480011,617.09192732275551,1.3676902363202812,2.6207386675427196,2.4210683430398157,2.4210683430398157,-443.36028594974846,0.1996703245029039,0.1996703245029039,1,true,true,1061.6202331843213,619.71266599029821,619.5129956657953,619.5129956657953,0,5.8207660913467407e-11,true
7,INEQ-WATER-D015-HYDRO01-LOWER,15,1,lower,7258,-4946.3125429479987,-4503.1519273227532,4932.2576321510642,4494.7504541129501,4494.9501244374533,4494.9501244374533,443.36028594974846,-0.1996703245029039,-0.1996703245029039,1,true,true,-14.054910796934564,-8.4014732098030436,-8.2018028852999123,-8.2018028853004115,4.9915627187147038e-13,4.6566128730773926e-10,true
7,INEQ-WATER-D015-HYDRO02-UPPER,15,2,upper,7259,1082.5893972370031,630.16666351519962,1.3032008581229575,2.5430117011968925,2.3434652827208744,2.3434652827208744,-452.62228014027954,0.19954641847601806,0.19954641847601806,1,true,true,1083.892598095126,632.70967521639648,632.51012879792052,632.5101287979204,1.1368683772161603e-13,5.8207660913467407e-11,true
7,INEQ-WATER-D015-HYDRO02-LOWER,15,2,lower,7260,-4909.9893972370046,-4457.5666635152011,4896.0594086478459,4449.2382130963042,4449.4377595147798,4449.4377595147798,452.62228014027954,-0.19954641847601806,-0.19954641847601806,1,true,true,-13.929988589158711,-8.328450418896864,-8.1289040004212438,-8.1289040004211461,-9.7699626167013776e-14,4.6566128730773926e-10,true
7,INEQ-WATER-D015-HYDRO03-UPPER,15,3,upper,7261,648.36008255829802,374.77847677277532,7.5414976302336409,8.0030616334264533,7.9756758922637214,7.9756758922637214,-273.60899152668543,0.027385741162731847,0.027385741162731847,1,true,true,655.90158018853163,382.78153840620178,382.75415266503904,382.75415266503904,0,2.9103830456733704e-11,true
7,INEQ-WATER-D015-HYDRO03-LOWER,15,3,lower,7262,-2662.8900825582969,-2389.3084767727742,2660.6237405981965,2387.9585575558754,2387.9859432970379,2387.9859432970379,273.60899152668543,-0.027385741162731847,-0.027385741162731847,1,true,true,-2.2663419601003625,-1.3499192168987975,-1.3225334757362361,-1.3225334757359459,-2.9021229863701592e-13,2.3283064365386963e-10,true
7,INEQ-WATER-D015-HYDRO04-UPPER,15,4,upper,7263,622.33511947014267,359.43222893327402,7.8304432338834982,8.3329734442783661,8.3035614304833416,8.3035614304833416,-262.93230255066368,0.02941201379502445,0.02941201379502445,1,true,true,630.16556270402612,367.76520237755238,367.73579036375736,367.73579036375736,0,2.9103830456733704e-11,true
7,INEQ-WATER-D015-HYDRO04-LOWER,15,4,lower,7264,-2715.0451194701454,-2452.1422289332768,2712.6850064124337,2450.7355629214985,2450.7649749352936,2450.7649749352936,262.93230255066368,-0.02941201379502445,-0.02941201379502445,1,true,true,-2.3601130577117146,-1.4066660117782703,-1.377253997983189,-1.3772539979831819,-7.1054273576010019e-15,2.3283064365386963e-10,true
7,INEQ-WATER-D016-HYDRO01-UPPER,16,1,upper,7265,1065.2820955048301,617.90350383417535,7.2087227177072393,7.989146591054336,7.9530678969187392,7.9530678969187392,-447.41467036479031,0.036078694135596834,0.036078694135596834,1,true,true,1072.4908182225372,625.8926504252297,625.85657173109405,625.85657173109405,0,5.8207660913467407e-11,true
7,INEQ-WATER-D016-HYDRO01-LOWER,16,1,lower,7266,-4892.1720955048295,-4444.7935038341748,4888.4574227276607,4442.5897120650925,4442.625790759228,4442.625790759228,447.41467036479031,-0.036078694135596834,-0.036078694135596834,1,true,true,-3.7146727771687438,-2.2037917690822724,-2.1677130749467324,-2.1677130749470486,3.1619151741324458e-13,4.6566128730773926e-10,true
7,INEQ-WATER-D016-HYDRO02-UPPER,16,2,upper,7267,1061.6195710749962,615.74470210381696,7.2536457536618206,8.0368097743245492,8.0008029703006649,8.0008029703006649,-445.91087577520312,0.036006804023884342,0.036006804023884342,1,true,true,1068.8732168286581,623.78151187814149,623.74550507411766,623.74550507411777,-1.1368683772161603e-13,5.8207660913467407e-11,true
7,INEQ-WATER-D016-HYDRO02-LOWER,16,2,lower,7268,-4902.379571074991,-4456.5047021038117,4898.6800937070984,4454.3098495704571,4454.3458563744807,4454.3458563744807,445.91087577520312,-0.036006804023884342,-0.036006804023884342,1,true,true,-3.6994773678925412,-2.1948525333546058,-2.1588457293310057,-2.1588457293305923,-4.134470543704083e-13,4.6566128730773926e-10,true
7,INEQ-WATER-D016-HYDRO03-UPPER,16,3,upper,7269,640.7036212962812,369.79755129744444,8.6886295647924143,9.1693713631662277,9.1580545941095366,9.1580545941095366,-270.91738676789345,0.011316769056691101,0.011316769056691101,1,true,true,649.39225086107365,378.96692266061069,378.955605891554,378.95560589155406,-5.6843418860808015e-14,2.9103830456733704e-11,true
7,INEQ-WATER-D016-HYDRO03-LOWER,16,3,lower,7270,-2670.4536212962812,-2399.5475512974444,2669.2413831233771,2398.8288277943398,2398.8401445633963,2398.8401445633963,270.91738676789345,-0.011316769056691101,-0.011316769056691101,1,true,true,-1.2122381729041081,-0.71872350310468391,-0.70740673404816334,-0.7074067340480541,-1.092459456231154e-13,2.3283064365386963e-10,true
7,INEQ-WATER-D016-HYDRO04-UPPER,16,4,upper,7271,627.75564237382059,362.1297051184265,8.9056051084248224,9.407481354633429,9.3966696841605959,9.3966696841605959,-265.63674892586693,0.010811670472833157,0.010811670472833157,1,true,true,636.66124748224547,371.53718647305993,371.5263748025871,371.52637480258721,-1.1368683772161603e-13,2.9103830456733704e-11,true
7,INEQ-WATER-D016-HYDRO04-LOWER,16,4,lower,7272,-2699.0056423738206,-2433.3797051184265,2697.842863168883,2432.6903487047098,2432.7011603751826,2432.7011603751826,265.63674892586693,-0.010811670472833157,-0.010811670472833157,1,true,true,-1.1627792049375785,-0.68935641371672318,-0.67854474324394687,-0.67854474324407554,1.2867484855405564e-13,2.3283064365386963e-10,true
7,INEQ-WATER-D017-HYDRO01-UPPER,17,1,upper,7273,1065.713687577736,619.53065334590792,3.3611870240669095,4.4644865718571491,4.3325299781480435,4.3325299781480435,-446.31499082553717,0.13195659370910562,0.13195659370910562,1,true,true,1069.074874601803,623.99513991776507,623.86318332405597,623.86318332405608,-1.1368683772161603e-13,5.8207660913467407e-11,true
7,INEQ-WATER-D017-HYDRO01-LOWER,17,1,lower,7274,-4923.1536875777383,-4476.9706533459103,4911.9040026764751,4470.2738953518237,4470.405851945533,4470.405851945533,446.31499082553717,-0.13195659370910562,-0.13195659370910562,1,true,true,-11.249684901263208,-6.6967579940865107,-6.5648014003772914,-6.5648014003777977,5.0626169922907138e-13,4.6566128730773926e-10,true
7,INEQ-WATER-D017-HYDRO02-UPPER,17,2,upper,7275,1071.7320510532081,623.06392048091948,3.3067305975000405,4.4089638879639175,4.2795261296201907,4.2795261296201907,-448.79756833063237,0.12943775834372673,0.12943775834372673,1,true,true,1075.0387816507082,627.47288436888334,627.34344661053967,627.34344661053979,-1.1368683772161603e-13,5.8207660913467407e-11,true
7,INEQ-WATER-D017-HYDRO02-LOWER,17,2,lower,7276,-4916.4220510532105,-4467.7539204809218,4905.1457976830334,4461.0441771793321,4461.1736149376757,4461.1736149376757,448.79756833063237,-0.12943775834372673,-0.12943775834372673,1,true,true,-11.276253370177074,-6.7097433015896968,-6.5803055432461406,-6.5803055432460171,-1.2345680033831741e-13,4.6566128730773926e-10,true
7,INEQ-WATER-D017-HYDRO03-UPPER,17,3,upper,7277,654.11881250446459,378.28962097234398,7.1876564022013278,7.7376995226363308,7.618577458164407,7.618577458164407,-275.94831359659253,0.11912206447192375,0.11912206447192375,1,true,true,661.30646890666594,386.0273204949803,385.90819843050838,385.90819843050849,-1.1368683772161603e-13,2.9103830456733704e-11,true
7,INEQ-WATER-D017-HYDRO03-LOWER,17,3,lower,7278,-2657.5388125044628,-2381.7096209723422,2653.8531691041153,2379.4397260490523,2379.5588481135242,2379.5588481135242,275.94831359659253,-0.11912206447192375,-0.11912206447192375,1,true,true,-3.6856434003475442,-2.2698949232899395,-2.1507728588180726,-2.1507728588182831,2.1049828546892968e-13,2.3283064365386963e-10,true
7,INEQ-WATER-D017-HYDRO04-UPPER,17,4,upper,7279,645.0064012423536,372.88179825937186,7.3294524946372981,7.8932725510294599,7.7915595915999543,7.7915595915999543,-272.22631594241125,0.10171295942950564,0.10171295942950564,1,true,true,652.33585373699088,380.7750708104013,380.6733578509718,380.67335785097185,-5.6843418860808015e-14,2.9103830456733704e-11,true
7,INEQ-WATER-D017-HYDRO04-LOWER,17,4,lower,7280,-2679.4864012423532,-2407.3617982593714,2675.8316709961659,2405.127351943519,2405.2290649029483,2405.2290649029483,272.22631594241125,-0.10171295942950564,-0.10171295942950564,1,true,true,-3.6547302461872277,-2.2344463158524377,-2.1327333564231594,-2.1327333564230693,-9.0150109599562711e-14,2.3283064365386963e-10,true
7,INEQ-WATER-D018-HYDRO01-UPPER,18,1,upper,7281,1066.8858990236913,621.19252061320731,0.53578992102514178,1.8870664203485588,1.7059391997478299,1.7059391997478299,-445.87450563108473,0.18112722060072883,0.18112722060072883,1,true,true,1067.4216889447164,623.07958703355587,622.89845981295514,622.89845981295514,0,5.8207660913467407e-11,true
7,INEQ-WATER-D018-HYDRO01-LOWER,18,1,lower,7282,-4941.4958990236919,-4495.8025206132079,4925.7444830470222,4486.4295877047907,4486.6107149253912,4486.6107149253912,445.87450563108473,-0.18112722060072883,-0.18112722060072883,1,true,true,-15.751415976669705,-9.3729329084171695,-9.1918056878166681,-9.191805687816494,-1.7408297026122455e-13,4.6566128730773926e-10,true
7,INEQ-WATER-D018-HYDRO02-UPPER,18,2,upper,7283,1059.9060670465115,617.10700317028386,0.55543159743090786,1.9115085999092887,1.7298080334477592,1.7298080334477592,-442.98076444268912,0.18170056646152943,0.18170056646152943,1,true,true,1060.4614986439424,619.01851177019319,618.8368112037316,618.83681120373171,-1.1368683772161603e-13,5.8207660913467407e-11,true
7,INEQ-WATER-D018-HYDRO02-LOWER,18,2,lower,7284,-4957.8860670465147,-4515.0870031702871,4942.0857422041636,4505.6849559397297,4505.8666565061912,4505.8666565061912,442.98076444268912,-0.18170056646152943,-0.18170056646152943,1,true,true,-15.800324842351074,-9.4020472305574003,-9.220346664095814,-9.2203466640957394,-7.460698725481052e-14,4.6566128730773926e-10,true
7,INEQ-WATER-D018-HYDRO03-UPPER,18,3,upper,7285,654.25293729417535,378.32887563213808,7.2279521026202138,7.7252390630213039,7.6811066161312578,7.6811066161312578,-275.96819410892732,0.04413244689004614,0.04413244689004614,1,true,true,661.48088939679553,386.0541146951594,386.00998224826935,386.00998224826935,0,2.9103830456733704e-11,true
7,INEQ-WATER-D018-HYDRO03-LOWER,18,3,lower,7286,-2655.2629372941774,-2379.3388756321401,2652.2649417015068,2377.5452501249706,2377.5893825718608,2377.5893825718608,275.96819410892732,-0.04413244689004614,-0.04413244689004614,1,true,true,-2.997995592670577,-1.7936255071695086,-1.749493060279292,-1.7494930602794303,1.383337888682945e-13,2.3283064365386963e-10,true
7,INEQ-WATER-D018-HYDRO04-UPPER,18,4,upper,7287,654.278724769978,378.33715156709877,7.2400786387004539,7.7390952973577498,7.6949555638217078,7.6949555638217078,-275.98571293641527,0.044139733536042058,0.044139733536042058,1,true,true,661.51880340867842,386.07624686445649,386.03210713092051,386.03210713092045,5.6843418860808015e-14,2.9103830456733704e-11,true
7,INEQ-WATER-D018-HYDRO04-LOWER,18,4,lower,7288,-2661.3187247699752,-2385.377151567096,2658.3165093109501,2383.5810562523479,2383.6251959858841,2383.6251959858841,275.98571293641527,-0.044139733536042058,-0.044139733536042058,1,true,true,-3.0022154590251375,-1.7960953147480723,-1.7519555812118597,-1.7519555812119689,1.092459456231154e-13,2.3283064365386963e-10,true
7,INEQ-WATER-D019-HYDRO01-UPPER,19,1,upper,7289,1066.4623037976417,620.3248799039502,2.3138944357759099,3.4644017097430351,3.3640095568869897,3.3640095568869897,-446.23781604654749,0.10039215285604541,0.10039215285604541,1,true,true,1068.7761982334175,623.78928161369322,623.68888946083723,623.68888946083723,0,5.8207660913467407e-11,true
7,INEQ-WATER-D019-HYDRO01-LOWER,19,1,lower,7290,-4926.342303797639,-4480.2048799039476,4914.5163228261154,4473.2033863314437,4473.3037784843,4473.3037784843,446.23781604654749,-0.10039215285604541,-0.10039215285604541,1,true,true,-11.825980971523677,-7.0014935725039322,-6.9011014196476026,-6.9011014196479668,3.6415315207705135e-13,4.6566128730773926e-10,true
7,INEQ-WATER-D019-HYDRO02-UPPER,19,2,upper,7291,1079.2365790170297,627.78806534133037,2.3278633790598824,3.4648716729333486,3.3634583109814216,3.3634583109814216,-451.54992703765129,0.10141336195192707,0.10141336195192707,1,true,true,1081.5644423960896,631.25293701426369,631.15152365231177,631.15152365231188,-1.1368683772161603e-13,5.8207660913467407e-11,true
7,INEQ-WATER-D019-HYDRO02-LOWER,19,2,lower,7292,-4906.7865790170326,-4455.3380653413333,4895.1291866316242,4448.4339311451395,4448.5353445070914,4448.5353445070914,451.54992703765129,-0.10141336195192707,-0.10141336195192707,1,true,true,-11.657392385408457,-6.9041341961938087,-6.8027208342418817,-6.802720834242181,2.993161274389422e-13,4.6566128730773926e-10,true
7,INEQ-WATER-D019-HYDRO03-UPPER,19,3,upper,7293,640.2986651399151,369.98687726525895,7.7917668312572426,8.2389897855277177,8.2090466844032726,8.2090466844032726,-270.34173097578059,0.029943101124445093,0.029943101124445093,1,true,true,648.09043197117239,378.22586705078669,378.19592394966224,378.1959239496623,-5.6843418860808015e-14,2.9103830456733704e-11,true
7,INEQ-WATER-D019-HYDRO03-LOWER,19,3,lower,7294,-2675.8486651399144,-2405.5368772652582,2673.8606791816142,2404.3468365153976,2404.3767796165221,2404.3767796165221,270.34173097578059,-0.029943101124445093,-0.029943101124445093,1,true,true,-1.9879859583002144,-1.1900407498606,-1.160097648736155,-1.1600976487363839,2.2892798767770728e-13,2.3283064365386963e-10,true
7,INEQ-WATER-D019-HYDRO04-UPPER,19,4,upper,7295,644.62147426279262,372.52753748402392,7.7589577097520408,8.2015750349112899,8.1718341856244514,8.1718341856244514,-272.12367762805553,0.029740849286838511,0.029740849286838511,1,true,true,652.38043197254467,380.72911251893521,380.69937166964837,380.69937166964837,0,2.9103830456733704e-11,true
7,INEQ-WATER-D019-HYDRO04-LOWER,19,4,lower,7296,-2674.2914742627945,-2402.1975374840258,2672.3134347898149,2401.0135032997532,2401.0432441490402,2401.0432441490402,272.12367762805553,-0.029740849286838511,-0.029740849286838511,1,true,true,-1.9780394729796171,-1.1840341842726048,-1.1542933349855957,-1.1542933349858571,2.6134649999676185e-13,2.3283064365386963e-10,true
7,INEQ-WATER-D020-HYDRO01-UPPER,20,1,upper,7297,1082.6882453192302,630.45395355665823,0.47659463242480227,1.8167583751553638,1.6314888859262213,1.6314888859262213,-452.4195612518011,0.18526948922914244,0.18526948922914244,1,true,true,1083.164839951655,632.27071193181359,632.08544244258451,632.08544244258462,-1.1368683772161603e-13,5.8207660913467407e-11,true
7,INEQ-WATER-D020-HYDRO01-LOWER,20,1,lower,7298,-4911.9382453192302,-4459.7039535566582,4896.7028957944731,4450.6280311493065,4450.813300638536,4450.813300638536,452.4195612518011,-0.18526948922914244,-0.18526948922914244,1,true,true,-15.235349524757112,-9.0759224073517544,-8.890652918122214,-8.890652918122175,-3.907985046680551e-14,4.6566128730773926e-10,true
7,INEQ-WATER-D020-HYDRO02-UPPER,20,2,upper,7299,1066.8111624216108,621.20691670296947,0.397435876663494,1.7594423539661759,1.5671931582804288,1.5671931582804288,-445.79649491432707,0.19224919568574705,0.19224919568574705,1,true,true,1067.2085982982742,622.96635905693563,622.77410986124994,622.77410986124983,1.1368683772161603e-13,5.8207660913467407e-11,true
7,INEQ-WATER-D020-HYDRO02-LOWER,20,2,lower,7300,-4945.3411624216096,-4499.7369167029683,4929.7677091524265,4490.4567127132086,4490.6489619088943,4490.6489619088943,445.79649491432707,-0.19224919568574705,-0.19224919568574705,1,true,true,-15.573453269183119,-9.2802039897596842,-9.087954794073994,-9.0879547940735268,-4.6718184876226587e-13,4.6566128730773926e-10,true
7,INEQ-WATER-D020-HYDRO03-UPPER,20,3,upper,7301,652.08789856178191,376.98550318678826,7.4179891505966831,7.9040883569921681,7.8719584409121017,7.8719584409121017,-275.13452529107371,0.032129916080066323,0.032129916080066323,1,true,true,659.50588771237858,384.88959154378045,384.85746162770039,384.85746162770039,0,2.9103830456733704e-11,true
7,INEQ-WATER-D020-HYDRO03-LOWER,20,3,lower,7302,-2657.4678985617829,-2382.3655031867893,2654.8781268864959,2380.8221010111038,2380.8542309271838,2380.8542309271838,275.13452529107371,-0.032129916080066323,-0.032129916080066323,1,true,true,-2.589771675287011,-1.5434021756855145,-1.5112722596054482,-1.511272259605589,1.4077627952246985e-13,2.3283064365386963e-10,true
7,INEQ-WATER-D020-HYDRO04-UPPER,20,4,upper,7303,645.80509026159416,373.27501565902276,7.4978579404882275,7.995084062663385,7.9626942742031348,7.9626942742031348,-272.56246439103165,0.032389788460250202,0.032389788460250202,1,true,true,653.30294820208235,381.27009972168617,381.23770993322591,381.23770993322591,0,2.9103830456733704e-11,true
7,INEQ-WATER-D020-HYDRO04-LOWER,20,4,lower,7304,-2674.6650902615947,-2402.1350156590233,2672.0545192796285,2400.5792160872124,2400.6116058756725,2400.6116058756725,272.56246439103165,-0.032389788460250202,-0.032389788460250202,1,true,true,-2.6105709819662479,-1.5557995718108941,-1.5234097833508713,-1.5234097833507572,-1.1413092693146609e-13,2.3283064365386963e-10,true
8,INEQ-WATER-D014-HYDRO01-UPPER,14,1,upper,7249,610.67927336850698,-6.9705720740385004,4.9275460159184163,7.5575869818640085,7.2783754837306587,7.2783754837306587,-617.92905694067883,0.27921149813334978,0.27921149813334978,1,true,true,615.60681938442542,0.58701490782550803,0.30780340969215825,0.30780340969217879,-2.0539125955565396e-14,4.5474735088646412e-13,true
8,INEQ-WATER-D014-HYDRO01-LOWER,14,1,lower,7250,-4502.2292733685099,-3884.5794279259644,4496.7865362149778,3884.2974950592543,3884.5767065573878,3884.5767065573878,617.92905694067883,-0.27921149813334978,-0.27921149813334978,1,true,true,-5.4427371535321072,-0.28193286671012174,-0.0027213685766582785,-0.0027213685767657537,1.0747522663501208e-13,2.3283064365386963e-10,true
8,INEQ-WATER-D014-HYDRO02-UPPER,14,2,upper,7251,623.7008044975737,-6.67319172021962,4.7413063678906626,7.2643117139619715,6.9874127756523574,6.9874127756523574,-630.65089515610293,0.2768989383096141,0.2768989383096141,1,true,true,628.44211086546431,0.59111999374235147,0.31422105543273737,0.31422105543269757,3.9801495432811862e-14,4.5474735088646412e-13,true
8,INEQ-WATER-D014-HYDRO02-LOWER,14,2,lower,7252,-4457.8608044975699,-3827.4868082797766,4452.3842283858958,3827.207171053411,3827.4840699917204,3827.4840699917204,630.65089515610293,-0.2768989383096141,-0.2768989383096141,1,true,true,-5.4765761116741487,-0.27963722636559396,-0.0027382880562072387,-0.0027382880558367729,-3.7046581080613095e-13,2.3283064365386963e-10,true
8,INEQ-WATER-D014-HYDRO03-UPPER,14,3,upper,7253,375.92966127056934,-9.4410122708031849,8.3908454774824062,9.6787226486240669,9.6331725241771764,9.6331725241771764,-385.41622366581942,0.04555012444689055,0.04555012444689055,1,true,true,384.32050674805174,0.237710377820882,0.19216025337399145,0.19216025337400472,-1.3267165144270621e-14,9.0949470177292824e-13,true
8,INEQ-WATER-D014-HYDRO03-LOWER,14,3,lower,7254,-2381.4396612705714,-1996.0689877291989,2380.4383604367677,1996.0229369543351,1996.068487078782,1996.068487078782,385.41622366581942,-0.04555012444689055,-0.04555012444689055,1,true,true,-1.0013008338037253,-0.04605077486371556,-0.00050065041682501032,-0.00050065041690180751,7.6797184063448487e-14,1.1641532182693481e-10,true
8,INEQ-WATER-D014-HYDRO04-UPPER,14,4,upper,7255,376.72641968693279,-9.4361688104545465,8.3884380741264621,9.6742488131954012,9.6287262393350481,9.6287262393350481,-386.20811107124769,0.045522573860353077,0.045522573860353077,1,true,true,385.11485776105923,0.23808000274085472,0.19255742888050165,0.19255742888050842,-6.7723604502134549e-15,9.0949470177292824e-13,true
8,INEQ-WATER-D014-HYDRO04-LOWER,14,4,lower,7256,-2384.5564196869345,-1998.3938311895472,2383.5552109231617,1998.347808011305,1998.3933305851654,1998.3933305851654,386.20811107124769,-0.045522573860353077,-0.045522573860353077,1,true,true,-1.0012087637728655,-0.046023178242194263,-0.00050060438184118539,-0.00050060438188637764,4.5192257054627039e-14,1.1641532182693481e-10,true
8,INEQ-WATER-D015-HYDRO01-UPPER,15,1,upper,7257,617.09192732275551,-4.4379751620872412,2.4210683430398157,5.1732648678708477,4.7477316599201407,4.7477316599201407,-621.95543569279346,0.42553320795070704,0.42553320795070704,1,true,true,619.5129956657953,0.73528970578360653,0.30975649783289949,0.30975649783286352,3.5971225997855072e-14,4.5474735088646412e-13,true
8,INEQ-WATER-D015-HYDRO01-LOWER,15,1,lower,7258,-4503.1519273227532,-3881.6220248379104,4494.9501244374533,3881.1923907285172,3881.6179239364678,3881.6179239364678,621.95543569279346,-0.42553320795070704,-0.42553320795070704,1,true,true,-8.2018028852999123,-0.42963410939319147,-0.004100901442598115,-0.0041009014426495044,5.1389448252336933e-14,2.3283064365386963e-10,true
8,INEQ-WATER-D015-HYDRO02-UPPER,15,2,upper,7259,630.16666351519962,-4.2527224941732129,2.3434652827208744,4.9920414473403305,4.568977558572147,4.568977558572147,-634.84244989814101,0.42306388876818346,0.42306388876818346,1,true,true,632.51012879792052,0.7393189531671176,0.31625506439893414,0.31625506439892542,8.7152507433074788e-15,4.5474735088646412e-13,true
8,INEQ-WATER-D015-HYDRO02-LOWER,15,2,lower,7260,-4457.5666635152011,-3823.1472775058282,4449.4377595147798,3822.7201491650599,3823.1432130538278,3823.1432130538278,634.84244989814101,-0.42306388876818346,-0.42306388876818346,1,true,true,-8.1289040004212438,-0.4271283407683768,-0.0040644520004207152,-0.0040644520002101744,-2.1054078619409111e-13,2.3283064365386963e-10,true
8,INEQ-WATER-D015-HYDRO03-UPPER,15,3,upper,7261,374.77847677277532,-8.8808229852220393,7.9756758922637214,9.1405848757445387,9.0722000615545557,9.0722000615545557,-383.72768457218734,0.06838481418998299,0.06838481418998299,1,true,true,382.75415266503904,0.25976189052249943,0.19137707633251644,0.19137707633249845,1.7985612998927536e-14,9.0949470177292824e-13,true
8,INEQ-WATER-D015-HYDRO03-LOWER,15,3,lower,7262,-2389.3084767727742,-2005.6491770147768,2387.9859432970379,2005.580130933849,2005.648515748039,2005.648515748039,383.72768457218734,-0.06838481418998299,-0.06838481418998299,1,true,true,-1.3225334757362361,-0.069046080927819276,-0.00066126673777944234,-0.00066126673786804529,8.8602953099425896e-14,1.1641532182693481e-10,true
8,INEQ-WATER-D015-HYDRO04-UPPER,15,4,upper,7263,359.43222893327402,-9.4095867694268236,8.3035614304833416,9.6664168608982788,9.5934546646086698,9.5934546646086698,-368.91477789899045,0.072962196289608983,0.072962196289608983,1,true,true,367.73579036375736,0.25683009147145519,0.18386789518184621,0.18386789518185842,-1.2212453270876722e-14,9.0949470177292824e-13,true
8,INEQ-WATER-D015-HYDRO04-LOWER,15,4,lower,7264,-2452.1422289332768,-2083.3004132305759,2450.7649749352936,2083.2267624072874,2083.299724603577,2083.299724603577,368.91477789899045,-0.072962196289608983,-0.072962196289608983,1,true,true,-1.377253997983189,-0.073650823288517131,-0.00068862699890814838,-0.00068862699899151865,8.3370268154359106e-14,2.3283064365386963e-10,true
8,INEQ-WATER-D016-HYDRO01-UPPER,16,1,upper,7265,617.90350383417535,-9.9107738804232213,7.9530678969187392,10.310302963181757,10.223702166288776,10.223702166288776,-627.90087851149156,0.086600796892980725,0.086600796892980725,1,true,true,625.85657173109405,0.39952908275853538,0.31292828586555466,0.31292828586551258,4.2077452633293433e-14,9.0949470177292824e-13,true
8,INEQ-WATER-D016-HYDRO01-LOWER,16,1,lower,7266,-4444.7935038341748,-3816.9792261195762,4442.625790759228,3816.891541466146,3816.978142263039,3816.978142263039,627.90087851149156,-0.086600796892980725,-0.086600796892980725,1,true,true,-2.1677130749467324,-0.087684653430187609,-0.0010838565372068842,-0.0010838565374732469,2.6636266976798328e-13,2.3283064365386963e-10,true
8,INEQ-WATER-D016-HYDRO02-UPPER,16,2,upper,7267,615.74470210381696,-9.9855402173125185,8.0008029703006649,10.38403194328456,10.297412969849495,10.297412969849495,-625.81686129456455,0.086618973435065527,0.086618973435065527,1,true,true,623.74550507411766,0.39849172597204152,0.31187275253697599,0.31187275253702446,-4.8461235024888083e-14,9.0949470177292824e-13,true
8,INEQ-WATER-D016-HYDRO02-LOWER,16,2,lower,7268,-4456.5047021038117,-3830.7744597826822,4454.3458563744807,3830.6867613863824,3830.7733803598176,3830.7733803598176,625.81686129456455,-0.086618973435065527,-0.086618973435065527,1,true,true,-2.1588457293310057,-0.08769839629985654,-0.0010794228646773263,-0.001079422864665384,-1.1942270089493334e-14,2.3283064365386963e-10,true
8,INEQ-WATER-D016-HYDRO03-UPPER,16,3,upper,7269,369.79755129744444,-10.444336602871772,9.1580545941095366,10.656987356951321,10.633814405817519,10.633814405817519,-380.26506085145002,0.023172951133801689,0.023172951133801689,1,true,true,378.955605891554,0.21265075407954903,0.18947780294574734,0.18947780294575614,-8.7985174701543656e-15,9.0949470177292824e-13,true
8,INEQ-WATER-D016-HYDRO03-LOWER,16,3,lower,7270,-2399.5475512974444,-2019.3056633971282,2398.8401445633963,2019.2821367426275,2019.3053096937613,2019.3053096937613,380.26506085145002,-0.023172951133801689,-0.023172951133801689,1,true,true,-0.70740673404816334,-0.023526654500756194,-0.00035370336695450533,-0.00035370336702404269,6.9537366316485549e-14,1.1641532182693481e-10,true
8,INEQ-WATER-D016-HYDRO04-UPPER,16,4,upper,7271,362.1297051184265,-10.82160796183598,9.3966696841605959,11.029589280360257,11.00737114923726,11.00737114923726,-372.97353121138548,0.02221813112299742,0.02221813112299742,1,true,true,371.5263748025871,0.20798131852427737,0.18576318740127995,0.18576318740127309,6.8556271770603416e-15,9.0949470177292824e-13,true
8,INEQ-WATER-D016-HYDRO04-LOWER,16,4,lower,7272,-2433.3797051184265,-2060.428392038164,2432.7011603751826,2060.4058346346692,2060.428052765792,2060.428052765792,372.97353121138548,-0.02221813112299742,-0.02221813112299742,1,true,true,-0.67854474324394687,-0.022557403494829487,-0.00033927237200259697,-0.00033927237162193608,-3.8066088909466389e-13,2.3283064365386963e-10,true
8,INEQ-WATER-D017-HYDRO01-UPPER,17,1,upper,7273,619.53065334590792,-6.1500424772530096,4.3325299781480435,7.1016294035040559,6.4619740689149907,6.4619740689149907,-626.32035115775,0.63965533458906521,0.63965533458906521,1,true,true,623.86318332405597,0.95158692625104635,0.31193159166198114,0.31193159166199363,-1.2490009027033011e-14,4.5474735088646412e-13,true
8,INEQ-WATER-D017-HYDRO01-LOWER,17,1,lower,7274,-4476.9706533459103,-3851.2899575227493,4470.405851945533,3850.6470197874601,3851.286675122049,3851.286675122049,626.32035115775,-0.63965533458906521,-0.63965533458906521,1,true,true,-6.5648014003772914,-0.64293773528925158,-0.0032824007003000588,-0.0032824007001882841,-1.1177473877022059e-13,2.3283064365386963e-10,true
8,INEQ-WATER-D017-HYDRO02-UPPER,17,2,upper,7275,623.06392048091948,-6.0779555221961346,4.2795261296201907,7.0213247585045293,6.3916272455013496,6.3916272455013496,-629.77157351611879,0.62969751300317967,0.62969751300317967,1,true,true,627.34344661053967,0.94336923630839475,0.31367172330521509,0.31367172330523529,-2.0206059048177849e-14,4.5474735088646412e-13,true
8,INEQ-WATER-D017-HYDRO02-LOWER,17,2,lower,7276,-4467.7539204809218,-3838.6120444778062,4461.1736149376757,3837.9790568120316,3838.6087543250346,3838.6087543250346,629.77157351611879,-0.62969751300317967,-0.62969751300317967,1,true,true,-6.5803055432461406,-0.63298766577463539,-0.0032901527715694101,-0.0032901527716227078,5.3297644075911421e-14,2.3283064365386963e-10,true
8,INEQ-WATER-D017-HYDRO03-UPPER,17,3,upper,7277,378.28962097234398,-8.7296402444080741,7.618577458164407,9.0690328568032168,8.9225943436233432,8.9225943436233432,-387.16569972993193,0.14643851317987355,0.14643851317987355,1,true,true,385.90819843050838,0.33939261239514273,0.19295409921526918,0.19295409921523293,3.6248781754011361e-14,9.0949470177292824e-13,true
8,INEQ-WATER-D017-HYDRO03-LOWER,17,3,lower,7278,-2381.7096209723422,-1994.6903597555902,2379.5588481135242,1994.5428458559809,1994.6892843691608,1994.6892843691608,387.16569972993193,-0.14643851317987355,-0.14643851317987355,1,true,true,-2.1507728588180726,-0.14751389960929373,-0.0010753864294201776,-0.0010753864294089179,-1.1259656401696461e-14,1.1641532182693481e-10,true
8,INEQ-WATER-D017-HYDRO04-UPPER,17,4,upper,7279,372.88179825937186,-9.0142598962302145,7.7915595915999543,9.326708717466289,9.2045965751557048,9.2045965751557048,-382.01817029791266,0.1221121423105842,0.1221121423105842,1,true,true,380.6733578509718,0.31244882123607454,0.19033667892549033,0.19033667892546494,2.5396351688300456e-14,9.0949470177292824e-13,true
8,INEQ-WATER-D017-HYDRO04-LOWER,17,4,lower,7280,-2407.3617982593714,-2025.4657401037693,2405.2290649029483,2025.3425615947806,2025.4646737370913,2025.4646737370913,382.01817029791266,-0.1221121423105842,-0.1221121423105842,1,true,true,-2.1327333564231594,-0.12317850898875804,-0.0010663666780601488,-0.0010663666782114623,1.5131342359642197e-13,1.1641532182693481e-10,true
8,INEQ-WATER-D018-HYDRO01-UPPER,18,1,upper,7281,621.19252061320731,-3.9588124729853007,1.7059391997478299,4.6298627088254838,4.2702617028917151,4.2702617028917151,-625.51093409212638,0.35960100593376865,0.35960100593376865,1,true,true,622.89845981295514,0.67105023584018308,0.31144922990641444,0.31144922990644325,-2.8810287489022812e-14,4.5474735088646412e-13,true
8,INEQ-WATER-D018-HYDRO01-LOWER,18,1,lower,7282,-4495.8025206132079,-3870.6511875270153,4486.6107149253912,3870.2869906182377,3870.6465916241714,3870.6465916241714,625.51093409212638,-0.35960100593376865,-0.35960100593376865,1,true,true,-9.1918056878166681,-0.36419690877755784,-0.0045959028439028771,-0.004595902843907828,4.9509008004378074e-15,2.3283064365386963e-10,true
8,INEQ-WATER-D018-HYDRO02-UPPER,18,2,upper,7283,617.10700317028386,-4.0205278822395485,1.7298080334477592,4.6938054201752717,4.3299462878413575,4.3299462878413575,-621.49139018485732,0.3638591323339142,0.3638591323339142,1,true,true,618.8368112037316,0.6732775379357232,0.309418405601809,0.3094184056018317,-2.2704060853584451e-14,4.5474735088646412e-13,true
8,INEQ-WATER-D018-HYDRO02-LOWER,18,2,lower,7284,-4515.0870031702871,-3893.9594721177637,4505.8666565061912,3893.5910028120979,3893.9548619444317,3893.9548619444317,621.49139018485732,-0.3638591323339142,-0.3638591323339142,1,true,true,-9.220346664095814,-0.36846930566571245,-0.0046101733319119376,-0.0046101733320473995,1.354619541538149e-13,2.3283064365386963e-10,true
8,INEQ-WATER-D018-HYDRO03-UPPER,18,3,upper,7285,378.32887563213808,-8.5515375377617602,7.6811066161312578,8.8714951072726151,8.7445425288858658,8.7445425288858658,-387.00736574828659,0.12695257838674934,0.12695257838674934,1,true,true,386.00998224826935,0.31995756951085497,0.19300499112410563,0.19300499112411343,-7.7993167479917247e-15,9.0949470177292824e-13,true
8,INEQ-WATER-D018-HYDRO03-LOWER,18,3,lower,7286,-2379.3388756321401,-1992.4584624622403,2377.5893825718608,1992.3306351373235,1992.4575877157104,1992.4575877157104,387.00736574828659,-0.12695257838674934,-0.12695257838674934,1,true,true,-1.749493060279292,-0.12782732491677962,-0.00087474652991659241,-0.00087474653013954969,2.2295728631382961e-13,1.1641532182693481e-10,true
8,INEQ-WATER-D018-HYDRO04-UPPER,18,4,upper,7287,378.33715156709877,-8.5740859723518952,7.6949555638217078,8.8935422494106344,8.7671020259173158,8.7671020259173158,-387.03767776294399,0.12644022349331863,0.12644022349331863,1,true,true,386.03210713092051,0.31945627705873925,0.19301605356542062,0.19301605356543899,-1.8374191057546341e-14,9.0949470177292824e-13,true
8,INEQ-WATER-D018-HYDRO04-LOWER,18,4,lower,7288,-2385.377151567096,-1998.4659140276453,2383.6251959858841,1998.3385978263614,1998.4650380498547,1998.4650380498547,387.03767776294399,-0.12644022349331863,-0.12644022349331863,1,true,true,-1.7519555812118597,-0.12731620128397481,-0.00087597779065617942,-0.00087597779060583341,-5.0346012081536884e-14,1.1641532182693481e-10,true
8,INEQ-WATER-D019-HYDRO01-UPPER,19,1,upper,7289,620.3248799039502,-5.1319917466244078,3.3640095568869897,5.7969644172060111,5.4438361913547464,5.4438361913547464,-625.80999987642588,0.35312822585126469,0.35312822585126469,1,true,true,623.68888946083723,0.66497267058160325,0.31184444473033857,0.31184444473038425,-4.5685677463325192e-14,4.5474735088646412e-13,true
8,INEQ-WATER-D019-HYDRO01-LOWER,19,1,lower,7290,-4480.2048799039476,-3854.748008253373,4473.3037784843,3854.3914294768119,3854.7445577026633,3854.7445577026633,625.80999987642588,-0.35312822585126469,-0.35312822585126469,1,true,true,-6.9011014196476026,-0.35657877656103665,-0.0034505507096582733,-0.0034505507098234211,1.6514784331733701e-13,2.3283064365386963e-10,true
8,INEQ-WATER-D019-HYDRO02-UPPER,19,2,upper,7291,627.78806534133037,-5.0626405894436175,3.3634583109814216,5.735908690771133,5.378216351269792,5.378216351269792,-633.20839827027532,0.35769233950134094,0.35769233950134094,1,true,true,631.15152365231177,0.67326810132751547,0.31557576182617453,0.31557576182612113,5.340172748447003e-14,4.5474735088646412e-13,true
8,INEQ-WATER-D019-HYDRO02-LOWER,19,2,lower,7292,-4455.3380653413333,-3822.4873594105593,4448.5353445070914,3822.1262657106408,3822.4839580501421,3822.4839580501421,633.20839827027532,-0.35769233950134094,-0.35769233950134094,1,true,true,-6.8027208342418817,-0.36109369991845597,-0.003401360417228716,-0.0034013604171205664,-1.0814960038629806e-13,2.3283064365386963e-10,true
8,INEQ-WATER-D019-HYDRO03-UPPER,19,3,upper,7293,369.98687726525895,-9.0110831271158531,8.2090466844032726,9.301560474887788,9.200181089090643,9.200181089090643,-379.09933977817195,0.10137938579714501,0.10137938579714501,1,true,true,378.19592394966224,0.2904773477719349,0.1890979619747899,0.1890979619748103,-2.0400348077487251e-14,9.0949470177292824e-13,true
8,INEQ-WATER-D019-HYDRO03-LOWER,19,3,lower,7294,-2405.5368772652582,-2026.5389168728834,2404.3767796165221,2026.436957438262,2026.5383368240591,2026.5383368240591,379.09933977817195,-0.10137938579714501,-0.10137938579714501,1,true,true,-1.160097648736155,-0.10195943462144896,-0.0005800488243039581,-0.00058004882436801363,6.405553171218159e-14,1.1641532182693481e-10,true
8,INEQ-WATER-D019-HYDRO04-UPPER,19,4,upper,7295,372.52753748402392,-8.9514176650991431,8.1718341856244514,9.2435794069005119,9.1417673509339643,9.1417673509339643,-381.58076720508961,0.10181205596654763,0.10181205596654763,1,true,true,380.69937166964837,0.29216174180136889,0.19034968583482126,0.19034968583480322,1.8041124150158794e-14,9.0949470177292824e-13,true
8,INEQ-WATER-D019-HYDRO04-LOWER,19,4,lower,7296,-2402.1975374840258,-2020.7185823349027,2401.0432441490402,2020.6161931322686,2020.7180051882351,2020.7180051882351,381.58076720508961,-0.10181205596654763,-0.10181205596654763,1,true,true,-1.1542933349855957,-0.10238920263418549,-0.00057714666763786227,-0.00057714666749273432,-1.4512794178217492e-13,1.1641532182693481e-10,true
8,INEQ-WATER-D020-HYDRO01-UPPER,20,1,upper,7297,630.45395355665823,-3.8285765844993875,1.6314888859262213,4.4719960073017155,4.1446193057206138,4.1446193057206138,-634.60990684273872,0.32737670158110177,0.32737670158110177,1,true,true,632.08544244258451,0.643419422802328,0.31604272122122623,0.31604272122125743,-3.1197266991966899e-14,4.5474735088646412e-13,true
8,INEQ-WATER-D020-HYDRO01-LOWER,20,1,lower,7298,-4459.7039535566582,-3825.4214234155006,4450.813300638536,3825.0896013874603,3825.4169780890415,3825.4169780890415,634.60990684273872,-0.32737670158110177,-0.32737670158110177,1,true,true,-8.890652918122214,-0.33182202804027838,-0.004445326459062926,-0.0044453264590606171,-2.3089169465251302e-15,2.3283064365386963e-10,true
8,INEQ-WATER-D020-HYDRO02-UPPER,20,2,upper,7299,621.20691670296947,-3.8634925669830409,1.5671931582804288,4.5107511809323118,4.174879621913556,4.174879621913556,-625.40628082897126,0.33587155901875576,0.33587155901875576,1,true,true,622.77410986124994,0.64725861394927087,0.31138705493051511,0.31138705493059066,-7.5550676825741903e-14,4.5474735088646412e-13,true
8,INEQ-WATER-D020-HYDRO02-LOWER,20,2,lower,7300,-4499.7369167029683,-3874.6665074330158,4490.6489619088943,3874.3260918965998,3874.6619634556187,3874.6619634556187,625.40628082897126,-0.33587155901875576,-0.33587155901875576,1,true,true,-9.087954794073994,-0.34041553641600331,-0.0045439773971338582,-0.0045439773970364968,-9.7361355089198298e-14,2.3283064365386963e-10,true
8,INEQ-WATER-D020-HYDRO03-UPPER,20,3,upper,7301,376.98550318678826,-8.7957727000502928,7.8719584409121017,9.0822975012532687,8.9882014308640841,8.9882014308640841,-385.87537195722774,0.094096070389184661,0.094096070389184661,1,true,true,384.85746162770039,0.28652480120297596,0.1924287308137913,0.192428730813829,-3.7692071686024065e-14,9.0949470177292824e-13,true
8,INEQ-WATER-D020-HYDRO03-LOWER,20,3,lower,7302,-2382.3655031867893,-1996.5842272999507,2380.8542309271838,1996.4893755934318,1996.583471663821,1996.583471663821,385.87537195722774,-0.094096070389184661,-0.094096070389184661,1,true,true,-1.5112722596054482,-0.094851706518966239,-0.00075563612972473493,-0.00075563612980264093,7.7905997625249412e-14,1.1641532182693481e-10,true
8,INEQ-WATER-D020-HYDRO04-UPPER,20,4,upper,7303,373.27501565902276,-8.9447309788665734,7.9626942742031348,9.2278334233735198,9.1353498338331267,9.1353498338331267,-382.31223022742972,0.092483589540393041,0.092483589540393041,1,true,true,381.23770993322591,0.28310244450694633,0.19061885496655329,0.19061885496659198,-3.8691272408186705e-14,9.0949470177292824e-13,true
8,INEQ-WATER-D020-HYDRO04-LOWER,20,4,lower,7304,-2402.1350156590233,-2019.915269021134,2400.6116058756725,2019.8220237267019,2019.9145073162422,2019.9145073162422,382.31223022742972,-0.092483589540393041,-0.092483589540393041,1,true,true,-1.5234097833508713,-0.093245294432108494,-0.00076170489182914025,-0.00076170489167535181,-1.5378844031577188e-13,1.1641532182693481e-10,true
9,INEQ-WATER-D014-HYDRO01-UPPER,14,1,upper,7249,-6.9705720740385004,-10.211957681465719,7.2783754837306587,10.217988842351103,10.212111583170566,10.212111583170566,-3.2472628666077559,0.0058772591805369423,0.0058772591805369423,1,true,true,0.30780340969215825,0.0060311608853833576,0.00015390170484685939,0.00015390170484606217,7.9721385742859141e-16,9.0949470177292824e-13,true
9,INEQ-WATER-D014-HYDRO01-LOWER,14,1,lower,7250,-3884.5794279259644,-3881.3380423185372,3884.5767065573878,3881.3321636986725,3881.3380409578531,3881.3380409578531,3.2472628666077559,-0.0058772591805369423,-0.0058772591805369423,1,true,true,-0.0027213685766582785,-0.0058786198646885168,-1.3606841093860567e-06,-1.3606842883289894e-06,1.7894293275741218e-13,2.3283064365386963e-10,true
9,INEQ-WATER-D014-HYDRO02-UPPER,14,2,upper,7251,-6.67319172021962,-9.8205325282906415,6.9874127756523574,9.8259830072642274,9.820689638818358,9.820689638818358,-3.1526341765168913,0.005293368445869806,0.005293368445869806,1,true,true,0.31422105543273737,0.0054504789735858594,0.00015711052771649747,0.00015711052771635138,1.4609624274242172e-16,9.0949470177292824e-13,true
9,INEQ-WATER-D014-HYDRO02-LOWER,14,2,lower,7252,-3827.4868082797766,-3824.3394674717056,3827.4840699917204,3824.3341727341158,3824.3394661025618,3824.3394661025618,3.1526341765168913,-0.005293368445869806,-0.005293368445869806,1,true,true,-0.0027382880562072387,-0.0052947375897929305,-1.3691437743545976e-06,-1.3691440281034687e-06,2.5374887111087379e-13,2.3283064365386963e-10,true
9,INEQ-WATER-D014-HYDRO03-UPPER,14,3,upper,7253,-9.4410122708031849,-11.93952922229073,9.6331725241771764,11.944413984235831,11.939625302417417,11.939625302417417,-2.5033056333059598,0.0047886818184146307,0.0047886818184146307,1,true,true,0.19216025337399145,0.0048847619451013458,9.6080126686715062e-05,9.608012668698515e-05,-2.7008831369329522e-16,9.0949470177292824e-13,true
9,INEQ-WATER-D014-HYDRO03-LOWER,14,3,lower,7254,-1996.0689877291989,-1993.5704707777113,1996.068487078782,1993.5656818455677,1993.5704705273861,1993.5704705273861,2.5033056333059598,-0.0047886818184146307,-0.0047886818184146307,1,true,true,-0.00050065041682501032,-0.0047889321435832244,-2.5032522898982279e-07,-2.503252084124776e-07,-2.0577345193876253e-14,1.1641532182693481e-10,true
9,INEQ-WATER-D014-HYDRO04-UPPER,14,4,upper,7255,-9.4361688104545465,-11.933885926715448,9.6287262393350481,11.938767032076656,11.933982205429887,11.933982205429887,-2.5025019429076703,0.004784826646769158,0.004784826646769158,1,true,true,0.19255742888050165,0.0048811053612087818,9.627871443917968e-05,9.627871444024022e-05,-1.0605394600710083e-15,9.0949470177292824e-13,true
9,INEQ-WATER-D014-HYDRO04-LOWER,14,4,lower,7256,-1998.3938311895472,-1995.8961140732863,1998.3933305851654,1995.8913289963373,1995.896113822984,1995.896113822984,2.5025019429076703,-0.004784826646769158,-0.004784826646769158,1,true,true,-0.00050060438184118539,-0.0047850769490196399,-2.5030226424860302e-07,-2.5030219092056511e-07,-7.3328037914070267e-14,1.1641532182693481e-10,true
9,INEQ-WATER-D015-HYDRO01-UPPER,15,1,upper,7257,-4.4379751620872412,-7.4978182668128284,4.7477316599201407,7.500829032218828,7.4979731450617439,7.4979731450617439,-3.0626989918826708,0.0028558871570836253,0.0028558871570836253,1,true,true,0.30975649783289949,0.0030107654059996491,0.00015487824891557977,0.00015487824891643269,-8.529147440400342e-16,4.5474735088646412e-13,true
9,INEQ-WATER-D015-HYDRO01-LOWER,15,1,lower,7258,-3881.6220248379104,-3878.5621817331848,3881.6179239364678,3878.5593237955773,3878.5621796827345,3878.5621796827345,3.0626989918826708,-0.0028558871570836253,-0.0028558871570836253,1,true,true,-0.004100901442598115,-0.0028579376075867913,-2.0504503481788561e-06,-2.0504507212988315e-06,3.7311997541734161e-13,2.3283064365386963e-10,true
9,INEQ-WATER-D015-HYDRO02-UPPER,15,2,upper,7259,-4.2527224941732129,-7.2260183745747781,4.568977558572147,7.2285079152088993,7.226176502106977,7.226176502106977,-2.9756272935034871,0.0023314131019218642,0.0023314131019218642,1,true,true,0.31625506439893414,0.0024895406341212123,0.00015812753219890396,0.00015812753219944964,-5.4567895341195438e-16,4.5474735088646412e-13,true
9,INEQ-WATER-D015-HYDRO02-LOWER,15,2,lower,7260,-3823.1472775058282,-3820.1739816254267,3823.1432130538278,3820.1716481800986,3820.1739795932003,3820.1739795932003,2.9756272935034871,-0.0023314131019218642,-0.0023314131019218642,1,true,true,-0.0040644520004207152,-0.0023334453280767775,-2.032226348092081e-06,-2.0322260002101337e-06,-3.4788194731589367e-13,2.3283064365386963e-10,true
9,INEQ-WATER-D015-HYDRO03-UPPER,15,3,upper,7261,-8.8808229852220393,-11.233869632593269,9.0722000615545557,11.23659823039608,11.233965321131436,11.233965321131436,-2.3556795566358746,0.0026329092646451002,0.0026329092646451002,1,true,true,0.19137707633251644,0.0027285978028110947,9.5688538166882608e-05,9.5688538166247686e-05,6.3492234473466747e-16,9.0949470177292824e-13,true
9,INEQ-WATER-D015-HYDRO03-LOWER,15,3,lower,7262,-2005.6491770147768,-2003.2961303674056,2005.648515748039,2003.2934971275076,2003.2961300367722,2003.2961300367722,2.3556795566358746,-0.0026329092646451002,-0.0026329092646451002,1,true,true,-0.00066126673777944234,-0.0026332398979320715,-3.3063338378269691e-07,-3.3063336888968474e-07,-1.4893012169877662e-14,1.1641532182693481e-10,true
9,INEQ-WATER-D015-HYDRO04-UPPER,15,4,upper,7263,-9.4095867694268236,-11.913871099361131,9.5934546646086698,11.916676669032352,11.913963033308724,11.913963033308724,-2.5069979656579364,0.0027136357236288156,0.0027136357236288156,1,true,true,0.18386789518184621,0.0028055696712208089,9.1933947592437448e-05,9.1933947590912979e-05,1.5244695696775556e-15,9.0949470177292824e-13,true
9,INEQ-WATER-D015-HYDRO04-LOWER,15,4,lower,7264,-2083.3004132305759,-2080.7961289006416,2083.299724603577,2080.7934149206044,2080.7961285563279,2080.7961285563279,2.5069979656579364,-0.0027136357236288156,-0.0027136357236288156,1,true,true,-0.00068862699890814838,-0.0027139800372424361,-3.4431377571308985e-07,-3.4431349945403627e-07,-2.7625905358730958e-13,2.3283064365386963e-10,true
9,INEQ-WATER-D016-HYDRO01-UPPER,16,1,upper,7265,-9.9107738804232213,-13.316765334697266,10.223702166288776,13.319339501831855,13.316921798840198,13.316921798840198,-3.4084091572657016,0.0024177029916572224,0.0024177029916572224,1,true,true,0.31292828586555466,0.0025741671345897998,0.00015646414293257749,0.00015646414293276009,-1.8260675090087108e-16,9.0949470177292824e-13,true
9,INEQ-WATER-D016-HYDRO01-LOWER,16,1,lower,7266,-3816.9792261195762,-3813.5732346653022,3816.978142263039,3813.570816420382,3813.5732341233738,3813.5732341233738,3.4084091572657016,-0.0024177029916572224,-0.0024177029916572224,1,true,true,-0.0010838565372068842,-0.0024182449201362033,-5.4192832976696081e-07,-5.4192826860338244e-07,-6.116357837701792e-14,2.3283064365386963e-10,true
9,INEQ-WATER-D016-HYDRO02-UPPER,16,2,upper,7267,-9.9855402173125185,-13.413718529591279,10.297412969849495,13.416310479771411,13.413874465967549,13.413874465967549,-3.4306143260826234,0.0024360138038632684,0.0024360138038632684,1,true,true,0.31187275253697599,0.002591950180132585,0.00015593637627020485,0.00015593637626847083,1.7340187445646915e-15,9.0949470177292824e-13,true
9,INEQ-WATER-D016-HYDRO02-LOWER,16,2,lower,7268,-3830.7744597826822,-3827.3462814704035,3830.7733803598176,3827.343844916888,3827.346280930692,3827.346280930692,3.4306143260826234,-0.0024360138038632684,-0.0024360138038632684,1,true,true,-0.0010794228646773263,-0.0024365535155084217,-5.397114364313893e-07,-5.3971143233860371e-07,-4.0927855917389871e-15,2.3283064365386963e-10,true
9,INEQ-WATER-D016-HYDRO03-UPPER,16,3,upper,7269,-10.444336602871772,-13.221171945329843,10.633814405817519,13.222018647968534,13.221266684231317,13.221266684231317,-2.7775873061952892,0.00075196373721819754,0.00075196373721819754,1,true,true,0.18947780294574734,0.00084670263869135454,9.4738901474045178e-05,9.4738901472863235e-05,1.1819429983350727e-15,9.0949470177292824e-13,true
9,INEQ-WATER-D016-HYDRO03-LOWER,16,3,lower,7270,-2019.3056633971282,-2016.5288280546702,2019.3053096937613,2016.5280759140812,2016.5288278778185,2016.5288278778185,2.7775873061952892,-0.00075196373721819754,-0.00075196373721819754,1,true,true,-0.00035370336695450533,-0.00075214058892925095,-1.7685169950709678e-07,-1.7685168347723317e-07,-1.6029863607493669e-14,1.1641532182693481e-10,true
9,INEQ-WATER-D016-HYDRO04-UPPER,16,4,upper,7271,-10.82160796183598,-13.704421456350246,11.00737114923726,13.705402886786914,13.704514337943946,13.704514337943946,-2.8837020433572333,0.00088854884296685199,0.00088854884296685199,1,true,true,0.18576318740127995,0.00098143043666709673,9.2881593699800646e-05,9.2881593700629749e-05,-8.2910295382682131e-16,9.0949470177292824e-13,true
9,INEQ-WATER-D016-HYDRO04-LOWER,16,4,lower,7272,-2060.428392038164,-2057.5455785436498,2060.428052765792,2057.5446898251707,2057.5455783740135,2057.5455783740135,2.8837020433572333,-0.00088854884296685199,-0.00088854884296685199,1,true,true,-0.00033927237200259697,-0.00088871847901828005,-1.6963622329058126e-07,-1.696361860012798e-07,-3.7289301458025116e-14,2.3283064365386963e-10,true
9,INEQ-WATER-D017-HYDRO01-UPPER,17,1,upper,7273,-6.1500424772530096,-9.4704432129074121,6.4619740689149907,9.4817970151590458,9.4705991787032424,9.4705991787032424,-3.3315985721102064,0.011197836455803856,0.011197836455803856,1,true,true,0.31193159166198114,0.011353802251633738,0.00015596579583032621,0.0001559657958309734,-6.4718738181090973e-16,9.0949470177292824e-13,true
9,INEQ-WATER-D017-HYDRO01-LOWER,17,1,lower,7274,-3851.2899575227493,-3847.9695567870949,3851.286675122049,3847.9583573094387,3847.9695551458944,3847.9695551458944,3.3315985721102064,-0.011197836455803856,-0.011197836455803856,1,true,true,-0.0032824007003000588,-0.011199477656191448,-1.6412004697485827e-06,-1.6412003501498487e-06,-1.1959873403488881e-13,2.3283064365386963e-10,true
9,INEQ-WATER-D017-HYDRO02-UPPER,17,2,upper,7275,-6.0779555221961346,-9.3731846816299367,6.3916272455013496,9.3842147560931863,9.3733415174915891,9.3733415174915891,-3.306102398035399,0.010873238601596835,0.010873238601596835,1,true,true,0.31367172330521509,0.011030074463249662,0.00015683586165238239,0.00015683586165259026,-2.0786866151978334e-16,9.0949470177292824e-13,true
9,INEQ-WATER-D017-HYDRO02-LOWER,17,2,lower,7276,-3838.6120444778062,-3835.3168153183724,3838.6087543250346,3835.3059404346945,3835.3168136732961,3835.3168136732961,3.306102398035399,-0.010873238601596835,-0.010873238601596835,1,true,true,-0.0032901527715694101,-0.010874883677843172,-1.645076281420188e-06,-1.645076385784524e-06,1.0436433592941126e-13,2.3283064365386963e-10,true
9,INEQ-WATER-D017-HYDRO03-UPPER,17,3,upper,7277,-8.7296402444080741,-11.275748956224561,8.9225943436233432,11.277883993317163,11.275845433274169,11.275845433274169,-2.5481472718594809,0.0020385600429939643,0.0020385600429939643,1,true,true,0.19295409921526918,0.0021350370926018769,9.6477049607912591e-05,9.6477049607623962e-05,2.8862817084279735e-16,9.0949470177292824e-13,true
9,INEQ-WATER-D017-HYDRO03-LOWER,17,3,lower,7278,-1994.6903597555902,-1992.1442510437737,1994.6892843691608,1992.1422119460374,1992.1442505060804,1992.1442505060804,2.5481472718594809,-0.0020385600429939643,-0.0020385600429939643,1,true,true,-0.0010753864294201776,-0.0020390977363149432,-5.3769326768815517e-07,-5.3769321471002961e-07,-5.2978125566394325e-14,1.1641532182693481e-10,true
9,INEQ-WATER-D017-HYDRO04-UPPER,17,4,upper,7279,-9.0142598962302145,-11.631322677989374,9.2045965751557048,11.63369682152015,11.631417846328837,11.631417846328837,-2.6193417569504729,0.0022789751913134815,0.0022789751913134815,1,true,true,0.19033667892549033,0.0023741435307762515,9.5168339463214124e-05,9.516833946273469e-05,4.7943420067309006e-16,9.0949470177292824e-13,true
9,INEQ-WATER-D017-HYDRO04-LOWER,17,4,lower,7280,-2025.4657401037693,-2022.8486773220102,2025.4646737370913,2022.8463978136356,2022.8486767888269,2022.8486767888269,2.6193417569504729,-0.0022789751913134815,-0.0022789751913134815,1,true,true,-0.0010663666780601488,-0.002279508374613215,-5.3318331083573867e-07,-5.3318333903001573e-07,2.8194277060659728e-14,1.1641532182693481e-10,true
9,INEQ-WATER-D018-HYDRO01-UPPER,18,1,upper,7281,-3.9588124729853007,-7.0921977049656562,4.2702617028917151,7.0947054706374475,7.0923534295806094,7.0923534295806094,-3.1357372730371935,0.0023520410568380612,0.0023520410568380612,1,true,true,0.31144922990641444,0.0025077656717913399,0.00015572461495327872,0.00015572461495319006,8.8660632655002125e-17,4.5474735088646412e-13,true
9,INEQ-WATER-D018-HYDRO01-LOWER,18,1,lower,7282,-3870.6511875270153,-3867.5178022950349,3870.6465916241714,3867.5154479560265,3867.5177999970833,3867.5177999970833,3.1357372730371935,-0.0023520410568380612,-0.0023520410568380612,1,true,true,-0.0045959028439028771,-0.0023543390084341809,-2.2979515961196739e-06,-2.2979514219511855e-06,-1.7416848840164523e-13,2.3283064365386963e-10,true
9,INEQ-WATER-D018-HYDRO02-UPPER,18,2,upper,7283,-4.0205278822395485,-7.1884335424838355,4.3299462878413575,7.1911277264017857,7.1885882516866371,7.1885882516866371,-3.170445134959436,0.0025394747151490371,0.0025394747151490371,1,true,true,0.309418405601809,0.002694183917950177,0.00015470920280158396,0.00015470920280088746,6.9649147560468805e-16,4.5474735088646412e-13,true
9,INEQ-WATER-D018-HYDRO02-LOWER,18,2,lower,7284,-3893.9594721177637,-3890.7915664575194,3893.9548619444317,3890.7890246777174,3890.7915641524323,3890.7915641524323,3.170445134959436,-0.0025394747151490371,-0.0025394747151490371,1,true,true,-0.0046101733319119376,-0.00254177980195891,-2.3050870368024334e-06,-2.3050866659557149e-06,-3.7084671855789589e-13,2.3283064365386963e-10,true
9,INEQ-WATER-D018-HYDRO03-UPPER,18,3,upper,7285,-8.5515375377617602,-10.916355665092851,8.7445425288858658,10.918460508557992,10.916452167588414,10.916452167588414,-2.3668264683006686,0.0020083409695774712,0.0020083409695774712,1,true,true,0.19300499112410563,0.0021048434651405046,9.6502495562589274e-05,9.6502495562042186e-05,5.4708841623618554e-16,9.0949470177292824e-13,true
9,INEQ-WATER-D018-HYDRO03-LOWER,18,3,lower,7286,-1992.4584624622403,-1990.0936443349092,1992.4575877157104,1990.0916355565664,1990.0936438975359,1990.0936438975359,2.3668264683006686,-0.0020083409695774712,-0.0020083409695774712,1,true,true,-0.00087474652991659241,-0.0020087783427698014,-4.3737327359849587e-07,-4.3737326495824804e-07,-8.6402478287126827e-15,1.1641532182693481e-10,true
9,INEQ-WATER-D018-HYDRO04-UPPER,18,4,upper,7287,-8.5740859723518952,-10.9459214508679,8.7671020259173158,10.948007756188591,10.946017958894682,10.946017958894682,-2.3738252758099132,0.0019897972939086905,0.0019897972939086905,1,true,true,0.19301605356542062,0.0020863053206916504,9.6508026782515799e-05,9.650802678269968e-05,-1.8388068845354155e-16,9.0949470177292824e-13,true
9,INEQ-WATER-D018-HYDRO04-LOWER,18,4,lower,7288,-1998.4659140276453,-1996.0940785491293,1998.4650380498547,1996.0920883138465,1996.0940781111403,1996.0940781111403,2.3738252758099132,-0.0019897972939086905,-0.0019897972939086905,1,true,true,-0.00087597779065617942,-0.0019902352828466974,-4.3798900151159614e-07,-4.379888953280415e-07,-1.0618355464764583e-13,1.1641532182693481e-10,true
9,INEQ-WATER-D019-HYDRO01-UPPER,19,1,upper,7289,-5.1319917466244078,-8.051227662646852,5.4438361913547464,8.0523454650181776,8.0513835848692175,8.0513835848692175,-2.9201977961714047,0.00096188014896059215,0.00096188014896059215,1,true,true,0.31184444473033857,0.001117802371325638,0.00015592222236548992,0.00015592222236515211,3.3781029189217104e-16,9.0949470177292824e-13,true
9,INEQ-WATER-D019-HYDRO01-LOWER,19,1,lower,7290,-3854.748008253373,-3851.8287723373505,3854.7445577026633,3851.8278087319263,3851.8287706120755,3851.8287706120755,2.9201977961714047,-0.00096188014896059215,-0.00096188014896059215,1,true,true,-0.0034505507096582733,-0.00096360542420370621,-1.725275069475174e-06,-1.7252753548289467e-06,2.8535377270870682e-13,2.3283064365386963e-10,true
9,INEQ-WATER-D019-HYDRO02-UPPER,19,2,upper,7291,-5.0626405894436175,-7.9380910954205319,5.378216351269792,7.9392688062000847,7.9382488833014451,7.9382488833014451,-2.876470428875554,0.0010199228986396136,0.0010199228986396136,1,true,true,0.31557576182617453,0.0011777107795527542,0.00015778788091314055,0.00015778788091306989,7.0662876591742751e-17,4.5474735088646412e-13,true
9,INEQ-WATER-D019-HYDRO02-LOWER,19,2,lower,7292,-3822.4873594105593,-3819.6119089045824,3822.4839580501421,3819.6108872810037,3819.6119072039023,3819.6119072039023,2.876470428875554,-0.0010199228986396136,-0.0010199228986396136,1,true,true,-0.003401360417228716,-0.001021623578708386,-1.7006800590024795e-06,-1.7006802086141707e-06,1.4961169120670777e-13,2.3283064365386963e-10,true
9,INEQ-WATER-D019-HYDRO03-UPPER,19,3,upper,7293,-9.0110831271158531,-11.361347689628019,9.200181089090643,11.364895880868996,11.361442238609005,11.361442238609005,-2.3537182047721563,0.0034536422599904526,0.0034536422599904526,1,true,true,0.1890979619747899,0.003548191240977161,9.4548980985820208e-05,9.4548980987384535e-05,-1.564327552043554e-15,9.0949470177292824e-13,true
9,INEQ-WATER-D019-HYDRO03-LOWER,19,3,lower,7294,-2026.5389168728834,-2024.1886523103713,2026.5383368240591,2024.1851983780869,2024.1886520203468,2024.1886520203468,2.3537182047721563,-0.0034536422599904526,-0.0034536422599904526,1,true,true,-0.0005800488243039581,-0.0034539322844011622,-2.9002444534853566e-07,-2.9002441215194709e-07,-3.3196588578770695e-14,1.1641532182693481e-10,true
9,INEQ-WATER-D019-HYDRO04-UPPER,19,4,upper,7295,-8.9514176650991431,-11.28640675634233,9.1417673509339643,11.289949122637356,11.286501931185247,11.286501931185247,-2.3384362826952967,0.003447191452109255,0.003447191452109255,1,true,true,0.19034968583482126,0.0035423662950258006,9.5174842916989633e-05,9.5174842917400152e-05,-4.1051960008448019e-16,9.0949470177292824e-13,true
9,INEQ-WATER-D019-HYDRO04-LOWER,19,4,lower,7296,-2020.7185823349027,-2018.3835932436596,2020.7180051882351,2018.3801457636341,2018.3835929550862,2018.3835929550862,2.3384362826952967,-0.003447191452109255,-0.003447191452109255,1,true,true,-0.00057714666763786227,-0.0034474800254429283,-2.8857334655185696e-07,-2.8857333381889935e-07,-1.273295761100289e-14,1.1641532182693481e-10,true
9,INEQ-WATER-D020-HYDRO01-UPPER,20,1,upper,7297,-3.8285765844993875,-6.8831074761328637,4.1446193057206138,6.8842709965142328,6.8832654974934746,6.8832654974934746,-3.0555363906542343,0.0010054990207581938,0.0010054990207581938,1,true,true,0.31604272122122623,0.0011635203813691319,0.00015802136061093819,0.00015802136061059572,3.4247236123385871e-16,4.5474735088646412e-13,true
9,INEQ-WATER-D020-HYDRO01-LOWER,20,1,lower,7298,-3825.4214234155006,-3822.3668925238671,3825.4169780890415,3822.3658848021832,3822.366890301204,3822.366890301204,3.0555363906542343,-0.0010054990207581938,-0.0010054990207581938,1,true,true,-0.004445326459062926,-0.0010077216838908498,-2.22266316995956e-06,-2.2226632295312182e-06,5.9571658197321966e-14,2.3283064365386963e-10,true
9,INEQ-WATER-D020-HYDRO02-UPPER,20,2,upper,7299,-3.8634925669830409,-6.992237180355005,4.174879621913556,6.9935420564092894,6.9923928738824692,6.9923928738824692,-3.1298937958987838,0.0011491825268197253,0.0011491825268197253,1,true,true,0.31138705493051511,0.0013048760542844207,0.00015569352746425125,0.00015569352746524042,-9.8917185206714997e-16,4.5474735088646412e-13,true
9,INEQ-WATER-D020-HYDRO02-LOWER,20,2,lower,7300,-3874.6665074330158,-3871.5377628196438,3874.6619634556187,3871.5366113651285,3871.5377605476551,3871.5377605476551,3.1298937958987838,-0.0011491825268197253,-0.0011491825268197253,1,true,true,-0.0045439773971338582,-0.0011514545153659128,-2.271988705615513e-06,-2.2719886985666789e-06,-7.0488341217796267e-15,2.3283064365386963e-10,true
9,INEQ-WATER-D020-HYDRO03-UPPER,20,3,upper,7301,-8.7957727000502928,-11.184954784952424,8.9882014308640841,11.188777369269724,11.185050999317831,11.185050999317831,-2.3929084548540245,0.003726369951893016,0.003726369951893016,1,true,true,0.1924287308137913,0.0038225843172998708,9.6214365406410707e-05,9.6214365406885059e-05,-4.7435200298956426e-16,9.0949470177292824e-13,true
9,INEQ-WATER-D020-HYDRO03-LOWER,20,3,lower,7302,-1996.5842272999507,-1994.1950452150486,1996.583471663821,1994.1913184672787,1994.1950448372306,1994.1950448372306,2.3929084548540245,-0.003726369951893016,-0.003726369951893016,1,true,true,-0.00075563612972473493,-0.0037267477698605944,-3.7781796891067643e-07,-3.7781806486232586e-07,9.5951649431209076e-14,1.1641532182693481e-10,true
9,INEQ-WATER-D020-HYDRO04-UPPER,20,4,upper,7303,-8.9447309788665734,-11.376651272239542,9.1353498338331267,11.380267951013508,11.376746581667025,11.376746581667025,-2.4354416627194508,0.0035213693464823947,0.0035213693464823947,1,true,true,0.19061885496655329,0.0036166787739659867,9.5309427482703768e-05,9.5309427483266144e-05,-5.6237566686823115e-16,9.0949470177292824e-13,true
9,INEQ-WATER-D020-HYDRO04-LOWER,20,4,lower,7304,-2019.915269021134,-2017.483348727761,2019.9145073162422,2017.4798269775622,2017.4833483469088,2017.4833483469088,2.4354416627194508,-0.0035213693464823947,-0.0035213693464823947,1,true,true,-0.00076170489182914025,-0.0035217501988427102,-3.8085227060946636e-07,-3.8085244591452819e-07,1.7530506182716608e-13,1.1641532182693481e-10,true
10,INEQ-WATER-D014-HYDRO01-UPPER,14,1,upper,7249,-10.211957681465719,-13.637483938582591,10.212111583170566,13.67004763585901,13.637484015533445,13.637484015533445,-3.4580898774424371,0.032563620325565701,0.032563620325565701,1,true,true,0.00015390170484685939,0.03256369727641939,7.6950854577262362e-08,7.6950852423421213e-08,2.1538411486901881e-15,9.0949470177292824e-13,true
10,INEQ-WATER-D014-HYDRO01-LOWER,14,1,lower,7250,-3881.3380423185372,-3877.9125160614203,3881.3380409578531,3877.8799524404144,3877.91251606074,3877.91251606074,3.4580898774424371,-0.032563620325565701,-0.032563620325565701,1,true,true,-1.3606841093860567e-06,-0.03256362100592014,-6.8030203692615032e-10,-6.8034205469295335e-10,4.0017766803029883e-14,2.3283064365386963e-10,true
10,INEQ-WATER-D014-HYDRO02-UPPER,14,2,upper,7251,-9.8205325282906415,-13.135361106724304,9.820689638818358,13.164262731568272,13.135361185279567,13.135361185279567,-3.3437301247223661,0.028901546288703894,0.028901546288703894,1,true,true,0.00015711052771649747,0.028901624843967966,7.8555263627322347e-08,7.8555263858240085e-08,-2.3091773826866313e-16,9.0949470177292824e-13,true
10,INEQ-WATER-D014-HYDRO02-LOWER,14,2,lower,7252,-3824.3394674717056,-3821.0246388932719,3824.3394661025618,3820.9957373462985,3821.0246388925871,3821.0246388925871,3.3437301247223661,-0.028901546288703894,-0.028901546288703894,1,true,true,-1.3691437743545976e-06,-0.028901546973429504,-6.8484951043501496e-10,-6.845718871772234e-10,-2.7762325779156401e-13,2.3283064365386963e-10,true
10,INEQ-WATER-D014-HYDRO03-UPPER,14,3,upper,7253,-11.93952922229073,-14.646317261875083,11.939625302417417,14.649105428754901,14.646317309915148,14.646317309915148,-2.7095761584241069,0.0027881188397538281,0.0027881188397538281,1,true,true,9.6080126686715062e-05,0.0027881668798173109,4.8040064370979962e-08,4.8040063343352239e-08,1.0276277235902015e-15,9.0949470177292824e-13,true
10,INEQ-WATER-D014-HYDRO03-LOWER,14,3,lower,7254,-1993.5704707777113,-1990.863682738127,1993.5704705273861,1990.8608946191621,1990.8636827380019,1990.8636827380019,2.7095761584241069,-0.0027881188397538281,-0.0027881188397538281,1,true,true,-2.5032522898982279e-07,-0.0027881189648724103,-1.2505552149377763e-10,-1.2516261449489762e-10,1.070930011199854e-13,1.1641532182693481e-10,true
10,INEQ-WATER-D014-HYDRO04-UPPER,14,4,upper,7255,-11.933885926715448,-14.639571687628631,11.933982205429887,14.64235623910886,14.639571735767987,14.639571735767987,-2.7084702642540561,0.0027845033408722131,0.0027845033408722131,1,true,true,9.627871443917968e-05,0.0027845514802287141,4.8139355612875079e-08,4.813935721958454e-08,-1.6067094609817987e-15,9.0949470177292824e-13,true
10,INEQ-WATER-D014-HYDRO04-LOWER,14,4,lower,7256,-1995.8961140732863,-1993.1904283123731,1995.896113822984,1993.1876438089071,1993.1904283122478,1993.1904283122478,2.7084702642540561,-0.0027845033408722131,-0.0027845033408722131,1,true,true,-2.5030226424860302e-07,-0.0027845034660458623,-1.2528289516922086e-10,-1.2515113212428772e-10,-1.317630449331427e-13,1.1641532182693481e-10,true
10,INEQ-WATER-D015-HYDRO01-UPPER,15,1,upper,7257,-7.4978182668128284,-10.661714339876198,7.4979731450617439,10.676827786371087,10.661714417315324,10.661714417315324,-3.1790094421191339,0.015113369055764103,0.015113369055764103,1,true,true,0.00015487824891557977,0.015113446494888549,7.7439125334421988e-08,7.7439124457781361e-08,8.7664062658354978e-16,9.0949470177292824e-13,true
10,INEQ-WATER-D015-HYDRO01-LOWER,15,1,lower,7258,-3878.5621817331848,-3875.3982856601215,3878.5621796827345,3875.3831722900404,3875.398285659096,3875.398285659096,3.1790094421191339,-0.015113369055764103,-0.015113369055764103,1,true,true,-2.0504503481788561e-06,-0.01511337008105329,-1.0254552762489766e-09,-1.0252251740893152e-09,-2.3010215966139648e-13,2.3283064365386963e-10,true
10,INEQ-WATER-D015-HYDRO02-UPPER,15,2,upper,7259,-7.2260183745747781,-10.29015533409256,7.226176502106977,10.302243377541348,10.290155413156326,10.290155413156326,-3.0762249239028048,0.012087964385022687,0.012087964385022687,1,true,true,0.00015812753219890396,0.012088043448788,7.9063765312525902e-08,7.906376609944328e-08,-7.8691737786132734e-16,9.0949470177292824e-13,true
10,INEQ-WATER-D015-HYDRO02-LOWER,15,2,lower,7260,-3820.1739816254267,-3817.1098446659089,3820.1739795932003,3817.0977567005079,3817.109844664893,3817.109844664893,3.0762249239028048,-0.012087964385022687,-0.012087964385022687,1,true,true,-2.032226348092081e-06,-0.012087965400951362,-1.0159055818803608e-09,-1.0161131740459285e-09,2.0759216556769378e-13,2.3283064365386963e-10,true
10,INEQ-WATER-D015-HYDRO03-UPPER,15,3,upper,7261,-11.233869632593269,-13.723446729851275,11.233965321131436,13.725715080424123,13.723446777695544,13.723446777695544,-2.4918453999865857,0.0022683027285790303,0.0022683027285790303,1,true,true,9.5688538166882608e-05,0.0022683505728480213,4.7844268991070749e-08,4.7844269083436032e-08,-9.2365283451051517e-17,9.0949470177292824e-13,true
10,INEQ-WATER-D015-HYDRO03-LOWER,15,3,lower,7262,-2003.2961303674056,-2000.8065532701476,2003.2961300367722,2000.8042849672536,2000.8065532699823,2000.8065532699823,2.4918453999865857,-0.0022683027285790303,-0.0022683027285790303,1,true,true,-3.3063338378269691e-07,-0.0022683028939809446,-1.6530066204722971e-10,-1.6531669189133024e-10,1.6029844100532723e-14,1.1641532182693481e-10,true
10,INEQ-WATER-D015-HYDRO04-UPPER,15,4,upper,7263,-11.913871099361131,-14.576863084719662,11.913963033308724,14.579408874868388,14.576863130686634,14.576863130686634,-2.6655377295402842,0.0025457441817535731,0.0025457441817535731,1,true,true,9.1933947592437448e-05,0.0025457901487264678,4.5966972450628418e-08,4.5966973796213662e-08,-1.3455852440297365e-15,9.0949470177292824e-13,true
10,INEQ-WATER-D015-HYDRO04-LOWER,15,4,lower,7264,-2080.7961289006416,-2078.1331369152831,2080.7961285563279,2078.1305911709292,2078.1331369151108,2078.1331369151108,2.6655377295402842,-0.0025457441817535731,-0.0025457441817535731,1,true,true,-3.4431377571308985e-07,-0.002545744353938062,-1.723492459859699e-10,-1.7215688785652598e-10,-1.9235812944392276e-13,2.3283064365386963e-10,true
10,INEQ-WATER-D016-HYDRO01-UPPER,16,1,upper,7265,-13.316765334697266,-17.049166864293511,13.316921798840198,17.054032313033133,17.049166942525584,17.049166942525584,-3.7372669001037955,0.004865370507550093,0.004865370507550093,1,true,true,0.00015646414293257749,0.0048654487396220247,7.8232073263961865e-08,7.8232071466280125e-08,1.7976817408803247e-15,1.8189894035458565e-12,true
10,INEQ-WATER-D016-HYDRO01-LOWER,16,1,lower,7266,-3813.5732346653022,-3809.8408331357059,3813.5732341233738,3809.8359677649273,3809.8408331354349,3809.8408331354349,3.7372669001037955,-0.004865370507550093,-0.004865370507550093,1,true,true,-5.4192832976696081e-07,-0.00486537077858884,-2.7102942112833261e-10,-2.7096416488345057e-10,-6.525624488204566e-14,2.3283064365386963e-10,true
10,INEQ-WATER-D016-HYDRO02-UPPER,16,2,upper,7267,-13.413718529591279,-17.173753154602309,13.413874465967549,17.178685508069982,17.173753232570494,17.173753232570494,-3.7649669005105175,0.0049322754994869378,0.0049322754994869378,1,true,true,0.00015593637627020485,0.0049323534676730674,7.7968184797327922e-08,7.7968188135093835e-08,-3.3377659129542602e-15,1.8189894035458565e-12,true
10,INEQ-WATER-D016-HYDRO02-LOWER,16,2,lower,7268,-3827.3462814704035,-3823.5862468453925,3827.346280930692,3823.5813145696229,3823.5862468451223,3823.5862468451223,3.7649669005105175,-0.0049322754994869378,-0.0049322754994869378,1,true,true,-5.397114364313893e-07,-0.0049322757695335895,-2.7011992642655969e-10,-2.6985571821566492e-10,-2.6420821089477031e-13,2.3283064365386963e-10,true
10,INEQ-WATER-D016-HYDRO03-UPPER,16,3,upper,7269,-13.221171945329843,-16.317650325861905,13.221266684231317,16.318265686621451,16.317650373231356,16.317650373231356,-3.0970936939221576,0.00061531339009546215,0.00061531339009546215,1,true,true,9.4738901474045178e-05,0.0006153607595464905,4.7369450584255901e-08,4.7369450737017373e-08,-1.5276147221247191e-16,1.8189894035458565e-12,true
10,INEQ-WATER-D016-HYDRO03-LOWER,16,3,lower,7270,-2016.5288280546702,-2013.4323496741381,2016.5288278778185,2013.4317343606597,2013.4323496740499,2013.4323496740499,3.0970936939221576,-0.00061531339009546215,-0.00061531339009546215,1,true,true,-1.7685169950709678e-07,-0.00061531347841992101,-8.8220986071974039e-11,-8.8425849753538648e-11,2.0486368156460924e-13,1.1641532182693481e-10,true
10,INEQ-WATER-D016-HYDRO04-UPPER,16,4,upper,7271,-13.704421456350246,-16.930665862004389,13.704514337943946,16.931382794205042,16.930665908445185,16.930665908445185,-3.2269612914139989,0.00071688575985628944,0.00071688575985628944,1,true,true,9.2881593699800646e-05,0.00071693220065327523,4.6440796097613202e-08,4.644079684989521e-08,-7.5228200874219689e-16,1.8189894035458565e-12,true
10,INEQ-WATER-D016-HYDRO04-LOWER,16,4,lower,7272,-2057.5455785436498,-2054.3193341379956,2057.5455783740135,2054.3186172521509,2054.3193341379106,2054.3193341379106,3.2269612914139989,-0.00071688575985628944,-0.00071688575985628944,1,true,true,-1.6963622329058126e-07,-0.00071688584466755856,-8.503775461576879e-11,-8.4818111645281282e-11,-2.1964297048750859e-13,2.3283064365386963e-10,true
10,INEQ-WATER-D017-HYDRO01-UPPER,17,1,upper,7273,-9.4704432129074121,-13.075831817259314,9.4705991787032424,13.088331020097224,13.075831895242212,13.075831895242212,-3.6178877292069131,0.012499124855011701,0.012499124855011701,1,true,true,0.00015596579583032621,0.012499202837910062,7.7982898361028674e-08,7.7982897915154514e-08,4.4587415973283364e-16,9.0949470177292824e-13,true
10,INEQ-WATER-D017-HYDRO01-LOWER,17,1,lower,7274,-3847.9695567870949,-3844.364168182743,3847.9695551458944,3844.3516690570673,3844.3641681819222,3844.3641681819222,3.6178877292069131,-0.012499124855011701,-0.012499124855011701,1,true,true,-1.6412004697485827e-06,-0.012499125675731193,-8.2081896835006773e-10,-8.2060023487420098e-10,-2.1873347586675624e-13,2.3283064365386963e-10,true
10,INEQ-WATER-D017-HYDRO02-UPPER,17,2,upper,7275,-9.3731846816299367,-12.946937629574677,9.3733415174915891,12.959124540349613,12.946937707992607,12.946937707992607,-3.5859397803017456,0.012186832357005351,0.012186832357005351,1,true,true,0.00015683586165238239,0.012186910774936166,7.8417929927354635e-08,7.8417930826182562e-08,-8.9882792671793714e-16,9.0949470177292824e-13,true
10,INEQ-WATER-D017-HYDRO02-LOWER,17,2,lower,7276,-3835.3168153183724,-3831.7430623704277,3835.3168136732961,3831.7308755372483,3831.7430623696055,3831.7430623696055,3.5859397803017456,-0.012186832357005351,-0.012186832357005351,1,true,true,-1.645076281420188e-06,-0.012186833179384848,-8.2218321040272713e-10,-8.2253814071000347e-10,3.5493030727634288e-13,2.3283064365386963e-10,true
10,INEQ-WATER-D017-HYDRO03-UPPER,17,3,upper,7277,-11.275748956224561,-14.063856350549031,11.275845433274169,14.065289352133133,14.063856398787557,14.063856398787557,-2.7895403476700471,0.001432953345577026,0.001432953345577026,1,true,true,9.6477049607912591e-05,0.0014330015841022004,4.8238526062505116e-08,4.8238524803950985e-08,1.2585541307116842e-15,9.0949470177292824e-13,true
10,INEQ-WATER-D017-HYDRO03-LOWER,17,3,lower,7278,-1992.1442510437737,-1989.3561436494492,1992.1442505060804,1989.3547106958349,1989.3561436491805,1989.3561436491805,2.7895403476700471,-0.001432953345577026,-0.001432953345577026,1,true,true,-5.3769326768815517e-07,-0.0014329536143122823,-2.6875568437390029e-10,-2.6884663384404798e-10,9.0949470147690098e-14,1.1641532182693481e-10,true
10,INEQ-WATER-D017-HYDRO04-UPPER,17,4,upper,7279,-11.631322677989374,-14.50627013547637,11.631417846328837,14.507868606877155,14.50627018306054,14.50627018306054,-2.8765458813036111,0.0015984238166146802,0.0015984238166146802,1,true,true,9.5168339463214124e-05,0.0015984714007846179,4.7584169493575246e-08,4.758416973160182e-08,-2.3802657477505816e-16,9.0949470177292824e-13,true
10,INEQ-WATER-D017-HYDRO04-LOWER,17,4,lower,7280,-2022.8486773220102,-2019.9737298645232,2022.8486767888269,2019.9721314404401,2019.9737298642567,2019.9737298642567,2.8765458813036111,-0.0015984238166146802,-0.0015984238166146802,1,true,true,-5.3318331083573867e-07,-0.0015984240831130592,-2.6648194761946797e-10,-2.6659165541783998e-10,1.097077983720111e-13,1.1641532182693481e-10,true
10,INEQ-WATER-D018-HYDRO01-UPPER,18,1,upper,7281,-7.0921977049656562,-10.35969226169982,7.0923534295806094,10.371318030928991,10.359692339562127,10.359692339562127,-3.279120248101028,0.011625691366864199,0.011625691366864199,1,true,true,0.00015572461495327872,0.011625769229171468,7.7862306824272309e-08,7.7862307476630788e-08,-6.5235847824922784e-16,9.0949470177292824e-13,true
10,INEQ-WATER-D018-HYDRO01-LOWER,18,1,lower,7282,-3867.5178022950349,-3864.2503077383008,3867.5177999970833,3864.238682045785,3864.2503077371521,3864.2503077371521,3.279120248101028,-0.011625691366864199,-0.011625691366864199,1,true,true,-2.2979515961196739e-06,-0.011625692515735864,-1.1486918083392084e-09,-1.1489757980597104e-09,2.8398972050199189e-13,2.3283064365386963e-10,true
10,INEQ-WATER-D018-HYDRO02-UPPER,18,2,upper,7283,-7.1884335424838355,-10.49647349875886,7.1885882516866371,10.50857105934392,10.496473576113461,10.496473576113461,-3.3201374395054835,0.012097483230459005,0.012097483230459005,1,true,true,0.00015470920280158396,0.012097560585059952,7.7354600946932806e-08,7.7354601400783461e-08,-4.5385065576223759e-16,9.0949470177292824e-13,true
10,INEQ-WATER-D018-HYDRO02-LOWER,18,2,lower,7284,-3890.7915664575194,-3887.4835265012443,3890.7915641524323,3887.4714290168613,3887.4835265000916,3887.4835265000916,3.3201374395054835,-0.012097483230459005,-0.012097483230459005,1,true,true,-2.3050870368024334e-06,-0.01209748438304814,-1.1527845344971865e-09,-1.1525435184010899e-09,-2.410160960966824e-13,2.3283064365386963e-10,true
10,INEQ-WATER-D018-HYDRO03-UPPER,18,3,upper,7285,-10.916355665092851,-13.420507983231801,10.916452167588414,13.422655211565081,13.420508031483049,13.420508031483049,-2.5062994982209821,0.0021471800820327402,0.0021471800820327402,1,true,true,9.6502495562589274e-05,0.0021472283332801823,4.8251248330188901e-08,4.8251247781289323e-08,5.4889957781820714e-16,9.0949470177292824e-13,true
10,INEQ-WATER-D018-HYDRO03-LOWER,18,3,lower,7286,-1990.0936443349092,-1987.5894920167702,1990.0936438975359,1987.5873448364696,1987.5894920165515,1987.5894920165515,2.5062994982209821,-0.0021471800820327402,-0.0021471800820327402,1,true,true,-4.3737327359849587e-07,-0.0021471803006534174,-2.1873347577638924e-10,-2.1868663679922384e-10,-4.6838977165401369e-14,1.1641532182693481e-10,true
10,INEQ-WATER-D018-HYDRO04-UPPER,18,4,upper,7287,-10.9459214508679,-13.458111684511096,10.946017958894682,13.460275059251746,13.45811173276511,13.45811173276511,-2.5143535601298321,0.0021633264866363078,0.0021633264866363078,1,true,true,9.6508026782515799e-05,0.0021633747406504256,4.8254014117787847e-08,4.8254013391252582e-08,7.2653526440521015e-16,9.0949470177292824e-13,true
10,INEQ-WATER-D018-HYDRO04-LOWER,18,4,lower,7288,-1996.0940785491293,-1993.5818883154861,1996.0940781111403,1993.5797249887805,1993.5818883152672,1993.5818883152672,2.5143535601298321,-0.0021633264866363078,-0.0021633264866363078,1,true,true,-4.3798900151159614e-07,-0.0021633267056131444,-2.1896084945183247e-10,-2.1899450075577396e-10,3.3651303941486444e-14,1.1641532182693481e-10,true
10,INEQ-WATER-D019-HYDRO01-UPPER,19,1,upper,7289,-8.051227662646852,-10.988212267235212,8.0513835848692175,11.01331795757063,10.988212345196324,10.988212345196324,-2.9620902169626673,0.025105612374306752,0.025105612374306752,1,true,true,0.00015592222236548992,0.025105690335417208,7.796111134439343e-08,7.7961111182736371e-08,1.6165705854665087e-16,9.0949470177292824e-13,true
10,INEQ-WATER-D019-HYDRO01-LOWER,19,1,lower,7290,-3851.8287723373505,-3848.8917877327622,3851.8287706120755,3848.8666821195252,3848.8917877318995,3848.8917877318995,2.9620902169626673,-0.025105612374306752,-0.025105612374306752,1,true,true,-1.725275069475174e-06,-0.025105613236974023,-8.6265572463162243e-10,-8.6263753473749197e-10,-1.8189894130464394e-14,2.3283064365386963e-10,true
10,INEQ-WATER-D019-HYDRO02-UPPER,19,2,upper,7291,-7.9380910954205319,-10.826124032719235,7.9382488833014451,10.850218111932911,10.826124111613176,10.826124111613176,-2.9121269376184382,0.024094000319734743,0.024094000319734743,1,true,true,0.00015778788091314055,0.024094079213675457,7.889394026960872e-08,7.8893940456561584e-08,-1.869528637183431e-16,9.0949470177292824e-13,true
10,INEQ-WATER-D019-HYDRO02-LOWER,19,2,lower,7292,-3819.6119089045824,-3816.7238759672837,3819.6119072039023,3816.6997819661137,3816.7238759664333,3816.7238759664333,2.9121269376184382,-0.024094000319734743,-0.024094000319734743,1,true,true,-1.7006800590024795e-06,-0.024094001169942203,-8.503775461576879e-10,-8.503400295011461e-10,-3.7516656541803222e-14,2.3283064365386963e-10,true
10,INEQ-WATER-D019-HYDRO03-UPPER,19,3,upper,7293,-11.361347689628019,-13.807505351109285,11.361442238609005,13.81167265588833,13.807505398383777,13.807505398383777,-2.4503249189858196,0.004167257504553934,0.004167257504553934,1,true,true,9.4548980985820208e-05,0.0041673047790453666,4.7274491876692082e-08,4.7274490492904898e-08,1.3837871843396241e-15,9.0949470177292824e-13,true
10,INEQ-WATER-D019-HYDRO03-LOWER,19,3,lower,7294,-2024.1886523103713,-2021.74249464889,2024.1886520203468,2021.7383273912403,2021.7424946487449,2021.7424946487449,2.4503249189858196,-0.004167257504553934,-0.004167257504553934,1,true,true,-2.9002444534853566e-07,-0.0041672576496694091,-1.4506440493278205e-10,-1.4501222267425185e-10,-5.2182258530203507e-14,1.1641532182693481e-10,true
10,INEQ-WATER-D019-HYDRO04-UPPER,19,4,upper,7295,-11.28640675634233,-13.715650061691122,11.286501931185247,13.719720396077907,13.715650109278542,13.715650109278542,-2.4333135921481555,0.0040702867993642755,0.0040702867993642755,1,true,true,9.5174842916989633e-05,0.0040703343867853903,4.7587420226591348e-08,4.7587421458489577e-08,-1.231898228854718e-15,9.0949470177292824e-13,true
10,INEQ-WATER-D019-HYDRO04-LOWER,19,4,lower,7296,-2018.3835932436596,-2015.9543499383108,2018.3835929550862,2015.9502796513671,2015.9543499381664,2015.9543499381664,2.4333135921481555,-0.0040702867993642755,-0.0040702867993642755,1,true,true,-2.8857334655185696e-07,-0.0040702869437154732,-1.4438228390645236e-10,-1.4428667327591259e-10,-9.5610630539764464e-14,1.1641532182693481e-10,true
10,INEQ-WATER-D020-HYDRO01-UPPER,20,1,upper,7297,-6.8831074761328637,-10.063328466210805,6.8832654974934746,10.06976167642903,10.063328545221486,10.063328545221486,-3.1866541212854855,0.0064331312075438518,0.0064331312075438518,1,true,true,0.00015802136061093819,0.0064332102182245166,7.9010680664737265e-08,7.9010680305460392e-08,3.5927687286756339e-16,9.0949470177292824e-13,true
10,INEQ-WATER-D020-HYDRO01-LOWER,20,1,lower,7298,-3822.3668925238671,-3819.1866715337892,3822.366890301204,3819.1802384014704,3819.1866715326778,3819.1866715326778,3.1866541212854855,-0.0064331312075438518,-0.0064331312075438518,1,true,true,-2.22266316995956e-06,-0.0064331323187616363,-1.1114025255665183e-09,-1.1113315849796576e-09,-7.0940586860687972e-14,2.3283064365386963e-10,true
10,INEQ-WATER-D020-HYDRO02-UPPER,20,2,upper,7299,-6.992237180355005,-10.259566927088599,6.9923928738824692,10.267442266546858,10.259567004935363,10.259567004935363,-3.2752050083450905,0.0078752616114963203,0.0078752616114963203,1,true,true,0.00015569352746425125,0.0078753394582591341,7.7846763701927557e-08,7.7846763732117055e-08,-3.0189498319784544e-17,9.0949470177292824e-13,true
10,INEQ-WATER-D020-HYDRO02-LOWER,20,2,lower,7300,-3871.5377628196438,-3868.2704330729102,3871.5377605476551,3868.2625578101629,3868.2704330717743,3868.2704330717743,3.2752050083450905,-0.0078752616114963203,-0.0078752616114963203,1,true,true,-2.271988705615513e-06,-0.0078752627473477332,-1.1359588825143874e-09,-1.1359943528076314e-09,3.5470293244021553e-14,2.3283064365386963e-10,true
10,INEQ-WATER-D020-HYDRO03-UPPER,20,3,upper,7301,-11.184954784952424,-13.729771728769265,11.185050999317831,13.732249378755455,13.729771776876447,13.729771776876447,-2.5472945456958489,0.002477601879008251,0.002477601879008251,1,true,true,9.6214365406410707e-05,0.0024776499861900447,4.8107182237799861e-08,4.8107182703200056e-08,-4.6540019484351129e-16,9.0949470177292824e-13,true
10,INEQ-WATER-D020-HYDRO03-LOWER,20,3,lower,7302,-1994.1950452150486,-1991.6502282712318,1994.1950448372306,1991.6477506691638,1991.6502282710428,1991.6502282710428,2.5472945456958489,-0.002477601879008251,-0.002477601879008251,1,true,true,-3.7781796891067643e-07,-0.0024776020679837529,-1.8894752429332584e-10,-1.8890898445531741e-10,-3.8539838008429979e-14,1.1641532182693481e-10,true
10,INEQ-WATER-D020-HYDRO04-UPPER,20,4,upper,7303,-11.376651272239542,-13.971090777580685,11.376746581667025,13.973483224707776,13.971090825235398,13.971090825235398,-2.59683190481352,0.002392399472377349,0.002392399472377349,1,true,true,9.5309427482703768e-05,0.0023924471270913017,4.7654713952738348e-08,4.7654713741346638e-08,2.1139170977543039e-16,9.0949470177292824e-13,true
10,INEQ-WATER-D020-HYDRO04-LOWER,20,4,lower,7304,-2017.483348727761,-2014.8889092224199,2017.4833483469088,2014.8865168227571,2014.8889092222296,2014.8889092222296,2.59683190481352,-0.002392399472377349,-0.002392399472377349,1,true,true,-3.8085227060946636e-07,-0.002392399662767275,-1.9031176634598523e-10,-1.904261353047122e-10,1.1436895872696574e-13,1.1641532182693481e-10,true
11,INEQ-WATER-D014-HYDRO01-UPPER,14,1,upper,7249,-13.637483938582591,-13.870934514394321,13.637484015533445,14.014036277155023,13.870934581805084,13.870934581805084,-0.37655227116167017,0.14310169534993994,0.14310169534993994,1,true,true,7.6950854577262362e-08,0.1431017627607023,6.7410763193720413e-08,6.7410761829155325e-08,1.3645650884732229e-15,9.0949470177292824e-13,true
11,INEQ-WATER-D014-HYDRO01-LOWER,14,1,lower,7250,-3877.9125160614203,-3877.6790654856086,3877.91251606074,3877.5359637896627,3877.6790654850124,3877.6790654850124,0.37655227116167017,-0.14310169534993994,-0.14310169534993994,1,true,true,-6.8030203692615032e-10,-0.14310169594591571,-5.9617377701215446e-10,-5.9596061453836914e-10,-2.1316247378532009e-13,2.3283064365386963e-10,true
11,INEQ-WATER-D014-HYDRO02-UPPER,14,2,upper,7251,-13.135361106724304,-13.375322451480315,13.135361185279567,13.501590211661105,13.375322520296578,13.375322520296578,-0.36622903612053859,0.1262676913645272,0.1262676913645272,1,true,true,7.8555263627322347e-08,0.12626776018078978,6.8816262910331716e-08,6.881626196225057e-08,9.4808114559532099e-16,9.0949470177292824e-13,true
11,INEQ-WATER-D014-HYDRO02-LOWER,14,2,lower,7252,-3821.0246388932719,-3820.7846775485159,3821.0246388925871,3820.6584098565513,3820.7846775479156,3820.7846775479156,0.36622903612053859,-0.1262676913645272,-0.1262676913645272,1,true,true,-6.8484951043501496e-10,-0.12626769196458554,-6.0026650317013264e-10,-5.9994430848581814e-10,-3.2219468431449287e-13,2.3283064365386963e-10,true
11,INEQ-WATER-D014-HYDRO03-UPPER,14,3,upper,7253,-14.646317261875083,-14.932769778031798,14.646317309915148,14.938226442943952,14.932769820116025,14.932769820116025,-0.29190913898464066,0.0054566228279262496,0.0054566228279262496,1,true,true,4.8040064370979962e-08,0.005456664912154352,4.2084227658278905e-08,4.2084228373550994e-08,-7.1527208863455741e-16,9.0949470177292824e-13,true
11,INEQ-WATER-D014-HYDRO03-LOWER,14,3,lower,7254,-1990.863682738127,-1990.5772302219702,1990.8636827380019,1990.5717735990327,1990.5772302218606,1990.5772302218606,0.29190913898464066,-0.0054566228279262496,-0.0054566228279262496,1,true,true,-1.2505552149377763e-10,-0.0054566229375723196,-1.0959411156363785e-10,-1.0955158355484727e-10,-4.2528008790583552e-14,1.1641532182693481e-10,true
11,INEQ-WATER-D014-HYDRO04-UPPER,14,4,upper,7255,-14.639571687628631,-14.926025269127422,14.639571735767987,14.931474707855122,14.926025311298631,14.926025311298631,-0.29190297805528115,0.0054493965564908486,0.0054493965564908486,1,true,true,4.8139355612875079e-08,0.0054494387276999845,4.2171208747276978e-08,4.2171209841084822e-08,-1.0938078437447234e-15,9.0949470177292824e-13,true
11,INEQ-WATER-D014-HYDRO04-LOWER,14,4,lower,7256,-1993.1904283123731,-1992.9039747308743,1993.1904283122478,1992.898525334208,1992.9039747307645,1992.9039747307645,0.29190297805528115,-0.0054493965564908486,-0.0054493965564908486,1,true,true,-1.2528289516922086e-10,-0.0054493966663358151,-1.0982148523908108e-10,-1.0975076825221971e-10,-7.0716986861373152e-14,1.1641532182693481e-10,true
11,INEQ-WATER-D015-HYDRO01-UPPER,15,1,upper,7257,-10.661714339876198,-10.865545570195536,10.661714417315324,10.975598967221437,10.865545638034034,10.865545638034034,-0.31388455950674105,0.11005332918740313,0.11005332918740313,1,true,true,7.7439125334421988e-08,0.11005339702590078,6.7838497486150118e-08,6.7838498517719079e-08,-1.0315689612763309e-15,9.0949470177292824e-13,true
11,INEQ-WATER-D015-HYDRO01-LOWER,15,1,lower,7258,-3875.3982856601215,-3875.1944544298021,3875.398285659096,3875.0844010997166,3875.194454428904,3875.194454428904,0.31388455950674105,-0.11005332918740313,-0.11005332918740313,1,true,true,-1.0254552762489766e-09,-0.11005333008552043,-8.9812601800076663e-10,-8.9832298514974762e-10,1.9696714898098991e-13,2.3283064365386963e-10,true
11,INEQ-WATER-D015-HYDRO02-UPPER,15,2,upper,7259,-10.29015533409256,-10.506938307866221,10.290155413156326,10.597275959078921,10.506938377127943,10.506938377127943,-0.30712055572463864,0.090337581950977575,0.090337581950977575,1,true,true,7.9063765312525902e-08,0.090337651212699654,6.9261721691304956e-08,6.926172142048912e-08,2.7081583558564786e-16,9.0949470177292824e-13,true
11,INEQ-WATER-D015-HYDRO02-LOWER,15,2,lower,7260,-3817.1098446659089,-3816.8930616921352,3817.109844664893,3816.8027241092941,3816.8930616912453,3816.8930616912453,0.30712055572463864,-0.090337581950977575,-0.090337581950977575,1,true,true,-1.0159055818803608e-09,-0.090337582841129915,-8.8994056568481028e-10,-8.8995722786010471e-10,1.6662175294424695e-14,2.3283064365386963e-10,true
11,INEQ-WATER-D015-HYDRO03-UPPER,15,3,upper,7261,-13.723446729851275,-13.948191677354771,13.723446777695544,13.953603465497316,13.948191719267477,13.948191719267477,-0.23015669373333419,0.0054117462298386987,0.0054117462298386987,1,true,true,4.7844268991070749e-08,0.0054117881425455039,4.1912706194580096e-08,4.191270700715659e-08,-8.1257649399294266e-16,9.0949470177292824e-13,true
11,INEQ-WATER-D015-HYDRO03-LOWER,15,3,lower,7262,-2000.8065532701476,-2000.5818083226441,2000.8065532699823,2000.5763965762694,2000.5818083224992,2000.5818083224992,0.23015669373333419,-0.0054117462298386987,-0.0054117462298386987,1,true,true,-1.6530066204722971e-10,-0.0054117463746479189,-1.4483703125733882e-10,-1.4480727498977085e-10,-2.9756267567970752e-14,1.1641532182693481e-10,true
11,INEQ-WATER-D015-HYDRO04-UPPER,15,4,upper,7263,-14.576863084719662,-14.810564734274521,14.576863130686634,14.817325761934141,14.810564774542673,14.810564774542673,-0.24046263694632738,0.0067609873914677709,0.0067609873914677709,1,true,true,4.5966972450628418e-08,0.0067610276596195007,4.0268151479949665e-08,4.0268151002344546e-08,4.776051190502781e-16,9.0949470177292824e-13,true
11,INEQ-WATER-D015-HYDRO04-LOWER,15,4,lower,7264,-2078.1331369152831,-2077.8994352657282,2078.1331369151108,2077.892674278186,2077.8994352655773,2077.8994352655773,0.24046263694632738,-0.0067609873914677709,-0.0067609873914677709,1,true,true,-1.723492459859699e-10,-0.0067609875422931509,-1.5097612049430609e-10,-1.5098200060831679e-10,5.8801140106996179e-15,2.3283064365386963e-10,true
11,INEQ-WATER-D016-HYDRO01-UPPER,16,1,upper,7265,-17.049166864293511,-17.503027344777365,17.049166942525584,17.508612315841397,17.503027413310505,17.503027413310505,-0.45944538301474636,0.0055849025308921663,0.0055849025308921663,1,true,true,7.8232073263961865e-08,0.005584971064031663,6.8533140051840746e-08,6.8533139588501019e-08,4.633397276423111e-16,1.8189894035458565e-12,true
11,INEQ-WATER-D016-HYDRO01-LOWER,16,1,lower,7266,-3809.8408331357059,-3809.3869726552221,3809.8408331354349,3809.3813877524535,3809.3869726549842,3809.3869726549842,0.45944538301474636,-0.0055849025308921663,-0.0055849025308921663,1,true,true,-2.7102942112833261e-10,-0.0055849027685326291,-2.3783286451362073e-10,-2.3742815926795989e-10,-4.0470524566084344e-13,2.3283064365386963e-10,true
11,INEQ-WATER-D016-HYDRO02-UPPER,16,2,upper,7267,-17.173753154602309,-17.630882457240659,17.173753232570494,17.636550128506148,17.630882525542628,17.630882525542628,-0.4627969056018712,0.0056676029635211456,0.0056676029635211456,1,true,true,7.7968184797327922e-08,0.0056676712654883943,6.8301968525474877e-08,6.8301967073634901e-08,1.451839975226517e-15,1.8189894035458565e-12,true
11,INEQ-WATER-D016-HYDRO02-LOWER,16,2,lower,7268,-3823.5862468453925,-3823.1291175427541,3823.5862468451223,3823.1234499395541,3823.1291175425176,3823.1291175425176,0.4627969056018712,-0.0056676029635211456,-0.0056676029635211456,1,true,true,-2.7011992642655969e-10,-0.0056676031999813858,-2.3646862246096134e-10,-2.3663142047847012e-10,1.6279801750877908e-13,2.3283064365386963e-10,true
11,INEQ-WATER-D016-HYDRO03-UPPER,16,3,upper,7269,-16.317650325861905,-16.696652897837339,16.317650373231356,16.69687563783031,16.696652939334093,16.696652939334093,-0.37922527047165011,0.0002226984962161449,0.0002226984962161449,1,true,true,4.7369450584255901e-08,0.00022273999297084401,4.1496754477066133e-08,4.1496754894477227e-08,-4.1741109323056567e-16,1.8189894035458565e-12,true
11,INEQ-WATER-D016-HYDRO03-LOWER,16,3,lower,7270,-2013.4323496741381,-2013.0533471021627,2013.4323496740499,2013.0531244035892,2013.0533471020854,2013.0533471020854,0.37922527047165011,-0.0002226984962161449,-0.0002226984962161449,1,true,true,-8.8220986071974039e-11,-0.00022269857345236233,-7.73070496506989e-11,-7.728366258051044e-11,-2.3387070188459904e-14,1.1641532182693481e-10,true
11,INEQ-WATER-D016-HYDRO04-UPPER,16,4,upper,7271,-16.930665862004389,-17.325305474772904,16.930665908445185,17.325559521920251,17.325305515456137,17.325305515456137,-0.39489361923262917,0.00025400646411438688,0.00025400646411438688,1,true,true,4.6440796097613202e-08,0.00025404714734733602,4.0683232782612322e-08,4.0683231681972906e-08,1.1006394159272356e-15,1.8189894035458565e-12,true
11,INEQ-WATER-D016-HYDRO04-LOWER,16,4,lower,7272,-2054.3193341379956,-2053.9246945252271,2054.3193341379106,2053.9244405186887,2053.924694525153,2053.924694525153,0.39489361923262917,-0.00025400646411438688,-0.00025400646411438688,1,true,true,-8.503775461576879e-11,-0.00025400653839824372,-7.4123818194493651e-11,-7.4495076817296142e-11,3.7125862280249109e-13,2.3283064365386963e-10,true
11,INEQ-WATER-D017-HYDRO01-UPPER,17,1,upper,7273,-13.075831817259314,-13.487703248531034,13.075831895242212,13.50680395736997,13.48770331684589,13.48770331684589,-0.43097207179580038,0.01910064052408017,0.01910064052408017,1,true,true,7.7982898361028674e-08,0.019100708838935887,6.8314855994344725e-08,6.8314856502137536e-08,-5.0779281080760483e-16,9.0949470177292824e-13,true
11,INEQ-WATER-D017-HYDRO01-LOWER,17,1,lower,7274,-3844.364168182743,-3843.9522967514713,3844.3641681819222,3843.933196110228,3843.9522967507519,3843.9522967507519,0.43097207179580038,-0.01910064052408017,-0.01910064052408017,1,true,true,-8.2081896835006773e-10,-0.019100641243312566,-7.1941030910238624e-10,-7.1905675751454295e-10,-3.5355158784328758e-13,2.3283064365386963e-10,true
11,INEQ-WATER-D017-HYDRO02-UPPER,17,2,upper,7275,-12.946937629574677,-13.355626359400048,12.946937707992607,13.37432609768349,13.355626428096002,13.355626428096002,-0.427388399412858,0.018699669587486589,0.018699669587486589,1,true,true,7.8417929927354635e-08,0.018699738283441292,6.8695953814312816e-08,6.8695954405037616e-08,-5.9072480082164851e-16,9.0949470177292824e-13,true
11,INEQ-WATER-D017-HYDRO02-LOWER,17,2,lower,7276,-3831.7430623704277,-3831.3343736406023,3831.7430623696055,3831.3156739702945,3831.334373639882,3831.334373639882,0.427388399412858,-0.018699669587486589,-0.018699669587486589,1,true,true,-8.2218321040272713e-10,-0.018699670307796623,-7.2031980380415916e-10,-7.2025186569877768e-10,-6.7938105381483509e-14,2.3283064365386963e-10,true
11,INEQ-WATER-D017-HYDRO03-UPPER,17,3,upper,7277,-14.063856350549031,-14.393742236774415,14.063856398787557,14.394066032731432,14.3937422790325,14.3937422790325,-0.3302096399243164,0.0003237536989326717,0.0003237536989326717,1,true,true,4.8238526062505116e-08,0.00032379595701748087,4.2258085031221526e-08,4.2258085491748178e-08,-4.6052665181514076e-16,9.0949470177292824e-13,true
11,INEQ-WATER-D017-HYDRO03-LOWER,17,3,lower,7278,-1989.3561436494492,-1989.0262577632238,1989.3561436491805,1989.0259340092894,1989.0262577629883,1989.0262577629883,0.3302096399243164,-0.0003237536989326717,-0.0003237536989326717,1,true,true,-2.6875568437390029e-10,-0.00032375393448091927,-2.3555912775918841e-10,-2.3543631229423539e-10,-1.2281546495302499e-13,1.1641532182693481e-10,true
11,INEQ-WATER-D017-HYDRO04-UPPER,17,4,upper,7279,-14.50627013547637,-14.845866575749824,14.50627018306054,14.846242684900259,14.845866617434677,14.845866617434677,-0.33997250773903526,0.00037606746558177528,0.00037606746558177528,1,true,true,4.7584169493575246e-08,0.00037610915043551074,4.1684852902790226e-08,4.1684853718536542e-08,-8.1574631627469486e-16,9.0949470177292824e-13,true
11,INEQ-WATER-D017-HYDRO04-LOWER,17,4,lower,7280,-2019.9737298645232,-2019.6341334242497,2019.9737298642567,2019.6337573565506,2019.6341334240162,2019.6341334240162,0.33997250773903526,-0.00037606746558177528,-0.00037606746558177528,1,true,true,-2.6648194761946797e-10,-0.00037606769910780713,-2.3351276468019933e-10,-2.3344446532051089e-10,-6.8299359688438601e-14,1.1641532182693481e-10,true
11,INEQ-WATER-D018-HYDRO01-UPPER,18,1,upper,7281,-10.35969226169982,-10.556046607016469,10.359692339562127,10.655497292220932,10.556046675225685,10.556046675225685,-0.29580496231189674,0.099450616995247321,0.099450616995247321,1,true,true,7.7862306824272309e-08,0.099450685204462985,6.8209216053105592e-08,6.8209215474399064e-08,5.7870652826574306e-16,9.0949470177292824e-13,true
11,INEQ-WATER-D018-HYDRO01-LOWER,18,1,lower,7282,-3864.2503077383008,-3864.0539533929841,3864.2503077371521,3863.9545027749828,3864.0539533919782,3864.0539533919782,0.29580496231189674,-0.099450616995247321,-0.099450616995247321,1,true,true,-1.1486918083392084e-09,-0.099450618001355906,-1.0059011401608586e-09,-1.0062810911256152e-09,3.7995096475660683e-13,2.3283064365386963e-10,true
11,INEQ-WATER-D018-HYDRO02-UPPER,18,2,upper,7283,-10.49647349875886,-10.690752958056692,10.496473576113461,10.794069771134964,10.690753025821145,10.690753025821145,-0.29759620461165037,0.10331674531381874,0.10331674531381874,1,true,true,7.7354600946932806e-08,0.10331681307827267,6.7764453604013397e-08,6.7764453162601314e-08,4.4141208281092659e-16,9.0949470177292824e-13,true
11,INEQ-WATER-D018-HYDRO02-LOWER,18,2,lower,7284,-3887.4835265012443,-3887.2892470419465,3887.4835265000916,3887.1859302956227,3887.2892470409365,3887.2892470409365,0.29759620461165037,-0.10331674531381874,-0.10331674531381874,1,true,true,-1.1527845344971865e-09,-0.10331674632379872,-1.0099938663188368e-09,-1.0098664156783193e-09,-1.2745064051747671e-13,2.3283064365386963e-10,true
11,INEQ-WATER-D018-HYDRO03-UPPER,18,3,upper,7285,-13.420507983231801,-13.626176043406304,13.420508031483049,13.637204612010404,13.626176085675533,13.626176085675533,-0.21669658650937257,0.01102852633486967,0.01102852633486967,1,true,true,4.8251248330188901e-08,0.011028568604100286,4.2269229894031923e-08,4.2269230498018342e-08,-6.0398641848244977e-16,9.0949470177292824e-13,true
11,INEQ-WATER-D018-HYDRO03-LOWER,18,3,lower,7286,-1987.5894920167702,-1987.3838239565957,1987.5894920165515,1987.3727954300693,1987.3838239564043,1987.3838239564043,0.21669658650937257,-0.01102852633486967,-0.01102852633486967,1,true,true,-2.1873347577638924e-10,-0.011028526526388305,-1.9144863472320139e-10,-1.916156788722965e-10,1.6704414909510241e-13,1.1641532182693481e-10,true
11,INEQ-WATER-D018-HYDRO04-UPPER,18,4,upper,7287,-13.458111684511096,-13.664227740700881,13.45811173276511,13.675362093152799,13.664227782972533,13.664227782972533,-0.21725036637005082,0.011134310180265811,0.011134310180265811,1,true,true,4.8254014117787847e-08,0.011134352451918517,4.2271652844760865e-08,4.2271653393126223e-08,-5.483653581088408e-16,9.0949470177292824e-13,true
11,INEQ-WATER-D018-HYDRO04-LOWER,18,4,lower,7288,-1993.5818883154861,-1993.3757722592964,1993.5818883152672,1993.3646379489244,1993.3757722591047,1993.3757722591047,0.21725036637005082,-0.011134310180265811,-0.011134310180265811,1,true,true,-2.1896084945183247e-10,-0.011134310371971878,-1.9167600839864463e-10,-1.9181486356966895e-10,1.3885517102432574e-13,1.1641532182693481e-10,true
11,INEQ-WATER-D019-HYDRO01-UPPER,19,1,upper,7289,-10.988212267235212,-10.961132853197341,10.988212345196324,11.196055778798669,10.961132921493112,10.961132921493112,-0.20784344326768553,0.2349228573055567,0.2349228573055567,1,true,true,7.796111134439343e-08,0.2349229256013281,6.8295770816462209e-08,6.8295770562190092e-08,2.542721174554689e-16,9.0949470177292824e-13,true
11,INEQ-WATER-D019-HYDRO01-LOWER,19,1,lower,7290,-3848.8917877327622,-3848.9188671468,3848.8917877318995,3848.683944288739,3848.9188671460447,3848.9188671460447,0.20784344326768553,-0.2349228573055567,-0.2349228573055567,1,true,true,-8.6265572463162243e-10,-0.23492285806105428,-7.553353498224169e-10,-7.5570674183107371e-10,3.7139200865680381e-13,2.3283064365386963e-10,true
11,INEQ-WATER-D019-HYDRO02-UPPER,19,2,upper,7291,-10.826124032719235,-10.805791055579903,10.826124111613176,11.033143005244467,10.805791124692853,10.805791124692853,-0.20701890341228146,0.22735188055161426,0.22735188055161426,1,true,true,7.889394026960872e-08,0.2273519496645644,6.9112950029648346e-08,6.9112950681247737e-08,-6.5159939114470017e-16,9.0949470177292824e-13,true
11,INEQ-WATER-D019-HYDRO02-LOWER,19,2,lower,7292,-3816.7238759672837,-3816.744208944423,3816.7238759664333,3816.5168570631263,3816.7442089436777,3816.7442089436777,0.20701890341228146,-0.22735188055161426,-0.22735188055161426,1,true,true,-8.503775461576879e-10,-0.22735188129672679,-7.4533090810291469e-10,-7.4495076817296142e-10,-3.8013992995326615e-13,2.3283064365386963e-10,true
11,INEQ-WATER-D019-HYDRO03-UPPER,19,3,upper,7293,-13.807505351109285,-13.919256791039516,13.807505398383777,13.941891486015063,13.919256832453083,13.919256832453083,-0.13438609349221012,0.022634653561979273,0.022634653561979273,1,true,true,4.7274491876692082e-08,0.022634694975547376,4.141356768627702e-08,4.1413568829106611e-08,-1.1428295910169353e-15,9.0949470177292824e-13,true
11,INEQ-WATER-D019-HYDRO03-LOWER,19,3,lower,7294,-2021.74249464889,-2021.6307432089598,2021.7424946487449,2021.6081085552707,2021.6307432088327,2021.6307432088327,0.13438609349221012,-0.022634653561979273,-0.022634653561979273,1,true,true,-1.4506440493278205e-10,-0.02263465368901052,-1.2710188457276672e-10,-1.2707983692362284e-10,-2.2047649143882352e-14,1.1641532182693481e-10,true
11,INEQ-WATER-D019-HYDRO04-UPPER,19,4,upper,7295,-13.715650061691122,-13.828487645940186,13.715650109278542,13.850685742436269,13.828487687627886,13.828487687627886,-0.13503563905744673,0.022198054808382633,0.022198054808382633,1,true,true,4.7587420226591348e-08,0.022198096496083508,4.1687700402803785e-08,4.1687701437256787e-08,-1.0344530025826134e-15,9.0949470177292824e-13,true
11,INEQ-WATER-D019-HYDRO04-LOWER,19,4,lower,7296,-2015.9543499383108,-2015.8415123540617,2015.9543499381664,2015.8193142991267,2015.8415123539351,2015.8415123539351,0.13503563905744673,-0.022198054808382633,-0.022198054808382633,1,true,true,-1.4438228390645236e-10,-0.022198054934960965,-1.2664713722188026e-10,-1.2648228283150547e-10,-1.6485439037478439e-13,1.1641532182693481e-10,true
11,INEQ-WATER-D020-HYDRO01-UPPER,20,1,upper,7297,-10.063328466210805,-10.356618687394075,10.063328545221486,10.40361054015117,10.356618756609294,10.356618756609294,-0.34028200472514625,0.046991783541876497,0.046991783541876497,1,true,true,7.9010680664737265e-08,0.046991852757095387,6.9215218445606297e-08,6.9215218018174453e-08,4.2743184372116377e-16,9.0949470177292824e-13,true
11,INEQ-WATER-D020-HYDRO01-LOWER,20,1,lower,7298,-3819.1866715337892,-3818.8933813126059,3819.1866715326778,3818.8463895280906,3818.8933813116323,3818.8933813116323,0.34028200472514625,-0.046991783541876497,-0.046991783541876497,1,true,true,-1.1114025255665183e-09,-0.046991784515284962,-9.7361407824791968e-10,-9.7361480075653359e-10,7.2250861391018494e-16,2.3283064365386963e-10,true
11,INEQ-WATER-D020-HYDRO02-UPPER,20,2,upper,7299,-10.259566927088599,-10.555488574464107,10.259567004935363,10.607552429539004,10.555488642659707,10.555488642659707,-0.34798543425480427,0.052063786879296525,0.052063786879296525,1,true,true,7.7846763701927557e-08,0.052063855074896637,6.819560027793159e-08,6.819559933297712e-08,9.4495446905431955e-16,9.0949470177292824e-13,true
11,INEQ-WATER-D020-HYDRO02-LOWER,20,2,lower,7300,-3868.2704330729102,-3867.9745114255347,3868.2704330717743,3867.9224476376603,3867.9745114245397,3867.9745114245397,0.34798543425480427,-0.052063786879296525,-0.052063786879296525,1,true,true,-1.1359588825143874e-09,-0.052063787874431,-9.9498720373958349e-10,-9.9512674807275815e-10,1.3954433317465774e-13,2.3283064365386963e-10,true
11,INEQ-WATER-D020-HYDRO03-UPPER,20,3,upper,7301,-13.729771728769265,-13.983740041141573,13.729771776876447,13.986323738467286,13.983740083284598,13.983740083284598,-0.25655196755499643,0.002583655182688438,0.002583655182688438,1,true,true,4.8107182237799861e-08,0.0025836973257131746,4.2143025069663054e-08,4.2143025206406623e-08,-1.3674356963663576e-16,9.0949470177292824e-13,true
11,INEQ-WATER-D020-HYDRO03-LOWER,20,3,lower,7302,-1991.6502282712318,-1991.3962599588594,1991.6502282710428,1991.3936763035113,1991.3962599586939,1991.3962599586939,0.25655196755499643,-0.002583655182688438,-0.002583655182688438,1,true,true,-1.8894752429332584e-10,-0.0025836553481894953,-1.6552803572267294e-10,-1.6552248351650559e-10,-5.5522061673485543e-15,1.1641532182693481e-10,true
11,INEQ-WATER-D020-HYDRO04-UPPER,20,4,upper,7303,-13.971090777580685,-14.228878463927686,13.971090825235398,14.231658341098631,14.228878505674338,14.228878505674338,-0.26056752177129533,0.0027798354242943302,0.0027798354242943302,1,true,true,4.7654713952738348e-08,0.0027798771709459658,4.1746652357232961e-08,4.1746652327026793e-08,3.0206167663488712e-17,9.0949470177292824e-13,true
11,INEQ-WATER-D020-HYDRO04-LOWER,20,4,lower,7304,-2014.8889092224199,-2014.6311215360729,2014.8889092222296,2014.628341700482,2014.6311215359062,2014.6311215359062,0.26056752177129533,-0.0027798354242943302,-0.0027798354242943302,1,true,true,-1.9031176634598523e-10,-0.0027798355908998928,-1.666649040998891e-10,-1.667175917007403e-10,5.2687600851197606e-14,1.1641532182693481e-10,true
12,INEQ-WATER-D014-HYDRO01-UPPER,14,1,upper,7249,-13.870934514394321,-13.860472096181184,13.870934581805084,14.299295615174504,13.860472152897275,13.860472152897275,-0.42836104406409198,0.4388234622772294,0.4388234622772294,1,true,true,6.7410763193720413e-08,0.4388235189933205,5.6716091378916644e-08,5.6716091887731639e-08,-5.0881499428648356e-16,9.0949470177292824e-13,true
12,INEQ-WATER-D014-HYDRO01-LOWER,14,1,lower,7250,-3877.6790654856086,-3877.6895279038217,3877.6790654850124,3877.2507044410431,3877.6895279033201,3877.6895279033201,0.42836104406409198,-0.4388234622772294,-0.4388234622772294,1,true,true,-5.9617377701215446e-10,-0.43882346277860051,-5.0158632802776992e-10,-5.0159121653776459e-10,4.888509994669391e-15,2.3283064365386963e-10,true
12,INEQ-WATER-D014-HYDRO02-UPPER,14,2,upper,7251,-13.375322451480315,-13.402155277595739,13.375322520296578,13.794982333445059,13.402155335494349,13.402155335494349,-0.41965982406613411,0.3928269979507103,0.3928269979507103,1,true,true,6.8816262910331716e-08,0.39282705584932032,5.7898610350548552e-08,5.7898610039119862e-08,3.1142868974377231e-16,9.0949470177292824e-13,true
12,INEQ-WATER-D014-HYDRO02-LOWER,14,2,lower,7252,-3820.7846775485159,-3820.7578447224005,3820.7846775479156,3820.3650177239447,3820.7578447218953,3820.7578447218953,0.41965982406613411,-0.3928269979507103,-0.3928269979507103,1,true,true,-6.0026650317013264e-10,-0.39282699845580282,-5.0522430683486164e-10,-5.0503463450026641e-10,-1.8967233459522288e-13,2.3283064365386963e-10,true
12,INEQ-WATER-D014-HYDRO03-UPPER,14,3,upper,7253,-14.932769778031798,-15.236065702178166,14.932769820116025,15.259971300579769,15.23606573758576,15.23606573758576,-0.327201487140378,0.023905562994009366,0.023905562994009366,1,true,true,4.2084227658278905e-08,0.023905598401603001,3.5407593301783891e-08,3.5407593829370988e-08,-5.2758709728221098e-16,9.0949470177292824e-13,true
12,INEQ-WATER-D014-HYDRO03-LOWER,14,3,lower,7254,-1990.5772302219702,-1990.2739342978239,1990.5772302218606,1990.2500287347377,1990.2739342977318,1990.2739342977318,0.327201487140378,-0.023905562994009366,-0.023905562994009366,1,true,true,-1.0959411156363785e-10,-0.023905563086145776,-9.2086338554508984e-11,-9.2207080995881971e-11,1.207424413729868e-13,1.1641532182693481e-10,true
12,INEQ-WATER-D014-HYDRO04-UPPER,14,4,upper,7255,-14.926025269127422,-15.229504819479189,14.926025311298631,15.253391618690509,15.229504854959965,15.229504854959965,-0.32736631408231204,0.023886763730544935,0.023886763730544935,1,true,true,4.2171208747276978e-08,0.023886799211320309,3.5480775650853502e-08,3.5480775428308426e-08,2.2254507566540549e-16,9.0949470177292824e-13,true
12,INEQ-WATER-D014-HYDRO04-LOWER,14,4,lower,7256,-1992.9039747308743,-1992.6004951805226,1992.9039747307645,1992.5766084166996,1992.6004951804302,1992.6004951804302,0.32736631408231204,-0.023886763730544935,-0.023886763730544935,1,true,true,-1.0982148523908108e-10,-0.023886763822929424,-9.2313712229952216e-11,-9.2398381993798739e-11,8.4669763846522553e-14,1.1641532182693481e-10,true
12,INEQ-WATER-D015-HYDRO01-UPPER,15,1,upper,7257,-10.865545570195536,-11.172215295962815,10.865545638034034,11.276167449845094,11.17221535303878,11.17221535303878,-0.41062182257359159,0.10395209680631301,0.10395209680631301,1,true,true,6.7838497486150118e-08,0.10395215388227896,5.707596528736758e-08,5.7075966428289236e-08,-1.1409216559206899e-15,9.0949470177292824e-13,true
12,INEQ-WATER-D015-HYDRO01-LOWER,15,1,lower,7258,-3875.1944544298021,-3874.8877847040349,3875.194454428904,3874.783832606473,3874.8877847032791,3874.8877847032791,0.41062182257359159,-0.10395209680631301,-0.10395209680631301,1,true,true,-8.9812601800076663e-10,-0.10395209756188706,-7.5579009717330337e-10,-7.5563894177123184e-10,-1.5115540207152733e-13,2.3283064365386963e-10,true
12,INEQ-WATER-D015-HYDRO02-UPPER,15,2,upper,7259,-10.506938307866221,-10.822630459377251,10.506938377127943,10.908805112250519,10.822630517650648,10.822630517650648,-0.40186674611090045,0.086174594599870646,0.086174594599870646,1,true,true,6.9261721691304956e-08,0.086174652873268087,5.8273396774666253e-08,5.8273397090280688e-08,-3.1561443540152744e-16,9.0949470177292824e-13,true
12,INEQ-WATER-D015-HYDRO02-LOWER,15,2,lower,7260,-3816.8930616921352,-3816.5773695406242,3816.8930616912453,3816.4911949452758,3816.5773695398757,3816.5773695398757,0.40186674611090045,-0.086174594599870646,-0.086174594599870646,1,true,true,-8.8994056568481028e-10,-0.086174595348438743,-7.4851413955911994e-10,-7.487521058462282e-10,2.379662871082572e-13,2.3283064365386963e-10,true
12,INEQ-WATER-D015-HYDRO03-UPPER,15,3,upper,7261,-13.948191677354771,-14.246613547456946,13.948191719267477,14.250916733248157,14.246613582720229,14.246613582720229,-0.30272502063010187,0.0043031505279272908,0.0043031505279272908,1,true,true,4.1912706194580096e-08,0.0043031857912119165,3.5263283848507854e-08,3.5263284128145617e-08,-2.7963776314064021e-16,9.0949470177292824e-13,true
12,INEQ-WATER-D015-HYDRO03-LOWER,15,3,lower,7262,-2000.5818083226441,-2000.2833864525419,2000.5818083224992,2000.2790833018921,2000.28338645242,2000.28338645242,0.30272502063010187,-0.0043031505279272908,-0.0043031505279272908,1,true,true,-1.4483703125733882e-10,-0.004303150649775489,-1.2187229003757238e-10,-1.2185873567298094e-10,-1.3554364591440322e-14,1.1641532182693481e-10,true
12,INEQ-WATER-D015-HYDRO04-UPPER,15,4,upper,7263,-14.810564734274521,-15.121173764982814,14.810564774542673,15.126571916774161,15.121173798862451,15.121173798862451,-0.31600714862000245,0.0053981179117101874,0.0053981179117101874,1,true,true,4.0268151479949665e-08,0.0053981517913470611,3.3879636873734853e-08,3.3879636890072656e-08,-1.633780309721246e-17,9.0949470177292824e-13,true
12,INEQ-WATER-D015-HYDRO04-LOWER,15,4,lower,7264,-2077.8994352657282,-2077.58882623502,2077.8994352655773,2077.5834281169814,2077.5888262348931,2077.5888262348931,0.31600714862000245,-0.0053981179117101874,-0.0053981179117101874,1,true,true,-1.5097612049430609e-10,-0.0053981180385562766,-1.2687451089732349e-10,-1.2702386261673367e-10,1.493517194101854e-13,2.3283064365386963e-10,true
12,INEQ-WATER-D016-HYDRO01-UPPER,16,1,upper,7265,-17.503027344777365,-18.061216610869451,17.503027413310505,18.106132586380895,18.061216668529855,18.061216668529855,-0.60310518394312662,0.044915917851040876,0.044915917851040876,1,true,true,6.8533140051840746e-08,0.044915975511443662,5.7660404451098657e-08,5.7660404427776372e-08,2.3322284579038711e-17,1.8189894035458565e-12,true
12,INEQ-WATER-D016-HYDRO01-LOWER,16,1,lower,7266,-3809.3869726552221,-3808.82878338913,3809.3869726549842,3808.7838674710788,3808.8287833889299,3808.8287833889299,0.60310518394312662,-0.044915917851040876,-0.044915917851040876,1,true,true,-2.3783286451362073e-10,-0.044915918051174231,-2.0008883439004421e-10,-2.0010084382093888e-10,1.2009430894664475e-14,2.3283064365386963e-10,true
12,INEQ-WATER-D016-HYDRO02-UPPER,16,2,upper,7267,-17.630882457240659,-18.192707939429965,17.630882525542628,18.238298575576284,18.192707996895876,18.192707996895876,-0.60741606086971522,0.045590578680409166,0.045590578680409166,1,true,true,6.8301968525474877e-08,0.045590636146318531,5.7465911140752723e-08,5.7465908105378777e-08,3.0353739464095031e-15,1.8189894035458565e-12,true
12,INEQ-WATER-D016-HYDRO02-LOWER,16,2,lower,7268,-3823.1291175427541,-3822.5672920605648,3823.1291175425176,3822.5217014816853,3822.5672920603656,3822.5672920603656,0.60741606086971522,-0.045590578680409166,-0.045590578680409166,1,true,true,-2.3646862246096134e-10,-0.045590578879455279,-1.9917933968827128e-10,-1.9895303783343827e-10,-2.2630185483301418e-13,2.3283064365386963e-10,true
12,INEQ-WATER-D016-HYDRO03-UPPER,16,3,upper,7269,-16.696652897837339,-17.193359912216692,16.696652939334093,17.194447780638754,17.193359947130016,17.193359947130016,-0.49779484788809214,0.0010878335087386448,0.0010878335087386448,1,true,true,4.1496754477066133e-08,0.0010878684220614332,3.491332378757761e-08,3.4913322865081631e-08,9.2249597941046791e-16,1.8189894035458565e-12,true
12,INEQ-WATER-D016-HYDRO03-LOWER,16,3,lower,7270,-2013.0533471021627,-2012.5566400877833,2013.0533471020854,2012.5555522542095,2012.5566400877183,2012.5566400877183,0.49779484788809214,-0.0010878335087386448,-0.0010878335087386448,1,true,true,-7.73070496506989e-11,-0.0010878335738198075,-6.5028871176764369e-11,-6.5042339291700967e-11,1.3468114936597883e-14,1.1641532182693481e-10,true
12,INEQ-WATER-D016-HYDRO04-UPPER,16,4,upper,7271,-17.325305474772904,-17.842039243267209,17.325305515456137,17.843285645957788,17.842039277496074,17.842039277496074,-0.51798013695602019,0.0012463684617152193,0.0012463684617152193,1,true,true,4.0683232782612322e-08,0.0012464026905796288,3.4228865075647263e-08,3.4228865829003992e-08,-7.5335672811614008e-16,1.8189894035458565e-12,true
12,INEQ-WATER-D016-HYDRO04-LOWER,16,4,lower,7272,-2053.9246945252271,-2053.4079607567328,2053.924694525153,2053.4067143882089,2053.4079607566705,2053.4079607566705,0.51798013695602019,-0.0012463684617152193,-0.0012463684617152193,1,true,true,-7.4123818194493651e-11,-0.0012463685238799371,-6.2300387071445584e-11,-6.236412532086623e-11,6.37382494206461e-14,2.3283064365386963e-10,true
12,INEQ-WATER-D017-HYDRO01-UPPER,17,1,upper,7273,-13.487703248531034,-14.042163315360085,13.48770331684589,14.066758043615296,14.042163372836836,14.042163372836836,-0.57905473760751169,0.024594670778460337,0.024594670778460337,1,true,true,6.8314855994344725e-08,0.024594728255211251,5.7476750470186744e-08,5.747675098615914e-08,-5.159723962210028e-16,9.0949470177292824e-13,true
12,INEQ-WATER-D017-HYDRO01-LOWER,17,1,lower,7274,-3843.9522967514713,-3843.3978366846422,3843.9522967507519,3843.3732420132587,3843.397836684037,3843.397836684037,0.57905473760751169,-0.024594670778460337,-0.024594670778460337,1,true,true,-7.1941030910238624e-10,-0.024594671383511013,-6.0526872402988374e-10,-6.0527635740865254e-10,7.6333787687996286e-15,2.3283064365386963e-10,true
12,INEQ-WATER-D017-HYDRO02-UPPER,17,2,upper,7275,-13.355626359400048,-13.905823389461148,13.355626428096002,13.929841762575427,13.905823447258536,13.905823447258536,-0.57421534537799068,0.02401831531689147,0.02401831531689147,1,true,true,6.8695953814312816e-08,0.024018373114278901,5.7797388208769007e-08,5.7797387898597149e-08,3.1017185828616944e-16,9.0949470177292824e-13,true
12,INEQ-WATER-D017-HYDRO02-LOWER,17,2,lower,7276,-3831.3343736406023,-3830.7841766105412,3831.334373639882,3830.7601582946181,3830.784176609935,3830.784176609935,0.57421534537799068,-0.02401831531689147,-0.02401831531689147,1,true,true,-7.2031980380415916e-10,-0.024018315923058253,-6.0617821873165667e-10,-6.0604156140031961e-10,-1.3665733133705735e-13,2.3283064365386963e-10,true
12,INEQ-WATER-D017-HYDRO03-UPPER,17,3,upper,7277,-14.393742236774415,-14.835997262238379,14.3937422790325,14.836503589050048,14.835997297792249,14.835997297792249,-0.44276131672176433,0.00050629125779977358,0.00050629125779977358,1,true,true,4.2258085031221526e-08,0.00050632681166895566,3.5553869182081144e-08,3.555386884944214e-08,3.3263900354795083e-16,9.0949470177292824e-13,true
12,INEQ-WATER-D017-HYDRO03-LOWER,17,3,lower,7278,-1989.0262577632238,-1988.5840027377599,1989.0262577629883,1988.5834964463038,1988.5840027375616,1988.5840027375616,0.44276131672176433,-0.00050629125779977358,-0.00050629125779977358,1,true,true,-2.3555912775918841e-10,-0.00050629145607672399,-1.9826984498649836e-10,-1.981878338417712e-10,-8.2011144727157207e-14,1.1641532182693481e-10,true
12,INEQ-WATER-D017-HYDRO04-UPPER,17,4,upper,7279,-14.845866575749824,-15.301251446420792,14.845866617434677,15.301843919664345,15.301251481492372,15.301251481492372,-0.45597730884294102,0.00059243817197235371,0.00059243817197235371,1,true,true,4.1684852902790226e-08,0.00059247324355204967,3.5071579418399779e-08,3.5071579604686372e-08,-1.8628659289598879e-16,9.0949470177292824e-13,true
12,INEQ-WATER-D017-HYDRO04-LOWER,17,4,lower,7280,-2019.6341334242497,-2019.1787485535788,2019.6341334240162,2019.1781561152104,2019.1787485533823,2019.1787485533823,0.45597730884294102,-0.00059243817197235371,-0.00059243817197235371,1,true,true,-2.3351276468019933e-10,-0.00059243836835776165,-1.964508555829525e-10,-1.9646612486052029e-10,1.5269277567788927e-14,1.1641532182693481e-10,true
12,INEQ-WATER-D018-HYDRO01-UPPER,18,1,upper,7281,-10.556046607016469,-10.262659358071687,10.556046675225685,10.801510476357876,10.262659415459558,10.262659415459558,-0.24546381195353659,0.5388510608983188,0.5388510608983188,1,true,true,6.8209216053105592e-08,0.53885111828618903,5.7387870455727352e-08,5.7387870749080154e-08,-2.9335280150857363e-16,9.0949470177292824e-13,true
12,INEQ-WATER-D018-HYDRO01-LOWER,18,1,lower,7282,-3864.0539533929841,-3864.3473406419289,3864.0539533919782,3863.8084895801844,3864.3473406410826,3864.3473406410826,0.24546381195353659,-0.5388510608983188,-0.5388510608983188,1,true,true,-1.0059011401608586e-09,-0.53885106174448083,-8.4628481999970973e-10,-8.4631561478377968e-10,3.0794784069954277e-14,2.3283064365386963e-10,true
12,INEQ-WATER-D018-HYDRO02-UPPER,18,2,upper,7283,-10.690752958056692,-10.372797071599052,10.690753025821145,10.934676762626399,10.372797128612723,10.372797128612723,-0.24392374755603721,0.56187963401367647,0.56187963401367647,1,true,true,6.7764453604013397e-08,0.56187969102734669,5.7013670229366653e-08,5.7013669557225449e-08,6.7214120404759294e-16,9.0949470177292824e-13,true
12,INEQ-WATER-D018-HYDRO02-LOWER,18,2,lower,7284,-3887.2892470419465,-3887.6072029284041,3887.2892470409365,3887.0453232935406,3887.6072029275542,3887.6072029275542,0.24392374755603721,-0.56187963401367647,-0.56187963401367647,1,true,true,-1.0099938663188368e-09,-0.5618796348635442,-8.4992279880680144e-10,-8.497590327462815e-10,-1.6376606051993799e-13,2.3283064365386963e-10,true
12,INEQ-WATER-D018-HYDRO03-UPPER,18,3,upper,7285,-13.626176043406304,-13.720495918118104,13.626176085675533,13.781735779027018,13.720495953681349,13.720495953681349,-0.15555970005746989,0.061239825345669519,0.061239825345669519,1,true,true,4.2269229894031923e-08,0.061239860908914423,3.5563244793479498e-08,3.5563245587418157e-08,-7.9393865895424485e-16,9.0949470177292824e-13,true
12,INEQ-WATER-D018-HYDRO03-LOWER,18,3,lower,7286,-1987.3838239565957,-1987.2895040818839,1987.3838239564043,1987.2282642563771,1987.2895040817227,1987.2895040817227,0.15555970005746989,-0.061239825345669519,-0.061239825345669519,1,true,true,-1.9144863472320139e-10,-0.061239825506845591,-1.6120793588925153e-10,-1.6107544024591829e-10,-1.3249564333323608e-13,1.1641532182693481e-10,true
12,INEQ-WATER-D018-HYDRO04-UPPER,18,4,upper,7287,-13.664227740700881,-13.758069240462646,13.664227782972533,13.819934239805972,13.75806927602793,13.75806927602793,-0.15570646353980841,0.06186496377804282,0.06186496377804282,1,true,true,4.2271652844760865e-08,0.061864999343326232,3.556528405113113e-08,3.5565284138677206e-08,-8.7546076262758375e-17,9.0949470177292824e-13,true
12,INEQ-WATER-D018-HYDRO04-LOWER,18,4,lower,7288,-1993.3757722592964,-1993.2819307595346,1993.3757722591047,1993.2200657955952,1993.2819307593734,1993.2819307593734,0.15570646353980841,-0.06186496377804282,-0.06186496377804282,1,true,true,-1.9167600839864463e-10,-0.061864963939342488,-1.6120793588925153e-10,-1.6126674124383506e-10,5.8805354583531741e-14,1.1641532182693481e-10,true
12,INEQ-WATER-D019-HYDRO01-UPPER,19,1,upper,7289,-10.961132853197341,-10.826667065826769,10.961132921493112,11.207970555713668,10.826667123287463,10.826667123287463,-0.24683764505563313,0.3813034324262059,0.3813034324262059,1,true,true,6.8295770816462209e-08,0.38130348988689988,5.7460693980715405e-08,5.7460693658646499e-08,3.2206890586894402e-16,9.0949470177292824e-13,true
12,INEQ-WATER-D019-HYDRO01-LOWER,19,1,lower,7290,-3848.9188671468,-3849.0533329341706,3848.9188671460447,3848.6720295011087,3849.0533329335349,3849.0533329335349,0.24683764505563313,-0.3813034324262059,-0.3813034324262059,1,true,true,-7.553353498224169e-10,-0.38130343306193026,-6.3573679653927684e-10,-6.3550191507950186e-10,-2.3488145977498145e-13,2.3283064365386963e-10,true
12,INEQ-WATER-D019-HYDRO02-UPPER,19,2,upper,7291,-10.805791055579903,-10.685777339938795,10.805791124692853,11.052251733826642,10.685777398087023,10.685777398087023,-0.24646062009851155,0.36647433573961896,0.36647433573961896,1,true,true,6.9112950029648346e-08,0.36647439388784697,5.8148227566334754e-08,5.8148227950620314e-08,-3.8428556033991601e-16,9.0949470177292824e-13,true
12,INEQ-WATER-D019-HYDRO02-LOWER,19,2,lower,7292,-3816.744208944423,-3816.8642226600641,3816.7442089436777,3816.4977483236976,3816.864222659437,3816.864222659437,0.24646062009851155,-0.36647433573961896,-0.36647433573961896,1,true,true,-7.4533090810291469e-10,-0.36647433636653659,-6.2709659687243402e-10,-6.2708467117116407e-10,-1.1925701269947082e-14,2.3283064365386963e-10,true
12,INEQ-WATER-D019-HYDRO03-UPPER,19,3,upper,7293,-13.919256791039516,-14.041764783520193,13.919256832453083,14.06845406685229,14.041764818363527,14.041764818363527,-0.14919724096944029,0.026689248488762501,0.026689248488762501,1,true,true,4.141356768627702e-08,0.026689283332096636,3.4843333551748401e-08,3.4843333601546924e-08,-4.979852280695841e-17,9.0949470177292824e-13,true
12,INEQ-WATER-D019-HYDRO03-LOWER,19,3,lower,7294,-2021.6307432089598,-2021.5082352164791,2021.6307432088327,2021.4815459678834,2021.5082352163722,2021.5082352163722,0.14919724096944029,-0.026689248488762501,-0.026689248488762501,1,true,true,-1.2710188457276672e-10,-0.026689248595630488,-1.0686562745831907e-10,-1.0693725783547307e-10,7.1630377153998897e-14,1.1641532182693481e-10,true
12,INEQ-WATER-D019-HYDRO04-UPPER,19,4,upper,7295,-13.828487645940186,-13.952781110408978,13.828487687627886,13.978924852652678,13.952781145482954,13.952781145482954,-0.15043717163851697,0.026143707169724889,0.026143707169724889,1,true,true,4.1687700402803785e-08,0.02614374224370053,3.507397572377613e-08,3.5073975350777469e-08,3.7299866102929525e-16,9.0949470177292824e-13,true
12,INEQ-WATER-D019-HYDRO04-LOWER,19,4,lower,7296,-2015.8415123540617,-2015.7172188895929,2015.8415123539351,2015.6910751823166,2015.7172188894863,2015.7172188894863,0.15043717163851697,-0.026143707169724889,-0.026143707169724889,1,true,true,-1.2664713722188026e-10,-0.026143707276332862,-1.0663825378287584e-10,-1.0655465583963953e-10,-8.3597943236304675e-14,1.1641532182693481e-10,true
12,INEQ-WATER-D020-HYDRO01-UPPER,20,1,upper,7297,-10.356618687394075,-10.684111947586644,10.356618756609294,10.772296652061502,10.684112005820914,10.684112005820914,-0.41567790643315672,0.088184646240588305,0.088184646240588305,1,true,true,6.9215218445606297e-08,0.088184704474858933,5.8234270738921623e-08,5.8234271552589565e-08,-8.1366794226759412e-16,9.0949470177292824e-13,true
12,INEQ-WATER-D020-HYDRO01-LOWER,20,1,lower,7298,-3818.8933813126059,-3818.5658880524134,3818.8933813116323,3818.4777034053536,3818.5658880515944,3818.5658880515944,0.41567790643315672,-0.088184646240588305,-0.088184646240588305,1,true,true,-9.7361407824791968e-10,-0.088184647059733834,-8.1899997894652188e-10,-8.1915087307959875e-10,1.5089413307687497e-13,2.3283064365386963e-10,true
12,INEQ-WATER-D020-HYDRO02-UPPER,20,2,upper,7299,-10.555488574464107,-10.887788632673619,10.555488642659707,10.979720124097895,10.887788690050034,10.887788690050034,-0.42423149225737317,0.091931434047861249,0.091931434047861249,1,true,true,6.819560027793159e-08,0.091931491424276146,5.737641473047006e-08,5.7376415107290838e-08,-3.7682077808977207e-16,9.0949470177292824e-13,true
12,INEQ-WATER-D020-HYDRO02-LOWER,20,2,lower,7300,-3867.9745114255347,-3867.6422113673252,3867.9745114245397,3867.5502799324404,3867.642211366488,3867.642211366488,0.42423149225737317,-0.091931434047861249,-0.091931434047861249,1,true,true,-9.9498720373958349e-10,-0.091931434884827468,-8.3718987298198044e-10,-8.3713316688377482e-10,-5.6706098205618502e-14,2.3283064365386963e-10,true
12,INEQ-WATER-D020-HYDRO03-UPPER,20,3,upper,7301,-13.983740041141573,-14.275646967358625,13.983740083284598,14.28522461369937,14.275647002815688,14.275647002815688,-0.30148453710073425,0.0095776108836818641,0.0095776108836818641,1,true,true,4.2143025069663054e-08,0.0095776463407446499,3.5457063063404348e-08,3.5457063071801026e-08,-8.3966773108012818e-18,9.0949470177292824e-13,true
12,INEQ-WATER-D020-HYDRO03-LOWER,20,3,lower,7302,-1991.3962599588594,-1991.1043530326424,1991.3962599586939,1991.0947754216195,1991.1043530325032,1991.1043530325032,0.30148453710073425,-0.0095776108836818641,-0.0095776108836818641,1,true,true,-1.6552803572267294e-10,-0.0095776110229053302,-1.3915268937125802e-10,-1.3926712648340679e-10,1.1443711214876854e-13,1.1641532182693481e-10,true
12,INEQ-WATER-D020-HYDRO04-UPPER,20,4,upper,7303,-14.228878463927686,-14.524072934378637,14.228878505674338,14.534303639714025,14.524072969502212,14.524072969502212,-0.30542514066276433,0.010230670211812842,0.010230670211812842,1,true,true,4.1746652357232961e-08,0.010230705335388279,3.5123575159445863e-08,3.5123574618104526e-08,5.4134133739373451e-16,9.0949470177292824e-13,true
12,INEQ-WATER-D020-HYDRO04-LOWER,20,4,lower,7304,-2014.6311215360729,-2014.3359270656219,2014.6311215359062,2014.3256963952699,2014.3359270654817,2014.3359270654817,0.30542514066276433,-0.010230670211812842,-0.010230670211812842,1,true,true,-1.666649040998891e-10,-0.010230670352029847,-1.4028955774847418e-10,-1.4022363147299063e-10,-6.5926275483552674e-14,1.1641532182693481e-10,true
13,INEQ-WATER-D014-HYDRO01-UPPER,14,1,upper,7249,-13.860472096181184,-13.919222186996194,13.860472152897275,14.334294280431317,13.919222234314052,13.919222234314052,-0.47382213693227582,0.41507204611726534,0.41507204611726534,1,true,true,5.6716091378916644e-08,0.41507209343512308,4.731785807621236e-08,4.7317857752955332e-08,3.2325702839614578e-16,9.0949470177292824e-13,true
13,INEQ-WATER-D014-HYDRO01-LOWER,14,1,lower,7250,-3877.6895279038217,-3877.6307778130067,3877.6895279033201,3877.2157057664708,3877.6307778125879,3877.6307778125879,0.47382213693227582,-0.41507204611726534,-0.41507204611726534,1,true,true,-5.0158632802776992e-10,-0.41507204653589724,-4.1882231016643345e-10,-4.1847013684141084e-10,-3.521733250226158e-13,2.3283064365386963e-10,true
13,INEQ-WATER-D014-HYDRO02-UPPER,14,2,upper,7251,-13.402155277595739,-13.491728666936979,13.402155335494349,13.86489540488601,13.491728715241404,13.491728715241404,-0.46274007898584618,0.37316668964460636,0.37316668964460636,1,true,true,5.7898610350548552e-08,0.3731667379490311,4.8304425348533186e-08,4.8304425464683261e-08,-1.1615007448907068e-16,9.0949470177292824e-13,true
13,INEQ-WATER-D014-HYDRO02-LOWER,14,2,lower,7252,-3820.7578447224005,-3820.6682713330592,3820.7578447218953,3820.295104642993,3820.6682713326377,3820.6682713326377,0.46274007898584618,-0.37316668964460636,-0.37316668964460636,1,true,true,-5.0522430683486164e-10,-0.3731666900662276,-4.2155079427175224e-10,-4.215052783597529e-10,-4.5515911999342528e-14,2.3283064365386963e-10,true
13,INEQ-WATER-D014-HYDRO03-UPPER,14,3,upper,7253,-15.236065702178166,-15.579372346754099,15.23606573758576,15.597575764380217,15.579372376294417,15.579372376294417,-0.36151003266173154,0.018203388085799244,0.018203388085799244,1,true,true,3.5407593301783891e-08,0.018203417626118323,2.9540318635667973e-08,2.9540319554727165e-08,-9.1905919285782034e-16,9.0949470177292824e-13,true
13,INEQ-WATER-D014-HYDRO03-LOWER,14,3,lower,7254,-1990.2739342978239,-1989.9306276532479,1990.2739342977318,1989.9124242650853,1989.9306276531711,1989.9306276531711,0.36151003266173154,-0.018203388085799244,-0.018203388085799244,1,true,true,-9.2086338554508984e-11,-0.018203388162646661,-7.6852302299812436e-11,-7.6827019683033275e-11,-2.5282616779161175e-14,1.1641532182693481e-10,true
13,INEQ-WATER-D014-HYDRO04-UPPER,14,4,upper,7255,-15.229504819479189,-15.572958780623594,15.229504854959965,15.591144351856666,15.57295881022497,15.57295881022497,-0.36163950277610246,0.018185541631697277,0.018185541631697277,1,true,true,3.5480775650853502e-08,0.018185571233072295,2.9601375572951838e-08,2.9601375101735299e-08,4.7121653848173505e-16,9.0949470177292824e-13,true
13,INEQ-WATER-D014-HYDRO04-LOWER,14,4,lower,7256,-1992.6004951805226,-1992.2570412193782,1992.6004951804302,1992.2388556776693,1992.2570412193011,1992.2570412193011,0.36163950277610246,-0.018185541631697277,-0.018185541631697277,1,true,true,-9.2313712229952216e-11,-0.018185541708817254,-7.7079675975255668e-11,-7.701671602792965e-11,-6.2959947326017842e-14,1.1641532182693481e-10,true
13,INEQ-WATER-D015-HYDRO01-UPPER,15,1,upper,7257,-11.172215295962815,-11.480044949945295,11.17221535303878,11.582369821130845,11.480044997563393,11.480044997563393,-0.41015447754993251,0.10232482356745198,0.10232482356745198,1,true,true,5.707596528736758e-08,0.10232487118554978,4.7618097909207791e-08,4.7618098160837384e-08,-2.516295930357172e-16,9.0949470177292824e-13,true
13,INEQ-WATER-D015-HYDRO01-LOWER,15,1,lower,7258,-3874.8877847040349,-3874.5799550500524,3874.8877847032791,3874.4776302258542,3874.5799550494216,3874.5799550494216,0.41015447754993251,-0.10232482356745198,-0.10232482356745198,1,true,true,-7.5579009717330337e-10,-0.10232482419814914,-6.3073457567952573e-10,-6.3055065043556194e-10,-1.8392524396379376e-13,2.3283064365386963e-10,true
13,INEQ-WATER-D015-HYDRO02-UPPER,15,2,upper,7259,-10.822630459377251,-11.136709808772139,10.822630517650648,11.224848966576886,11.136709857389246,11.136709857389246,-0.4022184585825278,0.088139109187640119,0.088139109187640119,1,true,true,5.8273396774666253e-08,0.088139157804747015,4.8617106784831776e-08,4.8617107285185659e-08,-5.0035388291468685e-16,9.0949470177292824e-13,true
13,INEQ-WATER-D015-HYDRO02-LOWER,15,2,lower,7260,-3816.5773695406242,-3816.2632901912293,3816.5773695398757,3816.175151081417,3816.2632901906045,3816.2632901906045,0.4022184585825278,-0.088139109187640119,-0.088139109187640119,1,true,true,-7.4851413955911994e-10,-0.088139109812345851,-6.248228601180017e-10,-6.2448036739887782e-10,-3.4249271912387619e-13,2.3283064365386963e-10,true
13,INEQ-WATER-D015-HYDRO03-UPPER,15,3,upper,7261,-14.246613547456946,-14.540652881987626,14.246613582720229,14.544873360021574,14.540652911407548,14.540652911407548,-0.29825978314470641,0.0042204486140262065,0.0042204486140262065,1,true,true,3.5263283848507854e-08,0.0042204780339485382,2.9419922498163942e-08,2.941992313782844e-08,-6.3966449839454007e-16,9.0949470177292824e-13,true
13,INEQ-WATER-D015-HYDRO03-LOWER,15,3,lower,7262,-2000.2833864525419,-1999.9893471180112,2000.28338645242,1999.9851266692956,1999.9893471179096,1999.9893471179096,0.29825978314470641,-0.0042204486140262065,-0.0042204486140262065,1,true,true,-1.2187229003757238e-10,-0.0042204487156141113,-1.0163603292312473e-10,-1.0167724086445885e-10,4.1207941334121488e-14,1.1641532182693481e-10,true
13,INEQ-WATER-D015-HYDRO04-UPPER,15,4,upper,7263,-15.121173764982814,-15.425330115493125,15.121173798862451,15.430580157874697,15.42533014375868,15.42533014375868,-0.30940636462632776,0.0052500141160164437,0.0052500141160164437,1,true,true,3.3879636873734853e-08,0.0052500423815722286,2.826555522972285e-08,2.8265555671015421e-08,-4.4129257175602493e-16,9.0949470177292824e-13,true
13,INEQ-WATER-D015-HYDRO04-LOWER,15,4,lower,7264,-2077.58882623502,-2077.2846698845096,2077.5888262348931,2077.2794198702877,2077.2846698844037,2077.2846698844037,0.30940636462632776,-0.0052500141160164437,-0.0052500141160164437,1,true,true,-1.2687451089732349e-10,-0.0052500142219287227,-1.0595613275654614e-10,-1.0585056045217918e-10,-1.0557230436696437e-13,2.3283064365386963e-10,true
13,INEQ-WATER-D016-HYDRO01-UPPER,16,1,upper,7265,-18.061216610869451,-18.673044452494651,18.061216668529855,18.703434877957413,18.673044500600341,18.673044500600341,-0.64221821898227094,0.030390377357071285,0.030390377357071285,1,true,true,5.7660404451098657e-08,0.030390425462762494,4.8105690098054765e-08,4.81056918673558e-08,-1.7693010350972874e-15,1.8189894035458565e-12,true
13,INEQ-WATER-D016-HYDRO01-LOWER,16,1,lower,7266,-3808.82878338913,-3808.2169555475048,3808.8287833889299,3808.1865651699809,3808.2169555473379,3808.2169555473379,0.64221821898227094,-0.030390377357071285,-0.030390377357071285,1,true,true,-2.0008883439004421e-10,-0.030390377523872303,-1.6689227777533233e-10,-1.6693278350881303e-10,4.0505733480702503e-14,2.3283064365386963e-10,true
13,INEQ-WATER-D016-HYDRO02-UPPER,16,2,upper,7267,-18.192707939429965,-18.808698132001155,18.192707996895876,18.83953388075588,18.808698179944582,18.808698179944582,-0.64682589338248853,0.030835700811299271,0.030835700811299271,1,true,true,5.7465911140752723e-08,0.0308357487547255,4.794342700620291e-08,4.7943427392334671e-08,-3.8613176129268537e-16,1.8189894035458565e-12,true
13,INEQ-WATER-D016-HYDRO02-LOWER,16,2,lower,7268,-3822.5672920605648,-3821.9513018679936,3822.5672920603656,3821.920466167016,3821.9513018678272,3821.9513018678272,0.64682589338248853,-0.030835700811299271,-0.030835700811299271,1,true,true,-1.9917933968827128e-10,-0.030835700977604574,-1.6643753042444587e-10,-1.6617399812922753e-10,-2.6353229521833495e-13,2.3283064365386963e-10,true
13,INEQ-WATER-D016-HYDRO03-UPPER,16,3,upper,7269,-17.193359912216692,-17.721839795849519,17.193359947130016,17.722654720664433,17.721839824977472,17.721839824977472,-0.52929477931978697,0.00081489568696058168,0.00081489568696058168,1,true,true,3.491332378757761e-08,0.0008149248149145194,2.9127953382612759e-08,2.9127953786984415e-08,-4.0437165628229616e-16,1.8189894035458565e-12,true
13,INEQ-WATER-D016-HYDRO03-LOWER,16,3,lower,7270,-2012.5566400877833,-2012.0281602041505,2012.5566400877183,2012.0273453084092,2012.0281602040961,2012.0281602040961,0.52929477931978697,-0.00081489568696058168,-0.00081489568696058168,1,true,true,-6.5028871176764369e-11,-0.00081489574131410336,-5.4342308430932462e-11,-5.4253154640364235e-11,-8.9153790568227406e-14,1.1641532182693481e-10,true
13,INEQ-WATER-D016-HYDRO04-UPPER,16,4,upper,7271,-17.842039243267209,-18.391937648204475,17.842039277496074,18.392869332965123,18.39193767676139,18.39193767676139,-0.55083006114099953,0.00093165620373292235,0.00093165620373292235,1,true,true,3.4228865075647263e-08,0.00093168476064775518,2.8556915054878118e-08,2.8556914436749313e-08,6.1812880482460769e-16,1.8189894035458565e-12,true
13,INEQ-WATER-D016-HYDRO04-LOWER,16,4,lower,7272,-2053.4079607567328,-2052.8580623517955,2053.4079607566705,2052.85713069554,2052.8580623517437,2052.8580623517437,0.55083006114099953,-0.00093165620373292235,-0.00093165620373292235,1,true,true,-6.2300387071445584e-11,-0.00093165625548863318,-5.184119800105691e-11,-5.1976798501607698e-11,1.3560050055078822e-13,2.3283064365386963e-10,true
13,INEQ-WATER-D017-HYDRO01-UPPER,17,1,upper,7273,-14.042163315360085,-14.594084175434546,14.042163372836836,14.642830472594065,14.594084223387016,14.594084223387016,-0.60066710928151001,0.048746249207049508,0.048746249207049508,1,true,true,5.7476750470186744e-08,0.048746297159519614,4.7952470438872297e-08,4.7952470572776526e-08,-1.3390422917065563e-16,9.0949470177292824e-13,true
13,INEQ-WATER-D017-HYDRO01-LOWER,17,1,lower,7274,-3843.3978366846422,-3842.8459158245678,3843.397836684037,3842.7971695748556,3842.8459158240626,3842.8459158240626,0.60066710928151001,-0.048746249207049508,-0.048746249207049508,1,true,true,-6.0526872402988374e-10,-0.0487462497121669,-5.0522430683486164e-10,-5.0497167011415946e-10,-2.5263672070217164e-13,2.3283064365386963e-10,true
13,INEQ-WATER-D017-HYDRO02-UPPER,17,2,upper,7275,-13.905823389461148,-14.453732454516285,13.905823447258536,14.501610903623527,14.45373250273626,14.45373250273626,-0.59578746594240362,0.047878400887266581,0.047878400887266581,1,true,true,5.7797388208769007e-08,0.047878449107242815,4.8219975568031259e-08,4.8219976505142395e-08,-9.3711113586864684e-16,9.0949470177292824e-13,true
13,INEQ-WATER-D017-HYDRO02-LOWER,17,2,lower,7276,-3830.7841766105412,-3830.236267545486,3830.784176609935,3830.188389144093,3830.2362675449804,3830.2362675449804,0.59578746594240362,-0.047878400887266581,-0.047878400887266581,1,true,true,-6.0617821873165667e-10,-0.047878401393063541,-5.056790541857481e-10,-5.0573045549374497e-10,5.1401307996865816e-14,2.3283064365386963e-10,true
13,INEQ-WATER-D017-HYDRO03-UPPER,17,3,upper,7277,-14.835997262238379,-15.295927487859444,14.835997297792249,15.296538081201545,15.2959275175218,15.2959275175218,-0.46054078930080944,0.00061056367974454684,0.00061056367974454684,1,true,true,3.5553869182081144e-08,0.00061059334210078475,2.9662356126891609e-08,2.9662356548608707e-08,-4.2171709771449622e-16,9.0949470177292824e-13,true
13,INEQ-WATER-D017-HYDRO03-LOWER,17,3,lower,7278,-1988.5840027377599,-1988.1240725121388,1988.5840027375616,1988.1234619482937,1988.1240725119735,1988.1240725119735,0.46054078930080944,-0.00061056367974454684,-0.00061056367974454684,1,true,true,-1.9826984498649836e-10,-0.00061056384515723039,-1.6530066204722971e-10,-1.6541521274964201e-10,1.1455070241229793e-13,1.1641532182693481e-10,true
13,INEQ-WATER-D017-HYDRO04-UPPER,17,4,upper,7279,-15.301251446420792,-15.774467555187584,15.301251481492372,15.775177552090991,15.774467584447569,15.774467584447569,-0.473926076410213,0.00070996764342112773,0.00070996764342112773,1,true,true,3.5071579418399779e-08,0.0007099969034065623,2.9259984657414861e-08,2.9259985407037683e-08,-7.4962282159618591e-16,9.0949470177292824e-13,true
13,INEQ-WATER-D017-HYDRO04-LOWER,17,4,lower,7280,-2019.1787485535788,-2018.705532444812,2019.1787485533823,2018.7048224770047,2018.705532444648,2018.705532444648,0.473926076410213,-0.00070996764342112773,-0.00070996764342112773,1,true,true,-1.964508555829525e-10,-0.0007099678073245741,-1.6393641999457031e-10,-1.6389764199047098e-10,-3.877800409933871e-14,1.1641532182693481e-10,true
13,INEQ-WATER-D018-HYDRO01-UPPER,18,1,upper,7281,-10.262659358071687,-9.3515797052023117,10.262659415459558,10.41907336496717,9.3515797530806317,9.3515797530806317,-0.15641395901716384,1.0674936118865392,1.0674936118865392,1,true,true,5.7387870455727352e-08,1.0674936597648585,4.7878319975325212e-08,4.7878318567957074e-08,1.4073681382223755e-15,9.0949470177292824e-13,true
13,INEQ-WATER-D018-HYDRO01-LOWER,18,1,lower,7282,-3864.3473406419289,-3865.2584202947983,3864.3473406410826,3864.1909266822058,3865.2584202940925,3865.2584202940925,0.15641395901716384,-1.0674936118865392,-1.0674936118865392,1,true,true,-8.4628481999970973e-10,-1.0674936125924432,-7.0576788857579231e-10,-7.0604979570432059e-10,2.8190712852827379e-13,2.3283064365386963e-10,true
13,INEQ-WATER-D018-HYDRO02-UPPER,18,2,upper,7283,-10.372797071599052,-9.3886848489928525,10.372797128612723,10.525836289630318,9.3886848965589795,9.3886848965589795,-0.15303917046513932,1.1371513930713391,1.1371513930713391,1,true,true,5.7013670229366653e-08,1.1371514406374654,4.7566127037157457e-08,4.7566125808343858e-08,1.2288135995586139e-15,9.0949470177292824e-13,true
13,INEQ-WATER-D018-HYDRO02-LOWER,18,2,lower,7284,-3887.6072029284041,-3888.5913151510103,3887.6072029275542,3887.4541637572297,3888.5913151503009,3888.5913151503009,0.15303917046513932,-1.1371513930713391,-1.1371513930713391,1,true,true,-8.4992279880680144e-10,-1.1371513937806412,-7.0940586738288403e-10,-7.0908493722266259e-10,-3.2093016022143288e-13,2.3283064365386963e-10,true
13,INEQ-WATER-D018-HYDRO03-UPPER,18,3,upper,7285,-13.720495918118104,-13.674060656692745,13.720495953681349,13.7677283565117,13.674060686362925,13.674060686362925,-0.047232408723417836,0.093667670148776305,0.093667670148776305,1,true,true,3.5563244793479498e-08,0.093667699818954731,2.9670179202412328e-08,2.9670178558830295e-08,6.4358203239303611e-16,9.0949470177292824e-13,true
13,INEQ-WATER-D018-HYDRO03-LOWER,18,3,lower,7286,-1987.2895040818839,-1987.3359393433093,1987.2895040817227,1987.2422716730259,1987.3359393431747,1987.3359393431747,0.047232408723417836,-0.093667670148776305,-0.093667670148776305,1,true,true,-1.6120793588925153e-10,-0.093667670283366533,-1.3460521586239338e-10,-1.3449470853153232e-10,-1.1050733086105424e-13,1.1641532182693481e-10,true
13,INEQ-WATER-D018-HYDRO04-UPPER,18,4,upper,7287,-13.758069240462646,-13.710277843132644,13.75806927602793,13.805015890120314,13.710277872804523,13.710277872804523,-0.046946619985789112,0.09473801731579104,0.09473801731579104,1,true,true,3.556528405113113e-08,0.094738046987670188,2.9671879175907634e-08,2.9671879897923584e-08,-7.2201594989363688e-16,9.0949470177292824e-13,true
13,INEQ-WATER-D018-HYDRO04-LOWER,18,4,lower,7288,-1993.2819307595346,-1993.3297221568646,1993.2819307593734,1993.2349841394143,1993.3297221567302,1993.3297221567302,0.046946619985789112,-0.09473801731579104,-0.09473801731579104,1,true,true,-1.6120793588925153e-10,-0.094738017450254119,-1.3437784218695015e-10,-1.3449470853153232e-10,1.1686634458217782e-13,1.1641532182693481e-10,true
13,INEQ-WATER-D019-HYDRO01-UPPER,19,1,upper,7289,-10.826667065826769,-10.096795601421036,10.826667123287463,10.952643758885811,10.096795649360111,10.096795649360111,-0.12597664511996845,0.85584810952570112,0.85584810952570112,1,true,true,5.7460693980715405e-08,0.85584815746477538,4.7939074931946379e-08,4.7939074750420919e-08,1.8152546040414177e-16,9.0949470177292824e-13,true
13,INEQ-WATER-D019-HYDRO01-LOWER,19,1,lower,7290,-3849.0533329341706,-3849.7832043985763,3849.0533329335349,3848.9273562885201,3849.7832043980457,3849.7832043980457,0.12597664511996845,-0.85584810952570112,-0.85584810952570112,1,true,true,-6.3573679653927684e-10,-0.8558481100562858,-5.3069015848450363e-10,-5.3039098033027418e-10,-2.9917815422944605e-13,2.3283064365386963e-10,true
13,INEQ-WATER-D019-HYDRO02-UPPER,19,2,upper,7291,-10.685777339938795,-9.9871509523945861,10.685777398087023,10.815029833550811,9.9871510009072662,9.9871510009072662,-0.12925244509933675,0.82787883264354589,0.82787883264354589,1,true,true,5.8148227566334754e-08,0.82787888115622543,4.8512680095313954e-08,4.8512679447320203e-08,6.4799375055925093e-16,9.0949470177292824e-13,true
13,INEQ-WATER-D019-HYDRO02-LOWER,19,2,lower,7292,-3816.8642226600641,-3817.5628490476083,3816.864222659437,3816.7349702144415,3817.5628490470849,3817.5628490470849,0.12925244509933675,-0.82787883264354589,-0.82787883264354589,1,true,true,-6.2709659687243402e-10,-0.82787883316677835,-5.234142008703202e-10,-5.2318251922421171e-10,-2.3168164610849187e-13,2.3283064365386963e-10,true
13,INEQ-WATER-D019-HYDRO03-UPPER,19,3,upper,7293,-14.041764783520193,-13.98997495360527,14.041764818363527,14.044898842472916,13.989974982674831,13.989974982674831,-0.0031340298831610863,0.054923859798084847,0.054923859798084847,1,true,true,3.4843333551748401e-08,0.054923888867646653,2.9069560980587994e-08,2.9069561398818304e-08,-4.1823030974818104e-16,9.0949470177292824e-13,true
13,INEQ-WATER-D019-HYDRO03-LOWER,19,3,lower,7294,-2021.5082352164791,-2021.560025046394,2021.5082352163722,2021.5051011865069,2021.5600250463049,2021.5600250463049,0.0031340298831610863,-0.054923859798084847,-0.054923859798084847,1,true,true,-1.0686562745831907e-10,-0.05492385988713977,-8.9130480773746967e-11,-8.9157282101297869e-11,2.6801327550902027e-14,1.1641532182693481e-10,true
13,INEQ-WATER-D019-HYDRO04-UPPER,19,4,upper,7295,-13.952781110408978,-13.905657944524137,13.952781145482954,13.959493372693004,13.905657973786122,13.905657973786122,-0.0067122330220413468,0.053835398906882347,0.053835398906882347,1,true,true,3.507397572377613e-08,0.053835428168866883,2.9261984835216026e-08,2.9261984628672567e-08,2.0654345862146928e-16,9.0949470177292824e-13,true
13,INEQ-WATER-D019-HYDRO04-LOWER,19,4,lower,7296,-2015.7172188895929,-2015.7643420554778,2015.7172188894863,2015.7105066564818,2015.7643420553886,2015.7643420553886,0.0067122330220413468,-0.053835398906882347,-0.053835398906882347,1,true,true,-1.0663825378287584e-10,-0.053835398995943251,-8.9130480773746967e-11,-8.8967585756401494e-11,-1.6289501734547337e-13,1.1641532182693481e-10,true
13,INEQ-WATER-D020-HYDRO01-UPPER,20,1,upper,7297,-10.684111947586644,-10.759943046236003,10.684112005820914,11.039991017300693,10.759943094820468,10.759943094820468,-0.35587902112958464,0.28004792248022486,0.28004792248022486,1,true,true,5.8234270738921623e-08,0.2800479710646897,4.8584464451550957e-08,4.8584464693836539e-08,-2.4228558216530589e-16,9.0949470177292824e-13,true
13,INEQ-WATER-D020-HYDRO01-LOWER,20,1,lower,7298,-3818.5658880524134,-3818.490056953764,3818.5658880515944,3818.2100090306003,3818.4900569530805,3818.4900569530805,0.35587902112958464,-0.28004792248022486,-0.28004792248022486,1,true,true,-8.1899997894652188e-10,-0.28004792316369276,-6.8348526838235557e-10,-6.8328623431675513e-10,-1.9903406560044513e-13,2.3283064365386963e-10,true
13,INEQ-WATER-D020-HYDRO02-UPPER,20,2,upper,7299,-10.887788632673619,-10.954837800956739,10.887788690050034,11.248463530171405,10.9548378488255,10.9548378488255,-0.36067484962902502,0.29362568134590522,0.29362568134590522,1,true,true,5.737641473047006e-08,0.29362572921466601,4.7868761399172399e-08,4.7868761132580227e-08,2.665921719686133e-16,9.0949470177292824e-13,true
13,INEQ-WATER-D020-HYDRO02-LOWER,20,2,lower,7300,-3867.6422113673252,-3867.5751621990421,3867.642211366488,3867.2815365169977,3867.5751621983436,3867.5751621983436,0.36067484962902502,-0.29362568134590522,-0.29362568134590522,1,true,true,-8.3718987298198044e-10,-0.29362568204442141,-6.9849193096160889e-10,-6.9846194190846547e-10,-2.9989053143419425e-14,2.3283064365386963e-10,true
13,INEQ-WATER-D020-HYDRO03-UPPER,20,3,upper,7301,-14.275646967358625,-14.476434254265769,14.275647002815688,14.504964107386792,14.476434283847361,14.476434283847361,-0.22931711044657463,0.028529823539431204,0.028529823539431204,1,true,true,3.5457063063404348e-08,0.028529853121023407,2.9581592286831437e-08,2.958159184776638e-08,4.3906505708448089e-16,9.0949470177292824e-13,true
13,INEQ-WATER-D020-HYDRO03-LOWER,20,3,lower,7302,-1991.1043530326424,-1990.9035657457352,1991.1043530325032,1990.8750359220796,1990.9035657456191,1990.9035657456191,0.22931711044657463,-0.028529823539431204,-0.028529823539431204,1,true,true,-1.3915268937125802e-10,-0.028529823655617292,-1.1618794815149158e-10,-1.1609416307658361e-10,-9.3785074907967808e-14,1.1641532182693481e-10,true
13,INEQ-WATER-D020-HYDRO04-UPPER,20,4,upper,7303,-14.524072934378637,-14.724202279787278,14.524072969502212,14.754504601701186,14.724202309090643,14.724202309090643,-0.23043163801918345,0.030302292610542653,0.030302292610542653,1,true,true,3.5123575159445863e-08,0.030302321913907804,2.9303365067789855e-08,2.9303365107908479e-08,-4.0118623668291366e-17,9.0949470177292824e-13,true
13,INEQ-WATER-D020-HYDRO04-LOWER,20,4,lower,7304,-2014.3359270656219,-2014.1357977202133,2014.3359270654817,2014.1054954274857,2014.1357977200962,2014.1357977200962,0.23043163801918345,-0.030302292610542653,-0.030302292610542653,1,true,true,-1.4028955774847418e-10,-0.030302292727583335,-1.1709744285326451e-10,-1.170426448010655e-10,-5.4798052199006156e-14,1.1641532182693481e-10,true
14,INEQ-WATER-D014-HYDRO01-UPPER,14,1,upper,7249,-13.919222186996194,-14.20570923788182,13.919222234314052,14.261298674973537,14.205709279926472,14.205709279926472,-0.34207644593269043,0.055589395047064782,0.055589395047064782,1,true,true,4.731785807621236e-08,0.055589437091716931,4.2044652204253907e-08,4.2044652858972067e-08,-6.5471815983904561e-16,9.0949470177292824e-13,true
14,INEQ-WATER-D014-HYDRO01-LOWER,14,1,lower,7250,-3877.6307778130067,-3877.3442907621211,3877.6307778125879,3877.2887013667018,3877.3442907617491,3877.3442907617491,0.34207644593269043,-0.055589395047064782,-0.055589395047064782,1,true,true,-4.1882231016643345e-10,-0.055589395419247012,-3.7198333302512765e-10,-3.7214783924027493e-10,1.6450621514727917e-13,2.3283064365386963e-10,true
14,INEQ-WATER-D014-HYDRO02-UPPER,14,2,upper,7251,-13.491728666936979,-13.774555911360949,13.491728715241404,13.825320856994846,13.774555954282222,13.774555954282222,-0.33359214713659313,0.050764902712623017,0.050764902712623017,1,true,true,4.8304425348533186e-08,0.05076494563389744,4.2921273646356894e-08,4.2921274924576616e-08,-1.2782197211178669e-15,9.0949470177292824e-13,true
14,INEQ-WATER-D014-HYDRO02-LOWER,14,2,lower,7252,-3820.6682713330592,-3820.3854440886353,3820.6682713326377,3820.3346791855479,3820.3854440882606,3820.3854440882606,0.33359214713659313,-0.050764902712623017,-0.050764902712623017,1,true,true,-4.2155079427175224e-10,-0.050764903087383573,-3.7471181713044643e-10,-3.7457225513109106e-10,-1.3956199935537246e-13,2.3283064365386963e-10,true
14,INEQ-WATER-D014-HYDRO03-UPPER,14,3,upper,7253,-15.579372346754099,-15.838390670076478,15.579372376294417,15.841667200913037,15.838390696324758,15.838390696324758,-0.26229482791065722,0.0032765045882774957,0.0032765045882774957,1,true,true,2.9540318635667973e-08,0.0032765308365583223,2.624827999397894e-08,2.6248281153801167e-08,-1.1598222266829917e-15,9.0949470177292824e-13,true
14,INEQ-WATER-D014-HYDRO03-LOWER,14,3,lower,7254,-1989.9306276532479,-1989.6716093299256,1989.9306276531711,1989.6683328252691,1989.6716093298573,1989.6716093298573,0.26229482791065722,-0.0032765045882774957,-0.0032765045882774957,1,true,true,-7.6852302299812436e-11,-0.0032765046564691147,-6.8212102632969618e-11,-6.8287714257987477e-11,7.5611625017859151e-14,1.1641532182693481e-10,true
14,INEQ-WATER-D014-HYDRO04-UPPER,14,4,upper,7255,-15.572958780623594,-15.832055083159503,15.57295881022497,15.835329536493617,15.832055109462036,15.832055109462036,-0.26237072956748941,0.0032744270315806512,0.0032744270315806512,1,true,true,2.9601375572951838e-08,0.0032744533341144688,2.6302533484567903e-08,2.6302533772941229e-08,-2.8837332642223711e-16,9.0949470177292824e-13,true
14,INEQ-WATER-D014-HYDRO04-LOWER,14,4,lower,7256,-1992.2570412193782,-1991.9979449168422,1992.2570412193011,1991.9946704897422,1991.9979449167738,1991.9979449167738,0.26237072956748941,-0.0032744270315806512,-0.0032744270315806512,1,true,true,-7.7079675975255668e-11,-0.0032744270999955916,-6.843947630841285e-11,-6.8489748915555488e-11,5.0272607142638182e-14,1.1641532182693481e-10,true
14,INEQ-WATER-D015-HYDRO01-UPPER,15,1,upper,7257,-11.480044949945295,-11.76910909540311,11.480044997563393,11.791013456145363,11.769109137714544,11.769109137714544,-0.31096846388863353,0.021904318430819081,0.021904318430819081,1,true,true,4.7618097909207791e-08,0.021904360742253104,4.2311434356179234e-08,4.2311433310707577e-08,1.0454716571467506e-15,9.0949470177292824e-13,true
14,INEQ-WATER-D015-HYDRO01-LOWER,15,1,lower,7258,-3874.5799550500524,-3874.2908909045946,3874.5799550494216,3874.2689865856032,3874.2908909040339,3874.2908909040339,0.31096846388863353,-0.021904318430819081,-0.021904318430819081,1,true,true,-6.3073457567952573e-10,-0.021904318991346372,-5.6070348364301026e-10,-5.6044414009366054e-10,-2.5934354934971811e-13,2.3283064365386963e-10,true
14,INEQ-WATER-D015-HYDRO02-UPPER,15,2,upper,7259,-11.136709808772139,-11.422171974561934,11.136709857389246,11.440483008626533,11.422172017761046,11.422172017761046,-0.30377315665528293,0.01831099086548782,0.01831099086548782,1,true,true,4.8617106784831776e-08,0.018311034064598886,4.3199111843250648e-08,4.3199110460230922e-08,1.3830197261672974e-15,9.0949470177292824e-13,true
14,INEQ-WATER-D015-HYDRO02-LOWER,15,2,lower,7260,-3816.2632901912293,-3815.9778280254395,3816.2632901906045,3815.959517034019,3815.9778280248843,3815.9778280248843,0.30377315665528293,-0.01831099086548782,-0.01831099086548782,1,true,true,-6.248228601180017e-10,-0.018310991420548817,-5.5524651543237269e-10,-5.551912389968923e-10,-5.5276435480385327e-14,2.3283064365386963e-10,true
14,INEQ-WATER-D015-HYDRO03-UPPER,15,3,upper,7261,-14.540652881987626,-14.775120680216787,14.540652911407548,14.775895120014074,14.77512070635809,14.77512070635809,-0.23524221188514535,0.00077441365598393541,0.00077441365598393541,1,true,true,2.9419922498163942e-08,0.00077443979728641921,2.6141302456039739e-08,2.6141302224223143e-08,2.3181659573565511e-16,9.0949470177292824e-13,true
14,INEQ-WATER-D015-HYDRO03-LOWER,15,3,lower,7262,-1999.9893471180112,-1999.754879319782,1999.9893471179096,1999.7541049060358,1999.7548793196918,1999.7548793196918,0.23524221188514535,-0.00077441365598393541,-0.00077441365598393541,1,true,true,-1.0163603292312473e-10,-0.0007744137462850631,-9.0267349150963128e-11,-9.0309491932900595e-11,4.2142781937467717e-14,1.1641532182693481e-10,true
14,INEQ-WATER-D015-HYDRO04-UPPER,15,4,upper,7263,-15.425330115493125,-15.6708479402987,15.42533014375868,15.671841642277574,15.670847965414278,15.670847965414278,-0.24651150166886932,0.00099367686329482341,0.00099367686329482341,1,true,true,2.826555522972285e-08,0.00099370197887438394,2.5115578949908013e-08,2.5115580159729168e-08,-1.209821155500037e-15,9.0949470177292824e-13,true
14,INEQ-WATER-D015-HYDRO04-LOWER,15,4,lower,7264,-2077.2846698845096,-2077.0391520597041,2077.2846698844037,2077.0381583827466,2077.0391520596099,2077.0391520596099,0.24651150166886932,-0.00099367686329482341,-0.00099367686329482341,1,true,true,-1.0595613275654614e-10,-0.00099367695747787366,-9.4132701633498073e-11,-9.4148150426692793e-11,1.5448793194720491e-14,2.3283064365386963e-10,true
14,INEQ-WATER-D016-HYDRO01-UPPER,16,1,upper,7265,-18.673044452494651,-19.127575572951173,18.673044500600341,19.132541861360536,19.127575615695861,19.127575615695861,-0.45949736612119713,0.0049662456646747954,0.0049662456646747954,1,true,true,4.8105690098054765e-08,0.0049662884093635284,4.2744687789308955e-08,4.2744687163487602e-08,6.2582135291077933e-16,1.8189894035458565e-12,true
14,INEQ-WATER-D016-HYDRO01-LOWER,16,1,lower,7266,-3808.2169555475048,-3807.7624244270482,3808.2169555473379,3807.7574581812351,3807.7624244268995,3807.7624244268995,0.45949736612119713,-0.0049662456646747954,-0.0049662456646747954,1,true,true,-1.6689227777533233e-10,-0.0049662458131933818,-1.4870238373987377e-10,-1.4829343865491955e-10,-4.0894508495422139e-13,2.3283064365386963e-10,true
14,INEQ-WATER-D016-HYDRO02-UPPER,16,2,upper,7267,-18.808698132001155,-19.266462725128804,18.808698179944582,19.271498387693551,19.266462767729308,19.266462767729308,-0.46280021309189073,0.0050356199642414556,0.0050356199642414556,1,true,true,4.794342700620291e-08,0.0050356625647474118,4.2600504457368515e-08,4.2600507024189107e-08,-2.5668205920104988e-15,1.8189894035458565e-12,true
14,INEQ-WATER-D016-HYDRO02-LOWER,16,2,lower,7268,-3821.9513018679936,-3821.493537274866,3821.9513018678272,3821.4885016547537,3821.4935372747177,3821.4935372747177,0.46280021309189073,-0.0050356199642414556,-0.0050356199642414556,1,true,true,-1.6643753042444587e-10,-0.0050356201122667699,-1.482476363889873e-10,-1.4788936933978352e-10,-3.5826704920377945e-13,2.3283064365386963e-10,true
14,INEQ-WATER-D016-HYDRO03-UPPER,16,3,upper,7269,-17.721839795849519,-18.099827659170842,17.721839824977472,18.09994418657973,18.099827685052713,18.099827685052713,-0.37810436484833948,0.0001165015270165326,0.0001165015270165326,1,true,true,2.9127953382612759e-08,0.00011652740888834501,2.5881870868715851e-08,2.5881870783156672e-08,8.5559178505238652e-17,1.8189894035458565e-12,true
14,INEQ-WATER-D016-HYDRO03-LOWER,16,3,lower,7270,-2012.0281602041505,-2011.6501723408292,2012.0281602040961,2011.6500558392538,2011.6501723407807,2011.6501723407807,0.37810436484833948,-0.0001165015270165326,-0.0001165015270165326,1,true,true,-5.4342308430932462e-11,-0.00011650157534859318,-4.8430592869408429e-11,-4.8286283158754457e-11,-1.4430971065397203e-13,1.1641532182693481e-10,true
14,INEQ-WATER-D016-HYDRO04-UPPER,16,4,upper,7271,-18.391937648204475,-18.785326000870555,18.39193767676139,18.785459382821003,18.785326026245023,18.785326026245023,-0.39352170924205782,0.00013335657597851602,0.00013335657597851602,1,true,true,2.8556915054878118e-08,0.00013338195044809709,2.5374468748395884e-08,2.5374470211049188e-08,-1.4626533037102838e-15,1.8189894035458565e-12,true
14,INEQ-WATER-D016-HYDRO04-LOWER,16,4,lower,7272,-2052.8580623517955,-2052.4646739991294,2052.8580623517437,2052.4645406425075,2052.4646739990835,2052.4646739990835,0.39352170924205782,-0.00013335657597851602,-0.00013335657597851602,1,true,true,-5.184119800105691e-11,-0.00013335662197277998,-4.5929482439532876e-11,-4.6063901925506348e-11,1.3441948597347156e-13,2.3283064365386963e-10,true
14,INEQ-WATER-D017-HYDRO01-UPPER,17,1,upper,7273,-14.594084175434546,-15.020844082893746,14.594084223387016,15.026907279894196,15.020844125502288,15.020844125502288,-0.43282306185110819,0.0060631543919082986,0.0060631543919082986,1,true,true,4.7952470438872297e-08,0.0060631970004507707,4.2608542472066802e-08,4.2608542637014722e-08,-1.6494792051307674e-16,9.0949470177292824e-13,true
14,INEQ-WATER-D017-HYDRO01-LOWER,17,1,lower,7274,-3842.8459158245678,-3842.4191559171086,3842.8459158240626,3842.4130927622678,3842.4191559166597,3842.4191559166597,0.43282306185110819,-0.0060631543919082986,-0.0060631543919082986,1,true,true,-5.0522430683486164e-10,-0.0060631548408309754,-4.4883563532494009e-10,-4.4892100911611883e-10,8.537379117874707e-14,2.3283064365386963e-10,true
14,INEQ-WATER-D017-HYDRO02-UPPER,17,2,upper,7275,-14.453732454516285,-14.877071598872135,14.45373250273626,14.882988366295859,14.877071641718372,14.877071641718372,-0.42925586893333734,0.0059167245774870425,0.0059167245774870425,1,true,true,4.8219975568031259e-08,0.0059167674237237122,4.2846236780746949e-08,4.2846236411643482e-08,3.6910346752478304e-16,9.0949470177292824e-13,true
14,INEQ-WATER-D017-HYDRO02-LOWER,17,2,lower,7276,-3830.236267545486,-3829.8129284011302,3830.2362675449804,3829.8070116761032,3829.8129284006809,3829.8129284006809,0.42925586893333734,-0.0059167245774870425,-0.0059167245774870425,1,true,true,-5.056790541857481e-10,-0.0059167250269638316,-4.4929038267582655e-10,-4.4932507843125485e-10,3.4695755428305131e-14,2.3283064365386963e-10,true
14,INEQ-WATER-D017-HYDRO03-UPPER,17,3,upper,7277,-15.295927487859444,-15.627109429358825,15.2959275175218,15.627212120140118,15.627109455715543,15.627109455715543,-0.33128460592395653,0.00010266442457590452,0.00010266442457590452,1,true,true,2.9662356126891609e-08,0.00010269078129354625,2.6356717697240128e-08,2.6356718521063509e-08,-8.23823380922973e-16,9.0949470177292824e-13,true
14,INEQ-WATER-D017-HYDRO03-LOWER,17,3,lower,7278,-1988.1240725121388,-1987.7928905706394,1988.1240725119735,1987.792787906068,1987.7928905704925,1987.7928905704925,0.33128460592395653,-0.00010266442457590452,-0.00010266442457590452,1,true,true,-1.6530066204722971e-10,-0.00010266457138641272,-1.4688339433632791e-10,-1.4687919605194347e-10,-4.1982843844425428e-15,1.1641532182693481e-10,true
14,INEQ-WATER-D017-HYDRO04-UPPER,17,4,upper,7279,-15.774467555187584,-16.11547150914339,15.774467584447569,16.115591362135774,16.115471535142579,16.115471535142579,-0.34112378094900042,0.00011982699319479373,0.00011982699319479373,1,true,true,2.9259984657414861e-08,0.00011985299238403968,2.5999188579817201e-08,2.5999188204977434e-08,3.7483976654949127e-16,1.8189894035458565e-12,true
14,INEQ-WATER-D017-HYDRO04-LOWER,17,4,lower,7280,-2018.705532444812,-2018.3645284908562,2018.705532444648,2018.3644086637173,2018.3645284907104,2018.3645284907104,0.34112378094900042,-0.00011982699319479373,-0.00011982699319479373,1,true,true,-1.6393641999457031e-10,-0.00011982713886027341,-1.4574652595911175e-10,-1.456669881065354e-10,-7.9537852576348785e-14,1.1641532182693481e-10,true
14,INEQ-WATER-D018-HYDRO01-UPPER,18,1,upper,7281,-9.3515797052023117,-9.0392050939553883,9.3515797530806317,9.4826532339517939,9.0392051364980439,9.0392051364980439,-0.13107348620682568,0.44344809745374913,0.44344809745374913,1,true,true,4.7878319975325212e-08,0.44344813999640564,4.2542655620536607e-08,4.2542655662711118e-08,-4.2174511597620461e-17,9.0949470177292824e-13,true
14,INEQ-WATER-D018-HYDRO01-LOWER,18,1,lower,7282,-3865.2584202947983,-3865.5707949060452,3865.2584202940925,3865.1273468079644,3865.5707949054181,3865.5707949054181,0.13107348620682568,-0.44344809745374913,-0.44344809745374913,1,true,true,-7.0576788857579231e-10,-0.44344809808080754,-6.2709659687243402e-10,-6.2711557709110394e-10,1.8980218669921718e-14,2.3283064365386963e-10,true
14,INEQ-WATER-D018-HYDRO02-UPPER,18,2,upper,7283,-9.3886848489928525,-9.0293772934310255,9.3886848965589795,9.5198835116632186,9.0293773356962799,9.0293773356962799,-0.13119862040511165,0.49050617596693868,0.49050617596693868,1,true,true,4.7566127037157457e-08,0.49050621823219309,4.2265254407425346e-08,4.2265254185891429e-08,2.2153391684973087e-16,9.0949470177292824e-13,true
14,INEQ-WATER-D018-HYDRO02-LOWER,18,2,lower,7284,-3888.5913151510103,-3888.9506227065722,3888.5913151503009,3888.460116529975,3888.9506227059419,3888.9506227059419,0.13119862040511165,-0.49050617596693868,-0.49050617596693868,1,true,true,-7.0940586738288403e-10,-0.4905061765971368,-6.3027982832863927e-10,-6.3034813161219212e-10,6.8303283552850325e-14,2.3283064365386963e-10,true
14,INEQ-WATER-D018-HYDRO03-UPPER,18,3,upper,7285,-13.674060656692745,-13.684824797241163,13.674060686362925,13.701609369537961,13.684824823604833,13.684824823604833,-0.027548686481545324,0.016784545933127979,0.016784545933127979,1,true,true,2.9670179202412328e-08,0.016784572296797862,2.6363670357909541e-08,2.6363669776000461e-08,5.8190908042997277e-16,9.0949470177292824e-13,true
14,INEQ-WATER-D018-HYDRO03-LOWER,18,3,lower,7286,-1987.3359393433093,-1987.3251752027609,1987.3359393431747,1987.3083906567081,1987.3251752026413,1987.3251752026413,0.027548686481545324,-0.016784545933127979,-0.016784545933127979,1,true,true,-1.3460521586239338e-10,-0.016784546052804217,-1.1959855328314006e-10,-1.196045172802621e-10,5.9639971220366941e-15,1.1641532182693481e-10,true
14,INEQ-WATER-D018-HYDRO04-UPPER,18,4,upper,7287,-13.710277843132644,-13.720669451617141,13.710277872804523,13.737695859920537,13.720669477982321,13.720669477982321,-0.02741799042271284,0.017026381938216012,0.017026381938216012,1,true,true,2.9671879175907634e-08,0.017026408303395968,2.6365180261223031e-08,2.6365180300744933e-08,-3.9521902191840512e-17,9.0949470177292824e-13,true
14,INEQ-WATER-D018-HYDRO04-LOWER,18,4,lower,7288,-1993.3297221568646,-1993.3193305483801,1993.3297221567302,1993.3023041663225,1993.3193305482607,1993.3193305482607,0.02741799042271284,-0.017026381938216012,-0.017026381938216012,1,true,true,-1.3437784218695015e-10,-0.01702638205756557,-1.1937117960769683e-10,-1.1940248262269409e-10,3.1303014997257664e-14,1.1641532182693481e-10,true
14,INEQ-WATER-D019-HYDRO01-UPPER,19,1,upper,7289,-10.096795601421036,-10.144278434163425,10.096795649360111,10.258696716296795,10.144278476760064,10.144278476760064,-0.16190107227911946,0.11441823953673017,0.11441823953673017,1,true,true,4.7939074931946379e-08,0.11441828213336969,4.259663910488598e-08,4.259663995457159e-08,-8.4968560959963949e-16,9.0949470177292824e-13,true
14,INEQ-WATER-D019-HYDRO01-LOWER,19,1,lower,7290,-3849.7832043985763,-3849.735721565834,3849.7832043980457,3849.6213033258255,3849.7357215653624,3849.7357215653624,0.16190107227911946,-0.11441823953673017,-0.11441823953673017,1,true,true,-5.3069015848450363e-10,-0.1144182400084901,-4.7157300286926329e-10,-4.7154889076373597e-10,-2.4112105527320197e-14,2.3283064365386963e-10,true
14,INEQ-WATER-D019-HYDRO02-UPPER,19,2,upper,7291,-9.9871509523945861,-10.036768675978237,9.9871510009072662,10.148608123871867,10.036768719084559,10.036768719084559,-0.16145712837095869,0.11183940478730744,0.11183940478730744,1,true,true,4.8512680095313954e-08,0.11183944789362954,4.3106322067387737e-08,4.310632130855553e-08,7.58832207167543e-16,9.0949470177292824e-13,true
14,INEQ-WATER-D019-HYDRO02-LOWER,19,2,lower,7292,-3817.5628490476083,-3817.5132313240247,3817.5628490470849,3817.4013919187723,3817.5132313235595,3817.5132313235595,0.16145712837095869,-0.11183940478730744,-0.11183940478730744,1,true,true,-5.234142008703202e-10,-0.11183940525233993,-4.6520653995685279e-10,-4.6508378172155967e-10,-1.2275823529312571e-13,2.3283064365386963e-10,true
14,INEQ-WATER-D019-HYDRO03-UPPER,19,3,upper,7293,-13.98997495360527,-14.060564938939933,13.989974982674831,14.067382260904258,14.060564964769918,14.060564964769918,-0.077407281469003594,0.0068172961343399424,0.0068172961343399424,1,true,true,2.9069560980587994e-08,0.0068173219643252736,2.5829985261793809e-08,2.5829985757659989e-08,-4.9586617993740291e-16,9.0949470177292824e-13,true
14,INEQ-WATER-D019-HYDRO03-LOWER,19,3,lower,7294,-2021.560025046394,-2021.4894350610593,2021.5600250463049,2021.4826177648458,2021.4894350609802,2021.4894350609802,0.077407281469003594,-0.0068172961343399424,-0.0068172961343399424,1,true,true,-8.9130480773746967e-11,-0.0068172962135122361,-7.9126039054244757e-11,-7.9197585766660037e-11,7.1546712415280381e-14,1.1641532182693481e-10,true
14,INEQ-WATER-D019-HYDRO04-UPPER,19,4,upper,7295,-13.905657944524137,-13.977574960634229,13.905657973786122,13.984256630102534,13.977574986635194,13.977574986635194,-0.078598659577431507,0.0066816434673395708,0.0066816434673395708,1,true,true,2.9261984835216026e-08,0.0066816694683051736,2.6000964936656601e-08,2.6000965478605727e-08,-5.4194912654678133e-16,9.0949470177292824e-13,true
14,INEQ-WATER-D019-HYDRO04-LOWER,19,4,lower,7296,-2015.7643420554778,-2015.6924250393677,2015.7643420553886,2015.6857433958212,2015.6924250392885,2015.6924250392885,0.078598659577431507,-0.0066816434673395708,-0.0066816434673395708,1,true,true,-8.9130480773746967e-11,-0.0066816435464716051,-7.9126039054244757e-11,-7.9197585766660037e-11,7.1546712415280381e-14,1.1641532182693481e-10,true
14,INEQ-WATER-D020-HYDRO01-UPPER,20,1,upper,7297,-10.759943046236003,-11.008934847122873,10.759943094820468,11.045333435660567,11.008934890292979,11.008934890292979,-0.28539034625445719,0.036398545367587298,0.036398545367587298,1,true,true,4.8584464451550957e-08,0.036398588537693399,4.3170105712420082e-08,4.3170105859703818e-08,-1.4728373661235795e-16,9.0949470177292824e-13,true
14,INEQ-WATER-D020-HYDRO01-LOWER,20,1,lower,7298,-3818.490056953764,-3818.2410651528771,3818.4900569530805,3818.2046666069023,3818.24106515227,3818.24106515227,0.28539034625445719,-0.036398545367587298,-0.036398545367587298,1,true,true,-6.8348526838235557e-10,-0.036398545974861918,-6.070877134334296e-10,-6.0731618064943891e-10,2.2846721600930783e-13,2.3283064365386963e-10,true
14,INEQ-WATER-D020-HYDRO02-UPPER,20,2,upper,7299,-10.954837800956739,-11.207228457249585,10.9548378488255,11.245569693511102,11.207228499783747,11.207228499783747,-0.29073185002020113,0.038341193727355172,0.038341193727355172,1,true,true,4.7868761399172399e-08,0.038341236261517864,4.2534162858487434e-08,4.2534162315114449e-08,5.4337298562239335e-16,9.0949470177292824e-13,true
14,INEQ-WATER-D020-HYDRO02-LOWER,20,2,lower,7300,-3867.5751621990421,-3867.3227715427493,3867.5751621983436,3867.2844303484012,3867.3227715421285,3867.3227715421285,0.29073185002020113,-0.038341193727355172,-0.038341193727355172,1,true,true,-6.9849193096160889e-10,-0.038341194348049612,-6.2073013396002352e-10,-6.2065046804892759e-10,-7.9665911095935496e-14,2.3283064365386963e-10,true
14,INEQ-WATER-D020-HYDRO03-UPPER,20,3,upper,7301,-14.476434254265769,-14.678099011303857,14.476434283847361,14.680927019423958,14.678099037588812,14.678099037588812,-0.20449273887323491,0.0028279818351466257,0.0028279818351466257,1,true,true,2.9581592286831437e-08,0.0028280081201010887,2.6284954657285198e-08,2.6284955179337047e-08,-5.2205184946846743e-16,9.0949470177292824e-13,true
14,INEQ-WATER-D020-HYDRO03-LOWER,20,3,lower,7302,-1990.9035657457352,-1990.7019009886972,1990.9035657456191,1990.6990730067587,1990.7019009885939,1990.7019009885939,0.20449273887323491,-0.0028279818351466257,-0.0028279818351466257,1,true,true,-1.1618794815149158e-10,-0.0028279819384806615,-1.0322764865122736e-10,-1.0323971001725325e-10,1.2061366025898387e-14,1.1641532182693481e-10,true
14,INEQ-WATER-D020-HYDRO04-UPPER,20,4,upper,7303,-14.724202279787278,-14.928021990206616,14.724202309090643,14.931023038833555,14.92802201624435,14.92802201624435,-0.20682073300854306,0.0030010225892043996,0.0030010225892043996,1,true,true,2.9303365067789855e-08,0.0030010486269382852,2.6037733746875347e-08,2.6037734207887342e-08,-4.6101199507647258e-16,9.0949470177292824e-13,true
14,INEQ-WATER-D020-HYDRO04-LOWER,20,4,lower,7304,-2014.1357977202133,-2013.931978009794,2014.1357977200962,2013.9289769871007,2013.9319780096898,2013.9319780096898,0.20682073300854306,-0.0030010225892043996,-0.0030010225892043996,1,true,true,-1.1709744285326451e-10,-0.0030010226932972728,-1.0413714335300028e-10,-1.040478486475253e-10,-8.9294705474985491e-14,1.1641532182693481e-10,true
15,INEQ-WATER-D014-HYDRO01-UPPER,14,1,upper,7249,-14.20570923788182,-13.950319309937186,14.205709279926472,14.854079397420257,13.950319341425125,14.021318468422939,-0.64837012805049765,0.90376005599513176,0.83276092899731868,0.92144029100773239,false,true,4.2044652204253907e-08,0.90376008748307157,0.070999158485753,0.070999158485752042,9.5756735873919752e-16,9.0949470177292824e-13,true
15,INEQ-WATER-D014-HYDRO01-LOWER,14,1,lower,7250,-3877.3442907621211,-3877.5996806900657,3877.3442907617491,3876.695920633792,3877.599680689787,3877.5286815627892,0.64837012805049765,-0.90376005599513176,-0.83276092899731868,0.92144029100773239,false,true,-3.7198333302512765e-10,-0.90376005627376799,-0.070999127276536456,-0.070999127276397525,-1.3893053374403053e-13,2.3283064365386963e-10,true
15,INEQ-WATER-D014-HYDRO02-UPPER,14,2,upper,7251,-13.774555911360949,-13.5845339793741,13.774555954282222,14.411306458890534,13.584534011518556,13.649485014386924,-0.63675051538512972,0.82677244737197808,0.76182144450361056,0.92144029100773239,false,true,4.2921273646356894e-08,0.82677247951643373,0.06495103501282351,0.064951035012822872,6.3837823915946501e-16,9.0949470177292824e-13,true
15,INEQ-WATER-D014-HYDRO02-LOWER,14,2,lower,7252,-3820.3854440886353,-3820.5754660206221,3820.3854440882606,3819.7486935729694,3820.5754660203415,3820.5105150174732,0.63675051538512972,-0.82677244737197808,-0.76182144450361056,0.92144029100773239,false,true,-3.7471181713044643e-10,-0.82677244765272917,-0.064951003148962627,-0.064951003148995393,3.2765457014249932e-14,2.3283064365386963e-10,true
15,INEQ-WATER-D014-HYDRO03-UPPER,14,3,upper,7253,-15.838390670076478,-16.268628958812769,15.838390696324758,16.322223270275387,16.268628978470545,16.27283933043838,-0.48383258054113476,0.053594291804843763,0.049383939837008561,0.92144029100773239,false,true,2.624827999397894e-08,0.053594311462617839,0.0042103716256107759,0.0042103716256084557,2.3201926491189795e-15,1.8189894035458565e-12,true
15,INEQ-WATER-D014-HYDRO03-LOWER,14,3,lower,7254,-1989.6716093299256,-1989.2413710411893,1989.6716093298573,1989.1877767493334,1989.2413710411381,1989.2371606891704,0.48383258054113476,-0.053594291804843763,-0.049383939837008561,0.92144029100773239,false,true,-6.8212102632969618e-11,-0.053594291855915799,-0.0042103520188447874,-0.0042103520189203762,7.5588840742213392e-14,1.1641532182693481e-10,true
15,INEQ-WATER-D014-HYDRO04-UPPER,14,4,upper,7255,-15.832055083159503,-16.262765304069035,15.832055109462036,16.316330941264827,16.262765323767439,16.266973423090025,-0.48427583840691868,0.053565617497386753,0.049357518174800934,0.92144029100773239,false,true,2.6302533484567903e-08,0.053565637195791993,0.0042081190209906083,0.0042081190209904184,1.8995222061946038e-16,1.8189894035458565e-12,true
15,INEQ-WATER-D014-HYDRO04-LOWER,14,4,lower,7256,-1991.9979449168422,-1991.5672346959327,1991.9979449167738,1991.5136690783841,1991.5672346958816,1991.5630265965588,0.48427583840691868,-0.053565617497386753,-0.049357518174800934,0.92144029100773239,false,true,-6.843947630841285e-11,-0.053565617548656519,-0.0042080993739546102,-0.0042080993738412825,-1.1332774996208883e-13,1.1641532182693481e-10,true
15,INEQ-WATER-D015-HYDRO01-UPPER,15,1,upper,7257,-11.76910909540311,-11.891194178933802,11.769109137714544,12.347766421331388,11.891194210621538,11.92706239062886,-0.57865729424054102,0.4565722107098491,0.42070403070252704,0.92144029100773239,false,true,4.2311434356179234e-08,0.45657224239758598,0.035868211695058605,0.035868211695058633,-2.7755575615628914e-17,9.0949470177292824e-13,true
15,INEQ-WATER-D015-HYDRO01-LOWER,15,1,lower,7258,-3874.2908909045946,-3874.1688058210639,3874.2908909040339,3873.7122336099342,3874.1688058206441,3874.1329376406366,0.57865729424054102,-0.4565722107098491,-0.42070403070252704,0.92144029100773239,false,true,-5.6070348364301026e-10,-0.45657221112969637,-0.035868180427314655,-0.035868180427242193,-7.2462869038503186e-14,2.3283064365386963e-10,true
15,INEQ-WATER-D015-HYDRO02-UPPER,15,2,upper,7259,-11.422171974561934,-11.606742742696952,11.422172017761046,11.992423818646211,11.606742775049483,11.637041765598276,-0.57025181173174477,0.38568104359672706,0.35538205304793408,0.92144029100773239,false,true,4.3199111843250648e-08,0.38568107594925927,0.03029902290132469,0.030299022901325984,-1.2941037130786981e-15,9.0949470177292824e-13,true
15,INEQ-WATER-D015-HYDRO02-LOWER,15,2,lower,7260,-3815.9778280254395,-3815.7932572573045,3815.9778280248843,3815.407576213292,3815.7932572568889,3815.7629582663399,0.57025181173174477,-0.38568104359672706,-0.35538205304793408,0.92144029100773239,false,true,-5.5524651543237269e-10,-0.38568104401247183,-0.030298990964638506,-0.0302989909646263,-1.2205514376972815e-14,2.3283064365386963e-10,true
15,INEQ-WATER-D015-HYDRO03-UPPER,15,3,upper,7261,-14.775120680216787,-15.171499610805768,14.77512070635809,15.187040321068789,15.171499630383423,15.172720502521203,-0.41191962127434667,0.015540690685366232,0.014319818547585017,0.92144029100773239,false,true,2.6141302456039739e-08,0.015540710263021396,0.0012208917154357124,0.0012208917154372153,-1.5029210514994062e-15,9.0949470177292824e-13,true
15,INEQ-WATER-D015-HYDRO03-LOWER,15,3,lower,7262,-1999.754879319782,-1999.3585003891931,1999.7548793196918,1999.3429596984402,1999.3585003891255,1999.3572795169878,0.41191962127434667,-0.015540690685366232,-0.014319818547585017,0.92144029100773239,false,true,-9.0267349150963128e-11,-0.015540690752914088,-0.0012208722052946541,-0.0012208722053839334,8.9279278414622354e-14,1.1641532182693481e-10,true
15,INEQ-WATER-D015-HYDRO04-UPPER,15,4,upper,7263,-15.6708479402987,-16.072645889296837,15.670847965414278,16.092590657934714,16.07264590810631,16.074212761848752,-0.4217426988265412,0.019944749828404051,0.018377896085961049,0.92144029100773239,false,true,2.5115578949908013e-08,0.01994476863787753,0.0015668725519155657,0.001566872551917616,-2.0502263081700889e-15,1.8189894035458565e-12,true
15,INEQ-WATER-D015-HYDRO04-LOWER,15,4,lower,7264,-2077.0391520597041,-2076.6373541107059,2077.0391520596099,2076.617409360807,2076.6373541106354,2076.6357872568929,0.4217426988265412,-0.019944749828404051,-0.018377896085961049,0.92144029100773239,false,true,-9.4132701633498073e-11,-0.019944749898968439,-0.0015668538130739762,-0.0015668538129405467,-1.3342950876127357e-13,2.3283064365386963e-10,true
15,INEQ-WATER-D016-HYDRO01-UPPER,16,1,upper,7265,-19.127575572951173,-20.071142259213957,19.127575615695861,20.145189849355706,20.071142291226167,20.076959445844409,-1.0176142443923242,0.074047558129540114,0.068230403511295418,0.92144029100773239,false,true,4.2744687789308955e-08,0.074047590141748998,0.0058171866304519426,0.0058171866304519938,-5.1174342541315809e-17,1.8189894035458565e-12,true
15,INEQ-WATER-D016-HYDRO01-LOWER,16,1,lower,7266,-3807.7624244270482,-3806.8188577407855,3807.7624244268995,3806.7448101825444,3806.818857740674,3806.8130405860556,1.0176142443923242,-0.074047558129540114,-0.068230403511295418,0.92144029100773239,false,true,-1.4870238373987377e-10,-0.074047558241090883,-0.0058171547298115911,-0.0058171547296103788,-2.0121231070202583e-13,2.3283064365386963e-10,true
15,INEQ-WATER-D016-HYDRO02-UPPER,16,2,upper,7267,-19.266462725128804,-20.216207841338473,19.266462767729308,20.291289001585508,20.216207873242702,20.222106224836121,-1.0248262445524765,0.075081128342807002,0.069182776749384986,0.92144029100773239,false,true,4.2600504457368515e-08,0.075081160247034262,0.0058983834976480409,0.0058983834976480218,1.9081958235744878e-17,1.8189894035458565e-12,true
15,INEQ-WATER-D016-HYDRO02-LOWER,16,2,lower,7268,-3821.493537274866,-3820.5437921586563,3821.4935372747177,3820.4687110302025,3820.5437921585453,3820.5378938069521,1.0248262445524765,-0.075081128342807002,-0.069182776749384986,0.92144029100773239,false,true,-1.482476363889873e-10,-0.075081128453803103,-0.0058983517042179301,-0.005898351704447133,2.292029413486496e-13,2.3283064365386963e-10,true
15,INEQ-WATER-D016-HYDRO03-UPPER,16,3,upper,7269,-18.099827659170842,-18.935541211973032,18.099827685052713,18.937282439498961,18.935541231356396,18.935678020161369,-0.83745476094475624,0.0017412081425662862,0.0016044193375913121,0.92144029100773239,false,true,2.5881870868715851e-08,0.001741227525929645,0.00013680818833705644,0.00013680818833834588,-1.2894416437370104e-15,1.8189894035458565e-12,true
15,INEQ-WATER-D016-HYDRO03-LOWER,16,3,lower,7270,-2011.6501723408292,-2010.814458788027,2011.6501723407807,2010.8127175798481,2010.8144587879908,2010.8143219991857,0.83745476094475624,-0.0017412081425662862,-0.0016044193375913121,0.92144029100773239,false,true,-4.8430592869408429e-11,-0.0017412081788279465,-0.00013678884124601609,-0.00013678884124545041,-5.6568248349431194e-16,1.1641532182693481e-10,true
15,INEQ-WATER-D016-HYDRO04-UPPER,16,4,upper,7271,-18.785326000870555,-19.654484110153135,18.785326026245023,19.656475834857119,19.654484129156497,19.654640596976737,-0.87114981498320232,0.0019917057006223482,0.001835237880383216,0.92144029100773239,false,true,2.5374468748395884e-08,0.0019917247039842323,0.00015648682360236421,0.00015648682360062046,1.7437494590627489e-15,1.8189894035458565e-12,true
15,INEQ-WATER-D016-HYDRO04-LOWER,16,4,lower,7272,-2052.4646739991294,-2051.5955158898469,2052.4646739990835,2051.5935241841116,2051.5955158898123,2051.5953594219918,0.87114981498320232,-0.0019917057006223482,-0.001835237880383216,0.92144029100773239,false,true,-4.5929482439532876e-11,-0.0019917057352358825,-0.00015646785504941363,-0.00015646785463648512,-4.1292850757636279e-13,2.3283064365386963e-10,true
15,INEQ-WATER-D017-HYDRO01-UPPER,17,1,upper,7273,-15.020844082893746,-15.869401380885392,15.020844125502288,15.968049795038556,15.869401412795639,15.877151200997201,-0.94720568023456486,0.098648382242917942,0.090898594041356334,0.92144029100773239,false,true,4.2608542472066802e-08,0.098648414153164055,0.0077498201118082477,0.0077498201118074237,8.2399365108898337e-16,9.0949470177292824e-13,true
15,INEQ-WATER-D017-HYDRO01-LOWER,17,1,lower,7274,-3842.4191559171086,-3841.5705986191169,3842.4191559166597,3841.4719502365379,3841.5705986187809,3841.5628488305792,0.94720568023456486,-0.098648382242917942,-0.090898594041356334,0.92144029100773239,false,true,-4.4883563532494009e-10,-0.098648382579085592,-0.0077497885376942577,-0.0077497885377020813,7.8236028766554e-15,2.3283064365386963e-10,true
15,INEQ-WATER-D017-HYDRO02-UPPER,17,2,upper,7275,-14.877071598872135,-15.720390760165174,14.877071641718372,15.816745736776392,15.720390792253433,15.727960408655122,-0.93967410581599853,0.096354944522959896,0.088785328121270074,0.92144029100773239,false,true,4.2846236780746949e-08,0.09635497661121839,0.007569648489948122,0.0075696484899488497,-7.2771649817227058e-16,9.0949470177292824e-13,true
15,INEQ-WATER-D017-HYDRO02-LOWER,17,2,lower,7276,-3829.8129284011302,-3828.9696092398372,3829.8129284006809,3828.8732542949779,3828.9696092395006,3828.9620396230989,0.93967410581599853,-0.096354944522959896,-0.088785328121270074,0.92144029100773239,false,true,-4.4929038267582655e-10,-0.096354944859285752,-0.0075696167382375279,-0.0075696167381708555,-6.6672362075692604e-14,2.3283064365386963e-10,true
15,INEQ-WATER-D017-HYDRO03-UPPER,17,3,upper,7277,-15.627109429358825,-16.350758814631263,15.627109455715543,16.352384868483053,16.350758834370247,16.350886575136961,-0.7252754193852452,0.001626034112807262,0.0014982933460936233,0.92144029100773239,false,true,2.6356717697240128e-08,0.0016260538517904877,0.00012776050569840436,0.00012776050569769421,7.101524229780054e-16,1.8189894035458565e-12,true
15,INEQ-WATER-D017-HYDRO03-LOWER,17,3,lower,7278,-1987.7928905706394,-1987.069241185367,1987.7928905704925,1987.0676151511441,1987.0692411852569,1987.0691134444901,0.7252754193852452,-0.001626034112807262,-0.0014982933460936233,0.92144029100773239,false,true,-1.4688339433632791e-10,-0.0016260342229088565,-0.00012774087690559099,-0.00012774087671705444,-1.8853655073779174e-13,1.1641532182693481e-10,true
15,INEQ-WATER-D017-HYDRO04-UPPER,17,4,upper,7279,-16.11547150914339,-16.859659132896923,16.115471535142579,16.861554310799701,16.859659152368149,16.859808035463026,-0.74608278218508539,0.0018951584315528569,0.0017462753366758222,0.92144029100773239,false,true,2.5999188579817201e-08,0.0018951779027780447,0.00014890256610300412,0.00014890256610159056,1.4135556874322885e-15,1.8189894035458565e-12,true
15,INEQ-WATER-D017-HYDRO04-LOWER,17,4,lower,7280,-2018.3645284908562,-2017.6203408671026,2018.3645284907104,2017.6184457085619,2017.6203408669935,2017.6201919838986,0.74608278218508539,-0.0018951584315528569,-0.0017462753366758222,0.92144029100773239,false,true,-1.4574652595911175e-10,-0.0018951585407194216,-0.00014888320401951205,-0.00014888320402903102,9.5189698137709833e-15,1.1641532182693481e-10,true
15,INEQ-WATER-D018-HYDRO01-UPPER,18,1,upper,7281,-9.0392050939553883,-0.75484414280799683,9.0392051364980439,8.9015633763192898,0.7548441746688983,1.3948480643922716,0.13764174949700053,8.1467192016503915,7.5067153119270182,0.92144029100773239,false,true,4.2542655620536607e-08,8.146719233511293,0.64000392158427477,0.64000392158427544,-6.6613381477509392e-16,1.1368683772161603e-13,true
15,INEQ-WATER-D018-HYDRO01-LOWER,18,1,lower,7282,-3865.5707949060452,-3873.8551558571926,3865.5707949054181,3865.7084366550725,3873.8551558567228,3873.2151519669997,-0.13764174949700053,-8.1467192016503915,-7.5067153119270182,0.92144029100773239,false,true,-6.2709659687243402e-10,-8.146719202120039,-0.64000389019292925,-0.64000389019301651,8.7263529735537304e-14,2.3283064365386963e-10,true
15,INEQ-WATER-D018-HYDRO02-UPPER,18,2,upper,7283,-9.0293772934310255,-0.21120917051302968,9.0293773356962799,8.8905473499083207,0.21120920216618089,0.89305548129829049,0.13882997517585627,8.6793381477421399,7.9974918686100303,0.92144029100773239,false,true,4.2265254407425346e-08,8.6793381793952911,0.68184631078526081,0.68184631078526114,-3.3306690738754696e-16,1.1368683772161603e-13,true
15,INEQ-WATER-D018-HYDRO02-LOWER,18,2,lower,7284,-3888.9506227065722,-3897.7687908294902,3888.9506227059419,3889.0894526812758,3897.7687908290181,3897.0869445498856,-0.13882997517585627,-8.6793381477421399,-7.9974918686100303,0.92144029100773239,false,true,-6.3027982832863927e-10,-8.6793381482143559,-0.68184627960454236,-0.68184627960413657,-4.0578651550049472e-13,2.3283064365386963e-10,true
15,INEQ-WATER-D018-HYDRO03-UPPER,18,3,upper,7285,-13.684824797241163,-12.922694703749585,13.684824823604833,13.207238199131421,12.922694723493775,12.945048376135517,0.47758661785393203,0.28454347563764598,0.2621898229959041,0.92144029100773239,false,true,2.6363670357909541e-08,0.28454349538183621,0.022353672385932555,0.022353672385932874,-3.1918911957973251e-16,9.0949470177292824e-13,true
15,INEQ-WATER-D018-HYDRO03-LOWER,18,3,lower,7286,-1987.3251752027609,-1988.0873052962525,1987.3251752026413,1987.8027618205253,1988.0873052961631,1988.0649516435212,-0.47758661785393203,-0.28454347563764598,-0.2621898229959041,0.92144029100773239,false,true,-1.1959855328314006e-10,-0.28454347572710503,-0.022353652731226248,-0.022353652731311201,8.4952878065536197e-14,1.1641532182693481e-10,true
15,INEQ-WATER-D018-HYDRO04-UPPER,18,4,upper,7287,-13.720669451617141,-12.952017593608616,13.720669477982321,13.240731938623817,12.952017613353938,12.974698926729038,0.47993753273864515,0.28871432526987972,0.26603301189477907,0.92144029100773239,false,true,2.6365180261223031e-08,0.28871434501520099,0.022681333120422309,0.022681333120422458,-1.4918621893400541e-16,9.0949470177292824e-13,true
15,INEQ-WATER-D018-HYDRO04-LOWER,18,4,lower,7288,-1993.3193305483801,-1994.0879824063886,1993.3193305482607,1993.7992680810294,1994.0879824062993,1994.0653010929241,-0.47993753273864515,-0.28871432526987972,-0.26603301189477907,0.92144029100773239,false,true,-1.1937117960769683e-10,-0.28871432535925123,-0.022681313464545383,-0.022681313464499708,-4.5675269122469331e-14,1.1641532182693481e-10,true
15,INEQ-WATER-D019-HYDRO01-UPPER,19,1,upper,7289,-10.144278434163425,-8.4679981521476293,10.144278476760064,10.220925544128933,8.4679981840489607,8.6057076473414273,-0.076647078064177171,1.7529273600799731,1.6152178967875066,0.92144029100773239,false,true,4.259663910488598e-08,1.752927391981304,0.13770949519379805,0.13770949519379777,2.7755575615628914e-16,9.0949470177292824e-13,true
15,INEQ-WATER-D019-HYDRO01-LOWER,19,1,lower,7290,-3849.735721565834,-3851.4120018478498,3849.7357215653624,3849.6590744874165,3851.4120018474964,3851.2742923842043,0.076647078064177171,-1.7529273600799731,-1.6152178967875066,0.92144029100773239,false,true,-4.7157300286926329e-10,-1.7529273604332047,-0.13770946364547854,-0.13770946364563544,1.5690226895515025e-13,2.3283064365386963e-10,true
15,INEQ-WATER-D019-HYDRO02-UPPER,19,2,upper,7291,-10.036768675978237,-8.399341066062334,10.036768719084559,10.119714135552224,8.3993410983453742,8.5344931035064882,-0.082945427290945867,1.7203730372068491,1.5852210320457354,0.92144029100773239,false,true,4.3106322067387737e-08,1.7203730694898898,0.13515203744415416,0.13515203744415485,-6.9388939039072284e-16,9.0949470177292824e-13,true
15,INEQ-WATER-D019-HYDRO02-LOWER,19,2,lower,7292,-3817.5132313240247,-3819.1506589339406,3817.5132313235595,3817.4302858963852,3819.1506589335918,3819.015506928431,0.082945427290945867,-1.7203730372068491,-1.5852210320457354,0.92144029100773239,false,true,-4.6520653995685279e-10,-1.7203730375554187,-0.13515200550955342,-0.13515200550951456,-3.8857805861880479e-14,2.3283064365386963e-10,true
15,INEQ-WATER-D019-HYDRO03-UPPER,19,3,upper,7293,-14.060564938939933,-13.779261868199683,14.060564964769918,13.886078562247587,13.779261887544187,13.787653374424409,0.17448639603685126,0.10681667470339914,0.098425187823178398,0.92144029100773239,false,true,2.5829985261793809e-08,0.10681669404790384,0.008391506224725731,0.0083915062247261266,-3.9551695252271202e-16,9.0949470177292824e-13,true
15,INEQ-WATER-D019-HYDRO03-LOWER,19,3,lower,7294,-2021.4894350610593,-2021.7707381317996,2021.4894350609802,2021.6639214570368,2021.7707381317402,2021.7623466448599,-0.17448639603685126,-0.10681667470339914,-0.098425187823178398,0.92144029100773239,false,true,-7.9126039054244757e-11,-0.10681667476274015,-0.008391486939672177,-0.008391486939479555,-1.9262196004898868e-13,1.1641532182693481e-10,true
15,INEQ-WATER-D019-HYDRO04-UPPER,19,4,upper,7295,-13.977574960634229,-13.705885886010947,13.977574986635194,13.810606475121242,13.705885905483502,13.714112722959747,0.16696850498554142,0.10472056963774065,0.09649375216149525,0.92144029100773239,false,true,2.6000964936656601e-08,0.10472058911029514,0.0082268369488005533,0.0082268369488002983,2.5500435096859064e-16,9.0949470177292824e-13,true
15,INEQ-WATER-D019-HYDRO04-LOWER,19,4,lower,7296,-2015.6924250393677,-2015.9641141139909,2015.6924250392885,2015.8593935442939,2015.9641141139316,2015.9558872964553,-0.16696850498554142,-0.10472056963774065,-0.09649375216149525,0.92144029100773239,false,true,-7.9126039054244757e-11,-0.104720569697065,-0.0082268175356148276,-0.0082268175355042061,-1.1062158133956501e-13,1.1641532182693481e-10,true
15,INEQ-WATER-D020-HYDRO01-UPPER,20,1,upper,7297,-11.008934847122873,-10.748712656182761,11.008934890292979,11.469737180551103,10.748712688513571,10.805356162784337,-0.4608023010974206,0.72102449203753294,0.66438101776676672,0.92144029100773239,false,true,4.3170105712420082e-08,0.72102452436834241,0.056643506601576021,0.056643506601576014,6.9388939039072284e-18,9.0949470177292824e-13,true
15,INEQ-WATER-D020-HYDRO01-LOWER,20,1,lower,7298,-3818.2410651528771,-3818.5012873438172,3818.24106515227,3817.780262851325,3818.5012873433625,3818.4446438690916,0.4608023010974206,-0.72102449203753294,-0.66438101776676672,0.92144029100773239,false,true,-6.070877134334296e-10,-0.72102449249223355,-0.056643474725660781,-0.056643474725424241,-2.3653995429029351e-13,2.3283064365386963e-10,true
15,INEQ-WATER-D020-HYDRO02-UPPER,20,2,upper,7299,-11.207228457249585,-10.914423511901987,11.207228499783747,11.671612171807402,10.914423543756529,10.97390806202846,-0.46438368270327535,0.75718862805087317,0.69770410977894226,0.92144029100773239,false,true,4.2534162858487434e-08,0.75718865990541495,0.059484550126473579,0.059484550126472635,9.4368957093138306e-16,9.0949470177292824e-13,true
15,INEQ-WATER-D020-HYDRO02-LOWER,20,2,lower,7300,-3867.3227715427493,-3867.6155764880968,3867.3227715421285,3866.8583878595809,3867.6155764876316,3867.5560919693598,0.46438368270327535,-0.75718862805087317,-0.69770410977894226,0.92144029100773239,false,true,-6.2073013396002352e-10,-0.75718862851590529,-0.059484518737008329,-0.059484518736806068,-2.022618184049918e-13,2.3283064365386963e-10,true
15,INEQ-WATER-D020-HYDRO03-UPPER,20,3,upper,7301,-14.678099011303857,-14.888126444031514,14.678099037588812,14.939027639902271,14.888126463716752,14.892125245305252,-0.26092860891317521,0.050901176185518648,0.046902394597020163,0.92144029100773239,false,true,2.6284954657285198e-08,0.050901195870757476,0.0039988012737381951,0.0039988012737380086,1.8648277366750676e-16,9.0949470177292824e-13,true
15,INEQ-WATER-D020-HYDRO03-LOWER,20,3,lower,7302,-1990.7019009886972,-1990.4918735559695,1990.7019009885939,1990.4409723797066,1990.4918735558922,1990.4878747743037,0.26092860891317521,-0.050901176185518648,-0.046902394597020163,0.92144029100773239,false,true,-1.0322764865122736e-10,-0.05090117626286883,-0.0039987816658140218,-0.0039987816658073891,-6.6327152103973219e-15,1.1641532182693481e-10,true
15,INEQ-WATER-D020-HYDRO04-UPPER,20,4,upper,7303,-14.928021990206616,-15.133708512370504,14.92802201624435,15.187607281866175,15.133708531870596,15.137942801985295,-0.25958527215946686,0.053898749995579587,0.049664479880879867,0.92144029100773239,false,true,2.6037733746875347e-08,0.053898769495670962,0.0042342896147911091,0.0042342896147913901,-2.8102520310824275e-16,9.0949470177292824e-13,true
15,INEQ-WATER-D020-HYDRO04-LOWER,20,4,lower,7304,-2013.931978009794,-2013.7262914876301,2013.9319780096898,2013.6723927375565,2013.7262914875521,2013.7220572174374,0.25958527215946686,-0.053898749995579587,-0.049664479880879867,0.92144029100773239,false,true,-1.0413714335300028e-10,-0.053898750073585688,-0.0042342701926827431,-0.0042342701926897557,7.0126196516362427e-15,1.1641532182693481e-10,true
16,INEQ-WATER-D014-HYDRO01-UPPER,14,1,upper,7249,-13.950319309937186,-14.168735456965805,14.021318468422939,14.280570470643045,14.232872053329325,14.232872053329325,-0.26611456434233971,0.047698417313719821,0.047698417313719821,1,true,true,0.070999158485753,0.11183501367723991,0.064136596363519871,0.064136596363519371,4.9960036108132044e-16,9.0949470177292824e-13,true
16,INEQ-WATER-D014-HYDRO01-LOWER,14,1,lower,7250,-3877.5996806900657,-3877.3812645430371,3877.5286815627892,3877.2694295575525,3877.3171279748663,3877.3171279748663,0.26611456434233971,-0.047698417313719821,-0.047698417313719821,1,true,true,-0.070999127276536456,-0.11183498548462012,-0.064136568170852115,-0.064136568170890515,3.8399838864222602e-14,2.3283064365386963e-10,true
16,INEQ-WATER-D014-HYDRO02-UPPER,14,2,upper,7251,-13.5845339793741,-13.800386958668241,13.649485014386924,13.903174652025154,13.859060024727837,13.859060024727837,-0.25996760659145696,0.044114627297316134,0.044114627297316134,1,true,true,0.06495103501282351,0.10278769335691251,0.058673066059595769,0.058673066059595491,2.7755575615628914e-16,9.0949470177292824e-13,true
16,INEQ-WATER-D014-HYDRO02-LOWER,14,2,lower,7252,-3820.5754660206221,-3820.359613041328,3820.5105150174732,3820.2568253767549,3820.3009400040523,3820.3009400040523,0.25996760659145696,-0.044114627297316134,-0.044114627297316134,1,true,true,-0.064951003148962627,-0.102787664573043,-0.058673037275639217,-0.058673037275598222,-4.0994985184283905e-14,2.3283064365386963e-10,true
16,INEQ-WATER-D014-HYDRO03-UPPER,14,3,upper,7253,-16.268628958812769,-16.458132048086554,16.27283933043838,16.465459967217914,16.461935458031849,16.461935458031849,-0.19302759845985057,0.0035245091860655609,0.0035245091860655609,1,true,true,0.0042103716256107759,0.0073279191313595504,0.0038034099452950443,0.0038034099452939349,1.1093556628871681e-15,1.8189894035458565e-12,true
16,INEQ-WATER-D014-HYDRO03-LOWER,14,3,lower,7254,-1989.2413710411893,-1989.0518679519155,1989.2371606891704,1989.0445400504957,1989.0480645596817,1989.0480645596817,0.19302759845985057,-0.0035245091860655609,-0.0035245091860655609,1,true,true,-0.0042103520188447874,-0.0073279014197851211,-0.0038033922337490367,-0.0038033922336581489,-9.0887800757721848e-14,1.1641532182693481e-10,true
16,INEQ-WATER-D014-HYDRO04-UPPER,14,4,upper,7255,-16.262765304069035,-16.452417586337106,16.266973423090025,16.45974043034737,16.456218961407671,16.456218961407671,-0.19317375120776969,0.0035214689396988463,0.0035214689396988463,1,true,true,0.0042081190209906083,0.0073228440102646175,0.0038013750705658822,0.0038013750705662396,-3.5735303605122226e-16,1.8189894035458565e-12,true
16,INEQ-WATER-D014-HYDRO04-LOWER,14,4,lower,7256,-1991.5672346959327,-1991.3775824136646,1991.5630265965588,1991.3702595874024,1991.3737810563421,1991.3737810563421,0.19317375120776969,-0.0035214689396988463,-0.0035214689396988463,1,true,true,-0.0042080993739546102,-0.007322826262225135,-0.003801357322572585,-0.0038013573225528204,-1.9764571923541752e-14,1.1641532182693481e-10,true
16,INEQ-WATER-D015-HYDRO01-UPPER,15,1,upper,7257,-11.891194178933802,-12.13921023497096,11.92706239062886,12.183088979373832,12.17161153471635,12.17161153471635,-0.25949350069464117,0.011477444657482461,0.011477444657482461,1,true,true,0.035868211695058605,0.043878744402871206,0.032401299745389522,0.032401299745388669,8.5348395018058909e-16,9.0949470177292824e-13,true
16,INEQ-WATER-D015-HYDRO01-LOWER,15,1,lower,7258,-3874.1688058210639,-3873.9207897650267,3874.1329376406366,3873.8769110488693,3873.8883884935267,3873.8883884935267,0.25949350069464117,-0.011477444657482461,-0.011477444657482461,1,true,true,-0.035868180427314655,-0.043878716157450981,-0.032401271500020812,-0.032401271499889493,-1.313185671314443e-13,2.3283064365386963e-10,true
16,INEQ-WATER-D015-HYDRO02-UPPER,15,2,upper,7259,-11.606742742696952,-11.85004341648164,11.637041765598276,11.887094042663849,11.87741382823689,11.87741382823689,-0.2529808882116476,0.0096802144269594881,0.0096802144269594881,1,true,true,0.03029902290132469,0.037050626182209001,0.027370411755249791,0.027370411755249711,7.9797279894933126e-17,9.0949470177292824e-13,true
16,INEQ-WATER-D015-HYDRO02-LOWER,15,2,lower,7260,-3815.7932572573045,-3815.5499565835198,3815.7629582663399,3815.5129059861874,3815.5225862006146,3815.5225862006146,0.2529808882116476,-0.0096802144269594881,-0.0096802144269594881,1,true,true,-0.030298990964638506,-0.037050597332381585,-0.027370382905246515,-0.027370382905466211,2.1969578933855871e-13,2.3283064365386963e-10,true
16,INEQ-WATER-D015-HYDRO03-UPPER,15,3,upper,7261,-15.171499610805768,-15.362388616133103,15.172720502521203,15.363881118961901,15.363491500178865,15.363491500178865,-0.1912786241103718,0.00038961878303647723,0.00038961878303647723,1,true,true,0.0012208917154357124,0.0014925028287979814,0.001102884045762309,0.0011028840457620046,3.0444397003392965e-16,9.0949470177292824e-13,true
16,INEQ-WATER-D015-HYDRO03-LOWER,15,3,lower,7262,-1999.3585003891931,-1999.1676113838657,1999.3572795169878,1999.1661188986614,1999.1665085174443,1999.1665085174443,0.1912786241103718,-0.00038961878303647723,-0.00038961878303647723,1,true,true,-0.0012208722052946541,-0.0014924852043805004,-0.0011028664214336459,-0.001102866421411678,-2.1967887578466794e-14,1.1641532182693481e-10,true
16,INEQ-WATER-D015-HYDRO04-UPPER,15,4,upper,7263,-16.072645889296837,-16.27186224929028,16.074212761848752,16.273772739185404,16.273277672720059,16.273277672720059,-0.19971142645878795,0.00049506646534505649,0.00049506646534505649,1,true,true,0.0015668725519155657,0.0019104898951241012,0.0014154234297798496,0.0014154234297784208,1.4287616229013977e-15,1.8189894035458565e-12,true
16,INEQ-WATER-D015-HYDRO04-LOWER,15,4,lower,7264,-2076.6373541107059,-2076.4381377507125,2076.6357872568929,2076.4362272777448,2076.43672234421,2076.43672234421,0.19971142645878795,-0.00049506646534505649,-0.00049506646534505649,1,true,true,-0.0015668538130739762,-0.0019104729676655552,-0.0014154065024740703,-0.0014154065021761088,-2.9796152524463881e-13,2.3283064365386963e-10,true
16,INEQ-WATER-D016-HYDRO01-UPPER,16,1,upper,7265,-20.071142259213957,-20.459509585685737,20.076959445844409,20.469803182839787,20.464764500798054,20.464764500798054,-0.39340600851351176,0.0050386820417318012,0.0050386820417318012,1,true,true,0.0058171866304519426,0.01029359715404965,0.0052549151123173488,0.0052549151123167798,5.6898930012039273e-16,1.8189894035458565e-12,true
16,INEQ-WATER-D016-HYDRO01-LOWER,16,1,lower,7266,-3806.8188577407855,-3806.4304904143137,3806.8130405860556,3806.420196845977,3806.4252355280187,3806.4252355280187,0.39340600851351176,-0.0050386820417318012,-0.0050386820417318012,1,true,true,-0.0058171547298115911,-0.01029356833669226,-0.0052548862950061448,-0.005254886295095032,8.8887230909051596e-14,2.3283064365386963e-10,true
16,INEQ-WATER-D016-HYDRO02-UPPER,16,2,upper,7267,-20.216207841338473,-20.607318279631727,20.222106224836121,20.617752840492692,20.612646543369696,20.612646543369696,-0.39621673541625102,0.005106297122997483,0.005106297122997483,1,true,true,0.0058983834976480409,0.010434560860964837,0.0053282637379687969,0.0053282637379682149,5.8199972619021878e-16,1.8189894035458565e-12,true
16,INEQ-WATER-D016-HYDRO02-LOWER,16,2,lower,7268,-3820.5437921586563,-3820.152681720363,3820.5378938069521,3820.1422471882224,3820.1473534853453,3820.1473534853453,0.39621673541625102,-0.005106297122997483,-0.005106297122997483,1,true,true,-0.0058983517042179301,-0.010434532140607189,-0.005328235017714178,-0.0053282350175940935,-1.2008449790101849e-13,2.3283064365386963e-10,true
16,INEQ-WATER-D016-HYDRO03-UPPER,16,3,upper,7269,-18.935541211973032,-19.258185357935872,18.935678020161369,19.258425051385913,19.258308942661969,19.258308942661969,-0.32276025468678493,0.0001161087239445191,0.0001161087239445191,1,true,true,0.00013680818833705644,0.00023969345004104525,0.00012358472609719229,0.00012358472609726547,-7.3183646642771549e-17,1.8189894035458565e-12,true
16,INEQ-WATER-D016-HYDRO03-LOWER,16,3,lower,7270,-2010.814458788027,-2010.4918146420641,2010.8143219991857,2010.4915749660911,2010.491691074815,2010.491691074815,0.32276025468678493,-0.0001161087239445191,-0.0001161087239445191,1,true,true,-0.00013678884124601609,-0.00023967597303453658,-0.00012356724914752704,-0.0001235672490370393,-1.1048773658137168e-13,1.1641532182693481e-10,true
16,INEQ-WATER-D016-HYDRO04-UPPER,16,4,upper,7271,-19.654484110153135,-19.990181561544887,19.654640596976737,19.99045568931146,19.990322922829382,19.990322922829382,-0.33583021787383011,0.00013276648207799502,0.00013276648207799502,1,true,true,0.00015648682360236421,0.00027412776657342874,0.00014136128449493413,0.00014136128449477418,1.5994692549592404e-16,1.8189894035458565e-12,true
16,INEQ-WATER-D016-HYDRO04-LOWER,16,4,lower,7272,-2051.5955158898469,-2051.2598184384551,2051.5953594219918,2051.2595443278237,2051.259677094306,2051.259677094306,0.33583021787383011,-0.00013276648207799502,-0.00013276648207799502,1,true,true,-0.00015646785504941363,-0.00027411063138060854,-0.0001413441491422418,-0.00014134414938430048,2.4205867887351629e-13,2.3283064365386963e-10,true
16,INEQ-WATER-D017-HYDRO01-UPPER,17,1,upper,7273,-15.869401380885392,-16.230421223292069,15.877151200997201,16.243563384732564,16.237421969427682,16.237421969427682,-0.36716125771155883,0.006141415304882214,0.006141415304882214,1,true,true,0.0077498201118082477,0.013142161440494959,0.0070007461356134115,0.0070007461356132797,1.3183898417423734e-16,1.8189894035458565e-12,true
16,INEQ-WATER-D017-HYDRO01-LOWER,17,1,lower,7274,-3841.5705986191169,-3841.2095787767103,3841.5628488305792,3841.1964366437919,3841.2025780590966,3841.2025780590966,0.36716125771155883,-0.006141415304882214,-0.006141415304882214,1,true,true,-0.0077497885376942577,-0.013142132918346761,-0.0070007176136641647,-0.0070007176133568515,-3.0731320266319528e-13,2.3283064365386963e-10,true
16,INEQ-WATER-D017-HYDRO02-UPPER,17,2,upper,7275,-15.720390760165174,-16.078598926840641,15.727960408655122,16.091417281719558,16.085436916193867,16.085436916193867,-0.36418853220115738,0.005980365525689868,0.005980365525689868,1,true,true,0.007569648489948122,0.012818354878916693,0.0068379893532259928,0.0068379893532251853,8.075137780672037e-16,1.8189894035458565e-12,true
16,INEQ-WATER-D017-HYDRO02-LOWER,17,2,lower,7276,-3828.9696092398372,-3828.6114010731617,3828.9620396230989,3828.5985827469653,3828.6045631124912,3828.6045631124912,0.36418853220115738,-0.005980365525689868,-0.005980365525689868,1,true,true,-0.0075696167382375279,-0.012818326196338603,-0.0068379606705093465,-0.0068379606705380996,2.8753041614315578e-14,2.3283064365386963e-10,true
16,INEQ-WATER-D017-HYDRO03-UPPER,17,3,upper,7277,-16.350758814631263,-16.630880171906028,16.350886575136961,16.631095954901404,16.630995583470899,16.630995583470899,-0.28022172870527173,0.00010037143050611874,0.00010037143050611874,1,true,true,0.00012776050569840436,0.00021578299537594603,0.00011541156487027138,0.00011541156486836313,1.9082500336831121e-15,1.8189894035458565e-12,true
16,INEQ-WATER-D017-HYDRO03-LOWER,17,3,lower,7278,-1987.069241185367,-1986.7891198280922,1987.0691134444901,1986.7889040628284,1986.7890044342589,1986.7890044342589,0.28022172870527173,-0.00010037143050611874,-0.00010037143050611874,1,true,true,-0.00012774087690559099,-0.00021576526387434569,-0.00011539383331182762,-0.00011539383333479816,2.2970544195054232e-14,1.1641532182693481e-10,true
16,INEQ-WATER-D017-HYDRO04-UPPER,17,4,upper,7279,-16.859659132896923,-17.147960285587033,16.859808035463026,17.148212395813491,17.148094795685228,17.148094795685228,-0.28841875281837409,0.00011760012826406152,0.00011760012826406152,1,true,true,0.00014890256610300412,0.00025211022645876824,0.00013451009819576143,0.00013451009819443144,1.3299908049879683e-15,1.8189894035458565e-12,true
16,INEQ-WATER-D017-HYDRO04-LOWER,17,4,lower,7280,-2017.6203408671026,-2017.3320397144125,2017.6201919838986,2017.3317876216768,2017.3319052218051,2017.3319052218051,0.28841875281837409,-0.00011760012826406152,-0.00011760012826406152,1,true,true,-0.00014888320401951205,-0.00025209273576365376,-0.00013449260745801439,-0.00013449260759087822,1.3286382627777926e-13,1.1641532182693481e-10,true
16,INEQ-WATER-D018-HYDRO01-UPPER,18,1,upper,7281,-0.75484414280799683,-0.65170465377741493,1.3948480643922716,1.6359075185298619,1.2298477482192587,1.2298477482192587,-0.30292028128002135,0.40605977031060325,0.40605977031060325,1,true,true,0.64000392158427477,0.984202864752447,0.57814309444184375,0.57814309444184375,0,1.1368683772161603e-13,true
16,INEQ-WATER-D018-HYDRO01-LOWER,18,1,lower,7282,-3873.8551558571926,-3873.9582953462232,3873.2151519669997,3872.9740925098281,3873.3801522801386,3873.3801522801386,0.30292028128002135,-0.40605977031060325,-0.40605977031060325,1,true,true,-0.64000389019292925,-0.98420283639507034,-0.57814306608452171,-0.57814306608469002,1.6830981053317373e-13,2.3283064365386963e-10,true
16,INEQ-WATER-D018-HYDRO02-UPPER,18,2,upper,7283,-0.21120917051302968,-0.15401953141554259,0.89305548129829049,1.1570362256137339,0.769960657331343,0.769960657331343,-0.32988592918490378,0.38707556828239087,0.38707556828239087,1,true,true,0.68184631078526081,1.0030166941981913,0.61594112591580041,0.61594112591580041,0,1.1368683772161603e-13,true
16,INEQ-WATER-D018-HYDRO02-LOWER,18,2,lower,7284,-3897.7687908294902,-3897.8259804685877,3897.0869445498856,3896.8229638025564,3897.2100393708388,3897.2100393708388,0.32988592918490378,-0.38707556828239087,-0.38707556828239087,1,true,true,-0.68184627960454236,-1.0030166660312716,-0.61594109774887329,-0.61594109774891503,4.1744385725905886e-14,2.3283064365386963e-10,true
16,INEQ-WATER-D018-HYDRO03-UPPER,18,3,upper,7285,-12.922694703749585,-12.717517926714208,12.945048376135517,12.755405059122131,12.737710961302733,12.737710961302733,0.18748267921597817,0.017694097819398125,0.017694097819398125,1,true,true,0.022353672385932555,0.037887132407922408,0.020193034588524839,0.020193034588523968,8.7083118494035716e-16,9.0949470177292824e-13,true
16,INEQ-WATER-D018-HYDRO03-LOWER,18,3,lower,7286,-1988.0873052962525,-1988.2924820732878,1988.0649516435212,1988.2545949586349,1988.2722890564544,1988.2722890564544,-0.18748267921597817,-0.017694097819398125,-0.017694097819398125,1,true,true,-0.022353652731226248,-0.03788711465290362,-0.020193016833445654,-0.020193016833581628,1.3597456494096605e-13,1.1641532182693481e-10,true
16,INEQ-WATER-D018-HYDRO04-UPPER,18,4,upper,7287,-12.952017593608616,-12.745865327146021,12.974698926729038,12.784325244671443,12.766354351781755,12.766354351781755,0.18818137357290832,0.017970892889687118,0.017970892889687118,1,true,true,0.022681333120422309,0.038459917525422327,0.020489024635734765,0.020489024635735029,-2.6367796834847468e-16,9.0949470177292824e-13,true
16,INEQ-WATER-D018-HYDRO04-LOWER,18,4,lower,7288,-1994.0879824063886,-1994.2941346728512,1994.0653010929241,1994.2556747730819,1994.2736456659716,1994.2736456659716,-0.18818137357290832,-0.017970892889687118,-0.017970892889687118,1,true,true,-0.022681313464545383,-0.038459899769350159,-0.020489006879643057,-0.020489006879735219,9.2162388831695807e-14,1.1641532182693481e-10,true
16,INEQ-WATER-D019-HYDRO01-UPPER,19,1,upper,7289,-8.4679981521476293,-8.4612867495525279,8.6057076473414273,8.6899785691467528,8.5856856649346156,8.5856856649346156,-0.097581501617035313,0.1042929042121367,0.1042929042121367,1,true,true,0.13770949519379805,0.22869181959422491,0.12439891538208769,0.1243989153820879,-2.0816681711721685e-16,9.0949470177292824e-13,true
16,INEQ-WATER-D019-HYDRO01-LOWER,19,1,lower,7290,-3851.4120018478498,-3851.4187132504449,3851.2742923842043,3851.1900214593497,3851.2943143635621,3851.2943143635621,0.097581501617035313,-0.1042929042121367,-0.1042929042121367,1,true,true,-0.13770946364547854,-0.22869179109511606,-0.12439888688277279,-0.12439888688313273,3.5994818237128356e-13,2.3283064365386963e-10,true
16,INEQ-WATER-D019-HYDRO02-UPPER,19,2,upper,7291,-8.399341066062334,-8.3924063650410972,8.5344931035064882,8.6192036041989279,8.5144950187397512,8.5144950187397512,-0.097773884437939315,0.10470858545917615,0.10470858545917615,1,true,true,0.13515203744415416,0.22679723915783079,0.12208865369865407,0.12208865369865431,-2.3592239273284576e-16,9.0949470177292824e-13,true
16,INEQ-WATER-D019-HYDRO02-LOWER,19,2,lower,7292,-3819.1506589339406,-3819.1575936349618,3819.015506928431,3818.9307964246518,3819.0355050101111,3819.0355050101111,0.097773884437939315,-0.10470858545917615,-0.10470858545917615,1,true,true,-0.13515200550955342,-0.22679721030999644,-0.12208862485067584,-0.12208862485075468,7.8839712536193929e-14,2.3283064365386963e-10,true
16,INEQ-WATER-D019-HYDRO03-UPPER,19,3,upper,7293,-13.779261868199683,-13.736278725700686,13.787653374424409,13.752879507358095,13.743859134526591,13.743859134526591,0.033962769667492461,0.0090203728315045792,0.0090203728315045792,1,true,true,0.008391506224725731,0.016600781657409414,0.0075804088259054936,0.0075804088259045005,9.9312918999672206e-16,9.0949470177292824e-13,true
16,INEQ-WATER-D019-HYDRO03-LOWER,19,3,lower,7294,-2021.7707381317996,-2021.8137212742986,2021.7623466448599,2021.7971205100621,2021.8061408828935,2021.8061408828935,-0.033962769667492461,-0.0090203728315045792,-0.0090203728315045792,1,true,true,-0.008391486939672177,-0.016600764236500254,-0.0075803914050993626,-0.0075803914048854061,-2.1395645671828945e-13,1.1641532182693481e-10,true
16,INEQ-WATER-D019-HYDRO04-UPPER,19,4,upper,7295,-13.705885886010947,-13.665231279403088,13.714112722959747,13.681520466179451,13.672662935383061,13.672662935383061,0.031797075811467734,0.0088575307963912886,0.0088575307963912886,1,true,true,0.0082268369488005533,0.016289186776363707,0.0074316559799729731,0.0074316559799731587,-1.8561541192951836e-16,9.0949470177292824e-13,true
16,INEQ-WATER-D019-HYDRO04-LOWER,19,4,lower,7296,-2015.9641141139909,-2016.0047687205988,2015.9558872964553,2015.9884795513592,2015.9973370821556,2015.9973370821556,-0.031797075811467734,-0.0088575307963912886,-0.0088575307963912886,1,true,true,-0.0082268175356148276,-0.016289169239598777,-0.0074316384432222549,-0.0074316384432067586,-1.5496284810900818e-14,1.1641532182693481e-10,true
16,INEQ-WATER-D020-HYDRO01-UPPER,20,1,upper,7297,-10.748712656182761,-10.931116988467693,10.805356162784337,11.021032978651384,10.982285506475531,10.982285506475531,-0.22115180446078458,0.03874747217585256,0.03874747217585256,1,true,true,0.056643506601576021,0.089915990183691008,0.05116851800783806,0.051168518007838414,-3.5388358909926865e-16,9.0949470177292824e-13,true
16,INEQ-WATER-D020-HYDRO01-LOWER,20,1,lower,7298,-3818.5012873438172,-3818.3188830115323,3818.4446438690916,3818.2289670501436,3818.2677145223197,3818.2677145223197,0.22115180446078458,-0.03874747217585256,-0.03874747217585256,1,true,true,-0.056643474725660781,-0.08991596138866953,-0.051168489212614077,-0.051168489212951924,3.3784780528733904e-13,2.3283064365386963e-10,true
16,INEQ-WATER-D020-HYDRO02-UPPER,20,2,upper,7299,-10.914423511901987,-11.096564922030666,10.97390806202846,11.193152025447132,11.150299876961052,11.150299876961052,-0.22499355861476006,0.042852148486080932,0.042852148486080932,1,true,true,0.059484550126473579,0.096587103416466036,0.053734954930385825,0.053734954930384604,1.2212453270876722e-15,9.0949470177292824e-13,true
16,INEQ-WATER-D020-HYDRO02-LOWER,20,2,lower,7300,-3867.6155764880968,-3867.4334350779682,3867.5560919693598,3867.3368480029071,3867.3797001513931,3867.3797001513931,0.22499355861476006,-0.042852148486080932,-0.042852148486080932,1,true,true,-0.059484518737008329,-0.096587075061052019,-0.053734926575089048,-0.053734926574929329,-1.5971945988013658e-13,2.3283064365386963e-10,true
16,INEQ-WATER-D020-HYDRO03-UPPER,20,3,upper,7301,-14.888126444031514,-15.027005854302843,14.892125245305252,15.033288001265785,15.030618143641217,15.030618143641217,-0.14154926789589678,0.0026698576245676731,0.0026698576245676731,1,true,true,0.0039988012737381951,0.0062821469629419369,0.0036122893383740973,0.003612289338374877,-7.7975820245157479e-16,9.0949470177292824e-13,true
16,INEQ-WATER-D020-HYDRO03-LOWER,20,3,lower,7302,-1990.4918735559695,-1990.3529941456982,1990.4878747743037,1990.346712016448,1990.3493818740726,1990.3493818740726,0.14154926789589678,-0.0026698576245676731,-0.0026698576245676731,1,true,true,-0.0039987816658140218,-0.0062821292501666903,-0.003612271625570429,-0.0036122716256928532,1.2242420618924221e-13,1.1641532182693481e-10,true
16,INEQ-WATER-D020-HYDRO04-UPPER,20,4,upper,7303,-15.133708512370504,-15.273420817451552,15.137942801985295,15.280080662017951,15.277245833546139,15.277245833546139,-0.14254713355286067,0.0028348284718128502,0.0028348284718128502,1,true,true,0.0042342896147911091,0.0066598445663998973,0.003825016094587852,0.003825016094586449,1.4029576111962427e-15,9.0949470177292824e-13,true
16,INEQ-WATER-D020-HYDRO04-LOWER,20,4,lower,7304,-2013.7262914876301,-2013.586579182549,2013.7220572174374,2013.5799193555274,2013.5827541839992,2013.5827541839992,0.14254713355286067,-0.0028348284718128502,-0.0028348284718128502,1,true,true,-0.0042342701926827431,-0.0066598270216218225,-0.0038249985498168826,-0.0038249985497598431,-5.7039442613593394e-14,1.1641532182693481e-10,true
17,INEQ-WATER-D014-HYDRO01-UPPER,14,1,upper,7249,-14.168735456965805,-14.3457051039004,14.232872053329325,14.408267505170379,14.406461895334788,14.406461895334788,-0.17877525677018577,0.0018056098355912764,0.0018056098355912764,1,true,true,0.064136596363519871,0.062562401269978807,0.060756791434387836,0.060756791434387017,8.1878948066105295e-16,9.0949470177292824e-13,true
17,INEQ-WATER-D014-HYDRO01-LOWER,14,1,lower,7250,-3877.3812645430371,-3877.2042948961025,3877.3171279748663,3877.1417325215393,3877.143538131375,3877.143538131375,0.17877525677018577,-0.0018056098355912764,-0.0018056098355912764,1,true,true,-0.064136568170852115,-0.062562374563185585,-0.060756764727557311,-0.060756764727387703,-1.6960738369320438e-13,2.3283064365386963e-10,true
17,INEQ-WATER-D014-HYDRO02-UPPER,14,2,upper,7251,-13.800386958668241,-13.972468416475749,13.859060024727837,14.029803995148569,14.028049589152797,14.028049589152797,-0.17383586380328078,0.0017544059957729508,0.0017544059957729508,1,true,true,0.058673066059595769,0.05733557867282002,0.055581172677047874,0.055581172677047146,7.2858385991025898e-16,9.0949470177292824e-13,true
17,INEQ-WATER-D014-HYDRO02-LOWER,14,2,lower,7252,-3820.359613041328,-3820.1875315835205,3820.3009400040523,3820.1301960321148,3820.1319504381104,3820.1319504381104,0.17383586380328078,-0.0017544059957729508,-0.0017544059957729508,1,true,true,-0.058673037275639217,-0.057335551405685692,-0.055581145410087629,-0.055581145409918167,-1.6946166692122233e-13,2.3283064365386963e-10,true
17,INEQ-WATER-D014-HYDRO03-UPPER,14,3,upper,7253,-16.458132048086554,-16.592623995802569,16.461935458031849,16.596668467271396,16.596226977530442,16.596226977530442,-0.13493343745696701,0.00044148974095231663,0.00044148974095231663,1,true,true,0.0038034099452950443,0.0040444714688270267,0.0036029817278731002,0.0036029817278735669,-4.6664061503776111e-16,1.8189894035458565e-12,true
17,INEQ-WATER-D014-HYDRO03-LOWER,14,3,lower,7254,-1989.0518679519155,-1988.9173760041995,1989.0480645596817,1988.9133315495089,1988.9137730392499,1988.9137730392499,0.13493343745696701,-0.00044148974095231663,-0.00044148974095231663,1,true,true,-0.0038033922337490367,-0.0040444546905291645,-0.0036029649495503691,-0.003602964949672543,1.2217397232783256e-13,1.1641532182693481e-10,true
17,INEQ-WATER-D014-HYDRO04-UPPER,14,4,upper,7255,-16.452417586337106,-16.586937566218694,16.456218961407671,16.590980199083504,16.590538620303594,16.590538620303594,-0.13496155866149942,0.00044157877991105043,0.00044157877991105043,1,true,true,0.0038013750705658822,0.0040426328648095478,0.0036010540848998573,0.003601054084897097,2.7603787311480943e-15,1.8189894035458565e-12,true
17,INEQ-WATER-D014-HYDRO04-LOWER,14,4,lower,7256,-1991.3775824136646,-1991.2430624337831,1991.3737810563421,1991.2390198177309,1991.2394613965107,1991.2394613965107,0.13496155866149942,-0.00044157877991105043,-0.00044157877991105043,1,true,true,-0.003801357322572585,-0.0040426160521747079,-0.0036010372723467299,-0.0036010372721694459,-1.7728396875527075e-13,1.1641532182693481e-10,true
17,INEQ-WATER-D015-HYDRO01-UPPER,15,1,upper,7257,-12.13921023497096,-12.295027514119283,12.17161153471635,12.325897038107497,12.325721363223403,12.325721363223403,-0.15599295403241764,0.00017567488409464538,0.00017567488409464538,1,true,true,0.032401299745389522,0.030869523988213743,0.030693849104119764,0.030693849104119344,4.1980308118638732e-16,9.0949470177292824e-13,true
17,INEQ-WATER-D015-HYDRO01-LOWER,15,1,lower,7258,-3873.9207897650267,-3873.7649724858784,3873.8883884935267,3873.734102988647,3873.7342786635313,3873.7342786635313,0.15599295403241764,-0.00017567488409464538,-0.00017567488409464538,1,true,true,-0.032401271500020812,-0.030869497231378773,-0.030693822347075184,-0.03069382234719626,1.2107675972927723e-13,2.3283064365386963e-10,true
17,INEQ-WATER-D015-HYDRO02-UPPER,15,2,upper,7259,-11.85004341648164,-12.001779785721737,11.87741382823689,12.027876401403846,12.027707859438991,12.027707859438991,-0.15190491120495339,0.00016854196485568962,0.00016854196485568962,1,true,true,0.027370411755249791,0.026096615682108748,0.025928073717253142,0.025928073717252413,7.2858385991025898e-16,9.0949470177292824e-13,true
17,INEQ-WATER-D015-HYDRO02-LOWER,15,2,lower,7260,-3815.5499565835198,-3815.3982202142797,3815.5225862006146,3815.3721236259271,3815.3722921678918,3815.3722921678918,0.15190491120495339,-0.00016854196485568962,-0.00016854196485568962,1,true,true,-0.027370382905246515,-0.026096588352629624,-0.025928046387889481,-0.025928046387557181,-3.3230015961116521e-13,2.3283064365386963e-10,true
17,INEQ-WATER-D015-HYDRO03-UPPER,15,3,upper,7261,-15.362388616133103,-15.479452323255828,15.363491500178865,15.480567285042531,15.480497088643203,15.480497088643203,-0.11713390352205193,7.0196399327190906e-05,7.0196399327190906e-05,1,true,true,0.001102884045762309,0.0011149617867030059,0.0010447653873750795,0.0010447653873757281,-6.4856973958082875e-16,9.0949470177292824e-13,true
17,INEQ-WATER-D015-HYDRO03-LOWER,15,3,lower,7262,-1999.1676113838657,-1999.050547676743,1999.1665085174443,1999.0494327316519,1999.0495029280512,1999.0495029280512,0.11713390352205193,-7.0196399327190906e-05,-7.0196399327190906e-05,1,true,true,-0.0011028664214336459,-0.0011149450911034364,-0.0010447486918110371,-0.0010447486917959583,-1.5078866974493899e-14,1.1641532182693481e-10,true
17,INEQ-WATER-D015-HYDRO04-UPPER,15,4,upper,7263,-16.27186224929028,-16.394722720633581,16.273277672720059,16.396123160102839,16.396063555523337,16.396063555523337,-0.12292007592280293,5.9604579501465471e-05,5.9604579501465471e-05,1,true,true,0.0014154234297798496,0.0014004394692577193,0.0013408348897563371,0.0013408348897571509,-8.1380215066761963e-16,1.8189894035458565e-12,true
17,INEQ-WATER-D015-HYDRO04-LOWER,15,4,lower,7264,-2076.4381377507125,-2076.3152772793692,2076.43672234421,2076.3138768559352,2076.3139364605145,2076.3139364605145,0.12292007592280293,-5.9604579501465471e-05,-5.9604579501465471e-05,1,true,true,-0.0014154065024740703,-0.0014004234340063704,-0.0013408188547145983,-0.0013408188544692641,-2.4533413495175793e-13,2.3283064365386963e-10,true
17,INEQ-WATER-D016-HYDRO01-UPPER,16,1,upper,7265,-20.459509585685737,-20.692413614706311,20.464764500798054,20.697915150571252,20.697391611662603,20.697391611662603,-0.23342756792922295,0.00052353890864900721,0.00052353890864900721,1,true,true,0.0052549151123173488,0.005501535864940621,0.0049779969562919746,0.0049779969562911133,8.6129020582248472e-16,1.8189894035458565e-12,true
17,INEQ-WATER-D016-HYDRO01-LOWER,16,1,lower,7266,-3806.4304904143137,-3806.1975863852931,3806.4252355280187,3806.1920848767268,3806.1926084156353,3806.1926084156353,0.23342756792922295,-0.00052353890864900721,-0.00052353890864900721,1,true,true,-0.0052548862950061448,-0.0055015085663399077,-0.0049779696578298172,-0.0049779696575651781,-2.6463900515416583e-13,2.3283064365386963e-10,true
17,INEQ-WATER-D016-HYDRO02-UPPER,16,2,upper,7267,-20.607318279631727,-20.841893078264548,20.612646543369696,20.847468913847223,20.846940558595438,20.846940558595438,-0.23510315388460604,0.00052835525178543397,0.00052835525178543397,1,true,true,0.0053282637379687969,0.0055758355826753814,0.0050474803308908633,0.0050474803308912458,-3.8250652645288596e-16,1.8189894035458565e-12,true
17,INEQ-WATER-D016-HYDRO02-LOWER,16,2,lower,7268,-3820.152681720363,-3819.9181069217302,3820.1473534853453,3819.9125311133544,3819.9130594686062,3819.9130594686062,0.23510315388460604,-0.00052835525178543397,-0.00052835525178543397,1,true,true,-0.005328235017714178,-0.0055758083758519206,-0.0050474531240070064,-0.0050474531241073073,1.00300844019241e-13,2.3283064365386963e-10,true
17,INEQ-WATER-D016-HYDRO03-UPPER,16,3,upper,7269,-19.258185357935872,-19.449470341522101,19.258308942661969,19.449596853443417,19.449587413706372,19.449587413706372,-0.1912944233232757,9.4397370467846908e-06,9.4397370467846908e-06,1,true,true,0.00012358472609719229,0.00012651192131585276,0.0001170721842704836,0.00011707218427066027,-1.7667074400651295e-16,1.8189894035458565e-12,true
17,INEQ-WATER-D016-HYDRO03-LOWER,16,3,lower,7270,-2010.4918146420641,-2010.3005296584779,2010.491691074815,2010.3004031631126,2010.3004126028497,2010.3004126028497,0.1912944233232757,-9.4397370467846908e-06,-9.4397370467846908e-06,1,true,true,-0.00012356724914752704,-0.0001264953652935219,-0.00011705562815222947,-0.00011705562830346016,1.5123068541813417e-13,1.1641532182693481e-10,true
17,INEQ-WATER-D016-HYDRO04-UPPER,16,4,upper,7271,-19.990181561544887,-20.189252531192324,19.990322922829382,20.189397156785663,20.189386443164054,20.189386443164054,-0.19908168326904746,1.0713621610591861e-05,1.0713621610591861e-05,1,true,true,0.00014136128449493413,0.00014462559333949798,0.00013391197173007185,0.00013391197172790551,2.1663443608432864e-15,1.8189894035458565e-12,true
17,INEQ-WATER-D016-HYDRO04-LOWER,16,4,lower,7272,-2051.2598184384551,-2051.0607474688077,2051.259677094306,2051.0606028594466,2051.0606135730682,2051.0606135730682,0.19908168326904746,-1.0713621610591861e-05,-1.0713621610591861e-05,1,true,true,-0.0001413441491422418,-0.00014460936108662281,-0.00013389573950917111,-0.00013389573935654951,-1.5262159483268867e-13,2.3283064365386963e-10,true
17,INEQ-WATER-D017-HYDRO01-UPPER,17,1,upper,7273,-16.230421223292069,-16.446356420085067,16.237421969427682,16.454114751358038,16.45298824804232,16.45298824804232,-0.21706170010871598,0.0011265033157180915,0.0011265033157180915,1,true,true,0.0070007461356134115,0.0077583312729707643,0.0066318279572534777,0.0066318279572516398,1.8379395227974271e-15,1.8189894035458565e-12,true
17,INEQ-WATER-D017-HYDRO01-LOWER,17,1,lower,7274,-3841.2095787767103,-3840.9936435799173,3841.2025780590966,3840.9858852756633,3840.9870117789792,3840.9870117789792,0.21706170010871598,-0.0011265033157180915,-0.0011265033157180915,1,true,true,-0.0070007176136641647,-0.0077583042539117741,-0.0066318009380665899,-0.0066318009383229785,2.5638866030242013e-13,2.3283064365386963e-10,true
17,INEQ-WATER-D017-HYDRO02-UPPER,17,2,upper,7275,-16.078598926840641,-16.292769174295245,16.085436916193867,16.30036452998467,16.299246822261001,16.299246822261001,-0.21528795517827348,0.0011177077236698141,0.0011177077236698141,1,true,true,0.0068379893532259928,0.0075953556894248209,0.006477647965756006,0.0064776479657535435,2.4624399741490777e-15,1.8189894035458565e-12,true
17,INEQ-WATER-D017-HYDRO02-LOWER,17,2,lower,7276,-3828.6114010731617,-3828.3972308257071,3828.6045631124912,3828.3896354971889,3828.3907532049125,3828.3907532049125,0.21528795517827348,-0.0011177077236698141,-0.0011177077236698141,1,true,true,-0.0068379606705093465,-0.007595328518164024,-0.0064776207946124487,-0.0064776207945294395,-8.3009120410704185e-14,2.3283064365386963e-10,true
17,INEQ-WATER-D017-HYDRO03-UPPER,17,3,upper,7277,-16.630880171906028,-16.795074492078129,16.630995583470899,16.795321754979746,16.795183821802084,16.795183821802084,-0.16433225334976087,0.00013793317766030988,0.00013793317766030988,1,true,true,0.00011541156487027138,0.00024726290161680708,0.00010932972395494289,0.00010932972395659692,-1.6540317292895734e-15,1.8189894035458565e-12,true
17,INEQ-WATER-D017-HYDRO03-LOWER,17,3,lower,7278,-1986.7891198280922,-1986.6249255079201,1986.7890044342589,1986.6246782618157,1986.6248161949934,1986.6248161949934,0.16433225334976087,-0.00013793317766030988,-0.00013793317766030988,1,true,true,-0.00011539383331182762,-0.00024724610443627171,-0.00010931292672466952,-0.000109312926797732,7.3062473497469138e-14,1.1641532182693481e-10,true
17,INEQ-WATER-D017-HYDRO04-UPPER,17,4,upper,7279,-17.147960285587033,-17.317272218268045,17.148094795685228,17.317520826237473,17.317399640090297,17.317399640090297,-0.16943311882818615,0.00012118614717418486,0.00012118614717418486,1,true,true,0.00013451009819576143,0.00024860796942860475,0.00012742182225267129,0.0001274218222554005,-2.729207918689136e-15,1.8189894035458565e-12,true
17,INEQ-WATER-D017-HYDRO04-LOWER,17,4,lower,7280,-2017.3320397144125,-2017.1627277817315,2017.3319052218051,2017.1624791903312,2017.1626003764784,2017.1626003764784,0.16943311882818615,-0.00012118614717418486,-0.00012118614717418486,1,true,true,-0.00013449260745801439,-0.00024859140035005112,-0.00012740525312437967,-0.00012740525322670887,1.0232919654858119e-13,1.1641532182693481e-10,true
17,INEQ-WATER-D018-HYDRO01-UPPER,18,1,upper,7281,-0.65170465377741493,-0.81703076830308419,1.2298477482192587,1.3659660147939039,1.3647074677204161,1.3647074677204161,-0.16658466159915702,0.0012585470734877702,0.0012585470734877702,1,true,true,0.57814309444184375,0.54893524649081971,0.54767669941733188,0.54767669941733188,0,1.1368683772161603e-13,true
17,INEQ-WATER-D018-HYDRO01-LOWER,18,1,lower,7282,-3873.9582953462232,-3873.7929692316975,3873.3801522801386,3873.2440340120697,3873.2452925591433,3873.2452925591433,0.16658466159915702,-0.0012585470734877702,-0.0012585470734877702,1,true,true,-0.57814306608452171,-0.54893521962776504,-0.54767667255418928,-0.54767667255435515,1.6586731987899839e-13,2.3283064365386963e-10,true
17,INEQ-WATER-D018-HYDRO02-UPPER,18,2,upper,7283,-0.15401953141554259,-0.32608282121509546,0.769960657331343,0.91075179108923565,0.90956571000171227,0.90956571000171227,-0.1732493708870762,0.0011860810875233274,0.0011860810875233274,1,true,true,0.61594112591580041,0.58466896987414019,0.5834828887866168,0.5834828887866168,0,1.1368683772161603e-13,true
17,INEQ-WATER-D018-HYDRO02-LOWER,18,2,lower,7284,-3897.8259804685877,-3897.6539171787881,3897.2100393708388,3897.0692482355967,3897.070434316684,3897.070434316684,0.1732493708870762,-0.0011860810875233274,-0.0011860810875233274,1,true,true,-0.61594109774887329,-0.58466894319144558,-0.5834828621041197,-0.58348286210400169,-1.1801670751765414e-13,2.3283064365386963e-10,true
17,INEQ-WATER-D018-HYDRO03-UPPER,18,3,upper,7285,-12.717517926714208,-12.757623464371136,12.737710961302733,12.776996931529292,12.77675238702192,12.77675238702192,-0.040350082164299014,0.00024454450737153299,0.00024454450737153299,1,true,true,0.020193034588524839,0.019373467158155577,0.019128922650784475,0.019128922650784634,-1.5959455978986625e-16,9.0949470177292824e-13,true
17,INEQ-WATER-D018-HYDRO03-LOWER,18,3,lower,7286,-1988.2924820732878,-1988.2523765356309,1988.2722890564544,1988.2330030852922,1988.2332476297995,1988.2332476297995,0.040350082164299014,-0.00024454450737153299,-0.00024454450737153299,1,true,true,-0.020193016833445654,-0.019373450338662224,-0.01912890583139415,-0.019128905831344502,-4.9647785882456219e-14,1.1641532182693481e-10,true
17,INEQ-WATER-D018-HYDRO04-UPPER,18,4,upper,7287,-12.745865327146021,-12.786083284674532,12.766354351781755,12.805737363625111,12.805492599590959,12.805492599590959,-0.040462721562662778,0.00024476403415101683,0.00024476403415101683,1,true,true,0.020489024635734765,0.01965407895057858,0.019409314916426723,0.019409314916427476,-7.5286998857393428e-16,9.0949470177292824e-13,true
17,INEQ-WATER-D018-HYDRO04-LOWER,18,4,lower,7288,-1994.2941346728512,-1994.2539167153227,1994.2736456659716,1994.2342626531924,1994.2345074172265,1994.2345074172265,0.040462721562662778,-0.00024476403415101683,-0.00024476403415101683,1,true,true,-0.020489006879643057,-0.019654062130257444,-0.01940929809620684,-0.019409298096028177,-1.7866264023780332e-13,1.1641532182693481e-10,true
17,INEQ-WATER-D019-HYDRO01-UPPER,19,1,upper,7289,-8.4612867495525279,-8.5737907826187438,8.5856856649346156,8.6919077131289768,8.6916342508579234,8.6916342508579234,-0.11277749533726991,0.00027346227105398691,0.00027346227105398691,1,true,true,0.12439891538208769,0.11811693051023298,0.11784346823917957,0.11784346823917843,1.1379786002407855e-15,9.0949470177292824e-13,true
17,INEQ-WATER-D019-HYDRO01-LOWER,19,1,lower,7290,-3851.4187132504449,-3851.3062092173786,3851.2943143635621,3851.188092313866,3851.1883657761373,3851.1883657761373,0.11277749533726991,-0.00027346227105398691,-0.00027346227105398691,1,true,true,-0.12439888688277279,-0.1181169035126004,-0.11784344124134805,-0.11784344124169135,3.4330871478971403e-13,2.3283064365386963e-10,true
17,INEQ-WATER-D019-HYDRO02-UPPER,19,2,upper,7291,-8.3924063650410972,-8.5037737586972071,8.5144950187397512,8.619706500108812,8.6194287090664385,8.6194287090664385,-0.111645184698484,0.00027779104237407592,0.00027779104237407592,1,true,true,0.12208865369865407,0.11593274141160492,0.11565495036923146,0.11565495036923,1.457167719820518e-15,9.0949470177292824e-13,true
17,INEQ-WATER-D019-HYDRO02-LOWER,19,2,lower,7292,-3819.1575936349618,-3819.0462262413057,3819.0355050101111,3818.9302935272217,3818.9305713182639,3818.9305713182639,0.111645184698484,-0.00027779104237407592,-0.00027779104237407592,1,true,true,-0.12208862485067584,-0.11593271408401051,-0.11565492304180225,-0.11565492304145311,-3.491373856689961e-13,2.3283064365386963e-10,true
17,INEQ-WATER-D019-HYDRO03-UPPER,19,3,upper,7293,-13.736278725700686,-13.806553101512691,13.743859134526591,13.813808019456978,13.813734045687097,13.813734045687097,-0.070348349581885683,7.3973769880664175e-05,7.3973769880664175e-05,1,true,true,0.0075804088259054936,0.0072549179442873424,0.0071809441744061786,0.0071809441744072403,-1.0616507672978059e-15,9.0949470177292824e-13,true
17,INEQ-WATER-D019-HYDRO03-LOWER,19,3,lower,7294,-2021.8137212742986,-2021.7434468984866,2021.8061408828935,2021.7361919970451,2021.7362659708151,2021.7362659708151,0.070348349581885683,-7.3973769880664175e-05,-7.3973769880664175e-05,1,true,true,-0.0075803914050993626,-0.0072549014414562407,-0.0071809276714702719,-0.0071809276716249797,1.5470784375803959e-13,1.1641532182693481e-10,true
17,INEQ-WATER-D019-HYDRO04-UPPER,19,4,upper,7295,-13.665231279403088,-13.73553003417328,13.672662935383061,13.742644017312223,13.742570064327486,13.742570064327486,-0.07037270775492982,7.3952984737502003e-05,7.3952984737502003e-05,1,true,true,0.0074316559799729731,0.0071139831389430697,0.0070400301542061783,0.0070400301542062216,-4.3368086899420177e-17,9.0949470177292824e-13,true
17,INEQ-WATER-D019-HYDRO04-LOWER,19,4,lower,7296,-2016.0047687205988,-2015.9344699658286,2015.9973370821556,2015.9273559993023,2015.9274299522872,2015.9274299522872,0.07037270775492982,-7.3952984737502003e-05,-7.3952984737502003e-05,1,true,true,-0.0074316384432222549,-0.0071139665262762719,-0.00704001354142747,-0.0070400135415893033,1.6183322043561432e-13,1.1641532182693481e-10,true
17,INEQ-WATER-D020-HYDRO01-UPPER,20,1,upper,7297,-10.931116988467693,-11.084133175645547,10.982285506475531,11.13278981536634,11.132605267288644,11.132605267288644,-0.15320073525555059,0.00018454807769599513,0.00018454807769599513,1,true,true,0.05116851800783806,0.048656639720793038,0.04847209164309696,0.048472091643097563,-6.0368376963992887e-16,9.0949470177292824e-13,true
17,INEQ-WATER-D020-HYDRO01-LOWER,20,1,lower,7298,-3818.3188830115323,-3818.1658668243545,3818.2677145223197,3818.1172102119112,3818.1173947599891,3818.1173947599891,0.15320073525555059,-0.00018454807769599513,-0.00018454807769599513,1,true,true,-0.051168489212614077,-0.048656612443210179,-0.048472064365341794,-0.048472064365294922,-4.6872228320893328e-14,2.3283064365386963e-10,true
17,INEQ-WATER-D020-HYDRO02-UPPER,20,2,upper,7299,-11.096564922030666,-11.252865174123144,11.150299876961052,11.303953004044113,11.303768459213879,11.303768459213879,-0.15648479692271172,0.00018454483023339074,0.00018454483023339074,1,true,true,0.053734954930385825,0.051087829920968275,0.05090328509073494,0.050903285090734815,1.2490009027033011e-16,9.0949470177292824e-13,true
17,INEQ-WATER-D020-HYDRO02-LOWER,20,2,lower,7300,-3867.4334350779682,-3867.2771348258757,3867.3797001513931,3867.2260470228157,3867.2262315676458,3867.2262315676458,0.15648479692271172,-0.00018454483023339074,-0.00018454483023339074,1,true,true,-0.053734926575089048,-0.051087803059999715,-0.05090325822993691,-0.050903258229676542,-2.6036811595631093e-13,2.3283064365386963e-10,true
17,INEQ-WATER-D020-HYDRO03-UPPER,20,3,upper,7301,-15.027005854302843,-15.140826363567612,15.030618143641217,15.144357014433407,15.144248296167346,15.144248296167346,-0.11392922753083046,0.00010871826606095869,0.00010871826606095869,1,true,true,0.0036122893383740973,0.0035306508657946267,0.0034219325997337791,0.0034219325997331446,6.3447511133851719e-16,9.0949470177292824e-13,true
17,INEQ-WATER-D020-HYDRO03-LOWER,20,3,lower,7302,-1990.3529941456982,-1990.2391736364334,1990.3493818740726,1990.2356430023469,1990.2357517206131,1990.2357517206131,0.11392922753083046,-0.00010871826606095869,-0.00010871826606095869,1,true,true,-0.003612271625570429,-0.003530634086473583,-0.0034219158203541156,-0.0034219158203407352,-1.3380355851078107e-14,1.1641532182693481e-10,true
17,INEQ-WATER-D020-HYDRO04-UPPER,20,4,upper,7303,-15.273420817451552,-15.388908162036387,15.277245833546139,15.392634655167351,15.392531611334739,15.392531611334739,-0.11559038841744684,0.00010304383261161565,0.00010304383261161565,1,true,true,0.003825016094587852,0.0037264931309639593,0.0036234492983524547,0.0036234492983514724,9.8228716827186702e-16,9.0949470177292824e-13,true
17,INEQ-WATER-D020-HYDRO04-LOWER,20,4,lower,7304,-2013.586579182549,-2013.4710918379642,2013.5827541839992,2013.4673653614534,2013.4674684052861,2013.4674684052861,0.11559038841744684,-0.00010304383261161565,-0.00010304383261161565,1,true,true,-0.0038249985498168826,-0.0037264765107920539,-0.0036234326780686388,-0.0036234326781369461,6.8307338951800745e-14,1.1641532182693481e-10,true
18,INEQ-WATER-D014-HYDRO01-UPPER,14,1,upper,7249,-14.3457051039004,-14.184717908821767,14.406461895334788,14.830316841515396,14.233802500913891,14.233802500913891,-0.43552714552287269,0.59651434060150543,0.59651434060150543,1,true,true,0.060756791434387836,0.64559893269362867,0.049084592092123458,0.049084592092122917,5.4123372450476381e-16,9.0949470177292824e-13,true
18,INEQ-WATER-D014-HYDRO01-LOWER,14,1,lower,7250,-3877.2042948961025,-3877.3652820911811,3877.143538131375,3876.7196831800634,3877.3161975206649,3877.3161975206649,0.43552714552287269,-0.59651434060150543,-0.59651434060150543,1,true,true,-0.060756764727557311,-0.64559891111775869,-0.04908457051624282,-0.049084570516034855,-2.0796558919400354e-13,2.3283064365386963e-10,true
18,INEQ-WATER-D014-HYDRO02-UPPER,14,2,upper,7251,-13.972468416475749,-13.821133877958346,14.028049589152797,14.446744881903761,13.866037157483909,13.866037157483909,-0.42937318590244816,0.58070772441985152,0.58070772441985152,1,true,true,0.055581172677047874,0.62561100394541569,0.044903279525563278,0.044903279525564541,-1.2628786905111156e-15,9.0949470177292824e-13,true
18,INEQ-WATER-D014-HYDRO02-LOWER,14,2,lower,7252,-3820.1875315835205,-3820.3388661220379,3820.1319504381104,3819.713255140121,3820.2939628645408,3820.2939628645408,0.42937318590244816,-0.58070772441985152,-0.58070772441985152,1,true,true,-0.055581145410087629,-0.62561098191690689,-0.044903257497026061,-0.044903257496955236,-7.082529007718108e-14,2.3283064365386963e-10,true
18,INEQ-WATER-D014-HYDRO03-UPPER,14,3,upper,7253,-16.592623995802569,-16.710264097710024,16.596226977530442,16.876915400012891,16.713174898037899,16.713174898037899,-0.28138060388244507,0.1637405019749904,0.1637405019749904,1,true,true,0.0036029817278731002,0.16665130230286707,0.0029108003278750516,0.0029108003278778679,-2.8163235632483463e-15,1.8189894035458565e-12,true
18,INEQ-WATER-D014-HYDRO03-LOWER,14,3,lower,7254,-1988.9173760041995,-1988.799735902292,1988.9137730392499,1988.633084613544,1988.7968251155191,1988.7968251155191,0.28138060388244507,-0.1637405019749904,-0.1637405019749904,1,true,true,-0.0036029649495503691,-0.16665128874797119,-0.0029107867728725978,-0.0029107867728973003,2.4702462297909733e-14,1.1641532182693481e-10,true
18,INEQ-WATER-D014-HYDRO04-UPPER,14,4,upper,7255,-16.586937566218694,-16.705152330054261,16.590538620303594,16.871829356415773,16.708061573065386,16.708061573065386,-0.28198254718595345,0.16376778335038616,0.16376778335038616,1,true,true,0.0036010540848998573,0.16667702636151205,0.0029092430111248291,0.0029092430111268171,-1.9879931034694209e-15,1.8189894035458565e-12,true
18,INEQ-WATER-D014-HYDRO04-LOWER,14,4,lower,7256,-1991.2430624337831,-1991.1248476699475,1991.2394613965107,1990.9581706571687,1991.121938440519,1991.121938440519,0.28198254718595345,-0.16376778335038616,-0.16376778335038616,1,true,true,-0.0036010372723467299,-0.16667701277879132,-0.0029092294284964737,-0.0029092294284919738,-4.4998726966838376e-15,1.1641532182693481e-10,true
18,INEQ-WATER-D015-HYDRO01-UPPER,15,1,upper,7257,-12.295027514119283,-12.608911680690653,12.325721363223403,12.686039069980795,12.633708827272034,12.633708827272034,-0.36621440928013066,0.052330242708760799,0.052330242708760799,1,true,true,0.030693849104119764,0.07712738929014229,0.024797146581381213,0.02479714658138071,5.0306980803327406e-16,9.0949470177292824e-13,true
18,INEQ-WATER-D015-HYDRO01-LOWER,15,1,lower,7258,-3873.7649724858784,-3873.451088319307,3873.7342786635313,3873.3739609516333,3873.426291194342,3873.426291194342,0.36621440928013066,-0.052330242708760799,-0.052330242708760799,1,true,true,-0.030693822347075184,-0.077127367673710978,-0.024797124965061812,-0.02479712496472539,-3.3642186259008611e-13,2.3283064365386963e-10,true
18,INEQ-WATER-D015-HYDRO02-UPPER,15,2,upper,7259,-12.001779785721737,-12.312814177079417,12.027707859438991,12.384449042918693,12.333761118023792,12.333761118023792,-0.36172231625258011,0.05068792489490026,0.05068792489490026,1,true,true,0.025928073717253142,0.071634865839275363,0.020946940944375214,0.02094694094437554,-3.2612801348363973e-16,9.0949470177292824e-13,true
18,INEQ-WATER-D015-HYDRO02-LOWER,15,2,lower,7260,-3815.3982202142797,-3815.087185822922,3815.3722921678918,3815.0155509791616,3815.0662389040567,3815.0662389040567,0.36172231625258011,-0.05068792489490026,-0.05068792489490026,1,true,true,-0.025928046387889481,-0.071634843760421063,-0.020946918865320185,-0.020946918865351355,3.116951141635127e-14,2.3283064365386963e-10,true
18,INEQ-WATER-D015-HYDRO03-UPPER,15,3,upper,7261,-15.479452323255828,-15.657053917064331,15.480497088643203,15.687336599770646,15.65789796892521,15.65789796892521,-0.20704022465393868,0.029438630845434854,0.029438630845434854,1,true,true,0.0010447653873750795,0.03028268270631429,0.00084405186087899153,0.00084405186087969496,-7.0343036950859528e-16,9.0949470177292824e-13,true
18,INEQ-WATER-D015-HYDRO03-LOWER,15,3,lower,7262,-1999.050547676743,-1998.8729460829345,1999.0495029280512,1998.8426634137163,1998.8721020445616,1998.8721020445616,0.20704022465393868,-0.029438630845434854,-0.029438630845434854,1,true,true,-0.0010447486918110371,-0.030282669218195224,-0.00084403837286117778,-0.00084403837275875537,-1.0242241083036063e-13,1.1641532182693481e-10,true
18,INEQ-WATER-D015-HYDRO04-UPPER,15,4,upper,7263,-16.394722720633581,-16.572044002525217,16.396063555523337,16.598171385197769,16.573127244942615,16.573127244942615,-0.20236542214679185,0.025044140255155528,0.025044140255155528,1,true,true,0.0013408348897563371,0.026127382672552102,0.0010832424173976563,0.001083242417395433,2.2232649748987754e-15,1.8189894035458565e-12,true
18,INEQ-WATER-D015-HYDRO04-LOWER,15,4,lower,7264,-2076.3152772793692,-2076.1379559974775,2076.3139364605145,2076.1118286277597,2076.1368727680147,2076.1368727680147,0.20236542214679185,-0.025044140255155528,-0.025044140255155528,1,true,true,-0.0013408188547145983,-0.026127369717869442,-0.001083229462892632,-0.0010832294629015509,8.9188639113002566e-15,2.3283064365386963e-10,true
18,INEQ-WATER-D016-HYDRO01-UPPER,16,1,upper,7265,-20.692413614706311,-21.357836626753851,20.697391611662603,21.528482631708478,21.361858283333579,21.361858283333579,-0.83204736042243821,0.16662434837489781,0.16662434837489781,1,true,true,0.0049779969562919746,0.17064600495462656,0.0040216565797273063,0.0040216565797305242,-3.2179120479369772e-15,1.8189894035458565e-12,true
18,INEQ-WATER-D016-HYDRO01-LOWER,16,1,lower,7266,-3806.1975863852931,-3805.5321633732456,3806.1926084156353,3805.3615173903449,3805.52814173872,3805.52814173872,0.83204736042243821,-0.16662434837489781,-0.16662434837489781,1,true,true,-0.0049779696578298172,-0.17064598290062349,-0.0040216345255430497,-0.0040216345256712483,1.2819866695990001e-13,2.3283064365386963e-10,true
18,INEQ-WATER-D016-HYDRO02-UPPER,16,2,upper,7267,-20.841893078264548,-21.511430786747951,20.846940558595438,21.683866929646587,21.515508578008578,21.515508578008578,-0.83789606012141349,0.16835835163800994,0.16835835163800994,1,true,true,0.0050474803308908633,0.17243614289863629,0.0040777912606273503,0.0040777912606254785,1.8717666305789749e-15,1.8189894035458565e-12,true
18,INEQ-WATER-D016-HYDRO02-LOWER,16,2,lower,7268,-3819.9181069217302,-3819.2485692132468,3819.9130594686062,3819.0761330923283,3819.2444914439661,3819.2444914439661,0.83789606012141349,-0.16835835163800994,-0.16835835163800994,1,true,true,-0.0050474531240070064,-0.17243612091851901,-0.0040777692806841515,-0.0040777692805510756,-1.330758420126088e-13,2.3283064365386963e-10,true
18,INEQ-WATER-D016-HYDRO03-UPPER,16,3,upper,7269,-19.449470341522101,-20.130958068843029,19.449587413706372,20.135057825316217,20.131052649881209,20.131052649881209,-0.68549290275593744,0.0040051754350097779,0.0040051754350097779,1,true,true,0.0001170721842704836,0.0040997564731881653,9.4581038180052701e-05,9.4581038178360736e-05,1.69196525279941e-15,1.8189894035458565e-12,true
18,INEQ-WATER-D016-HYDRO03-LOWER,16,3,lower,7270,-2010.3005296584779,-2009.619041931157,2010.3004126028497,2009.6149421880593,2009.6189473634943,2009.6189473634943,0.68549290275593744,-0.0040051754350097779,-0.0040051754350097779,1,true,true,-0.00011705562815222947,-0.0040997430976403848,-9.4567662699773791e-05,-9.4567662713792132e-05,1.4018341066950046e-14,1.1641532182693481e-10,true
18,INEQ-WATER-D016-HYDRO04-UPPER,16,4,upper,7271,-20.189252531192324,-20.897528895147843,20.189386443164054,20.902205183196802,20.897637080823113,20.897637080823113,-0.71284446632920806,0.0045681023736884319,0.0045681023736884319,1,true,true,0.00013391197173007185,0.0046762880489588099,0.00010818567526982292,0.00010818567527089986,-1.0769380179298516e-15,1.8189894035458565e-12,true
18,INEQ-WATER-D016-HYDRO04-LOWER,16,4,lower,7272,-2051.0607474688077,-2050.3524711048522,2051.0606135730682,2050.3477948299169,2050.3523629322904,2050.3523629322904,0.71284446632920806,-0.0045681023736884319,-0.0045681023736884319,1,true,true,-0.00013389573950917111,-0.0046762749352637911,-0.0001081725617950724,-0.00010817256147863315,-3.1643924405713036e-13,2.3283064365386963e-10,true
18,INEQ-WATER-D017-HYDRO01-UPPER,17,1,upper,7273,-16.446356420085067,-16.859785249107517,16.45298824804232,17.200444911905652,16.865143013440058,16.865143013440058,-0.74873072748804392,0.33530189846559355,0.33530189846559355,1,true,true,0.0066318279572534777,0.34065966279813509,0.0053577643325404267,0.0053577643325431077,-2.6810151321221554e-15,1.8189894035458565e-12,true
18,INEQ-WATER-D017-HYDRO01-LOWER,17,1,lower,7274,-3840.9936435799173,-3840.5802147508948,3840.9870117789792,3840.2395551099253,3840.5748570083911,3840.5748570083911,0.74873072748804392,-0.33530189846559355,-0.33530189846559355,1,true,true,-0.0066318009380665899,-0.34065964096953394,-0.0053577425037474313,-0.0053577425041065538,3.591224539967186e-13,2.3283064365386963e-10,true
18,INEQ-WATER-D017-HYDRO02-UPPER,17,2,upper,7275,-16.292769174295245,-16.703412593524263,16.299246822261001,17.040972543124191,16.708645797921815,16.708645797921815,-0.7429701644313943,0.33232674520237626,0.33232674520237626,1,true,true,0.006477647965756006,0.33755994959992819,0.0052332043975518161,0.0052332043975506053,1.2108369862318114e-15,1.8189894035458565e-12,true
18,INEQ-WATER-D017-HYDRO02-LOWER,17,2,lower,7276,-3828.3972308257071,-3827.9865874064781,3828.3907532049125,3827.6490274788293,3827.9813542240317,3827.9813542240317,0.7429701644313943,-0.33232674520237626,-0.33232674520237626,1,true,true,-0.0064776207946124487,-0.33755992764872644,-0.0052331824463180965,-0.0052331824463503077,3.2211212863675343e-14,2.3283064365386963e-10,true
18,INEQ-WATER-D017-HYDRO03-UPPER,17,3,upper,7277,-16.795074492078129,-17.301394528829405,16.795183821802084,17.347193392209473,17.301482854838351,17.301482854838351,-0.5520305741223972,0.045710537371120852,0.045710537371120852,1,true,true,0.00010932972395494289,0.045798863380067445,8.8326008945927015e-05,8.8326008947790338e-05,-1.863323406160744e-15,1.8189894035458565e-12,true
18,INEQ-WATER-D017-HYDRO03-LOWER,17,3,lower,7278,-1986.6249255079201,-1986.1186054711688,1986.6248161949934,1986.0728066213589,1986.1185171587301,1986.1185171587301,0.5520305741223972,-0.045710537371120852,-0.045710537371120852,1,true,true,-0.00010931292672466952,-0.045798849809898456,-8.8312438720095088e-05,-8.8312438692074384e-05,-2.8020703704383088e-14,1.1641532182693481e-10,true
18,INEQ-WATER-D017-HYDRO04-UPPER,17,4,upper,7279,-17.317272218268045,-17.847952522861306,17.317399640090297,17.88874306497576,17.848055465232374,17.848055465232374,-0.57136790433664564,0.040687599743384539,0.040687599743384539,1,true,true,0.00012742182225267129,0.040790542114454098,0.00010294237106833748,0.00010294237107075731,-2.4198308287703973e-15,1.8189894035458565e-12,true
18,INEQ-WATER-D017-HYDRO04-LOWER,17,4,lower,7280,-2017.1627277817315,-2016.6320474771383,2017.1626003764784,2016.5912569484099,2016.6319445481533,2016.6319445481533,0.57136790433664564,-0.040687599743384539,-0.040687599743384539,1,true,true,-0.00012740525312437967,-0.040790528728393838,-0.00010292898491570668,-0.00010292898509555493,1.7984825597099768e-13,1.1641532182693481e-10,true
18,INEQ-WATER-D018-HYDRO01-UPPER,18,1,upper,7281,-0.81703076830308419,-1.3549598445388256,1.3647074677204161,1.8244521037448465,1.7974204609505851,1.7974204609505851,-0.56496071903000289,0.027031642794261512,0.027031642794261512,1,true,true,0.54767669941733188,0.46949225920602089,0.44246061641175949,0.44246061641175949,0,1.1368683772161603e-13,true
18,INEQ-WATER-D018-HYDRO01-LOWER,18,1,lower,7282,-3873.7929692316975,-3873.2550401554618,3873.2452925591433,3872.785547917958,3872.8125795607521,3872.8125795607521,0.56496071903000289,-0.027031642794261512,-0.027031642794261512,1,true,true,-0.54767667255418928,-0.46949223750380042,-0.44246059470970067,-0.44246059470938898,-3.116951141635127e-13,2.3283064365386963e-10,true
18,INEQ-WATER-D018-HYDRO02-UPPER,18,2,upper,7283,-0.32608282121509546,-0.89907319851045031,0.90956571000171227,1.3965167526056954,1.3704611522300505,1.3704611522300505,-0.59904597767099976,0.026055600375644916,0.026055600375644916,1,true,true,0.5834828887866168,0.4974435540952451,0.47138795371960018,0.47138795371960007,1.1102230246251565e-16,1.1368683772161603e-13,true
18,INEQ-WATER-D018-HYDRO02-LOWER,18,2,lower,7284,-3897.6539171787881,-3897.0809268014928,3897.070434316684,3896.5834832689538,3896.6095388693293,3896.6095388693293,0.59904597767099976,-0.026055600375644916,-0.026055600375644916,1,true,true,-0.5834828621041197,-0.49744353253890949,-0.47138793216345221,-0.47138793216317065,-2.815525590449397e-13,2.3283064365386963e-10,true
18,INEQ-WATER-D018-HYDRO03-UPPER,18,3,upper,7285,-12.757623464371136,-12.610201490831969,12.77675238702192,12.655838468937706,12.625655489361327,12.625655489361327,0.11723899396278878,0.030182979576378305,0.030182979576378305,1,true,true,0.019128922650784475,0.045636978105736858,0.015453998529357804,0.015453998529357775,2.9490299091605721e-17,9.0949470177292824e-13,true
18,INEQ-WATER-D018-HYDRO03-LOWER,18,3,lower,7286,-1988.2523765356309,-1988.3997985091701,1988.2332476297995,1988.3541615446525,1988.3843445242289,1988.3843445242289,-0.11723899396278878,-0.030182979576378305,-0.030182979576378305,1,true,true,-0.01912890583139415,-0.045636964517598244,-0.015453984941132148,-0.015453984941199251,6.7102573497734852e-14,1.1641532182693481e-10,true
18,INEQ-WATER-D018-HYDRO04-UPPER,18,4,upper,7287,-12.786083284674532,-12.638694050649065,12.805492599590959,12.68419403741728,12.654374574306889,12.654374574306889,0.1175697709150767,0.029819463110391187,0.029819463110391187,1,true,true,0.019409314916426723,0.045499986768215095,0.015680523657824352,0.015680523657823433,9.1940344226770776e-16,9.0949470177292824e-13,true
18,INEQ-WATER-D018-HYDRO04-LOWER,18,4,lower,7288,-1994.2539167153227,-1994.4013059493482,1994.2345074172265,1994.3558059761688,1994.3856254392792,1994.3856254392792,-0.1175697709150767,-0.029819463110391187,-0.029819463110391187,1,true,true,-0.01940929809620684,-0.045499973179403241,-0.015680510068932563,-0.015680510068994721,6.2158611591200952e-14,1.1641532182693481e-10,true
18,INEQ-WATER-D019-HYDRO01-UPPER,19,1,upper,7289,-8.5737907826187438,-8.6981751992643694,8.6916342508579234,8.8302252837594413,8.7933793473551667,8.7933793473551667,-0.16123035304989969,0.036845936404274082,0.036845936404274082,1,true,true,0.11784346823917957,0.13205008449507183,0.095204148090797247,0.095204148090797761,-5.134781488891349e-16,9.0949470177292824e-13,true
18,INEQ-WATER-D019-HYDRO01-LOWER,19,1,lower,7290,-3851.3062092173786,-3851.181824800733,3851.1883657761373,3851.0497747380491,3851.0866206744536,3851.0866206744536,0.16123035304989969,-0.036845936404274082,-0.036845936404274082,1,true,true,-0.11784344124134805,-0.13205006268390207,-0.09520412627944097,-0.095204126279613915,1.7294499166098376e-13,2.3283064365386963e-10,true
18,INEQ-WATER-D019-HYDRO02-UPPER,19,2,upper,7291,-8.5037737586972071,-8.6286588210787158,8.6194287090664385,8.759612815341832,8.7220948951090396,8.7220948951090396,-0.16240298261430125,0.03751792023279249,0.03751792023279249,1,true,true,0.11565495036923146,0.13095399426311616,0.093436074030323724,0.093436074030324501,-7.7715611723760958e-16,9.0949470177292824e-13,true
18,INEQ-WATER-D019-HYDRO02-LOWER,19,2,lower,7292,-3819.0462262413057,-3818.9213411789242,3818.9305713182639,3818.7903872067386,3818.8279051269715,3818.8279051269715,0.16240298261430125,-0.03751792023279249,-0.03751792023279249,1,true,true,-0.11565492304180225,-0.13095397218557991,-0.093436051952721755,-0.093436051952863128,1.4137302439820587e-13,2.3283064365386963e-10,true
18,INEQ-WATER-D019-HYDRO03-UPPER,19,3,upper,7293,-13.806553101512691,-13.693775413841649,13.813734045687097,13.714501652044074,13.69957680175756,13.69957680175756,0.097852837384528019,0.01492485028651333,0.01492485028651333,1,true,true,0.0071809441744061786,0.020726238202424696,0.0058013879159108939,0.005801387915911841,-9.4715901788333667e-16,9.0949470177292824e-13,true
18,INEQ-WATER-D019-HYDRO03-LOWER,19,3,lower,7294,-2021.7434468984866,-2021.8562245861576,2021.7362659708151,2021.8354983612876,2021.850423211574,2021.850423211574,-0.097852837384528019,-0.01492485028651333,-0.01492485028651333,1,true,true,-0.0071809276714702719,-0.020726224870031729,-0.0058013745835978625,-0.0058013745834125741,-1.8528841655429673e-13,1.1641532182693481e-10,true
18,INEQ-WATER-D019-HYDRO04-UPPER,19,4,upper,7295,-13.73553003417328,-13.626994188984099,13.742570064327486,13.64776119364118,13.632681734364251,13.632681734364251,0.093456385912251111,0.01507945927692958,0.01507945927692958,1,true,true,0.0070400301542061783,0.020767004657081145,0.005687545380151704,0.0056875453801510838,6.2016364266170854e-16,9.0949470177292824e-13,true
18,INEQ-WATER-D019-HYDRO04-LOWER,19,4,lower,7296,-2015.9344699658286,-2016.0430058110178,2015.9274299522872,2016.0222388197819,2016.0373182790588,2016.0373182790588,-0.093456385912251111,-0.01507945927692958,-0.01507945927692958,1,true,true,-0.00704001354142747,-0.020766991235859678,-0.0056875319589835271,-0.0056875319589112985,-7.2228681369246317e-14,1.1641532182693481e-10,true
18,INEQ-WATER-D020-HYDRO01-UPPER,20,1,upper,7297,-11.084133175645547,-11.463265643447812,11.132605267288644,11.542274989303007,11.502425592319089,11.502425592319089,-0.41898186478618304,0.039849396983918317,0.039849396983918317,1,true,true,0.04847209164309696,0.079009345855194368,0.039159948871276384,0.039159948871276121,2.6367796834847468e-16,9.0949470177292824e-13,true
18,INEQ-WATER-D020-HYDRO01-LOWER,20,1,lower,7298,-3818.1658668243545,-3817.7867343565522,3818.1173947599891,3817.7077250327343,3817.747574429718,3817.747574429718,0.41898186478618304,-0.039849396983918317,-0.039849396983918317,1,true,true,-0.048472064365341794,-0.079009323817899713,-0.039159926834145153,-0.039159926833945743,-1.9940993301048593e-13,2.3283064365386963e-10,true
18,INEQ-WATER-D020-HYDRO02-UPPER,20,2,upper,7299,-11.252865174123144,-11.641126730428368,11.303768459213879,11.71998340061411,11.682250807685246,11.682250807685246,-0.42599414923408774,0.037732592928863662,0.037732592928863662,1,true,true,0.05090328509073494,0.078856670185741606,0.041124077256878167,0.041124077256877632,5.3429483060085659e-16,9.0949470177292824e-13,true
18,INEQ-WATER-D020-HYDRO02-LOWER,20,2,lower,7300,-3867.2771348258757,-3866.8888732695705,3867.2262315676458,3866.8100166210852,3866.8477492140141,3866.8477492140141,0.42599414923408774,-0.037732592928863662,-0.037732592928863662,1,true,true,-0.05090325822993691,-0.078856648485270853,-0.041124055556338135,-0.0411240555564013,6.31647512072675e-14,2.3283064365386963e-10,true
18,INEQ-WATER-D020-HYDRO03-UPPER,20,3,upper,7301,-15.140826363567612,-15.341847179563047,15.144248296167346,15.382674955527566,15.344611712742948,15.344611712742948,-0.23908405878005343,0.038063242784618895,0.038063242784618895,1,true,true,0.0034219325997337791,0.040827775964519475,0.0027645331799011075,0.0027645331799006747,4.3281350725621337e-16,9.0949470177292824e-13,true
18,INEQ-WATER-D020-HYDRO03-LOWER,20,3,lower,7302,-1990.2391736364334,-1990.038152820438,1990.2357517206131,1989.9973250580292,1990.0353883008138,1990.0353883008138,0.23908405878005343,-0.038063242784618895,-0.038063242784618895,1,true,true,-0.0034219158203541156,-0.040827762408753188,-0.0027645196241792291,-0.0027645196240662258,-1.1300335667208117e-13,1.1641532182693481e-10,true
18,INEQ-WATER-D020-HYDRO04-UPPER,20,4,upper,7303,-15.388908162036387,-15.593630909297644,15.392531611334739,15.632499416349782,15.596558245099573,15.596558245099573,-0.24066391851146754,0.03594117125020993,0.03594117125020993,1,true,true,0.0036234492983524547,0.038868507052137957,0.0029273358019281659,0.0029273358019273957,7.7021722333370235e-16,9.0949470177292824e-13,true
18,INEQ-WATER-D020-HYDRO04-LOWER,20,4,lower,7304,-2013.4710918379642,-2013.2663690907029,2013.4674684052861,2013.227500597078,2013.2634417683282,2013.2634417683282,0.24066391851146754,-0.03594117125020993,-0.03594117125020993,1,true,true,-0.0036234326780686388,-0.038868493624931943,-0.0029273223747168231,-0.0029273223746243355,-9.2487649483441459e-14,1.1641532182693481e-10,true
19,INEQ-WATER-D014-HYDRO01-UPPER,14,1,upper,7249,-14.184717908821767,-14.27827100581635,14.233802500913891,14.587463332896093,14.319341746178784,14.319341746178784,-0.36167468371189132,0.26812158671730829,0.26812158671730829,1,true,true,0.049084592092123458,0.30919232707974231,0.041070740362433966,0.041070740362434355,-3.8857805861880479e-16,9.0949470177292824e-13,true
19,INEQ-WATER-D014-HYDRO01-LOWER,14,1,lower,7250,-3877.3652820911811,-3877.2717289941866,3877.3161975206649,3876.9625366851601,3877.2306582718775,3877.2306582718775,0.36167468371189132,-0.26812158671730829,-0.26812158671730829,1,true,true,-0.04908457051624282,-0.30919230902645722,-0.041070722309086705,-0.041070722309164399,7.7694795042049236e-14,2.3283064365386963e-10,true
19,INEQ-WATER-D014-HYDRO02-UPPER,14,2,upper,7251,-13.821133877958346,-13.91355786510394,13.866037157483909,14.21514478309564,13.951129959649514,13.951129959649514,-0.35643881059172011,0.26401482344612626,0.26401482344612626,1,true,true,0.044903279525563278,0.30158691799170079,0.037572094545573975,0.037572094545574558,-5.8286708792820718e-16,9.0949470177292824e-13,true
19,INEQ-WATER-D014-HYDRO02-LOWER,14,2,lower,7252,-3820.3388661220379,-3820.2464421348923,3820.2939628645408,3819.9448552353324,3820.2088700587783,3820.2088700587783,0.35643881059172011,-0.26401482344612626,-0.26401482344612626,1,true,true,-0.044903257497026061,-0.30158689955987938,-0.037572076113974617,-0.037572076113551511,-4.2310599468464716e-13,2.3283064365386963e-10,true
19,INEQ-WATER-D014-HYDRO03-UPPER,14,3,upper,7253,-16.710264097710024,-16.857710160733404,16.713174898037899,16.943493451831547,16.860145725936608,16.860145725936608,-0.2307937889183177,0.083347725894936997,0.083347725894936997,1,true,true,0.0029108003278750516,0.0857832910981422,0.002435565203203538,0.0024355652032041408,-6.0281640790194047e-16,1.8189894035458565e-12,true
19,INEQ-WATER-D014-HYDRO03-LOWER,14,3,lower,7254,-1988.799735902292,-1988.6522898392686,1988.7968251155191,1988.5665065595124,1988.6498542854074,1988.6498542854074,0.2307937889183177,-0.083347725894936997,-0.083347725894936997,1,true,true,-0.0029107867728725978,-0.085783279756242337,-0.00243555386123262,-0.002435553861274573,4.1952986223892097e-14,1.1641532182693481e-10,true
19,INEQ-WATER-D014-HYDRO04-UPPER,14,4,upper,7255,-16.705152330054261,-16.853060513880337,16.708061573065386,16.938869390018379,16.855494776023882,16.855494776023882,-0.2312827978205729,0.083374613994497498,0.083374613994497498,1,true,true,0.0029092430111248291,0.085808876138042223,0.0024342621435451406,0.0024342621435435776,1.5629858518551032e-15,1.8189894035458565e-12,true
19,INEQ-WATER-D014-HYDRO04-LOWER,14,4,lower,7256,-1991.1248476699475,-1990.9769394861214,1991.121938440519,1990.8911306213483,1990.9745052353428,1990.9745052353428,0.2312827978205729,-0.083374613994497498,-0.083374613994497498,1,true,true,-0.0029092294284964737,-0.085808864773071036,-0.0024342507786059286,-0.002434250778498482,-1.0744660369765846e-13,1.1641532182693481e-10,true
19,INEQ-WATER-D015-HYDRO01-UPPER,15,1,upper,7257,-12.608911680690653,-12.884242420899682,12.633708827272034,12.933913171604141,12.904991033153843,12.904991033153843,-0.30425287865932704,0.028922138450298451,0.028922138450298451,1,true,true,0.024797146581381213,0.049670750704459365,0.020748612254161358,0.020748612254161154,2.0469737016526324e-16,9.0949470177292824e-13,true
19,INEQ-WATER-D015-HYDRO01-LOWER,15,1,lower,7258,-3873.451088319307,-3873.175757579098,3873.426291194342,3873.1260868464806,3873.1550089849311,3873.1550089849311,0.30425287865932704,-0.028922138450298451,-0.028922138450298451,1,true,true,-0.024797124965061812,-0.049670732617414615,-0.020748594166889234,-0.020748594167054716,1.6548221126733154e-13,2.3283064365386963e-10,true
19,INEQ-WATER-D015-HYDRO02-UPPER,15,2,upper,7259,-12.312814177079417,-12.585776144776901,12.333761118023792,12.630808163833485,12.603303159594486,12.603303159594486,-0.30046697193648431,0.027505004239000819,0.027505004239000819,1,true,true,0.020946940944375214,0.045032019056584716,0.017527014817584785,0.0175270148175833,1.4849232954361469e-15,9.0949470177292824e-13,true
19,INEQ-WATER-D015-HYDRO02-LOWER,15,2,lower,7260,-3815.087185822922,-3814.8142238552246,3815.0662389040567,3814.7691918546425,3814.7966968588817,3814.7966968588817,0.30046697193648431,-0.027505004239000819,-0.027505004239000819,1,true,true,-0.020946918865320185,-0.045032000582068576,-0.017526996342894563,-0.017526996343290292,3.9572858878678119e-13,2.3283064365386963e-10,true
19,INEQ-WATER-D015-HYDRO03-UPPER,15,3,upper,7261,-15.657053917064331,-15.821146962007333,15.65789796892521,15.836524382865516,15.821853208781587,15.821853208781587,-0.17876421902693068,0.014671174083929095,0.014671174083929095,1,true,true,0.00084405186087899153,0.015377420858182944,0.00070624677425357163,0.00070624677425308396,4.8767413718397989e-16,9.0949470177292824e-13,true
19,INEQ-WATER-D015-HYDRO03-LOWER,15,3,lower,7262,-1998.8729460829345,-1998.7088530379915,1998.8721020445616,1998.6934756284193,1998.7081468025033,1998.7081468025033,0.17876421902693068,-0.014671174083929095,-0.014671174083929095,1,true,true,-0.00084403837286117778,-0.015377409572238321,-0.00070623548822368321,-0.00070623548837183238,1.4814917955602303e-13,1.1641532182693481e-10,true
19,INEQ-WATER-D015-HYDRO04-UPPER,15,4,upper,7263,-16.572044002525217,-16.735426781669958,16.573127244942615,16.748881200084757,16.736333167282595,16.736333167282595,-0.17593081194690149,0.012548032802161296,0.012548032802161296,1,true,true,0.0010832424173976563,0.013454418414799107,0.00090638561263745032,0.00090638561263818812,-7.3779957837638577e-16,1.8189894035458565e-12,true
19,INEQ-WATER-D015-HYDRO04-LOWER,15,4,lower,7264,-2076.1379559974775,-2075.9745732183328,2076.1368727680147,2075.9611188107574,2075.9736668435594,2075.9736668435594,0.17593081194690149,-0.012548032802161296,-0.012548032802161296,1,true,true,-0.001083229462892632,-0.013454407575409277,-0.00090637477342170314,-0.00090637477316515402,-2.5654912222394799e-13,2.3283064365386963e-10,true
19,INEQ-WATER-D016-HYDRO01-UPPER,16,1,upper,7265,-21.357836626753851,-21.961943889677059,21.361858283333579,22.050170648296394,21.965308945923283,21.965308945923283,-0.68896896529631901,0.084861702373111414,0.084861702373111414,1,true,true,0.0040216565797273063,0.088226758619335044,0.0033650562462241851,0.0033650562462219378,2.2473342631279536e-15,1.8189894035458565e-12,true
19,INEQ-WATER-D016-HYDRO01-LOWER,16,1,lower,7266,-3805.5321633732456,-3804.9280561103224,3805.52814173872,3804.8398293701566,3804.9246910725296,3804.9246910725296,0.68896896529631901,-0.084861702373111414,-0.084861702373111414,1,true,true,-0.0040216345255430497,-0.088226740165737283,-0.0033650377927187947,-0.003365037792739146,2.0351342139290907e-14,2.3283064365386963e-10,true
19,INEQ-WATER-D016-HYDRO02-UPPER,16,2,upper,7267,-21.511430786747951,-22.119565935521678,21.515508578008578,22.208670984494265,22.122977961556309,22.122977961556309,-0.69382817171168454,0.085693022937957997,0.085693022937957997,1,true,true,0.0040777912606273503,0.089105048972587753,0.0034120260346313103,0.0034120260346281813,3.1290074697931658e-15,1.8189894035458565e-12,true
19,INEQ-WATER-D016-HYDRO02-LOWER,16,2,lower,7268,-3819.2485692132468,-3818.6404340644731,3819.2444914439661,3818.5513290338918,3818.6370220568297,3818.6370220568297,0.69382817171168454,-0.085693022937957997,-0.085693022937957997,1,true,true,-0.0040777692806841515,-0.089105030581322353,-0.0034120076434192015,-0.0034120076432653966,-1.5380492018879366e-13,2.3283064365386963e-10,true
19,INEQ-WATER-D016-HYDRO03-UPPER,16,3,upper,7269,-20.130958068843029,-20.695574400760961,20.131052649881209,20.6976870593607,20.695653539918418,20.695653539918418,-0.56664985136021284,0.0020335194422805847,0.0020335194422805847,1,true,true,9.4581038180052701e-05,0.0021126585997386371,7.9139157456609155e-05,7.91391574572294e-05,-6.2024495782464495e-16,1.8189894035458565e-12,true
19,INEQ-WATER-D016-HYDRO03-LOWER,16,3,lower,7270,-2009.619041931157,-2009.054425599239,2009.6189473634943,2009.052312951831,2009.0543464712732,2009.0543464712732,0.56664985136021284,-0.0020335194422805847,-0.0020335194422805847,1,true,true,-9.4567662699773791e-05,-0.0021126474080119806,-7.9127965818770463e-05,-7.9127965739944126e-05,-7.8826336191890889e-14,1.1641532182693481e-10,true
19,INEQ-WATER-D016-HYDRO04-UPPER,16,4,upper,7271,-20.897528895147843,-21.484523416918819,20.897637080823113,21.486933704240744,21.484613939536825,21.484613939536825,-0.58931428647489537,0.0023197647039198133,0.0023197647039198133,1,true,true,0.00010818567526982292,0.0024102873219256082,9.0522618005905997e-05,9.0522618006120452e-05,-2.1445518971763278e-16,1.8189894035458565e-12,true
19,INEQ-WATER-D016-HYDRO04-LOWER,16,4,lower,7272,-2050.3524711048522,-2049.7654765830812,2050.3523629322904,2049.7630663067316,2049.7653860714354,2049.7653860714354,0.58931428647489537,-0.0023197647039198133,-0.0023197647039198133,1,true,true,-0.0001081725617950724,-0.0024102763495648105,-9.0511645794322249e-05,-9.0511645517733113e-05,-2.7658913570940968e-13,2.3283064365386963e-10,true
19,INEQ-WATER-D017-HYDRO01-UPPER,17,1,upper,7273,-16.859785249107517,-17.289196186451591,16.865143013440058,17.478659034176729,17.293679209299409,17.293679209299409,-0.61439076222139422,0.1849798248773209,0.1849798248773209,1,true,true,0.0053577643325404267,0.18946284772513877,0.0044830228478183187,0.004483022847819285,-9.6624097611908155e-16,1.8189894035458565e-12,true
19,INEQ-WATER-D017-HYDRO01-LOWER,17,1,lower,7274,-3840.5802147508948,-3840.1508038135507,3840.5748570083911,3839.9613409840904,3840.1463208089676,3840.1463208089676,0.61439076222139422,-0.1849798248773209,-0.1849798248773209,1,true,true,-0.0053577425037474313,-0.18946282946035353,-0.0044830045831076859,-0.0044830045829289946,-1.7869126317515693e-13,2.3283064365386963e-10,true
19,INEQ-WATER-D017-HYDRO02-UPPER,17,2,upper,7275,-16.703412593524263,-17.129683335209847,16.708645797921815,17.317493306366838,17.13406213454207,17.13406213454207,-0.60970191351035263,0.18343117182476798,0.18343117182476798,1,true,true,0.0052332043975518161,0.18780997115699094,0.0043787993322226271,0.0043787993322224258,2.0122792321330962e-16,1.8189894035458565e-12,true
19,INEQ-WATER-D017-HYDRO02-LOWER,17,2,lower,7276,-3827.9865874064781,-3827.5603166647925,3827.9813542240317,3827.3725067120026,3827.5559378838275,3827.5559378838275,0.60970191351035263,-0.18343117182476798,-0.18343117182476798,1,true,true,-0.0052331824463180965,-0.18780995278984847,-0.004378780964998441,-0.0043787809648818347,-1.16606377331685e-13,2.3283064365386963e-10,true
19,INEQ-WATER-D017-HYDRO03-UPPER,17,3,upper,7277,-17.301394528829405,-17.746269213585038,17.301482854838351,17.760869504114503,17.746343118947717,17.746343118947717,-0.45940106992241686,0.014526385166784672,0.014526385166784672,1,true,true,8.8326008945927015e-05,0.014600290529465099,7.3905362679482778e-05,7.390536268203686e-05,-2.5540821627784149e-15,1.8189894035458565e-12,true
19,INEQ-WATER-D017-HYDRO03-LOWER,17,3,lower,7278,-1986.1186054711688,-1985.6737307864132,1986.1185171587301,1985.6591305072384,1985.6736568924052,1985.6736568924052,0.45940106992241686,-0.014526385166784672,-0.014526385166784672,1,true,true,-8.8312438720095088e-05,-0.014600279174828756,-7.389400798274437e-05,-7.3894008014552679e-05,3.1808309783852573e-14,1.1641532182693481e-10,true
19,INEQ-WATER-D017-HYDRO04-UPPER,17,4,upper,7279,-17.847952522861306,-18.307951258502726,17.848055465232374,18.321955937912925,18.308037393870549,18.308037393870549,-0.4739172796837951,0.013918544042374748,0.013918544042374748,1,true,true,0.00010294237106833748,0.014004679410199117,8.6135367823203524e-05,8.6135367825935578e-05,-2.7320539493919105e-15,1.8189894035458565e-12,true
19,INEQ-WATER-D017-HYDRO04-LOWER,17,4,lower,7280,-2016.6320474771383,-2016.1720487414968,2016.6319445481533,2016.1580440732873,2016.1719626173297,2016.1719626173297,0.4739172796837951,-0.013918544042374748,-0.013918544042374748,1,true,true,-0.00010292898491570668,-0.014004668209508964,-8.6124167182788369e-05,-8.6124167178732084e-05,-4.0562849303385495e-15,1.1641532182693481e-10,true
19,INEQ-WATER-D018-HYDRO01-UPPER,18,1,upper,7281,-1.3549598445388256,-1.7748439752394916,1.7974204609505851,2.1582085428775817,2.1450657561018835,2.1450657561018835,-0.43302691747636396,0.013142786775697968,0.013142786775697968,1,true,true,0.44246061641175949,0.38336456763809013,0.37022178086239199,0.3702217808623921,-1.1102230246251565e-16,2.2737367544323206e-13,true
19,INEQ-WATER-D018-HYDRO01-LOWER,18,1,lower,7282,-3873.2550401554618,-3872.8351560247611,3872.8125795607521,3872.4517914752819,3872.4649342620578,3872.4649342620578,0.43302691747636396,-0.013142786775697968,-0.013142786775697968,1,true,true,-0.44246059470970067,-0.38336454947921084,-0.3702217627032951,-0.37022176270354462,2.4952262478450393e-13,2.3283064365386963e-10,true
19,INEQ-WATER-D018-HYDRO02-UPPER,18,2,upper,7283,-0.89907319851045031,-1.3450565175371594,1.3704611522300505,1.7521796567795533,1.7394827810958138,1.7394827810958138,-0.45868019471044869,0.012696875683739617,0.012696875683739617,1,true,true,0.47138795371960018,0.40712313924239396,0.3944262635586544,0.39442626355865423,1.6653345369377348e-16,1.1368683772161603e-13,true
19,INEQ-WATER-D018-HYDRO02-LOWER,18,2,lower,7284,-3897.0809268014928,-3896.634943482466,3896.6095388693293,3896.2278203612605,3896.240517236944,3896.240517236944,0.45868019471044869,-0.012696875683739617,-0.012696875683739617,1,true,true,-0.47138793216345221,-0.40712312120558636,-0.39442624552202687,-0.39442624552189526,-1.3161693956931231e-13,2.3283064365386963e-10,true
19,INEQ-WATER-D018-HYDRO03-UPPER,18,3,upper,7285,-12.610201490831969,-12.507834886098863,12.625655489361327,12.535583704092177,12.520765769989461,12.520765769989461,0.087548670630391109,0.014817934102715105,0.014817934102715105,1,true,true,0.015453998529357804,0.027748817993314745,0.012930883890598821,0.012930883890599702,-8.81239525796218e-16,9.0949470177292824e-13,true
19,INEQ-WATER-D018-HYDRO03-LOWER,18,3,lower,7286,-1988.3997985091701,-1988.5021651139032,1988.3843445242289,1988.4744163072796,1988.4892342413823,1988.4892342413823,-0.087548670630391109,-0.014817934102715105,-0.014817934102715105,1,true,true,-0.015453984941132148,-0.027748806623549171,-0.012930872520882986,-0.012930872520871156,-1.1829079382685848e-14,1.1641532182693481e-10,true
19,INEQ-WATER-D018-HYDRO04-UPPER,18,4,upper,7287,-12.638694050649065,-12.536225071915396,12.654374574306889,12.563991330005669,12.549345497051839,12.549345497051839,0.087823145779837755,0.014645832953830581,0.014645832953830581,1,true,true,0.015680523657824352,0.027766258090272444,0.013120425136442293,0.013120425136442298,-5.2041704279304213e-18,9.0949470177292824e-13,true
19,INEQ-WATER-D018-HYDRO04-LOWER,18,4,lower,7288,-1994.4013059493482,-1994.5037749280818,1994.3856254392792,1994.4760086813619,1994.4906545143158,1994.4906545143158,-0.087823145779837755,-0.014645832953830581,-0.014645832953830581,1,true,true,-0.015680510068932563,-0.027766246719920673,-0.013120413766046113,-0.013120413766156374,1.1026075885656184e-13,1.1641532182693481e-10,true
19,INEQ-WATER-D019-HYDRO01-UPPER,19,1,upper,7289,-8.6981751992643694,-8.8188963502034312,8.7933793473551667,8.9153561208707632,8.8985568848234458,8.8985568848234458,-0.13752038698637931,0.016799236047317534,0.016799236047317534,1,true,true,0.095204148090797247,0.096459770667332023,0.079660534620014545,0.079660534620014364,1.8041124150158794e-16,9.0949470177292824e-13,true
19,INEQ-WATER-D019-HYDRO01-LOWER,19,1,lower,7290,-3851.181824800733,-3851.0611036497939,3851.0866206744536,3850.9646438973768,3850.9814431334244,3850.9814431334244,0.13752038698637931,-0.016799236047317534,-0.016799236047317534,1,true,true,-0.09520412627944097,-0.096459752417104028,-0.079660516369585821,-0.079660516369713968,1.2814749261735869e-13,2.3283064365386963e-10,true
19,INEQ-WATER-D019-HYDRO02-UPPER,19,2,upper,7291,-8.6286588210787158,-8.7498689248750452,8.7220948951090396,8.845159340630504,8.8280500520561027,8.8280500520561027,-0.13831939237073079,0.017109288574401443,0.017109288574401443,1,true,true,0.093436074030323724,0.095290415755458824,0.078181127181057519,0.078181127181057256,2.6367796834847468e-16,9.0949470177292824e-13,true
19,INEQ-WATER-D019-HYDRO02-LOWER,19,2,lower,7292,-3818.9213411789242,-3818.8001310751279,3818.8279051269715,3818.7048406778454,3818.7219499664197,3818.7219499664197,0.13831939237073079,-0.017109288574401443,-0.017109288574401443,1,true,true,-0.093436051952721755,-0.095290397282496997,-0.078181108708122338,-0.078181108707980063,-1.4227508060571381e-13,2.3283064365386963e-10,true
19,INEQ-WATER-D019-HYDRO03-UPPER,19,3,upper,7293,-13.693775413841649,-13.626376093878207,13.69957680175756,13.63844199384277,13.631230311600726,13.631230311600726,0.060187637721397805,0.0072116822420445897,0.0072116822420445897,1,true,true,0.0058013879159108939,0.012065899964563087,0.0048542177225190386,0.004854217722517754,1.2845627339608257e-15,9.0949470177292824e-13,true
19,INEQ-WATER-D019-HYDRO03-LOWER,19,3,lower,7294,-2021.8562245861576,-2021.9236239061211,2021.850423211574,2021.911558017312,2021.9187696995541,2021.9187696995541,-0.060187637721397805,-0.0072116822420445897,-0.0072116822420445897,1,true,true,-0.0058013745835978625,-0.012065888809047465,-0.0048542065669607837,-0.0048542065669199665,-4.0817176027996283e-14,1.1641532182693481e-10,true
19,INEQ-WATER-D019-HYDRO04-UPPER,19,4,upper,7295,-13.626994188984099,-13.562769949679932,13.632681734364251,13.574816650627344,13.567528911497712,13.567528911497712,0.056936500174535803,0.0072877391296311822,0.0072877391296311822,1,true,true,0.005687545380151704,0.012046700947411892,0.0047589618177799053,0.0047589618177810589,-1.1535911115245767e-15,9.0949470177292824e-13,true
19,INEQ-WATER-D019-HYDRO04-LOWER,19,4,lower,7296,-2016.0430058110178,-2016.107230050322,2016.0373182790588,2016.0951833606046,2016.1024710997342,2016.1024710997342,-0.056936500174535803,-0.0072877391296311822,-0.0072877391296311822,1,true,true,-0.0056875319589835271,-0.012046689717408299,-0.0047589505877567717,-0.0047589505878351621,7.8390419155915936e-14,1.1641532182693481e-10,true
19,INEQ-WATER-D020-HYDRO01-UPPER,20,1,upper,7297,-11.463265643447812,-11.781953720113961,11.502425592319089,11.839852783333681,11.81472017541382,11.81472017541382,-0.34382068458600995,0.025132607919861105,0.025132607919861105,1,true,true,0.039159948871276384,0.057899063219720048,0.032766455299858777,0.032766455299859422,-6.4531713306337224e-16,9.0949470177292824e-13,true
19,INEQ-WATER-D020-HYDRO01-LOWER,20,1,lower,7298,-3817.7867343565522,-3817.468046279886,3817.747574429718,3817.4101472351053,3817.435279843025,3817.435279843025,0.34382068458600995,-0.025132607919861105,-0.025132607919861105,1,true,true,-0.039159926834145153,-0.057899044780697295,-0.032766436861038528,-0.032766436860645475,-3.9305364518682495e-13,2.3283064365386963e-10,true
19,INEQ-WATER-D020-HYDRO02-UPPER,20,2,upper,7299,-11.641126730428368,-11.966676043302868,11.682250807685246,12.024975733772409,12.001085951334538,12.001085951334538,-0.34943909531237188,0.023889782437871709,0.023889782437871709,1,true,true,0.041124077256878167,0.058299690469540977,0.034409908031669545,0.034409908031668573,9.7144514654701197e-16,9.0949470177292824e-13,true
19,INEQ-WATER-D020-HYDRO02-LOWER,20,2,lower,7300,-3866.8888732695705,-3866.563323956696,3866.8477492140141,3866.505024284384,3866.5289140668219,3866.5289140668219,0.34943909531237188,-0.023889782437871709,-0.023889782437871709,1,true,true,-0.041124055556338135,-0.058299672311932227,-0.034409889874041255,-0.034409889874091881,5.0626169922907138e-14,2.3283064365386963e-10,true
19,INEQ-WATER-D020-HYDRO03-UPPER,20,3,upper,7301,-15.341847179563047,-15.521399835273769,15.344611712742948,15.54519690876081,15.523713013801197,15.523713013801197,-0.2010365506703346,0.021483894959612282,0.021483894959612282,1,true,true,0.0027645331799011075,0.023797073487040521,0.0023131785274284056,0.002313178527427821,5.8460181140418399e-16,9.0949470177292824e-13,true
19,INEQ-WATER-D020-HYDRO03-LOWER,20,3,lower,7302,-1990.038152820438,-1989.8586001647272,1990.0353883008138,1989.8348031025828,1989.8562869975424,1989.8562869975424,0.2010365506703346,-0.021483894959612282,-0.021483894959612282,1,true,true,-0.0027645196241792291,-0.023797062144467418,-0.0023131671848659607,-0.0023131671848962859,3.0325134764419559e-14,1.1641532182693481e-10,true
19,INEQ-WATER-D020-HYDRO04-UPPER,20,4,upper,7303,-15.593630909297644,-15.775746311821422,15.596558245099573,15.798537441494647,15.778195712815709,15.778195712815709,-0.20245713120271469,0.020341728678937243,0.020341728678937243,1,true,true,0.0029273358019281659,0.02279112967322483,0.0024494009942870321,0.0024494009942876366,-6.0455113137791727e-16,9.0949470177292824e-13,true
19,INEQ-WATER-D020-HYDRO04-LOWER,20,4,lower,7304,-2013.2663690907029,-2013.0842536881792,2013.2634417683282,2013.061462569741,2013.0818042984199,2013.0818042984199,0.20245713120271469,-0.020341728678937243,-0.020341728678937243,1,true,true,-0.0029273223747168231,-0.022791118438135527,-0.0024493897592492431,-0.0024493897592852186,3.5975562806545014e-14,1.1641532182693481e-10,true
20,INEQ-WATER-D014-HYDRO01-UPPER,14,1,upper,7249,-14.27827100581635,-14.497797113552224,14.319341746178784,14.722030245027605,14.529436812684342,14.529436812684342,-0.41211954007913792,0.19259343234326426,0.19259343234326426,1,true,true,0.041070740362433966,0.2242331314753816,0.031639699132117727,0.031639699132117248,4.7878367936959876e-16,9.0949470177292824e-13,true
20,INEQ-WATER-D014-HYDRO01-LOWER,14,1,lower,7250,-3877.2717289941866,-3877.0522028864507,3877.2306582718775,3876.8279697688831,3877.0205632012262,3877.0205632012262,0.41211954007913792,-0.19259343234326426,-0.19259343234326426,1,true,true,-0.041070722309086705,-0.22423311756756448,-0.031639685224490677,-0.031639685224345668,-1.4500900480385326e-13,2.3283064365386963e-10,true
20,INEQ-WATER-D014-HYDRO02-UPPER,14,2,upper,7251,-13.91355786510394,-14.127527453922085,13.951129959649514,14.353376716642504,14.156471898475433,14.156471898475433,-0.41087440698521616,0.19690481816707117,0.19690481816707117,1,true,true,0.037572094545573975,0.22584926272041983,0.028944444553347992,0.028944444553348062,-6.9388939039072284e-17,9.0949470177292824e-13,true
20,INEQ-WATER-D014-HYDRO02-LOWER,14,2,lower,7252,-3820.2464421348923,-3820.0324725460741,3820.2088700587783,3819.806623297553,3820.0035281157202,3820.0035281157202,0.41087440698521616,-0.19690481816707117,-0.19690481816707117,1,true,true,-0.037572076113974617,-0.22584924852117183,-0.028944430353931239,-0.028944430354182107,2.5086877020186193e-13,2.3283064365386963e-10,true
20,INEQ-WATER-D014-HYDRO03-UPPER,14,3,upper,7253,-16.857710160733404,-17.008767424034886,16.860145725936608,17.089997419948482,17.010643712350266,17.010643712350266,-0.23041097089969892,0.079353707598217194,0.079353707598217194,1,true,true,0.002435565203203538,0.081229995913595587,0.0018762883153797816,0.0018762883153793514,4.3021142204224816e-16,1.8189894035458565e-12,true
20,INEQ-WATER-D014-HYDRO03-LOWER,14,3,lower,7254,-1988.6522898392686,-1988.5012325759672,1988.6498542854074,1988.420002588791,1988.4993562963894,1988.4993562963894,0.23041097089969892,-0.079353707598217194,-0.079353707598217194,1,true,true,-0.00243555386123262,-0.081229987176129725,-0.0018762795778002328,-0.0018762795778561353,5.5902548215525094e-14,1.1641532182693481e-10,true
20,INEQ-WATER-D014-HYDRO04-UPPER,14,4,upper,7255,-16.853060513880337,-17.004998159780371,16.855494776023882,17.086288221488712,17.006873444256641,17.006873444256641,-0.23135242313210616,0.079414777232072048,0.079414777232072048,1,true,true,0.0024342621435451406,0.081290061708340744,0.001875284476270167,0.0018752844762671497,3.0173346460271588e-15,1.8189894035458565e-12,true
20,INEQ-WATER-D014-HYDRO04-LOWER,14,4,lower,7256,-1990.9769394861214,-1990.8250018402214,1990.9745052353428,1990.7437117872682,1990.8231265645004,1990.8231265645004,0.23135242313210616,-0.079414777232072048,-0.079414777232072048,1,true,true,-0.0024342507786059286,-0.081290052953136183,-0.0018752757209767879,-0.0018752757210498308,7.3042917200782931e-14,1.1641532182693481e-10,true
20,INEQ-WATER-D015-HYDRO01-UPPER,15,1,upper,7257,-12.884242420899682,-12.906991031013604,12.904991033153843,12.997743809943543,12.922975156046107,12.922975156046107,-0.09751726401135874,0.074768653897436699,0.074768653897436699,1,true,true,0.020748612254161358,0.090752778929939382,0.015984125032503016,0.015984125032503349,-3.3306690738754696e-16,9.0949470177292824e-13,true
20,INEQ-WATER-D015-HYDRO01-LOWER,15,1,lower,7258,-3873.175757579098,-3873.1530089689841,3873.1550089849311,3873.062256203988,3873.1370248578855,3873.1370248578855,0.09751726401135874,-0.074768653897436699,-0.074768653897436699,1,true,true,-0.020748594166889234,-0.090752764996068436,-0.015984111098532594,-0.015984111098597042,6.4448446579490337e-14,2.3283064365386963e-10,true
20,INEQ-WATER-D015-HYDRO02-UPPER,15,2,upper,7259,-12.585776144776901,-12.625591792988416,12.603303159594486,12.709131529020267,12.63909409342466,12.63909409342466,-0.10985308380712192,0.070037435595606407,0.070037435595606407,1,true,true,0.017527014817584785,0.083539736031850609,0.013502300436243786,0.013502300436243691,9.540979117872439e-17,9.0949470177292824e-13,true
20,INEQ-WATER-D015-HYDRO02-LOWER,15,2,lower,7260,-3814.8142238552246,-3814.774408207013,3814.7966968588817,3814.6908684852137,3814.7609059208094,3814.7609059208094,0.10985308380712192,-0.070037435595606407,-0.070037435595606407,1,true,true,-0.017526996342894563,-0.083539721799297695,-0.013502286203674885,-0.013502286203881796,2.0691087732060964e-13,2.3283064365386963e-10,true
20,INEQ-WATER-D015-HYDRO03-UPPER,15,3,upper,7261,-15.821146962007333,-15.700128756110644,15.821853208781587,15.739266766065647,15.70067282800351,15.70067282800351,0.082424267834551854,0.03859393806213747,0.03859393806213747,1,true,true,0.00070624677425357163,0.039138009955003383,0.00054407189286642677,0.00054407189286633754,8.9229838795557015e-17,9.0949470177292824e-13,true
20,INEQ-WATER-D015-HYDRO03-LOWER,15,3,lower,7262,-1998.7088530379915,-1998.8298712438882,1998.7081468025033,1998.7907332426275,1998.8293271806897,1998.8293271806897,-0.082424267834551854,-0.03859393806213747,-0.03859393806213747,1,true,true,-0.00070623548822368321,-0.039138001260653255,-0.00054406319850386353,-0.00054406319843845741,-6.5406122358446783e-14,1.1641532182693481e-10,true
20,INEQ-WATER-D015-HYDRO04-UPPER,15,4,upper,7263,-16.735426781669958,-16.573164537217963,16.736333167282595,16.60823795809867,16.573862790227974,16.573862790227974,0.12788707658129969,0.034375167870695084,0.034375167870695084,1,true,true,0.00090638561263745032,0.035073420880706863,0.00069825301001102957,0.0006982530100129214,-1.8918243707699567e-15,1.8189894035458565e-12,true
20,INEQ-WATER-D015-HYDRO04-LOWER,15,4,lower,7264,-2075.9745732183328,-2076.1368354627848,2075.9736668435594,2076.1017620502544,2076.136137218125,2076.136137218125,-0.12788707658129969,-0.034375167870695084,-0.034375167870695084,1,true,true,-0.00090637477342170314,-0.035073412530437054,-0.00069824465981582762,-0.0006982446597976089,-1.8218716466011919e-14,2.3283064365386963e-10,true
20,INEQ-WATER-D016-HYDRO01-UPPER,16,1,upper,7265,-21.961943889677059,-22.885740122124844,21.965308945923283,22.969198954155086,22.888332463199138,22.888332463199138,-1.0046627234037331,0.080866490955948223,0.080866490955948223,1,true,true,0.0033650562462241851,0.083458832030242291,0.0025923410742940689,0.0025923410742935875,4.8138576458356397e-16,1.8189894035458565e-12,true
20,INEQ-WATER-D016-HYDRO01-LOWER,16,1,lower,7266,-3804.9280561103224,-3804.0042598778746,3804.9246910725296,3803.9208010600605,3804.0016675510165,3804.0016675510165,1.0046627234037331,-0.080866490955948223,-0.080866490955948223,1,true,true,-0.0033650377927187947,-0.083458817814062058,-0.0025923268581209413,-0.002592326858251867,1.3092565226413555e-13,2.3283064365386963e-10,true
20,INEQ-WATER-D016-HYDRO02-UPPER,16,2,upper,7267,-22.119565935521678,-23.049671396984195,22.122977961556309,23.133853589909027,23.052299922211983,23.052299922211983,-1.0116591291595596,0.081553667697042309,0.081553667697042309,1,true,true,0.0034120260346313103,0.084182192924831867,0.0026285252277880033,0.0026285252277903665,-2.3631270551494055e-15,1.8189894035458565e-12,true
20,INEQ-WATER-D016-HYDRO02-LOWER,16,2,lower,7268,-3818.6404340644731,-3817.7103286030106,3818.6370220568297,3817.6261464242539,3817.7077000919508,3817.7077000919508,1.0116591291595596,-0.081553667697042309,-0.081553667697042309,1,true,true,-0.0034120076434192015,-0.084182178756691428,-0.0026285110598109895,-0.0026285110597375708,-7.3418701673766407e-14,2.3283064365386963e-10,true
20,INEQ-WATER-D016-HYDRO03-UPPER,16,3,upper,7269,-20.695574400760961,-21.518323715521547,20.695653539918418,21.520592570924634,21.518384682017629,21.518384682017629,-0.82495720366758929,0.0022078889070037411,0.0022078889070037411,1,true,true,7.9139157456609155e-05,0.0022688554030878549,6.0966496082670574e-05,6.0966496084561375e-05,-1.8908011549696735e-15,1.8189894035458565e-12,true
20,INEQ-WATER-D016-HYDRO03-LOWER,16,3,lower,7270,-2009.054425599239,-2008.2316762844785,2009.0543464712732,2008.2294074376971,2008.231615326604,2008.231615326604,0.82495720366758929,-0.0022078889070037411,-0.0022078889070037411,1,true,true,-7.9127965818770463e-05,-0.0022688467813622992,-6.0957874438827275e-05,-6.0957874373560134e-05,-6.5267141192461298e-14,1.1641532182693481e-10,true
20,INEQ-WATER-D016-HYDRO04-UPPER,16,4,upper,7271,-21.484523416918819,-22.339581217023806,21.484613939536825,22.342155131091978,22.339650953005506,22.339650953005506,-0.85756197819145974,0.0025041780864726304,0.0025041780864726304,1,true,true,9.0522618005905997e-05,0.0025739140681722006,6.9735981700347338e-05,6.9735981700932509e-05,-5.8517101754473888e-16,1.8189894035458565e-12,true
20,INEQ-WATER-D016-HYDRO04-LOWER,16,4,lower,7272,-2049.7654765830812,-2048.9104187829762,2049.7653860714354,2048.9078448773607,2048.9103490554471,2048.9103490554471,0.85756197819145974,-0.0025041780864726304,-0.0025041780864726304,1,true,true,-9.0511645794322249e-05,-0.0025739056154634454,-6.9727529080410022e-05,-6.9727529029510959e-05,-5.089906360972174e-14,2.3283064365386963e-10,true
20,INEQ-WATER-D017-HYDRO01-UPPER,17,1,upper,7273,-17.289196186451591,-16.892966737977986,17.293679209299409,17.895288919096103,16.896420327878133,16.896420327878133,-0.60263914274436392,0.99886859121796878,0.99886859121796878,1,true,true,0.0044830228478183187,1.0023221811181173,0.0034535899001468806,0.0034535899001498578,-2.9772191656451952e-15,1.8189894035458565e-12,true
20,INEQ-WATER-D017-HYDRO01-LOWER,17,1,lower,7274,-3840.1508038135507,-3840.5470332620243,3840.1463208089676,3839.5447110949767,3840.5435796861948,3840.5435796861948,0.60263914274436392,-0.99886859121796878,-0.99886859121796878,1,true,true,-0.0044830045831076859,-1.0023221670476232,-0.0034535758295533014,-0.0034535758295501061,-3.1953606427492787e-15,2.3283064365386963e-10,true
20,INEQ-WATER-D017-HYDRO02-UPPER,17,2,upper,7275,-17.129683335209847,-16.736695740306459,17.13406213454207,17.734234546434333,16.740069039453463,16.740069039453463,-0.60117791207748272,0.99416550698087125,0.99416550698087125,1,true,true,0.0043787993322226271,0.99753880612787427,0.0033732991470039053,0.0033732991470044526,-5.4730525667068264e-16,1.8189894035458565e-12,true
20,INEQ-WATER-D017-HYDRO02-LOWER,17,2,lower,7276,-3827.5603166647925,-3827.9533042596959,3827.5559378838275,3826.9557654677174,3827.9499309746984,3827.9499309746984,0.60117791207748272,-0.99416550698087125,-0.99416550698087125,1,true,true,-0.004378780964998441,-0.99753879197851347,-0.0033732849974512646,-0.0033732849974312529,-2.0011770018868447e-14,2.3283064365386963e-10,true
20,INEQ-WATER-D017-HYDRO03-UPPER,17,3,upper,7277,-17.746269213585038,-18.165463317913236,17.746343118947717,18.207121623353032,18.165520252446647,18.165520252446647,-0.46079547523458414,0.041601370906385549,0.041601370906385549,1,true,true,7.3905362679482778e-05,0.041658305439796095,5.6934533411379107e-05,5.6934533412201318e-05,-8.2221149376796032e-16,1.8189894035458565e-12,true
20,INEQ-WATER-D017-HYDRO03-LOWER,17,3,lower,7278,-1985.6737307864132,-1985.254536682085,1985.6736568924052,1985.2128783853925,1985.2544797562989,1985.2544797562989,0.46079547523458414,-0.041601370906385549,-0.041601370906385549,1,true,true,-7.389400798274437e-05,-0.041658296692503427,-5.6925786111605703e-05,-5.6925786085384965e-05,-2.6220738362676965e-14,1.1641532182693481e-10,true
20,INEQ-WATER-D017-HYDRO04-UPPER,17,4,upper,7279,-18.307951258502726,-18.728259035218798,18.308037393870549,18.774333364420269,18.728325391391063,18.728325391391063,-0.46631574974527629,0.046007973029204174,0.046007973029204174,1,true,true,8.6135367823203524e-05,0.046074329201470476,6.6356172265358282e-05,6.6356172265478588e-05,-1.2030578356442279e-16,1.8189894035458565e-12,true
20,INEQ-WATER-D017-HYDRO04-LOWER,17,4,lower,7280,-2016.1720487414968,-2015.7517409647808,2016.1719626173297,2015.7056666442079,2015.7516746172371,2015.7516746172371,0.46631574974527629,-0.046007973029204174,-0.046007973029204174,1,true,true,-8.6124167182788369e-05,-0.04607432057287042,-6.6347543679512455e-05,-6.6347543619155313e-05,-6.0357141918980506e-14,1.1641532182693481e-10,true
20,INEQ-WATER-D018-HYDRO01-UPPER,18,1,upper,7281,-1.7748439752394916,-1.7067513066431275,2.1450657561018835,2.3773325241588923,1.9919593563464844,1.9919593563464844,-0.31728049921604395,0.38537316781240805,0.38537316781240805,1,true,true,0.37022178086239199,0.67058121751576483,0.28520804970335689,0.28520804970335673,1.6653345369377348e-16,1.1368683772161603e-13,true
20,INEQ-WATER-D018-HYDRO01-LOWER,18,1,lower,7282,-3872.8351560247611,-3872.9032486933575,3872.4649342620578,3872.2326674898309,3872.6180406576432,3872.6180406576432,0.31728049921604395,-0.38537316781240805,-0.38537316781240805,1,true,true,-0.3702217627032951,-0.67058120352658079,-0.28520803571427678,-0.28520803571411874,-1.5804024755539103e-13,2.3283064365386963e-10,true
20,INEQ-WATER-D018-HYDRO02-UPPER,18,2,upper,7283,-1.3450565175371594,-1.3631940831037355,1.7394827810958138,2.0423742837310623,1.6670485595186679,1.6670485595186679,-0.39346328977897044,0.37532572421239435,0.37532572421239435,1,true,true,0.3944262635586544,0.67918020062732687,0.30385447641493246,0.30385447641493252,-5.5511151231257827e-17,1.1368683772161603e-13,true
20,INEQ-WATER-D018-HYDRO02-LOWER,18,2,lower,7284,-3896.634943482466,-3896.6168059168995,3896.240517236944,3895.9376257301669,3896.3129514543793,3896.3129514543793,0.39346328977897044,-0.37532572421239435,-0.37532572421239435,1,true,true,-0.39442624552202687,-0.67918018673253755,-0.30385446252012116,-0.30385446252004128,-7.9880546621780013e-14,2.3283064365386963e-10,true
20,INEQ-WATER-D018-HYDRO03-UPPER,18,3,upper,7285,-12.507834886098863,-11.075278832777258,12.520765769989461,11.173352493601847,11.085240408151856,11.085240408151856,1.3444439678716136,0.088112085449991273,0.088112085449991273,1,true,true,0.012930883890598821,0.098073660824589126,0.0099615753745982971,0.0099615753745969805,1.3166551182663966e-15,9.0949470177292824e-13,true
20,INEQ-WATER-D018-HYDRO03-LOWER,18,3,lower,7286,-1988.5021651139032,-1989.9347211672248,1988.4892342413823,1989.836647515159,1989.9247596006089,1989.9247596006089,-1.3444439678716136,-0.088112085449991273,-0.088112085449991273,1,true,true,-0.012930872520882986,-0.098073652065750139,-0.0099615666158570093,-0.0099615666156998902,-1.5711910938964735e-13,1.1641532182693481e-10,true
20,INEQ-WATER-D018-HYDRO04-UPPER,18,4,upper,7287,-12.536225071915396,-11.099987516710826,12.549345497051839,11.197643750917841,11.110095109126721,11.110095109126721,1.3486889134134501,0.08754864179112043,0.08754864179112043,1,true,true,0.013120425136442293,0.097656234207015302,0.010107592415895539,0.010107592415894326,1.2125717097077882e-15,9.0949470177292824e-13,true
20,INEQ-WATER-D018-HYDRO04-LOWER,18,4,lower,7288,-1994.5037749280818,-1995.9400124832864,1994.4906545143158,1995.8423562578389,1995.9299048996299,1995.9299048996299,-1.3486889134134501,-0.08754864179112043,-0.08754864179112043,1,true,true,-0.013120413766046113,-0.097656225447508405,-0.010107583656463248,-0.010107583656473119,9.8705765783080324e-15,1.1641532182693481e-10,true
20,INEQ-WATER-D019-HYDRO01-UPPER,19,1,upper,7289,-8.8188963502034312,-8.7113995869949576,8.8985568848234458,8.7955832536076315,8.7727677368222796,8.7727677368222796,0.084681246423121276,0.022815516785352291,0.022815516785352291,1,true,true,0.079660534620014545,0.084183666612673846,0.061368149827321972,0.061368149827321555,4.163336342344337e-16,9.0949470177292824e-13,true
20,INEQ-WATER-D019-HYDRO01-LOWER,19,1,lower,7290,-3851.0611036497939,-3851.1686004130024,3850.9814431334244,3851.0844167604491,3851.1072322772343,3851.1072322772343,-0.084681246423121276,-0.022815516785352291,-0.022815516785352291,1,true,true,-0.079660516369585821,-0.084183652553292632,-0.06136813576813438,-0.061368135767724166,-4.1021352981118753e-13,2.3283064365386963e-10,true
20,INEQ-WATER-D019-HYDRO02-UPPER,19,2,upper,7291,-8.7498689248750452,-8.648772894848662,8.8280500520561027,8.732055751996894,8.7090013523828969,8.7090013523828969,0.078041630412386001,0.023054399613997231,0.023054399613997231,1,true,true,0.078181127181057519,0.083282857148232026,0.060228457534234892,0.060228457534235204,-3.1225022567582528e-16,9.0949470177292824e-13,true
20,INEQ-WATER-D019-HYDRO02-LOWER,19,2,lower,7292,-3818.8001310751279,-3818.9012271051542,3818.7219499664197,3818.8179442622372,3818.8409986618512,3818.8409986618512,-0.078041630412386001,-0.023054399613997231,-0.023054399613997231,1,true,true,-0.078181108708122338,-0.083282842917014932,-0.060228443303003587,-0.06022844330322534,2.217531713810672e-13,2.3283064365386963e-10,true
20,INEQ-WATER-D019-HYDRO03-UPPER,19,3,upper,7293,-13.626376093878207,-13.163875294656464,13.631230311600726,13.182636111075153,13.167614842249396,13.167614842249396,0.44747953039598598,0.015021268825757383,0.015021268825757383,1,true,true,0.0048542177225190386,0.01876081641868943,0.0037395475929322686,0.0037395475929324559,-1.8735013540549517e-16,9.0949470177292824e-13,true
20,INEQ-WATER-D019-HYDRO03-LOWER,19,3,lower,7294,-2021.9236239061211,-2022.3861247053428,2021.9187696995541,2022.3673638975181,2022.3823851663437,2022.3823851663437,-0.44747953039598598,-0.015021268825757383,-0.015021268825757383,1,true,true,-0.0048542065669607837,-0.01876080782471945,-0.0037395389990706462,-0.0037395389990161126,-5.4533634552544896e-14,1.1641532182693481e-10,true
20,INEQ-WATER-D019-HYDRO04-UPPER,19,4,upper,7295,-13.562769949679932,-13.108615007429762,13.567528911497712,13.127413790833753,13.112281172655104,13.112281172655104,0.43902232407152192,0.01513261817864836,0.01513261817864836,1,true,true,0.0047589618177799053,0.018798783403990882,0.0036661652253417998,0.0036661652253416228,1.7694179454963432e-16,9.0949470177292824e-13,true
20,INEQ-WATER-D019-HYDRO04-LOWER,19,4,lower,7296,-2016.107230050322,-2016.5613849925721,2016.1024710997342,2016.5425862178195,2016.557718835998,2016.557718835998,-0.43902232407152192,-0.01513261817864836,-0.01513261817864836,1,true,true,-0.0047589505877567717,-0.018798774752667669,-0.0036661565741269442,-0.0036661565740597111,-6.7233111439302107e-14,1.1641532182693481e-10,true
20,INEQ-WATER-D020-HYDRO01-UPPER,20,1,upper,7297,-11.781953720113961,-11.959367250492505,11.81472017541382,12.049452590097294,11.984609570892985,11.984609570892985,-0.24225654958285298,0.064843019204308738,0.064843019204308738,1,true,true,0.032766455299858777,0.090085339604788928,0.025242320400479912,0.025242320400480394,-4.8225312632155237e-16,9.0949470177292824e-13,true
20,INEQ-WATER-D020-HYDRO01-LOWER,20,1,lower,7298,-3817.468046279886,-3817.2906327495075,3817.435279843025,3817.2005474241073,3817.2653904433114,3817.2653904433114,0.24225654958285298,-0.064843019204308738,-0.064843019204308738,1,true,true,-0.032766436861038528,-0.09008532540019587,-0.025242306196105346,-0.025242306195751678,-3.5366848338824752e-13,2.3283064365386963e-10,true
20,INEQ-WATER-D020-HYDRO02-UPPER,20,2,upper,7299,-11.966676043302868,-12.145214011434291,12.001085951334538,12.233862359289626,12.17172239983144,12.17172239983144,-0.24067792758960932,0.062139959458186789,0.062139959458186789,1,true,true,0.034409908031669545,0.088648347855334819,0.026508388397148863,0.026508388397148652,2.1163626406917047e-16,9.0949470177292824e-13,true
20,INEQ-WATER-D020-HYDRO02-LOWER,20,2,lower,7300,-3866.563323956696,-3866.3847859885645,3866.5289140668219,3866.2961376546973,3866.3582776141557,3866.3582776141557,0.24067792758960932,-0.062139959458186789,-0.062139959458186789,1,true,true,-0.034409889874041255,-0.088648333867240581,-0.026508374408876989,-0.02650837440904201,1.6502077482272171e-13,2.3283064365386963e-10,true
20,INEQ-WATER-D020-HYDRO03-UPPER,20,3,upper,7301,-15.521399835273769,-15.480471440161637,15.523713013801197,15.536911416853934,15.482253445355623,15.482253445355623,-0.013729576386179422,0.054657971498311843,0.054657971498311843,1,true,true,0.0023131785274284056,0.056439976692297833,0.0017820051939860804,0.0017820051939860244,5.5944832100252029e-17,9.0949470177292824e-13,true
20,INEQ-WATER-D020-HYDRO03-LOWER,20,3,lower,7302,-1989.8586001647272,-1989.8995285598394,1989.8562869975424,1989.8430885918851,1989.8977465633834,1989.8977465633834,0.013729576386179422,-0.054657971498311843,-0.054657971498311843,1,true,true,-0.0023131671848659607,-0.05643996795424755,-0.0017819964559748769,-0.0017819964560071135,3.2236583194511503e-14,1.1641532182693481e-10,true
20,INEQ-WATER-D020-HYDRO04-UPPER,20,4,upper,7303,-15.775746311821422,-15.731125788144709,15.778195712815709,15.784877448142115,15.733012735149542,15.733012735149542,-0.0072441893158614792,0.051864712992574245,0.051864712992574245,1,true,true,0.0024494009942870321,0.053751659997406165,0.0018869470048326065,0.0018869470048325609,4.5536491244391186e-17,9.0949470177292824e-13,true
20,INEQ-WATER-D020-HYDRO04-LOWER,20,4,lower,7304,-2013.0842536881792,-2013.1288742118559,2013.0818042984199,2013.0751225605136,2013.1269872735061,2013.1269872735061,0.0072441893158614792,-0.051864712992574245,-0.051864712992574245,1,true,true,-0.0024493897592492431,-0.053751651342281548,-0.0018869383497985837,-0.0018869383496875052,-1.110784641350504e-13,1.1641532182693481e-10,true
21,INEQ-WATER-D014-HYDRO01-UPPER,14,1,upper,7249,-14.497797113552224,-14.607144515546679,14.529436812684342,14.640233470957455,14.6371244642833,14.6371244642833,-0.11245640866860986,0.0031090066741547157,0.0031090066741547157,1,true,true,0.031639699132117727,0.033088955410775611,0.029979948736620798,0.029979948736621079,-2.8102520310824275e-16,9.0949470177292824e-13,true
21,INEQ-WATER-D014-HYDRO01-LOWER,14,1,lower,7250,-3877.0522028864507,-3876.9428554844562,3877.0205632012262,3876.9097665422237,3876.9128755488978,3876.9128755488978,0.11245640866860986,-0.0031090066741547157,-0.0031090066741547157,1,true,true,-0.031639685224490677,-0.033088942232552654,-0.029979935558458237,-0.029979935558558157,9.9920072216264089e-14,2.3283064365386963e-10,true
21,INEQ-WATER-D014-HYDRO02-UPPER,14,2,upper,7251,-14.127527453922085,-14.236837361313519,14.156471898475433,14.267276899167651,14.26426344271511,14.26426344271511,-0.11232336384397539,0.0030134564525408497,0.0030134564525408497,1,true,true,0.028944444553347992,0.030439537854132226,0.027426081401591418,0.027426081401592108,-6.9041994343876922e-16,9.0949470177292824e-13,true
21,INEQ-WATER-D014-HYDRO02-LOWER,14,2,lower,7252,-3820.0324725460741,-3819.9231626386827,3820.0035281157202,3819.8927231142829,3819.8957365707356,3819.8957365707356,0.11232336384397539,-0.0030134564525408497,-0.0030134564525408497,1,true,true,-0.028944430353931239,-0.030439524399753282,-0.027426067947089905,-0.027426067947046141,-4.3763603851942889e-14,2.3283064365386963e-10,true
21,INEQ-WATER-D014-HYDRO03-UPPER,14,3,upper,7253,-17.008767424034886,-17.077148221738753,17.010643712350266,17.080645622471192,17.078926084014729,17.078926084014729,-0.070100336160330332,0.0017195384564634847,0.0017195384564634847,1,true,true,0.0018762883153797816,0.0034974007324386491,0.0017778622759756502,0.0017778622759755031,1.470178145890344e-16,1.8189894035458565e-12,true
21,INEQ-WATER-D014-HYDRO03-LOWER,14,3,lower,7254,-1988.5012325759672,-1988.4328517782633,1988.4993562963894,1988.42935438581,1988.4310739242665,1988.4310739242665,0.070100336160330332,-0.0017195384564634847,-0.0017195384564634847,1,true,true,-0.0018762795778002328,-0.0034973924532550882,-0.0017778539968276164,-0.0017778539967505378,-7.7078534527208475e-14,1.1641532182693481e-10,true
21,INEQ-WATER-D014-HYDRO04-UPPER,14,4,upper,7255,-17.004998159780371,-17.073612746193248,17.006873444256641,17.077111580176545,17.07538965728935,17.07538965728935,-0.070336509300075081,0.0017219228871975384,0.0017219228871975384,1,true,true,0.001875284476270167,0.0034988339832970894,0.0017769110961012302,0.0017769110961011185,1.1167282376600696e-16,1.8189894035458565e-12,true
21,INEQ-WATER-D014-HYDRO04-LOWER,14,4,lower,7256,-1990.8250018402214,-1990.7563872538085,1990.8231265645004,1990.7528884281212,1990.7546103510083,1990.7546103510083,0.070336509300075081,-0.0017219228871975384,-0.0017219228871975384,1,true,true,-0.0018752757209767879,-0.0034988256873020873,-0.0017769028002021514,-0.0017769028000915519,-1.1059946361524631e-13,1.1641532182693481e-10,true
21,INEQ-WATER-D015-HYDRO01-UPPER,15,1,upper,7257,-12.906991031013604,-12.958474605868105,12.922975156046107,12.976270069297581,12.973620238166099,12.973620238166099,-0.054133405985983651,0.002649831131482594,0.002649831131482594,1,true,true,0.015984125032503016,0.017795463429475689,0.015145632297993927,0.015145632297992963,9.6450625264310474e-16,9.0949470177292824e-13,true
21,INEQ-WATER-D015-HYDRO01-LOWER,15,1,lower,7258,-3873.1530089689841,-3873.1015253941296,3873.1370248578855,3873.0837299439031,3873.0863797750344,3873.0863797750344,0.054133405985983651,-0.002649831131482594,-0.002649831131482594,1,true,true,-0.015984111098532594,-0.017795450226458343,-0.015145619095164875,-0.015145619094968584,-1.9629090020067963e-13,2.3283064365386963e-10,true
21,INEQ-WATER-D015-HYDRO02-UPPER,15,2,upper,7259,-12.625591792988416,-12.678255767808878,12.63909409342466,12.693817312943585,12.691049766677663,12.691049766677663,-0.055431521086383481,0.0027675462659218913,0.0027675462659218913,1,true,true,0.013502300436243786,0.015561545134707089,0.012793998868785295,0.012793998868786049,-7.5460471204991109e-16,9.0949470177292824e-13,true
21,INEQ-WATER-D015-HYDRO02-LOWER,15,2,lower,7260,-3814.774408207013,-3814.7217442321926,3814.7609059208094,3814.7061827005436,3814.7089502468098,3814.7089502468098,0.055431521086383481,-0.0027675462659218913,-0.0027675462659218913,1,true,true,-0.013502286203674885,-0.015561531648927485,-0.012793985382813844,-0.012793985382827024,1.318042897047178e-14,2.3283064365386963e-10,true
21,INEQ-WATER-D015-HYDRO03-UPPER,15,3,upper,7261,-15.700128756110644,-15.714328771769942,15.70067282800351,15.715710095501754,15.714844302824428,15.714844302824428,-0.015065808336624338,0.00086579267732582281,0.00086579267732582281,1,true,true,0.00054407189286642677,0.0013813237318114346,0.00051553105448576275,0.00051553105448509727,6.6548329347160262e-16,9.0949470177292824e-13,true
21,INEQ-WATER-D015-HYDRO03-LOWER,15,3,lower,7262,-1998.8298712438882,-1998.8156712282289,1998.8293271806897,1998.8142899127354,1998.8151557054127,1998.8151557054127,0.015065808336624338,-0.00086579267732582281,-0.00086579267732582281,1,true,true,-0.00054406319850386353,-0.0013813154935178318,-0.00051552281615840911,-0.0005155228162100475,5.1638381071139605e-14,1.1641532182693481e-10,true
21,INEQ-WATER-D015-HYDRO04-UPPER,15,4,upper,7263,-16.573164537217963,-16.580852760496782,16.573862790227974,16.582461888566865,16.581514384659449,16.581514384659449,-0.0086357271862337881,0.00094750390741443757,0.00094750390741443757,1,true,true,0.00069825301001102957,0.0016091280700827326,0.00066162416266735136,0.0006616241626669631,3.8825279796705914e-16,1.8189894035458565e-12,true
21,INEQ-WATER-D015-HYDRO04-LOWER,15,4,lower,7264,-2076.1368354627848,-2076.129147239506,2076.136137218125,2076.1275381193482,2076.1284856232555,2076.1284856232555,0.0086357271862337881,-0.00094750390741443757,-0.00094750390741443757,1,true,true,-0.00069824465981582762,-0.0016091201578092296,-0.00066161625045424444,-0.00066161625050499692,5.07524794760017e-14,2.3283064365386963e-10,true
21,INEQ-WATER-D016-HYDRO01-UPPER,16,1,upper,7265,-22.885740122124844,-23.190575643289776,22.888332463199138,23.195718532340521,23.193031995740871,23.193031995740871,-0.30752205776458152,0.0026865365996492363,0.0026865365996492363,1,true,true,0.0025923410742940689,0.0051428890507452252,0.0024563524510945456,0.0024563524510977713,-3.2257183035788728e-15,1.8189894035458565e-12,true
21,INEQ-WATER-D016-HYDRO01-LOWER,16,1,lower,7266,-3804.0042598778746,-3803.6994243567096,3804.0016675510165,3803.6942814811291,3803.696968017729,3803.696968017729,0.30752205776458152,-0.0026865365996492363,-0.0026865365996492363,1,true,true,-0.0025923268581209413,-0.005142875580531836,-0.0024563389806644409,-0.0024563389806744333,9.9924409024954031e-15,2.3283064365386963e-10,true
21,INEQ-WATER-D016-HYDRO02-UPPER,16,2,upper,7267,-23.049671396984195,-23.356644824394607,23.052299922211983,23.361829576178454,23.359135462856528,23.359135462856528,-0.30966754073233882,0.0026941133219267055,0.0026941133219267055,1,true,true,0.0026285252277880033,0.0051847517838474744,0.002490638461921435,0.0024906384619190623,2.3726680342672779e-15,1.8189894035458565e-12,true
21,INEQ-WATER-D016-HYDRO02-LOWER,16,2,lower,7268,-3817.7103286030106,-3817.4033551756002,3817.7077000919508,3817.3981704372409,3817.4008645505628,3817.4008645505628,0.30966754073233882,-0.0026941133219267055,-0.0026941133219267055,1,true,true,-0.0026285110598109895,-0.0051847383592757978,-0.0024906250373533112,-0.0024906250371635737,-1.8973754858930825e-13,2.3283064365386963e-10,true
21,INEQ-WATER-D016-HYDRO03-UPPER,16,3,upper,7269,-21.518323715521547,-21.769096301381069,21.518384682017629,21.769214177323523,21.769154069706222,21.769154069706222,-0.25083269347682358,6.0107617301352612e-05,6.0107617301352612e-05,1,true,true,6.0966496082670574e-05,0.00011787594245404875,5.7768325152807165e-05,5.7768325153082329e-05,-2.7516373511324299e-16,1.8189894035458565e-12,true
21,INEQ-WATER-D016-HYDRO03-LOWER,16,3,lower,7270,-2008.2316762844785,-2007.9809036986189,2008.231615326604,2007.9807858308459,2007.9808459384633,2007.9808459384633,0.25083269347682358,-6.0107617301352612e-05,-6.0107617301352612e-05,1,true,true,-6.0957874438827275e-05,-0.00011786777304223506,-5.7760155641517485e-05,-5.7760155782085212e-05,1.4056772645832868e-13,1.1641532182693481e-10,true
21,INEQ-WATER-D016-HYDRO04-UPPER,16,4,upper,7271,-22.339581217023806,-22.600275719942147,22.339650953005506,22.600410499123804,22.60034179772461,22.60034179772461,-0.26076320431753347,6.8701399192738766e-05,6.8701399192738766e-05,1,true,true,6.9735981700347338e-05,0.00013477918165705205,6.6077782463480617e-05,6.6077782463869601e-05,-3.8898463443348685e-16,1.8189894035458565e-12,true
21,INEQ-WATER-D016-HYDRO04-LOWER,16,4,lower,7272,-2048.9104187829762,-2048.6497242800579,2048.9103490554471,2048.6495895088856,2048.649658210285,2048.649658210285,0.26076320431753347,-6.8701399192738766e-05,-6.8701399192738766e-05,1,true,true,-6.9727529080410022e-05,-0.00013477117227012059,-6.6069772856280906e-05,-6.6069773250148801e-05,3.9386789457088872e-13,2.3283064365386963e-10,true
21,INEQ-WATER-D017-HYDRO01-UPPER,17,1,upper,7273,-16.892966737977986,-17.048616734798998,16.896420327878133,17.072398207039075,17.051889156819556,17.051889156819556,-0.17615904704053192,0.020509050219520042,0.020509050219520042,1,true,true,0.0034535899001468806,0.023781472240077761,0.0032724220205579968,0.003272422020556227,1.7698516263653374e-15,1.8189894035458565e-12,true
21,INEQ-WATER-D017-HYDRO01-LOWER,17,1,lower,7274,-3840.5470332620243,-3840.3913832652033,3840.5435796861948,3840.3676018062956,3840.3881108565151,3840.3881108565151,0.17615904704053192,-0.020509050219520042,-0.020509050219520042,1,true,true,-0.0034535758295533014,-0.02378145890770611,-0.0032724086881898984,-0.0032724086880756482,-1.142501891704395e-13,2.3283064365386963e-10,true
21,INEQ-WATER-D017-HYDRO02-UPPER,17,2,upper,7275,-16.736695740306459,-16.891813169560919,16.740069039453463,16.915563435322326,16.895009512708121,16.895009512708121,-0.17567135186866634,0.020553922614206188,0.020553922614206188,1,true,true,0.0033732991470039053,0.023750265761407263,0.0031963431472021853,0.0031963431472015933,5.9197438617708542e-16,1.8189894035458565e-12,true
21,INEQ-WATER-D017-HYDRO02-LOWER,17,2,lower,7276,-3827.9533042596959,-3827.7981868304414,3827.9499309746984,3827.7744365780873,3827.7949905007013,3827.7949905007013,0.17567135186866634,-0.020553922614206188,-0.020553922614206188,1,true,true,-0.0033732849974512646,-0.02375025235414796,-0.0031963297401489399,-0.0031963297399039753,-2.4496463885137487e-13,2.3283064365386963e-10,true
21,INEQ-WATER-D017-HYDRO03-UPPER,17,3,upper,7277,-18.165463317913236,-18.300123942397477,18.165520252446647,18.301619011236205,18.300177890268028,18.300177890268028,-0.1361017454524184,0.0014411209681778614,0.0014411209681778614,1,true,true,5.6934533411379107e-05,0.0014950688387287414,5.394787055124084e-05,5.3947870549878357e-05,1.3624829888446433e-15,1.8189894035458565e-12,true
21,INEQ-WATER-D017-HYDRO03-LOWER,17,3,lower,7278,-1985.254536682085,-1985.1198760576008,1985.2544797562989,1985.1183809970505,1985.1198221180186,1985.1198221180186,0.1361017454524184,-0.0014411209681778614,-0.0014411209681778614,1,true,true,-5.6925786111605703e-05,-0.0014950605502690451,-5.3939582130624331e-05,-5.3939582114590288e-05,-1.603404231219005e-14,1.1641532182693481e-10,true
21,INEQ-WATER-D017-HYDRO04-UPPER,17,4,upper,7279,-18.728259035218798,-18.863584825481666,18.728325391391063,18.865367085937894,18.86364770075221,18.86364770075221,-0.13704517544855313,0.0017193851856847353,0.0017193851856847353,1,true,true,6.6356172265358282e-05,0.0017822604562276467,6.2875270543827355e-05,6.287527054435318e-05,-5.2582450112831358e-16,1.8189894035458565e-12,true
21,INEQ-WATER-D017-HYDRO04-LOWER,17,4,lower,7280,-2015.7517409647808,-2015.6164151745179,2015.7516746172371,2015.6146329222377,2015.6163523074233,2015.6163523074233,0.13704517544855313,-0.0017193851856847353,-0.0017193851856847353,1,true,true,-6.6347543679512455e-05,-0.0017822522802362073,-6.2867094584362349e-05,-6.2867094595516024e-05,1.1153675639336003e-14,1.1641532182693481e-10,true
21,INEQ-WATER-D018-HYDRO01-UPPER,18,1,upper,7281,-1.7067513066431275,-1.7443389096442843,1.9919593563464844,2.0196138729903854,2.0145855600208873,2.0145855600208873,-0.042615915970655151,0.0050283129694983289,0.0050283129694983289,1,true,true,0.28520804970335689,0.27527496334610113,0.270246650376603,0.27024665037660262,3.8857805861880479e-16,2.2737367544323206e-13,true
21,INEQ-WATER-D018-HYDRO01-LOWER,18,1,lower,7282,-3872.9032486933575,-3872.8656610903563,3872.6180406576432,3872.5903861402653,3872.5954144532348,3872.5954144532348,0.042615915970655151,-0.0050283129694983289,-0.0050283129694983289,1,true,true,-0.28520803571427678,-0.27527495009098857,-0.27024663712154506,-0.27024663712135949,-1.8557377856609492e-13,2.3283064365386963e-10,true
21,INEQ-WATER-D018-HYDRO02-UPPER,18,2,upper,7283,-1.3631940831037355,-1.4119316836513462,1.6670485595186679,1.7049264157620498,1.6998466093993392,1.6998466093993392,-0.053817406910321372,0.0050798063627105899,0.0050798063627105899,1,true,true,0.30385447641493246,0.29299473211070359,0.28791492574799293,0.28791492574799299,-5.5511151231257827e-17,1.1368683772161603e-13,true
21,INEQ-WATER-D018-HYDRO02-LOWER,18,2,lower,7284,-3896.6168059168995,-3896.5680683163519,3896.3129514543793,3896.2750735974068,3896.2801534037694,3896.2801534037694,0.053817406910321372,-0.0050798063627105899,-0.0050798063627105899,1,true,true,-0.30385446252012116,-0.29299471894501039,-0.28791491258243695,-0.28791491258207352,-3.6343150711104499e-13,2.3283064365386963e-10,true
21,INEQ-WATER-D018-HYDRO03-UPPER,18,3,upper,7285,-11.075278832777258,-10.834273136468255,11.085240408151856,10.845500277099987,10.84371214907768,10.84371214907768,0.23921756828669535,0.0017881280223074614,0.0017881280223074614,1,true,true,0.0099615753745982971,0.011227140631731913,0.0094390126094250348,0.0094390126094240964,9.3848540050345264e-16,9.0949470177292824e-13,true
21,INEQ-WATER-D018-HYDRO03-LOWER,18,3,lower,7286,-1989.9347211672248,-1990.1757268635338,1989.9247596006089,1990.1644997312014,1990.1662878592238,1990.1662878592238,-0.23921756828669535,-0.0017881280223074614,-0.0017881280223074614,1,true,true,-0.0099615666158570093,-0.011227132332351175,-0.0094390043100247567,-0.0094390043101474919,1.2273515537231106e-13,1.1641532182693481e-10,true
21,INEQ-WATER-D018-HYDRO04-UPPER,18,4,upper,7287,-11.099987516710826,-10.858323128933989,11.110095109126721,10.86968785307973,10.867900498845563,10.867900498845563,0.23987703354266934,0.0017873542341671766,0.0017873542341671766,1,true,true,0.010107592415895539,0.011364724145741079,0.0095773699115735411,0.0095773699115743148,-7.7368667028565596e-16,9.0949470177292824e-13,true
21,INEQ-WATER-D018-HYDRO04-LOWER,18,4,lower,7288,-1995.9400124832864,-1996.1816768710632,1995.9299048996299,1996.1703121552175,1996.1720995094518,1996.1720995094518,-0.23987703354266934,-0.0017873542341671766,-0.0017873542341671766,1,true,true,-0.010107583656463248,-0.011364715845729734,-0.009577361611491142,-0.0095773616116429545,1.518125902766343e-13,1.1641532182693481e-10,true
21,INEQ-WATER-D019-HYDRO01-UPPER,19,1,upper,7289,-8.7113995869949576,-8.6713113085061195,8.7727677368222796,8.7319587559751035,8.7294602175144487,8.7294602175144487,0.037589740028182626,0.0024985384606554875,0.0024985384606554875,1,true,true,0.061368149827321972,0.060647447468983984,0.058148909008329142,0.058148909008328198,9.4368957093138306e-16,9.0949470177292824e-13,true
21,INEQ-WATER-D019-HYDRO01-LOWER,19,1,lower,7290,-3851.1686004130024,-3851.2086886914913,3851.1072322772343,3851.1480412573442,3851.1505397958049,3851.1505397958049,-0.037589740028182626,-0.0024985384606554875,-0.0024985384606554875,1,true,true,-0.06136813576813438,-0.060647434147085733,-0.058148895686372271,-0.058148895686655273,2.8300278787085631e-13,2.3283064365386963e-10,true
21,INEQ-WATER-D019-HYDRO02-UPPER,19,2,upper,7291,-8.648772894848662,-8.6101304633193649,8.7090013523828969,8.6697535329583353,8.6671994658349174,8.6671994658349174,0.036088364405878287,0.0025540671234187406,0.0025540671234187406,1,true,true,0.060228457534234892,0.05962306963897035,0.057069002515552469,0.057069002515551581,8.8817841970012523e-16,9.0949470177292824e-13,true
21,INEQ-WATER-D019-HYDRO02-LOWER,19,2,lower,7292,-3818.9012271051542,-3818.9398695366835,3818.8409986618512,3818.8802464805294,3818.882800547653,3818.882800547653,-0.036088364405878287,-0.0025540671234187406,-0.0025540671234187406,1,true,true,-0.060228443303003587,-0.059623056154123333,-0.057068989030540251,-0.057068989030859982,3.1973035330423727e-13,2.3283064365386963e-10,true
21,INEQ-WATER-D019-HYDRO03-UPPER,19,3,upper,7293,-13.163875294656464,-13.045232528289489,13.167614842249396,13.04945419798922,13.048775907278845,13.048775907278845,0.11796447565659857,0.0006782907103761171,0.0006782907103761171,1,true,true,0.0037395475929322686,0.0042216696997314784,0.003543378989355972,0.0035433789893551449,8.2702941717194278e-16,9.0949470177292824e-13,true
21,INEQ-WATER-D019-HYDRO03-LOWER,19,3,lower,7294,-2022.3861247053428,-2022.5047674717098,2022.3823851663437,2022.5005458101532,2022.5012241008635,2022.5012241008635,-0.11796447565659857,-0.0006782907103761171,-0.0006782907103761171,1,true,true,-0.0037395389990706462,-0.004221661556584877,-0.0035433708462733193,-0.0035433708463089731,3.5653771601751316e-14,1.1641532182693481e-10,true
21,INEQ-WATER-D019-HYDRO04-UPPER,19,4,upper,7295,-13.108615007429762,-12.991679286024009,13.112281172655104,12.995830743991627,12.995153132126552,12.995153132126552,0.11625810954067699,0.00067761186507571403,0.00067761186507571403,1,true,true,0.0036661652253417998,0.0041514579676178442,0.0034738461025423106,0.0034738461025426749,-3.6429192995512949e-16,9.0949470177292824e-13,true
21,INEQ-WATER-D019-HYDRO04-LOWER,19,4,lower,7296,-2016.5613849925721,-2016.6783207139779,2016.557718835998,2016.6741692642076,2016.6748468760727,2016.6748468760727,-0.11625810954067699,-0.00067761186507571403,-0.00067761186507571403,1,true,true,-0.0036661565741269442,-0.0041514497702337394,-0.0034738379051759694,-0.003473837905151897,-2.4072323995261158e-14,1.1641532182693481e-10,true
21,INEQ-WATER-D020-HYDRO01-UPPER,20,1,upper,7297,-11.959367250492505,-11.941975344539969,11.984609570892985,11.969902508345644,11.965893507239295,11.965893507239295,0.013382904846187739,0.0040090011063482964,0.0040090011063482964,1,true,true,0.025242320400479912,0.027927163805674837,0.023918162699326118,0.023918162699327162,-1.0443035325380379e-15,9.0949470177292824e-13,true
21,INEQ-WATER-D020-HYDRO01-LOWER,20,1,lower,7298,-3817.2906327495075,-3817.30802465546,3817.2653904433114,3817.2800975051136,3817.2841065062198,3817.2841065062198,-0.013382904846187739,-0.0040090011063482964,-0.0040090011063482964,1,true,true,-0.025242306196105346,-0.027927150346386043,-0.023918149240216735,-0.02391814924008346,-1.3327533521234614e-13,2.3283064365386963e-10,true
21,INEQ-WATER-D020-HYDRO02-UPPER,20,2,upper,7299,-12.145214011434291,-12.124582383599773,12.17172239983144,12.15395868174693,12.149700199098538,12.149700199098538,0.016373145186126113,0.0042584826483923269,0.0042584826483923269,1,true,true,0.026508388397148863,0.029376298147157698,0.025117815498765239,0.025117815498764868,3.7123082385903672e-16,9.0949470177292824e-13,true
21,INEQ-WATER-D020-HYDRO02-LOWER,20,2,lower,7300,-3866.3847859885645,-3866.4054176163991,3866.3582776141557,3866.3760413315063,3866.3802998141546,3866.3802998141546,-0.016373145186126113,-0.0042584826483923269,-0.0042584826483923269,1,true,true,-0.026508374408876989,-0.029376284892805415,-0.025117802244494669,-0.025117802244287574,-2.0709475800906318e-13,2.3283064365386963e-10,true
21,INEQ-WATER-D020-HYDRO03-UPPER,20,3,upper,7301,-15.480471440161637,-15.404818843857356,15.482253445355623,15.408810747005536,15.406507368901194,15.406507368901194,0.07334921819993874,0.0023033781043417106,0.0023033781043417106,1,true,true,0.0017820051939860804,0.003991903148179432,0.00168852504383743,0.0016885250438384734,-1.0434361708000495e-15,9.0949470177292824e-13,true
21,INEQ-WATER-D020-HYDRO03-LOWER,20,3,lower,7302,-1989.8995285598394,-1989.9751811561437,1989.8977465633834,1989.9711892612752,1989.9734926393796,1989.9734926393796,-0.07334921819993874,-0.0023033781043417106,-0.0023033781043417106,1,true,true,-0.0017819964559748769,-0.0039918948684771749,-0.0016885167640339205,-0.0016885167642044967,1.7057622675453743e-13,1.1641532182693481e-10,true
21,INEQ-WATER-D020-HYDRO04-UPPER,20,4,upper,7303,-15.731125788144709,-15.651752422349091,15.733012735149542,15.655742489174704,15.653540384182653,15.653540384182653,0.077171260803566788,0.002202104992051368,0.002202104992051368,1,true,true,0.0018869470048326065,0.0039900668256134253,0.0017879618335623348,0.0017879618335617155,6.1929628092372013e-16,9.0949470177292824e-13,true
21,INEQ-WATER-D020-HYDRO04-LOWER,20,4,lower,7304,-2013.1288742118559,-2013.2082475776515,2013.1269872735061,2013.2042575190269,2013.2064596240189,2013.2064596240189,-0.077171260803566788,-0.002202104992051368,-0.002202104992051368,1,true,true,-0.0018869383497985837,-0.0039900586245948944,-0.001787953632629069,-0.0017879536325521156,-7.6953417596503648e-14,1.1641532182693481e-10,true
22,INEQ-WATER-D014-HYDRO01-UPPER,14,1,upper,7249,-14.607144515546679,-15.113476308266399,14.6371244642833,15.171405078873297,15.137367092756897,15.137367092756897,-0.54036977883612181,0.034037986116401409,0.034037986116401409,1,true,true,0.029979948736620798,0.057928770606897828,0.023890784490497197,0.023890784490496912,2.8449465006019636e-16,9.0949470177292824e-13,true
22,INEQ-WATER-D014-HYDRO01-LOWER,14,1,lower,7250,-3876.9428554844562,-3876.4365236917365,3876.9128755488978,3876.3785949316311,3876.4126329177475,3876.4126329177475,0.54036977883612181,-0.034037986116401409,-0.034037986116401409,1,true,true,-0.029979935558458237,-0.057928760105369292,-0.023890773989023728,-0.023890773988923194,-1.0053416432675988e-13,2.3283064365386963e-10,true
22,INEQ-WATER-D014-HYDRO02-UPPER,14,2,upper,7251,-14.236837361313519,-14.739863722541486,14.26426344271511,14.794700382759164,14.761719350312585,14.761719350312585,-0.53600739367454486,0.032981032446578018,0.032981032446578018,1,true,true,0.027426081401591418,0.054836660217677746,0.021855627771099506,0.021855627771100072,-5.6551985316843911e-16,9.0949470177292824e-13,true
22,INEQ-WATER-D014-HYDRO02-LOWER,14,2,lower,7252,-3819.9231626386827,-3819.4201362774547,3819.8957365707356,3819.3652996279588,3819.3982806604054,3819.3982806604054,0.53600739367454486,-0.032981032446578018,-0.032981032446578018,1,true,true,-0.027426067947089905,-0.054836649495882739,-0.021855617049368448,-0.021855617049314026,-5.4421744888344392e-14,2.3283064365386963e-10,true
22,INEQ-WATER-D014-HYDRO03-UPPER,14,3,upper,7253,-17.077148221738753,-17.432841877758619,17.078926084014729,17.452613829773302,17.434258642172136,17.434258642172136,-0.37404884362103114,0.018355187601164669,0.018355187601164669,1,true,true,0.0017778622759756502,0.019771952014682626,0.0014167644135163471,0.0014167644135173441,-9.9703231781766988e-16,1.8189894035458565e-12,true
22,INEQ-WATER-D014-HYDRO03-LOWER,14,3,lower,7254,-1988.4328517782633,-1988.0771581222434,1988.4310739242665,1988.0573861768264,1988.0757413644276,1988.0757413644276,0.37404884362103114,-0.018355187601164669,-0.018355187601164669,1,true,true,-0.0017778539968276164,-0.019771945417005554,-0.0014167578158321703,-0.0014167578159296303,9.7460017486894479e-14,1.1641532182693481e-10,true
22,INEQ-WATER-D014-HYDRO04-UPPER,14,4,upper,7255,-17.073612746193248,-17.430077578068449,17.07538965728935,17.449875929177395,17.431493584494234,17.431493584494234,-0.37484717655836169,0.018382344683161078,0.018382344683161078,1,true,true,0.0017769110961012302,0.019798351108946122,0.0014160064257850991,0.0014160064257839058,1.1932729110375462e-15,1.8189894035458565e-12,true
22,INEQ-WATER-D014-HYDRO04-LOWER,14,4,lower,7256,-1990.7563872538085,-1990.3999224219333,1990.7546103510083,1990.3801240774353,1990.3985064221185,1990.3985064221185,0.37484717655836169,-0.018382344683161078,-0.018382344683161078,1,true,true,-0.0017769028002021514,-0.019798344497985454,-0.001415999814753377,-0.0014159998148474166,9.403957647313721e-14,1.1641532182693481e-10,true
22,INEQ-WATER-D015-HYDRO01-UPPER,15,1,upper,7257,-12.958474605868105,-13.383455150156806,12.973620238166099,13.4234325244382,13.395524584977476,13.395524584977476,-0.45288848374942359,0.027907939460722675,0.027907939460722675,1,true,true,0.015145632297993927,0.039977374281393807,0.012069434820670466,0.012069434820670327,1.3877787807814457e-16,9.0949470177292824e-13,true
22,INEQ-WATER-D015-HYDRO01-LOWER,15,1,lower,7258,-3873.1015253941296,-3872.6765448498409,3873.0863797750344,3872.6365674860808,3872.6644754255417,3872.6644754255417,0.45288848374942359,-0.027907939460722675,-0.027907939460722675,1,true,true,-0.015145619095164875,-0.039977363760044682,-0.01206942429917035,-0.012069424299440076,2.6972521438572983e-13,2.3283064365386963e-10,true
22,INEQ-WATER-D015-HYDRO02-UPPER,15,2,upper,7259,-12.678255767808878,-13.099239232164109,12.691049766677663,13.136922937304815,13.109434668868523,13.109434668868523,-0.44847173279152247,0.027488268436291208,0.027488268436291208,1,true,true,0.012793998868785295,0.037683705140706181,0.010195436704414362,0.010195436704414565,-2.0296264668928643e-16,9.0949470177292824e-13,true
22,INEQ-WATER-D015-HYDRO02-LOWER,15,2,lower,7260,-3814.7217442321926,-3814.3007607678373,3814.7089502468098,3814.2630770734436,3814.2905653418798,3814.2905653418798,0.44847173279152247,-0.027488268436291208,-0.027488268436291208,1,true,true,-0.012793985382813844,-0.03768369439376329,-0.010195425957590487,-0.010195425957550373,-4.0113745658487687e-14,2.3283064365386963e-10,true
22,INEQ-WATER-D015-HYDRO03-UPPER,15,3,upper,7261,-15.714328771769942,-16.029552887514001,15.714844302824428,16.034341362477338,16.029963710141789,16.029963710141789,-0.31960176807960911,0.004377652335550597,0.004377652335550597,1,true,true,0.00051553105448576275,0.0047884749633375634,0.00041082262778857626,0.00041082262778632865,2.247605313671075e-15,1.8189894035458565e-12,true
22,INEQ-WATER-D015-HYDRO03-LOWER,15,3,lower,7262,-1998.8156712282289,-1998.5004471124848,1998.8151557054127,1998.4956586440865,1998.500036296422,1998.500036296422,0.31960176807960911,-0.004377652335550597,-0.004377652335550597,1,true,true,-0.00051552281615840911,-0.0047884683983738796,-0.00041081606286752503,-0.00041081606272829277,-1.3923226720863324e-13,1.1641532182693481e-10,true
22,INEQ-WATER-D015-HYDRO04-UPPER,15,4,upper,7263,-16.580852760496782,-16.895782886036613,16.581514384659449,16.901452272001404,16.896310129109068,16.896310129109068,-0.32007226843216574,0.0051421428923343893,0.0051421428923343893,1,true,true,0.00066162416266735136,0.0056693859647900524,0.00052724307245455293,0.00052724307245672849,-2.1755600793094132e-15,1.8189894035458565e-12,true
22,INEQ-WATER-D015-HYDRO04-LOWER,15,4,lower,7264,-2076.129147239506,-2075.8142171139662,2076.1284856232555,2075.8085477343066,2075.8136898771991,2075.8136898771991,0.32007226843216574,-0.0051421428923343893,-0.0051421428923343893,1,true,true,-0.00066161625045424444,-0.0056693796595936874,-0.00052723676708410494,-0.00052723676727656156,1.9245661921768464e-13,2.3283064365386963e-10,true
22,INEQ-WATER-D016-HYDRO01-UPPER,16,1,upper,7265,-23.190575643289776,-24.471299449549406,23.193031995740871,24.49455640448598,24.473256897427564,24.473256897427564,-1.3020233133180465,0.021299507058416767,0.021299507058416767,1,true,true,0.0024563524510945456,0.023256954936574203,0.0019574478781585469,0.0019574478781586553,-1.0842021724855044e-16,1.8189894035458565e-12,true
22,INEQ-WATER-D016-HYDRO01-LOWER,16,1,lower,7266,-3803.6994243567096,-3802.41870055045,3803.696968017729,3802.3954436062481,3802.4167431133064,3802.4167431133064,1.3020233133180465,-0.021299507058416767,-0.021299507058416767,1,true,true,-0.0024563389806644409,-0.02325694420187574,-0.0019574371435737703,-0.0019574371436792389,1.0546858525417591e-13,2.3283064365386963e-10,true
22,INEQ-WATER-D016-HYDRO02-UPPER,16,2,upper,7267,-23.356644824394607,-24.646414261740574,23.359135462856528,24.669760741083227,24.648399031870113,24.648399031870113,-1.3111311465590827,0.021361709213115532,0.021361709213115532,1,true,true,0.002490638461921435,0.023346479342652771,0.0019847701295390152,0.0019847701295374076,1.607654981361506e-15,1.8189894035458565e-12,true
22,INEQ-WATER-D016-HYDRO02-LOWER,16,2,lower,7268,-3817.4033551756002,-3816.1135857382542,3817.4008645505628,3816.0902392696094,3816.1116009788225,3816.1116009788225,1.3111311465590827,-0.021361709213115532,-0.021361709213115532,1,true,true,-0.0024906250373533112,-0.023346468644831475,-0.0019847594317070616,-0.0019847594316050416,-1.0201995498393401e-13,2.3283064365386963e-10,true
22,INEQ-WATER-D016-HYDRO03-UPPER,16,3,upper,7269,-21.769096301381069,-22.827850142544776,21.769154069706222,22.828415195225226,22.827896177667075,22.827896177667075,-1.0592728587218589,0.00051901755815197959,0.00051901755815197959,1,true,true,5.7768325152807165e-05,0.000565052680450151,4.6035122299059594e-05,4.6035122298819186e-05,2.4040827922150454e-16,1.8189894035458565e-12,true
22,INEQ-WATER-D016-HYDRO03-LOWER,16,3,lower,7270,-2007.9809036986189,-2006.9221498574552,2007.9808459384633,2006.9215848112849,2006.9221038288431,2006.9221038288431,1.0592728587218589,-0.00051901755815197959,-0.00051901755815197959,1,true,true,-5.7760155641517485e-05,-0.00056504617032260285,-4.602861213243159e-05,-4.6028612079761469e-05,-5.2670121411003967e-14,1.1641532182693481e-10,true
22,INEQ-WATER-D016-HYDRO04-UPPER,16,4,upper,7271,-22.600275719942147,-23.701049787956435,22.60034179772461,23.701693573448686,23.701102444819671,23.701102444819671,-1.1013651966433029,0.00059112862901411489,0.00059112862901411489,1,true,true,6.6077782463480617e-05,0.00064378549225097004,5.2656863235966966e-05,5.2656863235947275e-05,1.9691821957767974e-17,1.8189894035458565e-12,true
22,INEQ-WATER-D016-HYDRO04-LOWER,16,4,lower,7272,-2048.6497242800579,-2047.5489502120436,2048.649658210285,2047.5483064329342,2047.5488975615631,2047.5488975615631,1.1013651966433029,-0.00059112862901411489,-0.00059112862901411489,1,true,true,-6.6069772856280906e-05,-0.00064377910939583671,-5.2650480483862339e-05,-5.2650480443196592e-05,-4.0665746865817948e-14,1.1641532182693481e-10,true
22,INEQ-WATER-D017-HYDRO01-UPPER,17,1,upper,7273,-17.048616734798998,-17.775233488900994,17.051889156819556,17.899270951896685,17.777841256177116,17.777841256177116,-0.84804644982156774,0.12142969571957096,0.12142969571957096,1,true,true,0.0032724220205579968,0.12403746299569107,0.002607767276121109,0.0026077672761197568,1.3522169495239211e-15,1.8189894035458565e-12,true
22,INEQ-WATER-D017-HYDRO01-LOWER,17,1,lower,7274,-3840.3913832652033,-3839.6647665111013,3840.3881108565151,3839.54072905873,3839.6621587544496,3839.6621587544496,0.84804644982156774,-0.12142969571957096,-0.12142969571957096,1,true,true,-0.0032724086881898984,-0.1240374523713399,-0.0026077566517415107,-0.002607756651660863,-8.0647728079030756e-14,2.3283064365386963e-10,true
22,INEQ-WATER-D017-HYDRO02-UPPER,17,2,upper,7275,-16.891813169560919,-17.614254440857621,16.895009512708121,17.738455905950808,17.616801581480122,17.616801581480122,-0.84409559576739013,0.1216543244706878,0.1216543244706878,1,true,true,0.0031963431472021853,0.12420146509318641,0.0025471406225001658,0.0025471406224989884,1.1774435593192578e-15,1.8189894035458565e-12,true
22,INEQ-WATER-D017-HYDRO02-LOWER,17,2,lower,7276,-3827.7981868304414,-3827.0757455591447,3827.7949905007013,3826.9515441047356,3827.0731984292065,3827.0731984292065,0.84409559576739013,-0.1216543244706878,-0.1216543244706878,1,true,true,-0.0031963297401489399,-0.12420145440910346,-0.0025471299381933932,-0.0025471299385240904,3.3069727511936264e-13,2.3283064365386963e-10,true
22,INEQ-WATER-D017-HYDRO03-UPPER,17,3,upper,7277,-18.300123942397477,-18.949783201391256,18.300177890268028,18.959570402775157,18.949826192023441,18.949826192023441,-0.65940346974549546,0.0097442107517163867,0.0097442107517163867,1,true,true,5.394787055124084e-05,0.0097872013839008787,4.2990632184825017e-05,4.2990632184989979e-05,-1.649613605436695e-16,1.8189894035458565e-12,true
22,INEQ-WATER-D017-HYDRO03-LOWER,17,3,lower,7278,-1985.1198760576008,-1984.470216798607,1985.1198221180186,1984.4604296038281,1984.4701738145798,1984.4701738145798,0.65940346974549546,-0.0097442107517163867,-0.0097442107517163867,1,true,true,-5.3939582130624331e-05,-0.0097871947789371916,-4.2984027231796063e-05,-4.2984027208028372e-05,-2.3767690289847043e-14,1.1641532182693481e-10,true
22,INEQ-WATER-D017-HYDRO04-UPPER,17,4,upper,7279,-18.863584825481666,-19.522114737163065,18.86364770075221,19.533746528907045,19.522164841969833,19.522164841969833,-0.67011159861861203,0.011581686937213509,0.011581686937213509,1,true,true,6.2875270543827355e-05,0.011631791743980102,5.0104806767592436e-05,5.0104806767377486e-05,2.1494985695882929e-16,1.8189894035458565e-12,true
22,INEQ-WATER-D017-HYDRO04-LOWER,17,4,lower,7280,-2015.6164151745179,-2014.9578852628365,2015.6163523074233,2014.9462534776078,2014.957835164545,2014.957835164545,0.67011159861861203,-0.011581686937213509,-0.011581686937213509,1,true,true,-6.2867094584362349e-05,-0.011631785228701119,-5.0098291467293166e-05,-5.0098291409819758e-05,-5.7473408085657873e-14,1.1641532182693481e-10,true
22,INEQ-WATER-D018-HYDRO01-UPPER,18,1,upper,7281,-1.7443389096442843,-1.9189090072104591,2.0145855600208873,2.1696057515794682,2.134266429604565,2.134266429604565,-0.20990941954107789,0.035339321974903082,0.035339321974903082,1,true,true,0.270246650376603,0.25069674436900913,0.21535742239410594,0.21535742239410596,-2.7755575615628914e-17,2.2737367544323206e-13,true
22,INEQ-WATER-D018-HYDRO01-LOWER,18,1,lower,7282,-3872.8656610903563,-3872.6910909927901,3872.5954144532348,3872.4403942589838,3872.4757335809586,3872.4757335809586,0.20990941954107789,-0.035339321974903082,-0.035339321974903082,1,true,true,-0.27024663712154506,-0.25069673380630775,-0.21535741183151913,-0.21535741183125492,-2.6420532428517163e-13,2.3283064365386963e-10,true
22,INEQ-WATER-D018-HYDRO02-UPPER,18,2,upper,7283,-1.4119316836513462,-1.6155947929655667,1.6998466093993392,1.8802551371436929,1.8450319245321245,1.8450319245321245,-0.23888632192578882,0.035223212611568328,0.035223212611568328,1,true,true,0.28791492574799293,0.26466034417812612,0.22943713156655776,0.22943713156655765,1.1102230246251565e-16,1.1368683772161603e-13,true
22,INEQ-WATER-D018-HYDRO02-LOWER,18,2,lower,7284,-3896.5680683163519,-3896.3644052070376,3896.2801534037694,3896.099744873351,3896.1349680859626,3896.1349680859626,0.23888632192578882,-0.035223212611568328,-0.035223212611568328,1,true,true,-0.28791491258243695,-0.26466033368660646,-0.22943712107507963,-0.22943712107503,-4.9626969200744497e-14,2.3283064365386963e-10,true
22,INEQ-WATER-D018-HYDRO03-UPPER,18,3,upper,7285,-10.834273136468255,-10.307268913886219,10.84371214907768,10.327918161862794,10.314790788524363,10.314790788524363,0.51387684924360522,0.013127373338430948,0.013127373338430948,1,true,true,0.0094390126094250348,0.020649247976574969,0.0075218746381437995,0.0075218746381443729,-5.7332610881033474e-16,9.0949470177292824e-13,true
22,INEQ-WATER-D018-HYDRO03-LOWER,18,3,lower,7286,-1990.1757268635338,-1990.7027310861158,1990.1662878592238,1990.6820818447529,1990.6952092180913,1990.6952092180913,-0.51387684924360522,-0.013127373338430948,-0.013127373338430948,1,true,true,-0.0094390043100247567,-0.02064924136288937,-0.0075218680244688585,-0.0075218680244178056,-5.1052911897997433e-14,1.1641532182693481e-10,true
22,INEQ-WATER-D018-HYDRO04-UPPER,18,4,upper,7287,-10.858323128933989,-10.329881506804668,10.867900498845563,10.350689138704455,10.337513637284721,10.337513637284721,0.51526612070958666,0.01317550141973467,0.01317550141973467,1,true,true,0.0095773699115735411,0.020807631899787182,0.0076321304800526235,0.0076321304800524301,1.9342166757141399e-16,9.0949470177292824e-13,true
22,INEQ-WATER-D018-HYDRO04-LOWER,18,4,lower,7288,-1996.1816768710632,-1996.7101184931926,1996.1720995094518,1996.6893108679071,1996.7024863693268,1996.7024863693268,-0.51526612070958666,-0.01317550141973467,-0.01317550141973467,1,true,true,-0.009577361611491142,-0.020807625285442555,-0.0076321238657328649,-0.0076321238657822863,4.9421404468841246e-14,1.1641532182693481e-10,true
22,INEQ-WATER-D019-HYDRO01-UPPER,19,1,upper,7289,-8.6713113085061195,-8.6628775703356951,8.7294602175144487,8.7291577380054246,8.7092159769047015,8.7092159769047015,-0.01150802293029886,0.019941761100723335,0.019941761100723335,1,true,true,0.058148909008329142,0.066280167669729551,0.046338406569006452,0.046338406569006459,-6.9388939039072284e-18,9.0949470177292824e-13,true
22,INEQ-WATER-D019-HYDRO01-LOWER,19,1,lower,7290,-3851.2086886914913,-3851.2171224296617,3851.1505397958049,3851.1508422726083,3851.170784033709,3851.170784033709,0.01150802293029886,-0.019941761100723335,-0.019941761100723335,1,true,true,-0.058148895686372271,-0.066280157053370203,-0.046338395952716382,-0.04633839595284419,1.2780748681606724e-13,2.3283064365386963e-10,true
22,INEQ-WATER-D019-HYDRO02-UPPER,19,2,upper,7291,-8.6101304633193649,-8.6044912222641869,8.6671994658349174,8.6703419880122414,8.6499690598737384,8.6499690598737384,-0.014733687083325495,0.020372928138503485,0.020372928138503485,1,true,true,0.057069002515552469,0.065850765748054485,0.045477837609551486,0.045477837609550528,9.5756735873919752e-16,9.0949470177292824e-13,true
22,INEQ-WATER-D019-HYDRO02-LOWER,19,2,lower,7292,-3818.9398695366835,-3818.9455087777387,3818.882800547653,3818.8796580227367,3818.9000309508751,3818.9000309508751,0.014733687083325495,-0.020372928138503485,-0.020372928138503485,1,true,true,-0.057068989030540251,-0.065850755001974903,-0.045477826863589144,-0.04547782686345074,-1.3840317780733358e-13,2.3283064365386963e-10,true
22,INEQ-WATER-D019-HYDRO03-UPPER,19,3,upper,7293,-13.045232528289489,-12.812003646842641,13.048775907278845,12.820773626111384,12.814827337588296,12.814827337588296,0.22728259292376105,0.0059462885230873452,0.0059462885230873452,1,true,true,0.003543378989355972,0.0087699792687434552,0.0028236907456555826,0.002823690745656695,-1.1123914289701275e-15,9.0949470177292824e-13,true
22,INEQ-WATER-D019-HYDRO03-LOWER,19,3,lower,7294,-2022.5047674717098,-2022.7379963531566,2022.5012241008635,2022.729226380377,2022.7351726689001,2022.7351726689001,-0.22728259292376105,-0.0059462885230873452,-0.0059462885230873452,1,true,true,-0.0035433708462733193,-0.0087699727796461957,-0.0028236842565547704,-0.0028236842564984097,-5.6360732053617468e-14,1.1641532182693481e-10,true
22,INEQ-WATER-D019-HYDRO04-UPPER,19,4,upper,7295,-12.991679286024009,-12.76279665516995,12.995153132126552,12.771513618418751,12.765564935706989,12.765564935706989,0.22293394814229692,0.0059486827117623264,0.0059486827117623264,1,true,true,0.0034738461025423106,0.0087169632488013349,0.0027682805370385921,0.0027682805370382218,3.7036346212104831e-16,9.0949470177292824e-13,true
22,INEQ-WATER-D019-HYDRO04-LOWER,19,4,lower,7296,-2016.6783207139779,-2016.9072033448319,2016.6748468760727,2016.8984863881155,2016.9044350708273,2016.9044350708273,-0.22293394814229692,-0.0059486827117623264,-0.0059486827117623264,1,true,true,-0.0034738379051759694,-0.008716956716398272,-0.0027682740046657273,-0.0027682740046216935,-4.4033787033326277e-14,1.1641532182693481e-10,true
22,INEQ-WATER-D020-HYDRO01-UPPER,20,1,upper,7297,-11.941975344539969,-12.029184944891313,11.965893507239295,12.090499261589038,12.04824513993962,12.04824513993962,-0.12946372200076134,0.042254121649417942,0.042254121649417942,1,true,true,0.023918162699326118,0.061314316697725246,0.019060195048307804,0.019060195048307159,6.4531713306337224e-16,9.0949470177292824e-13,true
22,INEQ-WATER-D020-HYDRO01-LOWER,20,1,lower,7298,-3817.30802465546,-3817.2208150551087,3817.2841065062198,3817.1595007491364,3817.2017548707859,3817.2017548707859,0.12946372200076134,-0.042254121649417942,-0.042254121649417942,1,true,true,-0.023918149240216735,-0.061314305972246075,-0.01906018432282508,-0.019060184322849137,2.4057145164846361e-14,2.3283064365386963e-10,true
22,INEQ-WATER-D020-HYDRO02-UPPER,20,2,upper,7299,-12.124582383599773,-12.204698117056978,12.149700199098538,12.268269986636092,12.22471430595126,12.22471430595126,-0.12367141414203803,0.043555680684832676,0.043555680684832676,1,true,true,0.025117815498765239,0.063571869579114093,0.020016188894281584,0.020016188894281021,5.620504062164855e-16,9.0949470177292824e-13,true
22,INEQ-WATER-D020-HYDRO02-LOWER,20,2,lower,7300,-3866.4054176163991,-3866.3253018829419,3866.3802998141546,3866.2617300239249,3866.3052857046096,3866.3052857046096,0.12367141414203803,-0.043555680684832676,-0.043555680684832676,1,true,true,-0.025117802244494669,-0.063571859016974486,-0.020016178332298296,-0.020016178332057433,-2.4086288519242771e-13,2.3283064365386963e-10,true
22,INEQ-WATER-D020-HYDRO03-UPPER,20,3,upper,7301,-15.404818843857356,-15.323264819402539,15.406507368901194,15.339919941429832,15.324610391680981,15.324610391680981,0.066244474705966144,0.015309549748851264,0.015309549748851264,1,true,true,0.00168852504383743,0.016655122027293245,0.0013455722784421198,0.0013455722784425899,-4.7011006198971472e-16,9.0949470177292824e-13,true
22,INEQ-WATER-D020-HYDRO03-LOWER,20,3,lower,7302,-1989.9751811561437,-1990.0567351805985,1989.9734926393796,1990.0400800651694,1990.0553896149183,1990.0553896149183,-0.066244474705966144,-0.015309549748851264,-0.015309549748851264,1,true,true,-0.0016885167640339205,-0.016655115429102807,-0.0013455656801397708,-0.0013455656803325329,1.9276203896967381e-13,1.1641532182693481e-10,true
22,INEQ-WATER-D020-HYDRO04-UPPER,20,4,upper,7303,-15.651752422349091,-15.561762622186507,15.653540384182653,15.578143267279948,15.563187434857742,15.563187434857742,0.075033967740377155,0.014955832422207133,0.014955832422207133,1,true,true,0.0017879618335623348,0.016380645093441615,0.0014248126712352871,0.0014248126712336127,1.674441835186613e-15,9.0949470177292824e-13,true
22,INEQ-WATER-D020-HYDRO04-LOWER,20,4,lower,7304,-2013.2082475776515,-2013.2982373778141,2013.2064596240189,2013.281856739256,2013.2968125716782,2013.2968125716782,-0.075033967740377155,-0.014955832422207133,-0.014955832422207133,1,true,true,-0.001787953632629069,-0.016380638558075589,-0.0014248061359012354,-0.0014248061359746302,7.3394849225971726e-14,1.1641532182693481e-10,true
23,INEQ-WATER-D014-HYDRO01-UPPER,14,1,upper,7249,-15.113476308266399,-15.769417082265136,15.137367092756897,15.78932839841216,15.788978074261312,15.788978074261312,-0.65629109814958431,0.00035032415084790269,0.00035032415084790269,1,true,true,0.023890784490497197,0.019911316147023683,0.019560991996176114,0.019560991996175364,7.4940054162198066e-16,9.0949470177292824e-13,true
23,INEQ-WATER-D014-HYDRO01-LOWER,14,1,lower,7250,-3876.4365236917365,-3875.7805829177378,3876.4126329177475,3875.7606716101891,3875.7610219343401,3875.7610219343401,0.65629109814958431,-0.00035032415084790269,-0.00035032415084790269,1,true,true,-0.023890773989023728,-0.019911307548682089,-0.019560983397695964,-0.01956098339791278,2.1681614836843721e-13,2.3283064365386963e-10,true
23,INEQ-WATER-D014-HYDRO02-UPPER,14,2,upper,7251,-14.739863722541486,-15.383188293926651,14.761719350312585,15.401415405236396,15.401082966245674,15.401082966245674,-0.64365701037588674,0.0003324389907219949,0.0003324389907219949,1,true,true,0.021855627771099506,0.01822711130974497,0.017894672319023641,0.017894672319023891,-2.4980018054066022e-16,9.0949470177292824e-13,true
23,INEQ-WATER-D014-HYDRO02-LOWER,14,2,lower,7252,-3819.4201362774547,-3818.7768117060696,3819.3982806604054,3818.7585846035386,3818.7589170425294,3818.7589170425294,0.64365701037588674,-0.0003324389907219949,-0.0003324389907219949,1,true,true,-0.021855617049368448,-0.018227102531000128,-0.017894663540118927,-0.017894663540421601,3.026745520884333e-13,2.3283064365386963e-10,true
23,INEQ-WATER-D014-HYDRO03-UPPER,14,3,upper,7253,-17.432841877758619,-17.949633022879425,17.434258642172136,17.950877211703663,17.950793023186836,17.950793023186836,-0.51687533363763316,8.4188516827565785e-05,8.4188516827565785e-05,1,true,true,0.0014167644135163471,0.0012441888242378241,0.0011600003074114795,0.0011600003074106924,7.8713077722447622e-16,1.8189894035458565e-12,true
23,INEQ-WATER-D014-HYDRO03-LOWER,14,3,lower,7254,-1988.0771581222434,-1987.5603669771226,1988.0757413644276,1987.5591227937005,1987.5592069822173,1987.5592069822173,0.51687533363763316,-8.4188516827565785e-05,-8.4188516827565785e-05,1,true,true,-0.0014167578158321703,-0.0012441834221590398,-0.0011599949052651937,-0.001159994905442941,1.7774735676379105e-13,1.1641532182693481e-10,true
23,INEQ-WATER-D014-HYDRO04-UPPER,14,4,upper,7255,-17.430077578068449,-17.947223620594741,17.431493584494234,17.948467281319981,17.948383000286618,17.948383000286618,-0.51723032355965504,8.4281033362887392e-05,8.4281033362887392e-05,1,true,true,0.0014160064257850991,0.0012436607252404031,0.0011593796918774046,0.0011593796918779526,-5.4795577797417394e-16,1.8189894035458565e-12,true
23,INEQ-WATER-D014-HYDRO04-LOWER,14,4,lower,7256,-1990.3999224219333,-1989.882776379407,1990.3985064221185,1989.8815327240948,1989.8816170051282,1989.8816170051282,0.51723032355965504,-8.4281033362887392e-05,-8.4281033362887392e-05,1,true,true,-0.001415999814753377,-0.0012436553122370242,-0.0011593742788136296,-0.0011593742789816682,1.6803854314961786e-13,1.1641532182693481e-10,true
23,INEQ-WATER-D015-HYDRO01-UPPER,15,1,upper,7257,-13.383455150156806,-13.837381323079171,13.395524584977476,13.847602527866547,13.847263381076029,13.847263381076029,-0.45426531971288397,0.00033914679051860741,0.00033914679051860741,1,true,true,0.012069434820670466,0.010221204787375981,0.0098820579968581512,0.0098820579968565917,1.5595164049031496e-15,9.0949470177292824e-13,true
23,INEQ-WATER-D015-HYDRO01-LOWER,15,1,lower,7258,-3872.6765448498409,-3872.2226186769185,3872.6644754255417,3872.2123974807459,3872.2127366275363,3872.2127366275363,0.45426531971288397,-0.00033914679051860741,-0.00033914679051860741,1,true,true,-0.01206942429917035,-0.010221196172551572,-0.0098820493822131539,-0.0098820493821968405,-1.6313339568085894e-14,2.3283064365386963e-10,true
23,INEQ-WATER-D015-HYDRO02-UPPER,15,2,upper,7259,-13.099239232164109,-13.547214013466146,13.109434668868523,13.555903741514864,13.555561703172689,13.555561703172689,-0.44831681964421199,0.00034203834217527707,0.00034203834217527707,1,true,true,0.010195436704414362,0.0086897280487185924,0.0083476897065430933,0.0083476897065430534,3.9898639947466563e-17,9.0949470177292824e-13,true
23,INEQ-WATER-D015-HYDRO02-LOWER,15,2,lower,7260,-3814.3007607678373,-3813.8527859865353,3814.2905653418798,3813.8440962672857,3813.844438305628,3813.844438305628,0.44831681964421199,-0.00034203834217527707,-0.00034203834217527707,1,true,true,-0.010195425957590487,-0.0086897192495598574,-0.008347680907263566,-0.0083476809073955889,1.3202286486269088e-13,2.3283064365386963e-10,true
23,INEQ-WATER-D015-HYDRO03-UPPER,15,3,upper,7261,-16.029552887514001,-16.378855861916236,16.029963710141789,16.379310832378195,16.379192230030782,16.379192230030782,-0.34942157674965024,0.00011860234741511988,0.00011860234741511988,1,true,true,0.00041082262778857626,0.00045497046195919211,0.00033636811454584858,0.0003363681145429323,2.9162870035515098e-15,1.8189894035458565e-12,true
23,INEQ-WATER-D015-HYDRO03-LOWER,15,3,lower,7262,-1998.5004471124848,-1998.1511441380826,1998.500036296422,1998.1506891729957,1998.1508077753431,1998.1508077753431,0.34942157674965024,-0.00011860234741511988,-0.00011860234741511988,1,true,true,-0.00041081606286752503,-0.00045496508687392634,-0.00033636273951742623,-0.00033636273940055515,-1.1687108529209733e-13,1.1641532182693481e-10,true
23,INEQ-WATER-D015-HYDRO04-UPPER,15,4,upper,7263,-16.895782886036613,-17.252314744826435,16.896310129109068,17.252867398102868,17.252746434188683,17.252746434188683,-0.3566528227040055,0.00012096391418364716,0.00012096391418364716,1,true,true,0.00052724307245455293,0.00055265327643283513,0.00043168936224802223,0.00043168936224863931,-6.1707366647012485e-16,1.8189894035458565e-12,true
23,INEQ-WATER-D015-HYDRO04-LOWER,15,4,lower,7264,-2075.8142171139662,-2075.4576852551763,2075.8136898771991,2075.4571326070627,2075.4572535709767,2075.4572535709767,0.3566528227040055,-0.00012096391418364716,-0.00012096391418364716,1,true,true,-0.00052723676708410494,-0.00055264811362576438,-0.00043168419961148174,-0.00043168419961779668,6.3149355536418206e-15,2.3283064365386963e-10,true
23,INEQ-WATER-D016-HYDRO01-UPPER,16,1,upper,7265,-24.471299449549406,-25.615804260181903,24.473256897427564,25.617549436484133,25.617406954404558,25.617406954404558,-1.1446472927120721,0.00014248207957456849,0.00014248207957456849,1,true,true,0.0019574478781585469,0.0017451763022293676,0.0016026942226545771,0.0016026942226539224,6.5464127174674758e-16,1.8189894035458565e-12,true
23,INEQ-WATER-D016-HYDRO01-LOWER,16,1,lower,7266,-3802.41870055045,-3801.2741957398175,3802.4167431133064,3801.2724505723045,3801.2725930543838,3801.2725930543838,1.1446472927120721,-0.00014248207957456849,-0.00014248207957456849,1,true,true,-0.0019574371435737703,-0.0017451675130359945,-0.0016026854336814722,-0.0016026854335274296,-1.5404257730500248e-13,2.3283064365386963e-10,true
23,INEQ-WATER-D016-HYDRO02-UPPER,16,2,upper,7267,-24.646414261740574,-25.798902864262345,24.648399031870113,25.800670772038746,25.800527929049718,25.800527929049718,-1.1526314455108002,0.00014284298902911274,0.00014284298902911274,1,true,true,0.0019847701295390152,0.00176790777640079,0.0016250647873725654,0.0016250647873703474,2.218060804470845e-15,1.8189894035458565e-12,true
23,INEQ-WATER-D016-HYDRO02-LOWER,16,2,lower,7268,-3816.1135857382542,-3814.9610971357324,3816.1116009788225,3814.9593292367149,3814.959472079704,3814.959472079704,1.1526314455108002,-0.00014284298902911274,-0.00014284298902911274,1,true,true,-0.0019847594317070616,-0.0017678990175227227,-0.0016250560283879167,-0.0016250560283358627,-5.2054064184070548e-14,2.3283064365386963e-10,true
23,INEQ-WATER-D016-HYDRO03-UPPER,16,3,upper,7269,-22.827850142544776,-23.757204049514257,22.827896177667075,23.757253328466675,23.757241741564897,23.757241741564897,-0.92936549387125966,1.1586901778048997e-05,1.1586901778048997e-05,1,true,true,4.6035122299059594e-05,4.9278952417353139e-05,3.7692050639748231e-05,3.7692050639569372e-05,1.7885947714221806e-16,1.8189894035458565e-12,true
23,INEQ-WATER-D016-HYDRO03-LOWER,16,3,lower,7270,-2006.9221498574552,-2005.9927959504857,2006.9221038288431,2005.9927466768636,2005.9927582637654,2005.9927582637654,0.92936549387125966,-1.1586901778048997e-05,-1.1586901778048997e-05,1,true,true,-4.602861213243159e-05,-4.9273622153123142e-05,-3.768672036130738e-05,-3.7686720328320915e-05,-3.2986464850847524e-14,1.1641532182693481e-10,true
23,INEQ-WATER-D016-HYDRO04-UPPER,16,4,upper,7271,-23.701049787956435,-24.667322956578573,23.701102444819671,24.667379322353703,24.667366070293852,24.667366070293852,-0.96628642068199,1.3252059852253417e-05,1.3252059852253417e-05,1,true,true,5.2656863235966966e-05,5.6365775130018392e-05,4.3113715278764175e-05,4.3113715278464461e-05,2.9971413805646163e-16,1.8189894035458565e-12,true
23,INEQ-WATER-D016-HYDRO04-LOWER,16,4,lower,7272,-2047.5489502120436,-2046.5826770434214,2047.5488975615631,2046.5826206828722,2046.5826339349321,2046.5826339349321,0.96628642068199,-1.3252059852253417e-05,-1.3252059852253417e-05,1,true,true,-5.2650480483862339e-05,-5.6360549251621705e-05,-4.3108489307996933e-05,-4.3108489290055332e-05,-1.7941601166988203e-14,1.1641532182693481e-10,true
23,INEQ-WATER-D017-HYDRO01-UPPER,17,1,upper,7273,-17.775233488900994,-18.58562594633986,17.777841256177116,18.597230983521772,18.587761100789741,18.587761100789741,-0.81986234017089465,0.009469882732028978,0.009469882732028978,1,true,true,0.002607767276121109,0.011605037181912081,0.0021351544498813269,0.0021351544498835104,-2.1835831753858059e-15,1.8189894035458565e-12,true
23,INEQ-WATER-D017-HYDRO01-LOWER,17,1,lower,7274,-3839.6647665111013,-3838.8543740536625,3839.6621587544496,3838.8427690251792,3838.8522389079112,3838.8522389079112,0.81986234017089465,-0.009469882732028978,-0.009469882732028978,1,true,true,-0.0026077566517415107,-0.011605028483245405,-0.0021351457512537309,-0.0021351457509894089,-2.6432198443893107e-13,2.3283064365386963e-10,true
23,INEQ-WATER-D017-HYDRO02-UPPER,17,2,upper,7275,-17.614254440857621,-18.420060343843943,17.616801581480122,18.431548629763789,18.422145859175167,18.422145859175167,-0.81520867357494398,0.0094027705886223778,0.0094027705886223778,1,true,true,0.0025471406225001658,0.011488285919845964,0.0020855153312240304,0.0020855153312222597,1.7707189881033258e-15,1.8189894035458565e-12,true
23,INEQ-WATER-D017-HYDRO02-LOWER,17,2,lower,7276,-3827.0757455591447,-3826.2699396561584,3827.0731984292065,3826.2584513789866,3826.2678541495752,3826.2678541495752,0.81520867357494398,-0.0094027705886223778,-0.0094027705886223778,1,true,true,-0.0025471299381933932,-0.011488277171793015,-0.0020855065831710817,-0.0020855065832617501,9.0668358238010782e-14,2.3283064365386963e-10,true
23,INEQ-WATER-D017-HYDRO03-UPPER,17,3,upper,7277,-18.949783201391256,-19.58684259794245,18.949826192023441,19.587575176289768,19.586877797264282,19.586877797264282,-0.6377567755766812,0.00069737902548683284,0.00069737902548683284,1,true,true,4.2990632184825017e-05,0.00073257834731776938,3.5199321832379837e-05,3.5199321831075637e-05,1.3042003458099694e-15,1.8189894035458565e-12,true
23,INEQ-WATER-D017-HYDRO03-LOWER,17,3,lower,7278,-1984.470216798607,-1983.8331574020558,1984.4701738145798,1983.8324248291165,1983.833122208142,1983.833122208142,0.6377567755766812,-0.00069737902548683284,-0.00069737902548683284,1,true,true,-4.2984027231796063e-05,-0.00073257293934148038,-3.5193913845432689e-05,-3.5193913911826025e-05,6.6393335870339881e-14,1.1641532182693481e-10,true
23,INEQ-WATER-D017-HYDRO04-UPPER,17,4,upper,7279,-19.522114737163065,-20.17317092502708,19.522164841969833,20.174019709468105,20.173211949202091,20.173211949202091,-0.65186394813002713,0.00080776026601248052,0.00080776026601248052,1,true,true,5.0104806767592436e-05,0.00084878444102542971,4.1024175011727948e-05,4.1024175013618058e-05,-1.890109976084714e-15,1.8189894035458565e-12,true
23,INEQ-WATER-D017-HYDRO04-LOWER,17,4,lower,7280,-2014.9578852628365,-2014.3068290749725,2014.957835164545,2014.305980295866,2014.3067880561321,2014.3067880561321,0.65186394813002713,-0.00080776026601248052,-0.00080776026601248052,1,true,true,-5.0098291467293166e-05,-0.00084877910649083788,-4.101884042029269e-05,-4.101884049908768e-05,7.8794989196578902e-14,1.1641532182693481e-10,true
23,INEQ-WATER-D018-HYDRO01-UPPER,18,1,upper,7281,-1.9189090072104591,-2.127701711433474,2.134266429604565,2.3083993454684881,2.3040293166422385,2.3040293166422385,-0.21316273304926464,0.0043700288262497611,0.0043700288262497611,1,true,true,0.21535742239410594,0.18069763403501415,0.17632760520876456,0.1763276052087645,5.5511151231257827e-17,2.2737367544323206e-13,true
23,INEQ-WATER-D018-HYDRO01-LOWER,18,1,lower,7282,-3872.6910909927901,-3872.4822982885671,3872.4757335809586,3872.3016006631806,3872.3059706920067,3872.3059706920067,0.21316273304926464,-0.0043700288262497611,-0.0043700288262497611,1,true,true,-0.21535741183151913,-0.18069762538652867,-0.17632759656044072,-0.17632759656046432,2.3592239273284576e-14,2.3283064365386963e-10,true
23,INEQ-WATER-D018-HYDRO02-UPPER,18,2,upper,7283,-1.6155947929655667,-1.8400521189178107,1.8450319245321245,2.0324345931109398,2.0279077289327949,2.0279077289327949,-0.22898419013038893,0.0045268641781449348,0.0045268641781449348,1,true,true,0.22943713156655776,0.19238247419312904,0.18785561001498419,0.18785561001498405,1.3877787807814457e-16,2.2737367544323206e-13,true
23,INEQ-WATER-D018-HYDRO02-LOWER,18,2,lower,7284,-3896.3644052070376,-3896.1399478810854,3896.1349680859626,3895.9475654154821,3895.9520922796601,3895.9520922796601,0.22898419013038893,-0.0045268641781449348,-0.0045268641781449348,1,true,true,-0.22943712107507963,-0.19238246560325933,-0.18785560142532631,-0.18785560142490532,-4.2099657093785936e-13,2.3283064365386963e-10,true
23,INEQ-WATER-D018-HYDRO03-UPPER,18,3,upper,7285,-10.307268913886219,-10.130800624861877,10.314790788524363,10.137942919678876,10.136959289498925,10.136959289498925,0.17548465884439152,0.00098363017995056756,0.00098363017995056756,1,true,true,0.0075218746381437995,0.0071422948169992395,0.0061586646370486164,0.006158664637048227,3.8944542035679319e-16,9.0949470177292824e-13,true
23,INEQ-WATER-D018-HYDRO03-LOWER,18,3,lower,7286,-1990.7027310861158,-1990.8791993751402,1990.6952092180913,1990.8720570857383,1990.8730407159183,1990.8730407159183,-0.17548465884439152,-0.00098363017995056756,-0.00098363017995056756,1,true,true,-0.0075218680244688585,-0.007142289401826929,-0.0061586592219100567,-0.0061586592219877619,7.7705203382905097e-14,1.1641532182693481e-10,true
23,INEQ-WATER-D018-HYDRO04-UPPER,18,4,upper,7287,-10.329881506804668,-10.152910955046536,10.337513637284721,10.160149189792563,10.159159893556422,10.159159893556422,0.17598125552199137,0.00098929623614010809,0.00098929623614010809,1,true,true,0.0076321304800526235,0.0072382347460262508,0.0062489385098860595,0.0062489385098868505,-7.9103390504542404e-16,9.0949470177292824e-13,true
23,INEQ-WATER-D018-HYDRO04-LOWER,18,4,lower,7288,-1996.7101184931926,-1996.8870890449507,1996.7024863693268,1996.8798508156203,1996.8808401118565,1996.8808401118565,-0.17598125552199137,-0.00098929623614010809,-0.00098929623614010809,1,true,true,-0.0076321238657328649,-0.0072382293303689949,-0.0062489330941843946,-0.0062489330942984292,1.1403464977854938e-13,1.1641532182693481e-10,true
23,INEQ-WATER-D019-HYDRO01-UPPER,19,1,upper,7289,-8.6628775703356951,-8.9102070120934513,8.7092159769047015,8.9484240605793719,8.9481473819616912,8.9481473819616912,-0.24760612037543756,0.00027667861768126967,0.00027667861768126967,1,true,true,0.046338406569006452,0.038217048485920557,0.037940369868239898,0.037940369868239156,7.4246164771807344e-16,9.0949470177292824e-13,true
23,INEQ-WATER-D019-HYDRO01-LOWER,19,1,lower,7290,-3851.2171224296617,-3850.9697929879039,3851.170784033709,3850.9315759481101,3850.931852626728,3850.931852626728,0.24760612037543756,-0.00027667861768126967,-0.00027667861768126967,1,true,true,-0.046338395952716382,-0.038217039793835283,-0.037940361175969883,-0.037940361175968496,-1.3877787807814457e-15,2.3283064365386963e-10,true
23,INEQ-WATER-D019-HYDRO02-UPPER,19,2,upper,7291,-8.6044912222641869,-8.8511850422146381,8.6499690598737384,8.8886991210594246,8.8884208063996795,8.8884208063996795,-0.24697213461019693,0.00027831465974578751,0.00027831465974578751,1,true,true,0.045477837609551486,0.037514078844786525,0.037235764185041376,0.037235764185041466,-9.0205620750793969e-17,9.0949470177292824e-13,true
23,INEQ-WATER-D019-HYDRO02-LOWER,19,2,lower,7292,-3818.9455087777387,-3818.6988149577883,3818.9000309508751,3818.6613008877421,3818.6615792024018,3818.6615792024018,0.24697213461019693,-0.00027831465974578751,-0.00027831465974578751,1,true,true,-0.045477826863589144,-0.037514070046199777,-0.037235755386518576,-0.037235755386599394,8.0817297298807489e-14,2.3283064365386963e-10,true
23,INEQ-WATER-D019-HYDRO03-UPPER,19,3,upper,7293,-12.812003646842641,-12.957428372421418,12.814827337588296,12.959822642972105,12.959740317937372,12.959740317937372,-0.14550705061350985,8.2325034732128044e-05,8.2325034732128044e-05,1,true,true,0.0028236907456555826,0.0023942705506865281,0.0023119455159541502,0.0023119455159546255,-4.7531423241764514e-16,9.0949470177292824e-13,true
23,INEQ-WATER-D019-HYDRO03-LOWER,19,3,lower,7294,-2022.7379963531566,-2022.5925716275779,2022.7351726689001,2022.5901773623402,2022.590259687375,2022.590259687375,0.14550705061350985,-8.2325034732128044e-05,-8.2325034732128044e-05,1,true,true,-0.0028236842565547704,-0.002394265237626314,-0.0023119402028441982,-0.0023119402028913771,4.7178840695272228e-14,1.1641532182693481e-10,true
23,INEQ-WATER-D019-HYDRO04-UPPER,19,4,upper,7295,-12.76279665516995,-12.909117750907171,12.765564935706989,12.911466814624111,12.911384328358812,12.911384328358812,-0.14640358200251943,8.2486265298248318e-05,8.2486265298248318e-05,1,true,true,0.0027682805370385921,0.0023490637169398809,0.0022665774516408277,0.0022665774516411876,-3.5995512126518747e-16,9.0949470177292824e-13,true
23,INEQ-WATER-D019-HYDRO04-LOWER,19,4,lower,7296,-2016.9072033448319,-2016.7608822490947,2016.9044350708273,2016.7585331907262,2016.7586156769914,2016.7586156769914,0.14640358200251943,-8.2486265298248318e-05,-8.2486265298248318e-05,1,true,true,-0.0027682740046657273,-0.0023490583685088495,-0.0022665721032808506,-0.0022665721031481997,-1.3265083476099448e-13,1.1641532182693481e-10,true
23,INEQ-WATER-D020-HYDRO01-UPPER,20,1,upper,7297,-12.029184944891313,-12.455898218009679,12.04824513993962,12.472069163488467,12.47150408155651,12.47150408155651,-0.42727835505032202,0.00056508193195553558,0.00056508193195553558,1,true,true,0.019060195048307804,0.016170945478787502,0.015605863546831245,0.01560586354683287,-1.6254358969902682e-15,9.0949470177292824e-13,true
23,INEQ-WATER-D020-HYDRO01-LOWER,20,1,lower,7298,-3817.2208150551087,-3816.7941017819903,3817.2017548707859,3816.7779308452932,3816.7784959272253,3816.7784959272253,0.42727835505032202,-0.00056508193195553558,-0.00056508193195553558,1,true,true,-0.01906018432282508,-0.016170936697108118,-0.015605854764999094,-0.01560585476515884,1.5974548073227623e-13,2.3283064365386963e-10,true
23,INEQ-WATER-D020-HYDRO02-UPPER,20,2,upper,7299,-12.204698117056978,-12.636189376549737,12.22471430595126,12.65316397639552,12.652577976551997,12.652577976551997,-0.43207725933628183,0.00058599984352269985,0.00058599984352269985,1,true,true,0.020016188894281584,0.016974599845783089,0.016388600002260389,0.016388600002260868,-4.7878367936959876e-16,9.0949470177292824e-13,true
23,INEQ-WATER-D020-HYDRO02-LOWER,20,2,lower,7300,-3866.3253018829419,-3865.8938106234491,3866.3052857046096,3865.876836032251,3865.8774220320947,3865.8774220320947,0.43207725933628183,-0.00058599984352269985,-0.00058599984352269985,1,true,true,-0.020016178332298296,-0.016974591198049893,-0.016388591354370874,-0.016388591354454824,8.3950207896421603e-14,2.3283064365386963e-10,true
23,INEQ-WATER-D020-HYDRO03-UPPER,20,3,upper,7301,-15.323264819402539,-15.636510949385411,15.324610391680981,15.637881828379289,15.63761265990393,15.63761265990393,-0.31351529845823073,0.00026916847535879418,0.00026916847535879418,1,true,true,0.0013455722784421198,0.0013708789938782218,0.001101710518518928,0.0011017105185202728,-1.3448443747510197e-15,9.0949470177292824e-13,true
23,INEQ-WATER-D020-HYDRO03-LOWER,20,3,lower,7302,-1990.0567351805985,-1989.7434890506156,1990.0553896149183,1989.7421181770242,1989.7423873454995,1989.7423873454995,0.31351529845823073,-0.00026916847535879418,-0.00026916847535879418,1,true,true,-0.0013455656801397708,-0.0013708735914406134,-0.0011017051160706615,-0.0011017051160463821,-2.4279406610205889e-14,1.1641532182693481e-10,true
23,INEQ-WATER-D020-HYDRO04-UPPER,20,4,upper,7303,-15.561762622186507,-15.877148560513888,15.563187434857742,15.878572235042805,15.878315150471165,15.878315150471165,-0.31564302289902063,0.00025708457163947651,0.00025708457163947651,1,true,true,0.0014248126712352871,0.0014236745289171182,0.0011665899572772531,0.0011665899572769814,2.7170106442486741e-16,9.0949470177292824e-13,true
23,INEQ-WATER-D020-HYDRO04-LOWER,20,4,lower,7304,-2013.2982373778141,-2012.9828514394867,2013.2968125716782,2012.9814277703088,2012.9816848548803,2012.9816848548803,0.31564302289902063,-0.00025708457163947651,-0.00025708457163947651,1,true,true,-0.0014248061359012354,-0.0014236691779387911,-0.0011665846063806384,-0.0011665846063594705,-2.1167963215606989e-14,1.1641532182693481e-10,true
24,INEQ-WATER-D014-HYDRO01-UPPER,14,1,upper,7249,-15.769417082265136,-17.497247966173745,15.788978074261312,17.514333175266835,17.513575112106324,17.513575112106324,-1.7285889470691194,0.00075806316050996969,0.00075806316050996969,1,true,true,0.019560991996176114,0.017085209093089304,0.016327145932578446,0.016327145932578065,3.8163916471489756e-16,1.8189894035458565e-12,true
24,INEQ-WATER-D014-HYDRO01-LOWER,14,1,lower,7250,-3875.7805829177378,-3874.0527520338292,3875.7610219343401,3874.0356668319132,3874.0364248950737,3874.0364248950737,1.7285889470691194,-0.00075806316050996969,-0.00075806316050996969,1,true,true,-0.019560983397695964,-0.017085201915961079,-0.01632713875551417,-0.016327138755608702,9.4532021099880126e-14,2.3283064365386963e-10,true
24,INEQ-WATER-D014-HYDRO02-UPPER,14,2,upper,7251,-15.383188293926651,-17.109393386323063,15.401082966245674,17.125059180791819,17.124329690495443,17.124329690495443,-1.7269345826927884,0.00072949029637592311,0.00072949029637592311,1,true,true,0.017894672319023641,0.015665794468755934,0.014936304172380233,0.014936304172379337,8.9511731360403246e-16,1.8189894035458565e-12,true
24,INEQ-WATER-D014-HYDRO02-LOWER,14,2,lower,7252,-3818.7768117060696,-3817.0506066136732,3818.7589170425294,3817.034940826532,3817.0356703168281,3817.0356703168281,1.7269345826927884,-0.00072949029637592311,-0.00072949029637592311,1,true,true,-0.017894663540118927,-0.015665787141188048,-0.014936296845007746,-0.014936296844813414,-1.9433239739630181e-13,2.3283064365386963e-10,true
24,INEQ-WATER-D014-HYDRO03-UPPER,14,3,upper,7253,-17.949633022879425,-19.419009410685248,17.950793023186836,19.420251972492789,19.419977638385799,19.419977638385799,-1.4696507219128139,0.00027433410699040373,0.00027433410699040373,1,true,true,0.0011600003074114795,0.0012425618075404543,0.00096822770055027263,0.00096822770055041347,-1.4083786220586703e-16,1.8189894035458565e-12,true
24,INEQ-WATER-D014-HYDRO03-LOWER,14,3,lower,7254,-1987.5603669771226,-1986.0909905893168,1987.5592069822173,1986.0897480320184,1986.0900223661254,1986.0900223661254,1.4696507219128139,-0.00027433410699040373,-0.00027433410699040373,1,true,true,-0.0011599949052651937,-0.0012425572983829625,-0.0009682231914212025,-0.00096822319149326671,7.2064207899680266e-14,1.1641532182693481e-10,true
24,INEQ-WATER-D014-HYDRO04-UPPER,14,4,upper,7255,-17.947223620594741,-19.419500918542326,17.948383000286618,19.420743066900815,19.420468628228228,19.420468628228228,-1.4725517366201721,0.00027443867258725163,0.00027443867258725163,1,true,true,0.0011593796918774046,0.0012421483584894588,0.00096770968590220718,0.00096770968590193115,2.7603787311480943e-16,1.8189894035458565e-12,true
24,INEQ-WATER-D014-HYDRO04-LOWER,14,4,lower,7256,-1989.882776379407,-1988.4104990814594,1989.8816170051282,1988.4092569376191,1988.4095313762916,1988.4095313762916,1.4725517366201721,-0.00027443867258725163,-0.00027443867258725163,1,true,true,-0.0011593742788136296,-0.0012421438402725471,-0.00096770516779542959,-0.00096770516773218732,-6.3242271662600213e-14,1.1641532182693481e-10,true
24,INEQ-WATER-D015-HYDRO01-UPPER,15,1,upper,7257,-13.837381323079171,-14.710439699898416,13.847263381076029,14.718805428657562,14.718688044515112,14.718688044515112,-0.8731757609616948,0.00011738414245021644,0.00011738414245021644,1,true,true,0.0098820579968581512,0.0083657287591467622,0.0082483446166961016,0.0082483446166965266,-4.2500725161431774e-16,9.0949470177292824e-13,true
24,INEQ-WATER-D015-HYDRO01-LOWER,15,1,lower,7258,-3872.2226186769185,-3871.3495603000993,3872.2127366275363,3871.3411945785306,3871.341311962673,3871.341311962673,0.8731757609616948,-0.00011738414245021644,-0.00011738414245021644,1,true,true,-0.0098820493822131539,-0.0083657215686798736,-0.0082483374262665166,-0.0082483374262347104,-3.1806154932034758e-14,2.3283064365386963e-10,true
24,INEQ-WATER-D015-HYDRO02-UPPER,15,2,upper,7259,-13.547214013466146,-14.420612761707162,13.555561703172689,14.427697349428465,14.427580401592975,14.427580401592975,-0.87351569607650681,0.00011694783549109911,0.00011694783549109911,1,true,true,0.0083476897065430933,0.0070845877213034925,0.0069676398858131705,0.0069676398858121462,1.0243542125643046e-15,9.0949470177292824e-13,true
24,INEQ-WATER-D015-HYDRO02-LOWER,15,2,lower,7260,-3813.8527859865353,-3812.9793872382943,3813.844438305628,3812.9723026579177,3812.9724196057532,3812.9724196057532,0.87351569607650681,-0.00011694783549109911,-0.00011694783549109911,1,true,true,-0.008347680907263566,-0.0070845803766133031,-0.0069676325410910067,-0.0069676325412397965,1.4878983461974471e-13,2.3283064365386963e-10,true
24,INEQ-WATER-D015-HYDRO03-UPPER,15,3,upper,7261,-16.378855861916236,-17.134585503168637,16.379192230030782,17.134909334962568,17.13486626251327,17.13486626251327,-0.75577271370169796,4.3072449296910342e-05,4.3072449296910342e-05,1,true,true,0.00033636811454584858,0.00032383179393136174,0.0002807593446334522,0.00028075934463496515,-1.5129499215948972e-15,1.8189894035458565e-12,true
24,INEQ-WATER-D015-HYDRO03-LOWER,15,3,lower,7262,-1998.1511441380826,-1997.3954144968302,1998.1508077753431,1997.3950906695227,1997.3951337419719,1997.3951337419719,0.75577271370169796,-4.3072449296910342e-05,-4.3072449296910342e-05,1,true,true,-0.00033636273951742623,-0.00032382730751123745,-0.00028075485829504032,-0.00028075485821252495,-8.2515374741354286e-14,1.1641532182693481e-10,true
24,INEQ-WATER-D015-HYDRO04-UPPER,15,4,upper,7263,-17.252314744826435,-18.007884528091381,17.252746434188683,18.008280664188042,18.008244850063619,18.008244850063619,-0.75560559738936972,3.5814124423994009e-05,3.5814124423994009e-05,1,true,true,0.00043168936224802223,0.00039613609666133698,0.00036032197223789808,0.00036032197223652282,1.3752562456892381e-15,1.8189894035458565e-12,true
24,INEQ-WATER-D015-HYDRO04-LOWER,15,4,lower,7264,-2075.4576852551763,-2074.7021154719114,2075.4572535709767,2074.7017193401239,2074.7017551542481,2074.7017551542481,0.75560559738936972,-3.5814124423994009e-05,-3.5814124423994009e-05,1,true,true,-0.00043168419961148174,-0.00039613178751096711,-0.00036031766330779647,-0.00036031766309309034,-2.1470612831045455e-13,2.3283064365386963e-10,true
24,INEQ-WATER-D016-HYDRO01-UPPER,16,1,upper,7265,-25.615804260181903,-35.097108049565577,25.617406954404558,35.098616719528962,35.098445784505792,35.098445784505792,-9.4814747244068425,0.00017093502316889442,0.00017093502316889442,1,true,true,0.0016026942226545771,0.0015086699633855005,0.0013377349402148297,0.0013377349402165486,-1.7188941242585187e-15,3.637978807091713e-12,true
24,INEQ-WATER-D016-HYDRO01-LOWER,16,1,lower,7266,-3801.2741957398175,-3791.7928919504338,3801.2725930543838,3791.7913832878066,3791.7915542228297,3791.7915542228297,9.4814747244068425,-0.00017093502316889442,-0.00017093502316889442,1,true,true,-0.0016026854336814722,-0.0015086626272022841,-0.0013377276040955621,-0.0013377276042467517,1.5118960770832413e-13,2.3283064365386963e-10,true
24,INEQ-WATER-D016-HYDRO02-UPPER,16,2,upper,7267,-25.798902864262345,-35.306540980280261,25.800527929049718,35.308071043327217,35.307897387457288,35.307897387457288,-9.5078117718878445,0.00017365586992923454,0.00017365586992923454,1,true,true,0.0016250647873725654,0.0015300630469567977,0.0013564071770275632,0.0013564071770241798,3.3833612994582651e-15,3.637978807091713e-12,true
24,INEQ-WATER-D016-HYDRO02-LOWER,16,2,lower,7268,-3814.9610971357324,-3805.4534590197145,3814.959472079704,3805.4519289639784,3805.4521026198481,3805.4521026198481,9.5078117718878445,-0.00017365586992923454,-0.00017365586992923454,1,true,true,-0.0016250560283879167,-0.0015300557361115352,-0.0013563998663812527,-0.0013563998660851124,-2.9614028243529766e-13,2.3283064365386963e-10,true
24,INEQ-WATER-D016-HYDRO03-UPPER,16,3,upper,7269,-23.757204049514257,-29.652977455632936,23.757241741564897,29.653040371511356,29.653008916389702,29.653008916389702,-5.8958048612403324,3.1455121654033746e-05,3.1455121654033746e-05,1,true,true,3.7692050639748231e-05,6.2915878420000126e-05,3.146075676596638e-05,3.1460756765996026e-05,-2.9646153153900512e-17,1.8189894035458565e-12,true
24,INEQ-WATER-D016-HYDRO03-LOWER,16,3,lower,7270,-2005.9927959504857,-2000.0970225443671,2005.9927582637654,2000.0969596329378,2000.0969910880594,2000.0969910880594,5.8958048612403324,-3.1455121654033746e-05,-3.1455121654033746e-05,1,true,true,-3.768672036130738e-05,-6.2911429267842323e-05,-3.1456307624466717e-05,-3.1456307695418107e-05,7.0951389566104722e-14,1.1641532182693481e-10,true
24,INEQ-WATER-D016-HYDRO04-UPPER,16,4,upper,7271,-24.667322956578573,-30.710186015876388,24.667366070293852,30.71025732894859,30.710222001981858,30.710222001981858,-6.0428983862645467,3.532696673147484e-05,3.532696673147484e-05,1,true,true,4.3113715278764175e-05,7.1313072201206751e-05,3.598610546973191e-05,3.5986105468966504e-05,7.6540607619329792e-16,1.8189894035458565e-12,true
24,INEQ-WATER-D016-HYDRO04-LOWER,16,4,lower,7272,-2046.5826770434214,-2040.5398139841236,2046.5826339349321,2040.5397426754134,2040.5397780023802,2040.5397780023802,6.0428983862645467,-3.532696673147484e-05,-3.532696673147484e-05,1,true,true,-4.3108489307996933e-05,-7.1308710175799206e-05,-3.5981743394586374e-05,-3.598174346179566e-05,6.7209286096561738e-14,1.1641532182693481e-10,true
24,INEQ-WATER-D017-HYDRO01-UPPER,17,1,upper,7273,-18.58562594633986,-20.856533534024493,18.587761100789741,20.859797417726654,20.858315702244724,20.858315702244724,-2.2723893031665616,0.0014817154819288803,0.0014817154819288803,1,true,true,0.0021351544498813269,0.0032638837021607969,0.0017821682202310285,0.0017821682202324232,-1.3947176746853529e-15,1.8189894035458565e-12,true
24,INEQ-WATER-D017-HYDRO01-LOWER,17,1,lower,7274,-3838.8543740536625,-3836.5834664659778,3838.8522389079112,3836.5802025895364,3836.5816843050184,3836.5816843050184,2.2723893031665616,-0.0014817154819288803,-0.0014817154819288803,1,true,true,-0.0021351457512537309,-0.0032638764414514299,-0.001782160959464818,-0.0017821609596721101,2.0729208280445555e-13,2.3283064365386963e-10,true
24,INEQ-WATER-D017-HYDRO02-UPPER,17,2,upper,7275,-18.420060343843943,-20.691099206029321,18.422145859175167,20.694291505229405,20.692839941528021,20.692839941528021,-2.2724904258867609,0.0014515637013827742,0.0014515637013827742,1,true,true,0.0020855153312240304,0.0031922992000836814,0.001740735498700019,0.0017407354986996569,3.6212352561015848e-16,1.8189894035458565e-12,true
24,INEQ-WATER-D017-HYDRO02-LOWER,17,2,lower,7276,-3826.2699396561584,-3823.998900793973,3826.2678541495752,3823.9957085020746,3823.9971600657759,3823.9971600657759,2.2724904258867609,-0.0014515637013827742,-0.0014515637013827742,1,true,true,-0.0020855065831710817,-0.0031922918983582349,-0.001740728197091812,-0.001740728196885048,-2.0676407634645511e-13,2.3283064365386963e-10,true
24,INEQ-WATER-D017-HYDRO03-UPPER,17,3,upper,7277,-19.58684259794245,-21.427477354907751,19.586877797264282,21.427537198948386,21.427506735036552,21.427506735036552,-1.8406652208771357,3.0463911834921475e-05,3.0463911834921475e-05,1,true,true,3.5199321832379837e-05,5.9844040634970952e-05,2.9380128800937655e-05,2.9380128799060549e-05,1.877106326278466e-15,1.8189894035458565e-12,true
24,INEQ-WATER-D017-HYDRO03-LOWER,17,3,lower,7278,-1983.8331574020558,-1981.9925226450905,1983.833122208142,1981.9924628055637,1981.9924932694755,1981.9924932694755,1.8406652208771357,-3.0463911834921475e-05,-3.0463911834921475e-05,1,true,true,-3.5193913845432689e-05,-5.9839526784344343e-05,-2.9375614985838183e-05,-2.9375614866837437e-05,-1.1900074635006093e-13,1.1641532182693481e-10,true
24,INEQ-WATER-D017-HYDRO04-UPPER,17,4,upper,7279,-20.17317092502708,-22.030261790216173,20.173211949202091,22.030330348993335,22.030296032226616,22.030296032226616,-1.8571251819558128,3.4316766719610925e-05,3.4316766719610925e-05,1,true,true,4.1024175011727948e-05,6.8558777162053275e-05,3.4242010443108484e-05,3.4242010441548269e-05,1.5602143600516871e-15,1.8189894035458565e-12,true
24,INEQ-WATER-D017-HYDRO04-LOWER,17,4,lower,7280,-2014.3068290749725,-2012.4497382097834,2014.3067880561321,2012.4496696554588,2012.4497039722255,2012.4497039722255,1.8571251819558128,-3.4316766719610925e-05,-3.4316766719610925e-05,1,true,true,-4.101884042029269e-05,-6.855432457086863e-05,-3.4237557883898262e-05,-3.4237557771005223e-05,-1.1289303910103077e-13,1.1641532182693481e-10,true
24,INEQ-WATER-D018-HYDRO01-UPPER,18,1,upper,7281,-2.127701711433474,-2.2582989665024797,2.3040293166422385,2.4059623812304429,2.4054758858912457,2.4054758858912457,-0.13108375040820305,0.00048649533919728483,0.00048649533919728483,1,true,true,0.17632760520876456,0.14766341472796318,0.14717691938876598,0.14717691938876609,-1.1102230246251565e-16,2.2737367544323206e-13,true
24,INEQ-WATER-D018-HYDRO01-LOWER,18,1,lower,7282,-3872.4822982885671,-3872.3517010334981,3872.3059706920067,3872.2040376259888,3872.2045241213282,3872.2045241213282,0.13108375040820305,-0.00048649533919728483,-0.00048649533919728483,1,true,true,-0.17632759656044072,-0.14766340750929885,-0.14717691216992534,-0.14717691217019327,2.679245714176659e-13,2.3283064365386963e-10,true
24,INEQ-WATER-D018-HYDRO02-UPPER,18,2,upper,7283,-1.8400521189178107,-1.9781188300112262,2.0279077289327949,2.1354323579174674,2.134917930975416,2.134917930975416,-0.13858113803546707,0.00051442694205156014,0.00051442694205156014,1,true,true,0.18785561001498419,0.1573135279062412,0.15679910096418981,0.15679910096418945,3.6082248300317588e-16,2.2737367544323206e-13,true
24,INEQ-WATER-D018-HYDRO02-LOWER,18,2,lower,7284,-3896.1399478810854,-3896.001881169992,3895.9520922796601,3895.8445676492552,3895.8450820761973,3895.8450820761973,0.13858113803546707,-0.00051442694205156014,-0.00051442694205156014,1,true,true,-0.18785560142532631,-0.15731352073680682,-0.15679909379468882,-0.15679909379458384,-1.0497158697830855e-13,2.3283064365386963e-10,true
24,INEQ-WATER-D018-HYDRO03-UPPER,18,3,upper,7285,-10.130800624861877,-10.076417838285124,10.136959289498925,10.081689932339193,10.0815583452849,10.0815583452849,0.054251199522458951,0.00013158705429359985,0.00013158705429359985,1,true,true,0.0061586646370486164,0.005272094054069143,0.0051405069997763064,0.005140506999775747,5.5944832100252029e-16,9.0949470177292824e-13,true
24,INEQ-WATER-D018-HYDRO03-LOWER,18,3,lower,7286,-1990.8791993751402,-1990.9335821617169,1990.8730407159183,1990.9283100721827,1990.928441659237,1990.928441659237,-0.054251199522458951,-0.00013158705429359985,-0.00013158705429359985,1,true,true,-0.0061586592219100567,-0.0052720895341735741,-0.0051405024798896193,-0.0051405024798742245,-1.5394803487556175e-14,1.1641532182693481e-10,true
24,INEQ-WATER-D018-HYDRO04-UPPER,18,4,upper,7287,-10.152910955046536,-10.098385868332116,10.159159893556422,10.103734291179668,10.103601725022541,10.103601725022541,0.054392520557293031,0.00013256615712743669,0.00013256615712743669,1,true,true,0.0062489385098860595,0.0053484228475522144,0.0052158566904250137,0.0052158566904255904,-5.7679555576228836e-16,9.0949470177292824e-13,true
24,INEQ-WATER-D018-HYDRO04-LOWER,18,4,lower,7288,-1996.8870890449507,-1996.9416141316651,1996.8808401118565,1996.9362657133379,1996.9363982794951,1996.9363982794951,-0.054392520557293031,-0.00013256615712743669,-0.00013256615712743669,1,true,true,-0.0062489330941843946,-0.0053484183272303198,-0.0052158521700675919,-0.005215852170054055,-1.3536914644785014e-14,1.1641532182693481e-10,true
24,INEQ-WATER-D019-HYDRO01-UPPER,19,1,upper,7289,-8.9102070120934513,-9.297270705414121,8.9481473819616912,9.329070415975723,9.3289387289834682,9.3289387289834682,-0.38719538031292405,0.00013168699225435399,0.00013168699225435399,1,true,true,0.037940369868239898,0.031799710561601913,0.03166802356934717,0.031668023569348391,-1.2212453270876722e-15,9.0949470177292824e-13,true
24,INEQ-WATER-D019-HYDRO01-LOWER,19,1,lower,7290,-3850.9697929879039,-3850.5827292945833,3850.931852626728,3850.5509295912771,3850.5510612782691,3850.5510612782691,0.38719538031292405,-0.00013168699225435399,-0.00013168699225435399,1,true,true,-0.037940361175969883,-0.031799703306205629,-0.031668016314142733,-0.031668016314094619,-4.8114290329692722e-14,2.3283064365386963e-10,true
24,INEQ-WATER-D019-HYDRO02-UPPER,19,2,upper,7291,-8.8511850422146381,-9.2388848415357643,8.8884208063996795,9.2700971640673195,9.2699647456571448,9.2699647456571448,-0.38783221773130078,0.000132418410174584,0.000132418410174584,1,true,true,0.037235764185041376,0.031212322531555259,0.031079904121380508,0.03107990412137995,5.5858095926453188e-16,9.0949470177292824e-13,true
24,INEQ-WATER-D019-HYDRO02-LOWER,19,2,lower,7292,-3818.6988149577883,-3818.3111151584671,3818.6615792024018,3818.2799028432796,3818.2800352616896,3818.2800352616896,0.38783221773130078,-0.000132418410174584,-0.000132418410174584,1,true,true,-0.037235755386518576,-0.031212315187531203,-0.031079896777555405,-0.031079896777439227,-1.1617790063311872e-13,2.3283064365386963e-10,true
24,INEQ-WATER-D019-HYDRO03-UPPER,19,3,upper,7293,-12.957428372421418,-13.272664403011731,12.959740317937372,13.27462467784013,13.274594134992325,13.274594134992325,-0.31526657343811809,3.0542847805070661e-05,3.0542847805070661e-05,1,true,true,0.0023119455159541502,0.0019602748283986671,0.001929731980593985,0.0019297319805934164,5.6855561925139853e-16,9.0949470177292824e-13,true
24,INEQ-WATER-D019-HYDRO03-LOWER,19,3,lower,7294,-2022.5925716275779,-2022.2773355969875,2022.590259687375,2022.2753753265938,2022.2754058694416,2022.2754058694416,0.31526657343811809,-3.0542847805070661e-05,-3.0542847805070661e-05,1,true,true,-0.0023119402028441982,-0.0019602703937380284,-0.0019297275459848606,-0.0019297275458530125,-1.3184809147248622e-13,1.1641532182693481e-10,true
24,INEQ-WATER-D019-HYDRO04-UPPER,19,4,upper,7295,-12.909117750907171,-13.225647622140968,12.911384328358812,13.22757028248831,13.227539486358676,13.227539486358676,-0.31656066736343086,3.0796129633692271e-05,3.0796129633692271e-05,1,true,true,0.0022665774516408277,0.0019226603473416759,0.0018918642177077061,0.0018918642177076176,8.8470897274817162e-17,9.0949470177292824e-13,true
24,INEQ-WATER-D019-HYDRO04-LOWER,19,4,lower,7296,-2016.7608822490947,-2016.4443523778609,2016.7586156769914,2016.4424297219778,2016.4424605181073,2016.4424605181073,0.31656066736343086,-3.0796129633692271e-05,-3.0796129633692271e-05,1,true,true,-0.0022665721032808506,-0.0019226558831633156,-0.0018918597536412562,-0.0018918597535447642,-9.6492041787299421e-14,1.1641532182693481e-10,true
24,INEQ-WATER-D020-HYDRO01-UPPER,20,1,upper,7297,-12.455898218009679,-13.209116582598654,12.47150408155651,13.222612145665188,13.222142466540676,13.222142466540676,-0.75368804371348652,0.00046967912451201244,0.00046967912451201244,1,true,true,0.015605863546831245,0.013495563066534544,0.013025883942022531,0.013025883942022139,3.920475055707584e-16,9.0949470177292824e-13,true
24,INEQ-WATER-D020-HYDRO01-LOWER,20,1,lower,7298,-3816.7941017819903,-3816.0408834174013,3816.7784959272253,3816.0273878616649,3816.0278575407892,3816.0278575407892,0.75368804371348652,-0.00046967912451201244,-0.00046967912451201244,1,true,true,-0.015605854764999094,-0.013495555736426468,-0.013025876612118736,-0.013025876612012747,-1.0598986965870694e-13,2.3283064365386963e-10,true
24,INEQ-WATER-D020-HYDRO02-UPPER,20,2,upper,7299,-12.636189376549737,-13.390367356550996,12.652577976551997,13.404541611149883,13.404046574042617,13.404046574042617,-0.75467301710852486,0.0004950371072657278,0.0004950371072657278,1,true,true,0.016388600002260389,0.014174254598886549,0.013679217491620932,0.013679217491621199,-2.6714741530042829e-16,9.0949470177292824e-13,true
24,INEQ-WATER-D020-HYDRO02-LOWER,20,2,lower,7300,-3865.8938106234491,-3865.1396326434478,3865.8774220320947,3865.1254583960672,3865.1259534331743,3865.1259534331743,0.75467301710852486,-0.0004950371072657278,-0.0004950371072657278,1,true,true,-0.016388591354370874,-0.01417424738065165,-0.013679210273494391,-0.013679210273410887,-8.3504383963095563e-14,2.3283064365386963e-10,true
24,INEQ-WATER-D020-HYDRO03-UPPER,20,3,upper,7301,-15.636510949385411,-16.278825409190176,15.63761265990393,16.279837715518745,16.279744983637872,16.279744983637872,-0.64240719168563765,9.2731880871999017e-05,9.2731880871999017e-05,1,true,true,0.001101710518518928,0.0010123063285689682,0.00091957444769619201,0.00091957444769831369,-2.1216752313368836e-15,1.8189894035458565e-12,true
24,INEQ-WATER-D020-HYDRO03-LOWER,20,3,lower,7302,-1989.7434890506156,-1989.1011745908108,1989.7423873454995,1989.1001622889917,1989.1002550208725,1989.1002550208725,0.64240719168563765,-9.2731880871999017e-05,-9.2731880871999017e-05,1,true,true,-0.0011017051160706615,-0.0010123018191734445,-0.00091956993833264278,-0.00091956993838911009,5.6467309127172793e-14,1.1641532182693481e-10,true
24,INEQ-WATER-D020-HYDRO04-UPPER,20,4,upper,7303,-15.877148560513888,-16.52132704530959,15.878315150471165,16.522397191108109,16.522300773251388,16.522300773251388,-0.64427490265242426,9.6417856721875417e-05,9.6417856721875417e-05,1,true,true,0.0011665899572772531,0.0010701457985184959,0.00097372794179761968,0.00097372794179707985,5.3982426168053266e-16,1.8189894035458565e-12,true
24,INEQ-WATER-D020-HYDRO04-LOWER,20,4,lower,7304,-2012.9828514394867,-2012.338672954691,2012.9816848548803,2012.3376028133587,2012.3376992312153,2012.3376992312153,0.64427490265242426,-9.6417856721875417e-05,-9.6417856721875417e-05,1,true,true,-0.0011665846063806384,-0.0010701413323204179,-0.00097372347568125406,-0.00097372347551694875,-1.6430530980909852e-13,1.1641532182693481e-10,true
25,INEQ-WATER-D014-HYDRO01-UPPER,14,1,upper,7249,-17.497247966173745,-19.728870789745997,17.513575112106324,19.825018277138998,19.741242841039298,19.741242841039298,-2.3153982596719511,0.083775436099699174,0.083775436099699174,1,true,true,0.016327145932578446,0.09614748739300083,0.012372051293301212,0.012372051293301859,-6.4705185653934905e-16,1.8189894035458565e-12,true
25,INEQ-WATER-D014-HYDRO01-LOWER,14,1,lower,7250,-3874.0527520338292,-3871.8211292102569,3874.0364248950737,3871.7249817283023,3871.8087571644019,3871.8087571644019,2.3153982596719511,-0.083775436099699174,-0.083775436099699174,1,true,true,-0.01632713875551417,-0.096147481954631075,-0.012372045855045144,-0.012372045854812625,-2.3251886527297927e-13,2.3283064365386963e-10,true
25,INEQ-WATER-D014-HYDRO02-UPPER,14,2,upper,7251,-17.109393386323063,-19.351265090423112,17.124329690495443,19.440702905749692,19.3625832180442,19.3625832180442,-2.3199913918055399,0.078119687705490826,0.078119687705490826,1,true,true,0.014936304172380233,0.089437815326579795,0.011318127621088081,0.01131812762108776,3.2092384305570931e-16,1.8189894035458565e-12,true
25,INEQ-WATER-D014-HYDRO02-LOWER,14,2,lower,7252,-3817.0506066136732,-3814.8087349095731,3817.0356703168281,3814.719297099799,3814.7974167875045,3814.7974167875045,2.3199913918055399,-0.078119687705490826,-0.078119687705490826,1,true,true,-0.014936296845007746,-0.08943780977415372,-0.0113181220685874,-0.011318122068701041,1.1364173491124063e-13,2.3283064365386963e-10,true
25,INEQ-WATER-D014-HYDRO03-UPPER,14,3,upper,7253,-19.419009410685248,-21.358146329097508,19.419977638385799,21.364528197970486,21.358880012916117,21.358880012916117,-1.9447851034666273,0.0056481850543677048,0.0056481850543677048,1,true,true,0.00096822770055027263,0.0063818688729782025,0.00073368381860916543,0.00073368381860919156,-2.6129272356900657e-17,1.8189894035458565e-12,true
25,INEQ-WATER-D014-HYDRO03-LOWER,14,3,lower,7254,-1986.0909905893168,-1984.1518536709045,1986.0900223661254,1984.1454718054483,1984.1511199905026,1984.1511199905026,1.9447851034666273,-0.0056481850543677048,-0.0056481850543677048,1,true,true,-0.0009682231914212025,-0.0063818654562055599,-0.00073368040193599882,-0.0007336804017734278,-1.6257102001399071e-13,1.1641532182693481e-10,true
25,INEQ-WATER-D014-HYDRO04-UPPER,14,4,upper,7255,-19.419500918542326,-21.363045952086395,19.420468628228228,21.369423889339838,21.363779243374442,21.363779243374442,-1.9491896795094659,0.0056446459653967107,0.0056446459653967107,1,true,true,0.00096770968590220718,0.0063779372534433776,0.00073329128804644483,0.0007332912880454903,9.545315926562381e-16,1.8189894035458565e-12,true
25,INEQ-WATER-D014-HYDRO04-LOWER,14,4,lower,7256,-1988.4104990814594,-1986.4669540479154,1988.4095313762916,1986.4605761140856,1986.4662207600511,1986.4662207600511,1.9491896795094659,-0.0056446459653967107,-0.0056446459653967107,1,true,true,-0.00096770516779542959,-0.0063779338297536015,-0.0007332878642500873,-0.0007332878644067827,1.5669540318064001e-13,1.1641532182693481e-10,true
25,INEQ-WATER-D015-HYDRO01-UPPER,15,1,upper,7257,-14.710439699898416,-15.70318599120219,14.718688044515112,15.76422777362953,15.709436253379302,15.709436253379302,-1.0475378115540022,0.054791520250227821,0.054791520250227821,1,true,true,0.0082483446166961016,0.061041782427340152,0.0062502621771116651,0.0062502621771126938,-1.0286910212542466e-15,9.0949470177292824e-13,true
25,INEQ-WATER-D015-HYDRO01-LOWER,15,1,lower,7258,-3871.3495603000993,-3870.3568140087955,3871.341311962673,3870.295772231817,3870.350563752067,3870.350563752067,1.0475378115540022,-0.054791520250227821,-0.054791520250227821,1,true,true,-0.0082483374262665166,-0.061041776978527196,-0.0062502567284354882,-0.0062502567284957698,6.0281640790194047e-14,2.3283064365386963e-10,true
25,INEQ-WATER-D015-HYDRO02-UPPER,15,2,upper,7259,-14.420612761707162,-15.421445238498563,14.427580401592975,15.479783380749256,15.426725034392868,15.426725034392868,-1.0538908231477895,0.05305834635638762,0.05305834635638762,1,true,true,0.0069676398858131705,0.058338142250692115,0.0052797958943049395,0.0052797958943043991,5.4036636276677541e-16,9.0949470177292824e-13,true
25,INEQ-WATER-D015-HYDRO02-LOWER,15,2,lower,7260,-3812.9793872382943,-3811.9785547615029,3812.9724196057532,3811.9202166248178,3811.9732749711743,3811.9732749711743,1.0538908231477895,-0.05305834635638762,-0.05305834635638762,1,true,true,-0.0069676325410910067,-0.058338136685051722,-0.0052797903285863867,-0.0052797903287707948,1.844080443902385e-13,2.3283064365386963e-10,true
25,INEQ-WATER-D015-HYDRO03-UPPER,15,3,upper,7261,-17.134585503168637,-17.95662274989445,17.13486626251327,17.979265844453199,17.956835497978361,17.956835497978361,-0.84446759320065012,0.022430346474837104,0.022430346474837104,1,true,true,0.0002807593446334522,0.0226430945587488,0.00021274808391069655,0.00021274808391023704,4.5951198575366892e-16,1.8189894035458565e-12,true
25,INEQ-WATER-D015-HYDRO03-LOWER,15,3,lower,7262,-1997.3954144968302,-1996.5733772501044,1997.3951337419719,1996.5507341589453,1996.5731645054202,1996.5731645054202,0.84446759320065012,-0.022430346474837104,-0.022430346474837104,1,true,true,-0.00028075485829504032,-0.022643091159125106,-0.00021274468417686876,-0.00021274468434431289,1.6744412930855268e-13,1.1641532182693481e-10,true
25,INEQ-WATER-D015-HYDRO04-UPPER,15,4,upper,7263,-18.007884528091381,-18.813669083639979,18.008244850063619,18.834582007561565,18.813942121067406,18.813942121067406,-0.82642444204275722,0.020639886494158932,0.020639886494158932,1,true,true,0.00036032197223789808,0.020912923921585502,0.00027303742742645909,0.00027303742742544048,1.0186079410501314e-15,1.8189894035458565e-12,true
25,INEQ-WATER-D015-HYDRO04-LOWER,15,4,lower,7264,-2074.7021154719114,-2073.8963309163628,2074.7017551542481,2073.8754179957064,2073.8960578822007,2073.8960578822007,0.82642444204275722,-0.020639886494158932,-0.020639886494158932,1,true,true,-0.00036031766330779647,-0.020912920656428469,-0.00027303416209178977,-0.00027303416229236354,2.0057376983254049e-13,2.3283064365386963e-10,true
25,INEQ-WATER-D016-HYDRO01-UPPER,16,1,upper,7265,-35.097108049565577,-48.622412378492299,35.098445784505792,48.658383110354215,48.623426059962753,48.623426059962753,-13.560261379318186,0.034957050391463795,0.034957050391463795,1,true,true,0.0013377349402148297,0.035970731861915795,0.0010136814704537755,0.001013681470449517,4.2585292930885643e-15,3.637978807091713e-12,true
25,INEQ-WATER-D016-HYDRO01-LOWER,16,1,lower,7266,-3791.7928919504338,-3778.2675876215071,3791.7915542228297,3778.2316168952043,3778.2665739455956,3778.2665739455956,13.560261379318186,-0.034957050391463795,-0.034957050391463795,1,true,true,-0.0013377276040955621,-0.035970726302821276,-0.0010136759115084715,-0.0010136759114348398,-7.363163898044256e-14,2.3283064365386963e-10,true
25,INEQ-WATER-D016-HYDRO02-UPPER,16,2,upper,7267,-35.306540980280261,-48.867749796889257,35.307897387457288,48.904062364485085,48.868777627426084,48.868777627426084,-13.596493553667996,0.035284737058999482,0.035284737058999482,1,true,true,0.0013564071770275632,0.036312567595828682,0.0010278305368274232,0.0010278305368302408,-2.8176246058553289e-15,3.637978807091713e-12,true
25,INEQ-WATER-D016-HYDRO02-LOWER,16,2,lower,7268,-3805.4534590197145,-3791.8922502031055,3805.4521026198481,3791.8559376410494,3791.8912223781085,3791.8912223781085,13.596493553667996,-0.035284737058999482,-0.035284737058999482,1,true,true,-0.0013563998663812527,-0.036312562056082243,-0.0010278249969815079,-0.001027824997117941,1.3643318245992742e-13,2.3283064365386963e-10,true
25,INEQ-WATER-D016-HYDRO03-UPPER,16,3,upper,7269,-29.652977455632936,-38.08892171608386,29.653008916389702,38.089630295249464,38.088945555773783,38.088945555773783,-8.4366289999266026,0.00068473947567859739,0.00068473947567859739,1,true,true,3.146075676596638e-05,0.00070857916560385092,2.3839689923477181e-05,2.3839689927556139e-05,-4.0789583082706526e-15,3.637978807091713e-12,true
25,INEQ-WATER-D016-HYDRO03-LOWER,16,3,lower,7270,-2000.0970225443671,-1991.6610782839161,2000.0969910880594,1991.6603697081218,1991.6610544475975,1991.6610544475975,8.4366289999266026,-0.00068473947567859739,-0.00068473947567859739,1,true,true,-3.1456307624466717e-05,-0.00070857579430594342,-2.3836318632675102e-05,-2.3836318547948687e-05,-8.4726415336758287e-14,1.1641532182693481e-10,true
25,INEQ-WATER-D016-HYDRO04-UPPER,16,4,upper,7271,-30.710186015876388,-39.35342625256817,30.710222001981858,39.354229931441679,39.353453521384438,39.353453521384438,-8.6440166467490194,0.00077641005723805279,0.00077641005723805279,1,true,true,3.598610546973191e-05,0.00080367887350973888,2.7268816268133378e-05,2.7268816274209816e-05,-6.0764381807493217e-15,3.637978807091713e-12,true
25,INEQ-WATER-D016-HYDRO04-LOWER,16,4,lower,7272,-2040.5398139841236,-2031.8965737474318,2040.5397780023802,2031.8957700718638,2031.896546481921,2031.896546481921,8.6440166467490194,-0.00077641005723805279,-0.00077641005723805279,1,true,true,-3.5981743394586374e-05,-0.00080367556802229956,-2.7265510880170041e-05,-2.726551086996656e-05,-1.0203480855369707e-14,1.1641532182693481e-10,true
25,INEQ-WATER-D017-HYDRO01-UPPER,17,1,upper,7273,-20.856533534024493,-24.048569232210866,20.858315702244724,24.086941757517106,24.049919687258249,24.049919687258249,-3.2290577684452315,0.037022070258858175,0.037022070258858175,1,true,true,0.0017821682202310285,0.038372525306240135,0.0013504550473832921,0.0013504550473818599,1.4322310698533514e-15,1.8189894035458565e-12,true
25,INEQ-WATER-D017-HYDRO01-LOWER,17,1,lower,7274,-3836.5834664659778,-3833.3914307677915,3836.5816843050184,3833.3530582479871,3833.390080318246,3833.390080318246,3.2290577684452315,-0.037022070258858175,-0.037022070258858175,1,true,true,-0.001782160959464818,-0.038372519804397598,-0.0013504495454981225,-0.0013504495454666841,-3.1438393555127675e-14,2.3283064365386963e-10,true
25,INEQ-WATER-D017-HYDRO02-UPPER,17,2,upper,7275,-20.691099206029321,-23.885989472924848,20.692839941528021,23.923349012913569,23.88730853193044,23.88730853193044,-3.2309307478786562,0.036040480983129175,0.036040480983129175,1,true,true,0.001740735498700019,0.037359539988720769,0.0013190590055920381,0.001319059005592345,-3.0682921481339775e-16,1.8189894035458565e-12,true
25,INEQ-WATER-D017-HYDRO02-LOWER,17,2,lower,7276,-3823.998900793973,-3820.8040105270775,3823.9971600657759,3820.7666509926216,3820.8026914736047,3820.8026914736047,3.2309307478786562,-0.036040480983129175,-0.036040480983129175,1,true,true,-0.001740728197091812,-0.037359534455845278,-0.0013190534727982595,-0.0013190534727287549,-6.9504514990659239e-14,2.3283064365386963e-10,true
25,INEQ-WATER-D017-HYDRO03-UPPER,17,3,upper,7277,-21.427477354907751,-24.01780345962834,21.427506735036552,24.018861807880867,24.01782572270249,24.01782572270249,-2.5913621898989661,0.0010360851783772773,0.0010360851783772773,1,true,true,2.9380128800937655e-05,0.0010583482525277077,2.2263074150430384e-05,2.2263074148416811e-05,2.0135734984765008e-15,1.8189894035458565e-12,true
25,INEQ-WATER-D017-HYDRO03-LOWER,17,3,lower,7278,-1981.9925226450905,-1979.4021965403699,1981.9924932694755,1979.4011381955377,1979.4021742807161,1979.4021742807161,2.5913621898989661,-0.0010360851783772773,-0.0010360851783772773,1,true,true,-2.9375614985838183e-05,-0.001058344832244984,-2.2259653860601247e-05,-2.2259653761769338e-05,-9.8831909317717223e-14,1.1641532182693481e-10,true
25,INEQ-WATER-D017-HYDRO04-UPPER,17,4,upper,7279,-22.030261790216173,-24.641327957375324,22.030296032226616,24.642532867376666,24.641353904586879,24.641353904586879,-2.6122451299489402,0.0011789627897886845,0.0011789627897886845,1,true,true,3.4242010443108484e-05,0.0012049100013413749,2.5947211554466776e-05,2.5947211554139184e-05,3.2759168641649516e-16,1.8189894035458565e-12,true
25,INEQ-WATER-D017-HYDRO04-LOWER,17,4,lower,7280,-2012.4497382097834,-2009.8386720426242,2012.4497039722255,2009.8374671359968,2009.8386460987865,2009.8386460987865,2.6122451299489402,-0.0011789627897886845,-0.0011789627897886845,1,true,true,-3.4237557883898262e-05,-0.0012049066274357756,-2.594383772702713e-05,-2.5943837584728804e-05,-1.4229832657791826e-13,1.1641532182693481e-10,true
25,INEQ-WATER-D018-HYDRO01-UPPER,18,1,upper,7281,-2.2582989665024797,-2.2332407992435037,2.4054758858912457,2.4574201430965448,2.3447655203054172,2.3447655203054172,-0.087596455532151729,0.11265462279112776,0.11265462279112776,1,true,true,0.14717691938876598,0.22417934385304106,0.11152472106191347,0.11152472106191343,4.163336342344337e-17,2.2737367544323206e-13,true
25,INEQ-WATER-D018-HYDRO01-LOWER,18,1,lower,7282,-3872.3517010334981,-3872.3767592007571,3872.2045241213282,3872.1525798623743,3872.2652344851654,3872.2652344851654,0.087596455532151729,-0.11265462279112776,-0.11265462279112776,1,true,true,-0.14717691216992534,-0.22417933838278259,-0.11152471559171317,-0.11152471559176776,5.4581339448134258e-14,2.3283064365386963e-10,true
25,INEQ-WATER-D018-HYDRO02-UPPER,18,2,upper,7283,-1.9781188300112262,-1.9767525070055854,2.134917930975416,2.2059263739896675,2.0955685283655545,2.0955685283655545,-0.10899152261847199,0.11035784562411287,0.11035784562411287,1,true,true,0.15679910096418981,0.22917386698408215,0.11881602135996916,0.11881602135996909,6.9388939039072284e-17,2.2737367544323206e-13,true
25,INEQ-WATER-D018-HYDRO02-LOWER,18,2,lower,7284,-3896.001881169992,-3896.0032474929976,3895.8450820761973,3895.7740736314463,3895.8844314770704,3895.8844314770704,0.10899152261847199,-0.11035784562411287,-0.11035784562411287,1,true,true,-0.15679909379468882,-0.2291738615513168,-0.11881601592722291,-0.11881601592721101,-1.1893264151296989e-14,2.3283064365386963e-10,true
25,INEQ-WATER-D018-HYDRO03-UPPER,18,3,upper,7285,-10.076417838285124,-9.5670935528978589,10.0815583452849,9.5974917224058807,9.5709888213383714,9.5709888213383714,0.48282138431975585,0.02650290106750941,0.02650290106750941,1,true,true,0.0051405069997763064,0.030398169508021766,0.0038952684405124671,0.0038952684405121848,2.8232624571522535e-16,9.0949470177292824e-13,true
25,INEQ-WATER-D018-HYDRO03-LOWER,18,3,lower,7286,-1990.9335821617169,-1991.4429064471042,1990.928441659237,1991.4125082810212,1991.4390111820887,1991.4390111820887,-0.48282138431975585,-0.02650290106750941,-0.02650290106750941,1,true,true,-0.0051405024798896193,-0.030398166082932221,-0.0038952650154442381,-0.0038952650155247336,8.0495506094013791e-14,1.1641532182693481e-10,true
25,INEQ-WATER-D018-HYDRO04-UPPER,18,4,upper,7287,-10.098385868332116,-9.5875310134179017,10.103601725022541,9.6183916357182682,9.5914833788085794,9.5914833788085794,0.48394659800452516,0.026908256909689066,0.026908256909689066,1,true,true,0.0052158566904250137,0.030860622300366458,0.0039523653906776701,0.0039523653906766414,1.0286910212542466e-15,9.0949470177292824e-13,true
25,INEQ-WATER-D018-HYDRO04-LOWER,18,4,lower,7288,-1996.9416141316651,-1997.4524689865793,1996.9363982794951,1997.4216083677043,1997.4485166246141,1997.4485166246141,-0.48394659800452516,-0.026908256909689066,-0.026908256909689066,1,true,true,-0.0052158521700675919,-0.030860618875067303,-0.003952361965275486,-0.0039523619653324864,5.7000411335383916e-14,1.1641532182693481e-10,true
25,INEQ-WATER-D019-HYDRO01-UPPER,19,1,upper,7289,-9.297270705414121,-9.8312738430977333,9.3289387289834682,9.948413548871379,9.855270591431788,9.855270591431788,-0.6271460951232033,0.093142957439591001,0.093142957439591001,1,true,true,0.03166802356934717,0.11713970577364563,0.023996748334054629,0.023996748334053818,8.1185058675714572e-16,9.0949470177292824e-13,true
25,INEQ-WATER-D019-HYDRO01-LOWER,19,1,lower,7290,-3850.5827292945833,-3850.0487261568996,3850.5510612782691,3849.9315864566238,3850.0247294140636,3850.0247294140636,0.6271460951232033,-0.093142957439591001,-0.093142957439591001,1,true,true,-0.031668016314142733,-0.11713970027585674,-0.023996742836061458,-0.023996742836353127,2.9166946635683644e-13,2.3283064365386963e-10,true
25,INEQ-WATER-D019-HYDRO02-UPPER,19,2,upper,7291,-9.2388848415357643,-9.772209547329112,9.2699647456571448,9.8902801911170322,9.7957606425155266,9.7957606425155266,-0.62784425439485392,0.094519548601506242,0.094519548601506242,1,true,true,0.031079904121380508,0.1180706437879202,0.023551095186414628,0.023551095186413774,8.5348395018058909e-16,9.0949470177292824e-13,true
25,INEQ-WATER-D019-HYDRO02-LOWER,19,2,lower,7292,-3818.3111151584671,-3817.7777904526738,3818.2800352616896,3817.6597198144509,3817.7542393630524,3817.7542393630524,0.62784425439485392,-0.094519548601506242,-0.094519548601506242,1,true,true,-0.031079896777555405,-0.1180706382228891,-0.023551089621378196,-0.023551089621559926,1.8172963134333031e-13,2.3283064365386963e-10,true
25,INEQ-WATER-D019-HYDRO03-UPPER,19,3,upper,7293,-13.272664403011731,-13.792941427487676,13.274594134992325,13.809840486406511,13.794403700388576,13.794403700388576,-0.53571381049388023,0.0154367860179353,0.0154367860179353,1,true,true,0.001929731980593985,0.016899058918834697,0.0014622729009001745,0.0014622729008990597,1.1147766737495957e-15,9.0949470177292824e-13,true
25,INEQ-WATER-D019-HYDRO03-LOWER,19,3,lower,7294,-2022.2773355969875,-2021.7570585725116,2022.2754058694416,2021.7401595169531,2021.7555963029711,2021.7555963029711,0.53571381049388023,-0.0154367860179353,-0.0154367860179353,1,true,true,-0.0019297275459848606,-0.016899055558496912,-0.0014622695405250852,-0.0014622695405314989,6.41370637155525e-15,1.1641532182693481e-10,true
25,INEQ-WATER-D019-HYDRO04-UPPER,19,4,upper,7295,-13.225647622140968,-13.747763104129263,13.227539486358676,13.764513904778694,13.749196682369949,13.749196682369949,-0.53743270439704016,0.015317222408746112,0.015317222408746112,1,true,true,0.0018918642177077061,0.016750800649431241,0.0014335782406860176,0.0014335782406855555,4.6208696591332199e-16,9.0949470177292824e-13,true
25,INEQ-WATER-D019-HYDRO04-LOWER,19,4,lower,7296,-2016.4443523778609,-2015.9222368958726,2016.4424605181073,2015.9054860986059,2015.9208033210148,2015.9208033210148,0.53743270439704016,-0.015317222408746112,-0.015317222408746112,1,true,true,-0.0018918597536412562,-0.016750797266695372,-0.0014335748578560015,-0.0014335748579964241,1.4042261277380508e-13,1.1641532182693481e-10,true
25,INEQ-WATER-D020-HYDRO01-UPPER,20,1,upper,7297,-13.209116582598654,-14.406496947143751,13.222142466540676,14.524189762805495,14.416367435527746,14.416367435527746,-1.3052026918228465,0.10782232727774943,0.10782232727774943,1,true,true,0.013025883942022531,0.11769281566174428,0.0098704883839957347,0.0098704883839945707,1.1639994523804376e-15,9.0949470177292824e-13,true
25,INEQ-WATER-D020-HYDRO01-LOWER,20,1,lower,7298,-3816.0408834174013,-3814.8435030528562,3816.0278575407892,3814.7258102427486,3814.8336325700266,3814.8336325700266,1.3052026918228465,-0.10782232727774943,-0.10782232727774943,1,true,true,-0.013025876612118736,-0.11769281010765553,-0.0098704828296831693,-0.0098704828296897282,6.5589894626683076e-15,2.3283064365386963e-10,true
25,INEQ-WATER-D020-HYDRO02-UPPER,20,2,upper,7299,-13.390367356550996,-14.581954341039818,13.404046574042617,14.709183126322104,14.592319899181911,14.592319899181911,-1.3084502116290155,0.11686322714019348,0.11686322714019348,1,true,true,0.013679217491620932,0.12722878528228598,0.010365558142092723,0.010365558142092206,5.1694759584108851e-16,9.0949470177292824e-13,true
25,INEQ-WATER-D020-HYDRO02-LOWER,20,2,lower,7300,-3865.1396326434478,-3863.948045658959,3865.1259534331743,3863.8208168791462,3863.9376801062863,3863.9376801062863,1.3084502116290155,-0.11686322714019348,-0.11686322714019348,1,true,true,-0.013679210273494391,-0.12722877981286729,-0.010365552672737977,-0.010365552672487649,-2.5032753647735717e-13,2.3283064365386963e-10,true
25,INEQ-WATER-D020-HYDRO03-UPPER,20,3,upper,7301,-16.278825409190176,-17.420905444087111,16.279744983637872,17.429312562301998,17.421602260437126,17.421602260437126,-1.1497903367618056,0.007710301864870539,0.007710301864870539,1,true,true,0.00091957444769619201,0.0084071182148868218,0.00069681635001472841,0.00069681635001533372,-6.0531007289865713e-16,1.8189894035458565e-12,true
25,INEQ-WATER-D020-HYDRO03-LOWER,20,3,lower,7302,-1989.1011745908108,-1987.9590945559139,1989.1002550208725,1987.9506874411161,1987.9583977429809,1987.9583977429809,1.1497903367618056,-0.007710301864870539,-0.007710301864870539,1,true,true,-0.00091956993833264278,-0.0084071147978193039,-0.000696812933028923,-0.00069681293300189113,-2.7031870665494839e-14,1.1641532182693481e-10,true
25,INEQ-WATER-D020-HYDRO04-UPPER,20,4,upper,7303,-16.52132704530959,-17.66937754774699,16.522300773251388,17.678357110167784,17.670115399426113,17.670115399426113,-1.1562922131790698,0.0082417107416701274,0.0082417107416701274,1,true,true,0.00097372794179761968,0.0089795624207944513,0.00073785167912276961,0.00073785167912313054,-3.6093090322042443e-16,1.8189894035458565e-12,true
25,INEQ-WATER-D020-HYDRO04-LOWER,20,4,lower,7304,-2012.338672954691,-2011.1906224522536,2012.3376992312153,2011.181642893217,2011.1898846039587,2011.1898846039587,1.1562922131790698,-0.0082417107416701274,-0.0082417107416701274,1,true,true,-0.00097372347568125406,-0.0089795590365611133,-0.00073784829487522074,-0.00073784829488065574,5.4349970704525852e-15,1.1641532182693481e-10,true
26,INEQ-WATER-D014-HYDRO01-UPPER,14,1,upper,7249,-19.728870789745997,-28.56748591374344,19.741242841039298,28.569974246555105,28.569061105919797,28.569061105919797,-8.8395282646327509,0.00091314063530845146,0.00091314063530845146,1,true,true,0.012372051293301212,0.0024883328116658276,0.0015751921763573762,0.0015751921763573569,1.9298798670241979e-17,1.8189894035458565e-12,true
26,INEQ-WATER-D014-HYDRO01-LOWER,14,1,lower,7250,-3871.8211292102569,-3862.9825140862595,3871.8087571644019,3862.9800257541401,3862.9809388947756,3862.9809388947756,8.8395282646327509,-0.00091314063530845146,-0.00091314063530845146,1,true,true,-0.012372045855045144,-0.0024883321193556185,-0.0015751914838801895,-0.0015751914839662402,8.6050741185395019e-14,2.3283064365386963e-10,true
26,INEQ-WATER-D014-HYDRO02-UPPER,14,2,upper,7251,-19.351265090423112,-28.182769406259467,19.3625832180442,28.185009207579956,28.184210414355626,28.184210414355626,-8.8323031090606836,0.00079879322432852007,0.00079879322432852007,1,true,true,0.011318127621088081,0.0022398013204885103,0.0014410080961582139,0.001441008096159855,-1.6410484082740595e-15,1.8189894035458565e-12,true
26,INEQ-WATER-D014-HYDRO02-LOWER,14,2,lower,7252,-3814.8087349095731,-3805.9772305937367,3814.7974167875045,3805.9749907931232,3805.9757895863477,3805.9757895863477,8.8323031090606836,-0.00079879322432852007,-0.00079879322432852007,1,true,true,-0.0113181220685874,-0.002239800613551779,-0.0014410073890758213,-0.0014410073892232745,1.4745323018150458e-13,2.3283064365386963e-10,true
26,INEQ-WATER-D014-HYDRO03-UPPER,14,3,upper,7253,-21.358146329097508,-28.836881958759477,21.358880012916117,28.83755353294341,28.836975370351752,28.836975370351752,-7.4793137922536292,0.00057816259166010298,0.00057816259166010298,1,true,true,0.00073368381860916543,0.00067157418393293256,9.3411592274605937e-05,9.341159227321439e-05,1.3915463833308328e-15,1.8189894035458565e-12,true
26,INEQ-WATER-D014-HYDRO03-LOWER,14,3,lower,7254,-1984.1518536709045,-1976.6731180412426,1984.1511199905026,1976.6724464674937,1976.6730246300854,1976.6730246300854,7.4793137922536292,-0.00057816259166010298,-0.00057816259166010298,1,true,true,-0.00073368040193599882,-0.00067157374883208831,-9.3411157195077976e-05,-9.3411157267190445e-05,7.2112468448883027e-14,1.1641532182693481e-10,true
26,INEQ-WATER-D014-HYDRO04-UPPER,14,4,upper,7255,-21.363045952086395,-28.856759232658078,21.363779243374442,28.857431154083383,28.85685259427391,28.85685259427391,-7.4942918403811545,0.00057855980947163488,0.00057855980947163488,1,true,true,0.00073329128804644483,0.00067192142530458909,9.3361615832066036e-05,9.3361615833841444e-05,-1.7754081624993256e-15,1.8189894035458565e-12,true
26,INEQ-WATER-D014-HYDRO04-LOWER,14,4,lower,7256,-1986.4669540479154,-1978.9732407673437,1986.4662207600511,1978.9725688463543,1978.9731474061639,1978.9731474061639,7.4942918403811545,-0.00057855980947163488,-0.00057855980947163488,1,true,true,-0.0007332878642500873,-0.00067192098936175171,-9.3361179779094527e-05,-9.3361179920902845e-05,1.4180831801793164e-13,1.1641532182693481e-10,true
26,INEQ-WATER-D015-HYDRO01-UPPER,15,1,upper,7257,-15.70318599120219,-20.359904048673343,15.709436253379302,20.361699472540593,20.360699823266266,20.360699823266266,-4.6577177067454798,0.00099964927432694139,0.00099964927432694139,1,true,true,0.0062502621771116651,0.0017954238672501788,0.00079577459292323738,0.0007957745929245639,-1.3265213580360147e-15,1.8189894035458565e-12,true
26,INEQ-WATER-D015-HYDRO01-LOWER,15,1,lower,7258,-3870.3568140087955,-3865.7000959513243,3870.350563752067,3865.6983005281509,3865.6993001774254,3865.6993001774254,4.6577177067454798,-0.00099964927432694139,-0.00099964927432694139,1,true,true,-0.0062502567284354882,-0.0017954231734620407,-0.0007957738989716745,-0.00079577389920677355,2.3509904960306027e-13,2.3283064365386963e-10,true
26,INEQ-WATER-D015-HYDRO02-UPPER,15,2,upper,7259,-15.421445238498563,-20.077111708647863,15.426725034392868,20.078709721591828,20.077783924838073,20.077783924838073,-4.6565922669030533,0.00092579675375414894,0.00092579675375414894,1,true,true,0.0052797958943049395,0.0015980129439654434,0.00067221619021040624,0.00067221619021058123,-1.7499023063916042e-16,1.8189894035458565e-12,true
26,INEQ-WATER-D015-HYDRO02-LOWER,15,2,lower,7260,-3811.9785547615029,-3807.3228882913536,3811.9732749711743,3807.3212902791183,3807.3222160758719,3807.3222160758719,4.6565922669030533,-0.00092579675375414894,-0.00092579675375414894,1,true,true,-0.0052797903285863867,-0.0015980122352630133,-0.0006722154816998227,-0.00067221548159112016,-1.0870254349426567e-13,2.3283064365386963e-10,true
26,INEQ-WATER-D015-HYDRO03-UPPER,15,3,upper,7261,-17.95662274989445,-22.004429426484421,17.956835497978361,22.004735405678183,22.004456513271354,22.004456513271354,-4.0480855689967994,0.00027889240682821281,0.00027889240682821281,1,true,true,0.00021274808391069655,0.00030597919376162963,2.7086786932528639e-05,2.7086786933432481e-05,-9.0384175296075175e-16,1.8189894035458565e-12,true
26,INEQ-WATER-D015-HYDRO03-LOWER,15,3,lower,7262,-1996.5733772501044,-1992.5255705735144,1996.5731645054202,1992.5252645947535,1992.5255434871603,1992.5255434871603,4.0480855689967994,-0.00027889240682821281,-0.00027889240682821281,1,true,true,-0.00021274468417686876,-0.00030597876093452214,-2.70863540663413e-05,-2.7086354084101332e-05,1.7760031184414771e-14,1.1641532182693481e-10,true
26,INEQ-WATER-D015-HYDRO04-UPPER,15,4,upper,7263,-18.813669083639979,-22.869563303764153,18.813942121067406,22.869880289260607,22.869598066505539,22.869598066505539,-4.0561764428792424,0.00028222275506895045,0.00028222275506895045,1,true,true,0.00027303742742645909,0.00031698549645398089,3.4762741385918616e-05,3.476274138693284e-05,-1.0142236985151432e-15,1.8189894035458565e-12,true
26,INEQ-WATER-D015-HYDRO04-LOWER,15,4,lower,7264,-2073.8963309163628,-2069.8404366962386,2073.8960578822007,2069.840119711158,2069.8404019339132,2069.8404019339132,4.0561764428792424,-0.00028222275506895045,-0.00028222275506895045,1,true,true,-0.00027303416209178977,-0.00031698508064437192,-3.476232541288482e-05,-3.4762325649113588e-05,2.3622876793799943e-13,2.3283064365386963e-10,true
26,INEQ-WATER-D016-HYDRO01-UPPER,16,1,upper,7265,-48.622412378492299,-95.736925226243329,48.623426059962753,95.737912794807102,95.737054286742989,95.737054286742989,-47.115371355815142,0.00085850806411258418,0.00085850806411258418,1,true,true,0.0010136814704537755,0.00098756856377235636,0.00012906049965977218,0.00012906049964743984,1.2332338926099307e-14,7.2759576141834259e-12,true
26,INEQ-WATER-D016-HYDRO01-LOWER,16,1,lower,7266,-3778.2675876215071,-3731.1530747737561,3778.2665739455956,3731.1520872059,3731.1529457139641,3731.1529457139641,47.115371355815142,-0.00085850806411258418,-0.00085850806411258418,1,true,true,-0.0010136759115084715,-0.00098756785610021325,-0.00012905979201605078,-0.00012905979189033924,-1.2571153428127257e-13,2.3283064365386963e-10,true
26,INEQ-WATER-D016-HYDRO02-UPPER,16,2,upper,7267,-48.867749796889257,-96.110893886958365,48.868777627426084,96.111893579316103,96.11102474889725,96.11102474889725,-47.244012920487954,0.00086883041884533441,0.00086883041884533441,1,true,true,0.0010278305368274232,0.00099969235773755827,0.00013086193888511843,0.00013086193888545836,-3.3992448612851778e-16,7.2759576141834259e-12,true
26,INEQ-WATER-D016-HYDRO02-LOWER,16,2,lower,7268,-3791.8922502031055,-3744.6491061130364,3791.8912223781085,3744.648106421384,3744.6489752518028,3744.6489752518028,47.244012920487954,-0.00086883041884533441,-0.00086883041884533441,1,true,true,-0.0010278249969815079,-0.00099969165239599533,-0.00013086123362882063,-0.00013086123356006508,-6.8755548129906252e-14,2.3283064365386963e-10,true
26,INEQ-WATER-D016-HYDRO03-UPPER,16,3,upper,7269,-38.08892171608386,-67.336406059792353,38.088945555773783,67.33689067718305,67.336409095028159,67.336409095028159,-29.247965925863387,0.00048158215489380041,0.00048158215489380041,1,true,true,2.3839689923477181e-05,0.00048461739069693976,3.0352358066920715e-06,3.0352358039914509e-06,2.7006205567193034e-15,7.2759576141834259e-12,true
26,INEQ-WATER-D016-HYDRO03-LOWER,16,3,lower,7270,-1991.6610782839161,-1962.4135939402076,1991.6610544475975,1962.4131093232461,1962.413590905401,1962.413590905401,29.247965925863387,-0.00048158215489380041,-0.00048158215489380041,1,true,true,-2.3836318632675102e-05,-0.00048461696155754908,-3.0348066957230913e-06,-3.0348065759863474e-06,-1.1973674386584203e-13,1.1641532182693481e-10,true
26,INEQ-WATER-D016-HYDRO04-UPPER,16,4,upper,7271,-39.35342625256817,-69.32972145462918,39.353453521384438,69.330258848450271,69.329724926456521,69.329724926456521,-29.976829124054753,0.00053392199374258098,0.00053392199374258098,1,true,true,2.7268816268133378e-05,0.00053739382109085909,3.4718273411726841e-06,3.4718273490627177e-06,-7.8900335531261866e-15,7.2759576141834259e-12,true
26,INEQ-WATER-D016-HYDRO04-LOWER,16,4,lower,7272,-2031.8965737474318,-2001.9202785453708,2031.896546481921,2001.9197411519706,2001.9202750739644,2001.9202750739644,29.976829124054753,-0.00053392199374258098,-0.00053392199374258098,1,true,true,-2.7265510880170041e-05,-0.0005373934002363967,-3.4714064440777292e-06,-3.4714065117143879e-06,6.7636658687681263e-14,1.1641532182693481e-10,true
26,INEQ-WATER-D017-HYDRO01-UPPER,17,1,upper,7273,-24.048569232210866,-36.447483696363633,24.049919687258249,36.448019896496518,36.447655634401613,36.447655634401613,-12.399278726247674,0.00036426209490691974,0.00036426209490691974,1,true,true,0.0013504550473832921,0.00053620013288480095,0.00017193803797965757,0.00017193803798018863,-5.3106932913771221e-16,3.637978807091713e-12,true
26,INEQ-WATER-D017-HYDRO01-LOWER,17,1,lower,7274,-3833.3914307677915,-3820.9925163036387,3833.390080318246,3820.9919801042065,3820.9923443663015,3820.9923443663015,12.399278726247674,-0.00036426209490691974,-0.00036426209490691974,1,true,true,-0.0013504495454981225,-0.00053619943219018751,-0.00017193733719977899,-0.00017193733748790412,2.8812512813981839e-13,2.3283064365386963e-10,true
26,INEQ-WATER-D017-HYDRO02-UPPER,17,2,upper,7275,-23.885989472924848,-36.280132666848658,23.88730853193044,36.280660838246241,36.280300607586739,36.280300607586739,-12.394503424583311,0.00036023065950097077,0.00036023065950097077,1,true,true,0.0013190590055920381,0.00052817139758332132,0.00016794073808057419,0.00016794073808013495,4.3923740512818998e-16,3.637978807091713e-12,true
26,INEQ-WATER-D017-HYDRO02-LOWER,17,2,lower,7276,-3820.8040105270775,-3808.4098673331537,3820.8026914736047,3808.4093391624606,3808.4096993931203,3808.4096993931203,12.394503424583311,-0.00036023065950097077,-0.00036023065950097077,1,true,true,-0.0013190534727982595,-0.00052817069308730424,-0.00016794003340692143,-0.0001679400336526098,2.4568837090656326e-13,2.3283064365386963e-10,true
26,INEQ-WATER-D017-HYDRO03-UPPER,17,3,upper,7277,-24.01780345962834,-33.95920676177775,24.01782572270249,33.959441409700844,33.959209596281049,33.959209596281049,-9.9416351155692073,0.00023181341979672254,0.00023181341979672254,1,true,true,2.2263074150430384e-05,0.00023464792309368931,2.8345032987431296e-06,2.834503300387171e-06,-1.6440413991931826e-15,3.637978807091713e-12,true
26,INEQ-WATER-D017-HYDRO03-LOWER,17,3,lower,7278,-1979.4021965403699,-1969.4607932382205,1979.4021742807161,1969.4605585907329,1969.4607904041527,1969.4607904041527,9.9416351155692073,-0.00023181341979672254,-0.00023181341979672254,1,true,true,-2.2259653860601247e-05,-0.000234647487559414,-2.8340677999949548e-06,-2.8340678338948321e-06,3.3899877229079303e-14,1.1641532182693481e-10,true
26,INEQ-WATER-D017-HYDRO04-UPPER,17,4,upper,7279,-24.641327957375324,-34.697046226410748,24.641353904586879,34.697310050787728,34.697049529973242,34.697049529973242,-10.055978789849908,0.00026052081448391107,0.00026052081448391107,1,true,true,2.5947211554466776e-05,0.00026382437697947125,3.3035624937838293e-06,3.3035624950096308e-06,-1.2258015173109531e-15,3.637978807091713e-12,true
26,INEQ-WATER-D017-HYDRO04-LOWER,17,4,lower,7280,-2009.8386720426242,-1999.7829537735888,2009.8386460987865,1999.7826899496413,1999.7829504704557,1999.7829504704557,10.055978789849908,-0.00026052081448391107,-0.00026052081448391107,1,true,true,-2.594383772702713e-05,-0.00026382394753454719,-3.3031330985977547e-06,-3.3031329440433988e-06,-1.5455435588228295e-13,1.1641532182693481e-10,true
26,INEQ-WATER-D018-HYDRO01-UPPER,18,1,upper,7281,-2.2332407992435037,-2.9781228774882038,2.3447655203054172,2.9931861939648097,2.9923220481772455,2.9923220481772455,-0.74574622403226432,0.00086414578756421889,0.00086414578756421889,1,true,true,0.11152472106191347,0.015063316476605859,0.01419917068904164,0.01419917068904167,-2.9490299091605721e-17,2.2737367544323206e-13,true
26,INEQ-WATER-D018-HYDRO01-LOWER,18,1,lower,7282,-3872.3767592007571,-3871.6318771225124,3872.2652344851654,3871.6168138067324,3871.6176779525199,3871.6176779525199,0.74574622403226432,-0.00086414578756421889,-0.00086414578756421889,1,true,true,-0.11152471559171317,-0.015063315780025732,-0.014199169992480165,-0.014199169992583459,1.0329410937703898e-13,2.3283064365386963e-10,true
26,INEQ-WATER-D018-HYDRO02-UPPER,18,2,upper,7283,-1.9767525070055854,-2.7397072496605688,2.0955685283655545,2.7559318945934113,2.7548347384524616,2.7548347384524616,-0.76405189879593327,0.0010971561409498509,0.0010971561409498509,1,true,true,0.11881602135996916,0.01622464493284248,0.015127488791892851,0.015127488791892406,4.4582393332603942e-16,2.2737367544323206e-13,true
26,INEQ-WATER-D018-HYDRO02-LOWER,18,2,lower,7284,-3896.0032474929976,-3895.2402927503426,3895.8844314770704,3895.2240681061016,3895.2251652622426,3895.2251652622426,0.76405189879593327,-0.0010971561409498509,-0.0010971561409498509,1,true,true,-0.11881601592722291,-0.016224644240992347,-0.015127488100006303,-0.015127488100202792,1.9648865867694099e-13,2.3283064365386963e-10,true
26,INEQ-WATER-D018-HYDRO03-UPPER,18,3,upper,7285,-9.5670935528978589,-9.8760287402583344,9.5709888213383714,9.8770033742393615,9.8765246803596849,9.8765246803596849,-0.3094138812401529,0.00047869387967736099,0.00047869387967736099,1,true,true,0.0038952684405124671,0.00097463398102703991,0.00049594010135045608,0.00049594010134998054,4.7553107285214224e-16,9.0949470177292824e-13,true
26,INEQ-WATER-D018-HYDRO03-LOWER,18,3,lower,7286,-1991.4429064471042,-1991.1339712597437,1991.4390111820887,1991.1329966261987,1991.1334753200783,1991.1334753200783,0.3094138812401529,-0.00047869387967736099,-0.00047869387967736099,1,true,true,-0.0038952650154442381,-0.00097463354495630483,-0.0004959396653703152,-0.00049593966527510902,-9.5206178010731612e-14,1.1641532182693481e-10,true
26,INEQ-WATER-D018-HYDRO04-UPPER,18,4,upper,7287,-9.5875310134179017,-9.8970762946264585,9.5914833788085794,9.8980565346195686,9.8975795042312296,9.8975795042312296,-0.31002231159689625,0.00047703038833940559,0.00047703038833940559,1,true,true,0.0039523653906776701,0.00098023999311003251,0.00050320960477101551,0.00050320960477038667,6.2883726004159257e-16,9.0949470177292824e-13,true
26,INEQ-WATER-D018-HYDRO04-LOWER,18,4,lower,7288,-1997.4524689865793,-1997.1429237053708,1997.4485166246141,1997.1419434658137,1997.142420496202,1997.142420496202,0.31002231159689625,-0.00047703038833940559,-0.00047703038833940559,1,true,true,-0.003952361965275486,-0.00098023955706594279,-0.00050320916875534749,-0.00050320916865299653,-1.0235096190719384e-13,1.1641532182693481e-10,true
26,INEQ-WATER-D019-HYDRO01-UPPER,19,1,upper,7289,-9.8312738430977333,-11.991155590840208,9.855270591431788,11.995160079187032,11.99421082310022,11.99421082310022,-2.1608310038292871,0.00094925608681251106,0.00094925608681251106,1,true,true,0.023996748334054629,0.0040044883468244308,0.0030552322600119197,0.0030552322600121812,-2.6150956400350367e-16,9.0949470177292824e-13,true
26,INEQ-WATER-D019-HYDRO01-LOWER,19,1,lower,7290,-3850.0487261568996,-3847.8888444091572,3850.0247294140636,3847.8848399215103,3847.885789177597,3847.885789177597,2.1608310038292871,-0.00094925608681251106,-0.00094925608681251106,1,true,true,-0.023996742836061458,-0.0040044876468527946,-0.0030552315602108138,-0.0030552315600154206,-1.9539318080186163e-13,2.3283064365386963e-10,true
26,INEQ-WATER-D019-HYDRO02-UPPER,19,2,upper,7291,-9.772209547329112,-11.935174544923939,9.7957606425155266,11.939124811705792,11.938173037251754,11.938173037251754,-2.1639167720488652,0.00095177445403837879,0.00095177445403837879,1,true,true,0.023551095186414628,0.0039502667818531734,0.0029984923278156828,0.0029984923278142239,1.4589024432964948e-15,9.0949470177292824e-13,true
26,INEQ-WATER-D019-HYDRO02-LOWER,19,2,lower,7292,-3817.7777904526738,-3815.614825455079,3817.7542393630524,3815.6108751890056,3815.6118269634594,3815.6118269634594,2.1639167720488652,-0.00095177445403837879,-0.00095177445403837879,1,true,true,-0.023551089621378196,-0.0039502660733887751,-0.0029984916195644473,-0.0029984916192816093,-2.8283798914063851e-13,2.3283064365386963e-10,true
26,INEQ-WATER-D019-HYDRO03-UPPER,19,3,upper,7293,-13.792941427487676,-15.607178498590656,13.794403700388576,15.607570227882956,15.607364673120538,15.607364673120538,-1.8144426258653976,0.00020555476241779225,0.00020555476241779225,1,true,true,0.0014622729009001745,0.00039172929229991382,0.00018617452988145544,0.00018617452988127162,1.8382647834491728e-16,9.0949470177292824e-13,true
26,INEQ-WATER-D019-HYDRO03-LOWER,19,3,lower,7294,-2021.7570585725116,-2019.9428215014086,2021.7555963029711,2019.9424297725441,2019.9426353273066,2019.9426353273066,1.8144426258653976,-0.00020555476241779225,-0.00020555476241779225,1,true,true,-0.0014622695405250852,-0.00039172886454252875,-0.00018617410205479246,-0.0001861741020430397,-1.1752751549742868e-14,1.1641532182693481e-10,true
26,INEQ-WATER-D019-HYDRO04-UPPER,19,4,upper,7295,-13.747763104129263,-15.568404899782763,13.749196682369949,15.568794624992627,15.56858742094885,15.56858742094885,-1.8208489996972781,0.00020720404377749801,0.00020720404377749801,1,true,true,0.0014335782406860176,0.00038972520986391146,0.00018252116608685753,0.00018252116608564575,1.2117856631327362e-15,9.0949470177292824e-13,true
26,INEQ-WATER-D019-HYDRO04-LOWER,19,4,lower,7296,-2015.9222368958726,-2014.1015951002191,2015.9208033210148,2014.10120537544,2014.1014125794838,2014.1014125794838,1.8208489996972781,-0.00020720404377749801,-0.00020720404377749801,1,true,true,-0.0014335748578560015,-0.0003897247790973779,-0.00018252073527946777,-0.00018252073538848414,1.090163658130916e-13,1.1641532182693481e-10,true
26,INEQ-WATER-D020-HYDRO01-UPPER,20,1,upper,7297,-14.406496947143751,-18.57486971803155,14.416367435527746,18.577082367825167,18.576126414735331,18.576126414735331,-4.1693287239776353,0.00095595308983575933,0.00095595308983575933,1,true,true,0.0098704883839957347,0.0022126497936163503,0.001256696703780591,0.0012566967037806089,-1.7997756063259374e-17,1.8189894035458565e-12,true
26,INEQ-WATER-D020-HYDRO01-LOWER,20,1,lower,7298,-3814.8435030528562,-3810.6751302819684,3814.8336325700266,3810.6729176328822,3810.6738735859722,3810.6738735859722,4.1693287239776353,-0.00095595308983575933,-0.00095595308983575933,1,true,true,-0.0098704828296831693,-0.002212649086231977,-0.0012566959962896362,-0.0012566959966133421,3.2370590583030712e-13,2.3283064365386963e-10,true
26,INEQ-WATER-D020-HYDRO02-UPPER,20,2,upper,7299,-14.581954341039818,-18.757861586433137,14.592319899181911,18.760231143128454,18.759181314722483,18.759181314722483,-4.1769570737992892,0.0010498284059705654,0.0010498284059705654,1,true,true,0.010365558142092723,0.0023695566953172431,0.0013197282893457896,0.0013197282893453843,4.0527477207508156e-16,1.8189894035458565e-12,true
26,INEQ-WATER-D020-HYDRO02-LOWER,20,2,lower,7300,-3863.948045658959,-3859.7721384135657,3863.9376801062863,3859.7697688575668,3859.7708186859727,3859.7708186859727,4.1769570737992892,-0.0010498284059705654,-0.0010498284059705654,1,true,true,-0.010365552672737977,-0.0023695559989391768,-0.0013197275929996977,-0.0013197275929948276,-4.8700193183703888e-15,2.3283064365386963e-10,true
26,INEQ-WATER-D020-HYDRO03-UPPER,20,3,upper,7301,-17.420905444087111,-20.9777100861902,17.421602260437126,20.978018062873677,20.977798803868204,20.977798803868204,-3.5570239011085611,0.00021925900547259403,0.00021925900547259403,1,true,true,0.00069681635001472841,0.00030797668347659624,8.8717678004002209e-05,8.8717678005052463e-05,-1.0502530919595521e-15,1.8189894035458565e-12,true
26,INEQ-WATER-D020-HYDRO03-LOWER,20,3,lower,7302,-1987.9590945559139,-1984.4022899138108,1987.9583977429809,1984.4019819375624,1984.4022011965678,1984.4022011965678,3.5570239011085611,-0.00021925900547259403,-0.00021925900547259403,1,true,true,-0.000696812933028923,-0.00030797624845035898,-8.8717242988423095e-05,-8.8717242959223782e-05,-2.9199312781037767e-14,1.1641532182693481e-10,true
26,INEQ-WATER-D020-HYDRO04-UPPER,20,4,upper,7303,-17.66937754774699,-21.238893137680861,17.670115399426113,21.239212255560481,21.238987079919276,21.238987079919276,-3.5697407655750784,0.00022517564120683176,0.00022517564120683176,1,true,true,0.00073785167912276961,0.00031911787962002336,9.394223841496796e-05,9.3942238414063546e-05,9.0441434723309566e-16,1.8189894035458565e-12,true
26,INEQ-WATER-D020-HYDRO04-LOWER,20,4,lower,7304,-2011.1906224522536,-2007.6211068623197,2011.1898846039587,2007.620787744871,2007.6210129205122,2007.6210129205122,3.5697407655750784,-0.00022517564120683176,-0.00022517564120683176,1,true,true,-0.00073784829487522074,-0.00031911744872559211,-9.3941807563169277e-05,-9.394180753642365e-05,-2.674562773943151e-14,1.1641532182693481e-10,true
27,INEQ-WATER-D014-HYDRO01-UPPER,14,1,upper,7249,-28.56748591374344,-37.8406922849681,28.569061105919797,37.841653582490352,37.840787515916283,37.840787515916283,-9.2740724377987309,0.00086606657407095611,0.00086606657407095611,1,true,true,0.0015751921763573762,0.00096129752225238008,9.5230948183200326e-05,9.5230948184993921e-05,-1.79359565394277e-15,3.637978807091713e-12,true
27,INEQ-WATER-D014-HYDRO01-LOWER,14,1,lower,7250,-3862.9825140862595,-3853.7093077150348,3862.9809388947756,3853.7083464175544,3853.7092124841283,3853.7092124841283,9.2740724377987309,-0.00086606657407095611,-0.00086606657407095611,1,true,true,-0.0015751914838801895,-0.0009612974804440455,-9.5230906481447164e-05,-9.5230906320096373e-05,-1.6135079112643974e-13,2.3283064365386963e-10,true
27,INEQ-WATER-D014-HYDRO02-UPPER,14,2,upper,7251,-28.182769406259467,-37.440444233419839,28.184210414355626,37.441253300963119,37.440531352039017,37.440531352039017,-9.2583967760844761,0.00072194892410415434,0.00072194892410415434,1,true,true,0.0014410080961582139,0.00080906754327969566,8.7118619177317669e-05,8.7118619174925024e-05,2.3926444592953233e-15,3.637978807091713e-12,true
27,INEQ-WATER-D014-HYDRO02-LOWER,14,2,lower,7252,-3805.9772305937367,-3796.7195557665764,3805.9757895863477,3796.7187466990758,3796.7194686479997,3796.7194686479997,9.2583967760844761,-0.00072194892410415434,-0.00072194892410415434,1,true,true,-0.0014410073890758213,-0.0008090675005405501,-8.7118576630018651e-05,-8.7118576427044675e-05,-2.029739766019889e-13,2.3283064365386963e-10,true
27,INEQ-WATER-D014-HYDRO03-UPPER,14,3,upper,7253,-28.836881958759477,-36.465239753128117,28.836975370351752,36.465911438797555,36.465245400486346,36.465245400486346,-7.6290238326798478,0.00066603831120826129,0.00066603831120826129,1,true,true,9.3411592274605937e-05,0.00067168566943820451,5.6473582290550439e-06,5.6473582317758696e-06,-2.7208256806431075e-15,3.637978807091713e-12,true
27,INEQ-WATER-D014-HYDRO03-LOWER,14,3,lower,7254,-1976.6731180412426,-1969.0447602468739,1976.6730246300854,1969.0440885612309,1969.0447545995421,1969.0447545995421,7.6290238326798478,-0.00066603831120826129,-0.00066603831120826129,1,true,true,-9.3411157195077976e-05,-0.00067168564305575273,-5.6473318181815557e-06,-5.6473319282958211e-06,1.1011426535536715e-13,1.1641532182693481e-10,true
27,INEQ-WATER-D014-HYDRO04-UPPER,14,4,upper,7255,-28.856759232658078,-36.500402446632506,28.85685259427391,36.501074753692521,36.500408090969323,36.500408090969323,-7.6443098766976263,0.00066666272319793052,0.00066666272319793052,1,true,true,9.3361615832066036e-05,0.000672307060014532,5.6443368166014807e-06,5.6443368201148539e-06,-3.513373233565275e-15,3.637978807091713e-12,true
27,INEQ-WATER-D014-HYDRO04-LOWER,14,4,lower,7256,-1978.9732407673437,-1971.3295975533692,1978.9731474061639,1971.3289252463355,1971.3295919090588,1971.3295919090588,7.6443098766976263,-0.00066666272319793052,-0.00066666272319793052,1,true,true,-9.3361179779094527e-05,-0.00067230703371023992,-5.6443104767822661e-06,-5.6443104577836033e-06,-1.8998662709777785e-14,1.1641532182693481e-10,true
27,INEQ-WATER-D015-HYDRO01-UPPER,15,1,upper,7257,-20.359904048673343,-26.491461281999364,20.360699823266266,26.49198760779305,26.491509391919003,26.491509391919003,-6.1320354492000657,0.00047821587404506261,0.00047821587404506261,1,true,true,0.00079577459292323738,0.00052632579368605548,4.8109919639216514e-05,4.8109919642220283e-05,-3.003768566343934e-15,1.8189894035458565e-12,true
27,INEQ-WATER-D015-HYDRO01-LOWER,15,1,lower,7258,-3865.7000959513243,-3859.5685387179983,3865.6993001774254,3859.5680123922466,3859.5684906081206,3859.5684906081206,6.1320354492000657,-0.00047821587404506261,-0.00047821587404506261,1,true,true,-0.0007957738989716745,-0.00052632575170719065,-4.8109877752722241e-05,-4.8109877688186787e-05,-6.4535453803832299e-14,2.3283064365386963e-10,true
27,INEQ-WATER-D015-HYDRO02-UPPER,15,2,upper,7259,-20.077111708647863,-26.194935072919179,20.077783924838073,26.195474990280644,26.194975712903389,26.194975712903389,-6.1183226416485708,0.0004992773772540815,0.0004992773772540815,1,true,true,0.00067221619021040624,0.00053991736146485891,4.0639984209889235e-05,4.063998421264216e-05,-2.7529248412122564e-15,1.8189894035458565e-12,true
27,INEQ-WATER-D015-HYDRO02-LOWER,15,2,lower,7260,-3807.3228882913536,-3801.2050649270823,3807.3222160758719,3801.2045250097635,3801.205024287141,3801.205024287141,6.1183226416485708,-0.0004992773772540815,-0.0004992773772540815,1,true,true,-0.0006722154816998227,-0.00053991731874702964,-4.0639941289555281e-05,-4.063994137841807e-05,8.8862788926325625e-14,2.3283064365386963e-10,true
27,INEQ-WATER-D015-HYDRO03-UPPER,15,3,upper,7261,-22.004429426484421,-27.157073799164209,22.004456513271354,27.157402468927533,27.157075436742431,27.157075436742431,-5.1529714048648909,0.00032703218510299337,0.00032703218510299337,1,true,true,2.7086786932528639e-05,0.00032866976332357467,1.6375782223576607e-06,1.6375782216203528e-06,7.3730787575050465e-16,1.8189894035458565e-12,true
27,INEQ-WATER-D015-HYDRO03-LOWER,15,3,lower,7262,-1992.5255705735144,-1987.3729262008346,1992.5255434871603,1987.3725975310974,1987.3729245632826,1987.3729245632826,5.1529714048648909,-0.00032703218510299337,-0.00032703218510299337,1,true,true,-2.70863540663413e-05,-0.00032866973720047099,-1.6375520317524206e-06,-1.6375520519516125e-06,2.0199191940316222e-14,1.1641532182693481e-10,true
27,INEQ-WATER-D015-HYDRO04-UPPER,15,4,upper,7263,-22.869563303764153,-28.061194911551866,22.869598066505539,28.061515416142896,28.061197013193095,28.061197013193095,-5.1919500107375134,0.00031840294980067796,0.00031840294980067796,1,true,true,3.4762741385918616e-05,0.00032050459103061257,2.1016412290464359e-06,2.101641230434656e-06,-1.3882200849469652e-15,1.8189894035458565e-12,true
27,INEQ-WATER-D015-HYDRO04-LOWER,15,4,lower,7264,-2069.8404366962386,-2064.6488050884509,2069.8404019339132,2064.648484583885,2064.6488029868347,2064.6488029868347,5.1919500107375134,-0.00031840294980067796,-0.00031840294980067796,1,true,true,-3.476232541288482e-05,-0.00032050456593424315,-2.1016162463638466e-06,-2.1016160820705244e-06,-1.642933221753125e-13,2.3283064365386963e-10,true
27,INEQ-WATER-D016-HYDRO01-UPPER,16,1,upper,7265,-95.736925226243329,-134.24212002097192,95.737054286742989,134.24274848554015,134.24212782354607,134.24212782354607,-38.505815456722665,0.00062066199406984879,0.00062066199406984879,1,true,true,0.00012906049965977218,0.0006284645682228529,7.8025741458986886e-06,7.8025741495561718e-06,-3.6574831840463853e-15,1.4551915228366852e-11,true
27,INEQ-WATER-D016-HYDRO01-LOWER,16,1,lower,7266,-3731.1530747737561,-3692.6478799790275,3731.1529457139641,3692.6472515145019,3692.6478721764961,3692.6478721764961,38.505815456722665,-0.00062066199406984879,-0.00062066199406984879,1,true,true,-0.00012905979201605078,-0.00062846452556186705,-7.8025313996477053e-06,-7.80253136773972e-06,-3.190798523295367e-14,2.3283064365386963e-10,true
27,INEQ-WATER-D016-HYDRO02-UPPER,16,2,upper,7267,-96.110893886958365,-134.71433040341799,96.11102474889725,134.71496620854339,134.71433831490125,134.71433831490125,-38.604064410101756,0.0006278936421324488,0.0006278936421324488,1,true,true,0.00013086193888511843,0.00063580512539829215,7.9114832658433443e-06,7.9114832516341667e-06,1.420917758996644e-14,1.4551915228366852e-11,true
27,INEQ-WATER-D016-HYDRO02-LOWER,16,2,lower,7268,-3744.6491061130364,-3706.0456695965768,3744.6489752518028,3706.045033791494,3706.0456616851361,3706.0456616851361,38.604064410101756,-0.0006278936421324488,-0.0006278936421324488,1,true,true,-0.00013086123362882063,-0.000635805082765728,-7.9114406617009081e-06,-7.9114406141535081e-06,-4.7547399977215625e-14,2.3283064365386963e-10,true
27,INEQ-WATER-D016-HYDRO03-UPPER,16,3,upper,7269,-67.336406059792353,-90.774119061185047,67.336409095028159,90.774395587388142,90.774119244685437,90.774119244685437,-23.437989344095396,0.00027634270270127104,0.00027634270270127104,1,true,true,3.0352358066920715e-06,0.0002765262030948179,1.8350038999415119e-07,1.8350039326931764e-07,-3.2751664459132435e-15,7.2759576141834259e-12,true
27,INEQ-WATER-D016-HYDRO03-LOWER,16,3,lower,7270,-1962.4135939402076,-1938.975880938815,1962.413590905401,1938.9756044126377,1938.9758807553403,1938.9758807553403,23.437989344095396,-0.00027634270270127104,-0.00027634270270127104,1,true,true,-3.0348066957230913e-06,-0.00027652617723106232,-1.8347463992540725e-07,-1.834744506287523e-07,-1.892966549436006e-13,1.1641532182693481e-10,true
27,INEQ-WATER-D016-HYDRO04-UPPER,16,4,upper,7271,-69.32972145462918,-93.357772277769982,69.329724926456521,93.358078143087653,93.357772487665272,93.357772487665272,-24.028356478563186,0.0003056554223839214,0.0003056554223839214,1,true,true,3.4718273411726841e-06,0.00030586531767085035,2.0989529048165423e-07,2.0989528426876182e-07,6.2128924092251313e-15,7.2759576141834259e-12,true
27,INEQ-WATER-D016-HYDRO04-LOWER,16,4,lower,7272,-2001.9202785453708,-1977.89222772223,2001.9202750739644,1977.8919218569379,1977.8922275123603,1977.8922275123603,24.028356478563186,-0.0003056554223839214,-0.0003056554223839214,1,true,true,-3.4714064440777292e-06,-0.00030586529214815528,-2.0986976778658573e-07,-2.0986983821205682e-07,7.0425471097258823e-14,1.1641532182693481e-10,true
27,INEQ-WATER-D017-HYDRO01-UPPER,17,1,upper,7273,-36.447483696363633,-56.147047561891668,36.447655634401613,56.150422071366016,56.147057956701033,56.147057956701033,-19.702927980193017,0.0033641146649827647,0.0033641146649827647,1,true,true,0.00017193803797965757,0.0033745094743480308,1.0394809365266156e-05,1.0394809364616491e-05,6.4966410614868131e-16,3.637978807091713e-12,true
27,INEQ-WATER-D017-HYDRO01-LOWER,17,1,lower,7274,-3820.9925163036387,-3801.2929524381107,3820.9923443663015,3801.2895779286787,3801.2929420433438,3801.2929420433438,19.702927980193017,-0.0033641146649827647,-0.0033641146649827647,1,true,true,-0.00017193733719977899,-0.0033745094319783675,-1.0394766832177993e-05,-1.0394766997765445e-05,1.6558745172289609e-13,2.3283064365386963e-10,true
27,INEQ-WATER-D017-HYDRO02-UPPER,17,2,upper,7275,-36.280132666848658,-55.955156428921327,36.280300607586739,55.958505006463838,55.955166582067065,55.955166582067065,-19.678362186469446,0.0033384243967766736,0.0033384243967766736,1,true,true,0.00016794073808057419,0.0033485775425106112,1.0153145737490377e-05,1.0153145734436598e-05,3.0537790856157224e-15,3.637978807091713e-12,true
27,INEQ-WATER-D017-HYDRO02-LOWER,17,2,lower,7276,-3808.4098673331537,-3788.734843571081,3808.4096993931203,3788.7314949935812,3788.7348334179778,3788.7348334179778,19.678362186469446,-0.0033384243967766736,-0.0033384243967766736,1,true,true,-0.00016794003340692143,-0.0033485774997643603,-1.0153103175980505e-05,-1.0153103132180746e-05,-4.3799758606263492e-14,2.3283064365386963e-10,true
27,INEQ-WATER-D017-HYDRO03-UPPER,17,3,upper,7277,-33.95920676177775,-46.971587311865733,33.959209596281049,46.972377158621043,46.971587483230493,46.971587483230493,-13.013170225478531,0.00078967539054808356,0.00078967539054808356,1,true,true,2.8345032987431296e-06,0.00078984675531046378,1.7136476060386485e-07,1.7136476477239666e-07,-4.1685318042147785e-15,3.637978807091713e-12,true
27,INEQ-WATER-D017-HYDRO03-LOWER,17,3,lower,7278,-1969.4607932382205,-1956.4484126881325,1969.4607904041527,1956.4476228414035,1956.448412516794,1956.448412516794,13.013170225478531,-0.00078967539054808356,-0.00078967539054808356,1,true,true,-2.8340677999949548e-06,-0.00078984672904880426,-1.7133856999862473e-07,-1.7133843594767003e-07,-1.3405095470593831e-13,1.1641532182693481e-10,true
27,INEQ-WATER-D017-HYDRO04-UPPER,17,4,upper,7279,-34.697046226410748,-48.033358432850946,34.697049529973242,48.034274180668312,48.033358632573496,48.033358632573496,-13.337227754535018,0.0009155480948201955,0.0009155480948201955,1,true,true,3.3035624937838293e-06,0.00091574781736625255,1.9972254960975988e-07,1.9972254394948257e-07,5.6602773147663483e-15,3.637978807091713e-12,true
27,INEQ-WATER-D017-HYDRO04-LOWER,17,4,lower,7280,-1999.7829537735888,-1986.4466415671486,1999.7829504704557,1986.4457258193572,1986.446641367452,1986.446641367452,13.337227754535018,-0.0009155480948201955,-0.0009155480948201955,1,true,true,-3.3031330985977547e-06,-0.00091574779139591556,-1.9969661479990464e-07,-1.9969658412608468e-07,-3.067381995350285e-14,1.1641532182693481e-10,true
27,INEQ-WATER-D018-HYDRO01-UPPER,18,1,upper,7281,-2.9781228774882038,-4.5012256013797014,2.9923220481772455,4.504262755174163,4.502084036628716,4.502084036628716,-1.5252814424369441,0.0021787185454464897,0.0021787185454464897,1,true,true,0.01419917068904164,0.0030371537944615667,0.00085843524901463297,0.00085843524901511729,-4.8431311044927483e-16,4.5474735088646412e-13,true
27,INEQ-WATER-D018-HYDRO01-LOWER,18,1,lower,7282,-3871.6318771225124,-3870.1087743986209,3871.6176779525199,3870.1057372448686,3870.1079159634141,3870.1079159634141,1.5252814424369441,-0.0021787185454464897,-0.0021787185454464897,1,true,true,-0.014199169992480165,-0.0030371537523024017,-0.0008584352067373402,-0.00085843520690329707,1.6595687497844569e-13,2.3283064365386963e-10,true
27,INEQ-WATER-D018-HYDRO02-UPPER,18,2,upper,7283,-2.7397072496605688,-4.279490788023395,2.7548347384524616,4.2827102101887178,4.2804053463375693,4.2804053463375693,-1.5420884022139747,0.0023048638511484754,0.0023048638511484754,1,true,true,0.015127488791892851,0.0032194221653227828,0.00091455831417430744,0.00091455831417422114,8.6302492929846153e-17,4.5474735088646412e-13,true
27,INEQ-WATER-D018-HYDRO02-LOWER,18,2,lower,7284,-3895.2402927503426,-3893.7005092119798,3895.2251652622426,3893.6972897898563,3893.6995946537077,3893.6995946537077,1.5420884022139747,-0.0023048638511484754,-0.0023048638511484754,1,true,true,-0.015127488100006303,-0.0032194221234931319,-0.00091455827214304009,-0.00091455827234503161,2.0199152680339116e-13,2.3283064365386963e-10,true
27,INEQ-WATER-D018-HYDRO03-UPPER,18,3,upper,7285,-9.8760287402583344,-10.925478041459428,9.8765246803596849,10.925731402479894,10.925508024369959,10.925508024369959,-1.0496726793110283,0.0002233781099347798,0.0002233781099347798,1,true,true,0.00049594010135045608,0.00025336102046580322,2.9982910531245466e-05,2.9982910532086553e-05,-8.4108677596457515e-16,9.0949470177292824e-13,true
27,INEQ-WATER-D018-HYDRO03-LOWER,18,3,lower,7286,-1991.1339712597437,-1990.0845219585426,1991.1334753200783,1990.0842685975485,1990.0844919756585,1990.0844919756585,1.0496726793110283,-0.0002233781099347798,-0.0002233781099347798,1,true,true,-0.0004959396653703152,-0.00025336099406558787,-2.9982884143464616e-05,-2.9982884174158404e-05,3.0693787219987154e-14,1.1641532182693481e-10,true
27,INEQ-WATER-D018-HYDRO04-UPPER,18,4,upper,7287,-9.8970762946264585,-10.948742488788412,9.8975795042312296,10.948995772675339,10.948772911189257,10.948772911189257,-1.051889055648034,0.00022286148608086087,0.00022286148608086087,1,true,true,0.00050320960477101551,0.00025328388692713588,3.0422400845608877e-05,3.0422400845690592e-05,-8.1714962487516862e-17,9.0949470177292824e-13,true
27,INEQ-WATER-D018-HYDRO04-LOWER,18,4,lower,7288,-1997.1429237053708,-1996.0912575112088,1997.142420496202,1996.0910042273483,1996.0912270888343,1996.0912270888343,1.051889055648034,-0.00022286148608086087,-0.00022286148608086087,1,true,true,-0.00050320916875534749,-0.00025328386050205154,-3.0422374493355164e-05,-3.0422374485614588e-05,-7.7405767071655335e-15,1.1641532182693481e-10,true
27,INEQ-WATER-D019-HYDRO01-UPPER,19,1,upper,7289,-11.991155590840208,-15.201746148246457,11.99421082310022,15.202734964175853,15.201930857559653,15.201930857559653,-3.2113946640224498,0.00080410661620078372,0.00080410661620078372,1,true,true,0.0030552322600119197,0.00098881592939648044,0.00018470931319569672,0.00018470931319576736,-7.0635771537430614e-17,9.0949470177292824e-13,true
27,INEQ-WATER-D019-HYDRO01-LOWER,19,1,lower,7290,-3847.8888444091572,-3844.6782538517509,3847.885789177597,3844.6772650358639,3844.6780691424801,3844.6780691424801,3.2113946640224498,-0.00080410661620078372,-0.00080410661620078372,1,true,true,-0.0030552315602108138,-0.00098881588701260625,-0.00018470927079761168,-0.00018470927088808968,9.047799944157664e-14,2.3283064365386963e-10,true
27,INEQ-WATER-D019-HYDRO02-UPPER,19,2,upper,7291,-11.935174544923939,-15.149187603274186,11.938173037251754,15.150183248023612,15.149368882277338,15.149368882277338,-3.2148274240965216,0.00081436574627469227,0.00081436574627469227,1,true,true,0.0029984923278156828,0.00099564474942681613,0.00018127900315256795,0.00018127900315226825,2.9970058552930556e-16,9.0949470177292824e-13,true
27,INEQ-WATER-D019-HYDRO02-LOWER,19,2,lower,7292,-3815.614825455079,-3812.4008123967287,3815.6118269634594,3812.3998167520222,3812.4006311177686,3812.4006311177686,3.2148274240965216,-0.00081436574627469227,-0.00081436574627469227,1,true,true,-0.0029984916195644473,-0.0009956447065633256,-0.00018127896009900724,-0.00018127896033372348,2.3471624492100995e-13,2.3283064365386963e-10,true
27,INEQ-WATER-D019-HYDRO03-UPPER,19,3,upper,7293,-15.607178498590656,-18.339450164177833,15.607364673120538,18.33971492235451,18.339461419678766,18.339461419678766,-2.7325251682629221,0.00025350267574486551,0.00025350267574486551,1,true,true,0.00018617452988145544,0.00026475817667659385,1.1255500933060603e-05,1.1255500931642539e-05,1.4180635967775759e-15,1.8189894035458565e-12,true
27,INEQ-WATER-D019-HYDRO03-LOWER,19,3,lower,7294,-2019.9428215014086,-2017.2105498358214,2019.9426353273066,2017.2102850776707,2017.2105385803466,2017.2105385803466,2.7325251682629221,-0.00025350267574486551,-0.00025350267574486551,1,true,true,-0.00018617410205479246,-0.00026475815070625686,-1.1255474873905769e-05,-1.1255475066646898e-05,1.9274112911433789e-13,1.1641532182693481e-10,true
27,INEQ-WATER-D019-HYDRO04-UPPER,19,4,upper,7295,-15.568404899782763,-18.30866847062498,15.56858742094885,18.308935912628208,18.308679505255526,18.308679505255526,-2.7405199782148966,0.00025640737267984548,0.00025640737267984548,1,true,true,0.00018252116608685753,0.00026744200322781353,1.1034630546191693e-05,1.1034630549319516e-05,-3.1278233177329043e-15,1.8189894035458565e-12,true
27,INEQ-WATER-D019-HYDRO04-LOWER,19,4,lower,7296,-2014.1015951002191,-2011.3613315293769,2014.1014125794838,2011.3610640873997,2011.3613204947724,2011.3613204947724,2.7405199782148966,-0.00025640737267984548,-0.00025640737267984548,1,true,true,-0.00018252073527946777,-0.00026744197725747654,-1.1034604540327564e-05,-1.103460450411892e-05,-3.6208644250772769e-14,1.1641532182693481e-10,true
27,INEQ-WATER-D020-HYDRO01-UPPER,20,1,upper,7297,-18.57486971803155,-24.545124742486223,18.576126414735331,24.545545280885523,24.545200718243642,24.545200718243642,-5.9705995870965527,0.00034456264187987529,0.00034456264187987529,1,true,true,0.001256696703780591,0.00042053839930034087,7.5975757418689227e-05,7.5975757420744183e-05,-2.0549561401475569e-15,1.8189894035458565e-12,true
27,INEQ-WATER-D020-HYDRO01-LOWER,20,1,lower,7298,-3810.6751302819684,-3804.7048752575138,3810.6738735859722,3804.7044547191572,3804.7047992817988,3804.7047992817988,5.9705995870965527,-0.00034456264187987529,-0.00034456264187987529,1,true,true,-0.0012566959962896362,-0.00042053835659316974,-7.5975714935339056e-05,-7.5975714648163499e-05,-2.8717555677210127e-13,2.3283064365386963e-10,true
27,INEQ-WATER-D020-HYDRO02-UPPER,20,2,upper,7299,-18.757861586433137,-24.749847820748982,18.759181314722483,24.750324721019261,24.749927607189157,24.749927607189157,-5.9923833481459505,0.00039711383010487822,0.00039711383010487822,1,true,true,0.0013197282893457896,0.00047690027027869064,7.9786440174700601e-05,7.978644017366283e-05,1.0377712144488127e-15,1.8189894035458565e-12,true
27,INEQ-WATER-D020-HYDRO02-LOWER,20,2,lower,7300,-3859.7721384135657,-3853.7801521792499,3859.7708186859727,3853.7796752790218,3853.7800723928522,3853.7800723928522,5.9923833481459505,-0.00039711383010487822,-0.00039711383010487822,1,true,true,-0.0013197275929996977,-0.00047690022802271415,-7.978639769135043e-05,-7.9786398074863977e-05,3.8351354698321766e-13,2.3283064365386963e-10,true
27,INEQ-WATER-D020-HYDRO03-UPPER,20,3,upper,7301,-20.9777100861902,-25.912898722541286,20.977798803868204,25.913452675458743,25.912904086120868,25.912904086120868,-4.9357372256889596,0.00054858933787382824,0.00054858933787382824,1,true,true,8.8717678004002209e-05,0.00055395291745696795,5.363579582251532e-06,5.3635795834319164e-06,-1.1803844577121247e-15,1.8189894035458565e-12,true
27,INEQ-WATER-D020-HYDRO03-LOWER,20,3,lower,7302,-1984.4022899138108,-1979.4671012774597,1984.4022011965678,1979.4665473245686,1979.4670959139064,1979.4670959139064,4.9357372256889596,-0.00054858933787382824,-0.00054858933787382824,1,true,true,-8.8717242988423095e-05,-0.00055395289109583246,-5.3635533276974456e-06,-5.3635532838180049e-06,-4.3879440689677598e-14,1.1641532182693481e-10,true
27,INEQ-WATER-D020-HYDRO04-UPPER,20,4,upper,7303,-21.238893137680861,-26.201567776031879,21.238987079919276,26.202100688029809,26.201573455471234,26.201573455471234,-4.9632018709095922,0.00052723255857411999,0.00052723255857411999,1,true,true,9.394223841496796e-05,0.00053291199792937505,5.6794393543668775e-06,5.6794393554989718e-06,-1.1320942623562098e-15,1.8189894035458565e-12,true
27,INEQ-WATER-D020-HYDRO04-LOWER,20,4,lower,7304,-2007.6211068623197,-2002.6584322239687,2007.6210129205122,2002.6578993119967,2002.6584265445554,2002.6584265445554,4.9632018709095922,-0.00052723255857411999,-0.00052723255857411999,1,true,true,-9.3941807563169277e-05,-0.00053291197195903806,-5.679413334291894e-06,-5.6794133076135571e-06,-2.6678336901002787e-14,1.1641532182693481e-10,true
28,INEQ-WATER-D014-HYDRO01-UPPER,14,1,upper,7249,-37.8406922849681,-46.555594955607376,37.840787515916283,46.556013559000206,46.555595003222848,46.555595003222848,-8.7153212264166324,0.0004185557773563886,0.0004185557773563886,1,true,true,9.5230948183200326e-05,0.00041860339283061876,4.7615472453799157e-08,4.7615474091594919e-08,-1.6377957620519336e-15,3.637978807091713e-12,true
28,INEQ-WATER-D014-HYDRO01-LOWER,14,1,lower,7250,-3853.7093077150348,-3844.9944050443955,3853.7092124841283,3844.9939864410026,3844.9944049967798,3844.9944049967798,8.7153212264166324,-0.0004185557773563886,-0.0004185557773563886,1,true,true,-9.5230906481447164e-05,-0.00041860339297272731,-4.7615685616619885e-08,-4.7615453240718335e-08,-2.323759015499817e-13,2.3283064365386963e-10,true
28,INEQ-WATER-D014-HYDRO02-UPPER,14,2,upper,7251,-37.440444233419839,-46.139184313746227,37.440531352039017,46.139538986783776,46.139184357305538,46.139184357305538,-8.6990947098046227,0.00035462947823461377,0.00035462947823461377,1,true,true,8.7118619177317669e-05,0.00035467303754899149,4.3559310825003195e-08,4.3559309588654039e-08,1.2363491553819678e-15,3.637978807091713e-12,true
28,INEQ-WATER-D014-HYDRO02-LOWER,14,2,lower,7252,-3796.7195557665764,-3788.02081568625,3796.7194686479997,3788.0204610132123,3788.0208156426906,3788.0208156426906,8.6990947098046227,-0.00035462947823461377,-0.00035462947823461377,1,true,true,-8.7118576630018651e-05,-0.00035467303769110003,-4.3559339246712625e-08,-4.3559288315004531e-08,-5.0931708094072798e-14,2.3283064365386963e-10,true
28,INEQ-WATER-D014-HYDRO03-UPPER,14,3,upper,7253,-36.465239753128117,-43.611452562716295,36.465245400486346,43.611967870026454,43.611452565539977,43.611452565539977,-7.1467281140746586,0.00051530448648051674,0.00051530448648051674,1,true,true,5.6473582290550439e-06,0.00051530731015958509,2.8236826210559229e-09,2.8236791145272111e-09,3.5065287118702733e-15,3.637978807091713e-12,true
28,INEQ-WATER-D014-HYDRO03-LOWER,14,3,lower,7254,-1969.0447602468739,-1961.8985474372857,1969.0447545995421,1961.8980321299755,1961.898547434462,1961.898547434462,7.1467281140746586,-0.00051530448648051674,-0.00051530448648051674,1,true,true,-5.6473318181815557e-06,-0.00051530731025195564,-2.8237536753294989e-09,-2.8236659090904667e-09,-8.7766239032203438e-14,1.1641532182693481e-10,true
28,INEQ-WATER-D014-HYDRO04-UPPER,14,4,upper,7255,-36.500402446632506,-43.660899051734305,36.500408090969323,43.661414787999021,43.660899054556474,43.660899054556474,-7.1610123385443476,0.00051573344254940423,0.00051573344254940423,1,true,true,5.6443368166014807e-06,0.0005157362647167929,2.8221691650287539e-09,2.8221684083004294e-09,7.5672832456471235e-16,3.637978807091713e-12,true
28,INEQ-WATER-D014-HYDRO04-LOWER,14,4,lower,7256,-1971.3295975533692,-1964.1691009482674,1971.3295919090588,1964.1685852120027,1964.1691009454453,1964.1691009454453,7.1610123385443476,-0.00051573344254940423,-0.00051573344254940423,1,true,true,-5.6443104767822661e-06,-0.00051573626478784718,-2.8221620596013963e-09,-2.8221552383908223e-09,-6.8212105740521743e-15,1.1641532182693481e-10,true
28,INEQ-WATER-D015-HYDRO01-UPPER,15,1,upper,7257,-26.491461281999364,-32.448874514120689,26.491509391919003,32.449350389285428,32.448874538175652,32.448874538175652,-5.9578890832311009,0.00047585110977532707,0.00047585110977532707,1,true,true,4.8109919639216514e-05,0.00047587516473868163,2.4054962466379948e-08,2.4054959819605606e-08,2.6467743413901025e-15,3.637978807091713e-12,true
28,INEQ-WATER-D015-HYDRO01-LOWER,15,1,lower,7258,-3859.5685387179983,-3853.611125485877,3859.5684906081206,3853.6106496107122,3853.6111254618222,3853.6111254618222,5.9578890832311009,-0.00047585110977532707,-0.00047585110977532707,1,true,true,-4.8109877752722241e-05,-0.00047587516473868163,-2.4054770619841293e-08,-2.4054938876358471e-08,1.6825651717889618e-13,2.3283064365386963e-10,true
28,INEQ-WATER-D015-HYDRO02-UPPER,15,2,upper,7259,-26.194935072919179,-32.136790284137533,26.194975712903389,32.137223324952515,32.136790304457527,32.136790304457527,-5.9422882317133441,0.00043302049499072126,0.00043302049499072126,1,true,true,4.0639984209889235e-05,0.00043304081498263258,2.0319994575856981e-08,2.0319992104942379e-08,2.4709146016520835e-15,3.637978807091713e-12,true
28,INEQ-WATER-D015-HYDRO02-LOWER,15,2,lower,7260,-3801.2050649270823,-3795.2632097158639,3801.205024287141,3795.2627766750488,3795.263209695544,3795.263209695544,5.9422882317133441,-0.00043302049499072126,-0.00043302049499072126,1,true,true,-4.0639941289555281e-05,-0.00043304081509631942,-2.0319930627010763e-08,-2.0319970644775402e-08,4.0017764639538991e-14,2.3283064365386963e-10,true
28,INEQ-WATER-D015-HYDRO03-UPPER,15,3,upper,7261,-27.157073799164209,-32.136366698508937,27.157075436742431,32.136715622696549,32.136366699327731,32.136366699327731,-4.9796418227135479,0.00034892336882030861,0.00034892336882030861,1,true,true,1.6375782223576607e-06,0.00034892418761245381,8.1879392155315145e-10,8.1878911117874022e-10,4.8103744112304409e-15,3.637978807091713e-12,true
28,INEQ-WATER-D015-HYDRO03-LOWER,15,3,lower,7262,-1987.3729262008346,-1982.3936333014899,1987.3729245632826,1982.3932843773023,1982.3936333006711,1982.3936333006711,4.9796418227135479,-0.00034892336882030861,-0.00034892336882030861,1,true,true,-1.6375520317524206e-06,-0.00034892418761955923,-8.1877260527107865e-10,-8.187760158761201e-10,3.4106050414568428e-15,1.1641532182693481e-10,true
28,INEQ-WATER-D015-HYDRO04-UPPER,15,4,upper,7263,-28.061194911551866,-33.082750811325241,28.061197013193095,33.083089608127942,33.082750812376062,33.082750812376062,-5.0218946955252575,0.00033879575188233702,0.00033879575188233702,1,true,true,2.1016412290464359e-06,0.0003387968027013244,1.0508216519156122e-09,1.0508206145231023e-09,1.0373925098644852e-15,3.637978807091713e-12,true
28,INEQ-WATER-D015-HYDRO04-LOWER,15,4,lower,7264,-2064.6488050884509,-2059.6272491886775,2064.6488029868347,2059.6269103918748,2059.6272491876266,2059.6272491876266,5.0218946955252575,-0.00033879575188233702,-0.00033879575188233702,1,true,true,-2.1016162463638466e-06,-0.00033879680268000811,-1.0509211278986186e-09,-1.0508081231818076e-09,-1.1300471681095265e-13,2.3283064365386963e-10,true
28,INEQ-WATER-D016-HYDRO01-UPPER,16,1,upper,7265,-134.24212002097192,-169.57930930537259,134.24212782354607,169.57980185883363,169.57930930927387,169.57930930927387,-35.337681833960424,0.00049254955975897019,0.00049254955975897019,1,true,true,7.8025741458986886e-06,0.00049255346104359887,3.9012775232549757e-09,3.9012870729489144e-09,-9.5496939387729955e-15,1.4551915228366852e-11,true
28,INEQ-WATER-D016-HYDRO01-LOWER,16,1,lower,7266,-3692.6478799790275,-3657.3106906946268,3692.6478721764961,3657.310198141166,3657.3106906907256,3657.3106906907256,35.337681833960424,-0.00049254955975897019,-0.00049254955975897019,1,true,true,-7.8025313996477053e-06,-0.00049255346084464691,-3.9012775232549757e-09,-3.9012656998234226e-09,-1.1823431553109194e-14,2.3283064365386963e-10,true
28,INEQ-WATER-D016-HYDRO02-UPPER,16,2,upper,7267,-134.71433040341799,-170.14101101028791,134.71433831490125,170.14151017696355,170.14101101424365,170.14101101424365,-35.427179769589813,0.000499162719890478,0.000499162719890478,1,true,true,7.9114832658433443e-06,0.00049916667563820738,3.9557335185236298e-09,3.9557416329212362e-09,-8.1143976064032217e-15,1.4551915228366852e-11,true
28,INEQ-WATER-D016-HYDRO02-LOWER,16,2,lower,7268,-3706.0456695965768,-3670.6189889897068,3706.0456616851361,3670.6184898230313,3670.618988985751,3670.618988985751,35.427179769589813,-0.000499162719890478,-0.000499162719890478,1,true,true,-7.9114406617009081e-06,-0.00049916667558136396,-3.9558472053613514e-09,-3.9557203308500187e-09,-1.2687451133262563e-13,2.3283064365386963e-10,true
28,INEQ-WATER-D016-HYDRO03-UPPER,16,3,upper,7269,-90.774119061185047,-112.25152299440379,90.774119244685437,112.25176282837307,112.25152299449553,112.25152299449553,-21.477643767096275,0.00023983387753645502,0.00023983387753645502,1,true,true,1.8350038999415119e-07,0.00023983396928883849,9.1745278041344136e-11,9.1750194997065495e-11,-4.9169557213592942e-15,7.2759576141834259e-12,true
28,INEQ-WATER-D016-HYDRO03-LOWER,16,3,lower,7270,-1938.975880938815,-1917.4984770055962,1938.9758807553403,1917.4982371716269,1917.4984770055044,1917.4984770055044,21.477643767096275,-0.00023983387753645502,-0.00023983387753645502,1,true,true,-1.8347463992540725e-07,-0.0002398339693172602,-9.1858964879065752e-11,-9.1737319962693523e-11,-1.2164491637222903e-13,1.1641532182693481e-10,true
28,INEQ-WATER-D016-HYDRO04-UPPER,16,4,upper,7271,-93.357772277769982,-115.37799844510664,93.357772487665272,115.37826378034649,115.37799844521157,115.37799844521157,-22.020491502471565,0.00026533513490534233,0.00026533513490534233,1,true,true,2.0989529048165423e-07,0.00026533523984539897,1.049329512170516e-10,1.0494764524081555e-10,-1.469402376395923e-14,7.2759576141834259e-12,true
28,INEQ-WATER-D016-HYDRO04-LOWER,16,4,lower,7272,-1977.89222772223,-1955.8720015548934,1977.8922275123603,1955.8717362196535,1955.8720015547883,1955.8720015547883,22.020491502471565,-0.00026533513490534233,-0.00026533513490534233,1,true,true,-2.0986976778658573e-07,-0.00026533523987382068,-1.0504663805477321e-10,-1.049348838932813e-10,-1.1175416149191016e-13,1.1641532182693481e-10,true
28,INEQ-WATER-D017-HYDRO01-UPPER,17,1,upper,7273,-56.147047561891668,-76.906596525310306,56.147057956701033,76.910287612471564,76.906596530507727,76.906596530507727,-20.763240045382481,0.003691081963843601,0.003691081963843601,1,true,true,1.0394809365266156e-05,0.0036910871612576557,5.19742116011912e-09,5.1974046826325052e-09,1.6477486614811439e-14,7.2759576141834259e-12,true
28,INEQ-WATER-D017-HYDRO01-LOWER,17,1,lower,7274,-3801.2929524381107,-3780.533403474692,3801.2929420433438,3780.5297123875307,3780.5334034694947,3780.5334034694947,20.763240045382481,-0.003691081963843601,-0.003691081963843601,1,true,true,-1.0394766832177993e-05,-0.0036910871613144991,-5.1973074732813984e-09,-5.1973834160884238e-09,7.5942807025385679e-14,2.3283064365386963e-10,true
28,INEQ-WATER-D017-HYDRO02-UPPER,17,2,upper,7275,-55.955156428921327,-76.683582248886523,55.955166582067065,76.687250004998816,76.683582253963095,76.683582253963095,-20.732093571000913,0.0036677510357172594,0.0036677510357172594,1,true,true,1.0153145737490377e-05,0.0036677561122928637,5.0765720516210422e-09,5.0765728687446291e-09,-8.1712358688384668e-16,7.2759576141834259e-12,true
28,INEQ-WATER-D017-HYDRO02-LOWER,17,2,lower,7276,-3788.734843571081,-3768.0064177511158,3788.7348334179778,3768.0027499950033,3768.006417746039,3768.006417746039,20.732093571000913,-0.0036677510357172594,-0.0036677510357172594,1,true,true,-1.0153103175980505e-05,-0.0036677561124633939,-5.0767994252964854e-09,-5.0765515879896931e-09,-2.4783730679233013e-13,2.3283064365386963e-10,true
28,INEQ-WATER-D017-HYDRO03-UPPER,17,3,upper,7277,-46.971587311865733,-59.783182925431902,46.971587483230493,59.783926381373959,59.783182925517586,59.783182925517586,-12.812339069422544,0.00074345585637480838,0.00074345585637480838,1,true,true,1.7136476060386485e-07,0.00074345594205738053,8.5684348505310481e-11,8.5682380301922991e-11,1.9682033874908166e-15,3.637978807091713e-12,true
28,INEQ-WATER-D017-HYDRO03-LOWER,17,3,lower,7278,-1956.4484126881325,-1943.6368170745664,1956.448412516794,1943.6360736186243,1943.6368170744806,1943.6368170744806,12.812339069422544,-0.00074345585637480838,-0.00074345585637480838,1,true,true,-1.7133856999862473e-07,-0.00074345594202895882,-8.5719875642098486e-11,-8.5669284999302927e-11,-5.0590642795559849e-14,1.1641532182693481e-10,true
28,INEQ-WATER-D017-HYDRO04-UPPER,17,4,upper,7279,-48.033358432850946,-61.205101345465664,48.033358632573496,61.205965073246446,61.205101345565524,61.205101345565524,-13.172606640295637,0.00086372768091891317,0.00086372768091891317,1,true,true,1.9972254960975988e-07,0.00086372778078214196,9.985967608372448e-11,9.9861274804868944e-11,-1.5987211444638932e-15,3.637978807091713e-12,true
28,INEQ-WATER-D017-HYDRO04-LOWER,17,4,lower,7280,-1986.4466415671486,-1973.2748986545339,1986.446641367452,1973.2740349267531,1973.2748986544341,1973.2748986544341,13.172606640295637,-0.00086372768091891317,-0.00086372768091891317,1,true,true,-1.9969661479990464e-07,-0.00086372778082477453,-9.9817043519578874e-11,-9.9848307399941317e-11,3.1263880362442906e-14,1.1641532182693481e-10,true
28,INEQ-WATER-D018-HYDRO01-UPPER,18,1,upper,7281,-4.5012256013797014,-6.9790714933624258,4.502084036628716,6.9827008085858733,6.9790719225800499,6.9790719225800499,-2.4814747779885478,0.0036288860058233396,0.0036288860058233396,1,true,true,0.00085843524901463297,0.0036293152234474491,4.2921762410941255e-07,4.2921762450726922e-07,-3.9785666928126521e-16,4.5474735088646412e-13,true
28,INEQ-WATER-D018-HYDRO01-LOWER,18,1,lower,7282,-3870.1087743986209,-3867.6309285066382,3870.1079159634141,3867.6272991914147,3867.6309280774208,3867.6309280774208,2.4814747779885478,-0.0036288860058233396,-0.0036288860058233396,1,true,true,-0.0008584352067373402,-0.0036293152234065928,-4.2921737986034714e-07,-4.2921760336862282e-07,2.2350827568736481e-13,2.3283064365386963e-10,true
28,INEQ-WATER-D018-HYDRO02-UPPER,18,2,upper,7283,-4.279490788023395,-6.7817827532417141,4.2804053463375693,6.7858224072773936,6.7817832105208709,6.7817832105208709,-2.5063311619748414,0.0040391967565223119,0.0040391967565223119,1,true,true,0.00091455831417430744,0.0040396540356795185,4.5727915676252451e-07,4.5727915708710335e-07,-3.2457884316267082e-16,4.5474735088646412e-13,true
28,INEQ-WATER-D018-HYDRO02-LOWER,18,2,lower,7284,-3893.7005092119798,-3891.1982172467615,3893.6995946537077,3891.1941775927257,3891.1982167894821,3891.1982167894821,2.5063311619748414,-0.0040391967565223119,-0.0040391967565223119,1,true,true,-0.00091455827214304009,-0.0040396540357505728,-4.5727938413619995e-07,-4.5727913607146969e-07,-2.4806473025747511e-13,2.3283064365386963e-10,true
28,INEQ-WATER-D018-HYDRO03-UPPER,18,3,upper,7285,-10.925478041459428,-12.672388804312504,10.925508024369959,12.672729061529646,12.67238881930396,12.67238881930396,-1.7472510050787626,0.00034024222568618256,0.00034024222568618256,1,true,true,2.9982910531245466e-05,0.00034025721714137092,1.499145518835121e-08,1.4991455265621083e-08,-7.7269872546669203e-17,9.0949470177292824e-13,true
28,INEQ-WATER-D018-HYDRO03-LOWER,18,3,lower,7286,-1990.0845219585426,-1988.3376111956895,1990.0844919756585,1988.3372709384723,1988.3376111806981,1988.3376111806981,1.7472510050787626,-0.00034024222568618256,-0.00034024222568618256,1,true,true,-2.9982884143464616e-05,-0.00034025721720354341,-1.4991428542998619e-08,-1.4991442071730658e-08,1.3528732038508019e-14,1.1641532182693481e-10,true
28,INEQ-WATER-D018-HYDRO04-UPPER,18,4,upper,7287,-10.948742488788412,-12.699600870892027,10.948772911189257,12.69994082841005,12.699600886103227,12.699600886103227,-1.7511983244104383,0.0003399423068228824,0.0003399423068228824,1,true,true,3.0422400845608877e-05,0.00033995751802251561,1.5211199411169218e-08,1.5211200422802763e-08,-1.0116335445543334e-15,9.0949470177292824e-13,true
28,INEQ-WATER-D018-HYDRO04-LOWER,18,4,lower,7288,-1996.0912575112088,-1994.3403991291052,1996.0912270888343,1994.3400591715872,1994.3403991138939,1994.3403991138939,1.7511983244104383,-0.0003399423068228824,-0.0003399423068228824,1,true,true,-3.0422374493355164e-05,-0.00033995751800830476,-1.5211298887152225e-08,-1.5211187246675906e-08,-1.1164047631890514e-13,1.1641532182693481e-10,true
28,INEQ-WATER-D019-HYDRO01-UPPER,19,1,upper,7289,-15.201746148246457,-18.464912445087975,15.201930857559653,18.465697482954717,18.464912537442629,18.464912537442629,-3.2639512423536043,0.00078494551208585506,0.00078494551208585506,1,true,true,0.00018470931319569672,0.0007850378667413338,9.2354653702386713e-08,9.2354656597838188e-08,-2.8954514753567117e-15,1.8189894035458565e-12,true
28,INEQ-WATER-D019-HYDRO01-LOWER,19,1,lower,7290,-3844.6782538517509,-3841.4150875549094,3844.6780691424801,3841.4143025170429,3841.4150874625548,3841.4150874625548,3.2639512423536043,-0.00078494551208585506,-0.00078494551208585506,1,true,true,-0.00018470927079761168,-0.00078503786653527641,-9.2354639491531998e-08,-9.2354635398795666e-08,-4.0927363314791483e-15,2.3283064365386963e-10,true
28,INEQ-WATER-D019-HYDRO02-UPPER,19,2,upper,7291,-15.149187603274186,-18.415613327153551,15.149368882277338,18.416401784177062,18.41561341779305,18.41561341779305,-3.2672140902633759,0.00078836638401069692,0.00078836638401069692,1,true,true,0.00018127900315256795,0.00078845702351060254,9.0639499461531159e-08,9.0639501576273995e-08,-2.1147428357638686e-15,1.8189894035458565e-12,true
28,INEQ-WATER-D019-HYDRO02-LOWER,19,2,lower,7292,-3812.4008123967287,-3809.1343866728494,3812.4006311177686,3809.1335982158257,3809.1343865822096,3809.1343865822096,3.2672140902633759,-0.00078836638401069692,-0.00078836638401069692,1,true,true,-0.00018127896009900724,-0.00078845702364560566,-9.0639787231339142e-08,-9.0639480049493633e-08,-3.0718184550841914e-13,2.3283064365386963e-10,true
28,INEQ-WATER-D019-HYDRO03-UPPER,19,3,upper,7293,-18.339450164177833,-21.110335168312304,18.339461419678766,21.110581281656199,21.110335173940054,21.110335173940054,-2.7711311118506141,0.00024610771614375082,0.00024610771614375082,1,true,true,1.1255500933060603e-05,0.0002461133438949048,5.6277507098911883e-09,5.6277504665296816e-09,2.4336150674140157e-16,1.8189894035458565e-12,true
28,INEQ-WATER-D019-HYDRO03-LOWER,19,3,lower,7294,-2017.2105498358214,-2014.439664831687,2017.2105385803466,2014.4394187183432,2014.4396648260592,2014.4396648260592,2.7711311118506141,-0.00024610771614375082,-0.00024610771614375082,1,true,true,-1.1255474873905769e-05,-0.0002461133437918761,-5.6277258408954367e-09,-5.6277374369522646e-09,1.1596056827927442e-14,1.1641532182693481e-10,true
28,INEQ-WATER-D019-HYDRO04-UPPER,19,4,upper,7295,-18.30866847062498,-21.087436257752415,18.308679505255526,21.087685094434896,21.08743626326973,21.08743626326973,-2.7790166182926006,0.00024883116516516424,0.00024883116516516424,1,true,true,1.1034630546191693e-05,0.0002488366824806576,5.5173146051856747e-09,5.5173152730952387e-09,-6.6790956392791152e-16,1.8189894035458565e-12,true
28,INEQ-WATER-D019-HYDRO04-LOWER,19,4,lower,7296,-2011.3613315293769,-2008.5825637422495,2011.3613204947724,2008.582314905567,2008.5825637367323,2008.5825637367323,2.7790166182926006,-0.00024883116516516424,-0.00024883116516516424,1,true,true,-1.1034604540327564e-05,-0.00024883668243091961,-5.5172222346300259e-09,-5.5173022701631746e-09,8.0035533148628887e-14,1.1641532182693481e-10,true
28,INEQ-WATER-D020-HYDRO01-UPPER,20,1,upper,7297,-24.545124742486223,-30.677211998277926,24.545200718243642,30.677716949694595,30.677212036265807,30.677212036265807,-6.1325921692204926,0.00050491342878977719,0.00050491342878977719,1,true,true,7.5975757418689227e-05,0.00050495141666928589,3.7987881285062031e-08,3.7987878709340433e-08,2.5757215980320513e-15,1.8189894035458565e-12,true
28,INEQ-WATER-D020-HYDRO01-LOWER,20,1,lower,7298,-3804.7048752575138,-3798.5727880017221,3804.7047992817988,3798.5722830503055,3798.5727879637343,3798.5727879637343,6.1325921692204926,-0.00050491342878977719,-0.00050491342878977719,1,true,true,-7.5975714935339056e-05,-0.00050495141658757348,-3.7987774703651667e-08,-3.7987857467665346e-08,8.276401367942893e-14,2.3283064365386963e-10,true
28,INEQ-WATER-D020-HYDRO02-UPPER,20,2,upper,7299,-24.749847820748982,-30.906764169027156,24.749927607189157,30.907346127226006,30.906764208920375,30.906764208920375,-6.1574982665838043,0.00058191830563103508,0.00058191830563103508,1,true,true,7.9786440174700601e-05,0.00058195819885042965,3.9893219394571133e-08,3.9893220087345908e-08,-6.9277477444147498e-16,1.8189894035458565e-12,true
28,INEQ-WATER-D020-HYDRO02-LOWER,20,2,lower,7300,-3853.7801521792499,-3847.6232358309717,3853.7800723928522,3847.6226538727728,3847.6232357910785,3847.6232357910785,6.1574982665838043,-0.00058191830563103508,-0.00058191830563103508,1,true,true,-7.978639769135043e-05,-0.0005819581988362188,-3.9893166103865951e-08,-3.9893198845670821e-08,3.2741804869894942e-14,2.3283064365386963e-10,true
28,INEQ-WATER-D020-HYDRO03-UPPER,20,3,upper,7301,-25.912898722541286,-30.918641411055432,25.912904086120868,30.919118074372825,30.91864141373722,30.91864141373722,-5.0062193491497506,0.00047666063560392047,0.00047666063560392047,1,true,true,5.363579582251532e-06,0.00047666331739293355,2.6817872367246309e-09,2.6817897911254708e-09,-2.5544008398996653e-15,1.8189894035458565e-12,true
28,INEQ-WATER-D020-HYDRO03-LOWER,20,3,lower,7302,-1979.4671012774597,-1974.4613585889456,1979.4670959139064,1974.4608819256282,1974.4613585862637,1974.4613585862637,5.0062193491497506,-0.00047666063560392047,-0.00047666063560392047,1,true,true,-5.3635533276974456e-06,-0.00047666331738582812,-2.6818725018529221e-09,-2.6817766638484274e-09,-9.5838004494711819e-14,1.1641532182693481e-10,true
28,INEQ-WATER-D020-HYDRO04-UPPER,20,4,upper,7303,-26.201567776031879,-31.23729437719885,26.201573455471234,31.23775631592239,31.23729438003857,31.23729438003857,-5.0361885370507897,0.00046193588381893136,0.00046193588381893136,1,true,true,5.6794393543668775e-06,0.00046193872353939014,2.8397195706020284e-09,2.8397196771831262e-09,-1.0658109778900516e-16,1.8189894035458565e-12,true
28,INEQ-WATER-D020-HYDRO04-LOWER,20,4,lower,7304,-2002.6584322239687,-1997.6227056228017,2002.6584265445554,1997.6222436840783,1997.6227056199621,1997.6227056199621,5.0361885370507897,-0.00046193588381893136,-0.00046193588381893136,1,true,true,-5.679413334291894e-06,-0.00046193872344701958,-2.8396698326105252e-09,-2.8397066671456344e-09,3.6834535109188879e-14,1.1641532182693481e-10,true
29,INEQ-WATER-D014-HYDRO01-UPPER,14,1,upper,7249,-46.555594955607376,-54.277744976199756,46.555595003222848,54.27807230357736,54.277744976223559,54.277744976223559,-7.722477347946179,0.00032732735379870093,0.00032732735379870093,1,true,true,4.7615472453799157e-08,0.00032732737760454711,2.3803181647963356e-11,2.3807736226896955e-11,-4.5545789335990715e-15,3.637978807091713e-12,true
29,INEQ-WATER-D014-HYDRO01-LOWER,14,1,lower,7250,-3844.9944050443955,-3837.2722550238032,3844.9944049967798,3837.2719276964253,3837.2722550237791,3837.2722550237791,7.722477347946179,-0.00032732735379870093,-0.00032732735379870093,1,true,true,-4.7615685616619885e-08,-0.00032732737781770993,-2.4101609596982598e-11,-2.3807842808307322e-11,-2.9376678867527667e-13,2.3283064365386963e-10,true
29,INEQ-WATER-D014-HYDRO02-UPPER,14,2,upper,7251,-46.139184313746227,-53.846623788951547,46.139184357305538,53.846901330693669,53.846623788973325,53.846623788973325,-7.707717016925665,0.00027754172034555324,0.00027754172034555324,1,true,true,4.3559310825003195e-08,0.00027754174212191174,2.1778134851047071e-11,2.1779655412499199e-11,-1.5205614521286695e-15,3.637978807091713e-12,true
29,INEQ-WATER-D014-HYDRO02-LOWER,14,2,lower,7252,-3788.02081568625,-3780.3133762110447,3788.0208156426906,3780.3130986693027,3780.3133762110228,3780.3133762110228,7.707717016925665,-0.00027754172034555324,-0.00027754172034555324,1,true,true,-4.3559339246712625e-08,-0.00027754174197980319,-2.1827872842550278e-11,-2.1779669623353914e-11,-4.8203219196363478e-14,2.3283064365386963e-10,true
29,INEQ-WATER-D014-HYDRO03-UPPER,14,3,upper,7253,-43.611452562716295,-49.929951405854808,43.611452565539977,49.930349347291305,49.929951405856215,49.929951405856215,-6.3188967845736004,0.00039794143508675717,0.00039794143508675717,1,true,true,2.8236826210559229e-09,0.00039794143649629632,1.4068746168049984e-12,1.4118413105278061e-12,-4.9666937228076873e-15,3.637978807091713e-12,true
29,INEQ-WATER-D014-HYDRO03-LOWER,14,3,lower,7254,-1961.8985474372857,-1955.5800485941472,1961.898547434462,1955.5796506527108,1955.5800485941459,1955.5800485941459,6.3188967845736004,-0.00039794143508675717,-0.00039794143508675717,1,true,true,-2.8237536753294989e-09,-0.00039794143640392576,-1.3642420526593924e-12,-1.411876837664594e-12,4.7634785005201671e-14,1.1641532182693481e-10,true
29,INEQ-WATER-D014-HYDRO04-UPPER,14,4,upper,7255,-43.660899051734305,-49.992012807040737,43.660899054556474,49.9924110812496,49.992012807042151,49.992012807042151,-6.3315120295138838,0.0003982742074510881,0.0003982742074510881,1,true,true,2.8221691650287539e-09,0.00039827420886240361,1.4139800441625994e-12,1.4110845825142215e-12,2.8954616483779004e-15,3.637978807091713e-12,true
29,INEQ-WATER-D014-HYDRO04-LOWER,14,4,lower,7256,-1964.1691009482674,-1957.837987192961,1964.1691009454453,1957.8375889187521,1957.8379871929596,1957.8379871929596,6.3315120295138838,-0.0003982742074510881,-0.0003982742074510881,1,true,true,-2.8221620596013963e-09,-0.00039827420891924703,-1.3642420526593924e-12,-1.4110810298005428e-12,4.6838977141150396e-14,1.1641532182693481e-10,true
29,INEQ-WATER-D015-HYDRO01-UPPER,15,1,upper,7257,-32.448874514120689,-37.75378405747324,32.448874538175652,37.754149117740624,37.753784057485262,37.753784057485262,-5.3052746036079093,0.00036506025535842923,0.00036506025535842923,1,true,true,2.4054962466379948e-08,0.00036506026738436503,1.2022383089060895e-11,1.2027481233188649e-11,-5.0981441277537435e-15,3.637978807091713e-12,true
29,INEQ-WATER-D015-HYDRO01-LOWER,15,1,lower,7258,-3853.611125485877,-3848.3062159425244,3853.6111254618222,3848.3058508822569,3848.3062159425122,3848.3062159425122,5.3052746036079093,-0.00036506025535842923,-0.00036506025535842923,1,true,true,-2.4054770619841293e-08,-0.00036506026754068444,-1.2278178473934531e-11,-1.2027385309919321e-11,-2.5079316401521009e-13,2.3283064365386963e-10,true
29,INEQ-WATER-D015-HYDRO02-UPPER,15,2,upper,7259,-32.136790284137533,-37.427480972983176,32.136790304457527,37.427813472154618,37.427480972993337,37.427480972993337,-5.2910231880069256,0.00033249916128230694,0.00033249916128230694,1,true,true,2.0319994575856981e-08,0.00033249917144217989,1.0160761121369433e-11,1.0159997287927372e-11,7.6383344206061098e-16,3.637978807091713e-12,true
29,INEQ-WATER-D015-HYDRO02-LOWER,15,2,lower,7260,-3795.2632097158639,-3789.9725190270183,3795.263209695544,3789.972186527847,3789.9725190270083,3789.9725190270083,5.2910231880069256,-0.00033249916128230694,-0.00033249916128230694,1,true,true,-2.0319930627010763e-08,-0.00033249917123612249,-1.0004441719502211e-11,-1.0159965313504263e-11,1.5552359400205217e-13,2.3283064365386963e-10,true
29,INEQ-WATER-D015-HYDRO03-UPPER,15,3,upper,7261,-32.136366698508937,-36.563371541607921,32.136366699327731,36.563644131356327,36.563371541608333,36.563371541608333,-4.4272774328469779,0.00027258974799337921,0.00027258974799337921,1,true,true,8.1879392155315145e-10,0.00027258974840549399,4.1211478674085811e-13,4.0939696077653064e-13,2.7178259643274702e-15,3.637978807091713e-12,true
29,INEQ-WATER-D015-HYDRO03-LOWER,15,3,lower,7262,-1982.3936333014899,-1977.9666284583909,1982.3936333006711,1977.9663558686425,1977.9666284583905,1977.9666284583905,4.4272774328469779,-0.00027258974799337921,-0.00027258974799337921,1,true,true,-8.1877260527107865e-10,-0.00027258974841970485,-4.5474735088646412e-13,-4.0938630263549424e-13,-4.5361048250969883e-14,1.1641532182693481e-10,true
29,INEQ-WATER-D015-HYDRO04-UPPER,15,4,upper,7263,-33.082750811325241,-37.548250850188197,33.082750812376062,37.548515743652032,37.548250850188722,37.548250850188722,-4.4657649323262651,0.00026489346330915708,0.00026489346330915708,1,true,true,1.0508216519156122e-09,0.00026489346383584689,5.2580162446247414e-13,5.2541082595774818e-13,3.9079850472596178e-16,3.637978807091713e-12,true
29,INEQ-WATER-D015-HYDRO04-LOWER,15,4,lower,7264,-2059.6272491886775,-2055.1617491498146,2059.6272491876266,2055.1614842563508,2055.1617491498141,2055.1617491498141,4.4657649323262651,-0.00026489346330915708,-0.00026489346330915708,1,true,true,-1.0509211278986186e-09,-0.0002648934637363709,-4.5474735088646412e-13,-5.2546056394925142e-13,7.0713213062787299e-14,2.3283064365386963e-10,true
29,INEQ-WATER-D016-HYDRO01-UPPER,16,1,upper,7265,-169.57930930537259,-200.68975776486332,169.57930930927387,200.69013941212341,200.68975776486525,200.68975776486525,-31.110830106748878,0.00038164725815192924,0.00038164725815192924,1,true,true,3.9012775232549757e-09,0.00038164726009881633,1.9326762412674725e-12,1.9506387616272731e-12,-1.7962520359800602e-14,1.4551915228366852e-11,true
29,INEQ-WATER-D016-HYDRO01-LOWER,16,1,lower,7266,-3657.3106906946268,-3626.2002422351361,3657.3106906907256,3626.1998605878762,3626.2002422351343,3626.2002422351343,31.110830106748878,-0.00038164725815192924,-0.00038164725815192924,1,true,true,-3.9012775232549757e-09,-0.00038164725992828608,-1.8189894035458565e-12,-1.9506387616272731e-12,1.3164935808141663e-13,2.3283064365386963e-10,true
29,INEQ-WATER-D016-HYDRO02-UPPER,16,2,upper,7267,-170.14101101028791,-201.33037098427303,170.14101101424365,201.33075776671546,201.33037098427502,201.33037098427502,-31.189746756425578,0.00038678244045797783,0.00038678244045797783,1,true,true,3.9557335185236298e-09,0.00038678244243328663,1.9895196601282805e-12,1.9778667592615969e-12,1.165290086668365e-14,1.4551915228366852e-11,true
29,INEQ-WATER-D016-HYDRO02-LOWER,16,2,lower,7268,-3670.6189889897068,-3639.4296290157217,3670.618988985751,3639.4292422332792,3639.4296290157195,3639.4296290157195,31.189746756425578,-0.00038678244045797783,-0.00038678244045797783,1,true,true,-3.9558472053613514e-09,-0.00038678244254697347,-2.2737367544323206e-12,-1.9779236026804579e-12,-2.9581315175186265e-13,2.3283064365386963e-10,true
29,INEQ-WATER-D016-HYDRO03-UPPER,16,3,upper,7269,-112.25152299440379,-131.13775779035495,112.25152299449553,131.13794290509432,131.13775779035498,131.13775779035498,-18.886419910690496,0.00018511473932747435,0.00018511473932747435,1,true,true,9.1745278041344136e-11,0.0001851147393665542,2.8421709430404007e-14,4.5872639020667016e-14,-1.7450929590263008e-14,1.4551915228366852e-11,true
29,INEQ-WATER-D016-HYDRO03-LOWER,16,3,lower,7270,-1917.4984770055962,-1898.612242209645,1917.4984770055044,1898.6120570949056,1898.6122422096448,1898.6122422096448,18.886419910690496,-0.00018511473932747435,-0.00018511473932747435,1,true,true,-9.1858964879065752e-11,-0.00018511473945181933,-2.2737367544323206e-13,-4.5929482439527818e-14,-1.8144419300370424e-13,1.1641532182693481e-10,true
29,INEQ-WATER-D016-HYDRO04-UPPER,16,4,upper,7271,-115.37799844510664,-134.74243735858181,115.37799844521157,134.74264216508828,134.74243735858187,134.74243735858187,-19.364643719981597,0.00020480650642795695,0.00020480650642795695,1,true,true,1.049329512170516e-10,0.00020480650647414222,5.6843418860808015e-14,5.2466475608520019e-14,4.3769432522879955e-15,1.4551915228366852e-11,true
29,INEQ-WATER-D016-HYDRO04-LOWER,16,4,lower,7272,-1955.8720015548934,-1936.5075626414182,1955.8720015547883,1936.5073578349118,1936.5075626414182,1936.5075626414182,19.364643719981597,-0.00020480650642795695,-0.00020480650642795695,1,true,true,-1.0504663805477321e-10,-0.00020480650641729881,0,-5.2523319027380821e-14,5.2523319027380821e-14,1.1641532182693481e-10,true
29,INEQ-WATER-D017-HYDRO01-UPPER,17,1,upper,7273,-76.906596525310306,-95.471447354088014,76.906596530507727,95.474431216533389,95.471447354090614,95.471447354090614,-18.567834691220483,0.0029838624427753757,0.0029838624427753757,1,true,true,5.19742116011912e-09,0.0029838624453759621,2.6005864128819667e-12,2.598710580059274e-12,1.8758328226926945e-15,7.2759576141834259e-12,true
29,INEQ-WATER-D017-HYDRO01-LOWER,17,1,lower,7274,-3780.533403474692,-3761.9685526459143,3780.5334034694947,3761.9655687834688,3761.9685526459116,3761.9685526459116,18.567834691220483,-0.0029838624427753757,-0.0029838624427753757,1,true,true,-5.1973074732813984e-09,-0.002983862445489649,-2.7284841053187847e-12,-2.5986537366404129e-12,-1.2983036867837181e-13,2.3283064365386963e-10,true
29,INEQ-WATER-D017-HYDRO02-UPPER,17,2,upper,7275,-76.683582248886523,-95.219602062563354,76.683582253963095,95.222566691646804,95.219602062565883,95.219602062565883,-18.538984442757748,0.0029646290809175468,0.0029646290809175468,1,true,true,5.0765720516210422e-09,0.0029646290834506317,2.5295321393059567e-12,2.5382860258102414e-12,-8.7538865042847309e-15,7.2759576141834259e-12,true
29,INEQ-WATER-D017-HYDRO02-LOWER,17,2,lower,7276,-3768.0064177511158,-3749.470397937439,3768.006417746039,3749.4674333083553,3749.4703979374362,3749.4703979374362,18.538984442757748,-0.0029646290809175468,-0.0029646290809175468,1,true,true,-5.0767994252964854e-09,-0.0029646290836353728,-2.7284841053187847e-12,-2.5383997126479631e-12,-1.9008439267082157e-13,2.3283064365386963e-10,true
29,INEQ-WATER-D017-HYDRO03-UPPER,17,3,upper,7277,-59.783182925431902,-71.106474679596431,59.783182925517586,71.107050381130776,71.106474679596474,71.106474679596474,-11.323867455698837,0.00057570153430752669,0.00057570153430752669,1,true,true,8.5684348505310481e-11,0.00057570153434483018,4.2632564145606011e-14,4.2842174252650524e-14,-2.0961010704451275e-16,7.2759576141834259e-12,true
29,INEQ-WATER-D017-HYDRO03-LOWER,17,3,lower,7278,-1943.6368170745664,-1932.3135253204018,1943.6368170744806,1932.3129496188674,1932.3135253204016,1932.3135253204016,11.323867455698837,-0.00057570153430752669,-0.00057570153430752669,1,true,true,-8.5719875642098486e-11,-0.00057570153444430616,-2.2737367544323206e-13,-4.2859937821044523e-14,-1.8451373762218754e-13,1.1641532182693481e-10,true
29,INEQ-WATER-D017-HYDRO04-UPPER,17,4,upper,7279,-61.205101345465664,-72.850444834650261,61.205101345565524,72.851113613866715,72.850444834650318,72.850444834650318,-11.646012268400998,0.00066877921640084992,0.00066877921640084992,1,true,true,9.985967608372448e-11,0.00066877921645414062,5.6843418860808015e-14,4.9929838041856744e-14,6.9135808189512706e-15,7.2759576141834259e-12,true
29,INEQ-WATER-D017-HYDRO04-LOWER,17,4,lower,7280,-1973.2748986545339,-1961.6295551653493,1973.2748986544341,1961.6288863861328,1961.6295551653491,1961.6295551653491,11.646012268400998,-0.00066877921640084992,-0.00066877921640084992,1,true,true,-9.9817043519578874e-11,-0.00066877921653940575,-2.2737367544323206e-13,-4.990852175978394e-14,-1.7746515368344812e-13,1.1641532182693481e-10,true
29,INEQ-WATER-D018-HYDRO01-UPPER,18,1,upper,7281,-6.9790714933624258,-9.3349195472037536,6.9790719225800499,9.3380304874432749,9.3349195474183624,9.3349195474183624,-2.3589589938662407,0.0031109400249129671,0.0031109400249129671,1,true,true,4.2921762410941255e-07,0.0031109402395212982,2.1460877519530186e-10,2.1460881205468264e-10,-3.6859380784177916e-17,9.0949470177292824e-13,true
29,INEQ-WATER-D018-HYDRO01-LOWER,18,1,lower,7282,-3867.6309285066382,-3865.2750804527968,3867.6309280774208,3865.2719695125575,3865.2750804525822,3865.2750804525822,2.3589589938662407,-0.0031109400249129671,-0.0031109400249129671,1,true,true,-4.2921737986034714e-07,-0.0031109402393667551,-2.1464074961841106e-10,-2.1460868993014992e-10,-3.2059688261139437e-14,2.3283064365386963e-10,true
29,INEQ-WATER-D018-HYDRO02-UPPER,18,2,upper,7283,-6.7817827532417141,-9.1609505595843075,6.7817832105208709,9.1644157495730383,9.1609505598129459,9.1609505598129459,-2.3826329961026853,0.0034651897600919135,0.0034651897600919135,1,true,true,4.5727915676252451e-07,0.0034651899887307991,2.2863844151288504e-10,2.2863957838123708e-10,-1.1368683520378164e-15,9.0949470177292824e-13,true
29,INEQ-WATER-D018-HYDRO02-LOWER,18,2,lower,7284,-3891.1982172467615,-3888.8190494404189,3891.1982167894821,3888.8155842504302,3888.8190494401902,3888.8190494401902,2.3826329961026853,-0.0034651897600919135,-0.0034651897600919135,1,true,true,-4.5727938413619995e-07,-0.0034651899886739557,-2.2873791749589145e-10,-2.2863969206807479e-10,-9.8225427816657282e-14,2.3283064365386963e-10,true
29,INEQ-WATER-D018-HYDRO03-UPPER,18,3,upper,7285,-12.672388804312504,-14.329928002207453,12.67238881930396,14.330204685502661,14.329928002214949,14.329928002214949,-1.65781588118266,0.0002766832877116876,0.0002766832877116876,1,true,true,1.499145518835121e-08,0.00027668329520835755,7.496225862269057e-12,7.4957275941747799e-12,4.9826809427706386e-16,9.0949470177292824e-13,true
29,INEQ-WATER-D018-HYDRO03-LOWER,18,3,lower,7286,-1988.3376111956895,-1986.6800719977946,1988.3376111806981,1986.6797953144994,1986.6800719977871,1986.6800719977871,1.65781588118266,-0.0002766832877116876,-0.0002766832877116876,1,true,true,-1.4991428542998619e-08,-0.0002766832951692777,-7.503331289626658e-12,-7.4957142714984849e-12,-7.6170181281730506e-15,1.1641532182693481e-10,true
29,INEQ-WATER-D018-HYDRO04-UPPER,18,4,upper,7287,-12.699600870892027,-14.360921315885207,12.699600886103227,14.361197779507824,14.360921315892814,14.360921315892814,-1.6615969086081912,0.00027646361501121319,0.00027646361501121319,1,true,true,1.5211199411169218e-08,0.00027646362261712909,7.6063599863118725e-12,7.6055997055837709e-12,7.6028072810159013e-16,9.0949470177292824e-13,true
29,INEQ-WATER-D018-HYDRO04-LOWER,18,4,lower,7288,-1994.3403991291052,-1992.679078684112,1994.3403991138939,1992.6788022204894,1992.6790786841043,1992.6790786841043,1.6615969086081912,-0.00027646361501121319,-0.00027646361501121319,1,true,true,-1.5211298887152225e-08,-0.00027646362264022173,-7.73070496506989e-12,-7.6056494435752745e-12,-1.2505552149461548e-13,1.1641532182693481e-10,true
29,INEQ-WATER-D019-HYDRO01-UPPER,19,1,upper,7289,-18.464912445087975,-21.339415449481749,18.464912537442629,21.340020046919438,21.339415449527927,21.339415449527927,-2.8751076017852859,0.00060459739151275116,0.00060459739151275116,1,true,true,9.2354653702386713e-08,0.00060459743768959129,4.6178172397048911e-11,4.6177326851188273e-11,8.4554586063816447e-16,1.8189894035458565e-12,true
29,INEQ-WATER-D019-HYDRO01-LOWER,19,1,lower,7290,-3841.4150875549094,-3838.5405845505156,3841.4150874625548,3838.5399799530778,3838.5405845504692,3838.5405845504692,2.8751076017852859,-0.00060459739151275116,-0.00060459739151275116,1,true,true,-9.2354639491531998e-08,-0.00060459743781393627,-4.638422979041934e-11,-4.6177319745760914e-11,-2.0691004465842627e-13,2.3283064365386963e-10,true
29,INEQ-WATER-D019-HYDRO02-UPPER,19,2,upper,7291,-18.415613327153551,-21.292988501139916,18.41561341779305,21.293595420013474,21.292988501185238,21.292988501185238,-2.877982092814602,0.00060691882823649124,0.00060691882823649124,1,true,true,9.0639499461531159e-08,0.00060691887355801555,4.532196840045799e-11,4.5319749730760591e-11,2.218669697399484e-15,1.8189894035458565e-12,true
29,INEQ-WATER-D019-HYDRO02-LOWER,19,2,lower,7292,-3809.1343866728494,-3806.257011498863,3809.1343865822096,3806.2564045799895,3806.257011498818,3806.257011498818,2.877982092814602,-0.00060691882823649124,-0.00060691882823649124,1,true,true,-9.0639787231339142e-08,-0.00060691887347275042,-4.5019987737759948e-11,-4.5319893615664579e-11,2.9990587790463152e-13,2.3283064365386963e-10,true
29,INEQ-WATER-D019-HYDRO03-UPPER,19,3,upper,7293,-21.110335168312304,-23.551095503236866,21.110335173940054,23.551286090693008,23.551095503239679,23.551095503239679,-2.4409509223778896,0.00019058745332767302,0.00019058745332767302,1,true,true,5.6277507098911883e-09,0.00019058745614231043,2.8137492336099967e-12,2.8138753549452842e-12,-1.2612133528747385e-16,1.8189894035458565e-12,true
29,INEQ-WATER-D019-HYDRO03-LOWER,19,3,lower,7294,-2014.439664831687,-2011.9989044967624,2014.4396648260592,2011.9987139093062,2011.9989044967595,2011.9989044967595,2.4409509223778896,-0.00019058745332767302,-0.00019058745332767302,1,true,true,-5.6277258408954367e-09,-0.00019058745624533913,-2.9558577807620168e-12,-2.8138629204474083e-12,-1.4199486031460847e-13,1.1641532182693481e-10,true
29,INEQ-WATER-D019-HYDRO04-UPPER,19,4,upper,7295,-21.087436257752415,-23.535134206216753,21.08743626326973,23.535326899680793,23.53513420621951,23.53513420621951,-2.4478906419256208,0.00019269346128281128,0.00019269346128281128,1,true,true,5.5173146051856747e-09,0.00019269346404016119,2.7569058147491887e-12,2.7586573025925334e-12,-1.7514878433446969e-15,1.8189894035458565e-12,true
29,INEQ-WATER-D019-HYDRO04-LOWER,19,4,lower,7296,-2008.5825637422495,-2006.1348657937851,2008.5825637367323,2006.1346731003212,2006.1348657937824,2006.1348657937824,2.4478906419256208,-0.00019269346128281128,-0.00019269346128281128,1,true,true,-5.5172222346300259e-09,-0.00019269346398687048,-2.7284841053187847e-12,-2.7586111173147093e-12,3.0127011995924582e-14,1.1641532182693481e-10,true
29,INEQ-WATER-D020-HYDRO01-UPPER,20,1,upper,7297,-30.677211998277926,-36.051591551840829,30.677212036265807,36.051968524667224,36.051591551859822,36.051591551859822,-5.3747565263703043,0.00037697280740101036,0.00037697280740101036,1,true,true,3.7987881285062031e-08,0.00037697282639470586,1.8992807326867478e-11,1.8993940642528923e-11,-1.1333156614450323e-15,3.637978807091713e-12,true
29,INEQ-WATER-D020-HYDRO01-LOWER,20,1,lower,7298,-3798.5727880017221,-3793.1984084481592,3798.5727879637343,3793.1980314753328,3793.1984084481401,3793.1984084481401,5.3747565263703043,-0.00037697280740101036,-0.00037697280740101036,1,true,true,-3.7987774703651667e-08,-0.00037697282641602214,-1.9099388737231493e-11,-1.899388735182374e-11,-1.0550138540775317e-13,2.3283064365386963e-10,true
29,INEQ-WATER-D020-HYDRO02-UPPER,20,2,upper,7299,-30.906764169027156,-36.303137822098506,30.906764208920375,36.303571220369179,36.303137822118458,36.303137822118458,-5.3968070513220736,0.00043339825072319371,0.00043339825072319371,1,true,true,3.9893219394571133e-08,0.0004333982706725692,1.9952040020143613e-11,1.9946609697283371e-11,5.4303228602417738e-15,3.637978807091713e-12,true
29,INEQ-WATER-D020-HYDRO02-LOWER,20,2,lower,7300,-3847.6232358309717,-3842.2268621779003,3847.6232357910785,3842.2264287796297,3842.2268621778803,3842.2268621778803,5.3968070513220736,-0.00043339825072319371,-0.00043339825072319371,1,true,true,-3.9893166103865951e-08,-0.00043339827061572578,-2.0008883439004421e-11,-1.9946583051930778e-11,-6.230038707364299e-14,2.3283064365386963e-10,true
29,INEQ-WATER-D020-HYDRO03-UPPER,20,3,upper,7301,-30.918641411055432,-35.307457741542748,30.91864141373722,35.307820683570867,35.307457741544084,35.307457741544084,-4.3891792725140952,0.00036294202677922272,0.00036294202677922272,1,true,true,2.6817872367246309e-09,0.00036294202811859577,1.3358203432289883e-12,1.3408936183621678e-12,-5.0732751331794814e-15,3.637978807091713e-12,true
29,INEQ-WATER-D020-HYDRO03-LOWER,20,3,lower,7302,-1974.4613585889456,-1970.0725422584583,1974.4613585862637,1970.07217931643,1970.0725422584569,1970.0725422584569,4.3891792725140952,-0.00036294202677922272,-0.00036294202677922272,1,true,true,-2.6818725018529221e-09,-0.00036294202823228261,-1.3642420526593924e-12,-1.3409362509263134e-12,-2.3305801733078918e-14,1.1641532182693481e-10,true
29,INEQ-WATER-D020-HYDRO04-UPPER,20,4,upper,7303,-31.23729437719885,-35.652343668109097,31.23729438003857,35.652695605555948,35.652343668110511,35.652343668110511,-4.4154012283556821,0.00035193744543526861,0.00035193744543526861,1,true,true,2.8397195706020284e-09,0.00035193744685102502,1.4139800441625994e-12,1.4198597853008578e-12,-5.879741138258424e-15,3.637978807091713e-12,true
29,INEQ-WATER-D020-HYDRO04-LOWER,20,4,lower,7304,-1997.6227056228017,-1993.2076563318915,1997.6227056199621,1993.2073043944447,1993.2076563318901,1993.2076563318901,4.4154012283556821,-0.00035193744543526861,-0.00035193744543526861,1,true,true,-2.8396698326105252e-09,-0.0003519374467941816,-1.3642420526593924e-12,-1.4198349163051062e-12,5.5592863645713816e-14,1.1641532182693481e-10,true
30,INEQ-WATER-D014-HYDRO01-UPPER,14,1,upper,7249,-54.277744976199756,-61.228949799507973,54.277744976223559,61.229214756561696,61.22894979950798,61.22894979950798,-6.9514697803619301,0.00026495705371321066,0.00026495705371321066,1,true,true,2.3803181647963356e-11,0.00026495705372298062,7.1054273576010019e-15,1.1901590823980367e-14,-4.7961634663793655e-15,3.637978807091713e-12,true
30,INEQ-WATER-D014-HYDRO01-LOWER,14,1,lower,7250,-3837.2722550238032,-3830.3210502004949,3837.2722550237791,3830.3207852434412,3830.3210502004949,3830.3210502004949,6.9514697803619301,-0.00026495705371321066,-0.00026495705371321066,1,true,true,-2.4101609596982598e-11,-0.00026495705378692946,0,-1.2050804798489972e-14,1.2050804798489972e-14,2.3283064365386963e-10,true
30,INEQ-WATER-D014-HYDRO02-UPPER,14,2,upper,7251,-53.846623788951547,-60.784568393224617,53.846623788973325,60.784793039693774,60.784568393224625,60.784568393224625,-6.9381692507422192,0.00022464646914865938,0.00022464646914865938,1,true,true,2.1778134851047071e-11,0.00022464646915665298,7.1054273576010019e-15,1.0889067425522336e-14,-3.7836400679213342e-15,3.637978807091713e-12,true
30,INEQ-WATER-D014-HYDRO02-LOWER,14,2,lower,7252,-3780.3133762110447,-3773.3754316067716,3780.3133762110228,3773.3752069603024,3773.3754316067716,3773.3754316067716,6.9381692507422192,-0.00022464646914865938,-0.00022464646914865938,1,true,true,-2.1827872842550278e-11,-0.00022464646917796927,0,-1.0913936421273937e-14,1.0913936421273937e-14,2.3283064365386963e-10,true
30,INEQ-WATER-D014-HYDRO03-UPPER,14,3,upper,7253,-49.929951405854808,-55.61704509615447,49.929951405856215,55.617367484965527,55.61704509615447,55.61704509615447,-5.6874160791107151,0.00032238881105328687,0.00032238881105328687,1,true,true,1.4068746168049984e-12,0.00032238881105683959,0,7.0343730840242171e-16,-7.0343730840242171e-16,3.637978807091713e-12,true
30,INEQ-WATER-D014-HYDRO03-LOWER,14,3,lower,7254,-1955.5800485941472,-1949.8929549038476,1955.5800485941459,1949.8926325150364,1949.8929549038476,1949.8929549038476,5.6874160791107151,-0.00032238881105328687,-0.00032238881105328687,1,true,true,-1.3642420526593924e-12,-0.00032238881112789386,0,-6.8212102632962105e-16,6.8212102632962105e-16,1.1641532182693481e-10,true
30,INEQ-WATER-D014-HYDRO04-UPPER,14,4,upper,7255,-49.992012807040737,-55.690460683239507,49.992012807042151,55.6907833414934,55.690460683239515,55.690460683239515,-5.6987705344526587,0.00032265825388844149,0.00032265825388844149,1,true,true,1.4139800441625994e-12,0.00032265825389288239,7.1054273576010019e-15,7.0699002208122182e-16,6.39843733551978e-15,3.637978807091713e-12,true
30,INEQ-WATER-D014-HYDRO04-LOWER,14,4,lower,7256,-1957.837987192961,-1952.1395393167622,1957.8379871929596,1952.1392166585083,1952.1395393167622,1952.1395393167622,5.6987705344526587,-0.00032265825388844149,-0.00032265825388844149,1,true,true,-1.3642420526593924e-12,-0.00032265825393551495,0,-6.8212102632962105e-16,6.8212102632962105e-16,1.1641532182693481e-10,true
30,INEQ-WATER-D015-HYDRO01-UPPER,15,1,upper,7257,-37.75378405747324,-42.530200493005395,37.753784057485262,42.530496255231711,42.530200493005395,42.530200493005395,-4.7767121977584672,0.00029576222631177984,0.00029576222631177984,1,true,true,1.2022383089060895e-11,0.00029576222631533255,0,6.0111915445297855e-15,-6.0111915445297855e-15,3.637978807091713e-12,true
30,INEQ-WATER-D015-HYDRO01-LOWER,15,1,lower,7258,-3848.3062159425244,-3843.5297995069923,3848.3062159425122,3843.5295037447659,3843.5297995069923,3843.5297995069923,4.7767121977584672,-0.00029576222631177984,-0.00029576222631177984,1,true,true,-1.2278178473934531e-11,-0.00029576222641480854,0,-6.1390892369665895e-15,6.1390892369665895e-15,2.3283064365386963e-10,true
30,INEQ-WATER-D015-HYDRO02-UPPER,15,2,upper,7259,-37.427480972983176,-42.191082589066355,37.427480972993337,42.191351987766531,42.191082589066362,42.191082589066362,-4.7638710147833505,0.0002693987001718412,0.0002693987001718412,1,true,true,1.0160761121369433e-11,0.00026939870017628209,7.1054273576010019e-15,5.0803805606841568e-15,2.0250467969168451e-15,3.637978807091713e-12,true
30,INEQ-WATER-D015-HYDRO02-LOWER,15,2,lower,7260,-3789.9725190270183,-3785.2089174109351,3789.9725190270083,3785.2086480122348,3785.2089174109351,3785.2089174109351,4.7638710147833505,-0.0002693987001718412,-0.0002693987001718412,1,true,true,-1.0004441719502211e-11,-0.00026939870031128521,0,-5.0022208597505544e-15,5.0022208597505544e-15,2.3283064365386963e-10,true
30,INEQ-WATER-D015-HYDRO03-UPPER,15,3,upper,7261,-36.563371541607921,-40.549055815692554,36.563371541608333,40.549276656551555,40.549055815692554,40.549055815692554,-3.9859051149436304,0.00022084085899720662,0.00022084085899720662,1,true,true,4.1211478674085811e-13,0.00022084085900075934,0,2.0605739337040636e-16,-2.0605739337040636e-16,3.637978807091713e-12,true
30,INEQ-WATER-D015-HYDRO03-LOWER,15,3,lower,7262,-1977.9666284583909,-1973.9809441843063,1977.9666284583905,1973.9807233434474,1973.9809441843063,1973.9809441843063,3.9859051149436304,-0.00022084085899720662,-0.00022084085899720662,1,true,true,-4.5474735088646412e-13,-0.00022084085890128335,0,-2.2737367544320702e-16,2.2737367544320702e-16,1.1641532182693481e-10,true
30,INEQ-WATER-D015-HYDRO04-UPPER,15,4,upper,7263,-37.548250850188197,-41.568615797888924,37.548250850188722,41.568830399134704,41.568615797888924,41.568615797888924,-4.0205795489465102,0.00021460124578265294,0.00021460124578265294,1,true,true,5.2580162446247414e-13,0.0002146012457799884,0,2.6290081223120811e-16,-2.6290081223120811e-16,3.637978807091713e-12,true
30,INEQ-WATER-D015-HYDRO04-LOWER,15,4,lower,7264,-2055.1617491498146,-2051.1413842021138,2055.1617491498141,2051.1411696008681,2051.1413842021138,2051.1413842021138,4.0205795489465102,-0.00021460124578265294,-0.00021460124578265294,1,true,true,-4.5474735088646412e-13,-0.00021460124571603956,0,-2.2737367544320702e-16,2.2737367544320702e-16,2.3283064365386963e-10,true
30,INEQ-WATER-D016-HYDRO01-UPPER,16,1,upper,7265,-200.68975776486332,-228.68990729831421,200.68975776486525,228.69021647485911,228.68990729831421,228.68990729831421,-28.000458709995794,0.00030917654489925894,0.00030917654489925894,1,true,true,1.9326762412674725e-12,0.00030917654490281166,0,9.6633812063362983e-16,-9.6633812063362983e-16,1.4551915228366852e-11,true
30,INEQ-WATER-D016-HYDRO01-LOWER,16,1,lower,7266,-3626.2002422351361,-3598.2000927016852,3626.2002422351343,3598.1997835251404,3598.2000927016852,3598.2000927016852,28.000458709995794,-0.00030917654489925894,-0.00030917654489925894,1,true,true,-1.8189894035458565e-12,-0.00030917654476070311,0,-9.0949470177282807e-16,9.0949470177282807e-16,2.3283064365386963e-10,true
30,INEQ-WATER-D016-HYDRO02-UPPER,16,2,upper,7267,-201.33037098427303,-229.40153538250161,201.33037098427502,229.40184871950635,229.40153538250161,229.40153538250161,-28.071477735233326,0.0003133370047514461,0.0003133370047514461,1,true,true,1.9895196601282805e-12,0.00031333700474078796,0,9.947598300640307e-16,-9.947598300640307e-16,1.4551915228366852e-11,true
30,INEQ-WATER-D016-HYDRO02-LOWER,16,2,lower,7268,-3639.4296290157217,-3611.3584646174932,3639.4296290157195,3611.3581512804885,3611.3584646174932,3611.3584646174932,28.071477735233326,-0.0003133370047514461,-0.0003133370047514461,1,true,true,-2.2737367544323206e-12,-0.00031333700462710112,0,-1.1368683772160351e-15,1.1368683772160351e-15,2.3283064365386963e-10,true
30,INEQ-WATER-D016-HYDRO03-UPPER,16,3,upper,7269,-131.13775779035495,-148.13545317853641,131.13775779035498,148.13560311327603,148.13545317853641,148.13545317853641,-16.997845322921091,0.00014993473963542669,0.00014993473963542669,1,true,true,2.8421709430404007e-14,0.00014993473962476855,0,1.4210854715200439e-17,-1.4210854715200439e-17,1.4551915228366852e-11,true
30,INEQ-WATER-D016-HYDRO03-LOWER,16,3,lower,7270,-1898.612242209645,-1881.6145468214636,1898.6122422096448,1881.6143968867239,1881.6145468214636,1881.6145468214636,16.997845322921091,-0.00014993473963542669,-0.00014993473963542669,1,true,true,-2.2737367544323206e-13,-0.00014993473973845539,0,-1.1368683772160351e-16,1.1368683772160351e-16,1.1641532182693481e-10,true
30,INEQ-WATER-D016-HYDRO04-UPPER,16,4,upper,7271,-134.74243735858181,-152.17051392038047,134.74243735858187,152.17067980409911,152.17051392038047,152.17051392038047,-17.428242445517309,0.00016588371864756368,0.00016588371864756368,1,true,true,5.6843418860808015e-14,0.00016588371863690554,0,2.8421709430400877e-17,-2.8421709430400877e-17,1.4551915228366852e-11,true
30,INEQ-WATER-D016-HYDRO04-LOWER,16,4,lower,7272,-1936.5075626414182,-1919.0794860796195,1936.5075626414182,1919.0793201959009,1919.0794860796195,1919.0794860796195,17.428242445517309,-0.00016588371864756368,-0.00016588371864756368,1,true,true,0,-0.00016588371863690554,0,0,0,1.1641532182693481e-10,true
30,INEQ-WATER-D017-HYDRO01-UPPER,17,1,upper,7273,-95.471447354088014,-112.20041000188212,95.471447354090614,112.20283560311957,112.20041000188212,112.20041000188212,-16.731388249031554,0.0024256012374479496,0.0024256012374479496,1,true,true,2.6005864128819667e-12,0.0024256012374479496,0,1.3002932064408401e-15,-1.3002932064408401e-15,7.2759576141834259e-12,true
30,INEQ-WATER-D017-HYDRO01-LOWER,17,1,lower,7274,-3761.9685526459143,-3745.2395899981202,3761.9685526459116,3745.2371643968827,3745.2395899981202,3745.2395899981202,16.731388249031554,-0.0024256012374479496,-0.0024256012374479496,1,true,true,-2.7284841053187847e-12,-0.0024256012375190039,0,-1.3642420526592421e-15,1.3642420526592421e-15,2.3283064365386963e-10,true
30,INEQ-WATER-D017-HYDRO02-UPPER,17,2,upper,7275,-95.219602062563354,-111.92253496021294,95.219602062565883,111.92494489731688,111.92253496021294,111.92253496021294,-16.70534283475352,0.0024099371039305595,0.0024099371039305595,1,true,true,2.5295321393059567e-12,0.0024099371039341122,0,1.264766069652839e-15,-1.264766069652839e-15,7.2759576141834259e-12,true
30,INEQ-WATER-D017-HYDRO02-LOWER,17,2,lower,7276,-3749.470397937439,-3732.7674650397894,3749.4703979374362,3732.7650551026854,3732.7674650397894,3732.7674650397894,16.70534283475352,-0.0024099371039305595,-0.0024099371039305595,1,true,true,-2.7284841053187847e-12,-0.0024099371039483231,0,-1.3642420526592421e-15,1.3642420526592421e-15,2.3283064365386963e-10,true
30,INEQ-WATER-D017-HYDRO03-UPPER,17,3,upper,7277,-71.106474679596431,-81.298584470237984,71.106474679596474,81.299050284046828,81.298584470237984,81.298584470237984,-10.192575604450399,0.00046581380884624934,0.00046581380884624934,1,true,true,4.2632564145606011e-14,0.00046581380884447299,0,2.1316282072800658e-17,-2.1316282072800658e-17,7.2759576141834259e-12,true
30,INEQ-WATER-D017-HYDRO03-LOWER,17,3,lower,7278,-1932.3135253204018,-1922.1214155297603,1932.3135253204016,1922.1209497159514,1922.1214155297603,1922.1214155297603,10.192575604450399,-0.00046581380884624934,-0.00046581380884624934,1,true,true,-2.2737367544323206e-13,-0.00046581380888710555,0,-1.1368683772160351e-16,1.1368683772160351e-16,1.1641532182693481e-10,true
30,INEQ-WATER-D017-HYDRO04-UPPER,17,4,upper,7279,-72.850444834650261,-83.332526184327435,72.850444834650318,83.333067257963023,83.332526184327435,83.332526184327435,-10.482622423312757,0.00054107363558308919,0.00054107363558308919,1,true,true,5.6843418860808015e-14,0.00054107363558841826,0,2.8421709430400877e-17,-2.8421709430400877e-17,7.2759576141834259e-12,true
30,INEQ-WATER-D017-HYDRO04-LOWER,17,4,lower,7280,-1961.6295551653493,-1951.1474738156721,1961.6295551653491,1951.1469327420366,1951.1474738156721,1951.1474738156721,10.482622423312757,-0.00054107363558308919,-0.00054107363558308919,1,true,true,-2.2737367544323206e-13,-0.00054107363553157484,0,-1.1368683772160351e-16,1.1368683772160351e-16,1.1641532182693481e-10,true
30,INEQ-WATER-D018-HYDRO01-UPPER,18,1,upper,7281,-9.3349195472037536,-11.459557153786591,9.3349195474183624,11.462073056525046,11.459557153786697,11.459557153786697,-2.1271535093211855,0.0025159027383483412,0.0025159027383483412,1,true,true,2.1460877519530186e-10,0.0025159027384553667,1.0658141036401503e-13,1.0730438759763911e-13,-7.229772336240817e-16,9.0949470177292824e-13,true
30,INEQ-WATER-D018-HYDRO01-LOWER,18,1,lower,7282,-3865.2750804527968,-3863.150442846214,3865.2750804525822,3863.1479269434753,3863.1504428462135,3863.1504428462135,2.1271535093211855,-0.0025159027383483412,-0.0025159027383483412,1,true,true,-2.1464074961841106e-10,-0.002515902738650766,-4.5474735088646412e-13,-1.0732037480919371e-13,-3.4742697607727041e-13,2.3283064365386963e-10,true
30,INEQ-WATER-D018-HYDRO02-UPPER,18,2,upper,7283,-9.1609505595843075,-11.306684185001359,9.1609505598129459,11.309485696448217,11.306684185001474,11.306684185001474,-2.1485351368637944,0.0028015114467430102,0.0028015114467430102,1,true,true,2.2863844151288504e-10,0.0028015114468580293,1.1546319456101628e-13,1.1431922075642994e-13,1.1439738045863423e-15,9.0949470177292824e-13,true
30,INEQ-WATER-D018-HYDRO02-LOWER,18,2,lower,7284,-3888.8190494404189,-3886.6733158150018,3888.8190494401902,3886.6705143035551,3886.6733158150018,3886.6733158150018,2.1485351368637944,-0.0028015114467430102,-0.0028015114467430102,1,true,true,-2.2873791749589145e-10,-0.0028015114467052626,0,-1.1436895874793313e-13,1.1436895874793313e-13,2.3283064365386963e-10,true
30,INEQ-WATER-D018-HYDRO03-UPPER,18,3,upper,7285,-14.329928002207453,-15.824356332745083,14.329928002214949,15.824580281045145,15.824356332745086,15.824356332745086,-1.4946522788376895,0.00022394830005922906,0.00022394830005922906,1,true,true,7.496225862269057e-12,0.00022394830006255972,3.5527136788005009e-15,3.7481129311341157e-15,-1.9539925233361476e-16,9.0949470177292824e-13,true
30,INEQ-WATER-D018-HYDRO03-LOWER,18,3,lower,7286,-1986.6800719977946,-1985.185643667257,1986.6800719977871,1985.1854197189568,1985.185643667257,1985.185643667257,1.4946522788376895,-0.00022394830005922906,-0.00022394830005922906,1,true,true,-7.503331289626658e-12,-0.00022394830011762679,0,-3.7516656448129158e-15,3.7516656448129158e-15,1.1641532182693481e-10,true
30,INEQ-WATER-D018-HYDRO04-UPPER,18,4,upper,7287,-14.360921315885207,-15.858759073580586,14.360921315892814,15.858982839121619,15.85875907358059,15.85875907358059,-1.4980615232364081,0.00022376554102909729,0.00022376554102909729,1,true,true,7.6063599863118725e-12,0.00022376554103331614,3.5527136788005009e-15,3.8031799931555174e-15,-2.5046631435501646e-16,9.0949470177292824e-13,true
30,INEQ-WATER-D018-HYDRO04-LOWER,18,4,lower,7288,-1992.679078684112,-1991.1812409264166,1992.6790786841043,1991.1810171608756,1991.1812409264166,1991.1812409264166,1.4980615232364081,-0.00022376554102909729,-0.00022376554102909729,1,true,true,-7.73070496506989e-12,-0.000223765541022658,0,-3.8653524825345193e-15,3.8653524825345193e-15,1.1641532182693481e-10,true
30,INEQ-WATER-D019-HYDRO01-UPPER,19,1,upper,7289,-21.339415449481749,-23.927463301566604,21.339415449527927,23.927953153230227,23.927463301566629,23.927463301566629,-2.5885377037484538,0.00048985166359827303,0.00048985166359827303,1,true,true,4.6178172397048911e-11,0.00048985166362314203,2.4868995751603507e-14,2.3089086198521914e-14,1.7799095530815923e-15,1.8189894035458565e-12,true
30,INEQ-WATER-D019-HYDRO01-LOWER,19,1,lower,7290,-3838.5405845505156,-3835.9525366984308,3838.5405845504692,3835.9520468467672,3835.9525366984308,3835.9525366984308,2.5885377037484538,-0.00048985166359827303,-0.00048985166359827303,1,true,true,-4.638422979041934e-11,-0.00048985166358761489,0,-2.3192114895207116e-14,2.3192114895207116e-14,2.3283064365386963e-10,true
30,INEQ-WATER-D019-HYDRO02-UPPER,19,2,upper,7291,-21.292988501139916,-23.883621265667898,21.292988501185238,23.884112998616068,23.883621265667919,23.883621265667919,-2.5911244974761298,0.00049173294814819357,0.00049173294814819357,1,true,true,4.532196840045799e-11,0.00049173294816995394,2.1316282072803006e-14,2.2660984200226499e-14,-1.3447021274234931e-15,1.8189894035458565e-12,true
30,INEQ-WATER-D019-HYDRO02-LOWER,19,2,lower,7292,-3806.257011498863,-3803.666378734335,3806.257011498818,3803.6658870013866,3803.6663787343346,3803.6663787343346,2.5911244974761298,-0.00049173294814819357,-0.00049173294814819357,1,true,true,-4.5019987737759948e-11,-0.00049173294837601134,-4.5474735088646412e-13,-2.2509993868877495e-14,-4.3223735701758662e-13,2.3283064365386963e-10,true
30,INEQ-WATER-D019-HYDRO03-UPPER,19,3,upper,7293,-23.551095503236866,-25.748530377990392,23.551095503239679,25.748684789985912,25.748530377990392,25.748530377990392,-2.1975892867490461,0.00015441199552013174,0.00015441199552013174,1,true,true,2.8137492336099967e-12,0.00015441199552057583,0,1.4068746168048434e-15,-1.4068746168048434e-15,1.8189894035458565e-12,true
30,INEQ-WATER-D019-HYDRO03-LOWER,19,3,lower,7294,-2011.9989044967624,-2009.8014696220089,2011.9989044967595,2009.8013152100134,2009.8014696220089,2009.8014696220089,2.1975892867490461,-0.00015441199552013174,-0.00015441199552013174,1,true,true,-2.9558577807620168e-12,-0.00015441199548149598,0,-1.4779288903808456e-15,1.4779288903808456e-15,1.1641532182693481e-10,true
30,INEQ-WATER-D019-HYDRO04-UPPER,19,4,upper,7295,-23.535134206216753,-25.73881460341363,23.53513420621951,25.738970720172002,25.73881460341363,25.73881460341363,-2.203836513955248,0.00015611675837146066,0.00015611675837146066,1,true,true,2.7569058147491887e-12,0.00015611675837234884,0,1.3784529073744425e-15,-1.3784529073744425e-15,1.8189894035458565e-12,true
30,INEQ-WATER-D019-HYDRO04-LOWER,19,4,lower,7296,-2006.1348657937851,-2003.9311853965883,2006.1348657937824,2003.93102927983,2003.9311853965883,2003.9311853965883,2.203836513955248,-0.00015611675837146066,-0.00015611675837146066,1,true,true,-2.7284841053187847e-12,-0.00015611675826221472,0,-1.3642420526592421e-15,1.3642420526592421e-15,1.1641532182693481e-10,true
30,INEQ-WATER-D020-HYDRO01-UPPER,20,1,upper,7297,-36.051591551840829,-40.890086479470483,36.051591551859822,40.890391587386986,40.89008647947049,40.89008647947049,-4.8388000355461482,0.00030510791649440705,0.00030510791649440705,1,true,true,1.8992807326867478e-11,0.00030510791650328883,7.1054273576010019e-15,9.4964036634326931e-15,-2.3909763058316912e-15,3.637978807091713e-12,true
30,INEQ-WATER-D020-HYDRO01-LOWER,20,1,lower,7298,-3793.1984084481592,-3788.3599135205295,3793.1984084481401,3788.3596084126129,3788.3599135205295,3788.3599135205295,4.8388000355461482,-0.00030510791649440705,-0.00030510791649440705,1,true,true,-1.9099388737231493e-11,-0.00030510791657434311,0,-9.5496943686146948e-15,9.5496943686146948e-15,2.3283064365386963e-10,true
30,INEQ-WATER-D020-HYDRO02-UPPER,20,2,upper,7299,-36.303137822098506,-41.16145448962925,36.303137822118458,41.161805213703701,41.161454489629257,41.161454489629257,-4.858667391605187,0.0003507240744431428,0.0003507240744431428,1,true,true,1.9952040020143613e-11,0.0003507240744511364,7.1054273576010019e-15,9.9760200100707079e-15,-2.8705926524697061e-15,3.637978807091713e-12,true
30,INEQ-WATER-D020-HYDRO02-LOWER,20,2,lower,7300,-3842.2268621779003,-3837.3685455103696,3842.2268621778803,3837.3681947862951,3837.3685455103696,3837.3685455103696,4.858667391605187,-0.0003507240744431428,-0.0003507240744431428,1,true,true,-2.0008883439004421e-11,-0.0003507240744511364,0,-1.0004441719501109e-14,1.0004441719501109e-14,2.3283064365386963e-10,true
30,INEQ-WATER-D020-HYDRO03-UPPER,20,3,upper,7301,-35.307457741542748,-39.258414984880801,35.307457741544084,39.258709095730822,39.258414984880801,39.258414984880801,-3.9512513541880745,0.00029411085002184478,0.00029411085002184478,1,true,true,1.3358203432289883e-12,0.0002941108500209566,0,6.6791017161442062e-16,-6.6791017161442062e-16,3.637978807091713e-12,true
30,INEQ-WATER-D020-HYDRO03-LOWER,20,3,lower,7302,-1970.0725422584583,-1966.1215850151202,1970.0725422584569,1966.1212909042702,1966.1215850151202,1966.1215850151202,3.9512513541880745,-0.00029411085002184478,-0.00029411085002184478,1,true,true,-1.3642420526593924e-12,-0.00029411085006358917,0,-6.8212102632962105e-16,6.8212102632962105e-16,1.1641532182693481e-10,true
30,INEQ-WATER-D020-HYDRO04-UPPER,20,4,upper,7303,-35.652343668109097,-39.626943017938174,35.652343668110511,39.627228201157521,39.626943017938174,39.626943017938174,-3.9748845330484248,0.0002851832193475623,0.0002851832193475623,1,true,true,1.4139800441625994e-12,0.00028518321934711821,0,7.0699002208122182e-16,-7.0699002208122182e-16,3.637978807091713e-12,true
30,INEQ-WATER-D020-HYDRO04-LOWER,20,4,lower,7304,-1993.2076563318915,-1989.2330569820624,1993.2076563318901,1989.232771798843,1989.2330569820624,1989.2330569820624,3.9748845330484248,-0.0002851832193475623,-0.0002851832193475623,1,true,true,-1.3642420526593924e-12,-0.00028518321937553992,0,-6.8212102632962105e-16,6.8212102632962105e-16,1.1641532182693481e-10,true
